Date,Time,Latitude,Longitude,Channel,RSSI,Adjusted Value,Antenna Gain,Cable Loss
09/21/2026,10:32:38:865,0.000000,0.000000,1,-108.69,-108.69,0,0,
09/21/2026,10:32:38:935,0.000000,0.000000,2,-107.09,-107.09,0,0,
09/21/2026,10:32:39:005,0.000000,0.000000,3,-58.89,-58.89,0,0,
09/21/2026,10:32:39:075,0.000000,0.000000,4,-111.78,-111.78,0,0,
09/21/2026,10:32:39:162,0.000000,0.000000,1,-106.1,-106.1,0,0,
09/21/2026,10:32:39:266,0.000000,0.000000,2,-106.17,-106.17,0,0,
09/21/2026,10:32:39:352,0.000000,0.000000,3,-57.09,-57.09,0,0,
09/21/2026,10:32:39:422,0.000000,0.000000,4,-104.89,-104.89,0,0,
09/21/2026,10:32:39:507,0.000000,0.000000,1,-100.92,-100.92,0,0,
09/21/2026,10:32:39:613,0.000000,0.000000,2,-103.63,-103.63,0,0,
09/21/2026,10:32:39:703,0.000000,0.000000,3,-53.73,-53.73,0,0,
09/21/2026,10:32:39:766,0.000000,0.000000,4,-108.42,-108.42,0,0,
09/21/2026,10:32:39:854,0.000000,0.000000,1,-110.62,-110.62,0,0,
09/21/2026,10:32:39:965,0.000000,0.000000,2,-104.79,-104.79,0,0,
09/21/2026,10:32:40:045,0.000000,0.000000,3,-56.85,-56.85,0,0,
09/21/2026,10:32:40:158,0.000000,0.000000,4,-102.98,-102.98,0,0,
09/21/2026,10:32:40:239,0.000000,0.000000,1,-105.09,-105.09,0,0,
09/21/2026,10:32:40:311,0.000000,0.000000,2,-106.59,-106.59,0,0,
09/21/2026,10:32:40:433,0.000000,0.000000,3,-58.59,-58.59,0,0,
09/21/2026,10:32:40:464,0.000000,0.000000,4,-102.88,-102.88,0,0,
09/21/2026,10:32:40:546,0.000000,0.000000,1,-109.76,-109.76,0,0,
09/21/2026,10:32:40:654,0.000000,0.000000,2,-105.37,-105.37,0,0,
09/21/2026,10:32:40:740,0.000000,0.000000,3,-66.32,-66.32,0,0,
09/21/2026,10:32:40:809,0.000000,0.000000,4,-107.78,-107.78,0,0,
09/21/2026,10:32:40:898,0.000000,0.000000,1,-98.14,-98.14,0,0,
09/21/2026,10:32:41:007,0.000000,0.000000,2,-100.99,-100.99,0,0,
09/21/2026,10:32:41:084,0.000000,0.000000,3,-61.84,-61.84,0,0,
09/21/2026,10:32:41:155,0.000000,0.000000,4,-104.35,-104.35,0,0,
09/21/2026,10:32:41:248,0.000000,0.000000,1,-106.26,-106.26,0,0,
09/21/2026,10:32:41:346,0.000000,0.000000,2,-108.1,-108.1,0,0,
09/21/2026,10:32:41:433,0.000000,0.000000,3,-62.23,-62.23,0,0,
09/21/2026,10:32:41:502,0.000000,0.000000,4,-101.54,-101.54,0,0,
09/21/2026,10:32:41:591,0.000000,0.000000,1,-105.42,-105.42,0,0,
09/21/2026,10:32:41:693,0.000000,0.000000,2,-109.4,-109.4,0,0,
09/21/2026,10:32:41:781,0.000000,0.000000,3,-65.78,-65.78,0,0,
09/21/2026,10:32:41:852,0.000000,0.000000,4,-111.47,-111.47,0,0,
09/21/2026,10:32:41:936,0.000000,0.000000,1,-102.27,-102.27,0,0,
09/21/2026,10:32:42:050,0.000000,0.000000,2,-101.09,-101.09,0,0,
09/21/2026,10:32:42:129,0.000000,0.000000,3,-64.34,-64.34,0,0,
09/21/2026,10:32:42:206,0.000000,0.000000,4,-105.33,-105.33,0,0,
09/21/2026,10:32:42:312,0.000000,0.000000,1,-103.66,-103.66,0,0,
09/21/2026,10:32:42:390,0.000000,0.000000,2,-104.36,-104.36,0,0,
09/21/2026,10:32:42:491,0.000000,0.000000,3,-75.38,-75.38,0,0,
09/21/2026,10:32:42:544,0.000000,0.000000,4,-109.36,-109.36,0,0,
09/21/2026,10:32:42:630,0.000000,0.000000,1,-108.66,-108.66,0,0,
09/21/2026,10:32:42:732,0.000000,0.000000,2,-104.87,-104.87,0,0,
09/21/2026,10:32:42:823,0.000000,0.000000,3,-59.29,-59.29,0,0,
09/21/2026,10:32:42:890,0.000000,0.000000,4,-115.86,-115.86,0,0,
09/21/2026,10:32:42:975,0.000000,0.000000,1,-100.81,-100.81,0,0,
09/21/2026,10:32:43:078,0.000000,0.000000,2,-106.67,-106.67,0,0,
09/21/2026,10:32:43:167,0.000000,0.000000,3,-63.32,-63.32,0,0,
09/21/2026,10:32:43:237,0.000000,0.000000,4,-114.54,-114.54,0,0,
09/21/2026,10:32:43:327,0.000000,0.000000,1,-95.08,-95.08,0,0,
09/21/2026,10:32:43:426,0.000000,0.000000,2,-100.02,-100.02,0,0,
09/21/2026,10:32:43:512,0.000000,0.000000,3,-60.08,-60.08,0,0,
09/21/2026,10:32:43:583,0.000000,0.000000,4,-106.98,-106.98,0,0,
09/21/2026,10:32:43:670,0.000000,0.000000,1,-95.06,-95.06,0,0,
09/21/2026,10:32:43:777,0.000000,0.000000,2,-107.57,-107.57,0,0,
09/21/2026,10:32:43:859,0.000000,0.000000,3,-61.06,-61.06,0,0,
09/21/2026,10:32:43:963,0.000000,0.000000,4,-107.09,-107.09,0,0,
09/21/2026,10:32:44:145,0.000000,0.000000,1,-107.28,-107.28,0,0,
09/21/2026,10:32:44:187,0.000000,0.000000,2,-107.46,-107.46,0,0,
09/21/2026,10:32:44:216,0.000000,0.000000,3,-62.29,-62.29,0,0,
09/21/2026,10:32:44:278,0.000000,0.000000,4,-101.48,-101.48,0,0,
09/21/2026,10:32:44:369,0.000000,0.000000,1,-97.83,-97.83,0,0,
09/21/2026,10:32:44:467,0.000000,0.000000,2,-102.37,-102.37,0,0,
09/21/2026,10:32:44:557,0.000000,0.000000,3,-58.06,-58.06,0,0,
09/21/2026,10:32:44:630,0.000000,0.000000,4,-110.49,-110.49,0,0,
09/21/2026,10:32:44:710,0.000000,0.000000,1,-93.74,-93.74,0,0,
09/21/2026,10:32:44:812,0.000000,0.000000,2,-106.21,-106.21,0,0,
09/21/2026,10:32:44:908,0.000000,0.000000,3,-58.69,-58.69,0,0,
09/21/2026,10:32:44:969,0.000000,0.000000,4,-114.39,-114.39,0,0,
09/21/2026,10:32:45:060,0.000000,0.000000,1,-97.05,-97.05,0,0,
09/21/2026,10:32:45:161,0.000000,0.000000,2,-108.66,-108.66,0,0,
09/21/2026,10:32:45:249,0.000000,0.000000,3,-64.69,-64.69,0,0,
09/21/2026,10:32:45:316,0.000000,0.000000,4,-96.42,-96.42,0,0,
09/21/2026,10:32:45:409,0.000000,0.000000,1,-104.36,-104.36,0,0,
09/21/2026,10:32:45:516,0.000000,0.000000,2,-102.05,-102.05,0,0,
09/21/2026,10:32:45:594,0.000000,0.000000,3,-50.25,-50.25,0,0,
09/21/2026,10:32:45:664,0.000000,0.000000,4,-101.72,-101.72,0,0,
09/21/2026,10:32:45:788,0.000000,0.000000,1,-99.02,-99.02,0,0,
09/21/2026,10:32:45:913,0.000000,0.000000,2,-101.04,-101.04,0,0,
09/21/2026,10:32:45:969,0.000000,0.000000,3,-51.54,-51.54,0,0,
09/21/2026,10:32:46:015,0.000000,0.000000,4,-108.13,-108.13,0,0,
09/21/2026,10:32:46:099,0.000000,0.000000,1,-106.14,-106.14,0,0,
09/21/2026,10:32:46:203,0.000000,0.000000,2,-102.64,-102.64,0,0,
09/21/2026,10:32:46:289,0.000000,0.000000,3,-54.53,-54.53,0,0,
09/21/2026,10:32:46:357,0.000000,0.000000,4,-105.11,-105.11,0,0,
09/21/2026,10:32:46:449,0.000000,0.000000,1,-96.04,-96.04,0,0,
09/21/2026,10:32:46:546,0.000000,0.000000,2,-100,-100,0,0,
09/21/2026,10:32:46:635,0.000000,0.000000,3,-48.07,-48.07,0,0,
09/21/2026,10:32:46:703,0.000000,0.000000,4,-105.54,-105.54,0,0,
09/21/2026,10:32:46:791,0.000000,0.000000,1,-98.83,-98.83,0,0,
09/21/2026,10:32:46:894,0.000000,0.000000,2,-89.01,-89.01,0,0,
09/21/2026,10:32:46:983,0.000000,0.000000,3,-65.73,-65.73,0,0,
09/21/2026,10:32:47:050,0.000000,0.000000,4,-102.79,-102.79,0,0,
09/21/2026,10:32:47:140,0.000000,0.000000,1,-90.9,-90.9,0,0,
09/21/2026,10:32:47:244,0.000000,0.000000,2,-92.08,-92.08,0,0,
09/21/2026,10:32:47:329,0.000000,0.000000,3,-59.73,-59.73,0,0,
09/21/2026,10:32:47:404,0.000000,0.000000,4,-92.04,-92.04,0,0,
09/21/2026,10:32:47:487,0.000000,0.000000,1,-91.69,-91.69,0,0,
09/21/2026,10:32:47:613,0.000000,0.000000,2,-91.06,-91.06,0,0,
09/21/2026,10:32:47:677,0.000000,0.000000,3,-56.84,-56.84,0,0,
09/21/2026,10:32:47:765,0.000000,0.000000,4,-103.41,-103.41,0,0,
09/21/2026,10:32:47:851,0.000000,0.000000,1,-105.86,-105.86,0,0,
09/21/2026,10:32:47:941,0.000000,0.000000,2,-99.63,-99.63,0,0,
09/21/2026,10:32:48:049,0.000000,0.000000,3,-60.32,-60.32,0,0,
09/21/2026,10:32:48:096,0.000000,0.000000,4,-109.57,-109.57,0,0,
09/21/2026,10:32:48:178,0.000000,0.000000,1,-102.76,-102.76,0,0,
09/21/2026,10:32:48:284,0.000000,0.000000,2,-109.69,-109.69,0,0,
09/21/2026,10:32:48:370,0.000000,0.000000,3,-73.93,-73.93,0,0,
09/21/2026,10:32:48:443,0.000000,0.000000,4,-111.65,-111.65,0,0,
09/21/2026,10:32:48:527,0.000000,0.000000,1,-111.29,-111.29,0,0,
09/21/2026,10:32:48:631,0.000000,0.000000,2,-104.78,-104.78,0,0,
09/21/2026,10:32:48:716,0.000000,0.000000,3,-63.67,-63.67,0,0,
09/21/2026,10:32:48:787,0.000000,0.000000,4,-110.76,-110.76,0,0,
09/21/2026,10:32:48:895,0.000000,0.000000,1,-105.35,-105.35,0,0,
09/21/2026,10:32:48:975,0.000000,0.000000,2,-104.59,-104.59,0,0,
09/21/2026,10:32:49:064,0.000000,0.000000,3,-67.73,-67.73,0,0,
09/21/2026,10:32:49:137,0.000000,0.000000,4,-112.48,-112.48,0,0,
09/21/2026,10:32:49:219,0.000000,0.000000,1,-107.51,-107.51,0,0,
09/21/2026,10:32:49:323,0.000000,0.000000,2,-102.31,-102.31,0,0,
09/21/2026,10:32:49:410,0.000000,0.000000,3,-69,-69,0,0,
09/21/2026,10:32:49:480,0.000000,0.000000,4,-113.62,-113.62,0,0,
09/21/2026,10:32:49:584,0.000000,0.000000,1,-108.31,-108.31,0,0,
09/21/2026,10:32:49:726,0.000000,0.000000,2,-104.22,-104.22,0,0,
09/21/2026,10:32:49:795,0.000000,0.000000,3,-67.75,-67.75,0,0,
09/21/2026,10:32:49:831,0.000000,0.000000,4,-112.67,-112.67,0,0,
09/21/2026,10:32:49:914,0.000000,0.000000,1,-107.88,-107.88,0,0,
09/21/2026,10:32:50:020,0.000000,0.000000,2,-102.96,-102.96,0,0,
09/21/2026,10:32:50:103,0.000000,0.000000,3,-73.83,-73.83,0,0,
09/21/2026,10:32:50:177,0.000000,0.000000,4,-114.93,-114.93,0,0,
09/21/2026,10:32:50:261,0.000000,0.000000,1,-107.85,-107.85,0,0,
09/21/2026,10:32:50:366,0.000000,0.000000,2,-105.75,-105.75,0,0,
09/21/2026,10:32:50:453,0.000000,0.000000,3,-72.05,-72.05,0,0,
09/21/2026,10:32:50:528,0.000000,0.000000,4,-112.83,-112.83,0,0,
09/21/2026,10:32:50:609,0.000000,0.000000,1,-112.16,-112.16,0,0,
09/21/2026,10:32:50:712,0.000000,0.000000,2,-110.29,-110.29,0,0,
09/21/2026,10:32:50:799,0.000000,0.000000,3,-80.9,-80.9,0,0,
09/21/2026,10:32:50:868,0.000000,0.000000,4,-113.65,-113.65,0,0,
09/21/2026,10:32:50:955,0.000000,0.000000,1,-109.82,-109.82,0,0,
09/21/2026,10:32:51:057,0.000000,0.000000,2,-109.76,-109.76,0,0,
09/21/2026,10:32:51:144,0.000000,0.000000,3,-80.06,-80.06,0,0,
09/21/2026,10:32:51:223,0.000000,0.000000,4,-114.01,-114.01,0,0,
09/21/2026,10:32:51:301,0.000000,0.000000,1,-110.07,-110.07,0,0,
09/21/2026,10:32:51:408,0.000000,0.000000,2,-109.77,-109.77,0,0,
09/21/2026,10:32:51:541,0.000000,0.000000,3,-82.55,-82.55,0,0,
09/21/2026,10:32:51:600,0.000000,0.000000,4,-114.79,-114.79,0,0,
09/21/2026,10:32:51:675,0.000000,0.000000,1,-111.99,-111.99,0,0,
09/21/2026,10:32:51:756,0.000000,0.000000,2,-107.25,-107.25,0,0,
09/21/2026,10:32:51:838,0.000000,0.000000,3,-83.26,-83.26,0,0,
09/21/2026,10:32:51:909,0.000000,0.000000,4,-115.01,-115.01,0,0,
09/21/2026,10:32:51:997,0.000000,0.000000,1,-114.33,-114.33,0,0,
09/21/2026,10:32:52:098,0.000000,0.000000,2,-107.79,-107.79,0,0,
09/21/2026,10:32:52:187,0.000000,0.000000,3,-86.44,-86.44,0,0,
09/21/2026,10:32:52:255,0.000000,0.000000,4,-116.99,-116.99,0,0,
09/21/2026,10:32:52:341,0.000000,0.000000,1,-110.97,-110.97,0,0,
09/21/2026,10:32:52:444,0.000000,0.000000,2,-107.55,-107.55,0,0,
09/21/2026,10:32:52:531,0.000000,0.000000,3,-85.73,-85.73,0,0,
09/21/2026,10:32:52:600,0.000000,0.000000,4,-114.84,-114.84,0,0,
09/21/2026,10:32:52:690,0.000000,0.000000,1,-111.93,-111.93,0,0,
09/21/2026,10:32:52:792,0.000000,0.000000,2,-108.26,-108.26,0,0,
09/21/2026,10:32:52:878,0.000000,0.000000,3,-84.57,-84.57,0,0,
09/21/2026,10:32:52:947,0.000000,0.000000,4,-114.94,-114.94,0,0,
09/21/2026,10:32:53:036,0.000000,0.000000,1,-112.86,-112.86,0,0,
09/21/2026,10:32:53:139,0.000000,0.000000,2,-108.62,-108.62,0,0,
09/21/2026,10:32:53:231,0.000000,0.000000,3,-87.65,-87.65,0,0,
09/21/2026,10:32:53:298,0.000000,0.000000,4,-114.38,-114.38,0,0,
09/21/2026,10:32:53:396,0.000000,0.000000,1,-111.54,-111.54,0,0,
09/21/2026,10:32:53:521,0.000000,0.000000,2,-107.93,-107.93,0,0,
09/21/2026,10:32:53:597,0.000000,0.000000,3,-79.75,-79.75,0,0,
09/21/2026,10:32:53:653,0.000000,0.000000,4,-114.13,-114.13,0,0,
09/21/2026,10:32:53:728,0.000000,0.000000,1,-113.82,-113.82,0,0,
09/21/2026,10:32:53:834,0.000000,0.000000,2,-110.99,-110.99,0,0,
09/21/2026,10:32:53:920,0.000000,0.000000,3,-77.9,-77.9,0,0,
09/21/2026,10:32:54:014,0.000000,0.000000,4,-114.12,-114.12,0,0,
09/21/2026,10:32:54:076,0.000000,0.000000,1,-112.11,-112.11,0,0,
09/21/2026,10:32:54:177,0.000000,0.000000,2,-108.35,-108.35,0,0,
09/21/2026,10:32:54:265,0.000000,0.000000,3,-85.26,-85.26,0,0,
09/21/2026,10:32:54:336,0.000000,0.000000,4,-117.29,-117.29,0,0,
09/21/2026,10:32:54:422,0.000000,0.000000,1,-111.96,-111.96,0,0,
09/21/2026,10:32:54:528,0.000000,0.000000,2,-108.78,-108.78,0,0,
09/21/2026,10:32:54:611,0.000000,0.000000,3,-80.77,-80.77,0,0,
09/21/2026,10:32:54:681,0.000000,0.000000,4,-116.14,-116.14,0,0,
09/21/2026,10:32:54:770,0.000000,0.000000,1,-114.06,-114.06,0,0,
09/21/2026,10:32:54:871,0.000000,0.000000,2,-108.76,-108.76,0,0,
09/21/2026,10:32:54:959,0.000000,0.000000,3,-82.97,-82.97,0,0,
09/21/2026,10:32:55:028,0.000000,0.000000,4,-114.08,-114.08,0,0,
09/21/2026,10:32:55:116,0.000000,0.000000,1,-111.78,-111.78,0,0,
09/21/2026,10:32:55:242,0.000000,0.000000,2,-107.83,-107.83,0,0,
09/21/2026,10:32:55:384,0.000000,0.000000,3,-82.63,-82.63,0,0,
09/21/2026,10:32:55:463,0.000000,0.000000,4,-116.23,-116.23,0,0,
09/21/2026,10:32:55:491,0.000000,0.000000,1,-113.42,-113.42,0,0,
09/21/2026,10:32:55:570,0.000000,0.000000,2,-108.26,-108.26,0,0,
09/21/2026,10:32:55:652,0.000000,0.000000,3,-89.17,-89.17,0,0,
09/21/2026,10:32:55:730,0.000000,0.000000,4,-115,-115,0,0,
09/21/2026,10:32:55:829,0.000000,0.000000,1,-113.17,-113.17,0,0,
09/21/2026,10:32:55:913,0.000000,0.000000,2,-108.69,-108.69,0,0,
09/21/2026,10:32:56:014,0.000000,0.000000,3,-88.91,-88.91,0,0,
09/21/2026,10:32:56:077,0.000000,0.000000,4,-110.49,-110.49,0,0,
09/21/2026,10:32:56:156,0.000000,0.000000,1,-110.4,-110.4,0,0,
09/21/2026,10:32:56:272,0.000000,0.000000,2,-109.77,-109.77,0,0,
09/21/2026,10:32:56:345,0.000000,0.000000,3,-85.57,-85.57,0,0,
09/21/2026,10:32:56:417,0.000000,0.000000,4,-113.86,-113.86,0,0,
09/21/2026,10:32:56:502,0.000000,0.000000,1,-110.84,-110.84,0,0,
09/21/2026,10:32:56:607,0.000000,0.000000,2,-108.3,-108.3,0,0,
09/21/2026,10:32:56:695,0.000000,0.000000,3,-90.02,-90.02,0,0,
09/21/2026,10:32:56:762,0.000000,0.000000,4,-114.05,-114.05,0,0,
09/21/2026,10:32:56:855,0.000000,0.000000,1,-110.47,-110.47,0,0,
09/21/2026,10:32:56:957,0.000000,0.000000,2,-108.38,-108.38,0,0,
09/21/2026,10:32:57:041,0.000000,0.000000,3,-93.26,-93.26,0,0,
09/21/2026,10:32:57:134,0.000000,0.000000,4,-113.28,-113.28,0,0,
09/21/2026,10:32:57:195,0.000000,0.000000,1,-112.95,-112.95,0,0,
09/21/2026,10:32:57:319,0.000000,0.000000,2,-110.72,-110.72,0,0,
09/21/2026,10:32:57:387,0.000000,0.000000,3,-94.46,-94.46,0,0,
09/21/2026,10:32:57:476,0.000000,0.000000,4,-116.2,-116.2,0,0,
09/21/2026,10:32:57:545,0.000000,0.000000,1,-110.48,-110.48,0,0,
09/21/2026,10:32:57:645,0.000000,0.000000,2,-108.34,-108.34,0,0,
09/21/2026,10:32:57:735,0.000000,0.000000,3,-91.84,-91.84,0,0,
09/21/2026,10:32:57:806,0.000000,0.000000,4,-117.88,-117.88,0,0,
09/21/2026,10:32:57:890,0.000000,0.000000,1,-111.79,-111.79,0,0,
09/21/2026,10:32:57:993,0.000000,0.000000,2,-108.62,-108.62,0,0,
09/21/2026,10:32:58:081,0.000000,0.000000,3,-88.31,-88.31,0,0,
09/21/2026,10:32:58:150,0.000000,0.000000,4,-115.3,-115.3,0,0,
09/21/2026,10:32:58:237,0.000000,0.000000,1,-113.33,-113.33,0,0,
09/21/2026,10:32:58:355,0.000000,0.000000,2,-109.29,-109.29,0,0,
09/21/2026,10:32:58:428,0.000000,0.000000,3,-86.13,-86.13,0,0,
09/21/2026,10:32:58:496,0.000000,0.000000,4,-116.13,-116.13,0,0,
09/21/2026,10:32:58:586,0.000000,0.000000,1,-114.46,-114.46,0,0,
09/21/2026,10:32:58:700,0.000000,0.000000,2,-108.08,-108.08,0,0,
09/21/2026,10:32:58:793,0.000000,0.000000,3,-95.22,-95.22,0,0,
09/21/2026,10:32:58:877,0.000000,0.000000,4,-114.78,-114.78,0,0,
09/21/2026,10:32:58:933,0.000000,0.000000,1,-112.82,-112.82,0,0,
09/21/2026,10:32:59:075,0.000000,0.000000,2,-109.48,-109.48,0,0,
09/21/2026,10:32:59:152,0.000000,0.000000,3,-92.47,-92.47,0,0,
09/21/2026,10:32:59:190,0.000000,0.000000,4,-115.61,-115.61,0,0,
09/21/2026,10:32:59:669,0.000000,0.000000,1,-113.08,-113.08,0,0,
09/21/2026,10:32:59:696,0.000000,0.000000,2,-108.62,-108.62,0,0,
09/21/2026,10:32:59:722,0.000000,0.000000,3,-93.37,-93.37,0,0,
09/21/2026,10:32:59:745,0.000000,0.000000,4,-116.52,-116.52,0,0,
09/21/2026,10:32:59:766,0.000000,0.000000,1,-113.99,-113.99,0,0,
09/21/2026,10:32:59:799,0.000000,0.000000,2,-108.18,-108.18,0,0,
09/21/2026,10:32:59:826,0.000000,0.000000,3,-90.01,-90.01,0,0,
09/21/2026,10:32:59:885,0.000000,0.000000,4,-114.05,-114.05,0,0,
09/21/2026,10:32:59:969,0.000000,0.000000,1,-113.52,-113.52,0,0,
09/21/2026,10:33:00:076,0.000000,0.000000,2,-108.01,-108.01,0,0,
09/21/2026,10:33:00:166,0.000000,0.000000,3,-94.11,-94.11,0,0,
09/21/2026,10:33:00:233,0.000000,0.000000,4,-116.43,-116.43,0,0,
09/21/2026,10:33:00:316,0.000000,0.000000,1,-113.07,-113.07,0,0,
09/21/2026,10:33:00:425,0.000000,0.000000,2,-110.19,-110.19,0,0,
09/21/2026,10:33:00:508,0.000000,0.000000,3,-96.48,-96.48,0,0,
09/21/2026,10:33:00:583,0.000000,0.000000,4,-115.99,-115.99,0,0,
09/21/2026,10:33:00:664,0.000000,0.000000,1,-113.78,-113.78,0,0,
09/21/2026,10:33:00:775,0.000000,0.000000,2,-108.49,-108.49,0,0,
09/21/2026,10:33:00:875,0.000000,0.000000,3,-88.56,-88.56,0,0,
09/21/2026,10:33:00:943,0.000000,0.000000,4,-114.68,-114.68,0,0,
09/21/2026,10:33:01:069,0.000000,0.000000,1,-113.46,-113.46,0,0,
09/21/2026,10:33:01:127,0.000000,0.000000,2,-108.84,-108.84,0,0,
09/21/2026,10:33:01:201,0.000000,0.000000,3,-87.53,-87.53,0,0,
09/21/2026,10:33:01:270,0.000000,0.000000,4,-116.45,-116.45,0,0,
09/21/2026,10:33:01:360,0.000000,0.000000,1,-113.78,-113.78,0,0,
09/21/2026,10:33:01:466,0.000000,0.000000,2,-108.15,-108.15,0,0,
09/21/2026,10:33:01:548,0.000000,0.000000,3,-87.34,-87.34,0,0,
09/21/2026,10:33:01:619,0.000000,0.000000,4,-116.48,-116.48,0,0,
09/21/2026,10:33:01:705,0.000000,0.000000,1,-112.76,-112.76,0,0,
09/21/2026,10:33:01:809,0.000000,0.000000,2,-111.07,-111.07,0,0,
09/21/2026,10:33:01:897,0.000000,0.000000,3,-90.72,-90.72,0,0,
09/21/2026,10:33:01:970,0.000000,0.000000,4,-115.26,-115.26,0,0,
09/21/2026,10:33:02:051,0.000000,0.000000,1,-112.62,-112.62,0,0,
09/21/2026,10:33:02:161,0.000000,0.000000,2,-110.55,-110.55,0,0,
09/21/2026,10:33:02:246,0.000000,0.000000,3,-93.04,-93.04,0,0,
09/21/2026,10:33:02:318,0.000000,0.000000,4,-116.94,-116.94,0,0,
09/21/2026,10:33:02:413,0.000000,0.000000,1,-113.36,-113.36,0,0,
09/21/2026,10:33:02:543,0.000000,0.000000,2,-110.76,-110.76,0,0,
09/21/2026,10:33:02:603,0.000000,0.000000,3,-86.45,-86.45,0,0,
09/21/2026,10:33:02:677,0.000000,0.000000,4,-117.79,-117.79,0,0,
09/21/2026,10:33:02:767,0.000000,0.000000,1,-111.34,-111.34,0,0,
09/21/2026,10:33:02:847,0.000000,0.000000,2,-107.73,-107.73,0,0,
09/21/2026,10:33:02:934,0.000000,0.000000,3,-81.18,-81.18,0,0,
09/21/2026,10:33:03:006,0.000000,0.000000,4,-117.74,-117.74,0,0,
09/21/2026,10:33:03:092,0.000000,0.000000,1,-112.64,-112.64,0,0,
09/21/2026,10:33:03:196,0.000000,0.000000,2,-107.46,-107.46,0,0,
09/21/2026,10:33:03:282,0.000000,0.000000,3,-88.67,-88.67,0,0,
09/21/2026,10:33:03:356,0.000000,0.000000,4,-115.87,-115.87,0,0,
09/21/2026,10:33:03:440,0.000000,0.000000,1,-111.87,-111.87,0,0,
09/21/2026,10:33:03:543,0.000000,0.000000,2,-109.34,-109.34,0,0,
09/21/2026,10:33:03:629,0.000000,0.000000,3,-85.47,-85.47,0,0,
09/21/2026,10:33:03:703,0.000000,0.000000,4,-113.14,-113.14,0,0,
09/21/2026,10:33:03:785,0.000000,0.000000,1,-112.04,-112.04,0,0,
09/21/2026,10:33:03:890,0.000000,0.000000,2,-108.9,-108.9,0,0,
09/21/2026,10:33:03:975,0.000000,0.000000,3,-84.77,-84.77,0,0,
09/21/2026,10:33:04:045,0.000000,0.000000,4,-114.65,-114.65,0,0,
09/21/2026,10:33:04:132,0.000000,0.000000,1,-112.03,-112.03,0,0,
09/21/2026,10:33:04:253,0.000000,0.000000,2,-110.5,-110.5,0,0,
09/21/2026,10:33:04:328,0.000000,0.000000,3,-86.82,-86.82,0,0,
09/21/2026,10:33:04:428,0.000000,0.000000,4,-116.39,-116.39,0,0,
09/21/2026,10:33:04:521,0.000000,0.000000,1,-114.8,-114.8,0,0,
09/21/2026,10:33:04:630,0.000000,0.000000,2,-108.29,-108.29,0,0,
09/21/2026,10:33:04:685,0.000000,0.000000,3,-90.13,-90.13,0,0,
09/21/2026,10:33:05:122,0.000000,0.000000,4,-115.31,-115.31,0,0,
09/21/2026,10:33:05:140,0.000000,0.000000,1,-112.06,-112.06,0,0,
09/21/2026,10:33:05:163,0.000000,0.000000,2,-108.38,-108.38,0,0,
09/21/2026,10:33:05:192,0.000000,0.000000,3,-93.73,-93.73,0,0,
09/21/2026,10:33:05:212,0.000000,0.000000,4,-116.82,-116.82,0,0,
09/21/2026,10:33:05:235,0.000000,0.000000,1,-111.94,-111.94,0,0,
09/21/2026,10:33:05:277,0.000000,0.000000,2,-107.86,-107.86,0,0,
09/21/2026,10:33:05:364,0.000000,0.000000,3,-97.85,-97.85,0,0,
09/21/2026,10:33:05:435,0.000000,0.000000,4,-116.49,-116.49,0,0,
09/21/2026,10:33:05:532,0.000000,0.000000,1,-112.44,-112.44,0,0,
09/21/2026,10:33:05:623,0.000000,0.000000,2,-108.02,-108.02,0,0,
09/21/2026,10:33:05:717,0.000000,0.000000,3,-93.16,-93.16,0,0,
09/21/2026,10:33:05:783,0.000000,0.000000,4,-117.39,-117.39,0,0,
09/21/2026,10:33:05:866,0.000000,0.000000,1,-114.32,-114.32,0,0,
09/21/2026,10:33:05:970,0.000000,0.000000,2,-109.66,-109.66,0,0,
09/21/2026,10:33:06:057,0.000000,0.000000,3,-81.91,-81.91,0,0,
09/21/2026,10:33:06:126,0.000000,0.000000,4,-113.2,-113.2,0,0,
09/21/2026,10:33:06:213,0.000000,0.000000,1,-114.87,-114.87,0,0,
09/21/2026,10:33:06:318,0.000000,0.000000,2,-109.98,-109.98,0,0,
09/21/2026,10:33:06:450,0.000000,0.000000,3,-88.38,-88.38,0,0,
09/21/2026,10:33:06:578,0.000000,0.000000,4,-115.34,-115.34,0,0,
09/21/2026,10:33:06:633,0.000000,0.000000,1,-112.26,-112.26,0,0,
09/21/2026,10:33:06:694,0.000000,0.000000,2,-111.44,-111.44,0,0,
09/21/2026,10:33:06:750,0.000000,0.000000,3,-88.09,-88.09,0,0,
09/21/2026,10:33:06:820,0.000000,0.000000,4,-116.77,-116.77,0,0,
09/21/2026,10:33:06:906,0.000000,0.000000,1,-110.97,-110.97,0,0,
09/21/2026,10:33:07:013,0.000000,0.000000,2,-110.38,-110.38,0,0,
09/21/2026,10:33:07:098,0.000000,0.000000,3,-80.68,-80.68,0,0,
09/21/2026,10:33:07:169,0.000000,0.000000,4,-116.15,-116.15,0,0,
09/21/2026,10:33:07:254,0.000000,0.000000,1,-110.33,-110.33,0,0,
09/21/2026,10:33:07:357,0.000000,0.000000,2,-110.33,-110.33,0,0,
09/21/2026,10:33:07:443,0.000000,0.000000,3,-83.3,-83.3,0,0,
09/21/2026,10:33:07:513,0.000000,0.000000,4,-114.53,-114.53,0,0,
09/21/2026,10:33:07:600,0.000000,0.000000,1,-111.47,-111.47,0,0,
09/21/2026,10:33:07:702,0.000000,0.000000,2,-109.02,-109.02,0,0,
09/21/2026,10:33:07:791,0.000000,0.000000,3,-93.7,-93.7,0,0,
09/21/2026,10:33:07:860,0.000000,0.000000,4,-115.99,-115.99,0,0,
09/21/2026,10:33:07:948,0.000000,0.000000,1,-112.6,-112.6,0,0,
09/21/2026,10:33:08:096,0.000000,0.000000,2,-108.17,-108.17,0,0,
09/21/2026,10:33:08:180,0.000000,0.000000,3,-96.81,-96.81,0,0,
09/21/2026,10:33:08:254,0.000000,0.000000,4,-115.22,-115.22,0,0,
09/21/2026,10:33:08:305,0.000000,0.000000,1,-111.8,-111.8,0,0,
09/21/2026,10:33:08:397,0.000000,0.000000,2,-110.04,-110.04,0,0,
09/21/2026,10:33:08:485,0.000000,0.000000,3,-86.43,-86.43,0,0,
09/21/2026,10:33:08:554,0.000000,0.000000,4,-115.29,-115.29,0,0,
09/21/2026,10:33:08:639,0.000000,0.000000,1,-111.84,-111.84,0,0,
09/21/2026,10:33:08:744,0.000000,0.000000,2,-108.83,-108.83,0,0,
09/21/2026,10:33:08:839,0.000000,0.000000,3,-91.28,-91.28,0,0,
09/21/2026,10:33:08:903,0.000000,0.000000,4,-114.68,-114.68,0,0,
09/21/2026,10:33:08:997,0.000000,0.000000,1,-110.91,-110.91,0,0,
09/21/2026,10:33:09:090,0.000000,0.000000,2,-108.43,-108.43,0,0,
09/21/2026,10:33:09:176,0.000000,0.000000,3,-85.05,-85.05,0,0,
09/21/2026,10:33:09:248,0.000000,0.000000,4,-115.3,-115.3,0,0,
09/21/2026,10:33:09:337,0.000000,0.000000,1,-112.18,-112.18,0,0,
09/21/2026,10:33:09:439,0.000000,0.000000,2,-111.41,-111.41,0,0,
09/21/2026,10:33:09:545,0.000000,0.000000,3,-81.06,-81.06,0,0,
09/21/2026,10:33:09:624,0.000000,0.000000,4,-115.93,-115.93,0,0,
09/21/2026,10:33:09:701,0.000000,0.000000,1,-111.5,-111.5,0,0,
09/21/2026,10:33:09:794,0.000000,0.000000,2,-108.8,-108.8,0,0,
09/21/2026,10:33:09:973,0.000000,0.000000,3,-80.05,-80.05,0,0,
09/21/2026,10:33:09:996,0.000000,0.000000,4,-116.38,-116.38,0,0,
09/21/2026,10:33:10:056,0.000000,0.000000,1,-110.78,-110.78,0,0,
09/21/2026,10:33:10:137,0.000000,0.000000,2,-109.75,-109.75,0,0,
09/21/2026,10:33:10:217,0.000000,0.000000,3,-80.86,-80.86,0,0,
09/21/2026,10:33:10:301,0.000000,0.000000,4,-114.82,-114.82,0,0,
09/21/2026,10:33:10:379,0.000000,0.000000,1,-114.55,-114.55,0,0,
09/21/2026,10:33:10:478,0.000000,0.000000,2,-109.39,-109.39,0,0,
09/21/2026,10:33:10:566,0.000000,0.000000,3,-77.73,-77.73,0,0,
09/21/2026,10:33:10:651,0.000000,0.000000,4,-115.32,-115.32,0,0,
09/21/2026,10:33:10:722,0.000000,0.000000,1,-111.3,-111.3,0,0,
09/21/2026,10:33:10:826,0.000000,0.000000,2,-111.22,-111.22,0,0,
09/21/2026,10:33:10:916,0.000000,0.000000,3,-83.05,-83.05,0,0,
09/21/2026,10:33:10:988,0.000000,0.000000,4,-113.85,-113.85,0,0,
09/21/2026,10:33:11:069,0.000000,0.000000,1,-112.31,-112.31,0,0,
09/21/2026,10:33:11:172,0.000000,0.000000,2,-110.27,-110.27,0,0,
09/21/2026,10:33:11:263,0.000000,0.000000,3,-79.88,-79.88,0,0,
09/21/2026,10:33:11:331,0.000000,0.000000,4,-116.6,-116.6,0,0,
09/21/2026,10:33:11:414,0.000000,0.000000,1,-111.2,-111.2,0,0,
09/21/2026,10:33:11:519,0.000000,0.000000,2,-108.08,-108.08,0,0,
09/21/2026,10:33:11:606,0.000000,0.000000,3,-79.99,-79.99,0,0,
09/21/2026,10:33:11:676,0.000000,0.000000,4,-116.12,-116.12,0,0,
09/21/2026,10:33:11:762,0.000000,0.000000,1,-113.31,-113.31,0,0,
09/21/2026,10:33:11:868,0.000000,0.000000,2,-108.37,-108.37,0,0,
09/21/2026,10:33:11:961,0.000000,0.000000,3,-77.8,-77.8,0,0,
09/21/2026,10:33:12:028,0.000000,0.000000,4,-115.85,-115.85,0,0,
09/21/2026,10:33:12:108,0.000000,0.000000,1,-111.41,-111.41,0,0,
09/21/2026,10:33:12:212,0.000000,0.000000,2,-107.82,-107.82,0,0,
09/21/2026,10:33:12:306,0.000000,0.000000,3,-80.38,-80.38,0,0,
09/21/2026,10:33:12:368,0.000000,0.000000,4,-115.14,-115.14,0,0,
09/21/2026,10:33:12:455,0.000000,0.000000,1,-111.16,-111.16,0,0,
09/21/2026,10:33:12:559,0.000000,0.000000,2,-108.04,-108.04,0,0,
09/21/2026,10:33:12:646,0.000000,0.000000,3,-79.15,-79.15,0,0,
09/21/2026,10:33:12:716,0.000000,0.000000,4,-115.13,-115.13,0,0,
09/21/2026,10:33:12:802,0.000000,0.000000,1,-111.37,-111.37,0,0,
09/21/2026,10:33:12:909,0.000000,0.000000,2,-107.68,-107.68,0,0,
09/21/2026,10:33:12:993,0.000000,0.000000,3,-78.24,-78.24,0,0,
09/21/2026,10:33:13:077,0.000000,0.000000,4,-111.79,-111.79,0,0,
09/21/2026,10:33:13:150,0.000000,0.000000,1,-111.16,-111.16,0,0,
09/21/2026,10:33:13:252,0.000000,0.000000,2,-106.68,-106.68,0,0,
09/21/2026,10:33:13:341,0.000000,0.000000,3,-85.8,-85.8,0,0,
09/21/2026,10:33:13:418,0.000000,0.000000,4,-116.22,-116.22,0,0,
09/21/2026,10:33:13:495,0.000000,0.000000,1,-114.35,-114.35,0,0,
09/21/2026,10:33:13:606,0.000000,0.000000,2,-108.71,-108.71,0,0,
09/21/2026,10:33:13:686,0.000000,0.000000,3,-87.72,-87.72,0,0,
09/21/2026,10:33:13:757,0.000000,0.000000,4,-114.56,-114.56,0,0,
09/21/2026,10:33:13:848,0.000000,0.000000,1,-112.85,-112.85,0,0,
09/21/2026,10:33:13:946,0.000000,0.000000,2,-109.16,-109.16,0,0,
09/21/2026,10:33:14:040,0.000000,0.000000,3,-79.13,-79.13,0,0,
09/21/2026,10:33:14:102,0.000000,0.000000,4,-117.37,-117.37,0,0,
09/21/2026,10:33:14:189,0.000000,0.000000,1,-111.92,-111.92,0,0,
09/21/2026,10:33:14:294,0.000000,0.000000,2,-108.11,-108.11,0,0,
09/21/2026,10:33:14:379,0.000000,0.000000,3,-81.9,-81.9,0,0,
09/21/2026,10:33:14:450,0.000000,0.000000,4,-115.35,-115.35,0,0,
09/21/2026,10:33:14:537,0.000000,0.000000,1,-111.73,-111.73,0,0,
09/21/2026,10:33:14:639,0.000000,0.000000,2,-107.97,-107.97,0,0,
09/21/2026,10:33:14:728,0.000000,0.000000,3,-82.02,-82.02,0,0,
09/21/2026,10:33:14:797,0.000000,0.000000,4,-113.77,-113.77,0,0,
09/21/2026,10:33:14:885,0.000000,0.000000,1,-111.77,-111.77,0,0,
09/21/2026,10:33:14:996,0.000000,0.000000,2,-108.37,-108.37,0,0,
09/21/2026,10:33:15:075,0.000000,0.000000,3,-76,-76,0,0,
09/21/2026,10:33:15:146,0.000000,0.000000,4,-114.29,-114.29,0,0,
09/21/2026,10:33:15:228,0.000000,0.000000,1,-114.25,-114.25,0,0,
09/21/2026,10:33:15:333,0.000000,0.000000,2,-110.27,-110.27,0,0,
09/21/2026,10:33:15:422,0.000000,0.000000,3,-77.87,-77.87,0,0,
09/21/2026,10:33:15:491,0.000000,0.000000,4,-115.3,-115.3,0,0,
09/21/2026,10:33:15:579,0.000000,0.000000,1,-112.55,-112.55,0,0,
09/21/2026,10:33:15:682,0.000000,0.000000,2,-109.41,-109.41,0,0,
09/21/2026,10:33:15:770,0.000000,0.000000,3,-79.9,-79.9,0,0,
09/21/2026,10:33:15:843,0.000000,0.000000,4,-115.45,-115.45,0,0,
09/21/2026,10:33:15:923,0.000000,0.000000,1,-113.56,-113.56,0,0,
09/21/2026,10:33:16:029,0.000000,0.000000,2,-108.7,-108.7,0,0,
09/21/2026,10:33:16:113,0.000000,0.000000,3,-81.65,-81.65,0,0,
09/21/2026,10:33:16:184,0.000000,0.000000,4,-116.88,-116.88,0,0,
09/21/2026,10:33:16:271,0.000000,0.000000,1,-112.69,-112.69,0,0,
09/21/2026,10:33:16:375,0.000000,0.000000,2,-108.3,-108.3,0,0,
09/21/2026,10:33:16:490,0.000000,0.000000,3,-89.2,-89.2,0,0,
09/21/2026,10:33:16:543,0.000000,0.000000,4,-113.65,-113.65,0,0,
09/21/2026,10:33:16:618,0.000000,0.000000,1,-115.16,-115.16,0,0,
09/21/2026,10:33:16:721,0.000000,0.000000,2,-107.42,-107.42,0,0,
09/21/2026,10:33:16:808,0.000000,0.000000,3,-81,-81,0,0,
09/21/2026,10:33:16:878,0.000000,0.000000,4,-117.03,-117.03,0,0,
09/21/2026,10:33:16:962,0.000000,0.000000,1,-113.23,-113.23,0,0,
09/21/2026,10:33:17:073,0.000000,0.000000,2,-108.47,-108.47,0,0,
09/21/2026,10:33:17:161,0.000000,0.000000,3,-83.59,-83.59,0,0,
09/21/2026,10:33:17:228,0.000000,0.000000,4,-116.28,-116.28,0,0,
09/21/2026,10:33:17:320,0.000000,0.000000,1,-112.5,-112.5,0,0,
09/21/2026,10:33:17:444,0.000000,0.000000,2,-107.64,-107.64,0,0,
09/21/2026,10:33:17:515,0.000000,0.000000,3,-80.57,-80.57,0,0,
09/21/2026,10:33:17:576,0.000000,0.000000,4,-113.7,-113.7,0,0,
09/21/2026,10:33:17:723,0.000000,0.000000,1,-112.9,-112.9,0,0,
09/21/2026,10:33:17:815,0.000000,0.000000,2,-109.18,-109.18,0,0,
09/21/2026,10:33:17:871,0.000000,0.000000,3,-85.46,-85.46,0,0,
09/21/2026,10:33:17:938,0.000000,0.000000,4,-115.23,-115.23,0,0,
09/21/2026,10:33:18:005,0.000000,0.000000,1,-113.91,-113.91,0,0,
09/21/2026,10:33:18:114,0.000000,0.000000,2,-110.06,-110.06,0,0,
09/21/2026,10:33:18:206,0.000000,0.000000,3,-73.48,-73.48,0,0,
09/21/2026,10:33:18:263,0.000000,0.000000,4,-116.5,-116.5,0,0,
09/21/2026,10:33:18:351,0.000000,0.000000,1,-112.37,-112.37,0,0,
09/21/2026,10:33:18:461,0.000000,0.000000,2,-108.64,-108.64,0,0,
09/21/2026,10:33:18:542,0.000000,0.000000,3,-70.38,-70.38,0,0,
09/21/2026,10:33:18:614,0.000000,0.000000,4,-113.56,-113.56,0,0,
09/21/2026,10:33:18:697,0.000000,0.000000,1,-113.06,-113.06,0,0,
09/21/2026,10:33:18:807,0.000000,0.000000,2,-109.04,-109.04,0,0,
09/21/2026,10:33:18:887,0.000000,0.000000,3,-70.59,-70.59,0,0,
09/21/2026,10:33:18:957,0.000000,0.000000,4,-115.78,-115.78,0,0,
09/21/2026,10:33:19:047,0.000000,0.000000,1,-112.82,-112.82,0,0,
09/21/2026,10:33:19:156,0.000000,0.000000,2,-106.48,-106.48,0,0,
09/21/2026,10:33:19:237,0.000000,0.000000,3,-70.91,-70.91,0,0,
09/21/2026,10:33:19:306,0.000000,0.000000,4,-114.6,-114.6,0,0,
09/21/2026,10:33:19:393,0.000000,0.000000,1,-110.6,-110.6,0,0,
09/21/2026,10:33:19:537,0.000000,0.000000,2,-107.65,-107.65,0,0,
09/21/2026,10:33:19:607,0.000000,0.000000,3,-78.23,-78.23,0,0,
09/21/2026,10:33:19:652,0.000000,0.000000,4,-115.8,-115.8,0,0,
09/21/2026,10:33:19:791,0.000000,0.000000,1,-111.27,-111.27,0,0,
09/21/2026,10:33:19:847,0.000000,0.000000,2,-107.78,-107.78,0,0,
09/21/2026,10:33:19:929,0.000000,0.000000,3,-74.28,-74.28,0,0,
09/21/2026,10:33:19:998,0.000000,0.000000,4,-114.64,-114.64,0,0,
09/21/2026,10:33:20:085,0.000000,0.000000,1,-113.61,-113.61,0,0,
09/21/2026,10:33:20:191,0.000000,0.000000,2,-108.84,-108.84,0,0,
09/21/2026,10:33:20:274,0.000000,0.000000,3,-72.86,-72.86,0,0,
09/21/2026,10:33:20:354,0.000000,0.000000,4,-113.55,-113.55,0,0,
09/21/2026,10:33:20:432,0.000000,0.000000,1,-113.43,-113.43,0,0,
09/21/2026,10:33:20:534,0.000000,0.000000,2,-108.98,-108.98,0,0,
09/21/2026,10:33:20:623,0.000000,0.000000,3,-72.71,-72.71,0,0,
09/21/2026,10:33:20:693,0.000000,0.000000,4,-115.15,-115.15,0,0,
09/21/2026,10:33:20:790,0.000000,0.000000,1,-113.39,-113.39,0,0,
09/21/2026,10:33:20:890,0.000000,0.000000,2,-108.69,-108.69,0,0,
09/21/2026,10:33:20:974,0.000000,0.000000,3,-73.22,-73.22,0,0,
09/21/2026,10:33:21:041,0.000000,0.000000,4,-113.66,-113.66,0,0,
09/21/2026,10:33:21:125,0.000000,0.000000,1,-114.91,-114.91,0,0,
09/21/2026,10:33:21:276,0.000000,0.000000,2,-110.03,-110.03,0,0,
09/21/2026,10:33:21:327,0.000000,0.000000,3,-71.2,-71.2,0,0,
09/21/2026,10:33:21:410,0.000000,0.000000,4,-118.07,-118.07,0,0,
09/21/2026,10:33:21:523,0.000000,0.000000,1,-112.55,-112.55,0,0,
09/21/2026,10:33:21:576,0.000000,0.000000,2,-107.76,-107.76,0,0,
09/21/2026,10:33:21:664,0.000000,0.000000,3,-80.67,-80.67,0,0,
09/21/2026,10:33:21:737,0.000000,0.000000,4,-113.76,-113.76,0,0,
09/21/2026,10:33:21:818,0.000000,0.000000,1,-111.78,-111.78,0,0,
09/21/2026,10:33:21:923,0.000000,0.000000,2,-108.78,-108.78,0,0,
09/21/2026,10:33:22:012,0.000000,0.000000,3,-74.99,-74.99,0,0,
09/21/2026,10:33:22:078,0.000000,0.000000,4,-113.59,-113.59,0,0,
09/21/2026,10:33:22:179,0.000000,0.000000,1,-112.78,-112.78,0,0,
09/21/2026,10:33:22:275,0.000000,0.000000,2,-108.66,-108.66,0,0,
09/21/2026,10:33:22:358,0.000000,0.000000,3,-83.46,-83.46,0,0,
09/21/2026,10:33:22:428,0.000000,0.000000,4,-114.73,-114.73,0,0,
09/21/2026,10:33:22:513,0.000000,0.000000,1,-113.1,-113.1,0,0,
09/21/2026,10:33:22:617,0.000000,0.000000,2,-110.8,-110.8,0,0,
09/21/2026,10:33:22:715,0.000000,0.000000,3,-85.55,-85.55,0,0,
09/21/2026,10:33:22:772,0.000000,0.000000,4,-116.27,-116.27,0,0,
09/21/2026,10:33:22:860,0.000000,0.000000,1,-112.01,-112.01,0,0,
09/21/2026,10:33:22:969,0.000000,0.000000,2,-111.21,-111.21,0,0,
09/21/2026,10:33:23:049,0.000000,0.000000,3,-86.31,-86.31,0,0,
09/21/2026,10:33:23:119,0.000000,0.000000,4,-114.03,-114.03,0,0,
09/21/2026,10:33:23:205,0.000000,0.000000,1,-110.86,-110.86,0,0,
09/21/2026,10:33:23:327,0.000000,0.000000,2,-109.73,-109.73,0,0,
09/21/2026,10:33:23:408,0.000000,0.000000,3,-88.47,-88.47,0,0,
09/21/2026,10:33:23:487,0.000000,0.000000,4,-114.69,-114.69,0,0,
09/21/2026,10:33:23:574,0.000000,0.000000,1,-111.84,-111.84,0,0,
09/21/2026,10:33:23:657,0.000000,0.000000,2,-110.03,-110.03,0,0,
09/21/2026,10:33:23:744,0.000000,0.000000,3,-85.79,-85.79,0,0,
09/21/2026,10:33:23:815,0.000000,0.000000,4,-115.09,-115.09,0,0,
09/21/2026,10:33:23:900,0.000000,0.000000,1,-112.94,-112.94,0,0,
09/21/2026,10:33:24:003,0.000000,0.000000,2,-110.16,-110.16,0,0,
09/21/2026,10:33:24:090,0.000000,0.000000,3,-87.61,-87.61,0,0,
09/21/2026,10:33:24:161,0.000000,0.000000,4,-115.19,-115.19,0,0,
09/21/2026,10:33:24:249,0.000000,0.000000,1,-113.05,-113.05,0,0,
09/21/2026,10:33:24:357,0.000000,0.000000,2,-109.8,-109.8,0,0,
09/21/2026,10:33:24:438,0.000000,0.000000,3,-87.72,-87.72,0,0,
09/21/2026,10:33:24:505,0.000000,0.000000,4,-116.86,-116.86,0,0,
09/21/2026,10:33:24:595,0.000000,0.000000,1,-112.07,-112.07,0,0,
09/21/2026,10:33:24:698,0.000000,0.000000,2,-110.55,-110.55,0,0,
09/21/2026,10:33:24:784,0.000000,0.000000,3,-86.32,-86.32,0,0,
09/21/2026,10:33:24:909,0.000000,0.000000,4,-115.22,-115.22,0,0,
09/21/2026,10:33:24:992,0.000000,0.000000,1,-111.57,-111.57,0,0,
09/21/2026,10:33:25:076,0.000000,0.000000,2,-109.73,-109.73,0,0,
09/21/2026,10:33:25:131,0.000000,0.000000,3,-79.15,-79.15,0,0,
09/21/2026,10:33:25:201,0.000000,0.000000,4,-113.09,-113.09,0,0,
09/21/2026,10:33:25:288,0.000000,0.000000,1,-111.3,-111.3,0,0,
09/21/2026,10:33:25:397,0.000000,0.000000,2,-109.96,-109.96,0,0,
09/21/2026,10:33:25:478,0.000000,0.000000,3,-77.2,-77.2,0,0,
09/21/2026,10:33:25:546,0.000000,0.000000,4,-115.36,-115.36,0,0,
09/21/2026,10:33:25:633,0.000000,0.000000,1,-113.52,-113.52,0,0,
09/21/2026,10:33:25:737,0.000000,0.000000,2,-108.9,-108.9,0,0,
09/21/2026,10:33:25:824,0.000000,0.000000,3,-76.63,-76.63,0,0,
09/21/2026,10:33:25:898,0.000000,0.000000,4,-115.57,-115.57,0,0,
09/21/2026,10:33:25:980,0.000000,0.000000,1,-110.75,-110.75,0,0,
09/21/2026,10:33:26:084,0.000000,0.000000,2,-109.31,-109.31,0,0,
09/21/2026,10:33:26:173,0.000000,0.000000,3,-78.39,-78.39,0,0,
09/21/2026,10:33:26:240,0.000000,0.000000,4,-115.89,-115.89,0,0,
09/21/2026,10:33:26:336,0.000000,0.000000,1,-111.22,-111.22,0,0,
09/21/2026,10:33:26:430,0.000000,0.000000,2,-109.19,-109.19,0,0,
09/21/2026,10:33:26:525,0.000000,0.000000,3,-76.09,-76.09,0,0,
09/21/2026,10:33:26:593,0.000000,0.000000,4,-113.73,-113.73,0,0,
09/21/2026,10:33:26:674,0.000000,0.000000,1,-111.7,-111.7,0,0,
09/21/2026,10:33:26:806,0.000000,0.000000,2,-109.76,-109.76,0,0,
09/21/2026,10:33:26:881,0.000000,0.000000,3,-75.65,-75.65,0,0,
09/21/2026,10:33:26:965,0.000000,0.000000,4,-112.99,-112.99,0,0,
09/21/2026,10:33:27:041,0.000000,0.000000,1,-111.12,-111.12,0,0,
09/21/2026,10:33:27:125,0.000000,0.000000,2,-107.37,-107.37,0,0,
09/21/2026,10:33:27:211,0.000000,0.000000,3,-77.17,-77.17,0,0,
09/21/2026,10:33:27:291,0.000000,0.000000,4,-114.43,-114.43,0,0,
09/21/2026,10:33:27:368,0.000000,0.000000,1,-112.26,-112.26,0,0,
09/21/2026,10:33:27:479,0.000000,0.000000,2,-109.15,-109.15,0,0,
09/21/2026,10:33:27:578,0.000000,0.000000,3,-76.32,-76.32,0,0,
09/21/2026,10:33:27:637,0.000000,0.000000,4,-114.19,-114.19,0,0,
09/21/2026,10:33:27:726,0.000000,0.000000,1,-112.43,-112.43,0,0,
09/21/2026,10:33:27:829,0.000000,0.000000,2,-108.73,-108.73,0,0,
09/21/2026,10:33:27:904,0.000000,0.000000,3,-77.38,-77.38,0,0,
09/21/2026,10:33:27:975,0.000000,0.000000,4,-113.92,-113.92,0,0,
09/21/2026,10:33:28:064,0.000000,0.000000,1,-111.33,-111.33,0,0,
09/21/2026,10:33:28:182,0.000000,0.000000,2,-109.36,-109.36,0,0,
09/21/2026,10:33:28:254,0.000000,0.000000,3,-77.94,-77.94,0,0,
09/21/2026,10:33:28:322,0.000000,0.000000,4,-114.21,-114.21,0,0,
09/21/2026,10:33:28:408,0.000000,0.000000,1,-110.6,-110.6,0,0,
09/21/2026,10:33:28:513,0.000000,0.000000,2,-109.39,-109.39,0,0,
09/21/2026,10:33:28:600,0.000000,0.000000,3,-74.97,-74.97,0,0,
09/21/2026,10:33:28:691,0.000000,0.000000,4,-116.02,-116.02,0,0,
09/21/2026,10:33:28:780,0.000000,0.000000,1,-109.71,-109.71,0,0,
09/21/2026,10:33:28:916,0.000000,0.000000,2,-110.21,-110.21,0,0,
09/21/2026,10:33:28:975,0.000000,0.000000,3,-73.31,-73.31,0,0,
09/21/2026,10:33:29:014,0.000000,0.000000,4,-114.01,-114.01,0,0,
09/21/2026,10:33:29:111,0.000000,0.000000,1,-109.93,-109.93,0,0,
09/21/2026,10:33:29:205,0.000000,0.000000,2,-109.03,-109.03,0,0,
09/21/2026,10:33:29:295,0.000000,0.000000,3,-72.95,-72.95,0,0,
09/21/2026,10:33:29:360,0.000000,0.000000,4,-113.84,-113.84,0,0,
09/21/2026,10:33:29:450,0.000000,0.000000,1,-110.02,-110.02,0,0,
09/21/2026,10:33:29:564,0.000000,0.000000,2,-109.52,-109.52,0,0,
09/21/2026,10:33:29:644,0.000000,0.000000,3,-71.22,-71.22,0,0,
09/21/2026,10:33:29:707,0.000000,0.000000,4,-113.88,-113.88,0,0,
09/21/2026,10:33:29:797,0.000000,0.000000,1,-112.13,-112.13,0,0,
09/21/2026,10:33:29:897,0.000000,0.000000,2,-109.79,-109.79,0,0,
09/21/2026,10:33:29:986,0.000000,0.000000,3,-73.44,-73.44,0,0,
09/21/2026,10:33:30:057,0.000000,0.000000,4,-113.97,-113.97,0,0,
09/21/2026,10:33:30:142,0.000000,0.000000,1,-111.5,-111.5,0,0,
09/21/2026,10:33:30:245,0.000000,0.000000,2,-110.03,-110.03,0,0,
09/21/2026,10:33:30:336,0.000000,0.000000,3,-72.71,-72.71,0,0,
09/21/2026,10:33:30:407,0.000000,0.000000,4,-115.31,-115.31,0,0,
09/21/2026,10:33:30:501,0.000000,0.000000,1,-111.13,-111.13,0,0,
09/21/2026,10:33:30:614,0.000000,0.000000,2,-109.27,-109.27,0,0,
09/21/2026,10:33:30:681,0.000000,0.000000,3,-73.27,-73.27,0,0,
09/21/2026,10:33:30:748,0.000000,0.000000,4,-112.54,-112.54,0,0,
09/21/2026,10:33:30:837,0.000000,0.000000,1,-109.12,-109.12,0,0,
09/21/2026,10:33:30:940,0.000000,0.000000,2,-108.83,-108.83,0,0,
09/21/2026,10:33:31:030,0.000000,0.000000,3,-71.06,-71.06,0,0,
09/21/2026,10:33:31:095,0.000000,0.000000,4,-113.73,-113.73,0,0,
09/21/2026,10:33:31:181,0.000000,0.000000,1,-112.6,-112.6,0,0,
09/21/2026,10:33:31:285,0.000000,0.000000,2,-107.24,-107.24,0,0,
09/21/2026,10:33:31:371,0.000000,0.000000,3,-72.06,-72.06,0,0,
09/21/2026,10:33:31:442,0.000000,0.000000,4,-112.35,-112.35,0,0,
09/21/2026,10:33:31:528,0.000000,0.000000,1,-111.38,-111.38,0,0,
09/21/2026,10:33:31:631,0.000000,0.000000,2,-109.72,-109.72,0,0,
09/21/2026,10:33:31:718,0.000000,0.000000,3,-73.27,-73.27,0,0,
09/21/2026,10:33:31:794,0.000000,0.000000,4,-113.89,-113.89,0,0,
09/21/2026,10:33:31:879,0.000000,0.000000,1,-112.24,-112.24,0,0,
09/21/2026,10:33:31:978,0.000000,0.000000,2,-110.12,-110.12,0,0,
09/21/2026,10:33:32:068,0.000000,0.000000,3,-72.96,-72.96,0,0,
09/21/2026,10:33:32:139,0.000000,0.000000,4,-112.58,-112.58,0,0,
09/21/2026,10:33:32:226,0.000000,0.000000,1,-110.46,-110.46,0,0,
09/21/2026,10:33:32:330,0.000000,0.000000,2,-110.52,-110.52,0,0,
09/21/2026,10:33:32:411,0.000000,0.000000,3,-74.75,-74.75,0,0,
09/21/2026,10:33:32:486,0.000000,0.000000,4,-114.69,-114.69,0,0,
09/21/2026,10:33:32:582,0.000000,0.000000,1,-111.58,-111.58,0,0,
09/21/2026,10:33:32:673,0.000000,0.000000,2,-110.58,-110.58,0,0,
09/21/2026,10:33:32:805,0.000000,0.000000,3,-72.36,-72.36,0,0,
09/21/2026,10:33:32:848,0.000000,0.000000,4,-115.11,-115.11,0,0,
09/21/2026,10:33:32:918,0.000000,0.000000,1,-111.24,-111.24,0,0,
09/21/2026,10:33:33:019,0.000000,0.000000,2,-107.52,-107.52,0,0,
09/21/2026,10:33:33:106,0.000000,0.000000,3,-72.68,-72.68,0,0,
09/21/2026,10:33:33:176,0.000000,0.000000,4,-113.87,-113.87,0,0,
09/21/2026,10:33:33:262,0.000000,0.000000,1,-112.13,-112.13,0,0,
09/21/2026,10:33:33:368,0.000000,0.000000,2,-109.3,-109.3,0,0,
09/21/2026,10:33:33:454,0.000000,0.000000,3,-73.66,-73.66,0,0,
09/21/2026,10:33:33:523,0.000000,0.000000,4,-112.28,-112.28,0,0,
09/21/2026,10:33:33:610,0.000000,0.000000,1,-112.26,-112.26,0,0,
09/21/2026,10:33:33:713,0.000000,0.000000,2,-106.29,-106.29,0,0,
09/21/2026,10:33:33:805,0.000000,0.000000,3,-72.15,-72.15,0,0,
09/21/2026,10:33:33:870,0.000000,0.000000,4,-113.41,-113.41,0,0,
09/21/2026,10:33:33:957,0.000000,0.000000,1,-111.15,-111.15,0,0,
09/21/2026,10:33:34:060,0.000000,0.000000,2,-110.31,-110.31,0,0,
09/21/2026,10:33:34:146,0.000000,0.000000,3,-71.91,-71.91,0,0,
09/21/2026,10:33:34:218,0.000000,0.000000,4,-111.64,-111.64,0,0,
09/21/2026,10:33:34:302,0.000000,0.000000,1,-110.46,-110.46,0,0,
09/21/2026,10:33:34:444,0.000000,0.000000,2,-108.76,-108.76,0,0,
09/21/2026,10:33:34:537,0.000000,0.000000,3,-71,-71,0,0,
09/21/2026,10:33:34:594,0.000000,0.000000,4,-111.43,-111.43,0,0,
09/21/2026,10:33:34:649,0.000000,0.000000,1,-110.59,-110.59,0,0,
09/21/2026,10:33:34:755,0.000000,0.000000,2,-108.58,-108.58,0,0,
09/21/2026,10:33:34:840,0.000000,0.000000,3,-72.06,-72.06,0,0,
09/21/2026,10:33:34:910,0.000000,0.000000,4,-113.47,-113.47,0,0,
09/21/2026,10:33:34:996,0.000000,0.000000,1,-110.79,-110.79,0,0,
09/21/2026,10:33:35:101,0.000000,0.000000,2,-110.08,-110.08,0,0,
09/21/2026,10:33:35:188,0.000000,0.000000,3,-72.91,-72.91,0,0,
09/21/2026,10:33:35:257,0.000000,0.000000,4,-113.53,-113.53,0,0,
09/21/2026,10:33:35:344,0.000000,0.000000,1,-112.79,-112.79,0,0,
09/21/2026,10:33:35:801,0.000000,0.000000,2,-110.86,-110.86,0,0,
09/21/2026,10:33:35:828,0.000000,0.000000,3,-71.94,-71.94,0,0,
09/21/2026,10:33:35:841,0.000000,0.000000,4,-112.92,-112.92,0,0,
09/21/2026,10:33:35:861,0.000000,0.000000,1,-111.36,-111.36,0,0,
09/21/2026,10:33:35:886,0.000000,0.000000,2,-109.64,-109.64,0,0,
09/21/2026,10:33:35:910,0.000000,0.000000,3,-74.27,-74.27,0,0,
09/21/2026,10:33:35:954,0.000000,0.000000,4,-114.28,-114.28,0,0,
09/21/2026,10:33:36:038,0.000000,0.000000,1,-111.99,-111.99,0,0,
09/21/2026,10:33:36:193,0.000000,0.000000,2,-108.35,-108.35,0,0,
09/21/2026,10:33:36:252,0.000000,0.000000,3,-73.56,-73.56,0,0,
09/21/2026,10:33:36:339,0.000000,0.000000,4,-113.16,-113.16,0,0,
09/21/2026,10:33:36:420,0.000000,0.000000,1,-113.34,-113.34,0,0,
09/21/2026,10:33:36:504,0.000000,0.000000,2,-109.61,-109.61,0,0,
09/21/2026,10:33:36:575,0.000000,0.000000,3,-74.47,-74.47,0,0,
09/21/2026,10:33:36:643,0.000000,0.000000,4,-112.87,-112.87,0,0,
09/21/2026,10:33:36:733,0.000000,0.000000,1,-113.03,-113.03,0,0,
09/21/2026,10:33:36:833,0.000000,0.000000,2,-109.72,-109.72,0,0,
09/21/2026,10:33:36:922,0.000000,0.000000,3,-75.78,-75.78,0,0,
09/21/2026,10:33:36:989,0.000000,0.000000,4,-113.34,-113.34,0,0,
09/21/2026,10:33:37:076,0.000000,0.000000,1,-113.27,-113.27,0,0,
09/21/2026,10:33:37:181,0.000000,0.000000,2,-109.37,-109.37,0,0,
09/21/2026,10:33:37:268,0.000000,0.000000,3,-76.48,-76.48,0,0,
09/21/2026,10:33:37:341,0.000000,0.000000,4,-113.36,-113.36,0,0,
09/21/2026,10:33:37:427,0.000000,0.000000,1,-110.62,-110.62,0,0,
09/21/2026,10:33:37:535,0.000000,0.000000,2,-110.69,-110.69,0,0,
09/21/2026,10:33:37:614,0.000000,0.000000,3,-80.01,-80.01,0,0,
09/21/2026,10:33:37:683,0.000000,0.000000,4,-114.62,-114.62,0,0,
09/21/2026,10:33:37:771,0.000000,0.000000,1,-113.37,-113.37,0,0,
09/21/2026,10:33:37:879,0.000000,0.000000,2,-111.04,-111.04,0,0,
09/21/2026,10:33:37:969,0.000000,0.000000,3,-77.35,-77.35,0,0,
09/21/2026,10:33:38:046,0.000000,0.000000,4,-112.44,-112.44,0,0,
09/21/2026,10:33:38:129,0.000000,0.000000,1,-111.61,-111.61,0,0,
09/21/2026,10:33:38:276,0.000000,0.000000,2,-108.98,-108.98,0,0,
09/21/2026,10:33:38:329,0.000000,0.000000,3,-79.51,-79.51,0,0,
09/21/2026,10:33:38:383,0.000000,0.000000,4,-117.41,-117.41,0,0,
09/21/2026,10:33:38:465,0.000000,0.000000,1,-112.05,-112.05,0,0,
09/21/2026,10:33:38:573,0.000000,0.000000,2,-109.3,-109.3,0,0,
09/21/2026,10:33:38:655,0.000000,0.000000,3,-82.57,-82.57,0,0,
09/21/2026,10:33:38:730,0.000000,0.000000,4,-114.24,-114.24,0,0,
09/21/2026,10:33:38:815,0.000000,0.000000,1,-112.31,-112.31,0,0,
09/21/2026,10:33:38:915,0.000000,0.000000,2,-108.09,-108.09,0,0,
09/21/2026,10:33:39:006,0.000000,0.000000,3,-80.7,-80.7,0,0,
09/21/2026,10:33:39:072,0.000000,0.000000,4,-114.6,-114.6,0,0,
09/21/2026,10:33:39:159,0.000000,0.000000,1,-112.08,-112.08,0,0,
09/21/2026,10:33:39:262,0.000000,0.000000,2,-107.14,-107.14,0,0,
09/21/2026,10:33:39:350,0.000000,0.000000,3,-81.36,-81.36,0,0,
09/21/2026,10:33:39:419,0.000000,0.000000,4,-116.16,-116.16,0,0,
09/21/2026,10:33:39:506,0.000000,0.000000,1,-111.67,-111.67,0,0,
09/21/2026,10:33:39:608,0.000000,0.000000,2,-110.3,-110.3,0,0,
09/21/2026,10:33:39:694,0.000000,0.000000,3,-83.69,-83.69,0,0,
09/21/2026,10:33:39:764,0.000000,0.000000,4,-114.01,-114.01,0,0,
09/21/2026,10:33:39:850,0.000000,0.000000,1,-111.58,-111.58,0,0,
09/21/2026,10:33:39:958,0.000000,0.000000,2,-110.5,-110.5,0,0,
09/21/2026,10:33:40:043,0.000000,0.000000,3,-85.23,-85.23,0,0,
09/21/2026,10:33:40:118,0.000000,0.000000,4,-116.5,-116.5,0,0,
09/21/2026,10:33:40:203,0.000000,0.000000,1,-111.88,-111.88,0,0,
09/21/2026,10:33:40:326,0.000000,0.000000,2,-109.05,-109.05,0,0,
09/21/2026,10:33:40:388,0.000000,0.000000,3,-82.22,-82.22,0,0,
09/21/2026,10:33:40:463,0.000000,0.000000,4,-114.59,-114.59,0,0,
09/21/2026,10:33:40:546,0.000000,0.000000,1,-112.68,-112.68,0,0,
09/21/2026,10:33:40:648,0.000000,0.000000,2,-110.54,-110.54,0,0,
09/21/2026,10:33:40:741,0.000000,0.000000,3,-84.06,-84.06,0,0,
09/21/2026,10:33:40:806,0.000000,0.000000,4,-115.65,-115.65,0,0,
09/21/2026,10:33:41:265,0.000000,0.000000,1,-111.15,-111.15,0,0,
09/21/2026,10:33:41:287,0.000000,0.000000,2,-108.14,-108.14,0,0,
09/21/2026,10:33:41:306,0.000000,0.000000,3,-87.82,-87.82,0,0,
09/21/2026,10:33:41:325,0.000000,0.000000,4,-117.25,-117.25,0,0,
09/21/2026,10:33:41:344,0.000000,0.000000,1,-112.18,-112.18,0,0,
09/21/2026,10:33:41:392,0.000000,0.000000,2,-109.31,-109.31,0,0,
09/21/2026,10:33:41:429,0.000000,0.000000,3,-82.97,-82.97,0,0,
09/21/2026,10:33:41:502,0.000000,0.000000,4,-115.17,-115.17,0,0,
09/21/2026,10:33:41:623,0.000000,0.000000,1,-112.82,-112.82,0,0,
09/21/2026,10:33:41:697,0.000000,0.000000,2,-108.96,-108.96,0,0,
09/21/2026,10:33:41:785,0.000000,0.000000,3,-84.24,-84.24,0,0,
09/21/2026,10:33:41:879,0.000000,0.000000,4,-116.04,-116.04,0,0,
09/21/2026,10:33:41:937,0.000000,0.000000,1,-113.32,-113.32,0,0,
09/21/2026,10:33:42:044,0.000000,0.000000,2,-110.46,-110.46,0,0,
09/21/2026,10:33:42:123,0.000000,0.000000,3,-88.59,-88.59,0,0,
09/21/2026,10:33:42:193,0.000000,0.000000,4,-114.47,-114.47,0,0,
09/21/2026,10:33:42:280,0.000000,0.000000,1,-112.6,-112.6,0,0,
09/21/2026,10:33:42:383,0.000000,0.000000,2,-111.11,-111.11,0,0,
09/21/2026,10:33:42:469,0.000000,0.000000,3,-86,-86,0,0,
09/21/2026,10:33:42:539,0.000000,0.000000,4,-115.78,-115.78,0,0,
09/21/2026,10:33:42:627,0.000000,0.000000,1,-111.53,-111.53,0,0,
09/21/2026,10:33:42:730,0.000000,0.000000,2,-110.19,-110.19,0,0,
09/21/2026,10:33:42:820,0.000000,0.000000,3,-87.97,-87.97,0,0,
09/21/2026,10:33:42:886,0.000000,0.000000,4,-115.86,-115.86,0,0,
09/21/2026,10:33:42:972,0.000000,0.000000,1,-112.97,-112.97,0,0,
09/21/2026,10:33:43:081,0.000000,0.000000,2,-110.13,-110.13,0,0,
09/21/2026,10:33:43:163,0.000000,0.000000,3,-91.36,-91.36,0,0,
09/21/2026,10:33:43:250,0.000000,0.000000,4,-116.52,-116.52,0,0,
09/21/2026,10:33:43:319,0.000000,0.000000,1,-109.98,-109.98,0,0,
09/21/2026,10:33:43:424,0.000000,0.000000,2,-110.22,-110.22,0,0,
09/21/2026,10:33:43:545,0.000000,0.000000,3,-86.71,-86.71,0,0,
09/21/2026,10:33:43:599,0.000000,0.000000,4,-113.7,-113.7,0,0,
09/21/2026,10:33:43:666,0.000000,0.000000,1,-112.2,-112.2,0,0,
09/21/2026,10:33:43:795,0.000000,0.000000,2,-111.29,-111.29,0,0,
09/21/2026,10:33:43:856,0.000000,0.000000,3,-84.54,-84.54,0,0,
09/21/2026,10:33:43:935,0.000000,0.000000,4,-113.4,-113.4,0,0,
09/21/2026,10:33:44:015,0.000000,0.000000,1,-110.68,-110.68,0,0,
09/21/2026,10:33:44:119,0.000000,0.000000,2,-109.55,-109.55,0,0,
09/21/2026,10:33:44:206,0.000000,0.000000,3,-87.74,-87.74,0,0,
09/21/2026,10:33:44:273,0.000000,0.000000,4,-114.85,-114.85,0,0,
09/21/2026,10:33:44:362,0.000000,0.000000,1,-112.54,-112.54,0,0,
09/21/2026,10:33:44:463,0.000000,0.000000,2,-109.18,-109.18,0,0,
09/21/2026,10:33:44:554,0.000000,0.000000,3,-87.47,-87.47,0,0,
09/21/2026,10:33:44:619,0.000000,0.000000,4,-116.31,-116.31,0,0,
09/21/2026,10:33:44:707,0.000000,0.000000,1,-111.73,-111.73,0,0,
09/21/2026,10:33:44:817,0.000000,0.000000,2,-110.47,-110.47,0,0,
09/21/2026,10:33:44:898,0.000000,0.000000,3,-83.14,-83.14,0,0,
09/21/2026,10:33:44:969,0.000000,0.000000,4,-116.92,-116.92,0,0,
09/21/2026,10:33:45:053,0.000000,0.000000,1,-109.48,-109.48,0,0,
09/21/2026,10:33:45:156,0.000000,0.000000,2,-108.72,-108.72,0,0,
09/21/2026,10:33:45:245,0.000000,0.000000,3,-81.62,-81.62,0,0,
09/21/2026,10:33:45:313,0.000000,0.000000,4,-116.55,-116.55,0,0,
09/21/2026,10:33:45:446,0.000000,0.000000,1,-111.03,-111.03,0,0,
09/21/2026,10:33:45:537,0.000000,0.000000,2,-108.39,-108.39,0,0,
09/21/2026,10:33:45:619,0.000000,0.000000,3,-81.32,-81.32,0,0,
09/21/2026,10:33:45:675,0.000000,0.000000,4,-114.06,-114.06,0,0,
09/21/2026,10:33:45:753,0.000000,0.000000,1,-111.14,-111.14,0,0,
09/21/2026,10:33:45:852,0.000000,0.000000,2,-111.95,-111.95,0,0,
09/21/2026,10:33:45:940,0.000000,0.000000,3,-79.35,-79.35,0,0,
09/21/2026,10:33:46:007,0.000000,0.000000,4,-114.88,-114.88,0,0,
09/21/2026,10:33:46:099,0.000000,0.000000,1,-110.09,-110.09,0,0,
09/21/2026,10:33:46:198,0.000000,0.000000,2,-109.38,-109.38,0,0,
09/21/2026,10:33:46:285,0.000000,0.000000,3,-80.27,-80.27,0,0,
09/21/2026,10:33:46:353,0.000000,0.000000,4,-115.03,-115.03,0,0,
09/21/2026,10:33:46:441,0.000000,0.000000,1,-113.08,-113.08,0,0,
09/21/2026,10:33:46:545,0.000000,0.000000,2,-108.69,-108.69,0,0,
09/21/2026,10:33:46:636,0.000000,0.000000,3,-83.67,-83.67,0,0,
09/21/2026,10:33:46:701,0.000000,0.000000,4,-116.48,-116.48,0,0,
09/21/2026,10:33:46:787,0.000000,0.000000,1,-109.86,-109.86,0,0,
09/21/2026,10:33:46:892,0.000000,0.000000,2,-107.42,-107.42,0,0,
09/21/2026,10:33:46:996,0.000000,0.000000,3,-81.68,-81.68,0,0,
09/21/2026,10:33:47:049,0.000000,0.000000,4,-115.44,-115.44,0,0,
09/21/2026,10:33:47:135,0.000000,0.000000,1,-111.18,-111.18,0,0,
09/21/2026,10:33:47:240,0.000000,0.000000,2,-108.5,-108.5,0,0,
09/21/2026,10:33:47:331,0.000000,0.000000,3,-77.73,-77.73,0,0,
09/21/2026,10:33:47:448,0.000000,0.000000,4,-113.58,-113.58,0,0,
09/21/2026,10:33:47:503,0.000000,0.000000,1,-111.61,-111.61,0,0,
09/21/2026,10:33:47:585,0.000000,0.000000,2,-106.63,-106.63,0,0,
09/21/2026,10:33:47:678,0.000000,0.000000,3,-76.9,-76.9,0,0,
09/21/2026,10:33:47:763,0.000000,0.000000,4,-114.72,-114.72,0,0,
09/21/2026,10:33:47:847,0.000000,0.000000,1,-111.66,-111.66,0,0,
09/21/2026,10:33:47:950,0.000000,0.000000,2,-108.09,-108.09,0,0,
09/21/2026,10:33:48:017,0.000000,0.000000,3,-79.92,-79.92,0,0,
09/21/2026,10:33:48:096,0.000000,0.000000,4,-114.19,-114.19,0,0,
09/21/2026,10:33:48:184,0.000000,0.000000,1,-112.49,-112.49,0,0,
09/21/2026,10:33:48:278,0.000000,0.000000,2,-111.49,-111.49,0,0,
09/21/2026,10:33:48:367,0.000000,0.000000,3,-79.3,-79.3,0,0,
09/21/2026,10:33:48:436,0.000000,0.000000,4,-114.8,-114.8,0,0,
09/21/2026,10:33:48:522,0.000000,0.000000,1,-112.15,-112.15,0,0,
09/21/2026,10:33:48:626,0.000000,0.000000,2,-109.9,-109.9,0,0,
09/21/2026,10:33:48:723,0.000000,0.000000,3,-78.44,-78.44,0,0,
09/21/2026,10:33:48:786,0.000000,0.000000,4,-116.87,-116.87,0,0,
09/21/2026,10:33:48:869,0.000000,0.000000,1,-113.06,-113.06,0,0,
09/21/2026,10:33:48:972,0.000000,0.000000,2,-110.42,-110.42,0,0,
09/21/2026,10:33:49:061,0.000000,0.000000,3,-81.66,-81.66,0,0,
09/21/2026,10:33:49:132,0.000000,0.000000,4,-115.11,-115.11,0,0,
09/21/2026,10:33:49:216,0.000000,0.000000,1,-111.56,-111.56,0,0,
09/21/2026,10:33:49:357,0.000000,0.000000,2,-110.13,-110.13,0,0,
09/21/2026,10:33:49:414,0.000000,0.000000,3,-84.59,-84.59,0,0,
09/21/2026,10:33:49:512,0.000000,0.000000,4,-115.72,-115.72,0,0,
09/21/2026,10:33:49:569,0.000000,0.000000,1,-112.02,-112.02,0,0,
09/21/2026,10:33:49:665,0.000000,0.000000,2,-109.94,-109.94,0,0,
09/21/2026,10:33:49:755,0.000000,0.000000,3,-80.46,-80.46,0,0,
09/21/2026,10:33:49:826,0.000000,0.000000,4,-115.8,-115.8,0,0,
09/21/2026,10:33:49:911,0.000000,0.000000,1,-113.6,-113.6,0,0,
09/21/2026,10:33:50:022,0.000000,0.000000,2,-110.37,-110.37,0,0,
09/21/2026,10:33:50:099,0.000000,0.000000,3,-80.25,-80.25,0,0,
09/21/2026,10:33:50:171,0.000000,0.000000,4,-112.61,-112.61,0,0,
09/21/2026,10:33:50:265,0.000000,0.000000,1,-111.18,-111.18,0,0,
09/21/2026,10:33:50:362,0.000000,0.000000,2,-109.2,-109.2,0,0,
09/21/2026,10:33:50:447,0.000000,0.000000,3,-84.28,-84.28,0,0,
09/21/2026,10:33:50:518,0.000000,0.000000,4,-116.04,-116.04,0,0,
09/21/2026,10:33:50:602,0.000000,0.000000,1,-111.97,-111.97,0,0,
09/21/2026,10:33:50:711,0.000000,0.000000,2,-109.23,-109.23,0,0,
09/21/2026,10:33:50:794,0.000000,0.000000,3,-84.2,-84.2,0,0,
09/21/2026,10:33:50:864,0.000000,0.000000,4,-115.05,-115.05,0,0,
09/21/2026,10:33:50:950,0.000000,0.000000,1,-113.06,-113.06,0,0,
09/21/2026,10:33:51:057,0.000000,0.000000,2,-109.7,-109.7,0,0,
09/21/2026,10:33:51:154,0.000000,0.000000,3,-86.94,-86.94,0,0,
09/21/2026,10:33:51:230,0.000000,0.000000,4,-117.31,-117.31,0,0,
09/21/2026,10:33:51:333,0.000000,0.000000,1,-112.19,-112.19,0,0,
09/21/2026,10:33:51:748,0.000000,0.000000,2,-109.65,-109.65,0,0,
09/21/2026,10:33:51:789,0.000000,0.000000,3,-83.04,-83.04,0,0,
09/21/2026,10:33:51:813,0.000000,0.000000,4,-114.88,-114.88,0,0,
09/21/2026,10:33:51:840,0.000000,0.000000,1,-110.72,-110.72,0,0,
09/21/2026,10:33:51:881,0.000000,0.000000,2,-108.39,-108.39,0,0,
09/21/2026,10:33:51:908,0.000000,0.000000,3,-82.74,-82.74,0,0,
09/21/2026,10:33:51:930,0.000000,0.000000,4,-114.87,-114.87,0,0,
09/21/2026,10:33:51:993,0.000000,0.000000,1,-111.96,-111.96,0,0,
09/21/2026,10:33:52:094,0.000000,0.000000,2,-110.25,-110.25,0,0,
09/21/2026,10:33:52:182,0.000000,0.000000,3,-80.65,-80.65,0,0,
09/21/2026,10:33:52:256,0.000000,0.000000,4,-116.22,-116.22,0,0,
09/21/2026,10:33:52:338,0.000000,0.000000,1,-111.47,-111.47,0,0,
09/21/2026,10:33:52:441,0.000000,0.000000,2,-109.86,-109.86,0,0,
09/21/2026,10:33:52:529,0.000000,0.000000,3,-80.79,-80.79,0,0,
09/21/2026,10:33:52:599,0.000000,0.000000,4,-117.4,-117.4,0,0,
09/21/2026,10:33:52:685,0.000000,0.000000,1,-112.7,-112.7,0,0,
09/21/2026,10:33:52:805,0.000000,0.000000,2,-109.05,-109.05,0,0,
09/21/2026,10:33:52:917,0.000000,0.000000,3,-84.65,-84.65,0,0,
09/21/2026,10:33:52:971,0.000000,0.000000,4,-116.64,-116.64,0,0,
09/21/2026,10:33:53:052,0.000000,0.000000,1,-113.22,-113.22,0,0,
09/21/2026,10:33:53:136,0.000000,0.000000,2,-109.43,-109.43,0,0,
09/21/2026,10:33:53:225,0.000000,0.000000,3,-83.56,-83.56,0,0,
09/21/2026,10:33:53:292,0.000000,0.000000,4,-115.72,-115.72,0,0,
09/21/2026,10:33:53:378,0.000000,0.000000,1,-111.61,-111.61,0,0,
09/21/2026,10:33:53:482,0.000000,0.000000,2,-109.6,-109.6,0,0,
09/21/2026,10:33:53:574,0.000000,0.000000,3,-89.23,-89.23,0,0,
09/21/2026,10:33:53:638,0.000000,0.000000,4,-116.91,-116.91,0,0,
09/21/2026,10:33:53:728,0.000000,0.000000,1,-113.22,-113.22,0,0,
09/21/2026,10:33:53:831,0.000000,0.000000,2,-107.44,-107.44,0,0,
09/21/2026,10:33:53:919,0.000000,0.000000,3,-95.04,-95.04,0,0,
09/21/2026,10:33:53:985,0.000000,0.000000,4,-114.97,-114.97,0,0,
09/21/2026,10:33:54:071,0.000000,0.000000,1,-112.6,-112.6,0,0,
09/21/2026,10:33:54:184,0.000000,0.000000,2,-110.08,-110.08,0,0,
09/21/2026,10:33:54:268,0.000000,0.000000,3,-91.8,-91.8,0,0,
09/21/2026,10:33:54:336,0.000000,0.000000,4,-114.21,-114.21,0,0,
09/21/2026,10:33:54:427,0.000000,0.000000,1,-113.44,-113.44,0,0,
09/21/2026,10:33:54:524,0.000000,0.000000,2,-109.4,-109.4,0,0,
09/21/2026,10:33:54:612,0.000000,0.000000,3,-89.3,-89.3,0,0,
09/21/2026,10:33:54:678,0.000000,0.000000,4,-115.21,-115.21,0,0,
09/21/2026,10:33:54:766,0.000000,0.000000,1,-110.96,-110.96,0,0,
09/21/2026,10:33:54:901,0.000000,0.000000,2,-109.78,-109.78,0,0,
09/21/2026,10:33:54:993,0.000000,0.000000,3,-82.91,-82.91,0,0,
09/21/2026,10:33:55:060,0.000000,0.000000,4,-116.52,-116.52,0,0,
09/21/2026,10:33:55:137,0.000000,0.000000,1,-109.65,-109.65,0,0,
09/21/2026,10:33:55:238,0.000000,0.000000,2,-107.9,-107.9,0,0,
09/21/2026,10:33:55:303,0.000000,0.000000,3,-82.78,-82.78,0,0,
09/21/2026,10:33:55:373,0.000000,0.000000,4,-114.22,-114.22,0,0,
09/21/2026,10:33:55:472,0.000000,0.000000,1,-110.39,-110.39,0,0,
09/21/2026,10:33:55:567,0.000000,0.000000,2,-107.43,-107.43,0,0,
09/21/2026,10:33:55:653,0.000000,0.000000,3,-79.67,-79.67,0,0,
09/21/2026,10:33:55:726,0.000000,0.000000,4,-114.22,-114.22,0,0,
09/21/2026,10:33:55:807,0.000000,0.000000,1,-109.24,-109.24,0,0,
09/21/2026,10:33:55:908,0.000000,0.000000,2,-108.74,-108.74,0,0,
09/21/2026,10:33:55:999,0.000000,0.000000,3,-77.03,-77.03,0,0,
09/21/2026,10:33:56:067,0.000000,0.000000,4,-114.55,-114.55,0,0,
09/21/2026,10:33:56:154,0.000000,0.000000,1,-111.27,-111.27,0,0,
09/21/2026,10:33:56:257,0.000000,0.000000,2,-109.54,-109.54,0,0,
09/21/2026,10:33:56:346,0.000000,0.000000,3,-76.47,-76.47,0,0,
09/21/2026,10:33:56:412,0.000000,0.000000,4,-114.67,-114.67,0,0,
09/21/2026,10:33:56:502,0.000000,0.000000,1,-112.03,-112.03,0,0,
09/21/2026,10:33:56:604,0.000000,0.000000,2,-109.71,-109.71,0,0,
09/21/2026,10:33:56:689,0.000000,0.000000,3,-76.53,-76.53,0,0,
09/21/2026,10:33:56:775,0.000000,0.000000,4,-115.52,-115.52,0,0,
09/21/2026,10:33:56:870,0.000000,0.000000,1,-111.85,-111.85,0,0,
09/21/2026,10:33:56:950,0.000000,0.000000,2,-108.48,-108.48,0,0,
09/21/2026,10:33:57:037,0.000000,0.000000,3,-75.2,-75.2,0,0,
09/21/2026,10:33:57:105,0.000000,0.000000,4,-115.79,-115.79,0,0,
09/21/2026,10:33:57:195,0.000000,0.000000,1,-113.05,-113.05,0,0,
09/21/2026,10:33:57:298,0.000000,0.000000,2,-109.36,-109.36,0,0,
09/21/2026,10:33:57:384,0.000000,0.000000,3,-74.1,-74.1,0,0,
09/21/2026,10:33:57:454,0.000000,0.000000,4,-115.45,-115.45,0,0,
09/21/2026,10:33:57:540,0.000000,0.000000,1,-113.27,-113.27,0,0,
09/21/2026,10:33:57:646,0.000000,0.000000,2,-109.25,-109.25,0,0,
09/21/2026,10:33:57:734,0.000000,0.000000,3,-77.01,-77.01,0,0,
09/21/2026,10:33:57:799,0.000000,0.000000,4,-115.11,-115.11,0,0,
09/21/2026,10:33:57:887,0.000000,0.000000,1,-111.66,-111.66,0,0,
09/21/2026,10:33:58:014,0.000000,0.000000,2,-108.62,-108.62,0,0,
09/21/2026,10:33:58:079,0.000000,0.000000,3,-76.01,-76.01,0,0,
09/21/2026,10:33:58:148,0.000000,0.000000,4,-115.89,-115.89,0,0,
09/21/2026,10:33:58:234,0.000000,0.000000,1,-112.53,-112.53,0,0,
09/21/2026,10:33:58:351,0.000000,0.000000,2,-108.01,-108.01,0,0,
09/21/2026,10:33:58:427,0.000000,0.000000,3,-76.27,-76.27,0,0,
09/21/2026,10:33:58:519,0.000000,0.000000,4,-114.79,-114.79,0,0,
09/21/2026,10:33:58:620,0.000000,0.000000,1,-112.54,-112.54,0,0,
09/21/2026,10:33:58:698,0.000000,0.000000,2,-109.15,-109.15,0,0,
09/21/2026,10:33:58:781,0.000000,0.000000,3,-77.36,-77.36,0,0,
09/21/2026,10:33:58:886,0.000000,0.000000,4,-116.11,-116.11,0,0,
09/21/2026,10:33:58:931,0.000000,0.000000,1,-112.33,-112.33,0,0,
09/21/2026,10:33:59:032,0.000000,0.000000,2,-109.32,-109.32,0,0,
09/21/2026,10:33:59:121,0.000000,0.000000,3,-82.27,-82.27,0,0,
09/21/2026,10:33:59:192,0.000000,0.000000,4,-115.85,-115.85,0,0,
09/21/2026,10:33:59:290,0.000000,0.000000,1,-112.24,-112.24,0,0,
09/21/2026,10:33:59:379,0.000000,0.000000,2,-111.01,-111.01,0,0,
09/21/2026,10:33:59:465,0.000000,0.000000,3,-87.08,-87.08,0,0,
09/21/2026,10:33:59:540,0.000000,0.000000,4,-115.74,-115.74,0,0,
09/21/2026,10:33:59:621,0.000000,0.000000,1,-111.89,-111.89,0,0,
09/21/2026,10:33:59:724,0.000000,0.000000,2,-110.14,-110.14,0,0,
09/21/2026,10:33:59:819,0.000000,0.000000,3,-99.57,-99.57,0,0,
09/21/2026,10:33:59:886,0.000000,0.000000,4,-114.05,-114.05,0,0,
09/21/2026,10:33:59:966,0.000000,0.000000,1,-112.06,-112.06,0,0,
09/21/2026,10:34:00:071,0.000000,0.000000,2,-110.43,-110.43,0,0,
09/21/2026,10:34:00:160,0.000000,0.000000,3,-82.73,-82.73,0,0,
09/21/2026,10:34:00:231,0.000000,0.000000,4,-116.8,-116.8,0,0,
09/21/2026,10:34:00:336,0.000000,0.000000,1,-109.99,-109.99,0,0,
09/21/2026,10:34:00:450,0.000000,0.000000,2,-109.58,-109.58,0,0,
09/21/2026,10:34:00:534,0.000000,0.000000,3,-82.21,-82.21,0,0,
09/21/2026,10:34:00:574,0.000000,0.000000,4,-115.47,-115.47,0,0,
09/21/2026,10:34:00:678,0.000000,0.000000,1,-112.09,-112.09,0,0,
09/21/2026,10:34:00:767,0.000000,0.000000,2,-109.45,-109.45,0,0,
09/21/2026,10:34:00:852,0.000000,0.000000,3,-80.65,-80.65,0,0,
09/21/2026,10:34:00:921,0.000000,0.000000,4,-115.24,-115.24,0,0,
09/21/2026,10:34:01:010,0.000000,0.000000,1,-111.87,-111.87,0,0,
09/21/2026,10:34:01:123,0.000000,0.000000,2,-110.08,-110.08,0,0,
09/21/2026,10:34:01:198,0.000000,0.000000,3,-78.88,-78.88,0,0,
09/21/2026,10:34:01:267,0.000000,0.000000,4,-113.61,-113.61,0,0,
09/21/2026,10:34:01:354,0.000000,0.000000,1,-111.05,-111.05,0,0,
09/21/2026,10:34:01:463,0.000000,0.000000,2,-110.17,-110.17,0,0,
09/21/2026,10:34:01:545,0.000000,0.000000,3,-79.07,-79.07,0,0,
09/21/2026,10:34:01:614,0.000000,0.000000,4,-115.99,-115.99,0,0,
09/21/2026,10:34:01:701,0.000000,0.000000,1,-110.75,-110.75,0,0,
09/21/2026,10:34:01:805,0.000000,0.000000,2,-109.31,-109.31,0,0,
09/21/2026,10:34:02:280,0.000000,0.000000,3,-78.63,-78.63,0,0,
09/21/2026,10:34:02:328,0.000000,0.000000,4,-114.82,-114.82,0,0,
09/21/2026,10:34:02:379,0.000000,0.000000,1,-111.27,-111.27,0,0,
09/21/2026,10:34:02:431,0.000000,0.000000,2,-107.97,-107.97,0,0,
09/21/2026,10:34:02:451,0.000000,0.000000,3,-79.94,-79.94,0,0,
09/21/2026,10:34:02:495,0.000000,0.000000,4,-113.61,-113.61,0,0,
09/21/2026,10:34:02:521,0.000000,0.000000,1,-111.38,-111.38,0,0,
09/21/2026,10:34:02:554,0.000000,0.000000,2,-109.75,-109.75,0,0,
09/21/2026,10:34:02:584,0.000000,0.000000,3,-75.8,-75.8,0,0,
09/21/2026,10:34:02:654,0.000000,0.000000,4,-114.8,-114.8,0,0,
09/21/2026,10:34:02:742,0.000000,0.000000,1,-112.22,-112.22,0,0,
09/21/2026,10:34:02:845,0.000000,0.000000,2,-110.15,-110.15,0,0,
09/21/2026,10:34:02:931,0.000000,0.000000,3,-73.5,-73.5,0,0,
09/21/2026,10:34:03:002,0.000000,0.000000,4,-115.22,-115.22,0,0,
09/21/2026,10:34:03:086,0.000000,0.000000,1,-110.85,-110.85,0,0,
09/21/2026,10:34:03:192,0.000000,0.000000,2,-108.29,-108.29,0,0,
09/21/2026,10:34:03:279,0.000000,0.000000,3,-77.46,-77.46,0,0,
09/21/2026,10:34:03:348,0.000000,0.000000,4,-116.47,-116.47,0,0,
09/21/2026,10:34:03:435,0.000000,0.000000,1,-110.86,-110.86,0,0,
09/21/2026,10:34:03:537,0.000000,0.000000,2,-109.26,-109.26,0,0,
09/21/2026,10:34:03:633,0.000000,0.000000,3,-75.42,-75.42,0,0,
09/21/2026,10:34:03:696,0.000000,0.000000,4,-112.36,-112.36,0,0,
09/21/2026,10:34:03:781,0.000000,0.000000,1,-112.46,-112.46,0,0,
09/21/2026,10:34:03:885,0.000000,0.000000,2,-109.63,-109.63,0,0,
09/21/2026,10:34:03:973,0.000000,0.000000,3,-75.85,-75.85,0,0,
09/21/2026,10:34:04:054,0.000000,0.000000,4,-113.56,-113.56,0,0,
09/21/2026,10:34:04:132,0.000000,0.000000,1,-110.94,-110.94,0,0,
09/21/2026,10:34:04:251,0.000000,0.000000,2,-108.02,-108.02,0,0,
09/21/2026,10:34:04:327,0.000000,0.000000,3,-78.24,-78.24,0,0,
09/21/2026,10:34:04:416,0.000000,0.000000,4,-116.68,-116.68,0,0,
09/21/2026,10:34:04:484,0.000000,0.000000,1,-111.67,-111.67,0,0,
09/21/2026,10:34:04:580,0.000000,0.000000,2,-110.47,-110.47,0,0,
09/21/2026,10:34:04:667,0.000000,0.000000,3,-74.66,-74.66,0,0,
09/21/2026,10:34:04:734,0.000000,0.000000,4,-111.39,-111.39,0,0,
09/21/2026,10:34:04:823,0.000000,0.000000,1,-111.72,-111.72,0,0,
09/21/2026,10:34:04:925,0.000000,0.000000,2,-109.66,-109.66,0,0,
09/21/2026,10:34:05:013,0.000000,0.000000,3,-77.42,-77.42,0,0,
09/21/2026,10:34:05:085,0.000000,0.000000,4,-113.72,-113.72,0,0,
09/21/2026,10:34:05:170,0.000000,0.000000,1,-110.14,-110.14,0,0,
09/21/2026,10:34:05:274,0.000000,0.000000,2,-109.85,-109.85,0,0,
09/21/2026,10:34:05:361,0.000000,0.000000,3,-79.71,-79.71,0,0,
09/21/2026,10:34:05:429,0.000000,0.000000,4,-114.45,-114.45,0,0,
09/21/2026,10:34:05:516,0.000000,0.000000,1,-111.3,-111.3,0,0,
09/21/2026,10:34:05:622,0.000000,0.000000,2,-109.25,-109.25,0,0,
09/21/2026,10:34:05:705,0.000000,0.000000,3,-79.27,-79.27,0,0,
09/21/2026,10:34:05:776,0.000000,0.000000,4,-115.31,-115.31,0,0,
09/21/2026,10:34:05:862,0.000000,0.000000,1,-110.35,-110.35,0,0,
09/21/2026,10:34:05:993,0.000000,0.000000,2,-107.97,-107.97,0,0,
09/21/2026,10:34:06:074,0.000000,0.000000,3,-85.04,-85.04,0,0,
09/21/2026,10:34:06:129,0.000000,0.000000,4,-114.56,-114.56,0,0,
09/21/2026,10:34:06:208,0.000000,0.000000,1,-110.29,-110.29,0,0,
09/21/2026,10:34:06:313,0.000000,0.000000,2,-107.37,-107.37,0,0,
09/21/2026,10:34:06:401,0.000000,0.000000,3,-79.21,-79.21,0,0,
09/21/2026,10:34:06:472,0.000000,0.000000,4,-112.33,-112.33,0,0,
09/21/2026,10:34:06:556,0.000000,0.000000,1,-111.4,-111.4,0,0,
09/21/2026,10:34:06:660,0.000000,0.000000,2,-108.97,-108.97,0,0,
09/21/2026,10:34:06:745,0.000000,0.000000,3,-72.94,-72.94,0,0,
09/21/2026,10:34:06:821,0.000000,0.000000,4,-112.87,-112.87,0,0,
09/21/2026,10:34:06:902,0.000000,0.000000,1,-112.27,-112.27,0,0,
09/21/2026,10:34:07:006,0.000000,0.000000,2,-109.63,-109.63,0,0,
09/21/2026,10:34:07:093,0.000000,0.000000,3,-76.15,-76.15,0,0,
09/21/2026,10:34:07:180,0.000000,0.000000,4,-115.69,-115.69,0,0,
09/21/2026,10:34:07:255,0.000000,0.000000,1,-110.73,-110.73,0,0,
09/21/2026,10:34:07:364,0.000000,0.000000,2,-110.25,-110.25,0,0,
09/21/2026,10:34:07:439,0.000000,0.000000,3,-83.61,-83.61,0,0,
09/21/2026,10:34:07:510,0.000000,0.000000,4,-115.05,-115.05,0,0,
09/21/2026,10:34:07:598,0.000000,0.000000,1,-111.6,-111.6,0,0,
09/21/2026,10:34:07:722,0.000000,0.000000,2,-111.29,-111.29,0,0,
09/21/2026,10:34:07:808,0.000000,0.000000,3,-84.28,-84.28,0,0,
09/21/2026,10:34:07:877,0.000000,0.000000,4,-113.91,-113.91,0,0,
09/21/2026,10:34:07:963,0.000000,0.000000,1,-113.03,-113.03,0,0,
09/21/2026,10:34:08:047,0.000000,0.000000,2,-108.85,-108.85,0,0,
09/21/2026,10:34:08:140,0.000000,0.000000,3,-82.92,-82.92,0,0,
09/21/2026,10:34:08:203,0.000000,0.000000,4,-115.43,-115.43,0,0,
09/21/2026,10:34:08:293,0.000000,0.000000,1,-112.23,-112.23,0,0,
09/21/2026,10:34:08:395,0.000000,0.000000,2,-108.81,-108.81,0,0,
09/21/2026,10:34:08:480,0.000000,0.000000,3,-74.22,-74.22,0,0,
09/21/2026,10:34:08:551,0.000000,0.000000,4,-114.36,-114.36,0,0,
09/21/2026,10:34:08:638,0.000000,0.000000,1,-111.42,-111.42,0,0,
09/21/2026,10:34:08:760,0.000000,0.000000,2,-107.36,-107.36,0,0,
09/21/2026,10:34:08:827,0.000000,0.000000,3,-74.1,-74.1,0,0,
09/21/2026,10:34:08:897,0.000000,0.000000,4,-114.4,-114.4,0,0,
09/21/2026,10:34:08:983,0.000000,0.000000,1,-111.59,-111.59,0,0,
09/21/2026,10:34:09:089,0.000000,0.000000,2,-109.49,-109.49,0,0,
09/21/2026,10:34:09:173,0.000000,0.000000,3,-78.51,-78.51,0,0,
09/21/2026,10:34:09:244,0.000000,0.000000,4,-114.73,-114.73,0,0,
09/21/2026,10:34:09:334,0.000000,0.000000,1,-111.59,-111.59,0,0,
09/21/2026,10:34:09:434,0.000000,0.000000,2,-108.73,-108.73,0,0,
09/21/2026,10:34:09:532,0.000000,0.000000,3,-78.54,-78.54,0,0,
09/21/2026,10:34:09:615,0.000000,0.000000,4,-114.03,-114.03,0,0,
09/21/2026,10:34:09:732,0.000000,0.000000,1,-109.65,-109.65,0,0,
09/21/2026,10:34:09:797,0.000000,0.000000,2,-107.35,-107.35,0,0,
09/21/2026,10:34:09:878,0.000000,0.000000,3,-73.74,-73.74,0,0,
09/21/2026,10:34:09:938,0.000000,0.000000,4,-116.93,-116.93,0,0,
09/21/2026,10:34:10:033,0.000000,0.000000,1,-109.07,-109.07,0,0,
09/21/2026,10:34:10:128,0.000000,0.000000,2,-109.72,-109.72,0,0,
09/21/2026,10:34:10:219,0.000000,0.000000,3,-74.07,-74.07,0,0,
09/21/2026,10:34:10:286,0.000000,0.000000,4,-115.62,-115.62,0,0,
09/21/2026,10:34:10:373,0.000000,0.000000,1,-111.4,-111.4,0,0,
09/21/2026,10:34:10:475,0.000000,0.000000,2,-108.8,-108.8,0,0,
09/21/2026,10:34:10:567,0.000000,0.000000,3,-76.28,-76.28,0,0,
09/21/2026,10:34:10:640,0.000000,0.000000,4,-113.87,-113.87,0,0,
09/21/2026,10:34:10:724,0.000000,0.000000,1,-111.88,-111.88,0,0,
09/21/2026,10:34:10:821,0.000000,0.000000,2,-108.92,-108.92,0,0,
09/21/2026,10:34:10:910,0.000000,0.000000,3,-79.54,-79.54,0,0,
09/21/2026,10:34:10:979,0.000000,0.000000,4,-115.03,-115.03,0,0,
09/21/2026,10:34:11:066,0.000000,0.000000,1,-110.8,-110.8,0,0,
09/21/2026,10:34:11:180,0.000000,0.000000,2,-108.06,-108.06,0,0,
09/21/2026,10:34:11:256,0.000000,0.000000,3,-83.66,-83.66,0,0,
09/21/2026,10:34:11:324,0.000000,0.000000,4,-115.75,-115.75,0,0,
09/21/2026,10:34:11:412,0.000000,0.000000,1,-111.1,-111.1,0,0,
09/21/2026,10:34:11:514,0.000000,0.000000,2,-111.49,-111.49,0,0,
09/21/2026,10:34:11:656,0.000000,0.000000,3,-88.49,-88.49,0,0,
09/21/2026,10:34:11:671,0.000000,0.000000,4,-115.39,-115.39,0,0,
09/21/2026,10:34:11:760,0.000000,0.000000,1,-111.43,-111.43,0,0,
09/21/2026,10:34:11:873,0.000000,0.000000,2,-110.91,-110.91,0,0,
09/21/2026,10:34:11:948,0.000000,0.000000,3,-82.83,-82.83,0,0,
09/21/2026,10:34:12:018,0.000000,0.000000,4,-114.22,-114.22,0,0,
09/21/2026,10:34:12:105,0.000000,0.000000,1,-112.3,-112.3,0,0,
09/21/2026,10:34:12:210,0.000000,0.000000,2,-108.64,-108.64,0,0,
09/21/2026,10:34:12:297,0.000000,0.000000,3,-87.24,-87.24,0,0,
09/21/2026,10:34:12:363,0.000000,0.000000,4,-113.62,-113.62,0,0,
09/21/2026,10:34:12:453,0.000000,0.000000,1,-110.78,-110.78,0,0,
09/21/2026,10:34:12:558,0.000000,0.000000,2,-108.56,-108.56,0,0,
09/21/2026,10:34:12:644,0.000000,0.000000,3,-94.78,-94.78,0,0,
09/21/2026,10:34:12:712,0.000000,0.000000,4,-116.97,-116.97,0,0,
09/21/2026,10:34:12:803,0.000000,0.000000,1,-112.34,-112.34,0,0,
09/21/2026,10:34:12:901,0.000000,0.000000,2,-109.91,-109.91,0,0,
09/21/2026,10:34:12:988,0.000000,0.000000,3,-82.37,-82.37,0,0,
09/21/2026,10:34:13:059,0.000000,0.000000,4,-116.27,-116.27,0,0,
09/21/2026,10:34:13:146,0.000000,0.000000,1,-110.82,-110.82,0,0,
09/21/2026,10:34:13:290,0.000000,0.000000,2,-109.09,-109.09,0,0,
09/21/2026,10:34:13:367,0.000000,0.000000,3,-89.11,-89.11,0,0,
09/21/2026,10:34:13:435,0.000000,0.000000,4,-115.58,-115.58,0,0,
09/21/2026,10:34:13:528,0.000000,0.000000,1,-110.97,-110.97,0,0,
09/21/2026,10:34:13:602,0.000000,0.000000,2,-108.99,-108.99,0,0,
09/21/2026,10:34:13:683,0.000000,0.000000,3,-83.31,-83.31,0,0,
09/21/2026,10:34:13:752,0.000000,0.000000,4,-115.01,-115.01,0,0,
09/21/2026,10:34:13:840,0.000000,0.000000,1,-111.44,-111.44,0,0,
09/21/2026,10:34:13:942,0.000000,0.000000,2,-109.68,-109.68,0,0,
09/21/2026,10:34:14:030,0.000000,0.000000,3,-83.44,-83.44,0,0,
09/21/2026,10:34:14:098,0.000000,0.000000,4,-115.85,-115.85,0,0,
09/21/2026,10:34:14:188,0.000000,0.000000,1,-108.76,-108.76,0,0,
09/21/2026,10:34:14:289,0.000000,0.000000,2,-111.11,-111.11,0,0,
09/21/2026,10:34:14:377,0.000000,0.000000,3,-77.18,-77.18,0,0,
09/21/2026,10:34:14:446,0.000000,0.000000,4,-113.91,-113.91,0,0,
09/21/2026,10:34:14:537,0.000000,0.000000,1,-110.7,-110.7,0,0,
09/21/2026,10:34:14:655,0.000000,0.000000,2,-109.15,-109.15,0,0,
09/21/2026,10:34:14:723,0.000000,0.000000,3,-90.39,-90.39,0,0,
09/21/2026,10:34:14:791,0.000000,0.000000,4,-116,-116,0,0,
09/21/2026,10:34:14:884,0.000000,0.000000,1,-110.82,-110.82,0,0,
09/21/2026,10:34:14:985,0.000000,0.000000,2,-109.08,-109.08,0,0,
09/21/2026,10:34:15:072,0.000000,0.000000,3,-83.43,-83.43,0,0,
09/21/2026,10:34:15:165,0.000000,0.000000,4,-114.42,-114.42,0,0,
09/21/2026,10:34:15:226,0.000000,0.000000,1,-112.14,-112.14,0,0,
09/21/2026,10:34:15:348,0.000000,0.000000,2,-110.74,-110.74,0,0,
09/21/2026,10:34:15:417,0.000000,0.000000,3,-80.17,-80.17,0,0,
09/21/2026,10:34:15:488,0.000000,0.000000,4,-116.56,-116.56,0,0,
09/21/2026,10:34:15:573,0.000000,0.000000,1,-110.22,-110.22,0,0,
09/21/2026,10:34:15:679,0.000000,0.000000,2,-111.77,-111.77,0,0,
09/21/2026,10:34:15:764,0.000000,0.000000,3,-86.86,-86.86,0,0,
09/21/2026,10:34:15:835,0.000000,0.000000,4,-116.04,-116.04,0,0,
09/21/2026,10:34:15:920,0.000000,0.000000,1,-111.01,-111.01,0,0,
09/21/2026,10:34:16:025,0.000000,0.000000,2,-111.01,-111.01,0,0,
09/21/2026,10:34:16:112,0.000000,0.000000,3,-85.12,-85.12,0,0,
09/21/2026,10:34:16:182,0.000000,0.000000,4,-116.97,-116.97,0,0,
09/21/2026,10:34:16:268,0.000000,0.000000,1,-111.85,-111.85,0,0,
09/21/2026,10:34:16:370,0.000000,0.000000,2,-109.94,-109.94,0,0,
09/21/2026,10:34:16:459,0.000000,0.000000,3,-83.74,-83.74,0,0,
09/21/2026,10:34:16:528,0.000000,0.000000,4,-115.8,-115.8,0,0,
09/21/2026,10:34:16:615,0.000000,0.000000,1,-109.74,-109.74,0,0,
09/21/2026,10:34:16:724,0.000000,0.000000,2,-107.87,-107.87,0,0,
09/21/2026,10:34:16:811,0.000000,0.000000,3,-77.23,-77.23,0,0,
09/21/2026,10:34:16:880,0.000000,0.000000,4,-116.84,-116.84,0,0,
09/21/2026,10:34:16:960,0.000000,0.000000,1,-109.74,-109.74,0,0,
09/21/2026,10:34:17:120,0.000000,0.000000,2,-109.55,-109.55,0,0,
09/21/2026,10:34:17:173,0.000000,0.000000,3,-81.81,-81.81,0,0,
09/21/2026,10:34:17:222,0.000000,0.000000,4,-116.45,-116.45,0,0,
09/21/2026,10:34:17:352,0.000000,0.000000,1,-111.35,-111.35,0,0,
09/21/2026,10:34:17:786,0.000000,0.000000,2,-109.21,-109.21,0,0,
09/21/2026,10:34:17:812,0.000000,0.000000,3,-76.34,-76.34,0,0,
09/21/2026,10:34:17:835,0.000000,0.000000,4,-115.8,-115.8,0,0,
09/21/2026,10:34:17:854,0.000000,0.000000,1,-112.18,-112.18,0,0,
09/21/2026,10:34:17:883,0.000000,0.000000,2,-108.53,-108.53,0,0,
09/21/2026,10:34:17:909,0.000000,0.000000,3,-80.24,-80.24,0,0,
09/21/2026,10:34:17:924,0.000000,0.000000,4,-114.58,-114.58,0,0,
09/21/2026,10:34:18:003,0.000000,0.000000,1,-110.6,-110.6,0,0,
09/21/2026,10:34:18:112,0.000000,0.000000,2,-108.23,-108.23,0,0,
09/21/2026,10:34:18:191,0.000000,0.000000,3,-75.5,-75.5,0,0,
09/21/2026,10:34:18:261,0.000000,0.000000,4,-116.79,-116.79,0,0,
09/21/2026,10:34:18:348,0.000000,0.000000,1,-109.53,-109.53,0,0,
09/21/2026,10:34:18:458,0.000000,0.000000,2,-106.31,-106.31,0,0,
09/21/2026,10:34:18:540,0.000000,0.000000,3,-75.3,-75.3,0,0,
09/21/2026,10:34:18:606,0.000000,0.000000,4,-115.34,-115.34,0,0,
09/21/2026,10:34:18:693,0.000000,0.000000,1,-109.24,-109.24,0,0,
09/21/2026,10:34:18:808,0.000000,0.000000,2,-107.81,-107.81,0,0,
09/21/2026,10:34:18:887,0.000000,0.000000,3,-77.76,-77.76,0,0,
09/21/2026,10:34:18:969,0.000000,0.000000,4,-114.48,-114.48,0,0,
09/21/2026,10:34:19:055,0.000000,0.000000,1,-109.33,-109.33,0,0,
09/21/2026,10:34:19:160,0.000000,0.000000,2,-106.82,-106.82,0,0,
09/21/2026,10:34:19:236,0.000000,0.000000,3,-79.85,-79.85,0,0,
09/21/2026,10:34:19:303,0.000000,0.000000,4,-117.09,-117.09,0,0,
09/21/2026,10:34:19:391,0.000000,0.000000,1,-109.39,-109.39,0,0,
09/21/2026,10:34:19:492,0.000000,0.000000,2,-108.07,-108.07,0,0,
09/21/2026,10:34:19:578,0.000000,0.000000,3,-81.98,-81.98,0,0,
09/21/2026,10:34:19:648,0.000000,0.000000,4,-117.5,-117.5,0,0,
09/21/2026,10:34:19:734,0.000000,0.000000,1,-110.77,-110.77,0,0,
09/21/2026,10:34:19:840,0.000000,0.000000,2,-108.76,-108.76,0,0,
09/21/2026,10:34:19:926,0.000000,0.000000,3,-92.15,-92.15,0,0,
09/21/2026,10:34:19:997,0.000000,0.000000,4,-116.33,-116.33,0,0,
09/21/2026,10:34:20:081,0.000000,0.000000,1,-113.16,-113.16,0,0,
09/21/2026,10:34:20:186,0.000000,0.000000,2,-108.38,-108.38,0,0,
09/21/2026,10:34:20:281,0.000000,0.000000,3,-90.87,-90.87,0,0,
09/21/2026,10:34:20:341,0.000000,0.000000,4,-116.4,-116.4,0,0,
09/21/2026,10:34:20:428,0.000000,0.000000,1,-113.26,-113.26,0,0,
09/21/2026,10:34:20:530,0.000000,0.000000,2,-109.84,-109.84,0,0,
09/21/2026,10:34:20:621,0.000000,0.000000,3,-91.34,-91.34,0,0,
09/21/2026,10:34:20:690,0.000000,0.000000,4,-114.41,-114.41,0,0,
09/21/2026,10:34:20:808,0.000000,0.000000,1,-111.88,-111.88,0,0,
09/21/2026,10:34:20:927,0.000000,0.000000,2,-109.28,-109.28,0,0,
09/21/2026,10:34:21:011,0.000000,0.000000,3,-83.18,-83.18,0,0,
09/21/2026,10:34:21:095,0.000000,0.000000,4,-116.73,-116.73,0,0,
09/21/2026,10:34:21:135,0.000000,0.000000,1,-110.28,-110.28,0,0,
09/21/2026,10:34:21:224,0.000000,0.000000,2,-107.82,-107.82,0,0,
09/21/2026,10:34:21:313,0.000000,0.000000,3,-82.46,-82.46,0,0,
09/21/2026,10:34:21:388,0.000000,0.000000,4,-116.82,-116.82,0,0,
09/21/2026,10:34:21:470,0.000000,0.000000,1,-110.14,-110.14,0,0,
09/21/2026,10:34:21:572,0.000000,0.000000,2,-106.5,-106.5,0,0,
09/21/2026,10:34:21:660,0.000000,0.000000,3,-79.58,-79.58,0,0,
09/21/2026,10:34:21:728,0.000000,0.000000,4,-116.28,-116.28,0,0,
09/21/2026,10:34:21:818,0.000000,0.000000,1,-108.98,-108.98,0,0,
09/21/2026,10:34:21:919,0.000000,0.000000,2,-108.57,-108.57,0,0,
09/21/2026,10:34:22:011,0.000000,0.000000,3,-81.88,-81.88,0,0,
09/21/2026,10:34:22:081,0.000000,0.000000,4,-114.07,-114.07,0,0,
09/21/2026,10:34:22:160,0.000000,0.000000,1,-111.04,-111.04,0,0,
09/21/2026,10:34:22:266,0.000000,0.000000,2,-107.88,-107.88,0,0,
09/21/2026,10:34:22:357,0.000000,0.000000,3,-81.79,-81.79,0,0,
09/21/2026,10:34:22:430,0.000000,0.000000,4,-115.43,-115.43,0,0,
09/21/2026,10:34:22:509,0.000000,0.000000,1,-111.84,-111.84,0,0,
09/21/2026,10:34:22:616,0.000000,0.000000,2,-107.23,-107.23,0,0,
09/21/2026,10:34:22:745,0.000000,0.000000,3,-82.86,-82.86,0,0,
09/21/2026,10:34:22:833,0.000000,0.000000,4,-115.48,-115.48,0,0,
09/21/2026,10:34:23:246,0.000000,0.000000,1,-110.12,-110.12,0,0,
09/21/2026,10:34:23:273,0.000000,0.000000,2,-108.55,-108.55,0,0,
09/21/2026,10:34:23:291,0.000000,0.000000,3,-86.62,-86.62,0,0,
09/21/2026,10:34:23:307,0.000000,0.000000,4,-115.32,-115.32,0,0,
09/21/2026,10:34:23:333,0.000000,0.000000,1,-110.95,-110.95,0,0,
09/21/2026,10:34:23:367,0.000000,0.000000,2,-109.6,-109.6,0,0,
09/21/2026,10:34:23:401,0.000000,0.000000,3,-81.49,-81.49,0,0,
09/21/2026,10:34:23:462,0.000000,0.000000,4,-115.93,-115.93,0,0,
09/21/2026,10:34:23:551,0.000000,0.000000,1,-111.32,-111.32,0,0,
09/21/2026,10:34:23:658,0.000000,0.000000,2,-107.8,-107.8,0,0,
09/21/2026,10:34:23:742,0.000000,0.000000,3,-83.7,-83.7,0,0,
09/21/2026,10:34:23:810,0.000000,0.000000,4,-113.91,-113.91,0,0,
09/21/2026,10:34:23:895,0.000000,0.000000,1,-111.58,-111.58,0,0,
09/21/2026,10:34:24:009,0.000000,0.000000,2,-109.47,-109.47,0,0,
09/21/2026,10:34:24:089,0.000000,0.000000,3,-83.68,-83.68,0,0,
09/21/2026,10:34:24:156,0.000000,0.000000,4,-114.17,-114.17,0,0,
09/21/2026,10:34:24:243,0.000000,0.000000,1,-111.81,-111.81,0,0,
09/21/2026,10:34:24:352,0.000000,0.000000,2,-109.97,-109.97,0,0,
09/21/2026,10:34:24:435,0.000000,0.000000,3,-81.24,-81.24,0,0,
09/21/2026,10:34:24:504,0.000000,0.000000,4,-114.75,-114.75,0,0,
09/21/2026,10:34:24:590,0.000000,0.000000,1,-110.86,-110.86,0,0,
09/21/2026,10:34:24:744,0.000000,0.000000,2,-109.98,-109.98,0,0,
09/21/2026,10:34:24:815,0.000000,0.000000,3,-87.42,-87.42,0,0,
09/21/2026,10:34:24:884,0.000000,0.000000,4,-115.61,-115.61,0,0,
09/21/2026,10:34:24:948,0.000000,0.000000,1,-111.5,-111.5,0,0,
09/21/2026,10:34:25:042,0.000000,0.000000,2,-110.1,-110.1,0,0,
09/21/2026,10:34:25:127,0.000000,0.000000,3,-87.91,-87.91,0,0,
09/21/2026,10:34:25:197,0.000000,0.000000,4,-116.4,-116.4,0,0,
09/21/2026,10:34:25:285,0.000000,0.000000,1,-111.42,-111.42,0,0,
09/21/2026,10:34:25:396,0.000000,0.000000,2,-107.94,-107.94,0,0,
09/21/2026,10:34:25:474,0.000000,0.000000,3,-83.82,-83.82,0,0,
09/21/2026,10:34:25:547,0.000000,0.000000,4,-114.43,-114.43,0,0,
09/21/2026,10:34:25:630,0.000000,0.000000,1,-111.03,-111.03,0,0,
09/21/2026,10:34:25:741,0.000000,0.000000,2,-109.38,-109.38,0,0,
09/21/2026,10:34:25:821,0.000000,0.000000,3,-88.02,-88.02,0,0,
09/21/2026,10:34:25:890,0.000000,0.000000,4,-114.48,-114.48,0,0,
09/21/2026,10:34:25:977,0.000000,0.000000,1,-110.93,-110.93,0,0,
09/21/2026,10:34:26:080,0.000000,0.000000,2,-108.06,-108.06,0,0,
09/21/2026,10:34:26:166,0.000000,0.000000,3,-81.86,-81.86,0,0,
09/21/2026,10:34:26:238,0.000000,0.000000,4,-111.83,-111.83,0,0,
09/21/2026,10:34:26:326,0.000000,0.000000,1,-112.32,-112.32,0,0,
09/21/2026,10:34:26:427,0.000000,0.000000,2,-109.4,-109.4,0,0,
09/21/2026,10:34:26:534,0.000000,0.000000,3,-77.78,-77.78,0,0,
09/21/2026,10:34:26:616,0.000000,0.000000,4,-113.08,-113.08,0,0,
09/21/2026,10:34:26:697,0.000000,0.000000,1,-111.88,-111.88,0,0,
09/21/2026,10:34:26:828,0.000000,0.000000,2,-111.28,-111.28,0,0,
09/21/2026,10:34:26:866,0.000000,0.000000,3,-77.68,-77.68,0,0,
09/21/2026,10:34:26:935,0.000000,0.000000,4,-114.84,-114.84,0,0,
09/21/2026,10:34:27:017,0.000000,0.000000,1,-110.98,-110.98,0,0,
09/21/2026,10:34:27:122,0.000000,0.000000,2,-109.15,-109.15,0,0,
09/21/2026,10:34:27:213,0.000000,0.000000,3,-77.29,-77.29,0,0,
09/21/2026,10:34:27:279,0.000000,0.000000,4,-112.47,-112.47,0,0,
09/21/2026,10:34:27:365,0.000000,0.000000,1,-111.65,-111.65,0,0,
09/21/2026,10:34:27:466,0.000000,0.000000,2,-109.61,-109.61,0,0,
09/21/2026,10:34:27:564,0.000000,0.000000,3,-80.37,-80.37,0,0,
09/21/2026,10:34:27:623,0.000000,0.000000,4,-111.85,-111.85,0,0,
09/21/2026,10:34:27:712,0.000000,0.000000,1,-110.95,-110.95,0,0,
09/21/2026,10:34:27:830,0.000000,0.000000,2,-108.7,-108.7,0,0,
09/21/2026,10:34:27:902,0.000000,0.000000,3,-76.06,-76.06,0,0,
09/21/2026,10:34:27:973,0.000000,0.000000,4,-109.97,-109.97,0,0,
09/21/2026,10:34:28:069,0.000000,0.000000,1,-111.17,-111.17,0,0,
09/21/2026,10:34:28:222,0.000000,0.000000,2,-107.78,-107.78,0,0,
09/21/2026,10:34:28:300,0.000000,0.000000,3,-76.07,-76.07,0,0,
09/21/2026,10:34:28:704,0.000000,0.000000,4,-112.49,-112.49,0,0,
09/21/2026,10:34:28:751,0.000000,0.000000,1,-112.67,-112.67,0,0,
09/21/2026,10:34:28:793,0.000000,0.000000,2,-107.16,-107.16,0,0,
09/21/2026,10:34:28:819,0.000000,0.000000,3,-77.26,-77.26,0,0,
09/21/2026,10:34:28:835,0.000000,0.000000,4,-112.3,-112.3,0,0,
09/21/2026,10:34:28:856,0.000000,0.000000,1,-111.06,-111.06,0,0,
09/21/2026,10:34:28:884,0.000000,0.000000,2,-109.62,-109.62,0,0,
09/21/2026,10:34:28:944,0.000000,0.000000,3,-74.5,-74.5,0,0,
09/21/2026,10:34:29:012,0.000000,0.000000,4,-112.29,-112.29,0,0,
09/21/2026,10:34:29:099,0.000000,0.000000,1,-112.59,-112.59,0,0,
09/21/2026,10:34:29:205,0.000000,0.000000,2,-108.7,-108.7,0,0,
09/21/2026,10:34:29:288,0.000000,0.000000,3,-78.67,-78.67,0,0,
09/21/2026,10:34:29:361,0.000000,0.000000,4,-112.15,-112.15,0,0,
09/21/2026,10:34:29:445,0.000000,0.000000,1,-111.83,-111.83,0,0,
09/21/2026,10:34:29:552,0.000000,0.000000,2,-108.38,-108.38,0,0,
09/21/2026,10:34:29:636,0.000000,0.000000,3,-78.05,-78.05,0,0,
09/21/2026,10:34:29:707,0.000000,0.000000,4,-111.3,-111.3,0,0,
09/21/2026,10:34:29:792,0.000000,0.000000,1,-110.24,-110.24,0,0,
09/21/2026,10:34:29:898,0.000000,0.000000,2,-107.93,-107.93,0,0,
09/21/2026,10:34:29:982,0.000000,0.000000,3,-77.98,-77.98,0,0,
09/21/2026,10:34:30:103,0.000000,0.000000,4,-110.24,-110.24,0,0,
09/21/2026,10:34:30:156,0.000000,0.000000,1,-111.99,-111.99,0,0,
09/21/2026,10:34:30:243,0.000000,0.000000,2,-108.16,-108.16,0,0,
09/21/2026,10:34:30:329,0.000000,0.000000,3,-75.93,-75.93,0,0,
09/21/2026,10:34:30:400,0.000000,0.000000,4,-113.03,-113.03,0,0,
09/21/2026,10:34:30:488,0.000000,0.000000,1,-110.69,-110.69,0,0,
09/21/2026,10:34:30:590,0.000000,0.000000,2,-109.23,-109.23,0,0,
09/21/2026,10:34:30:676,0.000000,0.000000,3,-77.22,-77.22,0,0,
09/21/2026,10:34:30:750,0.000000,0.000000,4,-112.23,-112.23,0,0,
09/21/2026,10:34:30:834,0.000000,0.000000,1,-112.76,-112.76,0,0,
09/21/2026,10:34:30:937,0.000000,0.000000,2,-108.82,-108.82,0,0,
09/21/2026,10:34:31:027,0.000000,0.000000,3,-81.74,-81.74,0,0,
09/21/2026,10:34:31:092,0.000000,0.000000,4,-110.81,-110.81,0,0,
09/21/2026,10:34:31:180,0.000000,0.000000,1,-111.08,-111.08,0,0,
09/21/2026,10:34:31:294,0.000000,0.000000,2,-109.14,-109.14,0,0,
09/21/2026,10:34:31:370,0.000000,0.000000,3,-79.99,-79.99,0,0,
09/21/2026,10:34:31:442,0.000000,0.000000,4,-113.41,-113.41,0,0,
09/21/2026,10:34:31:530,0.000000,0.000000,1,-112.3,-112.3,0,0,
09/21/2026,10:34:31:633,0.000000,0.000000,2,-109.47,-109.47,0,0,
09/21/2026,10:34:31:716,0.000000,0.000000,3,-81.13,-81.13,0,0,
09/21/2026,10:34:31:793,0.000000,0.000000,4,-113.83,-113.83,0,0,
09/21/2026,10:34:31:872,0.000000,0.000000,1,-111.29,-111.29,0,0,
09/21/2026,10:34:31:977,0.000000,0.000000,2,-109.58,-109.58,0,0,
09/21/2026,10:34:32:063,0.000000,0.000000,3,-81.48,-81.48,0,0,
09/21/2026,10:34:32:145,0.000000,0.000000,4,-111.91,-111.91,0,0,
09/21/2026,10:34:32:219,0.000000,0.000000,1,-111.56,-111.56,0,0,
09/21/2026,10:34:32:328,0.000000,0.000000,2,-109.31,-109.31,0,0,
09/21/2026,10:34:32:411,0.000000,0.000000,3,-80.29,-80.29,0,0,
09/21/2026,10:34:32:484,0.000000,0.000000,4,-114.91,-114.91,0,0,
09/21/2026,10:34:32:574,0.000000,0.000000,1,-112.52,-112.52,0,0,
09/21/2026,10:34:32:671,0.000000,0.000000,2,-108.83,-108.83,0,0,
09/21/2026,10:34:32:757,0.000000,0.000000,3,-81.72,-81.72,0,0,
09/21/2026,10:34:32:830,0.000000,0.000000,4,-112.54,-112.54,0,0,
09/21/2026,10:34:32:915,0.000000,0.000000,1,-111.24,-111.24,0,0,
09/21/2026,10:34:33:017,0.000000,0.000000,2,-109.45,-109.45,0,0,
09/21/2026,10:34:33:105,0.000000,0.000000,3,-91.62,-91.62,0,0,
09/21/2026,10:34:33:174,0.000000,0.000000,4,-116.42,-116.42,0,0,
09/21/2026,10:34:33:260,0.000000,0.000000,1,-112.3,-112.3,0,0,
09/21/2026,10:34:33:365,0.000000,0.000000,2,-109.71,-109.71,0,0,
09/21/2026,10:34:33:449,0.000000,0.000000,3,-85.97,-85.97,0,0,
09/21/2026,10:34:33:519,0.000000,0.000000,4,-115.95,-115.95,0,0,
09/21/2026,10:34:33:607,0.000000,0.000000,1,-109.54,-109.54,0,0,
09/21/2026,10:34:33:715,0.000000,0.000000,2,-110.06,-110.06,0,0,
09/21/2026,10:34:33:800,0.000000,0.000000,3,-91.78,-91.78,0,0,
09/21/2026,10:34:33:877,0.000000,0.000000,4,-115.63,-115.63,0,0,
09/21/2026,10:34:33:988,0.000000,0.000000,1,-110.13,-110.13,0,0,
09/21/2026,10:34:34:057,0.000000,0.000000,2,-110.37,-110.37,0,0,
09/21/2026,10:34:34:196,0.000000,0.000000,3,-89.8,-89.8,0,0,
09/21/2026,10:34:34:214,0.000000,0.000000,4,-115.89,-115.89,0,0,
09/21/2026,10:34:34:300,0.000000,0.000000,1,-111.96,-111.96,0,0,
09/21/2026,10:34:34:405,0.000000,0.000000,2,-109.64,-109.64,0,0,
09/21/2026,10:34:34:491,0.000000,0.000000,3,-87.67,-87.67,0,0,
09/21/2026,10:34:34:561,0.000000,0.000000,4,-115.9,-115.9,0,0,
09/21/2026,10:34:34:648,0.000000,0.000000,1,-111.32,-111.32,0,0,
09/21/2026,10:34:34:753,0.000000,0.000000,2,-110.14,-110.14,0,0,
09/21/2026,10:34:34:838,0.000000,0.000000,3,-85.48,-85.48,0,0,
09/21/2026,10:34:34:907,0.000000,0.000000,4,-116.97,-116.97,0,0,
09/21/2026,10:34:34:994,0.000000,0.000000,1,-112.98,-112.98,0,0,
09/21/2026,10:34:35:099,0.000000,0.000000,2,-109.46,-109.46,0,0,
09/21/2026,10:34:35:184,0.000000,0.000000,3,-85.03,-85.03,0,0,
09/21/2026,10:34:35:253,0.000000,0.000000,4,-115.46,-115.46,0,0,
09/21/2026,10:34:35:340,0.000000,0.000000,1,-112.03,-112.03,0,0,
09/21/2026,10:34:35:448,0.000000,0.000000,2,-108.39,-108.39,0,0,
09/21/2026,10:34:35:535,0.000000,0.000000,3,-87.43,-87.43,0,0,
09/21/2026,10:34:35:602,0.000000,0.000000,4,-113.28,-113.28,0,0,
09/21/2026,10:34:35:694,0.000000,0.000000,1,-110.28,-110.28,0,0,
09/21/2026,10:34:35:805,0.000000,0.000000,2,-108.68,-108.68,0,0,
09/21/2026,10:34:35:879,0.000000,0.000000,3,-82.68,-82.68,0,0,
09/21/2026,10:34:35:947,0.000000,0.000000,4,-116.53,-116.53,0,0,
09/21/2026,10:34:36:034,0.000000,0.000000,1,-111.19,-111.19,0,0,
09/21/2026,10:34:36:137,0.000000,0.000000,2,-107.66,-107.66,0,0,
09/21/2026,10:34:36:225,0.000000,0.000000,3,-90.17,-90.17,0,0,
09/21/2026,10:34:36:296,0.000000,0.000000,4,-114.68,-114.68,0,0,
09/21/2026,10:34:36:382,0.000000,0.000000,1,-110.66,-110.66,0,0,
09/21/2026,10:34:36:492,0.000000,0.000000,2,-108.29,-108.29,0,0,
09/21/2026,10:34:36:571,0.000000,0.000000,3,-84.92,-84.92,0,0,
09/21/2026,10:34:36:643,0.000000,0.000000,4,-115.28,-115.28,0,0,
09/21/2026,10:34:36:727,0.000000,0.000000,1,-111.68,-111.68,0,0,
09/21/2026,10:34:36:833,0.000000,0.000000,2,-107.62,-107.62,0,0,
09/21/2026,10:34:36:917,0.000000,0.000000,3,-80.79,-80.79,0,0,
09/21/2026,10:34:36:988,0.000000,0.000000,4,-115.35,-115.35,0,0,
09/21/2026,10:34:37:074,0.000000,0.000000,1,-110.04,-110.04,0,0,
09/21/2026,10:34:37:178,0.000000,0.000000,2,-108.66,-108.66,0,0,
09/21/2026,10:34:37:266,0.000000,0.000000,3,-79.89,-79.89,0,0,
09/21/2026,10:34:37:335,0.000000,0.000000,4,-115.15,-115.15,0,0,
09/21/2026,10:34:37:431,0.000000,0.000000,1,-111.27,-111.27,0,0,
09/21/2026,10:34:37:527,0.000000,0.000000,2,-109.1,-109.1,0,0,
09/21/2026,10:34:37:612,0.000000,0.000000,3,-79.86,-79.86,0,0,
09/21/2026,10:34:37:691,0.000000,0.000000,4,-115,-115,0,0,
09/21/2026,10:34:37:795,0.000000,0.000000,1,-110.15,-110.15,0,0,
09/21/2026,10:34:37:908,0.000000,0.000000,2,-107.49,-107.49,0,0,
09/21/2026,10:34:37:992,0.000000,0.000000,3,-87.34,-87.34,0,0,
09/21/2026,10:34:38:029,0.000000,0.000000,4,-115.88,-115.88,0,0,
09/21/2026,10:34:38:115,0.000000,0.000000,1,-109.96,-109.96,0,0,
09/21/2026,10:34:38:227,0.000000,0.000000,2,-108.85,-108.85,0,0,
09/21/2026,10:34:38:307,0.000000,0.000000,3,-92.08,-92.08,0,0,
09/21/2026,10:34:38:373,0.000000,0.000000,4,-115.03,-115.03,0,0,
09/21/2026,10:34:38:464,0.000000,0.000000,1,-111.07,-111.07,0,0,
09/21/2026,10:34:38:565,0.000000,0.000000,2,-108.49,-108.49,0,0,
09/21/2026,10:34:38:654,0.000000,0.000000,3,-84.86,-84.86,0,0,
09/21/2026,10:34:38:725,0.000000,0.000000,4,-115.42,-115.42,0,0,
09/21/2026,10:34:38:809,0.000000,0.000000,1,-112.64,-112.64,0,0,
09/21/2026,10:34:38:913,0.000000,0.000000,2,-109.43,-109.43,0,0,
09/21/2026,10:34:38:999,0.000000,0.000000,3,-88.66,-88.66,0,0,
09/21/2026,10:34:39:071,0.000000,0.000000,4,-117.87,-117.87,0,0,
09/21/2026,10:34:39:156,0.000000,0.000000,1,-111.66,-111.66,0,0,
09/21/2026,10:34:39:268,0.000000,0.000000,2,-109.28,-109.28,0,0,
09/21/2026,10:34:39:350,0.000000,0.000000,3,-82.35,-82.35,0,0,
09/21/2026,10:34:39:420,0.000000,0.000000,4,-114.85,-114.85,0,0,
09/21/2026,10:34:39:556,0.000000,0.000000,1,-113.93,-113.93,0,0,
09/21/2026,10:34:39:626,0.000000,0.000000,2,-108.96,-108.96,0,0,
09/21/2026,10:34:39:694,0.000000,0.000000,3,-80.22,-80.22,0,0,
09/21/2026,10:34:39:761,0.000000,0.000000,4,-114.43,-114.43,0,0,
09/21/2026,10:34:39:851,0.000000,0.000000,1,-111.23,-111.23,0,0,
09/21/2026,10:34:39:956,0.000000,0.000000,2,-109.14,-109.14,0,0,
09/21/2026,10:34:40:039,0.000000,0.000000,3,-84.32,-84.32,0,0,
09/21/2026,10:34:40:110,0.000000,0.000000,4,-116.81,-116.81,0,0,
09/21/2026,10:34:40:203,0.000000,0.000000,1,-112.37,-112.37,0,0,
09/21/2026,10:34:40:298,0.000000,0.000000,2,-108.85,-108.85,0,0,
09/21/2026,10:34:40:388,0.000000,0.000000,3,-82.73,-82.73,0,0,
09/21/2026,10:34:40:459,0.000000,0.000000,4,-114.75,-114.75,0,0,
09/21/2026,10:34:40:545,0.000000,0.000000,1,-113.5,-113.5,0,0,
09/21/2026,10:34:40:646,0.000000,0.000000,2,-109.22,-109.22,0,0,
09/21/2026,10:34:40:733,0.000000,0.000000,3,-81.79,-81.79,0,0,
09/21/2026,10:34:40:804,0.000000,0.000000,4,-115.04,-115.04,0,0,
09/21/2026,10:34:40:890,0.000000,0.000000,1,-111.91,-111.91,0,0,
09/21/2026,10:34:40:992,0.000000,0.000000,2,-108.21,-108.21,0,0,
09/21/2026,10:34:41:081,0.000000,0.000000,3,-81.35,-81.35,0,0,
09/21/2026,10:34:41:151,0.000000,0.000000,4,-116.21,-116.21,0,0,
09/21/2026,10:34:41:239,0.000000,0.000000,1,-113.66,-113.66,0,0,
09/21/2026,10:34:41:362,0.000000,0.000000,2,-107.67,-107.67,0,0,
09/21/2026,10:34:41:442,0.000000,0.000000,3,-81.69,-81.69,0,0,
09/21/2026,10:34:41:547,0.000000,0.000000,4,-113.79,-113.79,0,0,
09/21/2026,10:34:41:615,0.000000,0.000000,1,-112.88,-112.88,0,0,
09/21/2026,10:34:41:688,0.000000,0.000000,2,-107.5,-107.5,0,0,
09/21/2026,10:34:41:777,0.000000,0.000000,3,-78.3,-78.3,0,0,
09/21/2026,10:34:41:843,0.000000,0.000000,4,-115.97,-115.97,0,0,
09/21/2026,10:34:41:931,0.000000,0.000000,1,-112.15,-112.15,0,0,
09/21/2026,10:34:42:038,0.000000,0.000000,2,-108.13,-108.13,0,0,
09/21/2026,10:34:42:120,0.000000,0.000000,3,-96.42,-96.42,0,0,
09/21/2026,10:34:42:193,0.000000,0.000000,4,-114.14,-114.14,0,0,
09/21/2026,10:34:42:277,0.000000,0.000000,1,-113.56,-113.56,0,0,
09/21/2026,10:34:42:384,0.000000,0.000000,2,-108.91,-108.91,0,0,
09/21/2026,10:34:42:474,0.000000,0.000000,3,-86.82,-86.82,0,0,
09/21/2026,10:34:42:543,0.000000,0.000000,4,-116.14,-116.14,0,0,
09/21/2026,10:34:42:624,0.000000,0.000000,1,-111.9,-111.9,0,0,
09/21/2026,10:34:42:729,0.000000,0.000000,2,-109.15,-109.15,0,0,
09/21/2026,10:34:42:818,0.000000,0.000000,3,-81.45,-81.45,0,0,
09/21/2026,10:34:42:884,0.000000,0.000000,4,-114.65,-114.65,0,0,
09/21/2026,10:34:42:972,0.000000,0.000000,1,-112.89,-112.89,0,0,
09/21/2026,10:34:43:076,0.000000,0.000000,2,-108.8,-108.8,0,0,
09/21/2026,10:34:43:163,0.000000,0.000000,3,-87.09,-87.09,0,0,
09/21/2026,10:34:43:236,0.000000,0.000000,4,-114.97,-114.97,0,0,
09/21/2026,10:34:43:365,0.000000,0.000000,1,-112.94,-112.94,0,0,
09/21/2026,10:34:43:451,0.000000,0.000000,2,-109.39,-109.39,0,0,
09/21/2026,10:34:43:511,0.000000,0.000000,3,-90.02,-90.02,0,0,
09/21/2026,10:34:43:578,0.000000,0.000000,4,-115.51,-115.51,0,0,
09/21/2026,10:34:43:665,0.000000,0.000000,1,-113.68,-113.68,0,0,
09/21/2026,10:34:43:771,0.000000,0.000000,2,-107.29,-107.29,0,0,
09/21/2026,10:34:44:243,0.000000,0.000000,3,-88.25,-88.25,0,0,
09/21/2026,10:34:44:256,0.000000,0.000000,4,-117.12,-117.12,0,0,
09/21/2026,10:34:44:272,0.000000,0.000000,1,-111.86,-111.86,0,0,
09/21/2026,10:34:44:288,0.000000,0.000000,2,-111.14,-111.14,0,0,
09/21/2026,10:34:44:317,0.000000,0.000000,3,-89.58,-89.58,0,0,
09/21/2026,10:34:44:326,0.000000,0.000000,4,-114.79,-114.79,0,0,
09/21/2026,10:34:44:360,0.000000,0.000000,1,-110.85,-110.85,0,0,
09/21/2026,10:34:44:464,0.000000,0.000000,2,-108.88,-108.88,0,0,
09/21/2026,10:34:44:556,0.000000,0.000000,3,-85.96,-85.96,0,0,
09/21/2026,10:34:44:618,0.000000,0.000000,4,-114.69,-114.69,0,0,
09/21/2026,10:34:44:706,0.000000,0.000000,1,-112.12,-112.12,0,0,
09/21/2026,10:34:44:817,0.000000,0.000000,2,-108.06,-108.06,0,0,
09/21/2026,10:34:44:929,0.000000,0.000000,3,-89.29,-89.29,0,0,
09/21/2026,10:34:45:003,0.000000,0.000000,4,-112.76,-112.76,0,0,
09/21/2026,10:34:45:056,0.000000,0.000000,1,-112.45,-112.45,0,0,
09/21/2026,10:34:45:197,0.000000,0.000000,2,-107.99,-107.99,0,0,
09/21/2026,10:34:45:243,0.000000,0.000000,3,-84.23,-84.23,0,0,
09/21/2026,10:34:45:313,0.000000,0.000000,4,-113.53,-113.53,0,0,
09/21/2026,10:34:45:399,0.000000,0.000000,1,-112.35,-112.35,0,0,
09/21/2026,10:34:45:504,0.000000,0.000000,2,-108.74,-108.74,0,0,
09/21/2026,10:34:45:589,0.000000,0.000000,3,-87.92,-87.92,0,0,
09/21/2026,10:34:45:662,0.000000,0.000000,4,-115.84,-115.84,0,0,
09/21/2026,10:34:45:754,0.000000,0.000000,1,-111.01,-111.01,0,0,
09/21/2026,10:34:45:849,0.000000,0.000000,2,-109.75,-109.75,0,0,
09/21/2026,10:34:45:938,0.000000,0.000000,3,-91.75,-91.75,0,0,
09/21/2026,10:34:46:005,0.000000,0.000000,4,-115.66,-115.66,0,0,
09/21/2026,10:34:46:094,0.000000,0.000000,1,-110.77,-110.77,0,0,
09/21/2026,10:34:46:201,0.000000,0.000000,2,-109.34,-109.34,0,0,
09/21/2026,10:34:46:284,0.000000,0.000000,3,-90.29,-90.29,0,0,
09/21/2026,10:34:46:359,0.000000,0.000000,4,-116.07,-116.07,0,0,
09/21/2026,10:34:46:443,0.000000,0.000000,1,-111.64,-111.64,0,0,
09/21/2026,10:34:46:544,0.000000,0.000000,2,-109.35,-109.35,0,0,
09/21/2026,10:34:46:651,0.000000,0.000000,3,-90.38,-90.38,0,0,
09/21/2026,10:34:46:738,0.000000,0.000000,4,-115.58,-115.58,0,0,
09/21/2026,10:34:46:788,0.000000,0.000000,1,-110.62,-110.62,0,0,
09/21/2026,10:34:46:921,0.000000,0.000000,2,-108.17,-108.17,0,0,
09/21/2026,10:34:46:994,0.000000,0.000000,3,-82.83,-82.83,0,0,
09/21/2026,10:34:47:047,0.000000,0.000000,4,-115.6,-115.6,0,0,
09/21/2026,10:34:47:133,0.000000,0.000000,1,-112.44,-112.44,0,0,
09/21/2026,10:34:47:241,0.000000,0.000000,2,-108.73,-108.73,0,0,
09/21/2026,10:34:47:326,0.000000,0.000000,3,-79.35,-79.35,0,0,
09/21/2026,10:34:47:397,0.000000,0.000000,4,-115.51,-115.51,0,0,
09/21/2026,10:34:47:482,0.000000,0.000000,1,-111.26,-111.26,0,0,
09/21/2026,10:34:47:586,0.000000,0.000000,2,-107.97,-107.97,0,0,
09/21/2026,10:34:47:672,0.000000,0.000000,3,-88.39,-88.39,0,0,
09/21/2026,10:34:47:741,0.000000,0.000000,4,-116.13,-116.13,0,0,
09/21/2026,10:34:47:829,0.000000,0.000000,1,-110.98,-110.98,0,0,
09/21/2026,10:34:47:944,0.000000,0.000000,2,-108.24,-108.24,0,0,
09/21/2026,10:34:48:023,0.000000,0.000000,3,-89.69,-89.69,0,0,
09/21/2026,10:34:48:088,0.000000,0.000000,4,-116.74,-116.74,0,0,
09/21/2026,10:34:48:176,0.000000,0.000000,1,-111.26,-111.26,0,0,
09/21/2026,10:34:48:279,0.000000,0.000000,2,-107.77,-107.77,0,0,
09/21/2026,10:34:48:365,0.000000,0.000000,3,-84.87,-84.87,0,0,
09/21/2026,10:34:48:435,0.000000,0.000000,4,-115.41,-115.41,0,0,
09/21/2026,10:34:48:521,0.000000,0.000000,1,-110.79,-110.79,0,0,
09/21/2026,10:34:48:624,0.000000,0.000000,2,-109.52,-109.52,0,0,
09/21/2026,10:34:48:712,0.000000,0.000000,3,-90.98,-90.98,0,0,
09/21/2026,10:34:48:817,0.000000,0.000000,4,-113.71,-113.71,0,0,
09/21/2026,10:34:48:869,0.000000,0.000000,1,-111.8,-111.8,0,0,
09/21/2026,10:34:48:992,0.000000,0.000000,2,-108.09,-108.09,0,0,
09/21/2026,10:34:49:065,0.000000,0.000000,3,-84.94,-84.94,0,0,
09/21/2026,10:34:49:132,0.000000,0.000000,4,-114.95,-114.95,0,0,
09/21/2026,10:34:49:216,0.000000,0.000000,1,-112.1,-112.1,0,0,
09/21/2026,10:34:49:319,0.000000,0.000000,2,-108.99,-108.99,0,0,
09/21/2026,10:34:49:410,0.000000,0.000000,3,-82.08,-82.08,0,0,
09/21/2026,10:34:49:474,0.000000,0.000000,4,-114.88,-114.88,0,0,
09/21/2026,10:34:49:568,0.000000,0.000000,1,-111.21,-111.21,0,0,
09/21/2026,10:34:49:668,0.000000,0.000000,2,-109.85,-109.85,0,0,
09/21/2026,10:34:49:754,0.000000,0.000000,3,-82.61,-82.61,0,0,
09/21/2026,10:34:49:822,0.000000,0.000000,4,-114.45,-114.45,0,0,
09/21/2026,10:34:49:911,0.000000,0.000000,1,-112.23,-112.23,0,0,
09/21/2026,10:34:50:014,0.000000,0.000000,2,-109.12,-109.12,0,0,
09/21/2026,10:34:50:102,0.000000,0.000000,3,-85.44,-85.44,0,0,
09/21/2026,10:34:50:169,0.000000,0.000000,4,-114.23,-114.23,0,0,
09/21/2026,10:34:50:254,0.000000,0.000000,1,-111.52,-111.52,0,0,
09/21/2026,10:34:50:360,0.000000,0.000000,2,-109.62,-109.62,0,0,
09/21/2026,10:34:50:445,0.000000,0.000000,3,-87.6,-87.6,0,0,
09/21/2026,10:34:50:514,0.000000,0.000000,4,-114.59,-114.59,0,0,
09/21/2026,10:34:50:628,0.000000,0.000000,1,-113.21,-113.21,0,0,
09/21/2026,10:34:50:710,0.000000,0.000000,2,-110.84,-110.84,0,0,
09/21/2026,10:34:50:792,0.000000,0.000000,3,-81.51,-81.51,0,0,
09/21/2026,10:34:50:893,0.000000,0.000000,4,-115.47,-115.47,0,0,
09/21/2026,10:34:50:949,0.000000,0.000000,1,-113.15,-113.15,0,0,
09/21/2026,10:34:51:052,0.000000,0.000000,2,-110.55,-110.55,0,0,
09/21/2026,10:34:51:140,0.000000,0.000000,3,-79.07,-79.07,0,0,
09/21/2026,10:34:51:210,0.000000,0.000000,4,-111.89,-111.89,0,0,
09/21/2026,10:34:51:298,0.000000,0.000000,1,-111.38,-111.38,0,0,
09/21/2026,10:34:51:399,0.000000,0.000000,2,-108.55,-108.55,0,0,
09/21/2026,10:34:51:492,0.000000,0.000000,3,-76.1,-76.1,0,0,
09/21/2026,10:34:51:556,0.000000,0.000000,4,-114.77,-114.77,0,0,
09/21/2026,10:34:51:642,0.000000,0.000000,1,-111.01,-111.01,0,0,
09/21/2026,10:34:51:746,0.000000,0.000000,2,-108.75,-108.75,0,0,
09/21/2026,10:34:51:833,0.000000,0.000000,3,-77.94,-77.94,0,0,
09/21/2026,10:34:51:908,0.000000,0.000000,4,-116.27,-116.27,0,0,
09/21/2026,10:34:51:988,0.000000,0.000000,1,-109.22,-109.22,0,0,
09/21/2026,10:34:52:092,0.000000,0.000000,2,-109.37,-109.37,0,0,
09/21/2026,10:34:52:180,0.000000,0.000000,3,-86.03,-86.03,0,0,
09/21/2026,10:34:52:250,0.000000,0.000000,4,-114.98,-114.98,0,0,
09/21/2026,10:34:52:336,0.000000,0.000000,1,-111.01,-111.01,0,0,
09/21/2026,10:34:52:442,0.000000,0.000000,2,-108.64,-108.64,0,0,
09/21/2026,10:34:52:530,0.000000,0.000000,3,-87.08,-87.08,0,0,
09/21/2026,10:34:52:629,0.000000,0.000000,4,-116.72,-116.72,0,0,
09/21/2026,10:34:52:698,0.000000,0.000000,1,-111.56,-111.56,0,0,
09/21/2026,10:34:52:841,0.000000,0.000000,2,-107.91,-107.91,0,0,
09/21/2026,10:34:52:892,0.000000,0.000000,3,-91.68,-91.68,0,0,
09/21/2026,10:34:52:947,0.000000,0.000000,4,-116.24,-116.24,0,0,
09/21/2026,10:34:53:054,0.000000,0.000000,1,-112.14,-112.14,0,0,
09/21/2026,10:34:53:136,0.000000,0.000000,2,-108.98,-108.98,0,0,
09/21/2026,10:34:53:220,0.000000,0.000000,3,-85.1,-85.1,0,0,
09/21/2026,10:34:53:290,0.000000,0.000000,4,-115.87,-115.87,0,0,
09/21/2026,10:34:53:376,0.000000,0.000000,1,-112.55,-112.55,0,0,
09/21/2026,10:34:53:480,0.000000,0.000000,2,-109.69,-109.69,0,0,
09/21/2026,10:34:53:566,0.000000,0.000000,3,-89.22,-89.22,0,0,
09/21/2026,10:34:53:636,0.000000,0.000000,4,-114.76,-114.76,0,0,
09/21/2026,10:34:53:723,0.000000,0.000000,1,-110.01,-110.01,0,0,
09/21/2026,10:34:53:827,0.000000,0.000000,2,-110.56,-110.56,0,0,
09/21/2026,10:34:53:914,0.000000,0.000000,3,-87.16,-87.16,0,0,
09/21/2026,10:34:53:985,0.000000,0.000000,4,-115.31,-115.31,0,0,
09/21/2026,10:34:54:069,0.000000,0.000000,1,-113.56,-113.56,0,0,
09/21/2026,10:34:54:174,0.000000,0.000000,2,-109.74,-109.74,0,0,
09/21/2026,10:34:54:260,0.000000,0.000000,3,-83.8,-83.8,0,0,
09/21/2026,10:34:54:343,0.000000,0.000000,4,-113.81,-113.81,0,0,
09/21/2026,10:34:54:426,0.000000,0.000000,1,-111.63,-111.63,0,0,
09/21/2026,10:34:54:559,0.000000,0.000000,2,-109.58,-109.58,0,0,
09/21/2026,10:34:54:619,0.000000,0.000000,3,-91.06,-91.06,0,0,
09/21/2026,10:34:54:713,0.000000,0.000000,4,-116.28,-116.28,0,0,
09/21/2026,10:34:54:763,0.000000,0.000000,1,-113.61,-113.61,0,0,
09/21/2026,10:34:54:869,0.000000,0.000000,2,-109.79,-109.79,0,0,
09/21/2026,10:34:54:962,0.000000,0.000000,3,-83.97,-83.97,0,0,
09/21/2026,10:34:55:023,0.000000,0.000000,4,-116.06,-116.06,0,0,
09/21/2026,10:34:55:110,0.000000,0.000000,1,-113.91,-113.91,0,0,
09/21/2026,10:34:55:215,0.000000,0.000000,2,-109.7,-109.7,0,0,
09/21/2026,10:34:55:302,0.000000,0.000000,3,-86.02,-86.02,0,0,
09/21/2026,10:34:55:369,0.000000,0.000000,4,-114.62,-114.62,0,0,
09/21/2026,10:34:55:458,0.000000,0.000000,1,-111.42,-111.42,0,0,
09/21/2026,10:34:55:565,0.000000,0.000000,2,-111.78,-111.78,0,0,
09/21/2026,10:34:55:655,0.000000,0.000000,3,-92.31,-92.31,0,0,
09/21/2026,10:34:55:718,0.000000,0.000000,4,-115.52,-115.52,0,0,
09/21/2026,10:34:55:803,0.000000,0.000000,1,-111.2,-111.2,0,0,
09/21/2026,10:34:55:908,0.000000,0.000000,2,-109.52,-109.52,0,0,
09/21/2026,10:34:55:998,0.000000,0.000000,3,-86.97,-86.97,0,0,
09/21/2026,10:34:56:076,0.000000,0.000000,4,-113.22,-113.22,0,0,
09/21/2026,10:34:56:158,0.000000,0.000000,1,-111.49,-111.49,0,0,
09/21/2026,10:34:56:269,0.000000,0.000000,2,-110.28,-110.28,0,0,
09/21/2026,10:34:56:355,0.000000,0.000000,3,-82.88,-82.88,0,0,
09/21/2026,10:34:56:432,0.000000,0.000000,4,-112.18,-112.18,0,0,
09/21/2026,10:34:56:502,0.000000,0.000000,1,-111.02,-111.02,0,0,
09/21/2026,10:34:56:609,0.000000,0.000000,2,-109.59,-109.59,0,0,
09/21/2026,10:34:56:689,0.000000,0.000000,3,-85.64,-85.64,0,0,
09/21/2026,10:34:56:758,0.000000,0.000000,4,-113.94,-113.94,0,0,
09/21/2026,10:34:56:846,0.000000,0.000000,1,-112.68,-112.68,0,0,
09/21/2026,10:34:56:954,0.000000,0.000000,2,-109.02,-109.02,0,0,
09/21/2026,10:34:57:035,0.000000,0.000000,3,-85.16,-85.16,0,0,
09/21/2026,10:34:57:107,0.000000,0.000000,4,-115.2,-115.2,0,0,
09/21/2026,10:34:57:203,0.000000,0.000000,1,-111.95,-111.95,0,0,
09/21/2026,10:34:57:296,0.000000,0.000000,2,-108.1,-108.1,0,0,
09/21/2026,10:34:57:391,0.000000,0.000000,3,-81.86,-81.86,0,0,
09/21/2026,10:34:57:452,0.000000,0.000000,4,-117.02,-117.02,0,0,
09/21/2026,10:34:57:538,0.000000,0.000000,1,-112.88,-112.88,0,0,
09/21/2026,10:34:57:642,0.000000,0.000000,2,-109.63,-109.63,0,0,
09/21/2026,10:34:57:730,0.000000,0.000000,3,-84.74,-84.74,0,0,
09/21/2026,10:34:57:801,0.000000,0.000000,4,-113.03,-113.03,0,0,
09/21/2026,10:34:57:886,0.000000,0.000000,1,-111.15,-111.15,0,0,
09/21/2026,10:34:57:994,0.000000,0.000000,2,-110.47,-110.47,0,0,
09/21/2026,10:34:58:075,0.000000,0.000000,3,-81.45,-81.45,0,0,
09/21/2026,10:34:58:157,0.000000,0.000000,4,-115.23,-115.23,0,0,
09/21/2026,10:34:58:240,0.000000,0.000000,1,-112.63,-112.63,0,0,
09/21/2026,10:34:58:377,0.000000,0.000000,2,-110.85,-110.85,0,0,
09/21/2026,10:34:58:422,0.000000,0.000000,3,-86.01,-86.01,0,0,
09/21/2026,10:34:58:496,0.000000,0.000000,4,-116.06,-116.06,0,0,
09/21/2026,10:34:58:580,0.000000,0.000000,1,-112.75,-112.75,0,0,
09/21/2026,10:34:58:682,0.000000,0.000000,2,-110.65,-110.65,0,0,
09/21/2026,10:34:58:770,0.000000,0.000000,3,-82.09,-82.09,0,0,
09/21/2026,10:34:58:838,0.000000,0.000000,4,-114.99,-114.99,0,0,
09/21/2026,10:34:58:929,0.000000,0.000000,1,-111.89,-111.89,0,0,
09/21/2026,10:34:59:032,0.000000,0.000000,2,-110.87,-110.87,0,0,
09/21/2026,10:34:59:116,0.000000,0.000000,3,-84.89,-84.89,0,0,
09/21/2026,10:34:59:185,0.000000,0.000000,4,-115.15,-115.15,0,0,
09/21/2026,10:34:59:273,0.000000,0.000000,1,-111.74,-111.74,0,0,
09/21/2026,10:34:59:381,0.000000,0.000000,2,-108.77,-108.77,0,0,
09/21/2026,10:34:59:474,0.000000,0.000000,3,-80.26,-80.26,0,0,
09/21/2026,10:34:59:537,0.000000,0.000000,4,-118.4,-118.4,0,0,
09/21/2026,10:34:59:620,0.000000,0.000000,1,-111.45,-111.45,0,0,
09/21/2026,10:34:59:722,0.000000,0.000000,2,-108.85,-108.85,0,0,
09/21/2026,10:34:59:810,0.000000,0.000000,3,-83.72,-83.72,0,0,
09/21/2026,10:34:59:878,0.000000,0.000000,4,-114.78,-114.78,0,0,
09/21/2026,10:34:59:966,0.000000,0.000000,1,-112.64,-112.64,0,0,
09/21/2026,10:35:00:103,0.000000,0.000000,2,-108.09,-108.09,0,0,
09/21/2026,10:35:00:185,0.000000,0.000000,3,-85.84,-85.84,0,0,
09/21/2026,10:35:00:256,0.000000,0.000000,4,-115.05,-115.05,0,0,
09/21/2026,10:35:00:322,0.000000,0.000000,1,-111.01,-111.01,0,0,
09/21/2026,10:35:00:418,0.000000,0.000000,2,-109.63,-109.63,0,0,
09/21/2026,10:35:00:504,0.000000,0.000000,3,-78.1,-78.1,0,0,
09/21/2026,10:35:00:587,0.000000,0.000000,4,-117.19,-117.19,0,0,
09/21/2026,10:35:00:661,0.000000,0.000000,1,-114.52,-114.52,0,0,
09/21/2026,10:35:00:764,0.000000,0.000000,2,-110.56,-110.56,0,0,
09/21/2026,10:35:00:850,0.000000,0.000000,3,-91.24,-91.24,0,0,
09/21/2026,10:35:00:919,0.000000,0.000000,4,-114.9,-114.9,0,0,
09/21/2026,10:35:01:009,0.000000,0.000000,1,-112.76,-112.76,0,0,
09/21/2026,10:35:01:116,0.000000,0.000000,2,-109.63,-109.63,0,0,
09/21/2026,10:35:01:198,0.000000,0.000000,3,-78.71,-78.71,0,0,
09/21/2026,10:35:01:268,0.000000,0.000000,4,-115.06,-115.06,0,0,
09/21/2026,10:35:01:353,0.000000,0.000000,1,-110.47,-110.47,0,0,
09/21/2026,10:35:01:457,0.000000,0.000000,2,-108.2,-108.2,0,0,
09/21/2026,10:35:01:549,0.000000,0.000000,3,-80.83,-80.83,0,0,
09/21/2026,10:35:01:655,0.000000,0.000000,4,-116.11,-116.11,0,0,
09/21/2026,10:35:01:740,0.000000,0.000000,1,-112.66,-112.66,0,0,
09/21/2026,10:35:01:806,0.000000,0.000000,2,-109.5,-109.5,0,0,
09/21/2026,10:35:01:941,0.000000,0.000000,3,-76.16,-76.16,0,0,
09/21/2026,10:35:01:961,0.000000,0.000000,4,-115.69,-115.69,0,0,
09/21/2026,10:35:02:048,0.000000,0.000000,1,-111.97,-111.97,0,0,
09/21/2026,10:35:02:149,0.000000,0.000000,2,-110.11,-110.11,0,0,
09/21/2026,10:35:02:238,0.000000,0.000000,3,-80.11,-80.11,0,0,
09/21/2026,10:35:02:309,0.000000,0.000000,4,-116.16,-116.16,0,0,
09/21/2026,10:35:02:395,0.000000,0.000000,1,-110.68,-110.68,0,0,
09/21/2026,10:35:02:499,0.000000,0.000000,2,-107.78,-107.78,0,0,
09/21/2026,10:35:02:583,0.000000,0.000000,3,-81.37,-81.37,0,0,
09/21/2026,10:35:02:654,0.000000,0.000000,4,-116.49,-116.49,0,0,
09/21/2026,10:35:02:740,0.000000,0.000000,1,-110.26,-110.26,0,0,
09/21/2026,10:35:02:845,0.000000,0.000000,2,-108.22,-108.22,0,0,
09/21/2026,10:35:02:930,0.000000,0.000000,3,-76.7,-76.7,0,0,
09/21/2026,10:35:03:003,0.000000,0.000000,4,-116.01,-116.01,0,0,
09/21/2026,10:35:03:087,0.000000,0.000000,1,-113.4,-113.4,0,0,
09/21/2026,10:35:03:192,0.000000,0.000000,2,-109.24,-109.24,0,0,
09/21/2026,10:35:03:282,0.000000,0.000000,3,-78.1,-78.1,0,0,
09/21/2026,10:35:03:349,0.000000,0.000000,4,-115.25,-115.25,0,0,
09/21/2026,10:35:03:433,0.000000,0.000000,1,-111.83,-111.83,0,0,
09/21/2026,10:35:03:538,0.000000,0.000000,2,-110.89,-110.89,0,0,
09/21/2026,10:35:03:668,0.000000,0.000000,3,-79.43,-79.43,0,0,
09/21/2026,10:35:03:753,0.000000,0.000000,4,-114.01,-114.01,0,0,
09/21/2026,10:35:03:794,0.000000,0.000000,1,-110.65,-110.65,0,0,
09/21/2026,10:35:03:884,0.000000,0.000000,2,-108.28,-108.28,0,0,
09/21/2026,10:35:03:973,0.000000,0.000000,3,-76.68,-76.68,0,0,
09/21/2026,10:35:04:044,0.000000,0.000000,4,-114.94,-114.94,0,0,
09/21/2026,10:35:04:130,0.000000,0.000000,1,-112.46,-112.46,0,0,
09/21/2026,10:35:04:234,0.000000,0.000000,2,-109.86,-109.86,0,0,
09/21/2026,10:35:04:321,0.000000,0.000000,3,-75.06,-75.06,0,0,
09/21/2026,10:35:04:399,0.000000,0.000000,4,-112.18,-112.18,0,0,
09/21/2026,10:35:04:474,0.000000,0.000000,1,-111.46,-111.46,0,0,
09/21/2026,10:35:04:579,0.000000,0.000000,2,-109.29,-109.29,0,0,
09/21/2026,10:35:04:668,0.000000,0.000000,3,-76.32,-76.32,0,0,
09/21/2026,10:35:04:734,0.000000,0.000000,4,-114.48,-114.48,0,0,
09/21/2026,10:35:04:825,0.000000,0.000000,1,-111.35,-111.35,0,0,
09/21/2026,10:35:04:926,0.000000,0.000000,2,-109.19,-109.19,0,0,
09/21/2026,10:35:05:012,0.000000,0.000000,3,-74.56,-74.56,0,0,
09/21/2026,10:35:05:082,0.000000,0.000000,4,-113.04,-113.04,0,0,
09/21/2026,10:35:05:170,0.000000,0.000000,1,-109.84,-109.84,0,0,
09/21/2026,10:35:05:273,0.000000,0.000000,2,-108.53,-108.53,0,0,
09/21/2026,10:35:05:364,0.000000,0.000000,3,-73.54,-73.54,0,0,
09/21/2026,10:35:05:432,0.000000,0.000000,4,-113.84,-113.84,0,0,
09/21/2026,10:35:05:518,0.000000,0.000000,1,-110.81,-110.81,0,0,
09/21/2026,10:35:05:619,0.000000,0.000000,2,-108.54,-108.54,0,0,
09/21/2026,10:35:05:736,0.000000,0.000000,3,-73.61,-73.61,0,0,
09/21/2026,10:35:05:809,0.000000,0.000000,4,-111.63,-111.63,0,0,
09/21/2026,10:35:05:890,0.000000,0.000000,1,-108.6,-108.6,0,0,
09/21/2026,10:35:05:966,0.000000,0.000000,2,-106.88,-106.88,0,0,
09/21/2026,10:35:06:062,0.000000,0.000000,3,-72.95,-72.95,0,0,
09/21/2026,10:35:06:128,0.000000,0.000000,4,-111.68,-111.68,0,0,
09/21/2026,10:35:06:215,0.000000,0.000000,1,-110.35,-110.35,0,0,
09/21/2026,10:35:06:313,0.000000,0.000000,2,-109.33,-109.33,0,0,
09/21/2026,10:35:06:406,0.000000,0.000000,3,-74.19,-74.19,0,0,
09/21/2026,10:35:06:474,0.000000,0.000000,4,-114.85,-114.85,0,0,
09/21/2026,10:35:06:555,0.000000,0.000000,1,-109.67,-109.67,0,0,
09/21/2026,10:35:06:665,0.000000,0.000000,2,-107.57,-107.57,0,0,
09/21/2026,10:35:06:748,0.000000,0.000000,3,-72.81,-72.81,0,0,
09/21/2026,10:35:06:819,0.000000,0.000000,4,-115.4,-115.4,0,0,
09/21/2026,10:35:06:912,0.000000,0.000000,1,-106.85,-106.85,0,0,
09/21/2026,10:35:07:006,0.000000,0.000000,2,-106.69,-106.69,0,0,
09/21/2026,10:35:07:096,0.000000,0.000000,3,-70.88,-70.88,0,0,
09/21/2026,10:35:07:163,0.000000,0.000000,4,-115.68,-115.68,0,0,
09/21/2026,10:35:07:251,0.000000,0.000000,1,-106.14,-106.14,0,0,
09/21/2026,10:35:07:403,0.000000,0.000000,2,-107.36,-107.36,0,0,
09/21/2026,10:35:07:482,0.000000,0.000000,3,-70.66,-70.66,0,0,
09/21/2026,10:35:07:537,0.000000,0.000000,4,-114.17,-114.17,0,0,
09/21/2026,10:35:07:618,0.000000,0.000000,1,-110.08,-110.08,0,0,
09/21/2026,10:35:07:700,0.000000,0.000000,2,-107.97,-107.97,0,0,
09/21/2026,10:35:07:792,0.000000,0.000000,3,-75.06,-75.06,0,0,
09/21/2026,10:35:07:856,0.000000,0.000000,4,-117.09,-117.09,0,0,
09/21/2026,10:35:07:943,0.000000,0.000000,1,-110.46,-110.46,0,0,
09/21/2026,10:35:08:053,0.000000,0.000000,2,-108.42,-108.42,0,0,
09/21/2026,10:35:08:133,0.000000,0.000000,3,-75.5,-75.5,0,0,
09/21/2026,10:35:08:206,0.000000,0.000000,4,-113.59,-113.59,0,0,
09/21/2026,10:35:08:296,0.000000,0.000000,1,-107.89,-107.89,0,0,
09/21/2026,10:35:08:425,0.000000,0.000000,2,-107.18,-107.18,0,0,
09/21/2026,10:35:08:482,0.000000,0.000000,3,-71.32,-71.32,0,0,
09/21/2026,10:35:08:552,0.000000,0.000000,4,-116.27,-116.27,0,0,
09/21/2026,10:35:08:637,0.000000,0.000000,1,-110.16,-110.16,0,0,
09/21/2026,10:35:08:739,0.000000,0.000000,2,-107.9,-107.9,0,0,
09/21/2026,10:35:08:833,0.000000,0.000000,3,-71.64,-71.64,0,0,
09/21/2026,10:35:08:898,0.000000,0.000000,4,-115.53,-115.53,0,0,
09/21/2026,10:35:08:986,0.000000,0.000000,1,-109.17,-109.17,0,0,
09/21/2026,10:35:09:136,0.000000,0.000000,2,-106.69,-106.69,0,0,
09/21/2026,10:35:09:234,0.000000,0.000000,3,-69.28,-69.28,0,0,
09/21/2026,10:35:09:255,0.000000,0.000000,4,-116.52,-116.52,0,0,
09/21/2026,10:35:09:366,0.000000,0.000000,1,-107.57,-107.57,0,0,
09/21/2026,10:35:09:446,0.000000,0.000000,2,-106.97,-106.97,0,0,
09/21/2026,10:35:09:520,0.000000,0.000000,3,-71.17,-71.17,0,0,
09/21/2026,10:35:09:603,0.000000,0.000000,4,-114.29,-114.29,0,0,
09/21/2026,10:35:09:692,0.000000,0.000000,1,-109.44,-109.44,0,0,
09/21/2026,10:35:09:781,0.000000,0.000000,2,-108.2,-108.2,0,0,
09/21/2026,10:35:09:868,0.000000,0.000000,3,-74.05,-74.05,0,0,
09/21/2026,10:35:09:938,0.000000,0.000000,4,-116.7,-116.7,0,0,
09/21/2026,10:35:10:024,0.000000,0.000000,1,-109.01,-109.01,0,0,
09/21/2026,10:35:10:136,0.000000,0.000000,2,-109.86,-109.86,0,0,
09/21/2026,10:35:10:215,0.000000,0.000000,3,-71.47,-71.47,0,0,
09/21/2026,10:35:10:287,0.000000,0.000000,4,-116.14,-116.14,0,0,
09/21/2026,10:35:10:383,0.000000,0.000000,1,-109.97,-109.97,0,0,
09/21/2026,10:35:10:475,0.000000,0.000000,2,-109.44,-109.44,0,0,
09/21/2026,10:35:10:566,0.000000,0.000000,3,-71.27,-71.27,0,0,
09/21/2026,10:35:10:631,0.000000,0.000000,4,-112.96,-112.96,0,0,
09/21/2026,10:35:10:717,0.000000,0.000000,1,-110.09,-110.09,0,0,
09/21/2026,10:35:10:821,0.000000,0.000000,2,-108.65,-108.65,0,0,
09/21/2026,10:35:10:908,0.000000,0.000000,3,-73.55,-73.55,0,0,
09/21/2026,10:35:10:977,0.000000,0.000000,4,-118.46,-118.46,0,0,
09/21/2026,10:35:11:102,0.000000,0.000000,1,-110.12,-110.12,0,0,
09/21/2026,10:35:11:170,0.000000,0.000000,2,-107.78,-107.78,0,0,
09/21/2026,10:35:11:256,0.000000,0.000000,3,-72.28,-72.28,0,0,
09/21/2026,10:35:11:332,0.000000,0.000000,4,-116.51,-116.51,0,0,
09/21/2026,10:35:11:416,0.000000,0.000000,1,-108.63,-108.63,0,0,
09/21/2026,10:35:11:518,0.000000,0.000000,2,-107.32,-107.32,0,0,
09/21/2026,10:35:11:601,0.000000,0.000000,3,-72.26,-72.26,0,0,
09/21/2026,10:35:11:671,0.000000,0.000000,4,-115.66,-115.66,0,0,
09/21/2026,10:35:11:758,0.000000,0.000000,1,-105.26,-105.26,0,0,
09/21/2026,10:35:11:866,0.000000,0.000000,2,-108.3,-108.3,0,0,
09/21/2026,10:35:11:948,0.000000,0.000000,3,-69.55,-69.55,0,0,
09/21/2026,10:35:12:017,0.000000,0.000000,4,-114.58,-114.58,0,0,
09/21/2026,10:35:12:107,0.000000,0.000000,1,-109.62,-109.62,0,0,
09/21/2026,10:35:12:218,0.000000,0.000000,2,-108.57,-108.57,0,0,
09/21/2026,10:35:12:295,0.000000,0.000000,3,-72.08,-72.08,0,0,
09/21/2026,10:35:12:367,0.000000,0.000000,4,-113.58,-113.58,0,0,
09/21/2026,10:35:12:453,0.000000,0.000000,1,-108.43,-108.43,0,0,
09/21/2026,10:35:12:555,0.000000,0.000000,2,-107.43,-107.43,0,0,
09/21/2026,10:35:12:641,0.000000,0.000000,3,-72.2,-72.2,0,0,
09/21/2026,10:35:12:714,0.000000,0.000000,4,-116.34,-116.34,0,0,
09/21/2026,10:35:12:802,0.000000,0.000000,1,-109.75,-109.75,0,0,
09/21/2026,10:35:12:904,0.000000,0.000000,2,-107.8,-107.8,0,0,
09/21/2026,10:35:12:989,0.000000,0.000000,3,-72.56,-72.56,0,0,
09/21/2026,10:35:13:112,0.000000,0.000000,4,-115.01,-115.01,0,0,
09/21/2026,10:35:13:153,0.000000,0.000000,1,-109.82,-109.82,0,0,
09/21/2026,10:35:13:249,0.000000,0.000000,2,-108.01,-108.01,0,0,
09/21/2026,10:35:13:339,0.000000,0.000000,3,-73.57,-73.57,0,0,
09/21/2026,10:35:13:405,0.000000,0.000000,4,-114.31,-114.31,0,0,
09/21/2026,10:35:13:492,0.000000,0.000000,1,-109.72,-109.72,0,0,
09/21/2026,10:35:13:597,0.000000,0.000000,2,-108.7,-108.7,0,0,
09/21/2026,10:35:13:686,0.000000,0.000000,3,-75.14,-75.14,0,0,
09/21/2026,10:35:13:752,0.000000,0.000000,4,-116.51,-116.51,0,0,
09/21/2026,10:35:13:849,0.000000,0.000000,1,-108.84,-108.84,0,0,
09/21/2026,10:35:13:943,0.000000,0.000000,2,-109.62,-109.62,0,0,
09/21/2026,10:35:14:033,0.000000,0.000000,3,-77.01,-77.01,0,0,
09/21/2026,10:35:14:099,0.000000,0.000000,4,-115.2,-115.2,0,0,
09/21/2026,10:35:14:185,0.000000,0.000000,1,-110,-110,0,0,
09/21/2026,10:35:14:290,0.000000,0.000000,2,-107.65,-107.65,0,0,
09/21/2026,10:35:14:376,0.000000,0.000000,3,-80.43,-80.43,0,0,
09/21/2026,10:35:14:453,0.000000,0.000000,4,-115.62,-115.62,0,0,
09/21/2026,10:35:14:914,0.000000,0.000000,1,-109.11,-109.11,0,0,
09/21/2026,10:35:14:937,0.000000,0.000000,2,-108.89,-108.89,0,0,
09/21/2026,10:35:14:955,0.000000,0.000000,3,-78.52,-78.52,0,0,
09/21/2026,10:35:14:981,0.000000,0.000000,4,-114.26,-114.26,0,0,
09/21/2026,10:35:15:004,0.000000,0.000000,1,-110.93,-110.93,0,0,
09/21/2026,10:35:15:026,0.000000,0.000000,2,-109.02,-109.02,0,0,
09/21/2026,10:35:15:072,0.000000,0.000000,3,-78.81,-78.81,0,0,
09/21/2026,10:35:15:139,0.000000,0.000000,4,-117.83,-117.83,0,0,
09/21/2026,10:35:15:227,0.000000,0.000000,1,-109.77,-109.77,0,0,
09/21/2026,10:35:15:329,0.000000,0.000000,2,-108.58,-108.58,0,0,
09/21/2026,10:35:15:416,0.000000,0.000000,3,-77.93,-77.93,0,0,
09/21/2026,10:35:15:486,0.000000,0.000000,4,-118.32,-118.32,0,0,
09/21/2026,10:35:15:572,0.000000,0.000000,1,-109.97,-109.97,0,0,
09/21/2026,10:35:15:676,0.000000,0.000000,2,-109.85,-109.85,0,0,
09/21/2026,10:35:15:767,0.000000,0.000000,3,-76.83,-76.83,0,0,
09/21/2026,10:35:15:837,0.000000,0.000000,4,-115.86,-115.86,0,0,
09/21/2026,10:35:15:920,0.000000,0.000000,1,-111.13,-111.13,0,0,
09/21/2026,10:35:16:025,0.000000,0.000000,2,-109.36,-109.36,0,0,
09/21/2026,10:35:16:110,0.000000,0.000000,3,-81.92,-81.92,0,0,
09/21/2026,10:35:16:185,0.000000,0.000000,4,-116.64,-116.64,0,0,
09/21/2026,10:35:16:265,0.000000,0.000000,1,-111.03,-111.03,0,0,
09/21/2026,10:35:16:371,0.000000,0.000000,2,-108.36,-108.36,0,0,
09/21/2026,10:35:16:456,0.000000,0.000000,3,-80.22,-80.22,0,0,
09/21/2026,10:35:16:532,0.000000,0.000000,4,-116.11,-116.11,0,0,
09/21/2026,10:35:16:612,0.000000,0.000000,1,-112.22,-112.22,0,0,
09/21/2026,10:35:16:731,0.000000,0.000000,2,-108.91,-108.91,0,0,
09/21/2026,10:35:16:833,0.000000,0.000000,3,-77.31,-77.31,0,0,
09/21/2026,10:35:16:872,0.000000,0.000000,4,-114.38,-114.38,0,0,
09/21/2026,10:35:16:960,0.000000,0.000000,1,-108.51,-108.51,0,0,
09/21/2026,10:35:17:069,0.000000,0.000000,2,-109.66,-109.66,0,0,
09/21/2026,10:35:17:151,0.000000,0.000000,3,-78.06,-78.06,0,0,
09/21/2026,10:35:17:222,0.000000,0.000000,4,-114.87,-114.87,0,0,
09/21/2026,10:35:17:328,0.000000,0.000000,1,-111.42,-111.42,0,0,
09/21/2026,10:35:17:450,0.000000,0.000000,2,-109.45,-109.45,0,0,
09/21/2026,10:35:17:538,0.000000,0.000000,3,-76.65,-76.65,0,0,
09/21/2026,10:35:17:608,0.000000,0.000000,4,-115.45,-115.45,0,0,
09/21/2026,10:35:17:696,0.000000,0.000000,1,-110.41,-110.41,0,0,
09/21/2026,10:35:17:798,0.000000,0.000000,2,-109.94,-109.94,0,0,
09/21/2026,10:35:17:890,0.000000,0.000000,3,-82.53,-82.53,0,0,
09/21/2026,10:35:17:959,0.000000,0.000000,4,-115.34,-115.34,0,0,
09/21/2026,10:35:18:043,0.000000,0.000000,1,-112.6,-112.6,0,0,
09/21/2026,10:35:18:145,0.000000,0.000000,2,-111.32,-111.32,0,0,
09/21/2026,10:35:18:231,0.000000,0.000000,3,-77.73,-77.73,0,0,
09/21/2026,10:35:18:302,0.000000,0.000000,4,-114.28,-114.28,0,0,
09/21/2026,10:35:18:388,0.000000,0.000000,1,-114.05,-114.05,0,0,
09/21/2026,10:35:18:518,0.000000,0.000000,2,-109.44,-109.44,0,0,
09/21/2026,10:35:18:653,0.000000,0.000000,3,-77.6,-77.6,0,0,
09/21/2026,10:35:18:675,0.000000,0.000000,4,-116.6,-116.6,0,0,
09/21/2026,10:35:18:776,0.000000,0.000000,1,-109.34,-109.34,0,0,
09/21/2026,10:35:18:839,0.000000,0.000000,2,-110.96,-110.96,0,0,
09/21/2026,10:35:18:926,0.000000,0.000000,3,-76.07,-76.07,0,0,
09/21/2026,10:35:18:996,0.000000,0.000000,4,-117.37,-117.37,0,0,
09/21/2026,10:35:19:081,0.000000,0.000000,1,-111.18,-111.18,0,0,
09/21/2026,10:35:19:186,0.000000,0.000000,2,-109.54,-109.54,0,0,
09/21/2026,10:35:19:275,0.000000,0.000000,3,-74.25,-74.25,0,0,
09/21/2026,10:35:19:341,0.000000,0.000000,4,-116.61,-116.61,0,0,
09/21/2026,10:35:19:428,0.000000,0.000000,1,-110.57,-110.57,0,0,
09/21/2026,10:35:19:531,0.000000,0.000000,2,-109.59,-109.59,0,0,
09/21/2026,10:35:19:618,0.000000,0.000000,3,-77.8,-77.8,0,0,
09/21/2026,10:35:19:689,0.000000,0.000000,4,-115.58,-115.58,0,0,
09/21/2026,10:35:19:776,0.000000,0.000000,1,-110.4,-110.4,0,0,
09/21/2026,10:35:19:880,0.000000,0.000000,2,-109.25,-109.25,0,0,
09/21/2026,10:35:20:388,0.000000,0.000000,3,-82.61,-82.61,0,0,
09/21/2026,10:35:20:407,0.000000,0.000000,4,-114.84,-114.84,0,0,
09/21/2026,10:35:20:460,0.000000,0.000000,1,-110.86,-110.86,0,0,
09/21/2026,10:35:20:510,0.000000,0.000000,2,-109.18,-109.18,0,0,
09/21/2026,10:35:20:558,0.000000,0.000000,3,-83.64,-83.64,0,0,
09/21/2026,10:35:20:603,0.000000,0.000000,4,-116.86,-116.86,0,0,
09/21/2026,10:35:20:660,0.000000,0.000000,1,-111.23,-111.23,0,0,
09/21/2026,10:35:20:719,0.000000,0.000000,2,-109.95,-109.95,0,0,
09/21/2026,10:35:20:772,0.000000,0.000000,3,-87.24,-87.24,0,0,
09/21/2026,10:35:20:793,0.000000,0.000000,4,-114.53,-114.53,0,0,
09/21/2026,10:35:20:821,0.000000,0.000000,1,-112.83,-112.83,0,0,
09/21/2026,10:35:20:919,0.000000,0.000000,2,-108.82,-108.82,0,0,
09/21/2026,10:35:21:008,0.000000,0.000000,3,-88.76,-88.76,0,0,
09/21/2026,10:35:21:074,0.000000,0.000000,4,-116.42,-116.42,0,0,
09/21/2026,10:35:21:163,0.000000,0.000000,1,-113.04,-113.04,0,0,
09/21/2026,10:35:21:270,0.000000,0.000000,2,-109.45,-109.45,0,0,
09/21/2026,10:35:21:353,0.000000,0.000000,3,-84.06,-84.06,0,0,
09/21/2026,10:35:21:424,0.000000,0.000000,4,-117.85,-117.85,0,0,
09/21/2026,10:35:21:509,0.000000,0.000000,1,-112.29,-112.29,0,0,
09/21/2026,10:35:21:615,0.000000,0.000000,2,-109.01,-109.01,0,0,
09/21/2026,10:35:21:717,0.000000,0.000000,3,-85.08,-85.08,0,0,
09/21/2026,10:35:21:769,0.000000,0.000000,4,-116.54,-116.54,0,0,
09/21/2026,10:35:21:855,0.000000,0.000000,1,-112.29,-112.29,0,0,
09/21/2026,10:35:21:961,0.000000,0.000000,2,-108.69,-108.69,0,0,
09/21/2026,10:35:22:049,0.000000,0.000000,3,-84.2,-84.2,0,0,
09/21/2026,10:35:22:149,0.000000,0.000000,4,-114.2,-114.2,0,0,
09/21/2026,10:35:22:208,0.000000,0.000000,1,-112.51,-112.51,0,0,
09/21/2026,10:35:22:329,0.000000,0.000000,2,-109.49,-109.49,0,0,
09/21/2026,10:35:22:411,0.000000,0.000000,3,-86.41,-86.41,0,0,
09/21/2026,10:35:22:463,0.000000,0.000000,4,-116.28,-116.28,0,0,
09/21/2026,10:35:22:550,0.000000,0.000000,1,-112.08,-112.08,0,0,
09/21/2026,10:35:22:652,0.000000,0.000000,2,-111.3,-111.3,0,0,
09/21/2026,10:35:22:739,0.000000,0.000000,3,-91.24,-91.24,0,0,
09/21/2026,10:35:22:808,0.000000,0.000000,4,-115,-115,0,0,
09/21/2026,10:35:22:898,0.000000,0.000000,1,-112.35,-112.35,0,0,
09/21/2026,10:35:23:000,0.000000,0.000000,2,-109.94,-109.94,0,0,
09/21/2026,10:35:23:086,0.000000,0.000000,3,-85.9,-85.9,0,0,
09/21/2026,10:35:23:157,0.000000,0.000000,4,-116.43,-116.43,0,0,
09/21/2026,10:35:23:245,0.000000,0.000000,1,-112.01,-112.01,0,0,
09/21/2026,10:35:23:346,0.000000,0.000000,2,-109.6,-109.6,0,0,
09/21/2026,10:35:23:434,0.000000,0.000000,3,-89.81,-89.81,0,0,
09/21/2026,10:35:23:502,0.000000,0.000000,4,-115.87,-115.87,0,0,
09/21/2026,10:35:23:591,0.000000,0.000000,1,-111.55,-111.55,0,0,
09/21/2026,10:35:23:694,0.000000,0.000000,2,-110.08,-110.08,0,0,
09/21/2026,10:35:23:779,0.000000,0.000000,3,-81.2,-81.2,0,0,
09/21/2026,10:35:23:855,0.000000,0.000000,4,-114.11,-114.11,0,0,
09/21/2026,10:35:23:941,0.000000,0.000000,1,-112.07,-112.07,0,0,
09/21/2026,10:35:24:066,0.000000,0.000000,2,-108.76,-108.76,0,0,
09/21/2026,10:35:24:154,0.000000,0.000000,3,-80.49,-80.49,0,0,
09/21/2026,10:35:24:198,0.000000,0.000000,4,-115.06,-115.06,0,0,
09/21/2026,10:35:24:290,0.000000,0.000000,1,-113.17,-113.17,0,0,
09/21/2026,10:35:24:397,0.000000,0.000000,2,-111.02,-111.02,0,0,
09/21/2026,10:35:24:476,0.000000,0.000000,3,-82.36,-82.36,0,0,
09/21/2026,10:35:24:547,0.000000,0.000000,4,-115.98,-115.98,0,0,
09/21/2026,10:35:24:631,0.000000,0.000000,1,-111.86,-111.86,0,0,
09/21/2026,10:35:24:736,0.000000,0.000000,2,-109.42,-109.42,0,0,
09/21/2026,10:35:24:820,0.000000,0.000000,3,-90.26,-90.26,0,0,
09/21/2026,10:35:24:891,0.000000,0.000000,4,-114.67,-114.67,0,0,
09/21/2026,10:35:24:978,0.000000,0.000000,1,-111.42,-111.42,0,0,
09/21/2026,10:35:25:081,0.000000,0.000000,2,-110.23,-110.23,0,0,
09/21/2026,10:35:25:173,0.000000,0.000000,3,-89.44,-89.44,0,0,
09/21/2026,10:35:25:251,0.000000,0.000000,4,-114.8,-114.8,0,0,
09/21/2026,10:35:25:325,0.000000,0.000000,1,-111.28,-111.28,0,0,
09/21/2026,10:35:25:429,0.000000,0.000000,2,-110.26,-110.26,0,0,
09/21/2026,10:35:25:525,0.000000,0.000000,3,-82.91,-82.91,0,0,
09/21/2026,10:35:25:600,0.000000,0.000000,4,-117.07,-117.07,0,0,
09/21/2026,10:35:25:670,0.000000,0.000000,1,-112.12,-112.12,0,0,
09/21/2026,10:35:25:782,0.000000,0.000000,2,-109.95,-109.95,0,0,
09/21/2026,10:35:25:861,0.000000,0.000000,3,-99.92,-99.92,0,0,
09/21/2026,10:35:25:937,0.000000,0.000000,4,-117.11,-117.11,0,0,
09/21/2026,10:35:26:045,0.000000,0.000000,1,-112.98,-112.98,0,0,
09/21/2026,10:35:26:166,0.000000,0.000000,2,-108.68,-108.68,0,0,
09/21/2026,10:35:26:228,0.000000,0.000000,3,-89.87,-89.87,0,0,
09/21/2026,10:35:26:284,0.000000,0.000000,4,-116.31,-116.31,0,0,
09/21/2026,10:35:26:370,0.000000,0.000000,1,-112.92,-112.92,0,0,
09/21/2026,10:35:26:471,0.000000,0.000000,2,-110.24,-110.24,0,0,
09/21/2026,10:35:26:556,0.000000,0.000000,3,-89.87,-89.87,0,0,
09/21/2026,10:35:26:626,0.000000,0.000000,4,-115.07,-115.07,0,0,
09/21/2026,10:35:26:715,0.000000,0.000000,1,-110.99,-110.99,0,0,
09/21/2026,10:35:26:843,0.000000,0.000000,2,-108.34,-108.34,0,0,
09/21/2026,10:35:26:900,0.000000,0.000000,3,-85.14,-85.14,0,0,
09/21/2026,10:35:26:972,0.000000,0.000000,4,-115.64,-115.64,0,0,
09/21/2026,10:35:27:065,0.000000,0.000000,1,-111.27,-111.27,0,0,
09/21/2026,10:35:27:168,0.000000,0.000000,2,-108.71,-108.71,0,0,
09/21/2026,10:35:27:254,0.000000,0.000000,3,-87.52,-87.52,0,0,
09/21/2026,10:35:27:320,0.000000,0.000000,4,-116.15,-116.15,0,0,
09/21/2026,10:35:27:406,0.000000,0.000000,1,-111.94,-111.94,0,0,
09/21/2026,10:35:27:514,0.000000,0.000000,2,-108.06,-108.06,0,0,
09/21/2026,10:35:27:614,0.000000,0.000000,3,-88.81,-88.81,0,0,
09/21/2026,10:35:27:666,0.000000,0.000000,4,-114.49,-114.49,0,0,
09/21/2026,10:35:27:786,0.000000,0.000000,1,-109.1,-109.1,0,0,
09/21/2026,10:35:27:917,0.000000,0.000000,2,-108.6,-108.6,0,0,
09/21/2026,10:35:27:981,0.000000,0.000000,3,-79.33,-79.33,0,0,
09/21/2026,10:35:28:036,0.000000,0.000000,4,-114.14,-114.14,0,0,
09/21/2026,10:35:28:117,0.000000,0.000000,1,-111.33,-111.33,0,0,
09/21/2026,10:35:28:202,0.000000,0.000000,2,-110.15,-110.15,0,0,
09/21/2026,10:35:28:289,0.000000,0.000000,3,-86.38,-86.38,0,0,
09/21/2026,10:35:28:359,0.000000,0.000000,4,-113.47,-113.47,0,0,
09/21/2026,10:35:28:447,0.000000,0.000000,1,-110.1,-110.1,0,0,
09/21/2026,10:35:28:550,0.000000,0.000000,2,-109,-109,0,0,
09/21/2026,10:35:28:636,0.000000,0.000000,3,-89.72,-89.72,0,0,
09/21/2026,10:35:28:706,0.000000,0.000000,4,-114.76,-114.76,0,0,
09/21/2026,10:35:28:800,0.000000,0.000000,1,-110.34,-110.34,0,0,
09/21/2026,10:35:28:896,0.000000,0.000000,2,-109.02,-109.02,0,0,
09/21/2026,10:35:28:983,0.000000,0.000000,3,-84.88,-84.88,0,0,
09/21/2026,10:35:29:054,0.000000,0.000000,4,-114.65,-114.65,0,0,
09/21/2026,10:35:29:140,0.000000,0.000000,1,-112.59,-112.59,0,0,
09/21/2026,10:35:29:245,0.000000,0.000000,2,-109.83,-109.83,0,0,
09/21/2026,10:35:29:328,0.000000,0.000000,3,-81.28,-81.28,0,0,
09/21/2026,10:35:29:400,0.000000,0.000000,4,-115.3,-115.3,0,0,
09/21/2026,10:35:29:494,0.000000,0.000000,1,-110.79,-110.79,0,0,
09/21/2026,10:35:29:612,0.000000,0.000000,2,-109.92,-109.92,0,0,
09/21/2026,10:35:29:676,0.000000,0.000000,3,-83.2,-83.2,0,0,
09/21/2026,10:35:29:804,0.000000,0.000000,4,-116.37,-116.37,0,0,
09/21/2026,10:35:29:865,0.000000,0.000000,1,-111.76,-111.76,0,0,
09/21/2026,10:35:29:945,0.000000,0.000000,2,-110.67,-110.67,0,0,
09/21/2026,10:35:30:025,0.000000,0.000000,3,-82.57,-82.57,0,0,
09/21/2026,10:35:30:101,0.000000,0.000000,4,-117.49,-117.49,0,0,
09/21/2026,10:35:30:178,0.000000,0.000000,1,-112.37,-112.37,0,0,
09/21/2026,10:35:30:282,0.000000,0.000000,2,-110.92,-110.92,0,0,
09/21/2026,10:35:30:375,0.000000,0.000000,3,-80.18,-80.18,0,0,
09/21/2026,10:35:30:444,0.000000,0.000000,4,-114.84,-114.84,0,0,
09/21/2026,10:35:30:526,0.000000,0.000000,1,-114.19,-114.19,0,0,
09/21/2026,10:35:30:632,0.000000,0.000000,2,-111.06,-111.06,0,0,
09/21/2026,10:35:30:721,0.000000,0.000000,3,-79.7,-79.7,0,0,
09/21/2026,10:35:30:795,0.000000,0.000000,4,-115.44,-115.44,0,0,
09/21/2026,10:35:30:873,0.000000,0.000000,1,-112.17,-112.17,0,0,
09/21/2026,10:35:30:982,0.000000,0.000000,2,-112.21,-112.21,0,0,
09/21/2026,10:35:31:067,0.000000,0.000000,3,-82.62,-82.62,0,0,
09/21/2026,10:35:31:132,0.000000,0.000000,4,-116.25,-116.25,0,0,
09/21/2026,10:35:31:227,0.000000,0.000000,1,-109.62,-109.62,0,0,
09/21/2026,10:35:31:325,0.000000,0.000000,2,-109.62,-109.62,0,0,
09/21/2026,10:35:31:410,0.000000,0.000000,3,-75.74,-75.74,0,0,
09/21/2026,10:35:31:479,0.000000,0.000000,4,-115.55,-115.55,0,0,
09/21/2026,10:35:31:586,0.000000,0.000000,1,-110.29,-110.29,0,0,
09/21/2026,10:35:31:670,0.000000,0.000000,2,-111.41,-111.41,0,0,
09/21/2026,10:35:31:778,0.000000,0.000000,3,-73.96,-73.96,0,0,
09/21/2026,10:35:31:849,0.000000,0.000000,4,-116.85,-116.85,0,0,
09/21/2026,10:35:31:913,0.000000,0.000000,1,-110.68,-110.68,0,0,
09/21/2026,10:35:32:020,0.000000,0.000000,2,-110.34,-110.34,0,0,
09/21/2026,10:35:32:105,0.000000,0.000000,3,-76.09,-76.09,0,0,
09/21/2026,10:35:32:173,0.000000,0.000000,4,-115.29,-115.29,0,0,
09/21/2026,10:35:32:260,0.000000,0.000000,1,-109.54,-109.54,0,0,
09/21/2026,10:35:32:365,0.000000,0.000000,2,-110.75,-110.75,0,0,
09/21/2026,10:35:32:451,0.000000,0.000000,3,-77.43,-77.43,0,0,
09/21/2026,10:35:32:520,0.000000,0.000000,4,-114.94,-114.94,0,0,
09/21/2026,10:35:32:609,0.000000,0.000000,1,-109.81,-109.81,0,0,
09/21/2026,10:35:32:749,0.000000,0.000000,2,-111.29,-111.29,0,0,
09/21/2026,10:35:32:797,0.000000,0.000000,3,-81.93,-81.93,0,0,
09/21/2026,10:35:32:870,0.000000,0.000000,4,-115.19,-115.19,0,0,
09/21/2026,10:35:32:956,0.000000,0.000000,1,-110.93,-110.93,0,0,
09/21/2026,10:35:33:058,0.000000,0.000000,2,-111.77,-111.77,0,0,
09/21/2026,10:35:33:143,0.000000,0.000000,3,-87.26,-87.26,0,0,
09/21/2026,10:35:33:213,0.000000,0.000000,4,-114.94,-114.94,0,0,
09/21/2026,10:35:33:300,0.000000,0.000000,1,-113.89,-113.89,0,0,
09/21/2026,10:35:33:423,0.000000,0.000000,2,-111.42,-111.42,0,0,
09/21/2026,10:35:33:506,0.000000,0.000000,3,-79.11,-79.11,0,0,
09/21/2026,10:35:33:593,0.000000,0.000000,4,-115.98,-115.98,0,0,
09/21/2026,10:35:33:656,0.000000,0.000000,1,-113.61,-113.61,0,0,
09/21/2026,10:35:33:752,0.000000,0.000000,2,-113.2,-113.2,0,0,
09/21/2026,10:35:33:839,0.000000,0.000000,3,-78.8,-78.8,0,0,
09/21/2026,10:35:33:912,0.000000,0.000000,4,-114.85,-114.85,0,0,
09/21/2026,10:35:34:014,0.000000,0.000000,1,-112.7,-112.7,0,0,
09/21/2026,10:35:34:100,0.000000,0.000000,2,-112.41,-112.41,0,0,
09/21/2026,10:35:34:185,0.000000,0.000000,3,-84.38,-84.38,0,0,
09/21/2026,10:35:34:255,0.000000,0.000000,4,-116.21,-116.21,0,0,
09/21/2026,10:35:34:351,0.000000,0.000000,1,-113.8,-113.8,0,0,
09/21/2026,10:35:34:444,0.000000,0.000000,2,-111.77,-111.77,0,0,
09/21/2026,10:35:34:531,0.000000,0.000000,3,-96.38,-96.38,0,0,
09/21/2026,10:35:34:600,0.000000,0.000000,4,-117.48,-117.48,0,0,
09/21/2026,10:35:34:689,0.000000,0.000000,1,-110.86,-110.86,0,0,
09/21/2026,10:35:34:793,0.000000,0.000000,2,-110.59,-110.59,0,0,
09/21/2026,10:35:34:877,0.000000,0.000000,3,-85.67,-85.67,0,0,
09/21/2026,10:35:34:952,0.000000,0.000000,4,-113.94,-113.94,0,0,
09/21/2026,10:35:35:038,0.000000,0.000000,1,-114.18,-114.18,0,0,
09/21/2026,10:35:35:137,0.000000,0.000000,2,-110.86,-110.86,0,0,
09/21/2026,10:35:35:224,0.000000,0.000000,3,-79.05,-79.05,0,0,
09/21/2026,10:35:35:294,0.000000,0.000000,4,-115.79,-115.79,0,0,
09/21/2026,10:35:35:428,0.000000,0.000000,1,-112.56,-112.56,0,0,
09/21/2026,10:35:35:490,0.000000,0.000000,2,-111.28,-111.28,0,0,
09/21/2026,10:35:35:911,0.000000,0.000000,3,-90.46,-90.46,0,0,
09/21/2026,10:35:35:925,0.000000,0.000000,4,-115.48,-115.48,0,0,
09/21/2026,10:35:35:948,0.000000,0.000000,1,-114.51,-114.51,0,0,
09/21/2026,10:35:35:986,0.000000,0.000000,2,-110.2,-110.2,0,0,
09/21/2026,10:35:36:008,0.000000,0.000000,3,-89.61,-89.61,0,0,
09/21/2026,10:35:36:026,0.000000,0.000000,4,-115.81,-115.81,0,0,
09/21/2026,10:35:36:074,0.000000,0.000000,1,-113.37,-113.37,0,0,
09/21/2026,10:35:36:178,0.000000,0.000000,2,-109.66,-109.66,0,0,
09/21/2026,10:35:36:264,0.000000,0.000000,3,-83.11,-83.11,0,0,
09/21/2026,10:35:36:335,0.000000,0.000000,4,-117.81,-117.81,0,0,
09/21/2026,10:35:36:422,0.000000,0.000000,1,-111.93,-111.93,0,0,
09/21/2026,10:35:36:524,0.000000,0.000000,2,-111.49,-111.49,0,0,
09/21/2026,10:35:36:611,0.000000,0.000000,3,-81.92,-81.92,0,0,
09/21/2026,10:35:36:683,0.000000,0.000000,4,-119.11,-119.11,0,0,
09/21/2026,10:35:36:768,0.000000,0.000000,1,-112.25,-112.25,0,0,
09/21/2026,10:35:36:880,0.000000,0.000000,2,-110.69,-110.69,0,0,
09/21/2026,10:35:36:963,0.000000,0.000000,3,-78.18,-78.18,0,0,
09/21/2026,10:35:37:053,0.000000,0.000000,4,-114.4,-114.4,0,0,
09/21/2026,10:35:37:113,0.000000,0.000000,1,-110.32,-110.32,0,0,
09/21/2026,10:35:37:235,0.000000,0.000000,2,-108.91,-108.91,0,0,
09/21/2026,10:35:37:306,0.000000,0.000000,3,-75.2,-75.2,0,0,
09/21/2026,10:35:37:375,0.000000,0.000000,4,-114.26,-114.26,0,0,
09/21/2026,10:35:37:463,0.000000,0.000000,1,-112.59,-112.59,0,0,
09/21/2026,10:35:37:567,0.000000,0.000000,2,-110.08,-110.08,0,0,
09/21/2026,10:35:37:651,0.000000,0.000000,3,-76.6,-76.6,0,0,
09/21/2026,10:35:37:724,0.000000,0.000000,4,-114.48,-114.48,0,0,
09/21/2026,10:35:37:808,0.000000,0.000000,1,-110.94,-110.94,0,0,
09/21/2026,10:35:37:910,0.000000,0.000000,2,-108.98,-108.98,0,0,
09/21/2026,10:35:37:998,0.000000,0.000000,3,-72.71,-72.71,0,0,
09/21/2026,10:35:38:068,0.000000,0.000000,4,-114.95,-114.95,0,0,
09/21/2026,10:35:38:157,0.000000,0.000000,1,-110.6,-110.6,0,0,
09/21/2026,10:35:38:259,0.000000,0.000000,2,-108.73,-108.73,0,0,
09/21/2026,10:35:38:351,0.000000,0.000000,3,-72.47,-72.47,0,0,
09/21/2026,10:35:38:414,0.000000,0.000000,4,-116.55,-116.55,0,0,
09/21/2026,10:35:38:502,0.000000,0.000000,1,-111.94,-111.94,0,0,
09/21/2026,10:35:38:605,0.000000,0.000000,2,-108.6,-108.6,0,0,
09/21/2026,10:35:38:692,0.000000,0.000000,3,-73.69,-73.69,0,0,
09/21/2026,10:35:38:763,0.000000,0.000000,4,-113.79,-113.79,0,0,
09/21/2026,10:35:38:849,0.000000,0.000000,1,-112.87,-112.87,0,0,
09/21/2026,10:35:38:954,0.000000,0.000000,2,-109.57,-109.57,0,0,
09/21/2026,10:35:39:051,0.000000,0.000000,3,-79.66,-79.66,0,0,
09/21/2026,10:35:39:128,0.000000,0.000000,4,-117.21,-117.21,0,0,
09/21/2026,10:35:39:199,0.000000,0.000000,1,-112.85,-112.85,0,0,
09/21/2026,10:35:39:298,0.000000,0.000000,2,-109.79,-109.79,0,0,
09/21/2026,10:35:39:386,0.000000,0.000000,3,-74.33,-74.33,0,0,
09/21/2026,10:35:39:458,0.000000,0.000000,4,-116,-116,0,0,
09/21/2026,10:35:39:544,0.000000,0.000000,1,-112.49,-112.49,0,0,
09/21/2026,10:35:39:646,0.000000,0.000000,2,-108.66,-108.66,0,0,
09/21/2026,10:35:39:735,0.000000,0.000000,3,-75.35,-75.35,0,0,
09/21/2026,10:35:39:802,0.000000,0.000000,4,-116.19,-116.19,0,0,
09/21/2026,10:35:39:890,0.000000,0.000000,1,-109.89,-109.89,0,0,
09/21/2026,10:35:39:993,0.000000,0.000000,2,-110.26,-110.26,0,0,
09/21/2026,10:35:40:078,0.000000,0.000000,3,-83.02,-83.02,0,0,
09/21/2026,10:35:40:149,0.000000,0.000000,4,-116.01,-116.01,0,0,
09/21/2026,10:35:40:237,0.000000,0.000000,1,-113.22,-113.22,0,0,
09/21/2026,10:35:40:340,0.000000,0.000000,2,-110.09,-110.09,0,0,
09/21/2026,10:35:40:428,0.000000,0.000000,3,-90.1,-90.1,0,0,
09/21/2026,10:35:40:498,0.000000,0.000000,4,-115.9,-115.9,0,0,
09/21/2026,10:35:40:585,0.000000,0.000000,1,-112.02,-112.02,0,0,
09/21/2026,10:35:40:686,0.000000,0.000000,2,-109.19,-109.19,0,0,
09/21/2026,10:35:40:807,0.000000,0.000000,3,-88.51,-88.51,0,0,
09/21/2026,10:35:40:881,0.000000,0.000000,4,-115.23,-115.23,0,0,
09/21/2026,10:35:40:960,0.000000,0.000000,1,-111.1,-111.1,0,0,
09/21/2026,10:35:41:372,0.000000,0.000000,2,-110.96,-110.96,0,0,
09/21/2026,10:35:41:387,0.000000,0.000000,3,-88.99,-88.99,0,0,
09/21/2026,10:35:41:397,0.000000,0.000000,4,-113.66,-113.66,0,0,
09/21/2026,10:35:41:414,0.000000,0.000000,1,-111.44,-111.44,0,0,
09/21/2026,10:35:41:432,0.000000,0.000000,2,-109.79,-109.79,0,0,
09/21/2026,10:35:41:470,0.000000,0.000000,3,-89.95,-89.95,0,0,
09/21/2026,10:35:41:537,0.000000,0.000000,4,-114.93,-114.93,0,0,
09/21/2026,10:35:41:622,0.000000,0.000000,1,-112.24,-112.24,0,0,
09/21/2026,10:35:41:727,0.000000,0.000000,2,-110.96,-110.96,0,0,
09/21/2026,10:35:41:820,0.000000,0.000000,3,-84.97,-84.97,0,0,
09/21/2026,10:35:41:881,0.000000,0.000000,4,-116.4,-116.4,0,0,
09/21/2026,10:35:41:969,0.000000,0.000000,1,-112.31,-112.31,0,0,
09/21/2026,10:35:42:073,0.000000,0.000000,2,-109.26,-109.26,0,0,
09/21/2026,10:35:42:160,0.000000,0.000000,3,-85.72,-85.72,0,0,
09/21/2026,10:35:42:231,0.000000,0.000000,4,-116.34,-116.34,0,0,
09/21/2026,10:35:42:316,0.000000,0.000000,1,-110.23,-110.23,0,0,
09/21/2026,10:35:42:425,0.000000,0.000000,2,-107.75,-107.75,0,0,
09/21/2026,10:35:42:508,0.000000,0.000000,3,-80.56,-80.56,0,0,
09/21/2026,10:35:42:576,0.000000,0.000000,4,-113.69,-113.69,0,0,
09/21/2026,10:35:42:713,0.000000,0.000000,1,-109.8,-109.8,0,0,
09/21/2026,10:35:42:789,0.000000,0.000000,2,-107.76,-107.76,0,0,
09/21/2026,10:35:42:853,0.000000,0.000000,3,-81.51,-81.51,0,0,
09/21/2026,10:35:42:924,0.000000,0.000000,4,-115.38,-115.38,0,0,
09/21/2026,10:35:43:009,0.000000,0.000000,1,-110.52,-110.52,0,0,
09/21/2026,10:35:43:118,0.000000,0.000000,2,-108.42,-108.42,0,0,
09/21/2026,10:35:43:201,0.000000,0.000000,3,-82.55,-82.55,0,0,
09/21/2026,10:35:43:269,0.000000,0.000000,4,-114.9,-114.9,0,0,
09/21/2026,10:35:43:358,0.000000,0.000000,1,-111.47,-111.47,0,0,
09/21/2026,10:35:43:478,0.000000,0.000000,2,-109.76,-109.76,0,0,
09/21/2026,10:35:43:546,0.000000,0.000000,3,-83.26,-83.26,0,0,
09/21/2026,10:35:43:616,0.000000,0.000000,4,-116.14,-116.14,0,0,
09/21/2026,10:35:43:703,0.000000,0.000000,1,-112.9,-112.9,0,0,
09/21/2026,10:35:43:808,0.000000,0.000000,2,-108.58,-108.58,0,0,
09/21/2026,10:35:43:893,0.000000,0.000000,3,-84.04,-84.04,0,0,
09/21/2026,10:35:43:964,0.000000,0.000000,4,-117.59,-117.59,0,0,
09/21/2026,10:35:44:050,0.000000,0.000000,1,-111.98,-111.98,0,0,
09/21/2026,10:35:44:155,0.000000,0.000000,2,-109.63,-109.63,0,0,
09/21/2026,10:35:44:254,0.000000,0.000000,3,-86.56,-86.56,0,0,
09/21/2026,10:35:44:313,0.000000,0.000000,4,-116.37,-116.37,0,0,
09/21/2026,10:35:44:398,0.000000,0.000000,1,-112.33,-112.33,0,0,
09/21/2026,10:35:44:507,0.000000,0.000000,2,-109.88,-109.88,0,0,
09/21/2026,10:35:44:635,0.000000,0.000000,3,-94.38,-94.38,0,0,
09/21/2026,10:35:44:710,0.000000,0.000000,4,-117.32,-117.32,0,0,
09/21/2026,10:35:44:752,0.000000,0.000000,1,-111.46,-111.46,0,0,
09/21/2026,10:35:44:847,0.000000,0.000000,2,-109.4,-109.4,0,0,
09/21/2026,10:35:44:940,0.000000,0.000000,3,-98.5,-98.5,0,0,
09/21/2026,10:35:45:004,0.000000,0.000000,4,-117.07,-117.07,0,0,
09/21/2026,10:35:45:091,0.000000,0.000000,1,-112.95,-112.95,0,0,
09/21/2026,10:35:45:193,0.000000,0.000000,2,-108.93,-108.93,0,0,
09/21/2026,10:35:45:281,0.000000,0.000000,3,-88.19,-88.19,0,0,
09/21/2026,10:35:45:352,0.000000,0.000000,4,-115.81,-115.81,0,0,
09/21/2026,10:35:45:444,0.000000,0.000000,1,-112.72,-112.72,0,0,
09/21/2026,10:35:45:541,0.000000,0.000000,2,-108.49,-108.49,0,0,
09/21/2026,10:35:45:628,0.000000,0.000000,3,-83.58,-83.58,0,0,
09/21/2026,10:35:45:699,0.000000,0.000000,4,-115.26,-115.26,0,0,
09/21/2026,10:35:45:785,0.000000,0.000000,1,-111.96,-111.96,0,0,
09/21/2026,10:35:45:887,0.000000,0.000000,2,-109.73,-109.73,0,0,
09/21/2026,10:35:45:975,0.000000,0.000000,3,-96.38,-96.38,0,0,
09/21/2026,10:35:46:043,0.000000,0.000000,4,-116.33,-116.33,0,0,
09/21/2026,10:35:46:132,0.000000,0.000000,1,-112.55,-112.55,0,0,
09/21/2026,10:35:46:237,0.000000,0.000000,2,-108.99,-108.99,0,0,
09/21/2026,10:35:46:320,0.000000,0.000000,3,-94.4,-94.4,0,0,
09/21/2026,10:35:46:396,0.000000,0.000000,4,-116.31,-116.31,0,0,
09/21/2026,10:35:46:476,0.000000,0.000000,1,-112.48,-112.48,0,0,
09/21/2026,10:35:46:636,0.000000,0.000000,2,-108.89,-108.89,0,0,
09/21/2026,10:35:46:707,0.000000,0.000000,3,-99.79,-99.79,0,0,
09/21/2026,10:35:46:784,0.000000,0.000000,4,-116.6,-116.6,0,0,
09/21/2026,10:35:46:850,0.000000,0.000000,1,-111.82,-111.82,0,0,
09/21/2026,10:35:46:929,0.000000,0.000000,2,-108.18,-108.18,0,0,
09/21/2026,10:35:47:016,0.000000,0.000000,3,-87.49,-87.49,0,0,
09/21/2026,10:35:47:083,0.000000,0.000000,4,-115.98,-115.98,0,0,
09/21/2026,10:35:47:171,0.000000,0.000000,1,-112.33,-112.33,0,0,
09/21/2026,10:35:47:276,0.000000,0.000000,2,-109.73,-109.73,0,0,
09/21/2026,10:35:47:363,0.000000,0.000000,3,-98.04,-98.04,0,0,
09/21/2026,10:35:47:431,0.000000,0.000000,4,-117.63,-117.63,0,0,
09/21/2026,10:35:47:516,0.000000,0.000000,1,-111.66,-111.66,0,0,
09/21/2026,10:35:47:634,0.000000,0.000000,2,-109.26,-109.26,0,0,
09/21/2026,10:35:47:706,0.000000,0.000000,3,-85.61,-85.61,0,0,
09/21/2026,10:35:47:780,0.000000,0.000000,4,-115.44,-115.44,0,0,
09/21/2026,10:35:47:875,0.000000,0.000000,1,-112.22,-112.22,0,0,
09/21/2026,10:35:47:972,0.000000,0.000000,2,-109.87,-109.87,0,0,
09/21/2026,10:35:48:057,0.000000,0.000000,3,-91.51,-91.51,0,0,
09/21/2026,10:35:48:169,0.000000,0.000000,4,-116.96,-116.96,0,0,
09/21/2026,10:35:48:234,0.000000,0.000000,1,-112.42,-112.42,0,0,
09/21/2026,10:35:48:332,0.000000,0.000000,2,-108,-108,0,0,
09/21/2026,10:35:48:416,0.000000,0.000000,3,-91.82,-91.82,0,0,
09/21/2026,10:35:48:474,0.000000,0.000000,4,-116.47,-116.47,0,0,
09/21/2026,10:35:48:558,0.000000,0.000000,1,-111.6,-111.6,0,0,
09/21/2026,10:35:48:660,0.000000,0.000000,2,-109.93,-109.93,0,0,
09/21/2026,10:35:48:750,0.000000,0.000000,3,-95.02,-95.02,0,0,
09/21/2026,10:35:48:818,0.000000,0.000000,4,-113.63,-113.63,0,0,
09/21/2026,10:35:48:905,0.000000,0.000000,1,-112.7,-112.7,0,0,
09/21/2026,10:35:49:007,0.000000,0.000000,2,-109.02,-109.02,0,0,
09/21/2026,10:35:49:098,0.000000,0.000000,3,-96.11,-96.11,0,0,
09/21/2026,10:35:49:164,0.000000,0.000000,4,-116.81,-116.81,0,0,
09/21/2026,10:35:49:275,0.000000,0.000000,1,-112.14,-112.14,0,0,
09/21/2026,10:35:49:375,0.000000,0.000000,2,-110.44,-110.44,0,0,
09/21/2026,10:35:49:444,0.000000,0.000000,3,-96.74,-96.74,0,0,
09/21/2026,10:35:49:515,0.000000,0.000000,4,-116.68,-116.68,0,0,
09/21/2026,10:35:49:599,0.000000,0.000000,1,-112.94,-112.94,0,0,
09/21/2026,10:35:49:705,0.000000,0.000000,2,-109.04,-109.04,0,0,
09/21/2026,10:35:49:790,0.000000,0.000000,3,-93.72,-93.72,0,0,
09/21/2026,10:35:49:875,0.000000,0.000000,4,-114.57,-114.57,0,0,
09/21/2026,10:35:49:958,0.000000,0.000000,1,-113.45,-113.45,0,0,
09/21/2026,10:35:50:048,0.000000,0.000000,2,-109.14,-109.14,0,0,
09/21/2026,10:35:50:134,0.000000,0.000000,3,-102.96,-102.96,0,0,
09/21/2026,10:35:50:228,0.000000,0.000000,4,-117.02,-117.02,0,0,
09/21/2026,10:35:50:290,0.000000,0.000000,1,-111.04,-111.04,0,0,
09/21/2026,10:35:50:413,0.000000,0.000000,2,-109.95,-109.95,0,0,
09/21/2026,10:35:50:482,0.000000,0.000000,3,-99.56,-99.56,0,0,
09/21/2026,10:35:50:563,0.000000,0.000000,4,-115.19,-115.19,0,0,
09/21/2026,10:35:50:651,0.000000,0.000000,1,-112.32,-112.32,0,0,
09/21/2026,10:35:50:743,0.000000,0.000000,2,-110.97,-110.97,0,0,
09/21/2026,10:35:50:838,0.000000,0.000000,3,-86.99,-86.99,0,0,
09/21/2026,10:35:50:898,0.000000,0.000000,4,-116.44,-116.44,0,0,
09/21/2026,10:35:50:984,0.000000,0.000000,1,-112.15,-112.15,0,0,
09/21/2026,10:35:51:089,0.000000,0.000000,2,-109.77,-109.77,0,0,
09/21/2026,10:35:51:178,0.000000,0.000000,3,-94.24,-94.24,0,0,
09/21/2026,10:35:51:246,0.000000,0.000000,4,-117.19,-117.19,0,0,
09/21/2026,10:35:51:335,0.000000,0.000000,1,-113.67,-113.67,0,0,
09/21/2026,10:35:51:437,0.000000,0.000000,2,-108.79,-108.79,0,0,
09/21/2026,10:35:51:524,0.000000,0.000000,3,-103.48,-103.48,0,0,
09/21/2026,10:35:51:594,0.000000,0.000000,4,-115.43,-115.43,0,0,
09/21/2026,10:35:51:679,0.000000,0.000000,1,-113.52,-113.52,0,0,
09/21/2026,10:35:51:783,0.000000,0.000000,2,-109.53,-109.53,0,0,
09/21/2026,10:35:51:879,0.000000,0.000000,3,-90.48,-90.48,0,0,
09/21/2026,10:35:51:942,0.000000,0.000000,4,-117.04,-117.04,0,0,
09/21/2026,10:35:52:027,0.000000,0.000000,1,-113.25,-113.25,0,0,
09/21/2026,10:35:52:138,0.000000,0.000000,2,-108.88,-108.88,0,0,
09/21/2026,10:35:52:222,0.000000,0.000000,3,-89.89,-89.89,0,0,
09/21/2026,10:35:52:296,0.000000,0.000000,4,-115.27,-115.27,0,0,
09/21/2026,10:35:52:388,0.000000,0.000000,1,-114.08,-114.08,0,0,
09/21/2026,10:35:52:478,0.000000,0.000000,2,-109.4,-109.4,0,0,
09/21/2026,10:35:52:565,0.000000,0.000000,3,-92.56,-92.56,0,0,
09/21/2026,10:35:52:634,0.000000,0.000000,4,-115.07,-115.07,0,0,
09/21/2026,10:35:52:720,0.000000,0.000000,1,-112.44,-112.44,0,0,
09/21/2026,10:35:52:825,0.000000,0.000000,2,-110.1,-110.1,0,0,
09/21/2026,10:35:52:910,0.000000,0.000000,3,-102.13,-102.13,0,0,
09/21/2026,10:35:52:980,0.000000,0.000000,4,-118.45,-118.45,0,0,
09/21/2026,10:35:53:070,0.000000,0.000000,1,-111.88,-111.88,0,0,
09/21/2026,10:35:53:170,0.000000,0.000000,2,-109.8,-109.8,0,0,
09/21/2026,10:35:53:265,0.000000,0.000000,3,-90.14,-90.14,0,0,
09/21/2026,10:35:53:327,0.000000,0.000000,4,-116.6,-116.6,0,0,
09/21/2026,10:35:53:418,0.000000,0.000000,1,-113.73,-113.73,0,0,
09/21/2026,10:35:53:517,0.000000,0.000000,2,-110.36,-110.36,0,0,
09/21/2026,10:35:53:605,0.000000,0.000000,3,-93.57,-93.57,0,0,
09/21/2026,10:35:53:677,0.000000,0.000000,4,-115.84,-115.84,0,0,
09/21/2026,10:35:53:768,0.000000,0.000000,1,-113.66,-113.66,0,0,
09/21/2026,10:35:53:864,0.000000,0.000000,2,-110.15,-110.15,0,0,
09/21/2026,10:35:54:003,0.000000,0.000000,3,-94.4,-94.4,0,0,
09/21/2026,10:35:54:057,0.000000,0.000000,4,-116.01,-116.01,0,0,
09/21/2026,10:35:54:140,0.000000,0.000000,1,-112.62,-112.62,0,0,
09/21/2026,10:35:54:216,0.000000,0.000000,2,-108.88,-108.88,0,0,
09/21/2026,10:35:54:304,0.000000,0.000000,3,-97.46,-97.46,0,0,
09/21/2026,10:35:54:369,0.000000,0.000000,4,-117.15,-117.15,0,0,
09/21/2026,10:35:54:453,0.000000,0.000000,1,-113.07,-113.07,0,0,
09/21/2026,10:35:54:562,0.000000,0.000000,2,-109.77,-109.77,0,0,
09/21/2026,10:35:54:645,0.000000,0.000000,3,-91,-91,0,0,
09/21/2026,10:35:54:714,0.000000,0.000000,4,-118.12,-118.12,0,0,
09/21/2026,10:35:54:806,0.000000,0.000000,1,-111.41,-111.41,0,0,
09/21/2026,10:35:54:903,0.000000,0.000000,2,-111.56,-111.56,0,0,
09/21/2026,10:35:54:999,0.000000,0.000000,3,-101.61,-101.61,0,0,
09/21/2026,10:35:55:060,0.000000,0.000000,4,-115.7,-115.7,0,0,
09/21/2026,10:35:55:148,0.000000,0.000000,1,-110.79,-110.79,0,0,
09/21/2026,10:35:55:256,0.000000,0.000000,2,-109.79,-109.79,0,0,
09/21/2026,10:35:55:339,0.000000,0.000000,3,-93.83,-93.83,0,0,
09/21/2026,10:35:55:407,0.000000,0.000000,4,-114.4,-114.4,0,0,
09/21/2026,10:35:55:493,0.000000,0.000000,1,-112.21,-112.21,0,0,
09/21/2026,10:35:55:618,0.000000,0.000000,2,-110.95,-110.95,0,0,
09/21/2026,10:35:55:685,0.000000,0.000000,3,-93.46,-93.46,0,0,
09/21/2026,10:35:55:797,0.000000,0.000000,4,-116.68,-116.68,0,0,
09/21/2026,10:35:55:880,0.000000,0.000000,1,-110.63,-110.63,0,0,
09/21/2026,10:35:55:958,0.000000,0.000000,2,-110.56,-110.56,0,0,
09/21/2026,10:35:56:083,0.000000,0.000000,3,-96.4,-96.4,0,0,
09/21/2026,10:35:56:103,0.000000,0.000000,4,-117.08,-117.08,0,0,
09/21/2026,10:35:56:193,0.000000,0.000000,1,-111.68,-111.68,0,0,
09/21/2026,10:35:56:291,0.000000,0.000000,2,-109.47,-109.47,0,0,
09/21/2026,10:35:56:379,0.000000,0.000000,3,-90.78,-90.78,0,0,
09/21/2026,10:35:56:453,0.000000,0.000000,4,-115.95,-115.95,0,0,
09/21/2026,10:35:56:910,0.000000,0.000000,1,-113.31,-113.31,0,0,
09/21/2026,10:35:56:943,0.000000,0.000000,2,-110.89,-110.89,0,0,
09/21/2026,10:35:56:967,0.000000,0.000000,3,-94.11,-94.11,0,0,
09/21/2026,10:35:56:984,0.000000,0.000000,4,-118.8,-118.8,0,0,
09/21/2026,10:35:57:007,0.000000,0.000000,1,-111.68,-111.68,0,0,
09/21/2026,10:35:57:030,0.000000,0.000000,2,-110.22,-110.22,0,0,
09/21/2026,10:35:57:077,0.000000,0.000000,3,-104.52,-104.52,0,0,
09/21/2026,10:35:57:142,0.000000,0.000000,4,-116.06,-116.06,0,0,
09/21/2026,10:35:57:227,0.000000,0.000000,1,-113.44,-113.44,0,0,
09/21/2026,10:35:57:331,0.000000,0.000000,2,-109.58,-109.58,0,0,
09/21/2026,10:35:57:420,0.000000,0.000000,3,-94.89,-94.89,0,0,
09/21/2026,10:35:57:491,0.000000,0.000000,4,-115.84,-115.84,0,0,
09/21/2026,10:35:57:626,0.000000,0.000000,1,-111.89,-111.89,0,0,
09/21/2026,10:35:57:678,0.000000,0.000000,2,-109.85,-109.85,0,0,
09/21/2026,10:35:57:806,0.000000,0.000000,3,-105.04,-105.04,0,0,
09/21/2026,10:35:57:882,0.000000,0.000000,4,-115.24,-115.24,0,0,
09/21/2026,10:35:57:924,0.000000,0.000000,1,-111.75,-111.75,0,0,
09/21/2026,10:35:58:031,0.000000,0.000000,2,-109.03,-109.03,0,0,
09/21/2026,10:35:58:124,0.000000,0.000000,3,-88.49,-88.49,0,0,
09/21/2026,10:35:58:184,0.000000,0.000000,4,-115.81,-115.81,0,0,
09/21/2026,10:35:58:269,0.000000,0.000000,1,-112.64,-112.64,0,0,
09/21/2026,10:35:58:373,0.000000,0.000000,2,-110.32,-110.32,0,0,
09/21/2026,10:35:58:458,0.000000,0.000000,3,-86.38,-86.38,0,0,
09/21/2026,10:35:58:544,0.000000,0.000000,4,-116.59,-116.59,0,0,
09/21/2026,10:35:58:617,0.000000,0.000000,1,-112.12,-112.12,0,0,
09/21/2026,10:35:58:721,0.000000,0.000000,2,-109.24,-109.24,0,0,
09/21/2026,10:35:58:804,0.000000,0.000000,3,-102.35,-102.35,0,0,
09/21/2026,10:35:58:876,0.000000,0.000000,4,-116.77,-116.77,0,0,
09/21/2026,10:35:58:962,0.000000,0.000000,1,-113.36,-113.36,0,0,
09/21/2026,10:35:59:077,0.000000,0.000000,2,-110.1,-110.1,0,0,
09/21/2026,10:35:59:152,0.000000,0.000000,3,-83.1,-83.1,0,0,
09/21/2026,10:35:59:223,0.000000,0.000000,4,-118.21,-118.21,0,0,
09/21/2026,10:35:59:309,0.000000,0.000000,1,-112.95,-112.95,0,0,
09/21/2026,10:35:59:414,0.000000,0.000000,2,-109.43,-109.43,0,0,
09/21/2026,10:35:59:499,0.000000,0.000000,3,-99.96,-99.96,0,0,
09/21/2026,10:35:59:570,0.000000,0.000000,4,-115.83,-115.83,0,0,
09/21/2026,10:35:59:716,0.000000,0.000000,1,-111.37,-111.37,0,0,
09/21/2026,10:35:59:782,0.000000,0.000000,2,-109.54,-109.54,0,0,
09/21/2026,10:35:59:890,0.000000,0.000000,3,-86.47,-86.47,0,0,
09/21/2026,10:35:59:919,0.000000,0.000000,4,-117.07,-117.07,0,0,
09/21/2026,10:36:00:003,0.000000,0.000000,1,-112.95,-112.95,0,0,
09/21/2026,10:36:00:116,0.000000,0.000000,2,-108.63,-108.63,0,0,
09/21/2026,10:36:00:192,0.000000,0.000000,3,-89.45,-89.45,0,0,
09/21/2026,10:36:00:264,0.000000,0.000000,4,-117.22,-117.22,0,0,
09/21/2026,10:36:00:348,0.000000,0.000000,1,-111.37,-111.37,0,0,
09/21/2026,10:36:00:453,0.000000,0.000000,2,-109.83,-109.83,0,0,
09/21/2026,10:36:00:538,0.000000,0.000000,3,-93.24,-93.24,0,0,
09/21/2026,10:36:00:609,0.000000,0.000000,4,-114.54,-114.54,0,0,
09/21/2026,10:36:00:697,0.000000,0.000000,1,-113.77,-113.77,0,0,
09/21/2026,10:36:00:800,0.000000,0.000000,2,-110.7,-110.7,0,0,
09/21/2026,10:36:00:897,0.000000,0.000000,3,-88.83,-88.83,0,0,
09/21/2026,10:36:00:961,0.000000,0.000000,4,-114.9,-114.9,0,0,
09/21/2026,10:36:01:042,0.000000,0.000000,1,-112.54,-112.54,0,0,
09/21/2026,10:36:01:146,0.000000,0.000000,2,-112.07,-112.07,0,0,
09/21/2026,10:36:01:246,0.000000,0.000000,3,-90.7,-90.7,0,0,
09/21/2026,10:36:01:304,0.000000,0.000000,4,-116.47,-116.47,0,0,
09/21/2026,10:36:01:442,0.000000,0.000000,1,-112.72,-112.72,0,0,
09/21/2026,10:36:01:496,0.000000,0.000000,2,-109.97,-109.97,0,0,
09/21/2026,10:36:01:586,0.000000,0.000000,3,-89.42,-89.42,0,0,
09/21/2026,10:36:01:650,0.000000,0.000000,4,-116.34,-116.34,0,0,
09/21/2026,10:36:01:737,0.000000,0.000000,1,-113.38,-113.38,0,0,
09/21/2026,10:36:01:840,0.000000,0.000000,2,-109.89,-109.89,0,0,
09/21/2026,10:36:01:927,0.000000,0.000000,3,-93.96,-93.96,0,0,
09/21/2026,10:36:02:369,0.000000,0.000000,4,-115.04,-115.04,0,0,
09/21/2026,10:36:02:396,0.000000,0.000000,1,-111.64,-111.64,0,0,
09/21/2026,10:36:02:429,0.000000,0.000000,2,-109.13,-109.13,0,0,
09/21/2026,10:36:02:451,0.000000,0.000000,3,-92.32,-92.32,0,0,
09/21/2026,10:36:02:485,0.000000,0.000000,4,-119.44,-119.44,0,0,
09/21/2026,10:36:02:501,0.000000,0.000000,1,-112.71,-112.71,0,0,
09/21/2026,10:36:02:535,0.000000,0.000000,2,-110.45,-110.45,0,0,
09/21/2026,10:36:02:620,0.000000,0.000000,3,-88.05,-88.05,0,0,
09/21/2026,10:36:02:689,0.000000,0.000000,4,-119,-119,0,0,
09/21/2026,10:36:02:778,0.000000,0.000000,1,-113.09,-113.09,0,0,
09/21/2026,10:36:02:880,0.000000,0.000000,2,-109.12,-109.12,0,0,
09/21/2026,10:36:02:967,0.000000,0.000000,3,-86.7,-86.7,0,0,
09/21/2026,10:36:03:037,0.000000,0.000000,4,-116.86,-116.86,0,0,
09/21/2026,10:36:03:155,0.000000,0.000000,1,-112.6,-112.6,0,0,
09/21/2026,10:36:03:247,0.000000,0.000000,2,-108.96,-108.96,0,0,
09/21/2026,10:36:03:367,0.000000,0.000000,3,-94.74,-94.74,0,0,
09/21/2026,10:36:03:382,0.000000,0.000000,4,-117.78,-117.78,0,0,
09/21/2026,10:36:03:487,0.000000,0.000000,1,-113.93,-113.93,0,0,
09/21/2026,10:36:03:574,0.000000,0.000000,2,-108.75,-108.75,0,0,
09/21/2026,10:36:03:666,0.000000,0.000000,3,-97.17,-97.17,0,0,
09/21/2026,10:36:03:732,0.000000,0.000000,4,-115.83,-115.83,0,0,
09/21/2026,10:36:03:820,0.000000,0.000000,1,-112.19,-112.19,0,0,
09/21/2026,10:36:03:921,0.000000,0.000000,2,-109.2,-109.2,0,0,
09/21/2026,10:36:04:007,0.000000,0.000000,3,-88.69,-88.69,0,0,
09/21/2026,10:36:04:078,0.000000,0.000000,4,-115.98,-115.98,0,0,
09/21/2026,10:36:04:167,0.000000,0.000000,1,-112.97,-112.97,0,0,
09/21/2026,10:36:04:279,0.000000,0.000000,2,-108.74,-108.74,0,0,
09/21/2026,10:36:04:355,0.000000,0.000000,3,-86.96,-86.96,0,0,
09/21/2026,10:36:04:427,0.000000,0.000000,4,-116.56,-116.56,0,0,
09/21/2026,10:36:04:510,0.000000,0.000000,1,-112.72,-112.72,0,0,
09/21/2026,10:36:04:614,0.000000,0.000000,2,-109.13,-109.13,0,0,
09/21/2026,10:36:04:702,0.000000,0.000000,3,-84.75,-84.75,0,0,
09/21/2026,10:36:04:772,0.000000,0.000000,4,-116.51,-116.51,0,0,
09/21/2026,10:36:04:857,0.000000,0.000000,1,-111.38,-111.38,0,0,
09/21/2026,10:36:04:963,0.000000,0.000000,2,-109.28,-109.28,0,0,
09/21/2026,10:36:05:100,0.000000,0.000000,3,-87.44,-87.44,0,0,
09/21/2026,10:36:05:118,0.000000,0.000000,4,-116.66,-116.66,0,0,
09/21/2026,10:36:05:266,0.000000,0.000000,1,-113.79,-113.79,0,0,
09/21/2026,10:36:05:320,0.000000,0.000000,2,-109.47,-109.47,0,0,
09/21/2026,10:36:05:394,0.000000,0.000000,3,-89.82,-89.82,0,0,
09/21/2026,10:36:05:463,0.000000,0.000000,4,-116.46,-116.46,0,0,
09/21/2026,10:36:05:551,0.000000,0.000000,1,-113.02,-113.02,0,0,
09/21/2026,10:36:05:656,0.000000,0.000000,2,-108.37,-108.37,0,0,
09/21/2026,10:36:05:741,0.000000,0.000000,3,-94.56,-94.56,0,0,
09/21/2026,10:36:05:811,0.000000,0.000000,4,-116.71,-116.71,0,0,
09/21/2026,10:36:05:908,0.000000,0.000000,1,-112.51,-112.51,0,0,
09/21/2026,10:36:06:013,0.000000,0.000000,2,-110.86,-110.86,0,0,
09/21/2026,10:36:06:089,0.000000,0.000000,3,-90.28,-90.28,0,0,
09/21/2026,10:36:06:158,0.000000,0.000000,4,-118.22,-118.22,0,0,
09/21/2026,10:36:06:245,0.000000,0.000000,1,-112.59,-112.59,0,0,
09/21/2026,10:36:06:350,0.000000,0.000000,2,-109.47,-109.47,0,0,
09/21/2026,10:36:06:436,0.000000,0.000000,3,-99.54,-99.54,0,0,
09/21/2026,10:36:06:513,0.000000,0.000000,4,-115.75,-115.75,0,0,
09/21/2026,10:36:06:591,0.000000,0.000000,1,-112.24,-112.24,0,0,
09/21/2026,10:36:06:695,0.000000,0.000000,2,-109.35,-109.35,0,0,
09/21/2026,10:36:06:783,0.000000,0.000000,3,-91.35,-91.35,0,0,
09/21/2026,10:36:06:900,0.000000,0.000000,4,-116.49,-116.49,0,0,
09/21/2026,10:36:06:992,0.000000,0.000000,1,-113.21,-113.21,0,0,
09/21/2026,10:36:07:041,0.000000,0.000000,2,-108.9,-108.9,0,0,
09/21/2026,10:36:07:173,0.000000,0.000000,3,-99.21,-99.21,0,0,
09/21/2026,10:36:07:206,0.000000,0.000000,4,-117.23,-117.23,0,0,
09/21/2026,10:36:07:293,0.000000,0.000000,1,-111.72,-111.72,0,0,
09/21/2026,10:36:07:396,0.000000,0.000000,2,-109.13,-109.13,0,0,
09/21/2026,10:36:07:475,0.000000,0.000000,3,-92.56,-92.56,0,0,
09/21/2026,10:36:07:547,0.000000,0.000000,4,-115.19,-115.19,0,0,
09/21/2026,10:36:07:634,0.000000,0.000000,1,-112.76,-112.76,0,0,
09/21/2026,10:36:07:737,0.000000,0.000000,2,-109.84,-109.84,0,0,
09/21/2026,10:36:07:833,0.000000,0.000000,3,-101.91,-101.91,0,0,
09/21/2026,10:36:07:896,0.000000,0.000000,4,-115.94,-115.94,0,0,
09/21/2026,10:36:07:981,0.000000,0.000000,1,-112.5,-112.5,0,0,
09/21/2026,10:36:08:084,0.000000,0.000000,2,-110.43,-110.43,0,0,
09/21/2026,10:36:08:169,0.000000,0.000000,3,-92.71,-92.71,0,0,
09/21/2026,10:36:08:241,0.000000,0.000000,4,-115.62,-115.62,0,0,
09/21/2026,10:36:08:326,0.000000,0.000000,1,-112.49,-112.49,0,0,
09/21/2026,10:36:08:431,0.000000,0.000000,2,-109.71,-109.71,0,0,
09/21/2026,10:36:08:520,0.000000,0.000000,3,-98.88,-98.88,0,0,
09/21/2026,10:36:08:589,0.000000,0.000000,4,-118.27,-118.27,0,0,
09/21/2026,10:36:08:674,0.000000,0.000000,1,-112.61,-112.61,0,0,
09/21/2026,10:36:08:777,0.000000,0.000000,2,-109.69,-109.69,0,0,
09/21/2026,10:36:08:937,0.000000,0.000000,3,-103.42,-103.42,0,0,
09/21/2026,10:36:08:950,0.000000,0.000000,4,-117.25,-117.25,0,0,
09/21/2026,10:36:09:045,0.000000,0.000000,1,-111.06,-111.06,0,0,
09/21/2026,10:36:09:124,0.000000,0.000000,2,-109.69,-109.69,0,0,
09/21/2026,10:36:09:208,0.000000,0.000000,3,-94.38,-94.38,0,0,
09/21/2026,10:36:09:281,0.000000,0.000000,4,-115.89,-115.89,0,0,
09/21/2026,10:36:09:364,0.000000,0.000000,1,-112.07,-112.07,0,0,
09/21/2026,10:36:09:470,0.000000,0.000000,2,-109.52,-109.52,0,0,
09/21/2026,10:36:09:559,0.000000,0.000000,3,-97.14,-97.14,0,0,
09/21/2026,10:36:09:626,0.000000,0.000000,4,-116.32,-116.32,0,0,
09/21/2026,10:36:09:714,0.000000,0.000000,1,-113.75,-113.75,0,0,
09/21/2026,10:36:09:818,0.000000,0.000000,2,-110.18,-110.18,0,0,
09/21/2026,10:36:09:907,0.000000,0.000000,3,-92.5,-92.5,0,0,
09/21/2026,10:36:09:976,0.000000,0.000000,4,-115.92,-115.92,0,0,
09/21/2026,10:36:10:062,0.000000,0.000000,1,-110.86,-110.86,0,0,
09/21/2026,10:36:10:165,0.000000,0.000000,2,-112.2,-112.2,0,0,
09/21/2026,10:36:10:251,0.000000,0.000000,3,-99.97,-99.97,0,0,
09/21/2026,10:36:10:320,0.000000,0.000000,4,-115.65,-115.65,0,0,
09/21/2026,10:36:10:407,0.000000,0.000000,1,-111.62,-111.62,0,0,
09/21/2026,10:36:10:512,0.000000,0.000000,2,-111.33,-111.33,0,0,
09/21/2026,10:36:10:598,0.000000,0.000000,3,-95.1,-95.1,0,0,
09/21/2026,10:36:10:666,0.000000,0.000000,4,-115.36,-115.36,0,0,
09/21/2026,10:36:10:779,0.000000,0.000000,1,-110.41,-110.41,0,0,
09/21/2026,10:36:10:877,0.000000,0.000000,2,-110.61,-110.61,0,0,
09/21/2026,10:36:10:944,0.000000,0.000000,3,-92.67,-92.67,0,0,
09/21/2026,10:36:11:016,0.000000,0.000000,4,-115.56,-115.56,0,0,
09/21/2026,10:36:11:100,0.000000,0.000000,1,-113.58,-113.58,0,0,
09/21/2026,10:36:11:203,0.000000,0.000000,2,-110.62,-110.62,0,0,
09/21/2026,10:36:11:290,0.000000,0.000000,3,-99.14,-99.14,0,0,
09/21/2026,10:36:11:360,0.000000,0.000000,4,-114.94,-114.94,0,0,
09/21/2026,10:36:11:448,0.000000,0.000000,1,-113.37,-113.37,0,0,
09/21/2026,10:36:11:552,0.000000,0.000000,2,-109.72,-109.72,0,0,
09/21/2026,10:36:11:637,0.000000,0.000000,3,-90.58,-90.58,0,0,
09/21/2026,10:36:11:708,0.000000,0.000000,4,-118,-118,0,0,
09/21/2026,10:36:11:795,0.000000,0.000000,1,-112.55,-112.55,0,0,
09/21/2026,10:36:11:899,0.000000,0.000000,2,-109.77,-109.77,0,0,
09/21/2026,10:36:11:984,0.000000,0.000000,3,-85.74,-85.74,0,0,
09/21/2026,10:36:12:054,0.000000,0.000000,4,-115.95,-115.95,0,0,
09/21/2026,10:36:12:141,0.000000,0.000000,1,-111.7,-111.7,0,0,
09/21/2026,10:36:12:246,0.000000,0.000000,2,-110.11,-110.11,0,0,
09/21/2026,10:36:12:338,0.000000,0.000000,3,-93.72,-93.72,0,0,
09/21/2026,10:36:12:419,0.000000,0.000000,4,-116.66,-116.66,0,0,
09/21/2026,10:36:12:496,0.000000,0.000000,1,-110.83,-110.83,0,0,
09/21/2026,10:36:12:608,0.000000,0.000000,2,-111.01,-111.01,0,0,
09/21/2026,10:36:12:684,0.000000,0.000000,3,-88.62,-88.62,0,0,
09/21/2026,10:36:12:749,0.000000,0.000000,4,-118.75,-118.75,0,0,
09/21/2026,10:36:12:835,0.000000,0.000000,1,-111.85,-111.85,0,0,
09/21/2026,10:36:12:942,0.000000,0.000000,2,-109.64,-109.64,0,0,
09/21/2026,10:36:13:025,0.000000,0.000000,3,-90.51,-90.51,0,0,
09/21/2026,10:36:13:099,0.000000,0.000000,4,-115.7,-115.7,0,0,
09/21/2026,10:36:13:183,0.000000,0.000000,1,-113.21,-113.21,0,0,
09/21/2026,10:36:13:287,0.000000,0.000000,2,-110.28,-110.28,0,0,
09/21/2026,10:36:13:372,0.000000,0.000000,3,-88.58,-88.58,0,0,
09/21/2026,10:36:13:443,0.000000,0.000000,4,-119.15,-119.15,0,0,
09/21/2026,10:36:13:529,0.000000,0.000000,1,-112.5,-112.5,0,0,
09/21/2026,10:36:13:633,0.000000,0.000000,2,-109.65,-109.65,0,0,
09/21/2026,10:36:13:724,0.000000,0.000000,3,-88.45,-88.45,0,0,
09/21/2026,10:36:13:797,0.000000,0.000000,4,-116.83,-116.83,0,0,
09/21/2026,10:36:13:876,0.000000,0.000000,1,-110.7,-110.7,0,0,
09/21/2026,10:36:13:980,0.000000,0.000000,2,-110.4,-110.4,0,0,
09/21/2026,10:36:14:064,0.000000,0.000000,3,-91.65,-91.65,0,0,
09/21/2026,10:36:14:141,0.000000,0.000000,4,-117.22,-117.22,0,0,
09/21/2026,10:36:14:220,0.000000,0.000000,1,-111.74,-111.74,0,0,
09/21/2026,10:36:14:327,0.000000,0.000000,2,-109.4,-109.4,0,0,
09/21/2026,10:36:14:446,0.000000,0.000000,3,-87.86,-87.86,0,0,
09/21/2026,10:36:14:493,0.000000,0.000000,4,-116.78,-116.78,0,0,
09/21/2026,10:36:14:617,0.000000,0.000000,1,-111.68,-111.68,0,0,
09/21/2026,10:36:14:713,0.000000,0.000000,2,-110.5,-110.5,0,0,
09/21/2026,10:36:14:761,0.000000,0.000000,3,-87.74,-87.74,0,0,
09/21/2026,10:36:14:835,0.000000,0.000000,4,-114.74,-114.74,0,0,
09/21/2026,10:36:14:915,0.000000,0.000000,1,-110.91,-110.91,0,0,
09/21/2026,10:36:15:024,0.000000,0.000000,2,-109.65,-109.65,0,0,
09/21/2026,10:36:15:105,0.000000,0.000000,3,-90.2,-90.2,0,0,
09/21/2026,10:36:15:185,0.000000,0.000000,4,-115.27,-115.27,0,0,
09/21/2026,10:36:15:264,0.000000,0.000000,1,-111.32,-111.32,0,0,
09/21/2026,10:36:15:366,0.000000,0.000000,2,-109.58,-109.58,0,0,
09/21/2026,10:36:15:453,0.000000,0.000000,3,-99.18,-99.18,0,0,
09/21/2026,10:36:15:523,0.000000,0.000000,4,-117.33,-117.33,0,0,
09/21/2026,10:36:15:610,0.000000,0.000000,1,-112.04,-112.04,0,0,
09/21/2026,10:36:15:713,0.000000,0.000000,2,-109.65,-109.65,0,0,
09/21/2026,10:36:15:799,0.000000,0.000000,3,-97.18,-97.18,0,0,
09/21/2026,10:36:15:868,0.000000,0.000000,4,-115.76,-115.76,0,0,
09/21/2026,10:36:15:955,0.000000,0.000000,1,-110.49,-110.49,0,0,
09/21/2026,10:36:16:059,0.000000,0.000000,2,-108.38,-108.38,0,0,
09/21/2026,10:36:16:146,0.000000,0.000000,3,-95.91,-95.91,0,0,
09/21/2026,10:36:16:268,0.000000,0.000000,4,-115.73,-115.73,0,0,
09/21/2026,10:36:16:347,0.000000,0.000000,1,-111.42,-111.42,0,0,
09/21/2026,10:36:16:433,0.000000,0.000000,2,-108.9,-108.9,0,0,
09/21/2026,10:36:16:512,0.000000,0.000000,3,-94.7,-94.7,0,0,
09/21/2026,10:36:16:561,0.000000,0.000000,4,-116.58,-116.58,0,0,
09/21/2026,10:36:16:649,0.000000,0.000000,1,-111.11,-111.11,0,0,
09/21/2026,10:36:16:758,0.000000,0.000000,2,-108.94,-108.94,0,0,
09/21/2026,10:36:16:841,0.000000,0.000000,3,-85.92,-85.92,0,0,
09/21/2026,10:36:16:909,0.000000,0.000000,4,-117.03,-117.03,0,0,
09/21/2026,10:36:16:994,0.000000,0.000000,1,-112.16,-112.16,0,0,
09/21/2026,10:36:17:098,0.000000,0.000000,2,-109.09,-109.09,0,0,
09/21/2026,10:36:17:187,0.000000,0.000000,3,-91.75,-91.75,0,0,
09/21/2026,10:36:17:255,0.000000,0.000000,4,-115.44,-115.44,0,0,
09/21/2026,10:36:17:345,0.000000,0.000000,1,-112.07,-112.07,0,0,
09/21/2026,10:36:17:451,0.000000,0.000000,2,-110.73,-110.73,0,0,
09/21/2026,10:36:17:936,0.000000,0.000000,3,-91.59,-91.59,0,0,
09/21/2026,10:36:17:980,0.000000,0.000000,4,-115,-115,0,0,
09/21/2026,10:36:18:031,0.000000,0.000000,1,-110.57,-110.57,0,0,
09/21/2026,10:36:18:054,0.000000,0.000000,2,-109.68,-109.68,0,0,
09/21/2026,10:36:18:099,0.000000,0.000000,3,-89.4,-89.4,0,0,
09/21/2026,10:36:18:140,0.000000,0.000000,4,-115.79,-115.79,0,0,
09/21/2026,10:36:18:181,0.000000,0.000000,1,-112.64,-112.64,0,0,
09/21/2026,10:36:18:243,0.000000,0.000000,2,-109.6,-109.6,0,0,
09/21/2026,10:36:18:287,0.000000,0.000000,3,-102.68,-102.68,0,0,
09/21/2026,10:36:18:305,0.000000,0.000000,4,-115.61,-115.61,0,0,
09/21/2026,10:36:18:385,0.000000,0.000000,1,-110.6,-110.6,0,0,
09/21/2026,10:36:18:486,0.000000,0.000000,2,-109.26,-109.26,0,0,
09/21/2026,10:36:18:582,0.000000,0.000000,3,-97.85,-97.85,0,0,
09/21/2026,10:36:18:645,0.000000,0.000000,4,-116.49,-116.49,0,0,
09/21/2026,10:36:18:732,0.000000,0.000000,1,-111.66,-111.66,0,0,
09/21/2026,10:36:18:832,0.000000,0.000000,2,-112.04,-112.04,0,0,
09/21/2026,10:36:18:922,0.000000,0.000000,3,-89.66,-89.66,0,0,
09/21/2026,10:36:18:990,0.000000,0.000000,4,-116.09,-116.09,0,0,
09/21/2026,10:36:19:076,0.000000,0.000000,1,-110.63,-110.63,0,0,
09/21/2026,10:36:19:179,0.000000,0.000000,2,-109.43,-109.43,0,0,
09/21/2026,10:36:19:268,0.000000,0.000000,3,-96.18,-96.18,0,0,
09/21/2026,10:36:19:345,0.000000,0.000000,4,-116.18,-116.18,0,0,
09/21/2026,10:36:19:424,0.000000,0.000000,1,-111.96,-111.96,0,0,
09/21/2026,10:36:19:529,0.000000,0.000000,2,-109.33,-109.33,0,0,
09/21/2026,10:36:19:614,0.000000,0.000000,3,-102.4,-102.4,0,0,
09/21/2026,10:36:19:683,0.000000,0.000000,4,-116.65,-116.65,0,0,
09/21/2026,10:36:19:769,0.000000,0.000000,1,-111.49,-111.49,0,0,
09/21/2026,10:36:19:932,0.000000,0.000000,2,-110.55,-110.55,0,0,
09/21/2026,10:36:19:994,0.000000,0.000000,3,-90.11,-90.11,0,0,
09/21/2026,10:36:20:049,0.000000,0.000000,4,-116.47,-116.47,0,0,
09/21/2026,10:36:20:130,0.000000,0.000000,1,-112.01,-112.01,0,0,
09/21/2026,10:36:20:224,0.000000,0.000000,2,-109.98,-109.98,0,0,
09/21/2026,10:36:20:306,0.000000,0.000000,3,-88.69,-88.69,0,0,
09/21/2026,10:36:20:376,0.000000,0.000000,4,-115.06,-115.06,0,0,
09/21/2026,10:36:20:463,0.000000,0.000000,1,-110.86,-110.86,0,0,
09/21/2026,10:36:20:571,0.000000,0.000000,2,-110.42,-110.42,0,0,
09/21/2026,10:36:20:659,0.000000,0.000000,3,-90.98,-90.98,0,0,
09/21/2026,10:36:20:723,0.000000,0.000000,4,-116.42,-116.42,0,0,
09/21/2026,10:36:20:814,0.000000,0.000000,1,-111.21,-111.21,0,0,
09/21/2026,10:36:20:916,0.000000,0.000000,2,-110.62,-110.62,0,0,
09/21/2026,10:36:21:000,0.000000,0.000000,3,-89.67,-89.67,0,0,
09/21/2026,10:36:21:071,0.000000,0.000000,4,-117.67,-117.67,0,0,
09/21/2026,10:36:21:165,0.000000,0.000000,1,-110.3,-110.3,0,0,
09/21/2026,10:36:21:261,0.000000,0.000000,2,-110.22,-110.22,0,0,
09/21/2026,10:36:21:376,0.000000,0.000000,3,-93.53,-93.53,0,0,
09/21/2026,10:36:21:419,0.000000,0.000000,4,-115,-115,0,0,
09/21/2026,10:36:21:504,0.000000,0.000000,1,-111.99,-111.99,0,0,
09/21/2026,10:36:21:608,0.000000,0.000000,2,-110.18,-110.18,0,0,
09/21/2026,10:36:21:696,0.000000,0.000000,3,-92.37,-92.37,0,0,
09/21/2026,10:36:21:766,0.000000,0.000000,4,-116.82,-116.82,0,0,
09/21/2026,10:36:21:905,0.000000,0.000000,1,-110.73,-110.73,0,0,
09/21/2026,10:36:21:962,0.000000,0.000000,2,-109.38,-109.38,0,0,
09/21/2026,10:36:22:094,0.000000,0.000000,3,-90.52,-90.52,0,0,
09/21/2026,10:36:22:117,0.000000,0.000000,4,-116.84,-116.84,0,0,
09/21/2026,10:36:22:199,0.000000,0.000000,1,-112.54,-112.54,0,0,
09/21/2026,10:36:22:309,0.000000,0.000000,2,-109.27,-109.27,0,0,
09/21/2026,10:36:22:388,0.000000,0.000000,3,-88.93,-88.93,0,0,
09/21/2026,10:36:22:457,0.000000,0.000000,4,-117.15,-117.15,0,0,
09/21/2026,10:36:22:545,0.000000,0.000000,1,-110.26,-110.26,0,0,
09/21/2026,10:36:22:659,0.000000,0.000000,2,-109.35,-109.35,0,0,
09/21/2026,10:36:22:737,0.000000,0.000000,3,-90.99,-90.99,0,0,
09/21/2026,10:36:22:804,0.000000,0.000000,4,-118.03,-118.03,0,0,
09/21/2026,10:36:22:891,0.000000,0.000000,1,-109.99,-109.99,0,0,
09/21/2026,10:36:22:997,0.000000,0.000000,2,-109.71,-109.71,0,0,
09/21/2026,10:36:23:089,0.000000,0.000000,3,-97,-97,0,0,
09/21/2026,10:36:23:154,0.000000,0.000000,4,-115.92,-115.92,0,0,
09/21/2026,10:36:23:242,0.000000,0.000000,1,-111.17,-111.17,0,0,
09/21/2026,10:36:23:344,0.000000,0.000000,2,-109.51,-109.51,0,0,
09/21/2026,10:36:23:427,0.000000,0.000000,3,-95.98,-95.98,0,0,
09/21/2026,10:36:23:497,0.000000,0.000000,4,-116.28,-116.28,0,0,
09/21/2026,10:36:23:585,0.000000,0.000000,1,-111.2,-111.2,0,0,
09/21/2026,10:36:23:703,0.000000,0.000000,2,-108.46,-108.46,0,0,
09/21/2026,10:36:23:794,0.000000,0.000000,3,-95.2,-95.2,0,0,
09/21/2026,10:36:23:877,0.000000,0.000000,4,-118.43,-118.43,0,0,
09/21/2026,10:36:23:940,0.000000,0.000000,1,-107.98,-107.98,0,0,
09/21/2026,10:36:24:041,0.000000,0.000000,2,-110.35,-110.35,0,0,
09/21/2026,10:36:24:125,0.000000,0.000000,3,-89.92,-89.92,0,0,
09/21/2026,10:36:24:191,0.000000,0.000000,4,-116.58,-116.58,0,0,
09/21/2026,10:36:24:278,0.000000,0.000000,1,-110.69,-110.69,0,0,
09/21/2026,10:36:24:382,0.000000,0.000000,2,-110.46,-110.46,0,0,
09/21/2026,10:36:24:471,0.000000,0.000000,3,-91.29,-91.29,0,0,
09/21/2026,10:36:24:548,0.000000,0.000000,4,-116.34,-116.34,0,0,
09/21/2026,10:36:24:634,0.000000,0.000000,1,-109.66,-109.66,0,0,
09/21/2026,10:36:24:730,0.000000,0.000000,2,-108.44,-108.44,0,0,
09/21/2026,10:36:24:816,0.000000,0.000000,3,-89.61,-89.61,0,0,
09/21/2026,10:36:24:884,0.000000,0.000000,4,-117.52,-117.52,0,0,
09/21/2026,10:36:24:981,0.000000,0.000000,1,-110.43,-110.43,0,0,
09/21/2026,10:36:25:077,0.000000,0.000000,2,-108.44,-108.44,0,0,
09/21/2026,10:36:25:164,0.000000,0.000000,3,-89.94,-89.94,0,0,
09/21/2026,10:36:25:233,0.000000,0.000000,4,-114.84,-114.84,0,0,
09/21/2026,10:36:25:319,0.000000,0.000000,1,-110.89,-110.89,0,0,
09/21/2026,10:36:25:423,0.000000,0.000000,2,-108.1,-108.1,0,0,
09/21/2026,10:36:25:509,0.000000,0.000000,3,-96.1,-96.1,0,0,
09/21/2026,10:36:25:608,0.000000,0.000000,4,-113.92,-113.92,0,0,
09/21/2026,10:36:25:685,0.000000,0.000000,1,-111.7,-111.7,0,0,
09/21/2026,10:36:25:799,0.000000,0.000000,2,-110.73,-110.73,0,0,
09/21/2026,10:36:25:857,0.000000,0.000000,3,-91.1,-91.1,0,0,
09/21/2026,10:36:25:933,0.000000,0.000000,4,-115.99,-115.99,0,0,
09/21/2026,10:36:26:012,0.000000,0.000000,1,-113.21,-113.21,0,0,
09/21/2026,10:36:26:115,0.000000,0.000000,2,-110.21,-110.21,0,0,
09/21/2026,10:36:26:208,0.000000,0.000000,3,-100.71,-100.71,0,0,
09/21/2026,10:36:26:273,0.000000,0.000000,4,-116.81,-116.81,0,0,
09/21/2026,10:36:26:359,0.000000,0.000000,1,-110.88,-110.88,0,0,
09/21/2026,10:36:26:462,0.000000,0.000000,2,-108.73,-108.73,0,0,
09/21/2026,10:36:26:552,0.000000,0.000000,3,-88.71,-88.71,0,0,
09/21/2026,10:36:26:618,0.000000,0.000000,4,-118.22,-118.22,0,0,
09/21/2026,10:36:26:707,0.000000,0.000000,1,-109.8,-109.8,0,0,
09/21/2026,10:36:26:812,0.000000,0.000000,2,-107.89,-107.89,0,0,
09/21/2026,10:36:26:898,0.000000,0.000000,3,-97.05,-97.05,0,0,
09/21/2026,10:36:26:968,0.000000,0.000000,4,-116.15,-116.15,0,0,
09/21/2026,10:36:27:054,0.000000,0.000000,1,-111.7,-111.7,0,0,
09/21/2026,10:36:27:157,0.000000,0.000000,2,-108.58,-108.58,0,0,
09/21/2026,10:36:27:242,0.000000,0.000000,3,-95.89,-95.89,0,0,
09/21/2026,10:36:27:327,0.000000,0.000000,4,-116.05,-116.05,0,0,
09/21/2026,10:36:27:410,0.000000,0.000000,1,-111.35,-111.35,0,0,
09/21/2026,10:36:27:508,0.000000,0.000000,2,-110.88,-110.88,0,0,
09/21/2026,10:36:27:600,0.000000,0.000000,3,-100.09,-100.09,0,0,
09/21/2026,10:36:27:661,0.000000,0.000000,4,-117.27,-117.27,0,0,
09/21/2026,10:36:27:773,0.000000,0.000000,1,-110.95,-110.95,0,0,
09/21/2026,10:36:27:852,0.000000,0.000000,2,-110.08,-110.08,0,0,
09/21/2026,10:36:27:941,0.000000,0.000000,3,-91.97,-91.97,0,0,
09/21/2026,10:36:28:006,0.000000,0.000000,4,-115.77,-115.77,0,0,
09/21/2026,10:36:28:092,0.000000,0.000000,1,-112.17,-112.17,0,0,
09/21/2026,10:36:28:196,0.000000,0.000000,2,-110.54,-110.54,0,0,
09/21/2026,10:36:28:287,0.000000,0.000000,3,-91.74,-91.74,0,0,
09/21/2026,10:36:28:354,0.000000,0.000000,4,-115.94,-115.94,0,0,
09/21/2026,10:36:28:448,0.000000,0.000000,1,-111.1,-111.1,0,0,
09/21/2026,10:36:28:545,0.000000,0.000000,2,-111.05,-111.05,0,0,
09/21/2026,10:36:28:631,0.000000,0.000000,3,-90.88,-90.88,0,0,
09/21/2026,10:36:28:701,0.000000,0.000000,4,-115.29,-115.29,0,0,
09/21/2026,10:36:28:786,0.000000,0.000000,1,-112.05,-112.05,0,0,
09/21/2026,10:36:28:890,0.000000,0.000000,2,-108.6,-108.6,0,0,
09/21/2026,10:36:28:977,0.000000,0.000000,3,-95.27,-95.27,0,0,
09/21/2026,10:36:29:058,0.000000,0.000000,4,-116.94,-116.94,0,0,
09/21/2026,10:36:29:138,0.000000,0.000000,1,-111.89,-111.89,0,0,
09/21/2026,10:36:29:237,0.000000,0.000000,2,-110.82,-110.82,0,0,
09/21/2026,10:36:29:362,0.000000,0.000000,3,-100.36,-100.36,0,0,
09/21/2026,10:36:29:414,0.000000,0.000000,4,-115.86,-115.86,0,0,
09/21/2026,10:36:29:503,0.000000,0.000000,1,-111.6,-111.6,0,0,
09/21/2026,10:36:29:583,0.000000,0.000000,2,-111,-111,0,0,
09/21/2026,10:36:29:677,0.000000,0.000000,3,-91.54,-91.54,0,0,
09/21/2026,10:36:29:743,0.000000,0.000000,4,-115.59,-115.59,0,0,
09/21/2026,10:36:29:827,0.000000,0.000000,1,-111.51,-111.51,0,0,
09/21/2026,10:36:29:931,0.000000,0.000000,2,-110.66,-110.66,0,0,
09/21/2026,10:36:30:017,0.000000,0.000000,3,-101.36,-101.36,0,0,
09/21/2026,10:36:30:092,0.000000,0.000000,4,-113.87,-113.87,0,0,
09/21/2026,10:36:30:179,0.000000,0.000000,1,-112.42,-112.42,0,0,
09/21/2026,10:36:30:279,0.000000,0.000000,2,-109.46,-109.46,0,0,
09/21/2026,10:36:30:369,0.000000,0.000000,3,-90.82,-90.82,0,0,
09/21/2026,10:36:30:439,0.000000,0.000000,4,-116.64,-116.64,0,0,
09/21/2026,10:36:30:522,0.000000,0.000000,1,-111.71,-111.71,0,0,
09/21/2026,10:36:30:632,0.000000,0.000000,2,-108.31,-108.31,0,0,
09/21/2026,10:36:30:713,0.000000,0.000000,3,-88.98,-88.98,0,0,
09/21/2026,10:36:30:784,0.000000,0.000000,4,-116.51,-116.51,0,0,
09/21/2026,10:36:30:873,0.000000,0.000000,1,-110.93,-110.93,0,0,
09/21/2026,10:36:30:972,0.000000,0.000000,2,-110.04,-110.04,0,0,
09/21/2026,10:36:31:062,0.000000,0.000000,3,-99.36,-99.36,0,0,
09/21/2026,10:36:31:129,0.000000,0.000000,4,-117.47,-117.47,0,0,
09/21/2026,10:36:31:254,0.000000,0.000000,1,-111.17,-111.17,0,0,
09/21/2026,10:36:31:358,0.000000,0.000000,2,-110,-110,0,0,
09/21/2026,10:36:31:415,0.000000,0.000000,3,-91.35,-91.35,0,0,
09/21/2026,10:36:31:501,0.000000,0.000000,4,-115.31,-115.31,0,0,
09/21/2026,10:36:31:574,0.000000,0.000000,1,-112.36,-112.36,0,0,
09/21/2026,10:36:31:666,0.000000,0.000000,2,-109.98,-109.98,0,0,
09/21/2026,10:36:31:754,0.000000,0.000000,3,-90.11,-90.11,0,0,
09/21/2026,10:36:31:823,0.000000,0.000000,4,-116.02,-116.02,0,0,
09/21/2026,10:36:31:909,0.000000,0.000000,1,-110.69,-110.69,0,0,
09/21/2026,10:36:32:020,0.000000,0.000000,2,-110.36,-110.36,0,0,
09/21/2026,10:36:32:112,0.000000,0.000000,3,-96.22,-96.22,0,0,
09/21/2026,10:36:32:174,0.000000,0.000000,4,-117.4,-117.4,0,0,
09/21/2026,10:36:32:257,0.000000,0.000000,1,-109.69,-109.69,0,0,
09/21/2026,10:36:32:362,0.000000,0.000000,2,-110.83,-110.83,0,0,
09/21/2026,10:36:32:448,0.000000,0.000000,3,-103.74,-103.74,0,0,
09/21/2026,10:36:32:516,0.000000,0.000000,4,-116.35,-116.35,0,0,
09/21/2026,10:36:32:608,0.000000,0.000000,1,-110.24,-110.24,0,0,
09/21/2026,10:36:32:708,0.000000,0.000000,2,-110.32,-110.32,0,0,
09/21/2026,10:36:32:799,0.000000,0.000000,3,-88.55,-88.55,0,0,
09/21/2026,10:36:32:863,0.000000,0.000000,4,-115.17,-115.17,0,0,
09/21/2026,10:36:32:994,0.000000,0.000000,1,-110.8,-110.8,0,0,
09/21/2026,10:36:33:445,0.000000,0.000000,2,-110.85,-110.85,0,0,
09/21/2026,10:36:33:461,0.000000,0.000000,3,-96.59,-96.59,0,0,
09/21/2026,10:36:33:475,0.000000,0.000000,4,-115.96,-115.96,0,0,
09/21/2026,10:36:33:496,0.000000,0.000000,1,-110.8,-110.8,0,0,
09/21/2026,10:36:33:522,0.000000,0.000000,2,-110.56,-110.56,0,0,
09/21/2026,10:36:33:544,0.000000,0.000000,3,-92,-92,0,0,
09/21/2026,10:36:33:566,0.000000,0.000000,4,-115.1,-115.1,0,0,
09/21/2026,10:36:33:648,0.000000,0.000000,1,-111.83,-111.83,0,0,
09/21/2026,10:36:33:748,0.000000,0.000000,2,-109.07,-109.07,0,0,
09/21/2026,10:36:33:834,0.000000,0.000000,3,-94.14,-94.14,0,0,
09/21/2026,10:36:33:904,0.000000,0.000000,4,-116.58,-116.58,0,0,
09/21/2026,10:36:33:990,0.000000,0.000000,1,-109.79,-109.79,0,0,
09/21/2026,10:36:34:094,0.000000,0.000000,2,-111.1,-111.1,0,0,
09/21/2026,10:36:34:183,0.000000,0.000000,3,-92.16,-92.16,0,0,
09/21/2026,10:36:34:252,0.000000,0.000000,4,-117.47,-117.47,0,0,
09/21/2026,10:36:34:342,0.000000,0.000000,1,-111.63,-111.63,0,0,
09/21/2026,10:36:34:441,0.000000,0.000000,2,-110.76,-110.76,0,0,
09/21/2026,10:36:34:530,0.000000,0.000000,3,-86.96,-86.96,0,0,
09/21/2026,10:36:34:599,0.000000,0.000000,4,-116.39,-116.39,0,0,
09/21/2026,10:36:34:688,0.000000,0.000000,1,-112.02,-112.02,0,0,
09/21/2026,10:36:34:789,0.000000,0.000000,2,-108.9,-108.9,0,0,
09/21/2026,10:37:51:678,0.000000,0.000000,1,-110.77,-110.77,0,0,
09/21/2026,10:37:51:780,0.000000,0.000000,2,-109.35,-109.35,0,0,
09/21/2026,10:37:51:866,0.000000,0.000000,3,-103.65,-103.65,0,0,
09/21/2026,10:37:51:941,0.000000,0.000000,4,-118.25,-118.25,0,0,
09/21/2026,10:37:52:025,0.000000,0.000000,1,-111.76,-111.76,0,0,
09/21/2026,10:37:52:126,0.000000,0.000000,2,-110.81,-110.81,0,0,
09/21/2026,10:37:52:218,0.000000,0.000000,3,-87.55,-87.55,0,0,
09/21/2026,10:37:52:285,0.000000,0.000000,4,-119.24,-119.24,0,0,
09/21/2026,10:37:52:369,0.000000,0.000000,1,-112.14,-112.14,0,0,
09/21/2026,10:37:52:476,0.000000,0.000000,2,-111.09,-111.09,0,0,
09/21/2026,10:37:52:561,0.000000,0.000000,3,-100.12,-100.12,0,0,
09/21/2026,10:37:52:635,0.000000,0.000000,4,-117.6,-117.6,0,0,
09/21/2026,10:37:52:717,0.000000,0.000000,1,-112.88,-112.88,0,0,
09/21/2026,10:37:52:821,0.000000,0.000000,2,-109.65,-109.65,0,0,
09/21/2026,10:37:52:907,0.000000,0.000000,3,-86.57,-86.57,0,0,
09/21/2026,10:37:52:980,0.000000,0.000000,4,-115.97,-115.97,0,0,
09/21/2026,10:37:53:064,0.000000,0.000000,1,-112.35,-112.35,0,0,
09/21/2026,10:37:53:187,0.000000,0.000000,2,-111.23,-111.23,0,0,
09/21/2026,10:37:53:253,0.000000,0.000000,3,-90.78,-90.78,0,0,
09/21/2026,10:37:53:325,0.000000,0.000000,4,-115.73,-115.73,0,0,
09/21/2026,10:37:53:410,0.000000,0.000000,1,-112.77,-112.77,0,0,
09/21/2026,10:37:53:533,0.000000,0.000000,2,-110.28,-110.28,0,0,
09/21/2026,10:37:53:602,0.000000,0.000000,3,-94.11,-94.11,0,0,
09/21/2026,10:37:53:672,0.000000,0.000000,4,-118.44,-118.44,0,0,
09/21/2026,10:37:53:757,0.000000,0.000000,1,-113.3,-113.3,0,0,
09/21/2026,10:37:53:860,0.000000,0.000000,2,-109.66,-109.66,0,0,
09/21/2026,10:37:53:948,0.000000,0.000000,3,-85.59,-85.59,0,0,
09/21/2026,10:37:54:016,0.000000,0.000000,4,-118.89,-118.89,0,0,
09/21/2026,10:37:54:104,0.000000,0.000000,1,-112.73,-112.73,0,0,
09/21/2026,10:37:54:209,0.000000,0.000000,2,-108.82,-108.82,0,0,
09/21/2026,10:37:54:294,0.000000,0.000000,3,-89.01,-89.01,0,0,
09/21/2026,10:37:54:365,0.000000,0.000000,4,-116.1,-116.1,0,0,
09/21/2026,10:37:54:450,0.000000,0.000000,1,-112.54,-112.54,0,0,
09/21/2026,10:37:54:556,0.000000,0.000000,2,-109.75,-109.75,0,0,
09/21/2026,10:37:54:640,0.000000,0.000000,3,-91.15,-91.15,0,0,
09/21/2026,10:37:54:732,0.000000,0.000000,4,-118.47,-118.47,0,0,
09/21/2026,10:37:54:835,0.000000,0.000000,1,-113.39,-113.39,0,0,
09/21/2026,10:37:54:926,0.000000,0.000000,2,-109.04,-109.04,0,0,
09/21/2026,10:37:54:989,0.000000,0.000000,3,-93.6,-93.6,0,0,
09/21/2026,10:37:55:075,0.000000,0.000000,4,-117.42,-117.42,0,0,
09/21/2026,10:37:55:157,0.000000,0.000000,1,-112.04,-112.04,0,0,
09/21/2026,10:37:55:249,0.000000,0.000000,2,-108.65,-108.65,0,0,
09/21/2026,10:37:55:334,0.000000,0.000000,3,-96.84,-96.84,0,0,
09/21/2026,10:37:55:406,0.000000,0.000000,4,-115.99,-115.99,0,0,
09/21/2026,10:37:55:496,0.000000,0.000000,1,-111.37,-111.37,0,0,
09/21/2026,10:37:55:594,0.000000,0.000000,2,-109.59,-109.59,0,0,
09/21/2026,10:37:55:683,0.000000,0.000000,3,-92.5,-92.5,0,0,
09/21/2026,10:37:55:751,0.000000,0.000000,4,-118.08,-118.08,0,0,
09/21/2026,10:37:55:846,0.000000,0.000000,1,-112.64,-112.64,0,0,
09/21/2026,10:37:55:942,0.000000,0.000000,2,-110.93,-110.93,0,0,
09/21/2026,10:37:56:029,0.000000,0.000000,3,-96.86,-96.86,0,0,
09/21/2026,10:37:56:100,0.000000,0.000000,4,-117.03,-117.03,0,0,
09/21/2026,10:37:56:189,0.000000,0.000000,1,-110.76,-110.76,0,0,
09/21/2026,10:37:56:290,0.000000,0.000000,2,-108.7,-108.7,0,0,
09/21/2026,10:37:56:375,0.000000,0.000000,3,-90.55,-90.55,0,0,
09/21/2026,10:37:56:448,0.000000,0.000000,4,-117.62,-117.62,0,0,
09/21/2026,10:37:56:540,0.000000,0.000000,1,-113.9,-113.9,0,0,
09/21/2026,10:37:56:635,0.000000,0.000000,2,-111.52,-111.52,0,0,
09/21/2026,10:37:56:721,0.000000,0.000000,3,-85.98,-85.98,0,0,
09/21/2026,10:37:56:799,0.000000,0.000000,4,-117.12,-117.12,0,0,
09/21/2026,10:37:56:913,0.000000,0.000000,1,-112.16,-112.16,0,0,
09/21/2026,10:37:56:993,0.000000,0.000000,2,-109.56,-109.56,0,0,
09/21/2026,10:37:57:070,0.000000,0.000000,3,-88.65,-88.65,0,0,
09/21/2026,10:37:57:142,0.000000,0.000000,4,-117.38,-117.38,0,0,
09/21/2026,10:37:57:226,0.000000,0.000000,1,-114.54,-114.54,0,0,
09/21/2026,10:37:57:331,0.000000,0.000000,2,-110.87,-110.87,0,0,
09/21/2026,10:37:57:414,0.000000,0.000000,3,-97.48,-97.48,0,0,
09/21/2026,10:37:57:486,0.000000,0.000000,4,-120.26,-120.26,0,0,
09/21/2026,10:37:57:575,0.000000,0.000000,1,-113.58,-113.58,0,0,
09/21/2026,10:37:57:675,0.000000,0.000000,2,-110.68,-110.68,0,0,
09/21/2026,10:37:57:772,0.000000,0.000000,3,-90.74,-90.74,0,0,
09/21/2026,10:37:57:841,0.000000,0.000000,4,-118.79,-118.79,0,0,
09/21/2026,10:37:57:920,0.000000,0.000000,1,-112.61,-112.61,0,0,
09/21/2026,10:37:58:021,0.000000,0.000000,2,-110.13,-110.13,0,0,
09/21/2026,10:37:58:110,0.000000,0.000000,3,-90.91,-90.91,0,0,
09/21/2026,10:37:58:181,0.000000,0.000000,4,-118.79,-118.79,0,0,
09/21/2026,10:37:58:265,0.000000,0.000000,1,-112.19,-112.19,0,0,
09/21/2026,10:37:58:370,0.000000,0.000000,2,-110.4,-110.4,0,0,
09/21/2026,10:37:58:455,0.000000,0.000000,3,-89.27,-89.27,0,0,
09/21/2026,10:37:58:524,0.000000,0.000000,4,-118.49,-118.49,0,0,
09/21/2026,10:37:58:674,0.000000,0.000000,1,-112.1,-112.1,0,0,
09/21/2026,10:37:58:767,0.000000,0.000000,2,-109.46,-109.46,0,0,
09/21/2026,10:37:58:824,0.000000,0.000000,3,-89,-89,0,0,
09/21/2026,10:37:58:876,0.000000,0.000000,4,-116.49,-116.49,0,0,
09/21/2026,10:37:58:961,0.000000,0.000000,1,-112.26,-112.26,0,0,
09/21/2026,10:37:59:067,0.000000,0.000000,2,-109.2,-109.2,0,0,
09/21/2026,10:37:59:152,0.000000,0.000000,3,-97.31,-97.31,0,0,
09/21/2026,10:37:59:218,0.000000,0.000000,4,-116.23,-116.23,0,0,
09/21/2026,10:37:59:311,0.000000,0.000000,1,-112.27,-112.27,0,0,
09/21/2026,10:37:59:410,0.000000,0.000000,2,-110.36,-110.36,0,0,
09/21/2026,10:37:59:497,0.000000,0.000000,3,-91.39,-91.39,0,0,
09/21/2026,10:37:59:570,0.000000,0.000000,4,-118.33,-118.33,0,0,
09/21/2026,10:37:59:653,0.000000,0.000000,1,-111.25,-111.25,0,0,
09/21/2026,10:37:59:758,0.000000,0.000000,2,-109.12,-109.12,0,0,
09/21/2026,10:37:59:843,0.000000,0.000000,3,-86.18,-86.18,0,0,
09/21/2026,10:37:59:934,0.000000,0.000000,4,-116.89,-116.89,0,0,
09/21/2026,10:38:00:011,0.000000,0.000000,1,-111.95,-111.95,0,0,
09/21/2026,10:38:00:103,0.000000,0.000000,2,-112.6,-112.6,0,0,
09/21/2026,10:38:00:191,0.000000,0.000000,3,-89.77,-89.77,0,0,
09/21/2026,10:38:00:261,0.000000,0.000000,4,-117.75,-117.75,0,0,
09/21/2026,10:38:00:351,0.000000,0.000000,1,-112.25,-112.25,0,0,
09/21/2026,10:38:00:451,0.000000,0.000000,2,-108.9,-108.9,0,0,
09/21/2026,10:38:00:537,0.000000,0.000000,3,-91.63,-91.63,0,0,
09/21/2026,10:38:00:617,0.000000,0.000000,4,-117.62,-117.62,0,0,
09/21/2026,10:38:00:700,0.000000,0.000000,1,-110.72,-110.72,0,0,
09/21/2026,10:38:00:798,0.000000,0.000000,2,-110.01,-110.01,0,0,
09/21/2026,10:38:00:896,0.000000,0.000000,3,-97.86,-97.86,0,0,
09/21/2026,10:38:00:953,0.000000,0.000000,4,-117.96,-117.96,0,0,
09/21/2026,10:38:01:040,0.000000,0.000000,1,-111.02,-111.02,0,0,
09/21/2026,10:38:01:145,0.000000,0.000000,2,-111.81,-111.81,0,0,
09/21/2026,10:38:01:636,0.000000,0.000000,3,-86.14,-86.14,0,0,
09/21/2026,10:38:01:662,0.000000,0.000000,4,-119.49,-119.49,0,0,
09/21/2026,10:38:01:679,0.000000,0.000000,1,-110.93,-110.93,0,0,
09/21/2026,10:38:01:723,0.000000,0.000000,2,-108.32,-108.32,0,0,
09/21/2026,10:38:01:767,0.000000,0.000000,3,-86.64,-86.64,0,0,
09/21/2026,10:38:01:796,0.000000,0.000000,4,-118.14,-118.14,0,0,
09/21/2026,10:38:01:828,0.000000,0.000000,1,-110.61,-110.61,0,0,
09/21/2026,10:38:01:860,0.000000,0.000000,2,-110.25,-110.25,0,0,
09/21/2026,10:38:01:926,0.000000,0.000000,3,-88.36,-88.36,0,0,
09/21/2026,10:38:01:997,0.000000,0.000000,4,-116.43,-116.43,0,0,
09/21/2026,10:38:02:081,0.000000,0.000000,1,-112.16,-112.16,0,0,
09/21/2026,10:38:02:185,0.000000,0.000000,2,-110.61,-110.61,0,0,
09/21/2026,10:38:02:320,0.000000,0.000000,3,-93.26,-93.26,0,0,
09/21/2026,10:38:02:346,0.000000,0.000000,4,-116.67,-116.67,0,0,
09/21/2026,10:38:02:469,0.000000,0.000000,1,-111.55,-111.55,0,0,
09/21/2026,10:38:02:529,0.000000,0.000000,2,-110.42,-110.42,0,0,
09/21/2026,10:38:02:625,0.000000,0.000000,3,-85.1,-85.1,0,0,
09/21/2026,10:38:02:689,0.000000,0.000000,4,-117.73,-117.73,0,0,
09/21/2026,10:38:02:777,0.000000,0.000000,1,-109.43,-109.43,0,0,
09/21/2026,10:38:02:879,0.000000,0.000000,2,-111.28,-111.28,0,0,
09/21/2026,10:38:02:994,0.000000,0.000000,3,-84.26,-84.26,0,0,
09/21/2026,10:38:03:043,0.000000,0.000000,4,-118.51,-118.51,0,0,
09/21/2026,10:38:03:120,0.000000,0.000000,1,-109.96,-109.96,0,0,
09/21/2026,10:38:03:229,0.000000,0.000000,2,-110.26,-110.26,0,0,
09/21/2026,10:38:03:318,0.000000,0.000000,3,-87.74,-87.74,0,0,
09/21/2026,10:38:03:381,0.000000,0.000000,4,-118,-118,0,0,
09/21/2026,10:38:03:472,0.000000,0.000000,1,-111.06,-111.06,0,0,
09/21/2026,10:38:03:575,0.000000,0.000000,2,-109.92,-109.92,0,0,
09/21/2026,10:38:03:663,0.000000,0.000000,3,-85.57,-85.57,0,0,
09/21/2026,10:38:03:729,0.000000,0.000000,4,-119.09,-119.09,0,0,
09/21/2026,10:38:03:820,0.000000,0.000000,1,-111.19,-111.19,0,0,
09/21/2026,10:38:03:918,0.000000,0.000000,2,-109.52,-109.52,0,0,
09/21/2026,10:38:04:005,0.000000,0.000000,3,-88.05,-88.05,0,0,
09/21/2026,10:38:04:121,0.000000,0.000000,4,-119.06,-119.06,0,0,
09/21/2026,10:38:04:207,0.000000,0.000000,1,-113.2,-113.2,0,0,
09/21/2026,10:38:04:284,0.000000,0.000000,2,-110.83,-110.83,0,0,
09/21/2026,10:38:04:354,0.000000,0.000000,3,-87.48,-87.48,0,0,
09/21/2026,10:38:04:443,0.000000,0.000000,4,-118.1,-118.1,0,0,
09/21/2026,10:38:04:510,0.000000,0.000000,1,-110.17,-110.17,0,0,
09/21/2026,10:38:04:613,0.000000,0.000000,2,-110.34,-110.34,0,0,
09/21/2026,10:38:04:697,0.000000,0.000000,3,-84.34,-84.34,0,0,
09/21/2026,10:38:04:771,0.000000,0.000000,4,-116.68,-116.68,0,0,
09/21/2026,10:38:04:855,0.000000,0.000000,1,-110.44,-110.44,0,0,
09/21/2026,10:38:04:958,0.000000,0.000000,2,-108.6,-108.6,0,0,
09/21/2026,10:38:05:053,0.000000,0.000000,3,-83.08,-83.08,0,0,
09/21/2026,10:38:05:114,0.000000,0.000000,4,-117.21,-117.21,0,0,
09/21/2026,10:38:05:209,0.000000,0.000000,1,-110.48,-110.48,0,0,
09/21/2026,10:38:05:325,0.000000,0.000000,2,-107.87,-107.87,0,0,
09/21/2026,10:38:05:397,0.000000,0.000000,3,-86.21,-86.21,0,0,
09/21/2026,10:38:05:467,0.000000,0.000000,4,-115.52,-115.52,0,0,
09/21/2026,10:38:05:552,0.000000,0.000000,1,-110.76,-110.76,0,0,
09/21/2026,10:38:05:653,0.000000,0.000000,2,-109.18,-109.18,0,0,
09/21/2026,10:38:05:736,0.000000,0.000000,3,-85.33,-85.33,0,0,
09/21/2026,10:38:05:808,0.000000,0.000000,4,-116.14,-116.14,0,0,
09/21/2026,10:38:05:926,0.000000,0.000000,1,-109.97,-109.97,0,0,
09/21/2026,10:38:06:004,0.000000,0.000000,2,-109.13,-109.13,0,0,
09/21/2026,10:38:06:085,0.000000,0.000000,3,-82.63,-82.63,0,0,
09/21/2026,10:38:06:185,0.000000,0.000000,4,-116.11,-116.11,0,0,
09/21/2026,10:38:06:246,0.000000,0.000000,1,-110.23,-110.23,0,0,
09/21/2026,10:38:06:347,0.000000,0.000000,2,-110.36,-110.36,0,0,
09/21/2026,10:38:06:435,0.000000,0.000000,3,-82.95,-82.95,0,0,
09/21/2026,10:38:06:525,0.000000,0.000000,4,-119.17,-119.17,0,0,
09/21/2026,10:38:06:592,0.000000,0.000000,1,-109.52,-109.52,0,0,
09/21/2026,10:38:06:696,0.000000,0.000000,2,-108.99,-108.99,0,0,
09/21/2026,10:38:06:784,0.000000,0.000000,3,-84.67,-84.67,0,0,
09/21/2026,10:38:06:855,0.000000,0.000000,4,-117.29,-117.29,0,0,
09/21/2026,10:38:06:936,0.000000,0.000000,1,-108.42,-108.42,0,0,
09/21/2026,10:38:07:043,0.000000,0.000000,2,-109.67,-109.67,0,0,
09/21/2026,10:38:07:127,0.000000,0.000000,3,-86.76,-86.76,0,0,
09/21/2026,10:38:07:197,0.000000,0.000000,4,-117.35,-117.35,0,0,
09/21/2026,10:38:07:294,0.000000,0.000000,1,-109.32,-109.32,0,0,
09/21/2026,10:38:07:392,0.000000,0.000000,2,-108.57,-108.57,0,0,
09/21/2026,10:38:07:482,0.000000,0.000000,3,-80.86,-80.86,0,0,
09/21/2026,10:38:07:547,0.000000,0.000000,4,-117.12,-117.12,0,0,
09/21/2026,10:38:07:643,0.000000,0.000000,1,-108.89,-108.89,0,0,
09/21/2026,10:38:07:732,0.000000,0.000000,2,-110.23,-110.23,0,0,
09/21/2026,10:38:07:833,0.000000,0.000000,3,-80.71,-80.71,0,0,
09/21/2026,10:38:07:897,0.000000,0.000000,4,-117.57,-117.57,0,0,
09/21/2026,10:38:07:999,0.000000,0.000000,1,-109.06,-109.06,0,0,
09/21/2026,10:38:08:186,0.000000,0.000000,2,-109.96,-109.96,0,0,
09/21/2026,10:38:08:250,0.000000,0.000000,3,-84.4,-84.4,0,0,
09/21/2026,10:38:08:291,0.000000,0.000000,4,-114.88,-114.88,0,0,
09/21/2026,10:38:08:330,0.000000,0.000000,1,-107.65,-107.65,0,0,
09/21/2026,10:38:08:431,0.000000,0.000000,2,-109.44,-109.44,0,0,
09/21/2026,10:38:08:517,0.000000,0.000000,3,-78.33,-78.33,0,0,
09/21/2026,10:38:08:590,0.000000,0.000000,4,-117.5,-117.5,0,0,
09/21/2026,10:38:08:675,0.000000,0.000000,1,-108.55,-108.55,0,0,
09/21/2026,10:38:08:775,0.000000,0.000000,2,-109.44,-109.44,0,0,
09/21/2026,10:38:08:859,0.000000,0.000000,3,-79.84,-79.84,0,0,
09/21/2026,10:38:08:931,0.000000,0.000000,4,-115.29,-115.29,0,0,
09/21/2026,10:38:09:022,0.000000,0.000000,1,-109.29,-109.29,0,0,
09/21/2026,10:38:09:119,0.000000,0.000000,2,-109.12,-109.12,0,0,
09/21/2026,10:38:09:207,0.000000,0.000000,3,-79.25,-79.25,0,0,
09/21/2026,10:38:09:285,0.000000,0.000000,4,-118.35,-118.35,0,0,
09/21/2026,10:38:09:367,0.000000,0.000000,1,-108.69,-108.69,0,0,
09/21/2026,10:38:09:477,0.000000,0.000000,2,-108.69,-108.69,0,0,
09/21/2026,10:38:09:562,0.000000,0.000000,3,-78.07,-78.07,0,0,
09/21/2026,10:38:09:693,0.000000,0.000000,4,-116.59,-116.59,0,0,
09/21/2026,10:38:09:748,0.000000,0.000000,1,-109.55,-109.55,0,0,
09/21/2026,10:38:09:866,0.000000,0.000000,2,-110.24,-110.24,0,0,
09/21/2026,10:38:09:966,0.000000,0.000000,3,-82,-82,0,0,
09/21/2026,10:38:09:985,0.000000,0.000000,4,-115.9,-115.9,0,0,
09/21/2026,10:38:10:058,0.000000,0.000000,1,-109,-109,0,0,
09/21/2026,10:38:10:172,0.000000,0.000000,2,-109.17,-109.17,0,0,
09/21/2026,10:38:10:246,0.000000,0.000000,3,-81.27,-81.27,0,0,
09/21/2026,10:38:10:321,0.000000,0.000000,4,-117.33,-117.33,0,0,
09/21/2026,10:38:10:405,0.000000,0.000000,1,-107.92,-107.92,0,0,
09/21/2026,10:38:10:507,0.000000,0.000000,2,-108.73,-108.73,0,0,
09/21/2026,10:38:10:599,0.000000,0.000000,3,-75.83,-75.83,0,0,
09/21/2026,10:38:10:673,0.000000,0.000000,4,-117.16,-117.16,0,0,
09/21/2026,10:38:10:753,0.000000,0.000000,1,-108.93,-108.93,0,0,
09/21/2026,10:38:10:853,0.000000,0.000000,2,-106.23,-106.23,0,0,
09/21/2026,10:38:10:943,0.000000,0.000000,3,-77.8,-77.8,0,0,
09/21/2026,10:38:11:017,0.000000,0.000000,4,-116.14,-116.14,0,0,
09/21/2026,10:38:11:107,0.000000,0.000000,1,-109.81,-109.81,0,0,
09/21/2026,10:38:11:201,0.000000,0.000000,2,-108.6,-108.6,0,0,
09/21/2026,10:38:11:291,0.000000,0.000000,3,-76.78,-76.78,0,0,
09/21/2026,10:38:11:358,0.000000,0.000000,4,-116.97,-116.97,0,0,
09/21/2026,10:38:11:457,0.000000,0.000000,1,-109.02,-109.02,0,0,
09/21/2026,10:38:11:557,0.000000,0.000000,2,-108.32,-108.32,0,0,
09/21/2026,10:38:11:634,0.000000,0.000000,3,-78.76,-78.76,0,0,
09/21/2026,10:38:12:139,0.000000,0.000000,4,-116.31,-116.31,0,0,
09/21/2026,10:38:12:176,0.000000,0.000000,1,-108.21,-108.21,0,0,
09/21/2026,10:38:12:202,0.000000,0.000000,2,-108.27,-108.27,0,0,
09/21/2026,10:38:12:256,0.000000,0.000000,3,-77.63,-77.63,0,0,
09/21/2026,10:38:12:281,0.000000,0.000000,4,-116.94,-116.94,0,0,
09/21/2026,10:38:12:326,0.000000,0.000000,1,-107.46,-107.46,0,0,
09/21/2026,10:38:12:360,0.000000,0.000000,2,-107.94,-107.94,0,0,
09/21/2026,10:38:12:405,0.000000,0.000000,3,-76.32,-76.32,0,0,
09/21/2026,10:38:12:442,0.000000,0.000000,4,-117,-117,0,0,
09/21/2026,10:38:12:495,0.000000,0.000000,1,-108.39,-108.39,0,0,
09/21/2026,10:38:12:588,0.000000,0.000000,2,-105.57,-105.57,0,0,
09/21/2026,10:38:12:677,0.000000,0.000000,3,-74.14,-74.14,0,0,
09/21/2026,10:38:12:746,0.000000,0.000000,4,-115.84,-115.84,0,0,
09/21/2026,10:38:12:844,0.000000,0.000000,1,-108.6,-108.6,0,0,
09/21/2026,10:38:12:936,0.000000,0.000000,2,-107.85,-107.85,0,0,
09/21/2026,10:38:13:027,0.000000,0.000000,3,-74.16,-74.16,0,0,
09/21/2026,10:38:13:105,0.000000,0.000000,4,-116.74,-116.74,0,0,
09/21/2026,10:38:13:178,0.000000,0.000000,1,-108.93,-108.93,0,0,
09/21/2026,10:38:13:280,0.000000,0.000000,2,-108.01,-108.01,0,0,
09/21/2026,10:38:13:373,0.000000,0.000000,3,-73.94,-73.94,0,0,
09/21/2026,10:38:13:444,0.000000,0.000000,4,-116.13,-116.13,0,0,
09/21/2026,10:38:13:530,0.000000,0.000000,1,-109.44,-109.44,0,0,
09/21/2026,10:38:13:656,0.000000,0.000000,2,-107.16,-107.16,0,0,
09/21/2026,10:38:13:747,0.000000,0.000000,3,-75.18,-75.18,0,0,
09/21/2026,10:38:13:798,0.000000,0.000000,4,-115.98,-115.98,0,0,
09/21/2026,10:38:13:924,0.000000,0.000000,1,-107.27,-107.27,0,0,
09/21/2026,10:38:13:979,0.000000,0.000000,2,-108.13,-108.13,0,0,
09/21/2026,10:38:14:070,0.000000,0.000000,3,-76.72,-76.72,0,0,
09/21/2026,10:38:14:143,0.000000,0.000000,4,-115.98,-115.98,0,0,
09/21/2026,10:38:14:226,0.000000,0.000000,1,-108.49,-108.49,0,0,
09/21/2026,10:38:14:331,0.000000,0.000000,2,-108.14,-108.14,0,0,
09/21/2026,10:38:14:412,0.000000,0.000000,3,-74.69,-74.69,0,0,
09/21/2026,10:38:14:479,0.000000,0.000000,4,-116.4,-116.4,0,0,
09/21/2026,10:38:14:566,0.000000,0.000000,1,-107.74,-107.74,0,0,
09/21/2026,10:38:14:668,0.000000,0.000000,2,-105.91,-105.91,0,0,
09/21/2026,10:38:14:755,0.000000,0.000000,3,-73.41,-73.41,0,0,
09/21/2026,10:38:14:829,0.000000,0.000000,4,-113.85,-113.85,0,0,
09/21/2026,10:38:14:919,0.000000,0.000000,1,-105.95,-105.95,0,0,
09/21/2026,10:38:15:035,0.000000,0.000000,2,-106.35,-106.35,0,0,
09/21/2026,10:38:15:109,0.000000,0.000000,3,-75.06,-75.06,0,0,
09/21/2026,10:38:15:184,0.000000,0.000000,4,-116.38,-116.38,0,0,
09/21/2026,10:38:15:259,0.000000,0.000000,1,-107.67,-107.67,0,0,
09/21/2026,10:38:15:379,0.000000,0.000000,2,-105.99,-105.99,0,0,
09/21/2026,10:38:15:453,0.000000,0.000000,3,-73.92,-73.92,0,0,
09/21/2026,10:38:15:533,0.000000,0.000000,4,-117.4,-117.4,0,0,
09/21/2026,10:38:15:703,0.000000,0.000000,1,-105.71,-105.71,0,0,
09/21/2026,10:38:15:770,0.000000,0.000000,2,-106.3,-106.3,0,0,
09/21/2026,10:38:15:804,0.000000,0.000000,3,-76.19,-76.19,0,0,
09/21/2026,10:38:15:873,0.000000,0.000000,4,-114.02,-114.02,0,0,
09/21/2026,10:38:15:960,0.000000,0.000000,1,-106.61,-106.61,0,0,
09/21/2026,10:38:16:057,0.000000,0.000000,2,-105.68,-105.68,0,0,
09/21/2026,10:38:16:142,0.000000,0.000000,3,-73.28,-73.28,0,0,
09/21/2026,10:38:16:214,0.000000,0.000000,4,-116.57,-116.57,0,0,
09/21/2026,10:38:16:304,0.000000,0.000000,1,-106.87,-106.87,0,0,
09/21/2026,10:38:16:404,0.000000,0.000000,2,-107.8,-107.8,0,0,
09/21/2026,10:38:16:490,0.000000,0.000000,3,-78.18,-78.18,0,0,
09/21/2026,10:38:16:570,0.000000,0.000000,4,-115.87,-115.87,0,0,
09/21/2026,10:38:16:653,0.000000,0.000000,1,-106.37,-106.37,0,0,
09/21/2026,10:38:16:750,0.000000,0.000000,2,-107.73,-107.73,0,0,
09/21/2026,10:38:16:837,0.000000,0.000000,3,-81.29,-81.29,0,0,
09/21/2026,10:38:16:905,0.000000,0.000000,4,-115.03,-115.03,0,0,
09/21/2026,10:38:17:006,0.000000,0.000000,1,-107.16,-107.16,0,0,
09/21/2026,10:38:17:098,0.000000,0.000000,2,-108.34,-108.34,0,0,
09/21/2026,10:38:17:190,0.000000,0.000000,3,-76.03,-76.03,0,0,
09/21/2026,10:38:17:283,0.000000,0.000000,4,-115.08,-115.08,0,0,
09/21/2026,10:38:17:375,0.000000,0.000000,1,-106.17,-106.17,0,0,
09/21/2026,10:38:17:476,0.000000,0.000000,2,-107.88,-107.88,0,0,
09/21/2026,10:38:17:530,0.000000,0.000000,3,-74.99,-74.99,0,0,
09/21/2026,10:38:17:610,0.000000,0.000000,4,-116.66,-116.66,0,0,
09/21/2026,10:38:17:689,0.000000,0.000000,1,-106.82,-106.82,0,0,
09/21/2026,10:38:17:796,0.000000,0.000000,2,-105.55,-105.55,0,0,
09/21/2026,10:38:17:881,0.000000,0.000000,3,-77.45,-77.45,0,0,
09/21/2026,10:38:17:949,0.000000,0.000000,4,-115.83,-115.83,0,0,
09/21/2026,10:38:18:035,0.000000,0.000000,1,-107.8,-107.8,0,0,
09/21/2026,10:38:18:144,0.000000,0.000000,2,-107.2,-107.2,0,0,
09/21/2026,10:38:18:227,0.000000,0.000000,3,-74.72,-74.72,0,0,
09/21/2026,10:38:18:298,0.000000,0.000000,4,-115.67,-115.67,0,0,
09/21/2026,10:38:18:400,0.000000,0.000000,1,-107.44,-107.44,0,0,
09/21/2026,10:38:18:484,0.000000,0.000000,2,-107.1,-107.1,0,0,
09/21/2026,10:38:18:579,0.000000,0.000000,3,-74.91,-74.91,0,0,
09/21/2026,10:38:18:642,0.000000,0.000000,4,-115.19,-115.19,0,0,
09/21/2026,10:38:18:729,0.000000,0.000000,1,-107.11,-107.11,0,0,
09/21/2026,10:38:18:834,0.000000,0.000000,2,-107.41,-107.41,0,0,
09/21/2026,10:38:18:917,0.000000,0.000000,3,-75.41,-75.41,0,0,
09/21/2026,10:38:18:989,0.000000,0.000000,4,-115.22,-115.22,0,0,
09/21/2026,10:38:19:105,0.000000,0.000000,1,-105.61,-105.61,0,0,
09/21/2026,10:38:19:191,0.000000,0.000000,2,-107.16,-107.16,0,0,
09/21/2026,10:38:19:265,0.000000,0.000000,3,-75.44,-75.44,0,0,
09/21/2026,10:38:19:379,0.000000,0.000000,4,-115.11,-115.11,0,0,
09/21/2026,10:38:19:436,0.000000,0.000000,1,-107.81,-107.81,0,0,
09/21/2026,10:38:19:529,0.000000,0.000000,2,-108.32,-108.32,0,0,
09/21/2026,10:38:19:612,0.000000,0.000000,3,-75.34,-75.34,0,0,
09/21/2026,10:38:19:683,0.000000,0.000000,4,-114.19,-114.19,0,0,
09/21/2026,10:38:19:768,0.000000,0.000000,1,-107.51,-107.51,0,0,
09/21/2026,10:38:19:874,0.000000,0.000000,2,-109.51,-109.51,0,0,
09/21/2026,10:38:19:958,0.000000,0.000000,3,-78.85,-78.85,0,0,
09/21/2026,10:38:20:030,0.000000,0.000000,4,-116.22,-116.22,0,0,
09/21/2026,10:38:20:115,0.000000,0.000000,1,-109.23,-109.23,0,0,
09/21/2026,10:38:20:220,0.000000,0.000000,2,-109.9,-109.9,0,0,
09/21/2026,10:38:20:306,0.000000,0.000000,3,-77.3,-77.3,0,0,
09/21/2026,10:38:20:374,0.000000,0.000000,4,-116.64,-116.64,0,0,
09/21/2026,10:38:20:462,0.000000,0.000000,1,-108.07,-108.07,0,0,
09/21/2026,10:38:20:567,0.000000,0.000000,2,-108.84,-108.84,0,0,
09/21/2026,10:38:20:652,0.000000,0.000000,3,-80.8,-80.8,0,0,
09/21/2026,10:38:20:728,0.000000,0.000000,4,-113.97,-113.97,0,0,
09/21/2026,10:38:20:808,0.000000,0.000000,1,-110.32,-110.32,0,0,
09/21/2026,10:38:20:915,0.000000,0.000000,2,-108.6,-108.6,0,0,
09/21/2026,10:38:21:000,0.000000,0.000000,3,-78.7,-78.7,0,0,
09/21/2026,10:38:21:067,0.000000,0.000000,4,-115.89,-115.89,0,0,
09/21/2026,10:38:21:161,0.000000,0.000000,1,-109.8,-109.8,0,0,
09/21/2026,10:38:21:323,0.000000,0.000000,2,-106.72,-106.72,0,0,
09/21/2026,10:38:21:345,0.000000,0.000000,3,-77.8,-77.8,0,0,
09/21/2026,10:38:21:439,0.000000,0.000000,4,-115.35,-115.35,0,0,
09/21/2026,10:38:21:502,0.000000,0.000000,1,-108.27,-108.27,0,0,
09/21/2026,10:38:21:606,0.000000,0.000000,2,-108.51,-108.51,0,0,
09/21/2026,10:38:21:704,0.000000,0.000000,3,-78.07,-78.07,0,0,
09/21/2026,10:38:21:761,0.000000,0.000000,4,-115.52,-115.52,0,0,
09/21/2026,10:38:21:849,0.000000,0.000000,1,-110.37,-110.37,0,0,
09/21/2026,10:38:21:953,0.000000,0.000000,2,-107.34,-107.34,0,0,
09/21/2026,10:38:22:041,0.000000,0.000000,3,-80.78,-80.78,0,0,
09/21/2026,10:38:22:111,0.000000,0.000000,4,-114.98,-114.98,0,0,
09/21/2026,10:38:22:197,0.000000,0.000000,1,-109.63,-109.63,0,0,
09/21/2026,10:38:22:298,0.000000,0.000000,2,-108.56,-108.56,0,0,
09/21/2026,10:38:22:384,0.000000,0.000000,3,-79.4,-79.4,0,0,
09/21/2026,10:38:22:459,0.000000,0.000000,4,-114.63,-114.63,0,0,
09/21/2026,10:38:22:543,0.000000,0.000000,1,-107.9,-107.9,0,0,
09/21/2026,10:38:22:645,0.000000,0.000000,2,-109.06,-109.06,0,0,
09/21/2026,10:38:22:734,0.000000,0.000000,3,-79.37,-79.37,0,0,
09/21/2026,10:38:22:801,0.000000,0.000000,4,-115.41,-115.41,0,0,
09/21/2026,10:38:22:929,0.000000,0.000000,1,-109.17,-109.17,0,0,
09/21/2026,10:38:23:044,0.000000,0.000000,2,-109.44,-109.44,0,0,
09/21/2026,10:38:23:099,0.000000,0.000000,3,-80.21,-80.21,0,0,
09/21/2026,10:38:23:150,0.000000,0.000000,4,-116.77,-116.77,0,0,
09/21/2026,10:38:23:235,0.000000,0.000000,1,-107.57,-107.57,0,0,
09/21/2026,10:38:23:341,0.000000,0.000000,2,-108.33,-108.33,0,0,
09/21/2026,10:38:23:428,0.000000,0.000000,3,-78.59,-78.59,0,0,
09/21/2026,10:38:23:505,0.000000,0.000000,4,-114,-114,0,0,
09/21/2026,10:38:23:585,0.000000,0.000000,1,-109.26,-109.26,0,0,
09/21/2026,10:38:23:687,0.000000,0.000000,2,-107.71,-107.71,0,0,
09/21/2026,10:38:23:774,0.000000,0.000000,3,-79.13,-79.13,0,0,
09/21/2026,10:38:23:846,0.000000,0.000000,4,-113.88,-113.88,0,0,
09/21/2026,10:38:23:931,0.000000,0.000000,1,-108.37,-108.37,0,0,
09/21/2026,10:38:24:033,0.000000,0.000000,2,-107.57,-107.57,0,0,
09/21/2026,10:38:24:118,0.000000,0.000000,3,-78.11,-78.11,0,0,
09/21/2026,10:38:24:194,0.000000,0.000000,4,-113.19,-113.19,0,0,
09/21/2026,10:38:24:278,0.000000,0.000000,1,-110.58,-110.58,0,0,
09/21/2026,10:38:24:383,0.000000,0.000000,2,-108.1,-108.1,0,0,
09/21/2026,10:38:24:469,0.000000,0.000000,3,-85.69,-85.69,0,0,
09/21/2026,10:38:24:541,0.000000,0.000000,4,-113.7,-113.7,0,0,
09/21/2026,10:38:24:644,0.000000,0.000000,1,-109.7,-109.7,0,0,
09/21/2026,10:38:24:789,0.000000,0.000000,2,-109.42,-109.42,0,0,
09/21/2026,10:38:24:840,0.000000,0.000000,3,-85.06,-85.06,0,0,
09/21/2026,10:38:24:883,0.000000,0.000000,4,-114.99,-114.99,0,0,
09/21/2026,10:38:24:969,0.000000,0.000000,1,-109.37,-109.37,0,0,
09/21/2026,10:38:25:075,0.000000,0.000000,2,-108.25,-108.25,0,0,
09/21/2026,10:38:25:163,0.000000,0.000000,3,-88.14,-88.14,0,0,
09/21/2026,10:38:25:229,0.000000,0.000000,4,-114.78,-114.78,0,0,
09/21/2026,10:38:25:319,0.000000,0.000000,1,-109.77,-109.77,0,0,
09/21/2026,10:38:25:422,0.000000,0.000000,2,-107.82,-107.82,0,0,
09/21/2026,10:38:25:507,0.000000,0.000000,3,-91.52,-91.52,0,0,
09/21/2026,10:38:25:577,0.000000,0.000000,4,-115.19,-115.19,0,0,
09/21/2026,10:38:25:665,0.000000,0.000000,1,-111.46,-111.46,0,0,
09/21/2026,10:38:25:774,0.000000,0.000000,2,-108.59,-108.59,0,0,
09/21/2026,10:38:25:854,0.000000,0.000000,3,-93.78,-93.78,0,0,
09/21/2026,10:38:25:926,0.000000,0.000000,4,-116.54,-116.54,0,0,
09/21/2026,10:38:26:010,0.000000,0.000000,1,-111.64,-111.64,0,0,
09/21/2026,10:38:26:114,0.000000,0.000000,2,-108.75,-108.75,0,0,
09/21/2026,10:38:26:200,0.000000,0.000000,3,-88.77,-88.77,0,0,
09/21/2026,10:38:26:272,0.000000,0.000000,4,-115.07,-115.07,0,0,
09/21/2026,10:38:26:364,0.000000,0.000000,1,-109.51,-109.51,0,0,
09/21/2026,10:38:26:507,0.000000,0.000000,2,-108.2,-108.2,0,0,
09/21/2026,10:38:26:573,0.000000,0.000000,3,-88,-88,0,0,
09/21/2026,10:38:26:624,0.000000,0.000000,4,-115.91,-115.91,0,0,
09/21/2026,10:38:26:705,0.000000,0.000000,1,-112.52,-112.52,0,0,
09/21/2026,10:38:26:820,0.000000,0.000000,2,-109.56,-109.56,0,0,
09/21/2026,10:38:26:894,0.000000,0.000000,3,-84.07,-84.07,0,0,
09/21/2026,10:38:26:969,0.000000,0.000000,4,-113.18,-113.18,0,0,
09/21/2026,10:38:27:051,0.000000,0.000000,1,-110.15,-110.15,0,0,
09/21/2026,10:38:27:154,0.000000,0.000000,2,-108.68,-108.68,0,0,
09/21/2026,10:38:27:242,0.000000,0.000000,3,-93.71,-93.71,0,0,
09/21/2026,10:38:27:692,0.000000,0.000000,4,-113.97,-113.97,0,0,
09/21/2026,10:38:27:731,0.000000,0.000000,1,-110.69,-110.69,0,0,
09/21/2026,10:38:27:807,0.000000,0.000000,2,-108.85,-108.85,0,0,
09/21/2026,10:38:27:912,0.000000,0.000000,3,-81.81,-81.81,0,0,
09/21/2026,10:38:27:935,0.000000,0.000000,4,-114.53,-114.53,0,0,
09/21/2026,10:38:27:991,0.000000,0.000000,1,-110.34,-110.34,0,0,
09/21/2026,10:38:28:051,0.000000,0.000000,2,-109.2,-109.2,0,0,
09/21/2026,10:38:28:127,0.000000,0.000000,3,-91.29,-91.29,0,0,
09/21/2026,10:38:28:171,0.000000,0.000000,4,-115.98,-115.98,0,0,
09/21/2026,10:38:28:231,0.000000,0.000000,1,-111.15,-111.15,0,0,
09/21/2026,10:38:28:295,0.000000,0.000000,2,-109.71,-109.71,0,0,
09/21/2026,10:38:28:373,0.000000,0.000000,3,-87.63,-87.63,0,0,
09/21/2026,10:38:28:412,0.000000,0.000000,4,-114.69,-114.69,0,0,
09/21/2026,10:38:28:468,0.000000,0.000000,1,-111.18,-111.18,0,0,
09/21/2026,10:38:28:567,0.000000,0.000000,2,-108.14,-108.14,0,0,
09/21/2026,10:38:28:659,0.000000,0.000000,3,-85.55,-85.55,0,0,
09/21/2026,10:38:28:713,0.000000,0.000000,4,-114.72,-114.72,0,0,
09/21/2026,10:38:28:786,0.000000,0.000000,1,-109.81,-109.81,0,0,
09/21/2026,10:38:28:889,0.000000,0.000000,2,-108.96,-108.96,0,0,
09/21/2026,10:38:28:984,0.000000,0.000000,3,-92.48,-92.48,0,0,
09/21/2026,10:38:29:045,0.000000,0.000000,4,-115.05,-115.05,0,0,
09/21/2026,10:38:29:133,0.000000,0.000000,1,-111.28,-111.28,0,0,
09/21/2026,10:38:29:238,0.000000,0.000000,2,-110.03,-110.03,0,0,
09/21/2026,10:38:29:323,0.000000,0.000000,3,-86.77,-86.77,0,0,
09/21/2026,10:38:29:405,0.000000,0.000000,4,-114.29,-114.29,0,0,
09/21/2026,10:38:29:483,0.000000,0.000000,1,-113.55,-113.55,0,0,
09/21/2026,10:38:29:585,0.000000,0.000000,2,-110.02,-110.02,0,0,
09/21/2026,10:38:29:668,0.000000,0.000000,3,-87.01,-87.01,0,0,
09/21/2026,10:38:29:740,0.000000,0.000000,4,-116.34,-116.34,0,0,
09/21/2026,10:38:29:825,0.000000,0.000000,1,-110.62,-110.62,0,0,
09/21/2026,10:38:29:937,0.000000,0.000000,2,-108.94,-108.94,0,0,
09/21/2026,10:38:30:017,0.000000,0.000000,3,-83.16,-83.16,0,0,
09/21/2026,10:38:30:096,0.000000,0.000000,4,-113.33,-113.33,0,0,
09/21/2026,10:38:30:246,0.000000,0.000000,1,-111.99,-111.99,0,0,
09/21/2026,10:38:30:317,0.000000,0.000000,2,-107.97,-107.97,0,0,
09/21/2026,10:38:30:393,0.000000,0.000000,3,-84.92,-84.92,0,0,
09/21/2026,10:38:30:432,0.000000,0.000000,4,-114.02,-114.02,0,0,
09/21/2026,10:38:30:520,0.000000,0.000000,1,-110.37,-110.37,0,0,
09/21/2026,10:38:30:625,0.000000,0.000000,2,-109.48,-109.48,0,0,
09/21/2026,10:38:30:709,0.000000,0.000000,3,-83.12,-83.12,0,0,
09/21/2026,10:38:30:778,0.000000,0.000000,4,-114.71,-114.71,0,0,
09/21/2026,10:38:30:866,0.000000,0.000000,1,-110.9,-110.9,0,0,
09/21/2026,10:38:30:969,0.000000,0.000000,2,-109.73,-109.73,0,0,
09/21/2026,10:38:31:055,0.000000,0.000000,3,-82.06,-82.06,0,0,
09/21/2026,10:38:31:125,0.000000,0.000000,4,-112.77,-112.77,0,0,
09/21/2026,10:38:31:212,0.000000,0.000000,1,-111.49,-111.49,0,0,
09/21/2026,10:38:31:317,0.000000,0.000000,2,-110.01,-110.01,0,0,
09/21/2026,10:38:31:403,0.000000,0.000000,3,-88.54,-88.54,0,0,
09/21/2026,10:38:31:474,0.000000,0.000000,4,-116.8,-116.8,0,0,
09/21/2026,10:38:31:559,0.000000,0.000000,1,-111,-111,0,0,
09/21/2026,10:38:31:664,0.000000,0.000000,2,-108.02,-108.02,0,0,
09/21/2026,10:38:31:751,0.000000,0.000000,3,-91.77,-91.77,0,0,
09/21/2026,10:38:31:824,0.000000,0.000000,4,-114.51,-114.51,0,0,
09/21/2026,10:38:31:926,0.000000,0.000000,1,-110.63,-110.63,0,0,
09/21/2026,10:38:32:054,0.000000,0.000000,2,-108.12,-108.12,0,0,
09/21/2026,10:38:32:123,0.000000,0.000000,3,-86.6,-86.6,0,0,
09/21/2026,10:38:32:168,0.000000,0.000000,4,-115.72,-115.72,0,0,
09/21/2026,10:38:32:258,0.000000,0.000000,1,-111.11,-111.11,0,0,
09/21/2026,10:38:32:357,0.000000,0.000000,2,-107.79,-107.79,0,0,
09/21/2026,10:38:32:445,0.000000,0.000000,3,-91.21,-91.21,0,0,
09/21/2026,10:38:32:514,0.000000,0.000000,4,-114.17,-114.17,0,0,
09/21/2026,10:38:32:601,0.000000,0.000000,1,-111.92,-111.92,0,0,
09/21/2026,10:38:32:716,0.000000,0.000000,2,-108.66,-108.66,0,0,
09/21/2026,10:38:33:150,0.000000,0.000000,3,-87.26,-87.26,0,0,
09/21/2026,10:38:33:174,0.000000,0.000000,4,-114.45,-114.45,0,0,
09/21/2026,10:38:33:221,0.000000,0.000000,1,-112.86,-112.86,0,0,
09/21/2026,10:38:33:253,0.000000,0.000000,2,-108.42,-108.42,0,0,
09/21/2026,10:38:33:287,0.000000,0.000000,3,-84.68,-84.68,0,0,
09/21/2026,10:38:33:309,0.000000,0.000000,4,-115.67,-115.67,0,0,
09/21/2026,10:38:33:331,0.000000,0.000000,1,-112.39,-112.39,0,0,
09/21/2026,10:38:33:400,0.000000,0.000000,2,-107.87,-107.87,0,0,
09/21/2026,10:38:33:484,0.000000,0.000000,3,-91.76,-91.76,0,0,
09/21/2026,10:38:33:556,0.000000,0.000000,4,-114.8,-114.8,0,0,
09/21/2026,10:38:33:640,0.000000,0.000000,1,-112.45,-112.45,0,0,
09/21/2026,10:38:33:746,0.000000,0.000000,2,-109.69,-109.69,0,0,
09/21/2026,10:38:33:831,0.000000,0.000000,3,-96.3,-96.3,0,0,
09/21/2026,10:38:33:902,0.000000,0.000000,4,-114.16,-114.16,0,0,
09/21/2026,10:38:34:017,0.000000,0.000000,1,-109.73,-109.73,0,0,
09/21/2026,10:38:34:106,0.000000,0.000000,2,-107.38,-107.38,0,0,
09/21/2026,10:38:34:190,0.000000,0.000000,3,-84.82,-84.82,0,0,
09/21/2026,10:38:34:252,0.000000,0.000000,4,-117.02,-117.02,0,0,
09/21/2026,10:38:34:349,0.000000,0.000000,1,-110.17,-110.17,0,0,
09/21/2026,10:38:34:437,0.000000,0.000000,2,-109.8,-109.8,0,0,
09/21/2026,10:38:34:528,0.000000,0.000000,3,-93.29,-93.29,0,0,
09/21/2026,10:38:34:596,0.000000,0.000000,4,-115.7,-115.7,0,0,
09/21/2026,10:38:34:682,0.000000,0.000000,1,-112.09,-112.09,0,0,
09/21/2026,10:38:34:786,0.000000,0.000000,2,-109.85,-109.85,0,0,
09/21/2026,10:38:34:876,0.000000,0.000000,3,-89.91,-89.91,0,0,
09/21/2026,10:38:34:955,0.000000,0.000000,4,-115.8,-115.8,0,0,
09/21/2026,10:38:35:027,0.000000,0.000000,1,-111.77,-111.77,0,0,
09/21/2026,10:38:35:134,0.000000,0.000000,2,-108.1,-108.1,0,0,
09/21/2026,10:38:35:218,0.000000,0.000000,3,-88.69,-88.69,0,0,
09/21/2026,10:38:35:297,0.000000,0.000000,4,-113.76,-113.76,0,0,
09/21/2026,10:38:35:376,0.000000,0.000000,1,-111.25,-111.25,0,0,
09/21/2026,10:38:35:481,0.000000,0.000000,2,-108.99,-108.99,0,0,
09/21/2026,10:38:35:564,0.000000,0.000000,3,-88.51,-88.51,0,0,
09/21/2026,10:38:35:635,0.000000,0.000000,4,-114.82,-114.82,0,0,
09/21/2026,10:38:35:721,0.000000,0.000000,1,-110.51,-110.51,0,0,
09/21/2026,10:38:35:854,0.000000,0.000000,2,-108.07,-108.07,0,0,
09/21/2026,10:38:35:964,0.000000,0.000000,3,-88.62,-88.62,0,0,
09/21/2026,10:38:35:981,0.000000,0.000000,4,-117.37,-117.37,0,0,
09/21/2026,10:38:36:096,0.000000,0.000000,1,-110.89,-110.89,0,0,
09/21/2026,10:38:36:179,0.000000,0.000000,2,-108.67,-108.67,0,0,
09/21/2026,10:38:36:259,0.000000,0.000000,3,-83.91,-83.91,0,0,
09/21/2026,10:38:36:329,0.000000,0.000000,4,-116.63,-116.63,0,0,
09/21/2026,10:38:36:416,0.000000,0.000000,1,-110.84,-110.84,0,0,
09/21/2026,10:38:36:525,0.000000,0.000000,2,-107.14,-107.14,0,0,
09/21/2026,10:38:36:607,0.000000,0.000000,3,-86.19,-86.19,0,0,
09/21/2026,10:38:36:675,0.000000,0.000000,4,-114.13,-114.13,0,0,
09/21/2026,10:38:36:762,0.000000,0.000000,1,-111.05,-111.05,0,0,
09/21/2026,10:38:36:875,0.000000,0.000000,2,-108.02,-108.02,0,0,
09/21/2026,10:38:36:972,0.000000,0.000000,3,-88.94,-88.94,0,0,
09/21/2026,10:38:37:021,0.000000,0.000000,4,-114.89,-114.89,0,0,
09/21/2026,10:38:37:109,0.000000,0.000000,1,-111.86,-111.86,0,0,
09/21/2026,10:38:37:211,0.000000,0.000000,2,-108.48,-108.48,0,0,
09/21/2026,10:38:37:300,0.000000,0.000000,3,-97.04,-97.04,0,0,
09/21/2026,10:38:37:368,0.000000,0.000000,4,-113.15,-113.15,0,0,
09/21/2026,10:38:37:456,0.000000,0.000000,1,-111.57,-111.57,0,0,
09/21/2026,10:38:37:585,0.000000,0.000000,2,-107.83,-107.83,0,0,
09/21/2026,10:38:37:654,0.000000,0.000000,3,-97.97,-97.97,0,0,
09/21/2026,10:38:37:721,0.000000,0.000000,4,-114.71,-114.71,0,0,
09/21/2026,10:38:37:840,0.000000,0.000000,1,-112.32,-112.32,0,0,
09/21/2026,10:38:37:906,0.000000,0.000000,2,-107.96,-107.96,0,0,
09/21/2026,10:38:37:992,0.000000,0.000000,3,-87.11,-87.11,0,0,
09/21/2026,10:38:38:063,0.000000,0.000000,4,-114.97,-114.97,0,0,
09/21/2026,10:38:38:153,0.000000,0.000000,1,-111.97,-111.97,0,0,
09/21/2026,10:38:38:612,0.000000,0.000000,2,-108.1,-108.1,0,0,
09/21/2026,10:38:38:634,0.000000,0.000000,3,-91.68,-91.68,0,0,
09/21/2026,10:38:38:650,0.000000,0.000000,4,-113.24,-113.24,0,0,
09/21/2026,10:38:38:687,0.000000,0.000000,1,-112.9,-112.9,0,0,
09/21/2026,10:38:38:711,0.000000,0.000000,2,-108.13,-108.13,0,0,
09/21/2026,10:38:38:729,0.000000,0.000000,3,-91.64,-91.64,0,0,
09/21/2026,10:38:38:758,0.000000,0.000000,4,-115.31,-115.31,0,0,
09/21/2026,10:38:38:841,0.000000,0.000000,1,-111.86,-111.86,0,0,
09/21/2026,10:38:38:946,0.000000,0.000000,2,-108.55,-108.55,0,0,
09/21/2026,10:38:39:034,0.000000,0.000000,3,-89.41,-89.41,0,0,
09/21/2026,10:38:39:103,0.000000,0.000000,4,-115.33,-115.33,0,0,
09/21/2026,10:38:39:190,0.000000,0.000000,1,-111.72,-111.72,0,0,
09/21/2026,10:38:39:293,0.000000,0.000000,2,-106.13,-106.13,0,0,
09/21/2026,10:38:39:380,0.000000,0.000000,3,-93.46,-93.46,0,0,
09/21/2026,10:38:39:486,0.000000,0.000000,4,-115.53,-115.53,0,0,
09/21/2026,10:38:39:537,0.000000,0.000000,1,-112.45,-112.45,0,0,
09/21/2026,10:38:39:680,0.000000,0.000000,2,-110.31,-110.31,0,0,
09/21/2026,10:38:39:764,0.000000,0.000000,3,-92.63,-92.63,0,0,
09/21/2026,10:38:39:802,0.000000,0.000000,4,-116.39,-116.39,0,0,
09/21/2026,10:38:39:883,0.000000,0.000000,1,-111.96,-111.96,0,0,
09/21/2026,10:38:39:988,0.000000,0.000000,2,-107.83,-107.83,0,0,
09/21/2026,10:38:40:077,0.000000,0.000000,3,-87.28,-87.28,0,0,
09/21/2026,10:38:40:159,0.000000,0.000000,4,-114.29,-114.29,0,0,
09/21/2026,10:38:40:229,0.000000,0.000000,1,-111.16,-111.16,0,0,
09/21/2026,10:38:40:346,0.000000,0.000000,2,-108.81,-108.81,0,0,
09/21/2026,10:38:40:418,0.000000,0.000000,3,-92.34,-92.34,0,0,
09/21/2026,10:38:40:490,0.000000,0.000000,4,-112.49,-112.49,0,0,
09/21/2026,10:38:40:576,0.000000,0.000000,1,-111.66,-111.66,0,0,
09/21/2026,10:38:40:683,0.000000,0.000000,2,-110.46,-110.46,0,0,
09/21/2026,10:38:40:768,0.000000,0.000000,3,-94.07,-94.07,0,0,
09/21/2026,10:38:40:837,0.000000,0.000000,4,-115.85,-115.85,0,0,
09/21/2026,10:38:40:923,0.000000,0.000000,1,-111.3,-111.3,0,0,
09/21/2026,10:38:41:027,0.000000,0.000000,2,-109.54,-109.54,0,0,
09/21/2026,10:38:41:115,0.000000,0.000000,3,-92.44,-92.44,0,0,
09/21/2026,10:38:41:184,0.000000,0.000000,4,-115.87,-115.87,0,0,
09/21/2026,10:38:41:274,0.000000,0.000000,1,-110.88,-110.88,0,0,
09/21/2026,10:38:41:372,0.000000,0.000000,2,-108.24,-108.24,0,0,
09/21/2026,10:38:41:475,0.000000,0.000000,3,-90.37,-90.37,0,0,
09/21/2026,10:38:41:585,0.000000,0.000000,4,-114.52,-114.52,0,0,
09/21/2026,10:38:41:670,0.000000,0.000000,1,-111.5,-111.5,0,0,
09/21/2026,10:38:41:728,0.000000,0.000000,2,-109.81,-109.81,0,0,
09/21/2026,10:38:41:808,0.000000,0.000000,3,-92.83,-92.83,0,0,
09/21/2026,10:38:41:876,0.000000,0.000000,4,-115.37,-115.37,0,0,
09/21/2026,10:38:41:965,0.000000,0.000000,1,-111.9,-111.9,0,0,
09/21/2026,10:38:42:066,0.000000,0.000000,2,-108.44,-108.44,0,0,
09/21/2026,10:38:42:173,0.000000,0.000000,3,-93.29,-93.29,0,0,
09/21/2026,10:38:42:223,0.000000,0.000000,4,-115.99,-115.99,0,0,
09/21/2026,10:38:42:313,0.000000,0.000000,1,-112.53,-112.53,0,0,
09/21/2026,10:38:42:414,0.000000,0.000000,2,-107.06,-107.06,0,0,
09/21/2026,10:38:42:506,0.000000,0.000000,3,-94.11,-94.11,0,0,
09/21/2026,10:38:42:573,0.000000,0.000000,4,-116.15,-116.15,0,0,
09/21/2026,10:38:42:656,0.000000,0.000000,1,-111.24,-111.24,0,0,
09/21/2026,10:38:42:763,0.000000,0.000000,2,-106.99,-106.99,0,0,
09/21/2026,10:38:42:849,0.000000,0.000000,3,-96.43,-96.43,0,0,
09/21/2026,10:38:42:918,0.000000,0.000000,4,-115.27,-115.27,0,0,
09/21/2026,10:38:43:004,0.000000,0.000000,1,-111.44,-111.44,0,0,
09/21/2026,10:38:43:110,0.000000,0.000000,2,-107.32,-107.32,0,0,
09/21/2026,10:38:43:195,0.000000,0.000000,3,-95.53,-95.53,0,0,
09/21/2026,10:38:43:266,0.000000,0.000000,4,-116.41,-116.41,0,0,
09/21/2026,10:38:43:354,0.000000,0.000000,1,-111.77,-111.77,0,0,
09/21/2026,10:38:43:492,0.000000,0.000000,2,-105.44,-105.44,0,0,
09/21/2026,10:38:43:549,0.000000,0.000000,3,-90.04,-90.04,0,0,
09/21/2026,10:38:43:620,0.000000,0.000000,4,-117.43,-117.43,0,0,
09/21/2026,10:38:43:724,0.000000,0.000000,1,-114.5,-114.5,0,0,
09/21/2026,10:38:43:803,0.000000,0.000000,2,-107.52,-107.52,0,0,
09/21/2026,10:38:43:889,0.000000,0.000000,3,-92.85,-92.85,0,0,
09/21/2026,10:38:43:957,0.000000,0.000000,4,-114.72,-114.72,0,0,
09/21/2026,10:38:44:046,0.000000,0.000000,1,-112.84,-112.84,0,0,
09/21/2026,10:38:44:149,0.000000,0.000000,2,-109.23,-109.23,0,0,
09/21/2026,10:38:44:235,0.000000,0.000000,3,-98.9,-98.9,0,0,
09/21/2026,10:38:44:308,0.000000,0.000000,4,-114.82,-114.82,0,0,
09/21/2026,10:38:44:394,0.000000,0.000000,1,-110.74,-110.74,0,0,
09/21/2026,10:38:44:494,0.000000,0.000000,2,-109.33,-109.33,0,0,
09/21/2026,10:38:44:584,0.000000,0.000000,3,-101.01,-101.01,0,0,
09/21/2026,10:38:44:653,0.000000,0.000000,4,-116.03,-116.03,0,0,
09/21/2026,10:38:44:738,0.000000,0.000000,1,-111.4,-111.4,0,0,
09/21/2026,10:38:44:843,0.000000,0.000000,2,-108.8,-108.8,0,0,
09/21/2026,10:38:44:929,0.000000,0.000000,3,-89.37,-89.37,0,0,
09/21/2026,10:38:44:997,0.000000,0.000000,4,-115.33,-115.33,0,0,
09/21/2026,10:38:45:084,0.000000,0.000000,1,-113.38,-113.38,0,0,
09/21/2026,10:38:45:188,0.000000,0.000000,2,-107.6,-107.6,0,0,
09/21/2026,10:38:45:294,0.000000,0.000000,3,-92.72,-92.72,0,0,
09/21/2026,10:38:45:369,0.000000,0.000000,4,-115.18,-115.18,0,0,
09/21/2026,10:38:45:489,0.000000,0.000000,1,-113.5,-113.5,0,0,
09/21/2026,10:38:45:552,0.000000,0.000000,2,-107.08,-107.08,0,0,
09/21/2026,10:38:45:621,0.000000,0.000000,3,-93.06,-93.06,0,0,
09/21/2026,10:38:45:691,0.000000,0.000000,4,-115.31,-115.31,0,0,
09/21/2026,10:38:45:786,0.000000,0.000000,1,-112.84,-112.84,0,0,
09/21/2026,10:38:45:883,0.000000,0.000000,2,-106.55,-106.55,0,0,
09/21/2026,10:38:45:969,0.000000,0.000000,3,-86.14,-86.14,0,0,
09/21/2026,10:38:46:042,0.000000,0.000000,4,-113.87,-113.87,0,0,
09/21/2026,10:38:46:127,0.000000,0.000000,1,-112.56,-112.56,0,0,
09/21/2026,10:38:46:227,0.000000,0.000000,2,-108.59,-108.59,0,0,
09/21/2026,10:38:46:316,0.000000,0.000000,3,-90.62,-90.62,0,0,
09/21/2026,10:38:46:384,0.000000,0.000000,4,-113.65,-113.65,0,0,
09/21/2026,10:38:46:473,0.000000,0.000000,1,-114.09,-114.09,0,0,
09/21/2026,10:38:46:575,0.000000,0.000000,2,-107.59,-107.59,0,0,
09/21/2026,10:38:46:663,0.000000,0.000000,3,-96.55,-96.55,0,0,
09/21/2026,10:38:46:733,0.000000,0.000000,4,-114.71,-114.71,0,0,
09/21/2026,10:38:46:824,0.000000,0.000000,1,-111.91,-111.91,0,0,
09/21/2026,10:38:46:961,0.000000,0.000000,2,-107.69,-107.69,0,0,
09/21/2026,10:38:47:010,0.000000,0.000000,3,-92.86,-92.86,0,0,
09/21/2026,10:38:47:086,0.000000,0.000000,4,-115.41,-115.41,0,0,
09/21/2026,10:38:47:175,0.000000,0.000000,1,-112.8,-112.8,0,0,
09/21/2026,10:38:47:301,0.000000,0.000000,2,-107.14,-107.14,0,0,
09/21/2026,10:38:47:357,0.000000,0.000000,3,-85.37,-85.37,0,0,
09/21/2026,10:38:47:425,0.000000,0.000000,4,-115.31,-115.31,0,0,
09/21/2026,10:38:47:514,0.000000,0.000000,1,-112.71,-112.71,0,0,
09/21/2026,10:38:47:627,0.000000,0.000000,2,-109.05,-109.05,0,0,
09/21/2026,10:38:47:703,0.000000,0.000000,3,-94.26,-94.26,0,0,
09/21/2026,10:38:47:773,0.000000,0.000000,4,-114.5,-114.5,0,0,
09/21/2026,10:38:47:858,0.000000,0.000000,1,-114.05,-114.05,0,0,
09/21/2026,10:38:47:965,0.000000,0.000000,2,-109.56,-109.56,0,0,
09/21/2026,10:38:48:048,0.000000,0.000000,3,-91.46,-91.46,0,0,
09/21/2026,10:38:48:119,0.000000,0.000000,4,-117.21,-117.21,0,0,
09/21/2026,10:38:48:206,0.000000,0.000000,1,-112.8,-112.8,0,0,
09/21/2026,10:38:48:309,0.000000,0.000000,2,-110.54,-110.54,0,0,
09/21/2026,10:38:48:435,0.000000,0.000000,3,-95.17,-95.17,0,0,
09/21/2026,10:38:48:476,0.000000,0.000000,4,-115.45,-115.45,0,0,
09/21/2026,10:38:48:563,0.000000,0.000000,1,-112.17,-112.17,0,0,
09/21/2026,10:38:48:681,0.000000,0.000000,2,-109.09,-109.09,0,0,
09/21/2026,10:38:49:128,0.000000,0.000000,3,-87.34,-87.34,0,0,
09/21/2026,10:38:49:142,0.000000,0.000000,4,-115.57,-115.57,0,0,
09/21/2026,10:38:49:168,0.000000,0.000000,1,-112.62,-112.62,0,0,
09/21/2026,10:38:49:215,0.000000,0.000000,2,-108.67,-108.67,0,0,
09/21/2026,10:38:49:231,0.000000,0.000000,3,-93.88,-93.88,0,0,
09/21/2026,10:38:49:249,0.000000,0.000000,4,-114.9,-114.9,0,0,
09/21/2026,10:38:49:289,0.000000,0.000000,1,-113.01,-113.01,0,0,
09/21/2026,10:38:49:352,0.000000,0.000000,2,-108.88,-108.88,0,0,
09/21/2026,10:38:49:437,0.000000,0.000000,3,-89.75,-89.75,0,0,
09/21/2026,10:38:49:506,0.000000,0.000000,4,-115.41,-115.41,0,0,
09/21/2026,10:38:49:593,0.000000,0.000000,1,-113.45,-113.45,0,0,
09/21/2026,10:38:49:697,0.000000,0.000000,2,-108.43,-108.43,0,0,
09/21/2026,10:38:49:784,0.000000,0.000000,3,-89.01,-89.01,0,0,
09/21/2026,10:38:49:853,0.000000,0.000000,4,-115.38,-115.38,0,0,
09/21/2026,10:38:49:941,0.000000,0.000000,1,-112.63,-112.63,0,0,
09/21/2026,10:38:50:046,0.000000,0.000000,2,-106.78,-106.78,0,0,
09/21/2026,10:38:50:135,0.000000,0.000000,3,-84.88,-84.88,0,0,
09/21/2026,10:38:50:202,0.000000,0.000000,4,-115.78,-115.78,0,0,
09/21/2026,10:38:50:292,0.000000,0.000000,1,-111.52,-111.52,0,0,
09/21/2026,10:38:50:413,0.000000,0.000000,2,-108.97,-108.97,0,0,
09/21/2026,10:38:50:543,0.000000,0.000000,3,-97.26,-97.26,0,0,
09/21/2026,10:38:50:589,0.000000,0.000000,4,-116.16,-116.16,0,0,
09/21/2026,10:38:50:649,0.000000,0.000000,1,-112.97,-112.97,0,0,
09/21/2026,10:38:50:748,0.000000,0.000000,2,-108.29,-108.29,0,0,
09/21/2026,10:38:50:826,0.000000,0.000000,3,-92.85,-92.85,0,0,
09/21/2026,10:38:50:896,0.000000,0.000000,4,-116.2,-116.2,0,0,
09/21/2026,10:38:50:986,0.000000,0.000000,1,-113.12,-113.12,0,0,
09/21/2026,10:38:51:086,0.000000,0.000000,2,-107.81,-107.81,0,0,
09/21/2026,10:38:51:173,0.000000,0.000000,3,-89.3,-89.3,0,0,
09/21/2026,10:38:51:244,0.000000,0.000000,4,-115.49,-115.49,0,0,
09/21/2026,10:38:51:329,0.000000,0.000000,1,-112.06,-112.06,0,0,
09/21/2026,10:38:51:432,0.000000,0.000000,2,-107.72,-107.72,0,0,
09/21/2026,10:38:51:518,0.000000,0.000000,3,-90,-90,0,0,
09/21/2026,10:38:51:593,0.000000,0.000000,4,-116.05,-116.05,0,0,
09/21/2026,10:38:51:673,0.000000,0.000000,1,-113.18,-113.18,0,0,
09/21/2026,10:38:51:779,0.000000,0.000000,2,-107.76,-107.76,0,0,
09/21/2026,10:38:51:864,0.000000,0.000000,3,-94.54,-94.54,0,0,
09/21/2026,10:38:51:936,0.000000,0.000000,4,-116.87,-116.87,0,0,
09/21/2026,10:38:52:022,0.000000,0.000000,1,-111.36,-111.36,0,0,
09/21/2026,10:38:52:136,0.000000,0.000000,2,-108.81,-108.81,0,0,
09/21/2026,10:38:52:213,0.000000,0.000000,3,-89.12,-89.12,0,0,
09/21/2026,10:38:52:282,0.000000,0.000000,4,-116.32,-116.32,0,0,
09/21/2026,10:38:52:367,0.000000,0.000000,1,-112.57,-112.57,0,0,
09/21/2026,10:38:52:485,0.000000,0.000000,2,-109.69,-109.69,0,0,
09/21/2026,10:38:52:573,0.000000,0.000000,3,-91.97,-91.97,0,0,
09/21/2026,10:38:52:627,0.000000,0.000000,4,-116.7,-116.7,0,0,
09/21/2026,10:38:52:715,0.000000,0.000000,1,-114.03,-114.03,0,0,
09/21/2026,10:38:52:824,0.000000,0.000000,2,-108.2,-108.2,0,0,
09/21/2026,10:38:52:914,0.000000,0.000000,3,-84.13,-84.13,0,0,
09/21/2026,10:38:52:975,0.000000,0.000000,4,-117.34,-117.34,0,0,
09/21/2026,10:38:53:063,0.000000,0.000000,1,-113.19,-113.19,0,0,
09/21/2026,10:38:53:168,0.000000,0.000000,2,-107.34,-107.34,0,0,
09/21/2026,10:38:53:251,0.000000,0.000000,3,-87.27,-87.27,0,0,
09/21/2026,10:38:53:323,0.000000,0.000000,4,-116.7,-116.7,0,0,
09/21/2026,10:38:53:407,0.000000,0.000000,1,-113.31,-113.31,0,0,
09/21/2026,10:38:53:513,0.000000,0.000000,2,-108.01,-108.01,0,0,
09/21/2026,10:38:53:599,0.000000,0.000000,3,-85.43,-85.43,0,0,
09/21/2026,10:38:53:697,0.000000,0.000000,4,-116.61,-116.61,0,0,
09/21/2026,10:38:53:756,0.000000,0.000000,1,-111.45,-111.45,0,0,
09/21/2026,10:38:53:861,0.000000,0.000000,2,-108.85,-108.85,0,0,
09/21/2026,10:38:53:948,0.000000,0.000000,3,-101.02,-101.02,0,0,
09/21/2026,10:38:54:017,0.000000,0.000000,4,-117.41,-117.41,0,0,
09/21/2026,10:38:54:103,0.000000,0.000000,1,-114.04,-114.04,0,0,
09/21/2026,10:38:54:564,0.000000,0.000000,2,-110.09,-110.09,0,0,
09/21/2026,10:38:54:581,0.000000,0.000000,3,-91.31,-91.31,0,0,
09/21/2026,10:38:54:601,0.000000,0.000000,4,-115.49,-115.49,0,0,
09/21/2026,10:38:54:623,0.000000,0.000000,1,-113.01,-113.01,0,0,
09/21/2026,10:38:54:650,0.000000,0.000000,2,-109.44,-109.44,0,0,
09/21/2026,10:38:54:675,0.000000,0.000000,3,-89.18,-89.18,0,0,
09/21/2026,10:38:54:714,0.000000,0.000000,4,-115.72,-115.72,0,0,
09/21/2026,10:38:54:801,0.000000,0.000000,1,-114.84,-114.84,0,0,
09/21/2026,10:38:54:901,0.000000,0.000000,2,-109.5,-109.5,0,0,
09/21/2026,10:38:54:988,0.000000,0.000000,3,-86.89,-86.89,0,0,
09/21/2026,10:38:55:055,0.000000,0.000000,4,-117.59,-117.59,0,0,
09/21/2026,10:38:55:148,0.000000,0.000000,1,-112.05,-112.05,0,0,
09/21/2026,10:38:55:248,0.000000,0.000000,2,-108.03,-108.03,0,0,
09/21/2026,10:38:55:335,0.000000,0.000000,3,-100.25,-100.25,0,0,
09/21/2026,10:38:55:404,0.000000,0.000000,4,-116.59,-116.59,0,0,
09/21/2026,10:38:55:498,0.000000,0.000000,1,-113.26,-113.26,0,0,
09/21/2026,10:38:55:593,0.000000,0.000000,2,-107.82,-107.82,0,0,
09/21/2026,10:38:55:681,0.000000,0.000000,3,-96.89,-96.89,0,0,
09/21/2026,10:38:55:751,0.000000,0.000000,4,-117.4,-117.4,0,0,
09/21/2026,10:38:55:835,0.000000,0.000000,1,-112.89,-112.89,0,0,
09/21/2026,10:38:55:939,0.000000,0.000000,2,-108.77,-108.77,0,0,
09/21/2026,10:38:56:062,0.000000,0.000000,3,-94.96,-94.96,0,0,
09/21/2026,10:38:56:148,0.000000,0.000000,4,-116.16,-116.16,0,0,
09/21/2026,10:38:56:196,0.000000,0.000000,1,-111.95,-111.95,0,0,
09/21/2026,10:38:56:287,0.000000,0.000000,2,-108.32,-108.32,0,0,
09/21/2026,10:38:56:378,0.000000,0.000000,3,-88.79,-88.79,0,0,
09/21/2026,10:38:56:449,0.000000,0.000000,4,-115.63,-115.63,0,0,
09/21/2026,10:38:56:531,0.000000,0.000000,1,-112.25,-112.25,0,0,
09/21/2026,10:38:56:636,0.000000,0.000000,2,-108.26,-108.26,0,0,
09/21/2026,10:38:56:724,0.000000,0.000000,3,-88.77,-88.77,0,0,
09/21/2026,10:38:56:791,0.000000,0.000000,4,-117.02,-117.02,0,0,
09/21/2026,10:38:56:881,0.000000,0.000000,1,-112.78,-112.78,0,0,
09/21/2026,10:38:56:983,0.000000,0.000000,2,-107.67,-107.67,0,0,
09/21/2026,10:38:57:071,0.000000,0.000000,3,-100.91,-100.91,0,0,
09/21/2026,10:38:57:147,0.000000,0.000000,4,-116.69,-116.69,0,0,
09/21/2026,10:38:57:224,0.000000,0.000000,1,-112.91,-112.91,0,0,
09/21/2026,10:38:57:328,0.000000,0.000000,2,-110.22,-110.22,0,0,
09/21/2026,10:38:57:414,0.000000,0.000000,3,-96.89,-96.89,0,0,
09/21/2026,10:38:57:483,0.000000,0.000000,4,-116.59,-116.59,0,0,
09/21/2026,10:38:57:572,0.000000,0.000000,1,-112.22,-112.22,0,0,
09/21/2026,10:38:57:675,0.000000,0.000000,2,-109,-109,0,0,
09/21/2026,10:38:57:764,0.000000,0.000000,3,-96.23,-96.23,0,0,
09/21/2026,10:38:57:831,0.000000,0.000000,4,-117.79,-117.79,0,0,
09/21/2026,10:38:57:968,0.000000,0.000000,1,-111.14,-111.14,0,0,
09/21/2026,10:38:58:032,0.000000,0.000000,2,-107.58,-107.58,0,0,
09/21/2026,10:38:58:112,0.000000,0.000000,3,-95.46,-95.46,0,0,
09/21/2026,10:38:58:177,0.000000,0.000000,4,-117.56,-117.56,0,0,
09/21/2026,10:38:58:265,0.000000,0.000000,1,-111.98,-111.98,0,0,
09/21/2026,10:38:58:369,0.000000,0.000000,2,-106.61,-106.61,0,0,
09/21/2026,10:38:58:454,0.000000,0.000000,3,-100.05,-100.05,0,0,
09/21/2026,10:38:58:524,0.000000,0.000000,4,-115.54,-115.54,0,0,
09/21/2026,10:38:58:609,0.000000,0.000000,1,-111.57,-111.57,0,0,
09/21/2026,10:38:58:724,0.000000,0.000000,2,-109.62,-109.62,0,0,
09/21/2026,10:38:58:815,0.000000,0.000000,3,-102.5,-102.5,0,0,
09/21/2026,10:38:58:872,0.000000,0.000000,4,-118.25,-118.25,0,0,
09/21/2026,10:38:58:964,0.000000,0.000000,1,-112.01,-112.01,0,0,
09/21/2026,10:38:59:063,0.000000,0.000000,2,-110.17,-110.17,0,0,
09/21/2026,10:38:59:149,0.000000,0.000000,3,-91.79,-91.79,0,0,
09/21/2026,10:38:59:219,0.000000,0.000000,4,-116.34,-116.34,0,0,
09/21/2026,10:38:59:316,0.000000,0.000000,1,-114.46,-114.46,0,0,
09/21/2026,10:38:59:408,0.000000,0.000000,2,-109.08,-109.08,0,0,
09/21/2026,10:38:59:496,0.000000,0.000000,3,-101.94,-101.94,0,0,
09/21/2026,10:38:59:570,0.000000,0.000000,4,-115.74,-115.74,0,0,
09/21/2026,10:39:00:031,0.000000,0.000000,1,-113.66,-113.66,0,0,
09/21/2026,10:39:00:059,0.000000,0.000000,2,-108.96,-108.96,0,0,
09/21/2026,10:39:00:116,0.000000,0.000000,3,-83.73,-83.73,0,0,
09/21/2026,10:39:00:145,0.000000,0.000000,4,-115.46,-115.46,0,0,
09/21/2026,10:39:00:191,0.000000,0.000000,1,-112.11,-112.11,0,0,
09/21/2026,10:39:00:234,0.000000,0.000000,2,-110.65,-110.65,0,0,
09/21/2026,10:39:00:264,0.000000,0.000000,3,-89.72,-89.72,0,0,
09/21/2026,10:39:00:279,0.000000,0.000000,4,-115.83,-115.83,0,0,
09/21/2026,10:39:00:348,0.000000,0.000000,1,-111.82,-111.82,0,0,
09/21/2026,10:39:00:447,0.000000,0.000000,2,-109.85,-109.85,0,0,
09/21/2026,10:39:00:548,0.000000,0.000000,3,-88.3,-88.3,0,0,
09/21/2026,10:39:00:604,0.000000,0.000000,4,-116.67,-116.67,0,0,
09/21/2026,10:39:00:698,0.000000,0.000000,1,-112.05,-112.05,0,0,
09/21/2026,10:39:00:801,0.000000,0.000000,2,-110.56,-110.56,0,0,
09/21/2026,10:39:00:883,0.000000,0.000000,3,-93.78,-93.78,0,0,
09/21/2026,10:39:00:956,0.000000,0.000000,4,-116.05,-116.05,0,0,
09/21/2026,10:39:01:047,0.000000,0.000000,1,-112.3,-112.3,0,0,
09/21/2026,10:39:01:144,0.000000,0.000000,2,-110.75,-110.75,0,0,
09/21/2026,10:39:01:231,0.000000,0.000000,3,-88.69,-88.69,0,0,
09/21/2026,10:39:01:299,0.000000,0.000000,4,-117.13,-117.13,0,0,
09/21/2026,10:39:01:399,0.000000,0.000000,1,-112.04,-112.04,0,0,
09/21/2026,10:39:01:491,0.000000,0.000000,2,-110.54,-110.54,0,0,
09/21/2026,10:39:01:579,0.000000,0.000000,3,-95.66,-95.66,0,0,
09/21/2026,10:39:01:647,0.000000,0.000000,4,-116.82,-116.82,0,0,
09/21/2026,10:39:01:747,0.000000,0.000000,1,-112.96,-112.96,0,0,
09/21/2026,10:39:01:936,0.000000,0.000000,2,-109.76,-109.76,0,0,
09/21/2026,10:39:01:989,0.000000,0.000000,3,-87.01,-87.01,0,0,
09/21/2026,10:39:02:003,0.000000,0.000000,4,-116.23,-116.23,0,0,
09/21/2026,10:39:02:095,0.000000,0.000000,1,-112.22,-112.22,0,0,
09/21/2026,10:39:02:183,0.000000,0.000000,2,-108.62,-108.62,0,0,
09/21/2026,10:39:02:273,0.000000,0.000000,3,-90.52,-90.52,0,0,
09/21/2026,10:39:02:343,0.000000,0.000000,4,-118.23,-118.23,0,0,
09/21/2026,10:39:02:427,0.000000,0.000000,1,-113.87,-113.87,0,0,
09/21/2026,10:39:02:530,0.000000,0.000000,2,-109.86,-109.86,0,0,
09/21/2026,10:39:02:624,0.000000,0.000000,3,-90.65,-90.65,0,0,
09/21/2026,10:39:02:693,0.000000,0.000000,4,-117.23,-117.23,0,0,
09/21/2026,10:39:02:774,0.000000,0.000000,1,-112.19,-112.19,0,0,
09/21/2026,10:39:02:877,0.000000,0.000000,2,-108.63,-108.63,0,0,
09/21/2026,10:39:02:963,0.000000,0.000000,3,-87.78,-87.78,0,0,
09/21/2026,10:39:03:033,0.000000,0.000000,4,-117.26,-117.26,0,0,
09/21/2026,10:39:03:121,0.000000,0.000000,1,-112.92,-112.92,0,0,
09/21/2026,10:39:03:233,0.000000,0.000000,2,-108.72,-108.72,0,0,
09/21/2026,10:39:03:310,0.000000,0.000000,3,-93.92,-93.92,0,0,
09/21/2026,10:39:03:386,0.000000,0.000000,4,-117.27,-117.27,0,0,
09/21/2026,10:39:03:528,0.000000,0.000000,1,-113.1,-113.1,0,0,
09/21/2026,10:39:03:583,0.000000,0.000000,2,-107.5,-107.5,0,0,
09/21/2026,10:39:03:675,0.000000,0.000000,3,-90.49,-90.49,0,0,
09/21/2026,10:39:03:728,0.000000,0.000000,4,-115.53,-115.53,0,0,
09/21/2026,10:39:03:812,0.000000,0.000000,1,-114.72,-114.72,0,0,
09/21/2026,10:39:03:932,0.000000,0.000000,2,-110.36,-110.36,0,0,
09/21/2026,10:39:04:003,0.000000,0.000000,3,-88.19,-88.19,0,0,
09/21/2026,10:39:04:075,0.000000,0.000000,4,-117.81,-117.81,0,0,
09/21/2026,10:39:04:167,0.000000,0.000000,1,-113.9,-113.9,0,0,
09/21/2026,10:39:04:265,0.000000,0.000000,2,-108.48,-108.48,0,0,
09/21/2026,10:39:04:356,0.000000,0.000000,3,-88.19,-88.19,0,0,
09/21/2026,10:39:04:434,0.000000,0.000000,4,-117.5,-117.5,0,0,
09/21/2026,10:39:04:510,0.000000,0.000000,1,-112.97,-112.97,0,0,
09/21/2026,10:39:04:610,0.000000,0.000000,2,-109.33,-109.33,0,0,
09/21/2026,10:39:04:697,0.000000,0.000000,3,-100,-100,0,0,
09/21/2026,10:39:04:769,0.000000,0.000000,4,-116.3,-116.3,0,0,
09/21/2026,10:39:04:860,0.000000,0.000000,1,-111.25,-111.25,0,0,
09/21/2026,10:39:04:959,0.000000,0.000000,2,-108.85,-108.85,0,0,
09/21/2026,10:39:05:045,0.000000,0.000000,3,-93.48,-93.48,0,0,
09/21/2026,10:39:05:501,0.000000,0.000000,4,-119.39,-119.39,0,0,
09/21/2026,10:39:05:551,0.000000,0.000000,1,-111.46,-111.46,0,0,
09/21/2026,10:39:05:584,0.000000,0.000000,2,-109.53,-109.53,0,0,
09/21/2026,10:39:05:606,0.000000,0.000000,3,-95.31,-95.31,0,0,
09/21/2026,10:39:05:632,0.000000,0.000000,4,-116.23,-116.23,0,0,
09/21/2026,10:39:05:655,0.000000,0.000000,1,-112.66,-112.66,0,0,
09/21/2026,10:39:05:721,0.000000,0.000000,2,-108.94,-108.94,0,0,
09/21/2026,10:39:05:747,0.000000,0.000000,3,-97.55,-97.55,0,0,
09/21/2026,10:39:05:812,0.000000,0.000000,4,-117.02,-117.02,0,0,
09/21/2026,10:39:05:898,0.000000,0.000000,1,-112.39,-112.39,0,0,
09/21/2026,10:39:05:999,0.000000,0.000000,2,-110.33,-110.33,0,0,
09/21/2026,10:39:06:085,0.000000,0.000000,3,-98.24,-98.24,0,0,
09/21/2026,10:39:06:163,0.000000,0.000000,4,-115.56,-115.56,0,0,
09/21/2026,10:39:06:249,0.000000,0.000000,1,-113.69,-113.69,0,0,
09/21/2026,10:39:06:346,0.000000,0.000000,2,-108.99,-108.99,0,0,
09/21/2026,10:39:06:435,0.000000,0.000000,3,-96.83,-96.83,0,0,
09/21/2026,10:39:06:517,0.000000,0.000000,4,-118.84,-118.84,0,0,
09/21/2026,10:39:06:586,0.000000,0.000000,1,-113.1,-113.1,0,0,
09/21/2026,10:39:06:690,0.000000,0.000000,2,-109.56,-109.56,0,0,
09/21/2026,10:39:06:787,0.000000,0.000000,3,-92.12,-92.12,0,0,
09/21/2026,10:39:06:849,0.000000,0.000000,4,-118.76,-118.76,0,0,
09/21/2026,10:39:06:945,0.000000,0.000000,1,-114.33,-114.33,0,0,
09/21/2026,10:39:07:037,0.000000,0.000000,2,-110.92,-110.92,0,0,
09/21/2026,10:39:07:178,0.000000,0.000000,3,-96.11,-96.11,0,0,
09/21/2026,10:39:07:223,0.000000,0.000000,4,-116.8,-116.8,0,0,
09/21/2026,10:39:07:317,0.000000,0.000000,1,-112.6,-112.6,0,0,
09/21/2026,10:39:07:386,0.000000,0.000000,2,-109.24,-109.24,0,0,
09/21/2026,10:39:07:477,0.000000,0.000000,3,-102.15,-102.15,0,0,
09/21/2026,10:39:07:545,0.000000,0.000000,4,-116.94,-116.94,0,0,
09/21/2026,10:39:07:627,0.000000,0.000000,1,-113.84,-113.84,0,0,
09/21/2026,10:39:07:734,0.000000,0.000000,2,-108.48,-108.48,0,0,
09/21/2026,10:39:07:817,0.000000,0.000000,3,-87.86,-87.86,0,0,
09/21/2026,10:39:07:895,0.000000,0.000000,4,-115.84,-115.84,0,0,
09/21/2026,10:39:07:976,0.000000,0.000000,1,-114.09,-114.09,0,0,
09/21/2026,10:39:08:080,0.000000,0.000000,2,-110.24,-110.24,0,0,
09/21/2026,10:39:08:175,0.000000,0.000000,3,-97.4,-97.4,0,0,
09/21/2026,10:39:08:243,0.000000,0.000000,4,-116.79,-116.79,0,0,
09/21/2026,10:39:08:324,0.000000,0.000000,1,-112.56,-112.56,0,0,
09/21/2026,10:39:08:438,0.000000,0.000000,2,-109.96,-109.96,0,0,
09/21/2026,10:39:08:512,0.000000,0.000000,3,-97.4,-97.4,0,0,
09/21/2026,10:39:08:582,0.000000,0.000000,4,-115.86,-115.86,0,0,
09/21/2026,10:39:08:669,0.000000,0.000000,1,-114.54,-114.54,0,0,
09/21/2026,10:39:08:776,0.000000,0.000000,2,-109,-109,0,0,
09/21/2026,10:39:08:858,0.000000,0.000000,3,-94.46,-94.46,0,0,
09/21/2026,10:39:08:995,0.000000,0.000000,4,-117.46,-117.46,0,0,
09/21/2026,10:39:09:052,0.000000,0.000000,1,-111.91,-111.91,0,0,
09/21/2026,10:39:09:157,0.000000,0.000000,2,-108.73,-108.73,0,0,
09/21/2026,10:39:09:219,0.000000,0.000000,3,-98.29,-98.29,0,0,
09/21/2026,10:39:09:298,0.000000,0.000000,4,-118.27,-118.27,0,0,
09/21/2026,10:39:09:365,0.000000,0.000000,1,-114.07,-114.07,0,0,
09/21/2026,10:39:09:481,0.000000,0.000000,2,-109.38,-109.38,0,0,
09/21/2026,10:39:09:560,0.000000,0.000000,3,-93.54,-93.54,0,0,
09/21/2026,10:39:09:624,0.000000,0.000000,4,-116.01,-116.01,0,0,
09/21/2026,10:39:09:710,0.000000,0.000000,1,-113.75,-113.75,0,0,
09/21/2026,10:39:09:821,0.000000,0.000000,2,-108.7,-108.7,0,0,
09/21/2026,10:39:09:901,0.000000,0.000000,3,-98.61,-98.61,0,0,
09/21/2026,10:39:09:969,0.000000,0.000000,4,-117.67,-117.67,0,0,
09/21/2026,10:39:10:065,0.000000,0.000000,1,-113.14,-113.14,0,0,
09/21/2026,10:39:10:159,0.000000,0.000000,2,-107.24,-107.24,0,0,
09/21/2026,10:39:10:246,0.000000,0.000000,3,-99.64,-99.64,0,0,
09/21/2026,10:39:10:357,0.000000,0.000000,4,-117.73,-117.73,0,0,
09/21/2026,10:39:10:408,0.000000,0.000000,1,-113.15,-113.15,0,0,
09/21/2026,10:39:10:524,0.000000,0.000000,2,-109.33,-109.33,0,0,
09/21/2026,10:39:10:594,0.000000,0.000000,3,-98.53,-98.53,0,0,
09/21/2026,10:39:10:662,0.000000,0.000000,4,-117.5,-117.5,0,0,
09/21/2026,10:39:10:802,0.000000,0.000000,1,-114.13,-114.13,0,0,
09/21/2026,10:39:10:915,0.000000,0.000000,2,-108.78,-108.78,0,0,
09/21/2026,10:39:11:038,0.000000,0.000000,3,-90.57,-90.57,0,0,
09/21/2026,10:39:11:082,0.000000,0.000000,4,-116.12,-116.12,0,0,
09/21/2026,10:39:11:126,0.000000,0.000000,1,-111.81,-111.81,0,0,
09/21/2026,10:39:11:206,0.000000,0.000000,2,-108.08,-108.08,0,0,
09/21/2026,10:39:11:295,0.000000,0.000000,3,-93.57,-93.57,0,0,
09/21/2026,10:39:11:358,0.000000,0.000000,4,-116.37,-116.37,0,0,
09/21/2026,10:39:11:446,0.000000,0.000000,1,-111.59,-111.59,0,0,
09/21/2026,10:39:11:550,0.000000,0.000000,2,-107.76,-107.76,0,0,
09/21/2026,10:39:11:645,0.000000,0.000000,3,-95.26,-95.26,0,0,
09/21/2026,10:39:11:711,0.000000,0.000000,4,-117.24,-117.24,0,0,
09/21/2026,10:39:11:792,0.000000,0.000000,1,-112.97,-112.97,0,0,
09/21/2026,10:39:11:896,0.000000,0.000000,2,-109.41,-109.41,0,0,
09/21/2026,10:39:11:984,0.000000,0.000000,3,-90.72,-90.72,0,0,
09/21/2026,10:39:12:058,0.000000,0.000000,4,-118.04,-118.04,0,0,
09/21/2026,10:39:12:136,0.000000,0.000000,1,-114.32,-114.32,0,0,
09/21/2026,10:39:12:241,0.000000,0.000000,2,-109.93,-109.93,0,0,
09/21/2026,10:39:12:344,0.000000,0.000000,3,-92.65,-92.65,0,0,
09/21/2026,10:39:12:400,0.000000,0.000000,4,-117.64,-117.64,0,0,
09/21/2026,10:39:12:485,0.000000,0.000000,1,-113.67,-113.67,0,0,
09/21/2026,10:39:12:589,0.000000,0.000000,2,-109.49,-109.49,0,0,
09/21/2026,10:39:12:692,0.000000,0.000000,3,-91.77,-91.77,0,0,
09/21/2026,10:39:12:781,0.000000,0.000000,4,-118.41,-118.41,0,0,
09/21/2026,10:39:12:871,0.000000,0.000000,1,-112.24,-112.24,0,0,
09/21/2026,10:39:12:944,0.000000,0.000000,2,-109.85,-109.85,0,0,
09/21/2026,10:39:13:054,0.000000,0.000000,3,-89.14,-89.14,0,0,
09/21/2026,10:39:13:177,0.000000,0.000000,4,-116.19,-116.19,0,0,
09/21/2026,10:39:13:203,0.000000,0.000000,1,-112.71,-112.71,0,0,
09/21/2026,10:39:13:316,0.000000,0.000000,2,-109.36,-109.36,0,0,
09/21/2026,10:39:13:377,0.000000,0.000000,3,-93.98,-93.98,0,0,
09/21/2026,10:39:13:436,0.000000,0.000000,4,-117.25,-117.25,0,0,
09/21/2026,10:39:13:525,0.000000,0.000000,1,-112.7,-112.7,0,0,
09/21/2026,10:39:13:634,0.000000,0.000000,2,-109.52,-109.52,0,0,
09/21/2026,10:39:13:714,0.000000,0.000000,3,-92.35,-92.35,0,0,
09/21/2026,10:39:13:816,0.000000,0.000000,4,-115.55,-115.55,0,0,
09/21/2026,10:39:13:872,0.000000,0.000000,1,-114.93,-114.93,0,0,
09/21/2026,10:39:13:977,0.000000,0.000000,2,-109.55,-109.55,0,0,
09/21/2026,10:39:14:063,0.000000,0.000000,3,-103.69,-103.69,0,0,
09/21/2026,10:39:14:131,0.000000,0.000000,4,-117.32,-117.32,0,0,
09/21/2026,10:39:14:219,0.000000,0.000000,1,-112.17,-112.17,0,0,
09/21/2026,10:39:14:323,0.000000,0.000000,2,-108.6,-108.6,0,0,
09/21/2026,10:39:14:407,0.000000,0.000000,3,-98.61,-98.61,0,0,
09/21/2026,10:39:14:487,0.000000,0.000000,4,-117.23,-117.23,0,0,
09/21/2026,10:39:14:686,0.000000,0.000000,1,-113.18,-113.18,0,0,
09/21/2026,10:39:14:739,0.000000,0.000000,2,-110.43,-110.43,0,0,
09/21/2026,10:39:14:771,0.000000,0.000000,3,-89.91,-89.91,0,0,
09/21/2026,10:39:14:825,0.000000,0.000000,4,-116.34,-116.34,0,0,
09/21/2026,10:39:14:912,0.000000,0.000000,1,-113.53,-113.53,0,0,
09/21/2026,10:39:15:021,0.000000,0.000000,2,-112.14,-112.14,0,0,
09/21/2026,10:39:15:104,0.000000,0.000000,3,-89.89,-89.89,0,0,
09/21/2026,10:39:15:172,0.000000,0.000000,4,-116.3,-116.3,0,0,
09/21/2026,10:39:15:262,0.000000,0.000000,1,-112.12,-112.12,0,0,
09/21/2026,10:39:15:363,0.000000,0.000000,2,-111.48,-111.48,0,0,
09/21/2026,10:39:15:448,0.000000,0.000000,3,-91.74,-91.74,0,0,
09/21/2026,10:39:15:520,0.000000,0.000000,4,-117.47,-117.47,0,0,
09/21/2026,10:39:15:980,0.000000,0.000000,1,-111.48,-111.48,0,0,
09/21/2026,10:39:16:013,0.000000,0.000000,2,-111.51,-111.51,0,0,
09/21/2026,10:39:16:031,0.000000,0.000000,3,-91.1,-91.1,0,0,
09/21/2026,10:39:16:050,0.000000,0.000000,4,-117.66,-117.66,0,0,
09/21/2026,10:39:16:100,0.000000,0.000000,1,-112.29,-112.29,0,0,
09/21/2026,10:39:16:136,0.000000,0.000000,2,-110.66,-110.66,0,0,
09/21/2026,10:39:16:155,0.000000,0.000000,3,-87.45,-87.45,0,0,
09/21/2026,10:39:16:212,0.000000,0.000000,4,-117.18,-117.18,0,0,
09/21/2026,10:39:16:299,0.000000,0.000000,1,-114.33,-114.33,0,0,
09/21/2026,10:39:16:402,0.000000,0.000000,2,-111.54,-111.54,0,0,
09/21/2026,10:39:16:503,0.000000,0.000000,3,-88.15,-88.15,0,0,
09/21/2026,10:39:16:579,0.000000,0.000000,4,-119.01,-119.01,0,0,
09/21/2026,10:39:16:667,0.000000,0.000000,1,-114.24,-114.24,0,0,
09/21/2026,10:39:16:786,0.000000,0.000000,2,-110.15,-110.15,0,0,
09/21/2026,10:39:16:837,0.000000,0.000000,3,-92.61,-92.61,0,0,
09/21/2026,10:39:16:905,0.000000,0.000000,4,-116.24,-116.24,0,0,
09/21/2026,10:39:16:996,0.000000,0.000000,1,-114.78,-114.78,0,0,
09/21/2026,10:39:17:095,0.000000,0.000000,2,-109.68,-109.68,0,0,
09/21/2026,10:39:17:184,0.000000,0.000000,3,-92.7,-92.7,0,0,
09/21/2026,10:39:17:252,0.000000,0.000000,4,-116.5,-116.5,0,0,
09/21/2026,10:39:17:338,0.000000,0.000000,1,-113.81,-113.81,0,0,
09/21/2026,10:39:17:443,0.000000,0.000000,2,-109.09,-109.09,0,0,
09/21/2026,10:39:17:535,0.000000,0.000000,3,-93.66,-93.66,0,0,
09/21/2026,10:39:17:610,0.000000,0.000000,4,-118.68,-118.68,0,0,
09/21/2026,10:39:17:686,0.000000,0.000000,1,-113.92,-113.92,0,0,
09/21/2026,10:39:17:788,0.000000,0.000000,2,-108.33,-108.33,0,0,
09/21/2026,10:39:17:876,0.000000,0.000000,3,-94.66,-94.66,0,0,
09/21/2026,10:39:17:950,0.000000,0.000000,4,-117.47,-117.47,0,0,
09/21/2026,10:39:18:042,0.000000,0.000000,1,-113.22,-113.22,0,0,
09/21/2026,10:39:18:136,0.000000,0.000000,2,-110,-110,0,0,
09/21/2026,10:39:18:263,0.000000,0.000000,3,-89.21,-89.21,0,0,
09/21/2026,10:39:18:311,0.000000,0.000000,4,-114.13,-114.13,0,0,
09/21/2026,10:39:18:400,0.000000,0.000000,1,-112.41,-112.41,0,0,
09/21/2026,10:39:18:531,0.000000,0.000000,2,-108.52,-108.52,0,0,
09/21/2026,10:39:18:572,0.000000,0.000000,3,-88.79,-88.79,0,0,
09/21/2026,10:39:18:652,0.000000,0.000000,4,-117.12,-117.12,0,0,
09/21/2026,10:39:18:725,0.000000,0.000000,1,-112.63,-112.63,0,0,
09/21/2026,10:39:18:835,0.000000,0.000000,2,-111.12,-111.12,0,0,
09/21/2026,10:39:18:917,0.000000,0.000000,3,-91.77,-91.77,0,0,
09/21/2026,10:39:18:987,0.000000,0.000000,4,-118.07,-118.07,0,0,
09/21/2026,10:39:19:074,0.000000,0.000000,1,-114.51,-114.51,0,0,
09/21/2026,10:39:19:176,0.000000,0.000000,2,-110.85,-110.85,0,0,
09/21/2026,10:39:19:299,0.000000,0.000000,3,-88.61,-88.61,0,0,
09/21/2026,10:39:19:334,0.000000,0.000000,4,-118.01,-118.01,0,0,
09/21/2026,10:39:19:421,0.000000,0.000000,1,-111.87,-111.87,0,0,
09/21/2026,10:39:19:529,0.000000,0.000000,2,-110.45,-110.45,0,0,
09/21/2026,10:39:19:618,0.000000,0.000000,3,-88.05,-88.05,0,0,
09/21/2026,10:39:19:680,0.000000,0.000000,4,-117.84,-117.84,0,0,
09/21/2026,10:39:19:768,0.000000,0.000000,1,-113.44,-113.44,0,0,
09/21/2026,10:39:19:876,0.000000,0.000000,2,-108.59,-108.59,0,0,
09/21/2026,10:39:19:961,0.000000,0.000000,3,-86.78,-86.78,0,0,
09/21/2026,10:39:20:028,0.000000,0.000000,4,-118.17,-118.17,0,0,
09/21/2026,10:39:20:113,0.000000,0.000000,1,-114.89,-114.89,0,0,
09/21/2026,10:39:20:272,0.000000,0.000000,2,-109.02,-109.02,0,0,
09/21/2026,10:39:20:361,0.000000,0.000000,3,-85.47,-85.47,0,0,
09/21/2026,10:39:20:418,0.000000,0.000000,4,-115.76,-115.76,0,0,
09/21/2026,10:39:20:513,0.000000,0.000000,1,-114.39,-114.39,0,0,
09/21/2026,10:39:20:572,0.000000,0.000000,2,-110.49,-110.49,0,0,
09/21/2026,10:39:20:652,0.000000,0.000000,3,-97.6,-97.6,0,0,
09/21/2026,10:39:20:726,0.000000,0.000000,4,-117.99,-117.99,0,0,
09/21/2026,10:39:20:806,0.000000,0.000000,1,-114.1,-114.1,0,0,
09/21/2026,10:39:20:928,0.000000,0.000000,2,-110.28,-110.28,0,0,
09/21/2026,10:39:21:001,0.000000,0.000000,3,-96.53,-96.53,0,0,
09/21/2026,10:39:21:073,0.000000,0.000000,4,-115.22,-115.22,0,0,
09/21/2026,10:39:21:154,0.000000,0.000000,1,-111.81,-111.81,0,0,
09/21/2026,10:39:21:262,0.000000,0.000000,2,-109.62,-109.62,0,0,
09/21/2026,10:39:21:347,0.000000,0.000000,3,-88.13,-88.13,0,0,
09/21/2026,10:39:21:416,0.000000,0.000000,4,-115.01,-115.01,0,0,
09/21/2026,10:39:21:515,0.000000,0.000000,1,-114.32,-114.32,0,0,
09/21/2026,10:39:21:610,0.000000,0.000000,2,-108.85,-108.85,0,0,
09/21/2026,10:39:21:692,0.000000,0.000000,3,-98.11,-98.11,0,0,
09/21/2026,10:39:21:767,0.000000,0.000000,4,-116.43,-116.43,0,0,
09/21/2026,10:39:21:855,0.000000,0.000000,1,-113.81,-113.81,0,0,
09/21/2026,10:39:21:953,0.000000,0.000000,2,-108.96,-108.96,0,0,
09/21/2026,10:39:22:042,0.000000,0.000000,3,-100.76,-100.76,0,0,
09/21/2026,10:39:22:133,0.000000,0.000000,4,-115.71,-115.71,0,0,
09/21/2026,10:39:22:250,0.000000,0.000000,1,-114.15,-114.15,0,0,
09/21/2026,10:39:22:302,0.000000,0.000000,2,-109.08,-109.08,0,0,
09/21/2026,10:39:22:391,0.000000,0.000000,3,-98.14,-98.14,0,0,
09/21/2026,10:39:22:455,0.000000,0.000000,4,-113.83,-113.83,0,0,
09/21/2026,10:39:22:547,0.000000,0.000000,1,-112.99,-112.99,0,0,
09/21/2026,10:39:22:647,0.000000,0.000000,2,-108.7,-108.7,0,0,
09/21/2026,10:39:22:732,0.000000,0.000000,3,-107.08,-107.08,0,0,
09/21/2026,10:39:22:802,0.000000,0.000000,4,-117.03,-117.03,0,0,
09/21/2026,10:39:22:890,0.000000,0.000000,1,-111.17,-111.17,0,0,
09/21/2026,10:39:22:991,0.000000,0.000000,2,-108.58,-108.58,0,0,
09/21/2026,10:39:23:078,0.000000,0.000000,3,-93.24,-93.24,0,0,
09/21/2026,10:39:23:147,0.000000,0.000000,4,-115.08,-115.08,0,0,
09/21/2026,10:39:23:242,0.000000,0.000000,1,-113.71,-113.71,0,0,
09/21/2026,10:39:23:340,0.000000,0.000000,2,-109.34,-109.34,0,0,
09/21/2026,10:39:23:425,0.000000,0.000000,3,-104.01,-104.01,0,0,
09/21/2026,10:39:23:498,0.000000,0.000000,4,-118.21,-118.21,0,0,
09/21/2026,10:39:23:586,0.000000,0.000000,1,-115.2,-115.2,0,0,
09/21/2026,10:39:23:686,0.000000,0.000000,2,-108.94,-108.94,0,0,
09/21/2026,10:39:23:779,0.000000,0.000000,3,-100.7,-100.7,0,0,
09/21/2026,10:39:23:847,0.000000,0.000000,4,-116.62,-116.62,0,0,
09/21/2026,10:39:23:927,0.000000,0.000000,1,-115.61,-115.61,0,0,
09/21/2026,10:39:24:077,0.000000,0.000000,2,-109.06,-109.06,0,0,
09/21/2026,10:39:24:146,0.000000,0.000000,3,-106.49,-106.49,0,0,
09/21/2026,10:39:24:206,0.000000,0.000000,4,-117.31,-117.31,0,0,
09/21/2026,10:39:24:309,0.000000,0.000000,1,-114.26,-114.26,0,0,
09/21/2026,10:39:24:381,0.000000,0.000000,2,-108.44,-108.44,0,0,
09/21/2026,10:39:24:467,0.000000,0.000000,3,-95.77,-95.77,0,0,
09/21/2026,10:39:24:546,0.000000,0.000000,4,-116.8,-116.8,0,0,
09/21/2026,10:39:24:622,0.000000,0.000000,1,-111.62,-111.62,0,0,
09/21/2026,10:39:24:725,0.000000,0.000000,2,-109.8,-109.8,0,0,
09/21/2026,10:39:24:812,0.000000,0.000000,3,-104.19,-104.19,0,0,
09/21/2026,10:39:24:886,0.000000,0.000000,4,-116.7,-116.7,0,0,
09/21/2026,10:39:24:971,0.000000,0.000000,1,-113.24,-113.24,0,0,
09/21/2026,10:39:25:074,0.000000,0.000000,2,-110.41,-110.41,0,0,
09/21/2026,10:39:25:177,0.000000,0.000000,3,-98.25,-98.25,0,0,
09/21/2026,10:39:25:249,0.000000,0.000000,4,-117.32,-117.32,0,0,
09/21/2026,10:39:25:344,0.000000,0.000000,1,-113.26,-113.26,0,0,
09/21/2026,10:39:25:440,0.000000,0.000000,2,-110,-110,0,0,
09/21/2026,10:39:25:546,0.000000,0.000000,3,-100.91,-100.91,0,0,
09/21/2026,10:39:25:637,0.000000,0.000000,4,-117.24,-117.24,0,0,
09/21/2026,10:39:25:763,0.000000,0.000000,1,-114.9,-114.9,0,0,
09/21/2026,10:39:25:846,0.000000,0.000000,2,-109.59,-109.59,0,0,
09/21/2026,10:39:25:934,0.000000,0.000000,3,-89.95,-89.95,0,0,
09/21/2026,10:39:25:986,0.000000,0.000000,4,-117.71,-117.71,0,0,
09/21/2026,10:39:26:070,0.000000,0.000000,1,-111.57,-111.57,0,0,
09/21/2026,10:39:26:175,0.000000,0.000000,2,-110.12,-110.12,0,0,
09/21/2026,10:39:26:270,0.000000,0.000000,3,-98.11,-98.11,0,0,
09/21/2026,10:39:26:334,0.000000,0.000000,4,-117.56,-117.56,0,0,
09/21/2026,10:39:26:430,0.000000,0.000000,1,-113.44,-113.44,0,0,
09/21/2026,10:39:26:531,0.000000,0.000000,2,-110.97,-110.97,0,0,
09/21/2026,10:39:26:637,0.000000,0.000000,3,-93.62,-93.62,0,0,
09/21/2026,10:39:26:708,0.000000,0.000000,4,-116.6,-116.6,0,0,
09/21/2026,10:39:26:800,0.000000,0.000000,1,-115.28,-115.28,0,0,
09/21/2026,10:39:26:905,0.000000,0.000000,2,-110.15,-110.15,0,0,
09/21/2026,10:39:26:995,0.000000,0.000000,3,-84.88,-84.88,0,0,
09/21/2026,10:39:27:074,0.000000,0.000000,4,-116.43,-116.43,0,0,
09/21/2026,10:39:27:163,0.000000,0.000000,1,-113.81,-113.81,0,0,
09/21/2026,10:39:27:268,0.000000,0.000000,2,-108.93,-108.93,0,0,
09/21/2026,10:39:27:354,0.000000,0.000000,3,-92.64,-92.64,0,0,
09/21/2026,10:39:27:421,0.000000,0.000000,4,-117.14,-117.14,0,0,
09/21/2026,10:39:27:508,0.000000,0.000000,1,-114.1,-114.1,0,0,
09/21/2026,10:39:27:611,0.000000,0.000000,2,-109.46,-109.46,0,0,
09/21/2026,10:39:27:719,0.000000,0.000000,3,-91.73,-91.73,0,0,
09/21/2026,10:39:27:806,0.000000,0.000000,4,-115.46,-115.46,0,0,
09/21/2026,10:39:27:897,0.000000,0.000000,1,-111.31,-111.31,0,0,
09/21/2026,10:39:27:965,0.000000,0.000000,2,-111.54,-111.54,0,0,
09/21/2026,10:39:28:053,0.000000,0.000000,3,-87.71,-87.71,0,0,
09/21/2026,10:39:28:121,0.000000,0.000000,4,-116.65,-116.65,0,0,
09/21/2026,10:39:28:205,0.000000,0.000000,1,-113.81,-113.81,0,0,
09/21/2026,10:39:28:306,0.000000,0.000000,2,-111.69,-111.69,0,0,
09/21/2026,10:39:28:395,0.000000,0.000000,3,-90.85,-90.85,0,0,
09/21/2026,10:39:28:464,0.000000,0.000000,4,-117.15,-117.15,0,0,
09/21/2026,10:39:28:549,0.000000,0.000000,1,-114.36,-114.36,0,0,
09/21/2026,10:39:28:654,0.000000,0.000000,2,-110.25,-110.25,0,0,
09/21/2026,10:39:28:757,0.000000,0.000000,3,-89.04,-89.04,0,0,
09/21/2026,10:39:28:813,0.000000,0.000000,4,-117.5,-117.5,0,0,
09/21/2026,10:39:28:898,0.000000,0.000000,1,-113.78,-113.78,0,0,
09/21/2026,10:39:29:004,0.000000,0.000000,2,-110.06,-110.06,0,0,
09/21/2026,10:39:29:101,0.000000,0.000000,3,-89.26,-89.26,0,0,
09/21/2026,10:39:29:156,0.000000,0.000000,4,-119.3,-119.3,0,0,
09/21/2026,10:39:29:245,0.000000,0.000000,1,-111.96,-111.96,0,0,
09/21/2026,10:39:29:348,0.000000,0.000000,2,-108.69,-108.69,0,0,
09/21/2026,10:39:29:435,0.000000,0.000000,3,-87.91,-87.91,0,0,
09/21/2026,10:39:29:618,0.000000,0.000000,4,-118.2,-118.2,0,0,
09/21/2026,10:39:29:634,0.000000,0.000000,1,-113.4,-113.4,0,0,
09/21/2026,10:39:29:734,0.000000,0.000000,2,-109.37,-109.37,0,0,
09/21/2026,10:39:29:806,0.000000,0.000000,3,-84.77,-84.77,0,0,
09/21/2026,10:39:29:861,0.000000,0.000000,4,-116.13,-116.13,0,0,
09/21/2026,10:39:29:943,0.000000,0.000000,1,-112.54,-112.54,0,0,
09/21/2026,10:39:30:040,0.000000,0.000000,2,-110.19,-110.19,0,0,
09/21/2026,10:39:30:128,0.000000,0.000000,3,-95.08,-95.08,0,0,
09/21/2026,10:39:30:202,0.000000,0.000000,4,-114.98,-114.98,0,0,
09/21/2026,10:39:30:283,0.000000,0.000000,1,-111.82,-111.82,0,0,
09/21/2026,10:39:30:388,0.000000,0.000000,2,-109.61,-109.61,0,0,
09/21/2026,10:39:30:476,0.000000,0.000000,3,-92.92,-92.92,0,0,
09/21/2026,10:39:30:544,0.000000,0.000000,4,-116.16,-116.16,0,0,
09/21/2026,10:39:30:630,0.000000,0.000000,1,-114.77,-114.77,0,0,
09/21/2026,10:39:30:744,0.000000,0.000000,2,-111.44,-111.44,0,0,
09/21/2026,10:39:30:820,0.000000,0.000000,3,-91.92,-91.92,0,0,
09/21/2026,10:39:30:891,0.000000,0.000000,4,-117.44,-117.44,0,0,
09/21/2026,10:39:30:979,0.000000,0.000000,1,-112.91,-112.91,0,0,
09/21/2026,10:39:31:094,0.000000,0.000000,2,-109.43,-109.43,0,0,
09/21/2026,10:39:31:181,0.000000,0.000000,3,-88.73,-88.73,0,0,
09/21/2026,10:39:31:247,0.000000,0.000000,4,-116.77,-116.77,0,0,
09/21/2026,10:39:31:335,0.000000,0.000000,1,-113.38,-113.38,0,0,
09/21/2026,10:39:31:445,0.000000,0.000000,2,-110.01,-110.01,0,0,
09/21/2026,10:39:31:535,0.000000,0.000000,3,-84.24,-84.24,0,0,
09/21/2026,10:39:31:594,0.000000,0.000000,4,-116.93,-116.93,0,0,
09/21/2026,10:39:31:680,0.000000,0.000000,1,-113.72,-113.72,0,0,
09/21/2026,10:39:31:784,0.000000,0.000000,2,-112.13,-112.13,0,0,
09/21/2026,10:39:31:879,0.000000,0.000000,3,-84.63,-84.63,0,0,
09/21/2026,10:39:31:941,0.000000,0.000000,4,-116.71,-116.71,0,0,
09/21/2026,10:39:32:029,0.000000,0.000000,1,-112.31,-112.31,0,0,
09/21/2026,10:39:32:136,0.000000,0.000000,2,-110.25,-110.25,0,0,
09/21/2026,10:39:32:216,0.000000,0.000000,3,-92.49,-92.49,0,0,
09/21/2026,10:39:32:286,0.000000,0.000000,4,-117.99,-117.99,0,0,
09/21/2026,10:39:32:375,0.000000,0.000000,1,-113.32,-113.32,0,0,
09/21/2026,10:39:32:478,0.000000,0.000000,2,-108.85,-108.85,0,0,
09/21/2026,10:39:32:566,0.000000,0.000000,3,-87.14,-87.14,0,0,
09/21/2026,10:39:32:633,0.000000,0.000000,4,-117.22,-117.22,0,0,
09/21/2026,10:39:32:722,0.000000,0.000000,1,-113.87,-113.87,0,0,
09/21/2026,10:39:32:832,0.000000,0.000000,2,-109.96,-109.96,0,0,
09/21/2026,10:39:32:914,0.000000,0.000000,3,-87.25,-87.25,0,0,
09/21/2026,10:39:32:981,0.000000,0.000000,4,-117.41,-117.41,0,0,
09/21/2026,10:39:33:080,0.000000,0.000000,1,-113.85,-113.85,0,0,
09/21/2026,10:39:33:182,0.000000,0.000000,2,-109.55,-109.55,0,0,
09/21/2026,10:39:33:314,0.000000,0.000000,3,-79.09,-79.09,0,0,
09/21/2026,10:39:33:390,0.000000,0.000000,4,-115.98,-115.98,0,0,
09/21/2026,10:39:33:467,0.000000,0.000000,1,-111.65,-111.65,0,0,
09/21/2026,10:39:33:574,0.000000,0.000000,2,-110.48,-110.48,0,0,
09/21/2026,10:39:33:638,0.000000,0.000000,3,-87.9,-87.9,0,0,
09/21/2026,10:39:33:705,0.000000,0.000000,4,-116.28,-116.28,0,0,
09/21/2026,10:39:33:801,0.000000,0.000000,1,-108.82,-108.82,0,0,
09/21/2026,10:39:33:907,0.000000,0.000000,2,-109.22,-109.22,0,0,
09/21/2026,10:39:33:992,0.000000,0.000000,3,-73.3,-73.3,0,0,
09/21/2026,10:39:34:073,0.000000,0.000000,4,-117.55,-117.55,0,0,
09/21/2026,10:39:34:161,0.000000,0.000000,1,-111.71,-111.71,0,0,
09/21/2026,10:39:34:262,0.000000,0.000000,2,-109.2,-109.2,0,0,
09/21/2026,10:39:34:371,0.000000,0.000000,3,-85.3,-85.3,0,0,
09/21/2026,10:39:34:439,0.000000,0.000000,4,-116.75,-116.75,0,0,
09/21/2026,10:39:34:528,0.000000,0.000000,1,-112.98,-112.98,0,0,
09/21/2026,10:39:34:653,0.000000,0.000000,2,-110.05,-110.05,0,0,
09/21/2026,10:39:34:727,0.000000,0.000000,3,-86.99,-86.99,0,0,
09/21/2026,10:39:34:796,0.000000,0.000000,4,-115.66,-115.66,0,0,
09/21/2026,10:39:34:945,0.000000,0.000000,1,-109.57,-109.57,0,0,
09/21/2026,10:39:35:011,0.000000,0.000000,2,-107.62,-107.62,0,0,
09/21/2026,10:39:35:095,0.000000,0.000000,3,-79.87,-79.87,0,0,
09/21/2026,10:39:35:192,0.000000,0.000000,4,-118.08,-118.08,0,0,
09/21/2026,10:39:35:254,0.000000,0.000000,1,-111.5,-111.5,0,0,
09/21/2026,10:39:35:354,0.000000,0.000000,2,-107.75,-107.75,0,0,
09/21/2026,10:39:35:458,0.000000,0.000000,3,-82.05,-82.05,0,0,
09/21/2026,10:39:35:522,0.000000,0.000000,4,-115.58,-115.58,0,0,
09/21/2026,10:39:35:606,0.000000,0.000000,1,-111.21,-111.21,0,0,
09/21/2026,10:39:35:713,0.000000,0.000000,2,-108.62,-108.62,0,0,
09/21/2026,10:39:35:798,0.000000,0.000000,3,-77.47,-77.47,0,0,
09/21/2026,10:39:35:870,0.000000,0.000000,4,-117.01,-117.01,0,0,
09/21/2026,10:39:35:960,0.000000,0.000000,1,-114.59,-114.59,0,0,
09/21/2026,10:39:36:062,0.000000,0.000000,2,-108.36,-108.36,0,0,
09/21/2026,10:39:36:559,0.000000,0.000000,3,-78.63,-78.63,0,0,
09/21/2026,10:39:36:579,0.000000,0.000000,4,-116.35,-116.35,0,0,
09/21/2026,10:39:36:602,0.000000,0.000000,1,-112.04,-112.04,0,0,
09/21/2026,10:39:36:628,0.000000,0.000000,2,-109.38,-109.38,0,0,
09/21/2026,10:39:36:679,0.000000,0.000000,3,-76.95,-76.95,0,0,
09/21/2026,10:39:36:709,0.000000,0.000000,4,-116.63,-116.63,0,0,
09/21/2026,10:39:36:735,0.000000,0.000000,1,-110.93,-110.93,0,0,
09/21/2026,10:39:36:763,0.000000,0.000000,2,-110.92,-110.92,0,0,
09/21/2026,10:39:36:842,0.000000,0.000000,3,-80.21,-80.21,0,0,
09/21/2026,10:39:36:918,0.000000,0.000000,4,-113.36,-113.36,0,0,
09/21/2026,10:39:37:007,0.000000,0.000000,1,-111.64,-111.64,0,0,
09/21/2026,10:39:37:112,0.000000,0.000000,2,-109.23,-109.23,0,0,
09/21/2026,10:39:37:244,0.000000,0.000000,3,-82.61,-82.61,0,0,
09/21/2026,10:39:37:276,0.000000,0.000000,4,-112.32,-112.32,0,0,
09/21/2026,10:39:37:341,0.000000,0.000000,1,-111.35,-111.35,0,0,
09/21/2026,10:39:37:445,0.000000,0.000000,2,-112.62,-112.62,0,0,
09/21/2026,10:39:37:534,0.000000,0.000000,3,-83.37,-83.37,0,0,
09/21/2026,10:39:37:602,0.000000,0.000000,4,-117.56,-117.56,0,0,
09/21/2026,10:39:37:690,0.000000,0.000000,1,-111.08,-111.08,0,0,
09/21/2026,10:39:37:800,0.000000,0.000000,2,-110.39,-110.39,0,0,
09/21/2026,10:39:37:880,0.000000,0.000000,3,-91.04,-91.04,0,0,
09/21/2026,10:39:37:949,0.000000,0.000000,4,-116.41,-116.41,0,0,
09/21/2026,10:39:38:042,0.000000,0.000000,1,-114.67,-114.67,0,0,
09/21/2026,10:39:38:142,0.000000,0.000000,2,-110.88,-110.88,0,0,
09/21/2026,10:39:38:226,0.000000,0.000000,3,-91.62,-91.62,0,0,
09/21/2026,10:39:38:295,0.000000,0.000000,4,-117.57,-117.57,0,0,
09/21/2026,10:39:38:399,0.000000,0.000000,1,-111.59,-111.59,0,0,
09/21/2026,10:39:38:493,0.000000,0.000000,2,-111.14,-111.14,0,0,
09/21/2026,10:39:38:575,0.000000,0.000000,3,-74.94,-74.94,0,0,
09/21/2026,10:39:38:643,0.000000,0.000000,4,-115.23,-115.23,0,0,
09/21/2026,10:39:38:733,0.000000,0.000000,1,-112.42,-112.42,0,0,
09/21/2026,10:39:38:832,0.000000,0.000000,2,-110.62,-110.62,0,0,
09/21/2026,10:39:38:961,0.000000,0.000000,3,-82.03,-82.03,0,0,
09/21/2026,10:39:39:020,0.000000,0.000000,4,-116.04,-116.04,0,0,
09/21/2026,10:39:39:096,0.000000,0.000000,1,-114.05,-114.05,0,0,
09/21/2026,10:39:39:185,0.000000,0.000000,2,-108.94,-108.94,0,0,
09/21/2026,10:39:39:268,0.000000,0.000000,3,-75.34,-75.34,0,0,
09/21/2026,10:39:39:335,0.000000,0.000000,4,-113.94,-113.94,0,0,
09/21/2026,10:39:39:422,0.000000,0.000000,1,-111.8,-111.8,0,0,
09/21/2026,10:39:39:525,0.000000,0.000000,2,-108.78,-108.78,0,0,
09/21/2026,10:39:39:612,0.000000,0.000000,3,-73.65,-73.65,0,0,
09/21/2026,10:39:39:683,0.000000,0.000000,4,-115.91,-115.91,0,0,
09/21/2026,10:39:39:769,0.000000,0.000000,1,-111.74,-111.74,0,0,
09/21/2026,10:39:39:877,0.000000,0.000000,2,-110.28,-110.28,0,0,
09/21/2026,10:39:39:960,0.000000,0.000000,3,-76.25,-76.25,0,0,
09/21/2026,10:39:40:029,0.000000,0.000000,4,-114.69,-114.69,0,0,
09/21/2026,10:39:40:118,0.000000,0.000000,1,-110.91,-110.91,0,0,
09/21/2026,10:39:40:220,0.000000,0.000000,2,-107.66,-107.66,0,0,
09/21/2026,10:39:40:307,0.000000,0.000000,3,-79.54,-79.54,0,0,
09/21/2026,10:39:40:380,0.000000,0.000000,4,-115.62,-115.62,0,0,
09/21/2026,10:39:40:463,0.000000,0.000000,1,-110.54,-110.54,0,0,
09/21/2026,10:39:40:601,0.000000,0.000000,2,-110.83,-110.83,0,0,
09/21/2026,10:39:40:675,0.000000,0.000000,3,-77.94,-77.94,0,0,
09/21/2026,10:39:40:739,0.000000,0.000000,4,-114.57,-114.57,0,0,
09/21/2026,10:39:40:809,0.000000,0.000000,1,-112.67,-112.67,0,0,
09/21/2026,10:39:40:915,0.000000,0.000000,2,-110.22,-110.22,0,0,
09/21/2026,10:39:40:999,0.000000,0.000000,3,-87.15,-87.15,0,0,
09/21/2026,10:39:41:069,0.000000,0.000000,4,-113.68,-113.68,0,0,
09/21/2026,10:39:41:157,0.000000,0.000000,1,-110.97,-110.97,0,0,
09/21/2026,10:39:41:262,0.000000,0.000000,2,-109.02,-109.02,0,0,
09/21/2026,10:39:41:346,0.000000,0.000000,3,-74.08,-74.08,0,0,
09/21/2026,10:39:41:418,0.000000,0.000000,4,-110.29,-110.29,0,0,
09/21/2026,10:39:41:503,0.000000,0.000000,1,-113.08,-113.08,0,0,
09/21/2026,10:39:41:607,0.000000,0.000000,2,-108.84,-108.84,0,0,
09/21/2026,10:39:41:693,0.000000,0.000000,3,-74.52,-74.52,0,0,
09/21/2026,10:39:41:763,0.000000,0.000000,4,-116.27,-116.27,0,0,
09/21/2026,10:39:41:851,0.000000,0.000000,1,-111.84,-111.84,0,0,
09/21/2026,10:39:41:956,0.000000,0.000000,2,-109.98,-109.98,0,0,
09/21/2026,10:39:42:043,0.000000,0.000000,3,-73.48,-73.48,0,0,
09/21/2026,10:39:42:110,0.000000,0.000000,4,-115.58,-115.58,0,0,
09/21/2026,10:39:42:198,0.000000,0.000000,1,-111.45,-111.45,0,0,
09/21/2026,10:39:42:303,0.000000,0.000000,2,-107.21,-107.21,0,0,
09/21/2026,10:39:42:387,0.000000,0.000000,3,-69.67,-69.67,0,0,
09/21/2026,10:39:42:457,0.000000,0.000000,4,-113.77,-113.77,0,0,
09/21/2026,10:39:42:542,0.000000,0.000000,1,-110.07,-110.07,0,0,
09/21/2026,10:39:42:658,0.000000,0.000000,2,-110.72,-110.72,0,0,
09/21/2026,10:39:42:738,0.000000,0.000000,3,-76.74,-76.74,0,0,
09/21/2026,10:39:42:862,0.000000,0.000000,4,-115.57,-115.57,0,0,
09/21/2026,10:39:42:911,0.000000,0.000000,1,-112.9,-112.9,0,0,
09/21/2026,10:39:42:995,0.000000,0.000000,2,-109.82,-109.82,0,0,
09/21/2026,10:39:43:080,0.000000,0.000000,3,-83.73,-83.73,0,0,
09/21/2026,10:39:43:162,0.000000,0.000000,4,-113.95,-113.95,0,0,
09/21/2026,10:39:43:247,0.000000,0.000000,1,-112.55,-112.55,0,0,
09/21/2026,10:39:43:351,0.000000,0.000000,2,-109.14,-109.14,0,0,
09/21/2026,10:39:43:442,0.000000,0.000000,3,-82.3,-82.3,0,0,
09/21/2026,10:39:43:506,0.000000,0.000000,4,-115.38,-115.38,0,0,
09/21/2026,10:39:43:618,0.000000,0.000000,1,-110.08,-110.08,0,0,
09/21/2026,10:39:43:696,0.000000,0.000000,2,-109.6,-109.6,0,0,
