Date,Time,Latitude,Longitude,Channel,RSSI,Adjusted Value,Antenna Gain,Cable Loss
05/14/2026,11:06:12:432,0.000000,0.000000,1,-109.52,-109.52,0,0,
05/14/2026,11:06:12:448,0.000000,0.000000,1,-110.08,-110.08,0,0,
05/14/2026,11:06:12:467,0.000000,0.000000,1,-109.11,-109.11,0,0,
05/14/2026,11:06:12:484,0.000000,0.000000,1,-108.85,-108.85,0,0,
05/14/2026,11:06:12:501,0.000000,0.000000,2,-108.38,-108.38,0,0,
05/14/2026,11:06:12:518,0.000000,0.000000,1,-109.53,-109.53,0,0,
05/14/2026,11:06:12:544,0.000000,0.000000,2,-108.5,-108.5,0,0,
05/14/2026,11:06:12:556,0.000000,0.000000,3,-62.57,-62.57,0,0,
05/14/2026,11:06:12:576,0.000000,0.000000,1,-109.95,-109.95,0,0,
05/14/2026,11:06:12:589,0.000000,0.000000,2,-107.81,-107.81,0,0,
05/14/2026,11:06:12:606,0.000000,0.000000,4,-104.56,-104.56,0,0,
05/14/2026,11:06:12:627,0.000000,0.000000,3,-63.19,-63.19,0,0,
05/14/2026,11:06:12:645,0.000000,0.000000,1,-112.38,-112.38,0,0,
05/14/2026,11:06:12:681,0.000000,0.000000,2,-108.72,-108.72,0,0,
05/14/2026,11:06:12:716,0.000000,0.000000,4,-105.92,-105.92,0,0,
05/14/2026,11:06:12:735,0.000000,0.000000,3,-63.71,-63.71,0,0,
05/14/2026,11:06:12:770,0.000000,0.000000,1,-110.13,-110.13,0,0,
05/14/2026,11:06:12:827,0.000000,0.000000,2,-107.21,-107.21,0,0,
05/14/2026,11:06:12:875,0.000000,0.000000,4,-105.22,-105.22,0,0,
05/14/2026,11:06:12:891,0.000000,0.000000,3,-62.56,-62.56,0,0,
05/14/2026,11:06:12:941,0.000000,0.000000,1,-110.76,-110.76,0,0,
05/14/2026,11:06:13:029,0.000000,0.000000,2,-110.38,-110.38,0,0,
05/14/2026,11:06:13:115,0.000000,0.000000,4,-105.05,-105.05,0,0,
05/14/2026,11:06:13:136,0.000000,0.000000,3,-64.8,-64.8,0,0,
05/14/2026,11:06:13:187,0.000000,0.000000,1,-114.37,-114.37,0,0,
05/14/2026,11:06:13:276,0.000000,0.000000,2,-107.48,-107.48,0,0,
05/14/2026,11:06:13:362,0.000000,0.000000,4,-107.13,-107.13,0,0,
05/14/2026,11:06:13:377,0.000000,0.000000,3,-65.54,-65.54,0,0,
05/14/2026,11:06:13:479,0.000000,0.000000,1,-110.99,-110.99,0,0,
05/14/2026,11:06:13:549,0.000000,0.000000,2,-105.26,-105.26,0,0,
05/14/2026,11:06:13:616,0.000000,0.000000,4,-107.73,-107.73,0,0,
05/14/2026,11:06:13:620,0.000000,0.000000,3,-65.49,-65.49,0,0,
05/14/2026,11:06:13:681,0.000000,0.000000,1,-108.47,-108.47,0,0,
05/14/2026,11:06:13:760,0.000000,0.000000,2,-104.67,-104.67,0,0,
05/14/2026,11:06:13:849,0.000000,0.000000,4,-106.16,-106.16,0,0,
05/14/2026,11:06:13:869,0.000000,0.000000,3,-64.88,-64.88,0,0,
05/14/2026,11:06:13:917,0.000000,0.000000,1,-105.31,-105.31,0,0,
05/14/2026,11:06:14:003,0.000000,0.000000,2,-103.76,-103.76,0,0,
05/14/2026,11:06:14:091,0.000000,0.000000,4,-105.27,-105.27,0,0,
05/14/2026,11:06:14:109,0.000000,0.000000,3,-65.47,-65.47,0,0,
05/14/2026,11:06:14:160,0.000000,0.000000,1,-106.41,-106.41,0,0,
05/14/2026,11:06:14:251,0.000000,0.000000,2,-105.99,-105.99,0,0,
05/14/2026,11:06:14:337,0.000000,0.000000,4,-106.16,-106.16,0,0,
05/14/2026,11:06:14:354,0.000000,0.000000,3,-65.77,-65.77,0,0,
05/14/2026,11:06:14:404,0.000000,0.000000,1,-108.11,-108.11,0,0,
05/14/2026,11:06:14:491,0.000000,0.000000,2,-108.77,-108.77,0,0,
05/14/2026,11:06:14:579,0.000000,0.000000,4,-109.84,-109.84,0,0,
05/14/2026,11:06:14:601,0.000000,0.000000,3,-68.11,-68.11,0,0,
05/14/2026,11:06:14:649,0.000000,0.000000,1,-113.47,-113.47,0,0,
05/14/2026,11:06:14:746,0.000000,0.000000,2,-110.06,-110.06,0,0,
05/14/2026,11:06:14:822,0.000000,0.000000,4,-108.86,-108.86,0,0,
05/14/2026,11:06:14:842,0.000000,0.000000,3,-68.32,-68.32,0,0,
05/14/2026,11:06:14:901,0.000000,0.000000,1,-109.14,-109.14,0,0,
05/14/2026,11:06:14:990,0.000000,0.000000,2,-110.71,-110.71,0,0,
05/14/2026,11:06:15:072,0.000000,0.000000,4,-111.05,-111.05,0,0,
05/14/2026,11:06:15:083,0.000000,0.000000,3,-69.37,-69.37,0,0,
05/14/2026,11:06:15:165,0.000000,0.000000,1,-111.72,-111.72,0,0,
05/14/2026,11:06:15:244,0.000000,0.000000,2,-109.58,-109.58,0,0,
05/14/2026,11:06:15:327,0.000000,0.000000,4,-110.19,-110.19,0,0,
05/14/2026,11:06:15:329,0.000000,0.000000,3,-69.39,-69.39,0,0,
05/14/2026,11:06:15:396,0.000000,0.000000,1,-111.85,-111.85,0,0,
05/14/2026,11:06:15:466,0.000000,0.000000,2,-109.96,-109.96,0,0,
05/14/2026,11:06:15:552,0.000000,0.000000,4,-110.4,-110.4,0,0,
05/14/2026,11:06:15:570,0.000000,0.000000,3,-69.48,-69.48,0,0,
05/14/2026,11:06:15:625,0.000000,0.000000,1,-113.46,-113.46,0,0,
05/14/2026,11:06:15:709,0.000000,0.000000,2,-112.1,-112.1,0,0,
05/14/2026,11:06:15:798,0.000000,0.000000,4,-108.96,-108.96,0,0,
05/14/2026,11:06:15:815,0.000000,0.000000,3,-69.1,-69.1,0,0,
05/14/2026,11:06:15:867,0.000000,0.000000,1,-111.68,-111.68,0,0,
05/14/2026,11:06:15:953,0.000000,0.000000,2,-110.56,-110.56,0,0,
05/14/2026,11:06:16:039,0.000000,0.000000,4,-109.43,-109.43,0,0,
05/14/2026,11:06:16:057,0.000000,0.000000,3,-68.66,-68.66,0,0,
05/14/2026,11:06:16:110,0.000000,0.000000,1,-112.52,-112.52,0,0,
05/14/2026,11:06:16:213,0.000000,0.000000,2,-110.88,-110.88,0,0,
05/14/2026,11:06:16:283,0.000000,0.000000,4,-107.86,-107.86,0,0,
05/14/2026,11:06:16:302,0.000000,0.000000,3,-69.16,-69.16,0,0,
05/14/2026,11:06:16:353,0.000000,0.000000,1,-112.14,-112.14,0,0,
05/14/2026,11:06:16:441,0.000000,0.000000,2,-111.23,-111.23,0,0,
05/14/2026,11:06:16:527,0.000000,0.000000,4,-108.34,-108.34,0,0,
05/14/2026,11:06:16:545,0.000000,0.000000,3,-67.32,-67.32,0,0,
05/14/2026,11:06:16:598,0.000000,0.000000,1,-112.04,-112.04,0,0,
05/14/2026,11:06:16:687,0.000000,0.000000,2,-110.1,-110.1,0,0,
05/14/2026,11:06:16:770,0.000000,0.000000,4,-109.16,-109.16,0,0,
05/14/2026,11:06:16:792,0.000000,0.000000,3,-69.33,-69.33,0,0,
05/14/2026,11:06:16:841,0.000000,0.000000,1,-112.05,-112.05,0,0,
05/14/2026,11:06:16:931,0.000000,0.000000,2,-111.08,-111.08,0,0,
05/14/2026,11:06:17:056,0.000000,0.000000,4,-108.01,-108.01,0,0,
05/14/2026,11:06:17:057,0.000000,0.000000,3,-67.72,-67.72,0,0,
05/14/2026,11:06:17:102,0.000000,0.000000,1,-112.16,-112.16,0,0,
05/14/2026,11:06:17:172,0.000000,0.000000,2,-108.23,-108.23,0,0,
05/14/2026,11:06:17:266,0.000000,0.000000,4,-110.3,-110.3,0,0,
05/14/2026,11:06:17:281,0.000000,0.000000,3,-68.91,-68.91,0,0,
05/14/2026,11:06:17:331,0.000000,0.000000,1,-110.9,-110.9,0,0,
05/14/2026,11:06:17:416,0.000000,0.000000,2,-111.39,-111.39,0,0,
05/14/2026,11:06:17:503,0.000000,0.000000,4,-108.97,-108.97,0,0,
05/14/2026,11:06:17:520,0.000000,0.000000,3,-67.11,-67.11,0,0,
05/14/2026,11:06:17:575,0.000000,0.000000,1,-110.42,-110.42,0,0,
05/14/2026,11:06:17:659,0.000000,0.000000,2,-110.63,-110.63,0,0,
05/14/2026,11:06:17:746,0.000000,0.000000,4,-108.61,-108.61,0,0,
05/14/2026,11:06:17:764,0.000000,0.000000,3,-68.18,-68.18,0,0,
05/14/2026,11:06:17:818,0.000000,0.000000,1,-110.77,-110.77,0,0,
05/14/2026,11:06:18:028,0.000000,0.000000,2,-110.34,-110.34,0,0,
05/14/2026,11:06:18:040,0.000000,0.000000,4,-108.47,-108.47,0,0,
05/14/2026,11:06:18:041,0.000000,0.000000,3,-67.12,-67.12,0,0,
05/14/2026,11:06:18:067,0.000000,0.000000,1,-112.07,-112.07,0,0,
05/14/2026,11:06:18:147,0.000000,0.000000,2,-110.59,-110.59,0,0,
05/14/2026,11:06:18:234,0.000000,0.000000,4,-107.83,-107.83,0,0,
05/14/2026,11:06:18:252,0.000000,0.000000,3,-67.22,-67.22,0,0,
05/14/2026,11:06:18:305,0.000000,0.000000,1,-113.96,-113.96,0,0,
05/14/2026,11:06:18:393,0.000000,0.000000,2,-111.43,-111.43,0,0,
05/14/2026,11:06:18:479,0.000000,0.000000,4,-109.08,-109.08,0,0,
05/14/2026,11:06:18:495,0.000000,0.000000,3,-68.45,-68.45,0,0,
05/14/2026,11:06:18:547,0.000000,0.000000,1,-112.26,-112.26,0,0,
05/14/2026,11:06:18:636,0.000000,0.000000,2,-112.19,-112.19,0,0,
05/14/2026,11:06:18:721,0.000000,0.000000,4,-109.1,-109.1,0,0,
05/14/2026,11:06:18:740,0.000000,0.000000,3,-68.64,-68.64,0,0,
05/14/2026,11:06:18:792,0.000000,0.000000,1,-110.34,-110.34,0,0,
05/14/2026,11:06:18:880,0.000000,0.000000,2,-110.97,-110.97,0,0,
05/14/2026,11:06:18:989,0.000000,0.000000,4,-108.56,-108.56,0,0,
05/14/2026,11:06:18:993,0.000000,0.000000,3,-67.39,-67.39,0,0,
05/14/2026,11:06:19:063,0.000000,0.000000,1,-113.97,-113.97,0,0,
05/14/2026,11:06:19:144,0.000000,0.000000,2,-112.69,-112.69,0,0,
05/14/2026,11:06:19:217,0.000000,0.000000,4,-108.63,-108.63,0,0,
05/14/2026,11:06:19:226,0.000000,0.000000,3,-69.76,-69.76,0,0,
05/14/2026,11:06:19:278,0.000000,0.000000,1,-110.84,-110.84,0,0,
05/14/2026,11:06:19:367,0.000000,0.000000,2,-111.81,-111.81,0,0,
05/14/2026,11:06:19:454,0.000000,0.000000,4,-109.37,-109.37,0,0,
05/14/2026,11:06:19:470,0.000000,0.000000,3,-68.29,-68.29,0,0,
05/14/2026,11:06:19:524,0.000000,0.000000,1,-112.31,-112.31,0,0,
05/14/2026,11:06:19:608,0.000000,0.000000,2,-109.58,-109.58,0,0,
05/14/2026,11:06:19:703,0.000000,0.000000,4,-109.9,-109.9,0,0,
05/14/2026,11:06:19:713,0.000000,0.000000,3,-66.76,-66.76,0,0,
05/14/2026,11:06:19:767,0.000000,0.000000,1,-112.67,-112.67,0,0,
05/14/2026,11:06:19:865,0.000000,0.000000,2,-110.98,-110.98,0,0,
05/14/2026,11:06:19:942,0.000000,0.000000,4,-109.83,-109.83,0,0,
05/14/2026,11:06:19:962,0.000000,0.000000,3,-67.95,-67.95,0,0,
05/14/2026,11:06:20:012,0.000000,0.000000,1,-113.56,-113.56,0,0,
05/14/2026,11:06:20:097,0.000000,0.000000,2,-120.42,-120.42,0,0,
05/14/2026,11:06:20:184,0.000000,0.000000,4,-109.69,-109.69,0,0,
05/14/2026,11:06:20:202,0.000000,0.000000,3,-68.25,-68.25,0,0,
05/14/2026,11:06:20:253,0.000000,0.000000,1,-114.45,-114.45,0,0,
05/14/2026,11:06:20:345,0.000000,0.000000,2,-119.18,-119.18,0,0,
05/14/2026,11:06:20:426,0.000000,0.000000,4,-109.57,-109.57,0,0,
05/14/2026,11:06:20:447,0.000000,0.000000,3,-67.35,-67.35,0,0,
05/14/2026,11:06:20:499,0.000000,0.000000,1,-113.98,-113.98,0,0,
05/14/2026,11:06:20:585,0.000000,0.000000,2,-119.91,-119.91,0,0,
05/14/2026,11:06:20:686,0.000000,0.000000,4,-109.21,-109.21,0,0,
05/14/2026,11:06:20:689,0.000000,0.000000,3,-67.93,-67.93,0,0,
05/14/2026,11:06:20:757,0.000000,0.000000,1,-112.65,-112.65,0,0,
05/14/2026,11:06:20:878,0.000000,0.000000,2,-119.65,-119.65,0,0,
05/14/2026,11:06:20:945,0.000000,0.000000,4,-108.35,-108.35,0,0,
05/14/2026,11:06:20:948,0.000000,0.000000,3,-68.06,-68.06,0,0,
05/14/2026,11:06:20:986,0.000000,0.000000,1,-115.36,-115.36,0,0,
05/14/2026,11:06:21:072,0.000000,0.000000,2,-119.68,-119.68,0,0,
05/14/2026,11:06:21:161,0.000000,0.000000,4,-109.85,-109.85,0,0,
05/14/2026,11:06:21:178,0.000000,0.000000,3,-68.78,-68.78,0,0,
05/14/2026,11:06:21:228,0.000000,0.000000,1,-115.59,-115.59,0,0,
05/14/2026,11:06:21:315,0.000000,0.000000,2,-118.44,-118.44,0,0,
05/14/2026,11:06:21:406,0.000000,0.000000,4,-110.45,-110.45,0,0,
05/14/2026,11:06:21:427,0.000000,0.000000,3,-67.69,-67.69,0,0,
05/14/2026,11:06:21:474,0.000000,0.000000,1,-115.58,-115.58,0,0,
05/14/2026,11:06:21:560,0.000000,0.000000,2,-120.25,-120.25,0,0,
05/14/2026,11:06:21:647,0.000000,0.000000,4,-108.34,-108.34,0,0,
05/14/2026,11:06:21:665,0.000000,0.000000,3,-68.23,-68.23,0,0,
05/14/2026,11:06:21:720,0.000000,0.000000,1,-115.56,-115.56,0,0,
05/14/2026,11:06:21:801,0.000000,0.000000,2,-115.27,-115.27,0,0,
05/14/2026,11:06:21:889,0.000000,0.000000,4,-107.89,-107.89,0,0,
05/14/2026,11:06:21:909,0.000000,0.000000,3,-67.79,-67.79,0,0,
05/14/2026,11:06:21:962,0.000000,0.000000,1,-115.65,-115.65,0,0,
05/14/2026,11:06:22:054,0.000000,0.000000,2,-114.75,-114.75,0,0,
05/14/2026,11:06:22:138,0.000000,0.000000,4,-108.9,-108.9,0,0,
05/14/2026,11:06:22:152,0.000000,0.000000,3,-67.62,-67.62,0,0,
05/14/2026,11:06:22:205,0.000000,0.000000,1,-113.34,-113.34,0,0,
05/14/2026,11:06:22:289,0.000000,0.000000,2,-113.22,-113.22,0,0,
05/14/2026,11:06:22:376,0.000000,0.000000,4,-110.64,-110.64,0,0,
05/14/2026,11:06:22:397,0.000000,0.000000,3,-67.21,-67.21,0,0,
05/14/2026,11:06:22:454,0.000000,0.000000,1,-113.36,-113.36,0,0,
05/14/2026,11:06:22:567,0.000000,0.000000,2,-116.73,-116.73,0,0,
05/14/2026,11:06:22:620,0.000000,0.000000,4,-108.98,-108.98,0,0,
05/14/2026,11:06:22:680,0.000000,0.000000,3,-67.11,-67.11,0,0,
05/14/2026,11:06:22:697,0.000000,0.000000,1,-115.76,-115.76,0,0,
05/14/2026,11:06:22:803,0.000000,0.000000,2,-113.81,-113.81,0,0,
05/14/2026,11:06:22:863,0.000000,0.000000,4,-108.61,-108.61,0,0,
05/14/2026,11:06:22:887,0.000000,0.000000,3,-66.9,-66.9,0,0,
05/14/2026,11:06:22:938,0.000000,0.000000,1,-113.58,-113.58,0,0,
05/14/2026,11:06:23:025,0.000000,0.000000,2,-110.82,-110.82,0,0,
05/14/2026,11:06:23:322,0.000000,0.000000,4,-107.85,-107.85,0,0,
05/14/2026,11:06:23:329,0.000000,0.000000,3,-66.98,-66.98,0,0,
05/14/2026,11:06:23:336,0.000000,0.000000,1,-109.18,-109.18,0,0,
05/14/2026,11:06:23:350,0.000000,0.000000,2,-105.15,-105.15,0,0,
05/14/2026,11:06:23:379,0.000000,0.000000,4,-109.6,-109.6,0,0,
05/14/2026,11:06:23:382,0.000000,0.000000,3,-67.95,-67.95,0,0,
05/14/2026,11:06:23:423,0.000000,0.000000,1,-107.1,-107.1,0,0,
05/14/2026,11:06:23:513,0.000000,0.000000,2,-104.4,-104.4,0,0,
05/14/2026,11:06:23:601,0.000000,0.000000,4,-110.04,-110.04,0,0,
05/14/2026,11:06:23:623,0.000000,0.000000,3,-68.32,-68.32,0,0,
05/14/2026,11:06:23:665,0.000000,0.000000,1,-106.09,-106.09,0,0,
05/14/2026,11:06:23:755,0.000000,0.000000,2,-102.19,-102.19,0,0,
05/14/2026,11:06:23:843,0.000000,0.000000,4,-108.7,-108.7,0,0,
05/14/2026,11:06:23:855,0.000000,0.000000,3,-71.15,-71.15,0,0,
05/14/2026,11:06:23:909,0.000000,0.000000,1,-103.65,-103.65,0,0,
05/14/2026,11:06:23:996,0.000000,0.000000,2,-98.76,-98.76,0,0,
05/14/2026,11:06:24:087,0.000000,0.000000,4,-116.8,-116.8,0,0,
05/14/2026,11:06:24:114,0.000000,0.000000,3,-78.75,-78.75,0,0,
05/14/2026,11:06:24:153,0.000000,0.000000,1,-104.13,-104.13,0,0,
05/14/2026,11:06:24:239,0.000000,0.000000,2,-102.65,-102.65,0,0,
05/14/2026,11:06:24:332,0.000000,0.000000,4,-108.59,-108.59,0,0,
05/14/2026,11:06:24:346,0.000000,0.000000,3,-69.45,-69.45,0,0,
05/14/2026,11:06:24:413,0.000000,0.000000,1,-103.46,-103.46,0,0,
05/14/2026,11:06:24:584,0.000000,0.000000,2,-100.99,-100.99,0,0,
05/14/2026,11:06:24:600,0.000000,0.000000,4,-108.81,-108.81,0,0,
05/14/2026,11:06:24:635,0.000000,0.000000,3,-67.44,-67.44,0,0,
05/14/2026,11:06:24:644,0.000000,0.000000,1,-105.9,-105.9,0,0,
05/14/2026,11:06:24:730,0.000000,0.000000,2,-107.84,-107.84,0,0,
05/14/2026,11:06:24:814,0.000000,0.000000,4,-104.68,-104.68,0,0,
05/14/2026,11:06:24:833,0.000000,0.000000,3,-64.7,-64.7,0,0,
05/14/2026,11:06:24:883,0.000000,0.000000,1,-117.25,-117.25,0,0,
05/14/2026,11:06:24:993,0.000000,0.000000,2,-107.6,-107.6,0,0,
05/14/2026,11:06:25:062,0.000000,0.000000,4,-103.28,-103.28,0,0,
05/14/2026,11:06:25:075,0.000000,0.000000,3,-59.12,-59.12,0,0,
05/14/2026,11:06:25:128,0.000000,0.000000,1,-107.66,-107.66,0,0,
05/14/2026,11:06:25:219,0.000000,0.000000,2,-108.09,-108.09,0,0,
05/14/2026,11:06:25:303,0.000000,0.000000,4,-109.96,-109.96,0,0,
05/14/2026,11:06:25:318,0.000000,0.000000,3,-71.43,-71.43,0,0,
05/14/2026,11:06:25:371,0.000000,0.000000,1,-105.4,-105.4,0,0,
05/14/2026,11:06:25:461,0.000000,0.000000,2,-99.47,-99.47,0,0,
05/14/2026,11:06:25:544,0.000000,0.000000,4,-111.82,-111.82,0,0,
05/14/2026,11:06:25:565,0.000000,0.000000,3,-73.18,-73.18,0,0,
05/14/2026,11:06:25:620,0.000000,0.000000,1,-101.18,-101.18,0,0,
05/14/2026,11:06:25:702,0.000000,0.000000,2,-98.56,-98.56,0,0,
05/14/2026,11:06:25:787,0.000000,0.000000,4,-101.4,-101.4,0,0,
05/14/2026,11:06:25:807,0.000000,0.000000,3,-70.08,-70.08,0,0,
05/14/2026,11:06:25:858,0.000000,0.000000,1,-97.6,-97.6,0,0,
05/14/2026,11:06:25:947,0.000000,0.000000,2,-104.92,-104.92,0,0,
05/14/2026,11:06:26:035,0.000000,0.000000,4,-103.37,-103.37,0,0,
05/14/2026,11:06:26:053,0.000000,0.000000,3,-71.62,-71.62,0,0,
05/14/2026,11:06:26:102,0.000000,0.000000,1,-110.59,-110.59,0,0,
05/14/2026,11:06:26:189,0.000000,0.000000,2,-102.24,-102.24,0,0,
05/14/2026,11:06:26:312,0.000000,0.000000,4,-115.37,-115.37,0,0,
05/14/2026,11:06:26:321,0.000000,0.000000,3,-74.31,-74.31,0,0,
05/14/2026,11:06:26:398,0.000000,0.000000,1,-115.13,-115.13,0,0,
05/14/2026,11:06:26:452,0.000000,0.000000,2,-112.19,-112.19,0,0,
05/14/2026,11:06:26:547,0.000000,0.000000,4,-109.67,-109.67,0,0,
05/14/2026,11:06:26:550,0.000000,0.000000,3,-68.02,-68.02,0,0,
05/14/2026,11:06:26:588,0.000000,0.000000,1,-110.3,-110.3,0,0,
05/14/2026,11:06:26:677,0.000000,0.000000,2,-107.1,-107.1,0,0,
05/14/2026,11:06:26:767,0.000000,0.000000,4,-114.13,-114.13,0,0,
05/14/2026,11:06:26:779,0.000000,0.000000,3,-74.34,-74.34,0,0,
05/14/2026,11:06:26:842,0.000000,0.000000,1,-118.99,-118.99,0,0,
05/14/2026,11:06:26:919,0.000000,0.000000,2,-114,-114,0,0,
05/14/2026,11:06:27:007,0.000000,0.000000,4,-112.71,-112.71,0,0,
05/14/2026,11:06:27:025,0.000000,0.000000,3,-77.99,-77.99,0,0,
05/14/2026,11:06:27:076,0.000000,0.000000,1,-119.79,-119.79,0,0,
05/14/2026,11:06:27:162,0.000000,0.000000,2,-114.35,-114.35,0,0,
05/14/2026,11:06:27:252,0.000000,0.000000,4,-117.53,-117.53,0,0,
05/14/2026,11:06:27:266,0.000000,0.000000,3,-80.12,-80.12,0,0,
05/14/2026,11:06:27:321,0.000000,0.000000,1,-119.57,-119.57,0,0,
05/14/2026,11:06:27:407,0.000000,0.000000,2,-110.78,-110.78,0,0,
05/14/2026,11:06:27:498,0.000000,0.000000,4,-116.85,-116.85,0,0,
05/14/2026,11:06:27:509,0.000000,0.000000,3,-82.56,-82.56,0,0,
05/14/2026,11:06:27:563,0.000000,0.000000,1,-117.73,-117.73,0,0,
05/14/2026,11:06:27:653,0.000000,0.000000,2,-121.16,-121.16,0,0,
05/14/2026,11:06:27:738,0.000000,0.000000,4,-117.55,-117.55,0,0,
05/14/2026,11:06:27:754,0.000000,0.000000,3,-90.31,-90.31,0,0,
05/14/2026,11:06:27:807,0.000000,0.000000,1,-121.48,-121.48,0,0,
05/14/2026,11:06:27:896,0.000000,0.000000,2,-117.35,-117.35,0,0,
05/14/2026,11:06:27:982,0.000000,0.000000,4,-116.53,-116.53,0,0,
05/14/2026,11:06:28:003,0.000000,0.000000,3,-83.31,-83.31,0,0,
05/14/2026,11:06:28:051,0.000000,0.000000,1,-118.93,-118.93,0,0,
05/14/2026,11:06:28:137,0.000000,0.000000,2,-124.6,-124.6,0,0,
05/14/2026,11:06:28:224,0.000000,0.000000,4,-117.98,-117.98,0,0,
05/14/2026,11:06:28:248,0.000000,0.000000,3,-85.07,-85.07,0,0,
05/14/2026,11:06:28:294,0.000000,0.000000,1,-119.06,-119.06,0,0,
05/14/2026,11:06:28:610,0.000000,0.000000,2,-117.01,-117.01,0,0,
05/14/2026,11:06:28:636,0.000000,0.000000,4,-119.63,-119.63,0,0,
05/14/2026,11:06:28:641,0.000000,0.000000,3,-79.07,-79.07,0,0,
05/14/2026,11:06:28:652,0.000000,0.000000,1,-122.27,-122.27,0,0,
05/14/2026,11:06:28:677,0.000000,0.000000,2,-121.69,-121.69,0,0,
05/14/2026,11:06:28:721,0.000000,0.000000,4,-117.41,-117.41,0,0,
05/14/2026,11:06:28:729,0.000000,0.000000,3,-83.66,-83.66,0,0,
05/14/2026,11:06:28:781,0.000000,0.000000,1,-119.46,-119.46,0,0,
05/14/2026,11:06:28:867,0.000000,0.000000,2,-118.99,-118.99,0,0,
05/14/2026,11:06:28:956,0.000000,0.000000,4,-117.34,-117.34,0,0,
05/14/2026,11:06:28:971,0.000000,0.000000,3,-91.84,-91.84,0,0,
05/14/2026,11:06:29:026,0.000000,0.000000,1,-120.36,-120.36,0,0,
05/14/2026,11:06:29:113,0.000000,0.000000,2,-118.63,-118.63,0,0,
05/14/2026,11:06:29:200,0.000000,0.000000,4,-117.57,-117.57,0,0,
05/14/2026,11:06:29:215,0.000000,0.000000,3,-83.19,-83.19,0,0,
05/14/2026,11:06:29:271,0.000000,0.000000,1,-118.94,-118.94,0,0,
05/14/2026,11:06:29:357,0.000000,0.000000,2,-119.62,-119.62,0,0,
05/14/2026,11:06:29:445,0.000000,0.000000,4,-117.54,-117.54,0,0,
05/14/2026,11:06:29:462,0.000000,0.000000,3,-83.77,-83.77,0,0,
05/14/2026,11:06:29:512,0.000000,0.000000,1,-118.67,-118.67,0,0,
05/14/2026,11:06:29:600,0.000000,0.000000,2,-117.66,-117.66,0,0,
05/14/2026,11:06:29:687,0.000000,0.000000,4,-118.26,-118.26,0,0,
05/14/2026,11:06:29:701,0.000000,0.000000,3,-94.23,-94.23,0,0,
05/14/2026,11:06:29:756,0.000000,0.000000,1,-119.82,-119.82,0,0,
05/14/2026,11:06:29:845,0.000000,0.000000,2,-119.27,-119.27,0,0,
05/14/2026,11:06:29:933,0.000000,0.000000,4,-119.6,-119.6,0,0,
05/14/2026,11:06:29:947,0.000000,0.000000,3,-94.68,-94.68,0,0,
05/14/2026,11:06:29:998,0.000000,0.000000,1,-119.88,-119.88,0,0,
05/14/2026,11:06:30:105,0.000000,0.000000,2,-120.32,-120.32,0,0,
05/14/2026,11:06:30:184,0.000000,0.000000,4,-117.18,-117.18,0,0,
05/14/2026,11:06:30:191,0.000000,0.000000,3,-90.71,-90.71,0,0,
05/14/2026,11:06:30:260,0.000000,0.000000,1,-118.53,-118.53,0,0,
05/14/2026,11:06:30:340,0.000000,0.000000,2,-117.68,-117.68,0,0,
05/14/2026,11:06:30:426,0.000000,0.000000,4,-118.45,-118.45,0,0,
05/14/2026,11:06:30:434,0.000000,0.000000,3,-89.02,-89.02,0,0,
05/14/2026,11:06:30:488,0.000000,0.000000,1,-120.13,-120.13,0,0,
05/14/2026,11:06:30:575,0.000000,0.000000,2,-122.63,-122.63,0,0,
05/14/2026,11:06:30:661,0.000000,0.000000,4,-119.14,-119.14,0,0,
05/14/2026,11:06:30:681,0.000000,0.000000,3,-82.58,-82.58,0,0,
05/14/2026,11:06:30:737,0.000000,0.000000,1,-120.34,-120.34,0,0,
05/14/2026,11:06:30:817,0.000000,0.000000,2,-122.19,-122.19,0,0,
05/14/2026,11:06:30:906,0.000000,0.000000,4,-118.64,-118.64,0,0,
05/14/2026,11:06:30:923,0.000000,0.000000,3,-89.84,-89.84,0,0,
05/14/2026,11:06:30:973,0.000000,0.000000,1,-121.43,-121.43,0,0,
05/14/2026,11:06:31:066,0.000000,0.000000,2,-120.57,-120.57,0,0,
05/14/2026,11:06:31:149,0.000000,0.000000,4,-118.59,-118.59,0,0,
05/14/2026,11:06:31:166,0.000000,0.000000,3,-98.69,-98.69,0,0,
05/14/2026,11:06:31:218,0.000000,0.000000,1,-121.51,-121.51,0,0,
05/14/2026,11:06:31:310,0.000000,0.000000,2,-120.92,-120.92,0,0,
05/14/2026,11:06:31:392,0.000000,0.000000,4,-118.26,-118.26,0,0,
05/14/2026,11:06:31:409,0.000000,0.000000,3,-89.05,-89.05,0,0,
05/14/2026,11:06:31:462,0.000000,0.000000,1,-120.75,-120.75,0,0,
05/14/2026,11:06:31:551,0.000000,0.000000,2,-119.65,-119.65,0,0,
05/14/2026,11:06:31:640,0.000000,0.000000,4,-116.18,-116.18,0,0,
05/14/2026,11:06:31:657,0.000000,0.000000,3,-83.74,-83.74,0,0,
05/14/2026,11:06:31:705,0.000000,0.000000,1,-119.54,-119.54,0,0,
05/14/2026,11:06:31:824,0.000000,0.000000,2,-114.33,-114.33,0,0,
05/14/2026,11:06:31:899,0.000000,0.000000,4,-119.58,-119.58,0,0,
05/14/2026,11:06:31:903,0.000000,0.000000,3,-79.3,-79.3,0,0,
05/14/2026,11:06:31:977,0.000000,0.000000,1,-117.97,-117.97,0,0,
05/14/2026,11:06:32:092,0.000000,0.000000,2,-109.4,-109.4,0,0,
05/14/2026,11:06:32:141,0.000000,0.000000,4,-116.09,-116.09,0,0,
05/14/2026,11:06:32:147,0.000000,0.000000,3,-67.55,-67.55,0,0,
05/14/2026,11:06:32:220,0.000000,0.000000,1,-118.83,-118.83,0,0,
05/14/2026,11:06:32:278,0.000000,0.000000,2,-112.53,-112.53,0,0,
05/14/2026,11:06:32:384,0.000000,0.000000,4,-116.11,-116.11,0,0,
05/14/2026,11:06:32:385,0.000000,0.000000,3,-88.18,-88.18,0,0,
05/14/2026,11:06:32:444,0.000000,0.000000,1,-116.19,-116.19,0,0,
05/14/2026,11:06:32:522,0.000000,0.000000,2,-121.3,-121.3,0,0,
05/14/2026,11:06:32:625,0.000000,0.000000,4,-119.37,-119.37,0,0,
05/14/2026,11:06:32:628,0.000000,0.000000,3,-89.23,-89.23,0,0,
05/14/2026,11:06:32:686,0.000000,0.000000,1,-115.43,-115.43,0,0,
05/14/2026,11:06:32:766,0.000000,0.000000,2,-123.08,-123.08,0,0,
05/14/2026,11:06:32:854,0.000000,0.000000,4,-118.38,-118.38,0,0,
05/14/2026,11:06:32:872,0.000000,0.000000,3,-83,-83,0,0,
05/14/2026,11:06:32:924,0.000000,0.000000,1,-118.37,-118.37,0,0,
05/14/2026,11:06:33:010,0.000000,0.000000,2,-118.2,-118.2,0,0,
05/14/2026,11:06:33:097,0.000000,0.000000,4,-118.91,-118.91,0,0,
05/14/2026,11:06:33:115,0.000000,0.000000,3,-87.43,-87.43,0,0,
05/14/2026,11:06:33:166,0.000000,0.000000,1,-117.3,-117.3,0,0,
05/14/2026,11:06:33:256,0.000000,0.000000,2,-119.54,-119.54,0,0,
05/14/2026,11:06:33:341,0.000000,0.000000,4,-118.09,-118.09,0,0,
05/14/2026,11:06:33:367,0.000000,0.000000,3,-88.96,-88.96,0,0,
05/14/2026,11:06:33:411,0.000000,0.000000,1,-119.63,-119.63,0,0,
05/14/2026,11:06:33:501,0.000000,0.000000,2,-115.77,-115.77,0,0,
05/14/2026,11:06:33:586,0.000000,0.000000,4,-119.45,-119.45,0,0,
05/14/2026,11:06:33:601,0.000000,0.000000,3,-89.27,-89.27,0,0,
05/14/2026,11:06:33:878,0.000000,0.000000,1,-118.81,-118.81,0,0,
05/14/2026,11:06:33:896,0.000000,0.000000,2,-120.67,-120.67,0,0,
05/14/2026,11:06:33:916,0.000000,0.000000,4,-116.31,-116.31,0,0,
05/14/2026,11:06:33:919,0.000000,0.000000,3,-79.58,-79.58,0,0,
05/14/2026,11:06:33:953,0.000000,0.000000,1,-123.56,-123.56,0,0,
05/14/2026,11:06:34:008,0.000000,0.000000,2,-120.85,-120.85,0,0,
05/14/2026,11:06:34:073,0.000000,0.000000,4,-117.11,-117.11,0,0,
05/14/2026,11:06:34:142,0.000000,0.000000,3,-79.82,-79.82,0,0,
05/14/2026,11:06:34:154,0.000000,0.000000,1,-119.53,-119.53,0,0,
05/14/2026,11:06:34:232,0.000000,0.000000,2,-119.61,-119.61,0,0,
05/14/2026,11:06:34:325,0.000000,0.000000,4,-117.65,-117.65,0,0,
05/14/2026,11:06:34:333,0.000000,0.000000,3,-79.87,-79.87,0,0,
05/14/2026,11:06:34:387,0.000000,0.000000,1,-115.55,-115.55,0,0,
05/14/2026,11:06:34:474,0.000000,0.000000,2,-122.3,-122.3,0,0,
05/14/2026,11:06:34:560,0.000000,0.000000,4,-115.4,-115.4,0,0,
05/14/2026,11:06:34:576,0.000000,0.000000,3,-80.98,-80.98,0,0,
05/14/2026,11:06:34:629,0.000000,0.000000,1,-119.12,-119.12,0,0,
05/14/2026,11:06:34:716,0.000000,0.000000,2,-119.94,-119.94,0,0,
05/14/2026,11:06:34:803,0.000000,0.000000,4,-110.88,-110.88,0,0,
05/14/2026,11:06:34:821,0.000000,0.000000,3,-65.05,-65.05,0,0,
05/14/2026,11:06:34:873,0.000000,0.000000,1,-114.68,-114.68,0,0,
05/14/2026,11:06:34:960,0.000000,0.000000,2,-94.47,-94.47,0,0,
05/14/2026,11:06:35:047,0.000000,0.000000,4,-116.07,-116.07,0,0,
05/14/2026,11:06:35:063,0.000000,0.000000,3,-66.36,-66.36,0,0,
05/14/2026,11:06:35:116,0.000000,0.000000,1,-109.2,-109.2,0,0,
05/14/2026,11:06:35:231,0.000000,0.000000,2,-111.04,-111.04,0,0,
05/14/2026,11:06:35:289,0.000000,0.000000,4,-109.52,-109.52,0,0,
05/14/2026,11:06:35:308,0.000000,0.000000,3,-80.88,-80.88,0,0,
05/14/2026,11:06:35:360,0.000000,0.000000,1,-116.59,-116.59,0,0,
05/14/2026,11:06:35:446,0.000000,0.000000,2,-101.04,-101.04,0,0,
05/14/2026,11:06:35:532,0.000000,0.000000,4,-116.2,-116.2,0,0,
05/14/2026,11:06:35:551,0.000000,0.000000,3,-82.11,-82.11,0,0,
05/14/2026,11:06:35:601,0.000000,0.000000,1,-111.29,-111.29,0,0,
05/14/2026,11:06:35:723,0.000000,0.000000,2,-105.94,-105.94,0,0,
05/14/2026,11:06:35:805,0.000000,0.000000,4,-112.44,-112.44,0,0,
05/14/2026,11:06:35:808,0.000000,0.000000,3,-65.92,-65.92,0,0,
05/14/2026,11:06:35:881,0.000000,0.000000,1,-116.49,-116.49,0,0,
05/14/2026,11:06:35:937,0.000000,0.000000,2,-107.87,-107.87,0,0,
05/14/2026,11:06:36:020,0.000000,0.000000,4,-114.17,-114.17,0,0,
05/14/2026,11:06:36:037,0.000000,0.000000,3,-73.99,-73.99,0,0,
05/14/2026,11:06:36:090,0.000000,0.000000,1,-118.61,-118.61,0,0,
05/14/2026,11:06:36:178,0.000000,0.000000,2,-114.87,-114.87,0,0,
05/14/2026,11:06:36:265,0.000000,0.000000,4,-115.85,-115.85,0,0,
05/14/2026,11:06:36:281,0.000000,0.000000,3,-73,-73,0,0,
05/14/2026,11:06:36:340,0.000000,0.000000,1,-114.49,-114.49,0,0,
05/14/2026,11:06:36:421,0.000000,0.000000,2,-117.27,-117.27,0,0,
05/14/2026,11:06:36:510,0.000000,0.000000,4,-116.69,-116.69,0,0,
05/14/2026,11:06:36:527,0.000000,0.000000,3,-71.19,-71.19,0,0,
05/14/2026,11:06:36:580,0.000000,0.000000,1,-118.68,-118.68,0,0,
05/14/2026,11:06:36:664,0.000000,0.000000,2,-104.76,-104.76,0,0,
05/14/2026,11:06:36:753,0.000000,0.000000,4,-116.68,-116.68,0,0,
05/14/2026,11:06:36:768,0.000000,0.000000,3,-71.98,-71.98,0,0,
05/14/2026,11:06:36:824,0.000000,0.000000,1,-117.96,-117.96,0,0,
05/14/2026,11:06:36:908,0.000000,0.000000,2,-114.28,-114.28,0,0,
05/14/2026,11:06:36:996,0.000000,0.000000,4,-117.19,-117.19,0,0,
05/14/2026,11:06:37:013,0.000000,0.000000,3,-71.14,-71.14,0,0,
05/14/2026,11:06:37:065,0.000000,0.000000,1,-115.58,-115.58,0,0,
05/14/2026,11:06:37:152,0.000000,0.000000,2,-108.43,-108.43,0,0,
05/14/2026,11:06:37:239,0.000000,0.000000,4,-117.33,-117.33,0,0,
05/14/2026,11:06:37:259,0.000000,0.000000,3,-65.96,-65.96,0,0,
05/14/2026,11:06:37:310,0.000000,0.000000,1,-117.17,-117.17,0,0,
05/14/2026,11:06:37:401,0.000000,0.000000,2,-118.37,-118.37,0,0,
05/14/2026,11:06:37:484,0.000000,0.000000,4,-117.29,-117.29,0,0,
05/14/2026,11:06:37:500,0.000000,0.000000,3,-60.58,-60.58,0,0,
05/14/2026,11:06:37:552,0.000000,0.000000,1,-113.82,-113.82,0,0,
05/14/2026,11:06:37:657,0.000000,0.000000,2,-116.53,-116.53,0,0,
05/14/2026,11:06:37:778,0.000000,0.000000,4,-117.38,-117.38,0,0,
05/14/2026,11:06:37:779,0.000000,0.000000,3,-74.3,-74.3,0,0,
05/14/2026,11:06:37:857,0.000000,0.000000,1,-109.87,-109.87,0,0,
05/14/2026,11:06:37:920,0.000000,0.000000,2,-110.4,-110.4,0,0,
05/14/2026,11:06:37:974,0.000000,0.000000,4,-119.15,-119.15,0,0,
05/14/2026,11:06:37:989,0.000000,0.000000,3,-67.95,-67.95,0,0,
05/14/2026,11:06:38:040,0.000000,0.000000,1,-117.04,-117.04,0,0,
05/14/2026,11:06:38:127,0.000000,0.000000,2,-110.52,-110.52,0,0,
05/14/2026,11:06:38:213,0.000000,0.000000,4,-117.35,-117.35,0,0,
05/14/2026,11:06:38:232,0.000000,0.000000,3,-75.73,-75.73,0,0,
05/14/2026,11:06:38:283,0.000000,0.000000,1,-119.21,-119.21,0,0,
05/14/2026,11:06:38:372,0.000000,0.000000,2,-120.45,-120.45,0,0,
05/14/2026,11:06:38:456,0.000000,0.000000,4,-117.22,-117.22,0,0,
05/14/2026,11:06:38:477,0.000000,0.000000,3,-78.44,-78.44,0,0,
05/14/2026,11:06:38:533,0.000000,0.000000,1,-118.07,-118.07,0,0,
05/14/2026,11:06:38:615,0.000000,0.000000,2,-113.14,-113.14,0,0,
05/14/2026,11:06:38:703,0.000000,0.000000,4,-117.9,-117.9,0,0,
05/14/2026,11:06:38:718,0.000000,0.000000,3,-79.64,-79.64,0,0,
05/14/2026,11:06:38:771,0.000000,0.000000,1,-118.27,-118.27,0,0,
05/14/2026,11:06:38:857,0.000000,0.000000,2,-113.74,-113.74,0,0,
05/14/2026,11:06:39:152,0.000000,0.000000,4,-116.95,-116.95,0,0,
05/14/2026,11:06:39:156,0.000000,0.000000,3,-87.79,-87.79,0,0,
05/14/2026,11:06:39:166,0.000000,0.000000,1,-118.81,-118.81,0,0,
05/14/2026,11:06:39:182,0.000000,0.000000,2,-119.07,-119.07,0,0,
05/14/2026,11:06:39:198,0.000000,0.000000,4,-119.55,-119.55,0,0,
05/14/2026,11:06:39:206,0.000000,0.000000,3,-73.45,-73.45,0,0,
05/14/2026,11:06:39:259,0.000000,0.000000,1,-120.38,-120.38,0,0,
05/14/2026,11:06:39:344,0.000000,0.000000,2,-118.97,-118.97,0,0,
05/14/2026,11:06:39:471,0.000000,0.000000,4,-118.49,-118.49,0,0,
05/14/2026,11:06:39:474,0.000000,0.000000,3,-77.72,-77.72,0,0,
05/14/2026,11:06:39:548,0.000000,0.000000,1,-121.12,-121.12,0,0,
05/14/2026,11:06:39:631,0.000000,0.000000,2,-119.82,-119.82,0,0,
05/14/2026,11:06:39:674,0.000000,0.000000,4,-119.01,-119.01,0,0,
05/14/2026,11:06:39:697,0.000000,0.000000,3,-70.7,-70.7,0,0,
05/14/2026,11:06:39:751,0.000000,0.000000,1,-116.56,-116.56,0,0,
05/14/2026,11:06:39:834,0.000000,0.000000,2,-117.34,-117.34,0,0,
05/14/2026,11:06:39:922,0.000000,0.000000,4,-117.25,-117.25,0,0,
05/14/2026,11:06:39:935,0.000000,0.000000,3,-75.13,-75.13,0,0,
05/14/2026,11:06:39:991,0.000000,0.000000,1,-122.09,-122.09,0,0,
05/14/2026,11:06:40:086,0.000000,0.000000,2,-123.14,-123.14,0,0,
05/14/2026,11:06:40:161,0.000000,0.000000,4,-117.9,-117.9,0,0,
05/14/2026,11:06:40:180,0.000000,0.000000,3,-89.4,-89.4,0,0,
05/14/2026,11:06:40:234,0.000000,0.000000,1,-120.37,-120.37,0,0,
05/14/2026,11:06:40:322,0.000000,0.000000,2,-114.64,-114.64,0,0,
05/14/2026,11:06:40:405,0.000000,0.000000,4,-116.79,-116.79,0,0,
05/14/2026,11:06:40:423,0.000000,0.000000,3,-85.83,-85.83,0,0,
05/14/2026,11:06:40:476,0.000000,0.000000,1,-118.41,-118.41,0,0,
05/14/2026,11:06:40:564,0.000000,0.000000,2,-114.74,-114.74,0,0,
05/14/2026,11:06:40:653,0.000000,0.000000,4,-116.55,-116.55,0,0,
05/14/2026,11:06:40:672,0.000000,0.000000,3,-82.39,-82.39,0,0,
05/14/2026,11:06:40:722,0.000000,0.000000,1,-120.08,-120.08,0,0,
05/14/2026,11:06:40:808,0.000000,0.000000,2,-115.39,-115.39,0,0,
05/14/2026,11:06:40:905,0.000000,0.000000,4,-118.89,-118.89,0,0,
05/14/2026,11:06:40:910,0.000000,0.000000,3,-80.79,-80.79,0,0,
05/14/2026,11:06:40:965,0.000000,0.000000,1,-115.93,-115.93,0,0,
05/14/2026,11:06:41:056,0.000000,0.000000,2,-119.56,-119.56,0,0,
05/14/2026,11:06:41:139,0.000000,0.000000,4,-120.25,-120.25,0,0,
05/14/2026,11:06:41:154,0.000000,0.000000,3,-86.4,-86.4,0,0,
05/14/2026,11:06:41:208,0.000000,0.000000,1,-119.09,-119.09,0,0,
05/14/2026,11:06:41:294,0.000000,0.000000,2,-116.03,-116.03,0,0,
05/14/2026,11:06:41:395,0.000000,0.000000,4,-116.83,-116.83,0,0,
05/14/2026,11:06:41:397,0.000000,0.000000,3,-78.92,-78.92,0,0,
05/14/2026,11:06:41:479,0.000000,0.000000,1,-116.48,-116.48,0,0,
05/14/2026,11:06:41:537,0.000000,0.000000,2,-120.25,-120.25,0,0,
05/14/2026,11:06:41:649,0.000000,0.000000,4,-118.34,-118.34,0,0,
05/14/2026,11:06:41:650,0.000000,0.000000,3,-86.27,-86.27,0,0,
05/14/2026,11:06:41:698,0.000000,0.000000,1,-118.76,-118.76,0,0,
05/14/2026,11:06:41:785,0.000000,0.000000,2,-115.79,-115.79,0,0,
05/14/2026,11:06:41:869,0.000000,0.000000,4,-117.46,-117.46,0,0,
05/14/2026,11:06:41:888,0.000000,0.000000,3,-75.15,-75.15,0,0,
05/14/2026,11:06:41:940,0.000000,0.000000,1,-117.22,-117.22,0,0,
05/14/2026,11:06:42:026,0.000000,0.000000,2,-115.77,-115.77,0,0,
05/14/2026,11:06:42:111,0.000000,0.000000,4,-118.22,-118.22,0,0,
05/14/2026,11:06:42:135,0.000000,0.000000,3,-78.65,-78.65,0,0,
05/14/2026,11:06:42:182,0.000000,0.000000,1,-118.03,-118.03,0,0,
05/14/2026,11:06:42:274,0.000000,0.000000,2,-117.91,-117.91,0,0,
05/14/2026,11:06:42:356,0.000000,0.000000,4,-118.2,-118.2,0,0,
05/14/2026,11:06:42:375,0.000000,0.000000,3,-76.37,-76.37,0,0,
05/14/2026,11:06:42:428,0.000000,0.000000,1,-117.73,-117.73,0,0,
05/14/2026,11:06:42:513,0.000000,0.000000,2,-119.78,-119.78,0,0,
05/14/2026,11:06:42:601,0.000000,0.000000,4,-118.98,-118.98,0,0,
05/14/2026,11:06:42:616,0.000000,0.000000,3,-78.69,-78.69,0,0,
05/14/2026,11:06:42:669,0.000000,0.000000,1,-122.14,-122.14,0,0,
05/14/2026,11:06:42:760,0.000000,0.000000,2,-117.2,-117.2,0,0,
05/14/2026,11:06:42:843,0.000000,0.000000,4,-118.9,-118.9,0,0,
05/14/2026,11:06:42:863,0.000000,0.000000,3,-84.79,-84.79,0,0,
05/14/2026,11:06:42:916,0.000000,0.000000,1,-115.43,-115.43,0,0,
05/14/2026,11:06:43:004,0.000000,0.000000,2,-118.89,-118.89,0,0,
05/14/2026,11:06:43:091,0.000000,0.000000,4,-119.02,-119.02,0,0,
05/14/2026,11:06:43:103,0.000000,0.000000,3,-81.62,-81.62,0,0,
05/14/2026,11:06:43:157,0.000000,0.000000,1,-119.8,-119.8,0,0,
05/14/2026,11:06:43:243,0.000000,0.000000,2,-119.74,-119.74,0,0,
05/14/2026,11:06:43:373,0.000000,0.000000,4,-119.01,-119.01,0,0,
05/14/2026,11:06:43:373,0.000000,0.000000,3,-88.47,-88.47,0,0,
05/14/2026,11:06:43:450,0.000000,0.000000,1,-118.66,-118.66,0,0,
05/14/2026,11:06:43:497,0.000000,0.000000,2,-117.68,-117.68,0,0,
05/14/2026,11:06:43:573,0.000000,0.000000,4,-122.51,-122.51,0,0,
05/14/2026,11:06:43:593,0.000000,0.000000,3,-97.68,-97.68,0,0,
05/14/2026,11:06:43:647,0.000000,0.000000,1,-118.58,-118.58,0,0,
05/14/2026,11:06:43:733,0.000000,0.000000,2,-122.89,-122.89,0,0,
05/14/2026,11:06:43:819,0.000000,0.000000,4,-120.63,-120.63,0,0,
05/14/2026,11:06:43:834,0.000000,0.000000,3,-90,-90,0,0,
05/14/2026,11:06:43:895,0.000000,0.000000,1,-121.31,-121.31,0,0,
05/14/2026,11:06:43:986,0.000000,0.000000,2,-121.53,-121.53,0,0,
05/14/2026,11:06:44:064,0.000000,0.000000,4,-118.95,-118.95,0,0,
05/14/2026,11:06:44:085,0.000000,0.000000,3,-84.94,-84.94,0,0,
05/14/2026,11:06:44:133,0.000000,0.000000,1,-122.05,-122.05,0,0,
05/14/2026,11:06:44:438,0.000000,0.000000,2,-117.8,-117.8,0,0,
05/14/2026,11:06:44:460,0.000000,0.000000,4,-118.23,-118.23,0,0,
05/14/2026,11:06:44:462,0.000000,0.000000,3,-83.27,-83.27,0,0,
05/14/2026,11:06:44:472,0.000000,0.000000,1,-116.95,-116.95,0,0,
05/14/2026,11:06:44:483,0.000000,0.000000,2,-123.08,-123.08,0,0,
05/14/2026,11:06:44:553,0.000000,0.000000,4,-117.59,-117.59,0,0,
05/14/2026,11:06:44:565,0.000000,0.000000,3,-95.41,-95.41,0,0,
05/14/2026,11:06:44:620,0.000000,0.000000,1,-117.48,-117.48,0,0,
05/14/2026,11:06:44:707,0.000000,0.000000,2,-117.8,-117.8,0,0,
05/14/2026,11:06:44:793,0.000000,0.000000,4,-118.18,-118.18,0,0,
05/14/2026,11:06:44:818,0.000000,0.000000,3,-95.13,-95.13,0,0,
05/14/2026,11:06:44:865,0.000000,0.000000,1,-120.18,-120.18,0,0,
05/14/2026,11:06:44:952,0.000000,0.000000,2,-118.08,-118.08,0,0,
05/14/2026,11:06:45:035,0.000000,0.000000,4,-117.03,-117.03,0,0,
05/14/2026,11:06:45:084,0.000000,0.000000,3,-92.06,-92.06,0,0,
05/14/2026,11:06:45:154,0.000000,0.000000,1,-119.99,-119.99,0,0,
05/14/2026,11:06:45:236,0.000000,0.000000,2,-119.77,-119.77,0,0,
05/14/2026,11:06:45:282,0.000000,0.000000,4,-117.58,-117.58,0,0,
05/14/2026,11:06:45:296,0.000000,0.000000,3,-86.76,-86.76,0,0,
05/14/2026,11:06:45:349,0.000000,0.000000,1,-120.16,-120.16,0,0,
05/14/2026,11:06:45:437,0.000000,0.000000,2,-117.52,-117.52,0,0,
05/14/2026,11:06:45:524,0.000000,0.000000,4,-118.07,-118.07,0,0,
05/14/2026,11:06:45:546,0.000000,0.000000,3,-82.95,-82.95,0,0,
05/14/2026,11:06:45:594,0.000000,0.000000,1,-121.03,-121.03,0,0,
05/14/2026,11:06:45:682,0.000000,0.000000,2,-120.57,-120.57,0,0,
05/14/2026,11:06:45:770,0.000000,0.000000,4,-118.1,-118.1,0,0,
05/14/2026,11:06:45:784,0.000000,0.000000,3,-91.42,-91.42,0,0,
05/14/2026,11:06:45:839,0.000000,0.000000,1,-118.44,-118.44,0,0,
05/14/2026,11:06:45:924,0.000000,0.000000,2,-120.54,-120.54,0,0,
05/14/2026,11:06:46:011,0.000000,0.000000,4,-118.68,-118.68,0,0,
05/14/2026,11:06:46:030,0.000000,0.000000,3,-89.36,-89.36,0,0,
05/14/2026,11:06:46:083,0.000000,0.000000,1,-119.39,-119.39,0,0,
05/14/2026,11:06:46:169,0.000000,0.000000,2,-119.77,-119.77,0,0,
05/14/2026,11:06:46:255,0.000000,0.000000,4,-116.76,-116.76,0,0,
05/14/2026,11:06:46:277,0.000000,0.000000,3,-91.64,-91.64,0,0,
05/14/2026,11:06:46:326,0.000000,0.000000,1,-120.82,-120.82,0,0,
05/14/2026,11:06:46:412,0.000000,0.000000,2,-119.48,-119.48,0,0,
05/14/2026,11:06:46:504,0.000000,0.000000,4,-119.99,-119.99,0,0,
05/14/2026,11:06:46:517,0.000000,0.000000,3,-93.14,-93.14,0,0,
05/14/2026,11:06:46:573,0.000000,0.000000,1,-118.01,-118.01,0,0,
05/14/2026,11:06:46:661,0.000000,0.000000,2,-118.8,-118.8,0,0,
05/14/2026,11:06:46:750,0.000000,0.000000,4,-118.62,-118.62,0,0,
05/14/2026,11:06:46:762,0.000000,0.000000,3,-89.66,-89.66,0,0,
05/14/2026,11:06:46:812,0.000000,0.000000,1,-120.31,-120.31,0,0,
05/14/2026,11:06:46:901,0.000000,0.000000,2,-122.64,-122.64,0,0,
05/14/2026,11:06:47:033,0.000000,0.000000,4,-117.73,-117.73,0,0,
05/14/2026,11:06:47:034,0.000000,0.000000,3,-92.88,-92.88,0,0,
05/14/2026,11:06:47:113,0.000000,0.000000,1,-119.94,-119.94,0,0,
05/14/2026,11:06:47:173,0.000000,0.000000,2,-120.97,-120.97,0,0,
05/14/2026,11:06:47:262,0.000000,0.000000,4,-120.66,-120.66,0,0,
05/14/2026,11:06:47:268,0.000000,0.000000,3,-88.07,-88.07,0,0,
05/14/2026,11:06:47:301,0.000000,0.000000,1,-122.87,-122.87,0,0,
05/14/2026,11:06:47:389,0.000000,0.000000,2,-120.44,-120.44,0,0,
05/14/2026,11:06:47:475,0.000000,0.000000,4,-118.73,-118.73,0,0,
05/14/2026,11:06:47:490,0.000000,0.000000,3,-90.93,-90.93,0,0,
05/14/2026,11:06:47:547,0.000000,0.000000,1,-121.02,-121.02,0,0,
05/14/2026,11:06:47:633,0.000000,0.000000,2,-121.5,-121.5,0,0,
05/14/2026,11:06:47:721,0.000000,0.000000,4,-116.98,-116.98,0,0,
05/14/2026,11:06:47:735,0.000000,0.000000,3,-98.47,-98.47,0,0,
05/14/2026,11:06:47:788,0.000000,0.000000,1,-120.83,-120.83,0,0,
05/14/2026,11:06:47:875,0.000000,0.000000,2,-120.74,-120.74,0,0,
05/14/2026,11:06:47:962,0.000000,0.000000,4,-119.75,-119.75,0,0,
05/14/2026,11:06:47:979,0.000000,0.000000,3,-91.63,-91.63,0,0,
05/14/2026,11:06:48:033,0.000000,0.000000,1,-118.28,-118.28,0,0,
05/14/2026,11:06:48:121,0.000000,0.000000,2,-120.57,-120.57,0,0,
05/14/2026,11:06:48:209,0.000000,0.000000,4,-118.96,-118.96,0,0,
05/14/2026,11:06:48:224,0.000000,0.000000,3,-89.77,-89.77,0,0,
05/14/2026,11:06:48:277,0.000000,0.000000,1,-121.35,-121.35,0,0,
05/14/2026,11:06:48:362,0.000000,0.000000,2,-121.23,-121.23,0,0,
05/14/2026,11:06:48:448,0.000000,0.000000,4,-117.87,-117.87,0,0,
05/14/2026,11:06:48:471,0.000000,0.000000,3,-99.88,-99.88,0,0,
05/14/2026,11:06:48:518,0.000000,0.000000,1,-120.47,-120.47,0,0,
05/14/2026,11:06:48:607,0.000000,0.000000,2,-121.96,-121.96,0,0,
05/14/2026,11:06:48:704,0.000000,0.000000,4,-119.92,-119.92,0,0,
05/14/2026,11:06:48:709,0.000000,0.000000,3,-102.09,-102.09,0,0,
05/14/2026,11:06:48:764,0.000000,0.000000,1,-120.52,-120.52,0,0,
05/14/2026,11:06:48:892,0.000000,0.000000,2,-123.32,-123.32,0,0,
05/14/2026,11:06:48:977,0.000000,0.000000,4,-116.99,-116.99,0,0,
05/14/2026,11:06:48:977,0.000000,0.000000,3,-86.85,-86.85,0,0,
05/14/2026,11:06:49:031,0.000000,0.000000,1,-119.63,-119.63,0,0,
05/14/2026,11:06:49:093,0.000000,0.000000,2,-121.85,-121.85,0,0,
05/14/2026,11:06:49:184,0.000000,0.000000,4,-118.4,-118.4,0,0,
05/14/2026,11:06:49:198,0.000000,0.000000,3,-90.95,-90.95,0,0,
05/14/2026,11:06:49:255,0.000000,0.000000,1,-120.69,-120.69,0,0,
05/14/2026,11:06:49:337,0.000000,0.000000,2,-123.9,-123.9,0,0,
05/14/2026,11:06:49:426,0.000000,0.000000,4,-118.29,-118.29,0,0,
05/14/2026,11:06:49:711,0.000000,0.000000,3,-88.86,-88.86,0,0,
05/14/2026,11:06:49:725,0.000000,0.000000,1,-123.09,-123.09,0,0,
05/14/2026,11:06:49:749,0.000000,0.000000,2,-123.12,-123.12,0,0,
05/14/2026,11:06:49:763,0.000000,0.000000,4,-119.13,-119.13,0,0,
05/14/2026,11:06:49:766,0.000000,0.000000,3,-94.78,-94.78,0,0,
05/14/2026,11:06:49:776,0.000000,0.000000,1,-120.4,-120.4,0,0,
05/14/2026,11:06:49:828,0.000000,0.000000,2,-121.92,-121.92,0,0,
05/14/2026,11:06:49:915,0.000000,0.000000,4,-119.31,-119.31,0,0,
05/14/2026,11:06:49:929,0.000000,0.000000,3,-98.88,-98.88,0,0,
05/14/2026,11:06:49:982,0.000000,0.000000,1,-121.37,-121.37,0,0,
05/14/2026,11:06:50:068,0.000000,0.000000,2,-121.99,-121.99,0,0,
05/14/2026,11:06:50:154,0.000000,0.000000,4,-117.78,-117.78,0,0,
05/14/2026,11:06:50:172,0.000000,0.000000,3,-91.36,-91.36,0,0,
05/14/2026,11:06:50:227,0.000000,0.000000,1,-123.27,-123.27,0,0,
05/14/2026,11:06:50:312,0.000000,0.000000,2,-120.54,-120.54,0,0,
05/14/2026,11:06:50:398,0.000000,0.000000,4,-118.39,-118.39,0,0,
05/14/2026,11:06:50:442,0.000000,0.000000,3,-90.21,-90.21,0,0,
05/14/2026,11:06:50:521,0.000000,0.000000,1,-121.11,-121.11,0,0,
05/14/2026,11:06:50:602,0.000000,0.000000,2,-118.8,-118.8,0,0,
05/14/2026,11:06:50:670,0.000000,0.000000,4,-118.23,-118.23,0,0,
05/14/2026,11:06:50:677,0.000000,0.000000,3,-92.21,-92.21,0,0,
05/14/2026,11:06:50:774,0.000000,0.000000,1,-119.52,-119.52,0,0,
05/14/2026,11:06:50:798,0.000000,0.000000,2,-121.26,-121.26,0,0,
05/14/2026,11:06:50:884,0.000000,0.000000,4,-120.83,-120.83,0,0,
05/14/2026,11:06:50:912,0.000000,0.000000,3,-88.87,-88.87,0,0,
05/14/2026,11:06:50:958,0.000000,0.000000,1,-119.33,-119.33,0,0,
05/14/2026,11:06:51:043,0.000000,0.000000,2,-121.09,-121.09,0,0,
05/14/2026,11:06:51:134,0.000000,0.000000,4,-118.83,-118.83,0,0,
05/14/2026,11:06:51:147,0.000000,0.000000,3,-93.94,-93.94,0,0,
05/14/2026,11:06:51:201,0.000000,0.000000,1,-118.03,-118.03,0,0,
05/14/2026,11:06:51:288,0.000000,0.000000,2,-117.3,-117.3,0,0,
05/14/2026,11:06:51:381,0.000000,0.000000,4,-118.05,-118.05,0,0,
05/14/2026,11:06:51:402,0.000000,0.000000,3,-92.08,-92.08,0,0,
05/14/2026,11:06:51:445,0.000000,0.000000,1,-120.45,-120.45,0,0,
05/14/2026,11:06:51:531,0.000000,0.000000,2,-120.88,-120.88,0,0,
05/14/2026,11:06:51:620,0.000000,0.000000,4,-121.59,-121.59,0,0,
05/14/2026,11:06:51:633,0.000000,0.000000,3,-89.59,-89.59,0,0,
05/14/2026,11:06:51:696,0.000000,0.000000,1,-117.59,-117.59,0,0,
05/14/2026,11:06:51:775,0.000000,0.000000,2,-118.85,-118.85,0,0,
05/14/2026,11:06:51:869,0.000000,0.000000,4,-119.37,-119.37,0,0,
05/14/2026,11:06:51:878,0.000000,0.000000,3,-91.92,-91.92,0,0,
05/14/2026,11:06:51:934,0.000000,0.000000,1,-119.89,-119.89,0,0,
05/14/2026,11:06:52:019,0.000000,0.000000,2,-111.09,-111.09,0,0,
05/14/2026,11:06:52:116,0.000000,0.000000,4,-115.67,-115.67,0,0,
05/14/2026,11:06:52:120,0.000000,0.000000,3,-74.78,-74.78,0,0,
05/14/2026,11:06:52:174,0.000000,0.000000,1,-110.27,-110.27,0,0,
05/14/2026,11:06:52:265,0.000000,0.000000,2,-108.88,-108.88,0,0,
05/14/2026,11:06:52:349,0.000000,0.000000,4,-112.96,-112.96,0,0,
05/14/2026,11:06:52:367,0.000000,0.000000,3,-67.15,-67.15,0,0,
05/14/2026,11:06:52:417,0.000000,0.000000,1,-108.94,-108.94,0,0,
05/14/2026,11:06:52:526,0.000000,0.000000,2,-112.11,-112.11,0,0,
05/14/2026,11:06:52:605,0.000000,0.000000,4,-113.71,-113.71,0,0,
05/14/2026,11:06:52:610,0.000000,0.000000,3,-76.49,-76.49,0,0,
05/14/2026,11:06:52:686,0.000000,0.000000,1,-113.65,-113.65,0,0,
05/14/2026,11:06:52:751,0.000000,0.000000,2,-103.44,-103.44,0,0,
05/14/2026,11:06:52:834,0.000000,0.000000,4,-99.22,-99.22,0,0,
05/14/2026,11:06:52:855,0.000000,0.000000,3,-63.24,-63.24,0,0,
05/14/2026,11:06:52:907,0.000000,0.000000,1,-90.57,-90.57,0,0,
05/14/2026,11:06:52:993,0.000000,0.000000,2,-97.33,-97.33,0,0,
05/14/2026,11:06:53:079,0.000000,0.000000,4,-102.84,-102.84,0,0,
05/14/2026,11:06:53:097,0.000000,0.000000,3,-58.32,-58.32,0,0,
05/14/2026,11:06:53:153,0.000000,0.000000,1,-99.85,-99.85,0,0,
05/14/2026,11:06:53:235,0.000000,0.000000,2,-105.5,-105.5,0,0,
05/14/2026,11:06:53:331,0.000000,0.000000,4,-114.01,-114.01,0,0,
05/14/2026,11:06:53:339,0.000000,0.000000,3,-66.46,-66.46,0,0,
05/14/2026,11:06:53:391,0.000000,0.000000,1,-97.16,-97.16,0,0,
05/14/2026,11:06:53:480,0.000000,0.000000,2,-104.33,-104.33,0,0,
05/14/2026,11:06:53:566,0.000000,0.000000,4,-110.85,-110.85,0,0,
05/14/2026,11:06:53:585,0.000000,0.000000,3,-69.94,-69.94,0,0,
05/14/2026,11:06:53:636,0.000000,0.000000,1,-107.42,-107.42,0,0,
05/14/2026,11:06:53:724,0.000000,0.000000,2,-113.77,-113.77,0,0,
05/14/2026,11:06:53:810,0.000000,0.000000,4,-113.17,-113.17,0,0,
05/14/2026,11:06:53:827,0.000000,0.000000,3,-76.94,-76.94,0,0,
05/14/2026,11:06:53:883,0.000000,0.000000,1,-115.52,-115.52,0,0,
05/14/2026,11:06:53:967,0.000000,0.000000,2,-113.19,-113.19,0,0,
05/14/2026,11:06:54:054,0.000000,0.000000,4,-114.52,-114.52,0,0,
05/14/2026,11:06:54:070,0.000000,0.000000,3,-72.24,-72.24,0,0,
05/14/2026,11:06:54:124,0.000000,0.000000,1,-111,-111,0,0,
05/14/2026,11:06:54:212,0.000000,0.000000,2,-114.26,-114.26,0,0,
05/14/2026,11:06:54:299,0.000000,0.000000,4,-118.08,-118.08,0,0,
05/14/2026,11:06:54:370,0.000000,0.000000,3,-77.52,-77.52,0,0,
05/14/2026,11:06:54:381,0.000000,0.000000,1,-115.78,-115.78,0,0,
05/14/2026,11:06:54:461,0.000000,0.000000,2,-119.87,-119.87,0,0,
05/14/2026,11:06:54:540,0.000000,0.000000,4,-116.57,-116.57,0,0,
05/14/2026,11:06:54:588,0.000000,0.000000,3,-75.07,-75.07,0,0,
05/14/2026,11:06:54:613,0.000000,0.000000,1,-117.79,-117.79,0,0,
05/14/2026,11:06:54:697,0.000000,0.000000,2,-118.69,-118.69,0,0,
05/14/2026,11:06:55:006,0.000000,0.000000,4,-114.86,-114.86,0,0,
05/14/2026,11:06:55:010,0.000000,0.000000,3,-82.62,-82.62,0,0,
05/14/2026,11:06:55:021,0.000000,0.000000,1,-118.33,-118.33,0,0,
05/14/2026,11:06:55:043,0.000000,0.000000,2,-117.98,-117.98,0,0,
05/14/2026,11:06:55:070,0.000000,0.000000,4,-115.4,-115.4,0,0,
05/14/2026,11:06:55:074,0.000000,0.000000,3,-78.24,-78.24,0,0,
05/14/2026,11:06:55:102,0.000000,0.000000,1,-116.78,-116.78,0,0,
05/14/2026,11:06:55:184,0.000000,0.000000,2,-117.7,-117.7,0,0,
05/14/2026,11:06:55:272,0.000000,0.000000,4,-118.01,-118.01,0,0,
05/14/2026,11:06:55:291,0.000000,0.000000,3,-81.03,-81.03,0,0,
05/14/2026,11:06:55:342,0.000000,0.000000,1,-113.65,-113.65,0,0,
05/14/2026,11:06:55:440,0.000000,0.000000,2,-115.39,-115.39,0,0,
05/14/2026,11:06:55:514,0.000000,0.000000,4,-116.92,-116.92,0,0,
05/14/2026,11:06:55:534,0.000000,0.000000,3,-74.02,-74.02,0,0,
05/14/2026,11:06:55:587,0.000000,0.000000,1,-117.57,-117.57,0,0,
05/14/2026,11:06:55:672,0.000000,0.000000,2,-120.73,-120.73,0,0,
05/14/2026,11:06:55:758,0.000000,0.000000,4,-116.49,-116.49,0,0,
05/14/2026,11:06:55:779,0.000000,0.000000,3,-84.63,-84.63,0,0,
05/14/2026,11:06:55:831,0.000000,0.000000,1,-115.95,-115.95,0,0,
05/14/2026,11:06:55:917,0.000000,0.000000,2,-116.66,-116.66,0,0,
05/14/2026,11:06:56:003,0.000000,0.000000,4,-118.14,-118.14,0,0,
05/14/2026,11:06:56:021,0.000000,0.000000,3,-77.31,-77.31,0,0,
05/14/2026,11:06:56:074,0.000000,0.000000,1,-117.23,-117.23,0,0,
05/14/2026,11:06:56:213,0.000000,0.000000,2,-119.36,-119.36,0,0,
05/14/2026,11:06:56:306,0.000000,0.000000,4,-118.81,-118.81,0,0,
05/14/2026,11:06:56:307,0.000000,0.000000,3,-73.92,-73.92,0,0,
05/14/2026,11:06:56:323,0.000000,0.000000,1,-117.73,-117.73,0,0,
05/14/2026,11:06:56:407,0.000000,0.000000,2,-119.48,-119.48,0,0,
05/14/2026,11:06:56:491,0.000000,0.000000,4,-117.62,-117.62,0,0,
05/14/2026,11:06:56:508,0.000000,0.000000,3,-82.08,-82.08,0,0,
05/14/2026,11:06:56:562,0.000000,0.000000,1,-116.13,-116.13,0,0,
05/14/2026,11:06:56:647,0.000000,0.000000,2,-116.76,-116.76,0,0,
05/14/2026,11:06:56:734,0.000000,0.000000,4,-115.65,-115.65,0,0,
05/14/2026,11:06:56:750,0.000000,0.000000,3,-83.73,-83.73,0,0,
05/14/2026,11:06:56:805,0.000000,0.000000,1,-116.54,-116.54,0,0,
05/14/2026,11:06:56:891,0.000000,0.000000,2,-116.49,-116.49,0,0,
05/14/2026,11:06:56:989,0.000000,0.000000,4,-120.24,-120.24,0,0,
05/14/2026,11:06:56:993,0.000000,0.000000,3,-73.68,-73.68,0,0,
05/14/2026,11:06:57:046,0.000000,0.000000,1,-118.59,-118.59,0,0,
05/14/2026,11:06:57:134,0.000000,0.000000,2,-120.23,-120.23,0,0,
05/14/2026,11:06:57:221,0.000000,0.000000,4,-119.25,-119.25,0,0,
05/14/2026,11:06:57:238,0.000000,0.000000,3,-80.94,-80.94,0,0,
05/14/2026,11:06:57:294,0.000000,0.000000,1,-109.42,-109.42,0,0,
05/14/2026,11:06:57:376,0.000000,0.000000,2,-119.37,-119.37,0,0,
05/14/2026,11:06:57:464,0.000000,0.000000,4,-117.86,-117.86,0,0,
05/14/2026,11:06:57:483,0.000000,0.000000,3,-85.54,-85.54,0,0,
05/14/2026,11:06:57:535,0.000000,0.000000,1,-115.19,-115.19,0,0,
05/14/2026,11:06:57:620,0.000000,0.000000,2,-112.38,-112.38,0,0,
05/14/2026,11:06:57:709,0.000000,0.000000,4,-117.94,-117.94,0,0,
05/14/2026,11:06:57:725,0.000000,0.000000,3,-88.73,-88.73,0,0,
05/14/2026,11:06:57:779,0.000000,0.000000,1,-121.89,-121.89,0,0,
05/14/2026,11:06:57:866,0.000000,0.000000,2,-113.29,-113.29,0,0,
05/14/2026,11:06:57:954,0.000000,0.000000,4,-117.18,-117.18,0,0,
05/14/2026,11:06:57:968,0.000000,0.000000,3,-84.73,-84.73,0,0,
05/14/2026,11:06:58:024,0.000000,0.000000,1,-119.66,-119.66,0,0,
05/14/2026,11:06:58:160,0.000000,0.000000,2,-121.88,-121.88,0,0,
05/14/2026,11:06:58:240,0.000000,0.000000,4,-117.62,-117.62,0,0,
05/14/2026,11:06:58:242,0.000000,0.000000,3,-83.58,-83.58,0,0,
05/14/2026,11:06:58:309,0.000000,0.000000,1,-119.59,-119.59,0,0,
05/14/2026,11:06:58:379,0.000000,0.000000,2,-122.2,-122.2,0,0,
05/14/2026,11:06:58:458,0.000000,0.000000,4,-117.38,-117.38,0,0,
05/14/2026,11:06:58:460,0.000000,0.000000,3,-84.22,-84.22,0,0,
05/14/2026,11:06:58:510,0.000000,0.000000,1,-114.89,-114.89,0,0,
05/14/2026,11:06:58:595,0.000000,0.000000,2,-114.56,-114.56,0,0,
05/14/2026,11:06:58:687,0.000000,0.000000,4,-120.21,-120.21,0,0,
05/14/2026,11:06:58:699,0.000000,0.000000,3,-90.64,-90.64,0,0,
05/14/2026,11:06:58:753,0.000000,0.000000,1,-116.98,-116.98,0,0,
05/14/2026,11:06:58:846,0.000000,0.000000,2,-120.3,-120.3,0,0,
05/14/2026,11:06:58:928,0.000000,0.000000,4,-119.98,-119.98,0,0,
05/14/2026,11:06:58:943,0.000000,0.000000,3,-81.26,-81.26,0,0,
05/14/2026,11:06:59:000,0.000000,0.000000,1,-117.59,-117.59,0,0,
05/14/2026,11:06:59:084,0.000000,0.000000,2,-118,-118,0,0,
05/14/2026,11:06:59:169,0.000000,0.000000,4,-121.6,-121.6,0,0,
05/14/2026,11:06:59:188,0.000000,0.000000,3,-87.21,-87.21,0,0,
05/14/2026,11:06:59:241,0.000000,0.000000,1,-120.17,-120.17,0,0,
05/14/2026,11:06:59:328,0.000000,0.000000,2,-120.68,-120.68,0,0,
05/14/2026,11:06:59:413,0.000000,0.000000,4,-118.46,-118.46,0,0,
05/14/2026,11:06:59:432,0.000000,0.000000,3,-93.63,-93.63,0,0,
05/14/2026,11:06:59:488,0.000000,0.000000,1,-123.99,-123.99,0,0,
05/14/2026,11:06:59:570,0.000000,0.000000,2,-119.56,-119.56,0,0,
05/14/2026,11:06:59:656,0.000000,0.000000,4,-118.98,-118.98,0,0,
05/14/2026,11:06:59:680,0.000000,0.000000,3,-84.94,-84.94,0,0,
05/14/2026,11:06:59:729,0.000000,0.000000,1,-118.15,-118.15,0,0,
05/14/2026,11:06:59:869,0.000000,0.000000,2,-115.36,-115.36,0,0,
05/14/2026,11:06:59:950,0.000000,0.000000,4,-115.83,-115.83,0,0,
05/14/2026,11:06:59:953,0.000000,0.000000,3,-78.11,-78.11,0,0,
05/14/2026,11:07:00:021,0.000000,0.000000,1,-117.57,-117.57,0,0,
05/14/2026,11:07:00:271,0.000000,0.000000,2,-115.57,-115.57,0,0,
05/14/2026,11:07:00:293,0.000000,0.000000,4,-117.83,-117.83,0,0,
05/14/2026,11:07:00:296,0.000000,0.000000,3,-85.54,-85.54,0,0,
05/14/2026,11:07:00:308,0.000000,0.000000,1,-120.9,-120.9,0,0,
05/14/2026,11:07:00:326,0.000000,0.000000,2,-121.94,-121.94,0,0,
05/14/2026,11:07:00:390,0.000000,0.000000,4,-118.53,-118.53,0,0,
05/14/2026,11:07:00:406,0.000000,0.000000,3,-84.5,-84.5,0,0,
05/14/2026,11:07:00:459,0.000000,0.000000,1,-119.4,-119.4,0,0,
05/14/2026,11:07:00:544,0.000000,0.000000,2,-121.45,-121.45,0,0,
05/14/2026,11:07:00:634,0.000000,0.000000,4,-117.62,-117.62,0,0,
05/14/2026,11:07:00:650,0.000000,0.000000,3,-87.34,-87.34,0,0,
05/14/2026,11:07:00:703,0.000000,0.000000,1,-118.58,-118.58,0,0,
05/14/2026,11:07:00:788,0.000000,0.000000,2,-121.81,-121.81,0,0,
05/14/2026,11:07:00:875,0.000000,0.000000,4,-118.16,-118.16,0,0,
05/14/2026,11:07:00:892,0.000000,0.000000,3,-85.5,-85.5,0,0,
05/14/2026,11:07:00:947,0.000000,0.000000,1,-117.59,-117.59,0,0,
05/14/2026,11:07:01:032,0.000000,0.000000,2,-119.9,-119.9,0,0,
05/14/2026,11:07:01:120,0.000000,0.000000,4,-123.2,-123.2,0,0,
05/14/2026,11:07:01:134,0.000000,0.000000,3,-82.75,-82.75,0,0,
05/14/2026,11:07:01:191,0.000000,0.000000,1,-119.97,-119.97,0,0,
05/14/2026,11:07:01:279,0.000000,0.000000,2,-120.13,-120.13,0,0,
05/14/2026,11:07:01:362,0.000000,0.000000,4,-117.39,-117.39,0,0,
05/14/2026,11:07:01:381,0.000000,0.000000,3,-85.94,-85.94,0,0,
05/14/2026,11:07:01:435,0.000000,0.000000,1,-117.72,-117.72,0,0,
05/14/2026,11:07:01:518,0.000000,0.000000,2,-119.66,-119.66,0,0,
05/14/2026,11:07:01:606,0.000000,0.000000,4,-119.35,-119.35,0,0,
05/14/2026,11:07:01:624,0.000000,0.000000,3,-94.83,-94.83,0,0,
05/14/2026,11:07:01:699,0.000000,0.000000,1,-120.33,-120.33,0,0,
05/14/2026,11:07:01:788,0.000000,0.000000,2,-117.99,-117.99,0,0,
05/14/2026,11:07:01:854,0.000000,0.000000,4,-120.53,-120.53,0,0,
05/14/2026,11:07:01:924,0.000000,0.000000,3,-88.72,-88.72,0,0,
05/14/2026,11:07:01:934,0.000000,0.000000,1,-119.13,-119.13,0,0,
05/14/2026,11:07:02:007,0.000000,0.000000,2,-122.24,-122.24,0,0,
05/14/2026,11:07:02:108,0.000000,0.000000,4,-117.79,-117.79,0,0,
05/14/2026,11:07:02:111,0.000000,0.000000,3,-87.88,-87.88,0,0,
05/14/2026,11:07:02:165,0.000000,0.000000,1,-120.67,-120.67,0,0,
05/14/2026,11:07:02:252,0.000000,0.000000,2,-118.39,-118.39,0,0,
05/14/2026,11:07:02:336,0.000000,0.000000,4,-117.92,-117.92,0,0,
05/14/2026,11:07:02:355,0.000000,0.000000,3,-84.82,-84.82,0,0,
05/14/2026,11:07:02:408,0.000000,0.000000,1,-119.25,-119.25,0,0,
05/14/2026,11:07:02:496,0.000000,0.000000,2,-120.61,-120.61,0,0,
05/14/2026,11:07:02:580,0.000000,0.000000,4,-120.36,-120.36,0,0,
05/14/2026,11:07:02:597,0.000000,0.000000,3,-97.54,-97.54,0,0,
05/14/2026,11:07:02:652,0.000000,0.000000,1,-118.45,-118.45,0,0,
05/14/2026,11:07:02:735,0.000000,0.000000,2,-121.74,-121.74,0,0,
05/14/2026,11:07:02:823,0.000000,0.000000,4,-121.43,-121.43,0,0,
05/14/2026,11:07:02:841,0.000000,0.000000,3,-96.17,-96.17,0,0,
05/14/2026,11:07:02:896,0.000000,0.000000,1,-119.45,-119.45,0,0,
05/14/2026,11:07:02:981,0.000000,0.000000,2,-120.59,-120.59,0,0,
05/14/2026,11:07:03:067,0.000000,0.000000,4,-118.76,-118.76,0,0,
05/14/2026,11:07:03:086,0.000000,0.000000,3,-95.68,-95.68,0,0,
05/14/2026,11:07:03:138,0.000000,0.000000,1,-120.47,-120.47,0,0,
05/14/2026,11:07:03:224,0.000000,0.000000,2,-119.61,-119.61,0,0,
05/14/2026,11:07:03:314,0.000000,0.000000,4,-118.96,-118.96,0,0,
05/14/2026,11:07:03:328,0.000000,0.000000,3,-89.41,-89.41,0,0,
05/14/2026,11:07:03:394,0.000000,0.000000,1,-123.53,-123.53,0,0,
05/14/2026,11:07:03:469,0.000000,0.000000,2,-122.11,-122.11,0,0,
05/14/2026,11:07:03:599,0.000000,0.000000,4,-120.38,-120.38,0,0,
05/14/2026,11:07:03:601,0.000000,0.000000,3,-83.18,-83.18,0,0,
05/14/2026,11:07:03:686,0.000000,0.000000,1,-122.76,-122.76,0,0,
05/14/2026,11:07:03:735,0.000000,0.000000,2,-118.53,-118.53,0,0,
05/14/2026,11:07:03:799,0.000000,0.000000,4,-119.21,-119.21,0,0,
05/14/2026,11:07:03:817,0.000000,0.000000,3,-103.34,-103.34,0,0,
05/14/2026,11:07:03:872,0.000000,0.000000,1,-118.97,-118.97,0,0,
05/14/2026,11:07:03:958,0.000000,0.000000,2,-121.92,-121.92,0,0,
05/14/2026,11:07:04:045,0.000000,0.000000,4,-119.34,-119.34,0,0,
05/14/2026,11:07:04:060,0.000000,0.000000,3,-95.59,-95.59,0,0,
05/14/2026,11:07:04:115,0.000000,0.000000,1,-119.35,-119.35,0,0,
05/14/2026,11:07:04:200,0.000000,0.000000,2,-125.69,-125.69,0,0,
05/14/2026,11:07:04:287,0.000000,0.000000,4,-118.38,-118.38,0,0,
05/14/2026,11:07:04:302,0.000000,0.000000,3,-92.5,-92.5,0,0,
05/14/2026,11:07:04:357,0.000000,0.000000,1,-121.25,-121.25,0,0,
05/14/2026,11:07:04:443,0.000000,0.000000,2,-121.49,-121.49,0,0,
05/14/2026,11:07:04:530,0.000000,0.000000,4,-119.88,-119.88,0,0,
05/14/2026,11:07:04:546,0.000000,0.000000,3,-93.34,-93.34,0,0,
05/14/2026,11:07:04:599,0.000000,0.000000,1,-120.57,-120.57,0,0,
05/14/2026,11:07:04:687,0.000000,0.000000,2,-119.43,-119.43,0,0,
05/14/2026,11:07:04:776,0.000000,0.000000,4,-118.55,-118.55,0,0,
05/14/2026,11:07:04:790,0.000000,0.000000,3,-94.99,-94.99,0,0,
05/14/2026,11:07:04:850,0.000000,0.000000,1,-121.22,-121.22,0,0,
05/14/2026,11:07:04:933,0.000000,0.000000,2,-119.31,-119.31,0,0,
05/14/2026,11:07:05:018,0.000000,0.000000,4,-117.45,-117.45,0,0,
05/14/2026,11:07:05:045,0.000000,0.000000,3,-86.2,-86.2,0,0,
05/14/2026,11:07:05:086,0.000000,0.000000,1,-118.81,-118.81,0,0,
05/14/2026,11:07:05:172,0.000000,0.000000,2,-118.44,-118.44,0,0,
05/14/2026,11:07:05:260,0.000000,0.000000,4,-117.81,-117.81,0,0,
05/14/2026,11:07:05:541,0.000000,0.000000,3,-90.73,-90.73,0,0,
05/14/2026,11:07:05:555,0.000000,0.000000,1,-119.42,-119.42,0,0,
05/14/2026,11:07:05:575,0.000000,0.000000,2,-120.52,-120.52,0,0,
05/14/2026,11:07:05:602,0.000000,0.000000,4,-116.53,-116.53,0,0,
05/14/2026,11:07:05:604,0.000000,0.000000,3,-90.05,-90.05,0,0,
05/14/2026,11:07:05:637,0.000000,0.000000,1,-119.77,-119.77,0,0,
05/14/2026,11:07:05:728,0.000000,0.000000,2,-117.13,-117.13,0,0,
05/14/2026,11:07:05:776,0.000000,0.000000,4,-117.86,-117.86,0,0,
05/14/2026,11:07:05:781,0.000000,0.000000,3,-83.9,-83.9,0,0,
05/14/2026,11:07:05:822,0.000000,0.000000,1,-118.88,-118.88,0,0,
05/14/2026,11:07:05:910,0.000000,0.000000,2,-117.07,-117.07,0,0,
05/14/2026,11:07:05:991,0.000000,0.000000,4,-116.94,-116.94,0,0,
05/14/2026,11:07:06:009,0.000000,0.000000,3,-69.7,-69.7,0,0,
05/14/2026,11:07:06:071,0.000000,0.000000,1,-112.72,-112.72,0,0,
05/14/2026,11:07:06:148,0.000000,0.000000,2,-111.3,-111.3,0,0,
05/14/2026,11:07:06:234,0.000000,0.000000,4,-115.44,-115.44,0,0,
05/14/2026,11:07:06:252,0.000000,0.000000,3,-60.21,-60.21,0,0,
05/14/2026,11:07:06:314,0.000000,0.000000,1,-105.74,-105.74,0,0,
05/14/2026,11:07:06:394,0.000000,0.000000,2,-107.58,-107.58,0,0,
05/14/2026,11:07:06:480,0.000000,0.000000,4,-115.51,-115.51,0,0,
05/14/2026,11:07:06:499,0.000000,0.000000,3,-65.5,-65.5,0,0,
05/14/2026,11:07:06:548,0.000000,0.000000,1,-110.95,-110.95,0,0,
05/14/2026,11:07:06:636,0.000000,0.000000,2,-115.63,-115.63,0,0,
05/14/2026,11:07:06:722,0.000000,0.000000,4,-113.01,-113.01,0,0,
05/14/2026,11:07:06:741,0.000000,0.000000,3,-74.84,-74.84,0,0,
05/14/2026,11:07:06:794,0.000000,0.000000,1,-114.39,-114.39,0,0,
05/14/2026,11:07:06:886,0.000000,0.000000,2,-112.45,-112.45,0,0,
05/14/2026,11:07:06:967,0.000000,0.000000,4,-115.95,-115.95,0,0,
05/14/2026,11:07:06:982,0.000000,0.000000,3,-69.89,-69.89,0,0,
05/14/2026,11:07:07:037,0.000000,0.000000,1,-116.57,-116.57,0,0,
05/14/2026,11:07:07:124,0.000000,0.000000,2,-113.89,-113.89,0,0,
05/14/2026,11:07:07:221,0.000000,0.000000,4,-117.27,-117.27,0,0,
05/14/2026,11:07:07:227,0.000000,0.000000,3,-65.1,-65.1,0,0,
05/14/2026,11:07:07:297,0.000000,0.000000,1,-118.19,-118.19,0,0,
05/14/2026,11:07:07:378,0.000000,0.000000,2,-119.06,-119.06,0,0,
05/14/2026,11:07:07:455,0.000000,0.000000,4,-118.11,-118.11,0,0,
05/14/2026,11:07:07:508,0.000000,0.000000,3,-72.91,-72.91,0,0,
05/14/2026,11:07:07:551,0.000000,0.000000,1,-116.37,-116.37,0,0,
05/14/2026,11:07:07:609,0.000000,0.000000,2,-117.82,-117.82,0,0,
05/14/2026,11:07:07:696,0.000000,0.000000,4,-116.26,-116.26,0,0,
05/14/2026,11:07:07:717,0.000000,0.000000,3,-73.94,-73.94,0,0,
05/14/2026,11:07:07:768,0.000000,0.000000,1,-111.55,-111.55,0,0,
05/14/2026,11:07:07:855,0.000000,0.000000,2,-117.93,-117.93,0,0,
05/14/2026,11:07:07:942,0.000000,0.000000,4,-115.05,-115.05,0,0,
05/14/2026,11:07:07:957,0.000000,0.000000,3,-68.67,-68.67,0,0,
05/14/2026,11:07:08:012,0.000000,0.000000,1,-111.47,-111.47,0,0,
05/14/2026,11:07:08:102,0.000000,0.000000,2,-116.41,-116.41,0,0,
05/14/2026,11:07:08:183,0.000000,0.000000,4,-118.55,-118.55,0,0,
05/14/2026,11:07:08:203,0.000000,0.000000,3,-69.36,-69.36,0,0,
05/14/2026,11:07:08:255,0.000000,0.000000,1,-112.9,-112.9,0,0,
05/14/2026,11:07:08:341,0.000000,0.000000,2,-117.6,-117.6,0,0,
05/14/2026,11:07:08:428,0.000000,0.000000,4,-118.08,-118.08,0,0,
05/14/2026,11:07:08:445,0.000000,0.000000,3,-77.16,-77.16,0,0,
05/14/2026,11:07:08:512,0.000000,0.000000,1,-119.75,-119.75,0,0,
05/14/2026,11:07:08:585,0.000000,0.000000,2,-113.28,-113.28,0,0,
05/14/2026,11:07:08:671,0.000000,0.000000,4,-115.49,-115.49,0,0,
05/14/2026,11:07:08:690,0.000000,0.000000,3,-75.36,-75.36,0,0,
05/14/2026,11:07:08:743,0.000000,0.000000,1,-119.11,-119.11,0,0,
05/14/2026,11:07:08:829,0.000000,0.000000,2,-111.76,-111.76,0,0,
05/14/2026,11:07:08:916,0.000000,0.000000,4,-116.92,-116.92,0,0,
05/14/2026,11:07:08:935,0.000000,0.000000,3,-82.83,-82.83,0,0,
05/14/2026,11:07:08:986,0.000000,0.000000,1,-117.87,-117.87,0,0,
05/14/2026,11:07:09:077,0.000000,0.000000,2,-113.29,-113.29,0,0,
05/14/2026,11:07:09:201,0.000000,0.000000,4,-117.71,-117.71,0,0,
05/14/2026,11:07:09:202,0.000000,0.000000,3,-65.63,-65.63,0,0,
05/14/2026,11:07:09:276,0.000000,0.000000,1,-113.67,-113.67,0,0,
05/14/2026,11:07:09:351,0.000000,0.000000,2,-111.57,-111.57,0,0,
05/14/2026,11:07:09:407,0.000000,0.000000,4,-118.26,-118.26,0,0,
05/14/2026,11:07:09:420,0.000000,0.000000,3,-75.81,-75.81,0,0,
05/14/2026,11:07:09:476,0.000000,0.000000,1,-115.86,-115.86,0,0,
05/14/2026,11:07:09:559,0.000000,0.000000,2,-114.45,-114.45,0,0,
05/14/2026,11:07:09:648,0.000000,0.000000,4,-117.79,-117.79,0,0,
05/14/2026,11:07:09:665,0.000000,0.000000,3,-76.09,-76.09,0,0,
05/14/2026,11:07:09:721,0.000000,0.000000,1,-120.38,-120.38,0,0,
05/14/2026,11:07:09:815,0.000000,0.000000,2,-114.87,-114.87,0,0,
05/14/2026,11:07:09:894,0.000000,0.000000,4,-118.18,-118.18,0,0,
05/14/2026,11:07:09:907,0.000000,0.000000,3,-70.52,-70.52,0,0,
05/14/2026,11:07:09:970,0.000000,0.000000,1,-109.34,-109.34,0,0,
05/14/2026,11:07:10:048,0.000000,0.000000,2,-112.09,-112.09,0,0,
05/14/2026,11:07:10:133,0.000000,0.000000,4,-117.88,-117.88,0,0,
05/14/2026,11:07:10:153,0.000000,0.000000,3,-78.33,-78.33,0,0,
05/14/2026,11:07:10:204,0.000000,0.000000,1,-118.36,-118.36,0,0,
05/14/2026,11:07:10:290,0.000000,0.000000,2,-117.8,-117.8,0,0,
05/14/2026,11:07:10:381,0.000000,0.000000,4,-118.39,-118.39,0,0,
05/14/2026,11:07:10:400,0.000000,0.000000,3,-74.37,-74.37,0,0,
05/14/2026,11:07:10:449,0.000000,0.000000,1,-114.79,-114.79,0,0,
05/14/2026,11:07:10:535,0.000000,0.000000,2,-117.38,-117.38,0,0,
05/14/2026,11:07:10:844,0.000000,0.000000,4,-117.39,-117.39,0,0,
05/14/2026,11:07:10:849,0.000000,0.000000,3,-79.22,-79.22,0,0,
05/14/2026,11:07:10:857,0.000000,0.000000,1,-117.56,-117.56,0,0,
05/14/2026,11:07:10:874,0.000000,0.000000,2,-111.51,-111.51,0,0,
05/14/2026,11:07:10:888,0.000000,0.000000,4,-117.59,-117.59,0,0,
05/14/2026,11:07:10:891,0.000000,0.000000,3,-74.4,-74.4,0,0,
05/14/2026,11:07:10:934,0.000000,0.000000,1,-119.74,-119.74,0,0,
05/14/2026,11:07:11:021,0.000000,0.000000,2,-121.78,-121.78,0,0,
05/14/2026,11:07:11:160,0.000000,0.000000,4,-116.21,-116.21,0,0,
05/14/2026,11:07:11:165,0.000000,0.000000,3,-73.19,-73.19,0,0,
05/14/2026,11:07:11:178,0.000000,0.000000,1,-122.04,-122.04,0,0,
05/14/2026,11:07:11:282,0.000000,0.000000,2,-117.03,-117.03,0,0,
05/14/2026,11:07:11:371,0.000000,0.000000,4,-116.23,-116.23,0,0,
05/14/2026,11:07:11:372,0.000000,0.000000,3,-72.55,-72.55,0,0,
05/14/2026,11:07:11:424,0.000000,0.000000,1,-119.52,-119.52,0,0,
05/14/2026,11:07:11:512,0.000000,0.000000,2,-112.79,-112.79,0,0,
05/14/2026,11:07:11:597,0.000000,0.000000,4,-117.83,-117.83,0,0,
05/14/2026,11:07:11:614,0.000000,0.000000,3,-68.27,-68.27,0,0,
05/14/2026,11:07:11:668,0.000000,0.000000,1,-120.53,-120.53,0,0,
05/14/2026,11:07:11:753,0.000000,0.000000,2,-111.3,-111.3,0,0,
05/14/2026,11:07:11:840,0.000000,0.000000,4,-114.37,-114.37,0,0,
05/14/2026,11:07:11:860,0.000000,0.000000,3,-75.37,-75.37,0,0,
05/14/2026,11:07:11:912,0.000000,0.000000,1,-118.91,-118.91,0,0,
05/14/2026,11:07:11:996,0.000000,0.000000,2,-118.95,-118.95,0,0,
05/14/2026,11:07:12:085,0.000000,0.000000,4,-117.85,-117.85,0,0,
05/14/2026,11:07:12:102,0.000000,0.000000,3,-71.96,-71.96,0,0,
05/14/2026,11:07:12:152,0.000000,0.000000,1,-121.16,-121.16,0,0,
05/14/2026,11:07:12:242,0.000000,0.000000,2,-118.88,-118.88,0,0,
05/14/2026,11:07:12:335,0.000000,0.000000,4,-118.62,-118.62,0,0,
05/14/2026,11:07:12:344,0.000000,0.000000,3,-71.47,-71.47,0,0,
05/14/2026,11:07:12:410,0.000000,0.000000,1,-120.29,-120.29,0,0,
05/14/2026,11:07:12:489,0.000000,0.000000,2,-119.57,-119.57,0,0,
05/14/2026,11:07:12:570,0.000000,0.000000,4,-117.66,-117.66,0,0,
05/14/2026,11:07:12:588,0.000000,0.000000,3,-80.36,-80.36,0,0,
05/14/2026,11:07:12:652,0.000000,0.000000,1,-120.43,-120.43,0,0,
05/14/2026,11:07:12:729,0.000000,0.000000,2,-118.91,-118.91,0,0,
05/14/2026,11:07:12:814,0.000000,0.000000,4,-117.93,-117.93,0,0,
05/14/2026,11:07:12:834,0.000000,0.000000,3,-79.34,-79.34,0,0,
05/14/2026,11:07:12:884,0.000000,0.000000,1,-120.03,-120.03,0,0,
05/14/2026,11:07:13:015,0.000000,0.000000,2,-114.92,-114.92,0,0,
05/14/2026,11:07:13:091,0.000000,0.000000,4,-117.33,-117.33,0,0,
05/14/2026,11:07:13:093,0.000000,0.000000,3,-82.42,-82.42,0,0,
05/14/2026,11:07:13:147,0.000000,0.000000,1,-121.56,-121.56,0,0,
05/14/2026,11:07:13:224,0.000000,0.000000,2,-117.58,-117.58,0,0,
05/14/2026,11:07:13:301,0.000000,0.000000,4,-118.98,-118.98,0,0,
05/14/2026,11:07:13:319,0.000000,0.000000,3,-75.06,-75.06,0,0,
05/14/2026,11:07:13:374,0.000000,0.000000,1,-121.42,-121.42,0,0,
05/14/2026,11:07:13:458,0.000000,0.000000,2,-113.69,-113.69,0,0,
05/14/2026,11:07:13:545,0.000000,0.000000,4,-117.19,-117.19,0,0,
05/14/2026,11:07:13:563,0.000000,0.000000,3,-80.43,-80.43,0,0,
05/14/2026,11:07:13:630,0.000000,0.000000,1,-116.82,-116.82,0,0,
05/14/2026,11:07:13:706,0.000000,0.000000,2,-116.89,-116.89,0,0,
05/14/2026,11:07:13:791,0.000000,0.000000,4,-118.24,-118.24,0,0,
05/14/2026,11:07:13:808,0.000000,0.000000,3,-75.36,-75.36,0,0,
05/14/2026,11:07:13:859,0.000000,0.000000,1,-121.27,-121.27,0,0,
05/14/2026,11:07:13:945,0.000000,0.000000,2,-120.63,-120.63,0,0,
05/14/2026,11:07:14:032,0.000000,0.000000,4,-117.33,-117.33,0,0,
05/14/2026,11:07:14:050,0.000000,0.000000,3,-75.83,-75.83,0,0,
05/14/2026,11:07:14:104,0.000000,0.000000,1,-122.92,-122.92,0,0,
05/14/2026,11:07:14:190,0.000000,0.000000,2,-119.56,-119.56,0,0,
05/14/2026,11:07:14:279,0.000000,0.000000,4,-117.26,-117.26,0,0,
05/14/2026,11:07:14:297,0.000000,0.000000,3,-80.51,-80.51,0,0,
05/14/2026,11:07:14:345,0.000000,0.000000,1,-119.75,-119.75,0,0,
05/14/2026,11:07:14:434,0.000000,0.000000,2,-118.82,-118.82,0,0,
05/14/2026,11:07:14:522,0.000000,0.000000,4,-117.49,-117.49,0,0,
05/14/2026,11:07:14:542,0.000000,0.000000,3,-75.49,-75.49,0,0,
05/14/2026,11:07:14:589,0.000000,0.000000,1,-119.16,-119.16,0,0,
05/14/2026,11:07:14:676,0.000000,0.000000,2,-116.09,-116.09,0,0,
05/14/2026,11:07:14:765,0.000000,0.000000,4,-117.19,-117.19,0,0,
05/14/2026,11:07:14:782,0.000000,0.000000,3,-75.86,-75.86,0,0,
05/14/2026,11:07:14:874,0.000000,0.000000,1,-119.9,-119.9,0,0,
05/14/2026,11:07:14:969,0.000000,0.000000,2,-117.19,-117.19,0,0,
05/14/2026,11:07:15:007,0.000000,0.000000,4,-121.37,-121.37,0,0,
05/14/2026,11:07:15:096,0.000000,0.000000,3,-81.23,-81.23,0,0,
05/14/2026,11:07:15:108,0.000000,0.000000,1,-120.39,-120.39,0,0,
05/14/2026,11:07:15:177,0.000000,0.000000,2,-116.96,-116.96,0,0,
05/14/2026,11:07:15:249,0.000000,0.000000,4,-115.85,-115.85,0,0,
05/14/2026,11:07:15:266,0.000000,0.000000,3,-81.39,-81.39,0,0,
05/14/2026,11:07:15:321,0.000000,0.000000,1,-119.45,-119.45,0,0,
05/14/2026,11:07:15:409,0.000000,0.000000,2,-112.92,-112.92,0,0,
05/14/2026,11:07:15:500,0.000000,0.000000,4,-119.54,-119.54,0,0,
05/14/2026,11:07:15:516,0.000000,0.000000,3,-70.77,-70.77,0,0,
05/14/2026,11:07:15:566,0.000000,0.000000,1,-119.95,-119.95,0,0,
05/14/2026,11:07:15:652,0.000000,0.000000,2,-108.96,-108.96,0,0,
05/14/2026,11:07:15:739,0.000000,0.000000,4,-115.76,-115.76,0,0,
05/14/2026,11:07:15:755,0.000000,0.000000,3,-71.92,-71.92,0,0,
05/14/2026,11:07:15:808,0.000000,0.000000,1,-122.15,-122.15,0,0,
05/14/2026,11:07:16:120,0.000000,0.000000,2,-116.87,-116.87,0,0,
05/14/2026,11:07:16:142,0.000000,0.000000,4,-121.02,-121.02,0,0,
05/14/2026,11:07:16:145,0.000000,0.000000,3,-87.34,-87.34,0,0,
05/14/2026,11:07:16:155,0.000000,0.000000,1,-118.44,-118.44,0,0,
05/14/2026,11:07:16:191,0.000000,0.000000,2,-117.25,-117.25,0,0,
05/14/2026,11:07:16:228,0.000000,0.000000,4,-120.78,-120.78,0,0,
05/14/2026,11:07:16:254,0.000000,0.000000,3,-88.51,-88.51,0,0,
05/14/2026,11:07:16:296,0.000000,0.000000,1,-117.68,-117.68,0,0,
05/14/2026,11:07:16:384,0.000000,0.000000,2,-120.08,-120.08,0,0,
05/14/2026,11:07:16:496,0.000000,0.000000,4,-119.76,-119.76,0,0,
05/14/2026,11:07:16:498,0.000000,0.000000,3,-86.8,-86.8,0,0,
05/14/2026,11:07:16:577,0.000000,0.000000,1,-124.32,-124.32,0,0,
05/14/2026,11:07:16:642,0.000000,0.000000,2,-122.75,-122.75,0,0,
05/14/2026,11:07:16:763,0.000000,0.000000,4,-119.89,-119.89,0,0,
05/14/2026,11:07:16:764,0.000000,0.000000,3,-86.28,-86.28,0,0,
05/14/2026,11:07:16:782,0.000000,0.000000,1,-119.43,-119.43,0,0,
05/14/2026,11:07:16:872,0.000000,0.000000,2,-120.41,-120.41,0,0,
05/14/2026,11:07:16:957,0.000000,0.000000,4,-120.22,-120.22,0,0,
05/14/2026,11:07:16:974,0.000000,0.000000,3,-88.42,-88.42,0,0,
05/14/2026,11:07:17:026,0.000000,0.000000,1,-122.37,-122.37,0,0,
05/14/2026,11:07:17:111,0.000000,0.000000,2,-118.4,-118.4,0,0,
05/14/2026,11:07:17:203,0.000000,0.000000,4,-120.26,-120.26,0,0,
05/14/2026,11:07:17:219,0.000000,0.000000,3,-87.71,-87.71,0,0,
05/14/2026,11:07:17:269,0.000000,0.000000,1,-119.23,-119.23,0,0,
05/14/2026,11:07:17:356,0.000000,0.000000,2,-121.38,-121.38,0,0,
05/14/2026,11:07:17:471,0.000000,0.000000,4,-119.49,-119.49,0,0,
05/14/2026,11:07:17:476,0.000000,0.000000,3,-87.9,-87.9,0,0,
05/14/2026,11:07:17:516,0.000000,0.000000,1,-121.04,-121.04,0,0,
05/14/2026,11:07:17:599,0.000000,0.000000,2,-122.75,-122.75,0,0,
05/14/2026,11:07:17:688,0.000000,0.000000,4,-119.95,-119.95,0,0,
05/14/2026,11:07:17:705,0.000000,0.000000,3,-89.45,-89.45,0,0,
05/14/2026,11:07:17:760,0.000000,0.000000,1,-120.08,-120.08,0,0,
05/14/2026,11:07:17:845,0.000000,0.000000,2,-119.74,-119.74,0,0,
05/14/2026,11:07:17:931,0.000000,0.000000,4,-119.6,-119.6,0,0,
05/14/2026,11:07:17:946,0.000000,0.000000,3,-83.91,-83.91,0,0,
05/14/2026,11:07:18:007,0.000000,0.000000,1,-122.1,-122.1,0,0,
05/14/2026,11:07:18:089,0.000000,0.000000,2,-118.53,-118.53,0,0,
05/14/2026,11:07:18:174,0.000000,0.000000,4,-119.41,-119.41,0,0,
05/14/2026,11:07:18:191,0.000000,0.000000,3,-91.22,-91.22,0,0,
05/14/2026,11:07:18:244,0.000000,0.000000,1,-119.5,-119.5,0,0,
05/14/2026,11:07:18:331,0.000000,0.000000,2,-123.81,-123.81,0,0,
05/14/2026,11:07:18:418,0.000000,0.000000,4,-118.38,-118.38,0,0,
05/14/2026,11:07:18:437,0.000000,0.000000,3,-86.86,-86.86,0,0,
05/14/2026,11:07:18:489,0.000000,0.000000,1,-120.56,-120.56,0,0,
05/14/2026,11:07:18:634,0.000000,0.000000,2,-122.56,-122.56,0,0,
05/14/2026,11:07:18:706,0.000000,0.000000,4,-117.62,-117.62,0,0,
05/14/2026,11:07:18:707,0.000000,0.000000,3,-87.37,-87.37,0,0,
05/14/2026,11:07:18:751,0.000000,0.000000,1,-120.02,-120.02,0,0,
05/14/2026,11:07:18:818,0.000000,0.000000,2,-119.44,-119.44,0,0,
05/14/2026,11:07:18:905,0.000000,0.000000,4,-117.78,-117.78,0,0,
05/14/2026,11:07:18:930,0.000000,0.000000,3,-97.84,-97.84,0,0,
05/14/2026,11:07:18:974,0.000000,0.000000,1,-118.1,-118.1,0,0,
05/14/2026,11:07:19:063,0.000000,0.000000,2,-121.44,-121.44,0,0,
05/14/2026,11:07:19:151,0.000000,0.000000,4,-120.02,-120.02,0,0,
05/14/2026,11:07:19:165,0.000000,0.000000,3,-79.44,-79.44,0,0,
05/14/2026,11:07:19:220,0.000000,0.000000,1,-120.85,-120.85,0,0,
05/14/2026,11:07:19:310,0.000000,0.000000,2,-113.44,-113.44,0,0,
05/14/2026,11:07:19:393,0.000000,0.000000,4,-119.26,-119.26,0,0,
05/14/2026,11:07:19:411,0.000000,0.000000,3,-88.99,-88.99,0,0,
05/14/2026,11:07:19:462,0.000000,0.000000,1,-120.84,-120.84,0,0,
05/14/2026,11:07:19:558,0.000000,0.000000,2,-118.95,-118.95,0,0,
05/14/2026,11:07:19:638,0.000000,0.000000,4,-119.54,-119.54,0,0,
05/14/2026,11:07:19:654,0.000000,0.000000,3,-84.94,-84.94,0,0,
05/14/2026,11:07:19:707,0.000000,0.000000,1,-120.23,-120.23,0,0,
05/14/2026,11:07:19:791,0.000000,0.000000,2,-121.07,-121.07,0,0,
05/14/2026,11:07:19:880,0.000000,0.000000,4,-119.41,-119.41,0,0,
05/14/2026,11:07:19:900,0.000000,0.000000,3,-94.36,-94.36,0,0,
05/14/2026,11:07:19:951,0.000000,0.000000,1,-120.92,-120.92,0,0,
05/14/2026,11:07:20:036,0.000000,0.000000,2,-117.59,-117.59,0,0,
05/14/2026,11:07:20:123,0.000000,0.000000,4,-119.53,-119.53,0,0,
05/14/2026,11:07:20:142,0.000000,0.000000,3,-89.07,-89.07,0,0,
05/14/2026,11:07:20:194,0.000000,0.000000,1,-121,-121,0,0,
05/14/2026,11:07:20:280,0.000000,0.000000,2,-121.27,-121.27,0,0,
05/14/2026,11:07:20:427,0.000000,0.000000,4,-120.47,-120.47,0,0,
05/14/2026,11:07:20:430,0.000000,0.000000,3,-88.1,-88.1,0,0,
05/14/2026,11:07:20:443,0.000000,0.000000,1,-119.86,-119.86,0,0,
05/14/2026,11:07:20:526,0.000000,0.000000,2,-121.19,-121.19,0,0,
05/14/2026,11:07:20:614,0.000000,0.000000,4,-119.19,-119.19,0,0,
05/14/2026,11:07:20:627,0.000000,0.000000,3,-88.15,-88.15,0,0,
05/14/2026,11:07:20:680,0.000000,0.000000,1,-121.64,-121.64,0,0,
05/14/2026,11:07:20:766,0.000000,0.000000,2,-119.75,-119.75,0,0,
05/14/2026,11:07:20:853,0.000000,0.000000,4,-120.77,-120.77,0,0,
05/14/2026,11:07:20:873,0.000000,0.000000,3,-98.32,-98.32,0,0,
05/14/2026,11:07:20:926,0.000000,0.000000,1,-119.16,-119.16,0,0,
05/14/2026,11:07:21:025,0.000000,0.000000,2,-122.45,-122.45,0,0,
05/14/2026,11:07:21:097,0.000000,0.000000,4,-118.44,-118.44,0,0,
05/14/2026,11:07:21:384,0.000000,0.000000,3,-92.61,-92.61,0,0,
05/14/2026,11:07:21:391,0.000000,0.000000,1,-120.23,-120.23,0,0,
05/14/2026,11:07:21:407,0.000000,0.000000,2,-119.82,-119.82,0,0,
05/14/2026,11:07:21:423,0.000000,0.000000,4,-119.47,-119.47,0,0,
05/14/2026,11:07:21:426,0.000000,0.000000,3,-90.68,-90.68,0,0,
05/14/2026,11:07:21:436,0.000000,0.000000,1,-120.61,-120.61,0,0,
05/14/2026,11:07:21:497,0.000000,0.000000,2,-120.59,-120.59,0,0,
05/14/2026,11:07:21:585,0.000000,0.000000,4,-118.22,-118.22,0,0,
05/14/2026,11:07:21:602,0.000000,0.000000,3,-99.87,-99.87,0,0,
05/14/2026,11:07:21:657,0.000000,0.000000,1,-119.4,-119.4,0,0,
05/14/2026,11:07:21:744,0.000000,0.000000,2,-122.02,-122.02,0,0,
05/14/2026,11:07:21:829,0.000000,0.000000,4,-120.78,-120.78,0,0,
05/14/2026,11:07:21:846,0.000000,0.000000,3,-96.35,-96.35,0,0,
05/14/2026,11:07:21:898,0.000000,0.000000,1,-121.24,-121.24,0,0,
05/14/2026,11:07:21:984,0.000000,0.000000,2,-123.85,-123.85,0,0,
05/14/2026,11:07:22:077,0.000000,0.000000,4,-121.42,-121.42,0,0,
05/14/2026,11:07:22:092,0.000000,0.000000,3,-90.68,-90.68,0,0,
05/14/2026,11:07:22:142,0.000000,0.000000,1,-121.72,-121.72,0,0,
05/14/2026,11:07:22:229,0.000000,0.000000,2,-118.79,-118.79,0,0,
05/14/2026,11:07:22:317,0.000000,0.000000,4,-120.15,-120.15,0,0,
05/14/2026,11:07:22:379,0.000000,0.000000,3,-92.38,-92.38,0,0,
05/14/2026,11:07:22:389,0.000000,0.000000,1,-122.38,-122.38,0,0,
05/14/2026,11:07:22:523,0.000000,0.000000,2,-121.67,-121.67,0,0,
05/14/2026,11:07:22:592,0.000000,0.000000,4,-120.46,-120.46,0,0,
05/14/2026,11:07:22:594,0.000000,0.000000,3,-87.36,-87.36,0,0,
05/14/2026,11:07:22:664,0.000000,0.000000,1,-121.73,-121.73,0,0,
05/14/2026,11:07:22:723,0.000000,0.000000,2,-123.14,-123.14,0,0,
05/14/2026,11:07:22:805,0.000000,0.000000,4,-120.2,-120.2,0,0,
05/14/2026,11:07:22:830,0.000000,0.000000,3,-92.17,-92.17,0,0,
05/14/2026,11:07:22:875,0.000000,0.000000,1,-123.34,-123.34,0,0,
05/14/2026,11:07:22:961,0.000000,0.000000,2,-119.14,-119.14,0,0,
05/14/2026,11:07:23:049,0.000000,0.000000,4,-119.25,-119.25,0,0,
05/14/2026,11:07:23:064,0.000000,0.000000,3,-80.96,-80.96,0,0,
05/14/2026,11:07:23:117,0.000000,0.000000,1,-120.21,-120.21,0,0,
05/14/2026,11:07:23:203,0.000000,0.000000,2,-119.43,-119.43,0,0,
05/14/2026,11:07:23:291,0.000000,0.000000,4,-120.49,-120.49,0,0,
05/14/2026,11:07:23:312,0.000000,0.000000,3,-93.3,-93.3,0,0,
05/14/2026,11:07:23:362,0.000000,0.000000,1,-119.96,-119.96,0,0,
05/14/2026,11:07:23:451,0.000000,0.000000,2,-122.42,-122.42,0,0,
05/14/2026,11:07:23:541,0.000000,0.000000,4,-118.85,-118.85,0,0,
05/14/2026,11:07:23:551,0.000000,0.000000,3,-89.56,-89.56,0,0,
05/14/2026,11:07:23:609,0.000000,0.000000,1,-119.35,-119.35,0,0,
05/14/2026,11:07:23:693,0.000000,0.000000,2,-122.3,-122.3,0,0,
05/14/2026,11:07:23:778,0.000000,0.000000,4,-119.38,-119.38,0,0,
05/14/2026,11:07:23:798,0.000000,0.000000,3,-87.59,-87.59,0,0,
05/14/2026,11:07:23:856,0.000000,0.000000,1,-121.68,-121.68,0,0,
05/14/2026,11:07:23:936,0.000000,0.000000,2,-119.67,-119.67,0,0,
05/14/2026,11:07:24:022,0.000000,0.000000,4,-121.24,-121.24,0,0,
05/14/2026,11:07:24:055,0.000000,0.000000,3,-96.3,-96.3,0,0,
05/14/2026,11:07:24:134,0.000000,0.000000,1,-121.34,-121.34,0,0,
05/14/2026,11:07:24:209,0.000000,0.000000,2,-120.02,-120.02,0,0,
05/14/2026,11:07:24:279,0.000000,0.000000,4,-120.63,-120.63,0,0,
05/14/2026,11:07:24:284,0.000000,0.000000,3,-88.69,-88.69,0,0,
05/14/2026,11:07:24:361,0.000000,0.000000,1,-121.59,-121.59,0,0,
05/14/2026,11:07:24:424,0.000000,0.000000,2,-121.18,-121.18,0,0,
05/14/2026,11:07:24:510,0.000000,0.000000,4,-120.03,-120.03,0,0,
05/14/2026,11:07:24:525,0.000000,0.000000,3,-91.3,-91.3,0,0,
05/14/2026,11:07:24:580,0.000000,0.000000,1,-121.22,-121.22,0,0,
05/14/2026,11:07:24:666,0.000000,0.000000,2,-121.11,-121.11,0,0,
05/14/2026,11:07:24:753,0.000000,0.000000,4,-119.73,-119.73,0,0,
05/14/2026,11:07:24:772,0.000000,0.000000,3,-87.33,-87.33,0,0,
05/14/2026,11:07:24:825,0.000000,0.000000,1,-122.98,-122.98,0,0,
05/14/2026,11:07:24:914,0.000000,0.000000,2,-117.83,-117.83,0,0,
05/14/2026,11:07:24:997,0.000000,0.000000,4,-117.96,-117.96,0,0,
05/14/2026,11:07:25:014,0.000000,0.000000,3,-88.27,-88.27,0,0,
05/14/2026,11:07:25:072,0.000000,0.000000,1,-117.62,-117.62,0,0,
05/14/2026,11:07:25:153,0.000000,0.000000,2,-119.33,-119.33,0,0,
05/14/2026,11:07:25:239,0.000000,0.000000,4,-121.9,-121.9,0,0,
05/14/2026,11:07:25:260,0.000000,0.000000,3,-92.39,-92.39,0,0,
05/14/2026,11:07:25:312,0.000000,0.000000,1,-118.94,-118.94,0,0,
05/14/2026,11:07:25:398,0.000000,0.000000,2,-121.11,-121.11,0,0,
05/14/2026,11:07:25:483,0.000000,0.000000,4,-119.17,-119.17,0,0,
05/14/2026,11:07:25:501,0.000000,0.000000,3,-86.67,-86.67,0,0,
05/14/2026,11:07:25:555,0.000000,0.000000,1,-123.14,-123.14,0,0,
05/14/2026,11:07:25:641,0.000000,0.000000,2,-122.97,-122.97,0,0,
05/14/2026,11:07:25:727,0.000000,0.000000,4,-119.84,-119.84,0,0,
05/14/2026,11:07:25:747,0.000000,0.000000,3,-84.66,-84.66,0,0,
05/14/2026,11:07:25:815,0.000000,0.000000,1,-113.5,-113.5,0,0,
05/14/2026,11:07:25:897,0.000000,0.000000,2,-114.97,-114.97,0,0,
05/14/2026,11:07:25:980,0.000000,0.000000,4,-119.23,-119.23,0,0,
05/14/2026,11:07:25:991,0.000000,0.000000,3,-77.6,-77.6,0,0,
05/14/2026,11:07:26:042,0.000000,0.000000,1,-118.26,-118.26,0,0,
05/14/2026,11:07:26:130,0.000000,0.000000,2,-112.64,-112.64,0,0,
05/14/2026,11:07:26:217,0.000000,0.000000,4,-118.61,-118.61,0,0,
05/14/2026,11:07:26:233,0.000000,0.000000,3,-77.17,-77.17,0,0,
05/14/2026,11:07:26:283,0.000000,0.000000,1,-119.91,-119.91,0,0,
05/14/2026,11:07:26:373,0.000000,0.000000,2,-101.82,-101.82,0,0,
05/14/2026,11:07:26:668,0.000000,0.000000,4,-102.57,-102.57,0,0,
05/14/2026,11:07:26:671,0.000000,0.000000,3,-56.88,-56.88,0,0,
05/14/2026,11:07:26:681,0.000000,0.000000,1,-93.78,-93.78,0,0,
05/14/2026,11:07:26:704,0.000000,0.000000,2,-85.11,-85.11,0,0,
05/14/2026,11:07:26:740,0.000000,0.000000,4,-107.84,-107.84,0,0,
05/14/2026,11:07:26:742,0.000000,0.000000,3,-53.35,-53.35,0,0,
05/14/2026,11:07:26:779,0.000000,0.000000,1,-97.32,-97.32,0,0,
05/14/2026,11:07:26:859,0.000000,0.000000,2,-104.17,-104.17,0,0,
05/14/2026,11:07:26:947,0.000000,0.000000,4,-109.15,-109.15,0,0,
05/14/2026,11:07:26:965,0.000000,0.000000,3,-64.39,-64.39,0,0,
05/14/2026,11:07:27:016,0.000000,0.000000,1,-103.22,-103.22,0,0,
05/14/2026,11:07:27:107,0.000000,0.000000,2,-92.78,-92.78,0,0,
05/14/2026,11:07:27:195,0.000000,0.000000,4,-113.93,-113.93,0,0,
05/14/2026,11:07:27:208,0.000000,0.000000,3,-72.58,-72.58,0,0,
05/14/2026,11:07:27:262,0.000000,0.000000,1,-99.41,-99.41,0,0,
05/14/2026,11:07:27:347,0.000000,0.000000,2,-102.31,-102.31,0,0,
05/14/2026,11:07:27:435,0.000000,0.000000,4,-113.25,-113.25,0,0,
05/14/2026,11:07:27:451,0.000000,0.000000,3,-67.86,-67.86,0,0,
05/14/2026,11:07:27:512,0.000000,0.000000,1,-104.03,-104.03,0,0,
05/14/2026,11:07:27:591,0.000000,0.000000,2,-105.64,-105.64,0,0,
05/14/2026,11:07:27:678,0.000000,0.000000,4,-114.67,-114.67,0,0,
05/14/2026,11:07:27:707,0.000000,0.000000,3,-66.69,-66.69,0,0,
05/14/2026,11:07:27:749,0.000000,0.000000,1,-100.76,-100.76,0,0,
05/14/2026,11:07:27:891,0.000000,0.000000,2,-90.91,-90.91,0,0,
05/14/2026,11:07:27:963,0.000000,0.000000,4,-108.77,-108.77,0,0,
05/14/2026,11:07:27:964,0.000000,0.000000,3,-67.11,-67.11,0,0,
05/14/2026,11:07:28:037,0.000000,0.000000,1,-109.64,-109.64,0,0,
05/14/2026,11:07:28:095,0.000000,0.000000,2,-94.48,-94.48,0,0,
05/14/2026,11:07:28:163,0.000000,0.000000,4,-117.39,-117.39,0,0,
05/14/2026,11:07:28:181,0.000000,0.000000,3,-76.57,-76.57,0,0,
05/14/2026,11:07:28:236,0.000000,0.000000,1,-105.51,-105.51,0,0,
05/14/2026,11:07:28:322,0.000000,0.000000,2,-99.03,-99.03,0,0,
05/14/2026,11:07:28:409,0.000000,0.000000,4,-115.33,-115.33,0,0,
05/14/2026,11:07:28:427,0.000000,0.000000,3,-72,-72,0,0,
05/14/2026,11:07:28:477,0.000000,0.000000,1,-108.25,-108.25,0,0,
05/14/2026,11:07:28:565,0.000000,0.000000,2,-103.02,-103.02,0,0,
05/14/2026,11:07:28:650,0.000000,0.000000,4,-117.19,-117.19,0,0,
05/14/2026,11:07:28:673,0.000000,0.000000,3,-74.66,-74.66,0,0,
05/14/2026,11:07:28:725,0.000000,0.000000,1,-108.7,-108.7,0,0,
05/14/2026,11:07:28:810,0.000000,0.000000,2,-118.81,-118.81,0,0,
05/14/2026,11:07:28:897,0.000000,0.000000,4,-116.83,-116.83,0,0,
05/14/2026,11:07:28:913,0.000000,0.000000,3,-75.06,-75.06,0,0,
05/14/2026,11:07:28:987,0.000000,0.000000,1,-110.22,-110.22,0,0,
05/14/2026,11:07:29:054,0.000000,0.000000,2,-107.43,-107.43,0,0,
05/14/2026,11:07:29:140,0.000000,0.000000,4,-117.84,-117.84,0,0,
05/14/2026,11:07:29:171,0.000000,0.000000,3,-72.09,-72.09,0,0,
05/14/2026,11:07:29:208,0.000000,0.000000,1,-111.79,-111.79,0,0,
05/14/2026,11:07:29:296,0.000000,0.000000,2,-104.9,-104.9,0,0,
05/14/2026,11:07:29:384,0.000000,0.000000,4,-116.47,-116.47,0,0,
05/14/2026,11:07:29:403,0.000000,0.000000,3,-71.37,-71.37,0,0,
05/14/2026,11:07:29:455,0.000000,0.000000,1,-121.32,-121.32,0,0,
05/14/2026,11:07:29:539,0.000000,0.000000,2,-118.3,-118.3,0,0,
05/14/2026,11:07:29:630,0.000000,0.000000,4,-117.32,-117.32,0,0,
05/14/2026,11:07:29:676,0.000000,0.000000,3,-68.36,-68.36,0,0,
05/14/2026,11:07:29:747,0.000000,0.000000,1,-119.27,-119.27,0,0,
05/14/2026,11:07:29:812,0.000000,0.000000,2,-120.03,-120.03,0,0,
05/14/2026,11:07:29:888,0.000000,0.000000,4,-118.28,-118.28,0,0,
05/14/2026,11:07:29:891,0.000000,0.000000,3,-82.42,-82.42,0,0,
05/14/2026,11:07:29:942,0.000000,0.000000,1,-118.63,-118.63,0,0,
05/14/2026,11:07:30:026,0.000000,0.000000,2,-116.75,-116.75,0,0,
05/14/2026,11:07:30:114,0.000000,0.000000,4,-118.81,-118.81,0,0,
05/14/2026,11:07:30:131,0.000000,0.000000,3,-82.98,-82.98,0,0,
05/14/2026,11:07:30:185,0.000000,0.000000,1,-119.18,-119.18,0,0,
05/14/2026,11:07:30:271,0.000000,0.000000,2,-115.79,-115.79,0,0,
05/14/2026,11:07:30:359,0.000000,0.000000,4,-117.41,-117.41,0,0,
05/14/2026,11:07:30:376,0.000000,0.000000,3,-73.21,-73.21,0,0,
05/14/2026,11:07:30:429,0.000000,0.000000,1,-116.32,-116.32,0,0,
05/14/2026,11:07:30:513,0.000000,0.000000,2,-112.66,-112.66,0,0,
05/14/2026,11:07:30:611,0.000000,0.000000,4,-118.68,-118.68,0,0,
05/14/2026,11:07:30:617,0.000000,0.000000,3,-81.98,-81.98,0,0,
05/14/2026,11:07:30:673,0.000000,0.000000,1,-118.92,-118.92,0,0,
05/14/2026,11:07:30:758,0.000000,0.000000,2,-117.38,-117.38,0,0,
05/14/2026,11:07:30:847,0.000000,0.000000,4,-119.77,-119.77,0,0,
05/14/2026,11:07:30:863,0.000000,0.000000,3,-81.42,-81.42,0,0,
05/14/2026,11:07:30:915,0.000000,0.000000,1,-118.37,-118.37,0,0,
05/14/2026,11:07:31:001,0.000000,0.000000,2,-115.86,-115.86,0,0,
05/14/2026,11:07:31:088,0.000000,0.000000,4,-119.96,-119.96,0,0,
05/14/2026,11:07:31:107,0.000000,0.000000,3,-89.6,-89.6,0,0,
05/14/2026,11:07:31:162,0.000000,0.000000,1,-116.94,-116.94,0,0,
05/14/2026,11:07:31:244,0.000000,0.000000,2,-116.45,-116.45,0,0,
05/14/2026,11:07:31:333,0.000000,0.000000,4,-117.29,-117.29,0,0,
05/14/2026,11:07:31:352,0.000000,0.000000,3,-72.85,-72.85,0,0,
05/14/2026,11:07:31:403,0.000000,0.000000,1,-118.17,-118.17,0,0,
05/14/2026,11:07:31:490,0.000000,0.000000,2,-119.96,-119.96,0,0,
05/14/2026,11:07:31:576,0.000000,0.000000,4,-120.47,-120.47,0,0,
05/14/2026,11:07:31:592,0.000000,0.000000,3,-81.11,-81.11,0,0,
05/14/2026,11:07:31:674,0.000000,0.000000,1,-120.07,-120.07,0,0,
05/14/2026,11:07:31:947,0.000000,0.000000,2,-118.81,-118.81,0,0,
05/14/2026,11:07:31:968,0.000000,0.000000,4,-119.28,-119.28,0,0,
05/14/2026,11:07:31:971,0.000000,0.000000,3,-86.5,-86.5,0,0,
05/14/2026,11:07:31:991,0.000000,0.000000,1,-118.99,-118.99,0,0,
05/14/2026,11:07:32:009,0.000000,0.000000,2,-119.89,-119.89,0,0,
05/14/2026,11:07:32:064,0.000000,0.000000,4,-118.33,-118.33,0,0,
05/14/2026,11:07:32:083,0.000000,0.000000,3,-92.41,-92.41,0,0,
05/14/2026,11:07:32:136,0.000000,0.000000,1,-114.57,-114.57,0,0,
05/14/2026,11:07:32:220,0.000000,0.000000,2,-117.57,-117.57,0,0,
05/14/2026,11:07:32:307,0.000000,0.000000,4,-121.36,-121.36,0,0,
05/14/2026,11:07:32:326,0.000000,0.000000,3,-82.3,-82.3,0,0,
05/14/2026,11:07:32:380,0.000000,0.000000,1,-118.89,-118.89,0,0,
05/14/2026,11:07:32:464,0.000000,0.000000,2,-114.08,-114.08,0,0,
05/14/2026,11:07:32:552,0.000000,0.000000,4,-119.36,-119.36,0,0,
05/14/2026,11:07:32:567,0.000000,0.000000,3,-88.51,-88.51,0,0,
05/14/2026,11:07:32:630,0.000000,0.000000,1,-123.16,-123.16,0,0,
05/14/2026,11:07:32:712,0.000000,0.000000,2,-115.3,-115.3,0,0,
05/14/2026,11:07:32:799,0.000000,0.000000,4,-119.42,-119.42,0,0,
05/14/2026,11:07:32:827,0.000000,0.000000,3,-74.39,-74.39,0,0,
05/14/2026,11:07:32:865,0.000000,0.000000,1,-119.82,-119.82,0,0,
05/14/2026,11:07:32:951,0.000000,0.000000,2,-113.63,-113.63,0,0,
05/14/2026,11:07:33:037,0.000000,0.000000,4,-120.03,-120.03,0,0,
05/14/2026,11:07:33:056,0.000000,0.000000,3,-95.94,-95.94,0,0,
05/14/2026,11:07:33:109,0.000000,0.000000,1,-118.69,-118.69,0,0,
05/14/2026,11:07:33:197,0.000000,0.000000,2,-115.01,-115.01,0,0,
05/14/2026,11:07:33:290,0.000000,0.000000,4,-118.99,-118.99,0,0,
05/14/2026,11:07:33:301,0.000000,0.000000,3,-77.09,-77.09,0,0,
05/14/2026,11:07:33:350,0.000000,0.000000,1,-121.12,-121.12,0,0,
05/14/2026,11:07:33:440,0.000000,0.000000,2,-121.76,-121.76,0,0,
05/14/2026,11:07:33:578,0.000000,0.000000,4,-121.78,-121.78,0,0,
05/14/2026,11:07:33:580,0.000000,0.000000,3,-89.21,-89.21,0,0,
05/14/2026,11:07:33:656,0.000000,0.000000,1,-119.58,-119.58,0,0,
05/14/2026,11:07:33:734,0.000000,0.000000,2,-119.79,-119.79,0,0,
05/14/2026,11:07:33:767,0.000000,0.000000,4,-122.18,-122.18,0,0,
05/14/2026,11:07:33:787,0.000000,0.000000,3,-83.88,-83.88,0,0,
05/14/2026,11:07:33:840,0.000000,0.000000,1,-118.92,-118.92,0,0,
05/14/2026,11:07:33:926,0.000000,0.000000,2,-115.33,-115.33,0,0,
05/14/2026,11:07:34:015,0.000000,0.000000,4,-122,-122,0,0,
05/14/2026,11:07:34:033,0.000000,0.000000,3,-82.41,-82.41,0,0,
05/14/2026,11:07:34:108,0.000000,0.000000,1,-121.6,-121.6,0,0,
05/14/2026,11:07:34:168,0.000000,0.000000,2,-118.02,-118.02,0,0,
05/14/2026,11:07:34:260,0.000000,0.000000,4,-118.03,-118.03,0,0,
05/14/2026,11:07:34:275,0.000000,0.000000,3,-93.3,-93.3,0,0,
05/14/2026,11:07:34:330,0.000000,0.000000,1,-120.85,-120.85,0,0,
05/14/2026,11:07:34:414,0.000000,0.000000,2,-120.42,-120.42,0,0,
05/14/2026,11:07:34:499,0.000000,0.000000,4,-121.5,-121.5,0,0,
05/14/2026,11:07:34:521,0.000000,0.000000,3,-87.49,-87.49,0,0,
05/14/2026,11:07:34:574,0.000000,0.000000,1,-120.5,-120.5,0,0,
05/14/2026,11:07:34:655,0.000000,0.000000,2,-121.5,-121.5,0,0,
05/14/2026,11:07:34:745,0.000000,0.000000,4,-116.42,-116.42,0,0,
05/14/2026,11:07:34:759,0.000000,0.000000,3,-85.45,-85.45,0,0,
05/14/2026,11:07:34:811,0.000000,0.000000,1,-120.03,-120.03,0,0,
05/14/2026,11:07:34:899,0.000000,0.000000,2,-120.37,-120.37,0,0,
05/14/2026,11:07:34:985,0.000000,0.000000,4,-121.04,-121.04,0,0,
05/14/2026,11:07:35:005,0.000000,0.000000,3,-85.74,-85.74,0,0,
05/14/2026,11:07:35:060,0.000000,0.000000,1,-120.67,-120.67,0,0,
05/14/2026,11:07:35:164,0.000000,0.000000,2,-121.22,-121.22,0,0,
05/14/2026,11:07:35:281,0.000000,0.000000,4,-121.75,-121.75,0,0,
05/14/2026,11:07:35:282,0.000000,0.000000,3,-86.58,-86.58,0,0,
05/14/2026,11:07:35:328,0.000000,0.000000,1,-121,-121,0,0,
05/14/2026,11:07:35:412,0.000000,0.000000,2,-121.05,-121.05,0,0,
05/14/2026,11:07:35:475,0.000000,0.000000,4,-120.3,-120.3,0,0,
05/14/2026,11:07:35:494,0.000000,0.000000,3,-83.44,-83.44,0,0,
05/14/2026,11:07:35:545,0.000000,0.000000,1,-122.68,-122.68,0,0,
05/14/2026,11:07:35:632,0.000000,0.000000,2,-123.33,-123.33,0,0,
05/14/2026,11:07:35:720,0.000000,0.000000,4,-119.43,-119.43,0,0,
05/14/2026,11:07:35:735,0.000000,0.000000,3,-91.34,-91.34,0,0,
05/14/2026,11:07:35:786,0.000000,0.000000,1,-121.75,-121.75,0,0,
05/14/2026,11:07:35:875,0.000000,0.000000,2,-119.87,-119.87,0,0,
05/14/2026,11:07:35:968,0.000000,0.000000,4,-115.39,-115.39,0,0,
05/14/2026,11:07:35:981,0.000000,0.000000,3,-85.02,-85.02,0,0,
05/14/2026,11:07:36:033,0.000000,0.000000,1,-119.87,-119.87,0,0,
05/14/2026,11:07:36:125,0.000000,0.000000,2,-120.53,-120.53,0,0,
05/14/2026,11:07:36:204,0.000000,0.000000,4,-119.09,-119.09,0,0,
05/14/2026,11:07:36:223,0.000000,0.000000,3,-85.03,-85.03,0,0,
05/14/2026,11:07:36:279,0.000000,0.000000,1,-120.54,-120.54,0,0,
05/14/2026,11:07:36:363,0.000000,0.000000,2,-120.4,-120.4,0,0,
05/14/2026,11:07:36:450,0.000000,0.000000,4,-119.69,-119.69,0,0,
05/14/2026,11:07:36:466,0.000000,0.000000,3,-96.38,-96.38,0,0,
05/14/2026,11:07:36:521,0.000000,0.000000,1,-119.43,-119.43,0,0,
05/14/2026,11:07:36:605,0.000000,0.000000,2,-120.99,-120.99,0,0,
05/14/2026,11:07:36:700,0.000000,0.000000,4,-121.05,-121.05,0,0,
05/14/2026,11:07:36:711,0.000000,0.000000,3,-95.94,-95.94,0,0,
05/14/2026,11:07:36:763,0.000000,0.000000,1,-118.96,-118.96,0,0,
05/14/2026,11:07:36:857,0.000000,0.000000,2,-123.05,-123.05,0,0,
05/14/2026,11:07:36:940,0.000000,0.000000,4,-120.46,-120.46,0,0,
05/14/2026,11:07:36:955,0.000000,0.000000,3,-89.46,-89.46,0,0,
05/14/2026,11:07:37:258,0.000000,0.000000,1,-119.85,-119.85,0,0,
05/14/2026,11:07:37:276,0.000000,0.000000,2,-120.19,-120.19,0,0,
05/14/2026,11:07:37:323,0.000000,0.000000,4,-120.2,-120.2,0,0,
05/14/2026,11:07:37:325,0.000000,0.000000,3,-98.55,-98.55,0,0,
05/14/2026,11:07:37:366,0.000000,0.000000,1,-122.56,-122.56,0,0,
05/14/2026,11:07:37:416,0.000000,0.000000,2,-121.41,-121.41,0,0,
05/14/2026,11:07:37:428,0.000000,0.000000,4,-122.73,-122.73,0,0,
05/14/2026,11:07:37:492,0.000000,0.000000,3,-90.34,-90.34,0,0,
05/14/2026,11:07:37:501,0.000000,0.000000,1,-121.82,-121.82,0,0,
05/14/2026,11:07:37:579,0.000000,0.000000,2,-121.23,-121.23,0,0,
05/14/2026,11:07:37:668,0.000000,0.000000,4,-120.51,-120.51,0,0,
05/14/2026,11:07:37:687,0.000000,0.000000,3,-88.46,-88.46,0,0,
05/14/2026,11:07:37:736,0.000000,0.000000,1,-118.85,-118.85,0,0,
05/14/2026,11:07:37:824,0.000000,0.000000,2,-120.09,-120.09,0,0,
05/14/2026,11:07:37:912,0.000000,0.000000,4,-121.02,-121.02,0,0,
05/14/2026,11:07:37:948,0.000000,0.000000,3,-89.28,-89.28,0,0,
05/14/2026,11:07:37:984,0.000000,0.000000,1,-121.6,-121.6,0,0,
05/14/2026,11:07:38:069,0.000000,0.000000,2,-121.74,-121.74,0,0,
05/14/2026,11:07:38:154,0.000000,0.000000,4,-120.95,-120.95,0,0,
05/14/2026,11:07:38:174,0.000000,0.000000,3,-106.16,-106.16,0,0,
05/14/2026,11:07:38:230,0.000000,0.000000,1,-121.27,-121.27,0,0,
05/14/2026,11:07:38:311,0.000000,0.000000,2,-119.19,-119.19,0,0,
05/14/2026,11:07:38:397,0.000000,0.000000,4,-119.72,-119.72,0,0,
05/14/2026,11:07:38:417,0.000000,0.000000,3,-113.83,-113.83,0,0,
05/14/2026,11:07:38:467,0.000000,0.000000,1,-120.62,-120.62,0,0,
05/14/2026,11:07:38:556,0.000000,0.000000,2,-123.86,-123.86,0,0,
05/14/2026,11:07:38:640,0.000000,0.000000,4,-121.71,-121.71,0,0,
05/14/2026,11:07:38:665,0.000000,0.000000,3,-112.91,-112.91,0,0,
05/14/2026,11:07:38:713,0.000000,0.000000,1,-121.66,-121.66,0,0,
05/14/2026,11:07:38:801,0.000000,0.000000,2,-119.78,-119.78,0,0,
05/14/2026,11:07:38:887,0.000000,0.000000,4,-121.45,-121.45,0,0,
05/14/2026,11:07:38:903,0.000000,0.000000,3,-111.91,-111.91,0,0,
05/14/2026,11:07:38:958,0.000000,0.000000,1,-120.64,-120.64,0,0,
05/14/2026,11:07:39:048,0.000000,0.000000,2,-122.84,-122.84,0,0,
05/14/2026,11:07:39:130,0.000000,0.000000,4,-120.35,-120.35,0,0,
05/14/2026,11:07:39:195,0.000000,0.000000,3,-113.68,-113.68,0,0,
05/14/2026,11:07:39:199,0.000000,0.000000,1,-120.41,-120.41,0,0,
05/14/2026,11:07:39:331,0.000000,0.000000,2,-122.29,-122.29,0,0,
05/14/2026,11:07:39:371,0.000000,0.000000,4,-121.55,-121.55,0,0,
05/14/2026,11:07:39:389,0.000000,0.000000,3,-115.15,-115.15,0,0,
05/14/2026,11:07:39:446,0.000000,0.000000,1,-120.03,-120.03,0,0,
05/14/2026,11:07:39:534,0.000000,0.000000,2,-119.89,-119.89,0,0,
05/14/2026,11:07:39:621,0.000000,0.000000,4,-122.6,-122.6,0,0,
05/14/2026,11:07:39:638,0.000000,0.000000,3,-105.31,-105.31,0,0,
05/14/2026,11:07:39:691,0.000000,0.000000,1,-126.7,-126.7,0,0,
05/14/2026,11:07:39:771,0.000000,0.000000,2,-120.2,-120.2,0,0,
05/14/2026,11:07:39:859,0.000000,0.000000,4,-118.46,-118.46,0,0,
05/14/2026,11:07:39:877,0.000000,0.000000,3,-110.89,-110.89,0,0,
05/14/2026,11:07:39:929,0.000000,0.000000,1,-118.71,-118.71,0,0,
05/14/2026,11:07:40:015,0.000000,0.000000,2,-119.71,-119.71,0,0,
05/14/2026,11:07:40:102,0.000000,0.000000,4,-120.02,-120.02,0,0,
05/14/2026,11:07:40:124,0.000000,0.000000,3,-109.83,-109.83,0,0,
05/14/2026,11:07:40:173,0.000000,0.000000,1,-121.27,-121.27,0,0,
05/14/2026,11:07:40:259,0.000000,0.000000,2,-120.33,-120.33,0,0,
05/14/2026,11:07:40:357,0.000000,0.000000,4,-120.45,-120.45,0,0,
05/14/2026,11:07:40:364,0.000000,0.000000,3,-106.96,-106.96,0,0,
05/14/2026,11:07:40:421,0.000000,0.000000,1,-120.08,-120.08,0,0,
05/14/2026,11:07:40:509,0.000000,0.000000,2,-122.01,-122.01,0,0,
05/14/2026,11:07:40:591,0.000000,0.000000,4,-120.72,-120.72,0,0,
05/14/2026,11:07:40:611,0.000000,0.000000,3,-113.37,-113.37,0,0,
05/14/2026,11:07:40:661,0.000000,0.000000,1,-120.04,-120.04,0,0,
05/14/2026,11:07:40:790,0.000000,0.000000,2,-121.36,-121.36,0,0,
05/14/2026,11:07:40:852,0.000000,0.000000,4,-119.12,-119.12,0,0,
05/14/2026,11:07:40:854,0.000000,0.000000,3,-100.04,-100.04,0,0,
05/14/2026,11:07:40:905,0.000000,0.000000,1,-121.67,-121.67,0,0,
05/14/2026,11:07:41:021,0.000000,0.000000,2,-120.2,-120.2,0,0,
05/14/2026,11:07:41:082,0.000000,0.000000,4,-120.17,-120.17,0,0,
05/14/2026,11:07:41:096,0.000000,0.000000,3,-104.48,-104.48,0,0,
05/14/2026,11:07:41:146,0.000000,0.000000,1,-120.37,-120.37,0,0,
05/14/2026,11:07:41:232,0.000000,0.000000,2,-121.79,-121.79,0,0,
05/14/2026,11:07:41:323,0.000000,0.000000,4,-119.45,-119.45,0,0,
05/14/2026,11:07:41:340,0.000000,0.000000,3,-107.49,-107.49,0,0,
05/14/2026,11:07:41:393,0.000000,0.000000,1,-120.67,-120.67,0,0,
05/14/2026,11:07:41:477,0.000000,0.000000,2,-118.65,-118.65,0,0,
05/14/2026,11:07:41:566,0.000000,0.000000,4,-121.92,-121.92,0,0,
05/14/2026,11:07:41:583,0.000000,0.000000,3,-111.14,-111.14,0,0,
05/14/2026,11:07:41:635,0.000000,0.000000,1,-121.67,-121.67,0,0,
05/14/2026,11:07:41:721,0.000000,0.000000,2,-121.96,-121.96,0,0,
05/14/2026,11:07:41:811,0.000000,0.000000,4,-119.27,-119.27,0,0,
05/14/2026,11:07:41:827,0.000000,0.000000,3,-109.62,-109.62,0,0,
05/14/2026,11:07:41:882,0.000000,0.000000,1,-119.19,-119.19,0,0,
05/14/2026,11:07:41:971,0.000000,0.000000,2,-120.05,-120.05,0,0,
05/14/2026,11:07:42:053,0.000000,0.000000,4,-122.39,-122.39,0,0,
05/14/2026,11:07:42:073,0.000000,0.000000,3,-100.59,-100.59,0,0,
05/14/2026,11:07:42:122,0.000000,0.000000,1,-120.75,-120.75,0,0,
05/14/2026,11:07:42:210,0.000000,0.000000,2,-121.09,-121.09,0,0,
05/14/2026,11:07:42:515,0.000000,0.000000,4,-121.73,-121.73,0,0,
05/14/2026,11:07:42:528,0.000000,0.000000,3,-105.95,-105.95,0,0,
05/14/2026,11:07:42:574,0.000000,0.000000,1,-123.49,-123.49,0,0,
05/14/2026,11:07:42:627,0.000000,0.000000,2,-122.76,-122.76,0,0,
05/14/2026,11:07:42:645,0.000000,0.000000,4,-117.88,-117.88,0,0,
05/14/2026,11:07:42:648,0.000000,0.000000,3,-105.67,-105.67,0,0,
05/14/2026,11:07:42:686,0.000000,0.000000,1,-122.39,-122.39,0,0,
05/14/2026,11:07:42:737,0.000000,0.000000,2,-118.28,-118.28,0,0,
05/14/2026,11:07:42:810,0.000000,0.000000,4,-120.77,-120.77,0,0,
05/14/2026,11:07:42:815,0.000000,0.000000,3,-101.63,-101.63,0,0,
05/14/2026,11:07:42:883,0.000000,0.000000,1,-118.72,-118.72,0,0,
05/14/2026,11:07:42:943,0.000000,0.000000,2,-120.72,-120.72,0,0,
05/14/2026,11:07:43:029,0.000000,0.000000,4,-119.88,-119.88,0,0,
05/14/2026,11:07:43:067,0.000000,0.000000,3,-108.34,-108.34,0,0,
05/14/2026,11:07:43:100,0.000000,0.000000,1,-121.27,-121.27,0,0,
05/14/2026,11:07:43:184,0.000000,0.000000,2,-122.96,-122.96,0,0,
05/14/2026,11:07:43:272,0.000000,0.000000,4,-120.32,-120.32,0,0,
05/14/2026,11:07:43:288,0.000000,0.000000,3,-110.48,-110.48,0,0,
05/14/2026,11:07:43:343,0.000000,0.000000,1,-121.3,-121.3,0,0,
05/14/2026,11:07:43:437,0.000000,0.000000,2,-122.26,-122.26,0,0,
05/14/2026,11:07:43:515,0.000000,0.000000,4,-120.03,-120.03,0,0,
05/14/2026,11:07:43:531,0.000000,0.000000,3,-102.49,-102.49,0,0,
05/14/2026,11:07:43:586,0.000000,0.000000,1,-123.21,-123.21,0,0,
05/14/2026,11:07:43:671,0.000000,0.000000,2,-122.23,-122.23,0,0,
05/14/2026,11:07:43:758,0.000000,0.000000,4,-119.58,-119.58,0,0,
05/14/2026,11:07:43:776,0.000000,0.000000,3,-106.56,-106.56,0,0,
05/14/2026,11:07:43:828,0.000000,0.000000,1,-121.13,-121.13,0,0,
05/14/2026,11:07:43:914,0.000000,0.000000,2,-122.25,-122.25,0,0,
05/14/2026,11:07:44:003,0.000000,0.000000,4,-120.86,-120.86,0,0,
05/14/2026,11:07:44:020,0.000000,0.000000,3,-112.8,-112.8,0,0,
05/14/2026,11:07:44:071,0.000000,0.000000,1,-120.65,-120.65,0,0,
05/14/2026,11:07:44:160,0.000000,0.000000,2,-120.48,-120.48,0,0,
05/14/2026,11:07:44:247,0.000000,0.000000,4,-120.6,-120.6,0,0,
05/14/2026,11:07:44:267,0.000000,0.000000,3,-104.64,-104.64,0,0,
05/14/2026,11:07:44:321,0.000000,0.000000,1,-120.78,-120.78,0,0,
05/14/2026,11:07:44:403,0.000000,0.000000,2,-122.28,-122.28,0,0,
05/14/2026,11:07:44:490,0.000000,0.000000,4,-118.24,-118.24,0,0,
05/14/2026,11:07:44:510,0.000000,0.000000,3,-108.68,-108.68,0,0,
05/14/2026,11:07:44:561,0.000000,0.000000,1,-119.72,-119.72,0,0,
05/14/2026,11:07:44:703,0.000000,0.000000,2,-118.94,-118.94,0,0,
05/14/2026,11:07:44:780,0.000000,0.000000,4,-121.37,-121.37,0,0,
05/14/2026,11:07:44:782,0.000000,0.000000,3,-114.16,-114.16,0,0,
05/14/2026,11:07:44:854,0.000000,0.000000,1,-119.42,-119.42,0,0,
05/14/2026,11:07:44:931,0.000000,0.000000,2,-122.04,-122.04,0,0,
05/14/2026,11:07:44:983,0.000000,0.000000,4,-119.84,-119.84,0,0,
05/14/2026,11:07:44:999,0.000000,0.000000,3,-105.93,-105.93,0,0,
05/14/2026,11:07:45:048,0.000000,0.000000,1,-120,-120,0,0,
05/14/2026,11:07:45:133,0.000000,0.000000,2,-119.99,-119.99,0,0,
05/14/2026,11:07:45:222,0.000000,0.000000,4,-120.31,-120.31,0,0,
05/14/2026,11:07:45:237,0.000000,0.000000,3,-108.31,-108.31,0,0,
05/14/2026,11:07:45:292,0.000000,0.000000,1,-120.03,-120.03,0,0,
05/14/2026,11:07:45:385,0.000000,0.000000,2,-118.97,-118.97,0,0,
05/14/2026,11:07:45:472,0.000000,0.000000,4,-121.19,-121.19,0,0,
05/14/2026,11:07:45:482,0.000000,0.000000,3,-105.92,-105.92,0,0,
05/14/2026,11:07:45:535,0.000000,0.000000,1,-121.96,-121.96,0,0,
05/14/2026,11:07:45:631,0.000000,0.000000,2,-120.01,-120.01,0,0,
05/14/2026,11:07:45:707,0.000000,0.000000,4,-120.09,-120.09,0,0,
05/14/2026,11:07:45:724,0.000000,0.000000,3,-103.96,-103.96,0,0,
05/14/2026,11:07:45:781,0.000000,0.000000,1,-119.56,-119.56,0,0,
05/14/2026,11:07:45:864,0.000000,0.000000,2,-122.1,-122.1,0,0,
05/14/2026,11:07:45:953,0.000000,0.000000,4,-118.27,-118.27,0,0,
05/14/2026,11:07:45:973,0.000000,0.000000,3,-102.74,-102.74,0,0,
05/14/2026,11:07:46:024,0.000000,0.000000,1,-120.62,-120.62,0,0,
05/14/2026,11:07:46:109,0.000000,0.000000,2,-120.02,-120.02,0,0,
05/14/2026,11:07:46:195,0.000000,0.000000,4,-118.69,-118.69,0,0,
05/14/2026,11:07:46:213,0.000000,0.000000,3,-103.57,-103.57,0,0,
05/14/2026,11:07:46:273,0.000000,0.000000,1,-118.09,-118.09,0,0,
05/14/2026,11:07:46:366,0.000000,0.000000,2,-120.32,-120.32,0,0,
05/14/2026,11:07:46:445,0.000000,0.000000,4,-117.6,-117.6,0,0,
05/14/2026,11:07:46:513,0.000000,0.000000,3,-101.64,-101.64,0,0,
05/14/2026,11:07:46:526,0.000000,0.000000,1,-118.99,-118.99,0,0,
05/14/2026,11:07:46:595,0.000000,0.000000,2,-120.76,-120.76,0,0,
05/14/2026,11:07:46:682,0.000000,0.000000,4,-119.23,-119.23,0,0,
05/14/2026,11:07:46:701,0.000000,0.000000,3,-103.81,-103.81,0,0,
05/14/2026,11:07:46:757,0.000000,0.000000,1,-118.42,-118.42,0,0,
05/14/2026,11:07:46:839,0.000000,0.000000,2,-119.85,-119.85,0,0,
05/14/2026,11:07:46:934,0.000000,0.000000,4,-119.37,-119.37,0,0,
05/14/2026,11:07:46:943,0.000000,0.000000,3,-104.21,-104.21,0,0,
05/14/2026,11:07:46:996,0.000000,0.000000,1,-122.61,-122.61,0,0,
05/14/2026,11:07:47:102,0.000000,0.000000,2,-122.57,-122.57,0,0,
05/14/2026,11:07:47:199,0.000000,0.000000,4,-119.94,-119.94,0,0,
05/14/2026,11:07:47:217,0.000000,0.000000,3,-106.24,-106.24,0,0,
05/14/2026,11:07:47:281,0.000000,0.000000,1,-119.53,-119.53,0,0,
05/14/2026,11:07:47:377,0.000000,0.000000,2,-121.55,-121.55,0,0,
05/14/2026,11:07:47:473,0.000000,0.000000,4,-120.92,-120.92,0,0,
05/14/2026,11:07:47:492,0.000000,0.000000,3,-99.57,-99.57,0,0,
05/14/2026,11:07:47:797,0.000000,0.000000,1,-122.39,-122.39,0,0,
05/14/2026,11:07:47:816,0.000000,0.000000,2,-120.18,-120.18,0,0,
05/14/2026,11:07:47:834,0.000000,0.000000,4,-119.93,-119.93,0,0,
05/14/2026,11:07:47:838,0.000000,0.000000,3,-99.56,-99.56,0,0,
05/14/2026,11:07:47:854,0.000000,0.000000,1,-121.05,-121.05,0,0,
05/14/2026,11:07:47:884,0.000000,0.000000,2,-117.85,-117.85,0,0,
05/14/2026,11:07:47:974,0.000000,0.000000,4,-119.62,-119.62,0,0,
05/14/2026,11:07:47:993,0.000000,0.000000,3,-100.36,-100.36,0,0,
05/14/2026,11:07:48:042,0.000000,0.000000,1,-119.62,-119.62,0,0,
05/14/2026,11:07:48:129,0.000000,0.000000,2,-122.29,-122.29,0,0,
05/14/2026,11:07:48:215,0.000000,0.000000,4,-120.7,-120.7,0,0,
05/14/2026,11:07:48:233,0.000000,0.000000,3,-104.64,-104.64,0,0,
05/14/2026,11:07:48:305,0.000000,0.000000,1,-121.01,-121.01,0,0,
05/14/2026,11:07:48:379,0.000000,0.000000,2,-122.24,-122.24,0,0,
05/14/2026,11:07:48:462,0.000000,0.000000,4,-121.04,-121.04,0,0,
05/14/2026,11:07:48:542,0.000000,0.000000,3,-99.33,-99.33,0,0,
05/14/2026,11:07:48:546,0.000000,0.000000,1,-120.56,-120.56,0,0,
05/14/2026,11:07:48:617,0.000000,0.000000,2,-120.48,-120.48,0,0,
05/14/2026,11:07:48:702,0.000000,0.000000,4,-120.86,-120.86,0,0,
05/14/2026,11:07:48:719,0.000000,0.000000,3,-100.55,-100.55,0,0,
05/14/2026,11:07:48:772,0.000000,0.000000,1,-119.62,-119.62,0,0,
05/14/2026,11:07:48:861,0.000000,0.000000,2,-124.44,-124.44,0,0,
05/14/2026,11:07:48:949,0.000000,0.000000,4,-119.82,-119.82,0,0,
05/14/2026,11:07:48:962,0.000000,0.000000,3,-102.43,-102.43,0,0,
05/14/2026,11:07:49:015,0.000000,0.000000,1,-122.11,-122.11,0,0,
05/14/2026,11:07:49:105,0.000000,0.000000,2,-120.24,-120.24,0,0,
05/14/2026,11:07:49:193,0.000000,0.000000,4,-120.42,-120.42,0,0,
05/14/2026,11:07:49:207,0.000000,0.000000,3,-103.66,-103.66,0,0,
05/14/2026,11:07:49:262,0.000000,0.000000,1,-123.12,-123.12,0,0,
05/14/2026,11:07:49:347,0.000000,0.000000,2,-120.78,-120.78,0,0,
05/14/2026,11:07:49:437,0.000000,0.000000,4,-117.43,-117.43,0,0,
05/14/2026,11:07:49:474,0.000000,0.000000,3,-98.09,-98.09,0,0,
05/14/2026,11:07:49:506,0.000000,0.000000,1,-120.9,-120.9,0,0,
05/14/2026,11:07:49:590,0.000000,0.000000,2,-120.37,-120.37,0,0,
05/14/2026,11:07:49:676,0.000000,0.000000,4,-118.7,-118.7,0,0,
05/14/2026,11:07:49:696,0.000000,0.000000,3,-102.81,-102.81,0,0,
05/14/2026,11:07:49:748,0.000000,0.000000,1,-118.74,-118.74,0,0,
05/14/2026,11:07:49:838,0.000000,0.000000,2,-120.66,-120.66,0,0,
05/14/2026,11:07:49:921,0.000000,0.000000,4,-119.34,-119.34,0,0,
05/14/2026,11:07:49:937,0.000000,0.000000,3,-102.9,-102.9,0,0,
05/14/2026,11:07:49:990,0.000000,0.000000,1,-117.59,-117.59,0,0,
05/14/2026,11:07:50:079,0.000000,0.000000,2,-123.73,-123.73,0,0,
05/14/2026,11:07:50:166,0.000000,0.000000,4,-120.52,-120.52,0,0,
05/14/2026,11:07:50:182,0.000000,0.000000,3,-102.32,-102.32,0,0,
05/14/2026,11:07:50:284,0.000000,0.000000,1,-119.72,-119.72,0,0,
05/14/2026,11:07:50:364,0.000000,0.000000,2,-122.09,-122.09,0,0,
05/14/2026,11:07:50:439,0.000000,0.000000,4,-119.3,-119.3,0,0,
05/14/2026,11:07:50:448,0.000000,0.000000,3,-105.98,-105.98,0,0,
05/14/2026,11:07:50:508,0.000000,0.000000,1,-120.05,-120.05,0,0,
05/14/2026,11:07:50:565,0.000000,0.000000,2,-120.99,-120.99,0,0,
05/14/2026,11:07:50:655,0.000000,0.000000,4,-120.78,-120.78,0,0,
05/14/2026,11:07:50:670,0.000000,0.000000,3,-107.17,-107.17,0,0,
05/14/2026,11:07:50:723,0.000000,0.000000,1,-121.53,-121.53,0,0,
05/14/2026,11:07:50:812,0.000000,0.000000,2,-121.2,-121.2,0,0,
05/14/2026,11:07:50:894,0.000000,0.000000,4,-119.54,-119.54,0,0,
05/14/2026,11:07:50:914,0.000000,0.000000,3,-103.45,-103.45,0,0,
05/14/2026,11:07:50:967,0.000000,0.000000,1,-121.48,-121.48,0,0,
05/14/2026,11:07:51:052,0.000000,0.000000,2,-121.88,-121.88,0,0,
05/14/2026,11:07:51:140,0.000000,0.000000,4,-121.3,-121.3,0,0,
05/14/2026,11:07:51:158,0.000000,0.000000,3,-106.76,-106.76,0,0,
05/14/2026,11:07:51:209,0.000000,0.000000,1,-121.03,-121.03,0,0,
05/14/2026,11:07:51:296,0.000000,0.000000,2,-121.64,-121.64,0,0,
05/14/2026,11:07:51:385,0.000000,0.000000,4,-121.22,-121.22,0,0,
05/14/2026,11:07:51:401,0.000000,0.000000,3,-105.43,-105.43,0,0,
05/14/2026,11:07:51:453,0.000000,0.000000,1,-121.29,-121.29,0,0,
05/14/2026,11:07:51:541,0.000000,0.000000,2,-121.14,-121.14,0,0,
05/14/2026,11:07:51:628,0.000000,0.000000,4,-118.56,-118.56,0,0,
05/14/2026,11:07:51:644,0.000000,0.000000,3,-110.73,-110.73,0,0,
05/14/2026,11:07:51:698,0.000000,0.000000,1,-120.25,-120.25,0,0,
05/14/2026,11:07:51:786,0.000000,0.000000,2,-122.59,-122.59,0,0,
05/14/2026,11:07:51:871,0.000000,0.000000,4,-121.16,-121.16,0,0,
05/14/2026,11:07:51:888,0.000000,0.000000,3,-102.33,-102.33,0,0,
05/14/2026,11:07:51:966,0.000000,0.000000,1,-123.57,-123.57,0,0,
05/14/2026,11:07:52:052,0.000000,0.000000,2,-121.4,-121.4,0,0,
05/14/2026,11:07:52:113,0.000000,0.000000,4,-121.89,-121.89,0,0,
05/14/2026,11:07:52:186,0.000000,0.000000,3,-108.35,-108.35,0,0,
05/14/2026,11:07:52:195,0.000000,0.000000,1,-119.26,-119.26,0,0,
05/14/2026,11:07:52:299,0.000000,0.000000,2,-121.44,-121.44,0,0,
05/14/2026,11:07:52:359,0.000000,0.000000,4,-118.73,-118.73,0,0,
05/14/2026,11:07:52:378,0.000000,0.000000,3,-98.76,-98.76,0,0,
05/14/2026,11:07:52:428,0.000000,0.000000,1,-121.65,-121.65,0,0,
05/14/2026,11:07:52:514,0.000000,0.000000,2,-120.84,-120.84,0,0,
05/14/2026,11:07:52:601,0.000000,0.000000,4,-123.24,-123.24,0,0,
05/14/2026,11:07:52:620,0.000000,0.000000,3,-101.57,-101.57,0,0,
05/14/2026,11:07:52:672,0.000000,0.000000,1,-122.02,-122.02,0,0,
05/14/2026,11:07:52:759,0.000000,0.000000,2,-121.2,-121.2,0,0,
05/14/2026,11:07:53:065,0.000000,0.000000,4,-119.83,-119.83,0,0,
05/14/2026,11:07:53:072,0.000000,0.000000,3,-104.47,-104.47,0,0,
05/14/2026,11:07:53:086,0.000000,0.000000,1,-121.88,-121.88,0,0,
05/14/2026,11:07:53:103,0.000000,0.000000,2,-120.26,-120.26,0,0,
05/14/2026,11:07:53:133,0.000000,0.000000,4,-119.03,-119.03,0,0,
05/14/2026,11:07:53:137,0.000000,0.000000,3,-106.13,-106.13,0,0,
05/14/2026,11:07:53:159,0.000000,0.000000,1,-120.47,-120.47,0,0,
05/14/2026,11:07:53:250,0.000000,0.000000,2,-123.71,-123.71,0,0,
05/14/2026,11:07:53:334,0.000000,0.000000,4,-120.41,-120.41,0,0,
05/14/2026,11:07:53:351,0.000000,0.000000,3,-103.11,-103.11,0,0,
05/14/2026,11:07:53:403,0.000000,0.000000,1,-119.61,-119.61,0,0,
05/14/2026,11:07:53:490,0.000000,0.000000,2,-121.73,-121.73,0,0,
05/14/2026,11:07:53:580,0.000000,0.000000,4,-119.27,-119.27,0,0,
05/14/2026,11:07:53:594,0.000000,0.000000,3,-101.55,-101.55,0,0,
05/14/2026,11:07:53:655,0.000000,0.000000,1,-119.82,-119.82,0,0,
05/14/2026,11:07:53:732,0.000000,0.000000,2,-120.6,-120.6,0,0,
05/14/2026,11:07:53:878,0.000000,0.000000,4,-118.42,-118.42,0,0,
05/14/2026,11:07:53:879,0.000000,0.000000,3,-98.68,-98.68,0,0,
05/14/2026,11:07:53:889,0.000000,0.000000,1,-121.12,-121.12,0,0,
05/14/2026,11:07:54:039,0.000000,0.000000,2,-124.26,-124.26,0,0,
05/14/2026,11:07:54:069,0.000000,0.000000,4,-119.96,-119.96,0,0,
05/14/2026,11:07:54:082,0.000000,0.000000,3,-105.71,-105.71,0,0,
05/14/2026,11:07:54:134,0.000000,0.000000,1,-121.96,-121.96,0,0,
05/14/2026,11:07:54:226,0.000000,0.000000,2,-120.18,-120.18,0,0,
05/14/2026,11:07:54:309,0.000000,0.000000,4,-119.92,-119.92,0,0,
05/14/2026,11:07:54:324,0.000000,0.000000,3,-105.55,-105.55,0,0,
05/14/2026,11:07:54:380,0.000000,0.000000,1,-120.48,-120.48,0,0,
05/14/2026,11:07:54:464,0.000000,0.000000,2,-123.53,-123.53,0,0,
05/14/2026,11:07:54:551,0.000000,0.000000,4,-117.55,-117.55,0,0,
05/14/2026,11:07:54:588,0.000000,0.000000,3,-103.15,-103.15,0,0,
05/14/2026,11:07:54:623,0.000000,0.000000,1,-119.48,-119.48,0,0,
05/14/2026,11:07:54:708,0.000000,0.000000,2,-120.43,-120.43,0,0,
05/14/2026,11:07:54:799,0.000000,0.000000,4,-119,-119,0,0,
05/14/2026,11:07:54:813,0.000000,0.000000,3,-102.72,-102.72,0,0,
05/14/2026,11:07:54:865,0.000000,0.000000,1,-120,-120,0,0,
05/14/2026,11:07:54:951,0.000000,0.000000,2,-121.78,-121.78,0,0,
05/14/2026,11:07:55:040,0.000000,0.000000,4,-122.08,-122.08,0,0,
05/14/2026,11:07:55:057,0.000000,0.000000,3,-100.33,-100.33,0,0,
05/14/2026,11:07:55:110,0.000000,0.000000,1,-120.15,-120.15,0,0,
05/14/2026,11:07:55:196,0.000000,0.000000,2,-120.71,-120.71,0,0,
05/14/2026,11:07:55:284,0.000000,0.000000,4,-117.18,-117.18,0,0,
05/14/2026,11:07:55:303,0.000000,0.000000,3,-100.22,-100.22,0,0,
05/14/2026,11:07:55:353,0.000000,0.000000,1,-120.57,-120.57,0,0,
05/14/2026,11:07:55:442,0.000000,0.000000,2,-120.33,-120.33,0,0,
05/14/2026,11:07:55:528,0.000000,0.000000,4,-121.79,-121.79,0,0,
05/14/2026,11:07:55:542,0.000000,0.000000,3,-103.06,-103.06,0,0,
05/14/2026,11:07:55:596,0.000000,0.000000,1,-119.38,-119.38,0,0,
05/14/2026,11:07:55:748,0.000000,0.000000,2,-123.09,-123.09,0,0,
05/14/2026,11:07:55:768,0.000000,0.000000,4,-120.53,-120.53,0,0,
05/14/2026,11:07:55:803,0.000000,0.000000,3,-107.2,-107.2,0,0,
05/14/2026,11:07:55:867,0.000000,0.000000,1,-119.45,-119.45,0,0,
05/14/2026,11:07:55:963,0.000000,0.000000,2,-122.75,-122.75,0,0,
05/14/2026,11:07:56:013,0.000000,0.000000,4,-117.91,-117.91,0,0,
05/14/2026,11:07:56:053,0.000000,0.000000,3,-101.52,-101.52,0,0,
05/14/2026,11:07:56:084,0.000000,0.000000,1,-121.69,-121.69,0,0,
05/14/2026,11:07:56:170,0.000000,0.000000,2,-121.06,-121.06,0,0,
05/14/2026,11:07:56:256,0.000000,0.000000,4,-119.6,-119.6,0,0,
05/14/2026,11:07:56:275,0.000000,0.000000,3,-97.5,-97.5,0,0,
05/14/2026,11:07:56:330,0.000000,0.000000,1,-120.7,-120.7,0,0,
05/14/2026,11:07:56:416,0.000000,0.000000,2,-119.67,-119.67,0,0,
05/14/2026,11:07:56:501,0.000000,0.000000,4,-118.38,-118.38,0,0,
05/14/2026,11:07:56:518,0.000000,0.000000,3,-97.48,-97.48,0,0,
05/14/2026,11:07:56:572,0.000000,0.000000,1,-121.79,-121.79,0,0,
05/14/2026,11:07:56:658,0.000000,0.000000,2,-120.98,-120.98,0,0,
05/14/2026,11:07:56:745,0.000000,0.000000,4,-119.41,-119.41,0,0,
05/14/2026,11:07:56:764,0.000000,0.000000,3,-98.96,-98.96,0,0,
05/14/2026,11:07:56:815,0.000000,0.000000,1,-121.17,-121.17,0,0,
05/14/2026,11:07:56:902,0.000000,0.000000,2,-122.96,-122.96,0,0,
05/14/2026,11:07:56:989,0.000000,0.000000,4,-119.27,-119.27,0,0,
05/14/2026,11:07:57:006,0.000000,0.000000,3,-97.62,-97.62,0,0,
05/14/2026,11:07:57:058,0.000000,0.000000,1,-121.36,-121.36,0,0,
05/14/2026,11:07:57:149,0.000000,0.000000,2,-122.36,-122.36,0,0,
05/14/2026,11:07:57:232,0.000000,0.000000,4,-118.33,-118.33,0,0,
05/14/2026,11:07:57:248,0.000000,0.000000,3,-102.2,-102.2,0,0,
05/14/2026,11:07:57:302,0.000000,0.000000,1,-121.63,-121.63,0,0,
05/14/2026,11:07:57:390,0.000000,0.000000,2,-121.39,-121.39,0,0,
05/14/2026,11:07:57:477,0.000000,0.000000,4,-118.47,-118.47,0,0,
05/14/2026,11:07:57:493,0.000000,0.000000,3,-98.24,-98.24,0,0,
05/14/2026,11:07:57:545,0.000000,0.000000,1,-118.86,-118.86,0,0,
05/14/2026,11:07:57:631,0.000000,0.000000,2,-123.25,-123.25,0,0,
05/14/2026,11:07:57:718,0.000000,0.000000,4,-118.96,-118.96,0,0,
05/14/2026,11:07:57:786,0.000000,0.000000,3,-94.91,-94.91,0,0,
05/14/2026,11:07:57:800,0.000000,0.000000,1,-122.12,-122.12,0,0,
05/14/2026,11:07:57:875,0.000000,0.000000,2,-118.85,-118.85,0,0,
05/14/2026,11:07:57:961,0.000000,0.000000,4,-120.89,-120.89,0,0,
05/14/2026,11:07:57:983,0.000000,0.000000,3,-107.66,-107.66,0,0,
05/14/2026,11:07:58:034,0.000000,0.000000,1,-120.69,-120.69,0,0,
05/14/2026,11:07:58:347,0.000000,0.000000,2,-120.38,-120.38,0,0,
05/14/2026,11:07:58:378,0.000000,0.000000,4,-117.3,-117.3,0,0,
05/14/2026,11:07:58:382,0.000000,0.000000,3,-100.04,-100.04,0,0,
05/14/2026,11:07:58:393,0.000000,0.000000,1,-120.17,-120.17,0,0,
05/14/2026,11:07:58:434,0.000000,0.000000,2,-121.94,-121.94,0,0,
05/14/2026,11:07:58:467,0.000000,0.000000,4,-120.52,-120.52,0,0,
05/14/2026,11:07:58:479,0.000000,0.000000,3,-98.86,-98.86,0,0,
05/14/2026,11:07:58:531,0.000000,0.000000,1,-121.05,-121.05,0,0,
05/14/2026,11:07:58:627,0.000000,0.000000,2,-121.65,-121.65,0,0,
05/14/2026,11:07:58:713,0.000000,0.000000,4,-119.86,-119.86,0,0,
05/14/2026,11:07:58:733,0.000000,0.000000,3,-97.26,-97.26,0,0,
05/14/2026,11:07:58:796,0.000000,0.000000,1,-116.23,-116.23,0,0,
05/14/2026,11:07:58:891,0.000000,0.000000,2,-123.09,-123.09,0,0,
05/14/2026,11:07:58:980,0.000000,0.000000,4,-118.78,-118.78,0,0,
05/14/2026,11:07:58:998,0.000000,0.000000,3,-103.03,-103.03,0,0,
05/14/2026,11:07:59:052,0.000000,0.000000,1,-119.28,-119.28,0,0,
05/14/2026,11:07:59:136,0.000000,0.000000,2,-120.38,-120.38,0,0,
05/14/2026,11:07:59:234,0.000000,0.000000,4,-119.35,-119.35,0,0,
05/14/2026,11:07:59:249,0.000000,0.000000,3,-95.06,-95.06,0,0,
05/14/2026,11:07:59:328,0.000000,0.000000,1,-119.5,-119.5,0,0,
05/14/2026,11:07:59:410,0.000000,0.000000,2,-120.97,-120.97,0,0,
05/14/2026,11:07:59:528,0.000000,0.000000,4,-119.07,-119.07,0,0,
05/14/2026,11:07:59:532,0.000000,0.000000,3,-105.29,-105.29,0,0,
05/14/2026,11:07:59:583,0.000000,0.000000,1,-123.91,-123.91,0,0,
05/14/2026,11:07:59:653,0.000000,0.000000,2,-121.49,-121.49,0,0,
05/14/2026,11:07:59:739,0.000000,0.000000,4,-119.2,-119.2,0,0,
05/14/2026,11:07:59:759,0.000000,0.000000,3,-108.73,-108.73,0,0,
05/14/2026,11:07:59:808,0.000000,0.000000,1,-120.06,-120.06,0,0,
05/14/2026,11:07:59:897,0.000000,0.000000,2,-120.87,-120.87,0,0,
05/14/2026,11:07:59:982,0.000000,0.000000,4,-119.13,-119.13,0,0,
05/14/2026,11:08:00:003,0.000000,0.000000,3,-98.7,-98.7,0,0,
05/14/2026,11:08:00:056,0.000000,0.000000,1,-122.89,-122.89,0,0,
05/14/2026,11:08:00:144,0.000000,0.000000,2,-113.8,-113.8,0,0,
05/14/2026,11:08:00:228,0.000000,0.000000,4,-118.67,-118.67,0,0,
05/14/2026,11:08:00:248,0.000000,0.000000,3,-106.97,-106.97,0,0,
05/14/2026,11:08:00:302,0.000000,0.000000,1,-123.24,-123.24,0,0,
05/14/2026,11:08:00:385,0.000000,0.000000,2,-120.08,-120.08,0,0,
05/14/2026,11:08:00:472,0.000000,0.000000,4,-116.37,-116.37,0,0,
05/14/2026,11:08:00:492,0.000000,0.000000,3,-101.9,-101.9,0,0,
05/14/2026,11:08:00:545,0.000000,0.000000,1,-122.18,-122.18,0,0,
05/14/2026,11:08:00:627,0.000000,0.000000,2,-120.76,-120.76,0,0,
05/14/2026,11:08:00:722,0.000000,0.000000,4,-118.2,-118.2,0,0,
05/14/2026,11:08:00:731,0.000000,0.000000,3,-96.03,-96.03,0,0,
05/14/2026,11:08:00:785,0.000000,0.000000,1,-118.15,-118.15,0,0,
05/14/2026,11:08:00:872,0.000000,0.000000,2,-120.23,-120.23,0,0,
05/14/2026,11:08:00:958,0.000000,0.000000,4,-120.29,-120.29,0,0,
05/14/2026,11:08:00:990,0.000000,0.000000,3,-99.45,-99.45,0,0,
05/14/2026,11:08:01:030,0.000000,0.000000,1,-118.1,-118.1,0,0,
05/14/2026,11:08:01:119,0.000000,0.000000,2,-121.9,-121.9,0,0,
05/14/2026,11:08:01:200,0.000000,0.000000,4,-119.51,-119.51,0,0,
05/14/2026,11:08:01:268,0.000000,0.000000,3,-99.24,-99.24,0,0,
05/14/2026,11:08:01:290,0.000000,0.000000,1,-120.32,-120.32,0,0,
05/14/2026,11:08:01:408,0.000000,0.000000,2,-119.95,-119.95,0,0,
05/14/2026,11:08:01:467,0.000000,0.000000,4,-118.16,-118.16,0,0,
05/14/2026,11:08:01:470,0.000000,0.000000,3,-101.94,-101.94,0,0,
05/14/2026,11:08:01:519,0.000000,0.000000,1,-123.15,-123.15,0,0,
05/14/2026,11:08:01:602,0.000000,0.000000,2,-120.37,-120.37,0,0,
05/14/2026,11:08:01:687,0.000000,0.000000,4,-120.65,-120.65,0,0,
05/14/2026,11:08:01:707,0.000000,0.000000,3,-102.3,-102.3,0,0,
05/14/2026,11:08:01:758,0.000000,0.000000,1,-120.08,-120.08,0,0,
05/14/2026,11:08:01:846,0.000000,0.000000,2,-122.71,-122.71,0,0,
05/14/2026,11:08:01:941,0.000000,0.000000,4,-119.86,-119.86,0,0,
05/14/2026,11:08:01:949,0.000000,0.000000,3,-103.32,-103.32,0,0,
05/14/2026,11:08:02:001,0.000000,0.000000,1,-117.65,-117.65,0,0,
05/14/2026,11:08:02:089,0.000000,0.000000,2,-119.23,-119.23,0,0,
05/14/2026,11:08:02:184,0.000000,0.000000,4,-119.78,-119.78,0,0,
05/14/2026,11:08:02:201,0.000000,0.000000,3,-102.76,-102.76,0,0,
05/14/2026,11:08:02:268,0.000000,0.000000,1,-119.94,-119.94,0,0,
05/14/2026,11:08:02:333,0.000000,0.000000,2,-120.69,-120.69,0,0,
05/14/2026,11:08:02:419,0.000000,0.000000,4,-118.35,-118.35,0,0,
05/14/2026,11:08:02:451,0.000000,0.000000,3,-105.64,-105.64,0,0,
05/14/2026,11:08:02:494,0.000000,0.000000,1,-119.34,-119.34,0,0,
05/14/2026,11:08:02:577,0.000000,0.000000,2,-121.46,-121.46,0,0,
05/14/2026,11:08:02:665,0.000000,0.000000,4,-117.55,-117.55,0,0,
05/14/2026,11:08:02:683,0.000000,0.000000,3,-97,-97,0,0,
05/14/2026,11:08:02:733,0.000000,0.000000,1,-116.98,-116.98,0,0,
05/14/2026,11:08:02:819,0.000000,0.000000,2,-120.43,-120.43,0,0,
05/14/2026,11:08:02:908,0.000000,0.000000,4,-120.64,-120.64,0,0,
05/14/2026,11:08:02:928,0.000000,0.000000,3,-97.5,-97.5,0,0,
05/14/2026,11:08:02:977,0.000000,0.000000,1,-120.66,-120.66,0,0,
05/14/2026,11:08:03:064,0.000000,0.000000,2,-121.24,-121.24,0,0,
05/14/2026,11:08:03:151,0.000000,0.000000,4,-119.4,-119.4,0,0,
05/14/2026,11:08:03:169,0.000000,0.000000,3,-101.29,-101.29,0,0,
05/14/2026,11:08:03:224,0.000000,0.000000,1,-117.73,-117.73,0,0,
05/14/2026,11:08:03:345,0.000000,0.000000,2,-120.92,-120.92,0,0,
05/14/2026,11:08:03:635,0.000000,0.000000,4,-119.96,-119.96,0,0,
05/14/2026,11:08:03:642,0.000000,0.000000,3,-109.43,-109.43,0,0,
05/14/2026,11:08:03:653,0.000000,0.000000,1,-118.79,-118.79,0,0,
05/14/2026,11:08:03:694,0.000000,0.000000,2,-120.08,-120.08,0,0,
05/14/2026,11:08:03:733,0.000000,0.000000,4,-121.35,-121.35,0,0,
05/14/2026,11:08:03:736,0.000000,0.000000,3,-96.73,-96.73,0,0,
05/14/2026,11:08:03:755,0.000000,0.000000,1,-118.9,-118.9,0,0,
05/14/2026,11:08:03:806,0.000000,0.000000,2,-120.34,-120.34,0,0,
05/14/2026,11:08:03:891,0.000000,0.000000,4,-119.86,-119.86,0,0,
05/14/2026,11:08:03:911,0.000000,0.000000,3,-98.55,-98.55,0,0,
05/14/2026,11:08:03:962,0.000000,0.000000,1,-119.79,-119.79,0,0,
05/14/2026,11:08:04:049,0.000000,0.000000,2,-119.68,-119.68,0,0,
05/14/2026,11:08:04:141,0.000000,0.000000,4,-119.81,-119.81,0,0,
05/14/2026,11:08:04:153,0.000000,0.000000,3,-108.23,-108.23,0,0,
05/14/2026,11:08:04:207,0.000000,0.000000,1,-119.8,-119.8,0,0,
05/14/2026,11:08:04:301,0.000000,0.000000,2,-121.29,-121.29,0,0,
05/14/2026,11:08:04:389,0.000000,0.000000,4,-118.04,-118.04,0,0,
05/14/2026,11:08:04:406,0.000000,0.000000,3,-100.86,-100.86,0,0,
05/14/2026,11:08:04:461,0.000000,0.000000,1,-120.71,-120.71,0,0,
05/14/2026,11:08:04:567,0.000000,0.000000,2,-120.86,-120.86,0,0,
05/14/2026,11:08:04:663,0.000000,0.000000,4,-119.74,-119.74,0,0,
05/14/2026,11:08:04:682,0.000000,0.000000,3,-100.14,-100.14,0,0,
05/14/2026,11:08:04:746,0.000000,0.000000,1,-119.78,-119.78,0,0,
05/14/2026,11:08:04:850,0.000000,0.000000,2,-119.73,-119.73,0,0,
05/14/2026,11:08:04:938,0.000000,0.000000,4,-118.34,-118.34,0,0,
05/14/2026,11:08:04:955,0.000000,0.000000,3,-96.18,-96.18,0,0,
05/14/2026,11:08:05:014,0.000000,0.000000,1,-117.01,-117.01,0,0,
05/14/2026,11:08:05:095,0.000000,0.000000,2,-118.29,-118.29,0,0,
05/14/2026,11:08:05:211,0.000000,0.000000,4,-120.38,-120.38,0,0,
05/14/2026,11:08:05:215,0.000000,0.000000,3,-92.3,-92.3,0,0,
05/14/2026,11:08:05:286,0.000000,0.000000,1,-118.18,-118.18,0,0,
05/14/2026,11:08:05:358,0.000000,0.000000,2,-116.35,-116.35,0,0,
05/14/2026,11:08:05:446,0.000000,0.000000,4,-119.11,-119.11,0,0,
05/14/2026,11:08:05:474,0.000000,0.000000,3,-96.44,-96.44,0,0,
05/14/2026,11:08:05:495,0.000000,0.000000,1,-118.92,-118.92,0,0,
05/14/2026,11:08:05:587,0.000000,0.000000,2,-107.81,-107.81,0,0,
05/14/2026,11:08:05:671,0.000000,0.000000,4,-108.29,-108.29,0,0,
05/14/2026,11:08:05:697,0.000000,0.000000,3,-98.65,-98.65,0,0,
05/14/2026,11:08:05:743,0.000000,0.000000,1,-115.12,-115.12,0,0,
05/14/2026,11:08:05:826,0.000000,0.000000,2,-117.92,-117.92,0,0,
05/14/2026,11:08:05:912,0.000000,0.000000,4,-118.26,-118.26,0,0,
05/14/2026,11:08:05:932,0.000000,0.000000,3,-102.19,-102.19,0,0,
05/14/2026,11:08:05:984,0.000000,0.000000,1,-119.05,-119.05,0,0,
05/14/2026,11:08:06:068,0.000000,0.000000,2,-119.5,-119.5,0,0,
05/14/2026,11:08:06:159,0.000000,0.000000,4,-115.93,-115.93,0,0,
05/14/2026,11:08:06:175,0.000000,0.000000,3,-99.89,-99.89,0,0,
05/14/2026,11:08:06:229,0.000000,0.000000,1,-114.84,-114.84,0,0,
05/14/2026,11:08:06:315,0.000000,0.000000,2,-117.43,-117.43,0,0,
05/14/2026,11:08:06:400,0.000000,0.000000,4,-119.86,-119.86,0,0,
05/14/2026,11:08:06:420,0.000000,0.000000,3,-105.41,-105.41,0,0,
05/14/2026,11:08:06:474,0.000000,0.000000,1,-118.24,-118.24,0,0,
05/14/2026,11:08:06:556,0.000000,0.000000,2,-120.38,-120.38,0,0,
05/14/2026,11:08:06:650,0.000000,0.000000,4,-118.21,-118.21,0,0,
05/14/2026,11:08:06:671,0.000000,0.000000,3,-99.93,-99.93,0,0,
05/14/2026,11:08:06:720,0.000000,0.000000,1,-117.73,-117.73,0,0,
05/14/2026,11:08:06:801,0.000000,0.000000,2,-120.33,-120.33,0,0,
05/14/2026,11:08:06:888,0.000000,0.000000,4,-118.87,-118.87,0,0,
05/14/2026,11:08:06:956,0.000000,0.000000,3,-94.33,-94.33,0,0,
05/14/2026,11:08:06:972,0.000000,0.000000,1,-121.75,-121.75,0,0,
05/14/2026,11:08:07:062,0.000000,0.000000,2,-120.08,-120.08,0,0,
05/14/2026,11:08:07:139,0.000000,0.000000,4,-117.61,-117.61,0,0,
05/14/2026,11:08:07:201,0.000000,0.000000,3,-96.72,-96.72,0,0,
05/14/2026,11:08:07:221,0.000000,0.000000,1,-118.79,-118.79,0,0,
05/14/2026,11:08:07:289,0.000000,0.000000,2,-119.23,-119.23,0,0,
05/14/2026,11:08:07:391,0.000000,0.000000,4,-118.35,-118.35,0,0,
05/14/2026,11:08:07:401,0.000000,0.000000,3,-101.39,-101.39,0,0,
05/14/2026,11:08:07:449,0.000000,0.000000,1,-117.71,-117.71,0,0,
05/14/2026,11:08:07:533,0.000000,0.000000,2,-118.81,-118.81,0,0,
05/14/2026,11:08:07:620,0.000000,0.000000,4,-117.71,-117.71,0,0,
05/14/2026,11:08:07:638,0.000000,0.000000,3,-104.15,-104.15,0,0,
05/14/2026,11:08:07:690,0.000000,0.000000,1,-120.35,-120.35,0,0,
05/14/2026,11:08:07:776,0.000000,0.000000,2,-119.77,-119.77,0,0,
05/14/2026,11:08:07:862,0.000000,0.000000,4,-117.43,-117.43,0,0,
05/14/2026,11:08:07:884,0.000000,0.000000,3,-105.4,-105.4,0,0,
05/14/2026,11:08:07:934,0.000000,0.000000,1,-118.28,-118.28,0,0,
05/14/2026,11:08:08:029,0.000000,0.000000,2,-120.81,-120.81,0,0,
05/14/2026,11:08:08:106,0.000000,0.000000,4,-117,-117,0,0,
05/14/2026,11:08:08:125,0.000000,0.000000,3,-95.11,-95.11,0,0,
05/14/2026,11:08:08:178,0.000000,0.000000,1,-116.7,-116.7,0,0,
05/14/2026,11:08:08:265,0.000000,0.000000,2,-118.29,-118.29,0,0,
05/14/2026,11:08:08:349,0.000000,0.000000,4,-120.75,-120.75,0,0,
05/14/2026,11:08:08:368,0.000000,0.000000,3,-98.46,-98.46,0,0,
05/14/2026,11:08:08:421,0.000000,0.000000,1,-116.95,-116.95,0,0,
05/14/2026,11:08:08:519,0.000000,0.000000,2,-117.58,-117.58,0,0,
05/14/2026,11:08:08:594,0.000000,0.000000,4,-117.63,-117.63,0,0,
05/14/2026,11:08:08:611,0.000000,0.000000,3,-92.42,-92.42,0,0,
05/14/2026,11:08:08:930,0.000000,0.000000,1,-119.99,-119.99,0,0,
05/14/2026,11:08:08:962,0.000000,0.000000,2,-120.56,-120.56,0,0,
05/14/2026,11:08:08:981,0.000000,0.000000,4,-118.42,-118.42,0,0,
05/14/2026,11:08:08:985,0.000000,0.000000,3,-95.48,-95.48,0,0,
05/14/2026,11:08:09:000,0.000000,0.000000,1,-116.88,-116.88,0,0,
05/14/2026,11:08:09:024,0.000000,0.000000,2,-117.38,-117.38,0,0,
05/14/2026,11:08:09:080,0.000000,0.000000,4,-118.47,-118.47,0,0,
05/14/2026,11:08:09:100,0.000000,0.000000,3,-105.18,-105.18,0,0,
05/14/2026,11:08:09:150,0.000000,0.000000,1,-117.74,-117.74,0,0,
05/14/2026,11:08:09:238,0.000000,0.000000,2,-119.76,-119.76,0,0,
05/14/2026,11:08:09:326,0.000000,0.000000,4,-119.85,-119.85,0,0,
05/14/2026,11:08:09:341,0.000000,0.000000,3,-100.98,-100.98,0,0,
05/14/2026,11:08:09:394,0.000000,0.000000,1,-117.13,-117.13,0,0,
05/14/2026,11:08:09:493,0.000000,0.000000,2,-118.64,-118.64,0,0,
05/14/2026,11:08:09:573,0.000000,0.000000,4,-120.58,-120.58,0,0,
05/14/2026,11:08:09:597,0.000000,0.000000,3,-96.8,-96.8,0,0,
05/14/2026,11:08:09:640,0.000000,0.000000,1,-115.83,-115.83,0,0,
05/14/2026,11:08:09:726,0.000000,0.000000,2,-118.88,-118.88,0,0,
05/14/2026,11:08:09:818,0.000000,0.000000,4,-119.68,-119.68,0,0,
05/14/2026,11:08:09:829,0.000000,0.000000,3,-102.9,-102.9,0,0,
05/14/2026,11:08:09:884,0.000000,0.000000,1,-118.54,-118.54,0,0,
05/14/2026,11:08:09:980,0.000000,0.000000,2,-118.95,-118.95,0,0,
05/14/2026,11:08:10:056,0.000000,0.000000,4,-118.92,-118.92,0,0,
05/14/2026,11:08:10:074,0.000000,0.000000,3,-96.15,-96.15,0,0,
05/14/2026,11:08:10:133,0.000000,0.000000,1,-119.9,-119.9,0,0,
05/14/2026,11:08:10:218,0.000000,0.000000,2,-121.97,-121.97,0,0,
05/14/2026,11:08:10:301,0.000000,0.000000,4,-119.53,-119.53,0,0,
05/14/2026,11:08:10:318,0.000000,0.000000,3,-100.36,-100.36,0,0,
05/14/2026,11:08:10:369,0.000000,0.000000,1,-118.65,-118.65,0,0,
05/14/2026,11:08:10:458,0.000000,0.000000,2,-120.17,-120.17,0,0,
05/14/2026,11:08:10:547,0.000000,0.000000,4,-118.5,-118.5,0,0,
05/14/2026,11:08:10:562,0.000000,0.000000,3,-96.49,-96.49,0,0,
05/14/2026,11:08:10:613,0.000000,0.000000,1,-118.97,-118.97,0,0,
05/14/2026,11:08:10:701,0.000000,0.000000,2,-118.29,-118.29,0,0,
05/14/2026,11:08:10:806,0.000000,0.000000,4,-118.94,-118.94,0,0,
05/14/2026,11:08:10:809,0.000000,0.000000,3,-95.52,-95.52,0,0,
05/14/2026,11:08:10:893,0.000000,0.000000,1,-117.55,-117.55,0,0,
05/14/2026,11:08:10:942,0.000000,0.000000,2,-119.07,-119.07,0,0,
05/14/2026,11:08:11:063,0.000000,0.000000,4,-115.45,-115.45,0,0,
05/14/2026,11:08:11:064,0.000000,0.000000,3,-95.15,-95.15,0,0,
05/14/2026,11:08:11:113,0.000000,0.000000,1,-117.05,-117.05,0,0,
05/14/2026,11:08:11:187,0.000000,0.000000,2,-119.51,-119.51,0,0,
05/14/2026,11:08:11:275,0.000000,0.000000,4,-116.17,-116.17,0,0,
05/14/2026,11:08:11:295,0.000000,0.000000,3,-90.61,-90.61,0,0,
05/14/2026,11:08:11:344,0.000000,0.000000,1,-118.55,-118.55,0,0,
05/14/2026,11:08:11:431,0.000000,0.000000,2,-119.13,-119.13,0,0,
05/14/2026,11:08:11:519,0.000000,0.000000,4,-116.71,-116.71,0,0,
05/14/2026,11:08:11:535,0.000000,0.000000,3,-92.71,-92.71,0,0,
05/14/2026,11:08:11:590,0.000000,0.000000,1,-120.23,-120.23,0,0,
05/14/2026,11:08:11:676,0.000000,0.000000,2,-118.83,-118.83,0,0,
05/14/2026,11:08:11:763,0.000000,0.000000,4,-115.86,-115.86,0,0,
05/14/2026,11:08:11:779,0.000000,0.000000,3,-94.08,-94.08,0,0,
05/14/2026,11:08:11:841,0.000000,0.000000,1,-118.33,-118.33,0,0,
05/14/2026,11:08:11:918,0.000000,0.000000,2,-118.66,-118.66,0,0,
05/14/2026,11:08:12:007,0.000000,0.000000,4,-116.39,-116.39,0,0,
05/14/2026,11:08:12:022,0.000000,0.000000,3,-87.99,-87.99,0,0,
05/14/2026,11:08:12:077,0.000000,0.000000,1,-114.04,-114.04,0,0,
05/14/2026,11:08:12:161,0.000000,0.000000,2,-120.14,-120.14,0,0,
05/14/2026,11:08:12:250,0.000000,0.000000,4,-120.08,-120.08,0,0,
05/14/2026,11:08:12:269,0.000000,0.000000,3,-92.57,-92.57,0,0,
05/14/2026,11:08:12:325,0.000000,0.000000,1,-121.01,-121.01,0,0,
05/14/2026,11:08:12:417,0.000000,0.000000,2,-120.73,-120.73,0,0,
05/14/2026,11:08:12:508,0.000000,0.000000,4,-120.84,-120.84,0,0,
05/14/2026,11:08:12:511,0.000000,0.000000,3,-95.26,-95.26,0,0,
05/14/2026,11:08:12:563,0.000000,0.000000,1,-119.85,-119.85,0,0,
05/14/2026,11:08:12:726,0.000000,0.000000,2,-118.24,-118.24,0,0,
05/14/2026,11:08:12:742,0.000000,0.000000,4,-118.51,-118.51,0,0,
05/14/2026,11:08:12:815,0.000000,0.000000,3,-98.76,-98.76,0,0,
05/14/2026,11:08:12:827,0.000000,0.000000,1,-121.59,-121.59,0,0,
05/14/2026,11:08:12:951,0.000000,0.000000,2,-120.23,-120.23,0,0,
05/14/2026,11:08:12:983,0.000000,0.000000,4,-121.82,-121.82,0,0,
05/14/2026,11:08:12:996,0.000000,0.000000,3,-98.29,-98.29,0,0,
05/14/2026,11:08:13:060,0.000000,0.000000,1,-119.75,-119.75,0,0,
05/14/2026,11:08:13:137,0.000000,0.000000,2,-122.42,-122.42,0,0,
05/14/2026,11:08:13:225,0.000000,0.000000,4,-119.44,-119.44,0,0,
05/14/2026,11:08:13:241,0.000000,0.000000,3,-95.63,-95.63,0,0,
05/14/2026,11:08:13:297,0.000000,0.000000,1,-121.21,-121.21,0,0,
05/14/2026,11:08:13:384,0.000000,0.000000,2,-119.57,-119.57,0,0,
05/14/2026,11:08:13:489,0.000000,0.000000,4,-118.09,-118.09,0,0,
05/14/2026,11:08:13:490,0.000000,0.000000,3,-99.89,-99.89,0,0,
05/14/2026,11:08:13:540,0.000000,0.000000,1,-121.76,-121.76,0,0,
05/14/2026,11:08:13:655,0.000000,0.000000,2,-119.92,-119.92,0,0,
05/14/2026,11:08:13:724,0.000000,0.000000,4,-120.04,-120.04,0,0,
05/14/2026,11:08:13:739,0.000000,0.000000,3,-101.72,-101.72,0,0,
05/14/2026,11:08:13:795,0.000000,0.000000,1,-120.09,-120.09,0,0,
05/14/2026,11:08:13:878,0.000000,0.000000,2,-121.2,-121.2,0,0,
05/14/2026,11:08:14:187,0.000000,0.000000,4,-119.17,-119.17,0,0,
05/14/2026,11:08:14:191,0.000000,0.000000,3,-95.69,-95.69,0,0,
05/14/2026,11:08:14:209,0.000000,0.000000,1,-120.26,-120.26,0,0,
05/14/2026,11:08:14:233,0.000000,0.000000,2,-123.04,-123.04,0,0,
05/14/2026,11:08:14:281,0.000000,0.000000,4,-121.66,-121.66,0,0,
05/14/2026,11:08:14:296,0.000000,0.000000,3,-104.29,-104.29,0,0,
05/14/2026,11:08:14:310,0.000000,0.000000,1,-120.15,-120.15,0,0,
05/14/2026,11:08:14:380,0.000000,0.000000,2,-121.8,-121.8,0,0,
05/14/2026,11:08:14:465,0.000000,0.000000,4,-119.4,-119.4,0,0,
05/14/2026,11:08:14:482,0.000000,0.000000,3,-102.63,-102.63,0,0,
05/14/2026,11:08:14:532,0.000000,0.000000,1,-119.96,-119.96,0,0,
05/14/2026,11:08:14:620,0.000000,0.000000,2,-120.36,-120.36,0,0,
05/14/2026,11:08:14:707,0.000000,0.000000,4,-120.41,-120.41,0,0,
05/14/2026,11:08:14:726,0.000000,0.000000,3,-101.69,-101.69,0,0,
05/14/2026,11:08:14:779,0.000000,0.000000,1,-119.37,-119.37,0,0,
05/14/2026,11:08:14:864,0.000000,0.000000,2,-119.12,-119.12,0,0,
05/14/2026,11:08:14:949,0.000000,0.000000,4,-121.1,-121.1,0,0,
05/14/2026,11:08:14:972,0.000000,0.000000,3,-97.56,-97.56,0,0,
05/14/2026,11:08:15:024,0.000000,0.000000,1,-121.1,-121.1,0,0,
05/14/2026,11:08:15:105,0.000000,0.000000,2,-122.25,-122.25,0,0,
05/14/2026,11:08:15:198,0.000000,0.000000,4,-117.62,-117.62,0,0,
05/14/2026,11:08:15:210,0.000000,0.000000,3,-99.94,-99.94,0,0,
05/14/2026,11:08:15:264,0.000000,0.000000,1,-119.1,-119.1,0,0,
05/14/2026,11:08:15:350,0.000000,0.000000,2,-118.36,-118.36,0,0,
05/14/2026,11:08:15:486,0.000000,0.000000,4,-118.87,-118.87,0,0,
05/14/2026,11:08:15:489,0.000000,0.000000,3,-101.37,-101.37,0,0,
05/14/2026,11:08:15:506,0.000000,0.000000,1,-121.19,-121.19,0,0,
05/14/2026,11:08:15:620,0.000000,0.000000,2,-119.89,-119.89,0,0,
05/14/2026,11:08:15:683,0.000000,0.000000,4,-118.9,-118.9,0,0,
05/14/2026,11:08:15:699,0.000000,0.000000,3,-104.71,-104.71,0,0,
05/14/2026,11:08:15:753,0.000000,0.000000,1,-119.6,-119.6,0,0,
05/14/2026,11:08:15:837,0.000000,0.000000,2,-118.81,-118.81,0,0,
05/14/2026,11:08:15:924,0.000000,0.000000,4,-119.78,-119.78,0,0,
05/14/2026,11:08:15:945,0.000000,0.000000,3,-99.99,-99.99,0,0,
05/14/2026,11:08:15:996,0.000000,0.000000,1,-118.09,-118.09,0,0,
05/14/2026,11:08:16:081,0.000000,0.000000,2,-121.2,-121.2,0,0,
05/14/2026,11:08:16:167,0.000000,0.000000,4,-120.15,-120.15,0,0,
05/14/2026,11:08:16:186,0.000000,0.000000,3,-108.35,-108.35,0,0,
05/14/2026,11:08:16:238,0.000000,0.000000,1,-119.76,-119.76,0,0,
05/14/2026,11:08:16:355,0.000000,0.000000,2,-117.83,-117.83,0,0,
05/14/2026,11:08:16:415,0.000000,0.000000,4,-119.6,-119.6,0,0,
05/14/2026,11:08:16:429,0.000000,0.000000,3,-105.42,-105.42,0,0,
05/14/2026,11:08:16:487,0.000000,0.000000,1,-117.72,-117.72,0,0,
05/14/2026,11:08:16:570,0.000000,0.000000,2,-121.94,-121.94,0,0,
05/14/2026,11:08:16:653,0.000000,0.000000,4,-116.84,-116.84,0,0,
05/14/2026,11:08:16:673,0.000000,0.000000,3,-101.94,-101.94,0,0,
05/14/2026,11:08:16:726,0.000000,0.000000,1,-118.21,-118.21,0,0,
05/14/2026,11:08:16:816,0.000000,0.000000,2,-118.41,-118.41,0,0,
05/14/2026,11:08:16:902,0.000000,0.000000,4,-118.06,-118.06,0,0,
05/14/2026,11:08:16:915,0.000000,0.000000,3,-101.77,-101.77,0,0,
05/14/2026,11:08:16:971,0.000000,0.000000,1,-121.36,-121.36,0,0,
05/14/2026,11:08:17:060,0.000000,0.000000,2,-118.76,-118.76,0,0,
05/14/2026,11:08:17:144,0.000000,0.000000,4,-118.77,-118.77,0,0,
05/14/2026,11:08:17:218,0.000000,0.000000,3,-101.12,-101.12,0,0,
05/14/2026,11:08:17:230,0.000000,0.000000,1,-118.83,-118.83,0,0,
05/14/2026,11:08:17:310,0.000000,0.000000,2,-120.77,-120.77,0,0,
05/14/2026,11:08:17:397,0.000000,0.000000,4,-118.96,-118.96,0,0,
05/14/2026,11:08:17:403,0.000000,0.000000,3,-98.87,-98.87,0,0,
05/14/2026,11:08:17:454,0.000000,0.000000,1,-119.05,-119.05,0,0,
05/14/2026,11:08:17:544,0.000000,0.000000,2,-120.62,-120.62,0,0,
05/14/2026,11:08:17:632,0.000000,0.000000,4,-117.83,-117.83,0,0,
05/14/2026,11:08:17:651,0.000000,0.000000,3,-100.55,-100.55,0,0,
05/14/2026,11:08:17:712,0.000000,0.000000,1,-119.49,-119.49,0,0,
05/14/2026,11:08:17:787,0.000000,0.000000,2,-120.72,-120.72,0,0,
05/14/2026,11:08:17:874,0.000000,0.000000,4,-120.73,-120.73,0,0,
05/14/2026,11:08:17:895,0.000000,0.000000,3,-100.37,-100.37,0,0,
05/14/2026,11:08:17:945,0.000000,0.000000,1,-121.06,-121.06,0,0,
05/14/2026,11:08:18:033,0.000000,0.000000,2,-121.76,-121.76,0,0,
05/14/2026,11:08:18:122,0.000000,0.000000,4,-121.42,-121.42,0,0,
05/14/2026,11:08:18:147,0.000000,0.000000,3,-97.6,-97.6,0,0,
05/14/2026,11:08:18:187,0.000000,0.000000,1,-120.34,-120.34,0,0,
05/14/2026,11:08:18:275,0.000000,0.000000,2,-123.03,-123.03,0,0,
05/14/2026,11:08:18:370,0.000000,0.000000,4,-117.86,-117.86,0,0,
05/14/2026,11:08:18:377,0.000000,0.000000,3,-100.16,-100.16,0,0,
05/14/2026,11:08:18:443,0.000000,0.000000,1,-119.14,-119.14,0,0,
05/14/2026,11:08:18:519,0.000000,0.000000,2,-119.84,-119.84,0,0,
05/14/2026,11:08:18:607,0.000000,0.000000,4,-119.55,-119.55,0,0,
05/14/2026,11:08:18:621,0.000000,0.000000,3,-102.67,-102.67,0,0,
05/14/2026,11:08:18:676,0.000000,0.000000,1,-120.72,-120.72,0,0,
05/14/2026,11:08:18:761,0.000000,0.000000,2,-118.98,-118.98,0,0,
05/14/2026,11:08:18:850,0.000000,0.000000,4,-121.35,-121.35,0,0,
05/14/2026,11:08:18:868,0.000000,0.000000,3,-98.85,-98.85,0,0,
05/14/2026,11:08:18:916,0.000000,0.000000,1,-118.14,-118.14,0,0,
05/14/2026,11:08:19:006,0.000000,0.000000,2,-120.26,-120.26,0,0,
05/14/2026,11:08:19:092,0.000000,0.000000,4,-120.08,-120.08,0,0,
05/14/2026,11:08:19:112,0.000000,0.000000,3,-92.71,-92.71,0,0,
05/14/2026,11:08:19:188,0.000000,0.000000,1,-120.38,-120.38,0,0,
05/14/2026,11:08:19:498,0.000000,0.000000,2,-122.98,-122.98,0,0,
05/14/2026,11:08:19:528,0.000000,0.000000,4,-118.76,-118.76,0,0,
05/14/2026,11:08:19:531,0.000000,0.000000,3,-95.16,-95.16,0,0,
05/14/2026,11:08:19:546,0.000000,0.000000,1,-119,-119,0,0,
05/14/2026,11:08:19:568,0.000000,0.000000,2,-120.16,-120.16,0,0,
05/14/2026,11:08:19:597,0.000000,0.000000,4,-118,-118,0,0,
05/14/2026,11:08:19:599,0.000000,0.000000,3,-97.44,-97.44,0,0,
05/14/2026,11:08:19:647,0.000000,0.000000,1,-119.66,-119.66,0,0,
05/14/2026,11:08:19:738,0.000000,0.000000,2,-121.24,-121.24,0,0,
05/14/2026,11:08:19:824,0.000000,0.000000,4,-119.69,-119.69,0,0,
05/14/2026,11:08:19:839,0.000000,0.000000,3,-93.16,-93.16,0,0,
05/14/2026,11:08:19:893,0.000000,0.000000,1,-120.14,-120.14,0,0,
05/14/2026,11:08:19:992,0.000000,0.000000,2,-119.35,-119.35,0,0,
05/14/2026,11:08:20:066,0.000000,0.000000,4,-117.32,-117.32,0,0,
05/14/2026,11:08:20:084,0.000000,0.000000,3,-94.11,-94.11,0,0,
05/14/2026,11:08:20:163,0.000000,0.000000,1,-119.3,-119.3,0,0,
05/14/2026,11:08:20:227,0.000000,0.000000,2,-121.38,-121.38,0,0,
05/14/2026,11:08:20:320,0.000000,0.000000,4,-119.9,-119.9,0,0,
05/14/2026,11:08:20:326,0.000000,0.000000,3,-95.11,-95.11,0,0,
05/14/2026,11:08:20:395,0.000000,0.000000,1,-119.77,-119.77,0,0,
05/14/2026,11:08:20:479,0.000000,0.000000,2,-122.75,-122.75,0,0,
05/14/2026,11:08:20:557,0.000000,0.000000,4,-117,-117,0,0,
05/14/2026,11:08:20:579,0.000000,0.000000,3,-89.68,-89.68,0,0,
05/14/2026,11:08:20:623,0.000000,0.000000,1,-119.36,-119.36,0,0,
05/14/2026,11:08:20:719,0.000000,0.000000,2,-120.15,-120.15,0,0,
05/14/2026,11:08:20:798,0.000000,0.000000,4,-118.19,-118.19,0,0,
05/14/2026,11:08:20:815,0.000000,0.000000,3,-92.14,-92.14,0,0,
05/14/2026,11:08:20:868,0.000000,0.000000,1,-118.21,-118.21,0,0,
05/14/2026,11:08:20:963,0.000000,0.000000,2,-119.22,-119.22,0,0,
05/14/2026,11:08:21:072,0.000000,0.000000,4,-118.17,-118.17,0,0,
05/14/2026,11:08:21:079,0.000000,0.000000,3,-103.86,-103.86,0,0,
05/14/2026,11:08:21:118,0.000000,0.000000,1,-118.96,-118.96,0,0,
05/14/2026,11:08:21:246,0.000000,0.000000,2,-118.22,-118.22,0,0,
05/14/2026,11:08:21:287,0.000000,0.000000,4,-115.62,-115.62,0,0,
05/14/2026,11:08:21:316,0.000000,0.000000,3,-88.88,-88.88,0,0,
05/14/2026,11:08:21:354,0.000000,0.000000,1,-117.63,-117.63,0,0,
05/14/2026,11:08:21:440,0.000000,0.000000,2,-117.82,-117.82,0,0,
05/14/2026,11:08:21:525,0.000000,0.000000,4,-119.52,-119.52,0,0,
05/14/2026,11:08:21:544,0.000000,0.000000,3,-96.84,-96.84,0,0,
05/14/2026,11:08:21:599,0.000000,0.000000,1,-119.98,-119.98,0,0,
05/14/2026,11:08:21:697,0.000000,0.000000,2,-118.68,-118.68,0,0,
05/14/2026,11:08:21:778,0.000000,0.000000,4,-116.24,-116.24,0,0,
05/14/2026,11:08:21:793,0.000000,0.000000,3,-100.78,-100.78,0,0,
05/14/2026,11:08:21:841,0.000000,0.000000,1,-116.02,-116.02,0,0,
05/14/2026,11:08:21:929,0.000000,0.000000,2,-117.24,-117.24,0,0,
05/14/2026,11:08:22:023,0.000000,0.000000,4,-113.33,-113.33,0,0,
05/14/2026,11:08:22:035,0.000000,0.000000,3,-94.79,-94.79,0,0,
05/14/2026,11:08:22:085,0.000000,0.000000,1,-107.78,-107.78,0,0,
05/14/2026,11:08:22:173,0.000000,0.000000,2,-115.51,-115.51,0,0,
05/14/2026,11:08:22:258,0.000000,0.000000,4,-110.84,-110.84,0,0,
05/14/2026,11:08:22:276,0.000000,0.000000,3,-99.94,-99.94,0,0,
05/14/2026,11:08:22:329,0.000000,0.000000,1,-110.64,-110.64,0,0,
05/14/2026,11:08:22:415,0.000000,0.000000,2,-105.83,-105.83,0,0,
05/14/2026,11:08:22:515,0.000000,0.000000,4,-111.88,-111.88,0,0,
05/14/2026,11:08:22:520,0.000000,0.000000,3,-103.22,-103.22,0,0,
05/14/2026,11:08:22:571,0.000000,0.000000,1,-107.82,-107.82,0,0,
05/14/2026,11:08:22:660,0.000000,0.000000,2,-106.1,-106.1,0,0,
05/14/2026,11:08:22:749,0.000000,0.000000,4,-105.93,-105.93,0,0,
05/14/2026,11:08:22:765,0.000000,0.000000,3,-98.22,-98.22,0,0,
05/14/2026,11:08:22:816,0.000000,0.000000,1,-106.2,-106.2,0,0,
05/14/2026,11:08:22:901,0.000000,0.000000,2,-113.43,-113.43,0,0,
05/14/2026,11:08:23:004,0.000000,0.000000,4,-113.45,-113.45,0,0,
05/14/2026,11:08:23:008,0.000000,0.000000,3,-96.94,-96.94,0,0,
05/14/2026,11:08:23:084,0.000000,0.000000,1,-112.2,-112.2,0,0,
05/14/2026,11:08:23:186,0.000000,0.000000,2,-106.25,-106.25,0,0,
05/14/2026,11:08:23:257,0.000000,0.000000,4,-107.91,-107.91,0,0,
05/14/2026,11:08:23:258,0.000000,0.000000,3,-100.62,-100.62,0,0,
05/14/2026,11:08:23:303,0.000000,0.000000,1,-113.46,-113.46,0,0,
05/14/2026,11:08:23:389,0.000000,0.000000,2,-119.26,-119.26,0,0,
05/14/2026,11:08:23:476,0.000000,0.000000,4,-119.17,-119.17,0,0,
05/14/2026,11:08:23:493,0.000000,0.000000,3,-107.34,-107.34,0,0,
05/14/2026,11:08:23:547,0.000000,0.000000,1,-120.99,-120.99,0,0,
05/14/2026,11:08:23:638,0.000000,0.000000,2,-121.68,-121.68,0,0,
05/14/2026,11:08:23:725,0.000000,0.000000,4,-120.96,-120.96,0,0,
05/14/2026,11:08:23:737,0.000000,0.000000,3,-101.23,-101.23,0,0,
05/14/2026,11:08:23:792,0.000000,0.000000,1,-120.6,-120.6,0,0,
05/14/2026,11:08:23:877,0.000000,0.000000,2,-120.14,-120.14,0,0,
05/14/2026,11:08:23:967,0.000000,0.000000,4,-117.26,-117.26,0,0,
05/14/2026,11:08:23:986,0.000000,0.000000,3,-110.07,-110.07,0,0,
05/14/2026,11:08:24:038,0.000000,0.000000,1,-120.82,-120.82,0,0,
05/14/2026,11:08:24:120,0.000000,0.000000,2,-110.23,-110.23,0,0,
05/14/2026,11:08:24:211,0.000000,0.000000,4,-116.07,-116.07,0,0,
05/14/2026,11:08:24:225,0.000000,0.000000,3,-98.82,-98.82,0,0,
05/14/2026,11:08:24:280,0.000000,0.000000,1,-118.7,-118.7,0,0,
05/14/2026,11:08:24:366,0.000000,0.000000,2,-118.86,-118.86,0,0,
05/14/2026,11:08:24:450,0.000000,0.000000,4,-114.58,-114.58,0,0,
05/14/2026,11:08:24:471,0.000000,0.000000,3,-97.4,-97.4,0,0,
05/14/2026,11:08:24:773,0.000000,0.000000,1,-115.76,-115.76,0,0,
05/14/2026,11:08:24:818,0.000000,0.000000,2,-116.3,-116.3,0,0,
05/14/2026,11:08:24:874,0.000000,0.000000,4,-116.49,-116.49,0,0,
05/14/2026,11:08:24:880,0.000000,0.000000,3,-99.88,-99.88,0,0,
05/14/2026,11:08:24:918,0.000000,0.000000,1,-114.51,-114.51,0,0,
05/14/2026,11:08:24:937,0.000000,0.000000,2,-119.07,-119.07,0,0,
05/14/2026,11:08:24:964,0.000000,0.000000,4,-107.99,-107.99,0,0,
05/14/2026,11:08:24:968,0.000000,0.000000,3,-106.93,-106.93,0,0,
05/14/2026,11:08:25:008,0.000000,0.000000,1,-115.16,-115.16,0,0,
05/14/2026,11:08:25:099,0.000000,0.000000,2,-117.41,-117.41,0,0,
05/14/2026,11:08:25:184,0.000000,0.000000,4,-113.9,-113.9,0,0,
05/14/2026,11:08:25:203,0.000000,0.000000,3,-103.13,-103.13,0,0,
05/14/2026,11:08:25:251,0.000000,0.000000,1,-112.14,-112.14,0,0,
05/14/2026,11:08:25:339,0.000000,0.000000,2,-117.09,-117.09,0,0,
05/14/2026,11:08:25:427,0.000000,0.000000,4,-116.83,-116.83,0,0,
05/14/2026,11:08:25:443,0.000000,0.000000,3,-108.74,-108.74,0,0,
05/14/2026,11:08:25:495,0.000000,0.000000,1,-121.9,-121.9,0,0,
05/14/2026,11:08:25:584,0.000000,0.000000,2,-120.54,-120.54,0,0,
05/14/2026,11:08:25:675,0.000000,0.000000,4,-117.48,-117.48,0,0,
05/14/2026,11:08:25:691,0.000000,0.000000,3,-96.32,-96.32,0,0,
05/14/2026,11:08:25:741,0.000000,0.000000,1,-117.99,-117.99,0,0,
05/14/2026,11:08:25:829,0.000000,0.000000,2,-120.87,-120.87,0,0,
05/14/2026,11:08:25:914,0.000000,0.000000,4,-119.51,-119.51,0,0,
05/14/2026,11:08:25:932,0.000000,0.000000,3,-102.05,-102.05,0,0,
05/14/2026,11:08:25:983,0.000000,0.000000,1,-120.9,-120.9,0,0,
05/14/2026,11:08:26:072,0.000000,0.000000,2,-122.23,-122.23,0,0,
05/14/2026,11:08:26:159,0.000000,0.000000,4,-119.86,-119.86,0,0,
05/14/2026,11:08:26:174,0.000000,0.000000,3,-101.56,-101.56,0,0,
05/14/2026,11:08:26:232,0.000000,0.000000,1,-112.05,-112.05,0,0,
05/14/2026,11:08:26:313,0.000000,0.000000,2,-116.13,-116.13,0,0,
05/14/2026,11:08:26:401,0.000000,0.000000,4,-118.82,-118.82,0,0,
05/14/2026,11:08:26:468,0.000000,0.000000,3,-103.58,-103.58,0,0,
05/14/2026,11:08:26:488,0.000000,0.000000,1,-117.9,-117.9,0,0,
05/14/2026,11:08:26:596,0.000000,0.000000,2,-123.75,-123.75,0,0,
05/14/2026,11:08:26:651,0.000000,0.000000,4,-120.94,-120.94,0,0,
05/14/2026,11:08:26:712,0.000000,0.000000,3,-107.51,-107.51,0,0,
05/14/2026,11:08:26:725,0.000000,0.000000,1,-119.84,-119.84,0,0,
05/14/2026,11:08:26:800,0.000000,0.000000,2,-119.33,-119.33,0,0,
05/14/2026,11:08:26:893,0.000000,0.000000,4,-112.94,-112.94,0,0,
05/14/2026,11:08:26:905,0.000000,0.000000,3,-100.62,-100.62,0,0,
05/14/2026,11:08:26:958,0.000000,0.000000,1,-118.97,-118.97,0,0,
05/14/2026,11:08:27:045,0.000000,0.000000,2,-120.22,-120.22,0,0,
05/14/2026,11:08:27:133,0.000000,0.000000,4,-116.76,-116.76,0,0,
05/14/2026,11:08:27:149,0.000000,0.000000,3,-106.96,-106.96,0,0,
05/14/2026,11:08:27:203,0.000000,0.000000,1,-119.83,-119.83,0,0,
05/14/2026,11:08:27:294,0.000000,0.000000,2,-117.47,-117.47,0,0,
05/14/2026,11:08:27:375,0.000000,0.000000,4,-117.52,-117.52,0,0,
05/14/2026,11:08:27:394,0.000000,0.000000,3,-105.89,-105.89,0,0,
05/14/2026,11:08:27:446,0.000000,0.000000,1,-121.74,-121.74,0,0,
05/14/2026,11:08:27:535,0.000000,0.000000,2,-120.99,-120.99,0,0,
05/14/2026,11:08:27:617,0.000000,0.000000,4,-120.61,-120.61,0,0,
05/14/2026,11:08:27:642,0.000000,0.000000,3,-111.43,-111.43,0,0,
05/14/2026,11:08:27:688,0.000000,0.000000,1,-121.25,-121.25,0,0,
05/14/2026,11:08:27:778,0.000000,0.000000,2,-121.47,-121.47,0,0,
05/14/2026,11:08:27:869,0.000000,0.000000,4,-118.32,-118.32,0,0,
05/14/2026,11:08:27:881,0.000000,0.000000,3,-103.44,-103.44,0,0,
05/14/2026,11:08:27:933,0.000000,0.000000,1,-120.54,-120.54,0,0,
05/14/2026,11:08:28:019,0.000000,0.000000,2,-121.72,-121.72,0,0,
05/14/2026,11:08:28:112,0.000000,0.000000,4,-118.09,-118.09,0,0,
05/14/2026,11:08:28:122,0.000000,0.000000,3,-105.72,-105.72,0,0,
05/14/2026,11:08:28:185,0.000000,0.000000,1,-116.22,-116.22,0,0,
05/14/2026,11:08:28:264,0.000000,0.000000,2,-120.97,-120.97,0,0,
05/14/2026,11:08:28:350,0.000000,0.000000,4,-117.97,-117.97,0,0,
05/14/2026,11:08:28:370,0.000000,0.000000,3,-104.07,-104.07,0,0,
05/14/2026,11:08:28:421,0.000000,0.000000,1,-121.64,-121.64,0,0,
05/14/2026,11:08:28:505,0.000000,0.000000,2,-119.14,-119.14,0,0,
05/14/2026,11:08:28:647,0.000000,0.000000,4,-121.59,-121.59,0,0,
05/14/2026,11:08:28:649,0.000000,0.000000,3,-98.21,-98.21,0,0,
05/14/2026,11:08:28:668,0.000000,0.000000,1,-117.91,-117.91,0,0,
05/14/2026,11:08:28:750,0.000000,0.000000,2,-112.1,-112.1,0,0,
05/14/2026,11:08:28:839,0.000000,0.000000,4,-112.8,-112.8,0,0,
05/14/2026,11:08:28:859,0.000000,0.000000,3,-108.2,-108.2,0,0,
05/14/2026,11:08:28:907,0.000000,0.000000,1,-108.4,-108.4,0,0,
05/14/2026,11:08:28:996,0.000000,0.000000,2,-115.38,-115.38,0,0,
05/14/2026,11:08:29:086,0.000000,0.000000,4,-112.02,-112.02,0,0,
05/14/2026,11:08:29:097,0.000000,0.000000,3,-105.25,-105.25,0,0,
05/14/2026,11:08:29:159,0.000000,0.000000,1,-109.38,-109.38,0,0,
05/14/2026,11:08:29:248,0.000000,0.000000,2,-107.7,-107.7,0,0,
05/14/2026,11:08:29:338,0.000000,0.000000,4,-114.41,-114.41,0,0,
05/14/2026,11:08:29:352,0.000000,0.000000,3,-107.23,-107.23,0,0,
05/14/2026,11:08:29:404,0.000000,0.000000,1,-111.91,-111.91,0,0,
05/14/2026,11:08:29:503,0.000000,0.000000,2,-105.58,-105.58,0,0,
05/14/2026,11:08:29:588,0.000000,0.000000,4,-101.35,-101.35,0,0,
05/14/2026,11:08:29:605,0.000000,0.000000,3,-102.64,-102.64,0,0,
05/14/2026,11:08:29:658,0.000000,0.000000,1,-103.87,-103.87,0,0,
05/14/2026,11:08:29:747,0.000000,0.000000,2,-103.22,-103.22,0,0,
05/14/2026,11:08:30:030,0.000000,0.000000,4,-116.17,-116.17,0,0,
05/14/2026,11:08:30:038,0.000000,0.000000,3,-104.18,-104.18,0,0,
05/14/2026,11:08:30:050,0.000000,0.000000,1,-105.33,-105.33,0,0,
05/14/2026,11:08:30:073,0.000000,0.000000,2,-119.17,-119.17,0,0,
05/14/2026,11:08:30:099,0.000000,0.000000,4,-116.55,-116.55,0,0,
05/14/2026,11:08:30:103,0.000000,0.000000,3,-104.63,-104.63,0,0,
05/14/2026,11:08:30:157,0.000000,0.000000,1,-113.1,-113.1,0,0,
05/14/2026,11:08:30:273,0.000000,0.000000,2,-116.35,-116.35,0,0,
05/14/2026,11:08:30:358,0.000000,0.000000,4,-117.08,-117.08,0,0,
05/14/2026,11:08:30:361,0.000000,0.000000,3,-102.51,-102.51,0,0,
05/14/2026,11:08:30:430,0.000000,0.000000,1,-116.5,-116.5,0,0,
05/14/2026,11:08:30:511,0.000000,0.000000,2,-119.18,-119.18,0,0,
05/14/2026,11:08:30:574,0.000000,0.000000,4,-115.15,-115.15,0,0,
05/14/2026,11:08:30:592,0.000000,0.000000,3,-104.29,-104.29,0,0,
05/14/2026,11:08:30:645,0.000000,0.000000,1,-118.04,-118.04,0,0,
05/14/2026,11:08:30:734,0.000000,0.000000,2,-120,-120,0,0,
05/14/2026,11:08:30:817,0.000000,0.000000,4,-114.4,-114.4,0,0,
05/14/2026,11:08:30:835,0.000000,0.000000,3,-109.71,-109.71,0,0,
05/14/2026,11:08:30:887,0.000000,0.000000,1,-125.88,-125.88,0,0,
05/14/2026,11:08:30:973,0.000000,0.000000,2,-117.61,-117.61,0,0,
05/14/2026,11:08:31:062,0.000000,0.000000,4,-122.5,-122.5,0,0,
05/14/2026,11:08:31:078,0.000000,0.000000,3,-101.44,-101.44,0,0,
05/14/2026,11:08:31:132,0.000000,0.000000,1,-117.18,-117.18,0,0,
05/14/2026,11:08:31:219,0.000000,0.000000,2,-120.1,-120.1,0,0,
05/14/2026,11:08:31:304,0.000000,0.000000,4,-116.61,-116.61,0,0,
05/14/2026,11:08:31:329,0.000000,0.000000,3,-108.13,-108.13,0,0,
05/14/2026,11:08:31:375,0.000000,0.000000,1,-115.88,-115.88,0,0,
05/14/2026,11:08:31:462,0.000000,0.000000,2,-113.77,-113.77,0,0,
05/14/2026,11:08:31:546,0.000000,0.000000,4,-117.4,-117.4,0,0,
05/14/2026,11:08:31:566,0.000000,0.000000,3,-103.85,-103.85,0,0,
05/14/2026,11:08:31:620,0.000000,0.000000,1,-120.65,-120.65,0,0,
05/14/2026,11:08:31:719,0.000000,0.000000,2,-118.57,-118.57,0,0,
05/14/2026,11:08:31:795,0.000000,0.000000,4,-119.03,-119.03,0,0,
05/14/2026,11:08:31:807,0.000000,0.000000,3,-101.9,-101.9,0,0,
05/14/2026,11:08:31:860,0.000000,0.000000,1,-122.63,-122.63,0,0,
05/14/2026,11:08:31:952,0.000000,0.000000,2,-119.94,-119.94,0,0,
05/14/2026,11:08:32:034,0.000000,0.000000,4,-120.79,-120.79,0,0,
05/14/2026,11:08:32:054,0.000000,0.000000,3,-101.02,-101.02,0,0,
05/14/2026,11:08:32:157,0.000000,0.000000,1,-120.92,-120.92,0,0,
05/14/2026,11:08:32:300,0.000000,0.000000,2,-119.53,-119.53,0,0,
05/14/2026,11:08:32:360,0.000000,0.000000,4,-121.24,-121.24,0,0,
05/14/2026,11:08:32:363,0.000000,0.000000,3,-106.48,-106.48,0,0,
05/14/2026,11:08:32:409,0.000000,0.000000,1,-123.61,-123.61,0,0,
05/14/2026,11:08:32:476,0.000000,0.000000,2,-120.7,-120.7,0,0,
05/14/2026,11:08:32:528,0.000000,0.000000,4,-123.05,-123.05,0,0,
05/14/2026,11:08:32:541,0.000000,0.000000,3,-103.08,-103.08,0,0,
05/14/2026,11:08:32:591,0.000000,0.000000,1,-119.98,-119.98,0,0,
05/14/2026,11:08:32:679,0.000000,0.000000,2,-125.24,-125.24,0,0,
05/14/2026,11:08:32:772,0.000000,0.000000,4,-121.43,-121.43,0,0,
05/14/2026,11:08:32:782,0.000000,0.000000,3,-94.79,-94.79,0,0,
05/14/2026,11:08:32:846,0.000000,0.000000,1,-122.25,-122.25,0,0,
05/14/2026,11:08:32:933,0.000000,0.000000,2,-117.02,-117.02,0,0,
05/14/2026,11:08:33:021,0.000000,0.000000,4,-120.87,-120.87,0,0,
05/14/2026,11:08:33:036,0.000000,0.000000,3,-101.5,-101.5,0,0,
05/14/2026,11:08:33:090,0.000000,0.000000,1,-117.59,-117.59,0,0,
05/14/2026,11:08:33:175,0.000000,0.000000,2,-120.58,-120.58,0,0,
05/14/2026,11:08:33:263,0.000000,0.000000,4,-119.45,-119.45,0,0,
05/14/2026,11:08:33:280,0.000000,0.000000,3,-94.49,-94.49,0,0,
05/14/2026,11:08:33:332,0.000000,0.000000,1,-118.8,-118.8,0,0,
05/14/2026,11:08:33:421,0.000000,0.000000,2,-119.27,-119.27,0,0,
05/14/2026,11:08:33:509,0.000000,0.000000,4,-119.05,-119.05,0,0,
05/14/2026,11:08:33:524,0.000000,0.000000,3,-102.65,-102.65,0,0,
05/14/2026,11:08:33:579,0.000000,0.000000,1,-118.93,-118.93,0,0,
05/14/2026,11:08:33:663,0.000000,0.000000,2,-121.95,-121.95,0,0,
05/14/2026,11:08:33:751,0.000000,0.000000,4,-118.52,-118.52,0,0,
05/14/2026,11:08:33:769,0.000000,0.000000,3,-93.42,-93.42,0,0,
05/14/2026,11:08:33:820,0.000000,0.000000,1,-122.21,-122.21,0,0,
05/14/2026,11:08:33:935,0.000000,0.000000,2,-119.58,-119.58,0,0,
05/14/2026,11:08:34:014,0.000000,0.000000,4,-120.09,-120.09,0,0,
05/14/2026,11:08:34:019,0.000000,0.000000,3,-92.83,-92.83,0,0,
05/14/2026,11:08:34:089,0.000000,0.000000,1,-120.43,-120.43,0,0,
05/14/2026,11:08:34:157,0.000000,0.000000,2,-122.79,-122.79,0,0,
05/14/2026,11:08:34:242,0.000000,0.000000,4,-118.21,-118.21,0,0,
05/14/2026,11:08:34:271,0.000000,0.000000,3,-96.16,-96.16,0,0,
05/14/2026,11:08:34:309,0.000000,0.000000,1,-120.8,-120.8,0,0,
05/14/2026,11:08:34:397,0.000000,0.000000,2,-121.62,-121.62,0,0,
05/14/2026,11:08:34:482,0.000000,0.000000,4,-120.98,-120.98,0,0,
05/14/2026,11:08:34:500,0.000000,0.000000,3,-98.31,-98.31,0,0,
05/14/2026,11:08:34:551,0.000000,0.000000,1,-121.21,-121.21,0,0,
05/14/2026,11:08:34:638,0.000000,0.000000,2,-121.42,-121.42,0,0,
05/14/2026,11:08:34:724,0.000000,0.000000,4,-119.26,-119.26,0,0,
05/14/2026,11:08:34:743,0.000000,0.000000,3,-97.98,-97.98,0,0,
05/14/2026,11:08:34:800,0.000000,0.000000,1,-121.63,-121.63,0,0,
05/14/2026,11:08:34:886,0.000000,0.000000,2,-120.61,-120.61,0,0,
05/14/2026,11:08:34:970,0.000000,0.000000,4,-118.73,-118.73,0,0,
05/14/2026,11:08:34:986,0.000000,0.000000,3,-98.97,-98.97,0,0,
05/14/2026,11:08:35:039,0.000000,0.000000,1,-122.48,-122.48,0,0,
05/14/2026,11:08:35:329,0.000000,0.000000,2,-119.45,-119.45,0,0,
05/14/2026,11:08:35:347,0.000000,0.000000,4,-118.98,-118.98,0,0,
05/14/2026,11:08:35:351,0.000000,0.000000,3,-96.46,-96.46,0,0,
05/14/2026,11:08:35:361,0.000000,0.000000,1,-120.89,-120.89,0,0,
05/14/2026,11:08:35:382,0.000000,0.000000,2,-120.32,-120.32,0,0,
05/14/2026,11:08:35:456,0.000000,0.000000,4,-120,-120,0,0,
05/14/2026,11:08:35:479,0.000000,0.000000,3,-95.15,-95.15,0,0,
05/14/2026,11:08:35:548,0.000000,0.000000,1,-119.64,-119.64,0,0,
05/14/2026,11:08:35:614,0.000000,0.000000,2,-121.92,-121.92,0,0,
05/14/2026,11:08:35:699,0.000000,0.000000,4,-119.18,-119.18,0,0,
05/14/2026,11:08:35:765,0.000000,0.000000,3,-103.69,-103.69,0,0,
05/14/2026,11:08:35:776,0.000000,0.000000,1,-119.1,-119.1,0,0,
05/14/2026,11:08:35:857,0.000000,0.000000,2,-122.6,-122.6,0,0,
05/14/2026,11:08:35:964,0.000000,0.000000,4,-119.91,-119.91,0,0,
05/14/2026,11:08:35:968,0.000000,0.000000,3,-100.98,-100.98,0,0,
05/14/2026,11:08:36:023,0.000000,0.000000,1,-119.91,-119.91,0,0,
05/14/2026,11:08:36:103,0.000000,0.000000,2,-120.46,-120.46,0,0,
05/14/2026,11:08:36:191,0.000000,0.000000,4,-120,-120,0,0,
05/14/2026,11:08:36:208,0.000000,0.000000,3,-103.86,-103.86,0,0,
05/14/2026,11:08:36:259,0.000000,0.000000,1,-121.85,-121.85,0,0,
05/14/2026,11:08:36:343,0.000000,0.000000,2,-119.38,-119.38,0,0,
05/14/2026,11:08:36:433,0.000000,0.000000,4,-118.24,-118.24,0,0,
05/14/2026,11:08:36:454,0.000000,0.000000,3,-99.98,-99.98,0,0,
05/14/2026,11:08:36:502,0.000000,0.000000,1,-117.33,-117.33,0,0,
05/14/2026,11:08:36:588,0.000000,0.000000,2,-120.55,-120.55,0,0,
05/14/2026,11:08:36:674,0.000000,0.000000,4,-121.8,-121.8,0,0,
05/14/2026,11:08:36:691,0.000000,0.000000,3,-100.54,-100.54,0,0,
05/14/2026,11:08:36:747,0.000000,0.000000,1,-119.26,-119.26,0,0,
05/14/2026,11:08:36:831,0.000000,0.000000,2,-123.56,-123.56,0,0,
05/14/2026,11:08:36:920,0.000000,0.000000,4,-118.37,-118.37,0,0,
05/14/2026,11:08:36:939,0.000000,0.000000,3,-103.26,-103.26,0,0,
05/14/2026,11:08:36:989,0.000000,0.000000,1,-120.84,-120.84,0,0,
05/14/2026,11:08:37:075,0.000000,0.000000,2,-120.89,-120.89,0,0,
05/14/2026,11:08:37:162,0.000000,0.000000,4,-119.58,-119.58,0,0,
05/14/2026,11:08:37:181,0.000000,0.000000,3,-103.43,-103.43,0,0,
05/14/2026,11:08:37:241,0.000000,0.000000,1,-118.25,-118.25,0,0,
05/14/2026,11:08:37:324,0.000000,0.000000,2,-123.17,-123.17,0,0,
05/14/2026,11:08:37:407,0.000000,0.000000,4,-120.45,-120.45,0,0,
05/14/2026,11:08:37:427,0.000000,0.000000,3,-102.61,-102.61,0,0,
05/14/2026,11:08:37:481,0.000000,0.000000,1,-119.43,-119.43,0,0,
05/14/2026,11:08:37:562,0.000000,0.000000,2,-119.16,-119.16,0,0,
05/14/2026,11:08:37:673,0.000000,0.000000,4,-119.11,-119.11,0,0,
05/14/2026,11:08:37:676,0.000000,0.000000,3,-97.07,-97.07,0,0,
05/14/2026,11:08:37:752,0.000000,0.000000,1,-103.24,-103.24,0,0,
05/14/2026,11:08:37:829,0.000000,0.000000,2,-120.72,-120.72,0,0,
05/14/2026,11:08:37:893,0.000000,0.000000,4,-120.86,-120.86,0,0,
05/14/2026,11:08:37:955,0.000000,0.000000,3,-98.76,-98.76,0,0,
05/14/2026,11:08:37:965,0.000000,0.000000,1,-95.19,-95.19,0,0,
05/14/2026,11:08:38:051,0.000000,0.000000,2,-125.3,-125.3,0,0,
05/14/2026,11:08:38:136,0.000000,0.000000,4,-118.14,-118.14,0,0,
05/14/2026,11:08:38:155,0.000000,0.000000,3,-99.55,-99.55,0,0,
05/14/2026,11:08:38:206,0.000000,0.000000,1,-94.02,-94.02,0,0,
05/14/2026,11:08:38:304,0.000000,0.000000,2,-119.05,-119.05,0,0,
05/14/2026,11:08:38:380,0.000000,0.000000,4,-120.12,-120.12,0,0,
05/14/2026,11:08:38:398,0.000000,0.000000,3,-98.9,-98.9,0,0,
05/14/2026,11:08:38:453,0.000000,0.000000,1,-102.13,-102.13,0,0,
05/14/2026,11:08:38:539,0.000000,0.000000,2,-124.38,-124.38,0,0,
05/14/2026,11:08:38:623,0.000000,0.000000,4,-118.69,-118.69,0,0,
05/14/2026,11:08:38:643,0.000000,0.000000,3,-100.24,-100.24,0,0,
05/14/2026,11:08:38:707,0.000000,0.000000,1,-93.15,-93.15,0,0,
05/14/2026,11:08:38:781,0.000000,0.000000,2,-120.65,-120.65,0,0,
05/14/2026,11:08:38:869,0.000000,0.000000,4,-121.02,-121.02,0,0,
05/14/2026,11:08:38:884,0.000000,0.000000,3,-91.87,-91.87,0,0,
05/14/2026,11:08:38:937,0.000000,0.000000,1,-121.95,-121.95,0,0,
05/14/2026,11:08:39:028,0.000000,0.000000,2,-119.37,-119.37,0,0,
05/14/2026,11:08:39:111,0.000000,0.000000,4,-119.09,-119.09,0,0,
05/14/2026,11:08:39:127,0.000000,0.000000,3,-94.28,-94.28,0,0,
05/14/2026,11:08:39:186,0.000000,0.000000,1,-118.93,-118.93,0,0,
05/14/2026,11:08:39:269,0.000000,0.000000,2,-120.28,-120.28,0,0,
05/14/2026,11:08:39:355,0.000000,0.000000,4,-120.27,-120.27,0,0,
05/14/2026,11:08:39:389,0.000000,0.000000,3,-91.19,-91.19,0,0,
05/14/2026,11:08:39:455,0.000000,0.000000,1,-119.86,-119.86,0,0,
05/14/2026,11:08:39:529,0.000000,0.000000,2,-119.98,-119.98,0,0,
05/14/2026,11:08:39:610,0.000000,0.000000,4,-117.61,-117.61,0,0,
05/14/2026,11:08:39:616,0.000000,0.000000,3,-90.78,-90.78,0,0,
05/14/2026,11:08:39:689,0.000000,0.000000,1,-120.57,-120.57,0,0,
05/14/2026,11:08:39:758,0.000000,0.000000,2,-119.04,-119.04,0,0,
05/14/2026,11:08:39:843,0.000000,0.000000,4,-118.07,-118.07,0,0,
05/14/2026,11:08:39:859,0.000000,0.000000,3,-93.27,-93.27,0,0,
05/14/2026,11:08:39:913,0.000000,0.000000,1,-119.4,-119.4,0,0,
05/14/2026,11:08:40:000,0.000000,0.000000,2,-120.44,-120.44,0,0,
05/14/2026,11:08:40:086,0.000000,0.000000,4,-117.17,-117.17,0,0,
05/14/2026,11:08:40:109,0.000000,0.000000,3,-106.88,-106.88,0,0,
05/14/2026,11:08:40:166,0.000000,0.000000,1,-119.79,-119.79,0,0,
05/14/2026,11:08:40:254,0.000000,0.000000,2,-117.74,-117.74,0,0,
05/14/2026,11:08:40:583,0.000000,0.000000,4,-120.69,-120.69,0,0,
05/14/2026,11:08:40:587,0.000000,0.000000,3,-94.76,-94.76,0,0,
05/14/2026,11:08:40:602,0.000000,0.000000,1,-119.66,-119.66,0,0,
05/14/2026,11:08:40:631,0.000000,0.000000,2,-118.36,-118.36,0,0,
05/14/2026,11:08:40:669,0.000000,0.000000,4,-122.18,-122.18,0,0,
05/14/2026,11:08:40:686,0.000000,0.000000,3,-95.57,-95.57,0,0,
05/14/2026,11:08:40:704,0.000000,0.000000,1,-119.93,-119.93,0,0,
05/14/2026,11:08:40:739,0.000000,0.000000,2,-122.46,-122.46,0,0,
05/14/2026,11:08:40:825,0.000000,0.000000,4,-120.39,-120.39,0,0,
05/14/2026,11:08:40:853,0.000000,0.000000,3,-103.54,-103.54,0,0,
05/14/2026,11:08:40:898,0.000000,0.000000,1,-117.76,-117.76,0,0,
05/14/2026,11:08:40:987,0.000000,0.000000,2,-122.01,-122.01,0,0,
05/14/2026,11:08:41:070,0.000000,0.000000,4,-119.15,-119.15,0,0,
05/14/2026,11:08:41:087,0.000000,0.000000,3,-99.86,-99.86,0,0,
05/14/2026,11:08:41:141,0.000000,0.000000,1,-119.86,-119.86,0,0,
05/14/2026,11:08:41:229,0.000000,0.000000,2,-121.65,-121.65,0,0,
05/14/2026,11:08:41:312,0.000000,0.000000,4,-118.64,-118.64,0,0,
05/14/2026,11:08:41:331,0.000000,0.000000,3,-100.34,-100.34,0,0,
05/14/2026,11:08:41:418,0.000000,0.000000,1,-116.9,-116.9,0,0,
05/14/2026,11:08:41:500,0.000000,0.000000,2,-121.47,-121.47,0,0,
05/14/2026,11:08:41:601,0.000000,0.000000,4,-118.21,-118.21,0,0,
05/14/2026,11:08:41:603,0.000000,0.000000,3,-95.98,-95.98,0,0,
05/14/2026,11:08:41:643,0.000000,0.000000,1,-120.27,-120.27,0,0,
05/14/2026,11:08:41:715,0.000000,0.000000,2,-118.94,-118.94,0,0,
05/14/2026,11:08:41:804,0.000000,0.000000,4,-121.83,-121.83,0,0,
05/14/2026,11:08:41:819,0.000000,0.000000,3,-93.98,-93.98,0,0,
05/14/2026,11:08:41:873,0.000000,0.000000,1,-120.11,-120.11,0,0,
05/14/2026,11:08:41:966,0.000000,0.000000,2,-118.71,-118.71,0,0,
05/14/2026,11:08:42:045,0.000000,0.000000,4,-117.41,-117.41,0,0,
05/14/2026,11:08:42:064,0.000000,0.000000,3,-98.04,-98.04,0,0,
05/14/2026,11:08:42:138,0.000000,0.000000,1,-117.97,-117.97,0,0,
05/14/2026,11:08:42:201,0.000000,0.000000,2,-119.87,-119.87,0,0,
05/14/2026,11:08:42:295,0.000000,0.000000,4,-118.62,-118.62,0,0,
05/14/2026,11:08:42:306,0.000000,0.000000,3,-94.44,-94.44,0,0,
05/14/2026,11:08:42:359,0.000000,0.000000,1,-116.32,-116.32,0,0,
05/14/2026,11:08:42:447,0.000000,0.000000,2,-118.39,-118.39,0,0,
05/14/2026,11:08:42:535,0.000000,0.000000,4,-120.51,-120.51,0,0,
05/14/2026,11:08:42:555,0.000000,0.000000,3,-92.46,-92.46,0,0,
05/14/2026,11:08:42:602,0.000000,0.000000,1,-120.58,-120.58,0,0,
05/14/2026,11:08:42:689,0.000000,0.000000,2,-118.11,-118.11,0,0,
05/14/2026,11:08:42:775,0.000000,0.000000,4,-117.7,-117.7,0,0,
05/14/2026,11:08:42:794,0.000000,0.000000,3,-99.72,-99.72,0,0,
05/14/2026,11:08:42:846,0.000000,0.000000,1,-118.33,-118.33,0,0,
05/14/2026,11:08:42:933,0.000000,0.000000,2,-115.41,-115.41,0,0,
05/14/2026,11:08:43:021,0.000000,0.000000,4,-118.57,-118.57,0,0,
05/14/2026,11:08:43:036,0.000000,0.000000,3,-94.55,-94.55,0,0,
05/14/2026,11:08:43:095,0.000000,0.000000,1,-115.42,-115.42,0,0,
05/14/2026,11:08:43:178,0.000000,0.000000,2,-118.33,-118.33,0,0,
05/14/2026,11:08:43:263,0.000000,0.000000,4,-117.12,-117.12,0,0,
05/14/2026,11:08:43:284,0.000000,0.000000,3,-96.5,-96.5,0,0,
05/14/2026,11:08:43:338,0.000000,0.000000,1,-117.32,-117.32,0,0,
05/14/2026,11:08:43:432,0.000000,0.000000,2,-115.34,-115.34,0,0,
05/14/2026,11:08:43:515,0.000000,0.000000,4,-118.48,-118.48,0,0,
05/14/2026,11:08:43:550,0.000000,0.000000,3,-96.43,-96.43,0,0,
05/14/2026,11:08:43:619,0.000000,0.000000,1,-113.9,-113.9,0,0,
05/14/2026,11:08:43:695,0.000000,0.000000,2,-118.68,-118.68,0,0,
05/14/2026,11:08:43:750,0.000000,0.000000,4,-117.49,-117.49,0,0,
05/14/2026,11:08:43:768,0.000000,0.000000,3,-102.67,-102.67,0,0,
05/14/2026,11:08:43:821,0.000000,0.000000,1,-119.59,-119.59,0,0,
05/14/2026,11:08:43:907,0.000000,0.000000,2,-120.29,-120.29,0,0,
05/14/2026,11:08:43:995,0.000000,0.000000,4,-119.4,-119.4,0,0,
05/14/2026,11:08:44:011,0.000000,0.000000,3,-95.2,-95.2,0,0,
05/14/2026,11:08:44:066,0.000000,0.000000,1,-120.83,-120.83,0,0,
05/14/2026,11:08:44:152,0.000000,0.000000,2,-119.79,-119.79,0,0,
05/14/2026,11:08:44:237,0.000000,0.000000,4,-117.06,-117.06,0,0,
05/14/2026,11:08:44:257,0.000000,0.000000,3,-99.79,-99.79,0,0,
05/14/2026,11:08:44:307,0.000000,0.000000,1,-119.61,-119.61,0,0,
05/14/2026,11:08:44:394,0.000000,0.000000,2,-117.16,-117.16,0,0,
05/14/2026,11:08:44:480,0.000000,0.000000,4,-117.92,-117.92,0,0,
05/14/2026,11:08:44:516,0.000000,0.000000,3,-96.29,-96.29,0,0,
05/14/2026,11:08:44:556,0.000000,0.000000,1,-115.51,-115.51,0,0,
05/14/2026,11:08:44:638,0.000000,0.000000,2,-114.11,-114.11,0,0,
05/14/2026,11:08:44:728,0.000000,0.000000,4,-117.23,-117.23,0,0,
05/14/2026,11:08:44:741,0.000000,0.000000,3,-99.49,-99.49,0,0,
05/14/2026,11:08:44:795,0.000000,0.000000,1,-120.94,-120.94,0,0,
05/14/2026,11:08:44:884,0.000000,0.000000,2,-117.1,-117.1,0,0,
05/14/2026,11:08:44:970,0.000000,0.000000,4,-119.84,-119.84,0,0,
05/14/2026,11:08:44:985,0.000000,0.000000,3,-99.73,-99.73,0,0,
05/14/2026,11:08:45:045,0.000000,0.000000,1,-118.13,-118.13,0,0,
05/14/2026,11:08:45:126,0.000000,0.000000,2,-118.18,-118.18,0,0,
05/14/2026,11:08:45:212,0.000000,0.000000,4,-117.66,-117.66,0,0,
05/14/2026,11:08:45:230,0.000000,0.000000,3,-107.89,-107.89,0,0,
05/14/2026,11:08:45:283,0.000000,0.000000,1,-117.98,-117.98,0,0,
05/14/2026,11:08:45:386,0.000000,0.000000,2,-118.47,-118.47,0,0,
05/14/2026,11:08:45:516,0.000000,0.000000,4,-121.18,-121.18,0,0,
05/14/2026,11:08:45:518,0.000000,0.000000,3,-100.73,-100.73,0,0,
05/14/2026,11:08:45:589,0.000000,0.000000,1,-116.66,-116.66,0,0,
05/14/2026,11:08:45:877,0.000000,0.000000,2,-116.03,-116.03,0,0,
05/14/2026,11:08:45:900,0.000000,0.000000,4,-120.12,-120.12,0,0,
05/14/2026,11:08:45:904,0.000000,0.000000,3,-97.1,-97.1,0,0,
05/14/2026,11:08:45:916,0.000000,0.000000,1,-116.92,-116.92,0,0,
05/14/2026,11:08:45:934,0.000000,0.000000,2,-119.94,-119.94,0,0,
05/14/2026,11:08:45:952,0.000000,0.000000,4,-121.56,-121.56,0,0,
05/14/2026,11:08:45:971,0.000000,0.000000,3,-103.15,-103.15,0,0,
05/14/2026,11:08:46:023,0.000000,0.000000,1,-120.61,-120.61,0,0,
05/14/2026,11:08:46:113,0.000000,0.000000,2,-121.05,-121.05,0,0,
05/14/2026,11:08:46:198,0.000000,0.000000,4,-119.83,-119.83,0,0,
05/14/2026,11:08:46:215,0.000000,0.000000,3,-100.73,-100.73,0,0,
05/14/2026,11:08:46:269,0.000000,0.000000,1,-121.19,-121.19,0,0,
05/14/2026,11:08:46:356,0.000000,0.000000,2,-122.63,-122.63,0,0,
05/14/2026,11:08:46:442,0.000000,0.000000,4,-118.54,-118.54,0,0,
05/14/2026,11:08:46:459,0.000000,0.000000,3,-97.61,-97.61,0,0,
05/14/2026,11:08:46:513,0.000000,0.000000,1,-119.89,-119.89,0,0,
05/14/2026,11:08:46:600,0.000000,0.000000,2,-119.78,-119.78,0,0,
05/14/2026,11:08:46:685,0.000000,0.000000,4,-121,-121,0,0,
05/14/2026,11:08:46:705,0.000000,0.000000,3,-100.31,-100.31,0,0,
05/14/2026,11:08:46:755,0.000000,0.000000,1,-120.86,-120.86,0,0,
05/14/2026,11:08:46:844,0.000000,0.000000,2,-121.43,-121.43,0,0,
05/14/2026,11:08:46:928,0.000000,0.000000,4,-122.13,-122.13,0,0,
05/14/2026,11:08:46:947,0.000000,0.000000,3,-104.01,-104.01,0,0,
05/14/2026,11:08:47:000,0.000000,0.000000,1,-118.51,-118.51,0,0,
05/14/2026,11:08:47:111,0.000000,0.000000,2,-123.79,-123.79,0,0,
05/14/2026,11:08:47:192,0.000000,0.000000,4,-117.86,-117.86,0,0,
05/14/2026,11:08:47:198,0.000000,0.000000,3,-101.13,-101.13,0,0,
05/14/2026,11:08:47:267,0.000000,0.000000,1,-122.96,-122.96,0,0,
05/14/2026,11:08:47:332,0.000000,0.000000,2,-121.7,-121.7,0,0,
05/14/2026,11:08:47:421,0.000000,0.000000,4,-120.52,-120.52,0,0,
05/14/2026,11:08:47:433,0.000000,0.000000,3,-100.81,-100.81,0,0,
05/14/2026,11:08:47:487,0.000000,0.000000,1,-121.1,-121.1,0,0,
05/14/2026,11:08:47:574,0.000000,0.000000,2,-120.94,-120.94,0,0,
05/14/2026,11:08:47:661,0.000000,0.000000,4,-120.25,-120.25,0,0,
05/14/2026,11:08:47:677,0.000000,0.000000,3,-101.86,-101.86,0,0,
05/14/2026,11:08:47:731,0.000000,0.000000,1,-120.12,-120.12,0,0,
05/14/2026,11:08:47:823,0.000000,0.000000,2,-120.24,-120.24,0,0,
05/14/2026,11:08:47:904,0.000000,0.000000,4,-119.84,-119.84,0,0,
05/14/2026,11:08:47:922,0.000000,0.000000,3,-100.42,-100.42,0,0,
05/14/2026,11:08:47:975,0.000000,0.000000,1,-122.06,-122.06,0,0,
05/14/2026,11:08:48:065,0.000000,0.000000,2,-122.97,-122.97,0,0,
05/14/2026,11:08:48:148,0.000000,0.000000,4,-119.98,-119.98,0,0,
05/14/2026,11:08:48:166,0.000000,0.000000,3,-95.72,-95.72,0,0,
05/14/2026,11:08:48:217,0.000000,0.000000,1,-119.21,-119.21,0,0,
05/14/2026,11:08:48:310,0.000000,0.000000,2,-120.09,-120.09,0,0,
05/14/2026,11:08:48:391,0.000000,0.000000,4,-121.21,-121.21,0,0,
05/14/2026,11:08:48:409,0.000000,0.000000,3,-97.4,-97.4,0,0,
05/14/2026,11:08:48:464,0.000000,0.000000,1,-120.64,-120.64,0,0,
05/14/2026,11:08:48:552,0.000000,0.000000,2,-123.22,-123.22,0,0,
05/14/2026,11:08:48:636,0.000000,0.000000,4,-121.77,-121.77,0,0,
05/14/2026,11:08:48:653,0.000000,0.000000,3,-100.17,-100.17,0,0,
05/14/2026,11:08:48:704,0.000000,0.000000,1,-121.28,-121.28,0,0,
05/14/2026,11:08:48:805,0.000000,0.000000,2,-118.61,-118.61,0,0,
05/14/2026,11:08:48:894,0.000000,0.000000,4,-120.16,-120.16,0,0,
05/14/2026,11:08:48:900,0.000000,0.000000,3,-103.13,-103.13,0,0,
05/14/2026,11:08:48:968,0.000000,0.000000,1,-121.69,-121.69,0,0,
05/14/2026,11:08:49:077,0.000000,0.000000,2,-120.64,-120.64,0,0,
05/14/2026,11:08:49:120,0.000000,0.000000,4,-121.87,-121.87,0,0,
05/14/2026,11:08:49:139,0.000000,0.000000,3,-97.2,-97.2,0,0,
05/14/2026,11:08:49:191,0.000000,0.000000,1,-119.85,-119.85,0,0,
05/14/2026,11:08:49:281,0.000000,0.000000,2,-122.08,-122.08,0,0,
05/14/2026,11:08:49:369,0.000000,0.000000,4,-119.92,-119.92,0,0,
05/14/2026,11:08:49:383,0.000000,0.000000,3,-96.95,-96.95,0,0,
05/14/2026,11:08:49:437,0.000000,0.000000,1,-118.73,-118.73,0,0,
05/14/2026,11:08:49:521,0.000000,0.000000,2,-125.96,-125.96,0,0,
05/14/2026,11:08:49:627,0.000000,0.000000,4,-120.98,-120.98,0,0,
05/14/2026,11:08:49:629,0.000000,0.000000,3,-99.56,-99.56,0,0,
05/14/2026,11:08:49:677,0.000000,0.000000,1,-119.21,-119.21,0,0,
05/14/2026,11:08:49:764,0.000000,0.000000,2,-118.21,-118.21,0,0,
05/14/2026,11:08:49:854,0.000000,0.000000,4,-120.23,-120.23,0,0,
05/14/2026,11:08:49:869,0.000000,0.000000,3,-99.5,-99.5,0,0,
05/14/2026,11:08:49:924,0.000000,0.000000,1,-121.64,-121.64,0,0,
05/14/2026,11:08:50:010,0.000000,0.000000,2,-121.67,-121.67,0,0,
05/14/2026,11:08:50:104,0.000000,0.000000,4,-117.77,-117.77,0,0,
05/14/2026,11:08:50:113,0.000000,0.000000,3,-104.39,-104.39,0,0,
05/14/2026,11:08:50:167,0.000000,0.000000,1,-121.56,-121.56,0,0,
05/14/2026,11:08:50:254,0.000000,0.000000,2,-119.44,-119.44,0,0,
05/14/2026,11:08:50:341,0.000000,0.000000,4,-117.79,-117.79,0,0,
05/14/2026,11:08:50:364,0.000000,0.000000,3,-97.4,-97.4,0,0,
05/14/2026,11:08:50:411,0.000000,0.000000,1,-121.73,-121.73,0,0,
05/14/2026,11:08:50:497,0.000000,0.000000,2,-121.58,-121.58,0,0,
05/14/2026,11:08:50:583,0.000000,0.000000,4,-119.4,-119.4,0,0,
05/14/2026,11:08:50:602,0.000000,0.000000,3,-104.33,-104.33,0,0,
05/14/2026,11:08:50:652,0.000000,0.000000,1,-122.03,-122.03,0,0,
05/14/2026,11:08:50:741,0.000000,0.000000,2,-118.23,-118.23,0,0,
05/14/2026,11:08:50:872,0.000000,0.000000,4,-121,-121,0,0,
05/14/2026,11:08:50:885,0.000000,0.000000,3,-99.32,-99.32,0,0,
