Date,Time,Latitude,Longitude,Channel,RSSI,Adjusted Value,Antenna Gain,Cable Loss
09/22/2026,08:44:07:628,0.000000,0.000000,1,-91.66,-91.66,0,0,
09/22/2026,08:44:07:712,0.000000,0.000000,2,-127.9,-127.9,0,0,
09/22/2026,08:44:07:757,0.000000,0.000000,1,-97.4,-97.4,0,0,
09/22/2026,08:44:07:759,0.000000,0.000000,3,-127.26,-127.26,0,0,
09/22/2026,08:44:07:817,0.000000,0.000000,2,-128.36,-128.36,0,0,
09/22/2026,08:44:07:853,0.000000,0.000000,4,-129.55,-129.55,0,0,
09/22/2026,08:44:07:856,0.000000,0.000000,1,-99.77,-99.77,0,0,
09/22/2026,08:44:07:900,0.000000,0.000000,3,-128.12,-128.12,0,0,
09/22/2026,08:44:07:959,0.000000,0.000000,2,-128.44,-128.44,0,0,
09/22/2026,08:44:07:998,0.000000,0.000000,4,-125.88,-125.88,0,0,
09/22/2026,08:44:08:022,0.000000,0.000000,1,-105.73,-105.73,0,0,
09/22/2026,08:44:08:043,0.000000,0.000000,3,-128.24,-128.24,0,0,
09/22/2026,08:44:08:161,0.000000,0.000000,2,-127.75,-127.75,0,0,
09/22/2026,08:44:08:194,0.000000,0.000000,4,-128.71,-128.71,0,0,
09/22/2026,08:44:08:214,0.000000,0.000000,1,-93.03,-93.03,0,0,
09/22/2026,08:44:08:272,0.000000,0.000000,3,-127.23,-127.23,0,0,
09/22/2026,08:44:08:403,0.000000,0.000000,2,-128.2,-128.2,0,0,
09/22/2026,08:44:08:474,0.000000,0.000000,4,-129.68,-129.68,0,0,
09/22/2026,08:44:08:488,0.000000,0.000000,1,-87.78,-87.78,0,0,
09/22/2026,08:44:08:542,0.000000,0.000000,3,-127.72,-127.72,0,0,
09/22/2026,08:44:08:684,0.000000,0.000000,2,-127.57,-127.57,0,0,
09/22/2026,08:44:08:732,0.000000,0.000000,4,-128.21,-128.21,0,0,
09/22/2026,08:44:08:766,0.000000,0.000000,1,-89.97,-89.97,0,0,
09/22/2026,08:44:08:834,0.000000,0.000000,3,-127.27,-127.27,0,0,
09/22/2026,08:44:08:961,0.000000,0.000000,2,-127.83,-127.83,0,0,
09/22/2026,08:44:09:040,0.000000,0.000000,4,-129.6,-129.6,0,0,
09/22/2026,08:44:09:051,0.000000,0.000000,1,-88.06,-88.06,0,0,
09/22/2026,08:44:09:100,0.000000,0.000000,3,-128.42,-128.42,0,0,
09/22/2026,08:44:09:242,0.000000,0.000000,2,-128.34,-128.34,0,0,
09/22/2026,08:44:09:293,0.000000,0.000000,4,-128.87,-128.87,0,0,
09/22/2026,08:44:09:325,0.000000,0.000000,1,-90.06,-90.06,0,0,
09/22/2026,08:44:09:386,0.000000,0.000000,3,-128.4,-128.4,0,0,
09/22/2026,08:44:09:542,0.000000,0.000000,2,-127.87,-127.87,0,0,
09/22/2026,08:44:09:590,0.000000,0.000000,4,-127.59,-127.59,0,0,
09/22/2026,08:44:09:628,0.000000,0.000000,1,-86.99,-86.99,0,0,
09/22/2026,08:44:09:679,0.000000,0.000000,3,-128.52,-128.52,0,0,
09/22/2026,08:44:09:810,0.000000,0.000000,2,-128.1,-128.1,0,0,
09/22/2026,08:44:09:855,0.000000,0.000000,4,-128.02,-128.02,0,0,
09/22/2026,08:44:09:895,0.000000,0.000000,1,-91.58,-91.58,0,0,
09/22/2026,08:44:09:948,0.000000,0.000000,3,-126.38,-126.38,0,0,
09/22/2026,08:44:10:073,0.000000,0.000000,2,-127.49,-127.49,0,0,
09/22/2026,08:44:10:127,0.000000,0.000000,4,-127.06,-127.06,0,0,
09/22/2026,08:44:10:165,0.000000,0.000000,1,-88.77,-88.77,0,0,
09/22/2026,08:44:10:216,0.000000,0.000000,3,-126.45,-126.45,0,0,
09/22/2026,08:44:10:364,0.000000,0.000000,2,-128.18,-128.18,0,0,
09/22/2026,08:44:10:419,0.000000,0.000000,4,-129.14,-129.14,0,0,
09/22/2026,08:44:10:448,0.000000,0.000000,1,-84.72,-84.72,0,0,
09/22/2026,08:44:10:493,0.000000,0.000000,3,-127.89,-127.89,0,0,
09/22/2026,08:44:10:638,0.000000,0.000000,2,-128.1,-128.1,0,0,
09/22/2026,08:44:10:688,0.000000,0.000000,4,-125.39,-125.39,0,0,
09/22/2026,08:44:10:720,0.000000,0.000000,1,-96.29,-96.29,0,0,
09/22/2026,08:44:10:770,0.000000,0.000000,3,-128.6,-128.6,0,0,
09/22/2026,08:44:10:920,0.000000,0.000000,2,-126.75,-126.75,0,0,
09/22/2026,08:44:10:973,0.000000,0.000000,4,-127.03,-127.03,0,0,
09/22/2026,08:44:11:004,0.000000,0.000000,1,-89.03,-89.03,0,0,
09/22/2026,08:44:11:056,0.000000,0.000000,3,-128.15,-128.15,0,0,
09/22/2026,08:44:11:192,0.000000,0.000000,2,-128.49,-128.49,0,0,
09/22/2026,08:44:11:250,0.000000,0.000000,4,-127.08,-127.08,0,0,
09/22/2026,08:44:11:277,0.000000,0.000000,1,-86.36,-86.36,0,0,
09/22/2026,08:44:11:355,0.000000,0.000000,3,-129.32,-129.32,0,0,
09/22/2026,08:44:11:483,0.000000,0.000000,2,-126.9,-126.9,0,0,
09/22/2026,08:44:11:526,0.000000,0.000000,4,-128.32,-128.32,0,0,
09/22/2026,08:44:11:563,0.000000,0.000000,1,-89.68,-89.68,0,0,
09/22/2026,08:44:11:667,0.000000,0.000000,3,-128.31,-128.31,0,0,
09/22/2026,08:44:11:755,0.000000,0.000000,2,-125.68,-125.68,0,0,
09/22/2026,08:44:11:806,0.000000,0.000000,4,-128.5,-128.5,0,0,
09/22/2026,08:44:11:842,0.000000,0.000000,1,-91.02,-91.02,0,0,
09/22/2026,08:44:11:893,0.000000,0.000000,3,-128.76,-128.76,0,0,
09/22/2026,08:44:12:025,0.000000,0.000000,2,-128.69,-128.69,0,0,
09/22/2026,08:44:12:089,0.000000,0.000000,4,-127.87,-127.87,0,0,
09/22/2026,08:44:12:117,0.000000,0.000000,1,-103.97,-103.97,0,0,
09/22/2026,08:44:12:171,0.000000,0.000000,3,-128.51,-128.51,0,0,
09/22/2026,08:44:12:311,0.000000,0.000000,2,-129.43,-129.43,0,0,
09/22/2026,08:44:12:362,0.000000,0.000000,4,-127.32,-127.32,0,0,
09/22/2026,08:44:12:391,0.000000,0.000000,1,-92.33,-92.33,0,0,
09/22/2026,08:44:12:453,0.000000,0.000000,3,-128.28,-128.28,0,0,
09/22/2026,08:44:12:590,0.000000,0.000000,2,-128.47,-128.47,0,0,
09/22/2026,08:44:12:637,0.000000,0.000000,4,-128.78,-128.78,0,0,
09/22/2026,08:44:12:671,0.000000,0.000000,1,-88.72,-88.72,0,0,
09/22/2026,08:44:12:731,0.000000,0.000000,3,-127.96,-127.96,0,0,
09/22/2026,08:44:12:874,0.000000,0.000000,2,-126.58,-126.58,0,0,
09/22/2026,08:44:12:928,0.000000,0.000000,4,-127.88,-127.88,0,0,
09/22/2026,08:44:12:958,0.000000,0.000000,1,-85.3,-85.3,0,0,
09/22/2026,08:44:13:008,0.000000,0.000000,3,-128.36,-128.36,0,0,
09/22/2026,08:44:13:146,0.000000,0.000000,2,-128.2,-128.2,0,0,
09/22/2026,08:44:13:475,0.000000,0.000000,4,-128.27,-128.27,0,0,
09/22/2026,08:44:13:493,0.000000,0.000000,1,-87.87,-87.87,0,0,
09/22/2026,08:44:13:506,0.000000,0.000000,3,-126.85,-126.85,0,0,
09/22/2026,08:44:13:560,0.000000,0.000000,2,-127.84,-127.84,0,0,
09/22/2026,08:44:13:571,0.000000,0.000000,4,-127.9,-127.9,0,0,
09/22/2026,08:44:13:590,0.000000,0.000000,1,-81.59,-81.59,0,0,
09/22/2026,08:44:13:608,0.000000,0.000000,3,-127.65,-127.65,0,0,
09/22/2026,08:44:13:709,0.000000,0.000000,2,-128.8,-128.8,0,0,
09/22/2026,08:44:13:758,0.000000,0.000000,4,-125.71,-125.71,0,0,
09/22/2026,08:44:13:806,0.000000,0.000000,1,-95.91,-95.91,0,0,
09/22/2026,08:44:13:846,0.000000,0.000000,3,-126.16,-126.16,0,0,
09/22/2026,08:44:13:982,0.000000,0.000000,2,-128.53,-128.53,0,0,
09/22/2026,08:44:14:031,0.000000,0.000000,4,-128.35,-128.35,0,0,
09/22/2026,08:44:14:072,0.000000,0.000000,1,-87.78,-87.78,0,0,
09/22/2026,08:44:14:126,0.000000,0.000000,3,-128.73,-128.73,0,0,
09/22/2026,08:44:14:258,0.000000,0.000000,2,-127.67,-127.67,0,0,
09/22/2026,08:44:14:312,0.000000,0.000000,4,-127.85,-127.85,0,0,
09/22/2026,08:44:14:343,0.000000,0.000000,1,-90.95,-90.95,0,0,
09/22/2026,08:44:14:406,0.000000,0.000000,3,-128.83,-128.83,0,0,
09/22/2026,08:44:14:537,0.000000,0.000000,2,-126.46,-126.46,0,0,
09/22/2026,08:44:14:590,0.000000,0.000000,4,-126.53,-126.53,0,0,
09/22/2026,08:44:14:624,0.000000,0.000000,1,-99.15,-99.15,0,0,
09/22/2026,08:44:14:679,0.000000,0.000000,3,-127.54,-127.54,0,0,
09/22/2026,08:44:14:831,0.000000,0.000000,2,-128.72,-128.72,0,0,
09/22/2026,08:44:14:872,0.000000,0.000000,4,-125.2,-125.2,0,0,
09/22/2026,08:44:14:909,0.000000,0.000000,1,-95.63,-95.63,0,0,
09/22/2026,08:44:14:954,0.000000,0.000000,3,-126.43,-126.43,0,0,
09/22/2026,08:44:15:094,0.000000,0.000000,2,-128.18,-128.18,0,0,
09/22/2026,08:44:15:161,0.000000,0.000000,4,-125.5,-125.5,0,0,
09/22/2026,08:44:15:203,0.000000,0.000000,1,-80.48,-80.48,0,0,
09/22/2026,08:44:15:246,0.000000,0.000000,3,-127.03,-127.03,0,0,
09/22/2026,08:44:15:373,0.000000,0.000000,2,-127.41,-127.41,0,0,
09/22/2026,08:44:15:437,0.000000,0.000000,4,-128.37,-128.37,0,0,
09/22/2026,08:44:15:479,0.000000,0.000000,1,-83.52,-83.52,0,0,
09/22/2026,08:44:15:514,0.000000,0.000000,3,-126.8,-126.8,0,0,
09/22/2026,08:44:15:709,0.000000,0.000000,2,-127.24,-127.24,0,0,
09/22/2026,08:44:15:750,0.000000,0.000000,4,-126.72,-126.72,0,0,
09/22/2026,08:44:15:758,0.000000,0.000000,1,-80.87,-80.87,0,0,
09/22/2026,08:44:15:794,0.000000,0.000000,3,-128.73,-128.73,0,0,
09/22/2026,08:44:15:937,0.000000,0.000000,2,-125.47,-125.47,0,0,
09/22/2026,08:44:15:990,0.000000,0.000000,4,-128.55,-128.55,0,0,
09/22/2026,08:44:16:022,0.000000,0.000000,1,-81.82,-81.82,0,0,
09/22/2026,08:44:16:077,0.000000,0.000000,3,-128.75,-128.75,0,0,
09/22/2026,08:44:16:226,0.000000,0.000000,2,-127.23,-127.23,0,0,
09/22/2026,08:44:16:267,0.000000,0.000000,4,-124.76,-124.76,0,0,
09/22/2026,08:44:16:299,0.000000,0.000000,1,-79.58,-79.58,0,0,
09/22/2026,08:44:16:349,0.000000,0.000000,3,-127.65,-127.65,0,0,
09/22/2026,08:44:16:525,0.000000,0.000000,2,-127.89,-127.89,0,0,
09/22/2026,08:44:16:559,0.000000,0.000000,4,-128.57,-128.57,0,0,
09/22/2026,08:44:16:578,0.000000,0.000000,1,-86,-86,0,0,
09/22/2026,08:44:16:629,0.000000,0.000000,3,-128.79,-128.79,0,0,
09/22/2026,08:44:16:774,0.000000,0.000000,2,-127.19,-127.19,0,0,
09/22/2026,08:44:16:855,0.000000,0.000000,4,-127.13,-127.13,0,0,
09/22/2026,08:44:16:872,0.000000,0.000000,1,-92.11,-92.11,0,0,
09/22/2026,08:44:16:924,0.000000,0.000000,3,-128.48,-128.48,0,0,
09/22/2026,08:44:17:075,0.000000,0.000000,2,-128.48,-128.48,0,0,
09/22/2026,08:44:17:151,0.000000,0.000000,4,-125.46,-125.46,0,0,
09/22/2026,08:44:17:195,0.000000,0.000000,1,-85.88,-85.88,0,0,
09/22/2026,08:44:17:239,0.000000,0.000000,3,-129.47,-129.47,0,0,
09/22/2026,08:44:17:347,0.000000,0.000000,2,-128.28,-128.28,0,0,
09/22/2026,08:44:17:394,0.000000,0.000000,4,-126.69,-126.69,0,0,
09/22/2026,08:44:17:427,0.000000,0.000000,1,-83.75,-83.75,0,0,
09/22/2026,08:44:17:494,0.000000,0.000000,3,-127.72,-127.72,0,0,
09/22/2026,08:44:17:607,0.000000,0.000000,2,-129.13,-129.13,0,0,
09/22/2026,08:44:17:659,0.000000,0.000000,4,-127.71,-127.71,0,0,
09/22/2026,08:44:17:699,0.000000,0.000000,1,-86.62,-86.62,0,0,
09/22/2026,08:44:17:753,0.000000,0.000000,3,-127.8,-127.8,0,0,
09/22/2026,08:44:17:900,0.000000,0.000000,2,-129,-129,0,0,
09/22/2026,08:44:17:949,0.000000,0.000000,4,-128.16,-128.16,0,0,
09/22/2026,08:44:17:985,0.000000,0.000000,1,-89.24,-89.24,0,0,
09/22/2026,08:44:18:034,0.000000,0.000000,3,-127.43,-127.43,0,0,
09/22/2026,08:44:18:176,0.000000,0.000000,2,-126.74,-126.74,0,0,
09/22/2026,08:44:18:238,0.000000,0.000000,4,-129.08,-129.08,0,0,
09/22/2026,08:44:18:267,0.000000,0.000000,1,-84.73,-84.73,0,0,
09/22/2026,08:44:18:304,0.000000,0.000000,3,-127.34,-127.34,0,0,
09/22/2026,08:44:18:454,0.000000,0.000000,2,-127.94,-127.94,0,0,
09/22/2026,08:44:18:928,0.000000,0.000000,4,-129.05,-129.05,0,0,
09/22/2026,08:44:18:948,0.000000,0.000000,1,-85.81,-85.81,0,0,
09/22/2026,08:44:18:960,0.000000,0.000000,3,-127.9,-127.9,0,0,
09/22/2026,08:44:19:054,0.000000,0.000000,2,-127.93,-127.93,0,0,
09/22/2026,08:44:19:069,0.000000,0.000000,4,-126.27,-126.27,0,0,
09/22/2026,08:44:19:088,0.000000,0.000000,1,-84.33,-84.33,0,0,
09/22/2026,08:44:19:099,0.000000,0.000000,3,-127.54,-127.54,0,0,
09/22/2026,08:44:19:181,0.000000,0.000000,2,-129.33,-129.33,0,0,
09/22/2026,08:44:19:207,0.000000,0.000000,4,-128.28,-128.28,0,0,
09/22/2026,08:44:19:213,0.000000,0.000000,1,-82.63,-82.63,0,0,
09/22/2026,08:44:19:229,0.000000,0.000000,3,-127.44,-127.44,0,0,
09/22/2026,08:44:19:344,0.000000,0.000000,2,-127.25,-127.25,0,0,
09/22/2026,08:44:19:408,0.000000,0.000000,4,-126.79,-126.79,0,0,
09/22/2026,08:44:19:451,0.000000,0.000000,1,-77.31,-77.31,0,0,
09/22/2026,08:44:19:465,0.000000,0.000000,3,-126.24,-126.24,0,0,
09/22/2026,08:44:19:579,0.000000,0.000000,2,-127.38,-127.38,0,0,
09/22/2026,08:44:19:639,0.000000,0.000000,4,-127.78,-127.78,0,0,
09/22/2026,08:44:19:664,0.000000,0.000000,1,-73.84,-73.84,0,0,
09/22/2026,08:44:19:722,0.000000,0.000000,3,-127.67,-127.67,0,0,
09/22/2026,08:44:19:876,0.000000,0.000000,2,-129.4,-129.4,0,0,
09/22/2026,08:44:19:936,0.000000,0.000000,4,-125.95,-125.95,0,0,
09/22/2026,08:44:19:966,0.000000,0.000000,1,-74.45,-74.45,0,0,
09/22/2026,08:44:20:020,0.000000,0.000000,3,-127.19,-127.19,0,0,
09/22/2026,08:44:20:180,0.000000,0.000000,2,-125.59,-125.59,0,0,
09/22/2026,08:44:20:235,0.000000,0.000000,4,-128.06,-128.06,0,0,
09/22/2026,08:44:20:271,0.000000,0.000000,1,-77.54,-77.54,0,0,
09/22/2026,08:44:20:321,0.000000,0.000000,3,-127.9,-127.9,0,0,
09/22/2026,08:44:20:469,0.000000,0.000000,2,-127.13,-127.13,0,0,
09/22/2026,08:44:20:522,0.000000,0.000000,4,-127.88,-127.88,0,0,
09/22/2026,08:44:20:650,0.000000,0.000000,1,-77.67,-77.67,0,0,
09/22/2026,08:44:20:726,0.000000,0.000000,3,-128.29,-128.29,0,0,
09/22/2026,08:44:20:835,0.000000,0.000000,2,-126.64,-126.64,0,0,
09/22/2026,08:44:20:879,0.000000,0.000000,4,-125.81,-125.81,0,0,
09/22/2026,08:44:20:913,0.000000,0.000000,1,-70.65,-70.65,0,0,
09/22/2026,08:44:20:954,0.000000,0.000000,3,-129.01,-129.01,0,0,
09/22/2026,08:44:21:066,0.000000,0.000000,2,-126.91,-126.91,0,0,
09/22/2026,08:44:21:108,0.000000,0.000000,4,-129.1,-129.1,0,0,
09/22/2026,08:44:21:160,0.000000,0.000000,1,-77.56,-77.56,0,0,
09/22/2026,08:44:21:200,0.000000,0.000000,3,-127.16,-127.16,0,0,
09/22/2026,08:44:21:361,0.000000,0.000000,2,-124.66,-124.66,0,0,
09/22/2026,08:44:21:414,0.000000,0.000000,4,-114.8,-114.8,0,0,
09/22/2026,08:44:21:448,0.000000,0.000000,1,-76.2,-76.2,0,0,
09/22/2026,08:44:21:512,0.000000,0.000000,3,-128.18,-128.18,0,0,
09/22/2026,08:44:21:655,0.000000,0.000000,2,-124.02,-124.02,0,0,
09/22/2026,08:44:21:712,0.000000,0.000000,4,-129.69,-129.69,0,0,
09/22/2026,08:44:21:744,0.000000,0.000000,1,-72.7,-72.7,0,0,
09/22/2026,08:44:21:790,0.000000,0.000000,3,-126.07,-126.07,0,0,
09/22/2026,08:44:21:959,0.000000,0.000000,2,-127.92,-127.92,0,0,
09/22/2026,08:44:22:003,0.000000,0.000000,4,-125.58,-125.58,0,0,
09/22/2026,08:44:22:016,0.000000,0.000000,1,-70.98,-70.98,0,0,
09/22/2026,08:44:22:089,0.000000,0.000000,3,-125.79,-125.79,0,0,
09/22/2026,08:44:22:215,0.000000,0.000000,2,-126.41,-126.41,0,0,
09/22/2026,08:44:22:268,0.000000,0.000000,4,-126.19,-126.19,0,0,
09/22/2026,08:44:22:304,0.000000,0.000000,1,-73.57,-73.57,0,0,
09/22/2026,08:44:22:353,0.000000,0.000000,3,-128.66,-128.66,0,0,
09/22/2026,08:44:22:492,0.000000,0.000000,2,-124.43,-124.43,0,0,
09/22/2026,08:44:22:565,0.000000,0.000000,4,-127.21,-127.21,0,0,
09/22/2026,08:44:22:576,0.000000,0.000000,1,-76.85,-76.85,0,0,
09/22/2026,08:44:22:649,0.000000,0.000000,3,-126.57,-126.57,0,0,
09/22/2026,08:44:22:789,0.000000,0.000000,2,-122.08,-122.08,0,0,
09/22/2026,08:44:22:832,0.000000,0.000000,4,-127.83,-127.83,0,0,
09/22/2026,08:44:22:869,0.000000,0.000000,1,-79.95,-79.95,0,0,
09/22/2026,08:44:22:915,0.000000,0.000000,3,-125.36,-125.36,0,0,
09/22/2026,08:44:23:056,0.000000,0.000000,2,-123.1,-123.1,0,0,
09/22/2026,08:44:23:142,0.000000,0.000000,4,-127.3,-127.3,0,0,
09/22/2026,08:44:23:156,0.000000,0.000000,1,-69.05,-69.05,0,0,
09/22/2026,08:44:23:185,0.000000,0.000000,3,-127.85,-127.85,0,0,
09/22/2026,08:44:23:330,0.000000,0.000000,2,-117.49,-117.49,0,0,
09/22/2026,08:44:23:396,0.000000,0.000000,4,-125.3,-125.3,0,0,
09/22/2026,08:44:23:418,0.000000,0.000000,1,-70.8,-70.8,0,0,
09/22/2026,08:44:23:473,0.000000,0.000000,3,-127.48,-127.48,0,0,
09/22/2026,08:44:23:603,0.000000,0.000000,2,-121.71,-121.71,0,0,
09/22/2026,08:44:23:658,0.000000,0.000000,4,-127.21,-127.21,0,0,
09/22/2026,08:44:23:694,0.000000,0.000000,1,-66.73,-66.73,0,0,
09/22/2026,08:44:23:747,0.000000,0.000000,3,-126.7,-126.7,0,0,
09/22/2026,08:44:23:881,0.000000,0.000000,2,-115.23,-115.23,0,0,
09/22/2026,08:44:23:935,0.000000,0.000000,4,-127.45,-127.45,0,0,
09/22/2026,08:44:23:966,0.000000,0.000000,1,-67.81,-67.81,0,0,
09/22/2026,08:44:24:411,0.000000,0.000000,3,-125.86,-125.86,0,0,
09/22/2026,08:44:24:456,0.000000,0.000000,2,-127.57,-127.57,0,0,
09/22/2026,08:44:24:482,0.000000,0.000000,4,-128.21,-128.21,0,0,
09/22/2026,08:44:24:508,0.000000,0.000000,1,-77.2,-77.2,0,0,
09/22/2026,08:44:24:522,0.000000,0.000000,3,-128.76,-128.76,0,0,
09/22/2026,08:44:24:570,0.000000,0.000000,2,-125.91,-125.91,0,0,
09/22/2026,08:44:24:596,0.000000,0.000000,4,-127.29,-127.29,0,0,
09/22/2026,08:44:24:604,0.000000,0.000000,1,-90.73,-90.73,0,0,
09/22/2026,08:44:24:644,0.000000,0.000000,3,-127.92,-127.92,0,0,
09/22/2026,08:44:24:720,0.000000,0.000000,2,-129.37,-129.37,0,0,
09/22/2026,08:44:24:774,0.000000,0.000000,4,-125.56,-125.56,0,0,
09/22/2026,08:44:24:803,0.000000,0.000000,1,-70.76,-70.76,0,0,
09/22/2026,08:44:24:858,0.000000,0.000000,3,-127.67,-127.67,0,0,
09/22/2026,08:44:25:001,0.000000,0.000000,2,-127.12,-127.12,0,0,
09/22/2026,08:44:25:049,0.000000,0.000000,4,-128.93,-128.93,0,0,
09/22/2026,08:44:25:084,0.000000,0.000000,1,-80.38,-80.38,0,0,
09/22/2026,08:44:25:139,0.000000,0.000000,3,-129.19,-129.19,0,0,
09/22/2026,08:44:25:277,0.000000,0.000000,2,-126.16,-126.16,0,0,
09/22/2026,08:44:25:339,0.000000,0.000000,4,-126.89,-126.89,0,0,
09/22/2026,08:44:25:364,0.000000,0.000000,1,-70.2,-70.2,0,0,
09/22/2026,08:44:25:419,0.000000,0.000000,3,-126.31,-126.31,0,0,
09/22/2026,08:44:25:587,0.000000,0.000000,2,-126.28,-126.28,0,0,
09/22/2026,08:44:25:614,0.000000,0.000000,4,-127.66,-127.66,0,0,
09/22/2026,08:44:25:680,0.000000,0.000000,1,-75.87,-75.87,0,0,
09/22/2026,08:44:25:708,0.000000,0.000000,3,-129.5,-129.5,0,0,
09/22/2026,08:44:25:841,0.000000,0.000000,2,-127.88,-127.88,0,0,
09/22/2026,08:44:25:891,0.000000,0.000000,4,-125.29,-125.29,0,0,
09/22/2026,08:44:25:921,0.000000,0.000000,1,-81.32,-81.32,0,0,
09/22/2026,08:44:25:977,0.000000,0.000000,3,-128.01,-128.01,0,0,
09/22/2026,08:44:26:143,0.000000,0.000000,2,-128.52,-128.52,0,0,
09/22/2026,08:44:26:236,0.000000,0.000000,4,-128.53,-128.53,0,0,
09/22/2026,08:44:26:321,0.000000,0.000000,1,-77.92,-77.92,0,0,
09/22/2026,08:44:26:400,0.000000,0.000000,3,-127.8,-127.8,0,0,
09/22/2026,08:44:26:546,0.000000,0.000000,2,-123.96,-123.96,0,0,
09/22/2026,08:44:26:627,0.000000,0.000000,4,-128.49,-128.49,0,0,
09/22/2026,08:44:26:649,0.000000,0.000000,1,-78.79,-78.79,0,0,
09/22/2026,08:44:26:686,0.000000,0.000000,3,-127.84,-127.84,0,0,
09/22/2026,08:44:26:738,0.000000,0.000000,2,-126.3,-126.3,0,0,
09/22/2026,08:44:26:749,0.000000,0.000000,4,-128.24,-128.24,0,0,
09/22/2026,08:44:26:761,0.000000,0.000000,1,-76.97,-76.97,0,0,
09/22/2026,08:44:26:818,0.000000,0.000000,3,-129.52,-129.52,0,0,
09/22/2026,08:44:26:957,0.000000,0.000000,2,-128.67,-128.67,0,0,
09/22/2026,08:44:27:011,0.000000,0.000000,4,-126.3,-126.3,0,0,
09/22/2026,08:44:27:034,0.000000,0.000000,1,-75.64,-75.64,0,0,
09/22/2026,08:44:27:091,0.000000,0.000000,3,-129.56,-129.56,0,0,
09/22/2026,08:44:27:236,0.000000,0.000000,2,-126.99,-126.99,0,0,
09/22/2026,08:44:27:283,0.000000,0.000000,4,-124.64,-124.64,0,0,
09/22/2026,08:44:27:324,0.000000,0.000000,1,-70.84,-70.84,0,0,
09/22/2026,08:44:27:366,0.000000,0.000000,3,-126.58,-126.58,0,0,
09/22/2026,08:44:27:509,0.000000,0.000000,2,-127.69,-127.69,0,0,
09/22/2026,08:44:27:573,0.000000,0.000000,4,-126.75,-126.75,0,0,
09/22/2026,08:44:27:592,0.000000,0.000000,1,-79.36,-79.36,0,0,
09/22/2026,08:44:27:646,0.000000,0.000000,3,-127.23,-127.23,0,0,
09/22/2026,08:44:27:790,0.000000,0.000000,2,-128.16,-128.16,0,0,
09/22/2026,08:44:27:840,0.000000,0.000000,4,-125.42,-125.42,0,0,
09/22/2026,08:44:27:878,0.000000,0.000000,1,-73.19,-73.19,0,0,
09/22/2026,08:44:27:941,0.000000,0.000000,3,-127.77,-127.77,0,0,
09/22/2026,08:44:28:072,0.000000,0.000000,2,-129.19,-129.19,0,0,
09/22/2026,08:44:28:135,0.000000,0.000000,4,-126.91,-126.91,0,0,
09/22/2026,08:44:28:153,0.000000,0.000000,1,-68.86,-68.86,0,0,
09/22/2026,08:44:28:242,0.000000,0.000000,3,-128.44,-128.44,0,0,
09/22/2026,08:44:28:363,0.000000,0.000000,2,-127.18,-127.18,0,0,
09/22/2026,08:44:28:408,0.000000,0.000000,4,-125.48,-125.48,0,0,
09/22/2026,08:44:28:461,0.000000,0.000000,1,-69.7,-69.7,0,0,
09/22/2026,08:44:28:498,0.000000,0.000000,3,-127.45,-127.45,0,0,
09/22/2026,08:44:28:648,0.000000,0.000000,2,-126.6,-126.6,0,0,
09/22/2026,08:44:28:683,0.000000,0.000000,4,-126.69,-126.69,0,0,
09/22/2026,08:44:28:712,0.000000,0.000000,1,-66.03,-66.03,0,0,
09/22/2026,08:44:28:762,0.000000,0.000000,3,-127.02,-127.02,0,0,
09/22/2026,08:44:28:899,0.000000,0.000000,2,-126.42,-126.42,0,0,
09/22/2026,08:44:28:952,0.000000,0.000000,4,-127.83,-127.83,0,0,
09/22/2026,08:44:28:997,0.000000,0.000000,1,-76.8,-76.8,0,0,
09/22/2026,08:44:29:047,0.000000,0.000000,3,-128.14,-128.14,0,0,
09/22/2026,08:44:29:182,0.000000,0.000000,2,-128.83,-128.83,0,0,
09/22/2026,08:44:29:231,0.000000,0.000000,4,-128.47,-128.47,0,0,
09/22/2026,08:44:29:264,0.000000,0.000000,1,-64.03,-64.03,0,0,
09/22/2026,08:44:29:319,0.000000,0.000000,3,-126.84,-126.84,0,0,
09/22/2026,08:44:29:857,0.000000,0.000000,2,-121.05,-121.05,0,0,
09/22/2026,08:44:29:932,0.000000,0.000000,4,-128.63,-128.63,0,0,
09/22/2026,08:44:29:939,0.000000,0.000000,1,-65.36,-65.36,0,0,
09/22/2026,08:44:29:993,0.000000,0.000000,3,-128.44,-128.44,0,0,
09/22/2026,08:44:30:081,0.000000,0.000000,2,-128.1,-128.1,0,0,
09/22/2026,08:44:30:116,0.000000,0.000000,4,-126.29,-126.29,0,0,
09/22/2026,08:44:30:124,0.000000,0.000000,1,-65.22,-65.22,0,0,
09/22/2026,08:44:30:145,0.000000,0.000000,3,-126.92,-126.92,0,0,
09/22/2026,08:44:30:191,0.000000,0.000000,2,-125.56,-125.56,0,0,
09/22/2026,08:44:30:204,0.000000,0.000000,4,-128.09,-128.09,0,0,
09/22/2026,08:44:30:224,0.000000,0.000000,1,-65.96,-65.96,0,0,
09/22/2026,08:44:30:239,0.000000,0.000000,3,-127.11,-127.11,0,0,
09/22/2026,08:44:30:295,0.000000,0.000000,2,-129.67,-129.67,0,0,
09/22/2026,08:44:30:351,0.000000,0.000000,4,-127.75,-127.75,0,0,
09/22/2026,08:44:30:398,0.000000,0.000000,1,-63.76,-63.76,0,0,
09/22/2026,08:44:30:437,0.000000,0.000000,3,-126.56,-126.56,0,0,
09/22/2026,08:44:30:573,0.000000,0.000000,2,-127.16,-127.16,0,0,
09/22/2026,08:44:30:633,0.000000,0.000000,4,-127.12,-127.12,0,0,
09/22/2026,08:44:30:658,0.000000,0.000000,1,-67.2,-67.2,0,0,
09/22/2026,08:44:30:716,0.000000,0.000000,3,-126.59,-126.59,0,0,
09/22/2026,08:44:30:857,0.000000,0.000000,2,-127.47,-127.47,0,0,
09/22/2026,08:44:30:917,0.000000,0.000000,4,-127.21,-127.21,0,0,
09/22/2026,08:44:30:946,0.000000,0.000000,1,-63.77,-63.77,0,0,
09/22/2026,08:44:31:042,0.000000,0.000000,3,-128.88,-128.88,0,0,
09/22/2026,08:44:31:129,0.000000,0.000000,2,-125.65,-125.65,0,0,
09/22/2026,08:44:31:182,0.000000,0.000000,4,-127.03,-127.03,0,0,
09/22/2026,08:44:31:217,0.000000,0.000000,1,-60.99,-60.99,0,0,
09/22/2026,08:44:31:297,0.000000,0.000000,3,-129.1,-129.1,0,0,
09/22/2026,08:44:31:423,0.000000,0.000000,2,-127.45,-127.45,0,0,
09/22/2026,08:44:31:462,0.000000,0.000000,4,-127.98,-127.98,0,0,
09/22/2026,08:44:31:501,0.000000,0.000000,1,-64.82,-64.82,0,0,
09/22/2026,08:44:31:551,0.000000,0.000000,3,-129.45,-129.45,0,0,
09/22/2026,08:44:31:690,0.000000,0.000000,2,-126.83,-126.83,0,0,
09/22/2026,08:44:31:772,0.000000,0.000000,4,-126.94,-126.94,0,0,
09/22/2026,08:44:31:809,0.000000,0.000000,1,-60.94,-60.94,0,0,
09/22/2026,08:44:31:859,0.000000,0.000000,3,-129.23,-129.23,0,0,
09/22/2026,08:44:31:986,0.000000,0.000000,2,-128.09,-128.09,0,0,
09/22/2026,08:44:32:066,0.000000,0.000000,4,-127.54,-127.54,0,0,
09/22/2026,08:44:32:105,0.000000,0.000000,1,-62.44,-62.44,0,0,
09/22/2026,08:44:32:151,0.000000,0.000000,3,-126.52,-126.52,0,0,
09/22/2026,08:44:32:277,0.000000,0.000000,2,-125.73,-125.73,0,0,
09/22/2026,08:44:32:325,0.000000,0.000000,4,-127.53,-127.53,0,0,
09/22/2026,08:44:32:359,0.000000,0.000000,1,-64.39,-64.39,0,0,
09/22/2026,08:44:32:408,0.000000,0.000000,3,-126.52,-126.52,0,0,
09/22/2026,08:44:32:535,0.000000,0.000000,2,-124.72,-124.72,0,0,
09/22/2026,08:44:32:592,0.000000,0.000000,4,-126.01,-126.01,0,0,
09/22/2026,08:44:32:611,0.000000,0.000000,1,-64.9,-64.9,0,0,
09/22/2026,08:44:32:668,0.000000,0.000000,3,-126.47,-126.47,0,0,
09/22/2026,08:44:32:810,0.000000,0.000000,2,-125.33,-125.33,0,0,
09/22/2026,08:44:32:861,0.000000,0.000000,4,-128.28,-128.28,0,0,
09/22/2026,08:44:32:889,0.000000,0.000000,1,-69.24,-69.24,0,0,
09/22/2026,08:44:32:941,0.000000,0.000000,3,-129.17,-129.17,0,0,
09/22/2026,08:44:33:086,0.000000,0.000000,2,-123.87,-123.87,0,0,
09/22/2026,08:44:33:142,0.000000,0.000000,4,-127.12,-127.12,0,0,
09/22/2026,08:44:33:179,0.000000,0.000000,1,-64.65,-64.65,0,0,
09/22/2026,08:44:33:221,0.000000,0.000000,3,-127.76,-127.76,0,0,
09/22/2026,08:44:33:361,0.000000,0.000000,2,-127.02,-127.02,0,0,
09/22/2026,08:44:33:415,0.000000,0.000000,4,-127.49,-127.49,0,0,
09/22/2026,08:44:33:458,0.000000,0.000000,1,-60.26,-60.26,0,0,
09/22/2026,08:44:33:502,0.000000,0.000000,3,-127.4,-127.4,0,0,
09/22/2026,08:44:33:640,0.000000,0.000000,2,-121.97,-121.97,0,0,
09/22/2026,08:44:33:716,0.000000,0.000000,4,-126.07,-126.07,0,0,
09/22/2026,08:44:33:742,0.000000,0.000000,1,-61.2,-61.2,0,0,
09/22/2026,08:44:33:785,0.000000,0.000000,3,-128.21,-128.21,0,0,
09/22/2026,08:44:33:924,0.000000,0.000000,2,-121.48,-121.48,0,0,
09/22/2026,08:44:33:976,0.000000,0.000000,4,-125.97,-125.97,0,0,
09/22/2026,08:44:34:004,0.000000,0.000000,1,-56.85,-56.85,0,0,
09/22/2026,08:44:34:057,0.000000,0.000000,3,-126.12,-126.12,0,0,
09/22/2026,08:44:34:268,0.000000,0.000000,2,-119.3,-119.3,0,0,
09/22/2026,08:44:34:316,0.000000,0.000000,4,-125.9,-125.9,0,0,
09/22/2026,08:44:34:326,0.000000,0.000000,1,-58.8,-58.8,0,0,
09/22/2026,08:44:34:379,0.000000,0.000000,3,-126.15,-126.15,0,0,
09/22/2026,08:44:34:497,0.000000,0.000000,2,-120,-120,0,0,
09/22/2026,08:44:34:536,0.000000,0.000000,4,-128.04,-128.04,0,0,
09/22/2026,08:44:34:566,0.000000,0.000000,1,-65.54,-65.54,0,0,
09/22/2026,08:44:34:637,0.000000,0.000000,3,-127.51,-127.51,0,0,
09/22/2026,08:44:34:754,0.000000,0.000000,2,-121.77,-121.77,0,0,
09/22/2026,08:44:34:810,0.000000,0.000000,4,-125.63,-125.63,0,0,
09/22/2026,08:44:34:887,0.000000,0.000000,1,-62.86,-62.86,0,0,
09/22/2026,08:44:35:738,0.000000,0.000000,3,-127.71,-127.71,0,0,
09/22/2026,08:44:35:800,0.000000,0.000000,2,-119.68,-119.68,0,0,
09/22/2026,08:44:35:816,0.000000,0.000000,4,-126.87,-126.87,0,0,
09/22/2026,08:44:35:837,0.000000,0.000000,1,-60.39,-60.39,0,0,
09/22/2026,08:44:35:921,0.000000,0.000000,3,-127.09,-127.09,0,0,
09/22/2026,08:44:36:090,0.000000,0.000000,2,-121.2,-121.2,0,0,
09/22/2026,08:44:36:172,0.000000,0.000000,4,-124.04,-124.04,0,0,
09/22/2026,08:44:36:180,0.000000,0.000000,1,-53.21,-53.21,0,0,
09/22/2026,08:44:36:259,0.000000,0.000000,3,-124.26,-124.26,0,0,
09/22/2026,08:44:36:325,0.000000,0.000000,2,-115.61,-115.61,0,0,
09/22/2026,08:44:36:338,0.000000,0.000000,4,-125.55,-125.55,0,0,
09/22/2026,08:44:36:345,0.000000,0.000000,1,-56,-56,0,0,
09/22/2026,08:44:36:356,0.000000,0.000000,3,-128.8,-128.8,0,0,
09/22/2026,08:44:36:419,0.000000,0.000000,2,-124.81,-124.81,0,0,
09/22/2026,08:44:36:431,0.000000,0.000000,4,-124.69,-124.69,0,0,
09/22/2026,08:44:36:445,0.000000,0.000000,1,-62.54,-62.54,0,0,
09/22/2026,08:44:36:467,0.000000,0.000000,3,-126.73,-126.73,0,0,
09/22/2026,08:44:36:553,0.000000,0.000000,2,-119.54,-119.54,0,0,
09/22/2026,08:44:36:583,0.000000,0.000000,4,-128.52,-128.52,0,0,
09/22/2026,08:44:36:591,0.000000,0.000000,1,-60.73,-60.73,0,0,
09/22/2026,08:44:36:602,0.000000,0.000000,3,-127.86,-127.86,0,0,
09/22/2026,08:44:36:692,0.000000,0.000000,2,-117.87,-117.87,0,0,
09/22/2026,08:44:36:709,0.000000,0.000000,4,-127.17,-127.17,0,0,
09/22/2026,08:44:36:719,0.000000,0.000000,1,-56.98,-56.98,0,0,
09/22/2026,08:44:36:735,0.000000,0.000000,3,-125.98,-125.98,0,0,
09/22/2026,08:44:36:804,0.000000,0.000000,2,-118.6,-118.6,0,0,
09/22/2026,08:44:36:821,0.000000,0.000000,4,-128.3,-128.3,0,0,
09/22/2026,08:44:36:838,0.000000,0.000000,1,-58.05,-58.05,0,0,
09/22/2026,08:44:36:855,0.000000,0.000000,3,-124.71,-124.71,0,0,
09/22/2026,08:44:36:986,0.000000,0.000000,2,-115.69,-115.69,0,0,
09/22/2026,08:44:37:045,0.000000,0.000000,4,-124.09,-124.09,0,0,
09/22/2026,08:44:37:078,0.000000,0.000000,1,-57.03,-57.03,0,0,
09/22/2026,08:44:37:130,0.000000,0.000000,3,-126.44,-126.44,0,0,
09/22/2026,08:44:37:265,0.000000,0.000000,2,-117.8,-117.8,0,0,
09/22/2026,08:44:37:320,0.000000,0.000000,4,-126.9,-126.9,0,0,
09/22/2026,08:44:37:349,0.000000,0.000000,1,-59.21,-59.21,0,0,
09/22/2026,08:44:37:411,0.000000,0.000000,3,-128.23,-128.23,0,0,
09/22/2026,08:44:37:585,0.000000,0.000000,2,-120.08,-120.08,0,0,
09/22/2026,08:44:37:598,0.000000,0.000000,4,-127.21,-127.21,0,0,
09/22/2026,08:44:37:634,0.000000,0.000000,1,-58.67,-58.67,0,0,
09/22/2026,08:44:37:693,0.000000,0.000000,3,-127.8,-127.8,0,0,
09/22/2026,08:44:37:836,0.000000,0.000000,2,-124.37,-124.37,0,0,
09/22/2026,08:44:37:901,0.000000,0.000000,4,-127.12,-127.12,0,0,
09/22/2026,08:44:37:912,0.000000,0.000000,1,-57.81,-57.81,0,0,
09/22/2026,08:44:37:978,0.000000,0.000000,3,-127.7,-127.7,0,0,
09/22/2026,08:44:38:117,0.000000,0.000000,2,-124.12,-124.12,0,0,
09/22/2026,08:44:38:163,0.000000,0.000000,4,-127.92,-127.92,0,0,
09/22/2026,08:44:38:205,0.000000,0.000000,1,-56.66,-56.66,0,0,
09/22/2026,08:44:38:244,0.000000,0.000000,3,-128.33,-128.33,0,0,
09/22/2026,08:44:38:383,0.000000,0.000000,2,-123.45,-123.45,0,0,
09/22/2026,08:44:38:433,0.000000,0.000000,4,-129.34,-129.34,0,0,
09/22/2026,08:44:38:465,0.000000,0.000000,1,-59.58,-59.58,0,0,
09/22/2026,08:44:38:524,0.000000,0.000000,3,-126.01,-126.01,0,0,
09/22/2026,08:44:38:678,0.000000,0.000000,2,-123.74,-123.74,0,0,
09/22/2026,08:44:38:730,0.000000,0.000000,4,-127.34,-127.34,0,0,
09/22/2026,08:44:38:746,0.000000,0.000000,1,-60.64,-60.64,0,0,
09/22/2026,08:44:38:816,0.000000,0.000000,3,-127.1,-127.1,0,0,
09/22/2026,08:44:38:943,0.000000,0.000000,2,-121.03,-121.03,0,0,
09/22/2026,08:44:38:991,0.000000,0.000000,4,-127.53,-127.53,0,0,
09/22/2026,08:44:39:046,0.000000,0.000000,1,-61.7,-61.7,0,0,
09/22/2026,08:44:39:093,0.000000,0.000000,3,-128.93,-128.93,0,0,
09/22/2026,08:44:39:215,0.000000,0.000000,2,-126.32,-126.32,0,0,
09/22/2026,08:44:39:270,0.000000,0.000000,4,-127.66,-127.66,0,0,
09/22/2026,08:44:39:307,0.000000,0.000000,1,-60.7,-60.7,0,0,
09/22/2026,08:44:39:360,0.000000,0.000000,3,-128.03,-128.03,0,0,
09/22/2026,08:44:39:503,0.000000,0.000000,2,-125.03,-125.03,0,0,
09/22/2026,08:44:39:557,0.000000,0.000000,4,-127.59,-127.59,0,0,
09/22/2026,08:44:39:597,0.000000,0.000000,1,-64.34,-64.34,0,0,
09/22/2026,08:44:39:638,0.000000,0.000000,3,-126.63,-126.63,0,0,
09/22/2026,08:44:39:846,0.000000,0.000000,2,-126.34,-126.34,0,0,
09/22/2026,08:44:39:892,0.000000,0.000000,4,-130,-130,0,0,
09/22/2026,08:44:39:948,0.000000,0.000000,1,-65.9,-65.9,0,0,
09/22/2026,08:44:39:961,0.000000,0.000000,3,-127.3,-127.3,0,0,
09/22/2026,08:44:40:056,0.000000,0.000000,2,-127.34,-127.34,0,0,
09/22/2026,08:44:40:106,0.000000,0.000000,4,-126.58,-126.58,0,0,
09/22/2026,08:44:40:142,0.000000,0.000000,1,-71.97,-71.97,0,0,
09/22/2026,08:44:40:199,0.000000,0.000000,3,-126.41,-126.41,0,0,
09/22/2026,08:44:40:332,0.000000,0.000000,2,-127.44,-127.44,0,0,
09/22/2026,08:44:40:388,0.000000,0.000000,4,-127.14,-127.14,0,0,
09/22/2026,08:44:40:423,0.000000,0.000000,1,-74.59,-74.59,0,0,
09/22/2026,08:44:40:477,0.000000,0.000000,3,-128.88,-128.88,0,0,
09/22/2026,08:44:40:612,0.000000,0.000000,2,-127.51,-127.51,0,0,
09/22/2026,08:44:40:665,0.000000,0.000000,4,-127.97,-127.97,0,0,
09/22/2026,08:44:40:702,0.000000,0.000000,1,-66.44,-66.44,0,0,
09/22/2026,08:44:40:757,0.000000,0.000000,3,-126.96,-126.96,0,0,
09/22/2026,08:44:40:894,0.000000,0.000000,2,-125.47,-125.47,0,0,
09/22/2026,08:44:40:943,0.000000,0.000000,4,-128.23,-128.23,0,0,
09/22/2026,08:44:40:985,0.000000,0.000000,1,-76.16,-76.16,0,0,
09/22/2026,08:44:41:048,0.000000,0.000000,3,-128.17,-128.17,0,0,
09/22/2026,08:44:41:175,0.000000,0.000000,2,-126.7,-126.7,0,0,
09/22/2026,08:44:41:223,0.000000,0.000000,4,-129.62,-129.62,0,0,
09/22/2026,08:44:41:268,0.000000,0.000000,1,-63.4,-63.4,0,0,
09/22/2026,08:44:41:321,0.000000,0.000000,3,-126.47,-126.47,0,0,
09/22/2026,08:44:41:462,0.000000,0.000000,2,-124.31,-124.31,0,0,
09/22/2026,08:44:41:506,0.000000,0.000000,4,-130,-130,0,0,
09/22/2026,08:44:41:534,0.000000,0.000000,1,-63.68,-63.68,0,0,
09/22/2026,08:44:41:619,0.000000,0.000000,3,-127.61,-127.61,0,0,
09/22/2026,08:44:41:747,0.000000,0.000000,2,-125.7,-125.7,0,0,
09/22/2026,08:44:41:794,0.000000,0.000000,4,-128.41,-128.41,0,0,
09/22/2026,08:44:41:824,0.000000,0.000000,1,-61.13,-61.13,0,0,
09/22/2026,08:44:41:872,0.000000,0.000000,3,-128.37,-128.37,0,0,
09/22/2026,08:44:42:008,0.000000,0.000000,2,-122.23,-122.23,0,0,
09/22/2026,08:44:42:057,0.000000,0.000000,4,-126.85,-126.85,0,0,
09/22/2026,08:44:42:093,0.000000,0.000000,1,-72.77,-72.77,0,0,
09/22/2026,08:44:42:150,0.000000,0.000000,3,-129.42,-129.42,0,0,
09/22/2026,08:44:42:302,0.000000,0.000000,2,-125.83,-125.83,0,0,
09/22/2026,08:44:42:341,0.000000,0.000000,4,-126.79,-126.79,0,0,
09/22/2026,08:44:42:382,0.000000,0.000000,1,-67.23,-67.23,0,0,
09/22/2026,08:44:42:430,0.000000,0.000000,3,-127.94,-127.94,0,0,
09/22/2026,08:44:42:565,0.000000,0.000000,2,-125.31,-125.31,0,0,
09/22/2026,08:44:42:616,0.000000,0.000000,4,-125.57,-125.57,0,0,
09/22/2026,08:44:42:655,0.000000,0.000000,1,-65.33,-65.33,0,0,
09/22/2026,08:44:42:717,0.000000,0.000000,3,-128.45,-128.45,0,0,
09/22/2026,08:44:42:854,0.000000,0.000000,2,-125.95,-125.95,0,0,
09/22/2026,08:44:42:899,0.000000,0.000000,4,-126.68,-126.68,0,0,
09/22/2026,08:44:42:933,0.000000,0.000000,1,-66.54,-66.54,0,0,
09/22/2026,08:44:42:999,0.000000,0.000000,3,-129.08,-129.08,0,0,
09/22/2026,08:44:43:119,0.000000,0.000000,2,-123.65,-123.65,0,0,
09/22/2026,08:44:43:174,0.000000,0.000000,4,-125.81,-125.81,0,0,
09/22/2026,08:44:43:208,0.000000,0.000000,1,-61.54,-61.54,0,0,
09/22/2026,08:44:43:260,0.000000,0.000000,3,-128.38,-128.38,0,0,
09/22/2026,08:44:43:426,0.000000,0.000000,2,-124.14,-124.14,0,0,
09/22/2026,08:44:43:478,0.000000,0.000000,4,-126.7,-126.7,0,0,
09/22/2026,08:44:43:542,0.000000,0.000000,1,-60.41,-60.41,0,0,
09/22/2026,08:44:43:560,0.000000,0.000000,3,-128.12,-128.12,0,0,
09/22/2026,08:44:43:678,0.000000,0.000000,2,-122.15,-122.15,0,0,
09/22/2026,08:44:43:731,0.000000,0.000000,4,-127.47,-127.47,0,0,
09/22/2026,08:44:43:765,0.000000,0.000000,1,-61.61,-61.61,0,0,
09/22/2026,08:44:43:847,0.000000,0.000000,3,-128.4,-128.4,0,0,
09/22/2026,08:44:43:962,0.000000,0.000000,2,-124.73,-124.73,0,0,
09/22/2026,08:44:44:013,0.000000,0.000000,4,-126.13,-126.13,0,0,
09/22/2026,08:44:44:051,0.000000,0.000000,1,-59.61,-59.61,0,0,
09/22/2026,08:44:44:095,0.000000,0.000000,3,-127.87,-127.87,0,0,
09/22/2026,08:44:44:247,0.000000,0.000000,2,-120.62,-120.62,0,0,
09/22/2026,08:44:44:292,0.000000,0.000000,4,-126.32,-126.32,0,0,
09/22/2026,08:44:44:327,0.000000,0.000000,1,-59.58,-59.58,0,0,
09/22/2026,08:44:44:375,0.000000,0.000000,3,-128.41,-128.41,0,0,
09/22/2026,08:44:44:525,0.000000,0.000000,2,-125.82,-125.82,0,0,
09/22/2026,08:44:44:613,0.000000,0.000000,4,-128.37,-128.37,0,0,
09/22/2026,08:44:44:623,0.000000,0.000000,1,-61.4,-61.4,0,0,
09/22/2026,08:44:44:659,0.000000,0.000000,3,-127.81,-127.81,0,0,
09/22/2026,08:44:44:797,0.000000,0.000000,2,-121.29,-121.29,0,0,
09/22/2026,08:44:44:845,0.000000,0.000000,4,-127.74,-127.74,0,0,
09/22/2026,08:44:44:879,0.000000,0.000000,1,-60.76,-60.76,0,0,
09/22/2026,08:44:44:932,0.000000,0.000000,3,-127.28,-127.28,0,0,
09/22/2026,08:44:45:077,0.000000,0.000000,2,-124.34,-124.34,0,0,
09/22/2026,08:44:45:133,0.000000,0.000000,4,-128.16,-128.16,0,0,
09/22/2026,08:44:45:158,0.000000,0.000000,1,-54.52,-54.52,0,0,
09/22/2026,08:44:45:219,0.000000,0.000000,3,-127.14,-127.14,0,0,
09/22/2026,08:44:45:387,0.000000,0.000000,2,-125.31,-125.31,0,0,
09/22/2026,08:44:45:406,0.000000,0.000000,4,-128.06,-128.06,0,0,
09/22/2026,08:44:45:441,0.000000,0.000000,1,-55.12,-55.12,0,0,
09/22/2026,08:44:45:515,0.000000,0.000000,3,-125.44,-125.44,0,0,
09/22/2026,08:44:45:636,0.000000,0.000000,2,-126.18,-126.18,0,0,
09/22/2026,08:44:45:686,0.000000,0.000000,4,-127.81,-127.81,0,0,
09/22/2026,08:44:45:716,0.000000,0.000000,1,-56.84,-56.84,0,0,
09/22/2026,08:44:45:778,0.000000,0.000000,3,-128.02,-128.02,0,0,
09/22/2026,08:44:46:250,0.000000,0.000000,2,-126.26,-126.26,0,0,
09/22/2026,08:44:46:265,0.000000,0.000000,4,-127.1,-127.1,0,0,
09/22/2026,08:44:46:285,0.000000,0.000000,1,-59.08,-59.08,0,0,
09/22/2026,08:44:46:301,0.000000,0.000000,3,-126.19,-126.19,0,0,
09/22/2026,08:44:46:337,0.000000,0.000000,2,-125.9,-125.9,0,0,
09/22/2026,08:44:46:353,0.000000,0.000000,4,-127.74,-127.74,0,0,
09/22/2026,08:44:46:371,0.000000,0.000000,1,-56.34,-56.34,0,0,
09/22/2026,08:44:46:405,0.000000,0.000000,3,-128.22,-128.22,0,0,
09/22/2026,08:44:46:468,0.000000,0.000000,2,-125.06,-125.06,0,0,
09/22/2026,08:44:46:521,0.000000,0.000000,4,-128.24,-128.24,0,0,
09/22/2026,08:44:46:559,0.000000,0.000000,1,-60.03,-60.03,0,0,
09/22/2026,08:44:46:609,0.000000,0.000000,3,-126.47,-126.47,0,0,
09/22/2026,08:44:46:760,0.000000,0.000000,2,-128.41,-128.41,0,0,
09/22/2026,08:44:46:805,0.000000,0.000000,4,-128.28,-128.28,0,0,
09/22/2026,08:44:46:856,0.000000,0.000000,1,-59.79,-59.79,0,0,
09/22/2026,08:44:46:894,0.000000,0.000000,3,-129.02,-129.02,0,0,
09/22/2026,08:44:47:032,0.000000,0.000000,2,-128.88,-128.88,0,0,
09/22/2026,08:44:47:087,0.000000,0.000000,4,-129,-129,0,0,
09/22/2026,08:44:47:112,0.000000,0.000000,1,-69.93,-69.93,0,0,
09/22/2026,08:44:47:177,0.000000,0.000000,3,-128.95,-128.95,0,0,
09/22/2026,08:44:47:341,0.000000,0.000000,2,-126.43,-126.43,0,0,
09/22/2026,08:44:47:383,0.000000,0.000000,4,-127.52,-127.52,0,0,
09/22/2026,08:44:47:399,0.000000,0.000000,1,-68.52,-68.52,0,0,
09/22/2026,08:44:47:472,0.000000,0.000000,3,-123.25,-123.25,0,0,
09/22/2026,08:44:47:613,0.000000,0.000000,2,-126.71,-126.71,0,0,
09/22/2026,08:44:47:635,0.000000,0.000000,4,-127.16,-127.16,0,0,
09/22/2026,08:44:47:694,0.000000,0.000000,1,-66.45,-66.45,0,0,
09/22/2026,08:44:47:721,0.000000,0.000000,3,-128.63,-128.63,0,0,
09/22/2026,08:44:47:888,0.000000,0.000000,2,-129.12,-129.12,0,0,
09/22/2026,08:44:47:913,0.000000,0.000000,4,-126.93,-126.93,0,0,
09/22/2026,08:44:47:969,0.000000,0.000000,1,-70.36,-70.36,0,0,
09/22/2026,08:44:48:001,0.000000,0.000000,3,-126.53,-126.53,0,0,
09/22/2026,08:44:48:141,0.000000,0.000000,2,-127.51,-127.51,0,0,
09/22/2026,08:44:48:208,0.000000,0.000000,4,-128.72,-128.72,0,0,
09/22/2026,08:44:48:235,0.000000,0.000000,1,-61.36,-61.36,0,0,
09/22/2026,08:44:48:284,0.000000,0.000000,3,-126.74,-126.74,0,0,
09/22/2026,08:44:48:423,0.000000,0.000000,2,-128.69,-128.69,0,0,
09/22/2026,08:44:48:470,0.000000,0.000000,4,-127.67,-127.67,0,0,
09/22/2026,08:44:48:504,0.000000,0.000000,1,-61.56,-61.56,0,0,
09/22/2026,08:44:48:565,0.000000,0.000000,3,-126.8,-126.8,0,0,
09/22/2026,08:44:48:723,0.000000,0.000000,2,-128.78,-128.78,0,0,
09/22/2026,08:44:48:759,0.000000,0.000000,4,-128.22,-128.22,0,0,
09/22/2026,08:44:48:784,0.000000,0.000000,1,-60.9,-60.9,0,0,
09/22/2026,08:44:48:838,0.000000,0.000000,3,-128.04,-128.04,0,0,
09/22/2026,08:44:48:988,0.000000,0.000000,2,-128.39,-128.39,0,0,
09/22/2026,08:44:49:028,0.000000,0.000000,4,-125.54,-125.54,0,0,
09/22/2026,08:44:49:104,0.000000,0.000000,1,-62.41,-62.41,0,0,
09/22/2026,08:44:49:115,0.000000,0.000000,3,-126.54,-126.54,0,0,
09/22/2026,08:44:49:274,0.000000,0.000000,2,-126.49,-126.49,0,0,
09/22/2026,08:44:49:318,0.000000,0.000000,4,-127.51,-127.51,0,0,
09/22/2026,08:44:49:356,0.000000,0.000000,1,-69.73,-69.73,0,0,
09/22/2026,08:44:49:408,0.000000,0.000000,3,-128.39,-128.39,0,0,
09/22/2026,08:44:49:538,0.000000,0.000000,2,-129.32,-129.32,0,0,
09/22/2026,08:44:49:585,0.000000,0.000000,4,-129.53,-129.53,0,0,
09/22/2026,08:44:49:622,0.000000,0.000000,1,-61.2,-61.2,0,0,
09/22/2026,08:44:49:676,0.000000,0.000000,3,-127.29,-127.29,0,0,
09/22/2026,08:44:49:815,0.000000,0.000000,2,-126.08,-126.08,0,0,
09/22/2026,08:44:49:863,0.000000,0.000000,4,-128.49,-128.49,0,0,
09/22/2026,08:44:49:901,0.000000,0.000000,1,-64.94,-64.94,0,0,
09/22/2026,08:44:49:952,0.000000,0.000000,3,-128.48,-128.48,0,0,
09/22/2026,08:44:50:094,0.000000,0.000000,2,-126.88,-126.88,0,0,
09/22/2026,08:44:50:144,0.000000,0.000000,4,-127.09,-127.09,0,0,
09/22/2026,08:44:50:182,0.000000,0.000000,1,-64.42,-64.42,0,0,
09/22/2026,08:44:50:250,0.000000,0.000000,3,-128.92,-128.92,0,0,
09/22/2026,08:44:50:370,0.000000,0.000000,2,-124.64,-124.64,0,0,
09/22/2026,08:44:50:429,0.000000,0.000000,4,-128.58,-128.58,0,0,
09/22/2026,08:44:50:455,0.000000,0.000000,1,-58.4,-58.4,0,0,
09/22/2026,08:44:50:510,0.000000,0.000000,3,-127.18,-127.18,0,0,
09/22/2026,08:44:50:649,0.000000,0.000000,2,-121.34,-121.34,0,0,
09/22/2026,08:44:50:703,0.000000,0.000000,4,-126.67,-126.67,0,0,
09/22/2026,08:44:50:735,0.000000,0.000000,1,-61.12,-61.12,0,0,
09/22/2026,08:44:50:795,0.000000,0.000000,3,-129.07,-129.07,0,0,
09/22/2026,08:44:50:936,0.000000,0.000000,2,-126.45,-126.45,0,0,
09/22/2026,08:44:50:980,0.000000,0.000000,4,-126.43,-126.43,0,0,
09/22/2026,08:44:51:015,0.000000,0.000000,1,-61.29,-61.29,0,0,
09/22/2026,08:44:51:095,0.000000,0.000000,3,-127.46,-127.46,0,0,
09/22/2026,08:44:51:218,0.000000,0.000000,2,-126.18,-126.18,0,0,
09/22/2026,08:44:51:267,0.000000,0.000000,4,-127.06,-127.06,0,0,
09/22/2026,08:44:51:703,0.000000,0.000000,1,-59.93,-59.93,0,0,
09/22/2026,08:44:51:715,0.000000,0.000000,3,-126.66,-126.66,0,0,
09/22/2026,08:44:51:752,0.000000,0.000000,2,-128.99,-128.99,0,0,
09/22/2026,08:44:51:761,0.000000,0.000000,4,-129.06,-129.06,0,0,
09/22/2026,08:44:51:772,0.000000,0.000000,1,-61.2,-61.2,0,0,
09/22/2026,08:44:51:784,0.000000,0.000000,3,-128.18,-128.18,0,0,
09/22/2026,08:44:51:833,0.000000,0.000000,2,-129.19,-129.19,0,0,
09/22/2026,08:44:51:855,0.000000,0.000000,4,-128.28,-128.28,0,0,
09/22/2026,08:44:51:863,0.000000,0.000000,1,-58.99,-58.99,0,0,
09/22/2026,08:44:51:922,0.000000,0.000000,3,-128.18,-128.18,0,0,
09/22/2026,08:44:52:047,0.000000,0.000000,2,-126.94,-126.94,0,0,
09/22/2026,08:44:52:094,0.000000,0.000000,4,-128.75,-128.75,0,0,
09/22/2026,08:44:52:130,0.000000,0.000000,1,-66.23,-66.23,0,0,
09/22/2026,08:44:52:183,0.000000,0.000000,3,-129.63,-129.63,0,0,
09/22/2026,08:44:52:323,0.000000,0.000000,2,-126.66,-126.66,0,0,
09/22/2026,08:44:52:378,0.000000,0.000000,4,-126.2,-126.2,0,0,
09/22/2026,08:44:52:421,0.000000,0.000000,1,-65.35,-65.35,0,0,
09/22/2026,08:44:52:460,0.000000,0.000000,3,-127.73,-127.73,0,0,
09/22/2026,08:44:52:615,0.000000,0.000000,2,-127.85,-127.85,0,0,
09/22/2026,08:44:52:662,0.000000,0.000000,4,-127.05,-127.05,0,0,
09/22/2026,08:44:52:701,0.000000,0.000000,1,-63.87,-63.87,0,0,
09/22/2026,08:44:52:747,0.000000,0.000000,3,-128.19,-128.19,0,0,
09/22/2026,08:44:52:908,0.000000,0.000000,2,-128.45,-128.45,0,0,
09/22/2026,08:44:52:932,0.000000,0.000000,4,-127.77,-127.77,0,0,
09/22/2026,08:44:52:969,0.000000,0.000000,1,-67.22,-67.22,0,0,
09/22/2026,08:44:53:025,0.000000,0.000000,3,-129.88,-129.88,0,0,
09/22/2026,08:44:53:160,0.000000,0.000000,2,-129.42,-129.42,0,0,
09/22/2026,08:44:53:214,0.000000,0.000000,4,-127.43,-127.43,0,0,
09/22/2026,08:44:53:244,0.000000,0.000000,1,-66.15,-66.15,0,0,
09/22/2026,08:44:53:298,0.000000,0.000000,3,-128.02,-128.02,0,0,
09/22/2026,08:44:53:447,0.000000,0.000000,2,-127.91,-127.91,0,0,
09/22/2026,08:44:53:489,0.000000,0.000000,4,-128.7,-128.7,0,0,
09/22/2026,08:44:53:527,0.000000,0.000000,1,-67.61,-67.61,0,0,
09/22/2026,08:44:53:591,0.000000,0.000000,3,-127.38,-127.38,0,0,
09/22/2026,08:44:53:718,0.000000,0.000000,2,-128.12,-128.12,0,0,
09/22/2026,08:44:53:776,0.000000,0.000000,4,-129.12,-129.12,0,0,
09/22/2026,08:44:53:804,0.000000,0.000000,1,-71,-71,0,0,
09/22/2026,08:44:53:872,0.000000,0.000000,3,-126.36,-126.36,0,0,
09/22/2026,08:44:53:997,0.000000,0.000000,2,-127.55,-127.55,0,0,
09/22/2026,08:44:54:046,0.000000,0.000000,4,-126.72,-126.72,0,0,
09/22/2026,08:44:54:085,0.000000,0.000000,1,-69,-69,0,0,
09/22/2026,08:44:54:137,0.000000,0.000000,3,-128.14,-128.14,0,0,
09/22/2026,08:44:54:274,0.000000,0.000000,2,-128.82,-128.82,0,0,
09/22/2026,08:44:54:337,0.000000,0.000000,4,-127.99,-127.99,0,0,
09/22/2026,08:44:54:383,0.000000,0.000000,1,-77.14,-77.14,0,0,
09/22/2026,08:44:54:412,0.000000,0.000000,3,-127.88,-127.88,0,0,
09/22/2026,08:44:54:564,0.000000,0.000000,2,-127.81,-127.81,0,0,
09/22/2026,08:44:54:603,0.000000,0.000000,4,-126.71,-126.71,0,0,
09/22/2026,08:44:54:642,0.000000,0.000000,1,-72.74,-72.74,0,0,
09/22/2026,08:44:54:717,0.000000,0.000000,3,-129.37,-129.37,0,0,
09/22/2026,08:44:54:834,0.000000,0.000000,2,-128.38,-128.38,0,0,
09/22/2026,08:44:54:888,0.000000,0.000000,4,-127.11,-127.11,0,0,
09/22/2026,08:44:54:917,0.000000,0.000000,1,-77.81,-77.81,0,0,
09/22/2026,08:44:54:978,0.000000,0.000000,3,-126.87,-126.87,0,0,
09/22/2026,08:44:55:156,0.000000,0.000000,2,-126.9,-126.9,0,0,
09/22/2026,08:44:55:165,0.000000,0.000000,4,-126.87,-126.87,0,0,
09/22/2026,08:44:55:202,0.000000,0.000000,1,-72.23,-72.23,0,0,
09/22/2026,08:44:55:272,0.000000,0.000000,3,-127.13,-127.13,0,0,
09/22/2026,08:44:55:388,0.000000,0.000000,2,-127.97,-127.97,0,0,
09/22/2026,08:44:55:444,0.000000,0.000000,4,-126.04,-126.04,0,0,
09/22/2026,08:44:55:502,0.000000,0.000000,1,-84.32,-84.32,0,0,
09/22/2026,08:44:55:530,0.000000,0.000000,3,-127.95,-127.95,0,0,
09/22/2026,08:44:55:676,0.000000,0.000000,2,-129.45,-129.45,0,0,
09/22/2026,08:44:55:720,0.000000,0.000000,4,-127.81,-127.81,0,0,
09/22/2026,08:44:55:754,0.000000,0.000000,1,-75.81,-75.81,0,0,
09/22/2026,08:44:55:815,0.000000,0.000000,3,-128.25,-128.25,0,0,
09/22/2026,08:44:55:953,0.000000,0.000000,2,-127.57,-127.57,0,0,
09/22/2026,08:44:56:002,0.000000,0.000000,4,-126.86,-126.86,0,0,
09/22/2026,08:44:56:032,0.000000,0.000000,1,-71.61,-71.61,0,0,
09/22/2026,08:44:56:094,0.000000,0.000000,3,-129.29,-129.29,0,0,
09/22/2026,08:44:56:237,0.000000,0.000000,2,-129.37,-129.37,0,0,
09/22/2026,08:44:56:295,0.000000,0.000000,4,-126.94,-126.94,0,0,
09/22/2026,08:44:56:316,0.000000,0.000000,1,-78.57,-78.57,0,0,
09/22/2026,08:44:56:401,0.000000,0.000000,3,-128.51,-128.51,0,0,
09/22/2026,08:44:56:533,0.000000,0.000000,2,-129.02,-129.02,0,0,
09/22/2026,08:44:56:569,0.000000,0.000000,4,-128.13,-128.13,0,0,
09/22/2026,08:44:56:665,0.000000,0.000000,1,-71.65,-71.65,0,0,
09/22/2026,08:44:56:728,0.000000,0.000000,3,-127.01,-127.01,0,0,
09/22/2026,08:44:58:012,0.000000,0.000000,2,-128.62,-128.62,0,0,
09/22/2026,08:44:58:027,0.000000,0.000000,4,-127.27,-127.27,0,0,
09/22/2026,08:44:58:034,0.000000,0.000000,1,-84.95,-84.95,0,0,
09/22/2026,08:44:58:064,0.000000,0.000000,3,-128.37,-128.37,0,0,
09/22/2026,08:44:58:105,0.000000,0.000000,2,-127.66,-127.66,0,0,
09/22/2026,08:44:58:120,0.000000,0.000000,4,-127.62,-127.62,0,0,
09/22/2026,08:44:58:128,0.000000,0.000000,1,-74.12,-74.12,0,0,
09/22/2026,08:44:58:140,0.000000,0.000000,3,-129.07,-129.07,0,0,
09/22/2026,08:44:58:205,0.000000,0.000000,2,-127.05,-127.05,0,0,
09/22/2026,08:44:58:220,0.000000,0.000000,4,-127.87,-127.87,0,0,
09/22/2026,08:44:58:231,0.000000,0.000000,1,-76.28,-76.28,0,0,
09/22/2026,08:44:58:251,0.000000,0.000000,3,-128.05,-128.05,0,0,
09/22/2026,08:44:58:297,0.000000,0.000000,2,-128.85,-128.85,0,0,
09/22/2026,08:44:58:309,0.000000,0.000000,4,-128.68,-128.68,0,0,
09/22/2026,08:44:58:324,0.000000,0.000000,1,-76.54,-76.54,0,0,
09/22/2026,08:44:58:346,0.000000,0.000000,3,-129.31,-129.31,0,0,
09/22/2026,08:44:58:440,0.000000,0.000000,2,-127.87,-127.87,0,0,
09/22/2026,08:44:58:481,0.000000,0.000000,4,-126.94,-126.94,0,0,
09/22/2026,08:44:58:515,0.000000,0.000000,1,-77.42,-77.42,0,0,
09/22/2026,08:44:58:556,0.000000,0.000000,3,-127.31,-127.31,0,0,
09/22/2026,08:44:58:639,0.000000,0.000000,2,-129.84,-129.84,0,0,
09/22/2026,08:44:58:699,0.000000,0.000000,4,-129.23,-129.23,0,0,
09/22/2026,08:44:58:740,0.000000,0.000000,1,-74.08,-74.08,0,0,
09/22/2026,08:44:58:775,0.000000,0.000000,3,-128.09,-128.09,0,0,
09/22/2026,08:44:58:811,0.000000,0.000000,2,-128.01,-128.01,0,0,
09/22/2026,08:44:58:825,0.000000,0.000000,4,-128.56,-128.56,0,0,
09/22/2026,08:44:58:852,0.000000,0.000000,1,-77.27,-77.27,0,0,
09/22/2026,08:44:58:866,0.000000,0.000000,3,-127.65,-127.65,0,0,
09/22/2026,08:44:58:956,0.000000,0.000000,2,-127.14,-127.14,0,0,
09/22/2026,08:44:58:982,0.000000,0.000000,4,-126.26,-126.26,0,0,
09/22/2026,08:44:58:994,0.000000,0.000000,1,-78.9,-78.9,0,0,
09/22/2026,08:44:59:012,0.000000,0.000000,3,-128.46,-128.46,0,0,
09/22/2026,08:44:59:086,0.000000,0.000000,2,-126.94,-126.94,0,0,
09/22/2026,08:44:59:104,0.000000,0.000000,4,-128.25,-128.25,0,0,
09/22/2026,08:44:59:116,0.000000,0.000000,1,-77.64,-77.64,0,0,
09/22/2026,08:44:59:153,0.000000,0.000000,3,-128.15,-128.15,0,0,
09/22/2026,08:44:59:305,0.000000,0.000000,2,-126.75,-126.75,0,0,
09/22/2026,08:44:59:347,0.000000,0.000000,4,-127.35,-127.35,0,0,
09/22/2026,08:44:59:379,0.000000,0.000000,1,-71.62,-71.62,0,0,
09/22/2026,08:44:59:433,0.000000,0.000000,3,-128.67,-128.67,0,0,
09/22/2026,08:44:59:571,0.000000,0.000000,2,-127.02,-127.02,0,0,
09/22/2026,08:44:59:623,0.000000,0.000000,4,-128.21,-128.21,0,0,
09/22/2026,08:44:59:656,0.000000,0.000000,1,-79.94,-79.94,0,0,
09/22/2026,08:44:59:729,0.000000,0.000000,3,-129.19,-129.19,0,0,
09/22/2026,08:44:59:849,0.000000,0.000000,2,-128.41,-128.41,0,0,
09/22/2026,08:44:59:903,0.000000,0.000000,4,-127.1,-127.1,0,0,
09/22/2026,08:44:59:943,0.000000,0.000000,1,-72.44,-72.44,0,0,
09/22/2026,08:44:59:994,0.000000,0.000000,3,-129.64,-129.64,0,0,
09/22/2026,08:45:00:132,0.000000,0.000000,2,-128.45,-128.45,0,0,
09/22/2026,08:45:00:196,0.000000,0.000000,4,-126.94,-126.94,0,0,
09/22/2026,08:45:00:254,0.000000,0.000000,1,-78.5,-78.5,0,0,
09/22/2026,08:45:00:293,0.000000,0.000000,3,-129.16,-129.16,0,0,
09/22/2026,08:45:00:429,0.000000,0.000000,2,-129.17,-129.17,0,0,
09/22/2026,08:45:00:471,0.000000,0.000000,4,-127.42,-127.42,0,0,
09/22/2026,08:45:00:509,0.000000,0.000000,1,-73.42,-73.42,0,0,
09/22/2026,08:45:00:588,0.000000,0.000000,3,-128.47,-128.47,0,0,
09/22/2026,08:45:00:710,0.000000,0.000000,2,-127.2,-127.2,0,0,
09/22/2026,08:45:00:742,0.000000,0.000000,4,-129.6,-129.6,0,0,
09/22/2026,08:45:00:785,0.000000,0.000000,1,-77.71,-77.71,0,0,
09/22/2026,08:45:00:828,0.000000,0.000000,3,-127.47,-127.47,0,0,
09/22/2026,08:45:00:966,0.000000,0.000000,2,-127.22,-127.22,0,0,
09/22/2026,08:45:01:019,0.000000,0.000000,4,-127.85,-127.85,0,0,
09/22/2026,08:45:01:076,0.000000,0.000000,1,-74.04,-74.04,0,0,
09/22/2026,08:45:01:108,0.000000,0.000000,3,-128.2,-128.2,0,0,
09/22/2026,08:45:01:253,0.000000,0.000000,2,-127.78,-127.78,0,0,
09/22/2026,08:45:01:297,0.000000,0.000000,4,-129.66,-129.66,0,0,
09/22/2026,08:45:01:334,0.000000,0.000000,1,-74.73,-74.73,0,0,
09/22/2026,08:45:01:383,0.000000,0.000000,3,-128.95,-128.95,0,0,
09/22/2026,08:45:01:522,0.000000,0.000000,2,-125.27,-125.27,0,0,
09/22/2026,08:45:01:584,0.000000,0.000000,4,-129.23,-129.23,0,0,
09/22/2026,08:45:01:627,0.000000,0.000000,1,-68.02,-68.02,0,0,
09/22/2026,08:45:01:669,0.000000,0.000000,3,-127.86,-127.86,0,0,
09/22/2026,08:45:01:801,0.000000,0.000000,2,-129.51,-129.51,0,0,
09/22/2026,08:45:01:880,0.000000,0.000000,4,-129.08,-129.08,0,0,
09/22/2026,08:45:01:914,0.000000,0.000000,1,-65,-65,0,0,
09/22/2026,08:45:01:954,0.000000,0.000000,3,-125.54,-125.54,0,0,
09/22/2026,08:45:02:098,0.000000,0.000000,2,-128.54,-128.54,0,0,
09/22/2026,08:45:02:148,0.000000,0.000000,4,-127.55,-127.55,0,0,
09/22/2026,08:45:02:176,0.000000,0.000000,1,-67.6,-67.6,0,0,
09/22/2026,08:45:02:225,0.000000,0.000000,3,-127.53,-127.53,0,0,
09/22/2026,08:45:02:359,0.000000,0.000000,2,-128.01,-128.01,0,0,
09/22/2026,08:45:02:428,0.000000,0.000000,4,-126.48,-126.48,0,0,
09/22/2026,08:45:02:456,0.000000,0.000000,1,-67.72,-67.72,0,0,
09/22/2026,08:45:02:507,0.000000,0.000000,3,-128.16,-128.16,0,0,
09/22/2026,08:45:02:640,0.000000,0.000000,2,-127.91,-127.91,0,0,
09/22/2026,08:45:02:691,0.000000,0.000000,4,-127.66,-127.66,0,0,
09/22/2026,08:45:02:733,0.000000,0.000000,1,-74.48,-74.48,0,0,
09/22/2026,08:45:02:812,0.000000,0.000000,3,-129.32,-129.32,0,0,
09/22/2026,08:45:02:923,0.000000,0.000000,2,-128.64,-128.64,0,0,
09/22/2026,08:45:02:988,0.000000,0.000000,4,-128.02,-128.02,0,0,
09/22/2026,08:45:03:007,0.000000,0.000000,1,-78.84,-78.84,0,0,
09/22/2026,08:45:03:458,0.000000,0.000000,3,-128.06,-128.06,0,0,
09/22/2026,08:45:03:494,0.000000,0.000000,2,-129.74,-129.74,0,0,
09/22/2026,08:45:03:506,0.000000,0.000000,4,-127.54,-127.54,0,0,
09/22/2026,08:45:03:511,0.000000,0.000000,1,-75.47,-75.47,0,0,
09/22/2026,08:45:03:560,0.000000,0.000000,3,-127.66,-127.66,0,0,
09/22/2026,08:45:03:627,0.000000,0.000000,2,-129.45,-129.45,0,0,
09/22/2026,08:45:03:648,0.000000,0.000000,4,-128.34,-128.34,0,0,
09/22/2026,08:45:03:659,0.000000,0.000000,1,-74.19,-74.19,0,0,
09/22/2026,08:45:03:671,0.000000,0.000000,3,-127.98,-127.98,0,0,
09/22/2026,08:45:03:775,0.000000,0.000000,2,-127.77,-127.77,0,0,
09/22/2026,08:45:03:829,0.000000,0.000000,4,-126.38,-126.38,0,0,
09/22/2026,08:45:03:864,0.000000,0.000000,1,-72.57,-72.57,0,0,
09/22/2026,08:45:03:907,0.000000,0.000000,3,-128.39,-128.39,0,0,
09/22/2026,08:45:04:032,0.000000,0.000000,2,-128.51,-128.51,0,0,
09/22/2026,08:45:04:104,0.000000,0.000000,4,-128.19,-128.19,0,0,
09/22/2026,08:45:04:128,0.000000,0.000000,1,-75.48,-75.48,0,0,
09/22/2026,08:45:04:175,0.000000,0.000000,3,-126.68,-126.68,0,0,
09/22/2026,08:45:04:322,0.000000,0.000000,2,-128.39,-128.39,0,0,
09/22/2026,08:45:04:363,0.000000,0.000000,4,-126.94,-126.94,0,0,
09/22/2026,08:45:04:397,0.000000,0.000000,1,-67.95,-67.95,0,0,
09/22/2026,08:45:04:455,0.000000,0.000000,3,-127.26,-127.26,0,0,
09/22/2026,08:45:04:596,0.000000,0.000000,2,-127.57,-127.57,0,0,
09/22/2026,08:45:04:645,0.000000,0.000000,4,-127.28,-127.28,0,0,
09/22/2026,08:45:04:679,0.000000,0.000000,1,-76.38,-76.38,0,0,
09/22/2026,08:45:04:733,0.000000,0.000000,3,-129.75,-129.75,0,0,
09/22/2026,08:45:04:870,0.000000,0.000000,2,-127.49,-127.49,0,0,
09/22/2026,08:45:04:920,0.000000,0.000000,4,-126.26,-126.26,0,0,
09/22/2026,08:45:04:963,0.000000,0.000000,1,-69.79,-69.79,0,0,
09/22/2026,08:45:05:020,0.000000,0.000000,3,-127.65,-127.65,0,0,
09/22/2026,08:45:05:151,0.000000,0.000000,2,-129.49,-129.49,0,0,
09/22/2026,08:45:05:203,0.000000,0.000000,4,-126.45,-126.45,0,0,
09/22/2026,08:45:05:242,0.000000,0.000000,1,-75.37,-75.37,0,0,
09/22/2026,08:45:05:294,0.000000,0.000000,3,-127.82,-127.82,0,0,
09/22/2026,08:45:05:429,0.000000,0.000000,2,-127.72,-127.72,0,0,
09/22/2026,08:45:05:487,0.000000,0.000000,4,-127.89,-127.89,0,0,
09/22/2026,08:45:05:513,0.000000,0.000000,1,-80.08,-80.08,0,0,
09/22/2026,08:45:05:567,0.000000,0.000000,3,-127.92,-127.92,0,0,
09/22/2026,08:45:05:709,0.000000,0.000000,2,-128.47,-128.47,0,0,
09/22/2026,08:45:05:757,0.000000,0.000000,4,-128.36,-128.36,0,0,
09/22/2026,08:45:05:792,0.000000,0.000000,1,-81.77,-81.77,0,0,
09/22/2026,08:45:05:866,0.000000,0.000000,3,-126.76,-126.76,0,0,
09/22/2026,08:45:05:998,0.000000,0.000000,2,-128.56,-128.56,0,0,
09/22/2026,08:45:06:039,0.000000,0.000000,4,-127.07,-127.07,0,0,
09/22/2026,08:45:06:080,0.000000,0.000000,1,-78.28,-78.28,0,0,
09/22/2026,08:45:06:151,0.000000,0.000000,3,-128.06,-128.06,0,0,
09/22/2026,08:45:06:264,0.000000,0.000000,2,-128.71,-128.71,0,0,
09/22/2026,08:45:06:314,0.000000,0.000000,4,-127.47,-127.47,0,0,
09/22/2026,08:45:06:369,0.000000,0.000000,1,-76.34,-76.34,0,0,
09/22/2026,08:45:06:402,0.000000,0.000000,3,-127.62,-127.62,0,0,
09/22/2026,08:45:06:542,0.000000,0.000000,2,-127.83,-127.83,0,0,
09/22/2026,08:45:06:593,0.000000,0.000000,4,-127.18,-127.18,0,0,
09/22/2026,08:45:06:661,0.000000,0.000000,1,-77.38,-77.38,0,0,
09/22/2026,08:45:06:693,0.000000,0.000000,3,-129.33,-129.33,0,0,
09/22/2026,08:45:06:824,0.000000,0.000000,2,-126.9,-126.9,0,0,
09/22/2026,08:45:06:899,0.000000,0.000000,4,-127.92,-127.92,0,0,
09/22/2026,08:45:06:914,0.000000,0.000000,1,-72.78,-72.78,0,0,
09/22/2026,08:45:06:960,0.000000,0.000000,3,-126.72,-126.72,0,0,
09/22/2026,08:45:07:103,0.000000,0.000000,2,-128.28,-128.28,0,0,
09/22/2026,08:45:07:152,0.000000,0.000000,4,-128.41,-128.41,0,0,
09/22/2026,08:45:07:194,0.000000,0.000000,1,-71.16,-71.16,0,0,
09/22/2026,08:45:07:248,0.000000,0.000000,3,-127.64,-127.64,0,0,
09/22/2026,08:45:07:384,0.000000,0.000000,2,-126.93,-126.93,0,0,
09/22/2026,08:45:07:429,0.000000,0.000000,4,-127.08,-127.08,0,0,
09/22/2026,08:45:07:472,0.000000,0.000000,1,-74.69,-74.69,0,0,
09/22/2026,08:45:07:519,0.000000,0.000000,3,-127.67,-127.67,0,0,
09/22/2026,08:45:07:671,0.000000,0.000000,2,-129.07,-129.07,0,0,
09/22/2026,08:45:07:714,0.000000,0.000000,4,-129.06,-129.06,0,0,
09/22/2026,08:45:07:763,0.000000,0.000000,1,-75.49,-75.49,0,0,
09/22/2026,08:45:07:801,0.000000,0.000000,3,-126.97,-126.97,0,0,
09/22/2026,08:45:07:944,0.000000,0.000000,2,-129.62,-129.62,0,0,
09/22/2026,08:45:08:002,0.000000,0.000000,4,-125.69,-125.69,0,0,
09/22/2026,08:45:08:032,0.000000,0.000000,1,-81.7,-81.7,0,0,
09/22/2026,08:45:08:088,0.000000,0.000000,3,-129.25,-129.25,0,0,
09/22/2026,08:45:08:216,0.000000,0.000000,2,-128.91,-128.91,0,0,
09/22/2026,08:45:08:269,0.000000,0.000000,4,-127.76,-127.76,0,0,
09/22/2026,08:45:08:299,0.000000,0.000000,1,-78.21,-78.21,0,0,
09/22/2026,08:45:08:361,0.000000,0.000000,3,-127.85,-127.85,0,0,
09/22/2026,08:45:08:939,0.000000,0.000000,2,-128.37,-128.37,0,0,
09/22/2026,08:45:08:961,0.000000,0.000000,4,-127.76,-127.76,0,0,
09/22/2026,08:45:08:969,0.000000,0.000000,1,-71.47,-71.47,0,0,
09/22/2026,08:45:08:994,0.000000,0.000000,3,-127.67,-127.67,0,0,
09/22/2026,08:45:09:058,0.000000,0.000000,2,-128.98,-128.98,0,0,
09/22/2026,08:45:09:077,0.000000,0.000000,4,-127.49,-127.49,0,0,
09/22/2026,08:45:09:087,0.000000,0.000000,1,-76.99,-76.99,0,0,
09/22/2026,08:45:09:105,0.000000,0.000000,3,-128.77,-128.77,0,0,
09/22/2026,08:45:09:199,0.000000,0.000000,2,-126.65,-126.65,0,0,
09/22/2026,08:45:09:213,0.000000,0.000000,4,-125.82,-125.82,0,0,
09/22/2026,08:45:09:223,0.000000,0.000000,1,-77.81,-77.81,0,0,
09/22/2026,08:45:09:238,0.000000,0.000000,3,-127.84,-127.84,0,0,
09/22/2026,08:45:09:341,0.000000,0.000000,2,-127.75,-127.75,0,0,
09/22/2026,08:45:09:391,0.000000,0.000000,4,-128.7,-128.7,0,0,
09/22/2026,08:45:09:506,0.000000,0.000000,1,-71.06,-71.06,0,0,
09/22/2026,08:45:09:519,0.000000,0.000000,3,-128.36,-128.36,0,0,
09/22/2026,08:45:09:721,0.000000,0.000000,2,-128.53,-128.53,0,0,
09/22/2026,08:45:09:731,0.000000,0.000000,4,-128.4,-128.4,0,0,
09/22/2026,08:45:09:747,0.000000,0.000000,1,-70.98,-70.98,0,0,
09/22/2026,08:45:09:765,0.000000,0.000000,3,-127.84,-127.84,0,0,
09/22/2026,08:45:09:885,0.000000,0.000000,2,-129.6,-129.6,0,0,
09/22/2026,08:45:09:939,0.000000,0.000000,4,-127.38,-127.38,0,0,
09/22/2026,08:45:09:976,0.000000,0.000000,1,-71.67,-71.67,0,0,
09/22/2026,08:45:10:031,0.000000,0.000000,3,-128,-128,0,0,
09/22/2026,08:45:10:182,0.000000,0.000000,2,-127.3,-127.3,0,0,
09/22/2026,08:45:10:219,0.000000,0.000000,4,-126.7,-126.7,0,0,
09/22/2026,08:45:10:257,0.000000,0.000000,1,-69.67,-69.67,0,0,
09/22/2026,08:45:10:311,0.000000,0.000000,3,-129.3,-129.3,0,0,
09/22/2026,08:45:10:490,0.000000,0.000000,2,-128.01,-128.01,0,0,
09/22/2026,08:45:10:506,0.000000,0.000000,4,-127.59,-127.59,0,0,
09/22/2026,08:45:10:536,0.000000,0.000000,1,-72.35,-72.35,0,0,
09/22/2026,08:45:10:592,0.000000,0.000000,3,-129.09,-129.09,0,0,
09/22/2026,08:45:10:722,0.000000,0.000000,2,-128.81,-128.81,0,0,
09/22/2026,08:45:10:790,0.000000,0.000000,4,-127.66,-127.66,0,0,
09/22/2026,08:45:10:812,0.000000,0.000000,1,-72.47,-72.47,0,0,
09/22/2026,08:45:10:868,0.000000,0.000000,3,-128.51,-128.51,0,0,
09/22/2026,08:45:11:006,0.000000,0.000000,2,-128.54,-128.54,0,0,
09/22/2026,08:45:11:086,0.000000,0.000000,4,-128.48,-128.48,0,0,
09/22/2026,08:45:11:093,0.000000,0.000000,1,-72.89,-72.89,0,0,
09/22/2026,08:45:11:145,0.000000,0.000000,3,-127.52,-127.52,0,0,
09/22/2026,08:45:11:313,0.000000,0.000000,2,-128.01,-128.01,0,0,
09/22/2026,08:45:11:370,0.000000,0.000000,4,-128,-128,0,0,
09/22/2026,08:45:11:402,0.000000,0.000000,1,-69,-69,0,0,
09/22/2026,08:45:11:450,0.000000,0.000000,3,-127.2,-127.2,0,0,
09/22/2026,08:45:11:594,0.000000,0.000000,2,-128.08,-128.08,0,0,
09/22/2026,08:45:11:632,0.000000,0.000000,4,-127.91,-127.91,0,0,
09/22/2026,08:45:11:646,0.000000,0.000000,1,-66.99,-66.99,0,0,
09/22/2026,08:45:11:707,0.000000,0.000000,3,-129.4,-129.4,0,0,
09/22/2026,08:45:11:849,0.000000,0.000000,2,-128.69,-128.69,0,0,
09/22/2026,08:45:11:894,0.000000,0.000000,4,-125.82,-125.82,0,0,
09/22/2026,08:45:11:927,0.000000,0.000000,1,-72.84,-72.84,0,0,
09/22/2026,08:45:11:998,0.000000,0.000000,3,-127.8,-127.8,0,0,
09/22/2026,08:45:12:126,0.000000,0.000000,2,-128.95,-128.95,0,0,
09/22/2026,08:45:12:172,0.000000,0.000000,4,-124.94,-124.94,0,0,
09/22/2026,08:45:12:209,0.000000,0.000000,1,-72.07,-72.07,0,0,
09/22/2026,08:45:12:262,0.000000,0.000000,3,-127.1,-127.1,0,0,
09/22/2026,08:45:12:397,0.000000,0.000000,2,-126.75,-126.75,0,0,
09/22/2026,08:45:12:448,0.000000,0.000000,4,-126.96,-126.96,0,0,
09/22/2026,08:45:12:482,0.000000,0.000000,1,-71.23,-71.23,0,0,
09/22/2026,08:45:12:535,0.000000,0.000000,3,-128.28,-128.28,0,0,
09/22/2026,08:45:12:679,0.000000,0.000000,2,-128.01,-128.01,0,0,
09/22/2026,08:45:12:726,0.000000,0.000000,4,-127.75,-127.75,0,0,
09/22/2026,08:45:12:781,0.000000,0.000000,1,-70.99,-70.99,0,0,
09/22/2026,08:45:12:818,0.000000,0.000000,3,-128.3,-128.3,0,0,
09/22/2026,08:45:12:961,0.000000,0.000000,2,-127.25,-127.25,0,0,
09/22/2026,08:45:13:026,0.000000,0.000000,4,-128.57,-128.57,0,0,
09/22/2026,08:45:13:041,0.000000,0.000000,1,-67.47,-67.47,0,0,
09/22/2026,08:45:13:094,0.000000,0.000000,3,-128.08,-128.08,0,0,
09/22/2026,08:45:13:263,0.000000,0.000000,2,-127.6,-127.6,0,0,
09/22/2026,08:45:13:316,0.000000,0.000000,4,-127.91,-127.91,0,0,
09/22/2026,08:45:13:354,0.000000,0.000000,1,-71.87,-71.87,0,0,
09/22/2026,08:45:13:426,0.000000,0.000000,3,-128.02,-128.02,0,0,
09/22/2026,08:45:13:511,0.000000,0.000000,2,-127.84,-127.84,0,0,
09/22/2026,08:45:13:570,0.000000,0.000000,4,-127.99,-127.99,0,0,
09/22/2026,08:45:13:599,0.000000,0.000000,1,-70.61,-70.61,0,0,
09/22/2026,08:45:13:654,0.000000,0.000000,3,-127.85,-127.85,0,0,
09/22/2026,08:45:13:799,0.000000,0.000000,2,-127.54,-127.54,0,0,
09/22/2026,08:45:13:859,0.000000,0.000000,4,-128.9,-128.9,0,0,
09/22/2026,08:45:13:885,0.000000,0.000000,1,-76.01,-76.01,0,0,
09/22/2026,08:45:13:947,0.000000,0.000000,3,-128.36,-128.36,0,0,
09/22/2026,08:45:14:437,0.000000,0.000000,2,-127.49,-127.49,0,0,
09/22/2026,08:45:14:466,0.000000,0.000000,4,-126.87,-126.87,0,0,
09/22/2026,08:45:14:473,0.000000,0.000000,1,-77.38,-77.38,0,0,
09/22/2026,08:45:14:491,0.000000,0.000000,3,-127.98,-127.98,0,0,
09/22/2026,08:45:14:580,0.000000,0.000000,2,-127.4,-127.4,0,0,
09/22/2026,08:45:14:615,0.000000,0.000000,4,-126.3,-126.3,0,0,
09/22/2026,08:45:14:626,0.000000,0.000000,1,-69.5,-69.5,0,0,
09/22/2026,08:45:14:656,0.000000,0.000000,3,-125.69,-125.69,0,0,
09/22/2026,08:45:14:727,0.000000,0.000000,2,-126.81,-126.81,0,0,
09/22/2026,08:45:14:738,0.000000,0.000000,4,-128.22,-128.22,0,0,
09/22/2026,08:45:14:758,0.000000,0.000000,1,-70.74,-70.74,0,0,
09/22/2026,08:45:14:789,0.000000,0.000000,3,-126.97,-126.97,0,0,
09/22/2026,08:45:14:911,0.000000,0.000000,2,-127.97,-127.97,0,0,
09/22/2026,08:45:14:987,0.000000,0.000000,4,-128.24,-128.24,0,0,
09/22/2026,08:45:15:023,0.000000,0.000000,1,-71.59,-71.59,0,0,
09/22/2026,08:45:15:076,0.000000,0.000000,3,-129.41,-129.41,0,0,
09/22/2026,08:45:15:198,0.000000,0.000000,2,-127.88,-127.88,0,0,
09/22/2026,08:45:15:241,0.000000,0.000000,4,-127.91,-127.91,0,0,
09/22/2026,08:45:15:271,0.000000,0.000000,1,-69.43,-69.43,0,0,
09/22/2026,08:45:15:336,0.000000,0.000000,3,-129.81,-129.81,0,0,
09/22/2026,08:45:15:470,0.000000,0.000000,2,-128.01,-128.01,0,0,
09/22/2026,08:45:15:516,0.000000,0.000000,4,-128.79,-128.79,0,0,
09/22/2026,08:45:15:564,0.000000,0.000000,1,-75.44,-75.44,0,0,
09/22/2026,08:45:15:606,0.000000,0.000000,3,-127.88,-127.88,0,0,
09/22/2026,08:45:15:751,0.000000,0.000000,2,-126.83,-126.83,0,0,
09/22/2026,08:45:15:800,0.000000,0.000000,4,-127.43,-127.43,0,0,
09/22/2026,08:45:15:843,0.000000,0.000000,1,-70.87,-70.87,0,0,
09/22/2026,08:45:15:882,0.000000,0.000000,3,-127.12,-127.12,0,0,
09/22/2026,08:45:16:030,0.000000,0.000000,2,-128.64,-128.64,0,0,
09/22/2026,08:45:16:072,0.000000,0.000000,4,-128.05,-128.05,0,0,
09/22/2026,08:45:16:133,0.000000,0.000000,1,-74.84,-74.84,0,0,
09/22/2026,08:45:16:166,0.000000,0.000000,3,-128.56,-128.56,0,0,
09/22/2026,08:45:16:315,0.000000,0.000000,2,-128.5,-128.5,0,0,
09/22/2026,08:45:16:365,0.000000,0.000000,4,-127.46,-127.46,0,0,
09/22/2026,08:45:16:386,0.000000,0.000000,1,-72.32,-72.32,0,0,
09/22/2026,08:45:16:442,0.000000,0.000000,3,-128.83,-128.83,0,0,
09/22/2026,08:45:16:590,0.000000,0.000000,2,-127.27,-127.27,0,0,
09/22/2026,08:45:16:633,0.000000,0.000000,4,-127.77,-127.77,0,0,
09/22/2026,08:45:16:664,0.000000,0.000000,1,-75.98,-75.98,0,0,
09/22/2026,08:45:16:721,0.000000,0.000000,3,-128.45,-128.45,0,0,
09/22/2026,08:45:16:889,0.000000,0.000000,2,-126.19,-126.19,0,0,
09/22/2026,08:45:17:003,0.000000,0.000000,4,-126.58,-126.58,0,0,
09/22/2026,08:45:17:006,0.000000,0.000000,1,-69.06,-69.06,0,0,
09/22/2026,08:45:17:041,0.000000,0.000000,3,-128.03,-128.03,0,0,
09/22/2026,08:45:17:135,0.000000,0.000000,2,-128.31,-128.31,0,0,
09/22/2026,08:45:17:202,0.000000,0.000000,4,-127.79,-127.79,0,0,
09/22/2026,08:45:17:259,0.000000,0.000000,1,-67.36,-67.36,0,0,
09/22/2026,08:45:17:282,0.000000,0.000000,3,-130,-130,0,0,
09/22/2026,08:45:17:416,0.000000,0.000000,2,-129.92,-129.92,0,0,
09/22/2026,08:45:17:475,0.000000,0.000000,4,-127.67,-127.67,0,0,
09/22/2026,08:45:17:519,0.000000,0.000000,1,-66.97,-66.97,0,0,
09/22/2026,08:45:17:564,0.000000,0.000000,3,-127.14,-127.14,0,0,
09/22/2026,08:45:17:694,0.000000,0.000000,2,-126.99,-126.99,0,0,
09/22/2026,08:45:17:755,0.000000,0.000000,4,-125.78,-125.78,0,0,
09/22/2026,08:45:17:783,0.000000,0.000000,1,-67.94,-67.94,0,0,
09/22/2026,08:45:17:835,0.000000,0.000000,3,-128.39,-128.39,0,0,
09/22/2026,08:45:17:972,0.000000,0.000000,2,-127.24,-127.24,0,0,
09/22/2026,08:45:18:033,0.000000,0.000000,4,-128.85,-128.85,0,0,
09/22/2026,08:45:18:067,0.000000,0.000000,1,-67.11,-67.11,0,0,
09/22/2026,08:45:18:120,0.000000,0.000000,3,-128.41,-128.41,0,0,
09/22/2026,08:45:18:269,0.000000,0.000000,2,-126.09,-126.09,0,0,
09/22/2026,08:45:18:307,0.000000,0.000000,4,-128.31,-128.31,0,0,
09/22/2026,08:45:18:342,0.000000,0.000000,1,-69.8,-69.8,0,0,
09/22/2026,08:45:18:431,0.000000,0.000000,3,-128.79,-128.79,0,0,
09/22/2026,08:45:18:545,0.000000,0.000000,2,-128.37,-128.37,0,0,
09/22/2026,08:45:18:598,0.000000,0.000000,4,-127.32,-127.32,0,0,
09/22/2026,08:45:18:637,0.000000,0.000000,1,-72.68,-72.68,0,0,
09/22/2026,08:45:18:689,0.000000,0.000000,3,-127.88,-127.88,0,0,
09/22/2026,08:45:18:820,0.000000,0.000000,2,-127.59,-127.59,0,0,
09/22/2026,08:45:18:898,0.000000,0.000000,4,-125.85,-125.85,0,0,
09/22/2026,08:45:18:918,0.000000,0.000000,1,-70.39,-70.39,0,0,
09/22/2026,08:45:18:956,0.000000,0.000000,3,-128.87,-128.87,0,0,
09/22/2026,08:45:19:107,0.000000,0.000000,2,-127.44,-127.44,0,0,
09/22/2026,08:45:19:145,0.000000,0.000000,4,-126.41,-126.41,0,0,
09/22/2026,08:45:19:187,0.000000,0.000000,1,-74.54,-74.54,0,0,
09/22/2026,08:45:19:229,0.000000,0.000000,3,-126.2,-126.2,0,0,
09/22/2026,08:45:19:370,0.000000,0.000000,2,-127.01,-127.01,0,0,
09/22/2026,08:45:19:833,0.000000,0.000000,4,-128.09,-128.09,0,0,
09/22/2026,08:45:19:837,0.000000,0.000000,1,-70.83,-70.83,0,0,
09/22/2026,08:45:19:887,0.000000,0.000000,3,-128.21,-128.21,0,0,
09/22/2026,08:45:20:026,0.000000,0.000000,2,-127.73,-127.73,0,0,
09/22/2026,08:45:20:049,0.000000,0.000000,4,-127.88,-127.88,0,0,
09/22/2026,08:45:20:067,0.000000,0.000000,1,-73.6,-73.6,0,0,
09/22/2026,08:45:20:095,0.000000,0.000000,3,-127.58,-127.58,0,0,
09/22/2026,08:45:20:274,0.000000,0.000000,2,-128.01,-128.01,0,0,
09/22/2026,08:45:20:325,0.000000,0.000000,4,-127.07,-127.07,0,0,
09/22/2026,08:45:20:372,0.000000,0.000000,1,-79.67,-79.67,0,0,
09/22/2026,08:45:20:413,0.000000,0.000000,3,-127.18,-127.18,0,0,
09/22/2026,08:45:20:499,0.000000,0.000000,2,-129,-129,0,0,
09/22/2026,08:45:20:508,0.000000,0.000000,4,-128.42,-128.42,0,0,
09/22/2026,08:45:20:565,0.000000,0.000000,1,-80.8,-80.8,0,0,
09/22/2026,08:45:20:647,0.000000,0.000000,3,-128.1,-128.1,0,0,
09/22/2026,08:45:20:849,0.000000,0.000000,2,-129.25,-129.25,0,0,
09/22/2026,08:45:20:896,0.000000,0.000000,4,-125.68,-125.68,0,0,
09/22/2026,08:45:20:927,0.000000,0.000000,1,-82.41,-82.41,0,0,
09/22/2026,08:45:20:969,0.000000,0.000000,3,-127.76,-127.76,0,0,
09/22/2026,08:45:21:017,0.000000,0.000000,2,-127.8,-127.8,0,0,
09/22/2026,08:45:21:039,0.000000,0.000000,4,-128.57,-128.57,0,0,
09/22/2026,08:45:21:065,0.000000,0.000000,1,-75.29,-75.29,0,0,
09/22/2026,08:45:21:080,0.000000,0.000000,3,-128.78,-128.78,0,0,
09/22/2026,08:45:21:195,0.000000,0.000000,2,-128.31,-128.31,0,0,
09/22/2026,08:45:21:236,0.000000,0.000000,4,-128.79,-128.79,0,0,
09/22/2026,08:45:21:246,0.000000,0.000000,1,-86.34,-86.34,0,0,
09/22/2026,08:45:21:299,0.000000,0.000000,3,-129.66,-129.66,0,0,
09/22/2026,08:45:21:425,0.000000,0.000000,2,-126.35,-126.35,0,0,
09/22/2026,08:45:21:437,0.000000,0.000000,4,-127.36,-127.36,0,0,
09/22/2026,08:45:21:450,0.000000,0.000000,1,-81.32,-81.32,0,0,
09/22/2026,08:45:21:521,0.000000,0.000000,3,-126.84,-126.84,0,0,
09/22/2026,08:45:21:653,0.000000,0.000000,2,-125.52,-125.52,0,0,
09/22/2026,08:45:21:715,0.000000,0.000000,4,-125.99,-125.99,0,0,
09/22/2026,08:45:21:746,0.000000,0.000000,1,-77.52,-77.52,0,0,
09/22/2026,08:45:21:813,0.000000,0.000000,3,-128.24,-128.24,0,0,
09/22/2026,08:45:21:964,0.000000,0.000000,2,-127.53,-127.53,0,0,
09/22/2026,08:45:22:027,0.000000,0.000000,4,-127.7,-127.7,0,0,
09/22/2026,08:45:22:074,0.000000,0.000000,1,-74.36,-74.36,0,0,
09/22/2026,08:45:22:123,0.000000,0.000000,3,-128.37,-128.37,0,0,
09/22/2026,08:45:22:249,0.000000,0.000000,2,-126.48,-126.48,0,0,
09/22/2026,08:45:22:301,0.000000,0.000000,4,-124.44,-124.44,0,0,
09/22/2026,08:45:22:332,0.000000,0.000000,1,-81.86,-81.86,0,0,
09/22/2026,08:45:22:405,0.000000,0.000000,3,-128.24,-128.24,0,0,
09/22/2026,08:45:22:565,0.000000,0.000000,2,-126.28,-126.28,0,0,
09/22/2026,08:45:22:650,0.000000,0.000000,4,-125.68,-125.68,0,0,
09/22/2026,08:45:22:656,0.000000,0.000000,1,-82.27,-82.27,0,0,
09/22/2026,08:45:22:699,0.000000,0.000000,3,-127.67,-127.67,0,0,
09/22/2026,08:45:22:827,0.000000,0.000000,2,-128.25,-128.25,0,0,
09/22/2026,08:45:22:883,0.000000,0.000000,4,-126.26,-126.26,0,0,
09/22/2026,08:45:22:919,0.000000,0.000000,1,-77.45,-77.45,0,0,
09/22/2026,08:45:22:966,0.000000,0.000000,3,-129.19,-129.19,0,0,
09/22/2026,08:45:23:110,0.000000,0.000000,2,-127.57,-127.57,0,0,
09/22/2026,08:45:23:156,0.000000,0.000000,4,-127.78,-127.78,0,0,
09/22/2026,08:45:23:204,0.000000,0.000000,1,-85.52,-85.52,0,0,
09/22/2026,08:45:23:246,0.000000,0.000000,3,-128.17,-128.17,0,0,
09/22/2026,08:45:23:389,0.000000,0.000000,2,-125.43,-125.43,0,0,
09/22/2026,08:45:23:438,0.000000,0.000000,4,-126.42,-126.42,0,0,
09/22/2026,08:45:23:490,0.000000,0.000000,1,-78.67,-78.67,0,0,
09/22/2026,08:45:23:531,0.000000,0.000000,3,-127.95,-127.95,0,0,
09/22/2026,08:45:23:675,0.000000,0.000000,2,-127.16,-127.16,0,0,
09/22/2026,08:45:23:728,0.000000,0.000000,4,-127.53,-127.53,0,0,
09/22/2026,08:45:23:763,0.000000,0.000000,1,-80.61,-80.61,0,0,
09/22/2026,08:45:23:810,0.000000,0.000000,3,-128.56,-128.56,0,0,
09/22/2026,08:45:23:949,0.000000,0.000000,2,-128.51,-128.51,0,0,
09/22/2026,08:45:24:003,0.000000,0.000000,4,-128.14,-128.14,0,0,
09/22/2026,08:45:24:047,0.000000,0.000000,1,-82.09,-82.09,0,0,
09/22/2026,08:45:24:093,0.000000,0.000000,3,-128.61,-128.61,0,0,
09/22/2026,08:45:24:261,0.000000,0.000000,2,-128.57,-128.57,0,0,
09/22/2026,08:45:24:311,0.000000,0.000000,4,-126.38,-126.38,0,0,
09/22/2026,08:45:24:348,0.000000,0.000000,1,-84.49,-84.49,0,0,
09/22/2026,08:45:24:389,0.000000,0.000000,3,-126.94,-126.94,0,0,
09/22/2026,08:45:24:562,0.000000,0.000000,2,-127.76,-127.76,0,0,
09/22/2026,08:45:24:585,0.000000,0.000000,4,-127.46,-127.46,0,0,
09/22/2026,08:45:24:600,0.000000,0.000000,1,-80.19,-80.19,0,0,
09/22/2026,08:45:24:660,0.000000,0.000000,3,-125.88,-125.88,0,0,
09/22/2026,08:45:24:811,0.000000,0.000000,2,-128.63,-128.63,0,0,
09/22/2026,08:45:24:845,0.000000,0.000000,4,-126.29,-126.29,0,0,
09/22/2026,08:45:25:291,0.000000,0.000000,1,-80.25,-80.25,0,0,
09/22/2026,08:45:25:310,0.000000,0.000000,3,-126.36,-126.36,0,0,
09/22/2026,08:45:25:363,0.000000,0.000000,2,-129.6,-129.6,0,0,
09/22/2026,08:45:25:389,0.000000,0.000000,4,-129.03,-129.03,0,0,
09/22/2026,08:45:25:397,0.000000,0.000000,1,-90.96,-90.96,0,0,
09/22/2026,08:45:25:419,0.000000,0.000000,3,-129.39,-129.39,0,0,
09/22/2026,08:45:25:467,0.000000,0.000000,2,-127.09,-127.09,0,0,
09/22/2026,08:45:25:491,0.000000,0.000000,4,-127.01,-127.01,0,0,
09/22/2026,08:45:25:502,0.000000,0.000000,1,-88.14,-88.14,0,0,
09/22/2026,08:45:25:515,0.000000,0.000000,3,-128.44,-128.44,0,0,
09/22/2026,08:45:25:643,0.000000,0.000000,2,-128.15,-128.15,0,0,
09/22/2026,08:45:25:696,0.000000,0.000000,4,-127.96,-127.96,0,0,
09/22/2026,08:45:25:727,0.000000,0.000000,1,-85.05,-85.05,0,0,
09/22/2026,08:45:25:781,0.000000,0.000000,3,-128.79,-128.79,0,0,
09/22/2026,08:45:25:919,0.000000,0.000000,2,-127.79,-127.79,0,0,
09/22/2026,08:45:25:963,0.000000,0.000000,4,-127.53,-127.53,0,0,
09/22/2026,08:45:26:030,0.000000,0.000000,1,-84.14,-84.14,0,0,
09/22/2026,08:45:26:074,0.000000,0.000000,3,-128.12,-128.12,0,0,
09/22/2026,08:45:26:202,0.000000,0.000000,2,-129.51,-129.51,0,0,
09/22/2026,08:45:26:297,0.000000,0.000000,4,-127.66,-127.66,0,0,
09/22/2026,08:45:26:336,0.000000,0.000000,1,-82.78,-82.78,0,0,
09/22/2026,08:45:26:383,0.000000,0.000000,3,-129.2,-129.2,0,0,
09/22/2026,08:45:26:480,0.000000,0.000000,2,-126.75,-126.75,0,0,
09/22/2026,08:45:26:543,0.000000,0.000000,4,-126.18,-126.18,0,0,
09/22/2026,08:45:26:567,0.000000,0.000000,1,-79.45,-79.45,0,0,
09/22/2026,08:45:26:623,0.000000,0.000000,3,-129.68,-129.68,0,0,
09/22/2026,08:45:26:763,0.000000,0.000000,2,-126.77,-126.77,0,0,
09/22/2026,08:45:26:811,0.000000,0.000000,4,-130,-130,0,0,
09/22/2026,08:45:26:852,0.000000,0.000000,1,-80.87,-80.87,0,0,
09/22/2026,08:45:26:929,0.000000,0.000000,3,-127.11,-127.11,0,0,
09/22/2026,08:45:27:073,0.000000,0.000000,2,-128.07,-128.07,0,0,
09/22/2026,08:45:27:119,0.000000,0.000000,4,-127.37,-127.37,0,0,
09/22/2026,08:45:27:181,0.000000,0.000000,1,-78.27,-78.27,0,0,
09/22/2026,08:45:27:227,0.000000,0.000000,3,-126.91,-126.91,0,0,
09/22/2026,08:45:27:386,0.000000,0.000000,2,-125.92,-125.92,0,0,
09/22/2026,08:45:27:441,0.000000,0.000000,4,-128.71,-128.71,0,0,
09/22/2026,08:45:27:454,0.000000,0.000000,1,-79.19,-79.19,0,0,
09/22/2026,08:45:27:515,0.000000,0.000000,3,-128.97,-128.97,0,0,
09/22/2026,08:45:27:659,0.000000,0.000000,2,-129.16,-129.16,0,0,
09/22/2026,08:45:27:709,0.000000,0.000000,4,-129.66,-129.66,0,0,
09/22/2026,08:45:27:741,0.000000,0.000000,1,-81.12,-81.12,0,0,
09/22/2026,08:45:27:812,0.000000,0.000000,3,-126.54,-126.54,0,0,
09/22/2026,08:45:27:948,0.000000,0.000000,2,-128.23,-128.23,0,0,
09/22/2026,08:45:28:009,0.000000,0.000000,4,-126.82,-126.82,0,0,
09/22/2026,08:45:28:065,0.000000,0.000000,1,-90.99,-90.99,0,0,
09/22/2026,08:45:28:110,0.000000,0.000000,3,-129.36,-129.36,0,0,
09/22/2026,08:45:28:244,0.000000,0.000000,2,-128.07,-128.07,0,0,
09/22/2026,08:45:28:322,0.000000,0.000000,4,-126.2,-126.2,0,0,
09/22/2026,08:45:28:404,0.000000,0.000000,1,-82.73,-82.73,0,0,
09/22/2026,08:45:28:420,0.000000,0.000000,3,-126.41,-126.41,0,0,
09/22/2026,08:45:28:542,0.000000,0.000000,2,-127.78,-127.78,0,0,
09/22/2026,08:45:28:613,0.000000,0.000000,4,-126.34,-126.34,0,0,
09/22/2026,08:45:28:654,0.000000,0.000000,1,-88.04,-88.04,0,0,
09/22/2026,08:45:28:687,0.000000,0.000000,3,-128.34,-128.34,0,0,
09/22/2026,08:45:28:834,0.000000,0.000000,2,-129.18,-129.18,0,0,
09/22/2026,08:45:28:890,0.000000,0.000000,4,-127.32,-127.32,0,0,
09/22/2026,08:45:28:921,0.000000,0.000000,1,-79.6,-79.6,0,0,
09/22/2026,08:45:28:981,0.000000,0.000000,3,-127.94,-127.94,0,0,
09/22/2026,08:45:29:115,0.000000,0.000000,2,-126.62,-126.62,0,0,
09/22/2026,08:45:29:164,0.000000,0.000000,4,-125.49,-125.49,0,0,
09/22/2026,08:45:29:195,0.000000,0.000000,1,-87.89,-87.89,0,0,
09/22/2026,08:45:29:264,0.000000,0.000000,3,-128.13,-128.13,0,0,
09/22/2026,08:45:29:413,0.000000,0.000000,2,-126.63,-126.63,0,0,
09/22/2026,08:45:29:463,0.000000,0.000000,4,-126.42,-126.42,0,0,
09/22/2026,08:45:29:503,0.000000,0.000000,1,-88.75,-88.75,0,0,
09/22/2026,08:45:29:556,0.000000,0.000000,3,-127.96,-127.96,0,0,
09/22/2026,08:45:29:703,0.000000,0.000000,2,-127.78,-127.78,0,0,
09/22/2026,08:45:29:752,0.000000,0.000000,4,-127.26,-127.26,0,0,
09/22/2026,08:45:29:792,0.000000,0.000000,1,-90.02,-90.02,0,0,
09/22/2026,08:45:29:836,0.000000,0.000000,3,-128.51,-128.51,0,0,
09/22/2026,08:45:29:977,0.000000,0.000000,2,-127.23,-127.23,0,0,
09/22/2026,08:45:30:052,0.000000,0.000000,4,-126.91,-126.91,0,0,
09/22/2026,08:45:30:088,0.000000,0.000000,1,-83.29,-83.29,0,0,
09/22/2026,08:45:30:137,0.000000,0.000000,3,-128.8,-128.8,0,0,
09/22/2026,08:45:30:264,0.000000,0.000000,2,-126.42,-126.42,0,0,
09/22/2026,08:45:30:313,0.000000,0.000000,4,-127.02,-127.02,0,0,
09/22/2026,08:45:30:755,0.000000,0.000000,1,-82.73,-82.73,0,0,
09/22/2026,08:45:30:759,0.000000,0.000000,3,-127.92,-127.92,0,0,
09/22/2026,08:45:30:809,0.000000,0.000000,2,-127.41,-127.41,0,0,
09/22/2026,08:45:30:821,0.000000,0.000000,4,-125.78,-125.78,0,0,
09/22/2026,08:45:30:836,0.000000,0.000000,1,-77.67,-77.67,0,0,
09/22/2026,08:45:30:847,0.000000,0.000000,3,-129.96,-129.96,0,0,
09/22/2026,08:45:30:916,0.000000,0.000000,2,-127.61,-127.61,0,0,
09/22/2026,08:45:30:957,0.000000,0.000000,4,-126.28,-126.28,0,0,
09/22/2026,08:45:30:968,0.000000,0.000000,1,-79.48,-79.48,0,0,
09/22/2026,08:45:30:982,0.000000,0.000000,3,-128.35,-128.35,0,0,
09/22/2026,08:45:31:106,0.000000,0.000000,2,-126.18,-126.18,0,0,
09/22/2026,08:45:31:176,0.000000,0.000000,4,-126.1,-126.1,0,0,
09/22/2026,08:45:31:210,0.000000,0.000000,1,-82.87,-82.87,0,0,
09/22/2026,08:45:31:265,0.000000,0.000000,3,-127.95,-127.95,0,0,
09/22/2026,08:45:31:411,0.000000,0.000000,2,-128.21,-128.21,0,0,
09/22/2026,08:45:31:457,0.000000,0.000000,4,-128.09,-128.09,0,0,
09/22/2026,08:45:31:491,0.000000,0.000000,1,-82.52,-82.52,0,0,
09/22/2026,08:45:31:551,0.000000,0.000000,3,-128.88,-128.88,0,0,
09/22/2026,08:45:31:683,0.000000,0.000000,2,-128.31,-128.31,0,0,
09/22/2026,08:45:31:737,0.000000,0.000000,4,-125.55,-125.55,0,0,
09/22/2026,08:45:31:771,0.000000,0.000000,1,-84.59,-84.59,0,0,
09/22/2026,08:45:31:824,0.000000,0.000000,3,-126.91,-126.91,0,0,
09/22/2026,08:45:32:007,0.000000,0.000000,2,-128.02,-128.02,0,0,
09/22/2026,08:45:32:050,0.000000,0.000000,4,-128.17,-128.17,0,0,
09/22/2026,08:45:32:060,0.000000,0.000000,1,-81.04,-81.04,0,0,
09/22/2026,08:45:32:134,0.000000,0.000000,3,-128.57,-128.57,0,0,
09/22/2026,08:45:32:252,0.000000,0.000000,2,-126.62,-126.62,0,0,
09/22/2026,08:45:32:300,0.000000,0.000000,4,-126.65,-126.65,0,0,
09/22/2026,08:45:32:344,0.000000,0.000000,1,-78.37,-78.37,0,0,
09/22/2026,08:45:32:398,0.000000,0.000000,3,-128.68,-128.68,0,0,
09/22/2026,08:45:32:541,0.000000,0.000000,2,-129.76,-129.76,0,0,
09/22/2026,08:45:32:597,0.000000,0.000000,4,-126.84,-126.84,0,0,
09/22/2026,08:45:32:627,0.000000,0.000000,1,-83.17,-83.17,0,0,
09/22/2026,08:45:32:679,0.000000,0.000000,3,-129.96,-129.96,0,0,
09/22/2026,08:45:32:821,0.000000,0.000000,2,-126.41,-126.41,0,0,
09/22/2026,08:45:32:874,0.000000,0.000000,4,-126.64,-126.64,0,0,
09/22/2026,08:45:32:907,0.000000,0.000000,1,-81.8,-81.8,0,0,
09/22/2026,08:45:32:955,0.000000,0.000000,3,-127.62,-127.62,0,0,
09/22/2026,08:45:33:112,0.000000,0.000000,2,-127.22,-127.22,0,0,
09/22/2026,08:45:33:147,0.000000,0.000000,4,-127.02,-127.02,0,0,
09/22/2026,08:45:33:211,0.000000,0.000000,1,-74.96,-74.96,0,0,
09/22/2026,08:45:33:243,0.000000,0.000000,3,-128.39,-128.39,0,0,
09/22/2026,08:45:33:410,0.000000,0.000000,2,-127.28,-127.28,0,0,
09/22/2026,08:45:33:456,0.000000,0.000000,4,-126.9,-126.9,0,0,
09/22/2026,08:45:33:505,0.000000,0.000000,1,-84.24,-84.24,0,0,
09/22/2026,08:45:33:567,0.000000,0.000000,3,-128.42,-128.42,0,0,
09/22/2026,08:45:33:709,0.000000,0.000000,2,-128.53,-128.53,0,0,
09/22/2026,08:45:33:754,0.000000,0.000000,4,-128.64,-128.64,0,0,
09/22/2026,08:45:33:835,0.000000,0.000000,1,-83.92,-83.92,0,0,
09/22/2026,08:45:33:869,0.000000,0.000000,3,-128.28,-128.28,0,0,
09/22/2026,08:45:34:035,0.000000,0.000000,2,-128.12,-128.12,0,0,
09/22/2026,08:45:34:072,0.000000,0.000000,4,-126.43,-126.43,0,0,
09/22/2026,08:45:34:104,0.000000,0.000000,1,-84.63,-84.63,0,0,
09/22/2026,08:45:34:165,0.000000,0.000000,3,-126.43,-126.43,0,0,
09/22/2026,08:45:34:302,0.000000,0.000000,2,-126.84,-126.84,0,0,
09/22/2026,08:45:34:353,0.000000,0.000000,4,-126.6,-126.6,0,0,
09/22/2026,08:45:34:401,0.000000,0.000000,1,-77.7,-77.7,0,0,
09/22/2026,08:45:34:465,0.000000,0.000000,3,-126.54,-126.54,0,0,
09/22/2026,08:45:34:604,0.000000,0.000000,2,-128.44,-128.44,0,0,
09/22/2026,08:45:34:652,0.000000,0.000000,4,-127.46,-127.46,0,0,
09/22/2026,08:45:34:692,0.000000,0.000000,1,-87.42,-87.42,0,0,
09/22/2026,08:45:34:751,0.000000,0.000000,3,-127.44,-127.44,0,0,
09/22/2026,08:45:34:879,0.000000,0.000000,2,-127.93,-127.93,0,0,
09/22/2026,08:45:34:939,0.000000,0.000000,4,-128.4,-128.4,0,0,
09/22/2026,08:45:34:967,0.000000,0.000000,1,-81.9,-81.9,0,0,
09/22/2026,08:45:35:042,0.000000,0.000000,3,-128.18,-128.18,0,0,
09/22/2026,08:45:35:173,0.000000,0.000000,2,-127.54,-127.54,0,0,
09/22/2026,08:45:35:238,0.000000,0.000000,4,-126.66,-126.66,0,0,
09/22/2026,08:45:35:266,0.000000,0.000000,1,-79.89,-79.89,0,0,
09/22/2026,08:45:35:307,0.000000,0.000000,3,-128.93,-128.93,0,0,
09/22/2026,08:45:35:486,0.000000,0.000000,2,-129.2,-129.2,0,0,
09/22/2026,08:45:35:527,0.000000,0.000000,4,-125.95,-125.95,0,0,
09/22/2026,08:45:35:572,0.000000,0.000000,1,-91.62,-91.62,0,0,
09/22/2026,08:45:35:649,0.000000,0.000000,3,-128.09,-128.09,0,0,
09/22/2026,08:45:35:777,0.000000,0.000000,2,-128.79,-128.79,0,0,
09/22/2026,08:45:36:222,0.000000,0.000000,4,-128.65,-128.65,0,0,
09/22/2026,08:45:36:238,0.000000,0.000000,1,-78.19,-78.19,0,0,
09/22/2026,08:45:36:248,0.000000,0.000000,3,-128.63,-128.63,0,0,
09/22/2026,08:45:36:326,0.000000,0.000000,2,-128.65,-128.65,0,0,
09/22/2026,08:45:36:348,0.000000,0.000000,4,-128.65,-128.65,0,0,
09/22/2026,08:45:36:361,0.000000,0.000000,1,-89.54,-89.54,0,0,
09/22/2026,08:45:36:382,0.000000,0.000000,3,-127.77,-127.77,0,0,
09/22/2026,08:45:36:441,0.000000,0.000000,2,-128.22,-128.22,0,0,
09/22/2026,08:45:36:456,0.000000,0.000000,4,-129.62,-129.62,0,0,
09/22/2026,08:45:36:500,0.000000,0.000000,1,-90.28,-90.28,0,0,
09/22/2026,08:45:36:521,0.000000,0.000000,3,-127.45,-127.45,0,0,
09/22/2026,08:45:36:632,0.000000,0.000000,2,-128.22,-128.22,0,0,
09/22/2026,08:45:36:703,0.000000,0.000000,4,-126.48,-126.48,0,0,
09/22/2026,08:45:36:724,0.000000,0.000000,1,-85.29,-85.29,0,0,
09/22/2026,08:45:36:772,0.000000,0.000000,3,-125.88,-125.88,0,0,
09/22/2026,08:45:36:921,0.000000,0.000000,2,-128.25,-128.25,0,0,
09/22/2026,08:45:36:968,0.000000,0.000000,4,-125.35,-125.35,0,0,
09/22/2026,08:45:37:013,0.000000,0.000000,1,-78.94,-78.94,0,0,
09/22/2026,08:45:37:054,0.000000,0.000000,3,-127.99,-127.99,0,0,
09/22/2026,08:45:37:192,0.000000,0.000000,2,-128.93,-128.93,0,0,
09/22/2026,08:45:37:277,0.000000,0.000000,4,-126.82,-126.82,0,0,
09/22/2026,08:45:37:281,0.000000,0.000000,1,-83.28,-83.28,0,0,
09/22/2026,08:45:37:368,0.000000,0.000000,3,-128.4,-128.4,0,0,
09/22/2026,08:45:37:491,0.000000,0.000000,2,-129.79,-129.79,0,0,
09/22/2026,08:45:37:543,0.000000,0.000000,4,-126.45,-126.45,0,0,
09/22/2026,08:45:37:577,0.000000,0.000000,1,-80.6,-80.6,0,0,
09/22/2026,08:45:37:653,0.000000,0.000000,3,-127.6,-127.6,0,0,
09/22/2026,08:45:37:801,0.000000,0.000000,2,-127.92,-127.92,0,0,
09/22/2026,08:45:37:816,0.000000,0.000000,4,-127.09,-127.09,0,0,
09/22/2026,08:45:37:843,0.000000,0.000000,1,-84,-84,0,0,
09/22/2026,08:45:37:914,0.000000,0.000000,3,-128.85,-128.85,0,0,
09/22/2026,08:45:38:027,0.000000,0.000000,2,-129.15,-129.15,0,0,
09/22/2026,08:45:38:083,0.000000,0.000000,4,-126.13,-126.13,0,0,
09/22/2026,08:45:38:117,0.000000,0.000000,1,-82.01,-82.01,0,0,
09/22/2026,08:45:38:175,0.000000,0.000000,3,-129.54,-129.54,0,0,
09/22/2026,08:45:38:320,0.000000,0.000000,2,-127.51,-127.51,0,0,
09/22/2026,08:45:38:362,0.000000,0.000000,4,-126.83,-126.83,0,0,
09/22/2026,08:45:38:403,0.000000,0.000000,1,-82.27,-82.27,0,0,
09/22/2026,08:45:38:446,0.000000,0.000000,3,-127.47,-127.47,0,0,
09/22/2026,08:45:38:586,0.000000,0.000000,2,-127.98,-127.98,0,0,
09/22/2026,08:45:38:648,0.000000,0.000000,4,-126.56,-126.56,0,0,
09/22/2026,08:45:38:693,0.000000,0.000000,1,-87.51,-87.51,0,0,
09/22/2026,08:45:38:732,0.000000,0.000000,3,-127.36,-127.36,0,0,
09/22/2026,08:45:38:883,0.000000,0.000000,2,-129.11,-129.11,0,0,
09/22/2026,08:45:38:925,0.000000,0.000000,4,-124.11,-124.11,0,0,
09/22/2026,08:45:38:973,0.000000,0.000000,1,-84.48,-84.48,0,0,
09/22/2026,08:45:39:015,0.000000,0.000000,3,-128.11,-128.11,0,0,
09/22/2026,08:45:39:173,0.000000,0.000000,2,-129.25,-129.25,0,0,
09/22/2026,08:45:39:250,0.000000,0.000000,4,-127.93,-127.93,0,0,
09/22/2026,08:45:39:277,0.000000,0.000000,1,-82.74,-82.74,0,0,
09/22/2026,08:45:39:363,0.000000,0.000000,3,-128.68,-128.68,0,0,
09/22/2026,08:45:39:492,0.000000,0.000000,2,-128.11,-128.11,0,0,
09/22/2026,08:45:39:616,0.000000,0.000000,4,-125.95,-125.95,0,0,
09/22/2026,08:45:39:690,0.000000,0.000000,1,-84.44,-84.44,0,0,
09/22/2026,08:45:39:738,0.000000,0.000000,3,-128.03,-128.03,0,0,
09/22/2026,08:45:39:793,0.000000,0.000000,2,-129.17,-129.17,0,0,
09/22/2026,08:45:39:836,0.000000,0.000000,4,-126.85,-126.85,0,0,
09/22/2026,08:45:39:882,0.000000,0.000000,1,-81.96,-81.96,0,0,
09/22/2026,08:45:39:929,0.000000,0.000000,3,-127.56,-127.56,0,0,
09/22/2026,08:45:40:064,0.000000,0.000000,2,-126.3,-126.3,0,0,
09/22/2026,08:45:40:123,0.000000,0.000000,4,-125.78,-125.78,0,0,
09/22/2026,08:45:40:170,0.000000,0.000000,1,-84.36,-84.36,0,0,
09/22/2026,08:45:40:208,0.000000,0.000000,3,-127.43,-127.43,0,0,
09/22/2026,08:45:40:343,0.000000,0.000000,2,-125.69,-125.69,0,0,
09/22/2026,08:45:40:401,0.000000,0.000000,4,-128.01,-128.01,0,0,
09/22/2026,08:45:40:436,0.000000,0.000000,1,-83.49,-83.49,0,0,
09/22/2026,08:45:40:491,0.000000,0.000000,3,-128.4,-128.4,0,0,
09/22/2026,08:45:40:630,0.000000,0.000000,2,-129.33,-129.33,0,0,
09/22/2026,08:45:40:670,0.000000,0.000000,4,-127.68,-127.68,0,0,
09/22/2026,08:45:40:706,0.000000,0.000000,1,-83.47,-83.47,0,0,
09/22/2026,08:45:40:757,0.000000,0.000000,3,-127.62,-127.62,0,0,
09/22/2026,08:45:40:923,0.000000,0.000000,2,-128.04,-128.04,0,0,
09/22/2026,08:45:40:971,0.000000,0.000000,4,-127.57,-127.57,0,0,
09/22/2026,08:45:41:013,0.000000,0.000000,1,-80.43,-80.43,0,0,
09/22/2026,08:45:41:069,0.000000,0.000000,3,-128.24,-128.24,0,0,
09/22/2026,08:45:42:092,0.000000,0.000000,2,-129.23,-129.23,0,0,
09/22/2026,08:45:42:514,0.000000,0.000000,4,-127.74,-127.74,0,0,
09/22/2026,08:45:42:530,0.000000,0.000000,1,-84.36,-84.36,0,0,
09/22/2026,08:45:42:547,0.000000,0.000000,3,-129.93,-129.93,0,0,
09/22/2026,08:45:42:614,0.000000,0.000000,2,-128.44,-128.44,0,0,
09/22/2026,08:45:42:646,0.000000,0.000000,4,-128.41,-128.41,0,0,
09/22/2026,08:45:42:692,0.000000,0.000000,1,-82.81,-82.81,0,0,
09/22/2026,08:45:42:727,0.000000,0.000000,3,-129.18,-129.18,0,0,
09/22/2026,08:45:42:807,0.000000,0.000000,2,-128.52,-128.52,0,0,
09/22/2026,08:45:42:842,0.000000,0.000000,4,-127.62,-127.62,0,0,
09/22/2026,08:45:42:849,0.000000,0.000000,1,-90.11,-90.11,0,0,
09/22/2026,08:45:42:900,0.000000,0.000000,3,-127.79,-127.79,0,0,
09/22/2026,08:45:43:038,0.000000,0.000000,2,-128.82,-128.82,0,0,
09/22/2026,08:45:43:107,0.000000,0.000000,4,-127.54,-127.54,0,0,
09/22/2026,08:45:43:117,0.000000,0.000000,1,-84.22,-84.22,0,0,
09/22/2026,08:45:43:155,0.000000,0.000000,3,-128.66,-128.66,0,0,
09/22/2026,08:45:43:221,0.000000,0.000000,2,-127.81,-127.81,0,0,
09/22/2026,08:45:43:236,0.000000,0.000000,4,-128.76,-128.76,0,0,
09/22/2026,08:45:43:251,0.000000,0.000000,1,-86.46,-86.46,0,0,
09/22/2026,08:45:43:277,0.000000,0.000000,3,-128.09,-128.09,0,0,
09/22/2026,08:45:43:326,0.000000,0.000000,2,-128.23,-128.23,0,0,
09/22/2026,08:45:43:346,0.000000,0.000000,4,-128.39,-128.39,0,0,
09/22/2026,08:45:43:352,0.000000,0.000000,1,-90.6,-90.6,0,0,
09/22/2026,08:45:43:391,0.000000,0.000000,3,-126.58,-126.58,0,0,
09/22/2026,08:45:43:443,0.000000,0.000000,2,-127.4,-127.4,0,0,
09/22/2026,08:45:43:467,0.000000,0.000000,4,-129.52,-129.52,0,0,
09/22/2026,08:45:43:482,0.000000,0.000000,1,-88.86,-88.86,0,0,
09/22/2026,08:45:43:531,0.000000,0.000000,3,-126.16,-126.16,0,0,
09/22/2026,08:45:43:596,0.000000,0.000000,2,-128.87,-128.87,0,0,
09/22/2026,08:45:43:620,0.000000,0.000000,4,-128.11,-128.11,0,0,
09/22/2026,08:45:43:634,0.000000,0.000000,1,-89.47,-89.47,0,0,
09/22/2026,08:45:43:650,0.000000,0.000000,3,-128.25,-128.25,0,0,
09/22/2026,08:45:43:706,0.000000,0.000000,2,-129.6,-129.6,0,0,
09/22/2026,08:45:43:768,0.000000,0.000000,4,-127.18,-127.18,0,0,
09/22/2026,08:45:43:787,0.000000,0.000000,1,-87.67,-87.67,0,0,
09/22/2026,08:45:43:812,0.000000,0.000000,3,-127.44,-127.44,0,0,
09/22/2026,08:45:43:854,0.000000,0.000000,2,-126.45,-126.45,0,0,
09/22/2026,08:45:43:873,0.000000,0.000000,4,-126.92,-126.92,0,0,
09/22/2026,08:45:43:898,0.000000,0.000000,1,-80.5,-80.5,0,0,
09/22/2026,08:45:43:917,0.000000,0.000000,3,-125.44,-125.44,0,0,
09/22/2026,08:45:44:038,0.000000,0.000000,2,-130,-130,0,0,
09/22/2026,08:45:44:093,0.000000,0.000000,4,-125.04,-125.04,0,0,
09/22/2026,08:45:44:134,0.000000,0.000000,1,-86.62,-86.62,0,0,
09/22/2026,08:45:44:189,0.000000,0.000000,3,-127.52,-127.52,0,0,
09/22/2026,08:45:44:352,0.000000,0.000000,2,-128.37,-128.37,0,0,
09/22/2026,08:45:44:398,0.000000,0.000000,4,-127.51,-127.51,0,0,
09/22/2026,08:45:44:436,0.000000,0.000000,1,-85.63,-85.63,0,0,
09/22/2026,08:45:44:507,0.000000,0.000000,3,-128,-128,0,0,
09/22/2026,08:45:44:632,0.000000,0.000000,2,-128.05,-128.05,0,0,
09/22/2026,08:45:44:688,0.000000,0.000000,4,-127.41,-127.41,0,0,
09/22/2026,08:45:44:723,0.000000,0.000000,1,-78.35,-78.35,0,0,
09/22/2026,08:45:44:803,0.000000,0.000000,3,-127.31,-127.31,0,0,
09/22/2026,08:45:44:945,0.000000,0.000000,2,-127.95,-127.95,0,0,
09/22/2026,08:45:44:995,0.000000,0.000000,4,-127.46,-127.46,0,0,
09/22/2026,08:45:45:041,0.000000,0.000000,1,-85.26,-85.26,0,0,
09/22/2026,08:45:45:111,0.000000,0.000000,3,-127.88,-127.88,0,0,
09/22/2026,08:45:45:206,0.000000,0.000000,2,-127.25,-127.25,0,0,
09/22/2026,08:45:45:280,0.000000,0.000000,4,-126.85,-126.85,0,0,
09/22/2026,08:45:45:300,0.000000,0.000000,1,-85.43,-85.43,0,0,
09/22/2026,08:45:45:357,0.000000,0.000000,3,-128.52,-128.52,0,0,
09/22/2026,08:45:45:490,0.000000,0.000000,2,-127.86,-127.86,0,0,
09/22/2026,08:45:45:543,0.000000,0.000000,4,-128.03,-128.03,0,0,
09/22/2026,08:45:45:579,0.000000,0.000000,1,-89.33,-89.33,0,0,
09/22/2026,08:45:45:630,0.000000,0.000000,3,-127.77,-127.77,0,0,
09/22/2026,08:45:45:770,0.000000,0.000000,2,-126.77,-126.77,0,0,
09/22/2026,08:45:45:820,0.000000,0.000000,4,-125.87,-125.87,0,0,
09/22/2026,08:45:45:856,0.000000,0.000000,1,-93.17,-93.17,0,0,
09/22/2026,08:45:45:922,0.000000,0.000000,3,-125.51,-125.51,0,0,
09/22/2026,08:45:46:055,0.000000,0.000000,2,-127.07,-127.07,0,0,
09/22/2026,08:45:46:119,0.000000,0.000000,4,-125.18,-125.18,0,0,
09/22/2026,08:45:46:137,0.000000,0.000000,1,-90.04,-90.04,0,0,
09/22/2026,08:45:46:195,0.000000,0.000000,3,-128.38,-128.38,0,0,
09/22/2026,08:45:46:328,0.000000,0.000000,2,-128.5,-128.5,0,0,
09/22/2026,08:45:46:382,0.000000,0.000000,4,-125.37,-125.37,0,0,
09/22/2026,08:45:46:415,0.000000,0.000000,1,-89.02,-89.02,0,0,
09/22/2026,08:45:46:465,0.000000,0.000000,3,-129.78,-129.78,0,0,
09/22/2026,08:45:46:607,0.000000,0.000000,2,-128.75,-128.75,0,0,
09/22/2026,08:45:46:662,0.000000,0.000000,4,-128.43,-128.43,0,0,
09/22/2026,08:45:46:695,0.000000,0.000000,1,-84.58,-84.58,0,0,
09/22/2026,08:45:46:744,0.000000,0.000000,3,-126.09,-126.09,0,0,
09/22/2026,08:45:46:904,0.000000,0.000000,2,-128.61,-128.61,0,0,
09/22/2026,08:45:46:961,0.000000,0.000000,4,-126.75,-126.75,0,0,
09/22/2026,08:45:46:992,0.000000,0.000000,1,-81.79,-81.79,0,0,
09/22/2026,08:45:47:033,0.000000,0.000000,3,-128.56,-128.56,0,0,
09/22/2026,08:45:47:173,0.000000,0.000000,2,-127.14,-127.14,0,0,
09/22/2026,08:45:47:216,0.000000,0.000000,4,-127.85,-127.85,0,0,
09/22/2026,08:45:47:262,0.000000,0.000000,1,-80.58,-80.58,0,0,
09/22/2026,08:45:47:318,0.000000,0.000000,3,-128.24,-128.24,0,0,
09/22/2026,08:45:47:457,0.000000,0.000000,2,-129.54,-129.54,0,0,
09/22/2026,08:45:47:512,0.000000,0.000000,4,-127.96,-127.96,0,0,
09/22/2026,08:45:47:547,0.000000,0.000000,1,-83.54,-83.54,0,0,
09/22/2026,08:45:47:983,0.000000,0.000000,3,-128.83,-128.83,0,0,
09/22/2026,08:45:48:017,0.000000,0.000000,2,-129.24,-129.24,0,0,
09/22/2026,08:45:48:040,0.000000,0.000000,4,-124.11,-124.11,0,0,
09/22/2026,08:45:48:047,0.000000,0.000000,1,-81.71,-81.71,0,0,
09/22/2026,08:45:48:078,0.000000,0.000000,3,-128.53,-128.53,0,0,
09/22/2026,08:45:48:131,0.000000,0.000000,2,-127.9,-127.9,0,0,
09/22/2026,08:45:48:147,0.000000,0.000000,4,-126.06,-126.06,0,0,
09/22/2026,08:45:48:155,0.000000,0.000000,1,-83.63,-83.63,0,0,
09/22/2026,08:45:48:165,0.000000,0.000000,3,-129.24,-129.24,0,0,
09/22/2026,08:45:48:302,0.000000,0.000000,2,-126.95,-126.95,0,0,
09/22/2026,08:45:48:377,0.000000,0.000000,4,-127.84,-127.84,0,0,
09/22/2026,08:45:48:394,0.000000,0.000000,1,-93.84,-93.84,0,0,
09/22/2026,08:45:48:466,0.000000,0.000000,3,-128.85,-128.85,0,0,
09/22/2026,08:45:48:590,0.000000,0.000000,2,-129.07,-129.07,0,0,
09/22/2026,08:45:48:705,0.000000,0.000000,4,-126.16,-126.16,0,0,
09/22/2026,08:45:48:715,0.000000,0.000000,1,-86.55,-86.55,0,0,
09/22/2026,08:45:48:737,0.000000,0.000000,3,-127.32,-127.32,0,0,
09/22/2026,08:45:48:866,0.000000,0.000000,2,-128.95,-128.95,0,0,
09/22/2026,08:45:48:912,0.000000,0.000000,4,-125.46,-125.46,0,0,
09/22/2026,08:45:48:943,0.000000,0.000000,1,-83.97,-83.97,0,0,
09/22/2026,08:45:48:995,0.000000,0.000000,3,-127.88,-127.88,0,0,
09/22/2026,08:45:49:139,0.000000,0.000000,2,-129.6,-129.6,0,0,
09/22/2026,08:45:49:197,0.000000,0.000000,4,-128.87,-128.87,0,0,
09/22/2026,08:45:49:221,0.000000,0.000000,1,-84.75,-84.75,0,0,
09/22/2026,08:45:49:290,0.000000,0.000000,3,-127.76,-127.76,0,0,
09/22/2026,08:45:49:420,0.000000,0.000000,2,-129.22,-129.22,0,0,
09/22/2026,08:45:49:468,0.000000,0.000000,4,-125.72,-125.72,0,0,
09/22/2026,08:45:49:523,0.000000,0.000000,1,-84.92,-84.92,0,0,
09/22/2026,08:45:49:557,0.000000,0.000000,3,-126.59,-126.59,0,0,
09/22/2026,08:45:49:693,0.000000,0.000000,2,-128.24,-128.24,0,0,
09/22/2026,08:45:49:747,0.000000,0.000000,4,-124.89,-124.89,0,0,
09/22/2026,08:45:49:781,0.000000,0.000000,1,-81.31,-81.31,0,0,
09/22/2026,08:45:49:837,0.000000,0.000000,3,-128.91,-128.91,0,0,
09/22/2026,08:45:49:988,0.000000,0.000000,2,-128.25,-128.25,0,0,
09/22/2026,08:45:50:026,0.000000,0.000000,4,-128.54,-128.54,0,0,
09/22/2026,08:45:50:067,0.000000,0.000000,1,-84.83,-84.83,0,0,
09/22/2026,08:45:50:112,0.000000,0.000000,3,-127.34,-127.34,0,0,
09/22/2026,08:45:50:293,0.000000,0.000000,2,-127.49,-127.49,0,0,
09/22/2026,08:45:50:342,0.000000,0.000000,4,-128.65,-128.65,0,0,
09/22/2026,08:45:50:380,0.000000,0.000000,1,-83.59,-83.59,0,0,
09/22/2026,08:45:50:431,0.000000,0.000000,3,-128.41,-128.41,0,0,
09/22/2026,08:45:50:550,0.000000,0.000000,2,-128.02,-128.02,0,0,
09/22/2026,08:45:50:597,0.000000,0.000000,4,-127.64,-127.64,0,0,
09/22/2026,08:45:50:619,0.000000,0.000000,1,-87.93,-87.93,0,0,
09/22/2026,08:45:50:713,0.000000,0.000000,3,-127.71,-127.71,0,0,
09/22/2026,08:45:50:809,0.000000,0.000000,2,-126.94,-126.94,0,0,
09/22/2026,08:45:50:863,0.000000,0.000000,4,-129.05,-129.05,0,0,
09/22/2026,08:45:50:896,0.000000,0.000000,1,-90.94,-90.94,0,0,
09/22/2026,08:45:50:962,0.000000,0.000000,3,-128.27,-128.27,0,0,
09/22/2026,08:45:51:097,0.000000,0.000000,2,-127.48,-127.48,0,0,
09/22/2026,08:45:51:149,0.000000,0.000000,4,-128.7,-128.7,0,0,
09/22/2026,08:45:51:174,0.000000,0.000000,1,-87.78,-87.78,0,0,
09/22/2026,08:45:51:228,0.000000,0.000000,3,-127.54,-127.54,0,0,
09/22/2026,08:45:51:373,0.000000,0.000000,2,-129.16,-129.16,0,0,
09/22/2026,08:45:51:464,0.000000,0.000000,4,-126.04,-126.04,0,0,
09/22/2026,08:45:51:475,0.000000,0.000000,1,-83.22,-83.22,0,0,
09/22/2026,08:45:51:507,0.000000,0.000000,3,-127.3,-127.3,0,0,
09/22/2026,08:45:51:646,0.000000,0.000000,2,-129.27,-129.27,0,0,
09/22/2026,08:45:51:698,0.000000,0.000000,4,-126.48,-126.48,0,0,
09/22/2026,08:45:51:743,0.000000,0.000000,1,-88.88,-88.88,0,0,
09/22/2026,08:45:51:791,0.000000,0.000000,3,-127.61,-127.61,0,0,
09/22/2026,08:45:51:939,0.000000,0.000000,2,-127.8,-127.8,0,0,
09/22/2026,08:45:51:982,0.000000,0.000000,4,-127.5,-127.5,0,0,
09/22/2026,08:45:52:026,0.000000,0.000000,1,-85.18,-85.18,0,0,
09/22/2026,08:45:52:065,0.000000,0.000000,3,-127.53,-127.53,0,0,
09/22/2026,08:45:52:203,0.000000,0.000000,2,-128.19,-128.19,0,0,
09/22/2026,08:45:52:272,0.000000,0.000000,4,-128.65,-128.65,0,0,
09/22/2026,08:45:52:289,0.000000,0.000000,1,-80.19,-80.19,0,0,
09/22/2026,08:45:52:351,0.000000,0.000000,3,-127.48,-127.48,0,0,
09/22/2026,08:45:52:510,0.000000,0.000000,2,-128.01,-128.01,0,0,
09/22/2026,08:45:52:598,0.000000,0.000000,4,-128.18,-128.18,0,0,
09/22/2026,08:45:52:646,0.000000,0.000000,1,-84.95,-84.95,0,0,
09/22/2026,08:45:52:687,0.000000,0.000000,3,-128.01,-128.01,0,0,
09/22/2026,08:45:52:769,0.000000,0.000000,2,-127.8,-127.8,0,0,
09/22/2026,08:45:52:821,0.000000,0.000000,4,-126.07,-126.07,0,0,
09/22/2026,08:45:52:848,0.000000,0.000000,1,-82.83,-82.83,0,0,
09/22/2026,08:45:52:924,0.000000,0.000000,3,-128.71,-128.71,0,0,
09/22/2026,08:45:53:039,0.000000,0.000000,2,-127.25,-127.25,0,0,
09/22/2026,08:45:53:097,0.000000,0.000000,4,-127.68,-127.68,0,0,
09/22/2026,08:45:53:128,0.000000,0.000000,1,-84.17,-84.17,0,0,
09/22/2026,08:45:53:200,0.000000,0.000000,3,-127.51,-127.51,0,0,
09/22/2026,08:45:53:319,0.000000,0.000000,2,-128.68,-128.68,0,0,
09/22/2026,08:45:53:376,0.000000,0.000000,4,-126.44,-126.44,0,0,
09/22/2026,08:45:53:412,0.000000,0.000000,1,-85.32,-85.32,0,0,
09/22/2026,08:45:53:461,0.000000,0.000000,3,-127.51,-127.51,0,0,
09/22/2026,08:45:53:599,0.000000,0.000000,2,-128.24,-128.24,0,0,
09/22/2026,08:45:53:667,0.000000,0.000000,4,-128.01,-128.01,0,0,
09/22/2026,08:45:53:692,0.000000,0.000000,1,-78.59,-78.59,0,0,
09/22/2026,08:45:53:743,0.000000,0.000000,3,-126.48,-126.48,0,0,
09/22/2026,08:45:53:875,0.000000,0.000000,2,-126.82,-126.82,0,0,
09/22/2026,08:45:53:932,0.000000,0.000000,4,-128.7,-128.7,0,0,
09/22/2026,08:45:54:001,0.000000,0.000000,1,-88.98,-88.98,0,0,
09/22/2026,08:45:54:015,0.000000,0.000000,3,-130,-130,0,0,
09/22/2026,08:45:54:230,0.000000,0.000000,2,-128.03,-128.03,0,0,
09/22/2026,08:45:54:303,0.000000,0.000000,4,-127.12,-127.12,0,0,
09/22/2026,08:45:54:352,0.000000,0.000000,1,-81,-81,0,0,
09/22/2026,08:45:54:385,0.000000,0.000000,3,-127.95,-127.95,0,0,
09/22/2026,08:45:54:481,0.000000,0.000000,2,-128.09,-128.09,0,0,
09/22/2026,08:45:54:512,0.000000,0.000000,4,-127.66,-127.66,0,0,
09/22/2026,08:45:54:527,0.000000,0.000000,1,-84.73,-84.73,0,0,
09/22/2026,08:45:54:585,0.000000,0.000000,3,-128.36,-128.36,0,0,
09/22/2026,08:45:54:715,0.000000,0.000000,2,-127.23,-127.23,0,0,
09/22/2026,08:45:54:764,0.000000,0.000000,4,-126.17,-126.17,0,0,
09/22/2026,08:45:54:810,0.000000,0.000000,1,-88.91,-88.91,0,0,
09/22/2026,08:45:54:858,0.000000,0.000000,3,-127.93,-127.93,0,0,
09/22/2026,08:45:54:991,0.000000,0.000000,2,-126.73,-126.73,0,0,
09/22/2026,08:45:55:045,0.000000,0.000000,4,-127.93,-127.93,0,0,
09/22/2026,08:45:55:078,0.000000,0.000000,1,-84.41,-84.41,0,0,
09/22/2026,08:45:55:140,0.000000,0.000000,3,-128.24,-128.24,0,0,
09/22/2026,08:45:55:298,0.000000,0.000000,2,-126.9,-126.9,0,0,
09/22/2026,08:45:55:332,0.000000,0.000000,4,-124.58,-124.58,0,0,
09/22/2026,08:45:55:366,0.000000,0.000000,1,-88.59,-88.59,0,0,
09/22/2026,08:45:55:427,0.000000,0.000000,3,-128.07,-128.07,0,0,
09/22/2026,08:45:55:559,0.000000,0.000000,2,-128.33,-128.33,0,0,
09/22/2026,08:45:55:606,0.000000,0.000000,4,-127.57,-127.57,0,0,
09/22/2026,08:45:55:635,0.000000,0.000000,1,-87.99,-87.99,0,0,
09/22/2026,08:45:55:698,0.000000,0.000000,3,-127.73,-127.73,0,0,
09/22/2026,08:45:55:837,0.000000,0.000000,2,-127.97,-127.97,0,0,
09/22/2026,08:45:55:894,0.000000,0.000000,4,-127.14,-127.14,0,0,
09/22/2026,08:45:55:922,0.000000,0.000000,1,-80.38,-80.38,0,0,
09/22/2026,08:45:55:975,0.000000,0.000000,3,-125.47,-125.47,0,0,
09/22/2026,08:45:56:110,0.000000,0.000000,2,-127.73,-127.73,0,0,
09/22/2026,08:45:56:175,0.000000,0.000000,4,-129.3,-129.3,0,0,
09/22/2026,08:45:56:314,0.000000,0.000000,1,-87.61,-87.61,0,0,
09/22/2026,08:45:56:332,0.000000,0.000000,3,-127.58,-127.58,0,0,
09/22/2026,08:45:56:420,0.000000,0.000000,2,-126.13,-126.13,0,0,
09/22/2026,08:45:56:446,0.000000,0.000000,4,-127.44,-127.44,0,0,
09/22/2026,08:45:56:475,0.000000,0.000000,1,-86.45,-86.45,0,0,
09/22/2026,08:45:56:528,0.000000,0.000000,3,-126.5,-126.5,0,0,
09/22/2026,08:45:56:667,0.000000,0.000000,2,-126.29,-126.29,0,0,
09/22/2026,08:45:56:722,0.000000,0.000000,4,-127.6,-127.6,0,0,
09/22/2026,08:45:56:752,0.000000,0.000000,1,-88.96,-88.96,0,0,
09/22/2026,08:45:56:813,0.000000,0.000000,3,-126.37,-126.37,0,0,
09/22/2026,08:45:56:960,0.000000,0.000000,2,-128.25,-128.25,0,0,
09/22/2026,08:45:57:000,0.000000,0.000000,4,-128.11,-128.11,0,0,
09/22/2026,08:45:57:029,0.000000,0.000000,1,-91.41,-91.41,0,0,
09/22/2026,08:45:57:090,0.000000,0.000000,3,-127.77,-127.77,0,0,
09/22/2026,08:45:57:229,0.000000,0.000000,2,-128.66,-128.66,0,0,
09/22/2026,08:45:57:276,0.000000,0.000000,4,-128.14,-128.14,0,0,
09/22/2026,08:45:57:318,0.000000,0.000000,1,-91.51,-91.51,0,0,
09/22/2026,08:45:57:363,0.000000,0.000000,3,-127.91,-127.91,0,0,
09/22/2026,08:45:57:505,0.000000,0.000000,2,-127.53,-127.53,0,0,
09/22/2026,08:45:57:552,0.000000,0.000000,4,-126.54,-126.54,0,0,
09/22/2026,08:45:57:597,0.000000,0.000000,1,-103.93,-103.93,0,0,
09/22/2026,08:45:57:649,0.000000,0.000000,3,-127.29,-127.29,0,0,
09/22/2026,08:45:57:789,0.000000,0.000000,2,-129.26,-129.26,0,0,
09/22/2026,08:45:57:868,0.000000,0.000000,4,-126.57,-126.57,0,0,
09/22/2026,08:45:57:875,0.000000,0.000000,1,-84.69,-84.69,0,0,
09/22/2026,08:45:57:954,0.000000,0.000000,3,-126.97,-126.97,0,0,
09/22/2026,08:45:58:505,0.000000,0.000000,2,-128.1,-128.1,0,0,
09/22/2026,08:45:58:532,0.000000,0.000000,4,-127.41,-127.41,0,0,
09/22/2026,08:45:58:554,0.000000,0.000000,1,-85.52,-85.52,0,0,
09/22/2026,08:45:58:601,0.000000,0.000000,3,-127.51,-127.51,0,0,
09/22/2026,08:45:58:661,0.000000,0.000000,2,-128.72,-128.72,0,0,
09/22/2026,08:45:58:696,0.000000,0.000000,4,-127.53,-127.53,0,0,
09/22/2026,08:45:58:710,0.000000,0.000000,1,-92.74,-92.74,0,0,
09/22/2026,08:45:58:725,0.000000,0.000000,3,-128.41,-128.41,0,0,
09/22/2026,08:45:58:776,0.000000,0.000000,2,-126.94,-126.94,0,0,
09/22/2026,08:45:58:788,0.000000,0.000000,4,-128.26,-128.26,0,0,
09/22/2026,08:45:58:798,0.000000,0.000000,1,-94.89,-94.89,0,0,
09/22/2026,08:45:58:814,0.000000,0.000000,3,-126.26,-126.26,0,0,
09/22/2026,08:45:58:921,0.000000,0.000000,2,-127.33,-127.33,0,0,
09/22/2026,08:45:58:972,0.000000,0.000000,4,-128.03,-128.03,0,0,
09/22/2026,08:45:59:001,0.000000,0.000000,1,-91.19,-91.19,0,0,
09/22/2026,08:45:59:041,0.000000,0.000000,3,-126.72,-126.72,0,0,
09/22/2026,08:45:59:174,0.000000,0.000000,2,-128.7,-128.7,0,0,
09/22/2026,08:45:59:236,0.000000,0.000000,4,-125.27,-125.27,0,0,
09/22/2026,08:45:59:278,0.000000,0.000000,1,-85.62,-85.62,0,0,
09/22/2026,08:45:59:327,0.000000,0.000000,3,-127.6,-127.6,0,0,
09/22/2026,08:45:59:460,0.000000,0.000000,2,-127.94,-127.94,0,0,
09/22/2026,08:45:59:505,0.000000,0.000000,4,-128.03,-128.03,0,0,
09/22/2026,08:45:59:552,0.000000,0.000000,1,-89.11,-89.11,0,0,
09/22/2026,08:45:59:602,0.000000,0.000000,3,-128.65,-128.65,0,0,
09/22/2026,08:45:59:767,0.000000,0.000000,2,-129.07,-129.07,0,0,
09/22/2026,08:45:59:842,0.000000,0.000000,4,-128.18,-128.18,0,0,
09/22/2026,08:45:59:848,0.000000,0.000000,1,-85.78,-85.78,0,0,
09/22/2026,08:45:59:901,0.000000,0.000000,3,-125.76,-125.76,0,0,
09/22/2026,08:46:00:023,0.000000,0.000000,2,-128.03,-128.03,0,0,
09/22/2026,08:46:00:075,0.000000,0.000000,4,-128.24,-128.24,0,0,
09/22/2026,08:46:00:105,0.000000,0.000000,1,-91.05,-91.05,0,0,
09/22/2026,08:46:00:153,0.000000,0.000000,3,-125.75,-125.75,0,0,
09/22/2026,08:46:00:288,0.000000,0.000000,2,-128.52,-128.52,0,0,
09/22/2026,08:46:00:367,0.000000,0.000000,4,-129.06,-129.06,0,0,
09/22/2026,08:46:00:413,0.000000,0.000000,1,-90.36,-90.36,0,0,
09/22/2026,08:46:00:428,0.000000,0.000000,3,-126.47,-126.47,0,0,
09/22/2026,08:46:00:573,0.000000,0.000000,2,-126.12,-126.12,0,0,
09/22/2026,08:46:00:645,0.000000,0.000000,4,-125.98,-125.98,0,0,
09/22/2026,08:46:00:662,0.000000,0.000000,1,-90.85,-90.85,0,0,
09/22/2026,08:46:00:707,0.000000,0.000000,3,-125.53,-125.53,0,0,
09/22/2026,08:46:00:845,0.000000,0.000000,2,-128.53,-128.53,0,0,
09/22/2026,08:46:00:913,0.000000,0.000000,4,-126.82,-126.82,0,0,
09/22/2026,08:46:00:935,0.000000,0.000000,1,-90.97,-90.97,0,0,
09/22/2026,08:46:00:996,0.000000,0.000000,3,-127.55,-127.55,0,0,
09/22/2026,08:46:01:125,0.000000,0.000000,2,-129.35,-129.35,0,0,
09/22/2026,08:46:01:181,0.000000,0.000000,4,-127.13,-127.13,0,0,
09/22/2026,08:46:01:212,0.000000,0.000000,1,-90.09,-90.09,0,0,
09/22/2026,08:46:01:272,0.000000,0.000000,3,-126.34,-126.34,0,0,
09/22/2026,08:46:01:427,0.000000,0.000000,2,-128.31,-128.31,0,0,
09/22/2026,08:46:01:466,0.000000,0.000000,4,-127.86,-127.86,0,0,
09/22/2026,08:46:01:509,0.000000,0.000000,1,-86.8,-86.8,0,0,
09/22/2026,08:46:01:555,0.000000,0.000000,3,-125.27,-125.27,0,0,
09/22/2026,08:46:01:703,0.000000,0.000000,2,-126.7,-126.7,0,0,
09/22/2026,08:46:01:736,0.000000,0.000000,4,-127.87,-127.87,0,0,
09/22/2026,08:46:01:774,0.000000,0.000000,1,-83.61,-83.61,0,0,
09/22/2026,08:46:01:824,0.000000,0.000000,3,-126.67,-126.67,0,0,
09/22/2026,08:46:01:966,0.000000,0.000000,2,-126,-126,0,0,
09/22/2026,08:46:02:017,0.000000,0.000000,4,-126.97,-126.97,0,0,
09/22/2026,08:46:02:048,0.000000,0.000000,1,-93.39,-93.39,0,0,
09/22/2026,08:46:02:107,0.000000,0.000000,3,-125.54,-125.54,0,0,
09/22/2026,08:46:02:242,0.000000,0.000000,2,-128.68,-128.68,0,0,
09/22/2026,08:46:02:310,0.000000,0.000000,4,-127.28,-127.28,0,0,
09/22/2026,08:46:02:331,0.000000,0.000000,1,-86.91,-86.91,0,0,
09/22/2026,08:46:02:390,0.000000,0.000000,3,-128.19,-128.19,0,0,
09/22/2026,08:46:02:519,0.000000,0.000000,2,-128.87,-128.87,0,0,
09/22/2026,08:46:02:577,0.000000,0.000000,4,-125.54,-125.54,0,0,
09/22/2026,08:46:02:606,0.000000,0.000000,1,-92.32,-92.32,0,0,
09/22/2026,08:46:02:667,0.000000,0.000000,3,-127.3,-127.3,0,0,
09/22/2026,08:46:02:800,0.000000,0.000000,2,-128.91,-128.91,0,0,
09/22/2026,08:46:02:859,0.000000,0.000000,4,-126.62,-126.62,0,0,
09/22/2026,08:46:02:891,0.000000,0.000000,1,-96.85,-96.85,0,0,
09/22/2026,08:46:02:968,0.000000,0.000000,3,-128.36,-128.36,0,0,
09/22/2026,08:46:03:082,0.000000,0.000000,2,-128.42,-128.42,0,0,
09/22/2026,08:46:03:140,0.000000,0.000000,4,-128.22,-128.22,0,0,
09/22/2026,08:46:03:164,0.000000,0.000000,1,-82.02,-82.02,0,0,
09/22/2026,08:46:03:218,0.000000,0.000000,3,-126.58,-126.58,0,0,
09/22/2026,08:46:03:366,0.000000,0.000000,2,-126.36,-126.36,0,0,
09/22/2026,08:46:03:422,0.000000,0.000000,4,-126.44,-126.44,0,0,
09/22/2026,08:46:03:470,0.000000,0.000000,1,-91.16,-91.16,0,0,
09/22/2026,08:46:03:512,0.000000,0.000000,3,-129.11,-129.11,0,0,
09/22/2026,08:46:03:983,0.000000,0.000000,2,-128.1,-128.1,0,0,
09/22/2026,08:46:04:011,0.000000,0.000000,4,-128.08,-128.08,0,0,
09/22/2026,08:46:04:018,0.000000,0.000000,1,-86.69,-86.69,0,0,
09/22/2026,08:46:04:051,0.000000,0.000000,3,-127.5,-127.5,0,0,
09/22/2026,08:46:04:114,0.000000,0.000000,2,-128.81,-128.81,0,0,
09/22/2026,08:46:04:132,0.000000,0.000000,4,-126.91,-126.91,0,0,
09/22/2026,08:46:04:145,0.000000,0.000000,1,-95.27,-95.27,0,0,
09/22/2026,08:46:04:157,0.000000,0.000000,3,-127.11,-127.11,0,0,
09/22/2026,08:46:04:202,0.000000,0.000000,2,-127.42,-127.42,0,0,
09/22/2026,08:46:04:253,0.000000,0.000000,4,-127.67,-127.67,0,0,
09/22/2026,08:46:04:279,0.000000,0.000000,1,-93.87,-93.87,0,0,
09/22/2026,08:46:04:337,0.000000,0.000000,3,-129.25,-129.25,0,0,
09/22/2026,08:46:04:484,0.000000,0.000000,2,-128.67,-128.67,0,0,
09/22/2026,08:46:04:527,0.000000,0.000000,4,-126.75,-126.75,0,0,
09/22/2026,08:46:04:558,0.000000,0.000000,1,-86.86,-86.86,0,0,
09/22/2026,08:46:04:619,0.000000,0.000000,3,-129.56,-129.56,0,0,
09/22/2026,08:46:04:757,0.000000,0.000000,2,-126.32,-126.32,0,0,
09/22/2026,08:46:04:809,0.000000,0.000000,4,-129.19,-129.19,0,0,
09/22/2026,08:46:04:840,0.000000,0.000000,1,-94.44,-94.44,0,0,
09/22/2026,08:46:04:891,0.000000,0.000000,3,-130,-130,0,0,
09/22/2026,08:46:05:043,0.000000,0.000000,2,-127.95,-127.95,0,0,
09/22/2026,08:46:05:083,0.000000,0.000000,4,-125.82,-125.82,0,0,
09/22/2026,08:46:05:115,0.000000,0.000000,1,-90.52,-90.52,0,0,
09/22/2026,08:46:05:185,0.000000,0.000000,3,-126.65,-126.65,0,0,
09/22/2026,08:46:05:331,0.000000,0.000000,2,-127.71,-127.71,0,0,
09/22/2026,08:46:05:413,0.000000,0.000000,4,-126.09,-126.09,0,0,
09/22/2026,08:46:05:424,0.000000,0.000000,1,-89.18,-89.18,0,0,
09/22/2026,08:46:05:556,0.000000,0.000000,3,-128.02,-128.02,0,0,
09/22/2026,08:46:05:661,0.000000,0.000000,2,-128.1,-128.1,0,0,
09/22/2026,08:46:05:684,0.000000,0.000000,4,-129.13,-129.13,0,0,
09/22/2026,08:46:05:708,0.000000,0.000000,1,-89.12,-89.12,0,0,
09/22/2026,08:46:05:727,0.000000,0.000000,3,-128.71,-128.71,0,0,
09/22/2026,08:46:05:866,0.000000,0.000000,2,-128.87,-128.87,0,0,
09/22/2026,08:46:05:938,0.000000,0.000000,4,-127.28,-127.28,0,0,
09/22/2026,08:46:05:955,0.000000,0.000000,1,-88.27,-88.27,0,0,
09/22/2026,08:46:06:005,0.000000,0.000000,3,-127.06,-127.06,0,0,
09/22/2026,08:46:06:166,0.000000,0.000000,2,-127.98,-127.98,0,0,
09/22/2026,08:46:06:197,0.000000,0.000000,4,-126.96,-126.96,0,0,
09/22/2026,08:46:06:229,0.000000,0.000000,1,-91.07,-91.07,0,0,
09/22/2026,08:46:06:296,0.000000,0.000000,3,-127.6,-127.6,0,0,
09/22/2026,08:46:06:441,0.000000,0.000000,2,-129.31,-129.31,0,0,
09/22/2026,08:46:06:482,0.000000,0.000000,4,-127.26,-127.26,0,0,
09/22/2026,08:46:06:517,0.000000,0.000000,1,-93.5,-93.5,0,0,
09/22/2026,08:46:06:561,0.000000,0.000000,3,-127.2,-127.2,0,0,
09/22/2026,08:46:06:717,0.000000,0.000000,2,-129.22,-129.22,0,0,
09/22/2026,08:46:06:757,0.000000,0.000000,4,-128.45,-128.45,0,0,
09/22/2026,08:46:06:806,0.000000,0.000000,1,-88.67,-88.67,0,0,
09/22/2026,08:46:06:847,0.000000,0.000000,3,-126.13,-126.13,0,0,
09/22/2026,08:46:06:982,0.000000,0.000000,2,-127.8,-127.8,0,0,
09/22/2026,08:46:07:032,0.000000,0.000000,4,-127.97,-127.97,0,0,
09/22/2026,08:46:07:102,0.000000,0.000000,1,-87.41,-87.41,0,0,
09/22/2026,08:46:07:159,0.000000,0.000000,3,-127.73,-127.73,0,0,
09/22/2026,08:46:07:286,0.000000,0.000000,2,-129.03,-129.03,0,0,
09/22/2026,08:46:07:326,0.000000,0.000000,4,-127.91,-127.91,0,0,
09/22/2026,08:46:07:367,0.000000,0.000000,1,-95.89,-95.89,0,0,
09/22/2026,08:46:07:407,0.000000,0.000000,3,-127.63,-127.63,0,0,
09/22/2026,08:46:07:545,0.000000,0.000000,2,-126.41,-126.41,0,0,
09/22/2026,08:46:07:591,0.000000,0.000000,4,-126.76,-126.76,0,0,
09/22/2026,08:46:07:629,0.000000,0.000000,1,-93.37,-93.37,0,0,
09/22/2026,08:46:07:687,0.000000,0.000000,3,-128.24,-128.24,0,0,
09/22/2026,08:46:07:821,0.000000,0.000000,2,-129.44,-129.44,0,0,
09/22/2026,08:46:07:871,0.000000,0.000000,4,-125.73,-125.73,0,0,
09/22/2026,08:46:07:920,0.000000,0.000000,1,-91.35,-91.35,0,0,
09/22/2026,08:46:07:960,0.000000,0.000000,3,-126.94,-126.94,0,0,
09/22/2026,08:46:08:094,0.000000,0.000000,2,-127.36,-127.36,0,0,
09/22/2026,08:46:08:149,0.000000,0.000000,4,-127.19,-127.19,0,0,
09/22/2026,08:46:08:186,0.000000,0.000000,1,-89.12,-89.12,0,0,
09/22/2026,08:46:08:239,0.000000,0.000000,3,-127.31,-127.31,0,0,
09/22/2026,08:46:08:396,0.000000,0.000000,2,-129.12,-129.12,0,0,
09/22/2026,08:46:08:431,0.000000,0.000000,4,-127.72,-127.72,0,0,
09/22/2026,08:46:08:475,0.000000,0.000000,1,-88.25,-88.25,0,0,
09/22/2026,08:46:08:514,0.000000,0.000000,3,-127.29,-127.29,0,0,
09/22/2026,08:46:08:667,0.000000,0.000000,2,-128.31,-128.31,0,0,
09/22/2026,08:46:08:715,0.000000,0.000000,4,-127.55,-127.55,0,0,
09/22/2026,08:46:08:763,0.000000,0.000000,1,-90.15,-90.15,0,0,
09/22/2026,08:46:08:803,0.000000,0.000000,3,-126.98,-126.98,0,0,
09/22/2026,08:46:08:967,0.000000,0.000000,2,-127.78,-127.78,0,0,
09/22/2026,08:46:09:396,0.000000,0.000000,4,-126.67,-126.67,0,0,
09/22/2026,08:46:09:420,0.000000,0.000000,1,-94.87,-94.87,0,0,
09/22/2026,08:46:09:479,0.000000,0.000000,3,-127.44,-127.44,0,0,
09/22/2026,08:46:09:554,0.000000,0.000000,2,-127.73,-127.73,0,0,
09/22/2026,08:46:09:572,0.000000,0.000000,4,-126.74,-126.74,0,0,
09/22/2026,08:46:09:623,0.000000,0.000000,1,-92.88,-92.88,0,0,
09/22/2026,08:46:09:645,0.000000,0.000000,3,-125.24,-125.24,0,0,
09/22/2026,08:46:09:706,0.000000,0.000000,2,-126.68,-126.68,0,0,
09/22/2026,08:46:09:720,0.000000,0.000000,4,-129.06,-129.06,0,0,
09/22/2026,08:46:09:753,0.000000,0.000000,1,-90.69,-90.69,0,0,
09/22/2026,08:46:09:764,0.000000,0.000000,3,-127.69,-127.69,0,0,
09/22/2026,08:46:09:794,0.000000,0.000000,2,-127.58,-127.58,0,0,
09/22/2026,08:46:09:839,0.000000,0.000000,4,-127.63,-127.63,0,0,
09/22/2026,08:46:09:872,0.000000,0.000000,1,-92.11,-92.11,0,0,
09/22/2026,08:46:09:934,0.000000,0.000000,3,-127.45,-127.45,0,0,
09/22/2026,08:46:10:074,0.000000,0.000000,2,-128.34,-128.34,0,0,
09/22/2026,08:46:10:136,0.000000,0.000000,4,-128.76,-128.76,0,0,
09/22/2026,08:46:10:170,0.000000,0.000000,1,-91.93,-91.93,0,0,
09/22/2026,08:46:10:228,0.000000,0.000000,3,-129.44,-129.44,0,0,
09/22/2026,08:46:10:370,0.000000,0.000000,2,-128.07,-128.07,0,0,
09/22/2026,08:46:10:424,0.000000,0.000000,4,-128.33,-128.33,0,0,
09/22/2026,08:46:10:475,0.000000,0.000000,1,-90.91,-90.91,0,0,
09/22/2026,08:46:10:541,0.000000,0.000000,3,-127.3,-127.3,0,0,
09/22/2026,08:46:10:671,0.000000,0.000000,2,-127.73,-127.73,0,0,
09/22/2026,08:46:10:722,0.000000,0.000000,4,-129.36,-129.36,0,0,
09/22/2026,08:46:10:767,0.000000,0.000000,1,-98.1,-98.1,0,0,
09/22/2026,08:46:10:828,0.000000,0.000000,3,-128.66,-128.66,0,0,
09/22/2026,08:46:11:014,0.000000,0.000000,2,-128.94,-128.94,0,0,
09/22/2026,08:46:11:053,0.000000,0.000000,4,-125.77,-125.77,0,0,
09/22/2026,08:46:11:089,0.000000,0.000000,1,-90.3,-90.3,0,0,
09/22/2026,08:46:11:173,0.000000,0.000000,3,-126.35,-126.35,0,0,
09/22/2026,08:46:11:305,0.000000,0.000000,2,-127.07,-127.07,0,0,
09/22/2026,08:46:11:346,0.000000,0.000000,4,-127.85,-127.85,0,0,
09/22/2026,08:46:11:384,0.000000,0.000000,1,-88.64,-88.64,0,0,
09/22/2026,08:46:11:440,0.000000,0.000000,3,-125.93,-125.93,0,0,
09/22/2026,08:46:11:583,0.000000,0.000000,2,-128.24,-128.24,0,0,
09/22/2026,08:46:11:667,0.000000,0.000000,4,-127.06,-127.06,0,0,
09/22/2026,08:46:11:672,0.000000,0.000000,1,-94.32,-94.32,0,0,
09/22/2026,08:46:11:730,0.000000,0.000000,3,-129.07,-129.07,0,0,
09/22/2026,08:46:11:883,0.000000,0.000000,2,-126.91,-126.91,0,0,
09/22/2026,08:46:11:947,0.000000,0.000000,4,-126.03,-126.03,0,0,
09/22/2026,08:46:11:984,0.000000,0.000000,1,-91.28,-91.28,0,0,
09/22/2026,08:46:12:050,0.000000,0.000000,3,-129.29,-129.29,0,0,
09/22/2026,08:46:12:204,0.000000,0.000000,2,-128.57,-128.57,0,0,
09/22/2026,08:46:12:255,0.000000,0.000000,4,-126.57,-126.57,0,0,
09/22/2026,08:46:12:311,0.000000,0.000000,1,-98.11,-98.11,0,0,
09/22/2026,08:46:12:372,0.000000,0.000000,3,-127.04,-127.04,0,0,
09/22/2026,08:46:12:512,0.000000,0.000000,2,-127.05,-127.05,0,0,
09/22/2026,08:46:12:564,0.000000,0.000000,4,-125.54,-125.54,0,0,
09/22/2026,08:46:12:607,0.000000,0.000000,1,-90.61,-90.61,0,0,
09/22/2026,08:46:12:711,0.000000,0.000000,3,-128.46,-128.46,0,0,
09/22/2026,08:46:12:851,0.000000,0.000000,2,-127.18,-127.18,0,0,
09/22/2026,08:46:12:934,0.000000,0.000000,4,-124.33,-124.33,0,0,
09/22/2026,08:46:12:941,0.000000,0.000000,1,-87.41,-87.41,0,0,
09/22/2026,08:46:12:979,0.000000,0.000000,3,-126.34,-126.34,0,0,
09/22/2026,08:46:13:106,0.000000,0.000000,2,-127.37,-127.37,0,0,
09/22/2026,08:46:13:143,0.000000,0.000000,4,-126.49,-126.49,0,0,
09/22/2026,08:46:13:219,0.000000,0.000000,1,-88.41,-88.41,0,0,
09/22/2026,08:46:13:243,0.000000,0.000000,3,-127.85,-127.85,0,0,
09/22/2026,08:46:13:411,0.000000,0.000000,2,-126.46,-126.46,0,0,
09/22/2026,08:46:13:458,0.000000,0.000000,4,-127.38,-127.38,0,0,
09/22/2026,08:46:13:501,0.000000,0.000000,1,-86.56,-86.56,0,0,
09/22/2026,08:46:13:560,0.000000,0.000000,3,-127.71,-127.71,0,0,
09/22/2026,08:46:13:723,0.000000,0.000000,2,-128.35,-128.35,0,0,
09/22/2026,08:46:13:770,0.000000,0.000000,4,-127.37,-127.37,0,0,
09/22/2026,08:46:13:814,0.000000,0.000000,1,-81.22,-81.22,0,0,
09/22/2026,08:46:13:879,0.000000,0.000000,3,-126.75,-126.75,0,0,
09/22/2026,08:46:14:027,0.000000,0.000000,2,-125.12,-125.12,0,0,
09/22/2026,08:46:14:083,0.000000,0.000000,4,-126.16,-126.16,0,0,
09/22/2026,08:46:14:127,0.000000,0.000000,1,-91.97,-91.97,0,0,
09/22/2026,08:46:14:173,0.000000,0.000000,3,-127.15,-127.15,0,0,
09/22/2026,08:46:14:332,0.000000,0.000000,2,-127.74,-127.74,0,0,
09/22/2026,08:46:14:372,0.000000,0.000000,4,-126.25,-126.25,0,0,
09/22/2026,08:46:14:414,0.000000,0.000000,1,-83.76,-83.76,0,0,
09/22/2026,08:46:14:887,0.000000,0.000000,3,-128.24,-128.24,0,0,
09/22/2026,08:46:14:940,0.000000,0.000000,2,-127.64,-127.64,0,0,
09/22/2026,08:46:14:970,0.000000,0.000000,4,-125.61,-125.61,0,0,
09/22/2026,08:46:14:981,0.000000,0.000000,1,-84.8,-84.8,0,0,
09/22/2026,08:46:15:004,0.000000,0.000000,3,-127.83,-127.83,0,0,
09/22/2026,08:46:15:047,0.000000,0.000000,2,-128.85,-128.85,0,0,
09/22/2026,08:46:15:062,0.000000,0.000000,4,-128.81,-128.81,0,0,
09/22/2026,08:46:15:072,0.000000,0.000000,1,-87.26,-87.26,0,0,
09/22/2026,08:46:15:091,0.000000,0.000000,3,-126.57,-126.57,0,0,
09/22/2026,08:46:15:233,0.000000,0.000000,2,-125.37,-125.37,0,0,
09/22/2026,08:46:15:297,0.000000,0.000000,4,-129.46,-129.46,0,0,
09/22/2026,08:46:15:358,0.000000,0.000000,1,-88.24,-88.24,0,0,
09/22/2026,08:46:15:391,0.000000,0.000000,3,-128.41,-128.41,0,0,
09/22/2026,08:46:15:534,0.000000,0.000000,2,-123.96,-123.96,0,0,
09/22/2026,08:46:15:593,0.000000,0.000000,4,-127.23,-127.23,0,0,
09/22/2026,08:46:15:631,0.000000,0.000000,1,-90.47,-90.47,0,0,
09/22/2026,08:46:15:687,0.000000,0.000000,3,-127.32,-127.32,0,0,
09/22/2026,08:46:15:838,0.000000,0.000000,2,-127.96,-127.96,0,0,
09/22/2026,08:46:15:896,0.000000,0.000000,4,-128.52,-128.52,0,0,
09/22/2026,08:46:15:939,0.000000,0.000000,1,-87.9,-87.9,0,0,
09/22/2026,08:46:16:013,0.000000,0.000000,3,-127.12,-127.12,0,0,
09/22/2026,08:46:16:128,0.000000,0.000000,2,-128.07,-128.07,0,0,
09/22/2026,08:46:16:179,0.000000,0.000000,4,-125.6,-125.6,0,0,
09/22/2026,08:46:16:213,0.000000,0.000000,1,-81.05,-81.05,0,0,
09/22/2026,08:46:16:270,0.000000,0.000000,3,-126.91,-126.91,0,0,
09/22/2026,08:46:16:439,0.000000,0.000000,2,-126.56,-126.56,0,0,
09/22/2026,08:46:16:484,0.000000,0.000000,4,-127.1,-127.1,0,0,
09/22/2026,08:46:16:518,0.000000,0.000000,1,-77.62,-77.62,0,0,
09/22/2026,08:46:16:598,0.000000,0.000000,3,-124.86,-124.86,0,0,
09/22/2026,08:46:16:730,0.000000,0.000000,2,-128.94,-128.94,0,0,
09/22/2026,08:46:16:773,0.000000,0.000000,4,-126.18,-126.18,0,0,
09/22/2026,08:46:16:812,0.000000,0.000000,1,-78.94,-78.94,0,0,
09/22/2026,08:46:16:898,0.000000,0.000000,3,-127.02,-127.02,0,0,
09/22/2026,08:46:17:032,0.000000,0.000000,2,-126.37,-126.37,0,0,
09/22/2026,08:46:17:091,0.000000,0.000000,4,-127.91,-127.91,0,0,
09/22/2026,08:46:17:126,0.000000,0.000000,1,-70.12,-70.12,0,0,
09/22/2026,08:46:17:187,0.000000,0.000000,3,-127.06,-127.06,0,0,
09/22/2026,08:46:17:318,0.000000,0.000000,2,-126.79,-126.79,0,0,
09/22/2026,08:46:17:370,0.000000,0.000000,4,-126.44,-126.44,0,0,
09/22/2026,08:46:17:404,0.000000,0.000000,1,-69.54,-69.54,0,0,
09/22/2026,08:46:17:463,0.000000,0.000000,3,-127.39,-127.39,0,0,
09/22/2026,08:46:17:600,0.000000,0.000000,2,-127.55,-127.55,0,0,
09/22/2026,08:46:17:649,0.000000,0.000000,4,-126.6,-126.6,0,0,
09/22/2026,08:46:17:700,0.000000,0.000000,1,-74.56,-74.56,0,0,
09/22/2026,08:46:17:751,0.000000,0.000000,3,-127.02,-127.02,0,0,
09/22/2026,08:46:17:886,0.000000,0.000000,2,-128.15,-128.15,0,0,
09/22/2026,08:46:17:947,0.000000,0.000000,4,-127.47,-127.47,0,0,
09/22/2026,08:46:17:983,0.000000,0.000000,1,-76.44,-76.44,0,0,
09/22/2026,08:46:18:038,0.000000,0.000000,3,-127.2,-127.2,0,0,
09/22/2026,08:46:18:196,0.000000,0.000000,2,-128.38,-128.38,0,0,
09/22/2026,08:46:18:248,0.000000,0.000000,4,-127.93,-127.93,0,0,
09/22/2026,08:46:18:357,0.000000,0.000000,1,-78.86,-78.86,0,0,
09/22/2026,08:46:18:366,0.000000,0.000000,3,-127.29,-127.29,0,0,
09/22/2026,08:46:18:563,0.000000,0.000000,2,-127.94,-127.94,0,0,
09/22/2026,08:46:18:580,0.000000,0.000000,4,-127.89,-127.89,0,0,
09/22/2026,08:46:18:611,0.000000,0.000000,1,-85.39,-85.39,0,0,
09/22/2026,08:46:18:627,0.000000,0.000000,3,-127.47,-127.47,0,0,
09/22/2026,08:46:18:791,0.000000,0.000000,2,-126.62,-126.62,0,0,
09/22/2026,08:46:18:853,0.000000,0.000000,4,-128.03,-128.03,0,0,
09/22/2026,08:46:18:886,0.000000,0.000000,1,-82.13,-82.13,0,0,
09/22/2026,08:46:18:934,0.000000,0.000000,3,-129.21,-129.21,0,0,
09/22/2026,08:46:19:090,0.000000,0.000000,2,-128.81,-128.81,0,0,
09/22/2026,08:46:19:144,0.000000,0.000000,4,-128.34,-128.34,0,0,
09/22/2026,08:46:19:178,0.000000,0.000000,1,-86.27,-86.27,0,0,
09/22/2026,08:46:19:232,0.000000,0.000000,3,-126.76,-126.76,0,0,
09/22/2026,08:46:19:391,0.000000,0.000000,2,-127.86,-127.86,0,0,
09/22/2026,08:46:19:458,0.000000,0.000000,4,-125.19,-125.19,0,0,
09/22/2026,08:46:19:489,0.000000,0.000000,1,-98.76,-98.76,0,0,
09/22/2026,08:46:19:538,0.000000,0.000000,3,-129.05,-129.05,0,0,
09/22/2026,08:46:19:680,0.000000,0.000000,2,-129.18,-129.18,0,0,
09/22/2026,08:46:19:742,0.000000,0.000000,4,-126.19,-126.19,0,0,
09/22/2026,08:46:19:785,0.000000,0.000000,1,-89.92,-89.92,0,0,
09/22/2026,08:46:19:862,0.000000,0.000000,3,-126.93,-126.93,0,0,
09/22/2026,08:46:20:401,0.000000,0.000000,2,-128.06,-128.06,0,0,
09/22/2026,08:46:20:478,0.000000,0.000000,4,-129.03,-129.03,0,0,
09/22/2026,08:46:20:487,0.000000,0.000000,1,-85.56,-85.56,0,0,
09/22/2026,08:46:20:531,0.000000,0.000000,3,-128.86,-128.86,0,0,
09/22/2026,08:46:20:626,0.000000,0.000000,2,-125.9,-125.9,0,0,
09/22/2026,08:46:20:670,0.000000,0.000000,4,-127.78,-127.78,0,0,
09/22/2026,08:46:20:683,0.000000,0.000000,1,-95.24,-95.24,0,0,
09/22/2026,08:46:20:704,0.000000,0.000000,3,-127.67,-127.67,0,0,
09/22/2026,08:46:20:741,0.000000,0.000000,2,-129.06,-129.06,0,0,
09/22/2026,08:46:20:762,0.000000,0.000000,4,-127.1,-127.1,0,0,
09/22/2026,08:46:20:769,0.000000,0.000000,1,-87.18,-87.18,0,0,
09/22/2026,08:46:20:803,0.000000,0.000000,3,-128.08,-128.08,0,0,
09/22/2026,08:46:20:897,0.000000,0.000000,2,-127.04,-127.04,0,0,
09/22/2026,08:46:20:967,0.000000,0.000000,4,-128.06,-128.06,0,0,
09/22/2026,08:46:20:996,0.000000,0.000000,1,-83.86,-83.86,0,0,
09/22/2026,08:46:21:075,0.000000,0.000000,3,-128.98,-128.98,0,0,
09/22/2026,08:46:21:210,0.000000,0.000000,2,-128.42,-128.42,0,0,
09/22/2026,08:46:21:261,0.000000,0.000000,4,-129.85,-129.85,0,0,
09/22/2026,08:46:21:329,0.000000,0.000000,1,-82.45,-82.45,0,0,
09/22/2026,08:46:21:368,0.000000,0.000000,3,-126.5,-126.5,0,0,
09/22/2026,08:46:21:512,0.000000,0.000000,2,-129.55,-129.55,0,0,
09/22/2026,08:46:21:561,0.000000,0.000000,4,-126.88,-126.88,0,0,
09/22/2026,08:46:21:610,0.000000,0.000000,1,-99.24,-99.24,0,0,
09/22/2026,08:46:21:689,0.000000,0.000000,3,-128.43,-128.43,0,0,
09/22/2026,08:46:21:872,0.000000,0.000000,2,-126.9,-126.9,0,0,
09/22/2026,08:46:21:910,0.000000,0.000000,4,-126.71,-126.71,0,0,
09/22/2026,08:46:21:943,0.000000,0.000000,1,-89.14,-89.14,0,0,
09/22/2026,08:46:21:993,0.000000,0.000000,3,-127.16,-127.16,0,0,
09/22/2026,08:46:22:158,0.000000,0.000000,2,-127.1,-127.1,0,0,
09/22/2026,08:46:22:213,0.000000,0.000000,4,-127.33,-127.33,0,0,
09/22/2026,08:46:22:250,0.000000,0.000000,1,-82.98,-82.98,0,0,
09/22/2026,08:46:22:288,0.000000,0.000000,3,-128.55,-128.55,0,0,
09/22/2026,08:46:22:448,0.000000,0.000000,2,-127.8,-127.8,0,0,
09/22/2026,08:46:22:502,0.000000,0.000000,4,-126.67,-126.67,0,0,
09/22/2026,08:46:22:529,0.000000,0.000000,1,-76.63,-76.63,0,0,
09/22/2026,08:46:22:578,0.000000,0.000000,3,-127.29,-127.29,0,0,
09/22/2026,08:46:22:727,0.000000,0.000000,2,-127.87,-127.87,0,0,
09/22/2026,08:46:22:773,0.000000,0.000000,4,-127.2,-127.2,0,0,
09/22/2026,08:46:22:807,0.000000,0.000000,1,-97.41,-97.41,0,0,
09/22/2026,08:46:22:858,0.000000,0.000000,3,-127.49,-127.49,0,0,
09/22/2026,08:46:23:006,0.000000,0.000000,2,-127.68,-127.68,0,0,
09/22/2026,08:46:23:065,0.000000,0.000000,4,-126.92,-126.92,0,0,
09/22/2026,08:46:23:111,0.000000,0.000000,1,-79.44,-79.44,0,0,
09/22/2026,08:46:23:155,0.000000,0.000000,3,-128.03,-128.03,0,0,
09/22/2026,08:46:23:305,0.000000,0.000000,2,-128.89,-128.89,0,0,
09/22/2026,08:46:23:363,0.000000,0.000000,4,-128.28,-128.28,0,0,
09/22/2026,08:46:23:383,0.000000,0.000000,1,-77.75,-77.75,0,0,
09/22/2026,08:46:23:457,0.000000,0.000000,3,-128.37,-128.37,0,0,
09/22/2026,08:46:23:597,0.000000,0.000000,2,-126.54,-126.54,0,0,
09/22/2026,08:46:23:651,0.000000,0.000000,4,-127.76,-127.76,0,0,
09/22/2026,08:46:23:708,0.000000,0.000000,1,-82.7,-82.7,0,0,
09/22/2026,08:46:23:757,0.000000,0.000000,3,-129.4,-129.4,0,0,
09/22/2026,08:46:23:914,0.000000,0.000000,2,-128.95,-128.95,0,0,
09/22/2026,08:46:23:971,0.000000,0.000000,4,-128.18,-128.18,0,0,
09/22/2026,08:46:24:012,0.000000,0.000000,1,-81.47,-81.47,0,0,
09/22/2026,08:46:24:071,0.000000,0.000000,3,-129.27,-129.27,0,0,
09/22/2026,08:46:24:224,0.000000,0.000000,2,-125.87,-125.87,0,0,
09/22/2026,08:46:24:271,0.000000,0.000000,4,-128.29,-128.29,0,0,
09/22/2026,08:46:24:307,0.000000,0.000000,1,-86.48,-86.48,0,0,
09/22/2026,08:46:24:378,0.000000,0.000000,3,-129.53,-129.53,0,0,
09/22/2026,08:46:24:529,0.000000,0.000000,2,-126.98,-126.98,0,0,
09/22/2026,08:46:24:587,0.000000,0.000000,4,-127.36,-127.36,0,0,
09/22/2026,08:46:24:612,0.000000,0.000000,1,-90.85,-90.85,0,0,
09/22/2026,08:46:24:684,0.000000,0.000000,3,-127.95,-127.95,0,0,
09/22/2026,08:46:24:840,0.000000,0.000000,2,-128.72,-128.72,0,0,
09/22/2026,08:46:24:886,0.000000,0.000000,4,-126.13,-126.13,0,0,
09/22/2026,08:46:24:918,0.000000,0.000000,1,-83.75,-83.75,0,0,
09/22/2026,08:46:24:986,0.000000,0.000000,3,-127.96,-127.96,0,0,
09/22/2026,08:46:25:143,0.000000,0.000000,2,-127.97,-127.97,0,0,
09/22/2026,08:46:25:202,0.000000,0.000000,4,-128.54,-128.54,0,0,
09/22/2026,08:46:25:245,0.000000,0.000000,1,-89.55,-89.55,0,0,
09/22/2026,08:46:25:307,0.000000,0.000000,3,-126.55,-126.55,0,0,
09/22/2026,08:46:25:850,0.000000,0.000000,2,-126.82,-126.82,0,0,
09/22/2026,08:46:25:868,0.000000,0.000000,4,-127.53,-127.53,0,0,
09/22/2026,08:46:25:880,0.000000,0.000000,1,-80.98,-80.98,0,0,
09/22/2026,08:46:25:901,0.000000,0.000000,3,-126.84,-126.84,0,0,
09/22/2026,08:46:25:942,0.000000,0.000000,2,-127.61,-127.61,0,0,
09/22/2026,08:46:25:957,0.000000,0.000000,4,-125.02,-125.02,0,0,
09/22/2026,08:46:25:985,0.000000,0.000000,1,-83.64,-83.64,0,0,
09/22/2026,08:46:26:000,0.000000,0.000000,3,-128.41,-128.41,0,0,
09/22/2026,08:46:26:111,0.000000,0.000000,2,-128.92,-128.92,0,0,
09/22/2026,08:46:26:137,0.000000,0.000000,4,-127.53,-127.53,0,0,
09/22/2026,08:46:26:195,0.000000,0.000000,1,-80.37,-80.37,0,0,
09/22/2026,08:46:26:255,0.000000,0.000000,3,-128.16,-128.16,0,0,
09/22/2026,08:46:26:399,0.000000,0.000000,2,-129.18,-129.18,0,0,
09/22/2026,08:46:26:454,0.000000,0.000000,4,-126.6,-126.6,0,0,
09/22/2026,08:46:26:525,0.000000,0.000000,1,-79.33,-79.33,0,0,
09/22/2026,08:46:26:546,0.000000,0.000000,3,-128.16,-128.16,0,0,
09/22/2026,08:46:26:693,0.000000,0.000000,2,-126.98,-126.98,0,0,
09/22/2026,08:46:26:749,0.000000,0.000000,4,-127.27,-127.27,0,0,
09/22/2026,08:46:26:777,0.000000,0.000000,1,-77.32,-77.32,0,0,
09/22/2026,08:46:26:839,0.000000,0.000000,3,-127.05,-127.05,0,0,
09/22/2026,08:46:27:007,0.000000,0.000000,2,-127.52,-127.52,0,0,
09/22/2026,08:46:27:053,0.000000,0.000000,4,-129.16,-129.16,0,0,
09/22/2026,08:46:27:091,0.000000,0.000000,1,-81.94,-81.94,0,0,
09/22/2026,08:46:27:161,0.000000,0.000000,3,-126.59,-126.59,0,0,
09/22/2026,08:46:27:289,0.000000,0.000000,2,-128.98,-128.98,0,0,
09/22/2026,08:46:27:338,0.000000,0.000000,4,-128.76,-128.76,0,0,
09/22/2026,08:46:27:388,0.000000,0.000000,1,-86.39,-86.39,0,0,
09/22/2026,08:46:27:436,0.000000,0.000000,3,-126.22,-126.22,0,0,
09/22/2026,08:46:27:610,0.000000,0.000000,2,-126.85,-126.85,0,0,
09/22/2026,08:46:27:751,0.000000,0.000000,4,-129.16,-129.16,0,0,
09/22/2026,08:46:27:760,0.000000,0.000000,1,-79.4,-79.4,0,0,
09/22/2026,08:46:27:801,0.000000,0.000000,3,-127.56,-127.56,0,0,
09/22/2026,08:46:27:918,0.000000,0.000000,2,-126.67,-126.67,0,0,
09/22/2026,08:46:27:967,0.000000,0.000000,4,-126.21,-126.21,0,0,
09/22/2026,08:46:28:019,0.000000,0.000000,1,-81.11,-81.11,0,0,
09/22/2026,08:46:28:061,0.000000,0.000000,3,-127.25,-127.25,0,0,
09/22/2026,08:46:28:219,0.000000,0.000000,2,-127.68,-127.68,0,0,
09/22/2026,08:46:28:265,0.000000,0.000000,4,-126.92,-126.92,0,0,
09/22/2026,08:46:28:320,0.000000,0.000000,1,-85.52,-85.52,0,0,
09/22/2026,08:46:28:377,0.000000,0.000000,3,-127.82,-127.82,0,0,
09/22/2026,08:46:28:547,0.000000,0.000000,2,-128.05,-128.05,0,0,
09/22/2026,08:46:28:589,0.000000,0.000000,4,-128.47,-128.47,0,0,
09/22/2026,08:46:28:653,0.000000,0.000000,1,-85.95,-85.95,0,0,
09/22/2026,08:46:28:694,0.000000,0.000000,3,-127.84,-127.84,0,0,
09/22/2026,08:46:28:857,0.000000,0.000000,2,-126.92,-126.92,0,0,
09/22/2026,08:46:28:923,0.000000,0.000000,4,-126.87,-126.87,0,0,
09/22/2026,08:46:28:937,0.000000,0.000000,1,-82.67,-82.67,0,0,
09/22/2026,08:46:28:982,0.000000,0.000000,3,-127.45,-127.45,0,0,
09/22/2026,08:46:29:136,0.000000,0.000000,2,-125.51,-125.51,0,0,
09/22/2026,08:46:29:194,0.000000,0.000000,4,-126.74,-126.74,0,0,
09/22/2026,08:46:29:229,0.000000,0.000000,1,-88.32,-88.32,0,0,
09/22/2026,08:46:29:298,0.000000,0.000000,3,-127.58,-127.58,0,0,
09/22/2026,08:46:29:446,0.000000,0.000000,2,-127.03,-127.03,0,0,
09/22/2026,08:46:29:493,0.000000,0.000000,4,-126.09,-126.09,0,0,
09/22/2026,08:46:29:541,0.000000,0.000000,1,-87.25,-87.25,0,0,
09/22/2026,08:46:29:593,0.000000,0.000000,3,-127.68,-127.68,0,0,
09/22/2026,08:46:29:792,0.000000,0.000000,2,-128.4,-128.4,0,0,
09/22/2026,08:46:29:836,0.000000,0.000000,4,-127.78,-127.78,0,0,
09/22/2026,08:46:29:880,0.000000,0.000000,1,-92.15,-92.15,0,0,
09/22/2026,08:46:29:894,0.000000,0.000000,3,-127.61,-127.61,0,0,
09/22/2026,08:46:30:036,0.000000,0.000000,2,-127.22,-127.22,0,0,
09/22/2026,08:46:30:088,0.000000,0.000000,4,-126.98,-126.98,0,0,
09/22/2026,08:46:30:115,0.000000,0.000000,1,-81.53,-81.53,0,0,
09/22/2026,08:46:30:177,0.000000,0.000000,3,-128.3,-128.3,0,0,
09/22/2026,08:46:30:329,0.000000,0.000000,2,-129.66,-129.66,0,0,
09/22/2026,08:46:30:386,0.000000,0.000000,4,-128.03,-128.03,0,0,
09/22/2026,08:46:30:427,0.000000,0.000000,1,-78.44,-78.44,0,0,
09/22/2026,08:46:30:495,0.000000,0.000000,3,-126.27,-126.27,0,0,
09/22/2026,08:46:30:649,0.000000,0.000000,2,-128.47,-128.47,0,0,
09/22/2026,08:46:30:705,0.000000,0.000000,4,-127.64,-127.64,0,0,
09/22/2026,08:46:30:751,0.000000,0.000000,1,-93.75,-93.75,0,0,
09/22/2026,08:46:30:818,0.000000,0.000000,3,-127.23,-127.23,0,0,
09/22/2026,08:46:31:739,0.000000,0.000000,2,-128.97,-128.97,0,0,
09/22/2026,08:46:31:756,0.000000,0.000000,4,-126.79,-126.79,0,0,
09/22/2026,08:46:31:791,0.000000,0.000000,1,-84.29,-84.29,0,0,
09/22/2026,08:46:31:808,0.000000,0.000000,3,-127.31,-127.31,0,0,
09/22/2026,08:46:31:855,0.000000,0.000000,2,-128.63,-128.63,0,0,
09/22/2026,08:46:31:867,0.000000,0.000000,4,-125.55,-125.55,0,0,
09/22/2026,08:46:31:878,0.000000,0.000000,1,-83.13,-83.13,0,0,
09/22/2026,08:46:31:893,0.000000,0.000000,3,-129.21,-129.21,0,0,
09/22/2026,08:46:31:948,0.000000,0.000000,2,-129.03,-129.03,0,0,
09/22/2026,08:46:31:964,0.000000,0.000000,4,-127.86,-127.86,0,0,
09/22/2026,08:46:31:969,0.000000,0.000000,1,-85.71,-85.71,0,0,
09/22/2026,08:46:31:979,0.000000,0.000000,3,-128.67,-128.67,0,0,
09/22/2026,08:46:32:033,0.000000,0.000000,2,-127.17,-127.17,0,0,
09/22/2026,08:46:32:043,0.000000,0.000000,4,-126.41,-126.41,0,0,
09/22/2026,08:46:32:055,0.000000,0.000000,1,-83.46,-83.46,0,0,
09/22/2026,08:46:32:081,0.000000,0.000000,3,-126.23,-126.23,0,0,
09/22/2026,08:46:32:134,0.000000,0.000000,2,-129.29,-129.29,0,0,
09/22/2026,08:46:32:170,0.000000,0.000000,4,-126.56,-126.56,0,0,
09/22/2026,08:46:32:202,0.000000,0.000000,1,-77.38,-77.38,0,0,
09/22/2026,08:46:32:253,0.000000,0.000000,3,-126.68,-126.68,0,0,
09/22/2026,08:46:32:401,0.000000,0.000000,2,-125.65,-125.65,0,0,
09/22/2026,08:46:32:451,0.000000,0.000000,4,-125.28,-125.28,0,0,
09/22/2026,08:46:32:487,0.000000,0.000000,1,-74.52,-74.52,0,0,
09/22/2026,08:46:32:540,0.000000,0.000000,3,-128.94,-128.94,0,0,
09/22/2026,08:46:32:688,0.000000,0.000000,2,-128.03,-128.03,0,0,
09/22/2026,08:46:32:745,0.000000,0.000000,4,-124.41,-124.41,0,0,
09/22/2026,08:46:32:788,0.000000,0.000000,1,-75.52,-75.52,0,0,
09/22/2026,08:46:32:853,0.000000,0.000000,3,-127.51,-127.51,0,0,
09/22/2026,08:46:33:001,0.000000,0.000000,2,-127.4,-127.4,0,0,
09/22/2026,08:46:33:064,0.000000,0.000000,4,-127.6,-127.6,0,0,
09/22/2026,08:46:33:101,0.000000,0.000000,1,-81.96,-81.96,0,0,
09/22/2026,08:46:33:152,0.000000,0.000000,3,-126.73,-126.73,0,0,
09/22/2026,08:46:33:302,0.000000,0.000000,2,-126.71,-126.71,0,0,
09/22/2026,08:46:33:380,0.000000,0.000000,4,-125.66,-125.66,0,0,
09/22/2026,08:46:33:392,0.000000,0.000000,1,-83.73,-83.73,0,0,
09/22/2026,08:46:33:429,0.000000,0.000000,3,-126.36,-126.36,0,0,
09/22/2026,08:46:33:671,0.000000,0.000000,2,-127.83,-127.83,0,0,
09/22/2026,08:46:33:686,0.000000,0.000000,4,-126.36,-126.36,0,0,
09/22/2026,08:46:33:692,0.000000,0.000000,1,-85.77,-85.77,0,0,
09/22/2026,08:46:33:754,0.000000,0.000000,3,-127.76,-127.76,0,0,
09/22/2026,08:46:33:933,0.000000,0.000000,2,-128.86,-128.86,0,0,
09/22/2026,08:46:33:960,0.000000,0.000000,4,-127.56,-127.56,0,0,
09/22/2026,08:46:33:992,0.000000,0.000000,1,-91.01,-91.01,0,0,
09/22/2026,08:46:34:056,0.000000,0.000000,3,-127.01,-127.01,0,0,
09/22/2026,08:46:34:216,0.000000,0.000000,2,-127.46,-127.46,0,0,
09/22/2026,08:46:34:267,0.000000,0.000000,4,-124.97,-124.97,0,0,
09/22/2026,08:46:34:293,0.000000,0.000000,1,-85.59,-85.59,0,0,
09/22/2026,08:46:34:352,0.000000,0.000000,3,-127.13,-127.13,0,0,
09/22/2026,08:46:34:498,0.000000,0.000000,2,-126.26,-126.26,0,0,
09/22/2026,08:46:34:546,0.000000,0.000000,4,-127.04,-127.04,0,0,
09/22/2026,08:46:34:594,0.000000,0.000000,1,-86.92,-86.92,0,0,
09/22/2026,08:46:34:661,0.000000,0.000000,3,-126.13,-126.13,0,0,
09/22/2026,08:46:34:819,0.000000,0.000000,2,-127.15,-127.15,0,0,
09/22/2026,08:46:34:877,0.000000,0.000000,4,-128.25,-128.25,0,0,
09/22/2026,08:46:34:915,0.000000,0.000000,1,-81.89,-81.89,0,0,
09/22/2026,08:46:34:959,0.000000,0.000000,3,-127.3,-127.3,0,0,
09/22/2026,08:46:35:091,0.000000,0.000000,2,-126.91,-126.91,0,0,
09/22/2026,08:46:35:167,0.000000,0.000000,4,-127.62,-127.62,0,0,
09/22/2026,08:46:35:208,0.000000,0.000000,1,-86.02,-86.02,0,0,
09/22/2026,08:46:35:263,0.000000,0.000000,3,-126.94,-126.94,0,0,
09/22/2026,08:46:35:385,0.000000,0.000000,2,-128.07,-128.07,0,0,
09/22/2026,08:46:35:442,0.000000,0.000000,4,-125.81,-125.81,0,0,
09/22/2026,08:46:35:474,0.000000,0.000000,1,-80,-80,0,0,
09/22/2026,08:46:35:546,0.000000,0.000000,3,-128.76,-128.76,0,0,
09/22/2026,08:46:35:680,0.000000,0.000000,2,-127.11,-127.11,0,0,
09/22/2026,08:46:35:732,0.000000,0.000000,4,-128.29,-128.29,0,0,
09/22/2026,08:46:35:786,0.000000,0.000000,1,-82.56,-82.56,0,0,
09/22/2026,08:46:35:831,0.000000,0.000000,3,-127.9,-127.9,0,0,
09/22/2026,08:46:35:982,0.000000,0.000000,2,-127.09,-127.09,0,0,
09/22/2026,08:46:36:040,0.000000,0.000000,4,-128.03,-128.03,0,0,
09/22/2026,08:46:36:092,0.000000,0.000000,1,-91.84,-91.84,0,0,
09/22/2026,08:46:36:147,0.000000,0.000000,3,-126.17,-126.17,0,0,
09/22/2026,08:46:36:298,0.000000,0.000000,2,-127.9,-127.9,0,0,
09/22/2026,08:46:36:366,0.000000,0.000000,4,-126.98,-126.98,0,0,
09/22/2026,08:46:36:387,0.000000,0.000000,1,-82.48,-82.48,0,0,
09/22/2026,08:46:36:450,0.000000,0.000000,3,-127.23,-127.23,0,0,
09/22/2026,08:46:36:604,0.000000,0.000000,2,-128.63,-128.63,0,0,
09/22/2026,08:46:36:650,0.000000,0.000000,4,-127.65,-127.65,0,0,
09/22/2026,08:46:37:118,0.000000,0.000000,1,-80.25,-80.25,0,0,
09/22/2026,08:46:37:124,0.000000,0.000000,3,-128.82,-128.82,0,0,
09/22/2026,08:46:37:167,0.000000,0.000000,2,-127.04,-127.04,0,0,
09/22/2026,08:46:37:193,0.000000,0.000000,4,-127.39,-127.39,0,0,
09/22/2026,08:46:37:200,0.000000,0.000000,1,-77.7,-77.7,0,0,
09/22/2026,08:46:37:215,0.000000,0.000000,3,-127.47,-127.47,0,0,
09/22/2026,08:46:37:245,0.000000,0.000000,2,-128.29,-128.29,0,0,
09/22/2026,08:46:37:297,0.000000,0.000000,4,-129.57,-129.57,0,0,
09/22/2026,08:46:37:329,0.000000,0.000000,1,-80.63,-80.63,0,0,
09/22/2026,08:46:37:393,0.000000,0.000000,3,-129.02,-129.02,0,0,
09/22/2026,08:46:37:535,0.000000,0.000000,2,-126.79,-126.79,0,0,
09/22/2026,08:46:37:595,0.000000,0.000000,4,-126.91,-126.91,0,0,
09/22/2026,08:46:37:626,0.000000,0.000000,1,-77.82,-77.82,0,0,
09/22/2026,08:46:37:680,0.000000,0.000000,3,-127.53,-127.53,0,0,
09/22/2026,08:46:37:840,0.000000,0.000000,2,-128.62,-128.62,0,0,
09/22/2026,08:46:37:892,0.000000,0.000000,4,-126.79,-126.79,0,0,
09/22/2026,08:46:37:920,0.000000,0.000000,1,-79.78,-79.78,0,0,
09/22/2026,08:46:37:987,0.000000,0.000000,3,-126.82,-126.82,0,0,
09/22/2026,08:46:38:146,0.000000,0.000000,2,-127.71,-127.71,0,0,
09/22/2026,08:46:38:197,0.000000,0.000000,4,-127.61,-127.61,0,0,
09/22/2026,08:46:38:243,0.000000,0.000000,1,-85.44,-85.44,0,0,
09/22/2026,08:46:38:309,0.000000,0.000000,3,-129.63,-129.63,0,0,
09/22/2026,08:46:38:468,0.000000,0.000000,2,-127.89,-127.89,0,0,
09/22/2026,08:46:38:516,0.000000,0.000000,4,-127.9,-127.9,0,0,
09/22/2026,08:46:38:562,0.000000,0.000000,1,-93.48,-93.48,0,0,
09/22/2026,08:46:38:636,0.000000,0.000000,3,-127.3,-127.3,0,0,
09/22/2026,08:46:38:792,0.000000,0.000000,2,-127.9,-127.9,0,0,
09/22/2026,08:46:38:834,0.000000,0.000000,4,-127.92,-127.92,0,0,
09/22/2026,08:46:38:872,0.000000,0.000000,1,-95.43,-95.43,0,0,
09/22/2026,08:46:38:927,0.000000,0.000000,3,-130,-130,0,0,
09/22/2026,08:46:39:075,0.000000,0.000000,2,-128.17,-128.17,0,0,
09/22/2026,08:46:39:141,0.000000,0.000000,4,-127.75,-127.75,0,0,
09/22/2026,08:46:39:174,0.000000,0.000000,1,-90.92,-90.92,0,0,
09/22/2026,08:46:39:232,0.000000,0.000000,3,-126.74,-126.74,0,0,
09/22/2026,08:46:39:381,0.000000,0.000000,2,-126.85,-126.85,0,0,
09/22/2026,08:46:39:435,0.000000,0.000000,4,-125.98,-125.98,0,0,
09/22/2026,08:46:39:467,0.000000,0.000000,1,-87.39,-87.39,0,0,
09/22/2026,08:46:39:539,0.000000,0.000000,3,-126.81,-126.81,0,0,
09/22/2026,08:46:39:690,0.000000,0.000000,2,-126.77,-126.77,0,0,
09/22/2026,08:46:39:747,0.000000,0.000000,4,-126.74,-126.74,0,0,
09/22/2026,08:46:39:786,0.000000,0.000000,1,-85.09,-85.09,0,0,
09/22/2026,08:46:39:850,0.000000,0.000000,3,-127.4,-127.4,0,0,
09/22/2026,08:46:39:993,0.000000,0.000000,2,-127.25,-127.25,0,0,
09/22/2026,08:46:40:042,0.000000,0.000000,4,-126.2,-126.2,0,0,
09/22/2026,08:46:40:087,0.000000,0.000000,1,-84.09,-84.09,0,0,
09/22/2026,08:46:40:140,0.000000,0.000000,3,-127.55,-127.55,0,0,
09/22/2026,08:46:40:320,0.000000,0.000000,2,-127.43,-127.43,0,0,
09/22/2026,08:46:40:360,0.000000,0.000000,4,-128.69,-128.69,0,0,
09/22/2026,08:46:40:389,0.000000,0.000000,1,-88.79,-88.79,0,0,
09/22/2026,08:46:40:448,0.000000,0.000000,3,-127.04,-127.04,0,0,
09/22/2026,08:46:40:629,0.000000,0.000000,2,-127.58,-127.58,0,0,
09/22/2026,08:46:40:668,0.000000,0.000000,4,-126.42,-126.42,0,0,
09/22/2026,08:46:40:709,0.000000,0.000000,1,-85.43,-85.43,0,0,
09/22/2026,08:46:40:760,0.000000,0.000000,3,-128.99,-128.99,0,0,
09/22/2026,08:46:40:917,0.000000,0.000000,2,-128.99,-128.99,0,0,
09/22/2026,08:46:40:965,0.000000,0.000000,4,-126.13,-126.13,0,0,
09/22/2026,08:46:40:996,0.000000,0.000000,1,-94.31,-94.31,0,0,
09/22/2026,08:46:41:060,0.000000,0.000000,3,-127.37,-127.37,0,0,
09/22/2026,08:46:41:222,0.000000,0.000000,2,-126.95,-126.95,0,0,
09/22/2026,08:46:41:278,0.000000,0.000000,4,-126.74,-126.74,0,0,
09/22/2026,08:46:41:324,0.000000,0.000000,1,-91.19,-91.19,0,0,
09/22/2026,08:46:41:374,0.000000,0.000000,3,-126.64,-126.64,0,0,
09/22/2026,08:46:41:523,0.000000,0.000000,2,-130,-130,0,0,
09/22/2026,08:46:41:610,0.000000,0.000000,4,-128.93,-128.93,0,0,
09/22/2026,08:46:41:614,0.000000,0.000000,1,-88.34,-88.34,0,0,
09/22/2026,08:46:41:690,0.000000,0.000000,3,-128.07,-128.07,0,0,
09/22/2026,08:46:41:845,0.000000,0.000000,2,-127.25,-127.25,0,0,
09/22/2026,08:46:41:891,0.000000,0.000000,4,-126.78,-126.78,0,0,
09/22/2026,08:46:41:936,0.000000,0.000000,1,-78.47,-78.47,0,0,
09/22/2026,08:46:41:999,0.000000,0.000000,3,-127.77,-127.77,0,0,
09/22/2026,08:46:42:148,0.000000,0.000000,2,-123.74,-123.74,0,0,
09/22/2026,08:46:42:607,0.000000,0.000000,4,-127.53,-127.53,0,0,
09/22/2026,08:46:42:642,0.000000,0.000000,1,-80.54,-80.54,0,0,
09/22/2026,08:46:42:662,0.000000,0.000000,3,-128.75,-128.75,0,0,
09/22/2026,08:46:42:720,0.000000,0.000000,2,-128.12,-128.12,0,0,
09/22/2026,08:46:42:745,0.000000,0.000000,4,-125.5,-125.5,0,0,
09/22/2026,08:46:42:753,0.000000,0.000000,1,-88.48,-88.48,0,0,
09/22/2026,08:46:42:766,0.000000,0.000000,3,-128.69,-128.69,0,0,
09/22/2026,08:46:42:803,0.000000,0.000000,2,-128,-128,0,0,
09/22/2026,08:46:42:818,0.000000,0.000000,4,-126.31,-126.31,0,0,
09/22/2026,08:46:42:823,0.000000,0.000000,1,-83.12,-83.12,0,0,
09/22/2026,08:46:42:885,0.000000,0.000000,3,-129.24,-129.24,0,0,
09/22/2026,08:46:43:023,0.000000,0.000000,2,-126.37,-126.37,0,0,
09/22/2026,08:46:43:093,0.000000,0.000000,4,-127.83,-127.83,0,0,
09/22/2026,08:46:43:113,0.000000,0.000000,1,-83.44,-83.44,0,0,
09/22/2026,08:46:43:194,0.000000,0.000000,3,-127.42,-127.42,0,0,
09/22/2026,08:46:43:314,0.000000,0.000000,2,-125.67,-125.67,0,0,
09/22/2026,08:46:43:384,0.000000,0.000000,4,-127.09,-127.09,0,0,
09/22/2026,08:46:43:426,0.000000,0.000000,1,-77.56,-77.56,0,0,
09/22/2026,08:46:43:478,0.000000,0.000000,3,-127.21,-127.21,0,0,
09/22/2026,08:46:43:625,0.000000,0.000000,2,-127.08,-127.08,0,0,
09/22/2026,08:46:43:675,0.000000,0.000000,4,-126.97,-126.97,0,0,
09/22/2026,08:46:43:700,0.000000,0.000000,1,-90.32,-90.32,0,0,
09/22/2026,08:46:43:750,0.000000,0.000000,3,-127.82,-127.82,0,0,
09/22/2026,08:46:43:924,0.000000,0.000000,2,-127.38,-127.38,0,0,
09/22/2026,08:46:43:942,0.000000,0.000000,4,-128.29,-128.29,0,0,
09/22/2026,08:46:43:984,0.000000,0.000000,1,-89.84,-89.84,0,0,
09/22/2026,08:46:44:035,0.000000,0.000000,3,-124.63,-124.63,0,0,
09/22/2026,08:46:44:177,0.000000,0.000000,2,-125.25,-125.25,0,0,
09/22/2026,08:46:44:227,0.000000,0.000000,4,-129.51,-129.51,0,0,
09/22/2026,08:46:44:265,0.000000,0.000000,1,-83.24,-83.24,0,0,
09/22/2026,08:46:44:317,0.000000,0.000000,3,-129.52,-129.52,0,0,
09/22/2026,08:46:44:477,0.000000,0.000000,2,-126.18,-126.18,0,0,
09/22/2026,08:46:44:561,0.000000,0.000000,4,-127.36,-127.36,0,0,
09/22/2026,08:46:44:608,0.000000,0.000000,1,-83.73,-83.73,0,0,
09/22/2026,08:46:44:655,0.000000,0.000000,3,-127.92,-127.92,0,0,
09/22/2026,08:46:44:748,0.000000,0.000000,2,-128.02,-128.02,0,0,
09/22/2026,08:46:44:808,0.000000,0.000000,4,-128.72,-128.72,0,0,
09/22/2026,08:46:44:829,0.000000,0.000000,1,-83.48,-83.48,0,0,
09/22/2026,08:46:44:882,0.000000,0.000000,3,-125.91,-125.91,0,0,
09/22/2026,08:46:45:026,0.000000,0.000000,2,-127.72,-127.72,0,0,
09/22/2026,08:46:45:078,0.000000,0.000000,4,-127.14,-127.14,0,0,
09/22/2026,08:46:45:112,0.000000,0.000000,1,-92.35,-92.35,0,0,
09/22/2026,08:46:45:204,0.000000,0.000000,3,-129.34,-129.34,0,0,
09/22/2026,08:46:45:313,0.000000,0.000000,2,-127.31,-127.31,0,0,
09/22/2026,08:46:45:372,0.000000,0.000000,4,-127.79,-127.79,0,0,
09/22/2026,08:46:45:400,0.000000,0.000000,1,-87.47,-87.47,0,0,
09/22/2026,08:46:45:464,0.000000,0.000000,3,-126.13,-126.13,0,0,
09/22/2026,08:46:45:613,0.000000,0.000000,2,-126.57,-126.57,0,0,
09/22/2026,08:46:45:661,0.000000,0.000000,4,-128.26,-128.26,0,0,
09/22/2026,08:46:45:695,0.000000,0.000000,1,-99.8,-99.8,0,0,
09/22/2026,08:46:45:750,0.000000,0.000000,3,-126.61,-126.61,0,0,
09/22/2026,08:46:45:884,0.000000,0.000000,2,-125.48,-125.48,0,0,
09/22/2026,08:46:45:941,0.000000,0.000000,4,-127.55,-127.55,0,0,
09/22/2026,08:46:45:981,0.000000,0.000000,1,-89.73,-89.73,0,0,
09/22/2026,08:46:46:043,0.000000,0.000000,3,-127.23,-127.23,0,0,
09/22/2026,08:46:46:194,0.000000,0.000000,2,-127.69,-127.69,0,0,
09/22/2026,08:46:46:243,0.000000,0.000000,4,-127.49,-127.49,0,0,
09/22/2026,08:46:46:284,0.000000,0.000000,1,-87.32,-87.32,0,0,
09/22/2026,08:46:46:326,0.000000,0.000000,3,-126.68,-126.68,0,0,
09/22/2026,08:46:46:494,0.000000,0.000000,2,-127.49,-127.49,0,0,
09/22/2026,08:46:46:522,0.000000,0.000000,4,-125.7,-125.7,0,0,
09/22/2026,08:46:46:563,0.000000,0.000000,1,-82.91,-82.91,0,0,
09/22/2026,08:46:46:608,0.000000,0.000000,3,-127.66,-127.66,0,0,
09/22/2026,08:46:46:755,0.000000,0.000000,2,-127.98,-127.98,0,0,
09/22/2026,08:46:46:802,0.000000,0.000000,4,-127.9,-127.9,0,0,
09/22/2026,08:46:46:838,0.000000,0.000000,1,-89.3,-89.3,0,0,
09/22/2026,08:46:46:889,0.000000,0.000000,3,-128.64,-128.64,0,0,
09/22/2026,08:46:47:033,0.000000,0.000000,2,-128.98,-128.98,0,0,
09/22/2026,08:46:47:097,0.000000,0.000000,4,-125.77,-125.77,0,0,
09/22/2026,08:46:47:132,0.000000,0.000000,1,-81.84,-81.84,0,0,
09/22/2026,08:46:47:182,0.000000,0.000000,3,-127.07,-127.07,0,0,
09/22/2026,08:46:47:320,0.000000,0.000000,2,-124.93,-124.93,0,0,
09/22/2026,08:46:47:373,0.000000,0.000000,4,-126.58,-126.58,0,0,
09/22/2026,08:46:47:403,0.000000,0.000000,1,-82.63,-82.63,0,0,
09/22/2026,08:46:47:468,0.000000,0.000000,3,-128.84,-128.84,0,0,
09/22/2026,08:46:47:610,0.000000,0.000000,2,-130,-130,0,0,
09/22/2026,08:46:47:675,0.000000,0.000000,4,-128.71,-128.71,0,0,
09/22/2026,08:46:47:699,0.000000,0.000000,1,-91.47,-91.47,0,0,
09/22/2026,08:46:47:787,0.000000,0.000000,3,-127.62,-127.62,0,0,
09/22/2026,08:46:47:889,0.000000,0.000000,2,-130,-130,0,0,
09/22/2026,08:46:47:941,0.000000,0.000000,4,-128.04,-128.04,0,0,
09/22/2026,08:46:48:037,0.000000,0.000000,1,-84.05,-84.05,0,0,
09/22/2026,08:46:48:089,0.000000,0.000000,3,-126.91,-126.91,0,0,
09/22/2026,08:46:48:211,0.000000,0.000000,2,-127.2,-127.2,0,0,
09/22/2026,08:46:48:310,0.000000,0.000000,4,-126.29,-126.29,0,0,
09/22/2026,08:46:48:340,0.000000,0.000000,1,-94.97,-94.97,0,0,
09/22/2026,08:46:48:381,0.000000,0.000000,3,-128,-128,0,0,
09/22/2026,08:46:48:452,0.000000,0.000000,2,-129.15,-129.15,0,0,
09/22/2026,08:46:48:515,0.000000,0.000000,4,-126.95,-126.95,0,0,
09/22/2026,08:46:48:538,0.000000,0.000000,1,-86.73,-86.73,0,0,
09/22/2026,08:46:48:604,0.000000,0.000000,3,-126.58,-126.58,0,0,
09/22/2026,08:46:48:744,0.000000,0.000000,2,-127.88,-127.88,0,0,
09/22/2026,08:46:48:792,0.000000,0.000000,4,-127.59,-127.59,0,0,
09/22/2026,08:46:48:848,0.000000,0.000000,1,-82.69,-82.69,0,0,
09/22/2026,08:46:48:892,0.000000,0.000000,3,-127.85,-127.85,0,0,
09/22/2026,08:46:49:046,0.000000,0.000000,2,-128.04,-128.04,0,0,
09/22/2026,08:46:49:096,0.000000,0.000000,4,-126.14,-126.14,0,0,
09/22/2026,08:46:49:127,0.000000,0.000000,1,-100.39,-100.39,0,0,
09/22/2026,08:46:49:192,0.000000,0.000000,3,-127.42,-127.42,0,0,
09/22/2026,08:46:49:330,0.000000,0.000000,2,-129.23,-129.23,0,0,
09/22/2026,08:46:49:380,0.000000,0.000000,4,-127.68,-127.68,0,0,
09/22/2026,08:46:49:428,0.000000,0.000000,1,-88.53,-88.53,0,0,
09/22/2026,08:46:49:474,0.000000,0.000000,3,-125.66,-125.66,0,0,
09/22/2026,08:46:49:615,0.000000,0.000000,2,-126.83,-126.83,0,0,
09/22/2026,08:46:49:669,0.000000,0.000000,4,-125.98,-125.98,0,0,
09/22/2026,08:46:49:700,0.000000,0.000000,1,-85.61,-85.61,0,0,
09/22/2026,08:46:49:762,0.000000,0.000000,3,-128.93,-128.93,0,0,
09/22/2026,08:46:49:932,0.000000,0.000000,2,-128.28,-128.28,0,0,
09/22/2026,08:46:50:011,0.000000,0.000000,4,-125.43,-125.43,0,0,
09/22/2026,08:46:50:023,0.000000,0.000000,1,-93.05,-93.05,0,0,
09/22/2026,08:46:50:058,0.000000,0.000000,3,-127.26,-127.26,0,0,
09/22/2026,08:46:50:216,0.000000,0.000000,2,-129.62,-129.62,0,0,
09/22/2026,08:46:50:251,0.000000,0.000000,4,-129.19,-129.19,0,0,
09/22/2026,08:46:50:285,0.000000,0.000000,1,-94.18,-94.18,0,0,
09/22/2026,08:46:50:336,0.000000,0.000000,3,-127.53,-127.53,0,0,
09/22/2026,08:46:50:474,0.000000,0.000000,2,-126.74,-126.74,0,0,
09/22/2026,08:46:50:528,0.000000,0.000000,4,-125.49,-125.49,0,0,
09/22/2026,08:46:50:570,0.000000,0.000000,1,-88.78,-88.78,0,0,
09/22/2026,08:46:50:650,0.000000,0.000000,3,-127.96,-127.96,0,0,
09/22/2026,08:46:50:780,0.000000,0.000000,2,-127.76,-127.76,0,0,
09/22/2026,08:46:50:835,0.000000,0.000000,4,-126.13,-126.13,0,0,
09/22/2026,08:46:50:876,0.000000,0.000000,1,-87.36,-87.36,0,0,
09/22/2026,08:46:50:922,0.000000,0.000000,3,-129.12,-129.12,0,0,
09/22/2026,08:46:51:064,0.000000,0.000000,2,-129.19,-129.19,0,0,
09/22/2026,08:46:51:127,0.000000,0.000000,4,-127.97,-127.97,0,0,
09/22/2026,08:46:51:160,0.000000,0.000000,1,-93.1,-93.1,0,0,
09/22/2026,08:46:51:206,0.000000,0.000000,3,-129.48,-129.48,0,0,
09/22/2026,08:46:51:345,0.000000,0.000000,2,-127.92,-127.92,0,0,
09/22/2026,08:46:51:400,0.000000,0.000000,4,-128.59,-128.59,0,0,
09/22/2026,08:46:51:447,0.000000,0.000000,1,-85.06,-85.06,0,0,
09/22/2026,08:46:51:480,0.000000,0.000000,3,-127.49,-127.49,0,0,
09/22/2026,08:46:51:624,0.000000,0.000000,2,-126.08,-126.08,0,0,
09/22/2026,08:46:51:680,0.000000,0.000000,4,-129.17,-129.17,0,0,
09/22/2026,08:46:51:732,0.000000,0.000000,1,-86.22,-86.22,0,0,
09/22/2026,08:46:51:817,0.000000,0.000000,3,-127.7,-127.7,0,0,
09/22/2026,08:46:51:958,0.000000,0.000000,2,-128.89,-128.89,0,0,
09/22/2026,08:46:52:007,0.000000,0.000000,4,-129.08,-129.08,0,0,
09/22/2026,08:46:52:049,0.000000,0.000000,1,-85.61,-85.61,0,0,
09/22/2026,08:46:52:128,0.000000,0.000000,3,-126.87,-126.87,0,0,
09/22/2026,08:46:52:188,0.000000,0.000000,2,-127.53,-127.53,0,0,
09/22/2026,08:46:52:245,0.000000,0.000000,4,-129.44,-129.44,0,0,
09/22/2026,08:46:52:300,0.000000,0.000000,1,-93.04,-93.04,0,0,
09/22/2026,08:46:52:347,0.000000,0.000000,3,-127.49,-127.49,0,0,
09/22/2026,08:46:52:487,0.000000,0.000000,2,-128.15,-128.15,0,0,
09/22/2026,08:46:52:539,0.000000,0.000000,4,-127.64,-127.64,0,0,
09/22/2026,08:46:52:578,0.000000,0.000000,1,-85.22,-85.22,0,0,
09/22/2026,08:46:52:631,0.000000,0.000000,3,-126.79,-126.79,0,0,
09/22/2026,08:46:52:771,0.000000,0.000000,2,-127.04,-127.04,0,0,
09/22/2026,08:46:52:821,0.000000,0.000000,4,-128.79,-128.79,0,0,
09/22/2026,08:46:52:890,0.000000,0.000000,1,-94.28,-94.28,0,0,
09/22/2026,08:46:52:911,0.000000,0.000000,3,-129.08,-129.08,0,0,
09/22/2026,08:46:53:053,0.000000,0.000000,2,-127.42,-127.42,0,0,
09/22/2026,08:46:53:127,0.000000,0.000000,4,-128.49,-128.49,0,0,
09/22/2026,08:46:53:153,0.000000,0.000000,1,-84.47,-84.47,0,0,
09/22/2026,08:46:53:211,0.000000,0.000000,3,-127.47,-127.47,0,0,
09/22/2026,08:46:53:356,0.000000,0.000000,2,-128.12,-128.12,0,0,
09/22/2026,08:46:53:411,0.000000,0.000000,4,-126.35,-126.35,0,0,
09/22/2026,08:46:53:437,0.000000,0.000000,1,-82.73,-82.73,0,0,
09/22/2026,08:46:53:482,0.000000,0.000000,3,-127.24,-127.24,0,0,
09/22/2026,08:46:53:652,0.000000,0.000000,2,-127.98,-127.98,0,0,
09/22/2026,08:46:53:698,0.000000,0.000000,4,-128.2,-128.2,0,0,
09/22/2026,08:46:53:746,0.000000,0.000000,1,-85.64,-85.64,0,0,
09/22/2026,08:46:53:790,0.000000,0.000000,3,-127.7,-127.7,0,0,
09/22/2026,08:46:53:929,0.000000,0.000000,2,-127.69,-127.69,0,0,
09/22/2026,08:46:53:963,0.000000,0.000000,4,-127.54,-127.54,0,0,
09/22/2026,08:46:54:020,0.000000,0.000000,1,-81.41,-81.41,0,0,
09/22/2026,08:46:54:074,0.000000,0.000000,3,-126.3,-126.3,0,0,
09/22/2026,08:46:54:211,0.000000,0.000000,2,-128.2,-128.2,0,0,
09/22/2026,08:46:54:275,0.000000,0.000000,4,-128.36,-128.36,0,0,
09/22/2026,08:46:54:299,0.000000,0.000000,1,-87.09,-87.09,0,0,
09/22/2026,08:46:54:352,0.000000,0.000000,3,-125.32,-125.32,0,0,
09/22/2026,08:46:54:510,0.000000,0.000000,2,-126.84,-126.84,0,0,
09/22/2026,08:46:54:551,0.000000,0.000000,4,-127.88,-127.88,0,0,
09/22/2026,08:46:54:590,0.000000,0.000000,1,-89.57,-89.57,0,0,
09/22/2026,08:46:54:652,0.000000,0.000000,3,-128.47,-128.47,0,0,
09/22/2026,08:46:54:806,0.000000,0.000000,2,-125.82,-125.82,0,0,
09/22/2026,08:46:54:854,0.000000,0.000000,4,-126.59,-126.59,0,0,
09/22/2026,08:46:54:894,0.000000,0.000000,1,-84.48,-84.48,0,0,
09/22/2026,08:46:54:976,0.000000,0.000000,3,-129.46,-129.46,0,0,
09/22/2026,08:46:55:106,0.000000,0.000000,2,-129.02,-129.02,0,0,
09/22/2026,08:46:55:159,0.000000,0.000000,4,-127.9,-127.9,0,0,
09/22/2026,08:46:55:193,0.000000,0.000000,1,-87.92,-87.92,0,0,
09/22/2026,08:46:55:271,0.000000,0.000000,3,-126.5,-126.5,0,0,
09/22/2026,08:46:55:464,0.000000,0.000000,2,-127.26,-127.26,0,0,
09/22/2026,08:46:55:502,0.000000,0.000000,4,-128.97,-128.97,0,0,
09/22/2026,08:46:55:507,0.000000,0.000000,1,-84.79,-84.79,0,0,
09/22/2026,08:46:55:592,0.000000,0.000000,3,-128.18,-128.18,0,0,
09/22/2026,08:46:55:733,0.000000,0.000000,2,-126.93,-126.93,0,0,
09/22/2026,08:46:55:757,0.000000,0.000000,4,-127.2,-127.2,0,0,
09/22/2026,08:46:55:794,0.000000,0.000000,1,-85.21,-85.21,0,0,
09/22/2026,08:46:55:849,0.000000,0.000000,3,-127.5,-127.5,0,0,
09/22/2026,08:46:55:989,0.000000,0.000000,2,-127.7,-127.7,0,0,
09/22/2026,08:46:56:051,0.000000,0.000000,4,-125.81,-125.81,0,0,
09/22/2026,08:46:56:075,0.000000,0.000000,1,-85.13,-85.13,0,0,
09/22/2026,08:46:56:143,0.000000,0.000000,3,-128.4,-128.4,0,0,
09/22/2026,08:46:56:283,0.000000,0.000000,2,-128.33,-128.33,0,0,
09/22/2026,08:46:56:340,0.000000,0.000000,4,-127.03,-127.03,0,0,
09/22/2026,08:46:56:400,0.000000,0.000000,1,-86.96,-86.96,0,0,
09/22/2026,08:46:56:438,0.000000,0.000000,3,-127.85,-127.85,0,0,
09/22/2026,08:46:56:578,0.000000,0.000000,2,-129.54,-129.54,0,0,
09/22/2026,08:46:56:640,0.000000,0.000000,4,-127.34,-127.34,0,0,
09/22/2026,08:46:56:662,0.000000,0.000000,1,-82.77,-82.77,0,0,
09/22/2026,08:46:56:719,0.000000,0.000000,3,-127,-127,0,0,
09/22/2026,08:46:56:860,0.000000,0.000000,2,-125.4,-125.4,0,0,
09/22/2026,08:46:56:916,0.000000,0.000000,4,-128.48,-128.48,0,0,
09/22/2026,08:46:56:958,0.000000,0.000000,1,-91,-91,0,0,
09/22/2026,08:46:57:002,0.000000,0.000000,3,-127.16,-127.16,0,0,
09/22/2026,08:46:57:150,0.000000,0.000000,2,-127.41,-127.41,0,0,
09/22/2026,08:46:57:209,0.000000,0.000000,4,-128.27,-128.27,0,0,
09/22/2026,08:46:57:251,0.000000,0.000000,1,-81.01,-81.01,0,0,
09/22/2026,08:46:57:316,0.000000,0.000000,3,-127,-127,0,0,
09/22/2026,08:46:57:471,0.000000,0.000000,2,-128.34,-128.34,0,0,
09/22/2026,08:46:57:518,0.000000,0.000000,4,-127.07,-127.07,0,0,
09/22/2026,08:46:57:557,0.000000,0.000000,1,-98.77,-98.77,0,0,
09/22/2026,08:46:57:635,0.000000,0.000000,3,-127.23,-127.23,0,0,
09/22/2026,08:46:58:559,0.000000,0.000000,2,-128.4,-128.4,0,0,
09/22/2026,08:46:58:592,0.000000,0.000000,4,-128.97,-128.97,0,0,
09/22/2026,08:46:58:615,0.000000,0.000000,1,-91.76,-91.76,0,0,
09/22/2026,08:46:58:638,0.000000,0.000000,3,-128.34,-128.34,0,0,
09/22/2026,08:46:58:723,0.000000,0.000000,2,-127.97,-127.97,0,0,
09/22/2026,08:46:58:738,0.000000,0.000000,4,-128.79,-128.79,0,0,
09/22/2026,08:46:58:745,0.000000,0.000000,1,-91.56,-91.56,0,0,
09/22/2026,08:46:58:768,0.000000,0.000000,3,-124.86,-124.86,0,0,
09/22/2026,08:46:58:817,0.000000,0.000000,2,-127.87,-127.87,0,0,
09/22/2026,08:46:58:836,0.000000,0.000000,4,-129.4,-129.4,0,0,
09/22/2026,08:46:58:850,0.000000,0.000000,1,-94.62,-94.62,0,0,
09/22/2026,08:46:58:872,0.000000,0.000000,3,-126.69,-126.69,0,0,
09/22/2026,08:46:58:943,0.000000,0.000000,2,-128.08,-128.08,0,0,
09/22/2026,08:46:58:962,0.000000,0.000000,4,-128.78,-128.78,0,0,
09/22/2026,08:46:58:969,0.000000,0.000000,1,-82.55,-82.55,0,0,
09/22/2026,08:46:58:987,0.000000,0.000000,3,-127.67,-127.67,0,0,
09/22/2026,08:46:59:068,0.000000,0.000000,2,-127.02,-127.02,0,0,
09/22/2026,08:46:59:109,0.000000,0.000000,4,-128.04,-128.04,0,0,
09/22/2026,08:46:59:149,0.000000,0.000000,1,-102.78,-102.78,0,0,
09/22/2026,08:46:59:157,0.000000,0.000000,3,-125.73,-125.73,0,0,
09/22/2026,08:46:59:292,0.000000,0.000000,2,-128.42,-128.42,0,0,
09/22/2026,08:46:59:340,0.000000,0.000000,4,-126.95,-126.95,0,0,
09/22/2026,08:46:59:386,0.000000,0.000000,1,-87.98,-87.98,0,0,
09/22/2026,08:46:59:429,0.000000,0.000000,3,-126.02,-126.02,0,0,
09/22/2026,08:46:59:526,0.000000,0.000000,2,-128.57,-128.57,0,0,
09/22/2026,08:46:59:557,0.000000,0.000000,4,-128.5,-128.5,0,0,
09/22/2026,08:46:59:620,0.000000,0.000000,1,-88.86,-88.86,0,0,
09/22/2026,08:46:59:649,0.000000,0.000000,3,-126.82,-126.82,0,0,
09/22/2026,08:46:59:783,0.000000,0.000000,2,-129.77,-129.77,0,0,
09/22/2026,08:46:59:850,0.000000,0.000000,4,-126.27,-126.27,0,0,
09/22/2026,08:46:59:872,0.000000,0.000000,1,-89.38,-89.38,0,0,
09/22/2026,08:46:59:934,0.000000,0.000000,3,-125.82,-125.82,0,0,
09/22/2026,08:47:00:077,0.000000,0.000000,2,-128.58,-128.58,0,0,
09/22/2026,08:47:00:140,0.000000,0.000000,4,-127.58,-127.58,0,0,
09/22/2026,08:47:00:174,0.000000,0.000000,1,-81.5,-81.5,0,0,
09/22/2026,08:47:00:251,0.000000,0.000000,3,-125.52,-125.52,0,0,
09/22/2026,08:47:00:388,0.000000,0.000000,2,-127.45,-127.45,0,0,
09/22/2026,08:47:00:455,0.000000,0.000000,4,-125.75,-125.75,0,0,
09/22/2026,08:47:00:480,0.000000,0.000000,1,-86.84,-86.84,0,0,
09/22/2026,08:47:00:566,0.000000,0.000000,3,-127.34,-127.34,0,0,
09/22/2026,08:47:00:664,0.000000,0.000000,2,-129.04,-129.04,0,0,
09/22/2026,08:47:00:715,0.000000,0.000000,4,-127.19,-127.19,0,0,
09/22/2026,08:47:00:747,0.000000,0.000000,1,-94.71,-94.71,0,0,
09/22/2026,08:47:00:810,0.000000,0.000000,3,-128.16,-128.16,0,0,
09/22/2026,08:47:00:958,0.000000,0.000000,2,-128.04,-128.04,0,0,
09/22/2026,08:47:01:011,0.000000,0.000000,4,-129.26,-129.26,0,0,
09/22/2026,08:47:01:042,0.000000,0.000000,1,-93.83,-93.83,0,0,
09/22/2026,08:47:01:086,0.000000,0.000000,3,-125.11,-125.11,0,0,
09/22/2026,08:47:01:372,0.000000,0.000000,2,-125.5,-125.5,0,0,
09/22/2026,08:47:01:453,0.000000,0.000000,4,-126.27,-126.27,0,0,
09/22/2026,08:47:01:477,0.000000,0.000000,1,-83.84,-83.84,0,0,
09/22/2026,08:47:01:514,0.000000,0.000000,3,-128.17,-128.17,0,0,
09/22/2026,08:47:01:586,0.000000,0.000000,2,-125.74,-125.74,0,0,
09/22/2026,08:47:01:604,0.000000,0.000000,4,-126.11,-126.11,0,0,
09/22/2026,08:47:01:615,0.000000,0.000000,1,-84.4,-84.4,0,0,
09/22/2026,08:47:01:661,0.000000,0.000000,3,-127.6,-127.6,0,0,
09/22/2026,08:47:01:842,0.000000,0.000000,2,-128.23,-128.23,0,0,
09/22/2026,08:47:01:870,0.000000,0.000000,4,-126.9,-126.9,0,0,
09/22/2026,08:47:01:905,0.000000,0.000000,1,-81.52,-81.52,0,0,
09/22/2026,08:47:01:960,0.000000,0.000000,3,-127.82,-127.82,0,0,
09/22/2026,08:47:02:107,0.000000,0.000000,2,-126.91,-126.91,0,0,
09/22/2026,08:47:02:155,0.000000,0.000000,4,-128.6,-128.6,0,0,
09/22/2026,08:47:02:196,0.000000,0.000000,1,-89.67,-89.67,0,0,
09/22/2026,08:47:02:245,0.000000,0.000000,3,-128.68,-128.68,0,0,
09/22/2026,08:47:02:400,0.000000,0.000000,2,-127.16,-127.16,0,0,
09/22/2026,08:47:02:451,0.000000,0.000000,4,-126.88,-126.88,0,0,
09/22/2026,08:47:02:496,0.000000,0.000000,1,-96.9,-96.9,0,0,
09/22/2026,08:47:02:567,0.000000,0.000000,3,-127.53,-127.53,0,0,
09/22/2026,08:47:02:704,0.000000,0.000000,2,-126.72,-126.72,0,0,
09/22/2026,08:47:02:768,0.000000,0.000000,4,-128.8,-128.8,0,0,
09/22/2026,08:47:02:799,0.000000,0.000000,1,-94.3,-94.3,0,0,
09/22/2026,08:47:02:853,0.000000,0.000000,3,-124.51,-124.51,0,0,
09/22/2026,08:47:03:063,0.000000,0.000000,2,-128.56,-128.56,0,0,
09/22/2026,08:47:03:112,0.000000,0.000000,4,-127.41,-127.41,0,0,
09/22/2026,08:47:03:122,0.000000,0.000000,1,-91.34,-91.34,0,0,
09/22/2026,08:47:03:173,0.000000,0.000000,3,-126.27,-126.27,0,0,
09/22/2026,08:47:03:362,0.000000,0.000000,2,-127.61,-127.61,0,0,
09/22/2026,08:47:03:397,0.000000,0.000000,4,-128.26,-128.26,0,0,
09/22/2026,08:47:03:409,0.000000,0.000000,1,-91.94,-91.94,0,0,
09/22/2026,08:47:03:433,0.000000,0.000000,3,-129.08,-129.08,0,0,
09/22/2026,08:47:03:998,0.000000,0.000000,2,-128.87,-128.87,0,0,
09/22/2026,08:47:04:028,0.000000,0.000000,4,-126.71,-126.71,0,0,
09/22/2026,08:47:04:038,0.000000,0.000000,1,-88.71,-88.71,0,0,
09/22/2026,08:47:04:050,0.000000,0.000000,3,-127.46,-127.46,0,0,
09/22/2026,08:47:04:153,0.000000,0.000000,2,-127.13,-127.13,0,0,
09/22/2026,08:47:04:164,0.000000,0.000000,4,-126.94,-126.94,0,0,
09/22/2026,08:47:04:188,0.000000,0.000000,1,-83.76,-83.76,0,0,
09/22/2026,08:47:04:204,0.000000,0.000000,3,-125.71,-125.71,0,0,
09/22/2026,08:47:04:258,0.000000,0.000000,2,-128.44,-128.44,0,0,
09/22/2026,08:47:04:282,0.000000,0.000000,4,-128.38,-128.38,0,0,
09/22/2026,08:47:04:291,0.000000,0.000000,1,-82.81,-82.81,0,0,
09/22/2026,08:47:04:331,0.000000,0.000000,3,-126.68,-126.68,0,0,
09/22/2026,08:47:04:470,0.000000,0.000000,2,-128.63,-128.63,0,0,
09/22/2026,08:47:04:529,0.000000,0.000000,4,-126.36,-126.36,0,0,
09/22/2026,08:47:04:556,0.000000,0.000000,1,-88.36,-88.36,0,0,
09/22/2026,08:47:04:608,0.000000,0.000000,3,-128.86,-128.86,0,0,
09/22/2026,08:47:04:744,0.000000,0.000000,2,-127.46,-127.46,0,0,
09/22/2026,08:47:04:818,0.000000,0.000000,4,-126.2,-126.2,0,0,
09/22/2026,08:47:04:851,0.000000,0.000000,1,-90.73,-90.73,0,0,
09/22/2026,08:47:04:908,0.000000,0.000000,3,-129.23,-129.23,0,0,
09/22/2026,08:47:05:072,0.000000,0.000000,2,-126.2,-126.2,0,0,
09/22/2026,08:47:05:090,0.000000,0.000000,4,-128.17,-128.17,0,0,
09/22/2026,08:47:05:131,0.000000,0.000000,1,-85.63,-85.63,0,0,
09/22/2026,08:47:05:195,0.000000,0.000000,3,-126.09,-126.09,0,0,
09/22/2026,08:47:05:344,0.000000,0.000000,2,-128.99,-128.99,0,0,
09/22/2026,08:47:05:405,0.000000,0.000000,4,-127.63,-127.63,0,0,
09/22/2026,08:47:05:445,0.000000,0.000000,1,-85,-85,0,0,
09/22/2026,08:47:05:488,0.000000,0.000000,3,-129.35,-129.35,0,0,
09/22/2026,08:47:05:625,0.000000,0.000000,2,-125.6,-125.6,0,0,
09/22/2026,08:47:05:706,0.000000,0.000000,4,-126.31,-126.31,0,0,
09/22/2026,08:47:05:728,0.000000,0.000000,1,-91.27,-91.27,0,0,
09/22/2026,08:47:05:774,0.000000,0.000000,3,-127.12,-127.12,0,0,
09/22/2026,08:47:05:922,0.000000,0.000000,2,-128.24,-128.24,0,0,
09/22/2026,08:47:05:972,0.000000,0.000000,4,-128.18,-128.18,0,0,
09/22/2026,08:47:06:003,0.000000,0.000000,1,-94.39,-94.39,0,0,
09/22/2026,08:47:06:079,0.000000,0.000000,3,-127.62,-127.62,0,0,
09/22/2026,08:47:06:199,0.000000,0.000000,2,-128.24,-128.24,0,0,
09/22/2026,08:47:06:261,0.000000,0.000000,4,-126.41,-126.41,0,0,
09/22/2026,08:47:06:277,0.000000,0.000000,1,-90.82,-90.82,0,0,
09/22/2026,08:47:06:351,0.000000,0.000000,3,-127.94,-127.94,0,0,
09/22/2026,08:47:06:473,0.000000,0.000000,2,-128.66,-128.66,0,0,
09/22/2026,08:47:06:535,0.000000,0.000000,4,-127.72,-127.72,0,0,
09/22/2026,08:47:06:565,0.000000,0.000000,1,-91.07,-91.07,0,0,
09/22/2026,08:47:06:619,0.000000,0.000000,3,-128.45,-128.45,0,0,
09/22/2026,08:47:06:772,0.000000,0.000000,2,-129.05,-129.05,0,0,
09/22/2026,08:47:06:809,0.000000,0.000000,4,-125.66,-125.66,0,0,
09/22/2026,08:47:06:884,0.000000,0.000000,1,-85.28,-85.28,0,0,
09/22/2026,08:47:06:920,0.000000,0.000000,3,-127.5,-127.5,0,0,
09/22/2026,08:47:07:089,0.000000,0.000000,2,-125.64,-125.64,0,0,
09/22/2026,08:47:07:128,0.000000,0.000000,4,-127.76,-127.76,0,0,
09/22/2026,08:47:07:147,0.000000,0.000000,1,-91.77,-91.77,0,0,
09/22/2026,08:47:07:203,0.000000,0.000000,3,-127.18,-127.18,0,0,
09/22/2026,08:47:07:340,0.000000,0.000000,2,-128.8,-128.8,0,0,
09/22/2026,08:47:07:396,0.000000,0.000000,4,-127.72,-127.72,0,0,
09/22/2026,08:47:07:437,0.000000,0.000000,1,-84.18,-84.18,0,0,
09/22/2026,08:47:07:483,0.000000,0.000000,3,-127.95,-127.95,0,0,
09/22/2026,08:47:07:616,0.000000,0.000000,2,-128.71,-128.71,0,0,
09/22/2026,08:47:07:684,0.000000,0.000000,4,-125.93,-125.93,0,0,
09/22/2026,08:47:07:706,0.000000,0.000000,1,-82.91,-82.91,0,0,
09/22/2026,08:47:07:759,0.000000,0.000000,3,-128.27,-128.27,0,0,
09/22/2026,08:47:07:908,0.000000,0.000000,2,-129.38,-129.38,0,0,
09/22/2026,08:47:07:950,0.000000,0.000000,4,-128.56,-128.56,0,0,
09/22/2026,08:47:07:979,0.000000,0.000000,1,-92.46,-92.46,0,0,
09/22/2026,08:47:08:083,0.000000,0.000000,3,-126.73,-126.73,0,0,
09/22/2026,08:47:08:205,0.000000,0.000000,2,-128.2,-128.2,0,0,
09/22/2026,08:47:08:267,0.000000,0.000000,4,-127.73,-127.73,0,0,
09/22/2026,08:47:08:277,0.000000,0.000000,1,-89.26,-89.26,0,0,
09/22/2026,08:47:08:324,0.000000,0.000000,3,-128.87,-128.87,0,0,
09/22/2026,08:47:08:482,0.000000,0.000000,2,-128.56,-128.56,0,0,
09/22/2026,08:47:08:522,0.000000,0.000000,4,-124.86,-124.86,0,0,
09/22/2026,08:47:08:562,0.000000,0.000000,1,-91.07,-91.07,0,0,
09/22/2026,08:47:08:630,0.000000,0.000000,3,-128.98,-128.98,0,0,
09/22/2026,08:47:08:762,0.000000,0.000000,2,-127.22,-127.22,0,0,
09/22/2026,08:47:08:802,0.000000,0.000000,4,-129.33,-129.33,0,0,
09/22/2026,08:47:08:846,0.000000,0.000000,1,-88.76,-88.76,0,0,
09/22/2026,08:47:08:928,0.000000,0.000000,3,-128.72,-128.72,0,0,
09/22/2026,08:47:09:458,0.000000,0.000000,2,-126.96,-126.96,0,0,
09/22/2026,08:47:09:471,0.000000,0.000000,4,-127.36,-127.36,0,0,
09/22/2026,08:47:09:515,0.000000,0.000000,1,-88.73,-88.73,0,0,
09/22/2026,08:47:09:533,0.000000,0.000000,3,-127.6,-127.6,0,0,
09/22/2026,08:47:09:588,0.000000,0.000000,2,-129.13,-129.13,0,0,
09/22/2026,08:47:09:612,0.000000,0.000000,4,-127.52,-127.52,0,0,
09/22/2026,08:47:09:644,0.000000,0.000000,1,-90.1,-90.1,0,0,
09/22/2026,08:47:09:678,0.000000,0.000000,3,-128.73,-128.73,0,0,
09/22/2026,08:47:09:804,0.000000,0.000000,2,-126.32,-126.32,0,0,
09/22/2026,08:47:09:851,0.000000,0.000000,4,-129.3,-129.3,0,0,
09/22/2026,08:47:09:869,0.000000,0.000000,1,-86.73,-86.73,0,0,
09/22/2026,08:47:09:904,0.000000,0.000000,3,-127.65,-127.65,0,0,
09/22/2026,08:47:09:993,0.000000,0.000000,2,-127.95,-127.95,0,0,
09/22/2026,08:47:10:033,0.000000,0.000000,4,-127.23,-127.23,0,0,
09/22/2026,08:47:10:050,0.000000,0.000000,1,-95.31,-95.31,0,0,
09/22/2026,08:47:10:070,0.000000,0.000000,3,-129.53,-129.53,0,0,
09/22/2026,08:47:10:194,0.000000,0.000000,2,-127.24,-127.24,0,0,
09/22/2026,08:47:10:326,0.000000,0.000000,4,-127.03,-127.03,0,0,
09/22/2026,08:47:10:374,0.000000,0.000000,1,-101.98,-101.98,0,0,
09/22/2026,08:47:10:435,0.000000,0.000000,3,-127.95,-127.95,0,0,
09/22/2026,08:47:10:564,0.000000,0.000000,2,-127.19,-127.19,0,0,
09/22/2026,08:47:10:604,0.000000,0.000000,4,-128.37,-128.37,0,0,
09/22/2026,08:47:10:664,0.000000,0.000000,1,-99.14,-99.14,0,0,
09/22/2026,08:47:10:706,0.000000,0.000000,3,-126.81,-126.81,0,0,
09/22/2026,08:47:10:746,0.000000,0.000000,2,-125.48,-125.48,0,0,
09/22/2026,08:47:10:835,0.000000,0.000000,4,-129.38,-129.38,0,0,
09/22/2026,08:47:10:855,0.000000,0.000000,1,-100.73,-100.73,0,0,
09/22/2026,08:47:10:880,0.000000,0.000000,3,-126.9,-126.9,0,0,
09/22/2026,08:47:11:047,0.000000,0.000000,2,-126.25,-126.25,0,0,
09/22/2026,08:47:11:077,0.000000,0.000000,4,-128.14,-128.14,0,0,
09/22/2026,08:47:11:120,0.000000,0.000000,1,-92.59,-92.59,0,0,
09/22/2026,08:47:11:190,0.000000,0.000000,3,-128.75,-128.75,0,0,
09/22/2026,08:47:19:414,0.000000,0.000000,1,-90.54,-90.54,0,0,
09/22/2026,08:47:19:479,0.000000,0.000000,3,-127.85,-127.85,0,0,
09/22/2026,08:47:19:610,0.000000,0.000000,2,-127.26,-127.26,0,0,
09/22/2026,08:47:19:668,0.000000,0.000000,4,-128.01,-128.01,0,0,
09/22/2026,08:47:19:694,0.000000,0.000000,1,-89.12,-89.12,0,0,
09/22/2026,08:47:19:809,0.000000,0.000000,3,-129.07,-129.07,0,0,
09/22/2026,08:47:19:937,0.000000,0.000000,2,-128.12,-128.12,0,0,
09/22/2026,08:47:19:972,0.000000,0.000000,4,-128.42,-128.42,0,0,
09/22/2026,08:47:19:982,0.000000,0.000000,1,-96.6,-96.6,0,0,
09/22/2026,08:47:20:051,0.000000,0.000000,3,-128.4,-128.4,0,0,
09/22/2026,08:47:20:184,0.000000,0.000000,2,-125.98,-125.98,0,0,
09/22/2026,08:47:20:225,0.000000,0.000000,4,-128.13,-128.13,0,0,
09/22/2026,08:47:20:260,0.000000,0.000000,1,-89.31,-89.31,0,0,
09/22/2026,08:47:20:317,0.000000,0.000000,3,-127.29,-127.29,0,0,
09/22/2026,08:47:20:817,0.000000,0.000000,2,-128.96,-128.96,0,0,
09/22/2026,08:47:20:860,0.000000,0.000000,4,-127.67,-127.67,0,0,
09/22/2026,08:47:20:871,0.000000,0.000000,1,-87.89,-87.89,0,0,
09/22/2026,08:47:20:884,0.000000,0.000000,3,-127.57,-127.57,0,0,
09/22/2026,08:47:20:952,0.000000,0.000000,2,-125.83,-125.83,0,0,
09/22/2026,08:47:20:967,0.000000,0.000000,4,-126.23,-126.23,0,0,
09/22/2026,08:47:20:989,0.000000,0.000000,1,-94.86,-94.86,0,0,
09/22/2026,08:47:21:030,0.000000,0.000000,3,-126.55,-126.55,0,0,
09/22/2026,08:47:21:166,0.000000,0.000000,2,-128.61,-128.61,0,0,
09/22/2026,08:47:21:192,0.000000,0.000000,4,-128.48,-128.48,0,0,
09/22/2026,08:47:21:202,0.000000,0.000000,1,-85.62,-85.62,0,0,
09/22/2026,08:47:21:274,0.000000,0.000000,3,-126.02,-126.02,0,0,
09/22/2026,08:47:21:337,0.000000,0.000000,2,-128.03,-128.03,0,0,
09/22/2026,08:47:21:360,0.000000,0.000000,4,-128.1,-128.1,0,0,
09/22/2026,08:47:21:386,0.000000,0.000000,1,-88.72,-88.72,0,0,
09/22/2026,08:47:21:449,0.000000,0.000000,3,-128.16,-128.16,0,0,
09/22/2026,08:47:21:588,0.000000,0.000000,2,-129.05,-129.05,0,0,
09/22/2026,08:47:21:646,0.000000,0.000000,4,-127.62,-127.62,0,0,
09/22/2026,08:47:21:682,0.000000,0.000000,1,-100.29,-100.29,0,0,
09/22/2026,08:47:21:766,0.000000,0.000000,3,-128.06,-128.06,0,0,
09/22/2026,08:47:21:902,0.000000,0.000000,2,-127.24,-127.24,0,0,
09/22/2026,08:47:21:981,0.000000,0.000000,4,-128.98,-128.98,0,0,
09/22/2026,08:47:22:012,0.000000,0.000000,1,-91.98,-91.98,0,0,
09/22/2026,08:47:22:034,0.000000,0.000000,3,-126.7,-126.7,0,0,
09/22/2026,08:47:22:160,0.000000,0.000000,2,-126.98,-126.98,0,0,
09/22/2026,08:47:22:205,0.000000,0.000000,4,-129.02,-129.02,0,0,
09/22/2026,08:47:22:245,0.000000,0.000000,1,-91.34,-91.34,0,0,
09/22/2026,08:47:22:319,0.000000,0.000000,3,-128.47,-128.47,0,0,
09/22/2026,08:47:22:449,0.000000,0.000000,2,-126.61,-126.61,0,0,
09/22/2026,08:47:22:499,0.000000,0.000000,4,-128.51,-128.51,0,0,
09/22/2026,08:47:22:533,0.000000,0.000000,1,-88.16,-88.16,0,0,
09/22/2026,08:47:22:625,0.000000,0.000000,3,-128.37,-128.37,0,0,
09/22/2026,08:47:22:736,0.000000,0.000000,2,-127.62,-127.62,0,0,
09/22/2026,08:47:22:797,0.000000,0.000000,4,-127.58,-127.58,0,0,
09/22/2026,08:47:22:820,0.000000,0.000000,1,-87.64,-87.64,0,0,
09/22/2026,08:47:22:867,0.000000,0.000000,3,-128.8,-128.8,0,0,
09/22/2026,08:47:23:011,0.000000,0.000000,2,-128.76,-128.76,0,0,
09/22/2026,08:47:23:063,0.000000,0.000000,4,-128.27,-128.27,0,0,
09/22/2026,08:47:23:096,0.000000,0.000000,1,-90.99,-90.99,0,0,
09/22/2026,08:47:23:149,0.000000,0.000000,3,-128.04,-128.04,0,0,
09/22/2026,08:47:23:289,0.000000,0.000000,2,-128.35,-128.35,0,0,
09/22/2026,08:47:23:335,0.000000,0.000000,4,-128.57,-128.57,0,0,
09/22/2026,08:47:23:402,0.000000,0.000000,1,-90.02,-90.02,0,0,
09/22/2026,08:47:23:442,0.000000,0.000000,3,-126.41,-126.41,0,0,
09/22/2026,08:47:23:707,0.000000,0.000000,2,-127.19,-127.19,0,0,
09/22/2026,08:47:23:727,0.000000,0.000000,4,-128.81,-128.81,0,0,
09/22/2026,08:47:23:739,0.000000,0.000000,1,-95.56,-95.56,0,0,
09/22/2026,08:47:23:761,0.000000,0.000000,3,-129.21,-129.21,0,0,
09/22/2026,08:47:23:878,0.000000,0.000000,2,-126.59,-126.59,0,0,
09/22/2026,08:47:23:902,0.000000,0.000000,4,-128.65,-128.65,0,0,
09/22/2026,08:47:23:958,0.000000,0.000000,1,-95.76,-95.76,0,0,
09/22/2026,08:47:23:997,0.000000,0.000000,3,-129.63,-129.63,0,0,
09/22/2026,08:47:24:160,0.000000,0.000000,2,-126.92,-126.92,0,0,
09/22/2026,08:47:24:196,0.000000,0.000000,4,-127.49,-127.49,0,0,
09/22/2026,08:47:24:226,0.000000,0.000000,1,-105.26,-105.26,0,0,
09/22/2026,08:47:24:308,0.000000,0.000000,3,-126.7,-126.7,0,0,
09/22/2026,08:47:24:415,0.000000,0.000000,2,-128.11,-128.11,0,0,
09/22/2026,08:47:24:479,0.000000,0.000000,4,-127.57,-127.57,0,0,
09/22/2026,08:47:24:514,0.000000,0.000000,1,-92.52,-92.52,0,0,
09/22/2026,08:47:24:558,0.000000,0.000000,3,-124.35,-124.35,0,0,
09/22/2026,08:47:24:709,0.000000,0.000000,2,-128.24,-128.24,0,0,
09/22/2026,08:47:24:766,0.000000,0.000000,4,-126.42,-126.42,0,0,
09/22/2026,08:47:24:784,0.000000,0.000000,1,-98.98,-98.98,0,0,
09/22/2026,08:47:24:890,0.000000,0.000000,3,-127.71,-127.71,0,0,
09/22/2026,08:47:24:980,0.000000,0.000000,2,-127.51,-127.51,0,0,
09/22/2026,08:47:25:030,0.000000,0.000000,4,-126.02,-126.02,0,0,
09/22/2026,08:47:25:091,0.000000,0.000000,1,-87.22,-87.22,0,0,
09/22/2026,08:47:25:135,0.000000,0.000000,3,-127.56,-127.56,0,0,
09/22/2026,08:47:25:303,0.000000,0.000000,2,-128.03,-128.03,0,0,
09/22/2026,08:47:25:332,0.000000,0.000000,4,-128.79,-128.79,0,0,
09/22/2026,08:47:25:378,0.000000,0.000000,1,-96.05,-96.05,0,0,
09/22/2026,08:47:25:471,0.000000,0.000000,3,-129.56,-129.56,0,0,
09/22/2026,08:47:25:580,0.000000,0.000000,2,-127.91,-127.91,0,0,
09/22/2026,08:47:25:618,0.000000,0.000000,4,-127.19,-127.19,0,0,
09/22/2026,08:47:25:691,0.000000,0.000000,1,-88.39,-88.39,0,0,
09/22/2026,08:47:25:772,0.000000,0.000000,3,-129.01,-129.01,0,0,
09/22/2026,08:47:25:887,0.000000,0.000000,2,-128.37,-128.37,0,0,
09/22/2026,08:47:25:917,0.000000,0.000000,4,-127.32,-127.32,0,0,
09/22/2026,08:47:25:964,0.000000,0.000000,1,-91.34,-91.34,0,0,
09/22/2026,08:47:26:012,0.000000,0.000000,3,-125.64,-125.64,0,0,
09/22/2026,08:47:26:164,0.000000,0.000000,2,-127.07,-127.07,0,0,
09/22/2026,08:47:26:211,0.000000,0.000000,4,-127.57,-127.57,0,0,
09/22/2026,08:47:26:244,0.000000,0.000000,1,-90.34,-90.34,0,0,
09/22/2026,08:47:26:299,0.000000,0.000000,3,-129.91,-129.91,0,0,
09/22/2026,08:47:26:431,0.000000,0.000000,2,-126.1,-126.1,0,0,
09/22/2026,08:47:26:498,0.000000,0.000000,4,-128.39,-128.39,0,0,
09/22/2026,08:47:26:552,0.000000,0.000000,1,-87.72,-87.72,0,0,
09/22/2026,08:47:26:597,0.000000,0.000000,3,-127.61,-127.61,0,0,
09/22/2026,08:47:26:722,0.000000,0.000000,2,-128.61,-128.61,0,0,
09/22/2026,08:47:26:791,0.000000,0.000000,4,-127.46,-127.46,0,0,
09/22/2026,08:47:26:814,0.000000,0.000000,1,-94.83,-94.83,0,0,
09/22/2026,08:47:26:902,0.000000,0.000000,3,-125.98,-125.98,0,0,
09/22/2026,08:47:26:997,0.000000,0.000000,2,-126.75,-126.75,0,0,
09/22/2026,08:47:27:085,0.000000,0.000000,4,-128.31,-128.31,0,0,
09/22/2026,08:47:27:201,0.000000,0.000000,1,-102.96,-102.96,0,0,
09/22/2026,08:47:27:359,0.000000,0.000000,3,-127.42,-127.42,0,0,
09/22/2026,08:47:27:476,0.000000,0.000000,2,-128,-128,0,0,
09/22/2026,08:47:27:510,0.000000,0.000000,4,-129.03,-129.03,0,0,
09/22/2026,08:47:27:516,0.000000,0.000000,1,-87.04,-87.04,0,0,
09/22/2026,08:47:27:540,0.000000,0.000000,3,-128.01,-128.01,0,0,
09/22/2026,08:47:27:620,0.000000,0.000000,2,-127.61,-127.61,0,0,
09/22/2026,08:47:27:666,0.000000,0.000000,4,-127.37,-127.37,0,0,
09/22/2026,08:47:27:697,0.000000,0.000000,1,-91.31,-91.31,0,0,
09/22/2026,08:47:27:724,0.000000,0.000000,3,-124.41,-124.41,0,0,
09/22/2026,08:47:27:870,0.000000,0.000000,2,-128.04,-128.04,0,0,
09/22/2026,08:47:27:923,0.000000,0.000000,4,-128.24,-128.24,0,0,
09/22/2026,08:47:27:982,0.000000,0.000000,1,-97.66,-97.66,0,0,
09/22/2026,08:47:28:016,0.000000,0.000000,3,-125.18,-125.18,0,0,
09/22/2026,08:47:28:157,0.000000,0.000000,2,-127.98,-127.98,0,0,
09/22/2026,08:47:28:208,0.000000,0.000000,4,-126.83,-126.83,0,0,
09/22/2026,08:47:28:279,0.000000,0.000000,1,-93.21,-93.21,0,0,
09/22/2026,08:47:28:323,0.000000,0.000000,3,-127.42,-127.42,0,0,
09/22/2026,08:47:28:435,0.000000,0.000000,2,-126.81,-126.81,0,0,
09/22/2026,08:47:28:517,0.000000,0.000000,4,-129.13,-129.13,0,0,
09/22/2026,08:47:28:546,0.000000,0.000000,1,-90.45,-90.45,0,0,
09/22/2026,08:47:28:583,0.000000,0.000000,3,-125.24,-125.24,0,0,
09/22/2026,08:47:28:721,0.000000,0.000000,2,-126.43,-126.43,0,0,
09/22/2026,08:47:28:791,0.000000,0.000000,4,-129.74,-129.74,0,0,
09/22/2026,08:47:28:813,0.000000,0.000000,1,-98.62,-98.62,0,0,
09/22/2026,08:47:28:857,0.000000,0.000000,3,-128.77,-128.77,0,0,
09/22/2026,08:47:29:146,0.000000,0.000000,2,-126.26,-126.26,0,0,
09/22/2026,08:47:29:267,0.000000,0.000000,4,-128.36,-128.36,0,0,
09/22/2026,08:47:29:302,0.000000,0.000000,1,-91.49,-91.49,0,0,
09/22/2026,08:47:29:337,0.000000,0.000000,3,-125.27,-125.27,0,0,
09/22/2026,08:47:29:455,0.000000,0.000000,2,-127.64,-127.64,0,0,
09/22/2026,08:47:29:473,0.000000,0.000000,4,-127.22,-127.22,0,0,
09/22/2026,08:47:29:487,0.000000,0.000000,1,-91.66,-91.66,0,0,
09/22/2026,08:47:29:501,0.000000,0.000000,3,-125.05,-125.05,0,0,
09/22/2026,08:47:29:595,0.000000,0.000000,2,-126.99,-126.99,0,0,
09/22/2026,08:47:29:653,0.000000,0.000000,4,-128.18,-128.18,0,0,
09/22/2026,08:47:29:682,0.000000,0.000000,1,-92.55,-92.55,0,0,
09/22/2026,08:47:29:705,0.000000,0.000000,3,-128.8,-128.8,0,0,
09/22/2026,08:47:29:826,0.000000,0.000000,2,-128.78,-128.78,0,0,
09/22/2026,08:47:29:884,0.000000,0.000000,4,-127.65,-127.65,0,0,
09/22/2026,08:47:29:915,0.000000,0.000000,1,-89.2,-89.2,0,0,
09/22/2026,08:47:29:986,0.000000,0.000000,3,-126.7,-126.7,0,0,
09/22/2026,08:47:30:103,0.000000,0.000000,2,-129.43,-129.43,0,0,
09/22/2026,08:47:30:185,0.000000,0.000000,4,-126.3,-126.3,0,0,
09/22/2026,08:47:30:197,0.000000,0.000000,1,-86.48,-86.48,0,0,
09/22/2026,08:47:30:274,0.000000,0.000000,3,-129.94,-129.94,0,0,
09/22/2026,08:47:30:409,0.000000,0.000000,2,-126,-126,0,0,
09/22/2026,08:47:30:452,0.000000,0.000000,4,-128.22,-128.22,0,0,
09/22/2026,08:47:30:486,0.000000,0.000000,1,-97.47,-97.47,0,0,
09/22/2026,08:47:30:537,0.000000,0.000000,3,-129.08,-129.08,0,0,
09/22/2026,08:47:30:689,0.000000,0.000000,2,-126.12,-126.12,0,0,
09/22/2026,08:47:30:720,0.000000,0.000000,4,-127.99,-127.99,0,0,
09/22/2026,08:47:30:764,0.000000,0.000000,1,-84.85,-84.85,0,0,
09/22/2026,08:47:30:806,0.000000,0.000000,3,-130,-130,0,0,
09/22/2026,08:47:31:341,0.000000,0.000000,2,-129.69,-129.69,0,0,
09/22/2026,08:47:31:361,0.000000,0.000000,4,-128.52,-128.52,0,0,
09/22/2026,08:47:31:368,0.000000,0.000000,1,-87.91,-87.91,0,0,
09/22/2026,08:47:31:394,0.000000,0.000000,3,-127.62,-127.62,0,0,
09/22/2026,08:47:31:442,0.000000,0.000000,2,-126.74,-126.74,0,0,
09/22/2026,08:47:31:461,0.000000,0.000000,4,-125.16,-125.16,0,0,
09/22/2026,08:47:31:474,0.000000,0.000000,1,-94,-94,0,0,
09/22/2026,08:47:31:490,0.000000,0.000000,3,-127.68,-127.68,0,0,
09/22/2026,08:47:31:575,0.000000,0.000000,2,-129.58,-129.58,0,0,
09/22/2026,08:47:31:609,0.000000,0.000000,4,-127.65,-127.65,0,0,
09/22/2026,08:47:31:622,0.000000,0.000000,1,-90.81,-90.81,0,0,
09/22/2026,08:47:31:644,0.000000,0.000000,3,-126.54,-126.54,0,0,
09/22/2026,08:47:31:780,0.000000,0.000000,2,-127.62,-127.62,0,0,
09/22/2026,08:47:31:837,0.000000,0.000000,4,-127.9,-127.9,0,0,
09/22/2026,08:47:31:875,0.000000,0.000000,1,-92.6,-92.6,0,0,
09/22/2026,08:47:31:931,0.000000,0.000000,3,-127.84,-127.84,0,0,
09/22/2026,08:47:32:062,0.000000,0.000000,2,-128.98,-128.98,0,0,
09/22/2026,08:47:32:112,0.000000,0.000000,4,-129.11,-129.11,0,0,
09/22/2026,08:47:32:146,0.000000,0.000000,1,-84.96,-84.96,0,0,
09/22/2026,08:47:32:196,0.000000,0.000000,3,-128.88,-128.88,0,0,
09/22/2026,08:47:32:339,0.000000,0.000000,2,-128.21,-128.21,0,0,
09/22/2026,08:47:32:395,0.000000,0.000000,4,-128.78,-128.78,0,0,
09/22/2026,08:47:32:424,0.000000,0.000000,1,-93.09,-93.09,0,0,
09/22/2026,08:47:32:486,0.000000,0.000000,3,-128.21,-128.21,0,0,
09/22/2026,08:47:32:641,0.000000,0.000000,2,-128.67,-128.67,0,0,
09/22/2026,08:47:32:687,0.000000,0.000000,4,-126.72,-126.72,0,0,
09/22/2026,08:47:32:724,0.000000,0.000000,1,-86.25,-86.25,0,0,
09/22/2026,08:47:32:773,0.000000,0.000000,3,-126.92,-126.92,0,0,
09/22/2026,08:47:32:910,0.000000,0.000000,2,-126.47,-126.47,0,0,
09/22/2026,08:47:32:995,0.000000,0.000000,4,-128.43,-128.43,0,0,
09/22/2026,08:47:33:046,0.000000,0.000000,1,-100.27,-100.27,0,0,
09/22/2026,08:47:33:065,0.000000,0.000000,3,-127.2,-127.2,0,0,
09/22/2026,08:47:33:183,0.000000,0.000000,2,-128.38,-128.38,0,0,
09/22/2026,08:47:33:229,0.000000,0.000000,4,-128.47,-128.47,0,0,
09/22/2026,08:47:33:259,0.000000,0.000000,1,-99.88,-99.88,0,0,
09/22/2026,08:47:33:312,0.000000,0.000000,3,-129,-129,0,0,
09/22/2026,08:47:33:483,0.000000,0.000000,2,-126.62,-126.62,0,0,
09/22/2026,08:47:33:508,0.000000,0.000000,4,-128.86,-128.86,0,0,
09/22/2026,08:47:33:542,0.000000,0.000000,1,-100.01,-100.01,0,0,
09/22/2026,08:47:33:592,0.000000,0.000000,3,-127.67,-127.67,0,0,
09/22/2026,08:47:33:735,0.000000,0.000000,2,-128.39,-128.39,0,0,
09/22/2026,08:47:33:796,0.000000,0.000000,4,-125.81,-125.81,0,0,
09/22/2026,08:47:33:841,0.000000,0.000000,1,-98.01,-98.01,0,0,
09/22/2026,08:47:33:885,0.000000,0.000000,3,-127.35,-127.35,0,0,
09/22/2026,08:47:34:024,0.000000,0.000000,2,-125.88,-125.88,0,0,
09/22/2026,08:47:34:078,0.000000,0.000000,4,-128.26,-128.26,0,0,
09/22/2026,08:47:34:105,0.000000,0.000000,1,-96.3,-96.3,0,0,
09/22/2026,08:47:34:161,0.000000,0.000000,3,-127.58,-127.58,0,0,
09/22/2026,08:47:34:299,0.000000,0.000000,2,-125.47,-125.47,0,0,
09/22/2026,08:47:34:341,0.000000,0.000000,4,-128.57,-128.57,0,0,
09/22/2026,08:47:34:402,0.000000,0.000000,1,-90.32,-90.32,0,0,
09/22/2026,08:47:34:445,0.000000,0.000000,3,-127.47,-127.47,0,0,
09/22/2026,08:47:34:586,0.000000,0.000000,2,-127.74,-127.74,0,0,
09/22/2026,08:47:34:631,0.000000,0.000000,4,-129.15,-129.15,0,0,
09/22/2026,08:47:34:660,0.000000,0.000000,1,-98.9,-98.9,0,0,
09/22/2026,08:47:34:743,0.000000,0.000000,3,-128.57,-128.57,0,0,
09/22/2026,08:47:34:936,0.000000,0.000000,2,-127.84,-127.84,0,0,
09/22/2026,08:47:35:014,0.000000,0.000000,4,-128.34,-128.34,0,0,
09/22/2026,08:47:35:048,0.000000,0.000000,1,-97.76,-97.76,0,0,
09/22/2026,08:47:35:120,0.000000,0.000000,3,-127.62,-127.62,0,0,
09/22/2026,08:47:35:200,0.000000,0.000000,2,-127.16,-127.16,0,0,
09/22/2026,08:47:35:261,0.000000,0.000000,4,-126.03,-126.03,0,0,
09/22/2026,08:47:35:296,0.000000,0.000000,1,-87.11,-87.11,0,0,
09/22/2026,08:47:35:314,0.000000,0.000000,3,-127.45,-127.45,0,0,
09/22/2026,08:47:35:402,0.000000,0.000000,2,-128.95,-128.95,0,0,
09/22/2026,08:47:35:464,0.000000,0.000000,4,-128.08,-128.08,0,0,
09/22/2026,08:47:35:493,0.000000,0.000000,1,-91.62,-91.62,0,0,
09/22/2026,08:47:35:559,0.000000,0.000000,3,-128.34,-128.34,0,0,
09/22/2026,08:47:35:682,0.000000,0.000000,2,-126.53,-126.53,0,0,
09/22/2026,08:47:35:760,0.000000,0.000000,4,-128.17,-128.17,0,0,
09/22/2026,08:47:35:785,0.000000,0.000000,1,-90.81,-90.81,0,0,
09/22/2026,08:47:35:856,0.000000,0.000000,3,-126.32,-126.32,0,0,
09/22/2026,08:47:35:959,0.000000,0.000000,2,-126.9,-126.9,0,0,
09/22/2026,08:47:36:015,0.000000,0.000000,4,-127.61,-127.61,0,0,
09/22/2026,08:47:36:079,0.000000,0.000000,1,-88.41,-88.41,0,0,
09/22/2026,08:47:36:108,0.000000,0.000000,3,-126.54,-126.54,0,0,
09/22/2026,08:47:36:268,0.000000,0.000000,2,-127.98,-127.98,0,0,
09/22/2026,08:47:36:305,0.000000,0.000000,4,-128.76,-128.76,0,0,
09/22/2026,08:47:36:756,0.000000,0.000000,1,-94.49,-94.49,0,0,
09/22/2026,08:47:36:792,0.000000,0.000000,3,-129.02,-129.02,0,0,
09/22/2026,08:47:36:912,0.000000,0.000000,2,-124.53,-124.53,0,0,
09/22/2026,08:47:36:932,0.000000,0.000000,4,-126.11,-126.11,0,0,
09/22/2026,08:47:36:939,0.000000,0.000000,1,-87.11,-87.11,0,0,
09/22/2026,08:47:36:990,0.000000,0.000000,3,-129.17,-129.17,0,0,
09/22/2026,08:47:37:046,0.000000,0.000000,2,-127.16,-127.16,0,0,
09/22/2026,08:47:37:065,0.000000,0.000000,4,-128.68,-128.68,0,0,
09/22/2026,08:47:37:085,0.000000,0.000000,1,-89.32,-89.32,0,0,
09/22/2026,08:47:37:134,0.000000,0.000000,3,-129.47,-129.47,0,0,
09/22/2026,08:47:37:222,0.000000,0.000000,2,-130,-130,0,0,
09/22/2026,08:47:37:236,0.000000,0.000000,4,-127.05,-127.05,0,0,
09/22/2026,08:47:37:262,0.000000,0.000000,1,-88.59,-88.59,0,0,
09/22/2026,08:47:37:282,0.000000,0.000000,3,-126.76,-126.76,0,0,
09/22/2026,08:47:37:366,0.000000,0.000000,2,-127.95,-127.95,0,0,
09/22/2026,08:47:37:404,0.000000,0.000000,4,-127.47,-127.47,0,0,
09/22/2026,08:47:37:463,0.000000,0.000000,1,-92.34,-92.34,0,0,
09/22/2026,08:47:37:496,0.000000,0.000000,3,-127.45,-127.45,0,0,
09/22/2026,08:47:37:668,0.000000,0.000000,2,-127.84,-127.84,0,0,
09/22/2026,08:47:37:723,0.000000,0.000000,4,-127.04,-127.04,0,0,
09/22/2026,08:47:37:739,0.000000,0.000000,1,-91.58,-91.58,0,0,
09/22/2026,08:47:37:779,0.000000,0.000000,3,-128.32,-128.32,0,0,
09/22/2026,08:47:37:922,0.000000,0.000000,2,-128.88,-128.88,0,0,
09/22/2026,08:47:37:965,0.000000,0.000000,4,-129.09,-129.09,0,0,
09/22/2026,08:47:37:998,0.000000,0.000000,1,-88.52,-88.52,0,0,
09/22/2026,08:47:38:058,0.000000,0.000000,3,-128.06,-128.06,0,0,
09/22/2026,08:47:38:205,0.000000,0.000000,2,-126.34,-126.34,0,0,
09/22/2026,08:47:38:242,0.000000,0.000000,4,-128.45,-128.45,0,0,
09/22/2026,08:47:38:279,0.000000,0.000000,1,-95.32,-95.32,0,0,
09/22/2026,08:47:38:360,0.000000,0.000000,3,-126.75,-126.75,0,0,
09/22/2026,08:47:38:526,0.000000,0.000000,2,-128.17,-128.17,0,0,
09/22/2026,08:47:38:591,0.000000,0.000000,4,-128.16,-128.16,0,0,
09/22/2026,08:47:38:597,0.000000,0.000000,1,-93.46,-93.46,0,0,
09/22/2026,08:47:38:638,0.000000,0.000000,3,-128,-128,0,0,
09/22/2026,08:47:38:758,0.000000,0.000000,2,-126.87,-126.87,0,0,
09/22/2026,08:47:38:803,0.000000,0.000000,4,-127.61,-127.61,0,0,
09/22/2026,08:47:38:834,0.000000,0.000000,1,-83.6,-83.6,0,0,
09/22/2026,08:47:38:886,0.000000,0.000000,3,-128.08,-128.08,0,0,
09/22/2026,08:47:39:050,0.000000,0.000000,2,-127,-127,0,0,
09/22/2026,08:47:39:085,0.000000,0.000000,4,-127.74,-127.74,0,0,
09/22/2026,08:47:39:119,0.000000,0.000000,1,-96.2,-96.2,0,0,
09/22/2026,08:47:39:172,0.000000,0.000000,3,-127.69,-127.69,0,0,
09/22/2026,08:47:39:308,0.000000,0.000000,2,-127.57,-127.57,0,0,
09/22/2026,08:47:39:362,0.000000,0.000000,4,-126.37,-126.37,0,0,
09/22/2026,08:47:39:393,0.000000,0.000000,1,-96.6,-96.6,0,0,
09/22/2026,08:47:39:459,0.000000,0.000000,3,-126.2,-126.2,0,0,
09/22/2026,08:47:39:590,0.000000,0.000000,2,-128.04,-128.04,0,0,
09/22/2026,08:47:39:645,0.000000,0.000000,4,-126.83,-126.83,0,0,
09/22/2026,08:47:39:669,0.000000,0.000000,1,-90.48,-90.48,0,0,
09/22/2026,08:47:39:727,0.000000,0.000000,3,-128.78,-128.78,0,0,
09/22/2026,08:47:39:865,0.000000,0.000000,2,-126.02,-126.02,0,0,
09/22/2026,08:47:39:919,0.000000,0.000000,4,-127.35,-127.35,0,0,
09/22/2026,08:47:39:958,0.000000,0.000000,1,-95.95,-95.95,0,0,
09/22/2026,08:47:40:019,0.000000,0.000000,3,-126.37,-126.37,0,0,
09/22/2026,08:47:40:144,0.000000,0.000000,2,-127.35,-127.35,0,0,
09/22/2026,08:47:40:203,0.000000,0.000000,4,-127.8,-127.8,0,0,
09/22/2026,08:47:40:228,0.000000,0.000000,1,-98.3,-98.3,0,0,
09/22/2026,08:47:40:288,0.000000,0.000000,3,-129.3,-129.3,0,0,
09/22/2026,08:47:40:428,0.000000,0.000000,2,-128.23,-128.23,0,0,
09/22/2026,08:47:40:478,0.000000,0.000000,4,-129.6,-129.6,0,0,
09/22/2026,08:47:40:519,0.000000,0.000000,1,-93.67,-93.67,0,0,
09/22/2026,08:47:40:592,0.000000,0.000000,3,-127.19,-127.19,0,0,
09/22/2026,08:47:40:734,0.000000,0.000000,2,-129.08,-129.08,0,0,
09/22/2026,08:47:40:771,0.000000,0.000000,4,-126.94,-126.94,0,0,
09/22/2026,08:47:40:808,0.000000,0.000000,1,-97.15,-97.15,0,0,
09/22/2026,08:47:40:880,0.000000,0.000000,3,-126.74,-126.74,0,0,
09/22/2026,08:47:41:010,0.000000,0.000000,2,-128.2,-128.2,0,0,
09/22/2026,08:47:41:067,0.000000,0.000000,4,-128.99,-128.99,0,0,
09/22/2026,08:47:41:110,0.000000,0.000000,1,-92.52,-92.52,0,0,
09/22/2026,08:47:41:166,0.000000,0.000000,3,-126.94,-126.94,0,0,
09/22/2026,08:47:41:301,0.000000,0.000000,2,-125.54,-125.54,0,0,
09/22/2026,08:47:41:352,0.000000,0.000000,4,-126.61,-126.61,0,0,
09/22/2026,08:47:41:387,0.000000,0.000000,1,-98.59,-98.59,0,0,
09/22/2026,08:47:41:439,0.000000,0.000000,3,-128.53,-128.53,0,0,
09/22/2026,08:47:41:585,0.000000,0.000000,2,-126.52,-126.52,0,0,
09/22/2026,08:47:41:630,0.000000,0.000000,4,-127.25,-127.25,0,0,
09/22/2026,08:47:41:677,0.000000,0.000000,1,-89.41,-89.41,0,0,
09/22/2026,08:47:41:720,0.000000,0.000000,3,-128.07,-128.07,0,0,
09/22/2026,08:47:42:257,0.000000,0.000000,2,-127.43,-127.43,0,0,
09/22/2026,08:47:42:293,0.000000,0.000000,4,-128.64,-128.64,0,0,
09/22/2026,08:47:42:337,0.000000,0.000000,1,-89.8,-89.8,0,0,
09/22/2026,08:47:42:378,0.000000,0.000000,3,-126.73,-126.73,0,0,
09/22/2026,08:47:42:467,0.000000,0.000000,2,-127.96,-127.96,0,0,
09/22/2026,08:47:42:484,0.000000,0.000000,4,-128.83,-128.83,0,0,
09/22/2026,08:47:42:496,0.000000,0.000000,1,-98.54,-98.54,0,0,
09/22/2026,08:47:42:525,0.000000,0.000000,3,-128.25,-128.25,0,0,
09/22/2026,08:47:42:573,0.000000,0.000000,2,-127.6,-127.6,0,0,
09/22/2026,08:47:42:601,0.000000,0.000000,4,-127.5,-127.5,0,0,
09/22/2026,08:47:42:618,0.000000,0.000000,1,-102.88,-102.88,0,0,
09/22/2026,08:47:42:637,0.000000,0.000000,3,-126.75,-126.75,0,0,
09/22/2026,08:47:42:704,0.000000,0.000000,2,-128.68,-128.68,0,0,
09/22/2026,08:47:42:747,0.000000,0.000000,4,-128.98,-128.98,0,0,
09/22/2026,08:47:42:792,0.000000,0.000000,1,-92.72,-92.72,0,0,
09/22/2026,08:47:42:835,0.000000,0.000000,3,-127.01,-127.01,0,0,
09/22/2026,08:47:42:972,0.000000,0.000000,2,-128.34,-128.34,0,0,
09/22/2026,08:47:43:031,0.000000,0.000000,4,-128.95,-128.95,0,0,
09/22/2026,08:47:43:056,0.000000,0.000000,1,-96.47,-96.47,0,0,
09/22/2026,08:47:43:126,0.000000,0.000000,3,-126.5,-126.5,0,0,
09/22/2026,08:47:43:277,0.000000,0.000000,2,-128.62,-128.62,0,0,
09/22/2026,08:47:43:301,0.000000,0.000000,4,-128.51,-128.51,0,0,
09/22/2026,08:47:43:335,0.000000,0.000000,1,-92.37,-92.37,0,0,
09/22/2026,08:47:43:395,0.000000,0.000000,3,-126.11,-126.11,0,0,
09/22/2026,08:47:43:536,0.000000,0.000000,2,-126.02,-126.02,0,0,
09/22/2026,08:47:43:580,0.000000,0.000000,4,-129.1,-129.1,0,0,
09/22/2026,08:47:43:615,0.000000,0.000000,1,-93.78,-93.78,0,0,
09/22/2026,08:47:43:668,0.000000,0.000000,3,-127.53,-127.53,0,0,
09/22/2026,08:47:43:851,0.000000,0.000000,2,-127.67,-127.67,0,0,
09/22/2026,08:47:43:893,0.000000,0.000000,4,-126.71,-126.71,0,0,
09/22/2026,08:47:43:923,0.000000,0.000000,1,-101.46,-101.46,0,0,
09/22/2026,08:47:43:982,0.000000,0.000000,3,-128.8,-128.8,0,0,
09/22/2026,08:47:44:086,0.000000,0.000000,2,-127.9,-127.9,0,0,
09/22/2026,08:47:44:139,0.000000,0.000000,4,-128.5,-128.5,0,0,
09/22/2026,08:47:44:181,0.000000,0.000000,1,-88.08,-88.08,0,0,
09/22/2026,08:47:44:229,0.000000,0.000000,3,-128.34,-128.34,0,0,
09/22/2026,08:47:44:364,0.000000,0.000000,2,-126.64,-126.64,0,0,
09/22/2026,08:47:44:419,0.000000,0.000000,4,-127.4,-127.4,0,0,
09/22/2026,08:47:44:451,0.000000,0.000000,1,-90.7,-90.7,0,0,
09/22/2026,08:47:44:512,0.000000,0.000000,3,-125.7,-125.7,0,0,
09/22/2026,08:47:44:651,0.000000,0.000000,2,-129.17,-129.17,0,0,
09/22/2026,08:47:44:697,0.000000,0.000000,4,-128.88,-128.88,0,0,
09/22/2026,08:47:44:736,0.000000,0.000000,1,-92.36,-92.36,0,0,
09/22/2026,08:47:44:796,0.000000,0.000000,3,-128.87,-128.87,0,0,
09/22/2026,08:47:44:928,0.000000,0.000000,2,-128.46,-128.46,0,0,
09/22/2026,08:47:44:982,0.000000,0.000000,4,-128.99,-128.99,0,0,
09/22/2026,08:47:45:015,0.000000,0.000000,1,-89.81,-89.81,0,0,
09/22/2026,08:47:45:068,0.000000,0.000000,3,-126.18,-126.18,0,0,
09/22/2026,08:47:45:213,0.000000,0.000000,2,-127.19,-127.19,0,0,
09/22/2026,08:47:45:263,0.000000,0.000000,4,-130,-130,0,0,
09/22/2026,08:47:45:288,0.000000,0.000000,1,-92.56,-92.56,0,0,
09/22/2026,08:47:45:378,0.000000,0.000000,3,-129.4,-129.4,0,0,
09/22/2026,08:47:45:479,0.000000,0.000000,2,-127.78,-127.78,0,0,
09/22/2026,08:47:45:531,0.000000,0.000000,4,-127.57,-127.57,0,0,
09/22/2026,08:47:45:574,0.000000,0.000000,1,-95.85,-95.85,0,0,
09/22/2026,08:47:45:619,0.000000,0.000000,3,-128.63,-128.63,0,0,
09/22/2026,08:47:45:778,0.000000,0.000000,2,-127.58,-127.58,0,0,
09/22/2026,08:47:45:860,0.000000,0.000000,4,-127.51,-127.51,0,0,
09/22/2026,08:47:45:904,0.000000,0.000000,1,-100.15,-100.15,0,0,
09/22/2026,08:47:46:006,0.000000,0.000000,3,-125.33,-125.33,0,0,
09/22/2026,08:47:46:105,0.000000,0.000000,2,-128.63,-128.63,0,0,
09/22/2026,08:47:46:145,0.000000,0.000000,4,-125.15,-125.15,0,0,
09/22/2026,08:47:46:157,0.000000,0.000000,1,-97.31,-97.31,0,0,
09/22/2026,08:47:46:186,0.000000,0.000000,3,-127.49,-127.49,0,0,
09/22/2026,08:47:46:321,0.000000,0.000000,2,-127.06,-127.06,0,0,
09/22/2026,08:47:46:373,0.000000,0.000000,4,-128.11,-128.11,0,0,
09/22/2026,08:47:46:413,0.000000,0.000000,1,-94.92,-94.92,0,0,
09/22/2026,08:47:46:464,0.000000,0.000000,3,-127.24,-127.24,0,0,
09/22/2026,08:47:46:595,0.000000,0.000000,2,-127.76,-127.76,0,0,
09/22/2026,08:47:46:651,0.000000,0.000000,4,-127.67,-127.67,0,0,
09/22/2026,08:47:46:682,0.000000,0.000000,1,-88.54,-88.54,0,0,
09/22/2026,08:47:46:738,0.000000,0.000000,3,-128.56,-128.56,0,0,
09/22/2026,08:47:46:900,0.000000,0.000000,2,-125.85,-125.85,0,0,
09/22/2026,08:47:46:930,0.000000,0.000000,4,-128.74,-128.74,0,0,
09/22/2026,08:47:46:966,0.000000,0.000000,1,-97.11,-97.11,0,0,
09/22/2026,08:47:47:012,0.000000,0.000000,3,-129.47,-129.47,0,0,
09/22/2026,08:47:47:153,0.000000,0.000000,2,-127.8,-127.8,0,0,
09/22/2026,08:47:47:209,0.000000,0.000000,4,-127.82,-127.82,0,0,
09/22/2026,08:47:47:249,0.000000,0.000000,1,-94.15,-94.15,0,0,
09/22/2026,08:47:47:684,0.000000,0.000000,3,-126.37,-126.37,0,0,
09/22/2026,08:47:47:877,0.000000,0.000000,2,-128.53,-128.53,0,0,
09/22/2026,08:47:47:924,0.000000,0.000000,4,-128.24,-128.24,0,0,
09/22/2026,08:47:48:011,0.000000,0.000000,1,-91.64,-91.64,0,0,
09/22/2026,08:47:48:057,0.000000,0.000000,3,-126.3,-126.3,0,0,
09/22/2026,08:47:48:161,0.000000,0.000000,2,-127.58,-127.58,0,0,
09/22/2026,08:47:48:190,0.000000,0.000000,4,-127.29,-127.29,0,0,
09/22/2026,08:47:48:197,0.000000,0.000000,1,-95.22,-95.22,0,0,
09/22/2026,08:47:48:215,0.000000,0.000000,3,-128.91,-128.91,0,0,
09/22/2026,08:47:48:251,0.000000,0.000000,2,-127.67,-127.67,0,0,
09/22/2026,08:47:48:262,0.000000,0.000000,4,-128.45,-128.45,0,0,
09/22/2026,08:47:48:274,0.000000,0.000000,1,-90.79,-90.79,0,0,
09/22/2026,08:47:48:288,0.000000,0.000000,3,-127.94,-127.94,0,0,
09/22/2026,08:47:48:326,0.000000,0.000000,2,-128.08,-128.08,0,0,
09/22/2026,08:47:48:350,0.000000,0.000000,4,-126.56,-126.56,0,0,
09/22/2026,08:47:48:369,0.000000,0.000000,1,-99.6,-99.6,0,0,
09/22/2026,08:47:48:420,0.000000,0.000000,3,-126.98,-126.98,0,0,
09/22/2026,08:47:48:557,0.000000,0.000000,2,-129.41,-129.41,0,0,
09/22/2026,08:47:48:607,0.000000,0.000000,4,-128.22,-128.22,0,0,
09/22/2026,08:47:48:634,0.000000,0.000000,1,-91.57,-91.57,0,0,
09/22/2026,08:47:48:697,0.000000,0.000000,3,-126.73,-126.73,0,0,
09/22/2026,08:47:48:829,0.000000,0.000000,2,-129.18,-129.18,0,0,
09/22/2026,08:47:48:883,0.000000,0.000000,4,-127.6,-127.6,0,0,
09/22/2026,08:47:48:914,0.000000,0.000000,1,-101.12,-101.12,0,0,
09/22/2026,08:47:48:969,0.000000,0.000000,3,-128.6,-128.6,0,0,
09/22/2026,08:47:49:106,0.000000,0.000000,2,-127.79,-127.79,0,0,
09/22/2026,08:47:49:163,0.000000,0.000000,4,-128.86,-128.86,0,0,
09/22/2026,08:47:49:218,0.000000,0.000000,1,-99.2,-99.2,0,0,
09/22/2026,08:47:49:247,0.000000,0.000000,3,-127.27,-127.27,0,0,
09/22/2026,08:47:49:385,0.000000,0.000000,2,-128.74,-128.74,0,0,
09/22/2026,08:47:49:442,0.000000,0.000000,4,-128.27,-128.27,0,0,
09/22/2026,08:47:49:480,0.000000,0.000000,1,-89.94,-89.94,0,0,
09/22/2026,08:47:49:524,0.000000,0.000000,3,-127.46,-127.46,0,0,
09/22/2026,08:47:49:696,0.000000,0.000000,2,-127.33,-127.33,0,0,
09/22/2026,08:47:49:735,0.000000,0.000000,4,-129.4,-129.4,0,0,
09/22/2026,08:47:49:776,0.000000,0.000000,1,-87.88,-87.88,0,0,
09/22/2026,08:47:49:828,0.000000,0.000000,3,-126.22,-126.22,0,0,
09/22/2026,08:47:49:943,0.000000,0.000000,2,-127.61,-127.61,0,0,
09/22/2026,08:47:50:000,0.000000,0.000000,4,-128.82,-128.82,0,0,
09/22/2026,08:47:50:046,0.000000,0.000000,1,-99.21,-99.21,0,0,
09/22/2026,08:47:50:085,0.000000,0.000000,3,-127.43,-127.43,0,0,
09/22/2026,08:47:50:232,0.000000,0.000000,2,-126.37,-126.37,0,0,
09/22/2026,08:47:50:272,0.000000,0.000000,4,-127.46,-127.46,0,0,
09/22/2026,08:47:50:320,0.000000,0.000000,1,-85.68,-85.68,0,0,
09/22/2026,08:47:50:373,0.000000,0.000000,3,-127.52,-127.52,0,0,
09/22/2026,08:47:50:519,0.000000,0.000000,2,-126.84,-126.84,0,0,
09/22/2026,08:47:50:555,0.000000,0.000000,4,-129.37,-129.37,0,0,
09/22/2026,08:47:50:590,0.000000,0.000000,1,-90.64,-90.64,0,0,
09/22/2026,08:47:50:646,0.000000,0.000000,3,-129.21,-129.21,0,0,
09/22/2026,08:47:50:778,0.000000,0.000000,2,-127.42,-127.42,0,0,
09/22/2026,08:47:50:831,0.000000,0.000000,4,-128.46,-128.46,0,0,
09/22/2026,08:47:50:874,0.000000,0.000000,1,-92.81,-92.81,0,0,
09/22/2026,08:47:50:928,0.000000,0.000000,3,-127.66,-127.66,0,0,
09/22/2026,08:47:51:068,0.000000,0.000000,2,-128.06,-128.06,0,0,
09/22/2026,08:47:51:118,0.000000,0.000000,4,-127.82,-127.82,0,0,
09/22/2026,08:47:51:146,0.000000,0.000000,1,-98.32,-98.32,0,0,
09/22/2026,08:47:51:196,0.000000,0.000000,3,-128.23,-128.23,0,0,
09/22/2026,08:47:51:350,0.000000,0.000000,2,-128.84,-128.84,0,0,
09/22/2026,08:47:51:397,0.000000,0.000000,4,-126.46,-126.46,0,0,
09/22/2026,08:47:51:443,0.000000,0.000000,1,-101.95,-101.95,0,0,
09/22/2026,08:47:51:487,0.000000,0.000000,3,-129.71,-129.71,0,0,
09/22/2026,08:47:51:636,0.000000,0.000000,2,-126.75,-126.75,0,0,
09/22/2026,08:47:51:678,0.000000,0.000000,4,-128.01,-128.01,0,0,
09/22/2026,08:47:51:707,0.000000,0.000000,1,-92.74,-92.74,0,0,
09/22/2026,08:47:51:758,0.000000,0.000000,3,-127.6,-127.6,0,0,
09/22/2026,08:47:51:914,0.000000,0.000000,2,-127.14,-127.14,0,0,
09/22/2026,08:47:51:955,0.000000,0.000000,4,-128.92,-128.92,0,0,
09/22/2026,08:47:51:999,0.000000,0.000000,1,-96.01,-96.01,0,0,
09/22/2026,08:47:52:040,0.000000,0.000000,3,-125.28,-125.28,0,0,
09/22/2026,08:47:52:172,0.000000,0.000000,2,-126.16,-126.16,0,0,
09/22/2026,08:47:52:254,0.000000,0.000000,4,-128.1,-128.1,0,0,
09/22/2026,08:47:52:270,0.000000,0.000000,1,-93.93,-93.93,0,0,
09/22/2026,08:47:52:325,0.000000,0.000000,3,-127.86,-127.86,0,0,
09/22/2026,08:47:52:455,0.000000,0.000000,2,-127.89,-127.89,0,0,
09/22/2026,08:47:52:517,0.000000,0.000000,4,-127.62,-127.62,0,0,
09/22/2026,08:47:52:554,0.000000,0.000000,1,-105.05,-105.05,0,0,
09/22/2026,08:47:52:592,0.000000,0.000000,3,-128.49,-128.49,0,0,
09/22/2026,08:47:53:134,0.000000,0.000000,2,-126.43,-126.43,0,0,
09/22/2026,08:47:53:204,0.000000,0.000000,4,-125.87,-125.87,0,0,
09/22/2026,08:47:53:212,0.000000,0.000000,1,-98.41,-98.41,0,0,
09/22/2026,08:47:53:261,0.000000,0.000000,3,-126.7,-126.7,0,0,
09/22/2026,08:47:53:421,0.000000,0.000000,2,-127.72,-127.72,0,0,
09/22/2026,08:47:53:449,0.000000,0.000000,4,-128.88,-128.88,0,0,
09/22/2026,08:47:53:478,0.000000,0.000000,1,-100.76,-100.76,0,0,
09/22/2026,08:47:53:510,0.000000,0.000000,3,-128.15,-128.15,0,0,
09/22/2026,08:47:53:586,0.000000,0.000000,2,-128.86,-128.86,0,0,
09/22/2026,08:47:53:601,0.000000,0.000000,4,-128.76,-128.76,0,0,
09/22/2026,08:47:53:619,0.000000,0.000000,1,-93.41,-93.41,0,0,
09/22/2026,08:47:53:634,0.000000,0.000000,3,-127.75,-127.75,0,0,
09/22/2026,08:47:53:710,0.000000,0.000000,2,-128.84,-128.84,0,0,
09/22/2026,08:47:53:729,0.000000,0.000000,4,-127.93,-127.93,0,0,
09/22/2026,08:47:53:740,0.000000,0.000000,1,-93.63,-93.63,0,0,
09/22/2026,08:47:53:764,0.000000,0.000000,3,-126.92,-126.92,0,0,
09/22/2026,08:47:53:860,0.000000,0.000000,2,-127.57,-127.57,0,0,
09/22/2026,08:47:53:910,0.000000,0.000000,4,-127.4,-127.4,0,0,
09/22/2026,08:47:53:943,0.000000,0.000000,1,-91.63,-91.63,0,0,
09/22/2026,08:47:53:998,0.000000,0.000000,3,-128.05,-128.05,0,0,
