Date,Time,Latitude,Longitude,Channel,RSSI,Adjusted Value,Antenna Gain,Cable Loss
05/14/2026,10:49:12:318,0.000000,0.000000,2,-104.34,-104.34,0,0,
05/14/2026,10:49:12:373,0.000000,0.000000,3,-98.54,-98.54,0,0,
05/14/2026,10:49:12:423,0.000000,0.000000,4,-103.62,-103.62,0,0,
05/14/2026,10:49:12:477,0.000000,0.000000,5,-56.37,-56.37,0,0,
05/14/2026,10:49:12:563,0.000000,0.000000,2,-100.16,-100.16,0,0,
05/14/2026,10:49:12:617,0.000000,0.000000,3,-96.8,-96.8,0,0,
05/14/2026,10:49:12:668,0.000000,0.000000,4,-107.22,-107.22,0,0,
05/14/2026,10:49:12:723,0.000000,0.000000,5,-58.47,-58.47,0,0,
05/14/2026,10:49:12:810,0.000000,0.000000,2,-103.87,-103.87,0,0,
05/14/2026,10:49:12:861,0.000000,0.000000,3,-101.69,-101.69,0,0,
05/14/2026,10:49:12:915,0.000000,0.000000,4,-103.35,-103.35,0,0,
05/14/2026,10:49:13:017,0.000000,0.000000,5,-59.09,-59.09,0,0,
05/14/2026,10:49:13:070,0.000000,0.000000,2,-102.34,-102.34,0,0,
05/14/2026,10:49:13:143,0.000000,0.000000,3,-107.58,-107.58,0,0,
05/14/2026,10:49:13:206,0.000000,0.000000,4,-107.07,-107.07,0,0,
05/14/2026,10:49:13:222,0.000000,0.000000,5,-57.99,-57.99,0,0,
05/14/2026,10:49:13:310,0.000000,0.000000,2,-111.25,-111.25,0,0,
05/14/2026,10:49:13:351,0.000000,0.000000,3,-114.04,-114.04,0,0,
05/14/2026,10:49:13:406,0.000000,0.000000,4,-109.58,-109.58,0,0,
05/14/2026,10:49:13:461,0.000000,0.000000,5,-59.12,-59.12,0,0,
05/14/2026,10:49:13:546,0.000000,0.000000,2,-111.83,-111.83,0,0,
05/14/2026,10:49:13:597,0.000000,0.000000,3,-120.31,-120.31,0,0,
05/14/2026,10:49:13:648,0.000000,0.000000,4,-123.23,-123.23,0,0,
05/14/2026,10:49:13:701,0.000000,0.000000,5,-60.46,-60.46,0,0,
05/14/2026,10:49:13:797,0.000000,0.000000,2,-119.8,-119.8,0,0,
05/14/2026,10:49:13:844,0.000000,0.000000,3,-113.27,-113.27,0,0,
05/14/2026,10:49:13:895,0.000000,0.000000,4,-105.98,-105.98,0,0,
05/14/2026,10:49:13:945,0.000000,0.000000,5,-58.11,-58.11,0,0,
05/14/2026,10:49:14:036,0.000000,0.000000,2,-84.59,-84.59,0,0,
05/14/2026,10:49:14:084,0.000000,0.000000,3,-115.06,-115.06,0,0,
05/14/2026,10:49:14:139,0.000000,0.000000,4,-107.73,-107.73,0,0,
05/14/2026,10:49:14:189,0.000000,0.000000,5,-58.9,-58.9,0,0,
05/14/2026,10:49:14:278,0.000000,0.000000,2,-99.03,-99.03,0,0,
05/14/2026,10:49:14:329,0.000000,0.000000,3,-104.95,-104.95,0,0,
05/14/2026,10:49:14:381,0.000000,0.000000,4,-111.51,-111.51,0,0,
05/14/2026,10:49:14:437,0.000000,0.000000,5,-60.81,-60.81,0,0,
05/14/2026,10:49:14:523,0.000000,0.000000,2,-108.62,-108.62,0,0,
05/14/2026,10:49:14:580,0.000000,0.000000,3,-101.59,-101.59,0,0,
05/14/2026,10:49:14:638,0.000000,0.000000,4,-106.59,-106.59,0,0,
05/14/2026,10:49:14:721,0.000000,0.000000,5,-60.9,-60.9,0,0,
05/14/2026,10:49:14:782,0.000000,0.000000,2,-116.75,-116.75,0,0,
05/14/2026,10:49:14:821,0.000000,0.000000,3,-101.71,-101.71,0,0,
05/14/2026,10:49:14:896,0.000000,0.000000,4,-117.32,-117.32,0,0,
05/14/2026,10:49:14:939,0.000000,0.000000,5,-60.9,-60.9,0,0,
05/14/2026,10:49:15:011,0.000000,0.000000,2,-112.44,-112.44,0,0,
05/14/2026,10:49:15:070,0.000000,0.000000,3,-112.09,-112.09,0,0,
05/14/2026,10:49:15:120,0.000000,0.000000,4,-105.27,-105.27,0,0,
05/14/2026,10:49:15:175,0.000000,0.000000,5,-60.81,-60.81,0,0,
05/14/2026,10:49:15:257,0.000000,0.000000,2,-112.33,-112.33,0,0,
05/14/2026,10:49:15:308,0.000000,0.000000,3,-114.86,-114.86,0,0,
05/14/2026,10:49:15:363,0.000000,0.000000,4,-109.3,-109.3,0,0,
05/14/2026,10:49:15:417,0.000000,0.000000,5,-60.97,-60.97,0,0,
05/14/2026,10:49:15:501,0.000000,0.000000,2,-99.11,-99.11,0,0,
05/14/2026,10:49:15:558,0.000000,0.000000,3,-106.64,-106.64,0,0,
05/14/2026,10:49:15:610,0.000000,0.000000,4,-110.81,-110.81,0,0,
05/14/2026,10:49:15:662,0.000000,0.000000,5,-60.91,-60.91,0,0,
05/14/2026,10:49:15:744,0.000000,0.000000,2,-107.68,-107.68,0,0,
05/14/2026,10:49:15:801,0.000000,0.000000,3,-98.51,-98.51,0,0,
05/14/2026,10:49:15:871,0.000000,0.000000,4,-107.03,-107.03,0,0,
05/14/2026,10:49:15:909,0.000000,0.000000,5,-61.02,-61.02,0,0,
05/14/2026,10:49:15:996,0.000000,0.000000,2,-114.88,-114.88,0,0,
05/14/2026,10:49:16:043,0.000000,0.000000,3,-115.3,-115.3,0,0,
05/14/2026,10:49:16:099,0.000000,0.000000,4,-95.47,-95.47,0,0,
05/14/2026,10:49:16:150,0.000000,0.000000,5,-61.16,-61.16,0,0,
05/14/2026,10:49:16:234,0.000000,0.000000,2,-90.7,-90.7,0,0,
05/14/2026,10:49:16:290,0.000000,0.000000,3,-79.86,-79.86,0,0,
05/14/2026,10:49:16:342,0.000000,0.000000,4,-114.12,-114.12,0,0,
05/14/2026,10:49:16:396,0.000000,0.000000,5,-61.1,-61.1,0,0,
05/14/2026,10:49:16:508,0.000000,0.000000,2,-112.51,-112.51,0,0,
05/14/2026,10:49:16:543,0.000000,0.000000,3,-111.78,-111.78,0,0,
05/14/2026,10:49:16:616,0.000000,0.000000,4,-120.08,-120.08,0,0,
05/14/2026,10:49:16:681,0.000000,0.000000,5,-61.31,-61.31,0,0,
05/14/2026,10:49:16:762,0.000000,0.000000,2,-107.57,-107.57,0,0,
05/14/2026,10:49:16:796,0.000000,0.000000,3,-108.47,-108.47,0,0,
05/14/2026,10:49:16:830,0.000000,0.000000,4,-120.14,-120.14,0,0,
05/14/2026,10:49:16:885,0.000000,0.000000,5,-61.15,-61.15,0,0,
05/14/2026,10:49:16:979,0.000000,0.000000,2,-82.24,-82.24,0,0,
05/14/2026,10:49:17:023,0.000000,0.000000,3,-109.16,-109.16,0,0,
05/14/2026,10:49:17:081,0.000000,0.000000,4,-103.79,-103.79,0,0,
05/14/2026,10:49:17:146,0.000000,0.000000,5,-60.66,-60.66,0,0,
05/14/2026,10:49:17:219,0.000000,0.000000,2,-109.39,-109.39,0,0,
05/14/2026,10:49:17:269,0.000000,0.000000,3,-118.56,-118.56,0,0,
05/14/2026,10:49:17:551,0.000000,0.000000,4,-102.97,-102.97,0,0,
05/14/2026,10:49:17:564,0.000000,0.000000,5,-61.56,-61.56,0,0,
05/14/2026,10:49:17:589,0.000000,0.000000,2,-107.31,-107.31,0,0,
05/14/2026,10:49:17:604,0.000000,0.000000,3,-109.69,-109.69,0,0,
05/14/2026,10:49:17:632,0.000000,0.000000,4,-110,-110,0,0,
05/14/2026,10:49:17:641,0.000000,0.000000,5,-61.1,-61.1,0,0,
05/14/2026,10:49:17:704,0.000000,0.000000,2,-113.22,-113.22,0,0,
05/14/2026,10:49:17:757,0.000000,0.000000,3,-104.42,-104.42,0,0,
05/14/2026,10:49:17:813,0.000000,0.000000,4,-120.21,-120.21,0,0,
05/14/2026,10:49:17:867,0.000000,0.000000,5,-60.89,-60.89,0,0,
05/14/2026,10:49:17:957,0.000000,0.000000,2,-94.6,-94.6,0,0,
05/14/2026,10:49:18:009,0.000000,0.000000,3,-97.02,-97.02,0,0,
05/14/2026,10:49:18:056,0.000000,0.000000,4,-113.61,-113.61,0,0,
05/14/2026,10:49:18:115,0.000000,0.000000,5,-61.45,-61.45,0,0,
05/14/2026,10:49:18:194,0.000000,0.000000,2,-110.15,-110.15,0,0,
05/14/2026,10:49:18:249,0.000000,0.000000,3,-121.17,-121.17,0,0,
05/14/2026,10:49:18:299,0.000000,0.000000,4,-111.57,-111.57,0,0,
05/14/2026,10:49:18:357,0.000000,0.000000,5,-61.21,-61.21,0,0,
05/14/2026,10:49:18:443,0.000000,0.000000,2,-98.67,-98.67,0,0,
05/14/2026,10:49:18:494,0.000000,0.000000,3,-109.19,-109.19,0,0,
05/14/2026,10:49:18:578,0.000000,0.000000,4,-113.49,-113.49,0,0,
05/14/2026,10:49:18:633,0.000000,0.000000,5,-60.5,-60.5,0,0,
05/14/2026,10:49:18:691,0.000000,0.000000,2,-120.78,-120.78,0,0,
05/14/2026,10:49:18:739,0.000000,0.000000,3,-116.4,-116.4,0,0,
05/14/2026,10:49:18:811,0.000000,0.000000,4,-119.75,-119.75,0,0,
05/14/2026,10:49:18:877,0.000000,0.000000,5,-61.48,-61.48,0,0,
05/14/2026,10:49:18:931,0.000000,0.000000,2,-115.13,-115.13,0,0,
05/14/2026,10:49:18:984,0.000000,0.000000,3,-108.39,-108.39,0,0,
05/14/2026,10:49:19:037,0.000000,0.000000,4,-84.41,-84.41,0,0,
05/14/2026,10:49:19:088,0.000000,0.000000,5,-62.13,-62.13,0,0,
05/14/2026,10:49:19:175,0.000000,0.000000,2,-118.68,-118.68,0,0,
05/14/2026,10:49:19:227,0.000000,0.000000,3,-111.42,-111.42,0,0,
05/14/2026,10:49:19:279,0.000000,0.000000,4,-115.01,-115.01,0,0,
05/14/2026,10:49:19:331,0.000000,0.000000,5,-62.28,-62.28,0,0,
05/14/2026,10:49:19:420,0.000000,0.000000,2,-115.55,-115.55,0,0,
05/14/2026,10:49:19:472,0.000000,0.000000,3,-112.47,-112.47,0,0,
05/14/2026,10:49:19:524,0.000000,0.000000,4,-111.3,-111.3,0,0,
05/14/2026,10:49:19:577,0.000000,0.000000,5,-61.67,-61.67,0,0,
05/14/2026,10:49:19:663,0.000000,0.000000,2,-107.97,-107.97,0,0,
05/14/2026,10:49:19:721,0.000000,0.000000,3,-112.66,-112.66,0,0,
05/14/2026,10:49:19:769,0.000000,0.000000,4,-107.32,-107.32,0,0,
05/14/2026,10:49:19:825,0.000000,0.000000,5,-61.92,-61.92,0,0,
05/14/2026,10:49:19:910,0.000000,0.000000,2,-120.11,-120.11,0,0,
05/14/2026,10:49:19:970,0.000000,0.000000,3,-117.19,-117.19,0,0,
05/14/2026,10:49:20:016,0.000000,0.000000,4,-111.55,-111.55,0,0,
05/14/2026,10:49:20:069,0.000000,0.000000,5,-61.5,-61.5,0,0,
05/14/2026,10:49:20:153,0.000000,0.000000,2,-106.79,-106.79,0,0,
05/14/2026,10:49:20:216,0.000000,0.000000,3,-113.83,-113.83,0,0,
05/14/2026,10:49:20:288,0.000000,0.000000,4,-82.06,-82.06,0,0,
05/14/2026,10:49:20:363,0.000000,0.000000,5,-61.53,-61.53,0,0,
05/14/2026,10:49:20:413,0.000000,0.000000,2,-89.29,-89.29,0,0,
05/14/2026,10:49:20:490,0.000000,0.000000,3,-98.94,-98.94,0,0,
05/14/2026,10:49:20:540,0.000000,0.000000,4,-92.82,-92.82,0,0,
05/14/2026,10:49:20:555,0.000000,0.000000,5,-61.4,-61.4,0,0,
05/14/2026,10:49:20:647,0.000000,0.000000,2,-116.5,-116.5,0,0,
05/14/2026,10:49:20:695,0.000000,0.000000,3,-110.43,-110.43,0,0,
05/14/2026,10:49:20:747,0.000000,0.000000,4,-112.91,-112.91,0,0,
05/14/2026,10:49:20:804,0.000000,0.000000,5,-62.18,-62.18,0,0,
05/14/2026,10:49:20:888,0.000000,0.000000,2,-117.38,-117.38,0,0,
05/14/2026,10:49:20:940,0.000000,0.000000,3,-85.4,-85.4,0,0,
05/14/2026,10:49:20:994,0.000000,0.000000,4,-104.51,-104.51,0,0,
05/14/2026,10:49:21:049,0.000000,0.000000,5,-62.88,-62.88,0,0,
05/14/2026,10:49:21:142,0.000000,0.000000,2,-108.03,-108.03,0,0,
05/14/2026,10:49:21:185,0.000000,0.000000,3,-121.25,-121.25,0,0,
05/14/2026,10:49:21:239,0.000000,0.000000,4,-109.46,-109.46,0,0,
05/14/2026,10:49:21:295,0.000000,0.000000,5,-61.29,-61.29,0,0,
05/14/2026,10:49:21:380,0.000000,0.000000,2,-119.71,-119.71,0,0,
05/14/2026,10:49:21:434,0.000000,0.000000,3,-121.05,-121.05,0,0,
05/14/2026,10:49:21:483,0.000000,0.000000,4,-121.79,-121.79,0,0,
05/14/2026,10:49:21:535,0.000000,0.000000,5,-64.19,-64.19,0,0,
05/14/2026,10:49:21:625,0.000000,0.000000,2,-99.24,-99.24,0,0,
05/14/2026,10:49:21:676,0.000000,0.000000,3,-107.7,-107.7,0,0,
05/14/2026,10:49:21:731,0.000000,0.000000,4,-120.86,-120.86,0,0,
05/14/2026,10:49:21:783,0.000000,0.000000,5,-73.51,-73.51,0,0,
05/14/2026,10:49:21:870,0.000000,0.000000,2,-110.2,-110.2,0,0,
05/14/2026,10:49:21:920,0.000000,0.000000,3,-120.99,-120.99,0,0,
05/14/2026,10:49:21:972,0.000000,0.000000,4,-111.83,-111.83,0,0,
05/14/2026,10:49:22:028,0.000000,0.000000,5,-62.27,-62.27,0,0,
05/14/2026,10:49:22:112,0.000000,0.000000,2,-92.77,-92.77,0,0,
05/14/2026,10:49:22:166,0.000000,0.000000,3,-119.73,-119.73,0,0,
05/14/2026,10:49:22:234,0.000000,0.000000,4,-115.32,-115.32,0,0,
05/14/2026,10:49:22:301,0.000000,0.000000,5,-57.66,-57.66,0,0,
05/14/2026,10:49:22:360,0.000000,0.000000,2,-111.24,-111.24,0,0,
05/14/2026,10:49:22:458,0.000000,0.000000,3,-113.31,-113.31,0,0,
05/14/2026,10:49:22:493,0.000000,0.000000,4,-123.76,-123.76,0,0,
05/14/2026,10:49:22:523,0.000000,0.000000,5,-66.94,-66.94,0,0,
05/14/2026,10:49:22:854,0.000000,0.000000,2,-124.05,-124.05,0,0,
05/14/2026,10:49:22:865,0.000000,0.000000,3,-122.24,-122.24,0,0,
05/14/2026,10:49:22:880,0.000000,0.000000,4,-120.95,-120.95,0,0,
05/14/2026,10:49:22:891,0.000000,0.000000,5,-75.02,-75.02,0,0,
05/14/2026,10:49:22:920,0.000000,0.000000,2,-105.45,-105.45,0,0,
05/14/2026,10:49:22:928,0.000000,0.000000,3,-105.72,-105.72,0,0,
05/14/2026,10:49:22:952,0.000000,0.000000,4,-105.28,-105.28,0,0,
05/14/2026,10:49:23:008,0.000000,0.000000,5,-66.39,-66.39,0,0,
05/14/2026,10:49:23:094,0.000000,0.000000,2,-118.91,-118.91,0,0,
05/14/2026,10:49:23:149,0.000000,0.000000,3,-121.44,-121.44,0,0,
05/14/2026,10:49:23:204,0.000000,0.000000,4,-121.74,-121.74,0,0,
05/14/2026,10:49:23:253,0.000000,0.000000,5,-64.64,-64.64,0,0,
05/14/2026,10:49:23:337,0.000000,0.000000,2,-102.86,-102.86,0,0,
05/14/2026,10:49:23:389,0.000000,0.000000,3,-97.92,-97.92,0,0,
05/14/2026,10:49:23:443,0.000000,0.000000,4,-109.15,-109.15,0,0,
05/14/2026,10:49:23:495,0.000000,0.000000,5,-59.22,-59.22,0,0,
05/14/2026,10:49:23:586,0.000000,0.000000,2,-121.88,-121.88,0,0,
05/14/2026,10:49:23:643,0.000000,0.000000,3,-114.9,-114.9,0,0,
05/14/2026,10:49:23:686,0.000000,0.000000,4,-116.73,-116.73,0,0,
05/14/2026,10:49:23:740,0.000000,0.000000,5,-59.03,-59.03,0,0,
05/14/2026,10:49:23:826,0.000000,0.000000,2,-120.95,-120.95,0,0,
05/14/2026,10:49:23:880,0.000000,0.000000,3,-98.3,-98.3,0,0,
05/14/2026,10:49:23:951,0.000000,0.000000,4,-115.66,-115.66,0,0,
05/14/2026,10:49:24:023,0.000000,0.000000,5,-62.17,-62.17,0,0,
05/14/2026,10:49:24:072,0.000000,0.000000,2,-122.63,-122.63,0,0,
05/14/2026,10:49:24:141,0.000000,0.000000,3,-122.07,-122.07,0,0,
05/14/2026,10:49:24:184,0.000000,0.000000,4,-112.92,-112.92,0,0,
05/14/2026,10:49:24:233,0.000000,0.000000,5,-64.05,-64.05,0,0,
05/14/2026,10:49:24:316,0.000000,0.000000,2,-121.6,-121.6,0,0,
05/14/2026,10:49:24:369,0.000000,0.000000,3,-121.76,-121.76,0,0,
05/14/2026,10:49:24:422,0.000000,0.000000,4,-124.39,-124.39,0,0,
05/14/2026,10:49:24:474,0.000000,0.000000,5,-70.26,-70.26,0,0,
05/14/2026,10:49:24:563,0.000000,0.000000,2,-122.58,-122.58,0,0,
05/14/2026,10:49:24:614,0.000000,0.000000,3,-121.68,-121.68,0,0,
05/14/2026,10:49:24:670,0.000000,0.000000,4,-124.11,-124.11,0,0,
05/14/2026,10:49:24:718,0.000000,0.000000,5,-64.32,-64.32,0,0,
05/14/2026,10:49:24:827,0.000000,0.000000,2,-120.27,-120.27,0,0,
05/14/2026,10:49:24:860,0.000000,0.000000,3,-123.48,-123.48,0,0,
05/14/2026,10:49:24:910,0.000000,0.000000,4,-121.52,-121.52,0,0,
05/14/2026,10:49:24:964,0.000000,0.000000,5,-59.69,-59.69,0,0,
05/14/2026,10:49:25:052,0.000000,0.000000,2,-121.71,-121.71,0,0,
05/14/2026,10:49:25:104,0.000000,0.000000,3,-121.04,-121.04,0,0,
05/14/2026,10:49:25:159,0.000000,0.000000,4,-123.25,-123.25,0,0,
05/14/2026,10:49:25:209,0.000000,0.000000,5,-65.26,-65.26,0,0,
05/14/2026,10:49:25:296,0.000000,0.000000,2,-122.74,-122.74,0,0,
05/14/2026,10:49:25:348,0.000000,0.000000,3,-119.52,-119.52,0,0,
05/14/2026,10:49:25:402,0.000000,0.000000,4,-120.27,-120.27,0,0,
05/14/2026,10:49:25:453,0.000000,0.000000,5,-72.27,-72.27,0,0,
05/14/2026,10:49:25:540,0.000000,0.000000,2,-122.73,-122.73,0,0,
05/14/2026,10:49:25:595,0.000000,0.000000,3,-123.07,-123.07,0,0,
05/14/2026,10:49:25:646,0.000000,0.000000,4,-124.2,-124.2,0,0,
05/14/2026,10:49:25:705,0.000000,0.000000,5,-73.16,-73.16,0,0,
05/14/2026,10:49:25:784,0.000000,0.000000,2,-123.65,-123.65,0,0,
05/14/2026,10:49:25:874,0.000000,0.000000,3,-122.37,-122.37,0,0,
05/14/2026,10:49:25:944,0.000000,0.000000,4,-122.05,-122.05,0,0,
05/14/2026,10:49:25:961,0.000000,0.000000,5,-74.61,-74.61,0,0,
05/14/2026,10:49:26:082,0.000000,0.000000,2,-122.39,-122.39,0,0,
05/14/2026,10:49:26:092,0.000000,0.000000,3,-121.99,-121.99,0,0,
05/14/2026,10:49:26:140,0.000000,0.000000,4,-123.33,-123.33,0,0,
05/14/2026,10:49:26:195,0.000000,0.000000,5,-64.79,-64.79,0,0,
05/14/2026,10:49:26:284,0.000000,0.000000,2,-120.41,-120.41,0,0,
05/14/2026,10:49:26:326,0.000000,0.000000,3,-123.51,-123.51,0,0,
05/14/2026,10:49:26:379,0.000000,0.000000,4,-124.14,-124.14,0,0,
05/14/2026,10:49:26:439,0.000000,0.000000,5,-70.54,-70.54,0,0,
05/14/2026,10:49:26:519,0.000000,0.000000,2,-121.84,-121.84,0,0,
05/14/2026,10:49:26:572,0.000000,0.000000,3,-120,-120,0,0,
05/14/2026,10:49:26:626,0.000000,0.000000,4,-119.77,-119.77,0,0,
05/14/2026,10:49:26:679,0.000000,0.000000,5,-66.02,-66.02,0,0,
05/14/2026,10:49:26:764,0.000000,0.000000,2,-122.75,-122.75,0,0,
05/14/2026,10:49:26:816,0.000000,0.000000,3,-122.69,-122.69,0,0,
05/14/2026,10:49:26:869,0.000000,0.000000,4,-122.48,-122.48,0,0,
05/14/2026,10:49:26:922,0.000000,0.000000,5,-70.83,-70.83,0,0,
05/14/2026,10:49:27:011,0.000000,0.000000,2,-120.71,-120.71,0,0,
05/14/2026,10:49:27:064,0.000000,0.000000,3,-122.41,-122.41,0,0,
05/14/2026,10:49:27:113,0.000000,0.000000,4,-122.62,-122.62,0,0,
05/14/2026,10:49:27:168,0.000000,0.000000,5,-64.44,-64.44,0,0,
05/14/2026,10:49:27:254,0.000000,0.000000,2,-122.98,-122.98,0,0,
05/14/2026,10:49:27:305,0.000000,0.000000,3,-122.74,-122.74,0,0,
05/14/2026,10:49:27:359,0.000000,0.000000,4,-122.23,-122.23,0,0,
05/14/2026,10:49:27:411,0.000000,0.000000,5,-61.73,-61.73,0,0,
05/14/2026,10:49:27:502,0.000000,0.000000,2,-121.99,-121.99,0,0,
05/14/2026,10:49:27:565,0.000000,0.000000,3,-122.59,-122.59,0,0,
05/14/2026,10:49:27:602,0.000000,0.000000,4,-124.19,-124.19,0,0,
05/14/2026,10:49:27:658,0.000000,0.000000,5,-65.5,-65.5,0,0,
05/14/2026,10:49:27:759,0.000000,0.000000,2,-123.13,-123.13,0,0,
05/14/2026,10:49:27:805,0.000000,0.000000,3,-122.95,-122.95,0,0,
05/14/2026,10:49:27:890,0.000000,0.000000,4,-123.08,-123.08,0,0,
05/14/2026,10:49:28:105,0.000000,0.000000,5,-60.53,-60.53,0,0,
05/14/2026,10:49:28:121,0.000000,0.000000,2,-121.28,-121.28,0,0,
05/14/2026,10:49:28:131,0.000000,0.000000,3,-123.73,-123.73,0,0,
05/14/2026,10:49:28:146,0.000000,0.000000,4,-122.41,-122.41,0,0,
05/14/2026,10:49:28:158,0.000000,0.000000,5,-63.63,-63.63,0,0,
05/14/2026,10:49:28:238,0.000000,0.000000,2,-121.49,-121.49,0,0,
05/14/2026,10:49:28:286,0.000000,0.000000,3,-121.06,-121.06,0,0,
05/14/2026,10:49:28:340,0.000000,0.000000,4,-122.13,-122.13,0,0,
05/14/2026,10:49:28:392,0.000000,0.000000,5,-64.56,-64.56,0,0,
05/14/2026,10:49:28:480,0.000000,0.000000,2,-121.72,-121.72,0,0,
05/14/2026,10:49:28:531,0.000000,0.000000,3,-123.03,-123.03,0,0,
05/14/2026,10:49:28:589,0.000000,0.000000,4,-123.49,-123.49,0,0,
05/14/2026,10:49:28:635,0.000000,0.000000,5,-62.39,-62.39,0,0,
05/14/2026,10:49:28:725,0.000000,0.000000,2,-122.18,-122.18,0,0,
05/14/2026,10:49:28:783,0.000000,0.000000,3,-125.75,-125.75,0,0,
05/14/2026,10:49:28:830,0.000000,0.000000,4,-121.06,-121.06,0,0,
05/14/2026,10:49:28:881,0.000000,0.000000,5,-68.21,-68.21,0,0,
05/14/2026,10:49:28:968,0.000000,0.000000,2,-122.39,-122.39,0,0,
05/14/2026,10:49:29:020,0.000000,0.000000,3,-122.39,-122.39,0,0,
05/14/2026,10:49:29:074,0.000000,0.000000,4,-123.57,-123.57,0,0,
05/14/2026,10:49:29:126,0.000000,0.000000,5,-78.46,-78.46,0,0,
05/14/2026,10:49:29:213,0.000000,0.000000,2,-120.72,-120.72,0,0,
05/14/2026,10:49:29:267,0.000000,0.000000,3,-123.69,-123.69,0,0,
05/14/2026,10:49:29:320,0.000000,0.000000,4,-123.09,-123.09,0,0,
05/14/2026,10:49:29:371,0.000000,0.000000,5,-68.47,-68.47,0,0,
05/14/2026,10:49:29:459,0.000000,0.000000,2,-123.86,-123.86,0,0,
05/14/2026,10:49:29:539,0.000000,0.000000,3,-124.16,-124.16,0,0,
05/14/2026,10:49:29:605,0.000000,0.000000,4,-122.48,-122.48,0,0,
05/14/2026,10:49:29:615,0.000000,0.000000,5,-63.45,-63.45,0,0,
05/14/2026,10:49:29:753,0.000000,0.000000,2,-123.78,-123.78,0,0,
05/14/2026,10:49:29:763,0.000000,0.000000,3,-123.73,-123.73,0,0,
05/14/2026,10:49:29:812,0.000000,0.000000,4,-122.38,-122.38,0,0,
05/14/2026,10:49:29:861,0.000000,0.000000,5,-65.56,-65.56,0,0,
05/14/2026,10:49:29:950,0.000000,0.000000,2,-122.57,-122.57,0,0,
05/14/2026,10:49:30:001,0.000000,0.000000,3,-123.43,-123.43,0,0,
05/14/2026,10:49:30:052,0.000000,0.000000,4,-124.61,-124.61,0,0,
05/14/2026,10:49:30:106,0.000000,0.000000,5,-59.62,-59.62,0,0,
05/14/2026,10:49:30:193,0.000000,0.000000,2,-120.48,-120.48,0,0,
05/14/2026,10:49:30:245,0.000000,0.000000,3,-124.17,-124.17,0,0,
05/14/2026,10:49:30:300,0.000000,0.000000,4,-125.84,-125.84,0,0,
05/14/2026,10:49:30:353,0.000000,0.000000,5,-66.27,-66.27,0,0,
05/14/2026,10:49:30:437,0.000000,0.000000,2,-122.03,-122.03,0,0,
05/14/2026,10:49:30:491,0.000000,0.000000,3,-123.93,-123.93,0,0,
05/14/2026,10:49:30:545,0.000000,0.000000,4,-125.94,-125.94,0,0,
05/14/2026,10:49:30:596,0.000000,0.000000,5,-74.64,-74.64,0,0,
05/14/2026,10:49:30:681,0.000000,0.000000,2,-123.82,-123.82,0,0,
05/14/2026,10:49:30:737,0.000000,0.000000,3,-125.27,-125.27,0,0,
05/14/2026,10:49:30:789,0.000000,0.000000,4,-123.01,-123.01,0,0,
05/14/2026,10:49:30:844,0.000000,0.000000,5,-64.58,-64.58,0,0,
05/14/2026,10:49:30:927,0.000000,0.000000,2,-122.03,-122.03,0,0,
05/14/2026,10:49:30:984,0.000000,0.000000,3,-121.64,-121.64,0,0,
05/14/2026,10:49:31:033,0.000000,0.000000,4,-122.04,-122.04,0,0,
05/14/2026,10:49:31:085,0.000000,0.000000,5,-68.52,-68.52,0,0,
05/14/2026,10:49:31:173,0.000000,0.000000,2,-122.59,-122.59,0,0,
05/14/2026,10:49:31:227,0.000000,0.000000,3,-123.49,-123.49,0,0,
05/14/2026,10:49:31:278,0.000000,0.000000,4,-123.84,-123.84,0,0,
05/14/2026,10:49:31:355,0.000000,0.000000,5,-69.46,-69.46,0,0,
05/14/2026,10:49:31:470,0.000000,0.000000,2,-123.87,-123.87,0,0,
05/14/2026,10:49:31:491,0.000000,0.000000,3,-123.05,-123.05,0,0,
05/14/2026,10:49:31:529,0.000000,0.000000,4,-123.85,-123.85,0,0,
05/14/2026,10:49:31:592,0.000000,0.000000,5,-69.69,-69.69,0,0,
05/14/2026,10:49:31:662,0.000000,0.000000,2,-121.68,-121.68,0,0,
05/14/2026,10:49:31:715,0.000000,0.000000,3,-124.76,-124.76,0,0,
05/14/2026,10:49:31:769,0.000000,0.000000,4,-122.47,-122.47,0,0,
05/14/2026,10:49:31:820,0.000000,0.000000,5,-73.23,-73.23,0,0,
05/14/2026,10:49:31:906,0.000000,0.000000,2,-122.77,-122.77,0,0,
05/14/2026,10:49:31:965,0.000000,0.000000,3,-122.46,-122.46,0,0,
05/14/2026,10:49:32:014,0.000000,0.000000,4,-122.11,-122.11,0,0,
05/14/2026,10:49:32:065,0.000000,0.000000,5,-67.84,-67.84,0,0,
05/14/2026,10:49:32:154,0.000000,0.000000,2,-122.43,-122.43,0,0,
05/14/2026,10:49:32:210,0.000000,0.000000,3,-124.57,-124.57,0,0,
05/14/2026,10:49:32:257,0.000000,0.000000,4,-122.74,-122.74,0,0,
05/14/2026,10:49:32:310,0.000000,0.000000,5,-67.98,-67.98,0,0,
05/14/2026,10:49:32:400,0.000000,0.000000,2,-121.69,-121.69,0,0,
05/14/2026,10:49:32:449,0.000000,0.000000,3,-121.08,-121.08,0,0,
05/14/2026,10:49:32:525,0.000000,0.000000,4,-120.89,-120.89,0,0,
05/14/2026,10:49:32:556,0.000000,0.000000,5,-67.67,-67.67,0,0,
05/14/2026,10:49:32:643,0.000000,0.000000,2,-123.39,-123.39,0,0,
05/14/2026,10:49:32:700,0.000000,0.000000,3,-122.46,-122.46,0,0,
05/14/2026,10:49:32:748,0.000000,0.000000,4,-124.83,-124.83,0,0,
05/14/2026,10:49:32:800,0.000000,0.000000,5,-67.05,-67.05,0,0,
05/14/2026,10:49:32:895,0.000000,0.000000,2,-121.39,-121.39,0,0,
05/14/2026,10:49:32:939,0.000000,0.000000,3,-123.61,-123.61,0,0,
05/14/2026,10:49:32:993,0.000000,0.000000,4,-121.89,-121.89,0,0,
05/14/2026,10:49:33:050,0.000000,0.000000,5,-75.18,-75.18,0,0,
05/14/2026,10:49:33:382,0.000000,0.000000,2,-121.21,-121.21,0,0,
05/14/2026,10:49:33:416,0.000000,0.000000,3,-121.98,-121.98,0,0,
05/14/2026,10:49:33:437,0.000000,0.000000,4,-121.44,-121.44,0,0,
05/14/2026,10:49:33:449,0.000000,0.000000,5,-65.87,-65.87,0,0,
05/14/2026,10:49:33:471,0.000000,0.000000,2,-119.31,-119.31,0,0,
05/14/2026,10:49:33:484,0.000000,0.000000,3,-123.25,-123.25,0,0,
05/14/2026,10:49:33:502,0.000000,0.000000,4,-123.8,-123.8,0,0,
05/14/2026,10:49:33:537,0.000000,0.000000,5,-62.6,-62.6,0,0,
05/14/2026,10:49:33:622,0.000000,0.000000,2,-123.9,-123.9,0,0,
05/14/2026,10:49:33:675,0.000000,0.000000,3,-123.21,-123.21,0,0,
05/14/2026,10:49:33:727,0.000000,0.000000,4,-122.35,-122.35,0,0,
05/14/2026,10:49:33:787,0.000000,0.000000,5,-77.95,-77.95,0,0,
05/14/2026,10:49:33:867,0.000000,0.000000,2,-122.66,-122.66,0,0,
05/14/2026,10:49:33:920,0.000000,0.000000,3,-122.87,-122.87,0,0,
05/14/2026,10:49:33:974,0.000000,0.000000,4,-121.94,-121.94,0,0,
05/14/2026,10:49:34:025,0.000000,0.000000,5,-73.13,-73.13,0,0,
05/14/2026,10:49:34:110,0.000000,0.000000,2,-123.51,-123.51,0,0,
05/14/2026,10:49:34:164,0.000000,0.000000,3,-122.71,-122.71,0,0,
05/14/2026,10:49:34:216,0.000000,0.000000,4,-120.58,-120.58,0,0,
05/14/2026,10:49:34:269,0.000000,0.000000,5,-66.04,-66.04,0,0,
05/14/2026,10:49:34:356,0.000000,0.000000,2,-123.96,-123.96,0,0,
05/14/2026,10:49:34:411,0.000000,0.000000,3,-125.06,-125.06,0,0,
05/14/2026,10:49:34:461,0.000000,0.000000,4,-125.04,-125.04,0,0,
05/14/2026,10:49:34:516,0.000000,0.000000,5,-70.03,-70.03,0,0,
05/14/2026,10:49:34:602,0.000000,0.000000,2,-122.41,-122.41,0,0,
05/14/2026,10:49:34:653,0.000000,0.000000,3,-125.26,-125.26,0,0,
05/14/2026,10:49:34:706,0.000000,0.000000,4,-125.8,-125.8,0,0,
05/14/2026,10:49:34:759,0.000000,0.000000,5,-63.6,-63.6,0,0,
05/14/2026,10:49:34:846,0.000000,0.000000,2,-122.22,-122.22,0,0,
05/14/2026,10:49:34:898,0.000000,0.000000,3,-122.37,-122.37,0,0,
05/14/2026,10:49:34:952,0.000000,0.000000,4,-121.46,-121.46,0,0,
05/14/2026,10:49:35:004,0.000000,0.000000,5,-66.58,-66.58,0,0,
05/14/2026,10:49:35:099,0.000000,0.000000,2,-121.27,-121.27,0,0,
05/14/2026,10:49:35:159,0.000000,0.000000,3,-123.14,-123.14,0,0,
05/14/2026,10:49:35:246,0.000000,0.000000,4,-120.34,-120.34,0,0,
05/14/2026,10:49:35:258,0.000000,0.000000,5,-67.2,-67.2,0,0,
05/14/2026,10:49:35:335,0.000000,0.000000,2,-122.93,-122.93,0,0,
05/14/2026,10:49:35:402,0.000000,0.000000,3,-120.92,-120.92,0,0,
05/14/2026,10:49:35:444,0.000000,0.000000,4,-121.93,-121.93,0,0,
05/14/2026,10:49:35:495,0.000000,0.000000,5,-63.19,-63.19,0,0,
05/14/2026,10:49:35:586,0.000000,0.000000,2,-122.73,-122.73,0,0,
05/14/2026,10:49:35:632,0.000000,0.000000,3,-119.88,-119.88,0,0,
05/14/2026,10:49:35:687,0.000000,0.000000,4,-123.56,-123.56,0,0,
05/14/2026,10:49:35:740,0.000000,0.000000,5,-77.05,-77.05,0,0,
05/14/2026,10:49:35:824,0.000000,0.000000,2,-123.27,-123.27,0,0,
05/14/2026,10:49:35:878,0.000000,0.000000,3,-124.13,-124.13,0,0,
05/14/2026,10:49:35:930,0.000000,0.000000,4,-122.28,-122.28,0,0,
05/14/2026,10:49:35:985,0.000000,0.000000,5,-69.78,-69.78,0,0,
05/14/2026,10:49:36:070,0.000000,0.000000,2,-123.99,-123.99,0,0,
05/14/2026,10:49:36:122,0.000000,0.000000,3,-122.42,-122.42,0,0,
05/14/2026,10:49:36:176,0.000000,0.000000,4,-123.17,-123.17,0,0,
05/14/2026,10:49:36:228,0.000000,0.000000,5,-64.57,-64.57,0,0,
05/14/2026,10:49:36:315,0.000000,0.000000,2,-122.58,-122.58,0,0,
05/14/2026,10:49:36:370,0.000000,0.000000,3,-122.21,-122.21,0,0,
05/14/2026,10:49:36:422,0.000000,0.000000,4,-121.44,-121.44,0,0,
05/14/2026,10:49:36:474,0.000000,0.000000,5,-63.6,-63.6,0,0,
05/14/2026,10:49:36:559,0.000000,0.000000,2,-122.66,-122.66,0,0,
05/14/2026,10:49:36:612,0.000000,0.000000,3,-125.89,-125.89,0,0,
05/14/2026,10:49:36:667,0.000000,0.000000,4,-122.29,-122.29,0,0,
05/14/2026,10:49:36:718,0.000000,0.000000,5,-66.3,-66.3,0,0,
05/14/2026,10:49:36:804,0.000000,0.000000,2,-121.55,-121.55,0,0,
05/14/2026,10:49:36:861,0.000000,0.000000,3,-122.55,-122.55,0,0,
05/14/2026,10:49:36:911,0.000000,0.000000,4,-122.4,-122.4,0,0,
05/14/2026,10:49:36:987,0.000000,0.000000,5,-74.22,-74.22,0,0,
05/14/2026,10:49:37:049,0.000000,0.000000,2,-121.28,-121.28,0,0,
05/14/2026,10:49:37:122,0.000000,0.000000,3,-124.83,-124.83,0,0,
05/14/2026,10:49:37:200,0.000000,0.000000,4,-122.45,-122.45,0,0,
05/14/2026,10:49:37:212,0.000000,0.000000,5,-71.74,-71.74,0,0,
05/14/2026,10:49:37:314,0.000000,0.000000,2,-124.7,-124.7,0,0,
05/14/2026,10:49:37:349,0.000000,0.000000,3,-121.97,-121.97,0,0,
05/14/2026,10:49:37:401,0.000000,0.000000,4,-122.28,-122.28,0,0,
05/14/2026,10:49:37:453,0.000000,0.000000,5,-72.57,-72.57,0,0,
05/14/2026,10:49:37:541,0.000000,0.000000,2,-120.22,-120.22,0,0,
05/14/2026,10:49:37:593,0.000000,0.000000,3,-122.05,-122.05,0,0,
05/14/2026,10:49:37:645,0.000000,0.000000,4,-123.49,-123.49,0,0,
05/14/2026,10:49:37:697,0.000000,0.000000,5,-67.94,-67.94,0,0,
05/14/2026,10:49:37:783,0.000000,0.000000,2,-122.35,-122.35,0,0,
05/14/2026,10:49:37:836,0.000000,0.000000,3,-124.39,-124.39,0,0,
05/14/2026,10:49:37:889,0.000000,0.000000,4,-123.78,-123.78,0,0,
05/14/2026,10:49:37:943,0.000000,0.000000,5,-62.17,-62.17,0,0,
05/14/2026,10:49:38:027,0.000000,0.000000,2,-123.62,-123.62,0,0,
05/14/2026,10:49:38:083,0.000000,0.000000,3,-122.44,-122.44,0,0,
05/14/2026,10:49:38:133,0.000000,0.000000,4,-123.32,-123.32,0,0,
05/14/2026,10:49:38:190,0.000000,0.000000,5,-67.74,-67.74,0,0,
05/14/2026,10:49:38:273,0.000000,0.000000,2,-123.9,-123.9,0,0,
05/14/2026,10:49:38:325,0.000000,0.000000,3,-122.44,-122.44,0,0,
05/14/2026,10:49:38:381,0.000000,0.000000,4,-123.73,-123.73,0,0,
05/14/2026,10:49:38:664,0.000000,0.000000,5,-65.41,-65.41,0,0,
05/14/2026,10:49:38:683,0.000000,0.000000,2,-121.58,-121.58,0,0,
05/14/2026,10:49:38:694,0.000000,0.000000,3,-125.67,-125.67,0,0,
05/14/2026,10:49:38:706,0.000000,0.000000,4,-122.65,-122.65,0,0,
05/14/2026,10:49:38:740,0.000000,0.000000,5,-60.48,-60.48,0,0,
05/14/2026,10:49:38:784,0.000000,0.000000,2,-120.78,-120.78,0,0,
05/14/2026,10:49:38:851,0.000000,0.000000,3,-123.31,-123.31,0,0,
05/14/2026,10:49:38:867,0.000000,0.000000,4,-123.07,-123.07,0,0,
05/14/2026,10:49:38:947,0.000000,0.000000,5,-67.46,-67.46,0,0,
05/14/2026,10:49:39:011,0.000000,0.000000,2,-121.5,-121.5,0,0,
05/14/2026,10:49:39:098,0.000000,0.000000,3,-121.05,-121.05,0,0,
05/14/2026,10:49:39:115,0.000000,0.000000,4,-121.7,-121.7,0,0,
05/14/2026,10:49:39:166,0.000000,0.000000,5,-63.04,-63.04,0,0,
05/14/2026,10:49:39:253,0.000000,0.000000,2,-120.37,-120.37,0,0,
05/14/2026,10:49:39:307,0.000000,0.000000,3,-124.63,-124.63,0,0,
05/14/2026,10:49:39:358,0.000000,0.000000,4,-121.66,-121.66,0,0,
05/14/2026,10:49:39:410,0.000000,0.000000,5,-65.22,-65.22,0,0,
05/14/2026,10:49:39:499,0.000000,0.000000,2,-120.16,-120.16,0,0,
05/14/2026,10:49:39:551,0.000000,0.000000,3,-124.33,-124.33,0,0,
05/14/2026,10:49:39:602,0.000000,0.000000,4,-123.39,-123.39,0,0,
05/14/2026,10:49:39:655,0.000000,0.000000,5,-66.49,-66.49,0,0,
05/14/2026,10:49:39:743,0.000000,0.000000,2,-121.03,-121.03,0,0,
05/14/2026,10:49:39:795,0.000000,0.000000,3,-124.01,-124.01,0,0,
05/14/2026,10:49:39:849,0.000000,0.000000,4,-120.75,-120.75,0,0,
05/14/2026,10:49:39:906,0.000000,0.000000,5,-71.3,-71.3,0,0,
05/14/2026,10:49:39:987,0.000000,0.000000,2,-120.78,-120.78,0,0,
05/14/2026,10:49:40:045,0.000000,0.000000,3,-124.56,-124.56,0,0,
05/14/2026,10:49:40:095,0.000000,0.000000,4,-121.99,-121.99,0,0,
05/14/2026,10:49:40:147,0.000000,0.000000,5,-62.46,-62.46,0,0,
05/14/2026,10:49:40:234,0.000000,0.000000,2,-124.29,-124.29,0,0,
05/14/2026,10:49:40:288,0.000000,0.000000,3,-122.05,-122.05,0,0,
05/14/2026,10:49:40:337,0.000000,0.000000,4,-125.97,-125.97,0,0,
05/14/2026,10:49:40:403,0.000000,0.000000,5,-68.18,-68.18,0,0,
05/14/2026,10:49:40:477,0.000000,0.000000,2,-123.99,-123.99,0,0,
05/14/2026,10:49:40:530,0.000000,0.000000,3,-121.78,-121.78,0,0,
05/14/2026,10:49:40:637,0.000000,0.000000,4,-123.21,-123.21,0,0,
05/14/2026,10:49:40:646,0.000000,0.000000,5,-66.63,-66.63,0,0,
05/14/2026,10:49:40:725,0.000000,0.000000,2,-124.79,-124.79,0,0,
05/14/2026,10:49:40:800,0.000000,0.000000,3,-120.73,-120.73,0,0,
05/14/2026,10:49:40:848,0.000000,0.000000,4,-122.75,-122.75,0,0,
05/14/2026,10:49:40:906,0.000000,0.000000,5,-62.08,-62.08,0,0,
05/14/2026,10:49:40:966,0.000000,0.000000,2,-121.65,-121.65,0,0,
05/14/2026,10:49:41:021,0.000000,0.000000,3,-121.46,-121.46,0,0,
05/14/2026,10:49:41:073,0.000000,0.000000,4,-122.55,-122.55,0,0,
05/14/2026,10:49:41:124,0.000000,0.000000,5,-63.48,-63.48,0,0,
05/14/2026,10:49:41:213,0.000000,0.000000,2,-120.76,-120.76,0,0,
05/14/2026,10:49:41:266,0.000000,0.000000,3,-123.95,-123.95,0,0,
05/14/2026,10:49:41:316,0.000000,0.000000,4,-126.06,-126.06,0,0,
05/14/2026,10:49:41:369,0.000000,0.000000,5,-64.34,-64.34,0,0,
05/14/2026,10:49:41:477,0.000000,0.000000,2,-124.13,-124.13,0,0,
05/14/2026,10:49:41:510,0.000000,0.000000,3,-123.02,-123.02,0,0,
05/14/2026,10:49:41:563,0.000000,0.000000,4,-122.69,-122.69,0,0,
05/14/2026,10:49:41:614,0.000000,0.000000,5,-60.55,-60.55,0,0,
05/14/2026,10:49:41:702,0.000000,0.000000,2,-124.3,-124.3,0,0,
05/14/2026,10:49:41:755,0.000000,0.000000,3,-123.7,-123.7,0,0,
05/14/2026,10:49:41:808,0.000000,0.000000,4,-121.37,-121.37,0,0,
05/14/2026,10:49:41:859,0.000000,0.000000,5,-59.97,-59.97,0,0,
05/14/2026,10:49:41:947,0.000000,0.000000,2,-122.46,-122.46,0,0,
05/14/2026,10:49:41:999,0.000000,0.000000,3,-124.39,-124.39,0,0,
05/14/2026,10:49:42:053,0.000000,0.000000,4,-121.84,-121.84,0,0,
05/14/2026,10:49:42:106,0.000000,0.000000,5,-66.8,-66.8,0,0,
05/14/2026,10:49:42:193,0.000000,0.000000,2,-122.1,-122.1,0,0,
05/14/2026,10:49:42:244,0.000000,0.000000,3,-123.33,-123.33,0,0,
05/14/2026,10:49:42:296,0.000000,0.000000,4,-123,-123,0,0,
05/14/2026,10:49:42:350,0.000000,0.000000,5,-62.62,-62.62,0,0,
05/14/2026,10:49:42:434,0.000000,0.000000,2,-121.83,-121.83,0,0,
05/14/2026,10:49:42:490,0.000000,0.000000,3,-122.66,-122.66,0,0,
05/14/2026,10:49:42:547,0.000000,0.000000,4,-121.66,-121.66,0,0,
05/14/2026,10:49:42:594,0.000000,0.000000,5,-64,-64,0,0,
05/14/2026,10:49:42:681,0.000000,0.000000,2,-119.14,-119.14,0,0,
05/14/2026,10:49:42:761,0.000000,0.000000,3,-122.84,-122.84,0,0,
05/14/2026,10:49:42:841,0.000000,0.000000,4,-121.34,-121.34,0,0,
05/14/2026,10:49:42:847,0.000000,0.000000,5,-63.38,-63.38,0,0,
05/14/2026,10:49:42:934,0.000000,0.000000,2,-122.24,-122.24,0,0,
05/14/2026,10:49:43:002,0.000000,0.000000,3,-121.32,-121.32,0,0,
05/14/2026,10:49:43:041,0.000000,0.000000,4,-121.45,-121.45,0,0,
05/14/2026,10:49:43:083,0.000000,0.000000,5,-68.73,-68.73,0,0,
05/14/2026,10:49:43:173,0.000000,0.000000,2,-121.47,-121.47,0,0,
05/14/2026,10:49:43:226,0.000000,0.000000,3,-122.17,-122.17,0,0,
05/14/2026,10:49:43:279,0.000000,0.000000,4,-121.6,-121.6,0,0,
05/14/2026,10:49:43:329,0.000000,0.000000,5,-67.18,-67.18,0,0,
05/14/2026,10:49:43:424,0.000000,0.000000,2,-122.32,-122.32,0,0,
05/14/2026,10:49:43:468,0.000000,0.000000,3,-123.34,-123.34,0,0,
05/14/2026,10:49:43:523,0.000000,0.000000,4,-123.65,-123.65,0,0,
05/14/2026,10:49:43:575,0.000000,0.000000,5,-64.14,-64.14,0,0,
05/14/2026,10:49:43:661,0.000000,0.000000,2,-121.83,-121.83,0,0,
05/14/2026,10:49:43:952,0.000000,0.000000,3,-121.63,-121.63,0,0,
05/14/2026,10:49:43:962,0.000000,0.000000,4,-122.4,-122.4,0,0,
05/14/2026,10:49:43:970,0.000000,0.000000,5,-67.56,-67.56,0,0,
05/14/2026,10:49:43:996,0.000000,0.000000,2,-121.61,-121.61,0,0,
05/14/2026,10:49:44:029,0.000000,0.000000,3,-124.21,-124.21,0,0,
05/14/2026,10:49:44:034,0.000000,0.000000,4,-123,-123,0,0,
05/14/2026,10:49:44:066,0.000000,0.000000,5,-62.41,-62.41,0,0,
05/14/2026,10:49:44:151,0.000000,0.000000,2,-120.88,-120.88,0,0,
05/14/2026,10:49:44:205,0.000000,0.000000,3,-124.77,-124.77,0,0,
05/14/2026,10:49:44:257,0.000000,0.000000,4,-124.39,-124.39,0,0,
05/14/2026,10:49:44:309,0.000000,0.000000,5,-62,-62,0,0,
05/14/2026,10:49:44:395,0.000000,0.000000,2,-121.71,-121.71,0,0,
05/14/2026,10:49:44:460,0.000000,0.000000,3,-122.93,-122.93,0,0,
05/14/2026,10:49:44:532,0.000000,0.000000,4,-121.97,-121.97,0,0,
05/14/2026,10:49:44:602,0.000000,0.000000,5,-59.63,-59.63,0,0,
05/14/2026,10:49:44:648,0.000000,0.000000,2,-121.77,-121.77,0,0,
05/14/2026,10:49:44:698,0.000000,0.000000,3,-122.25,-122.25,0,0,
05/14/2026,10:49:44:746,0.000000,0.000000,4,-122.33,-122.33,0,0,
05/14/2026,10:49:44:798,0.000000,0.000000,5,-67.04,-67.04,0,0,
05/14/2026,10:49:44:884,0.000000,0.000000,2,-120.3,-120.3,0,0,
05/14/2026,10:49:44:939,0.000000,0.000000,3,-123.72,-123.72,0,0,
05/14/2026,10:49:44:991,0.000000,0.000000,4,-123.08,-123.08,0,0,
05/14/2026,10:49:45:046,0.000000,0.000000,5,-60.63,-60.63,0,0,
05/14/2026,10:49:45:132,0.000000,0.000000,2,-122.77,-122.77,0,0,
05/14/2026,10:49:45:183,0.000000,0.000000,3,-121.21,-121.21,0,0,
05/14/2026,10:49:45:235,0.000000,0.000000,4,-122.64,-122.64,0,0,
05/14/2026,10:49:45:303,0.000000,0.000000,5,-63.49,-63.49,0,0,
05/14/2026,10:49:45:376,0.000000,0.000000,2,-121.48,-121.48,0,0,
05/14/2026,10:49:45:427,0.000000,0.000000,3,-123.94,-123.94,0,0,
05/14/2026,10:49:45:482,0.000000,0.000000,4,-122.54,-122.54,0,0,
05/14/2026,10:49:45:532,0.000000,0.000000,5,-59.96,-59.96,0,0,
05/14/2026,10:49:45:624,0.000000,0.000000,2,-121.41,-121.41,0,0,
05/14/2026,10:49:45:674,0.000000,0.000000,3,-123.41,-123.41,0,0,
05/14/2026,10:49:45:729,0.000000,0.000000,4,-124.57,-124.57,0,0,
05/14/2026,10:49:45:780,0.000000,0.000000,5,-58.39,-58.39,0,0,
05/14/2026,10:49:45:869,0.000000,0.000000,2,-123.34,-123.34,0,0,
05/14/2026,10:49:45:920,0.000000,0.000000,3,-123.78,-123.78,0,0,
05/14/2026,10:49:45:970,0.000000,0.000000,4,-121.69,-121.69,0,0,
05/14/2026,10:49:46:023,0.000000,0.000000,5,-63.59,-63.59,0,0,
05/14/2026,10:49:46:110,0.000000,0.000000,2,-120.67,-120.67,0,0,
05/14/2026,10:49:46:164,0.000000,0.000000,3,-124.2,-124.2,0,0,
05/14/2026,10:49:46:215,0.000000,0.000000,4,-120.99,-120.99,0,0,
05/14/2026,10:49:46:267,0.000000,0.000000,5,-59.57,-59.57,0,0,
05/14/2026,10:49:46:407,0.000000,0.000000,2,-121.84,-121.84,0,0,
05/14/2026,10:49:46:411,0.000000,0.000000,3,-122.51,-122.51,0,0,
05/14/2026,10:49:46:459,0.000000,0.000000,4,-121.13,-121.13,0,0,
05/14/2026,10:49:46:531,0.000000,0.000000,5,-59.69,-59.69,0,0,
05/14/2026,10:49:46:607,0.000000,0.000000,2,-122.97,-122.97,0,0,
05/14/2026,10:49:46:657,0.000000,0.000000,3,-120.75,-120.75,0,0,
05/14/2026,10:49:46:709,0.000000,0.000000,4,-122.89,-122.89,0,0,
05/14/2026,10:49:46:769,0.000000,0.000000,5,-68.11,-68.11,0,0,
05/14/2026,10:49:46:843,0.000000,0.000000,2,-122.2,-122.2,0,0,
05/14/2026,10:49:46:902,0.000000,0.000000,3,-122.43,-122.43,0,0,
05/14/2026,10:49:46:949,0.000000,0.000000,4,-118.9,-118.9,0,0,
05/14/2026,10:49:47:007,0.000000,0.000000,5,-69.1,-69.1,0,0,
05/14/2026,10:49:47:089,0.000000,0.000000,2,-120.65,-120.65,0,0,
05/14/2026,10:49:47:141,0.000000,0.000000,3,-123.18,-123.18,0,0,
05/14/2026,10:49:47:195,0.000000,0.000000,4,-121.13,-121.13,0,0,
05/14/2026,10:49:47:251,0.000000,0.000000,5,-60.68,-60.68,0,0,
05/14/2026,10:49:47:337,0.000000,0.000000,2,-122.93,-122.93,0,0,
05/14/2026,10:49:47:387,0.000000,0.000000,3,-123.97,-123.97,0,0,
05/14/2026,10:49:47:439,0.000000,0.000000,4,-122.95,-122.95,0,0,
05/14/2026,10:49:47:491,0.000000,0.000000,5,-61.31,-61.31,0,0,
05/14/2026,10:49:47:585,0.000000,0.000000,2,-120.51,-120.51,0,0,
05/14/2026,10:49:47:636,0.000000,0.000000,3,-122.54,-122.54,0,0,
05/14/2026,10:49:47:685,0.000000,0.000000,4,-122.58,-122.58,0,0,
05/14/2026,10:49:47:736,0.000000,0.000000,5,-62.41,-62.41,0,0,
05/14/2026,10:49:47:824,0.000000,0.000000,2,-122.99,-122.99,0,0,
05/14/2026,10:49:47:878,0.000000,0.000000,3,-122.38,-122.38,0,0,
05/14/2026,10:49:47:934,0.000000,0.000000,4,-123.85,-123.85,0,0,
05/14/2026,10:49:47:980,0.000000,0.000000,5,-55.12,-55.12,0,0,
05/14/2026,10:49:48:070,0.000000,0.000000,2,-121.52,-121.52,0,0,
05/14/2026,10:49:48:133,0.000000,0.000000,3,-121.46,-121.46,0,0,
05/14/2026,10:49:48:202,0.000000,0.000000,4,-119.51,-119.51,0,0,
05/14/2026,10:49:48:272,0.000000,0.000000,5,-56.52,-56.52,0,0,
05/14/2026,10:49:48:327,0.000000,0.000000,2,-121.22,-121.22,0,0,
05/14/2026,10:49:48:368,0.000000,0.000000,3,-121.66,-121.66,0,0,
05/14/2026,10:49:48:422,0.000000,0.000000,4,-121.27,-121.27,0,0,
05/14/2026,10:49:48:473,0.000000,0.000000,5,-55.56,-55.56,0,0,
05/14/2026,10:49:48:560,0.000000,0.000000,2,-117.09,-117.09,0,0,
05/14/2026,10:49:48:610,0.000000,0.000000,3,-123.6,-123.6,0,0,
05/14/2026,10:49:48:662,0.000000,0.000000,4,-120.33,-120.33,0,0,
05/14/2026,10:49:48:725,0.000000,0.000000,5,-62.58,-62.58,0,0,
05/14/2026,10:49:48:802,0.000000,0.000000,2,-121.08,-121.08,0,0,
05/14/2026,10:49:48:856,0.000000,0.000000,3,-125.03,-125.03,0,0,
05/14/2026,10:49:48:907,0.000000,0.000000,4,-122.03,-122.03,0,0,
05/14/2026,10:49:49:224,0.000000,0.000000,5,-59.7,-59.7,0,0,
05/14/2026,10:49:49:238,0.000000,0.000000,2,-111.62,-111.62,0,0,
05/14/2026,10:49:49:250,0.000000,0.000000,3,-121.45,-121.45,0,0,
05/14/2026,10:49:49:258,0.000000,0.000000,4,-120.96,-120.96,0,0,
05/14/2026,10:49:49:268,0.000000,0.000000,5,-56.98,-56.98,0,0,
05/14/2026,10:49:49:293,0.000000,0.000000,2,-111.51,-111.51,0,0,
05/14/2026,10:49:49:344,0.000000,0.000000,3,-121.85,-121.85,0,0,
05/14/2026,10:49:49:397,0.000000,0.000000,4,-120.81,-120.81,0,0,
05/14/2026,10:49:49:454,0.000000,0.000000,5,-65.75,-65.75,0,0,
05/14/2026,10:49:49:544,0.000000,0.000000,2,-108.46,-108.46,0,0,
05/14/2026,10:49:49:592,0.000000,0.000000,3,-124.12,-124.12,0,0,
05/14/2026,10:49:49:644,0.000000,0.000000,4,-122.54,-122.54,0,0,
05/14/2026,10:49:49:699,0.000000,0.000000,5,-60.37,-60.37,0,0,
05/14/2026,10:49:49:786,0.000000,0.000000,2,-106.99,-106.99,0,0,
05/14/2026,10:49:49:835,0.000000,0.000000,3,-120.54,-120.54,0,0,
05/14/2026,10:49:49:888,0.000000,0.000000,4,-118.97,-118.97,0,0,
05/14/2026,10:49:49:940,0.000000,0.000000,5,-55.58,-55.58,0,0,
05/14/2026,10:49:50:030,0.000000,0.000000,2,-113.31,-113.31,0,0,
05/14/2026,10:49:50:080,0.000000,0.000000,3,-119.66,-119.66,0,0,
05/14/2026,10:49:50:132,0.000000,0.000000,4,-123.79,-123.79,0,0,
05/14/2026,10:49:50:211,0.000000,0.000000,5,-57.07,-57.07,0,0,
05/14/2026,10:49:50:356,0.000000,0.000000,2,-107.63,-107.63,0,0,
05/14/2026,10:49:50:362,0.000000,0.000000,3,-122.75,-122.75,0,0,
05/14/2026,10:49:50:404,0.000000,0.000000,4,-122.02,-122.02,0,0,
05/14/2026,10:49:50:474,0.000000,0.000000,5,-67.21,-67.21,0,0,
05/14/2026,10:49:50:520,0.000000,0.000000,2,-106.79,-106.79,0,0,
05/14/2026,10:49:50:569,0.000000,0.000000,3,-122.86,-122.86,0,0,
05/14/2026,10:49:50:622,0.000000,0.000000,4,-121.87,-121.87,0,0,
05/14/2026,10:49:50:676,0.000000,0.000000,5,-51.72,-51.72,0,0,
05/14/2026,10:49:50:766,0.000000,0.000000,2,-115.63,-115.63,0,0,
05/14/2026,10:49:50:815,0.000000,0.000000,3,-121.42,-121.42,0,0,
05/14/2026,10:49:50:869,0.000000,0.000000,4,-121.22,-121.22,0,0,
05/14/2026,10:49:50:922,0.000000,0.000000,5,-56.16,-56.16,0,0,
05/14/2026,10:49:51:006,0.000000,0.000000,2,-114.26,-114.26,0,0,
05/14/2026,10:49:51:059,0.000000,0.000000,3,-122.75,-122.75,0,0,
05/14/2026,10:49:51:114,0.000000,0.000000,4,-121.71,-121.71,0,0,
05/14/2026,10:49:51:164,0.000000,0.000000,5,-62.52,-62.52,0,0,
05/14/2026,10:49:51:251,0.000000,0.000000,2,-115.34,-115.34,0,0,
05/14/2026,10:49:51:305,0.000000,0.000000,3,-120.23,-120.23,0,0,
05/14/2026,10:49:51:358,0.000000,0.000000,4,-123.17,-123.17,0,0,
05/14/2026,10:49:51:414,0.000000,0.000000,5,-61.13,-61.13,0,0,
05/14/2026,10:49:51:497,0.000000,0.000000,2,-114.09,-114.09,0,0,
05/14/2026,10:49:51:550,0.000000,0.000000,3,-121.04,-121.04,0,0,
05/14/2026,10:49:51:602,0.000000,0.000000,4,-121.57,-121.57,0,0,
05/14/2026,10:49:51:653,0.000000,0.000000,5,-54.57,-54.57,0,0,
05/14/2026,10:49:51:745,0.000000,0.000000,2,-105.27,-105.27,0,0,
05/14/2026,10:49:51:818,0.000000,0.000000,3,-121.87,-121.87,0,0,
05/14/2026,10:49:51:893,0.000000,0.000000,4,-122.53,-122.53,0,0,
05/14/2026,10:49:51:899,0.000000,0.000000,5,-59.52,-59.52,0,0,
05/14/2026,10:49:52:036,0.000000,0.000000,2,-114.77,-114.77,0,0,
05/14/2026,10:49:52:045,0.000000,0.000000,3,-120.79,-120.79,0,0,
05/14/2026,10:49:52:093,0.000000,0.000000,4,-121.93,-121.93,0,0,
05/14/2026,10:49:52:145,0.000000,0.000000,5,-63.53,-63.53,0,0,
05/14/2026,10:49:52:231,0.000000,0.000000,2,-116.92,-116.92,0,0,
05/14/2026,10:49:52:286,0.000000,0.000000,3,-119.33,-119.33,0,0,
05/14/2026,10:49:52:335,0.000000,0.000000,4,-120.47,-120.47,0,0,
05/14/2026,10:49:52:389,0.000000,0.000000,5,-66.32,-66.32,0,0,
05/14/2026,10:49:52:475,0.000000,0.000000,2,-111.66,-111.66,0,0,
05/14/2026,10:49:52:528,0.000000,0.000000,3,-124.34,-124.34,0,0,
05/14/2026,10:49:52:580,0.000000,0.000000,4,-120.32,-120.32,0,0,
05/14/2026,10:49:52:636,0.000000,0.000000,5,-69.78,-69.78,0,0,
05/14/2026,10:49:52:718,0.000000,0.000000,2,-115.18,-115.18,0,0,
05/14/2026,10:49:52:776,0.000000,0.000000,3,-121.89,-121.89,0,0,
05/14/2026,10:49:52:827,0.000000,0.000000,4,-121.91,-121.91,0,0,
05/14/2026,10:49:52:879,0.000000,0.000000,5,-67.11,-67.11,0,0,
05/14/2026,10:49:52:984,0.000000,0.000000,2,-113.01,-113.01,0,0,
05/14/2026,10:49:53:021,0.000000,0.000000,3,-121.68,-121.68,0,0,
05/14/2026,10:49:53:071,0.000000,0.000000,4,-122.63,-122.63,0,0,
05/14/2026,10:49:53:124,0.000000,0.000000,5,-57.87,-57.87,0,0,
05/14/2026,10:49:53:209,0.000000,0.000000,2,-113.57,-113.57,0,0,
05/14/2026,10:49:53:266,0.000000,0.000000,3,-125.43,-125.43,0,0,
05/14/2026,10:49:53:318,0.000000,0.000000,4,-120.75,-120.75,0,0,
05/14/2026,10:49:53:370,0.000000,0.000000,5,-64.57,-64.57,0,0,
05/14/2026,10:49:53:455,0.000000,0.000000,2,-119.7,-119.7,0,0,
05/14/2026,10:49:53:508,0.000000,0.000000,3,-124.11,-124.11,0,0,
05/14/2026,10:49:53:561,0.000000,0.000000,4,-124.16,-124.16,0,0,
05/14/2026,10:49:53:614,0.000000,0.000000,5,-62.72,-62.72,0,0,
05/14/2026,10:49:53:702,0.000000,0.000000,2,-118.67,-118.67,0,0,
05/14/2026,10:49:53:753,0.000000,0.000000,3,-121.34,-121.34,0,0,
05/14/2026,10:49:53:817,0.000000,0.000000,4,-121.31,-121.31,0,0,
05/14/2026,10:49:53:869,0.000000,0.000000,5,-61.9,-61.9,0,0,
05/14/2026,10:49:53:953,0.000000,0.000000,2,-116.95,-116.95,0,0,
05/14/2026,10:49:54:015,0.000000,0.000000,3,-122.66,-122.66,0,0,
05/14/2026,10:49:54:066,0.000000,0.000000,4,-121.75,-121.75,0,0,
05/14/2026,10:49:54:133,0.000000,0.000000,5,-64.53,-64.53,0,0,
05/14/2026,10:49:54:192,0.000000,0.000000,2,-114.25,-114.25,0,0,
05/14/2026,10:49:54:509,0.000000,0.000000,3,-120.84,-120.84,0,0,
05/14/2026,10:49:54:516,0.000000,0.000000,4,-124.22,-124.22,0,0,
05/14/2026,10:49:54:526,0.000000,0.000000,5,-65.74,-65.74,0,0,
05/14/2026,10:49:54:538,0.000000,0.000000,2,-120.88,-120.88,0,0,
05/14/2026,10:49:54:547,0.000000,0.000000,3,-122.79,-122.79,0,0,
05/14/2026,10:49:54:554,0.000000,0.000000,4,-121.05,-121.05,0,0,
05/14/2026,10:49:54:594,0.000000,0.000000,5,-66.93,-66.93,0,0,
05/14/2026,10:49:54:678,0.000000,0.000000,2,-116.78,-116.78,0,0,
05/14/2026,10:49:54:732,0.000000,0.000000,3,-121.59,-121.59,0,0,
05/14/2026,10:49:54:784,0.000000,0.000000,4,-121.91,-121.91,0,0,
05/14/2026,10:49:54:837,0.000000,0.000000,5,-64.83,-64.83,0,0,
05/14/2026,10:49:54:924,0.000000,0.000000,2,-116.98,-116.98,0,0,
05/14/2026,10:49:54:977,0.000000,0.000000,3,-122.73,-122.73,0,0,
05/14/2026,10:49:55:032,0.000000,0.000000,4,-123.37,-123.37,0,0,
05/14/2026,10:49:55:084,0.000000,0.000000,5,-59.49,-59.49,0,0,
05/14/2026,10:49:55:170,0.000000,0.000000,2,-120.05,-120.05,0,0,
05/14/2026,10:49:55:225,0.000000,0.000000,3,-122.62,-122.62,0,0,
05/14/2026,10:49:55:275,0.000000,0.000000,4,-123.99,-123.99,0,0,
05/14/2026,10:49:55:329,0.000000,0.000000,5,-62.12,-62.12,0,0,
05/14/2026,10:49:55:414,0.000000,0.000000,2,-122.69,-122.69,0,0,
05/14/2026,10:49:55:468,0.000000,0.000000,3,-121.86,-121.86,0,0,
05/14/2026,10:49:55:521,0.000000,0.000000,4,-122.89,-122.89,0,0,
05/14/2026,10:49:55:574,0.000000,0.000000,5,-62.58,-62.58,0,0,
05/14/2026,10:49:55:683,0.000000,0.000000,2,-115.94,-115.94,0,0,
05/14/2026,10:49:55:723,0.000000,0.000000,3,-125.32,-125.32,0,0,
05/14/2026,10:49:55:795,0.000000,0.000000,4,-123.19,-123.19,0,0,
05/14/2026,10:49:55:865,0.000000,0.000000,5,-62.96,-62.96,0,0,
05/14/2026,10:49:55:905,0.000000,0.000000,2,-119,-119,0,0,
05/14/2026,10:49:55:957,0.000000,0.000000,3,-120.58,-120.58,0,0,
05/14/2026,10:49:56:011,0.000000,0.000000,4,-120.08,-120.08,0,0,
05/14/2026,10:49:56:064,0.000000,0.000000,5,-58.5,-58.5,0,0,
05/14/2026,10:49:56:149,0.000000,0.000000,2,-117.18,-117.18,0,0,
05/14/2026,10:49:56:207,0.000000,0.000000,3,-123.03,-123.03,0,0,
05/14/2026,10:49:56:255,0.000000,0.000000,4,-122.05,-122.05,0,0,
05/14/2026,10:49:56:308,0.000000,0.000000,5,-57,-57,0,0,
05/14/2026,10:49:56:398,0.000000,0.000000,2,-117.17,-117.17,0,0,
05/14/2026,10:49:56:450,0.000000,0.000000,3,-122.31,-122.31,0,0,
05/14/2026,10:49:56:505,0.000000,0.000000,4,-124.86,-124.86,0,0,
05/14/2026,10:49:56:552,0.000000,0.000000,5,-59.03,-59.03,0,0,
05/14/2026,10:49:56:638,0.000000,0.000000,2,-121.29,-121.29,0,0,
05/14/2026,10:49:56:693,0.000000,0.000000,3,-124.08,-124.08,0,0,
05/14/2026,10:49:56:745,0.000000,0.000000,4,-123.64,-123.64,0,0,
05/14/2026,10:49:56:836,0.000000,0.000000,5,-66.73,-66.73,0,0,
05/14/2026,10:49:56:884,0.000000,0.000000,2,-119.1,-119.1,0,0,
05/14/2026,10:49:56:938,0.000000,0.000000,3,-122.48,-122.48,0,0,
05/14/2026,10:49:56:989,0.000000,0.000000,4,-122.36,-122.36,0,0,
05/14/2026,10:49:57:041,0.000000,0.000000,5,-66.07,-66.07,0,0,
05/14/2026,10:49:57:132,0.000000,0.000000,2,-119.49,-119.49,0,0,
05/14/2026,10:49:57:184,0.000000,0.000000,3,-122.53,-122.53,0,0,
05/14/2026,10:49:57:236,0.000000,0.000000,4,-123.23,-123.23,0,0,
05/14/2026,10:49:57:288,0.000000,0.000000,5,-60.77,-60.77,0,0,
05/14/2026,10:49:57:371,0.000000,0.000000,2,-115.29,-115.29,0,0,
05/14/2026,10:49:57:429,0.000000,0.000000,3,-122.05,-122.05,0,0,
05/14/2026,10:49:57:483,0.000000,0.000000,4,-122.51,-122.51,0,0,
05/14/2026,10:49:57:556,0.000000,0.000000,5,-62.47,-62.47,0,0,
05/14/2026,10:49:57:634,0.000000,0.000000,2,-118.38,-118.38,0,0,
05/14/2026,10:49:57:717,0.000000,0.000000,3,-120.55,-120.55,0,0,
05/14/2026,10:49:57:723,0.000000,0.000000,4,-121.34,-121.34,0,0,
05/14/2026,10:49:57:792,0.000000,0.000000,5,-70.92,-70.92,0,0,
05/14/2026,10:49:57:863,0.000000,0.000000,2,-118.35,-118.35,0,0,
05/14/2026,10:49:57:919,0.000000,0.000000,3,-121.57,-121.57,0,0,
05/14/2026,10:49:57:968,0.000000,0.000000,4,-123.01,-123.01,0,0,
05/14/2026,10:49:58:024,0.000000,0.000000,5,-61.38,-61.38,0,0,
05/14/2026,10:49:58:109,0.000000,0.000000,2,-120.16,-120.16,0,0,
05/14/2026,10:49:58:160,0.000000,0.000000,3,-119.67,-119.67,0,0,
05/14/2026,10:49:58:212,0.000000,0.000000,4,-123.85,-123.85,0,0,
05/14/2026,10:49:58:267,0.000000,0.000000,5,-66.48,-66.48,0,0,
05/14/2026,10:49:58:353,0.000000,0.000000,2,-122.56,-122.56,0,0,
05/14/2026,10:49:58:406,0.000000,0.000000,3,-125.62,-125.62,0,0,
05/14/2026,10:49:58:461,0.000000,0.000000,4,-121.38,-121.38,0,0,
05/14/2026,10:49:58:511,0.000000,0.000000,5,-58.98,-58.98,0,0,
05/14/2026,10:49:58:601,0.000000,0.000000,2,-121.07,-121.07,0,0,
05/14/2026,10:49:58:651,0.000000,0.000000,3,-123.01,-123.01,0,0,
05/14/2026,10:49:58:703,0.000000,0.000000,4,-122.15,-122.15,0,0,
05/14/2026,10:49:58:757,0.000000,0.000000,5,-73.19,-73.19,0,0,
05/14/2026,10:49:58:842,0.000000,0.000000,2,-121.14,-121.14,0,0,
05/14/2026,10:49:58:896,0.000000,0.000000,3,-122.06,-122.06,0,0,
05/14/2026,10:49:58:949,0.000000,0.000000,4,-122.7,-122.7,0,0,
05/14/2026,10:49:59:000,0.000000,0.000000,5,-61.83,-61.83,0,0,
05/14/2026,10:49:59:088,0.000000,0.000000,2,-122.72,-122.72,0,0,
05/14/2026,10:49:59:140,0.000000,0.000000,3,-126.28,-126.28,0,0,
05/14/2026,10:49:59:193,0.000000,0.000000,4,-123.22,-123.22,0,0,
05/14/2026,10:49:59:245,0.000000,0.000000,5,-58.95,-58.95,0,0,
05/14/2026,10:49:59:331,0.000000,0.000000,2,-121.43,-121.43,0,0,
05/14/2026,10:49:59:392,0.000000,0.000000,3,-122.66,-122.66,0,0,
05/14/2026,10:49:59:464,0.000000,0.000000,4,-122.42,-122.42,0,0,
05/14/2026,10:49:59:540,0.000000,0.000000,5,-61.15,-61.15,0,0,
05/14/2026,10:49:59:781,0.000000,0.000000,2,-123.31,-123.31,0,0,
05/14/2026,10:49:59:791,0.000000,0.000000,3,-123.49,-123.49,0,0,
05/14/2026,10:49:59:796,0.000000,0.000000,4,-123.43,-123.43,0,0,
05/14/2026,10:49:59:805,0.000000,0.000000,5,-67.25,-67.25,0,0,
05/14/2026,10:49:59:821,0.000000,0.000000,2,-122.81,-122.81,0,0,
05/14/2026,10:49:59:873,0.000000,0.000000,3,-121.39,-121.39,0,0,
05/14/2026,10:49:59:929,0.000000,0.000000,4,-122.65,-122.65,0,0,
05/14/2026,10:49:59:982,0.000000,0.000000,5,-60.76,-60.76,0,0,
05/14/2026,10:50:00:068,0.000000,0.000000,2,-123.3,-123.3,0,0,
05/14/2026,10:50:00:121,0.000000,0.000000,3,-123.79,-123.79,0,0,
05/14/2026,10:50:00:173,0.000000,0.000000,4,-122.87,-122.87,0,0,
05/14/2026,10:50:00:225,0.000000,0.000000,5,-70.68,-70.68,0,0,
05/14/2026,10:50:00:311,0.000000,0.000000,2,-124.97,-124.97,0,0,
05/14/2026,10:50:00:366,0.000000,0.000000,3,-123.99,-123.99,0,0,
05/14/2026,10:50:00:418,0.000000,0.000000,4,-122.4,-122.4,0,0,
05/14/2026,10:50:00:471,0.000000,0.000000,5,-64.28,-64.28,0,0,
05/14/2026,10:50:00:558,0.000000,0.000000,2,-122.75,-122.75,0,0,
05/14/2026,10:50:00:611,0.000000,0.000000,3,-122.27,-122.27,0,0,
05/14/2026,10:50:00:674,0.000000,0.000000,4,-123.49,-123.49,0,0,
05/14/2026,10:50:00:715,0.000000,0.000000,5,-70.47,-70.47,0,0,
05/14/2026,10:50:00:802,0.000000,0.000000,2,-124.06,-124.06,0,0,
05/14/2026,10:50:00:855,0.000000,0.000000,3,-122.99,-122.99,0,0,
05/14/2026,10:50:00:909,0.000000,0.000000,4,-124.4,-124.4,0,0,
05/14/2026,10:50:00:959,0.000000,0.000000,5,-59.33,-59.33,0,0,
05/14/2026,10:50:01:057,0.000000,0.000000,2,-122.22,-122.22,0,0,
05/14/2026,10:50:01:098,0.000000,0.000000,3,-121.8,-121.8,0,0,
05/14/2026,10:50:01:150,0.000000,0.000000,4,-121.97,-121.97,0,0,
05/14/2026,10:50:01:204,0.000000,0.000000,5,-67.87,-67.87,0,0,
05/14/2026,10:50:01:310,0.000000,0.000000,2,-121.95,-121.95,0,0,
05/14/2026,10:50:01:380,0.000000,0.000000,3,-122.41,-122.41,0,0,
05/14/2026,10:50:01:396,0.000000,0.000000,4,-122.11,-122.11,0,0,
05/14/2026,10:50:01:463,0.000000,0.000000,5,-59.02,-59.02,0,0,
05/14/2026,10:50:01:541,0.000000,0.000000,2,-121.89,-121.89,0,0,
05/14/2026,10:50:01:589,0.000000,0.000000,3,-121.43,-121.43,0,0,
05/14/2026,10:50:01:641,0.000000,0.000000,4,-121.35,-121.35,0,0,
05/14/2026,10:50:01:695,0.000000,0.000000,5,-61.62,-61.62,0,0,
05/14/2026,10:50:01:782,0.000000,0.000000,2,-122.51,-122.51,0,0,
05/14/2026,10:50:01:834,0.000000,0.000000,3,-124.36,-124.36,0,0,
05/14/2026,10:50:01:886,0.000000,0.000000,4,-123.16,-123.16,0,0,
05/14/2026,10:50:01:946,0.000000,0.000000,5,-59.67,-59.67,0,0,
05/14/2026,10:50:02:027,0.000000,0.000000,2,-121.76,-121.76,0,0,
05/14/2026,10:50:02:078,0.000000,0.000000,3,-122.07,-122.07,0,0,
05/14/2026,10:50:02:133,0.000000,0.000000,4,-120.88,-120.88,0,0,
05/14/2026,10:50:02:188,0.000000,0.000000,5,-70.53,-70.53,0,0,
05/14/2026,10:50:02:270,0.000000,0.000000,2,-120.88,-120.88,0,0,
05/14/2026,10:50:02:325,0.000000,0.000000,3,-121.39,-121.39,0,0,
05/14/2026,10:50:02:379,0.000000,0.000000,4,-122.14,-122.14,0,0,
05/14/2026,10:50:02:429,0.000000,0.000000,5,-64.02,-64.02,0,0,
05/14/2026,10:50:02:518,0.000000,0.000000,2,-122.77,-122.77,0,0,
05/14/2026,10:50:02:567,0.000000,0.000000,3,-122.86,-122.86,0,0,
05/14/2026,10:50:02:620,0.000000,0.000000,4,-122.91,-122.91,0,0,
05/14/2026,10:50:02:674,0.000000,0.000000,5,-60.01,-60.01,0,0,
05/14/2026,10:50:02:761,0.000000,0.000000,2,-122.77,-122.77,0,0,
05/14/2026,10:50:02:813,0.000000,0.000000,3,-120.69,-120.69,0,0,
05/14/2026,10:50:02:866,0.000000,0.000000,4,-122.11,-122.11,0,0,
05/14/2026,10:50:02:921,0.000000,0.000000,5,-64.14,-64.14,0,0,
05/14/2026,10:50:03:010,0.000000,0.000000,2,-124.84,-124.84,0,0,
05/14/2026,10:50:03:076,0.000000,0.000000,3,-122.09,-122.09,0,0,
05/14/2026,10:50:03:142,0.000000,0.000000,4,-121.16,-121.16,0,0,
05/14/2026,10:50:03:216,0.000000,0.000000,5,-59.13,-59.13,0,0,
05/14/2026,10:50:03:286,0.000000,0.000000,2,-122.92,-122.92,0,0,
05/14/2026,10:50:03:302,0.000000,0.000000,3,-120.5,-120.5,0,0,
05/14/2026,10:50:03:357,0.000000,0.000000,4,-123.54,-123.54,0,0,
05/14/2026,10:50:03:408,0.000000,0.000000,5,-61.06,-61.06,0,0,
05/14/2026,10:50:03:493,0.000000,0.000000,2,-121.88,-121.88,0,0,
05/14/2026,10:50:03:548,0.000000,0.000000,3,-122.14,-122.14,0,0,
05/14/2026,10:50:03:601,0.000000,0.000000,4,-122.16,-122.16,0,0,
05/14/2026,10:50:03:656,0.000000,0.000000,5,-64.2,-64.2,0,0,
05/14/2026,10:50:03:739,0.000000,0.000000,2,-121.53,-121.53,0,0,
05/14/2026,10:50:03:791,0.000000,0.000000,3,-123.43,-123.43,0,0,
05/14/2026,10:50:03:843,0.000000,0.000000,4,-123.25,-123.25,0,0,
05/14/2026,10:50:03:900,0.000000,0.000000,5,-63.21,-63.21,0,0,
05/14/2026,10:50:03:983,0.000000,0.000000,2,-121.78,-121.78,0,0,
05/14/2026,10:50:04:036,0.000000,0.000000,3,-121.36,-121.36,0,0,
05/14/2026,10:50:04:091,0.000000,0.000000,4,-121.02,-121.02,0,0,
05/14/2026,10:50:04:144,0.000000,0.000000,5,-64.21,-64.21,0,0,
05/14/2026,10:50:04:230,0.000000,0.000000,2,-120.87,-120.87,0,0,
05/14/2026,10:50:04:281,0.000000,0.000000,3,-122.94,-122.94,0,0,
05/14/2026,10:50:04:334,0.000000,0.000000,4,-124.37,-124.37,0,0,
05/14/2026,10:50:04:387,0.000000,0.000000,5,-59.66,-59.66,0,0,
05/14/2026,10:50:04:473,0.000000,0.000000,2,-124.29,-124.29,0,0,
05/14/2026,10:50:04:528,0.000000,0.000000,3,-124.75,-124.75,0,0,
05/14/2026,10:50:04:579,0.000000,0.000000,4,-120.77,-120.77,0,0,
05/14/2026,10:50:04:631,0.000000,0.000000,5,-59.84,-59.84,0,0,
05/14/2026,10:50:04:723,0.000000,0.000000,2,-122.22,-122.22,0,0,
05/14/2026,10:50:04:771,0.000000,0.000000,3,-122.12,-122.12,0,0,
05/14/2026,10:50:05:066,0.000000,0.000000,4,-122.6,-122.6,0,0,
05/14/2026,10:50:05:072,0.000000,0.000000,5,-73.33,-73.33,0,0,
05/14/2026,10:50:05:086,0.000000,0.000000,2,-123.33,-123.33,0,0,
05/14/2026,10:50:05:097,0.000000,0.000000,3,-121.13,-121.13,0,0,
05/14/2026,10:50:05:109,0.000000,0.000000,4,-122.84,-122.84,0,0,
05/14/2026,10:50:05:120,0.000000,0.000000,5,-63.97,-63.97,0,0,
05/14/2026,10:50:05:209,0.000000,0.000000,2,-122.09,-122.09,0,0,
05/14/2026,10:50:05:271,0.000000,0.000000,3,-123.08,-123.08,0,0,
05/14/2026,10:50:05:314,0.000000,0.000000,4,-124.45,-124.45,0,0,
05/14/2026,10:50:05:366,0.000000,0.000000,5,-66.99,-66.99,0,0,
05/14/2026,10:50:05:454,0.000000,0.000000,2,-125.61,-125.61,0,0,
05/14/2026,10:50:05:514,0.000000,0.000000,3,-124.27,-124.27,0,0,
05/14/2026,10:50:05:563,0.000000,0.000000,4,-123.4,-123.4,0,0,
05/14/2026,10:50:05:613,0.000000,0.000000,5,-65.85,-65.85,0,0,
05/14/2026,10:50:05:699,0.000000,0.000000,2,-123.85,-123.85,0,0,
05/14/2026,10:50:05:752,0.000000,0.000000,3,-123.29,-123.29,0,0,
05/14/2026,10:50:05:804,0.000000,0.000000,4,-122.57,-122.57,0,0,
05/14/2026,10:50:05:858,0.000000,0.000000,5,-73.24,-73.24,0,0,
05/14/2026,10:50:05:944,0.000000,0.000000,2,-122.3,-122.3,0,0,
05/14/2026,10:50:05:999,0.000000,0.000000,3,-121.74,-121.74,0,0,
05/14/2026,10:50:06:049,0.000000,0.000000,4,-122.62,-122.62,0,0,
05/14/2026,10:50:06:101,0.000000,0.000000,5,-74.06,-74.06,0,0,
05/14/2026,10:50:06:189,0.000000,0.000000,2,-122.12,-122.12,0,0,
05/14/2026,10:50:06:241,0.000000,0.000000,3,-123.8,-123.8,0,0,
05/14/2026,10:50:06:295,0.000000,0.000000,4,-121.3,-121.3,0,0,
05/14/2026,10:50:06:347,0.000000,0.000000,5,-67.77,-67.77,0,0,
05/14/2026,10:50:06:434,0.000000,0.000000,2,-121.49,-121.49,0,0,
05/14/2026,10:50:06:487,0.000000,0.000000,3,-121.63,-121.63,0,0,
05/14/2026,10:50:06:540,0.000000,0.000000,4,-123.92,-123.92,0,0,
05/14/2026,10:50:06:592,0.000000,0.000000,5,-65.28,-65.28,0,0,
05/14/2026,10:50:06:677,0.000000,0.000000,2,-123.54,-123.54,0,0,
05/14/2026,10:50:06:731,0.000000,0.000000,3,-122.76,-122.76,0,0,
05/14/2026,10:50:06:785,0.000000,0.000000,4,-122.62,-122.62,0,0,
05/14/2026,10:50:06:839,0.000000,0.000000,5,-69.42,-69.42,0,0,
05/14/2026,10:50:06:970,0.000000,0.000000,2,-122.22,-122.22,0,0,
05/14/2026,10:50:06:974,0.000000,0.000000,3,-123.68,-123.68,0,0,
05/14/2026,10:50:07:035,0.000000,0.000000,4,-122.23,-122.23,0,0,
05/14/2026,10:50:07:106,0.000000,0.000000,5,-68.23,-68.23,0,0,
05/14/2026,10:50:07:186,0.000000,0.000000,2,-121.88,-121.88,0,0,
05/14/2026,10:50:07:221,0.000000,0.000000,3,-123.28,-123.28,0,0,
05/14/2026,10:50:07:272,0.000000,0.000000,4,-119.99,-119.99,0,0,
05/14/2026,10:50:07:326,0.000000,0.000000,5,-65.34,-65.34,0,0,
05/14/2026,10:50:07:413,0.000000,0.000000,2,-122.04,-122.04,0,0,
05/14/2026,10:50:07:466,0.000000,0.000000,3,-124.27,-124.27,0,0,
05/14/2026,10:50:07:520,0.000000,0.000000,4,-124.82,-124.82,0,0,
05/14/2026,10:50:07:576,0.000000,0.000000,5,-64.47,-64.47,0,0,
05/14/2026,10:50:07:661,0.000000,0.000000,2,-122.2,-122.2,0,0,
05/14/2026,10:50:07:709,0.000000,0.000000,3,-122.56,-122.56,0,0,
05/14/2026,10:50:07:763,0.000000,0.000000,4,-121.98,-121.98,0,0,
05/14/2026,10:50:07:816,0.000000,0.000000,5,-60.89,-60.89,0,0,
05/14/2026,10:50:07:900,0.000000,0.000000,2,-120.5,-120.5,0,0,
05/14/2026,10:50:07:959,0.000000,0.000000,3,-124.77,-124.77,0,0,
05/14/2026,10:50:08:008,0.000000,0.000000,4,-123.5,-123.5,0,0,
05/14/2026,10:50:08:060,0.000000,0.000000,5,-68.59,-68.59,0,0,
05/14/2026,10:50:08:151,0.000000,0.000000,2,-122.62,-122.62,0,0,
05/14/2026,10:50:08:198,0.000000,0.000000,3,-122.59,-122.59,0,0,
05/14/2026,10:50:08:253,0.000000,0.000000,4,-124.88,-124.88,0,0,
05/14/2026,10:50:08:306,0.000000,0.000000,5,-62.44,-62.44,0,0,
05/14/2026,10:50:08:390,0.000000,0.000000,2,-122.61,-122.61,0,0,
05/14/2026,10:50:08:446,0.000000,0.000000,3,-124.94,-124.94,0,0,
05/14/2026,10:50:08:497,0.000000,0.000000,4,-120.85,-120.85,0,0,
05/14/2026,10:50:08:554,0.000000,0.000000,5,-61.83,-61.83,0,0,
05/14/2026,10:50:08:665,0.000000,0.000000,2,-122.86,-122.86,0,0,
05/14/2026,10:50:08:747,0.000000,0.000000,3,-121.97,-121.97,0,0,
05/14/2026,10:50:08:751,0.000000,0.000000,4,-122.42,-122.42,0,0,
05/14/2026,10:50:08:840,0.000000,0.000000,5,-63.15,-63.15,0,0,
05/14/2026,10:50:08:881,0.000000,0.000000,2,-121.66,-121.66,0,0,
05/14/2026,10:50:08:935,0.000000,0.000000,3,-119.84,-119.84,0,0,
05/14/2026,10:50:08:986,0.000000,0.000000,4,-122.58,-122.58,0,0,
05/14/2026,10:50:09:040,0.000000,0.000000,5,-65.07,-65.07,0,0,
05/14/2026,10:50:09:126,0.000000,0.000000,2,-122.87,-122.87,0,0,
05/14/2026,10:50:09:179,0.000000,0.000000,3,-123.27,-123.27,0,0,
05/14/2026,10:50:09:234,0.000000,0.000000,4,-120.62,-120.62,0,0,
05/14/2026,10:50:09:291,0.000000,0.000000,5,-60.53,-60.53,0,0,
05/14/2026,10:50:09:373,0.000000,0.000000,2,-123.34,-123.34,0,0,
05/14/2026,10:50:09:424,0.000000,0.000000,3,-121.52,-121.52,0,0,
05/14/2026,10:50:09:476,0.000000,0.000000,4,-121.38,-121.38,0,0,
05/14/2026,10:50:09:529,0.000000,0.000000,5,-65.76,-65.76,0,0,
05/14/2026,10:50:09:626,0.000000,0.000000,2,-122.75,-122.75,0,0,
05/14/2026,10:50:09:668,0.000000,0.000000,3,-123.03,-123.03,0,0,
05/14/2026,10:50:09:730,0.000000,0.000000,4,-122.17,-122.17,0,0,
05/14/2026,10:50:09:775,0.000000,0.000000,5,-75.79,-75.79,0,0,
05/14/2026,10:50:09:862,0.000000,0.000000,2,-120.52,-120.52,0,0,
05/14/2026,10:50:09:914,0.000000,0.000000,3,-125.02,-125.02,0,0,
05/14/2026,10:50:09:966,0.000000,0.000000,4,-126.6,-126.6,0,0,
05/14/2026,10:50:10:020,0.000000,0.000000,5,-71.44,-71.44,0,0,
05/14/2026,10:50:10:349,0.000000,0.000000,2,-123.64,-123.64,0,0,
05/14/2026,10:50:10:358,0.000000,0.000000,3,-121.52,-121.52,0,0,
05/14/2026,10:50:10:368,0.000000,0.000000,4,-123.09,-123.09,0,0,
05/14/2026,10:50:10:374,0.000000,0.000000,5,-62.22,-62.22,0,0,
05/14/2026,10:50:10:388,0.000000,0.000000,2,-121.82,-121.82,0,0,
05/14/2026,10:50:10:404,0.000000,0.000000,3,-120.87,-120.87,0,0,
05/14/2026,10:50:10:454,0.000000,0.000000,4,-121.52,-121.52,0,0,
05/14/2026,10:50:10:518,0.000000,0.000000,5,-67.14,-67.14,0,0,
05/14/2026,10:50:10:596,0.000000,0.000000,2,-122.44,-122.44,0,0,
05/14/2026,10:50:10:665,0.000000,0.000000,3,-123.38,-123.38,0,0,
05/14/2026,10:50:10:736,0.000000,0.000000,4,-121.72,-121.72,0,0,
05/14/2026,10:50:10:764,0.000000,0.000000,5,-65.21,-65.21,0,0,
05/14/2026,10:50:10:840,0.000000,0.000000,2,-123.87,-123.87,0,0,
05/14/2026,10:50:10:906,0.000000,0.000000,3,-119.33,-119.33,0,0,
05/14/2026,10:50:10:947,0.000000,0.000000,4,-123.5,-123.5,0,0,
05/14/2026,10:50:10:999,0.000000,0.000000,5,-67.95,-67.95,0,0,
05/14/2026,10:50:11:087,0.000000,0.000000,2,-122.61,-122.61,0,0,
05/14/2026,10:50:11:141,0.000000,0.000000,3,-121.01,-121.01,0,0,
05/14/2026,10:50:11:190,0.000000,0.000000,4,-122.41,-122.41,0,0,
05/14/2026,10:50:11:246,0.000000,0.000000,5,-67.54,-67.54,0,0,
05/14/2026,10:50:11:331,0.000000,0.000000,2,-122.48,-122.48,0,0,
05/14/2026,10:50:11:383,0.000000,0.000000,3,-122.45,-122.45,0,0,
05/14/2026,10:50:11:436,0.000000,0.000000,4,-121.11,-121.11,0,0,
05/14/2026,10:50:11:489,0.000000,0.000000,5,-69.45,-69.45,0,0,
05/14/2026,10:50:11:577,0.000000,0.000000,2,-122.51,-122.51,0,0,
05/14/2026,10:50:11:627,0.000000,0.000000,3,-123.2,-123.2,0,0,
05/14/2026,10:50:11:680,0.000000,0.000000,4,-124.3,-124.3,0,0,
05/14/2026,10:50:11:732,0.000000,0.000000,5,-61.7,-61.7,0,0,
05/14/2026,10:50:11:818,0.000000,0.000000,2,-122.35,-122.35,0,0,
05/14/2026,10:50:11:872,0.000000,0.000000,3,-123.18,-123.18,0,0,
05/14/2026,10:50:11:928,0.000000,0.000000,4,-121.49,-121.49,0,0,
05/14/2026,10:50:11:979,0.000000,0.000000,5,-65.66,-65.66,0,0,
05/14/2026,10:50:12:065,0.000000,0.000000,2,-123.23,-123.23,0,0,
05/14/2026,10:50:12:116,0.000000,0.000000,3,-123.26,-123.26,0,0,
05/14/2026,10:50:12:185,0.000000,0.000000,4,-121.48,-121.48,0,0,
05/14/2026,10:50:12:253,0.000000,0.000000,5,-64.75,-64.75,0,0,
05/14/2026,10:50:12:332,0.000000,0.000000,2,-120.86,-120.86,0,0,
05/14/2026,10:50:12:380,0.000000,0.000000,3,-122.56,-122.56,0,0,
05/14/2026,10:50:12:436,0.000000,0.000000,4,-123.43,-123.43,0,0,
05/14/2026,10:50:12:499,0.000000,0.000000,5,-69.63,-69.63,0,0,
05/14/2026,10:50:12:556,0.000000,0.000000,2,-121.35,-121.35,0,0,
05/14/2026,10:50:12:609,0.000000,0.000000,3,-121.63,-121.63,0,0,
05/14/2026,10:50:12:658,0.000000,0.000000,4,-121.25,-121.25,0,0,
05/14/2026,10:50:12:714,0.000000,0.000000,5,-63.38,-63.38,0,0,
05/14/2026,10:50:12:800,0.000000,0.000000,2,-119.89,-119.89,0,0,
05/14/2026,10:50:12:852,0.000000,0.000000,3,-121.52,-121.52,0,0,
05/14/2026,10:50:12:904,0.000000,0.000000,4,-122.17,-122.17,0,0,
05/14/2026,10:50:12:960,0.000000,0.000000,5,-63.75,-63.75,0,0,
05/14/2026,10:50:13:049,0.000000,0.000000,2,-122.92,-122.92,0,0,
05/14/2026,10:50:13:098,0.000000,0.000000,3,-122.22,-122.22,0,0,
05/14/2026,10:50:13:148,0.000000,0.000000,4,-120.9,-120.9,0,0,
05/14/2026,10:50:13:202,0.000000,0.000000,5,-67.91,-67.91,0,0,
05/14/2026,10:50:13:291,0.000000,0.000000,2,-123.21,-123.21,0,0,
05/14/2026,10:50:13:340,0.000000,0.000000,3,-123.55,-123.55,0,0,
05/14/2026,10:50:13:395,0.000000,0.000000,4,-122.2,-122.2,0,0,
05/14/2026,10:50:13:457,0.000000,0.000000,5,-62.43,-62.43,0,0,
05/14/2026,10:50:13:533,0.000000,0.000000,2,-121.12,-121.12,0,0,
05/14/2026,10:50:13:587,0.000000,0.000000,3,-123.01,-123.01,0,0,
05/14/2026,10:50:13:643,0.000000,0.000000,4,-122.4,-122.4,0,0,
05/14/2026,10:50:13:701,0.000000,0.000000,5,-67.19,-67.19,0,0,
05/14/2026,10:50:13:783,0.000000,0.000000,2,-122.55,-122.55,0,0,
05/14/2026,10:50:13:834,0.000000,0.000000,3,-122.42,-122.42,0,0,
05/14/2026,10:50:13:885,0.000000,0.000000,4,-121.05,-121.05,0,0,
05/14/2026,10:50:13:938,0.000000,0.000000,5,-70.73,-70.73,0,0,
05/14/2026,10:50:14:024,0.000000,0.000000,2,-122.01,-122.01,0,0,
05/14/2026,10:50:14:077,0.000000,0.000000,3,-123.1,-123.1,0,0,
05/14/2026,10:50:14:128,0.000000,0.000000,4,-122.83,-122.83,0,0,
05/14/2026,10:50:14:207,0.000000,0.000000,5,-67.74,-67.74,0,0,
05/14/2026,10:50:14:285,0.000000,0.000000,2,-123.8,-123.8,0,0,
05/14/2026,10:50:14:332,0.000000,0.000000,3,-122.29,-122.29,0,0,
05/14/2026,10:50:14:404,0.000000,0.000000,4,-123.15,-123.15,0,0,
05/14/2026,10:50:14:474,0.000000,0.000000,5,-67.3,-67.3,0,0,
05/14/2026,10:50:14:514,0.000000,0.000000,2,-121.9,-121.9,0,0,
05/14/2026,10:50:14:567,0.000000,0.000000,3,-123.54,-123.54,0,0,
05/14/2026,10:50:14:619,0.000000,0.000000,4,-123.16,-123.16,0,0,
05/14/2026,10:50:14:670,0.000000,0.000000,5,-62.49,-62.49,0,0,
05/14/2026,10:50:14:758,0.000000,0.000000,2,-123.88,-123.88,0,0,
05/14/2026,10:50:14:812,0.000000,0.000000,3,-123.99,-123.99,0,0,
05/14/2026,10:50:14:862,0.000000,0.000000,4,-125.01,-125.01,0,0,
05/14/2026,10:50:14:923,0.000000,0.000000,5,-72.35,-72.35,0,0,
05/14/2026,10:50:15:004,0.000000,0.000000,2,-122.29,-122.29,0,0,
05/14/2026,10:50:15:054,0.000000,0.000000,3,-121.27,-121.27,0,0,
05/14/2026,10:50:15:109,0.000000,0.000000,4,-121.71,-121.71,0,0,
05/14/2026,10:50:15:164,0.000000,0.000000,5,-69.43,-69.43,0,0,
05/14/2026,10:50:15:249,0.000000,0.000000,2,-122.93,-122.93,0,0,
05/14/2026,10:50:15:299,0.000000,0.000000,3,-122.7,-122.7,0,0,
05/14/2026,10:50:15:357,0.000000,0.000000,4,-120.41,-120.41,0,0,
05/14/2026,10:50:15:626,0.000000,0.000000,5,-57.41,-57.41,0,0,
05/14/2026,10:50:15:639,0.000000,0.000000,2,-121.68,-121.68,0,0,
05/14/2026,10:50:15:648,0.000000,0.000000,3,-120.88,-120.88,0,0,
05/14/2026,10:50:15:666,0.000000,0.000000,4,-122.58,-122.58,0,0,
05/14/2026,10:50:15:674,0.000000,0.000000,5,-70.08,-70.08,0,0,
05/14/2026,10:50:15:742,0.000000,0.000000,2,-123.15,-123.15,0,0,
05/14/2026,10:50:15:791,0.000000,0.000000,3,-124.29,-124.29,0,0,
05/14/2026,10:50:15:847,0.000000,0.000000,4,-121.11,-121.11,0,0,
05/14/2026,10:50:15:894,0.000000,0.000000,5,-63.07,-63.07,0,0,
05/14/2026,10:50:15:981,0.000000,0.000000,2,-122.45,-122.45,0,0,
05/14/2026,10:50:16:037,0.000000,0.000000,3,-120.57,-120.57,0,0,
05/14/2026,10:50:16:094,0.000000,0.000000,4,-121.47,-121.47,0,0,
05/14/2026,10:50:16:175,0.000000,0.000000,5,-61.86,-61.86,0,0,
05/14/2026,10:50:16:257,0.000000,0.000000,2,-122.41,-122.41,0,0,
05/14/2026,10:50:16:333,0.000000,0.000000,3,-122.79,-122.79,0,0,
05/14/2026,10:50:16:337,0.000000,0.000000,4,-122.53,-122.53,0,0,
05/14/2026,10:50:16:384,0.000000,0.000000,5,-67.48,-67.48,0,0,
05/14/2026,10:50:16:471,0.000000,0.000000,2,-123.18,-123.18,0,0,
05/14/2026,10:50:16:523,0.000000,0.000000,3,-121.91,-121.91,0,0,
05/14/2026,10:50:16:576,0.000000,0.000000,4,-121.93,-121.93,0,0,
05/14/2026,10:50:16:631,0.000000,0.000000,5,-63.35,-63.35,0,0,
05/14/2026,10:50:16:716,0.000000,0.000000,2,-123.37,-123.37,0,0,
05/14/2026,10:50:16:778,0.000000,0.000000,3,-121.84,-121.84,0,0,
05/14/2026,10:50:16:824,0.000000,0.000000,4,-121.43,-121.43,0,0,
05/14/2026,10:50:16:875,0.000000,0.000000,5,-65.32,-65.32,0,0,
05/14/2026,10:50:16:962,0.000000,0.000000,2,-124.41,-124.41,0,0,
05/14/2026,10:50:17:014,0.000000,0.000000,3,-123.04,-123.04,0,0,
05/14/2026,10:50:17:068,0.000000,0.000000,4,-122.56,-122.56,0,0,
05/14/2026,10:50:17:123,0.000000,0.000000,5,-60.85,-60.85,0,0,
05/14/2026,10:50:17:208,0.000000,0.000000,2,-124.81,-124.81,0,0,
05/14/2026,10:50:17:260,0.000000,0.000000,3,-122.13,-122.13,0,0,
05/14/2026,10:50:17:310,0.000000,0.000000,4,-121.46,-121.46,0,0,
05/14/2026,10:50:17:371,0.000000,0.000000,5,-73.99,-73.99,0,0,
05/14/2026,10:50:17:451,0.000000,0.000000,2,-122.76,-122.76,0,0,
05/14/2026,10:50:17:504,0.000000,0.000000,3,-119.63,-119.63,0,0,
05/14/2026,10:50:17:556,0.000000,0.000000,4,-123.96,-123.96,0,0,
05/14/2026,10:50:17:608,0.000000,0.000000,5,-59.5,-59.5,0,0,
05/14/2026,10:50:17:698,0.000000,0.000000,2,-123.44,-123.44,0,0,
05/14/2026,10:50:17:749,0.000000,0.000000,3,-121.67,-121.67,0,0,
05/14/2026,10:50:17:806,0.000000,0.000000,4,-120.15,-120.15,0,0,
05/14/2026,10:50:17:856,0.000000,0.000000,5,-58.48,-58.48,0,0,
05/14/2026,10:50:17:942,0.000000,0.000000,2,-121.7,-121.7,0,0,
05/14/2026,10:50:17:993,0.000000,0.000000,3,-124.04,-124.04,0,0,
05/14/2026,10:50:18:106,0.000000,0.000000,4,-121.63,-121.63,0,0,
05/14/2026,10:50:18:109,0.000000,0.000000,5,-54.01,-54.01,0,0,
05/14/2026,10:50:18:186,0.000000,0.000000,2,-120.24,-120.24,0,0,
05/14/2026,10:50:18:248,0.000000,0.000000,3,-119.83,-119.83,0,0,
05/14/2026,10:50:18:333,0.000000,0.000000,4,-121.04,-121.04,0,0,
05/14/2026,10:50:18:343,0.000000,0.000000,5,-61.08,-61.08,0,0,
05/14/2026,10:50:18:432,0.000000,0.000000,2,-123.51,-123.51,0,0,
05/14/2026,10:50:18:485,0.000000,0.000000,3,-124.4,-124.4,0,0,
05/14/2026,10:50:18:537,0.000000,0.000000,4,-121.69,-121.69,0,0,
05/14/2026,10:50:18:589,0.000000,0.000000,5,-56.32,-56.32,0,0,
05/14/2026,10:50:18:676,0.000000,0.000000,2,-122.89,-122.89,0,0,
05/14/2026,10:50:18:727,0.000000,0.000000,3,-123.67,-123.67,0,0,
05/14/2026,10:50:18:780,0.000000,0.000000,4,-122.67,-122.67,0,0,
05/14/2026,10:50:18:834,0.000000,0.000000,5,-59.03,-59.03,0,0,
05/14/2026,10:50:18:922,0.000000,0.000000,2,-123.35,-123.35,0,0,
05/14/2026,10:50:18:975,0.000000,0.000000,3,-123.4,-123.4,0,0,
05/14/2026,10:50:19:024,0.000000,0.000000,4,-124.07,-124.07,0,0,
05/14/2026,10:50:19:083,0.000000,0.000000,5,-62.41,-62.41,0,0,
05/14/2026,10:50:19:167,0.000000,0.000000,2,-123.01,-123.01,0,0,
05/14/2026,10:50:19:218,0.000000,0.000000,3,-122.33,-122.33,0,0,
05/14/2026,10:50:19:270,0.000000,0.000000,4,-121.77,-121.77,0,0,
05/14/2026,10:50:19:323,0.000000,0.000000,5,-62.71,-62.71,0,0,
05/14/2026,10:50:19:412,0.000000,0.000000,2,-123.25,-123.25,0,0,
05/14/2026,10:50:19:462,0.000000,0.000000,3,-124.41,-124.41,0,0,
05/14/2026,10:50:19:516,0.000000,0.000000,4,-121.47,-121.47,0,0,
05/14/2026,10:50:19:570,0.000000,0.000000,5,-64.41,-64.41,0,0,
05/14/2026,10:50:19:656,0.000000,0.000000,2,-121.29,-121.29,0,0,
05/14/2026,10:50:19:708,0.000000,0.000000,3,-122.7,-122.7,0,0,
05/14/2026,10:50:19:764,0.000000,0.000000,4,-121.17,-121.17,0,0,
05/14/2026,10:50:19:812,0.000000,0.000000,5,-65.93,-65.93,0,0,
05/14/2026,10:50:19:926,0.000000,0.000000,2,-122.63,-122.63,0,0,
05/14/2026,10:50:20:000,0.000000,0.000000,3,-122.8,-122.8,0,0,
05/14/2026,10:50:20:006,0.000000,0.000000,4,-122.77,-122.77,0,0,
05/14/2026,10:50:20:071,0.000000,0.000000,5,-53.99,-53.99,0,0,
05/14/2026,10:50:20:149,0.000000,0.000000,2,-121.39,-121.39,0,0,
05/14/2026,10:50:20:199,0.000000,0.000000,3,-122.67,-122.67,0,0,
05/14/2026,10:50:20:251,0.000000,0.000000,4,-121.09,-121.09,0,0,
05/14/2026,10:50:20:304,0.000000,0.000000,5,-61.59,-61.59,0,0,
05/14/2026,10:50:20:390,0.000000,0.000000,2,-123.84,-123.84,0,0,
05/14/2026,10:50:20:443,0.000000,0.000000,3,-120.51,-120.51,0,0,
05/14/2026,10:50:20:495,0.000000,0.000000,4,-121.89,-121.89,0,0,
05/14/2026,10:50:20:549,0.000000,0.000000,5,-62.04,-62.04,0,0,
05/14/2026,10:50:20:909,0.000000,0.000000,2,-122.65,-122.65,0,0,
05/14/2026,10:50:20:919,0.000000,0.000000,3,-124.28,-124.28,0,0,
05/14/2026,10:50:20:925,0.000000,0.000000,4,-120.78,-120.78,0,0,
05/14/2026,10:50:20:938,0.000000,0.000000,5,-61.2,-61.2,0,0,
05/14/2026,10:50:20:948,0.000000,0.000000,2,-123.37,-123.37,0,0,
05/14/2026,10:50:20:958,0.000000,0.000000,3,-124.03,-124.03,0,0,
05/14/2026,10:50:20:989,0.000000,0.000000,4,-122.31,-122.31,0,0,
05/14/2026,10:50:21:039,0.000000,0.000000,5,-61.13,-61.13,0,0,
05/14/2026,10:50:21:147,0.000000,0.000000,2,-121.56,-121.56,0,0,
05/14/2026,10:50:21:179,0.000000,0.000000,3,-124.88,-124.88,0,0,
05/14/2026,10:50:21:232,0.000000,0.000000,4,-121.34,-121.34,0,0,
05/14/2026,10:50:21:284,0.000000,0.000000,5,-68.82,-68.82,0,0,
05/14/2026,10:50:21:371,0.000000,0.000000,2,-123.09,-123.09,0,0,
05/14/2026,10:50:21:420,0.000000,0.000000,3,-124.72,-124.72,0,0,
05/14/2026,10:50:21:473,0.000000,0.000000,4,-122.47,-122.47,0,0,
05/14/2026,10:50:21:527,0.000000,0.000000,5,-57.18,-57.18,0,0,
05/14/2026,10:50:21:662,0.000000,0.000000,2,-123.29,-123.29,0,0,
05/14/2026,10:50:21:669,0.000000,0.000000,3,-122.14,-122.14,0,0,
05/14/2026,10:50:21:735,0.000000,0.000000,4,-121.19,-121.19,0,0,
05/14/2026,10:50:21:787,0.000000,0.000000,5,-57.52,-57.52,0,0,
05/14/2026,10:50:21:867,0.000000,0.000000,2,-120.58,-120.58,0,0,
05/14/2026,10:50:21:911,0.000000,0.000000,3,-122.9,-122.9,0,0,
05/14/2026,10:50:21:963,0.000000,0.000000,4,-121.6,-121.6,0,0,
05/14/2026,10:50:22:016,0.000000,0.000000,5,-63.53,-63.53,0,0,
05/14/2026,10:50:22:104,0.000000,0.000000,2,-122.55,-122.55,0,0,
05/14/2026,10:50:22:158,0.000000,0.000000,3,-121.5,-121.5,0,0,
05/14/2026,10:50:22:210,0.000000,0.000000,4,-121.12,-121.12,0,0,
05/14/2026,10:50:22:260,0.000000,0.000000,5,-57.76,-57.76,0,0,
05/14/2026,10:50:22:351,0.000000,0.000000,2,-121.31,-121.31,0,0,
05/14/2026,10:50:22:424,0.000000,0.000000,3,-122.28,-122.28,0,0,
05/14/2026,10:50:22:459,0.000000,0.000000,4,-123.53,-123.53,0,0,
05/14/2026,10:50:22:506,0.000000,0.000000,5,-59.87,-59.87,0,0,
05/14/2026,10:50:22:603,0.000000,0.000000,2,-120.7,-120.7,0,0,
05/14/2026,10:50:22:646,0.000000,0.000000,3,-124.68,-124.68,0,0,
05/14/2026,10:50:22:698,0.000000,0.000000,4,-123.73,-123.73,0,0,
05/14/2026,10:50:22:752,0.000000,0.000000,5,-60.18,-60.18,0,0,
05/14/2026,10:50:22:839,0.000000,0.000000,2,-123.03,-123.03,0,0,
05/14/2026,10:50:22:893,0.000000,0.000000,3,-122.13,-122.13,0,0,
05/14/2026,10:50:22:947,0.000000,0.000000,4,-120.75,-120.75,0,0,
05/14/2026,10:50:22:996,0.000000,0.000000,5,-60.98,-60.98,0,0,
05/14/2026,10:50:23:083,0.000000,0.000000,2,-124.98,-124.98,0,0,
05/14/2026,10:50:23:134,0.000000,0.000000,3,-120.85,-120.85,0,0,
05/14/2026,10:50:23:188,0.000000,0.000000,4,-122.93,-122.93,0,0,
05/14/2026,10:50:23:242,0.000000,0.000000,5,-61.64,-61.64,0,0,
05/14/2026,10:50:23:327,0.000000,0.000000,2,-121.56,-121.56,0,0,
05/14/2026,10:50:23:382,0.000000,0.000000,3,-121.43,-121.43,0,0,
05/14/2026,10:50:23:434,0.000000,0.000000,4,-122.98,-122.98,0,0,
05/14/2026,10:50:23:545,0.000000,0.000000,5,-63.49,-63.49,0,0,
05/14/2026,10:50:23:608,0.000000,0.000000,2,-123.37,-123.37,0,0,
05/14/2026,10:50:23:674,0.000000,0.000000,3,-123.85,-123.85,0,0,
05/14/2026,10:50:23:682,0.000000,0.000000,4,-122.8,-122.8,0,0,
05/14/2026,10:50:23:747,0.000000,0.000000,5,-62.45,-62.45,0,0,
05/14/2026,10:50:23:818,0.000000,0.000000,2,-119.66,-119.66,0,0,
05/14/2026,10:50:23:884,0.000000,0.000000,3,-119.68,-119.68,0,0,
05/14/2026,10:50:23:924,0.000000,0.000000,4,-123.8,-123.8,0,0,
05/14/2026,10:50:23:975,0.000000,0.000000,5,-61.54,-61.54,0,0,
05/14/2026,10:50:24:063,0.000000,0.000000,2,-124.5,-124.5,0,0,
05/14/2026,10:50:24:114,0.000000,0.000000,3,-121.05,-121.05,0,0,
05/14/2026,10:50:24:169,0.000000,0.000000,4,-122.22,-122.22,0,0,
05/14/2026,10:50:24:222,0.000000,0.000000,5,-61.91,-61.91,0,0,
05/14/2026,10:50:24:309,0.000000,0.000000,2,-123.85,-123.85,0,0,
05/14/2026,10:50:24:361,0.000000,0.000000,3,-124.17,-124.17,0,0,
05/14/2026,10:50:24:413,0.000000,0.000000,4,-122.76,-122.76,0,0,
05/14/2026,10:50:24:465,0.000000,0.000000,5,-62.22,-62.22,0,0,
05/14/2026,10:50:24:554,0.000000,0.000000,2,-121.13,-121.13,0,0,
05/14/2026,10:50:24:609,0.000000,0.000000,3,-120.95,-120.95,0,0,
05/14/2026,10:50:24:659,0.000000,0.000000,4,-121.18,-121.18,0,0,
05/14/2026,10:50:24:711,0.000000,0.000000,5,-64.94,-64.94,0,0,
05/14/2026,10:50:24:797,0.000000,0.000000,2,-121.71,-121.71,0,0,
05/14/2026,10:50:24:852,0.000000,0.000000,3,-122.18,-122.18,0,0,
05/14/2026,10:50:24:903,0.000000,0.000000,4,-120.53,-120.53,0,0,
05/14/2026,10:50:24:955,0.000000,0.000000,5,-64.05,-64.05,0,0,
05/14/2026,10:50:25:047,0.000000,0.000000,2,-122.69,-122.69,0,0,
05/14/2026,10:50:25:093,0.000000,0.000000,3,-124.59,-124.59,0,0,
05/14/2026,10:50:25:146,0.000000,0.000000,4,-123.84,-123.84,0,0,
05/14/2026,10:50:25:201,0.000000,0.000000,5,-62.02,-62.02,0,0,
05/14/2026,10:50:25:286,0.000000,0.000000,2,-121.57,-121.57,0,0,
05/14/2026,10:50:25:355,0.000000,0.000000,3,-125.48,-125.48,0,0,
05/14/2026,10:50:25:423,0.000000,0.000000,4,-121.6,-121.6,0,0,
05/14/2026,10:50:25:501,0.000000,0.000000,5,-62.54,-62.54,0,0,
05/14/2026,10:50:25:549,0.000000,0.000000,2,-123.89,-123.89,0,0,
05/14/2026,10:50:25:632,0.000000,0.000000,3,-121.86,-121.86,0,0,
05/14/2026,10:50:25:640,0.000000,0.000000,4,-122.44,-122.44,0,0,
05/14/2026,10:50:25:690,0.000000,0.000000,5,-62.43,-62.43,0,0,
05/14/2026,10:50:25:776,0.000000,0.000000,2,-123.58,-123.58,0,0,
05/14/2026,10:50:25:831,0.000000,0.000000,3,-121.76,-121.76,0,0,
05/14/2026,10:50:25:881,0.000000,0.000000,4,-122.54,-122.54,0,0,
05/14/2026,10:50:26:192,0.000000,0.000000,5,-57.26,-57.26,0,0,
05/14/2026,10:50:26:202,0.000000,0.000000,2,-122.62,-122.62,0,0,
05/14/2026,10:50:26:213,0.000000,0.000000,3,-121.17,-121.17,0,0,
05/14/2026,10:50:26:220,0.000000,0.000000,4,-122.55,-122.55,0,0,
05/14/2026,10:50:26:229,0.000000,0.000000,5,-60.28,-60.28,0,0,
05/14/2026,10:50:26:268,0.000000,0.000000,2,-120.32,-120.32,0,0,
05/14/2026,10:50:26:320,0.000000,0.000000,3,-124.98,-124.98,0,0,
05/14/2026,10:50:26:372,0.000000,0.000000,4,-121.9,-121.9,0,0,
05/14/2026,10:50:26:423,0.000000,0.000000,5,-57.07,-57.07,0,0,
05/14/2026,10:50:26:510,0.000000,0.000000,2,-123.48,-123.48,0,0,
05/14/2026,10:50:26:563,0.000000,0.000000,3,-123.78,-123.78,0,0,
05/14/2026,10:50:26:617,0.000000,0.000000,4,-124.48,-124.48,0,0,
05/14/2026,10:50:26:668,0.000000,0.000000,5,-60.23,-60.23,0,0,
05/14/2026,10:50:26:756,0.000000,0.000000,2,-123.8,-123.8,0,0,
05/14/2026,10:50:26:811,0.000000,0.000000,3,-125.32,-125.32,0,0,
05/14/2026,10:50:26:863,0.000000,0.000000,4,-120.98,-120.98,0,0,
05/14/2026,10:50:26:914,0.000000,0.000000,5,-60.23,-60.23,0,0,
05/14/2026,10:50:27:001,0.000000,0.000000,2,-121.76,-121.76,0,0,
05/14/2026,10:50:27:054,0.000000,0.000000,3,-121.03,-121.03,0,0,
05/14/2026,10:50:27:106,0.000000,0.000000,4,-121.18,-121.18,0,0,
05/14/2026,10:50:27:159,0.000000,0.000000,5,-65.31,-65.31,0,0,
05/14/2026,10:50:27:244,0.000000,0.000000,2,-123.69,-123.69,0,0,
05/14/2026,10:50:27:299,0.000000,0.000000,3,-120.42,-120.42,0,0,
05/14/2026,10:50:27:353,0.000000,0.000000,4,-123.13,-123.13,0,0,
05/14/2026,10:50:27:414,0.000000,0.000000,5,-61.41,-61.41,0,0,
05/14/2026,10:50:27:522,0.000000,0.000000,2,-121.77,-121.77,0,0,
05/14/2026,10:50:27:590,0.000000,0.000000,3,-122.98,-122.98,0,0,
05/14/2026,10:50:27:600,0.000000,0.000000,4,-120.13,-120.13,0,0,
05/14/2026,10:50:27:659,0.000000,0.000000,5,-60.82,-60.82,0,0,
05/14/2026,10:50:27:735,0.000000,0.000000,2,-121.5,-121.5,0,0,
05/14/2026,10:50:27:790,0.000000,0.000000,3,-121.88,-121.88,0,0,
05/14/2026,10:50:27:840,0.000000,0.000000,4,-124.09,-124.09,0,0,
05/14/2026,10:50:27:895,0.000000,0.000000,5,-60.75,-60.75,0,0,
05/14/2026,10:50:27:979,0.000000,0.000000,2,-124.55,-124.55,0,0,
05/14/2026,10:50:28:033,0.000000,0.000000,3,-122.93,-122.93,0,0,
05/14/2026,10:50:28:087,0.000000,0.000000,4,-123.31,-123.31,0,0,
05/14/2026,10:50:28:138,0.000000,0.000000,5,-61.18,-61.18,0,0,
05/14/2026,10:50:28:227,0.000000,0.000000,2,-120.62,-120.62,0,0,
05/14/2026,10:50:28:279,0.000000,0.000000,3,-122.34,-122.34,0,0,
05/14/2026,10:50:28:333,0.000000,0.000000,4,-123.14,-123.14,0,0,
05/14/2026,10:50:28:388,0.000000,0.000000,5,-63.84,-63.84,0,0,
05/14/2026,10:50:28:468,0.000000,0.000000,2,-120.3,-120.3,0,0,
05/14/2026,10:50:28:524,0.000000,0.000000,3,-122.34,-122.34,0,0,
05/14/2026,10:50:28:575,0.000000,0.000000,4,-122.22,-122.22,0,0,
05/14/2026,10:50:28:628,0.000000,0.000000,5,-65.73,-65.73,0,0,
05/14/2026,10:50:28:718,0.000000,0.000000,2,-123.81,-123.81,0,0,
05/14/2026,10:50:28:766,0.000000,0.000000,3,-122.36,-122.36,0,0,
05/14/2026,10:50:28:829,0.000000,0.000000,4,-123.03,-123.03,0,0,
05/14/2026,10:50:28:873,0.000000,0.000000,5,-64.22,-64.22,0,0,
05/14/2026,10:50:28:958,0.000000,0.000000,2,-122.78,-122.78,0,0,
05/14/2026,10:50:29:011,0.000000,0.000000,3,-122.71,-122.71,0,0,
05/14/2026,10:50:29:066,0.000000,0.000000,4,-125.23,-125.23,0,0,
05/14/2026,10:50:29:118,0.000000,0.000000,5,-64.02,-64.02,0,0,
05/14/2026,10:50:29:203,0.000000,0.000000,2,-122.54,-122.54,0,0,
05/14/2026,10:50:29:278,0.000000,0.000000,3,-121.8,-121.8,0,0,
05/14/2026,10:50:29:323,0.000000,0.000000,4,-121.17,-121.17,0,0,
05/14/2026,10:50:29:381,0.000000,0.000000,5,-64.08,-64.08,0,0,
05/14/2026,10:50:29:450,0.000000,0.000000,2,-121.76,-121.76,0,0,
05/14/2026,10:50:29:502,0.000000,0.000000,3,-123.55,-123.55,0,0,
05/14/2026,10:50:29:553,0.000000,0.000000,4,-125.55,-125.55,0,0,
05/14/2026,10:50:29:607,0.000000,0.000000,5,-64.91,-64.91,0,0,
05/14/2026,10:50:29:696,0.000000,0.000000,2,-121.48,-121.48,0,0,
05/14/2026,10:50:29:750,0.000000,0.000000,3,-121.45,-121.45,0,0,
05/14/2026,10:50:29:800,0.000000,0.000000,4,-121.76,-121.76,0,0,
05/14/2026,10:50:29:858,0.000000,0.000000,5,-62.45,-62.45,0,0,
05/14/2026,10:50:29:940,0.000000,0.000000,2,-123.22,-123.22,0,0,
05/14/2026,10:50:29:992,0.000000,0.000000,3,-119.99,-119.99,0,0,
05/14/2026,10:50:30:051,0.000000,0.000000,4,-121.98,-121.98,0,0,
05/14/2026,10:50:30:103,0.000000,0.000000,5,-64.11,-64.11,0,0,
05/14/2026,10:50:30:182,0.000000,0.000000,2,-122.11,-122.11,0,0,
05/14/2026,10:50:30:235,0.000000,0.000000,3,-124.5,-124.5,0,0,
05/14/2026,10:50:30:289,0.000000,0.000000,4,-122.79,-122.79,0,0,
05/14/2026,10:50:30:341,0.000000,0.000000,5,-61.65,-61.65,0,0,
05/14/2026,10:50:30:429,0.000000,0.000000,2,-121.68,-121.68,0,0,
05/14/2026,10:50:30:482,0.000000,0.000000,3,-121.73,-121.73,0,0,
05/14/2026,10:50:30:535,0.000000,0.000000,4,-122.06,-122.06,0,0,
05/14/2026,10:50:30:586,0.000000,0.000000,5,-67.21,-67.21,0,0,
05/14/2026,10:50:30:673,0.000000,0.000000,2,-122.35,-122.35,0,0,
05/14/2026,10:50:30:726,0.000000,0.000000,3,-123.22,-123.22,0,0,
05/14/2026,10:50:30:780,0.000000,0.000000,4,-123.02,-123.02,0,0,
05/14/2026,10:50:30:833,0.000000,0.000000,5,-63.73,-63.73,0,0,
05/14/2026,10:50:30:919,0.000000,0.000000,2,-120.65,-120.65,0,0,
05/14/2026,10:50:30:971,0.000000,0.000000,3,-122.87,-122.87,0,0,
05/14/2026,10:50:31:026,0.000000,0.000000,4,-121.92,-121.92,0,0,
05/14/2026,10:50:31:121,0.000000,0.000000,5,-71.64,-71.64,0,0,
05/14/2026,10:50:31:189,0.000000,0.000000,2,-124.7,-124.7,0,0,
05/14/2026,10:50:31:464,0.000000,0.000000,3,-120.64,-120.64,0,0,
05/14/2026,10:50:31:469,0.000000,0.000000,4,-123.35,-123.35,0,0,
05/14/2026,10:50:31:477,0.000000,0.000000,5,-63.74,-63.74,0,0,
05/14/2026,10:50:31:493,0.000000,0.000000,2,-122.65,-122.65,0,0,
05/14/2026,10:50:31:501,0.000000,0.000000,3,-122.41,-122.41,0,0,
05/14/2026,10:50:31:514,0.000000,0.000000,4,-122.16,-122.16,0,0,
05/14/2026,10:50:31:567,0.000000,0.000000,5,-66.63,-66.63,0,0,
05/14/2026,10:50:31:656,0.000000,0.000000,2,-120.68,-120.68,0,0,
05/14/2026,10:50:31:706,0.000000,0.000000,3,-122.15,-122.15,0,0,
05/14/2026,10:50:31:759,0.000000,0.000000,4,-117.53,-117.53,0,0,
05/14/2026,10:50:31:813,0.000000,0.000000,5,-76.77,-76.77,0,0,
05/14/2026,10:50:31:899,0.000000,0.000000,2,-121.74,-121.74,0,0,
05/14/2026,10:50:31:955,0.000000,0.000000,3,-123.38,-123.38,0,0,
05/14/2026,10:50:32:004,0.000000,0.000000,4,-121.78,-121.78,0,0,
05/14/2026,10:50:32:057,0.000000,0.000000,5,-63.46,-63.46,0,0,
05/14/2026,10:50:32:146,0.000000,0.000000,2,-123.68,-123.68,0,0,
05/14/2026,10:50:32:206,0.000000,0.000000,3,-123.71,-123.71,0,0,
05/14/2026,10:50:32:249,0.000000,0.000000,4,-122.7,-122.7,0,0,
05/14/2026,10:50:32:299,0.000000,0.000000,5,-68.93,-68.93,0,0,
05/14/2026,10:50:32:391,0.000000,0.000000,2,-122.41,-122.41,0,0,
05/14/2026,10:50:32:471,0.000000,0.000000,3,-124.22,-124.22,0,0,
05/14/2026,10:50:32:493,0.000000,0.000000,4,-122.76,-122.76,0,0,
05/14/2026,10:50:32:545,0.000000,0.000000,5,-73.26,-73.26,0,0,
05/14/2026,10:50:32:635,0.000000,0.000000,2,-121.66,-121.66,0,0,
05/14/2026,10:50:32:685,0.000000,0.000000,3,-123.95,-123.95,0,0,
05/14/2026,10:50:32:750,0.000000,0.000000,4,-121.86,-121.86,0,0,
05/14/2026,10:50:32:789,0.000000,0.000000,5,-66.18,-66.18,0,0,
05/14/2026,10:50:32:876,0.000000,0.000000,2,-126.11,-126.11,0,0,
05/14/2026,10:50:32:937,0.000000,0.000000,3,-122.53,-122.53,0,0,
05/14/2026,10:50:33:017,0.000000,0.000000,4,-123.68,-123.68,0,0,
05/14/2026,10:50:33:085,0.000000,0.000000,5,-69.24,-69.24,0,0,
05/14/2026,10:50:33:151,0.000000,0.000000,2,-122.48,-122.48,0,0,
05/14/2026,10:50:33:214,0.000000,0.000000,3,-122.64,-122.64,0,0,
05/14/2026,10:50:33:228,0.000000,0.000000,4,-124.99,-124.99,0,0,
05/14/2026,10:50:33:281,0.000000,0.000000,5,-65.13,-65.13,0,0,
05/14/2026,10:50:33:366,0.000000,0.000000,2,-121.42,-121.42,0,0,
05/14/2026,10:50:33:420,0.000000,0.000000,3,-120.33,-120.33,0,0,
05/14/2026,10:50:33:473,0.000000,0.000000,4,-118.44,-118.44,0,0,
05/14/2026,10:50:33:525,0.000000,0.000000,5,-81.98,-81.98,0,0,
05/14/2026,10:50:33:612,0.000000,0.000000,2,-121.44,-121.44,0,0,
05/14/2026,10:50:33:664,0.000000,0.000000,3,-122.05,-122.05,0,0,
05/14/2026,10:50:33:717,0.000000,0.000000,4,-121.92,-121.92,0,0,
05/14/2026,10:50:33:770,0.000000,0.000000,5,-64.92,-64.92,0,0,
05/14/2026,10:50:33:855,0.000000,0.000000,2,-121.54,-121.54,0,0,
05/14/2026,10:50:33:910,0.000000,0.000000,3,-121.6,-121.6,0,0,
05/14/2026,10:50:33:965,0.000000,0.000000,4,-120.77,-120.77,0,0,
05/14/2026,10:50:34:017,0.000000,0.000000,5,-64.43,-64.43,0,0,
05/14/2026,10:50:34:103,0.000000,0.000000,2,-124.8,-124.8,0,0,
05/14/2026,10:50:34:160,0.000000,0.000000,3,-121.97,-121.97,0,0,
05/14/2026,10:50:34:207,0.000000,0.000000,4,-122.57,-122.57,0,0,
05/14/2026,10:50:34:258,0.000000,0.000000,5,-64.93,-64.93,0,0,
05/14/2026,10:50:34:346,0.000000,0.000000,2,-123.32,-123.32,0,0,
05/14/2026,10:50:34:410,0.000000,0.000000,3,-125.58,-125.58,0,0,
05/14/2026,10:50:34:462,0.000000,0.000000,4,-124.06,-124.06,0,0,
05/14/2026,10:50:34:514,0.000000,0.000000,5,-75.81,-75.81,0,0,
05/14/2026,10:50:34:602,0.000000,0.000000,2,-122.85,-122.85,0,0,
05/14/2026,10:50:34:661,0.000000,0.000000,3,-121.49,-121.49,0,0,
05/14/2026,10:50:34:708,0.000000,0.000000,4,-122.98,-122.98,0,0,
05/14/2026,10:50:34:760,0.000000,0.000000,5,-64.98,-64.98,0,0,
05/14/2026,10:50:34:896,0.000000,0.000000,2,-122.19,-122.19,0,0,
05/14/2026,10:50:34:900,0.000000,0.000000,3,-123.93,-123.93,0,0,
05/14/2026,10:50:34:955,0.000000,0.000000,4,-123.75,-123.75,0,0,
05/14/2026,10:50:35:019,0.000000,0.000000,5,-60.99,-60.99,0,0,
05/14/2026,10:50:35:090,0.000000,0.000000,2,-122.42,-122.42,0,0,
05/14/2026,10:50:35:145,0.000000,0.000000,3,-122.87,-122.87,0,0,
05/14/2026,10:50:35:198,0.000000,0.000000,4,-122.45,-122.45,0,0,
05/14/2026,10:50:35:251,0.000000,0.000000,5,-65.84,-65.84,0,0,
05/14/2026,10:50:35:337,0.000000,0.000000,2,-125.41,-125.41,0,0,
05/14/2026,10:50:35:391,0.000000,0.000000,3,-123.14,-123.14,0,0,
05/14/2026,10:50:35:442,0.000000,0.000000,4,-122.47,-122.47,0,0,
05/14/2026,10:50:35:494,0.000000,0.000000,5,-64.71,-64.71,0,0,
05/14/2026,10:50:35:581,0.000000,0.000000,2,-121.45,-121.45,0,0,
05/14/2026,10:50:35:637,0.000000,0.000000,3,-121.87,-121.87,0,0,
05/14/2026,10:50:35:686,0.000000,0.000000,4,-124.05,-124.05,0,0,
05/14/2026,10:50:35:741,0.000000,0.000000,5,-62.21,-62.21,0,0,
05/14/2026,10:50:35:827,0.000000,0.000000,2,-120.92,-120.92,0,0,
05/14/2026,10:50:35:880,0.000000,0.000000,3,-122.31,-122.31,0,0,
05/14/2026,10:50:35:934,0.000000,0.000000,4,-122.68,-122.68,0,0,
05/14/2026,10:50:35:983,0.000000,0.000000,5,-65.91,-65.91,0,0,
05/14/2026,10:50:36:070,0.000000,0.000000,2,-120.26,-120.26,0,0,
05/14/2026,10:50:36:124,0.000000,0.000000,3,-123.14,-123.14,0,0,
05/14/2026,10:50:36:176,0.000000,0.000000,4,-121.64,-121.64,0,0,
05/14/2026,10:50:36:230,0.000000,0.000000,5,-80.27,-80.27,0,0,
05/14/2026,10:50:36:318,0.000000,0.000000,2,-124.97,-124.97,0,0,
05/14/2026,10:50:36:368,0.000000,0.000000,3,-120.74,-120.74,0,0,
05/14/2026,10:50:36:423,0.000000,0.000000,4,-121.8,-121.8,0,0,
05/14/2026,10:50:36:741,0.000000,0.000000,5,-65.84,-65.84,0,0,
05/14/2026,10:50:36:773,0.000000,0.000000,2,-122.75,-122.75,0,0,
05/14/2026,10:50:36:782,0.000000,0.000000,3,-123.28,-123.28,0,0,
05/14/2026,10:50:36:788,0.000000,0.000000,4,-120.98,-120.98,0,0,
05/14/2026,10:50:36:798,0.000000,0.000000,5,-67.61,-67.61,0,0,
05/14/2026,10:50:36:817,0.000000,0.000000,2,-121.53,-121.53,0,0,
05/14/2026,10:50:36:857,0.000000,0.000000,3,-121.4,-121.4,0,0,
05/14/2026,10:50:36:911,0.000000,0.000000,4,-122.18,-122.18,0,0,
05/14/2026,10:50:36:966,0.000000,0.000000,5,-73.16,-73.16,0,0,
05/14/2026,10:50:37:049,0.000000,0.000000,2,-122.84,-122.84,0,0,
05/14/2026,10:50:37:102,0.000000,0.000000,3,-120.68,-120.68,0,0,
05/14/2026,10:50:37:155,0.000000,0.000000,4,-121.22,-121.22,0,0,
05/14/2026,10:50:37:213,0.000000,0.000000,5,-67.56,-67.56,0,0,
05/14/2026,10:50:37:302,0.000000,0.000000,2,-122.84,-122.84,0,0,
05/14/2026,10:50:37:356,0.000000,0.000000,3,-123.29,-123.29,0,0,
05/14/2026,10:50:37:401,0.000000,0.000000,4,-121.73,-121.73,0,0,
05/14/2026,10:50:37:453,0.000000,0.000000,5,-65.71,-65.71,0,0,
05/14/2026,10:50:37:540,0.000000,0.000000,2,-126.23,-126.23,0,0,
05/14/2026,10:50:37:593,0.000000,0.000000,3,-120.11,-120.11,0,0,
05/14/2026,10:50:37:645,0.000000,0.000000,4,-119.43,-119.43,0,0,
05/14/2026,10:50:37:699,0.000000,0.000000,5,-72.25,-72.25,0,0,
05/14/2026,10:50:37:788,0.000000,0.000000,2,-122.13,-122.13,0,0,
05/14/2026,10:50:37:839,0.000000,0.000000,3,-122.5,-122.5,0,0,
05/14/2026,10:50:37:891,0.000000,0.000000,4,-121.42,-121.42,0,0,
05/14/2026,10:50:37:944,0.000000,0.000000,5,-68.32,-68.32,0,0,
05/14/2026,10:50:38:029,0.000000,0.000000,2,-122.96,-122.96,0,0,
05/14/2026,10:50:38:088,0.000000,0.000000,3,-124.27,-124.27,0,0,
05/14/2026,10:50:38:135,0.000000,0.000000,4,-121.97,-121.97,0,0,
05/14/2026,10:50:38:189,0.000000,0.000000,5,-67.25,-67.25,0,0,
05/14/2026,10:50:38:275,0.000000,0.000000,2,-120.9,-120.9,0,0,
05/14/2026,10:50:38:329,0.000000,0.000000,3,-121.68,-121.68,0,0,
05/14/2026,10:50:38:403,0.000000,0.000000,4,-122,-122,0,0,
05/14/2026,10:50:38:440,0.000000,0.000000,5,-66.58,-66.58,0,0,
05/14/2026,10:50:38:525,0.000000,0.000000,2,-121.32,-121.32,0,0,
05/14/2026,10:50:38:591,0.000000,0.000000,3,-122.81,-122.81,0,0,
05/14/2026,10:50:38:663,0.000000,0.000000,4,-120.96,-120.96,0,0,
05/14/2026,10:50:38:689,0.000000,0.000000,5,-68.33,-68.33,0,0,
05/14/2026,10:50:38:767,0.000000,0.000000,2,-123.34,-123.34,0,0,
05/14/2026,10:50:38:817,0.000000,0.000000,3,-124.83,-124.83,0,0,
05/14/2026,10:50:38:869,0.000000,0.000000,4,-123.79,-123.79,0,0,
05/14/2026,10:50:38:924,0.000000,0.000000,5,-69.17,-69.17,0,0,
05/14/2026,10:50:39:008,0.000000,0.000000,2,-121.62,-121.62,0,0,
05/14/2026,10:50:39:069,0.000000,0.000000,3,-121.15,-121.15,0,0,
05/14/2026,10:50:39:116,0.000000,0.000000,4,-124.41,-124.41,0,0,
05/14/2026,10:50:39:170,0.000000,0.000000,5,-68.05,-68.05,0,0,
05/14/2026,10:50:39:255,0.000000,0.000000,2,-120.12,-120.12,0,0,
05/14/2026,10:50:39:306,0.000000,0.000000,3,-122.19,-122.19,0,0,
05/14/2026,10:50:39:359,0.000000,0.000000,4,-121.07,-121.07,0,0,
05/14/2026,10:50:39:412,0.000000,0.000000,5,-77.49,-77.49,0,0,
05/14/2026,10:50:39:498,0.000000,0.000000,2,-123.14,-123.14,0,0,
05/14/2026,10:50:39:550,0.000000,0.000000,3,-123.14,-123.14,0,0,
05/14/2026,10:50:39:607,0.000000,0.000000,4,-123.9,-123.9,0,0,
05/14/2026,10:50:39:656,0.000000,0.000000,5,-72.6,-72.6,0,0,
05/14/2026,10:50:39:746,0.000000,0.000000,2,-124.3,-124.3,0,0,
05/14/2026,10:50:39:797,0.000000,0.000000,3,-122.5,-122.5,0,0,
05/14/2026,10:50:39:850,0.000000,0.000000,4,-122.41,-122.41,0,0,
05/14/2026,10:50:39:904,0.000000,0.000000,5,-72.39,-72.39,0,0,
05/14/2026,10:50:39:990,0.000000,0.000000,2,-122.36,-122.36,0,0,
05/14/2026,10:50:40:045,0.000000,0.000000,3,-121.81,-121.81,0,0,
05/14/2026,10:50:40:094,0.000000,0.000000,4,-122.63,-122.63,0,0,
05/14/2026,10:50:40:146,0.000000,0.000000,5,-66.59,-66.59,0,0,
05/14/2026,10:50:40:234,0.000000,0.000000,2,-123.98,-123.98,0,0,
05/14/2026,10:50:40:287,0.000000,0.000000,3,-120.92,-120.92,0,0,
05/14/2026,10:50:40:348,0.000000,0.000000,4,-123.74,-123.74,0,0,
05/14/2026,10:50:40:416,0.000000,0.000000,5,-69.96,-69.96,0,0,
05/14/2026,10:50:40:529,0.000000,0.000000,2,-121.2,-121.2,0,0,
05/14/2026,10:50:40:533,0.000000,0.000000,3,-121.54,-121.54,0,0,
05/14/2026,10:50:40:587,0.000000,0.000000,4,-122.68,-122.68,0,0,
05/14/2026,10:50:40:658,0.000000,0.000000,5,-73.9,-73.9,0,0,
05/14/2026,10:50:40:726,0.000000,0.000000,2,-123.06,-123.06,0,0,
05/14/2026,10:50:40:776,0.000000,0.000000,3,-122.5,-122.5,0,0,
05/14/2026,10:50:40:828,0.000000,0.000000,4,-123.92,-123.92,0,0,
05/14/2026,10:50:40:886,0.000000,0.000000,5,-68.61,-68.61,0,0,
05/14/2026,10:50:40:969,0.000000,0.000000,2,-125.96,-125.96,0,0,
05/14/2026,10:50:41:022,0.000000,0.000000,3,-122.49,-122.49,0,0,
05/14/2026,10:50:41:076,0.000000,0.000000,4,-122.16,-122.16,0,0,
05/14/2026,10:50:41:128,0.000000,0.000000,5,-81.99,-81.99,0,0,
05/14/2026,10:50:41:217,0.000000,0.000000,2,-122.92,-122.92,0,0,
05/14/2026,10:50:41:266,0.000000,0.000000,3,-122.91,-122.91,0,0,
05/14/2026,10:50:41:318,0.000000,0.000000,4,-122.05,-122.05,0,0,
05/14/2026,10:50:41:374,0.000000,0.000000,5,-70.72,-70.72,0,0,
05/14/2026,10:50:41:459,0.000000,0.000000,2,-120.4,-120.4,0,0,
05/14/2026,10:50:41:511,0.000000,0.000000,3,-122.12,-122.12,0,0,
05/14/2026,10:50:41:565,0.000000,0.000000,4,-121.85,-121.85,0,0,
05/14/2026,10:50:41:623,0.000000,0.000000,5,-73.51,-73.51,0,0,
05/14/2026,10:50:41:704,0.000000,0.000000,2,-124.35,-124.35,0,0,
05/14/2026,10:50:42:018,0.000000,0.000000,3,-125.66,-125.66,0,0,
05/14/2026,10:50:42:026,0.000000,0.000000,4,-123.05,-123.05,0,0,
05/14/2026,10:50:42:034,0.000000,0.000000,5,-67.65,-67.65,0,0,
05/14/2026,10:50:42:058,0.000000,0.000000,2,-123.06,-123.06,0,0,
05/14/2026,10:50:42:073,0.000000,0.000000,3,-121.13,-121.13,0,0,
05/14/2026,10:50:42:090,0.000000,0.000000,4,-125.64,-125.64,0,0,
05/14/2026,10:50:42:108,0.000000,0.000000,5,-71,-71,0,0,
05/14/2026,10:50:42:192,0.000000,0.000000,2,-121.83,-121.83,0,0,
05/14/2026,10:50:42:252,0.000000,0.000000,3,-122.74,-122.74,0,0,
05/14/2026,10:50:42:300,0.000000,0.000000,4,-124.7,-124.7,0,0,
05/14/2026,10:50:42:372,0.000000,0.000000,5,-70.68,-70.68,0,0,
05/14/2026,10:50:42:444,0.000000,0.000000,2,-125.86,-125.86,0,0,
05/14/2026,10:50:42:505,0.000000,0.000000,3,-122.53,-122.53,0,0,
05/14/2026,10:50:42:546,0.000000,0.000000,4,-121.67,-121.67,0,0,
05/14/2026,10:50:42:598,0.000000,0.000000,5,-75.44,-75.44,0,0,
05/14/2026,10:50:42:684,0.000000,0.000000,2,-122.6,-122.6,0,0,
05/14/2026,10:50:42:739,0.000000,0.000000,3,-123.03,-123.03,0,0,
05/14/2026,10:50:42:790,0.000000,0.000000,4,-124.73,-124.73,0,0,
05/14/2026,10:50:42:840,0.000000,0.000000,5,-70.89,-70.89,0,0,
05/14/2026,10:50:42:927,0.000000,0.000000,2,-122.67,-122.67,0,0,
05/14/2026,10:50:42:979,0.000000,0.000000,3,-122.29,-122.29,0,0,
05/14/2026,10:50:43:036,0.000000,0.000000,4,-124.43,-124.43,0,0,
05/14/2026,10:50:43:087,0.000000,0.000000,5,-71.17,-71.17,0,0,
05/14/2026,10:50:43:181,0.000000,0.000000,2,-121.34,-121.34,0,0,
05/14/2026,10:50:43:227,0.000000,0.000000,3,-121.55,-121.55,0,0,
05/14/2026,10:50:43:278,0.000000,0.000000,4,-122.34,-122.34,0,0,
05/14/2026,10:50:43:330,0.000000,0.000000,5,-65.59,-65.59,0,0,
05/14/2026,10:50:43:416,0.000000,0.000000,2,-123.02,-123.02,0,0,
05/14/2026,10:50:43:475,0.000000,0.000000,3,-123.71,-123.71,0,0,
05/14/2026,10:50:43:524,0.000000,0.000000,4,-122.3,-122.3,0,0,
05/14/2026,10:50:43:575,0.000000,0.000000,5,-69.54,-69.54,0,0,
05/14/2026,10:50:43:665,0.000000,0.000000,2,-121.73,-121.73,0,0,
05/14/2026,10:50:43:713,0.000000,0.000000,3,-121.65,-121.65,0,0,
05/14/2026,10:50:43:767,0.000000,0.000000,4,-122.43,-122.43,0,0,
05/14/2026,10:50:43:820,0.000000,0.000000,5,-67.87,-67.87,0,0,
05/14/2026,10:50:43:911,0.000000,0.000000,2,-121.55,-121.55,0,0,
05/14/2026,10:50:43:960,0.000000,0.000000,3,-122.11,-122.11,0,0,
05/14/2026,10:50:44:013,0.000000,0.000000,4,-122.13,-122.13,0,0,
05/14/2026,10:50:44:067,0.000000,0.000000,5,-66.82,-66.82,0,0,
05/14/2026,10:50:44:204,0.000000,0.000000,2,-120.56,-120.56,0,0,
05/14/2026,10:50:44:210,0.000000,0.000000,3,-120.81,-120.81,0,0,
05/14/2026,10:50:44:277,0.000000,0.000000,4,-120.4,-120.4,0,0,
05/14/2026,10:50:44:365,0.000000,0.000000,5,-72.34,-72.34,0,0,
05/14/2026,10:50:44:419,0.000000,0.000000,2,-122.94,-122.94,0,0,
05/14/2026,10:50:44:501,0.000000,0.000000,3,-123.3,-123.3,0,0,
05/14/2026,10:50:44:526,0.000000,0.000000,4,-120.84,-120.84,0,0,
05/14/2026,10:50:44:559,0.000000,0.000000,5,-71,-71,0,0,
05/14/2026,10:50:44:643,0.000000,0.000000,2,-121.74,-121.74,0,0,
05/14/2026,10:50:44:700,0.000000,0.000000,3,-121.28,-121.28,0,0,
05/14/2026,10:50:44:747,0.000000,0.000000,4,-122.57,-122.57,0,0,
05/14/2026,10:50:44:802,0.000000,0.000000,5,-70.43,-70.43,0,0,
05/14/2026,10:50:44:886,0.000000,0.000000,2,-122.61,-122.61,0,0,
05/14/2026,10:50:44:940,0.000000,0.000000,3,-122.18,-122.18,0,0,
05/14/2026,10:50:44:992,0.000000,0.000000,4,-124.03,-124.03,0,0,
05/14/2026,10:50:45:045,0.000000,0.000000,5,-74.28,-74.28,0,0,
05/14/2026,10:50:45:131,0.000000,0.000000,2,-122.77,-122.77,0,0,
05/14/2026,10:50:45:184,0.000000,0.000000,3,-122.99,-122.99,0,0,
05/14/2026,10:50:45:238,0.000000,0.000000,4,-122.3,-122.3,0,0,
05/14/2026,10:50:45:290,0.000000,0.000000,5,-71.49,-71.49,0,0,
05/14/2026,10:50:45:394,0.000000,0.000000,2,-120.76,-120.76,0,0,
05/14/2026,10:50:45:434,0.000000,0.000000,3,-124.14,-124.14,0,0,
05/14/2026,10:50:45:481,0.000000,0.000000,4,-120.49,-120.49,0,0,
05/14/2026,10:50:45:535,0.000000,0.000000,5,-74.8,-74.8,0,0,
05/14/2026,10:50:45:627,0.000000,0.000000,2,-121.01,-121.01,0,0,
05/14/2026,10:50:45:675,0.000000,0.000000,3,-123.7,-123.7,0,0,
05/14/2026,10:50:45:729,0.000000,0.000000,4,-122.52,-122.52,0,0,
05/14/2026,10:50:45:779,0.000000,0.000000,5,-74.02,-74.02,0,0,
05/14/2026,10:50:45:867,0.000000,0.000000,2,-121.49,-121.49,0,0,
05/14/2026,10:50:45:919,0.000000,0.000000,3,-122.01,-122.01,0,0,
05/14/2026,10:50:45:998,0.000000,0.000000,4,-120.76,-120.76,0,0,
05/14/2026,10:50:46:070,0.000000,0.000000,5,-76.75,-76.75,0,0,
05/14/2026,10:50:46:156,0.000000,0.000000,2,-124.91,-124.91,0,0,
05/14/2026,10:50:46:175,0.000000,0.000000,3,-125.45,-125.45,0,0,
05/14/2026,10:50:46:261,0.000000,0.000000,4,-122.49,-122.49,0,0,
05/14/2026,10:50:46:270,0.000000,0.000000,5,-71.84,-71.84,0,0,
05/14/2026,10:50:46:358,0.000000,0.000000,2,-123.81,-123.81,0,0,
05/14/2026,10:50:46:408,0.000000,0.000000,3,-125.73,-125.73,0,0,
05/14/2026,10:50:46:461,0.000000,0.000000,4,-124.35,-124.35,0,0,
05/14/2026,10:50:46:515,0.000000,0.000000,5,-77.04,-77.04,0,0,
05/14/2026,10:50:46:606,0.000000,0.000000,2,-123.78,-123.78,0,0,
05/14/2026,10:50:46:657,0.000000,0.000000,3,-123.96,-123.96,0,0,
05/14/2026,10:50:46:706,0.000000,0.000000,4,-122.63,-122.63,0,0,
05/14/2026,10:50:46:764,0.000000,0.000000,5,-72.98,-72.98,0,0,
05/14/2026,10:50:46:845,0.000000,0.000000,2,-125.38,-125.38,0,0,
05/14/2026,10:50:46:903,0.000000,0.000000,3,-120.72,-120.72,0,0,
05/14/2026,10:50:46:951,0.000000,0.000000,4,-122.93,-122.93,0,0,
05/14/2026,10:50:47:003,0.000000,0.000000,5,-73.35,-73.35,0,0,
05/14/2026,10:50:47:334,0.000000,0.000000,2,-121.73,-121.73,0,0,
05/14/2026,10:50:47:353,0.000000,0.000000,3,-122.64,-122.64,0,0,
05/14/2026,10:50:47:364,0.000000,0.000000,4,-125.94,-125.94,0,0,
05/14/2026,10:50:47:379,0.000000,0.000000,5,-74.65,-74.65,0,0,
05/14/2026,10:50:47:401,0.000000,0.000000,2,-105.74,-105.74,0,0,
05/14/2026,10:50:47:413,0.000000,0.000000,3,-122.12,-122.12,0,0,
05/14/2026,10:50:47:447,0.000000,0.000000,4,-121.91,-121.91,0,0,
05/14/2026,10:50:47:492,0.000000,0.000000,5,-72.91,-72.91,0,0,
05/14/2026,10:50:47:581,0.000000,0.000000,2,-122.79,-122.79,0,0,
05/14/2026,10:50:47:636,0.000000,0.000000,3,-123.46,-123.46,0,0,
05/14/2026,10:50:47:685,0.000000,0.000000,4,-120.99,-120.99,0,0,
05/14/2026,10:50:47:762,0.000000,0.000000,5,-80.59,-80.59,0,0,
05/14/2026,10:50:47:845,0.000000,0.000000,2,-123.44,-123.44,0,0,
05/14/2026,10:50:47:880,0.000000,0.000000,3,-122.38,-122.38,0,0,
05/14/2026,10:50:47:958,0.000000,0.000000,4,-122.44,-122.44,0,0,
05/14/2026,10:50:48:042,0.000000,0.000000,5,-81.42,-81.42,0,0,
05/14/2026,10:50:48:099,0.000000,0.000000,2,-122.07,-122.07,0,0,
05/14/2026,10:50:48:122,0.000000,0.000000,3,-124.25,-124.25,0,0,
05/14/2026,10:50:48:173,0.000000,0.000000,4,-120.25,-120.25,0,0,
05/14/2026,10:50:48:234,0.000000,0.000000,5,-84.34,-84.34,0,0,
05/14/2026,10:50:48:316,0.000000,0.000000,2,-121.13,-121.13,0,0,
05/14/2026,10:50:48:366,0.000000,0.000000,3,-123.3,-123.3,0,0,
05/14/2026,10:50:48:419,0.000000,0.000000,4,-122.54,-122.54,0,0,
05/14/2026,10:50:48:477,0.000000,0.000000,5,-86.01,-86.01,0,0,
05/14/2026,10:50:48:559,0.000000,0.000000,2,-123.05,-123.05,0,0,
05/14/2026,10:50:48:621,0.000000,0.000000,3,-124.4,-124.4,0,0,
05/14/2026,10:50:48:663,0.000000,0.000000,4,-123.36,-123.36,0,0,
05/14/2026,10:50:48:717,0.000000,0.000000,5,-92.16,-92.16,0,0,
05/14/2026,10:50:48:805,0.000000,0.000000,2,-123.43,-123.43,0,0,
05/14/2026,10:50:48:859,0.000000,0.000000,3,-122.77,-122.77,0,0,
05/14/2026,10:50:48:909,0.000000,0.000000,4,-122.27,-122.27,0,0,
05/14/2026,10:50:48:964,0.000000,0.000000,5,-90.08,-90.08,0,0,
05/14/2026,10:50:49:051,0.000000,0.000000,2,-122.14,-122.14,0,0,
05/14/2026,10:50:49:103,0.000000,0.000000,3,-121.25,-121.25,0,0,
05/14/2026,10:50:49:154,0.000000,0.000000,4,-124.33,-124.33,0,0,
05/14/2026,10:50:49:209,0.000000,0.000000,5,-91.69,-91.69,0,0,
05/14/2026,10:50:49:308,0.000000,0.000000,2,-120.85,-120.85,0,0,
05/14/2026,10:50:49:348,0.000000,0.000000,3,-125.31,-125.31,0,0,
05/14/2026,10:50:49:400,0.000000,0.000000,4,-123.65,-123.65,0,0,
05/14/2026,10:50:49:456,0.000000,0.000000,5,-85.53,-85.53,0,0,
05/14/2026,10:50:49:540,0.000000,0.000000,2,-122.19,-122.19,0,0,
05/14/2026,10:50:49:607,0.000000,0.000000,3,-121.79,-121.79,0,0,
05/14/2026,10:50:49:671,0.000000,0.000000,4,-120.29,-120.29,0,0,
05/14/2026,10:50:49:755,0.000000,0.000000,5,-93.26,-93.26,0,0,
05/14/2026,10:50:49:831,0.000000,0.000000,2,-124.84,-124.84,0,0,
05/14/2026,10:50:49:851,0.000000,0.000000,3,-123.41,-123.41,0,0,
05/14/2026,10:50:49:893,0.000000,0.000000,4,-123.93,-123.93,0,0,
05/14/2026,10:50:49:981,0.000000,0.000000,5,-91.36,-91.36,0,0,
05/14/2026,10:50:50:034,0.000000,0.000000,2,-122.54,-122.54,0,0,
05/14/2026,10:50:50:082,0.000000,0.000000,3,-126.13,-126.13,0,0,
05/14/2026,10:50:50:136,0.000000,0.000000,4,-121.73,-121.73,0,0,
05/14/2026,10:50:50:187,0.000000,0.000000,5,-86.47,-86.47,0,0,
05/14/2026,10:50:50:273,0.000000,0.000000,2,-123.82,-123.82,0,0,
05/14/2026,10:50:50:327,0.000000,0.000000,3,-123.28,-123.28,0,0,
05/14/2026,10:50:50:380,0.000000,0.000000,4,-124.33,-124.33,0,0,
05/14/2026,10:50:50:438,0.000000,0.000000,5,-86.97,-86.97,0,0,
05/14/2026,10:50:50:520,0.000000,0.000000,2,-123.6,-123.6,0,0,
05/14/2026,10:50:50:586,0.000000,0.000000,3,-122.3,-122.3,0,0,
05/14/2026,10:50:50:623,0.000000,0.000000,4,-123.13,-123.13,0,0,
05/14/2026,10:50:50:676,0.000000,0.000000,5,-91.13,-91.13,0,0,
05/14/2026,10:50:50:764,0.000000,0.000000,2,-122.64,-122.64,0,0,
05/14/2026,10:50:50:823,0.000000,0.000000,3,-121.2,-121.2,0,0,
05/14/2026,10:50:50:869,0.000000,0.000000,4,-123.77,-123.77,0,0,
05/14/2026,10:50:50:922,0.000000,0.000000,5,-84.38,-84.38,0,0,
05/14/2026,10:50:51:008,0.000000,0.000000,2,-122.84,-122.84,0,0,
05/14/2026,10:50:51:060,0.000000,0.000000,3,-123.39,-123.39,0,0,
05/14/2026,10:50:51:114,0.000000,0.000000,4,-122.64,-122.64,0,0,
