Date,Time,Latitude,Longitude,Channel,RSSI,Adjusted Value,Antenna Gain,Cable Loss
09/21/2026,09:04:12:194,0.000000,0.000000,1,-116.8,-116.8,0,0,
09/21/2026,09:04:12:242,0.000000,0.000000,2,-124.52,-124.52,0,0,
09/21/2026,09:04:12:295,0.000000,0.000000,1,-120.71,-120.71,0,0,
09/21/2026,09:04:12:311,0.000000,0.000000,3,-125.21,-125.21,0,0,
09/21/2026,09:04:12:361,0.000000,0.000000,4,-94.99,-94.99,0,0,
09/21/2026,09:04:12:379,0.000000,0.000000,2,-124.15,-124.15,0,0,
09/21/2026,09:04:12:449,0.000000,0.000000,1,-119.7,-119.7,0,0,
09/21/2026,09:04:12:484,0.000000,0.000000,3,-122.97,-122.97,0,0,
09/21/2026,09:04:12:534,0.000000,0.000000,4,-99.46,-99.46,0,0,
09/21/2026,09:04:12:605,0.000000,0.000000,2,-123.16,-123.16,0,0,
09/21/2026,09:04:12:678,0.000000,0.000000,1,-118.15,-118.15,0,0,
09/21/2026,09:04:12:723,0.000000,0.000000,3,-123.36,-123.36,0,0,
09/21/2026,09:04:12:756,0.000000,0.000000,4,-98.69,-98.69,0,0,
09/21/2026,09:04:12:791,0.000000,0.000000,2,-124.16,-124.16,0,0,
09/21/2026,09:04:12:872,0.000000,0.000000,1,-117.97,-117.97,0,0,
09/21/2026,09:04:12:907,0.000000,0.000000,3,-124.08,-124.08,0,0,
09/21/2026,09:04:12:960,0.000000,0.000000,4,-95.03,-95.03,0,0,
09/21/2026,09:04:12:991,0.000000,0.000000,2,-122.34,-122.34,0,0,
09/21/2026,09:04:13:085,0.000000,0.000000,1,-120.78,-120.78,0,0,
09/21/2026,09:04:13:115,0.000000,0.000000,3,-124.32,-124.32,0,0,
09/21/2026,09:04:13:179,0.000000,0.000000,4,-98.9,-98.9,0,0,
09/21/2026,09:04:13:211,0.000000,0.000000,2,-122.24,-122.24,0,0,
09/21/2026,09:04:13:295,0.000000,0.000000,1,-117.6,-117.6,0,0,
09/21/2026,09:04:13:328,0.000000,0.000000,3,-125.67,-125.67,0,0,
09/21/2026,09:04:13:384,0.000000,0.000000,4,-97.78,-97.78,0,0,
09/21/2026,09:04:13:417,0.000000,0.000000,2,-123.65,-123.65,0,0,
09/21/2026,09:04:13:507,0.000000,0.000000,1,-118.4,-118.4,0,0,
09/21/2026,09:04:13:543,0.000000,0.000000,3,-124.17,-124.17,0,0,
09/21/2026,09:04:13:588,0.000000,0.000000,4,-95.48,-95.48,0,0,
09/21/2026,09:04:13:626,0.000000,0.000000,2,-122.31,-122.31,0,0,
09/21/2026,09:04:13:715,0.000000,0.000000,1,-116.98,-116.98,0,0,
09/21/2026,09:04:13:748,0.000000,0.000000,3,-125,-125,0,0,
09/21/2026,09:04:13:809,0.000000,0.000000,4,-99.46,-99.46,0,0,
09/21/2026,09:04:13:838,0.000000,0.000000,2,-121.24,-121.24,0,0,
09/21/2026,09:04:13:926,0.000000,0.000000,1,-117.74,-117.74,0,0,
09/21/2026,09:04:13:961,0.000000,0.000000,3,-121.71,-121.71,0,0,
09/21/2026,09:04:14:011,0.000000,0.000000,4,-98.36,-98.36,0,0,
09/21/2026,09:04:14:049,0.000000,0.000000,2,-122.81,-122.81,0,0,
09/21/2026,09:04:14:139,0.000000,0.000000,1,-119.27,-119.27,0,0,
09/21/2026,09:04:14:171,0.000000,0.000000,3,-126.9,-126.9,0,0,
09/21/2026,09:04:14:228,0.000000,0.000000,4,-95.7,-95.7,0,0,
09/21/2026,09:04:14:257,0.000000,0.000000,2,-125.75,-125.75,0,0,
09/21/2026,09:04:14:351,0.000000,0.000000,1,-119.51,-119.51,0,0,
09/21/2026,09:04:14:385,0.000000,0.000000,3,-122.63,-122.63,0,0,
09/21/2026,09:04:14:436,0.000000,0.000000,4,-96.6,-96.6,0,0,
09/21/2026,09:04:14:479,0.000000,0.000000,2,-125.25,-125.25,0,0,
09/21/2026,09:04:14:558,0.000000,0.000000,1,-119.46,-119.46,0,0,
09/21/2026,09:04:14:597,0.000000,0.000000,3,-125.41,-125.41,0,0,
09/21/2026,09:04:14:656,0.000000,0.000000,4,-96.19,-96.19,0,0,
09/21/2026,09:04:14:690,0.000000,0.000000,2,-123.46,-123.46,0,0,
09/21/2026,09:04:14:775,0.000000,0.000000,1,-118.84,-118.84,0,0,
09/21/2026,09:04:14:856,0.000000,0.000000,3,-121.6,-121.6,0,0,
09/21/2026,09:04:14:866,0.000000,0.000000,4,-104.95,-104.95,0,0,
09/21/2026,09:04:14:908,0.000000,0.000000,2,-124.76,-124.76,0,0,
09/21/2026,09:04:14:987,0.000000,0.000000,1,-120.33,-120.33,0,0,
09/21/2026,09:04:15:019,0.000000,0.000000,3,-126.56,-126.56,0,0,
09/21/2026,09:04:15:067,0.000000,0.000000,4,-98.05,-98.05,0,0,
09/21/2026,09:04:15:103,0.000000,0.000000,2,-121.72,-121.72,0,0,
09/21/2026,09:04:15:202,0.000000,0.000000,1,-118.79,-118.79,0,0,
09/21/2026,09:04:15:234,0.000000,0.000000,3,-122.91,-122.91,0,0,
09/21/2026,09:04:15:287,0.000000,0.000000,4,-97.36,-97.36,0,0,
09/21/2026,09:04:15:319,0.000000,0.000000,2,-124.94,-124.94,0,0,
09/21/2026,09:04:15:406,0.000000,0.000000,1,-117.28,-117.28,0,0,
09/21/2026,09:04:15:453,0.000000,0.000000,3,-123.63,-123.63,0,0,
09/21/2026,09:04:15:494,0.000000,0.000000,4,-97.41,-97.41,0,0,
09/21/2026,09:04:15:526,0.000000,0.000000,2,-123.34,-123.34,0,0,
09/21/2026,09:04:15:613,0.000000,0.000000,1,-119.25,-119.25,0,0,
09/21/2026,09:04:15:648,0.000000,0.000000,3,-125.08,-125.08,0,0,
09/21/2026,09:04:15:715,0.000000,0.000000,4,-97.23,-97.23,0,0,
09/21/2026,09:04:15:740,0.000000,0.000000,2,-124.89,-124.89,0,0,
09/21/2026,09:04:15:828,0.000000,0.000000,1,-121.2,-121.2,0,0,
09/21/2026,09:04:15:857,0.000000,0.000000,3,-123.17,-123.17,0,0,
09/21/2026,09:04:15:913,0.000000,0.000000,4,-92.48,-92.48,0,0,
09/21/2026,09:04:15:951,0.000000,0.000000,2,-121.82,-121.82,0,0,
09/21/2026,09:05:01:612,0.000000,0.000000,1,-123.1,-123.1,0,0,
09/21/2026,09:05:01:639,0.000000,0.000000,3,-124.16,-124.16,0,0,
09/21/2026,09:05:01:691,0.000000,0.000000,4,-102.8,-102.8,0,0,
09/21/2026,09:05:01:725,0.000000,0.000000,2,-123.88,-123.88,0,0,
09/21/2026,09:05:01:817,0.000000,0.000000,1,-120.27,-120.27,0,0,
09/21/2026,09:05:01:858,0.000000,0.000000,3,-124.16,-124.16,0,0,
09/21/2026,09:05:01:903,0.000000,0.000000,4,-99.33,-99.33,0,0,
09/21/2026,09:05:01:939,0.000000,0.000000,2,-122.99,-122.99,0,0,
09/21/2026,09:05:02:030,0.000000,0.000000,1,-121.08,-121.08,0,0,
09/21/2026,09:05:02:062,0.000000,0.000000,3,-124.11,-124.11,0,0,
09/21/2026,09:05:02:112,0.000000,0.000000,4,-100.66,-100.66,0,0,
09/21/2026,09:05:02:148,0.000000,0.000000,2,-124.02,-124.02,0,0,
09/21/2026,09:05:02:245,0.000000,0.000000,1,-121.03,-121.03,0,0,
09/21/2026,09:05:02:275,0.000000,0.000000,3,-123.46,-123.46,0,0,
09/21/2026,09:05:02:364,0.000000,0.000000,4,-101.87,-101.87,0,0,
09/21/2026,09:05:02:366,0.000000,0.000000,2,-124.57,-124.57,0,0,
09/21/2026,09:05:02:449,0.000000,0.000000,1,-118.52,-118.52,0,0,
09/21/2026,09:05:02:488,0.000000,0.000000,3,-124.05,-124.05,0,0,
09/21/2026,09:05:02:534,0.000000,0.000000,4,-98.79,-98.79,0,0,
09/21/2026,09:05:02:568,0.000000,0.000000,2,-123.12,-123.12,0,0,
09/21/2026,09:05:02:661,0.000000,0.000000,1,-120.45,-120.45,0,0,
09/21/2026,09:05:02:696,0.000000,0.000000,3,-125.45,-125.45,0,0,
09/21/2026,09:05:02:748,0.000000,0.000000,4,-94.63,-94.63,0,0,
09/21/2026,09:05:02:792,0.000000,0.000000,2,-123.19,-123.19,0,0,
09/21/2026,09:05:02:869,0.000000,0.000000,1,-118.85,-118.85,0,0,
09/21/2026,09:05:02:908,0.000000,0.000000,3,-125.84,-125.84,0,0,
09/21/2026,09:05:02:967,0.000000,0.000000,4,-103.98,-103.98,0,0,
09/21/2026,09:05:02:993,0.000000,0.000000,2,-124.99,-124.99,0,0,
09/21/2026,09:05:03:083,0.000000,0.000000,1,-120.89,-120.89,0,0,
09/21/2026,09:05:03:115,0.000000,0.000000,3,-124.82,-124.82,0,0,
09/21/2026,09:05:03:168,0.000000,0.000000,4,-107.06,-107.06,0,0,
09/21/2026,09:05:03:202,0.000000,0.000000,2,-124.85,-124.85,0,0,
09/21/2026,09:05:03:311,0.000000,0.000000,1,-120.62,-120.62,0,0,
09/21/2026,09:05:03:353,0.000000,0.000000,3,-126,-126,0,0,
09/21/2026,09:05:03:398,0.000000,0.000000,4,-105.86,-105.86,0,0,
09/21/2026,09:05:03:448,0.000000,0.000000,2,-124.51,-124.51,0,0,
09/21/2026,09:05:03:502,0.000000,0.000000,1,-118.36,-118.36,0,0,
09/21/2026,09:05:03:550,0.000000,0.000000,3,-123.81,-123.81,0,0,
09/21/2026,09:05:03:587,0.000000,0.000000,4,-92.78,-92.78,0,0,
09/21/2026,09:05:03:645,0.000000,0.000000,2,-124.5,-124.5,0,0,
09/21/2026,09:05:03:713,0.000000,0.000000,1,-119.5,-119.5,0,0,
09/21/2026,09:05:03:749,0.000000,0.000000,3,-124.79,-124.79,0,0,
09/21/2026,09:05:03:799,0.000000,0.000000,4,-98.53,-98.53,0,0,
09/21/2026,09:05:03:843,0.000000,0.000000,2,-124.44,-124.44,0,0,
09/21/2026,09:05:03:929,0.000000,0.000000,1,-118.7,-118.7,0,0,
09/21/2026,09:05:03:966,0.000000,0.000000,3,-124.75,-124.75,0,0,
09/21/2026,09:05:04:107,0.000000,0.000000,4,-96.85,-96.85,0,0,
09/21/2026,09:05:04:114,0.000000,0.000000,2,-125.01,-125.01,0,0,
09/21/2026,09:05:04:144,0.000000,0.000000,1,-119.52,-119.52,0,0,
09/21/2026,09:05:04:180,0.000000,0.000000,3,-124.57,-124.57,0,0,
09/21/2026,09:05:04:243,0.000000,0.000000,4,-96.85,-96.85,0,0,
09/21/2026,09:05:04:256,0.000000,0.000000,2,-124.05,-124.05,0,0,
09/21/2026,09:05:04:348,0.000000,0.000000,1,-119.2,-119.2,0,0,
09/21/2026,09:05:04:393,0.000000,0.000000,3,-125.27,-125.27,0,0,
09/21/2026,09:05:04:433,0.000000,0.000000,4,-103.02,-103.02,0,0,
09/21/2026,09:05:04:467,0.000000,0.000000,2,-124.13,-124.13,0,0,
09/21/2026,09:05:04:563,0.000000,0.000000,1,-119.63,-119.63,0,0,
09/21/2026,09:05:04:595,0.000000,0.000000,3,-122.06,-122.06,0,0,
09/21/2026,09:05:04:647,0.000000,0.000000,4,-94.99,-94.99,0,0,
09/21/2026,09:05:04:693,0.000000,0.000000,2,-124.15,-124.15,0,0,
09/21/2026,09:05:04:768,0.000000,0.000000,1,-121.17,-121.17,0,0,
09/21/2026,09:05:04:821,0.000000,0.000000,3,-126.54,-126.54,0,0,
09/21/2026,09:05:04:859,0.000000,0.000000,4,-95.89,-95.89,0,0,
09/21/2026,09:05:04:915,0.000000,0.000000,2,-124.81,-124.81,0,0,
09/21/2026,09:05:04:993,0.000000,0.000000,1,-120.53,-120.53,0,0,
09/21/2026,09:05:05:015,0.000000,0.000000,3,-125.52,-125.52,0,0,
09/21/2026,09:05:05:064,0.000000,0.000000,4,-99.45,-99.45,0,0,
09/21/2026,09:05:05:104,0.000000,0.000000,2,-124.53,-124.53,0,0,
09/21/2026,09:05:05:189,0.000000,0.000000,1,-120.63,-120.63,0,0,
09/21/2026,09:05:05:228,0.000000,0.000000,3,-123.32,-123.32,0,0,
09/21/2026,09:05:05:290,0.000000,0.000000,4,-99.44,-99.44,0,0,
09/21/2026,09:05:05:332,0.000000,0.000000,2,-123.29,-123.29,0,0,
09/21/2026,09:05:05:419,0.000000,0.000000,1,-119.34,-119.34,0,0,
09/21/2026,09:05:05:467,0.000000,0.000000,3,-124.98,-124.98,0,0,
09/21/2026,09:05:05:512,0.000000,0.000000,4,-106.46,-106.46,0,0,
09/21/2026,09:05:05:523,0.000000,0.000000,2,-125.35,-125.35,0,0,
09/21/2026,09:05:05:615,0.000000,0.000000,1,-118.68,-118.68,0,0,
09/21/2026,09:05:05:646,0.000000,0.000000,3,-122.91,-122.91,0,0,
09/21/2026,09:05:05:710,0.000000,0.000000,4,-107.38,-107.38,0,0,
09/21/2026,09:05:05:737,0.000000,0.000000,2,-124.58,-124.58,0,0,
09/21/2026,09:05:05:822,0.000000,0.000000,1,-119.17,-119.17,0,0,
09/21/2026,09:05:05:859,0.000000,0.000000,3,-124.41,-124.41,0,0,
09/21/2026,09:05:05:916,0.000000,0.000000,4,-96.74,-96.74,0,0,
09/21/2026,09:05:05:946,0.000000,0.000000,2,-125.39,-125.39,0,0,
09/21/2026,09:05:06:032,0.000000,0.000000,1,-120.13,-120.13,0,0,
09/21/2026,09:05:06:069,0.000000,0.000000,3,-124.46,-124.46,0,0,
09/21/2026,09:05:06:129,0.000000,0.000000,4,-103.25,-103.25,0,0,
09/21/2026,09:05:06:157,0.000000,0.000000,2,-122.15,-122.15,0,0,
09/21/2026,09:05:06:244,0.000000,0.000000,1,-118.27,-118.27,0,0,
09/21/2026,09:05:06:282,0.000000,0.000000,3,-124.28,-124.28,0,0,
09/21/2026,09:05:06:330,0.000000,0.000000,4,-92.83,-92.83,0,0,
09/21/2026,09:05:06:372,0.000000,0.000000,2,-124.04,-124.04,0,0,
09/21/2026,09:05:06:454,0.000000,0.000000,1,-121.03,-121.03,0,0,
09/21/2026,09:05:06:494,0.000000,0.000000,3,-124.59,-124.59,0,0,
09/21/2026,09:05:06:543,0.000000,0.000000,4,-95.69,-95.69,0,0,
09/21/2026,09:05:06:585,0.000000,0.000000,2,-122.16,-122.16,0,0,
09/21/2026,09:05:06:663,0.000000,0.000000,1,-121.14,-121.14,0,0,
09/21/2026,09:05:06:705,0.000000,0.000000,3,-125.2,-125.2,0,0,
09/21/2026,09:05:06:754,0.000000,0.000000,4,-98.68,-98.68,0,0,
09/21/2026,09:05:06:806,0.000000,0.000000,2,-124.08,-124.08,0,0,
09/21/2026,09:05:06:880,0.000000,0.000000,1,-121.9,-121.9,0,0,
09/21/2026,09:05:06:914,0.000000,0.000000,3,-123.31,-123.31,0,0,
09/21/2026,09:05:06:965,0.000000,0.000000,4,-101.63,-101.63,0,0,
09/21/2026,09:05:07:003,0.000000,0.000000,2,-124.48,-124.48,0,0,
09/21/2026,09:05:07:098,0.000000,0.000000,1,-119.92,-119.92,0,0,
09/21/2026,09:05:07:185,0.000000,0.000000,3,-126.07,-126.07,0,0,
09/21/2026,09:05:07:238,0.000000,0.000000,4,-95.58,-95.58,0,0,
09/21/2026,09:05:07:281,0.000000,0.000000,2,-124.54,-124.54,0,0,
09/21/2026,09:05:07:368,0.000000,0.000000,1,-118.35,-118.35,0,0,
09/21/2026,09:05:07:400,0.000000,0.000000,3,-122.54,-122.54,0,0,
09/21/2026,09:05:07:420,0.000000,0.000000,4,-109.94,-109.94,0,0,
09/21/2026,09:05:07:432,0.000000,0.000000,2,-126.06,-126.06,0,0,
09/21/2026,09:05:07:513,0.000000,0.000000,1,-119.14,-119.14,0,0,
09/21/2026,09:05:07:550,0.000000,0.000000,3,-122.75,-122.75,0,0,
09/21/2026,09:05:07:610,0.000000,0.000000,4,-102.34,-102.34,0,0,
09/21/2026,09:05:07:634,0.000000,0.000000,2,-123.43,-123.43,0,0,
09/21/2026,09:05:07:724,0.000000,0.000000,1,-118.88,-118.88,0,0,
09/21/2026,09:05:07:764,0.000000,0.000000,3,-125.01,-125.01,0,0,
09/21/2026,09:05:07:806,0.000000,0.000000,4,-94,-94,0,0,
09/21/2026,09:05:07:862,0.000000,0.000000,2,-124.12,-124.12,0,0,
09/21/2026,09:05:07:939,0.000000,0.000000,1,-118.38,-118.38,0,0,
09/21/2026,09:05:07:974,0.000000,0.000000,3,-126.55,-126.55,0,0,
09/21/2026,09:05:08:022,0.000000,0.000000,4,-93.68,-93.68,0,0,
09/21/2026,09:05:08:084,0.000000,0.000000,2,-125.75,-125.75,0,0,
09/21/2026,09:05:08:140,0.000000,0.000000,1,-120.04,-120.04,0,0,
09/21/2026,09:05:08:177,0.000000,0.000000,3,-124.41,-124.41,0,0,
09/21/2026,09:05:08:229,0.000000,0.000000,4,-101.54,-101.54,0,0,
09/21/2026,09:05:08:268,0.000000,0.000000,2,-125.68,-125.68,0,0,
09/21/2026,09:05:08:355,0.000000,0.000000,1,-119.01,-119.01,0,0,
09/21/2026,09:05:08:387,0.000000,0.000000,3,-126.36,-126.36,0,0,
09/21/2026,09:05:08:440,0.000000,0.000000,4,-92.08,-92.08,0,0,
09/21/2026,09:05:08:475,0.000000,0.000000,2,-123.91,-123.91,0,0,
09/21/2026,09:05:08:566,0.000000,0.000000,1,-118.24,-118.24,0,0,
09/21/2026,09:05:08:599,0.000000,0.000000,3,-123.83,-123.83,0,0,
09/21/2026,09:05:08:693,0.000000,0.000000,4,-103.28,-103.28,0,0,
09/21/2026,09:05:08:810,0.000000,0.000000,2,-124.16,-124.16,0,0,
09/21/2026,09:05:08:945,0.000000,0.000000,1,-121.05,-121.05,0,0,
09/21/2026,09:05:08:949,0.000000,0.000000,3,-124.08,-124.08,0,0,
09/21/2026,09:05:09:009,0.000000,0.000000,4,-94.17,-94.17,0,0,
09/21/2026,09:05:09:017,0.000000,0.000000,2,-123.78,-123.78,0,0,
09/21/2026,09:05:09:040,0.000000,0.000000,1,-119.7,-119.7,0,0,
09/21/2026,09:05:09:058,0.000000,0.000000,3,-125.13,-125.13,0,0,
09/21/2026,09:05:09:084,0.000000,0.000000,4,-106.44,-106.44,0,0,
09/21/2026,09:05:09:119,0.000000,0.000000,2,-125.59,-125.59,0,0,
09/21/2026,09:05:09:253,0.000000,0.000000,1,-120.18,-120.18,0,0,
09/21/2026,09:05:09:271,0.000000,0.000000,3,-126.1,-126.1,0,0,
09/21/2026,09:05:09:289,0.000000,0.000000,4,-94.84,-94.84,0,0,
09/21/2026,09:05:09:330,0.000000,0.000000,2,-122.8,-122.8,0,0,
09/21/2026,09:05:09:406,0.000000,0.000000,1,-121.75,-121.75,0,0,
09/21/2026,09:05:09:454,0.000000,0.000000,3,-123.8,-123.8,0,0,
09/21/2026,09:05:09:504,0.000000,0.000000,4,-89.75,-89.75,0,0,
09/21/2026,09:05:09:538,0.000000,0.000000,2,-123.72,-123.72,0,0,
09/21/2026,09:05:09:619,0.000000,0.000000,1,-119.03,-119.03,0,0,
09/21/2026,09:05:09:663,0.000000,0.000000,3,-122.9,-122.9,0,0,
09/21/2026,09:05:09:710,0.000000,0.000000,4,-99.39,-99.39,0,0,
09/21/2026,09:05:09:739,0.000000,0.000000,2,-120.99,-120.99,0,0,
09/21/2026,09:05:09:836,0.000000,0.000000,1,-120.97,-120.97,0,0,
09/21/2026,09:05:09:883,0.000000,0.000000,3,-122.64,-122.64,0,0,
09/21/2026,09:05:09:919,0.000000,0.000000,4,-99.89,-99.89,0,0,
09/21/2026,09:05:09:967,0.000000,0.000000,2,-124.38,-124.38,0,0,
09/21/2026,09:05:10:047,0.000000,0.000000,1,-121.48,-121.48,0,0,
09/21/2026,09:05:10:079,0.000000,0.000000,3,-124.04,-124.04,0,0,
09/21/2026,09:05:10:129,0.000000,0.000000,4,-90.24,-90.24,0,0,
09/21/2026,09:05:10:163,0.000000,0.000000,2,-123.98,-123.98,0,0,
09/21/2026,09:05:10:251,0.000000,0.000000,1,-119.41,-119.41,0,0,
09/21/2026,09:05:10:287,0.000000,0.000000,3,-124.9,-124.9,0,0,
09/21/2026,09:05:10:356,0.000000,0.000000,4,-87.29,-87.29,0,0,
09/21/2026,09:05:10:374,0.000000,0.000000,2,-125.33,-125.33,0,0,
09/21/2026,09:05:10:469,0.000000,0.000000,1,-118.93,-118.93,0,0,
09/21/2026,09:05:10:498,0.000000,0.000000,3,-125.76,-125.76,0,0,
09/21/2026,09:05:10:567,0.000000,0.000000,4,-82.2,-82.2,0,0,
09/21/2026,09:05:10:588,0.000000,0.000000,2,-123.56,-123.56,0,0,
09/21/2026,09:05:10:672,0.000000,0.000000,1,-120.06,-120.06,0,0,
09/21/2026,09:05:10:727,0.000000,0.000000,3,-123.27,-123.27,0,0,
09/21/2026,09:05:10:796,0.000000,0.000000,4,-83.48,-83.48,0,0,
09/21/2026,09:05:10:816,0.000000,0.000000,2,-123.97,-123.97,0,0,
09/21/2026,09:05:10:946,0.000000,0.000000,1,-120.52,-120.52,0,0,
09/21/2026,09:05:10:991,0.000000,0.000000,3,-125.95,-125.95,0,0,
09/21/2026,09:05:11:028,0.000000,0.000000,4,-89.92,-89.92,0,0,
09/21/2026,09:05:11:034,0.000000,0.000000,2,-125.97,-125.97,0,0,
09/21/2026,09:05:11:116,0.000000,0.000000,1,-120.1,-120.1,0,0,
09/21/2026,09:05:11:136,0.000000,0.000000,3,-123.56,-123.56,0,0,
09/21/2026,09:05:11:183,0.000000,0.000000,4,-83.77,-83.77,0,0,
09/21/2026,09:05:11:224,0.000000,0.000000,2,-124.76,-124.76,0,0,
09/21/2026,09:05:11:319,0.000000,0.000000,1,-119.81,-119.81,0,0,
09/21/2026,09:05:11:346,0.000000,0.000000,3,-125,-125,0,0,
09/21/2026,09:05:11:394,0.000000,0.000000,4,-90.59,-90.59,0,0,
09/21/2026,09:05:11:439,0.000000,0.000000,2,-121.54,-121.54,0,0,
09/21/2026,09:05:11:518,0.000000,0.000000,1,-119.96,-119.96,0,0,
09/21/2026,09:05:11:552,0.000000,0.000000,3,-124.39,-124.39,0,0,
09/21/2026,09:05:11:608,0.000000,0.000000,4,-86.12,-86.12,0,0,
09/21/2026,09:05:11:642,0.000000,0.000000,2,-123.63,-123.63,0,0,
09/21/2026,09:05:11:738,0.000000,0.000000,1,-119.67,-119.67,0,0,
09/21/2026,09:05:11:774,0.000000,0.000000,3,-126.24,-126.24,0,0,
09/21/2026,09:05:11:814,0.000000,0.000000,4,-80.97,-80.97,0,0,
09/21/2026,09:05:11:857,0.000000,0.000000,2,-122.92,-122.92,0,0,
09/21/2026,09:05:11:944,0.000000,0.000000,1,-118.29,-118.29,0,0,
09/21/2026,09:05:11:975,0.000000,0.000000,3,-123.98,-123.98,0,0,
09/21/2026,09:05:12:028,0.000000,0.000000,4,-89.04,-89.04,0,0,
09/21/2026,09:05:12:060,0.000000,0.000000,2,-123.83,-123.83,0,0,
09/21/2026,09:05:12:161,0.000000,0.000000,1,-118.43,-118.43,0,0,
09/21/2026,09:05:12:187,0.000000,0.000000,3,-124.68,-124.68,0,0,
09/21/2026,09:05:12:240,0.000000,0.000000,4,-78.79,-78.79,0,0,
09/21/2026,09:05:12:276,0.000000,0.000000,2,-123.6,-123.6,0,0,
09/21/2026,09:05:12:390,0.000000,0.000000,1,-118.35,-118.35,0,0,
09/21/2026,09:05:12:401,0.000000,0.000000,3,-125.97,-125.97,0,0,
09/21/2026,09:05:12:478,0.000000,0.000000,4,-80.06,-80.06,0,0,
09/21/2026,09:05:12:491,0.000000,0.000000,2,-122.68,-122.68,0,0,
09/21/2026,09:05:12:616,0.000000,0.000000,1,-119.38,-119.38,0,0,
09/21/2026,09:05:12:659,0.000000,0.000000,3,-124.6,-124.6,0,0,
09/21/2026,09:05:12:669,0.000000,0.000000,4,-74.52,-74.52,0,0,
09/21/2026,09:05:12:714,0.000000,0.000000,2,-122.57,-122.57,0,0,
09/21/2026,09:05:12:789,0.000000,0.000000,1,-120.15,-120.15,0,0,
09/21/2026,09:05:12:827,0.000000,0.000000,3,-123.5,-123.5,0,0,
09/21/2026,09:05:12:883,0.000000,0.000000,4,-82.75,-82.75,0,0,
09/21/2026,09:05:12:914,0.000000,0.000000,2,-124.84,-124.84,0,0,
09/21/2026,09:05:12:993,0.000000,0.000000,1,-118.71,-118.71,0,0,
09/21/2026,09:05:13:029,0.000000,0.000000,3,-123.94,-123.94,0,0,
09/21/2026,09:05:13:086,0.000000,0.000000,4,-77.35,-77.35,0,0,
09/21/2026,09:05:13:118,0.000000,0.000000,2,-122.76,-122.76,0,0,
09/21/2026,09:05:13:211,0.000000,0.000000,1,-119.45,-119.45,0,0,
09/21/2026,09:05:13:249,0.000000,0.000000,3,-124.9,-124.9,0,0,
09/21/2026,09:05:13:296,0.000000,0.000000,4,-69.06,-69.06,0,0,
09/21/2026,09:05:13:329,0.000000,0.000000,2,-126.16,-126.16,0,0,
09/21/2026,09:05:13:418,0.000000,0.000000,1,-120.77,-120.77,0,0,
09/21/2026,09:05:13:453,0.000000,0.000000,3,-122.94,-122.94,0,0,
09/21/2026,09:05:13:502,0.000000,0.000000,4,-77.2,-77.2,0,0,
09/21/2026,09:05:13:538,0.000000,0.000000,2,-122.92,-122.92,0,0,
09/21/2026,09:05:13:629,0.000000,0.000000,1,-121.2,-121.2,0,0,
09/21/2026,09:05:13:665,0.000000,0.000000,3,-125.27,-125.27,0,0,
09/21/2026,09:05:13:713,0.000000,0.000000,4,-77.41,-77.41,0,0,
09/21/2026,09:05:13:750,0.000000,0.000000,2,-124.66,-124.66,0,0,
09/21/2026,09:05:13:839,0.000000,0.000000,1,-119.37,-119.37,0,0,
09/21/2026,09:05:13:877,0.000000,0.000000,3,-125.01,-125.01,0,0,
09/21/2026,09:05:13:936,0.000000,0.000000,4,-73.27,-73.27,0,0,
09/21/2026,09:05:13:960,0.000000,0.000000,2,-124.43,-124.43,0,0,
09/21/2026,09:05:14:054,0.000000,0.000000,1,-121.07,-121.07,0,0,
09/21/2026,09:05:14:086,0.000000,0.000000,3,-123.29,-123.29,0,0,
09/21/2026,09:05:14:137,0.000000,0.000000,4,-78.87,-78.87,0,0,
09/21/2026,09:05:14:172,0.000000,0.000000,2,-125.02,-125.02,0,0,
09/21/2026,09:05:14:386,0.000000,0.000000,1,-118.07,-118.07,0,0,
09/21/2026,09:05:14:391,0.000000,0.000000,3,-121.8,-121.8,0,0,
09/21/2026,09:05:14:406,0.000000,0.000000,4,-72.24,-72.24,0,0,
09/21/2026,09:05:14:412,0.000000,0.000000,2,-123.88,-123.88,0,0,
09/21/2026,09:05:14:496,0.000000,0.000000,1,-119.52,-119.52,0,0,
09/21/2026,09:05:14:506,0.000000,0.000000,3,-124,-124,0,0,
09/21/2026,09:05:14:571,0.000000,0.000000,4,-70.73,-70.73,0,0,
09/21/2026,09:05:14:614,0.000000,0.000000,2,-125.03,-125.03,0,0,
09/21/2026,09:05:14:694,0.000000,0.000000,1,-120.72,-120.72,0,0,
09/21/2026,09:05:14:739,0.000000,0.000000,3,-124.15,-124.15,0,0,
09/21/2026,09:05:14:789,0.000000,0.000000,4,-74.81,-74.81,0,0,
09/21/2026,09:05:14:826,0.000000,0.000000,2,-122.79,-122.79,0,0,
09/21/2026,09:05:14:893,0.000000,0.000000,1,-120.29,-120.29,0,0,
09/21/2026,09:05:14:931,0.000000,0.000000,3,-123,-123,0,0,
09/21/2026,09:05:14:981,0.000000,0.000000,4,-83.77,-83.77,0,0,
09/21/2026,09:05:15:017,0.000000,0.000000,2,-123.41,-123.41,0,0,
09/21/2026,09:05:15:102,0.000000,0.000000,1,-120.19,-120.19,0,0,
09/21/2026,09:05:15:159,0.000000,0.000000,3,-123.42,-123.42,0,0,
09/21/2026,09:05:15:205,0.000000,0.000000,4,-72.67,-72.67,0,0,
09/21/2026,09:05:15:253,0.000000,0.000000,2,-117.45,-117.45,0,0,
09/21/2026,09:05:15:333,0.000000,0.000000,1,-118.67,-118.67,0,0,
09/21/2026,09:05:15:369,0.000000,0.000000,3,-122.44,-122.44,0,0,
09/21/2026,09:05:15:425,0.000000,0.000000,4,-76.93,-76.93,0,0,
09/21/2026,09:05:15:468,0.000000,0.000000,2,-112.02,-112.02,0,0,
09/21/2026,09:05:15:584,0.000000,0.000000,1,-112.13,-112.13,0,0,
09/21/2026,09:05:15:601,0.000000,0.000000,3,-123.94,-123.94,0,0,
09/21/2026,09:05:15:659,0.000000,0.000000,4,-76.3,-76.3,0,0,
09/21/2026,09:05:15:701,0.000000,0.000000,2,-122.62,-122.62,0,0,
09/21/2026,09:05:15:782,0.000000,0.000000,1,-119.7,-119.7,0,0,
09/21/2026,09:05:15:816,0.000000,0.000000,3,-122.2,-122.2,0,0,
09/21/2026,09:05:15:876,0.000000,0.000000,4,-80.22,-80.22,0,0,
09/21/2026,09:05:15:900,0.000000,0.000000,2,-122.2,-122.2,0,0,
09/21/2026,09:05:15:993,0.000000,0.000000,1,-120.48,-120.48,0,0,
09/21/2026,09:05:16:027,0.000000,0.000000,3,-124.83,-124.83,0,0,
09/21/2026,09:05:16:080,0.000000,0.000000,4,-79.19,-79.19,0,0,
09/21/2026,09:05:16:108,0.000000,0.000000,2,-122.32,-122.32,0,0,
09/21/2026,09:05:16:201,0.000000,0.000000,1,-119.81,-119.81,0,0,
09/21/2026,09:05:16:242,0.000000,0.000000,3,-123.92,-123.92,0,0,
09/21/2026,09:05:16:301,0.000000,0.000000,4,-81.69,-81.69,0,0,
09/21/2026,09:05:16:350,0.000000,0.000000,2,-124.68,-124.68,0,0,
09/21/2026,09:05:16:444,0.000000,0.000000,1,-119.57,-119.57,0,0,
09/21/2026,09:05:16:450,0.000000,0.000000,3,-123.7,-123.7,0,0,
09/21/2026,09:05:16:497,0.000000,0.000000,4,-83.31,-83.31,0,0,
09/21/2026,09:05:16:535,0.000000,0.000000,2,-123.39,-123.39,0,0,
09/21/2026,09:05:16:625,0.000000,0.000000,1,-117.1,-117.1,0,0,
09/21/2026,09:05:16:655,0.000000,0.000000,3,-125.08,-125.08,0,0,
09/21/2026,09:05:16:706,0.000000,0.000000,4,-84.76,-84.76,0,0,
09/21/2026,09:05:16:742,0.000000,0.000000,2,-122.38,-122.38,0,0,
09/21/2026,09:05:16:832,0.000000,0.000000,1,-118.24,-118.24,0,0,
09/21/2026,09:05:16:870,0.000000,0.000000,3,-119.98,-119.98,0,0,
09/21/2026,09:05:16:917,0.000000,0.000000,4,-82.18,-82.18,0,0,
09/21/2026,09:05:16:953,0.000000,0.000000,2,-123.48,-123.48,0,0,
09/21/2026,09:05:17:046,0.000000,0.000000,1,-122.45,-122.45,0,0,
09/21/2026,09:05:17:082,0.000000,0.000000,3,-125.35,-125.35,0,0,
09/21/2026,09:05:17:129,0.000000,0.000000,4,-78.54,-78.54,0,0,
09/21/2026,09:05:17:177,0.000000,0.000000,2,-124.71,-124.71,0,0,
09/21/2026,09:05:17:263,0.000000,0.000000,1,-121.53,-121.53,0,0,
09/21/2026,09:05:17:294,0.000000,0.000000,3,-123.41,-123.41,0,0,
09/21/2026,09:05:17:343,0.000000,0.000000,4,-77.74,-77.74,0,0,
09/21/2026,09:05:17:385,0.000000,0.000000,2,-125.34,-125.34,0,0,
09/21/2026,09:05:17:464,0.000000,0.000000,1,-120.3,-120.3,0,0,
09/21/2026,09:05:17:507,0.000000,0.000000,3,-124.43,-124.43,0,0,
09/21/2026,09:05:17:551,0.000000,0.000000,4,-79.09,-79.09,0,0,
09/21/2026,09:05:17:589,0.000000,0.000000,2,-124.48,-124.48,0,0,
09/21/2026,09:05:17:680,0.000000,0.000000,1,-118.21,-118.21,0,0,
09/21/2026,09:05:17:712,0.000000,0.000000,3,-124.53,-124.53,0,0,
09/21/2026,09:05:17:764,0.000000,0.000000,4,-76.5,-76.5,0,0,
09/21/2026,09:05:17:800,0.000000,0.000000,2,-124.96,-124.96,0,0,
09/21/2026,09:05:17:889,0.000000,0.000000,1,-119.91,-119.91,0,0,
09/21/2026,09:05:17:921,0.000000,0.000000,3,-126.34,-126.34,0,0,
09/21/2026,09:05:17:975,0.000000,0.000000,4,-85.34,-85.34,0,0,
09/21/2026,09:05:18:013,0.000000,0.000000,2,-123.11,-123.11,0,0,
09/21/2026,09:05:18:101,0.000000,0.000000,1,-120.36,-120.36,0,0,
09/21/2026,09:05:18:143,0.000000,0.000000,3,-123.69,-123.69,0,0,
09/21/2026,09:05:18:187,0.000000,0.000000,4,-75.35,-75.35,0,0,
09/21/2026,09:05:18:232,0.000000,0.000000,2,-123.19,-123.19,0,0,
09/21/2026,09:05:18:326,0.000000,0.000000,1,-119.65,-119.65,0,0,
09/21/2026,09:05:18:374,0.000000,0.000000,3,-124.06,-124.06,0,0,
09/21/2026,09:05:18:420,0.000000,0.000000,4,-74.84,-74.84,0,0,
09/21/2026,09:05:18:442,0.000000,0.000000,2,-124.3,-124.3,0,0,
09/21/2026,09:05:18:519,0.000000,0.000000,1,-119.89,-119.89,0,0,
09/21/2026,09:05:18:559,0.000000,0.000000,3,-123.74,-123.74,0,0,
09/21/2026,09:05:18:604,0.000000,0.000000,4,-76.29,-76.29,0,0,
09/21/2026,09:05:18:641,0.000000,0.000000,2,-123.28,-123.28,0,0,
09/21/2026,09:05:18:732,0.000000,0.000000,1,-118.89,-118.89,0,0,
09/21/2026,09:05:18:769,0.000000,0.000000,3,-126.31,-126.31,0,0,
09/21/2026,09:05:18:821,0.000000,0.000000,4,-72.75,-72.75,0,0,
09/21/2026,09:05:18:852,0.000000,0.000000,2,-124.62,-124.62,0,0,
09/21/2026,09:05:18:942,0.000000,0.000000,1,-120.67,-120.67,0,0,
09/21/2026,09:05:18:983,0.000000,0.000000,3,-124.86,-124.86,0,0,
09/21/2026,09:05:19:033,0.000000,0.000000,4,-72.87,-72.87,0,0,
09/21/2026,09:05:19:066,0.000000,0.000000,2,-122.46,-122.46,0,0,
09/21/2026,09:05:19:153,0.000000,0.000000,1,-119.83,-119.83,0,0,
09/21/2026,09:05:19:199,0.000000,0.000000,3,-125.25,-125.25,0,0,
09/21/2026,09:05:19:260,0.000000,0.000000,4,-83.29,-83.29,0,0,
09/21/2026,09:05:19:273,0.000000,0.000000,2,-123.55,-123.55,0,0,
09/21/2026,09:05:19:378,0.000000,0.000000,1,-120.51,-120.51,0,0,
09/21/2026,09:05:19:405,0.000000,0.000000,3,-125.12,-125.12,0,0,
09/21/2026,09:05:19:536,0.000000,0.000000,4,-83.71,-83.71,0,0,
09/21/2026,09:05:19:547,0.000000,0.000000,2,-122.01,-122.01,0,0,
09/21/2026,09:05:19:574,0.000000,0.000000,1,-119.01,-119.01,0,0,
09/21/2026,09:05:19:610,0.000000,0.000000,3,-123.82,-123.82,0,0,
09/21/2026,09:05:19:668,0.000000,0.000000,4,-79.12,-79.12,0,0,
09/21/2026,09:05:19:727,0.000000,0.000000,2,-123.53,-123.53,0,0,
09/21/2026,09:05:19:792,0.000000,0.000000,1,-118.98,-118.98,0,0,
09/21/2026,09:05:19:821,0.000000,0.000000,3,-123.22,-123.22,0,0,
09/21/2026,09:05:19:904,0.000000,0.000000,4,-79.24,-79.24,0,0,
09/21/2026,09:05:19:912,0.000000,0.000000,2,-122.43,-122.43,0,0,
09/21/2026,09:05:20:000,0.000000,0.000000,1,-121.83,-121.83,0,0,
09/21/2026,09:05:20:035,0.000000,0.000000,3,-125.06,-125.06,0,0,
09/21/2026,09:05:20:081,0.000000,0.000000,4,-75.2,-75.2,0,0,
09/21/2026,09:05:20:119,0.000000,0.000000,2,-124.39,-124.39,0,0,
09/21/2026,09:05:20:209,0.000000,0.000000,1,-118.89,-118.89,0,0,
09/21/2026,09:05:20:281,0.000000,0.000000,3,-123.18,-123.18,0,0,
09/21/2026,09:05:20:296,0.000000,0.000000,4,-76.18,-76.18,0,0,
09/21/2026,09:05:20:328,0.000000,0.000000,2,-124.03,-124.03,0,0,
09/21/2026,09:05:20:430,0.000000,0.000000,1,-122.94,-122.94,0,0,
09/21/2026,09:05:20:459,0.000000,0.000000,3,-124.64,-124.64,0,0,
09/21/2026,09:05:20:506,0.000000,0.000000,4,-72.31,-72.31,0,0,
09/21/2026,09:05:20:541,0.000000,0.000000,2,-122.49,-122.49,0,0,
09/21/2026,09:05:20:629,0.000000,0.000000,1,-118.59,-118.59,0,0,
09/21/2026,09:05:20:668,0.000000,0.000000,3,-124.04,-124.04,0,0,
09/21/2026,09:05:20:713,0.000000,0.000000,4,-72.36,-72.36,0,0,
09/21/2026,09:05:20:754,0.000000,0.000000,2,-123.68,-123.68,0,0,
09/21/2026,09:05:20:839,0.000000,0.000000,1,-119.4,-119.4,0,0,
09/21/2026,09:05:20:892,0.000000,0.000000,3,-123.53,-123.53,0,0,
09/21/2026,09:05:20:926,0.000000,0.000000,4,-74.67,-74.67,0,0,
09/21/2026,09:05:20:961,0.000000,0.000000,2,-121.97,-121.97,0,0,
09/21/2026,09:05:21:061,0.000000,0.000000,1,-121.13,-121.13,0,0,
09/21/2026,09:05:21:094,0.000000,0.000000,3,-122.77,-122.77,0,0,
09/21/2026,09:05:21:136,0.000000,0.000000,4,-76.38,-76.38,0,0,
09/21/2026,09:05:21:171,0.000000,0.000000,2,-122.5,-122.5,0,0,
09/21/2026,09:05:21:265,0.000000,0.000000,1,-119.39,-119.39,0,0,
09/21/2026,09:05:21:298,0.000000,0.000000,3,-122.94,-122.94,0,0,
09/21/2026,09:05:21:351,0.000000,0.000000,4,-83.58,-83.58,0,0,
09/21/2026,09:05:21:392,0.000000,0.000000,2,-123.48,-123.48,0,0,
09/21/2026,09:05:21:494,0.000000,0.000000,1,-119.53,-119.53,0,0,
09/21/2026,09:05:21:563,0.000000,0.000000,3,-123.49,-123.49,0,0,
09/21/2026,09:05:21:571,0.000000,0.000000,4,-80.43,-80.43,0,0,
09/21/2026,09:05:21:596,0.000000,0.000000,2,-123.68,-123.68,0,0,
09/21/2026,09:05:21:682,0.000000,0.000000,1,-119.71,-119.71,0,0,
09/21/2026,09:05:21:717,0.000000,0.000000,3,-123.49,-123.49,0,0,
09/21/2026,09:05:21:780,0.000000,0.000000,4,-75.14,-75.14,0,0,
09/21/2026,09:05:21:827,0.000000,0.000000,2,-125.58,-125.58,0,0,
09/21/2026,09:05:21:917,0.000000,0.000000,1,-120.07,-120.07,0,0,
09/21/2026,09:05:21:957,0.000000,0.000000,3,-125.17,-125.17,0,0,
09/21/2026,09:05:22:005,0.000000,0.000000,4,-75.9,-75.9,0,0,
09/21/2026,09:05:22:043,0.000000,0.000000,2,-123.19,-123.19,0,0,
09/21/2026,09:05:22:125,0.000000,0.000000,1,-120.42,-120.42,0,0,
09/21/2026,09:05:22:164,0.000000,0.000000,3,-125.2,-125.2,0,0,
09/21/2026,09:05:22:210,0.000000,0.000000,4,-80.56,-80.56,0,0,
09/21/2026,09:05:22:246,0.000000,0.000000,2,-125.29,-125.29,0,0,
09/21/2026,09:05:22:317,0.000000,0.000000,1,-120.2,-120.2,0,0,
09/21/2026,09:05:22:358,0.000000,0.000000,3,-125.09,-125.09,0,0,
09/21/2026,09:05:22:402,0.000000,0.000000,4,-78.83,-78.83,0,0,
09/21/2026,09:05:22:437,0.000000,0.000000,2,-125.56,-125.56,0,0,
09/21/2026,09:05:22:540,0.000000,0.000000,1,-121.31,-121.31,0,0,
09/21/2026,09:05:22:571,0.000000,0.000000,3,-125.88,-125.88,0,0,
09/21/2026,09:05:22:618,0.000000,0.000000,4,-81.55,-81.55,0,0,
09/21/2026,09:05:22:668,0.000000,0.000000,2,-122.37,-122.37,0,0,
09/21/2026,09:05:22:736,0.000000,0.000000,1,-119.9,-119.9,0,0,
09/21/2026,09:05:22:775,0.000000,0.000000,3,-126.48,-126.48,0,0,
09/21/2026,09:05:22:841,0.000000,0.000000,4,-75.17,-75.17,0,0,
09/21/2026,09:05:22:862,0.000000,0.000000,2,-123.27,-123.27,0,0,
09/21/2026,09:05:22:951,0.000000,0.000000,1,-120.98,-120.98,0,0,
09/21/2026,09:05:22:985,0.000000,0.000000,3,-126.28,-126.28,0,0,
09/21/2026,09:05:23:040,0.000000,0.000000,4,-73.81,-73.81,0,0,
09/21/2026,09:05:23:072,0.000000,0.000000,2,-123.29,-123.29,0,0,
09/21/2026,09:05:23:162,0.000000,0.000000,1,-117.98,-117.98,0,0,
09/21/2026,09:05:23:200,0.000000,0.000000,3,-126.26,-126.26,0,0,
09/21/2026,09:05:23:247,0.000000,0.000000,4,-82.35,-82.35,0,0,
09/21/2026,09:05:23:283,0.000000,0.000000,2,-122.04,-122.04,0,0,
09/21/2026,09:05:23:379,0.000000,0.000000,1,-121.44,-121.44,0,0,
09/21/2026,09:05:23:407,0.000000,0.000000,3,-124.38,-124.38,0,0,
09/21/2026,09:05:23:460,0.000000,0.000000,4,-78.85,-78.85,0,0,
09/21/2026,09:05:23:498,0.000000,0.000000,2,-122.88,-122.88,0,0,
09/21/2026,09:05:23:583,0.000000,0.000000,1,-119.57,-119.57,0,0,
09/21/2026,09:05:23:616,0.000000,0.000000,3,-124.05,-124.05,0,0,
09/21/2026,09:05:23:667,0.000000,0.000000,4,-75.14,-75.14,0,0,
09/21/2026,09:05:23:743,0.000000,0.000000,2,-122.92,-122.92,0,0,
09/21/2026,09:05:23:793,0.000000,0.000000,1,-118.84,-118.84,0,0,
09/21/2026,09:05:23:828,0.000000,0.000000,3,-122.6,-122.6,0,0,
09/21/2026,09:05:23:906,0.000000,0.000000,4,-70.67,-70.67,0,0,
09/21/2026,09:05:23:914,0.000000,0.000000,2,-125.27,-125.27,0,0,
09/21/2026,09:05:24:002,0.000000,0.000000,1,-120.16,-120.16,0,0,
09/21/2026,09:05:24:042,0.000000,0.000000,3,-123.38,-123.38,0,0,
09/21/2026,09:05:24:114,0.000000,0.000000,4,-69.89,-69.89,0,0,
09/21/2026,09:05:24:125,0.000000,0.000000,2,-124.37,-124.37,0,0,
09/21/2026,09:05:24:220,0.000000,0.000000,1,-119.59,-119.59,0,0,
09/21/2026,09:05:24:255,0.000000,0.000000,3,-123.8,-123.8,0,0,
09/21/2026,09:05:24:300,0.000000,0.000000,4,-79.82,-79.82,0,0,
09/21/2026,09:05:24:337,0.000000,0.000000,2,-123.46,-123.46,0,0,
09/21/2026,09:05:24:428,0.000000,0.000000,1,-118.58,-118.58,0,0,
09/21/2026,09:05:24:459,0.000000,0.000000,3,-123.27,-123.27,0,0,
09/21/2026,09:05:24:515,0.000000,0.000000,4,-76.81,-76.81,0,0,
09/21/2026,09:05:24:551,0.000000,0.000000,2,-124.46,-124.46,0,0,
09/21/2026,09:05:24:683,0.000000,0.000000,1,-118.79,-118.79,0,0,
09/21/2026,09:05:24:695,0.000000,0.000000,3,-123.56,-123.56,0,0,
09/21/2026,09:05:24:731,0.000000,0.000000,4,-83.21,-83.21,0,0,
09/21/2026,09:05:24:756,0.000000,0.000000,2,-122.88,-122.88,0,0,
09/21/2026,09:05:24:853,0.000000,0.000000,1,-119.92,-119.92,0,0,
09/21/2026,09:05:24:884,0.000000,0.000000,3,-125.11,-125.11,0,0,
09/21/2026,09:05:24:940,0.000000,0.000000,4,-80.64,-80.64,0,0,
09/21/2026,09:05:24:972,0.000000,0.000000,2,-125.08,-125.08,0,0,
09/21/2026,09:05:25:063,0.000000,0.000000,1,-118.69,-118.69,0,0,
09/21/2026,09:05:25:092,0.000000,0.000000,3,-124.58,-124.58,0,0,
09/21/2026,09:05:25:144,0.000000,0.000000,4,-80.2,-80.2,0,0,
09/21/2026,09:05:25:182,0.000000,0.000000,2,-125.2,-125.2,0,0,
09/21/2026,09:05:25:272,0.000000,0.000000,1,-118.72,-118.72,0,0,
09/21/2026,09:05:25:308,0.000000,0.000000,3,-124.08,-124.08,0,0,
09/21/2026,09:05:25:354,0.000000,0.000000,4,-78.14,-78.14,0,0,
09/21/2026,09:05:25:395,0.000000,0.000000,2,-123.17,-123.17,0,0,
09/21/2026,09:05:25:480,0.000000,0.000000,1,-121.39,-121.39,0,0,
09/21/2026,09:05:25:515,0.000000,0.000000,3,-125.35,-125.35,0,0,
09/21/2026,09:05:25:569,0.000000,0.000000,4,-81.07,-81.07,0,0,
09/21/2026,09:05:25:612,0.000000,0.000000,2,-120.87,-120.87,0,0,
09/21/2026,09:05:25:690,0.000000,0.000000,1,-121.21,-121.21,0,0,
09/21/2026,09:05:25:727,0.000000,0.000000,3,-125.07,-125.07,0,0,
09/21/2026,09:05:25:810,0.000000,0.000000,4,-77.6,-77.6,0,0,
09/21/2026,09:05:25:819,0.000000,0.000000,2,-124.26,-124.26,0,0,
09/21/2026,09:05:25:903,0.000000,0.000000,1,-121.1,-121.1,0,0,
09/21/2026,09:05:25:956,0.000000,0.000000,3,-124.48,-124.48,0,0,
09/21/2026,09:05:26:003,0.000000,0.000000,4,-81.01,-81.01,0,0,
09/21/2026,09:05:26:034,0.000000,0.000000,2,-122.18,-122.18,0,0,
09/21/2026,09:05:26:112,0.000000,0.000000,1,-118.56,-118.56,0,0,
09/21/2026,09:05:26:155,0.000000,0.000000,3,-123.73,-123.73,0,0,
09/21/2026,09:05:26:204,0.000000,0.000000,4,-88.64,-88.64,0,0,
09/21/2026,09:05:26:237,0.000000,0.000000,2,-122.52,-122.52,0,0,
09/21/2026,09:05:26:324,0.000000,0.000000,1,-120.17,-120.17,0,0,
09/21/2026,09:05:26:372,0.000000,0.000000,3,-123.24,-123.24,0,0,
09/21/2026,09:05:26:411,0.000000,0.000000,4,-74.31,-74.31,0,0,
09/21/2026,09:05:26:450,0.000000,0.000000,2,-122.25,-122.25,0,0,
09/21/2026,09:05:26:537,0.000000,0.000000,1,-120.42,-120.42,0,0,
09/21/2026,09:05:26:571,0.000000,0.000000,3,-126.69,-126.69,0,0,
09/21/2026,09:05:26:622,0.000000,0.000000,4,-82.89,-82.89,0,0,
09/21/2026,09:05:26:670,0.000000,0.000000,2,-122.1,-122.1,0,0,
09/21/2026,09:05:26:745,0.000000,0.000000,1,-120.67,-120.67,0,0,
09/21/2026,09:05:26:790,0.000000,0.000000,3,-124.15,-124.15,0,0,
09/21/2026,09:05:26:831,0.000000,0.000000,4,-74.14,-74.14,0,0,
09/21/2026,09:05:26:873,0.000000,0.000000,2,-123.81,-123.81,0,0,
09/21/2026,09:05:26:958,0.000000,0.000000,1,-119.04,-119.04,0,0,
09/21/2026,09:05:26:992,0.000000,0.000000,3,-122.62,-122.62,0,0,
09/21/2026,09:05:27:044,0.000000,0.000000,4,-91.69,-91.69,0,0,
09/21/2026,09:05:27:078,0.000000,0.000000,2,-122.74,-122.74,0,0,
09/21/2026,09:05:27:172,0.000000,0.000000,1,-120.97,-120.97,0,0,
09/21/2026,09:05:27:207,0.000000,0.000000,3,-124.52,-124.52,0,0,
09/21/2026,09:05:27:276,0.000000,0.000000,4,-74.14,-74.14,0,0,
09/21/2026,09:05:27:302,0.000000,0.000000,2,-125.15,-125.15,0,0,
09/21/2026,09:05:27:385,0.000000,0.000000,1,-119.62,-119.62,0,0,
09/21/2026,09:05:27:413,0.000000,0.000000,3,-123.04,-123.04,0,0,
09/21/2026,09:05:27:468,0.000000,0.000000,4,-87.17,-87.17,0,0,
09/21/2026,09:05:27:521,0.000000,0.000000,2,-125.49,-125.49,0,0,
09/21/2026,09:05:27:619,0.000000,0.000000,1,-119.16,-119.16,0,0,
09/21/2026,09:05:27:626,0.000000,0.000000,3,-125.86,-125.86,0,0,
09/21/2026,09:05:27:704,0.000000,0.000000,4,-76.11,-76.11,0,0,
09/21/2026,09:05:27:711,0.000000,0.000000,2,-121.94,-121.94,0,0,
09/21/2026,09:05:27:810,0.000000,0.000000,1,-120.19,-120.19,0,0,
09/21/2026,09:05:27:842,0.000000,0.000000,3,-125.13,-125.13,0,0,
09/21/2026,09:05:27:887,0.000000,0.000000,4,-83.02,-83.02,0,0,
09/21/2026,09:05:27:957,0.000000,0.000000,2,-123.52,-123.52,0,0,
09/21/2026,09:05:28:029,0.000000,0.000000,1,-118.94,-118.94,0,0,
09/21/2026,09:05:28:047,0.000000,0.000000,3,-124.08,-124.08,0,0,
09/21/2026,09:05:28:100,0.000000,0.000000,4,-88.8,-88.8,0,0,
09/21/2026,09:05:28:138,0.000000,0.000000,2,-123.85,-123.85,0,0,
09/21/2026,09:05:28:228,0.000000,0.000000,1,-120.68,-120.68,0,0,
09/21/2026,09:05:28:263,0.000000,0.000000,3,-123.38,-123.38,0,0,
09/21/2026,09:05:28:320,0.000000,0.000000,4,-72.79,-72.79,0,0,
09/21/2026,09:05:28:354,0.000000,0.000000,2,-124.1,-124.1,0,0,
09/21/2026,09:05:28:436,0.000000,0.000000,1,-120.9,-120.9,0,0,
09/21/2026,09:05:28:471,0.000000,0.000000,3,-124.61,-124.61,0,0,
09/21/2026,09:05:28:533,0.000000,0.000000,4,-70.75,-70.75,0,0,
09/21/2026,09:05:28:566,0.000000,0.000000,2,-122.78,-122.78,0,0,
09/21/2026,09:05:28:647,0.000000,0.000000,1,-119.61,-119.61,0,0,
09/21/2026,09:05:28:684,0.000000,0.000000,3,-126.34,-126.34,0,0,
09/21/2026,09:05:28:733,0.000000,0.000000,4,-68.6,-68.6,0,0,
09/21/2026,09:05:28:768,0.000000,0.000000,2,-122.21,-122.21,0,0,
09/21/2026,09:05:28:860,0.000000,0.000000,1,-121.15,-121.15,0,0,
09/21/2026,09:05:28:899,0.000000,0.000000,3,-123.5,-123.5,0,0,
09/21/2026,09:05:28:944,0.000000,0.000000,4,-72.63,-72.63,0,0,
09/21/2026,09:05:28:978,0.000000,0.000000,2,-126.38,-126.38,0,0,
09/21/2026,09:05:29:070,0.000000,0.000000,1,-118.63,-118.63,0,0,
09/21/2026,09:05:29:112,0.000000,0.000000,3,-126.33,-126.33,0,0,
09/21/2026,09:05:29:176,0.000000,0.000000,4,-80.89,-80.89,0,0,
09/21/2026,09:05:29:217,0.000000,0.000000,2,-124.67,-124.67,0,0,
09/21/2026,09:05:29:284,0.000000,0.000000,1,-121.06,-121.06,0,0,
09/21/2026,09:05:29:314,0.000000,0.000000,3,-123.64,-123.64,0,0,
09/21/2026,09:05:29:364,0.000000,0.000000,4,-72.68,-72.68,0,0,
09/21/2026,09:05:29:402,0.000000,0.000000,2,-124.42,-124.42,0,0,
09/21/2026,09:05:29:489,0.000000,0.000000,1,-118.58,-118.58,0,0,
09/21/2026,09:05:29:528,0.000000,0.000000,3,-124.76,-124.76,0,0,
09/21/2026,09:05:29:579,0.000000,0.000000,4,-84.17,-84.17,0,0,
09/21/2026,09:05:29:616,0.000000,0.000000,2,-122.52,-122.52,0,0,
09/21/2026,09:05:29:815,0.000000,0.000000,1,-121.61,-121.61,0,0,
09/21/2026,09:05:29:853,0.000000,0.000000,3,-122.6,-122.6,0,0,
09/21/2026,09:05:29:867,0.000000,0.000000,4,-87.6,-87.6,0,0,
09/21/2026,09:05:29:880,0.000000,0.000000,2,-122.52,-122.52,0,0,
09/21/2026,09:05:29:920,0.000000,0.000000,1,-118.31,-118.31,0,0,
09/21/2026,09:05:29:955,0.000000,0.000000,3,-124.21,-124.21,0,0,
09/21/2026,09:05:30:004,0.000000,0.000000,4,-86.46,-86.46,0,0,
09/21/2026,09:05:30:034,0.000000,0.000000,2,-124.9,-124.9,0,0,
09/21/2026,09:05:30:121,0.000000,0.000000,1,-118.81,-118.81,0,0,
09/21/2026,09:05:30:164,0.000000,0.000000,3,-121.01,-121.01,0,0,
09/21/2026,09:05:30:207,0.000000,0.000000,4,-79.78,-79.78,0,0,
09/21/2026,09:05:30:247,0.000000,0.000000,2,-122.49,-122.49,0,0,
09/21/2026,09:05:30:362,0.000000,0.000000,1,-119.01,-119.01,0,0,
09/21/2026,09:05:30:369,0.000000,0.000000,3,-125.85,-125.85,0,0,
09/21/2026,09:05:30:423,0.000000,0.000000,4,-82.75,-82.75,0,0,
09/21/2026,09:05:30:454,0.000000,0.000000,2,-122.45,-122.45,0,0,
09/21/2026,09:05:30:543,0.000000,0.000000,1,-120.39,-120.39,0,0,
09/21/2026,09:05:30:581,0.000000,0.000000,3,-123.82,-123.82,0,0,
09/21/2026,09:05:30:632,0.000000,0.000000,4,-86.07,-86.07,0,0,
09/21/2026,09:05:30:665,0.000000,0.000000,2,-121.15,-121.15,0,0,
09/21/2026,09:05:30:758,0.000000,0.000000,1,-118.98,-118.98,0,0,
09/21/2026,09:05:30:794,0.000000,0.000000,3,-123.35,-123.35,0,0,
09/21/2026,09:05:30:843,0.000000,0.000000,4,-83.05,-83.05,0,0,
09/21/2026,09:05:30:878,0.000000,0.000000,2,-121.73,-121.73,0,0,
09/21/2026,09:05:30:968,0.000000,0.000000,1,-117.82,-117.82,0,0,
09/21/2026,09:05:31:000,0.000000,0.000000,3,-125.89,-125.89,0,0,
09/21/2026,09:05:31:053,0.000000,0.000000,4,-76.03,-76.03,0,0,
09/21/2026,09:05:31:089,0.000000,0.000000,2,-125.35,-125.35,0,0,
09/21/2026,09:05:31:183,0.000000,0.000000,1,-121.33,-121.33,0,0,
09/21/2026,09:05:31:232,0.000000,0.000000,3,-123.77,-123.77,0,0,
09/21/2026,09:05:31:283,0.000000,0.000000,4,-78.8,-78.8,0,0,
09/21/2026,09:05:31:297,0.000000,0.000000,2,-122.16,-122.16,0,0,
09/21/2026,09:05:31:386,0.000000,0.000000,1,-119.7,-119.7,0,0,
09/21/2026,09:05:31:425,0.000000,0.000000,3,-124.98,-124.98,0,0,
09/21/2026,09:05:31:475,0.000000,0.000000,4,-83.9,-83.9,0,0,
09/21/2026,09:05:31:510,0.000000,0.000000,2,-124.03,-124.03,0,0,
09/21/2026,09:05:31:603,0.000000,0.000000,1,-119.35,-119.35,0,0,
09/21/2026,09:05:31:636,0.000000,0.000000,3,-125,-125,0,0,
09/21/2026,09:05:31:691,0.000000,0.000000,4,-75.85,-75.85,0,0,
09/21/2026,09:05:31:721,0.000000,0.000000,2,-124.11,-124.11,0,0,
09/21/2026,09:05:31:808,0.000000,0.000000,1,-120.79,-120.79,0,0,
09/21/2026,09:05:31:847,0.000000,0.000000,3,-124.05,-124.05,0,0,
09/21/2026,09:05:31:894,0.000000,0.000000,4,-79.13,-79.13,0,0,
09/21/2026,09:05:31:932,0.000000,0.000000,2,-125.51,-125.51,0,0,
09/21/2026,09:05:32:024,0.000000,0.000000,1,-118.14,-118.14,0,0,
09/21/2026,09:05:32:059,0.000000,0.000000,3,-125.65,-125.65,0,0,
09/21/2026,09:05:32:106,0.000000,0.000000,4,-74.89,-74.89,0,0,
09/21/2026,09:05:32:145,0.000000,0.000000,2,-123.18,-123.18,0,0,
09/21/2026,09:05:32:233,0.000000,0.000000,1,-119.67,-119.67,0,0,
09/21/2026,09:05:32:272,0.000000,0.000000,3,-123.73,-123.73,0,0,
09/21/2026,09:05:32:325,0.000000,0.000000,4,-82.62,-82.62,0,0,
09/21/2026,09:05:32:361,0.000000,0.000000,2,-123.2,-123.2,0,0,
09/21/2026,09:05:32:440,0.000000,0.000000,1,-118.36,-118.36,0,0,
09/21/2026,09:05:32:478,0.000000,0.000000,3,-126.32,-126.32,0,0,
09/21/2026,09:05:32:534,0.000000,0.000000,4,-78.27,-78.27,0,0,
09/21/2026,09:05:32:571,0.000000,0.000000,2,-125.82,-125.82,0,0,
09/21/2026,09:05:32:663,0.000000,0.000000,1,-118.63,-118.63,0,0,
09/21/2026,09:05:32:696,0.000000,0.000000,3,-123.15,-123.15,0,0,
09/21/2026,09:05:32:739,0.000000,0.000000,4,-80.5,-80.5,0,0,
09/21/2026,09:05:32:782,0.000000,0.000000,2,-125.23,-125.23,0,0,
09/21/2026,09:05:32:866,0.000000,0.000000,1,-118.2,-118.2,0,0,
09/21/2026,09:05:32:899,0.000000,0.000000,3,-124.42,-124.42,0,0,
09/21/2026,09:05:32:954,0.000000,0.000000,4,-86.75,-86.75,0,0,
09/21/2026,09:05:32:992,0.000000,0.000000,2,-124.03,-124.03,0,0,
09/21/2026,09:05:33:073,0.000000,0.000000,1,-121.13,-121.13,0,0,
09/21/2026,09:05:33:130,0.000000,0.000000,3,-125.79,-125.79,0,0,
09/21/2026,09:05:33:176,0.000000,0.000000,4,-86.86,-86.86,0,0,
09/21/2026,09:05:33:223,0.000000,0.000000,2,-122.26,-122.26,0,0,
09/21/2026,09:05:33:315,0.000000,0.000000,1,-116.88,-116.88,0,0,
09/21/2026,09:05:33:321,0.000000,0.000000,3,-123.39,-123.39,0,0,
09/21/2026,09:05:33:396,0.000000,0.000000,4,-92.97,-92.97,0,0,
09/21/2026,09:05:33:436,0.000000,0.000000,2,-125.08,-125.08,0,0,
09/21/2026,09:05:33:503,0.000000,0.000000,1,-120.72,-120.72,0,0,
09/21/2026,09:05:33:537,0.000000,0.000000,3,-125.89,-125.89,0,0,
09/21/2026,09:05:33:590,0.000000,0.000000,4,-77.5,-77.5,0,0,
09/21/2026,09:05:33:624,0.000000,0.000000,2,-123.29,-123.29,0,0,
09/21/2026,09:05:33:712,0.000000,0.000000,1,-118.45,-118.45,0,0,
09/21/2026,09:05:33:742,0.000000,0.000000,3,-124.46,-124.46,0,0,
09/21/2026,09:05:33:793,0.000000,0.000000,4,-75.15,-75.15,0,0,
09/21/2026,09:05:33:835,0.000000,0.000000,2,-122.8,-122.8,0,0,
09/21/2026,09:05:33:918,0.000000,0.000000,1,-120.22,-120.22,0,0,
09/21/2026,09:05:33:960,0.000000,0.000000,3,-124.53,-124.53,0,0,
09/21/2026,09:05:34:014,0.000000,0.000000,4,-73.75,-73.75,0,0,
09/21/2026,09:05:34:044,0.000000,0.000000,2,-122.79,-122.79,0,0,
09/21/2026,09:05:34:137,0.000000,0.000000,1,-117.86,-117.86,0,0,
09/21/2026,09:05:34:165,0.000000,0.000000,3,-125.49,-125.49,0,0,
09/21/2026,09:05:34:216,0.000000,0.000000,4,-74.19,-74.19,0,0,
09/21/2026,09:05:34:250,0.000000,0.000000,2,-122.18,-122.18,0,0,
09/21/2026,09:05:34:360,0.000000,0.000000,1,-120.02,-120.02,0,0,
09/21/2026,09:05:34:374,0.000000,0.000000,3,-125.7,-125.7,0,0,
09/21/2026,09:05:34:429,0.000000,0.000000,4,-78.4,-78.4,0,0,
09/21/2026,09:05:34:463,0.000000,0.000000,2,-125.7,-125.7,0,0,
09/21/2026,09:05:34:553,0.000000,0.000000,1,-118.1,-118.1,0,0,
09/21/2026,09:05:34:591,0.000000,0.000000,3,-125.06,-125.06,0,0,
09/21/2026,09:05:34:638,0.000000,0.000000,4,-80.89,-80.89,0,0,
09/21/2026,09:05:34:672,0.000000,0.000000,2,-121.37,-121.37,0,0,
09/21/2026,09:05:34:771,0.000000,0.000000,1,-118.91,-118.91,0,0,
09/21/2026,09:05:34:797,0.000000,0.000000,3,-124.92,-124.92,0,0,
09/21/2026,09:05:34:855,0.000000,0.000000,4,-85.61,-85.61,0,0,
09/21/2026,09:05:35:897,0.000000,0.000000,2,-122.51,-122.51,0,0,
09/21/2026,09:05:36:373,0.000000,0.000000,1,-119.75,-119.75,0,0,
09/21/2026,09:05:36:380,0.000000,0.000000,3,-124.56,-124.56,0,0,
09/21/2026,09:05:36:393,0.000000,0.000000,4,-82.94,-82.94,0,0,
09/21/2026,09:05:36:400,0.000000,0.000000,2,-123.6,-123.6,0,0,
09/21/2026,09:05:36:437,0.000000,0.000000,1,-120.18,-120.18,0,0,
09/21/2026,09:05:36:448,0.000000,0.000000,3,-124.97,-124.97,0,0,
09/21/2026,09:05:36:462,0.000000,0.000000,4,-83.24,-83.24,0,0,
09/21/2026,09:05:36:479,0.000000,0.000000,2,-124.56,-124.56,0,0,
09/21/2026,09:05:36:515,0.000000,0.000000,1,-117.06,-117.06,0,0,
09/21/2026,09:05:36:528,0.000000,0.000000,3,-125.81,-125.81,0,0,
09/21/2026,09:05:36:545,0.000000,0.000000,4,-79.38,-79.38,0,0,
09/21/2026,09:05:36:555,0.000000,0.000000,2,-122.26,-122.26,0,0,
09/21/2026,09:05:36:591,0.000000,0.000000,1,-119.44,-119.44,0,0,
09/21/2026,09:05:36:598,0.000000,0.000000,3,-125.05,-125.05,0,0,
09/21/2026,09:05:36:625,0.000000,0.000000,4,-87.11,-87.11,0,0,
09/21/2026,09:05:36:638,0.000000,0.000000,2,-122.14,-122.14,0,0,
09/21/2026,09:05:36:663,0.000000,0.000000,1,-121.02,-121.02,0,0,
09/21/2026,09:05:36:671,0.000000,0.000000,3,-125.56,-125.56,0,0,
09/21/2026,09:05:36:683,0.000000,0.000000,4,-80.54,-80.54,0,0,
09/21/2026,09:05:36:694,0.000000,0.000000,2,-123.82,-123.82,0,0,
09/21/2026,09:05:36:780,0.000000,0.000000,1,-120.97,-120.97,0,0,
09/21/2026,09:05:36:788,0.000000,0.000000,3,-122.01,-122.01,0,0,
09/21/2026,09:05:36:826,0.000000,0.000000,4,-81.5,-81.5,0,0,
09/21/2026,09:05:36:837,0.000000,0.000000,2,-123.3,-123.3,0,0,
09/21/2026,09:05:36:969,0.000000,0.000000,1,-119.3,-119.3,0,0,
09/21/2026,09:05:36:974,0.000000,0.000000,3,-122.97,-122.97,0,0,
09/21/2026,09:05:37:024,0.000000,0.000000,4,-84.67,-84.67,0,0,
09/21/2026,09:05:37:036,0.000000,0.000000,2,-123.67,-123.67,0,0,
09/21/2026,09:05:37:081,0.000000,0.000000,1,-119.63,-119.63,0,0,
09/21/2026,09:05:37:094,0.000000,0.000000,3,-125.23,-125.23,0,0,
09/21/2026,09:05:37:105,0.000000,0.000000,4,-85.85,-85.85,0,0,
09/21/2026,09:05:37:117,0.000000,0.000000,2,-124.67,-124.67,0,0,
09/21/2026,09:05:37:137,0.000000,0.000000,1,-119.57,-119.57,0,0,
09/21/2026,09:05:37:145,0.000000,0.000000,3,-124.58,-124.58,0,0,
09/21/2026,09:05:37:159,0.000000,0.000000,4,-74.56,-74.56,0,0,
09/21/2026,09:05:37:169,0.000000,0.000000,2,-122.7,-122.7,0,0,
09/21/2026,09:05:37:188,0.000000,0.000000,1,-120.71,-120.71,0,0,
09/21/2026,09:05:37:196,0.000000,0.000000,3,-125.21,-125.21,0,0,
09/21/2026,09:05:37:213,0.000000,0.000000,4,-86.02,-86.02,0,0,
09/21/2026,09:05:37:224,0.000000,0.000000,2,-123.05,-123.05,0,0,
09/21/2026,09:05:37:244,0.000000,0.000000,1,-119.49,-119.49,0,0,
09/21/2026,09:05:37:251,0.000000,0.000000,3,-124.13,-124.13,0,0,
09/21/2026,09:05:37:266,0.000000,0.000000,4,-81.71,-81.71,0,0,
09/21/2026,09:05:37:277,0.000000,0.000000,2,-124.95,-124.95,0,0,
09/21/2026,09:05:37:301,0.000000,0.000000,1,-120.96,-120.96,0,0,
09/21/2026,09:05:37:332,0.000000,0.000000,3,-123,-123,0,0,
09/21/2026,09:05:37:380,0.000000,0.000000,4,-96.7,-96.7,0,0,
09/21/2026,09:05:37:416,0.000000,0.000000,2,-125.94,-125.94,0,0,
09/21/2026,09:05:37:521,0.000000,0.000000,1,-120.47,-120.47,0,0,
09/21/2026,09:05:37:540,0.000000,0.000000,3,-124.4,-124.4,0,0,
09/21/2026,09:05:37:591,0.000000,0.000000,4,-84.18,-84.18,0,0,
09/21/2026,09:05:37:626,0.000000,0.000000,2,-123.05,-123.05,0,0,
09/21/2026,09:05:37:724,0.000000,0.000000,1,-120.18,-120.18,0,0,
09/21/2026,09:05:37:754,0.000000,0.000000,3,-123.65,-123.65,0,0,
09/21/2026,09:05:37:814,0.000000,0.000000,4,-75.25,-75.25,0,0,
09/21/2026,09:05:37:839,0.000000,0.000000,2,-123.73,-123.73,0,0,
09/21/2026,09:05:37:934,0.000000,0.000000,1,-119.89,-119.89,0,0,
09/21/2026,09:05:37:960,0.000000,0.000000,3,-125.24,-125.24,0,0,
09/21/2026,09:05:38:014,0.000000,0.000000,4,-75.28,-75.28,0,0,
09/21/2026,09:05:38:052,0.000000,0.000000,2,-122.95,-122.95,0,0,
09/21/2026,09:05:38:138,0.000000,0.000000,1,-121.87,-121.87,0,0,
09/21/2026,09:05:38:180,0.000000,0.000000,3,-124.81,-124.81,0,0,
09/21/2026,09:05:38:224,0.000000,0.000000,4,-75.8,-75.8,0,0,
09/21/2026,09:05:38:258,0.000000,0.000000,2,-122.42,-122.42,0,0,
09/21/2026,09:05:38:349,0.000000,0.000000,1,-119.44,-119.44,0,0,
09/21/2026,09:05:38:382,0.000000,0.000000,3,-124.35,-124.35,0,0,
09/21/2026,09:05:38:434,0.000000,0.000000,4,-77.26,-77.26,0,0,
09/21/2026,09:05:38:471,0.000000,0.000000,2,-123.61,-123.61,0,0,
09/21/2026,09:05:38:563,0.000000,0.000000,1,-118.93,-118.93,0,0,
09/21/2026,09:05:38:604,0.000000,0.000000,3,-121.45,-121.45,0,0,
09/21/2026,09:05:38:646,0.000000,0.000000,4,-79.87,-79.87,0,0,
09/21/2026,09:05:38:688,0.000000,0.000000,2,-123.93,-123.93,0,0,
09/21/2026,09:05:38:780,0.000000,0.000000,1,-118.61,-118.61,0,0,
09/21/2026,09:05:38:827,0.000000,0.000000,3,-124.44,-124.44,0,0,
09/21/2026,09:05:38:868,0.000000,0.000000,4,-76.13,-76.13,0,0,
09/21/2026,09:05:38:912,0.000000,0.000000,2,-123.34,-123.34,0,0,
09/21/2026,09:05:39:001,0.000000,0.000000,1,-119.34,-119.34,0,0,
09/21/2026,09:05:39:045,0.000000,0.000000,3,-123.66,-123.66,0,0,
09/21/2026,09:05:39:076,0.000000,0.000000,4,-78.47,-78.47,0,0,
09/21/2026,09:05:39:107,0.000000,0.000000,2,-122.98,-122.98,0,0,
09/21/2026,09:05:39:191,0.000000,0.000000,1,-119.39,-119.39,0,0,
09/21/2026,09:05:39:232,0.000000,0.000000,3,-124.47,-124.47,0,0,
09/21/2026,09:05:39:299,0.000000,0.000000,4,-77.68,-77.68,0,0,
09/21/2026,09:05:39:316,0.000000,0.000000,2,-124.89,-124.89,0,0,
09/21/2026,09:05:39:402,0.000000,0.000000,1,-119.83,-119.83,0,0,
09/21/2026,09:05:39:480,0.000000,0.000000,3,-123.86,-123.86,0,0,
09/21/2026,09:05:39:489,0.000000,0.000000,4,-83.01,-83.01,0,0,
09/21/2026,09:05:39:543,0.000000,0.000000,2,-124.12,-124.12,0,0,
09/21/2026,09:05:39:612,0.000000,0.000000,1,-119.29,-119.29,0,0,
09/21/2026,09:05:39:655,0.000000,0.000000,3,-123.25,-123.25,0,0,
09/21/2026,09:05:39:704,0.000000,0.000000,4,-73.1,-73.1,0,0,
09/21/2026,09:05:39:736,0.000000,0.000000,2,-125.64,-125.64,0,0,
09/21/2026,09:05:39:829,0.000000,0.000000,1,-121.07,-121.07,0,0,
09/21/2026,09:05:39:864,0.000000,0.000000,3,-126.98,-126.98,0,0,
09/21/2026,09:05:39:921,0.000000,0.000000,4,-85.3,-85.3,0,0,
09/21/2026,09:05:39:953,0.000000,0.000000,2,-124.07,-124.07,0,0,
09/21/2026,09:05:40:040,0.000000,0.000000,1,-119.89,-119.89,0,0,
09/21/2026,09:05:40:084,0.000000,0.000000,3,-124.05,-124.05,0,0,
09/21/2026,09:05:40:122,0.000000,0.000000,4,-83.86,-83.86,0,0,
09/21/2026,09:05:40:176,0.000000,0.000000,2,-122.22,-122.22,0,0,
09/21/2026,09:05:40:249,0.000000,0.000000,1,-119.89,-119.89,0,0,
09/21/2026,09:05:40:292,0.000000,0.000000,3,-124.52,-124.52,0,0,
09/21/2026,09:05:40:339,0.000000,0.000000,4,-79.94,-79.94,0,0,
09/21/2026,09:05:40:394,0.000000,0.000000,2,-122.38,-122.38,0,0,
09/21/2026,09:05:40:455,0.000000,0.000000,1,-120.39,-120.39,0,0,
09/21/2026,09:05:40:492,0.000000,0.000000,3,-124.95,-124.95,0,0,
09/21/2026,09:05:40:559,0.000000,0.000000,4,-71.99,-71.99,0,0,
09/21/2026,09:05:40:603,0.000000,0.000000,2,-124.88,-124.88,0,0,
09/21/2026,09:05:40:679,0.000000,0.000000,1,-118.46,-118.46,0,0,
09/21/2026,09:05:40:708,0.000000,0.000000,3,-125.15,-125.15,0,0,
09/21/2026,09:05:40:756,0.000000,0.000000,4,-73.24,-73.24,0,0,
09/21/2026,09:05:40:798,0.000000,0.000000,2,-122.09,-122.09,0,0,
09/21/2026,09:05:40:881,0.000000,0.000000,1,-119.41,-119.41,0,0,
09/21/2026,09:05:40:922,0.000000,0.000000,3,-122.96,-122.96,0,0,
09/21/2026,09:05:40:971,0.000000,0.000000,4,-77.74,-77.74,0,0,
09/21/2026,09:05:41:006,0.000000,0.000000,2,-122.4,-122.4,0,0,
09/21/2026,09:05:41:095,0.000000,0.000000,1,-119.26,-119.26,0,0,
09/21/2026,09:05:41:125,0.000000,0.000000,3,-124.08,-124.08,0,0,
09/21/2026,09:05:41:184,0.000000,0.000000,4,-77.09,-77.09,0,0,
09/21/2026,09:05:41:219,0.000000,0.000000,2,-122.34,-122.34,0,0,
09/21/2026,09:05:41:304,0.000000,0.000000,1,-119.96,-119.96,0,0,
09/21/2026,09:05:41:340,0.000000,0.000000,3,-125.76,-125.76,0,0,
09/21/2026,09:05:41:504,0.000000,0.000000,4,-77.57,-77.57,0,0,
09/21/2026,09:05:41:508,0.000000,0.000000,2,-123.65,-123.65,0,0,
09/21/2026,09:05:41:525,0.000000,0.000000,1,-119.27,-119.27,0,0,
09/21/2026,09:05:41:548,0.000000,0.000000,3,-124.02,-124.02,0,0,
09/21/2026,09:05:41:603,0.000000,0.000000,4,-84.23,-84.23,0,0,
09/21/2026,09:05:41:637,0.000000,0.000000,2,-124.89,-124.89,0,0,
09/21/2026,09:05:41:724,0.000000,0.000000,1,-120.32,-120.32,0,0,
09/21/2026,09:05:41:759,0.000000,0.000000,3,-124.19,-124.19,0,0,
09/21/2026,09:05:41:815,0.000000,0.000000,4,-80.95,-80.95,0,0,
09/21/2026,09:05:41:855,0.000000,0.000000,2,-120.37,-120.37,0,0,
09/21/2026,09:05:41:944,0.000000,0.000000,1,-119.15,-119.15,0,0,
09/21/2026,09:05:41:971,0.000000,0.000000,3,-125.22,-125.22,0,0,
09/21/2026,09:05:42:019,0.000000,0.000000,4,-83.46,-83.46,0,0,
09/21/2026,09:05:42:057,0.000000,0.000000,2,-123.58,-123.58,0,0,
09/21/2026,09:05:42:148,0.000000,0.000000,1,-122.1,-122.1,0,0,
09/21/2026,09:05:42:185,0.000000,0.000000,3,-124.93,-124.93,0,0,
09/21/2026,09:05:42:231,0.000000,0.000000,4,-80.31,-80.31,0,0,
09/21/2026,09:05:42:274,0.000000,0.000000,2,-122.99,-122.99,0,0,
09/21/2026,09:05:42:358,0.000000,0.000000,1,-118.15,-118.15,0,0,
09/21/2026,09:05:42:394,0.000000,0.000000,3,-123.36,-123.36,0,0,
09/21/2026,09:05:42:471,0.000000,0.000000,4,-85.86,-85.86,0,0,
09/21/2026,09:05:42:482,0.000000,0.000000,2,-125.83,-125.83,0,0,
09/21/2026,09:05:42:569,0.000000,0.000000,1,-121.18,-121.18,0,0,
09/21/2026,09:05:42:610,0.000000,0.000000,3,-125.65,-125.65,0,0,
09/21/2026,09:05:42:653,0.000000,0.000000,4,-87.17,-87.17,0,0,
09/21/2026,09:05:42:699,0.000000,0.000000,2,-123.88,-123.88,0,0,
09/21/2026,09:05:42:784,0.000000,0.000000,1,-120.37,-120.37,0,0,
09/21/2026,09:05:42:812,0.000000,0.000000,3,-123.24,-123.24,0,0,
09/21/2026,09:05:42:864,0.000000,0.000000,4,-77.4,-77.4,0,0,
09/21/2026,09:05:42:903,0.000000,0.000000,2,-123.42,-123.42,0,0,
09/21/2026,09:05:42:987,0.000000,0.000000,1,-118.71,-118.71,0,0,
09/21/2026,09:05:43:023,0.000000,0.000000,3,-122.72,-122.72,0,0,
09/21/2026,09:05:43:079,0.000000,0.000000,4,-72.74,-72.74,0,0,
09/21/2026,09:05:43:112,0.000000,0.000000,2,-123.77,-123.77,0,0,
09/21/2026,09:05:43:202,0.000000,0.000000,1,-118.95,-118.95,0,0,
09/21/2026,09:05:43:236,0.000000,0.000000,3,-122.83,-122.83,0,0,
09/21/2026,09:05:43:298,0.000000,0.000000,4,-80.14,-80.14,0,0,
09/21/2026,09:05:43:322,0.000000,0.000000,2,-124.2,-124.2,0,0,
09/21/2026,09:05:43:410,0.000000,0.000000,1,-118.41,-118.41,0,0,
09/21/2026,09:05:43:450,0.000000,0.000000,3,-125.3,-125.3,0,0,
09/21/2026,09:05:43:497,0.000000,0.000000,4,-80.63,-80.63,0,0,
09/21/2026,09:05:43:533,0.000000,0.000000,2,-123.41,-123.41,0,0,
09/21/2026,09:05:43:627,0.000000,0.000000,1,-120.48,-120.48,0,0,
09/21/2026,09:05:43:655,0.000000,0.000000,3,-124.92,-124.92,0,0,
09/21/2026,09:05:43:719,0.000000,0.000000,4,-87.34,-87.34,0,0,
09/21/2026,09:05:43:748,0.000000,0.000000,2,-122.78,-122.78,0,0,
09/21/2026,09:05:43:835,0.000000,0.000000,1,-122.05,-122.05,0,0,
09/21/2026,09:05:43:867,0.000000,0.000000,3,-123.44,-123.44,0,0,
09/21/2026,09:05:43:934,0.000000,0.000000,4,-81.02,-81.02,0,0,
09/21/2026,09:05:43:960,0.000000,0.000000,2,-122.89,-122.89,0,0,
09/21/2026,09:05:44:047,0.000000,0.000000,1,-119.58,-119.58,0,0,
09/21/2026,09:05:44:087,0.000000,0.000000,3,-121.45,-121.45,0,0,
09/21/2026,09:05:44:159,0.000000,0.000000,4,-77.67,-77.67,0,0,
09/21/2026,09:05:44:201,0.000000,0.000000,2,-124.08,-124.08,0,0,
09/21/2026,09:05:44:304,0.000000,0.000000,1,-119.98,-119.98,0,0,
09/21/2026,09:05:44:310,0.000000,0.000000,3,-124.29,-124.29,0,0,
09/21/2026,09:05:44:353,0.000000,0.000000,4,-75.3,-75.3,0,0,
09/21/2026,09:05:44:387,0.000000,0.000000,2,-122.24,-122.24,0,0,
09/21/2026,09:05:44:475,0.000000,0.000000,1,-122.59,-122.59,0,0,
09/21/2026,09:05:44:507,0.000000,0.000000,3,-123.4,-123.4,0,0,
09/21/2026,09:05:44:555,0.000000,0.000000,4,-82.72,-82.72,0,0,
09/21/2026,09:05:44:600,0.000000,0.000000,2,-122,-122,0,0,
09/21/2026,09:05:44:684,0.000000,0.000000,1,-118.49,-118.49,0,0,
09/21/2026,09:05:44:711,0.000000,0.000000,3,-123.6,-123.6,0,0,
09/21/2026,09:05:44:766,0.000000,0.000000,4,-76.88,-76.88,0,0,
09/21/2026,09:05:44:798,0.000000,0.000000,2,-126.14,-126.14,0,0,
09/21/2026,09:05:44:895,0.000000,0.000000,1,-119.36,-119.36,0,0,
09/21/2026,09:05:44:925,0.000000,0.000000,3,-123.66,-123.66,0,0,
09/21/2026,09:05:44:979,0.000000,0.000000,4,-76.31,-76.31,0,0,
09/21/2026,09:05:45:028,0.000000,0.000000,2,-122.86,-122.86,0,0,
09/21/2026,09:05:45:097,0.000000,0.000000,1,-119.71,-119.71,0,0,
09/21/2026,09:05:45:150,0.000000,0.000000,3,-123.83,-123.83,0,0,
09/21/2026,09:05:45:205,0.000000,0.000000,4,-83.79,-83.79,0,0,
09/21/2026,09:05:45:228,0.000000,0.000000,2,-122.63,-122.63,0,0,
09/21/2026,09:05:45:319,0.000000,0.000000,1,-119.45,-119.45,0,0,
09/21/2026,09:05:45:346,0.000000,0.000000,3,-123.31,-123.31,0,0,
09/21/2026,09:05:45:396,0.000000,0.000000,4,-87.79,-87.79,0,0,
09/21/2026,09:05:45:433,0.000000,0.000000,2,-121.01,-121.01,0,0,
09/21/2026,09:05:45:520,0.000000,0.000000,1,-118.83,-118.83,0,0,
09/21/2026,09:05:45:555,0.000000,0.000000,3,-122.64,-122.64,0,0,
09/21/2026,09:05:45:616,0.000000,0.000000,4,-83.65,-83.65,0,0,
09/21/2026,09:05:45:651,0.000000,0.000000,2,-126.11,-126.11,0,0,
09/21/2026,09:05:45:736,0.000000,0.000000,1,-119.86,-119.86,0,0,
09/21/2026,09:05:45:766,0.000000,0.000000,3,-124.14,-124.14,0,0,
09/21/2026,09:05:45:823,0.000000,0.000000,4,-77.37,-77.37,0,0,
09/21/2026,09:05:45:862,0.000000,0.000000,2,-125.62,-125.62,0,0,
09/21/2026,09:05:46:003,0.000000,0.000000,1,-120.99,-120.99,0,0,
09/21/2026,09:05:46:010,0.000000,0.000000,3,-126.31,-126.31,0,0,
09/21/2026,09:05:46:048,0.000000,0.000000,4,-82.3,-82.3,0,0,
09/21/2026,09:05:46:084,0.000000,0.000000,2,-125.75,-125.75,0,0,
09/21/2026,09:05:46:180,0.000000,0.000000,1,-120.49,-120.49,0,0,
09/21/2026,09:05:46:188,0.000000,0.000000,3,-125.44,-125.44,0,0,
09/21/2026,09:05:46:263,0.000000,0.000000,4,-78.98,-78.98,0,0,
09/21/2026,09:05:46:273,0.000000,0.000000,2,-123.33,-123.33,0,0,
09/21/2026,09:05:46:382,0.000000,0.000000,1,-119.86,-119.86,0,0,
09/21/2026,09:05:46:402,0.000000,0.000000,3,-122.16,-122.16,0,0,
09/21/2026,09:05:46:452,0.000000,0.000000,4,-87.74,-87.74,0,0,
09/21/2026,09:05:46:487,0.000000,0.000000,2,-121.77,-121.77,0,0,
09/21/2026,09:05:46:651,0.000000,0.000000,1,-118.9,-118.9,0,0,
09/21/2026,09:05:46:660,0.000000,0.000000,3,-123.96,-123.96,0,0,
09/21/2026,09:05:46:679,0.000000,0.000000,4,-76.08,-76.08,0,0,
09/21/2026,09:05:46:702,0.000000,0.000000,2,-123.48,-123.48,0,0,
09/21/2026,09:05:46:791,0.000000,0.000000,1,-119.84,-119.84,0,0,
09/21/2026,09:05:46:824,0.000000,0.000000,3,-122.31,-122.31,0,0,
09/21/2026,09:05:46:891,0.000000,0.000000,4,-74.24,-74.24,0,0,
09/21/2026,09:05:46:909,0.000000,0.000000,2,-124.8,-124.8,0,0,
09/21/2026,09:05:46:998,0.000000,0.000000,1,-120.73,-120.73,0,0,
09/21/2026,09:05:47:031,0.000000,0.000000,3,-123.74,-123.74,0,0,
09/21/2026,09:05:47:084,0.000000,0.000000,4,-78.89,-78.89,0,0,
09/21/2026,09:05:47:120,0.000000,0.000000,2,-122.83,-122.83,0,0,
09/21/2026,09:05:47:212,0.000000,0.000000,1,-120.53,-120.53,0,0,
09/21/2026,09:05:47:248,0.000000,0.000000,3,-122.72,-122.72,0,0,
09/21/2026,09:05:47:303,0.000000,0.000000,4,-81.8,-81.8,0,0,
09/21/2026,09:05:47:330,0.000000,0.000000,2,-123.49,-123.49,0,0,
09/21/2026,09:05:47:421,0.000000,0.000000,1,-119.46,-119.46,0,0,
09/21/2026,09:05:47:454,0.000000,0.000000,3,-125.76,-125.76,0,0,
09/21/2026,09:05:47:507,0.000000,0.000000,4,-81.62,-81.62,0,0,
09/21/2026,09:05:47:545,0.000000,0.000000,2,-123.33,-123.33,0,0,
09/21/2026,09:05:47:630,0.000000,0.000000,1,-118.8,-118.8,0,0,
09/21/2026,09:05:47:669,0.000000,0.000000,3,-124.24,-124.24,0,0,
09/21/2026,09:05:47:726,0.000000,0.000000,4,-81.74,-81.74,0,0,
09/21/2026,09:05:47:764,0.000000,0.000000,2,-123.59,-123.59,0,0,
09/21/2026,09:05:47:852,0.000000,0.000000,1,-119.39,-119.39,0,0,
09/21/2026,09:05:47:891,0.000000,0.000000,3,-125.37,-125.37,0,0,
09/21/2026,09:05:47:937,0.000000,0.000000,4,-75.67,-75.67,0,0,
09/21/2026,09:05:47:984,0.000000,0.000000,2,-123.85,-123.85,0,0,
09/21/2026,09:05:48:081,0.000000,0.000000,1,-120.14,-120.14,0,0,
09/21/2026,09:05:48:089,0.000000,0.000000,3,-124.4,-124.4,0,0,
09/21/2026,09:05:48:145,0.000000,0.000000,4,-79.3,-79.3,0,0,
09/21/2026,09:05:48:177,0.000000,0.000000,2,-125.34,-125.34,0,0,
09/21/2026,09:05:48:265,0.000000,0.000000,1,-118.69,-118.69,0,0,
09/21/2026,09:05:48:302,0.000000,0.000000,3,-125.32,-125.32,0,0,
09/21/2026,09:05:48:350,0.000000,0.000000,4,-80.55,-80.55,0,0,
09/21/2026,09:05:48:388,0.000000,0.000000,2,-127.28,-127.28,0,0,
09/21/2026,09:05:48:473,0.000000,0.000000,1,-120.2,-120.2,0,0,
09/21/2026,09:05:48:510,0.000000,0.000000,3,-124.72,-124.72,0,0,
09/21/2026,09:05:48:564,0.000000,0.000000,4,-79.48,-79.48,0,0,
09/21/2026,09:05:48:602,0.000000,0.000000,2,-124.62,-124.62,0,0,
09/21/2026,09:05:48:691,0.000000,0.000000,1,-117.99,-117.99,0,0,
09/21/2026,09:05:48:725,0.000000,0.000000,3,-121.72,-121.72,0,0,
09/21/2026,09:05:48:778,0.000000,0.000000,4,-73.83,-73.83,0,0,
09/21/2026,09:05:48:810,0.000000,0.000000,2,-122.24,-122.24,0,0,
09/21/2026,09:05:48:897,0.000000,0.000000,1,-119.93,-119.93,0,0,
09/21/2026,09:05:48:943,0.000000,0.000000,3,-124.54,-124.54,0,0,
09/21/2026,09:05:48:983,0.000000,0.000000,4,-86,-86,0,0,
09/21/2026,09:05:49:044,0.000000,0.000000,2,-124.73,-124.73,0,0,
09/21/2026,09:05:49:114,0.000000,0.000000,1,-119.49,-119.49,0,0,
09/21/2026,09:05:49:147,0.000000,0.000000,3,-124.84,-124.84,0,0,
09/21/2026,09:05:49:196,0.000000,0.000000,4,-79.12,-79.12,0,0,
09/21/2026,09:05:49:230,0.000000,0.000000,2,-122.91,-122.91,0,0,
09/21/2026,09:05:49:322,0.000000,0.000000,1,-119.44,-119.44,0,0,
09/21/2026,09:05:49:357,0.000000,0.000000,3,-126.25,-126.25,0,0,
09/21/2026,09:05:49:415,0.000000,0.000000,4,-76.38,-76.38,0,0,
09/21/2026,09:05:49:448,0.000000,0.000000,2,-124.99,-124.99,0,0,
09/21/2026,09:05:49:539,0.000000,0.000000,1,-119.31,-119.31,0,0,
09/21/2026,09:05:49:568,0.000000,0.000000,3,-123.62,-123.62,0,0,
09/21/2026,09:05:49:616,0.000000,0.000000,4,-83.91,-83.91,0,0,
09/21/2026,09:05:49:655,0.000000,0.000000,2,-124.53,-124.53,0,0,
09/21/2026,09:05:49:743,0.000000,0.000000,1,-119.98,-119.98,0,0,
09/21/2026,09:05:49:774,0.000000,0.000000,3,-126.35,-126.35,0,0,
09/21/2026,09:05:49:829,0.000000,0.000000,4,-75.71,-75.71,0,0,
09/21/2026,09:05:49:868,0.000000,0.000000,2,-125.58,-125.58,0,0,
09/21/2026,09:05:49:989,0.000000,0.000000,1,-121.17,-121.17,0,0,
09/21/2026,09:05:49:997,0.000000,0.000000,3,-125.17,-125.17,0,0,
09/21/2026,09:05:50:037,0.000000,0.000000,4,-79.68,-79.68,0,0,
09/21/2026,09:05:50:078,0.000000,0.000000,2,-122.66,-122.66,0,0,
09/21/2026,09:05:50:174,0.000000,0.000000,1,-119.56,-119.56,0,0,
09/21/2026,09:05:50:211,0.000000,0.000000,3,-125.29,-125.29,0,0,
09/21/2026,09:05:50:255,0.000000,0.000000,4,-96.8,-96.8,0,0,
09/21/2026,09:05:50:285,0.000000,0.000000,2,-123.27,-123.27,0,0,
09/21/2026,09:05:50:376,0.000000,0.000000,1,-119.84,-119.84,0,0,
09/21/2026,09:05:50:413,0.000000,0.000000,3,-123.16,-123.16,0,0,
09/21/2026,09:05:50:463,0.000000,0.000000,4,-82.08,-82.08,0,0,
09/21/2026,09:05:50:494,0.000000,0.000000,2,-123.79,-123.79,0,0,
09/21/2026,09:05:50:592,0.000000,0.000000,1,-119.42,-119.42,0,0,
09/21/2026,09:05:50:622,0.000000,0.000000,3,-124.51,-124.51,0,0,
09/21/2026,09:05:50:675,0.000000,0.000000,4,-79.07,-79.07,0,0,
09/21/2026,09:05:50:710,0.000000,0.000000,2,-125.88,-125.88,0,0,
09/21/2026,09:05:50:804,0.000000,0.000000,1,-120.89,-120.89,0,0,
09/21/2026,09:05:50:831,0.000000,0.000000,3,-124.02,-124.02,0,0,
09/21/2026,09:05:50:895,0.000000,0.000000,4,-80.39,-80.39,0,0,
09/21/2026,09:05:50:920,0.000000,0.000000,2,-123.11,-123.11,0,0,
09/21/2026,09:05:51:005,0.000000,0.000000,1,-121.37,-121.37,0,0,
09/21/2026,09:05:51:047,0.000000,0.000000,3,-125.45,-125.45,0,0,
09/21/2026,09:05:51:093,0.000000,0.000000,4,-83.39,-83.39,0,0,
09/21/2026,09:05:51:145,0.000000,0.000000,2,-123.33,-123.33,0,0,
09/21/2026,09:05:51:216,0.000000,0.000000,1,-120.29,-120.29,0,0,
09/21/2026,09:05:51:257,0.000000,0.000000,3,-125.53,-125.53,0,0,
09/21/2026,09:05:51:311,0.000000,0.000000,4,-80.42,-80.42,0,0,
09/21/2026,09:05:51:338,0.000000,0.000000,2,-124.59,-124.59,0,0,
09/21/2026,09:05:51:430,0.000000,0.000000,1,-121.05,-121.05,0,0,
09/21/2026,09:05:51:466,0.000000,0.000000,3,-125.16,-125.16,0,0,
09/21/2026,09:05:51:514,0.000000,0.000000,4,-77.32,-77.32,0,0,
09/21/2026,09:05:51:556,0.000000,0.000000,2,-124.28,-124.28,0,0,
09/21/2026,09:05:51:648,0.000000,0.000000,1,-121.96,-121.96,0,0,
09/21/2026,09:05:51:786,0.000000,0.000000,3,-124.49,-124.49,0,0,
09/21/2026,09:05:51:824,0.000000,0.000000,4,-76.93,-76.93,0,0,
09/21/2026,09:05:51:832,0.000000,0.000000,2,-121.87,-121.87,0,0,
09/21/2026,09:05:51:875,0.000000,0.000000,1,-119.89,-119.89,0,0,
09/21/2026,09:05:51:915,0.000000,0.000000,3,-125.45,-125.45,0,0,
09/21/2026,09:05:51:959,0.000000,0.000000,4,-78.63,-78.63,0,0,
09/21/2026,09:05:52:007,0.000000,0.000000,2,-124.8,-124.8,0,0,
09/21/2026,09:05:52:065,0.000000,0.000000,1,-118.45,-118.45,0,0,
09/21/2026,09:05:52:099,0.000000,0.000000,3,-125.54,-125.54,0,0,
09/21/2026,09:05:52:149,0.000000,0.000000,4,-88.01,-88.01,0,0,
09/21/2026,09:05:52:184,0.000000,0.000000,2,-123.54,-123.54,0,0,
09/21/2026,09:05:52:272,0.000000,0.000000,1,-119.04,-119.04,0,0,
09/21/2026,09:05:52:311,0.000000,0.000000,3,-124.84,-124.84,0,0,
09/21/2026,09:05:52:366,0.000000,0.000000,4,-80.14,-80.14,0,0,
09/21/2026,09:05:52:407,0.000000,0.000000,2,-121.88,-121.88,0,0,
09/21/2026,09:05:52:482,0.000000,0.000000,1,-120.66,-120.66,0,0,
09/21/2026,09:05:52:525,0.000000,0.000000,3,-125.27,-125.27,0,0,
09/21/2026,09:05:52:581,0.000000,0.000000,4,-75.61,-75.61,0,0,
09/21/2026,09:05:52:611,0.000000,0.000000,2,-124.81,-124.81,0,0,
09/21/2026,09:05:52:696,0.000000,0.000000,1,-120.06,-120.06,0,0,
09/21/2026,09:05:52:729,0.000000,0.000000,3,-125.1,-125.1,0,0,
09/21/2026,09:05:52:781,0.000000,0.000000,4,-86.16,-86.16,0,0,
09/21/2026,09:05:52:817,0.000000,0.000000,2,-124.51,-124.51,0,0,
09/21/2026,09:05:52:912,0.000000,0.000000,1,-118.23,-118.23,0,0,
09/21/2026,09:05:52:940,0.000000,0.000000,3,-122.64,-122.64,0,0,
09/21/2026,09:05:52:993,0.000000,0.000000,4,-82.46,-82.46,0,0,
09/21/2026,09:05:53:029,0.000000,0.000000,2,-122.84,-122.84,0,0,
09/21/2026,09:05:53:124,0.000000,0.000000,1,-119.14,-119.14,0,0,
09/21/2026,09:05:53:154,0.000000,0.000000,3,-125.2,-125.2,0,0,
09/21/2026,09:05:53:208,0.000000,0.000000,4,-81.18,-81.18,0,0,
09/21/2026,09:05:53:239,0.000000,0.000000,2,-123.37,-123.37,0,0,
09/21/2026,09:05:53:334,0.000000,0.000000,1,-119.8,-119.8,0,0,
09/21/2026,09:05:53:362,0.000000,0.000000,3,-123.67,-123.67,0,0,
09/21/2026,09:05:53:419,0.000000,0.000000,4,-85.97,-85.97,0,0,
09/21/2026,09:05:53:448,0.000000,0.000000,2,-122.14,-122.14,0,0,
09/21/2026,09:05:53:548,0.000000,0.000000,1,-119.94,-119.94,0,0,
09/21/2026,09:05:53:590,0.000000,0.000000,3,-124.83,-124.83,0,0,
09/21/2026,09:05:53:649,0.000000,0.000000,4,-82.57,-82.57,0,0,
09/21/2026,09:05:53:685,0.000000,0.000000,2,-121.84,-121.84,0,0,
09/21/2026,09:05:53:747,0.000000,0.000000,1,-118.85,-118.85,0,0,
09/21/2026,09:05:53:783,0.000000,0.000000,3,-125.8,-125.8,0,0,
09/21/2026,09:05:53:836,0.000000,0.000000,4,-77.02,-77.02,0,0,
09/21/2026,09:05:53:870,0.000000,0.000000,2,-125.13,-125.13,0,0,
09/21/2026,09:05:53:957,0.000000,0.000000,1,-117.72,-117.72,0,0,
09/21/2026,09:05:53:995,0.000000,0.000000,3,-123.1,-123.1,0,0,
09/21/2026,09:05:54:056,0.000000,0.000000,4,-72.39,-72.39,0,0,
09/21/2026,09:05:54:082,0.000000,0.000000,2,-123.91,-123.91,0,0,
09/21/2026,09:05:54:176,0.000000,0.000000,1,-120.92,-120.92,0,0,
09/21/2026,09:05:54:205,0.000000,0.000000,3,-124.07,-124.07,0,0,
09/21/2026,09:05:54:267,0.000000,0.000000,4,-76.48,-76.48,0,0,
09/21/2026,09:05:54:293,0.000000,0.000000,2,-127.54,-127.54,0,0,
09/21/2026,09:05:54:382,0.000000,0.000000,1,-118.55,-118.55,0,0,
09/21/2026,09:05:54:418,0.000000,0.000000,3,-125.76,-125.76,0,0,
09/21/2026,09:05:54:480,0.000000,0.000000,4,-85.46,-85.46,0,0,
09/21/2026,09:05:54:508,0.000000,0.000000,2,-122.33,-122.33,0,0,
09/21/2026,09:05:54:591,0.000000,0.000000,1,-118.85,-118.85,0,0,
09/21/2026,09:05:54:627,0.000000,0.000000,3,-126.2,-126.2,0,0,
09/21/2026,09:05:54:680,0.000000,0.000000,4,-81.56,-81.56,0,0,
09/21/2026,09:05:54:718,0.000000,0.000000,2,-123.71,-123.71,0,0,
09/21/2026,09:05:54:841,0.000000,0.000000,1,-117.3,-117.3,0,0,
09/21/2026,09:05:54:845,0.000000,0.000000,3,-122.49,-122.49,0,0,
09/21/2026,09:05:54:889,0.000000,0.000000,4,-86.9,-86.9,0,0,
09/21/2026,09:05:54:929,0.000000,0.000000,2,-122.96,-122.96,0,0,
09/21/2026,09:05:55:014,0.000000,0.000000,1,-119.02,-119.02,0,0,
09/21/2026,09:05:55:052,0.000000,0.000000,3,-123.03,-123.03,0,0,
09/21/2026,09:05:55:100,0.000000,0.000000,4,-81.37,-81.37,0,0,
09/21/2026,09:05:55:141,0.000000,0.000000,2,-125.63,-125.63,0,0,
09/21/2026,09:05:55:241,0.000000,0.000000,1,-119.14,-119.14,0,0,
09/21/2026,09:05:55:266,0.000000,0.000000,3,-123.81,-123.81,0,0,
09/21/2026,09:05:55:318,0.000000,0.000000,4,-83.58,-83.58,0,0,
09/21/2026,09:05:55:354,0.000000,0.000000,2,-124.45,-124.45,0,0,
09/21/2026,09:05:55:465,0.000000,0.000000,1,-118.32,-118.32,0,0,
09/21/2026,09:05:55:476,0.000000,0.000000,3,-126.08,-126.08,0,0,
09/21/2026,09:05:55:530,0.000000,0.000000,4,-81.47,-81.47,0,0,
09/21/2026,09:05:55:564,0.000000,0.000000,2,-123.4,-123.4,0,0,
09/21/2026,09:05:55:656,0.000000,0.000000,1,-119.51,-119.51,0,0,
09/21/2026,09:05:55:693,0.000000,0.000000,3,-124.26,-124.26,0,0,
09/21/2026,09:05:55:738,0.000000,0.000000,4,-86.58,-86.58,0,0,
09/21/2026,09:05:55:777,0.000000,0.000000,2,-125.77,-125.77,0,0,
09/21/2026,09:05:55:858,0.000000,0.000000,1,-118.97,-118.97,0,0,
09/21/2026,09:05:55:901,0.000000,0.000000,3,-122.8,-122.8,0,0,
09/21/2026,09:05:55:947,0.000000,0.000000,4,-77.73,-77.73,0,0,
09/21/2026,09:05:55:989,0.000000,0.000000,2,-122.86,-122.86,0,0,
09/21/2026,09:05:56:071,0.000000,0.000000,1,-121.08,-121.08,0,0,
09/21/2026,09:05:56:120,0.000000,0.000000,3,-125.12,-125.12,0,0,
09/21/2026,09:05:56:161,0.000000,0.000000,4,-85.99,-85.99,0,0,
09/21/2026,09:05:56:201,0.000000,0.000000,2,-123.41,-123.41,0,0,
09/21/2026,09:05:56:291,0.000000,0.000000,1,-116.85,-116.85,0,0,
09/21/2026,09:05:56:316,0.000000,0.000000,3,-125.68,-125.68,0,0,
09/21/2026,09:05:56:376,0.000000,0.000000,4,-79.57,-79.57,0,0,
09/21/2026,09:05:56:413,0.000000,0.000000,2,-125.39,-125.39,0,0,
09/21/2026,09:05:56:491,0.000000,0.000000,1,-119.45,-119.45,0,0,
09/21/2026,09:05:56:529,0.000000,0.000000,3,-123.63,-123.63,0,0,
09/21/2026,09:05:56:581,0.000000,0.000000,4,-88.43,-88.43,0,0,
09/21/2026,09:05:56:626,0.000000,0.000000,2,-122.85,-122.85,0,0,
09/21/2026,09:05:56:725,0.000000,0.000000,1,-121.66,-121.66,0,0,
09/21/2026,09:05:56:737,0.000000,0.000000,3,-124.01,-124.01,0,0,
09/21/2026,09:05:56:788,0.000000,0.000000,4,-85.28,-85.28,0,0,
09/21/2026,09:05:56:930,0.000000,0.000000,2,-124.33,-124.33,0,0,
09/21/2026,09:05:56:954,0.000000,0.000000,1,-119.39,-119.39,0,0,
09/21/2026,09:05:56:967,0.000000,0.000000,3,-125.42,-125.42,0,0,
09/21/2026,09:05:57:005,0.000000,0.000000,4,-88.05,-88.05,0,0,
09/21/2026,09:05:57:037,0.000000,0.000000,2,-121.71,-121.71,0,0,
09/21/2026,09:05:57:126,0.000000,0.000000,1,-119.02,-119.02,0,0,
09/21/2026,09:05:57:164,0.000000,0.000000,3,-124.31,-124.31,0,0,
09/21/2026,09:05:57:215,0.000000,0.000000,4,-81.87,-81.87,0,0,
09/21/2026,09:05:57:280,0.000000,0.000000,2,-121.84,-121.84,0,0,
09/21/2026,09:05:57:332,0.000000,0.000000,1,-119.89,-119.89,0,0,
09/21/2026,09:05:57:408,0.000000,0.000000,3,-125.57,-125.57,0,0,
09/21/2026,09:05:57:446,0.000000,0.000000,4,-76.1,-76.1,0,0,
09/21/2026,09:05:57:489,0.000000,0.000000,2,-124.96,-124.96,0,0,
09/21/2026,09:05:57:544,0.000000,0.000000,1,-120.94,-120.94,0,0,
09/21/2026,09:05:57:580,0.000000,0.000000,3,-123.6,-123.6,0,0,
09/21/2026,09:05:57:647,0.000000,0.000000,4,-87.1,-87.1,0,0,
09/21/2026,09:05:57:674,0.000000,0.000000,2,-121.38,-121.38,0,0,
09/21/2026,09:05:57:764,0.000000,0.000000,1,-119.92,-119.92,0,0,
09/21/2026,09:05:57:793,0.000000,0.000000,3,-123.92,-123.92,0,0,
09/21/2026,09:05:57:848,0.000000,0.000000,4,-81.73,-81.73,0,0,
09/21/2026,09:05:57:879,0.000000,0.000000,2,-123.58,-123.58,0,0,
09/21/2026,09:05:57:972,0.000000,0.000000,1,-119.54,-119.54,0,0,
09/21/2026,09:05:58:007,0.000000,0.000000,3,-123.28,-123.28,0,0,
09/21/2026,09:05:58:059,0.000000,0.000000,4,-81.01,-81.01,0,0,
09/21/2026,09:05:58:091,0.000000,0.000000,2,-122.37,-122.37,0,0,
09/21/2026,09:05:58:186,0.000000,0.000000,1,-120.26,-120.26,0,0,
09/21/2026,09:05:58:214,0.000000,0.000000,3,-123.7,-123.7,0,0,
09/21/2026,09:05:58:270,0.000000,0.000000,4,-93.21,-93.21,0,0,
09/21/2026,09:05:58:300,0.000000,0.000000,2,-123.54,-123.54,0,0,
09/21/2026,09:05:58:392,0.000000,0.000000,1,-119.68,-119.68,0,0,
09/21/2026,09:05:58:430,0.000000,0.000000,3,-123.49,-123.49,0,0,
09/21/2026,09:05:58:476,0.000000,0.000000,4,-85.72,-85.72,0,0,
09/21/2026,09:05:58:536,0.000000,0.000000,2,-124.15,-124.15,0,0,
09/21/2026,09:05:58:602,0.000000,0.000000,1,-119.64,-119.64,0,0,
09/21/2026,09:05:58:634,0.000000,0.000000,3,-123.03,-123.03,0,0,
09/21/2026,09:05:58:690,0.000000,0.000000,4,-82.16,-82.16,0,0,
09/21/2026,09:05:58:723,0.000000,0.000000,2,-122.98,-122.98,0,0,
09/21/2026,09:05:58:820,0.000000,0.000000,1,-120.07,-120.07,0,0,
09/21/2026,09:05:58:850,0.000000,0.000000,3,-124.32,-124.32,0,0,
09/21/2026,09:05:58:897,0.000000,0.000000,4,-88.24,-88.24,0,0,
09/21/2026,09:05:58:934,0.000000,0.000000,2,-122.29,-122.29,0,0,
09/21/2026,09:05:59:031,0.000000,0.000000,1,-118.53,-118.53,0,0,
09/21/2026,09:05:59:073,0.000000,0.000000,3,-123.49,-123.49,0,0,
09/21/2026,09:05:59:134,0.000000,0.000000,4,-81.71,-81.71,0,0,
09/21/2026,09:05:59:151,0.000000,0.000000,2,-124.11,-124.11,0,0,
09/21/2026,09:05:59:283,0.000000,0.000000,1,-121.09,-121.09,0,0,
09/21/2026,09:05:59:407,0.000000,0.000000,3,-124.75,-124.75,0,0,
09/21/2026,09:05:59:417,0.000000,0.000000,4,-77.78,-77.78,0,0,
09/21/2026,09:05:59:489,0.000000,0.000000,2,-122.49,-122.49,0,0,
09/21/2026,09:05:59:575,0.000000,0.000000,1,-119.88,-119.88,0,0,
09/21/2026,09:05:59:578,0.000000,0.000000,3,-122.26,-122.26,0,0,
09/21/2026,09:05:59:590,0.000000,0.000000,4,-80.06,-80.06,0,0,
09/21/2026,09:05:59:637,0.000000,0.000000,2,-124.02,-124.02,0,0,
09/21/2026,09:05:59:662,0.000000,0.000000,1,-118.14,-118.14,0,0,
09/21/2026,09:05:59:706,0.000000,0.000000,3,-125.69,-125.69,0,0,
09/21/2026,09:05:59:770,0.000000,0.000000,4,-83.62,-83.62,0,0,
09/21/2026,09:05:59:775,0.000000,0.000000,2,-124.29,-124.29,0,0,
09/21/2026,09:05:59:865,0.000000,0.000000,1,-118.59,-118.59,0,0,
09/21/2026,09:05:59:908,0.000000,0.000000,3,-124.13,-124.13,0,0,
09/21/2026,09:05:59:959,0.000000,0.000000,4,-80.06,-80.06,0,0,
09/21/2026,09:05:59:987,0.000000,0.000000,2,-125.42,-125.42,0,0,
09/21/2026,09:06:00:076,0.000000,0.000000,1,-119.03,-119.03,0,0,
09/21/2026,09:06:00:115,0.000000,0.000000,3,-125.03,-125.03,0,0,
09/21/2026,09:06:00:162,0.000000,0.000000,4,-78.38,-78.38,0,0,
09/21/2026,09:06:00:208,0.000000,0.000000,2,-122.33,-122.33,0,0,
09/21/2026,09:06:00:289,0.000000,0.000000,1,-119.44,-119.44,0,0,
09/21/2026,09:06:00:322,0.000000,0.000000,3,-126.83,-126.83,0,0,
09/21/2026,09:06:00:378,0.000000,0.000000,4,-81.84,-81.84,0,0,
09/21/2026,09:06:00:417,0.000000,0.000000,2,-124.09,-124.09,0,0,
09/21/2026,09:06:00:502,0.000000,0.000000,1,-116.99,-116.99,0,0,
09/21/2026,09:06:00:533,0.000000,0.000000,3,-126.68,-126.68,0,0,
09/21/2026,09:06:00:585,0.000000,0.000000,4,-93.47,-93.47,0,0,
09/21/2026,09:06:00:619,0.000000,0.000000,2,-124.35,-124.35,0,0,
09/21/2026,09:06:00:710,0.000000,0.000000,1,-118.89,-118.89,0,0,
09/21/2026,09:06:00:746,0.000000,0.000000,3,-124.97,-124.97,0,0,
09/21/2026,09:06:00:796,0.000000,0.000000,4,-88.33,-88.33,0,0,
09/21/2026,09:06:00:840,0.000000,0.000000,2,-123.57,-123.57,0,0,
09/21/2026,09:06:00:928,0.000000,0.000000,1,-118.88,-118.88,0,0,
09/21/2026,09:06:00:963,0.000000,0.000000,3,-124.49,-124.49,0,0,
09/21/2026,09:06:01:009,0.000000,0.000000,4,-83.42,-83.42,0,0,
09/21/2026,09:06:01:071,0.000000,0.000000,2,-122.87,-122.87,0,0,
09/21/2026,09:06:01:149,0.000000,0.000000,1,-121.1,-121.1,0,0,
09/21/2026,09:06:01:188,0.000000,0.000000,3,-125.23,-125.23,0,0,
09/21/2026,09:06:01:248,0.000000,0.000000,4,-85.52,-85.52,0,0,
09/21/2026,09:06:01:260,0.000000,0.000000,2,-124.83,-124.83,0,0,
09/21/2026,09:06:01:346,0.000000,0.000000,1,-120.71,-120.71,0,0,
09/21/2026,09:06:01:389,0.000000,0.000000,3,-123.91,-123.91,0,0,
09/21/2026,09:06:01:429,0.000000,0.000000,4,-91.5,-91.5,0,0,
09/21/2026,09:06:01:470,0.000000,0.000000,2,-122.9,-122.9,0,0,
09/21/2026,09:06:01:554,0.000000,0.000000,1,-120.64,-120.64,0,0,
09/21/2026,09:06:01:596,0.000000,0.000000,3,-123.88,-123.88,0,0,
09/21/2026,09:06:01:643,0.000000,0.000000,4,-86.55,-86.55,0,0,
09/21/2026,09:06:01:675,0.000000,0.000000,2,-125.08,-125.08,0,0,
09/21/2026,09:06:01:766,0.000000,0.000000,1,-119.65,-119.65,0,0,
09/21/2026,09:06:01:803,0.000000,0.000000,3,-122.78,-122.78,0,0,
09/21/2026,09:06:01:850,0.000000,0.000000,4,-87.89,-87.89,0,0,
09/21/2026,09:06:01:884,0.000000,0.000000,2,-125.41,-125.41,0,0,
09/21/2026,09:06:02:076,0.000000,0.000000,1,-120.15,-120.15,0,0,
09/21/2026,09:06:02:085,0.000000,0.000000,3,-125.46,-125.46,0,0,
09/21/2026,09:06:02:099,0.000000,0.000000,4,-84.91,-84.91,0,0,
09/21/2026,09:06:02:110,0.000000,0.000000,2,-124.3,-124.3,0,0,
09/21/2026,09:06:02:185,0.000000,0.000000,1,-119.38,-119.38,0,0,
09/21/2026,09:06:02:226,0.000000,0.000000,3,-121.75,-121.75,0,0,
09/21/2026,09:06:02:276,0.000000,0.000000,4,-84.65,-84.65,0,0,
09/21/2026,09:06:02:310,0.000000,0.000000,2,-123.96,-123.96,0,0,
09/21/2026,09:06:02:399,0.000000,0.000000,1,-122.18,-122.18,0,0,
09/21/2026,09:06:02:438,0.000000,0.000000,3,-123.87,-123.87,0,0,
09/21/2026,09:06:02:521,0.000000,0.000000,4,-84.07,-84.07,0,0,
09/21/2026,09:06:02:525,0.000000,0.000000,2,-124.32,-124.32,0,0,
09/21/2026,09:06:02:616,0.000000,0.000000,1,-121.93,-121.93,0,0,
09/21/2026,09:06:02:643,0.000000,0.000000,3,-123.29,-123.29,0,0,
09/21/2026,09:06:02:728,0.000000,0.000000,4,-91.82,-91.82,0,0,
09/21/2026,09:06:02:735,0.000000,0.000000,2,-124.83,-124.83,0,0,
09/21/2026,09:06:02:833,0.000000,0.000000,1,-120.4,-120.4,0,0,
09/21/2026,09:06:02:871,0.000000,0.000000,3,-125.15,-125.15,0,0,
09/21/2026,09:06:02:924,0.000000,0.000000,4,-82.52,-82.52,0,0,
09/21/2026,09:06:02:968,0.000000,0.000000,2,-125.01,-125.01,0,0,
09/21/2026,09:06:03:041,0.000000,0.000000,1,-118.28,-118.28,0,0,
09/21/2026,09:06:03:068,0.000000,0.000000,3,-125.55,-125.55,0,0,
09/21/2026,09:06:03:128,0.000000,0.000000,4,-84.81,-84.81,0,0,
09/21/2026,09:06:03:157,0.000000,0.000000,2,-124.04,-124.04,0,0,
09/21/2026,09:06:03:239,0.000000,0.000000,1,-121.8,-121.8,0,0,
09/21/2026,09:06:03:279,0.000000,0.000000,3,-123.46,-123.46,0,0,
09/21/2026,09:06:03:342,0.000000,0.000000,4,-85.16,-85.16,0,0,
09/21/2026,09:06:03:363,0.000000,0.000000,2,-124.35,-124.35,0,0,
09/21/2026,09:06:03:454,0.000000,0.000000,1,-118.21,-118.21,0,0,
09/21/2026,09:06:03:495,0.000000,0.000000,3,-124.5,-124.5,0,0,
09/21/2026,09:06:03:537,0.000000,0.000000,4,-84.01,-84.01,0,0,
09/21/2026,09:06:03:573,0.000000,0.000000,2,-123.29,-123.29,0,0,
09/21/2026,09:06:03:667,0.000000,0.000000,1,-120.51,-120.51,0,0,
09/21/2026,09:06:03:699,0.000000,0.000000,3,-123.96,-123.96,0,0,
09/21/2026,09:06:30:887,0.000000,0.000000,1,-119.04,-119.04,0,0,
09/21/2026,09:06:30:929,0.000000,0.000000,3,-123.16,-123.16,0,0,
09/21/2026,09:06:30:958,0.000000,0.000000,4,-85.55,-85.55,0,0,
09/21/2026,09:06:31:012,0.000000,0.000000,2,-124.98,-124.98,0,0,
09/21/2026,09:06:31:082,0.000000,0.000000,1,-119.34,-119.34,0,0,
09/21/2026,09:06:31:119,0.000000,0.000000,3,-127.1,-127.1,0,0,
09/21/2026,09:06:31:171,0.000000,0.000000,4,-89.28,-89.28,0,0,
09/21/2026,09:06:31:213,0.000000,0.000000,2,-122.34,-122.34,0,0,
09/21/2026,09:06:31:294,0.000000,0.000000,1,-119.85,-119.85,0,0,
09/21/2026,09:06:31:331,0.000000,0.000000,3,-124.5,-124.5,0,0,
09/21/2026,09:06:31:391,0.000000,0.000000,4,-93.96,-93.96,0,0,
09/21/2026,09:06:31:421,0.000000,0.000000,2,-124.02,-124.02,0,0,
09/21/2026,09:06:31:507,0.000000,0.000000,1,-118.48,-118.48,0,0,
09/21/2026,09:06:31:545,0.000000,0.000000,3,-122,-122,0,0,
09/21/2026,09:06:31:593,0.000000,0.000000,4,-89.44,-89.44,0,0,
09/21/2026,09:06:31:634,0.000000,0.000000,2,-122.37,-122.37,0,0,
09/21/2026,09:06:31:719,0.000000,0.000000,1,-122.01,-122.01,0,0,
09/21/2026,09:06:31:755,0.000000,0.000000,3,-122.99,-122.99,0,0,
09/21/2026,09:06:31:804,0.000000,0.000000,4,-85.77,-85.77,0,0,
09/21/2026,09:06:31:839,0.000000,0.000000,2,-124.77,-124.77,0,0,
09/21/2026,09:06:31:942,0.000000,0.000000,1,-118.46,-118.46,0,0,
09/21/2026,09:06:31:963,0.000000,0.000000,3,-123.43,-123.43,0,0,
09/21/2026,09:06:32:013,0.000000,0.000000,4,-91.59,-91.59,0,0,
09/21/2026,09:06:32:057,0.000000,0.000000,2,-123.69,-123.69,0,0,
09/21/2026,09:06:32:137,0.000000,0.000000,1,-119.58,-119.58,0,0,
09/21/2026,09:06:32:174,0.000000,0.000000,3,-123.79,-123.79,0,0,
09/21/2026,09:06:32:229,0.000000,0.000000,4,-83.34,-83.34,0,0,
09/21/2026,09:06:32:262,0.000000,0.000000,2,-123.54,-123.54,0,0,
09/21/2026,09:06:32:352,0.000000,0.000000,1,-119.37,-119.37,0,0,
09/21/2026,09:06:32:388,0.000000,0.000000,3,-124.4,-124.4,0,0,
09/21/2026,09:06:32:465,0.000000,0.000000,4,-87.25,-87.25,0,0,
09/21/2026,09:06:32:473,0.000000,0.000000,2,-124.05,-124.05,0,0,
09/21/2026,09:06:32:560,0.000000,0.000000,1,-117.76,-117.76,0,0,
09/21/2026,09:06:32:596,0.000000,0.000000,3,-125,-125,0,0,
09/21/2026,09:06:32:647,0.000000,0.000000,4,-98.4,-98.4,0,0,
09/21/2026,09:06:32:727,0.000000,0.000000,2,-122.08,-122.08,0,0,
09/21/2026,09:06:32:776,0.000000,0.000000,1,-119.86,-119.86,0,0,
09/21/2026,09:06:32:813,0.000000,0.000000,3,-124.25,-124.25,0,0,
09/21/2026,09:06:32:861,0.000000,0.000000,4,-86.32,-86.32,0,0,
09/21/2026,09:06:32:892,0.000000,0.000000,2,-125.31,-125.31,0,0,
09/21/2026,09:06:32:985,0.000000,0.000000,1,-118.77,-118.77,0,0,
09/21/2026,09:06:33:024,0.000000,0.000000,3,-125.35,-125.35,0,0,
09/21/2026,09:06:33:079,0.000000,0.000000,4,-84.24,-84.24,0,0,
09/21/2026,09:06:33:107,0.000000,0.000000,2,-122.64,-122.64,0,0,
09/21/2026,09:06:33:202,0.000000,0.000000,1,-119.25,-119.25,0,0,
09/21/2026,09:06:33:230,0.000000,0.000000,3,-125.17,-125.17,0,0,
09/21/2026,09:06:33:285,0.000000,0.000000,4,-85.82,-85.82,0,0,
09/21/2026,09:06:33:396,0.000000,0.000000,2,-122.36,-122.36,0,0,
09/21/2026,09:06:33:413,0.000000,0.000000,1,-119.77,-119.77,0,0,
09/21/2026,09:06:33:440,0.000000,0.000000,3,-123.56,-123.56,0,0,
09/21/2026,09:06:33:498,0.000000,0.000000,4,-97.49,-97.49,0,0,
09/21/2026,09:06:33:533,0.000000,0.000000,2,-124.2,-124.2,0,0,
09/21/2026,09:06:33:616,0.000000,0.000000,1,-119.59,-119.59,0,0,
09/21/2026,09:06:33:658,0.000000,0.000000,3,-124.54,-124.54,0,0,
09/21/2026,09:06:33:704,0.000000,0.000000,4,-83.52,-83.52,0,0,
09/21/2026,09:06:33:736,0.000000,0.000000,2,-121.86,-121.86,0,0,
09/21/2026,09:06:33:842,0.000000,0.000000,1,-118.88,-118.88,0,0,
09/21/2026,09:06:33:861,0.000000,0.000000,3,-125.61,-125.61,0,0,
09/21/2026,09:06:33:917,0.000000,0.000000,4,-83.6,-83.6,0,0,
09/21/2026,09:06:33:947,0.000000,0.000000,2,-125.08,-125.08,0,0,
09/21/2026,09:06:34:042,0.000000,0.000000,1,-120.15,-120.15,0,0,
09/21/2026,09:06:34:078,0.000000,0.000000,3,-124.05,-124.05,0,0,
09/21/2026,09:06:34:125,0.000000,0.000000,4,-81.04,-81.04,0,0,
09/21/2026,09:06:34:159,0.000000,0.000000,2,-125.83,-125.83,0,0,
09/21/2026,09:06:34:248,0.000000,0.000000,1,-119.29,-119.29,0,0,
09/21/2026,09:06:34:283,0.000000,0.000000,3,-123.76,-123.76,0,0,
09/21/2026,09:06:34:340,0.000000,0.000000,4,-85.86,-85.86,0,0,
09/21/2026,09:06:34:370,0.000000,0.000000,2,-122,-122,0,0,
09/21/2026,09:06:34:498,0.000000,0.000000,1,-117.78,-117.78,0,0,
09/21/2026,09:06:34:528,0.000000,0.000000,3,-126.6,-126.6,0,0,
09/21/2026,09:06:34:579,0.000000,0.000000,4,-89.87,-89.87,0,0,
09/21/2026,09:06:34:583,0.000000,0.000000,2,-122.77,-122.77,0,0,
09/21/2026,09:06:34:703,0.000000,0.000000,1,-120.8,-120.8,0,0,
09/21/2026,09:06:34:716,0.000000,0.000000,3,-126.05,-126.05,0,0,
09/21/2026,09:06:34:756,0.000000,0.000000,4,-83.66,-83.66,0,0,
09/21/2026,09:06:34:792,0.000000,0.000000,2,-121.95,-121.95,0,0,
09/21/2026,09:06:34:879,0.000000,0.000000,1,-120.15,-120.15,0,0,
09/21/2026,09:06:34:919,0.000000,0.000000,3,-125.47,-125.47,0,0,
09/21/2026,09:06:34:965,0.000000,0.000000,4,-86.89,-86.89,0,0,
09/21/2026,09:06:35:005,0.000000,0.000000,2,-124.55,-124.55,0,0,
09/21/2026,09:06:35:092,0.000000,0.000000,1,-120.07,-120.07,0,0,
09/21/2026,09:06:35:129,0.000000,0.000000,3,-123.42,-123.42,0,0,
09/21/2026,09:06:35:178,0.000000,0.000000,4,-94.94,-94.94,0,0,
09/21/2026,09:06:35:214,0.000000,0.000000,2,-122.2,-122.2,0,0,
09/21/2026,09:06:35:301,0.000000,0.000000,1,-122.31,-122.31,0,0,
09/21/2026,09:06:35:343,0.000000,0.000000,3,-123.9,-123.9,0,0,
09/21/2026,09:06:35:390,0.000000,0.000000,4,-96.74,-96.74,0,0,
09/21/2026,09:06:35:426,0.000000,0.000000,2,-122.84,-122.84,0,0,
09/21/2026,09:06:35:514,0.000000,0.000000,1,-120.11,-120.11,0,0,
09/21/2026,09:06:35:554,0.000000,0.000000,3,-124.94,-124.94,0,0,
09/21/2026,09:06:35:602,0.000000,0.000000,4,-78.62,-78.62,0,0,
09/21/2026,09:06:35:653,0.000000,0.000000,2,-123.09,-123.09,0,0,
09/21/2026,09:06:35:729,0.000000,0.000000,1,-121.2,-121.2,0,0,
09/21/2026,09:06:35:801,0.000000,0.000000,3,-123.39,-123.39,0,0,
09/21/2026,09:06:35:812,0.000000,0.000000,4,-89.85,-89.85,0,0,
09/21/2026,09:06:35:855,0.000000,0.000000,2,-126.26,-126.26,0,0,
09/21/2026,09:06:35:936,0.000000,0.000000,1,-120.29,-120.29,0,0,
09/21/2026,09:06:35:979,0.000000,0.000000,3,-123.81,-123.81,0,0,
09/21/2026,09:06:36:021,0.000000,0.000000,4,-83.3,-83.3,0,0,
09/21/2026,09:06:36:069,0.000000,0.000000,2,-125.86,-125.86,0,0,
09/21/2026,09:06:36:153,0.000000,0.000000,1,-120.54,-120.54,0,0,
09/21/2026,09:06:36:195,0.000000,0.000000,3,-125.45,-125.45,0,0,
09/21/2026,09:06:36:237,0.000000,0.000000,4,-81.63,-81.63,0,0,
09/21/2026,09:06:36:275,0.000000,0.000000,2,-123.35,-123.35,0,0,
09/21/2026,09:06:36:363,0.000000,0.000000,1,-120.26,-120.26,0,0,
09/21/2026,09:06:36:394,0.000000,0.000000,3,-126.39,-126.39,0,0,
09/21/2026,09:06:36:447,0.000000,0.000000,4,-97.17,-97.17,0,0,
09/21/2026,09:06:36:481,0.000000,0.000000,2,-123.25,-123.25,0,0,
09/21/2026,09:06:36:577,0.000000,0.000000,1,-121.25,-121.25,0,0,
09/21/2026,09:06:36:620,0.000000,0.000000,3,-123.25,-123.25,0,0,
09/21/2026,09:06:36:701,0.000000,0.000000,4,-98.9,-98.9,0,0,
09/21/2026,09:06:36:708,0.000000,0.000000,2,-123.64,-123.64,0,0,
09/21/2026,09:06:36:780,0.000000,0.000000,1,-121.07,-121.07,0,0,
09/21/2026,09:06:36:831,0.000000,0.000000,3,-124.85,-124.85,0,0,
09/21/2026,09:06:36:866,0.000000,0.000000,4,-87.75,-87.75,0,0,
09/21/2026,09:06:36:919,0.000000,0.000000,2,-122.77,-122.77,0,0,
09/21/2026,09:06:36:990,0.000000,0.000000,1,-120.86,-120.86,0,0,
09/21/2026,09:06:37:025,0.000000,0.000000,3,-125.75,-125.75,0,0,
09/21/2026,09:06:37:088,0.000000,0.000000,4,-89.53,-89.53,0,0,
09/21/2026,09:06:37:115,0.000000,0.000000,2,-124.78,-124.78,0,0,
09/21/2026,09:06:37:217,0.000000,0.000000,1,-119.22,-119.22,0,0,
09/21/2026,09:06:37:246,0.000000,0.000000,3,-123.13,-123.13,0,0,
09/21/2026,09:06:37:296,0.000000,0.000000,4,-89.33,-89.33,0,0,
09/21/2026,09:06:37:343,0.000000,0.000000,2,-123.64,-123.64,0,0,
09/21/2026,09:06:37:419,0.000000,0.000000,1,-120.63,-120.63,0,0,
09/21/2026,09:06:37:454,0.000000,0.000000,3,-123.37,-123.37,0,0,
09/21/2026,09:06:37:499,0.000000,0.000000,4,-92.01,-92.01,0,0,
09/21/2026,09:06:37:533,0.000000,0.000000,2,-121.64,-121.64,0,0,
09/21/2026,09:06:37:625,0.000000,0.000000,1,-119.69,-119.69,0,0,
09/21/2026,09:06:47:804,0.000000,0.000000,3,-123.25,-123.25,0,0,
09/21/2026,09:06:47:837,0.000000,0.000000,4,-87.56,-87.56,0,0,
09/21/2026,09:06:47:879,0.000000,0.000000,2,-122.05,-122.05,0,0,
09/21/2026,09:06:47:967,0.000000,0.000000,1,-119.82,-119.82,0,0,
09/21/2026,09:06:47:999,0.000000,0.000000,3,-124.09,-124.09,0,0,
09/21/2026,09:06:48:055,0.000000,0.000000,4,-89.59,-89.59,0,0,
09/21/2026,09:06:48:085,0.000000,0.000000,2,-123.58,-123.58,0,0,
09/21/2026,09:06:48:176,0.000000,0.000000,1,-121.22,-121.22,0,0,
09/21/2026,09:06:48:224,0.000000,0.000000,3,-125.13,-125.13,0,0,
09/21/2026,09:06:48:261,0.000000,0.000000,4,-84.21,-84.21,0,0,
09/21/2026,09:06:48:296,0.000000,0.000000,2,-123.4,-123.4,0,0,
09/21/2026,09:06:48:385,0.000000,0.000000,1,-119.16,-119.16,0,0,
09/21/2026,09:06:48:417,0.000000,0.000000,3,-124.7,-124.7,0,0,
09/21/2026,09:06:48:474,0.000000,0.000000,4,-82.76,-82.76,0,0,
09/21/2026,09:06:48:507,0.000000,0.000000,2,-125.3,-125.3,0,0,
09/21/2026,09:06:48:593,0.000000,0.000000,1,-120.46,-120.46,0,0,
09/21/2026,09:06:48:627,0.000000,0.000000,3,-124.91,-124.91,0,0,
09/21/2026,09:06:48:700,0.000000,0.000000,4,-84.26,-84.26,0,0,
09/21/2026,09:06:48:823,0.000000,0.000000,2,-125.06,-125.06,0,0,
09/21/2026,09:06:48:841,0.000000,0.000000,1,-118.15,-118.15,0,0,
09/21/2026,09:06:48:849,0.000000,0.000000,3,-126,-126,0,0,
09/21/2026,09:06:48:898,0.000000,0.000000,4,-87.12,-87.12,0,0,
09/21/2026,09:06:48:928,0.000000,0.000000,2,-122.58,-122.58,0,0,
09/21/2026,09:06:49:017,0.000000,0.000000,1,-120.32,-120.32,0,0,
09/21/2026,09:06:49:056,0.000000,0.000000,3,-124.54,-124.54,0,0,
09/21/2026,09:06:49:103,0.000000,0.000000,4,-86.15,-86.15,0,0,
09/21/2026,09:06:49:145,0.000000,0.000000,2,-124.25,-124.25,0,0,
09/21/2026,09:06:49:265,0.000000,0.000000,1,-119.45,-119.45,0,0,
09/21/2026,09:06:49:272,0.000000,0.000000,3,-122.53,-122.53,0,0,
09/21/2026,09:06:49:311,0.000000,0.000000,4,-88.42,-88.42,0,0,
09/21/2026,09:06:49:358,0.000000,0.000000,2,-121.7,-121.7,0,0,
09/21/2026,09:06:49:454,0.000000,0.000000,1,-119.22,-119.22,0,0,
09/21/2026,09:06:49:494,0.000000,0.000000,3,-123.96,-123.96,0,0,
09/21/2026,09:06:49:539,0.000000,0.000000,4,-88.95,-88.95,0,0,
09/21/2026,09:06:49:563,0.000000,0.000000,2,-123.1,-123.1,0,0,
09/21/2026,09:06:49:651,0.000000,0.000000,1,-119.62,-119.62,0,0,
09/21/2026,09:06:49:684,0.000000,0.000000,3,-126.32,-126.32,0,0,
09/21/2026,09:06:49:742,0.000000,0.000000,4,-93.49,-93.49,0,0,
09/21/2026,09:06:49:768,0.000000,0.000000,2,-124.45,-124.45,0,0,
09/21/2026,09:06:49:864,0.000000,0.000000,1,-120.75,-120.75,0,0,
09/21/2026,09:06:49:895,0.000000,0.000000,3,-124.07,-124.07,0,0,
09/21/2026,09:06:49:944,0.000000,0.000000,4,-95.86,-95.86,0,0,
09/21/2026,09:06:49:989,0.000000,0.000000,2,-124.46,-124.46,0,0,
09/21/2026,09:06:50:075,0.000000,0.000000,1,-121.94,-121.94,0,0,
09/21/2026,09:06:50:104,0.000000,0.000000,3,-123.76,-123.76,0,0,
09/21/2026,09:06:50:158,0.000000,0.000000,4,-91.32,-91.32,0,0,
09/21/2026,09:06:50:197,0.000000,0.000000,2,-123.18,-123.18,0,0,
09/21/2026,09:06:50:281,0.000000,0.000000,1,-118.78,-118.78,0,0,
09/21/2026,09:06:50:316,0.000000,0.000000,3,-125.9,-125.9,0,0,
09/21/2026,09:06:50:373,0.000000,0.000000,4,-80.6,-80.6,0,0,
09/21/2026,09:06:50:403,0.000000,0.000000,2,-121.39,-121.39,0,0,
09/21/2026,09:06:50:492,0.000000,0.000000,1,-120.57,-120.57,0,0,
09/21/2026,09:06:50:528,0.000000,0.000000,3,-124.37,-124.37,0,0,
09/21/2026,09:06:50:576,0.000000,0.000000,4,-86.42,-86.42,0,0,
09/21/2026,09:06:50:622,0.000000,0.000000,2,-121.85,-121.85,0,0,
09/21/2026,09:06:50:706,0.000000,0.000000,1,-119.55,-119.55,0,0,
09/21/2026,09:06:50:744,0.000000,0.000000,3,-122.76,-122.76,0,0,
09/21/2026,09:06:50:788,0.000000,0.000000,4,-84.49,-84.49,0,0,
09/21/2026,09:06:50:825,0.000000,0.000000,2,-124.04,-124.04,0,0,
09/21/2026,09:06:50:918,0.000000,0.000000,1,-120.5,-120.5,0,0,
09/21/2026,09:06:50:951,0.000000,0.000000,3,-123.28,-123.28,0,0,
09/21/2026,09:06:50:998,0.000000,0.000000,4,-90.61,-90.61,0,0,
09/21/2026,09:06:51:035,0.000000,0.000000,2,-123.14,-123.14,0,0,
09/21/2026,09:06:51:182,0.000000,0.000000,1,-121.83,-121.83,0,0,
09/21/2026,09:06:51:189,0.000000,0.000000,3,-123.09,-123.09,0,0,
09/21/2026,09:06:51:229,0.000000,0.000000,4,-92.49,-92.49,0,0,
09/21/2026,09:06:51:280,0.000000,0.000000,2,-123.76,-123.76,0,0,
09/21/2026,09:06:51:350,0.000000,0.000000,1,-118.33,-118.33,0,0,
09/21/2026,09:06:51:384,0.000000,0.000000,3,-122.38,-122.38,0,0,
09/21/2026,09:06:51:431,0.000000,0.000000,4,-95.3,-95.3,0,0,
09/21/2026,09:06:51:478,0.000000,0.000000,2,-123.3,-123.3,0,0,
09/21/2026,09:06:51:547,0.000000,0.000000,1,-121.05,-121.05,0,0,
09/21/2026,09:06:51:582,0.000000,0.000000,3,-123.77,-123.77,0,0,
09/21/2026,09:06:51:631,0.000000,0.000000,4,-90.56,-90.56,0,0,
09/21/2026,09:06:51:676,0.000000,0.000000,2,-120.85,-120.85,0,0,
09/21/2026,09:06:51:769,0.000000,0.000000,1,-119.8,-119.8,0,0,
09/21/2026,09:06:51:798,0.000000,0.000000,3,-126.18,-126.18,0,0,
09/21/2026,09:06:51:847,0.000000,0.000000,4,-84.14,-84.14,0,0,
09/21/2026,09:06:51:888,0.000000,0.000000,2,-123.34,-123.34,0,0,
09/21/2026,09:06:51:973,0.000000,0.000000,1,-119.64,-119.64,0,0,
09/21/2026,09:06:52:004,0.000000,0.000000,3,-123.27,-123.27,0,0,
09/21/2026,09:06:52:055,0.000000,0.000000,4,-86.42,-86.42,0,0,
09/21/2026,09:06:52:094,0.000000,0.000000,2,-122.67,-122.67,0,0,
09/21/2026,09:06:52:179,0.000000,0.000000,1,-119.86,-119.86,0,0,
09/21/2026,09:06:52:215,0.000000,0.000000,3,-122.39,-122.39,0,0,
09/21/2026,09:06:52:270,0.000000,0.000000,4,-82.38,-82.38,0,0,
09/21/2026,09:06:52:300,0.000000,0.000000,2,-123.12,-123.12,0,0,
09/21/2026,09:06:52:390,0.000000,0.000000,1,-120.6,-120.6,0,0,
09/21/2026,09:06:52:440,0.000000,0.000000,3,-123.46,-123.46,0,0,
09/21/2026,09:06:52:474,0.000000,0.000000,4,-86.28,-86.28,0,0,
09/21/2026,09:06:52:511,0.000000,0.000000,2,-122.2,-122.2,0,0,
09/21/2026,09:06:52:600,0.000000,0.000000,1,-118.13,-118.13,0,0,
09/21/2026,09:06:52:642,0.000000,0.000000,3,-124.3,-124.3,0,0,
09/21/2026,09:06:52:689,0.000000,0.000000,4,-92.58,-92.58,0,0,
09/21/2026,09:06:52:727,0.000000,0.000000,2,-121.08,-121.08,0,0,
09/21/2026,09:06:52:819,0.000000,0.000000,1,-117.88,-117.88,0,0,
09/21/2026,09:06:52:853,0.000000,0.000000,3,-124.37,-124.37,0,0,
09/21/2026,09:06:52:903,0.000000,0.000000,4,-88.11,-88.11,0,0,
09/21/2026,09:06:52:936,0.000000,0.000000,2,-125.27,-125.27,0,0,
09/21/2026,09:06:53:035,0.000000,0.000000,1,-121.13,-121.13,0,0,
09/21/2026,09:06:53:081,0.000000,0.000000,3,-125.38,-125.38,0,0,
09/21/2026,09:06:53:129,0.000000,0.000000,4,-83.55,-83.55,0,0,
09/21/2026,09:06:53:167,0.000000,0.000000,2,-123.31,-123.31,0,0,
09/21/2026,09:06:53:255,0.000000,0.000000,1,-120.22,-120.22,0,0,
09/21/2026,09:06:53:268,0.000000,0.000000,3,-125.57,-125.57,0,0,
09/21/2026,09:06:53:344,0.000000,0.000000,4,-83.81,-83.81,0,0,
09/21/2026,09:06:53:363,0.000000,0.000000,2,-123.85,-123.85,0,0,
09/21/2026,09:06:53:451,0.000000,0.000000,1,-118.73,-118.73,0,0,
09/21/2026,09:06:53:483,0.000000,0.000000,3,-122.91,-122.91,0,0,
09/21/2026,09:06:53:531,0.000000,0.000000,4,-82.62,-82.62,0,0,
09/21/2026,09:06:53:567,0.000000,0.000000,2,-122.08,-122.08,0,0,
09/21/2026,09:06:53:662,0.000000,0.000000,1,-119.13,-119.13,0,0,
09/21/2026,09:06:53:718,0.000000,0.000000,3,-120.8,-120.8,0,0,
09/21/2026,09:06:53:747,0.000000,0.000000,4,-87.11,-87.11,0,0,
09/21/2026,09:06:53:779,0.000000,0.000000,2,-123.17,-123.17,0,0,
09/21/2026,09:06:53:969,0.000000,0.000000,1,-120.11,-120.11,0,0,
09/21/2026,09:06:53:972,0.000000,0.000000,3,-124.78,-124.78,0,0,
09/21/2026,09:06:53:984,0.000000,0.000000,4,-86.93,-86.93,0,0,
09/21/2026,09:06:53:992,0.000000,0.000000,2,-122.33,-122.33,0,0,
09/21/2026,09:06:54:078,0.000000,0.000000,1,-121.91,-121.91,0,0,
09/21/2026,09:06:54:119,0.000000,0.000000,3,-122.71,-122.71,0,0,
09/21/2026,09:06:54:173,0.000000,0.000000,4,-92.16,-92.16,0,0,
09/21/2026,09:06:54:199,0.000000,0.000000,2,-124.36,-124.36,0,0,
09/21/2026,09:06:54:288,0.000000,0.000000,1,-121.25,-121.25,0,0,
09/21/2026,09:06:54:328,0.000000,0.000000,3,-122.91,-122.91,0,0,
09/21/2026,09:06:54:378,0.000000,0.000000,4,-79.3,-79.3,0,0,
09/21/2026,09:06:54:409,0.000000,0.000000,2,-122.99,-122.99,0,0,
09/21/2026,09:06:54:498,0.000000,0.000000,1,-119.95,-119.95,0,0,
09/21/2026,09:06:54:547,0.000000,0.000000,3,-123.61,-123.61,0,0,
09/21/2026,09:06:54:588,0.000000,0.000000,4,-83.45,-83.45,0,0,
09/21/2026,09:06:54:621,0.000000,0.000000,2,-124.84,-124.84,0,0,
09/21/2026,09:06:54:715,0.000000,0.000000,1,-121.37,-121.37,0,0,
09/21/2026,09:06:54:746,0.000000,0.000000,3,-122.3,-122.3,0,0,
09/21/2026,09:06:54:811,0.000000,0.000000,4,-91.03,-91.03,0,0,
09/21/2026,09:06:54:868,0.000000,0.000000,2,-123.6,-123.6,0,0,
09/21/2026,09:06:54:934,0.000000,0.000000,1,-120.15,-120.15,0,0,
09/21/2026,09:06:55:029,0.000000,0.000000,3,-124.18,-124.18,0,0,
09/21/2026,09:06:55:039,0.000000,0.000000,4,-98.07,-98.07,0,0,
09/21/2026,09:06:55:080,0.000000,0.000000,2,-122.58,-122.58,0,0,
09/21/2026,09:06:55:158,0.000000,0.000000,1,-119.11,-119.11,0,0,
09/21/2026,09:06:55:166,0.000000,0.000000,3,-124.83,-124.83,0,0,
09/21/2026,09:06:55:220,0.000000,0.000000,4,-82.55,-82.55,0,0,
09/21/2026,09:06:55:254,0.000000,0.000000,2,-122.8,-122.8,0,0,
09/21/2026,09:06:55:346,0.000000,0.000000,1,-120.42,-120.42,0,0,
09/21/2026,09:06:55:386,0.000000,0.000000,3,-125.24,-125.24,0,0,
09/21/2026,09:06:55:430,0.000000,0.000000,4,-84.85,-84.85,0,0,
09/21/2026,09:06:55:465,0.000000,0.000000,2,-123.77,-123.77,0,0,
09/21/2026,09:06:55:560,0.000000,0.000000,1,-120.63,-120.63,0,0,
09/21/2026,09:06:55:605,0.000000,0.000000,3,-127.05,-127.05,0,0,
09/21/2026,09:06:55:648,0.000000,0.000000,4,-93.7,-93.7,0,0,
09/21/2026,09:06:55:681,0.000000,0.000000,2,-123.34,-123.34,0,0,
09/21/2026,09:06:55:764,0.000000,0.000000,1,-119.22,-119.22,0,0,
09/21/2026,09:06:55:813,0.000000,0.000000,3,-124.66,-124.66,0,0,
09/21/2026,09:06:55:861,0.000000,0.000000,4,-86.43,-86.43,0,0,
09/21/2026,09:06:55:890,0.000000,0.000000,2,-124.93,-124.93,0,0,
09/21/2026,09:06:55:975,0.000000,0.000000,1,-119.99,-119.99,0,0,
09/21/2026,09:06:56:012,0.000000,0.000000,3,-126.03,-126.03,0,0,
09/21/2026,09:06:56:069,0.000000,0.000000,4,-88.01,-88.01,0,0,
09/21/2026,09:06:56:106,0.000000,0.000000,2,-125.13,-125.13,0,0,
09/21/2026,09:06:56:186,0.000000,0.000000,1,-119.41,-119.41,0,0,
09/21/2026,09:06:56:221,0.000000,0.000000,3,-127.01,-127.01,0,0,
09/21/2026,09:06:56:300,0.000000,0.000000,4,-86.87,-86.87,0,0,
09/21/2026,09:06:56:308,0.000000,0.000000,2,-122.73,-122.73,0,0,
09/21/2026,09:06:56:400,0.000000,0.000000,1,-118.6,-118.6,0,0,
09/21/2026,09:06:56:433,0.000000,0.000000,3,-124.56,-124.56,0,0,
09/21/2026,09:06:56:487,0.000000,0.000000,4,-89.72,-89.72,0,0,
09/21/2026,09:06:56:525,0.000000,0.000000,2,-123.21,-123.21,0,0,
09/21/2026,09:06:56:607,0.000000,0.000000,1,-119.42,-119.42,0,0,
09/21/2026,09:06:56:644,0.000000,0.000000,3,-123.18,-123.18,0,0,
09/21/2026,09:06:56:703,0.000000,0.000000,4,-81.31,-81.31,0,0,
09/21/2026,09:06:56:730,0.000000,0.000000,2,-121.95,-121.95,0,0,
09/21/2026,09:06:56:823,0.000000,0.000000,1,-119.5,-119.5,0,0,
09/21/2026,09:06:56:867,0.000000,0.000000,3,-124.08,-124.08,0,0,
09/21/2026,09:06:56:911,0.000000,0.000000,4,-80.96,-80.96,0,0,
09/21/2026,09:06:56:958,0.000000,0.000000,2,-123.64,-123.64,0,0,
09/21/2026,09:06:57:059,0.000000,0.000000,1,-119.75,-119.75,0,0,
09/21/2026,09:06:57:066,0.000000,0.000000,3,-125.28,-125.28,0,0,
09/21/2026,09:06:57:137,0.000000,0.000000,4,-88.87,-88.87,0,0,
09/21/2026,09:06:57:152,0.000000,0.000000,2,-123.47,-123.47,0,0,
09/21/2026,09:06:57:242,0.000000,0.000000,1,-119.47,-119.47,0,0,
09/21/2026,09:06:57:279,0.000000,0.000000,3,-126.9,-126.9,0,0,
09/21/2026,09:06:57:331,0.000000,0.000000,4,-92.37,-92.37,0,0,
09/21/2026,09:06:57:364,0.000000,0.000000,2,-123.33,-123.33,0,0,
09/21/2026,09:06:57:457,0.000000,0.000000,1,-120.02,-120.02,0,0,
09/21/2026,09:06:57:493,0.000000,0.000000,3,-124.74,-124.74,0,0,
09/21/2026,09:06:57:570,0.000000,0.000000,4,-87.61,-87.61,0,0,
09/21/2026,09:06:57:584,0.000000,0.000000,2,-125.97,-125.97,0,0,
09/21/2026,09:06:57:663,0.000000,0.000000,1,-119.21,-119.21,0,0,
09/21/2026,09:06:57:700,0.000000,0.000000,3,-124.66,-124.66,0,0,
09/21/2026,09:06:57:751,0.000000,0.000000,4,-79.87,-79.87,0,0,
09/21/2026,09:06:57:795,0.000000,0.000000,2,-122.48,-122.48,0,0,
09/21/2026,09:06:57:882,0.000000,0.000000,1,-119.58,-119.58,0,0,
09/21/2026,09:06:57:925,0.000000,0.000000,3,-123.46,-123.46,0,0,
09/21/2026,09:06:57:961,0.000000,0.000000,4,-83.82,-83.82,0,0,
09/21/2026,09:06:58:001,0.000000,0.000000,2,-121.09,-121.09,0,0,
09/21/2026,09:06:58:087,0.000000,0.000000,1,-118.94,-118.94,0,0,
09/21/2026,09:06:58:123,0.000000,0.000000,3,-122.89,-122.89,0,0,
09/21/2026,09:06:58:177,0.000000,0.000000,4,-83.66,-83.66,0,0,
09/21/2026,09:06:58:216,0.000000,0.000000,2,-123.46,-123.46,0,0,
09/21/2026,09:06:58:303,0.000000,0.000000,1,-119.68,-119.68,0,0,
09/21/2026,09:06:58:344,0.000000,0.000000,3,-122.69,-122.69,0,0,
09/21/2026,09:06:58:383,0.000000,0.000000,4,-83.55,-83.55,0,0,
09/21/2026,09:06:58:418,0.000000,0.000000,2,-126.71,-126.71,0,0,
09/21/2026,09:06:58:520,0.000000,0.000000,1,-121.11,-121.11,0,0,
09/21/2026,09:06:58:546,0.000000,0.000000,3,-123.66,-123.66,0,0,
09/21/2026,09:06:58:601,0.000000,0.000000,4,-82.09,-82.09,0,0,
09/21/2026,09:06:58:631,0.000000,0.000000,2,-123.32,-123.32,0,0,
09/21/2026,09:06:58:730,0.000000,0.000000,1,-119.9,-119.9,0,0,
09/21/2026,09:06:58:772,0.000000,0.000000,3,-123.76,-123.76,0,0,
09/21/2026,09:06:58:820,0.000000,0.000000,4,-86.79,-86.79,0,0,
09/21/2026,09:06:58:861,0.000000,0.000000,2,-123.82,-123.82,0,0,
09/21/2026,09:06:58:950,0.000000,0.000000,1,-118.2,-118.2,0,0,
09/21/2026,09:06:58:987,0.000000,0.000000,3,-124.41,-124.41,0,0,
09/21/2026,09:06:59:106,0.000000,0.000000,4,-88.21,-88.21,0,0,
09/21/2026,09:06:59:130,0.000000,0.000000,2,-123.04,-123.04,0,0,
09/21/2026,09:06:59:152,0.000000,0.000000,1,-120.92,-120.92,0,0,
09/21/2026,09:06:59:191,0.000000,0.000000,3,-123.82,-123.82,0,0,
09/21/2026,09:06:59:227,0.000000,0.000000,4,-80.01,-80.01,0,0,
09/21/2026,09:06:59:270,0.000000,0.000000,2,-122.27,-122.27,0,0,
09/21/2026,09:06:59:355,0.000000,0.000000,1,-124.01,-124.01,0,0,
09/21/2026,09:06:59:387,0.000000,0.000000,3,-124.67,-124.67,0,0,
09/21/2026,09:06:59:450,0.000000,0.000000,4,-77.52,-77.52,0,0,
09/21/2026,09:06:59:491,0.000000,0.000000,2,-122.54,-122.54,0,0,
09/21/2026,09:06:59:561,0.000000,0.000000,1,-119.47,-119.47,0,0,
09/21/2026,09:06:59:600,0.000000,0.000000,3,-126.17,-126.17,0,0,
09/21/2026,09:06:59:666,0.000000,0.000000,4,-83.96,-83.96,0,0,
09/21/2026,09:06:59:683,0.000000,0.000000,2,-122.33,-122.33,0,0,
09/21/2026,09:06:59:781,0.000000,0.000000,1,-120.03,-120.03,0,0,
09/21/2026,09:06:59:810,0.000000,0.000000,3,-121.26,-121.26,0,0,
09/21/2026,09:06:59:867,0.000000,0.000000,4,-81.58,-81.58,0,0,
09/21/2026,09:06:59:897,0.000000,0.000000,2,-122.41,-122.41,0,0,
09/21/2026,09:06:59:991,0.000000,0.000000,1,-118.95,-118.95,0,0,
09/21/2026,09:07:00:019,0.000000,0.000000,3,-125.28,-125.28,0,0,
09/21/2026,09:07:00:069,0.000000,0.000000,4,-75.78,-75.78,0,0,
09/21/2026,09:07:00:122,0.000000,0.000000,2,-122.75,-122.75,0,0,
09/21/2026,09:07:00:195,0.000000,0.000000,1,-119.13,-119.13,0,0,
09/21/2026,09:07:00:231,0.000000,0.000000,3,-124.82,-124.82,0,0,
09/21/2026,09:07:00:281,0.000000,0.000000,4,-78.28,-78.28,0,0,
09/21/2026,09:07:00:321,0.000000,0.000000,2,-123.52,-123.52,0,0,
09/21/2026,09:07:00:406,0.000000,0.000000,1,-120.24,-120.24,0,0,
09/21/2026,09:07:00:448,0.000000,0.000000,3,-124.85,-124.85,0,0,
09/21/2026,09:07:00:491,0.000000,0.000000,4,-87.12,-87.12,0,0,
09/21/2026,09:07:00:553,0.000000,0.000000,2,-124.2,-124.2,0,0,
09/21/2026,09:07:00:632,0.000000,0.000000,1,-119.89,-119.89,0,0,
09/21/2026,09:07:00:688,0.000000,0.000000,3,-122.88,-122.88,0,0,
09/21/2026,09:07:00:725,0.000000,0.000000,4,-89.97,-89.97,0,0,
09/21/2026,09:07:00:776,0.000000,0.000000,2,-123.07,-123.07,0,0,
09/21/2026,09:07:00:832,0.000000,0.000000,1,-118.74,-118.74,0,0,
09/21/2026,09:07:00:868,0.000000,0.000000,3,-124.1,-124.1,0,0,
09/21/2026,09:07:00:914,0.000000,0.000000,4,-78.41,-78.41,0,0,
09/21/2026,09:07:00:950,0.000000,0.000000,2,-123.6,-123.6,0,0,
09/21/2026,09:07:01:038,0.000000,0.000000,1,-118.64,-118.64,0,0,
09/21/2026,09:07:01:073,0.000000,0.000000,3,-124.51,-124.51,0,0,
09/21/2026,09:07:01:125,0.000000,0.000000,4,-79.6,-79.6,0,0,
09/21/2026,09:07:01:164,0.000000,0.000000,2,-124.49,-124.49,0,0,
09/21/2026,09:07:01:248,0.000000,0.000000,1,-119.53,-119.53,0,0,
09/21/2026,09:07:01:283,0.000000,0.000000,3,-125.86,-125.86,0,0,
09/21/2026,09:07:01:354,0.000000,0.000000,4,-80.46,-80.46,0,0,
09/21/2026,09:07:01:379,0.000000,0.000000,2,-122.51,-122.51,0,0,
09/21/2026,09:07:01:464,0.000000,0.000000,1,-119.46,-119.46,0,0,
09/21/2026,09:07:01:502,0.000000,0.000000,3,-123.36,-123.36,0,0,
09/21/2026,09:07:01:547,0.000000,0.000000,4,-79.43,-79.43,0,0,
09/21/2026,09:07:01:587,0.000000,0.000000,2,-123.02,-123.02,0,0,
09/21/2026,09:07:01:671,0.000000,0.000000,1,-118.05,-118.05,0,0,
09/21/2026,09:07:01:708,0.000000,0.000000,3,-124.86,-124.86,0,0,
09/21/2026,09:07:01:765,0.000000,0.000000,4,-85.23,-85.23,0,0,
09/21/2026,09:07:01:795,0.000000,0.000000,2,-123.11,-123.11,0,0,
09/21/2026,09:07:01:886,0.000000,0.000000,1,-120.95,-120.95,0,0,
09/21/2026,09:07:01:918,0.000000,0.000000,3,-125.81,-125.81,0,0,
09/21/2026,09:07:01:970,0.000000,0.000000,4,-91.63,-91.63,0,0,
09/21/2026,09:07:02:008,0.000000,0.000000,2,-122.5,-122.5,0,0,
09/21/2026,09:07:02:097,0.000000,0.000000,1,-120.82,-120.82,0,0,
09/21/2026,09:07:02:133,0.000000,0.000000,3,-125.35,-125.35,0,0,
09/21/2026,09:07:02:189,0.000000,0.000000,4,-82.37,-82.37,0,0,
09/21/2026,09:07:02:217,0.000000,0.000000,2,-122.24,-122.24,0,0,
09/21/2026,09:07:02:318,0.000000,0.000000,1,-120.25,-120.25,0,0,
09/21/2026,09:07:02:364,0.000000,0.000000,3,-123.05,-123.05,0,0,
09/21/2026,09:07:02:405,0.000000,0.000000,4,-82.69,-82.69,0,0,
09/21/2026,09:07:02:448,0.000000,0.000000,2,-123.78,-123.78,0,0,
09/21/2026,09:07:02:541,0.000000,0.000000,1,-120.05,-120.05,0,0,
09/21/2026,09:07:02:550,0.000000,0.000000,3,-126,-126,0,0,
09/21/2026,09:07:02:628,0.000000,0.000000,4,-84.84,-84.84,0,0,
09/21/2026,09:07:02:636,0.000000,0.000000,2,-125.71,-125.71,0,0,
09/21/2026,09:07:02:725,0.000000,0.000000,1,-119.36,-119.36,0,0,
09/21/2026,09:07:02:761,0.000000,0.000000,3,-124.12,-124.12,0,0,
09/21/2026,09:07:02:813,0.000000,0.000000,4,-83.5,-83.5,0,0,
09/21/2026,09:07:02:850,0.000000,0.000000,2,-124.01,-124.01,0,0,
09/21/2026,09:07:02:936,0.000000,0.000000,1,-121.09,-121.09,0,0,
09/21/2026,09:07:02:974,0.000000,0.000000,3,-124.92,-124.92,0,0,
09/21/2026,09:07:03:031,0.000000,0.000000,4,-79.24,-79.24,0,0,
09/21/2026,09:07:03:067,0.000000,0.000000,2,-124.45,-124.45,0,0,
09/21/2026,09:07:03:148,0.000000,0.000000,1,-120.47,-120.47,0,0,
09/21/2026,09:07:03:187,0.000000,0.000000,3,-124.71,-124.71,0,0,
09/21/2026,09:07:03:233,0.000000,0.000000,4,-84.54,-84.54,0,0,
09/21/2026,09:07:03:284,0.000000,0.000000,2,-121.32,-121.32,0,0,
09/21/2026,09:07:03:362,0.000000,0.000000,1,-120.25,-120.25,0,0,
09/21/2026,09:07:03:398,0.000000,0.000000,3,-123.95,-123.95,0,0,
09/21/2026,09:07:03:445,0.000000,0.000000,4,-82.9,-82.9,0,0,
09/21/2026,09:07:03:481,0.000000,0.000000,2,-122.78,-122.78,0,0,
09/21/2026,09:07:03:569,0.000000,0.000000,1,-120.12,-120.12,0,0,
09/21/2026,09:07:03:612,0.000000,0.000000,3,-122.73,-122.73,0,0,
09/21/2026,09:07:03:663,0.000000,0.000000,4,-80.19,-80.19,0,0,
09/21/2026,09:07:03:692,0.000000,0.000000,2,-121.79,-121.79,0,0,
09/21/2026,09:07:03:782,0.000000,0.000000,1,-120.61,-120.61,0,0,
09/21/2026,09:07:03:816,0.000000,0.000000,3,-123.47,-123.47,0,0,
09/21/2026,09:07:03:866,0.000000,0.000000,4,-79.46,-79.46,0,0,
09/21/2026,09:07:03:905,0.000000,0.000000,2,-123.26,-123.26,0,0,
09/21/2026,09:07:03:994,0.000000,0.000000,1,-120.8,-120.8,0,0,
09/21/2026,09:07:04:029,0.000000,0.000000,3,-124.35,-124.35,0,0,
09/21/2026,09:07:04:083,0.000000,0.000000,4,-84.23,-84.23,0,0,
09/21/2026,09:07:04:128,0.000000,0.000000,2,-123.06,-123.06,0,0,
09/21/2026,09:07:04:289,0.000000,0.000000,1,-119.73,-119.73,0,0,
09/21/2026,09:07:04:335,0.000000,0.000000,3,-121.61,-121.61,0,0,
09/21/2026,09:07:04:378,0.000000,0.000000,4,-81.84,-81.84,0,0,
09/21/2026,09:07:04:418,0.000000,0.000000,2,-124.21,-124.21,0,0,
09/21/2026,09:07:04:472,0.000000,0.000000,1,-121.1,-121.1,0,0,
09/21/2026,09:07:04:480,0.000000,0.000000,3,-125.54,-125.54,0,0,
09/21/2026,09:07:04:515,0.000000,0.000000,4,-82.38,-82.38,0,0,
09/21/2026,09:07:04:554,0.000000,0.000000,2,-123.26,-123.26,0,0,
09/21/2026,09:07:04:624,0.000000,0.000000,1,-120.85,-120.85,0,0,
09/21/2026,09:07:04:661,0.000000,0.000000,3,-124.68,-124.68,0,0,
09/21/2026,09:07:04:716,0.000000,0.000000,4,-75.41,-75.41,0,0,
09/21/2026,09:07:04:745,0.000000,0.000000,2,-123.24,-123.24,0,0,
09/21/2026,09:07:04:836,0.000000,0.000000,1,-118.22,-118.22,0,0,
09/21/2026,09:07:04:884,0.000000,0.000000,3,-122.67,-122.67,0,0,
09/21/2026,09:07:04:924,0.000000,0.000000,4,-74.74,-74.74,0,0,
09/21/2026,09:07:04:959,0.000000,0.000000,2,-123.26,-123.26,0,0,
09/21/2026,09:07:05:049,0.000000,0.000000,1,-120.84,-120.84,0,0,
09/21/2026,09:07:05:085,0.000000,0.000000,3,-124.21,-124.21,0,0,
09/21/2026,09:07:05:137,0.000000,0.000000,4,-83.95,-83.95,0,0,
09/21/2026,09:07:05:170,0.000000,0.000000,2,-122.54,-122.54,0,0,
09/21/2026,09:07:05:264,0.000000,0.000000,1,-118.71,-118.71,0,0,
09/21/2026,09:07:05:307,0.000000,0.000000,3,-122.42,-122.42,0,0,
09/21/2026,09:07:05:346,0.000000,0.000000,4,-71.56,-71.56,0,0,
09/21/2026,09:07:05:379,0.000000,0.000000,2,-121.23,-121.23,0,0,
09/21/2026,09:07:05:476,0.000000,0.000000,1,-120.15,-120.15,0,0,
09/21/2026,09:07:05:504,0.000000,0.000000,3,-125.14,-125.14,0,0,
09/21/2026,09:07:05:558,0.000000,0.000000,4,-73.99,-73.99,0,0,
09/21/2026,09:07:05:589,0.000000,0.000000,2,-123.62,-123.62,0,0,
09/21/2026,09:07:05:687,0.000000,0.000000,1,-119.77,-119.77,0,0,
09/21/2026,09:07:05:719,0.000000,0.000000,3,-123.1,-123.1,0,0,
09/21/2026,09:07:05:773,0.000000,0.000000,4,-72.1,-72.1,0,0,
09/21/2026,09:07:05:805,0.000000,0.000000,2,-123.27,-123.27,0,0,
09/21/2026,09:07:05:904,0.000000,0.000000,1,-119.56,-119.56,0,0,
09/21/2026,09:07:05:927,0.000000,0.000000,3,-123.22,-123.22,0,0,
09/21/2026,09:07:05:986,0.000000,0.000000,4,-70.9,-70.9,0,0,
09/21/2026,09:07:06:027,0.000000,0.000000,2,-124.52,-124.52,0,0,
09/21/2026,09:07:06:133,0.000000,0.000000,1,-118.02,-118.02,0,0,
09/21/2026,09:07:06:142,0.000000,0.000000,3,-124.84,-124.84,0,0,
09/21/2026,09:07:06:200,0.000000,0.000000,4,-68.39,-68.39,0,0,
09/21/2026,09:07:06:246,0.000000,0.000000,2,-125.41,-125.41,0,0,
09/21/2026,09:07:06:335,0.000000,0.000000,1,-118.61,-118.61,0,0,
09/21/2026,09:07:06:377,0.000000,0.000000,3,-122.06,-122.06,0,0,
09/21/2026,09:07:06:423,0.000000,0.000000,4,-68.53,-68.53,0,0,
09/21/2026,09:07:06:452,0.000000,0.000000,2,-122.59,-122.59,0,0,
09/21/2026,09:07:06:528,0.000000,0.000000,1,-121.18,-121.18,0,0,
09/21/2026,09:07:06:559,0.000000,0.000000,3,-123.87,-123.87,0,0,
09/21/2026,09:07:06:613,0.000000,0.000000,4,-69.97,-69.97,0,0,
09/21/2026,09:07:06:654,0.000000,0.000000,2,-120.91,-120.91,0,0,
09/21/2026,09:07:06:737,0.000000,0.000000,1,-118.2,-118.2,0,0,
09/21/2026,09:07:06:777,0.000000,0.000000,3,-125.92,-125.92,0,0,
09/21/2026,09:07:06:825,0.000000,0.000000,4,-69.73,-69.73,0,0,
09/21/2026,09:07:06:859,0.000000,0.000000,2,-123.1,-123.1,0,0,
09/21/2026,09:07:06:962,0.000000,0.000000,1,-120.58,-120.58,0,0,
09/21/2026,09:07:06:980,0.000000,0.000000,3,-123.42,-123.42,0,0,
09/21/2026,09:07:07:038,0.000000,0.000000,4,-71.79,-71.79,0,0,
09/21/2026,09:07:07:071,0.000000,0.000000,2,-123.83,-123.83,0,0,
09/21/2026,09:07:07:164,0.000000,0.000000,1,-119.73,-119.73,0,0,
09/21/2026,09:07:07:194,0.000000,0.000000,3,-124.04,-124.04,0,0,
09/21/2026,09:07:07:259,0.000000,0.000000,4,-72.71,-72.71,0,0,
09/21/2026,09:07:07:286,0.000000,0.000000,2,-122.32,-122.32,0,0,
09/21/2026,09:07:07:369,0.000000,0.000000,1,-120.91,-120.91,0,0,
09/21/2026,09:07:07:404,0.000000,0.000000,3,-123.54,-123.54,0,0,
09/21/2026,09:07:07:462,0.000000,0.000000,4,-71.26,-71.26,0,0,
09/21/2026,09:07:07:489,0.000000,0.000000,2,-123.34,-123.34,0,0,
09/21/2026,09:07:07:583,0.000000,0.000000,1,-120.43,-120.43,0,0,
09/21/2026,09:07:07:616,0.000000,0.000000,3,-123.85,-123.85,0,0,
09/21/2026,09:07:07:670,0.000000,0.000000,4,-76.36,-76.36,0,0,
09/21/2026,09:07:07:709,0.000000,0.000000,2,-122.8,-122.8,0,0,
09/21/2026,09:07:07:789,0.000000,0.000000,1,-119.52,-119.52,0,0,
09/21/2026,09:07:07:829,0.000000,0.000000,3,-123.6,-123.6,0,0,
09/21/2026,09:07:07:875,0.000000,0.000000,4,-77.11,-77.11,0,0,
09/21/2026,09:07:07:942,0.000000,0.000000,2,-123.06,-123.06,0,0,
09/21/2026,09:07:08:003,0.000000,0.000000,1,-120.81,-120.81,0,0,
09/21/2026,09:07:08:054,0.000000,0.000000,3,-125.57,-125.57,0,0,
09/21/2026,09:07:08:099,0.000000,0.000000,4,-80.05,-80.05,0,0,
09/21/2026,09:07:08:139,0.000000,0.000000,2,-123.42,-123.42,0,0,
09/21/2026,09:07:08:223,0.000000,0.000000,1,-120.34,-120.34,0,0,
09/21/2026,09:07:08:268,0.000000,0.000000,3,-123.9,-123.9,0,0,
09/21/2026,09:07:08:301,0.000000,0.000000,4,-79.92,-79.92,0,0,
09/21/2026,09:07:08:336,0.000000,0.000000,2,-122.96,-122.96,0,0,
09/21/2026,09:07:08:422,0.000000,0.000000,1,-118.55,-118.55,0,0,
09/21/2026,09:07:08:458,0.000000,0.000000,3,-124.03,-124.03,0,0,
09/21/2026,09:07:08:514,0.000000,0.000000,4,-83.67,-83.67,0,0,
09/21/2026,09:07:08:547,0.000000,0.000000,2,-125.52,-125.52,0,0,
09/21/2026,09:07:08:636,0.000000,0.000000,1,-121.58,-121.58,0,0,
09/21/2026,09:07:08:678,0.000000,0.000000,3,-125.24,-125.24,0,0,
09/21/2026,09:07:08:724,0.000000,0.000000,4,-79.23,-79.23,0,0,
09/21/2026,09:07:08:756,0.000000,0.000000,2,-124.79,-124.79,0,0,
09/21/2026,09:07:08:842,0.000000,0.000000,1,-120.4,-120.4,0,0,
09/21/2026,09:07:08:885,0.000000,0.000000,3,-123.46,-123.46,0,0,
09/21/2026,09:07:08:933,0.000000,0.000000,4,-77.34,-77.34,0,0,
09/21/2026,09:07:08:967,0.000000,0.000000,2,-122.94,-122.94,0,0,
09/21/2026,09:07:09:078,0.000000,0.000000,1,-119.47,-119.47,0,0,
09/21/2026,09:07:09:090,0.000000,0.000000,3,-124.07,-124.07,0,0,
09/21/2026,09:07:09:141,0.000000,0.000000,4,-75.63,-75.63,0,0,
09/21/2026,09:07:09:180,0.000000,0.000000,2,-125.68,-125.68,0,0,
09/21/2026,09:07:09:271,0.000000,0.000000,1,-120.38,-120.38,0,0,
09/21/2026,09:07:09:397,0.000000,0.000000,3,-122.62,-122.62,0,0,
09/21/2026,09:07:09:413,0.000000,0.000000,4,-78.98,-78.98,0,0,
09/21/2026,09:07:09:425,0.000000,0.000000,2,-122.25,-122.25,0,0,
09/21/2026,09:07:09:475,0.000000,0.000000,1,-119.81,-119.81,0,0,
09/21/2026,09:07:09:519,0.000000,0.000000,3,-125.85,-125.85,0,0,
09/21/2026,09:07:09:566,0.000000,0.000000,4,-77.43,-77.43,0,0,
09/21/2026,09:07:09:601,0.000000,0.000000,2,-124.38,-124.38,0,0,
09/21/2026,09:07:09:688,0.000000,0.000000,1,-119.18,-119.18,0,0,
09/21/2026,09:07:09:731,0.000000,0.000000,3,-124.57,-124.57,0,0,
09/21/2026,09:07:09:773,0.000000,0.000000,4,-80.46,-80.46,0,0,
09/21/2026,09:07:09:809,0.000000,0.000000,2,-123.8,-123.8,0,0,
09/21/2026,09:07:09:924,0.000000,0.000000,1,-120.39,-120.39,0,0,
09/21/2026,09:07:09:935,0.000000,0.000000,3,-124.54,-124.54,0,0,
09/21/2026,09:07:10:024,0.000000,0.000000,4,-84.43,-84.43,0,0,
09/21/2026,09:07:10:032,0.000000,0.000000,2,-124.78,-124.78,0,0,
09/21/2026,09:07:10:110,0.000000,0.000000,1,-119.84,-119.84,0,0,
09/21/2026,09:07:10:159,0.000000,0.000000,3,-125.31,-125.31,0,0,
09/21/2026,09:07:10:198,0.000000,0.000000,4,-81.43,-81.43,0,0,
09/21/2026,09:07:10:239,0.000000,0.000000,2,-122.9,-122.9,0,0,
09/21/2026,09:07:10:320,0.000000,0.000000,1,-120.59,-120.59,0,0,
09/21/2026,09:07:10:360,0.000000,0.000000,3,-123.75,-123.75,0,0,
09/21/2026,09:07:10:414,0.000000,0.000000,4,-86.79,-86.79,0,0,
09/21/2026,09:07:10:449,0.000000,0.000000,2,-124.23,-124.23,0,0,
09/21/2026,09:07:10:531,0.000000,0.000000,1,-117.6,-117.6,0,0,
09/21/2026,09:07:10:565,0.000000,0.000000,3,-125.14,-125.14,0,0,
09/21/2026,09:07:10:618,0.000000,0.000000,4,-81.29,-81.29,0,0,
09/21/2026,09:07:10:653,0.000000,0.000000,2,-123.31,-123.31,0,0,
09/21/2026,09:07:10:744,0.000000,0.000000,1,-120.08,-120.08,0,0,
09/21/2026,09:07:10:777,0.000000,0.000000,3,-125.65,-125.65,0,0,
09/21/2026,09:07:10:829,0.000000,0.000000,4,-82.51,-82.51,0,0,
09/21/2026,09:07:10:864,0.000000,0.000000,2,-123.7,-123.7,0,0,
09/21/2026,09:07:10:969,0.000000,0.000000,1,-118.95,-118.95,0,0,
09/21/2026,09:07:10:993,0.000000,0.000000,3,-125.21,-125.21,0,0,
09/21/2026,09:07:11:047,0.000000,0.000000,4,-82.54,-82.54,0,0,
09/21/2026,09:07:11:076,0.000000,0.000000,2,-125.34,-125.34,0,0,
09/21/2026,09:07:11:167,0.000000,0.000000,1,-118.18,-118.18,0,0,
09/21/2026,09:07:11:215,0.000000,0.000000,3,-124.14,-124.14,0,0,
09/21/2026,09:07:11:261,0.000000,0.000000,4,-93.41,-93.41,0,0,
09/21/2026,09:07:11:286,0.000000,0.000000,2,-125.07,-125.07,0,0,
09/21/2026,09:07:11:382,0.000000,0.000000,1,-120.14,-120.14,0,0,
09/21/2026,09:07:11:412,0.000000,0.000000,3,-122.95,-122.95,0,0,
09/21/2026,09:07:11:470,0.000000,0.000000,4,-88.05,-88.05,0,0,
09/21/2026,09:07:11:500,0.000000,0.000000,2,-124.77,-124.77,0,0,
09/21/2026,09:07:11:598,0.000000,0.000000,1,-119.77,-119.77,0,0,
09/21/2026,09:07:11:631,0.000000,0.000000,3,-123.72,-123.72,0,0,
09/21/2026,09:07:11:692,0.000000,0.000000,4,-88.42,-88.42,0,0,
09/21/2026,09:07:11:764,0.000000,0.000000,2,-122.71,-122.71,0,0,
09/21/2026,09:07:11:852,0.000000,0.000000,1,-120.55,-120.55,0,0,
09/21/2026,09:07:11:905,0.000000,0.000000,3,-123.85,-123.85,0,0,
09/21/2026,09:07:11:950,0.000000,0.000000,4,-83.46,-83.46,0,0,
09/21/2026,09:07:11:990,0.000000,0.000000,2,-125.64,-125.64,0,0,
09/21/2026,09:07:12:097,0.000000,0.000000,1,-119.87,-119.87,0,0,
09/21/2026,09:07:12:139,0.000000,0.000000,3,-125.68,-125.68,0,0,
09/21/2026,09:07:12:197,0.000000,0.000000,4,-81.28,-81.28,0,0,
09/21/2026,09:07:12:268,0.000000,0.000000,2,-123.5,-123.5,0,0,
09/21/2026,09:07:12:346,0.000000,0.000000,1,-119.43,-119.43,0,0,
09/21/2026,09:07:12:401,0.000000,0.000000,3,-122.14,-122.14,0,0,
09/21/2026,09:07:12:444,0.000000,0.000000,4,-94.74,-94.74,0,0,
09/21/2026,09:07:12:502,0.000000,0.000000,2,-121.14,-121.14,0,0,
09/21/2026,09:07:12:603,0.000000,0.000000,1,-119.33,-119.33,0,0,
09/21/2026,09:07:12:650,0.000000,0.000000,3,-122.72,-122.72,0,0,
09/21/2026,09:07:12:700,0.000000,0.000000,4,-81.56,-81.56,0,0,
09/21/2026,09:07:12:748,0.000000,0.000000,2,-123.09,-123.09,0,0,
09/21/2026,09:07:12:859,0.000000,0.000000,1,-122.18,-122.18,0,0,
09/21/2026,09:07:12:928,0.000000,0.000000,3,-112.47,-112.47,0,0,
09/21/2026,09:07:12:985,0.000000,0.000000,4,-87.49,-87.49,0,0,
09/21/2026,09:07:13:012,0.000000,0.000000,2,-123.69,-123.69,0,0,
09/21/2026,09:07:13:098,0.000000,0.000000,1,-119.78,-119.78,0,0,
09/21/2026,09:07:13:132,0.000000,0.000000,3,-123.46,-123.46,0,0,
09/21/2026,09:07:13:201,0.000000,0.000000,4,-84.78,-84.78,0,0,
09/21/2026,09:07:13:251,0.000000,0.000000,2,-112.02,-112.02,0,0,
09/21/2026,09:07:13:328,0.000000,0.000000,1,-121.64,-121.64,0,0,
09/21/2026,09:07:13:374,0.000000,0.000000,3,-123.28,-123.28,0,0,
09/21/2026,09:07:13:417,0.000000,0.000000,4,-90.02,-90.02,0,0,
09/21/2026,09:07:13:453,0.000000,0.000000,2,-121.41,-121.41,0,0,
09/21/2026,09:07:13:553,0.000000,0.000000,1,-112.42,-112.42,0,0,
09/21/2026,09:07:13:585,0.000000,0.000000,3,-123.71,-123.71,0,0,
09/21/2026,09:07:13:649,0.000000,0.000000,4,-90.58,-90.58,0,0,
09/21/2026,09:07:13:682,0.000000,0.000000,2,-124.69,-124.69,0,0,
09/21/2026,09:07:13:775,0.000000,0.000000,1,-119.28,-119.28,0,0,
09/21/2026,09:07:13:818,0.000000,0.000000,3,-124.54,-124.54,0,0,
09/21/2026,09:07:13:881,0.000000,0.000000,4,-86.59,-86.59,0,0,
09/21/2026,09:07:13:925,0.000000,0.000000,2,-122.58,-122.58,0,0,
09/21/2026,09:07:13:991,0.000000,0.000000,1,-119.57,-119.57,0,0,
09/21/2026,09:07:14:038,0.000000,0.000000,3,-125.08,-125.08,0,0,
09/21/2026,09:07:14:068,0.000000,0.000000,4,-86.66,-86.66,0,0,
09/21/2026,09:07:14:102,0.000000,0.000000,2,-122.74,-122.74,0,0,
09/21/2026,09:07:14:200,0.000000,0.000000,1,-118.58,-118.58,0,0,
09/21/2026,09:07:14:246,0.000000,0.000000,3,-115.71,-115.71,0,0,
09/21/2026,09:07:14:310,0.000000,0.000000,4,-82.85,-82.85,0,0,
09/21/2026,09:07:14:360,0.000000,0.000000,2,-111.81,-111.81,0,0,
09/21/2026,09:07:14:538,0.000000,0.000000,1,-119.25,-119.25,0,0,
09/21/2026,09:07:14:546,0.000000,0.000000,3,-114.39,-114.39,0,0,
09/21/2026,09:07:14:557,0.000000,0.000000,4,-87.97,-87.97,0,0,
09/21/2026,09:07:14:567,0.000000,0.000000,2,-123.68,-123.68,0,0,
09/21/2026,09:07:14:658,0.000000,0.000000,1,-119.02,-119.02,0,0,
09/21/2026,09:07:14:701,0.000000,0.000000,3,-125.64,-125.64,0,0,
09/21/2026,09:07:14:742,0.000000,0.000000,4,-98.09,-98.09,0,0,
09/21/2026,09:07:14:804,0.000000,0.000000,2,-123.26,-123.26,0,0,
09/21/2026,09:07:14:866,0.000000,0.000000,1,-119.05,-119.05,0,0,
09/21/2026,09:07:14:911,0.000000,0.000000,3,-124.57,-124.57,0,0,
09/21/2026,09:07:14:952,0.000000,0.000000,4,-83.2,-83.2,0,0,
09/21/2026,09:07:15:002,0.000000,0.000000,2,-113.17,-113.17,0,0,
09/21/2026,09:07:15:089,0.000000,0.000000,1,-118.28,-118.28,0,0,
09/21/2026,09:07:15:125,0.000000,0.000000,3,-125.99,-125.99,0,0,
09/21/2026,09:07:15:174,0.000000,0.000000,4,-85.53,-85.53,0,0,
09/21/2026,09:07:15:209,0.000000,0.000000,2,-124.01,-124.01,0,0,
09/21/2026,09:07:15:306,0.000000,0.000000,1,-117.69,-117.69,0,0,
09/21/2026,09:07:15:337,0.000000,0.000000,3,-121.73,-121.73,0,0,
09/21/2026,09:07:15:406,0.000000,0.000000,4,-83.05,-83.05,0,0,
09/21/2026,09:07:15:517,0.000000,0.000000,2,-121.48,-121.48,0,0,
09/21/2026,09:07:15:529,0.000000,0.000000,1,-119.46,-119.46,0,0,
09/21/2026,09:07:15:566,0.000000,0.000000,3,-121.3,-121.3,0,0,
09/21/2026,09:07:15:608,0.000000,0.000000,4,-82.77,-82.77,0,0,
09/21/2026,09:07:15:651,0.000000,0.000000,2,-123.39,-123.39,0,0,
09/21/2026,09:07:15:728,0.000000,0.000000,1,-120.02,-120.02,0,0,
09/21/2026,09:07:15:760,0.000000,0.000000,3,-125.44,-125.44,0,0,
09/21/2026,09:07:15:807,0.000000,0.000000,4,-77.84,-77.84,0,0,
09/21/2026,09:07:15:843,0.000000,0.000000,2,-126.19,-126.19,0,0,
09/21/2026,09:07:15:937,0.000000,0.000000,1,-118.59,-118.59,0,0,
09/21/2026,09:07:15:968,0.000000,0.000000,3,-123.47,-123.47,0,0,
09/21/2026,09:07:16:022,0.000000,0.000000,4,-80.62,-80.62,0,0,
09/21/2026,09:07:16:056,0.000000,0.000000,2,-124.16,-124.16,0,0,
09/21/2026,09:07:16:141,0.000000,0.000000,1,-118.93,-118.93,0,0,
09/21/2026,09:07:16:183,0.000000,0.000000,3,-125.01,-125.01,0,0,
09/21/2026,09:07:16:228,0.000000,0.000000,4,-82.17,-82.17,0,0,
09/21/2026,09:07:16:269,0.000000,0.000000,2,-121.81,-121.81,0,0,
09/21/2026,09:07:16:357,0.000000,0.000000,1,-118.03,-118.03,0,0,
09/21/2026,09:07:16:397,0.000000,0.000000,3,-125.97,-125.97,0,0,
09/21/2026,09:07:16:438,0.000000,0.000000,4,-85.57,-85.57,0,0,
09/21/2026,09:07:16:474,0.000000,0.000000,2,-122.46,-122.46,0,0,
09/21/2026,09:07:16:573,0.000000,0.000000,1,-117.76,-117.76,0,0,
09/21/2026,09:07:16:600,0.000000,0.000000,3,-122.19,-122.19,0,0,
09/21/2026,09:07:16:650,0.000000,0.000000,4,-83.15,-83.15,0,0,
09/21/2026,09:07:16:685,0.000000,0.000000,2,-125.47,-125.47,0,0,
09/21/2026,09:07:16:785,0.000000,0.000000,1,-119.92,-119.92,0,0,
09/21/2026,09:07:16:813,0.000000,0.000000,3,-124.29,-124.29,0,0,
09/21/2026,09:07:16:865,0.000000,0.000000,4,-73.79,-73.79,0,0,
09/21/2026,09:07:16:901,0.000000,0.000000,2,-124.19,-124.19,0,0,
09/21/2026,09:07:16:992,0.000000,0.000000,1,-119.59,-119.59,0,0,
09/21/2026,09:07:17:027,0.000000,0.000000,3,-125.18,-125.18,0,0,
09/21/2026,09:07:17:077,0.000000,0.000000,4,-71.96,-71.96,0,0,
09/21/2026,09:07:17:121,0.000000,0.000000,2,-121.79,-121.79,0,0,
09/21/2026,09:07:17:196,0.000000,0.000000,1,-110.38,-110.38,0,0,
09/21/2026,09:07:17:233,0.000000,0.000000,3,-127.44,-127.44,0,0,
09/21/2026,09:07:17:312,0.000000,0.000000,4,-76.64,-76.64,0,0,
09/21/2026,09:07:17:320,0.000000,0.000000,2,-123.85,-123.85,0,0,
09/21/2026,09:07:17:407,0.000000,0.000000,1,-116.64,-116.64,0,0,
09/21/2026,09:07:17:443,0.000000,0.000000,3,-113.43,-113.43,0,0,
09/21/2026,09:07:17:494,0.000000,0.000000,4,-70.74,-70.74,0,0,
09/21/2026,09:07:17:530,0.000000,0.000000,2,-99.29,-99.29,0,0,
09/21/2026,09:07:17:629,0.000000,0.000000,1,-103.64,-103.64,0,0,
09/21/2026,09:07:17:655,0.000000,0.000000,3,-98.51,-98.51,0,0,
09/21/2026,09:07:17:704,0.000000,0.000000,4,-83.51,-83.51,0,0,
09/21/2026,09:07:17:741,0.000000,0.000000,2,-123.83,-123.83,0,0,
09/21/2026,09:07:17:830,0.000000,0.000000,1,-118.75,-118.75,0,0,
09/21/2026,09:07:17:867,0.000000,0.000000,3,-112.41,-112.41,0,0,
09/21/2026,09:07:17:928,0.000000,0.000000,4,-63.18,-63.18,0,0,
09/21/2026,09:07:17:955,0.000000,0.000000,2,-116.44,-116.44,0,0,
09/21/2026,09:07:18:044,0.000000,0.000000,1,-111.9,-111.9,0,0,
09/21/2026,09:07:18:078,0.000000,0.000000,3,-123.69,-123.69,0,0,
09/21/2026,09:07:18:128,0.000000,0.000000,4,-75.36,-75.36,0,0,
09/21/2026,09:07:18:168,0.000000,0.000000,2,-121.48,-121.48,0,0,
09/21/2026,09:07:18:272,0.000000,0.000000,1,-100.01,-100.01,0,0,
09/21/2026,09:07:18:287,0.000000,0.000000,3,-101.92,-101.92,0,0,
09/21/2026,09:07:18:340,0.000000,0.000000,4,-86.91,-86.91,0,0,
09/21/2026,09:07:18:384,0.000000,0.000000,2,-99.6,-99.6,0,0,
09/21/2026,09:07:18:463,0.000000,0.000000,1,-120.54,-120.54,0,0,
09/21/2026,09:07:18:498,0.000000,0.000000,3,-124.71,-124.71,0,0,
09/21/2026,09:07:18:553,0.000000,0.000000,4,-61.61,-61.61,0,0,
09/21/2026,09:07:18:587,0.000000,0.000000,2,-111.52,-111.52,0,0,
09/21/2026,09:07:18:674,0.000000,0.000000,1,-119.61,-119.61,0,0,
09/21/2026,09:07:18:710,0.000000,0.000000,3,-125.06,-125.06,0,0,
09/21/2026,09:07:18:767,0.000000,0.000000,4,-63.81,-63.81,0,0,
09/21/2026,09:07:18:795,0.000000,0.000000,2,-123.63,-123.63,0,0,
09/21/2026,09:07:18:890,0.000000,0.000000,1,-119.91,-119.91,0,0,
09/21/2026,09:07:18:930,0.000000,0.000000,3,-123.61,-123.61,0,0,
09/21/2026,09:07:18:976,0.000000,0.000000,4,-64.13,-64.13,0,0,
09/21/2026,09:07:19:009,0.000000,0.000000,2,-123.54,-123.54,0,0,
09/21/2026,09:07:19:099,0.000000,0.000000,1,-119.97,-119.97,0,0,
09/21/2026,09:07:19:136,0.000000,0.000000,3,-123.17,-123.17,0,0,
09/21/2026,09:07:19:356,0.000000,0.000000,4,-69.28,-69.28,0,0,
09/21/2026,09:07:19:361,0.000000,0.000000,2,-120.09,-120.09,0,0,
09/21/2026,09:07:19:492,0.000000,0.000000,1,-120.43,-120.43,0,0,
09/21/2026,09:07:19:506,0.000000,0.000000,3,-126.77,-126.77,0,0,
09/21/2026,09:07:19:555,0.000000,0.000000,4,-66.42,-66.42,0,0,
09/21/2026,09:07:19:674,0.000000,0.000000,2,-123.19,-123.19,0,0,
09/21/2026,09:07:20:159,0.000000,0.000000,1,-121.44,-121.44,0,0,
09/21/2026,09:07:20:168,0.000000,0.000000,3,-124.22,-124.22,0,0,
09/21/2026,09:07:20:214,0.000000,0.000000,4,-70.28,-70.28,0,0,
09/21/2026,09:07:20:228,0.000000,0.000000,2,-125.18,-125.18,0,0,
09/21/2026,09:07:20:242,0.000000,0.000000,1,-119.46,-119.46,0,0,
09/21/2026,09:07:20:250,0.000000,0.000000,3,-125.38,-125.38,0,0,
09/21/2026,09:07:20:262,0.000000,0.000000,4,-60.66,-60.66,0,0,
09/21/2026,09:07:20:285,0.000000,0.000000,2,-123.26,-123.26,0,0,
09/21/2026,09:07:20:315,0.000000,0.000000,1,-119.7,-119.7,0,0,
09/21/2026,09:07:20:324,0.000000,0.000000,3,-125.28,-125.28,0,0,
09/21/2026,09:07:20:340,0.000000,0.000000,4,-67.76,-67.76,0,0,
09/21/2026,09:07:20:343,0.000000,0.000000,2,-124.26,-124.26,0,0,
09/21/2026,09:07:20:379,0.000000,0.000000,1,-121.53,-121.53,0,0,
09/21/2026,09:07:20:395,0.000000,0.000000,3,-125.66,-125.66,0,0,
09/21/2026,09:07:20:411,0.000000,0.000000,4,-63.94,-63.94,0,0,
09/21/2026,09:07:20:428,0.000000,0.000000,2,-124.33,-124.33,0,0,
09/21/2026,09:07:20:449,0.000000,0.000000,1,-118.63,-118.63,0,0,
09/21/2026,09:07:20:454,0.000000,0.000000,3,-122.1,-122.1,0,0,
09/21/2026,09:07:20:464,0.000000,0.000000,4,-79.2,-79.2,0,0,
09/21/2026,09:07:20:496,0.000000,0.000000,2,-111.33,-111.33,0,0,
09/21/2026,09:07:20:616,0.000000,0.000000,1,-119.29,-119.29,0,0,
09/21/2026,09:07:20:627,0.000000,0.000000,3,-109.35,-109.35,0,0,
09/21/2026,09:07:20:701,0.000000,0.000000,4,-64.04,-64.04,0,0,
09/21/2026,09:07:20:721,0.000000,0.000000,2,-123.39,-123.39,0,0,
09/21/2026,09:07:20:810,0.000000,0.000000,1,-117.93,-117.93,0,0,
09/21/2026,09:07:20:840,0.000000,0.000000,3,-124.08,-124.08,0,0,
09/21/2026,09:07:20:902,0.000000,0.000000,4,-62.93,-62.93,0,0,
09/21/2026,09:07:20:943,0.000000,0.000000,2,-125.67,-125.67,0,0,
09/21/2026,09:07:21:038,0.000000,0.000000,1,-120.45,-120.45,0,0,
09/21/2026,09:07:21:073,0.000000,0.000000,3,-110.09,-110.09,0,0,
09/21/2026,09:07:21:112,0.000000,0.000000,4,-67.81,-67.81,0,0,
09/21/2026,09:07:21:164,0.000000,0.000000,2,-124.07,-124.07,0,0,
09/21/2026,09:07:21:240,0.000000,0.000000,1,-119.3,-119.3,0,0,
09/21/2026,09:07:21:276,0.000000,0.000000,3,-122.23,-122.23,0,0,
09/21/2026,09:07:21:330,0.000000,0.000000,4,-60.48,-60.48,0,0,
09/21/2026,09:07:21:362,0.000000,0.000000,2,-122.75,-122.75,0,0,
09/21/2026,09:07:21:458,0.000000,0.000000,1,-118.38,-118.38,0,0,
09/21/2026,09:07:21:482,0.000000,0.000000,3,-122.29,-122.29,0,0,
09/21/2026,09:07:21:533,0.000000,0.000000,4,-64.53,-64.53,0,0,
09/21/2026,09:07:21:582,0.000000,0.000000,2,-110.02,-110.02,0,0,
09/21/2026,09:07:21:701,0.000000,0.000000,1,-111.52,-111.52,0,0,
09/21/2026,09:07:21:715,0.000000,0.000000,3,-125.25,-125.25,0,0,
09/21/2026,09:07:21:765,0.000000,0.000000,4,-63.87,-63.87,0,0,
09/21/2026,09:07:21:819,0.000000,0.000000,2,-113.41,-113.41,0,0,
09/21/2026,09:07:21:900,0.000000,0.000000,1,-118.36,-118.36,0,0,
09/21/2026,09:07:21:950,0.000000,0.000000,3,-111.46,-111.46,0,0,
09/21/2026,09:07:21:997,0.000000,0.000000,4,-81.29,-81.29,0,0,
09/21/2026,09:07:22:034,0.000000,0.000000,2,-122.9,-122.9,0,0,
09/21/2026,09:07:22:122,0.000000,0.000000,1,-120.12,-120.12,0,0,
09/21/2026,09:07:22:161,0.000000,0.000000,3,-123.97,-123.97,0,0,
09/21/2026,09:07:22:208,0.000000,0.000000,4,-63.69,-63.69,0,0,
09/21/2026,09:07:22:253,0.000000,0.000000,2,-121.4,-121.4,0,0,
09/21/2026,09:07:22:335,0.000000,0.000000,1,-118.39,-118.39,0,0,
09/21/2026,09:07:22:377,0.000000,0.000000,3,-125.02,-125.02,0,0,
09/21/2026,09:07:22:424,0.000000,0.000000,4,-62.78,-62.78,0,0,
09/21/2026,09:07:22:485,0.000000,0.000000,2,-116.09,-116.09,0,0,
09/21/2026,09:07:22:560,0.000000,0.000000,1,-120.6,-120.6,0,0,
09/21/2026,09:07:22:593,0.000000,0.000000,3,-125.09,-125.09,0,0,
09/21/2026,09:07:22:646,0.000000,0.000000,4,-60.44,-60.44,0,0,
09/21/2026,09:07:22:679,0.000000,0.000000,2,-123.32,-123.32,0,0,
09/21/2026,09:07:22:788,0.000000,0.000000,1,-117.39,-117.39,0,0,
09/21/2026,09:07:22:834,0.000000,0.000000,3,-124.18,-124.18,0,0,
09/21/2026,09:07:22:876,0.000000,0.000000,4,-68.46,-68.46,0,0,
09/21/2026,09:07:22:885,0.000000,0.000000,2,-123.42,-123.42,0,0,
09/21/2026,09:07:22:986,0.000000,0.000000,1,-120.63,-120.63,0,0,
09/21/2026,09:07:23:021,0.000000,0.000000,3,-123.4,-123.4,0,0,
09/21/2026,09:07:23:067,0.000000,0.000000,4,-64.9,-64.9,0,0,
09/21/2026,09:07:23:097,0.000000,0.000000,2,-122.66,-122.66,0,0,
09/21/2026,09:07:23:187,0.000000,0.000000,1,-118.68,-118.68,0,0,
09/21/2026,09:07:23:228,0.000000,0.000000,3,-120.93,-120.93,0,0,
09/21/2026,09:07:23:281,0.000000,0.000000,4,-62.46,-62.46,0,0,
09/21/2026,09:07:23:317,0.000000,0.000000,2,-123.58,-123.58,0,0,
09/21/2026,09:07:23:404,0.000000,0.000000,1,-116.57,-116.57,0,0,
09/21/2026,09:07:23:439,0.000000,0.000000,3,-122.2,-122.2,0,0,
09/21/2026,09:07:23:498,0.000000,0.000000,4,-61.22,-61.22,0,0,
09/21/2026,09:07:23:525,0.000000,0.000000,2,-122.41,-122.41,0,0,
09/21/2026,09:07:23:607,0.000000,0.000000,1,-118.7,-118.7,0,0,
09/21/2026,09:07:23:671,0.000000,0.000000,3,-112.95,-112.95,0,0,
09/21/2026,09:07:23:706,0.000000,0.000000,4,-61.31,-61.31,0,0,
09/21/2026,09:07:23:765,0.000000,0.000000,2,-123.77,-123.77,0,0,
09/21/2026,09:07:23:827,0.000000,0.000000,1,-119.27,-119.27,0,0,
09/21/2026,09:07:23:867,0.000000,0.000000,3,-124.63,-124.63,0,0,
09/21/2026,09:07:23:920,0.000000,0.000000,4,-75.73,-75.73,0,0,
09/21/2026,09:07:23:961,0.000000,0.000000,2,-124.12,-124.12,0,0,
09/21/2026,09:07:24:039,0.000000,0.000000,1,-118.27,-118.27,0,0,
09/21/2026,09:07:24:079,0.000000,0.000000,3,-124.49,-124.49,0,0,
09/21/2026,09:07:24:133,0.000000,0.000000,4,-64.09,-64.09,0,0,
09/21/2026,09:07:24:174,0.000000,0.000000,2,-113.93,-113.93,0,0,
09/21/2026,09:07:24:268,0.000000,0.000000,1,-118.34,-118.34,0,0,
09/21/2026,09:07:24:324,0.000000,0.000000,3,-115.63,-115.63,0,0,
09/21/2026,09:07:24:376,0.000000,0.000000,4,-78.95,-78.95,0,0,
09/21/2026,09:07:24:396,0.000000,0.000000,2,-124.01,-124.01,0,0,
09/21/2026,09:07:24:482,0.000000,0.000000,1,-121.2,-121.2,0,0,
09/21/2026,09:07:24:525,0.000000,0.000000,3,-125.3,-125.3,0,0,
09/21/2026,09:07:24:568,0.000000,0.000000,4,-59,-59,0,0,
09/21/2026,09:07:24:616,0.000000,0.000000,2,-120.34,-120.34,0,0,
09/21/2026,09:07:24:696,0.000000,0.000000,1,-117.95,-117.95,0,0,
09/21/2026,09:07:24:730,0.000000,0.000000,3,-122.78,-122.78,0,0,
09/21/2026,09:07:24:806,0.000000,0.000000,4,-59.45,-59.45,0,0,
09/21/2026,09:07:24:855,0.000000,0.000000,2,-114.62,-114.62,0,0,
09/21/2026,09:07:24:940,0.000000,0.000000,1,-120.69,-120.69,0,0,
09/21/2026,09:07:24:949,0.000000,0.000000,3,-123.28,-123.28,0,0,
09/21/2026,09:07:25:038,0.000000,0.000000,4,-58.19,-58.19,0,0,
09/21/2026,09:07:25:045,0.000000,0.000000,2,-121.21,-121.21,0,0,
09/21/2026,09:07:25:134,0.000000,0.000000,1,-117.95,-117.95,0,0,
09/21/2026,09:07:25:172,0.000000,0.000000,3,-121.79,-121.79,0,0,
09/21/2026,09:07:25:297,0.000000,0.000000,4,-61.19,-61.19,0,0,
09/21/2026,09:07:25:307,0.000000,0.000000,2,-122.56,-122.56,0,0,
09/21/2026,09:07:25:355,0.000000,0.000000,1,-113.53,-113.53,0,0,
09/21/2026,09:07:25:385,0.000000,0.000000,3,-123.02,-123.02,0,0,
09/21/2026,09:07:25:438,0.000000,0.000000,4,-62.97,-62.97,0,0,
09/21/2026,09:07:25:473,0.000000,0.000000,2,-124.15,-124.15,0,0,
09/21/2026,09:07:25:559,0.000000,0.000000,1,-117.43,-117.43,0,0,
09/21/2026,09:07:25:611,0.000000,0.000000,3,-112.52,-112.52,0,0,
09/21/2026,09:07:25:661,0.000000,0.000000,4,-59.2,-59.2,0,0,
09/21/2026,09:07:25:713,0.000000,0.000000,2,-122.35,-122.35,0,0,
09/21/2026,09:07:25:797,0.000000,0.000000,1,-120.67,-120.67,0,0,
09/21/2026,09:07:25:814,0.000000,0.000000,3,-124.72,-124.72,0,0,
09/21/2026,09:07:25:865,0.000000,0.000000,4,-67.67,-67.67,0,0,
09/21/2026,09:07:25:904,0.000000,0.000000,2,-121.6,-121.6,0,0,
09/21/2026,09:07:25:993,0.000000,0.000000,1,-116.98,-116.98,0,0,
09/21/2026,09:07:26:029,0.000000,0.000000,3,-125.55,-125.55,0,0,
09/21/2026,09:07:26:086,0.000000,0.000000,4,-63.48,-63.48,0,0,
09/21/2026,09:07:26:113,0.000000,0.000000,2,-122.92,-122.92,0,0,
09/21/2026,09:07:26:206,0.000000,0.000000,1,-117.14,-117.14,0,0,
09/21/2026,09:07:26:242,0.000000,0.000000,3,-124.68,-124.68,0,0,
09/21/2026,09:07:26:297,0.000000,0.000000,4,-74.6,-74.6,0,0,
09/21/2026,09:07:26:328,0.000000,0.000000,2,-125.86,-125.86,0,0,
09/21/2026,09:07:26:416,0.000000,0.000000,1,-118.43,-118.43,0,0,
09/21/2026,09:07:26:455,0.000000,0.000000,3,-122.7,-122.7,0,0,
09/21/2026,09:07:26:502,0.000000,0.000000,4,-64.75,-64.75,0,0,
09/21/2026,09:07:26:553,0.000000,0.000000,2,-123.81,-123.81,0,0,
09/21/2026,09:07:26:629,0.000000,0.000000,1,-116.92,-116.92,0,0,
09/21/2026,09:07:26:668,0.000000,0.000000,3,-125.04,-125.04,0,0,
09/21/2026,09:07:26:733,0.000000,0.000000,4,-72.85,-72.85,0,0,
09/21/2026,09:07:26:778,0.000000,0.000000,2,-125.03,-125.03,0,0,
09/21/2026,09:07:26:872,0.000000,0.000000,1,-119.33,-119.33,0,0,
09/21/2026,09:07:26:879,0.000000,0.000000,3,-125.79,-125.79,0,0,
09/21/2026,09:07:26:964,0.000000,0.000000,4,-72.14,-72.14,0,0,
09/21/2026,09:07:27:005,0.000000,0.000000,2,-123.79,-123.79,0,0,
09/21/2026,09:07:27:058,0.000000,0.000000,1,-119.93,-119.93,0,0,
09/21/2026,09:07:27:099,0.000000,0.000000,3,-124.36,-124.36,0,0,
09/21/2026,09:07:27:150,0.000000,0.000000,4,-66.93,-66.93,0,0,
09/21/2026,09:07:27:178,0.000000,0.000000,2,-125.59,-125.59,0,0,
09/21/2026,09:07:27:267,0.000000,0.000000,1,-118.71,-118.71,0,0,
09/21/2026,09:07:27:307,0.000000,0.000000,3,-124.65,-124.65,0,0,
09/21/2026,09:07:27:356,0.000000,0.000000,4,-65.61,-65.61,0,0,
09/21/2026,09:07:27:393,0.000000,0.000000,2,-124.42,-124.42,0,0,
09/21/2026,09:07:27:477,0.000000,0.000000,1,-119.14,-119.14,0,0,
09/21/2026,09:07:27:512,0.000000,0.000000,3,-124.1,-124.1,0,0,
09/21/2026,09:07:27:567,0.000000,0.000000,4,-61.54,-61.54,0,0,
09/21/2026,09:07:27:607,0.000000,0.000000,2,-122.93,-122.93,0,0,
09/21/2026,09:07:27:703,0.000000,0.000000,1,-119.36,-119.36,0,0,
09/21/2026,09:07:27:723,0.000000,0.000000,3,-124.18,-124.18,0,0,
09/21/2026,09:07:27:774,0.000000,0.000000,4,-65.34,-65.34,0,0,
09/21/2026,09:07:27:810,0.000000,0.000000,2,-123.22,-123.22,0,0,
09/21/2026,09:07:27:905,0.000000,0.000000,1,-118.86,-118.86,0,0,
09/21/2026,09:07:27:957,0.000000,0.000000,3,-114.96,-114.96,0,0,
09/21/2026,09:07:27:999,0.000000,0.000000,4,-60,-60,0,0,
09/21/2026,09:07:28:040,0.000000,0.000000,2,-113.89,-113.89,0,0,
09/21/2026,09:07:28:142,0.000000,0.000000,1,-112.22,-112.22,0,0,
09/21/2026,09:07:28:180,0.000000,0.000000,3,-123.92,-123.92,0,0,
09/21/2026,09:07:28:229,0.000000,0.000000,4,-60.66,-60.66,0,0,
09/21/2026,09:07:28:274,0.000000,0.000000,2,-113.67,-113.67,0,0,
09/21/2026,09:07:28:402,0.000000,0.000000,1,-118.79,-118.79,0,0,
09/21/2026,09:07:28:408,0.000000,0.000000,3,-124.76,-124.76,0,0,
09/21/2026,09:07:28:454,0.000000,0.000000,4,-66,-66,0,0,
09/21/2026,09:07:28:499,0.000000,0.000000,2,-121.69,-121.69,0,0,
09/21/2026,09:07:28:588,0.000000,0.000000,1,-118.25,-118.25,0,0,
09/21/2026,09:07:28:616,0.000000,0.000000,3,-125.55,-125.55,0,0,
09/21/2026,09:07:28:666,0.000000,0.000000,4,-60.92,-60.92,0,0,
09/21/2026,09:07:28:700,0.000000,0.000000,2,-123.15,-123.15,0,0,
09/21/2026,09:07:28:801,0.000000,0.000000,1,-111.19,-111.19,0,0,
09/21/2026,09:07:28:830,0.000000,0.000000,3,-121.95,-121.95,0,0,
09/21/2026,09:07:28:894,0.000000,0.000000,4,-60.51,-60.51,0,0,
09/21/2026,09:07:28:942,0.000000,0.000000,2,-110.93,-110.93,0,0,
09/21/2026,09:07:29:013,0.000000,0.000000,1,-118.07,-118.07,0,0,
09/21/2026,09:07:29:053,0.000000,0.000000,3,-123.61,-123.61,0,0,
09/21/2026,09:07:29:104,0.000000,0.000000,4,-60.09,-60.09,0,0,
09/21/2026,09:07:29:142,0.000000,0.000000,2,-124.9,-124.9,0,0,
09/21/2026,09:07:29:224,0.000000,0.000000,1,-117.83,-117.83,0,0,
09/21/2026,09:07:29:261,0.000000,0.000000,3,-123.38,-123.38,0,0,
09/21/2026,09:07:29:316,0.000000,0.000000,4,-60.65,-60.65,0,0,
09/21/2026,09:07:29:348,0.000000,0.000000,2,-121.34,-121.34,0,0,
09/21/2026,09:07:29:444,0.000000,0.000000,1,-118.49,-118.49,0,0,
09/21/2026,09:07:29:474,0.000000,0.000000,3,-122.97,-122.97,0,0,
09/21/2026,09:07:29:523,0.000000,0.000000,4,-61.23,-61.23,0,0,
09/21/2026,09:07:29:560,0.000000,0.000000,2,-123.65,-123.65,0,0,
09/21/2026,09:07:29:646,0.000000,0.000000,1,-118.81,-118.81,0,0,
09/21/2026,09:07:29:682,0.000000,0.000000,3,-125.23,-125.23,0,0,
09/21/2026,09:07:29:732,0.000000,0.000000,4,-56.79,-56.79,0,0,
09/21/2026,09:07:29:769,0.000000,0.000000,2,-125.59,-125.59,0,0,
09/21/2026,09:07:29:859,0.000000,0.000000,1,-119.4,-119.4,0,0,
09/21/2026,09:07:29:894,0.000000,0.000000,3,-123.32,-123.32,0,0,
09/21/2026,09:07:29:961,0.000000,0.000000,4,-66.9,-66.9,0,0,
09/21/2026,09:07:29:979,0.000000,0.000000,2,-124.44,-124.44,0,0,
09/21/2026,09:07:30:070,0.000000,0.000000,1,-119.42,-119.42,0,0,
09/21/2026,09:07:30:108,0.000000,0.000000,3,-124.89,-124.89,0,0,
09/21/2026,09:07:30:173,0.000000,0.000000,4,-55.44,-55.44,0,0,
09/21/2026,09:07:30:192,0.000000,0.000000,2,-124.25,-124.25,0,0,
09/21/2026,09:07:30:289,0.000000,0.000000,1,-118.56,-118.56,0,0,
09/21/2026,09:07:30:342,0.000000,0.000000,3,-123.92,-123.92,0,0,
09/21/2026,09:07:30:431,0.000000,0.000000,4,-54.46,-54.46,0,0,
09/21/2026,09:07:30:463,0.000000,0.000000,2,-123.51,-123.51,0,0,
09/21/2026,09:07:30:509,0.000000,0.000000,1,-118.86,-118.86,0,0,
09/21/2026,09:07:30:549,0.000000,0.000000,3,-123.52,-123.52,0,0,
09/21/2026,09:07:30:587,0.000000,0.000000,4,-56.58,-56.58,0,0,
09/21/2026,09:07:30:614,0.000000,0.000000,2,-122.89,-122.89,0,0,
09/21/2026,09:07:30:708,0.000000,0.000000,1,-117.82,-117.82,0,0,
09/21/2026,09:07:30:744,0.000000,0.000000,3,-124.49,-124.49,0,0,
09/21/2026,09:07:30:789,0.000000,0.000000,4,-52.87,-52.87,0,0,
09/21/2026,09:07:30:841,0.000000,0.000000,2,-120.45,-120.45,0,0,
09/21/2026,09:07:30:920,0.000000,0.000000,1,-120.32,-120.32,0,0,
09/21/2026,09:07:30:951,0.000000,0.000000,3,-123.39,-123.39,0,0,
09/21/2026,09:07:31:008,0.000000,0.000000,4,-70.82,-70.82,0,0,
09/21/2026,09:07:31:049,0.000000,0.000000,2,-109.03,-109.03,0,0,
09/21/2026,09:07:31:131,0.000000,0.000000,1,-119.73,-119.73,0,0,
09/21/2026,09:07:31:168,0.000000,0.000000,3,-123.16,-123.16,0,0,
09/21/2026,09:07:31:220,0.000000,0.000000,4,-55.83,-55.83,0,0,
09/21/2026,09:07:31:263,0.000000,0.000000,2,-125.72,-125.72,0,0,
09/21/2026,09:07:31:347,0.000000,0.000000,1,-118.28,-118.28,0,0,
09/21/2026,09:07:31:383,0.000000,0.000000,3,-124.8,-124.8,0,0,
09/21/2026,09:07:31:445,0.000000,0.000000,4,-58.45,-58.45,0,0,
09/21/2026,09:07:31:466,0.000000,0.000000,2,-123.79,-123.79,0,0,
09/21/2026,09:07:31:569,0.000000,0.000000,1,-112.96,-112.96,0,0,
09/21/2026,09:07:31:612,0.000000,0.000000,3,-124.35,-124.35,0,0,
09/21/2026,09:07:31:654,0.000000,0.000000,4,-55.66,-55.66,0,0,
09/21/2026,09:07:31:688,0.000000,0.000000,2,-123.79,-123.79,0,0,
09/21/2026,09:07:31:784,0.000000,0.000000,1,-118.24,-118.24,0,0,
09/21/2026,09:07:31:823,0.000000,0.000000,3,-112.89,-112.89,0,0,
09/21/2026,09:07:31:880,0.000000,0.000000,4,-59.36,-59.36,0,0,
09/21/2026,09:07:31:908,0.000000,0.000000,2,-124.64,-124.64,0,0,
09/21/2026,09:07:31:996,0.000000,0.000000,1,-118.92,-118.92,0,0,
09/21/2026,09:07:32:042,0.000000,0.000000,3,-124.66,-124.66,0,0,
09/21/2026,09:07:32:196,0.000000,0.000000,4,-53.01,-53.01,0,0,
09/21/2026,09:07:32:201,0.000000,0.000000,2,-123.12,-123.12,0,0,
09/21/2026,09:07:32:243,0.000000,0.000000,1,-117.62,-117.62,0,0,
09/21/2026,09:07:32:253,0.000000,0.000000,3,-123.65,-123.65,0,0,
09/21/2026,09:07:32:299,0.000000,0.000000,4,-58.17,-58.17,0,0,
09/21/2026,09:07:32:339,0.000000,0.000000,2,-113.06,-113.06,0,0,
09/21/2026,09:07:32:433,0.000000,0.000000,1,-117.75,-117.75,0,0,
09/21/2026,09:07:32:474,0.000000,0.000000,3,-112.06,-112.06,0,0,
09/21/2026,09:07:32:526,0.000000,0.000000,4,-59.72,-59.72,0,0,
09/21/2026,09:07:32:567,0.000000,0.000000,2,-127.07,-127.07,0,0,
09/21/2026,09:07:32:652,0.000000,0.000000,1,-117.96,-117.96,0,0,
09/21/2026,09:07:32:695,0.000000,0.000000,3,-124.95,-124.95,0,0,
09/21/2026,09:07:32:735,0.000000,0.000000,4,-58.21,-58.21,0,0,
09/21/2026,09:07:32:778,0.000000,0.000000,2,-123.8,-123.8,0,0,
09/21/2026,09:07:32:860,0.000000,0.000000,1,-116.83,-116.83,0,0,
09/21/2026,09:07:32:900,0.000000,0.000000,3,-123.25,-123.25,0,0,
09/21/2026,09:07:32:949,0.000000,0.000000,4,-58.23,-58.23,0,0,
09/21/2026,09:07:32:995,0.000000,0.000000,2,-112.24,-112.24,0,0,
09/21/2026,09:07:33:080,0.000000,0.000000,1,-117.91,-117.91,0,0,
09/21/2026,09:07:33:121,0.000000,0.000000,3,-123.24,-123.24,0,0,
09/21/2026,09:07:33:189,0.000000,0.000000,4,-54.16,-54.16,0,0,
09/21/2026,09:07:33:221,0.000000,0.000000,2,-124.71,-124.71,0,0,
09/21/2026,09:07:33:311,0.000000,0.000000,1,-118.07,-118.07,0,0,
09/21/2026,09:07:33:348,0.000000,0.000000,3,-123.38,-123.38,0,0,
09/21/2026,09:07:33:391,0.000000,0.000000,4,-61.44,-61.44,0,0,
09/21/2026,09:07:33:426,0.000000,0.000000,2,-123.77,-123.77,0,0,
09/21/2026,09:07:33:517,0.000000,0.000000,1,-119.75,-119.75,0,0,
09/21/2026,09:07:33:551,0.000000,0.000000,3,-123.21,-123.21,0,0,
09/21/2026,09:07:33:599,0.000000,0.000000,4,-56.01,-56.01,0,0,
09/21/2026,09:07:33:635,0.000000,0.000000,2,-121.42,-121.42,0,0,
09/21/2026,09:07:33:735,0.000000,0.000000,1,-119.54,-119.54,0,0,
09/21/2026,09:07:33:765,0.000000,0.000000,3,-124.5,-124.5,0,0,
09/21/2026,09:07:33:819,0.000000,0.000000,4,-70.01,-70.01,0,0,
09/21/2026,09:07:33:845,0.000000,0.000000,2,-122.53,-122.53,0,0,
09/21/2026,09:07:33:937,0.000000,0.000000,1,-118.47,-118.47,0,0,
09/21/2026,09:07:33:972,0.000000,0.000000,3,-124.82,-124.82,0,0,
09/21/2026,09:07:34:027,0.000000,0.000000,4,-58.94,-58.94,0,0,
09/21/2026,09:07:34:056,0.000000,0.000000,2,-125.34,-125.34,0,0,
09/21/2026,09:07:34:168,0.000000,0.000000,1,-120,-120,0,0,
09/21/2026,09:07:34:202,0.000000,0.000000,3,-122.51,-122.51,0,0,
09/21/2026,09:07:34:251,0.000000,0.000000,4,-59.77,-59.77,0,0,
09/21/2026,09:07:34:291,0.000000,0.000000,2,-124.34,-124.34,0,0,
09/21/2026,09:07:34:359,0.000000,0.000000,1,-121.07,-121.07,0,0,
09/21/2026,09:07:34:395,0.000000,0.000000,3,-123.62,-123.62,0,0,
09/21/2026,09:07:34:452,0.000000,0.000000,4,-55.92,-55.92,0,0,
09/21/2026,09:07:34:489,0.000000,0.000000,2,-121.9,-121.9,0,0,
09/21/2026,09:07:34:572,0.000000,0.000000,1,-120.88,-120.88,0,0,
09/21/2026,09:07:34:605,0.000000,0.000000,3,-125.01,-125.01,0,0,
09/21/2026,09:07:34:678,0.000000,0.000000,4,-61.99,-61.99,0,0,
09/21/2026,09:07:34:692,0.000000,0.000000,2,-121.95,-121.95,0,0,
09/21/2026,09:07:34:781,0.000000,0.000000,1,-119.45,-119.45,0,0,
09/21/2026,09:07:34:814,0.000000,0.000000,3,-126.42,-126.42,0,0,
09/21/2026,09:07:34:871,0.000000,0.000000,4,-56.17,-56.17,0,0,
09/21/2026,09:07:34:908,0.000000,0.000000,2,-122.88,-122.88,0,0,
09/21/2026,09:07:34:989,0.000000,0.000000,1,-117.23,-117.23,0,0,
09/21/2026,09:07:35:046,0.000000,0.000000,3,-122.64,-122.64,0,0,
09/21/2026,09:07:35:082,0.000000,0.000000,4,-61.85,-61.85,0,0,
09/21/2026,09:07:35:112,0.000000,0.000000,2,-121.16,-121.16,0,0,
09/21/2026,09:07:35:199,0.000000,0.000000,1,-112.29,-112.29,0,0,
09/21/2026,09:07:35:237,0.000000,0.000000,3,-122.34,-122.34,0,0,
09/21/2026,09:07:35:286,0.000000,0.000000,4,-57.31,-57.31,0,0,
09/21/2026,09:07:35:326,0.000000,0.000000,2,-123.21,-123.21,0,0,
09/21/2026,09:07:35:412,0.000000,0.000000,1,-119.11,-119.11,0,0,
09/21/2026,09:07:35:448,0.000000,0.000000,3,-124.88,-124.88,0,0,
09/21/2026,09:07:35:576,0.000000,0.000000,4,-56.25,-56.25,0,0,
09/21/2026,09:07:35:582,0.000000,0.000000,2,-123.5,-123.5,0,0,
09/21/2026,09:07:35:621,0.000000,0.000000,1,-113.19,-113.19,0,0,
09/21/2026,09:07:35:657,0.000000,0.000000,3,-123,-123,0,0,
09/21/2026,09:07:35:715,0.000000,0.000000,4,-55.76,-55.76,0,0,
09/21/2026,09:07:35:745,0.000000,0.000000,2,-122.67,-122.67,0,0,
09/21/2026,09:07:35:836,0.000000,0.000000,1,-117.64,-117.64,0,0,
09/21/2026,09:07:35:874,0.000000,0.000000,3,-123.41,-123.41,0,0,
09/21/2026,09:07:35:920,0.000000,0.000000,4,-56.42,-56.42,0,0,
09/21/2026,09:07:35:954,0.000000,0.000000,2,-122.43,-122.43,0,0,
09/21/2026,09:07:36:042,0.000000,0.000000,1,-117.72,-117.72,0,0,
09/21/2026,09:07:36:083,0.000000,0.000000,3,-125.93,-125.93,0,0,
09/21/2026,09:07:36:133,0.000000,0.000000,4,-60.24,-60.24,0,0,
09/21/2026,09:07:36:172,0.000000,0.000000,2,-121.84,-121.84,0,0,
09/21/2026,09:07:36:253,0.000000,0.000000,1,-113.84,-113.84,0,0,
09/21/2026,09:07:36:291,0.000000,0.000000,3,-123.01,-123.01,0,0,
09/21/2026,09:07:36:350,0.000000,0.000000,4,-59.35,-59.35,0,0,
09/21/2026,09:07:36:382,0.000000,0.000000,2,-122.27,-122.27,0,0,
09/21/2026,09:07:36:474,0.000000,0.000000,1,-116.94,-116.94,0,0,
09/21/2026,09:07:36:500,0.000000,0.000000,3,-126.2,-126.2,0,0,
09/21/2026,09:07:36:552,0.000000,0.000000,4,-64.45,-64.45,0,0,
09/21/2026,09:07:36:599,0.000000,0.000000,2,-123.72,-123.72,0,0,
09/21/2026,09:07:36:681,0.000000,0.000000,1,-114.05,-114.05,0,0,
09/21/2026,09:07:36:711,0.000000,0.000000,3,-122.6,-122.6,0,0,
09/21/2026,09:07:36:763,0.000000,0.000000,4,-56.31,-56.31,0,0,
09/21/2026,09:07:36:805,0.000000,0.000000,2,-125.73,-125.73,0,0,
09/21/2026,09:07:36:886,0.000000,0.000000,1,-116.08,-116.08,0,0,
09/21/2026,09:07:36:922,0.000000,0.000000,3,-122.63,-122.63,0,0,
09/21/2026,09:07:36:978,0.000000,0.000000,4,-58.28,-58.28,0,0,
09/21/2026,09:07:37:013,0.000000,0.000000,2,-122.4,-122.4,0,0,
09/21/2026,09:07:37:107,0.000000,0.000000,1,-117.31,-117.31,0,0,
09/21/2026,09:07:37:136,0.000000,0.000000,3,-123.72,-123.72,0,0,
09/21/2026,09:07:37:187,0.000000,0.000000,4,-54.01,-54.01,0,0,
09/21/2026,09:07:37:238,0.000000,0.000000,2,-123,-123,0,0,
09/21/2026,09:07:37:310,0.000000,0.000000,1,-115.65,-115.65,0,0,
09/21/2026,09:07:37:354,0.000000,0.000000,3,-125.17,-125.17,0,0,
09/21/2026,09:07:37:394,0.000000,0.000000,4,-62.31,-62.31,0,0,
09/21/2026,09:07:37:433,0.000000,0.000000,2,-122.68,-122.68,0,0,
09/21/2026,09:07:37:527,0.000000,0.000000,1,-114.48,-114.48,0,0,
09/21/2026,09:07:37:561,0.000000,0.000000,3,-122.83,-122.83,0,0,
09/21/2026,09:07:37:626,0.000000,0.000000,4,-57.44,-57.44,0,0,
09/21/2026,09:07:37:651,0.000000,0.000000,2,-121.84,-121.84,0,0,
09/21/2026,09:07:37:730,0.000000,0.000000,1,-113.93,-113.93,0,0,
09/21/2026,09:07:37:768,0.000000,0.000000,3,-124.6,-124.6,0,0,
09/21/2026,09:07:37:854,0.000000,0.000000,4,-61.25,-61.25,0,0,
09/21/2026,09:07:37:862,0.000000,0.000000,2,-123.4,-123.4,0,0,
09/21/2026,09:07:37:942,0.000000,0.000000,1,-115.01,-115.01,0,0,
09/21/2026,09:07:37:978,0.000000,0.000000,3,-123.71,-123.71,0,0,
09/21/2026,09:07:38:032,0.000000,0.000000,4,-61.71,-61.71,0,0,
09/21/2026,09:07:38:075,0.000000,0.000000,2,-123.4,-123.4,0,0,
09/21/2026,09:07:38:157,0.000000,0.000000,1,-119.79,-119.79,0,0,
09/21/2026,09:07:38:191,0.000000,0.000000,3,-122.65,-122.65,0,0,
09/21/2026,09:07:38:239,0.000000,0.000000,4,-54.29,-54.29,0,0,
09/21/2026,09:07:38:277,0.000000,0.000000,2,-122.82,-122.82,0,0,
09/21/2026,09:07:38:365,0.000000,0.000000,1,-120.58,-120.58,0,0,
09/21/2026,09:07:38:406,0.000000,0.000000,3,-123.25,-123.25,0,0,
09/21/2026,09:07:38:460,0.000000,0.000000,4,-61.07,-61.07,0,0,
09/21/2026,09:07:38:514,0.000000,0.000000,2,-122.82,-122.82,0,0,
09/21/2026,09:07:38:575,0.000000,0.000000,1,-118.81,-118.81,0,0,
09/21/2026,09:07:38:612,0.000000,0.000000,3,-123.51,-123.51,0,0,
09/21/2026,09:07:38:667,0.000000,0.000000,4,-57.3,-57.3,0,0,
09/21/2026,09:07:38:701,0.000000,0.000000,2,-122.01,-122.01,0,0,
09/21/2026,09:07:38:794,0.000000,0.000000,1,-119.66,-119.66,0,0,
09/21/2026,09:07:38:822,0.000000,0.000000,3,-126.01,-126.01,0,0,
09/21/2026,09:07:38:882,0.000000,0.000000,4,-62.31,-62.31,0,0,
09/21/2026,09:07:38:910,0.000000,0.000000,2,-123.48,-123.48,0,0,
09/21/2026,09:07:39:016,0.000000,0.000000,1,-117.2,-117.2,0,0,
09/21/2026,09:07:39:051,0.000000,0.000000,3,-122.56,-122.56,0,0,
09/21/2026,09:07:39:093,0.000000,0.000000,4,-59.63,-59.63,0,0,
09/21/2026,09:07:39:123,0.000000,0.000000,2,-123.4,-123.4,0,0,
09/21/2026,09:07:39:231,0.000000,0.000000,1,-117.21,-117.21,0,0,
09/21/2026,09:07:39:248,0.000000,0.000000,3,-123.77,-123.77,0,0,
09/21/2026,09:07:39:305,0.000000,0.000000,4,-58.38,-58.38,0,0,
09/21/2026,09:07:39:349,0.000000,0.000000,2,-122.77,-122.77,0,0,
09/21/2026,09:07:39:420,0.000000,0.000000,1,-118.97,-118.97,0,0,
09/21/2026,09:07:39:461,0.000000,0.000000,3,-122.5,-122.5,0,0,
09/21/2026,09:07:39:517,0.000000,0.000000,4,-64.58,-64.58,0,0,
09/21/2026,09:07:39:550,0.000000,0.000000,2,-121.41,-121.41,0,0,
09/21/2026,09:07:39:632,0.000000,0.000000,1,-120.48,-120.48,0,0,
09/21/2026,09:07:39:677,0.000000,0.000000,3,-125.61,-125.61,0,0,
09/21/2026,09:07:39:744,0.000000,0.000000,4,-55.9,-55.9,0,0,
09/21/2026,09:07:39:752,0.000000,0.000000,2,-123,-123,0,0,
09/21/2026,09:07:39:856,0.000000,0.000000,1,-118.55,-118.55,0,0,
09/21/2026,09:07:39:892,0.000000,0.000000,3,-125.53,-125.53,0,0,
09/21/2026,09:07:39:940,0.000000,0.000000,4,-59.07,-59.07,0,0,
09/21/2026,09:07:39:974,0.000000,0.000000,2,-124.36,-124.36,0,0,
09/21/2026,09:07:40:050,0.000000,0.000000,1,-118.78,-118.78,0,0,
09/21/2026,09:07:40:090,0.000000,0.000000,3,-124.57,-124.57,0,0,
09/21/2026,09:07:40:137,0.000000,0.000000,4,-61,-61,0,0,
09/21/2026,09:07:40:174,0.000000,0.000000,2,-124.48,-124.48,0,0,
09/21/2026,09:07:40:265,0.000000,0.000000,1,-117.31,-117.31,0,0,
09/21/2026,09:07:40:316,0.000000,0.000000,3,-122.45,-122.45,0,0,
09/21/2026,09:07:40:350,0.000000,0.000000,4,-57.82,-57.82,0,0,
09/21/2026,09:07:40:407,0.000000,0.000000,2,-124.93,-124.93,0,0,
09/21/2026,09:07:40:479,0.000000,0.000000,1,-120.65,-120.65,0,0,
09/21/2026,09:07:40:514,0.000000,0.000000,3,-124.85,-124.85,0,0,
09/21/2026,09:07:40:563,0.000000,0.000000,4,-57.31,-57.31,0,0,
09/21/2026,09:07:40:715,0.000000,0.000000,2,-122.91,-122.91,0,0,
09/21/2026,09:07:40:731,0.000000,0.000000,1,-118.44,-118.44,0,0,
09/21/2026,09:07:40:741,0.000000,0.000000,3,-122.14,-122.14,0,0,
09/21/2026,09:07:40:783,0.000000,0.000000,4,-63.2,-63.2,0,0,
09/21/2026,09:07:40:814,0.000000,0.000000,2,-123.63,-123.63,0,0,
09/21/2026,09:07:40:899,0.000000,0.000000,1,-118.91,-118.91,0,0,
09/21/2026,09:07:40:940,0.000000,0.000000,3,-125.69,-125.69,0,0,
09/21/2026,09:07:40:988,0.000000,0.000000,4,-56.46,-56.46,0,0,
09/21/2026,09:07:41:020,0.000000,0.000000,2,-122.27,-122.27,0,0,
09/21/2026,09:07:41:108,0.000000,0.000000,1,-120.04,-120.04,0,0,
09/21/2026,09:07:41:142,0.000000,0.000000,3,-124.85,-124.85,0,0,
09/21/2026,09:07:41:199,0.000000,0.000000,4,-60.87,-60.87,0,0,
09/21/2026,09:07:41:233,0.000000,0.000000,2,-123.55,-123.55,0,0,
09/21/2026,09:07:41:317,0.000000,0.000000,1,-119.45,-119.45,0,0,
09/21/2026,09:07:41:353,0.000000,0.000000,3,-125.26,-125.26,0,0,
09/21/2026,09:07:41:427,0.000000,0.000000,4,-57.74,-57.74,0,0,
09/21/2026,09:07:41:467,0.000000,0.000000,2,-124.63,-124.63,0,0,
09/21/2026,09:07:41:561,0.000000,0.000000,1,-119.49,-119.49,0,0,
09/21/2026,09:07:41:565,0.000000,0.000000,3,-125.45,-125.45,0,0,
09/21/2026,09:07:41:633,0.000000,0.000000,4,-59.07,-59.07,0,0,
09/21/2026,09:07:41:655,0.000000,0.000000,2,-123.84,-123.84,0,0,
09/21/2026,09:07:41:741,0.000000,0.000000,1,-119.12,-119.12,0,0,
09/21/2026,09:07:41:776,0.000000,0.000000,3,-125.16,-125.16,0,0,
09/21/2026,09:07:41:827,0.000000,0.000000,4,-57.34,-57.34,0,0,
09/21/2026,09:07:41:868,0.000000,0.000000,2,-123.48,-123.48,0,0,
09/21/2026,09:07:41:951,0.000000,0.000000,1,-118.88,-118.88,0,0,
09/21/2026,09:07:41:987,0.000000,0.000000,3,-124.86,-124.86,0,0,
09/21/2026,09:07:42:052,0.000000,0.000000,4,-58.74,-58.74,0,0,
09/21/2026,09:07:42:079,0.000000,0.000000,2,-121.52,-121.52,0,0,
09/21/2026,09:07:42:167,0.000000,0.000000,1,-117.2,-117.2,0,0,
09/21/2026,09:07:42:200,0.000000,0.000000,3,-125.44,-125.44,0,0,
09/21/2026,09:07:42:258,0.000000,0.000000,4,-59.19,-59.19,0,0,
09/21/2026,09:07:42:288,0.000000,0.000000,2,-122.68,-122.68,0,0,
09/21/2026,09:07:42:375,0.000000,0.000000,1,-118.54,-118.54,0,0,
09/21/2026,09:07:42:409,0.000000,0.000000,3,-123.14,-123.14,0,0,
09/21/2026,09:07:42:464,0.000000,0.000000,4,-70.35,-70.35,0,0,
09/21/2026,09:07:42:496,0.000000,0.000000,2,-123.93,-123.93,0,0,
09/21/2026,09:07:42:584,0.000000,0.000000,1,-119.02,-119.02,0,0,
09/21/2026,09:07:42:626,0.000000,0.000000,3,-124.67,-124.67,0,0,
09/21/2026,09:07:42:670,0.000000,0.000000,4,-57.97,-57.97,0,0,
09/21/2026,09:07:42:708,0.000000,0.000000,2,-122.71,-122.71,0,0,
09/21/2026,09:07:42:802,0.000000,0.000000,1,-118.96,-118.96,0,0,
09/21/2026,09:07:42:836,0.000000,0.000000,3,-123.11,-123.11,0,0,
09/21/2026,09:07:42:884,0.000000,0.000000,4,-54.64,-54.64,0,0,
09/21/2026,09:07:42:917,0.000000,0.000000,2,-122.61,-122.61,0,0,
09/21/2026,09:07:43:007,0.000000,0.000000,1,-118.41,-118.41,0,0,
09/21/2026,09:07:43:059,0.000000,0.000000,3,-123.54,-123.54,0,0,
09/21/2026,09:07:43:095,0.000000,0.000000,4,-56.08,-56.08,0,0,
09/21/2026,09:07:43:130,0.000000,0.000000,2,-124.61,-124.61,0,0,
09/21/2026,09:07:43:217,0.000000,0.000000,1,-117.22,-117.22,0,0,
09/21/2026,09:07:43:257,0.000000,0.000000,3,-123.64,-123.64,0,0,
09/21/2026,09:07:43:304,0.000000,0.000000,4,-57.17,-57.17,0,0,
09/21/2026,09:07:43:339,0.000000,0.000000,2,-123.69,-123.69,0,0,
09/21/2026,09:07:43:429,0.000000,0.000000,1,-117.14,-117.14,0,0,
09/21/2026,09:07:43:464,0.000000,0.000000,3,-123.47,-123.47,0,0,
09/21/2026,09:07:43:540,0.000000,0.000000,4,-57.83,-57.83,0,0,
09/21/2026,09:07:43:587,0.000000,0.000000,2,-121.14,-121.14,0,0,
09/21/2026,09:07:43:642,0.000000,0.000000,1,-116.25,-116.25,0,0,
09/21/2026,09:07:43:675,0.000000,0.000000,3,-124.38,-124.38,0,0,
09/21/2026,09:07:43:726,0.000000,0.000000,4,-56.9,-56.9,0,0,
09/21/2026,09:07:43:767,0.000000,0.000000,2,-123.98,-123.98,0,0,
09/21/2026,09:07:43:861,0.000000,0.000000,1,-118.48,-118.48,0,0,
09/21/2026,09:07:43:890,0.000000,0.000000,3,-121.25,-121.25,0,0,
09/21/2026,09:07:43:943,0.000000,0.000000,4,-57.11,-57.11,0,0,
09/21/2026,09:07:43:983,0.000000,0.000000,2,-123.78,-123.78,0,0,
09/21/2026,09:07:44:062,0.000000,0.000000,1,-116.76,-116.76,0,0,
09/21/2026,09:07:44:105,0.000000,0.000000,3,-125.98,-125.98,0,0,
09/21/2026,09:07:44:150,0.000000,0.000000,4,-58.67,-58.67,0,0,
09/21/2026,09:07:44:185,0.000000,0.000000,2,-122.92,-122.92,0,0,
09/21/2026,09:07:44:271,0.000000,0.000000,1,-117.6,-117.6,0,0,
09/21/2026,09:07:44:309,0.000000,0.000000,3,-123.42,-123.42,0,0,
09/21/2026,09:07:44:359,0.000000,0.000000,4,-55.76,-55.76,0,0,
09/21/2026,09:07:44:403,0.000000,0.000000,2,-122.84,-122.84,0,0,
09/21/2026,09:07:44:490,0.000000,0.000000,1,-117.44,-117.44,0,0,
09/21/2026,09:07:44:528,0.000000,0.000000,3,-122.78,-122.78,0,0,
09/21/2026,09:07:44:572,0.000000,0.000000,4,-62.38,-62.38,0,0,
09/21/2026,09:07:44:607,0.000000,0.000000,2,-123.32,-123.32,0,0,
09/21/2026,09:07:44:697,0.000000,0.000000,1,-119.66,-119.66,0,0,
09/21/2026,09:07:44:731,0.000000,0.000000,3,-125.06,-125.06,0,0,
09/21/2026,09:07:44:787,0.000000,0.000000,4,-58.78,-58.78,0,0,
09/21/2026,09:07:44:818,0.000000,0.000000,2,-121.68,-121.68,0,0,
09/21/2026,09:07:44:923,0.000000,0.000000,1,-116.53,-116.53,0,0,
09/21/2026,09:07:44:949,0.000000,0.000000,3,-125.47,-125.47,0,0,
09/21/2026,09:07:44:997,0.000000,0.000000,4,-57.39,-57.39,0,0,
09/21/2026,09:07:45:026,0.000000,0.000000,2,-121.81,-121.81,0,0,
09/21/2026,09:07:45:120,0.000000,0.000000,1,-117.17,-117.17,0,0,
09/21/2026,09:07:45:169,0.000000,0.000000,3,-124.17,-124.17,0,0,
09/21/2026,09:07:45:216,0.000000,0.000000,4,-63.03,-63.03,0,0,
09/21/2026,09:07:45:261,0.000000,0.000000,2,-121.43,-121.43,0,0,
09/21/2026,09:07:45:343,0.000000,0.000000,1,-117.42,-117.42,0,0,
09/21/2026,09:07:45:364,0.000000,0.000000,3,-125.49,-125.49,0,0,
09/21/2026,09:07:45:413,0.000000,0.000000,4,-57.21,-57.21,0,0,
09/21/2026,09:07:45:457,0.000000,0.000000,2,-121.82,-121.82,0,0,
09/21/2026,09:07:45:539,0.000000,0.000000,1,-117.16,-117.16,0,0,
09/21/2026,09:07:45:583,0.000000,0.000000,3,-123.51,-123.51,0,0,
09/21/2026,09:07:45:628,0.000000,0.000000,4,-57.84,-57.84,0,0,
09/21/2026,09:07:45:668,0.000000,0.000000,2,-121.09,-121.09,0,0,
09/21/2026,09:07:45:856,0.000000,0.000000,1,-119.12,-119.12,0,0,
09/21/2026,09:07:45:861,0.000000,0.000000,3,-122.92,-122.92,0,0,
09/21/2026,09:07:45:871,0.000000,0.000000,4,-59.06,-59.06,0,0,
09/21/2026,09:07:45:876,0.000000,0.000000,2,-124.65,-124.65,0,0,
09/21/2026,09:07:45:958,0.000000,0.000000,1,-119.62,-119.62,0,0,
09/21/2026,09:07:45:997,0.000000,0.000000,3,-121.18,-121.18,0,0,
09/21/2026,09:07:46:054,0.000000,0.000000,4,-58.78,-58.78,0,0,
09/21/2026,09:07:46:088,0.000000,0.000000,2,-122.04,-122.04,0,0,
09/21/2026,09:07:46:182,0.000000,0.000000,1,-118.9,-118.9,0,0,
09/21/2026,09:07:46:206,0.000000,0.000000,3,-122.3,-122.3,0,0,
09/21/2026,09:07:46:263,0.000000,0.000000,4,-60.66,-60.66,0,0,
09/21/2026,09:07:46:295,0.000000,0.000000,2,-122.83,-122.83,0,0,
09/21/2026,09:07:46:383,0.000000,0.000000,1,-118.29,-118.29,0,0,
09/21/2026,09:07:46:423,0.000000,0.000000,3,-126.02,-126.02,0,0,
09/21/2026,09:07:46:476,0.000000,0.000000,4,-61.14,-61.14,0,0,
09/21/2026,09:07:46:507,0.000000,0.000000,2,-121.28,-121.28,0,0,
09/21/2026,09:07:46:597,0.000000,0.000000,1,-120.11,-120.11,0,0,
09/21/2026,09:07:46:637,0.000000,0.000000,3,-123.67,-123.67,0,0,
09/21/2026,09:07:46:679,0.000000,0.000000,4,-57.59,-57.59,0,0,
09/21/2026,09:07:46:715,0.000000,0.000000,2,-123.24,-123.24,0,0,
09/21/2026,09:07:46:806,0.000000,0.000000,1,-117.44,-117.44,0,0,
09/21/2026,09:07:46:841,0.000000,0.000000,3,-122.86,-122.86,0,0,
09/21/2026,09:07:46:900,0.000000,0.000000,4,-59.09,-59.09,0,0,
09/21/2026,09:07:46:932,0.000000,0.000000,2,-122.46,-122.46,0,0,
09/21/2026,09:07:47:058,0.000000,0.000000,1,-119.37,-119.37,0,0,
09/21/2026,09:07:47:063,0.000000,0.000000,3,-124.01,-124.01,0,0,
09/21/2026,09:07:47:105,0.000000,0.000000,4,-63.48,-63.48,0,0,
09/21/2026,09:07:47:146,0.000000,0.000000,2,-123.63,-123.63,0,0,
09/21/2026,09:07:47:227,0.000000,0.000000,1,-118.49,-118.49,0,0,
09/21/2026,09:07:47:266,0.000000,0.000000,3,-124.2,-124.2,0,0,
09/21/2026,09:07:47:314,0.000000,0.000000,4,-63.95,-63.95,0,0,
09/21/2026,09:07:47:347,0.000000,0.000000,2,-122.04,-122.04,0,0,
09/21/2026,09:07:47:477,0.000000,0.000000,1,-118.87,-118.87,0,0,
09/21/2026,09:07:47:481,0.000000,0.000000,3,-123.64,-123.64,0,0,
09/21/2026,09:07:47:522,0.000000,0.000000,4,-60.76,-60.76,0,0,
09/21/2026,09:07:47:562,0.000000,0.000000,2,-123.29,-123.29,0,0,
09/21/2026,09:07:47:646,0.000000,0.000000,1,-120.56,-120.56,0,0,
09/21/2026,09:07:47:682,0.000000,0.000000,3,-123.95,-123.95,0,0,
09/21/2026,09:07:47:737,0.000000,0.000000,4,-75.52,-75.52,0,0,
09/21/2026,09:07:47:775,0.000000,0.000000,2,-122.59,-122.59,0,0,
09/21/2026,09:07:47:859,0.000000,0.000000,1,-118.83,-118.83,0,0,
09/21/2026,09:07:47:894,0.000000,0.000000,3,-124.64,-124.64,0,0,
09/21/2026,09:07:47:945,0.000000,0.000000,4,-65.36,-65.36,0,0,
09/21/2026,09:07:47:980,0.000000,0.000000,2,-123.72,-123.72,0,0,
09/21/2026,09:07:48:087,0.000000,0.000000,1,-116.69,-116.69,0,0,
09/21/2026,09:07:48:105,0.000000,0.000000,3,-124.37,-124.37,0,0,
09/21/2026,09:07:48:155,0.000000,0.000000,4,-67.44,-67.44,0,0,
09/21/2026,09:07:48:193,0.000000,0.000000,2,-123.41,-123.41,0,0,
09/21/2026,09:07:48:285,0.000000,0.000000,1,-119.32,-119.32,0,0,
09/21/2026,09:07:48:320,0.000000,0.000000,3,-125.96,-125.96,0,0,
09/21/2026,09:07:48:367,0.000000,0.000000,4,-70.34,-70.34,0,0,
09/21/2026,09:07:48:402,0.000000,0.000000,2,-123.02,-123.02,0,0,
09/21/2026,09:07:48:495,0.000000,0.000000,1,-119.18,-119.18,0,0,
09/21/2026,09:07:48:530,0.000000,0.000000,3,-124.98,-124.98,0,0,
09/21/2026,09:07:48:598,0.000000,0.000000,4,-66.03,-66.03,0,0,
09/21/2026,09:07:48:613,0.000000,0.000000,2,-121.75,-121.75,0,0,
09/21/2026,09:07:48:706,0.000000,0.000000,1,-120.13,-120.13,0,0,
09/21/2026,09:07:48:739,0.000000,0.000000,3,-124.59,-124.59,0,0,
09/21/2026,09:07:48:816,0.000000,0.000000,4,-66.22,-66.22,0,0,
09/21/2026,09:07:48:823,0.000000,0.000000,2,-125.18,-125.18,0,0,
09/21/2026,09:07:48:913,0.000000,0.000000,1,-117.91,-117.91,0,0,
09/21/2026,09:07:48:950,0.000000,0.000000,3,-123.81,-123.81,0,0,
09/21/2026,09:07:48:998,0.000000,0.000000,4,-73.43,-73.43,0,0,
09/21/2026,09:07:49:039,0.000000,0.000000,2,-123.7,-123.7,0,0,
09/21/2026,09:07:49:126,0.000000,0.000000,1,-117.36,-117.36,0,0,
09/21/2026,09:07:49:170,0.000000,0.000000,3,-124.69,-124.69,0,0,
09/21/2026,09:07:49:211,0.000000,0.000000,4,-63.7,-63.7,0,0,
09/21/2026,09:07:49:248,0.000000,0.000000,2,-123.5,-123.5,0,0,
09/21/2026,09:07:49:361,0.000000,0.000000,1,-119.11,-119.11,0,0,
09/21/2026,09:07:49:370,0.000000,0.000000,3,-124.76,-124.76,0,0,
09/21/2026,09:07:49:429,0.000000,0.000000,4,-61.11,-61.11,0,0,
09/21/2026,09:07:49:463,0.000000,0.000000,2,-124.09,-124.09,0,0,
09/21/2026,09:07:49:548,0.000000,0.000000,1,-118.96,-118.96,0,0,
09/21/2026,09:07:49:584,0.000000,0.000000,3,-124.26,-124.26,0,0,
09/21/2026,09:07:49:641,0.000000,0.000000,4,-59.95,-59.95,0,0,
09/21/2026,09:07:49:674,0.000000,0.000000,2,-123.08,-123.08,0,0,
09/21/2026,09:07:49:756,0.000000,0.000000,1,-120.6,-120.6,0,0,
09/21/2026,09:07:49:792,0.000000,0.000000,3,-122.67,-122.67,0,0,
09/21/2026,09:07:49:846,0.000000,0.000000,4,-60.16,-60.16,0,0,
09/21/2026,09:07:49:889,0.000000,0.000000,2,-123.42,-123.42,0,0,
09/21/2026,09:07:49:989,0.000000,0.000000,1,-120.01,-120.01,0,0,
09/21/2026,09:07:50:042,0.000000,0.000000,3,-125.34,-125.34,0,0,
09/21/2026,09:07:50:059,0.000000,0.000000,4,-61.57,-61.57,0,0,
09/21/2026,09:07:50:099,0.000000,0.000000,2,-122.27,-122.27,0,0,
09/21/2026,09:07:50:179,0.000000,0.000000,1,-122.14,-122.14,0,0,
09/21/2026,09:07:50:231,0.000000,0.000000,3,-125.08,-125.08,0,0,
09/21/2026,09:07:50:274,0.000000,0.000000,4,-63.61,-63.61,0,0,
09/21/2026,09:07:50:311,0.000000,0.000000,2,-122.91,-122.91,0,0,
09/21/2026,09:07:50:393,0.000000,0.000000,1,-120.34,-120.34,0,0,
09/21/2026,09:07:50:428,0.000000,0.000000,3,-122.93,-122.93,0,0,
09/21/2026,09:07:50:481,0.000000,0.000000,4,-65.77,-65.77,0,0,
09/21/2026,09:07:50:527,0.000000,0.000000,2,-125.28,-125.28,0,0,
09/21/2026,09:07:50:607,0.000000,0.000000,1,-120.03,-120.03,0,0,
09/21/2026,09:07:50:647,0.000000,0.000000,3,-123.73,-123.73,0,0,
09/21/2026,09:07:50:707,0.000000,0.000000,4,-70.62,-70.62,0,0,
09/21/2026,09:07:50:730,0.000000,0.000000,2,-122.43,-122.43,0,0,
09/21/2026,09:07:50:821,0.000000,0.000000,1,-120.56,-120.56,0,0,
09/21/2026,09:07:50:855,0.000000,0.000000,3,-123.59,-123.59,0,0,
09/21/2026,09:07:50:997,0.000000,0.000000,4,-72.58,-72.58,0,0,
09/21/2026,09:07:51:000,0.000000,0.000000,2,-123.1,-123.1,0,0,
09/21/2026,09:07:51:067,0.000000,0.000000,1,-119.23,-119.23,0,0,
09/21/2026,09:07:51:077,0.000000,0.000000,3,-124.24,-124.24,0,0,
09/21/2026,09:07:51:119,0.000000,0.000000,4,-74.38,-74.38,0,0,
09/21/2026,09:07:51:149,0.000000,0.000000,2,-124.04,-124.04,0,0,
09/21/2026,09:07:51:236,0.000000,0.000000,1,-117.05,-117.05,0,0,
09/21/2026,09:07:51:270,0.000000,0.000000,3,-123.81,-123.81,0,0,
09/21/2026,09:07:51:326,0.000000,0.000000,4,-73.98,-73.98,0,0,
09/21/2026,09:07:51:359,0.000000,0.000000,2,-122.43,-122.43,0,0,
09/21/2026,09:07:51:449,0.000000,0.000000,1,-117.75,-117.75,0,0,
09/21/2026,09:07:51:504,0.000000,0.000000,3,-123.44,-123.44,0,0,
09/21/2026,09:07:51:538,0.000000,0.000000,4,-68.04,-68.04,0,0,
09/21/2026,09:07:51:572,0.000000,0.000000,2,-124.44,-124.44,0,0,
09/21/2026,09:07:51:661,0.000000,0.000000,1,-120.13,-120.13,0,0,
09/21/2026,09:07:51:697,0.000000,0.000000,3,-123.66,-123.66,0,0,
09/21/2026,09:07:51:745,0.000000,0.000000,4,-70.22,-70.22,0,0,
09/21/2026,09:07:51:779,0.000000,0.000000,2,-122.46,-122.46,0,0,
09/21/2026,09:07:51:868,0.000000,0.000000,1,-122.01,-122.01,0,0,
09/21/2026,09:07:51:922,0.000000,0.000000,3,-123.16,-123.16,0,0,
09/21/2026,09:07:51:960,0.000000,0.000000,4,-63.03,-63.03,0,0,
09/21/2026,09:07:51:998,0.000000,0.000000,2,-125.84,-125.84,0,0,
09/21/2026,09:07:52:080,0.000000,0.000000,1,-118.81,-118.81,0,0,
09/21/2026,09:07:52:121,0.000000,0.000000,3,-124.52,-124.52,0,0,
09/21/2026,09:07:52:170,0.000000,0.000000,4,-67.82,-67.82,0,0,
09/21/2026,09:07:52:206,0.000000,0.000000,2,-123.54,-123.54,0,0,
09/21/2026,09:07:52:301,0.000000,0.000000,1,-117.94,-117.94,0,0,
09/21/2026,09:07:52:332,0.000000,0.000000,3,-124.03,-124.03,0,0,
09/21/2026,09:07:52:389,0.000000,0.000000,4,-66.99,-66.99,0,0,
09/21/2026,09:07:52:431,0.000000,0.000000,2,-123.36,-123.36,0,0,
09/21/2026,09:07:52:499,0.000000,0.000000,1,-121.08,-121.08,0,0,
09/21/2026,09:07:52:536,0.000000,0.000000,3,-122.31,-122.31,0,0,
09/21/2026,09:07:52:606,0.000000,0.000000,4,-65.17,-65.17,0,0,
09/21/2026,09:07:52:638,0.000000,0.000000,2,-125.45,-125.45,0,0,
09/21/2026,09:07:52:730,0.000000,0.000000,1,-118.45,-118.45,0,0,
09/21/2026,09:07:52:775,0.000000,0.000000,3,-125.37,-125.37,0,0,
09/21/2026,09:07:52:818,0.000000,0.000000,4,-62.85,-62.85,0,0,
09/21/2026,09:07:52:856,0.000000,0.000000,2,-124.14,-124.14,0,0,
09/21/2026,09:07:52:933,0.000000,0.000000,1,-118.01,-118.01,0,0,
09/21/2026,09:07:52:960,0.000000,0.000000,3,-125.09,-125.09,0,0,
09/21/2026,09:07:53:010,0.000000,0.000000,4,-68.14,-68.14,0,0,
09/21/2026,09:07:53:046,0.000000,0.000000,2,-123.78,-123.78,0,0,
09/21/2026,09:07:53:137,0.000000,0.000000,1,-118.8,-118.8,0,0,
09/21/2026,09:07:53:170,0.000000,0.000000,3,-123.74,-123.74,0,0,
09/21/2026,09:07:53:218,0.000000,0.000000,4,-70.03,-70.03,0,0,
09/21/2026,09:07:53:255,0.000000,0.000000,2,-122.15,-122.15,0,0,
09/21/2026,09:07:53:344,0.000000,0.000000,1,-119.35,-119.35,0,0,
09/21/2026,09:07:53:384,0.000000,0.000000,3,-123.67,-123.67,0,0,
09/21/2026,09:07:53:435,0.000000,0.000000,4,-68.11,-68.11,0,0,
09/21/2026,09:07:53:470,0.000000,0.000000,2,-123.78,-123.78,0,0,
09/21/2026,09:07:53:553,0.000000,0.000000,1,-119.82,-119.82,0,0,
09/21/2026,09:07:53:589,0.000000,0.000000,3,-124.82,-124.82,0,0,
09/21/2026,09:07:53:645,0.000000,0.000000,4,-71.72,-71.72,0,0,
09/21/2026,09:07:53:683,0.000000,0.000000,2,-122.89,-122.89,0,0,
09/21/2026,09:07:53:765,0.000000,0.000000,1,-120.33,-120.33,0,0,
09/21/2026,09:07:53:809,0.000000,0.000000,3,-124.64,-124.64,0,0,
09/21/2026,09:07:53:885,0.000000,0.000000,4,-78.98,-78.98,0,0,
09/21/2026,09:07:53:890,0.000000,0.000000,2,-123.37,-123.37,0,0,
09/21/2026,09:07:53:977,0.000000,0.000000,1,-121.96,-121.96,0,0,
09/21/2026,09:07:54:011,0.000000,0.000000,3,-121.99,-121.99,0,0,
09/21/2026,09:07:54:069,0.000000,0.000000,4,-64.64,-64.64,0,0,
09/21/2026,09:07:54:099,0.000000,0.000000,2,-124.75,-124.75,0,0,
09/21/2026,09:07:54:191,0.000000,0.000000,1,-118.49,-118.49,0,0,
09/21/2026,09:07:54:226,0.000000,0.000000,3,-125.3,-125.3,0,0,
09/21/2026,09:07:54:275,0.000000,0.000000,4,-64.73,-64.73,0,0,
09/21/2026,09:07:54:321,0.000000,0.000000,2,-123.23,-123.23,0,0,
09/21/2026,09:07:54:406,0.000000,0.000000,1,-119.34,-119.34,0,0,
09/21/2026,09:07:54:438,0.000000,0.000000,3,-124.53,-124.53,0,0,
09/21/2026,09:07:54:496,0.000000,0.000000,4,-67.15,-67.15,0,0,
09/21/2026,09:07:54:531,0.000000,0.000000,2,-125.52,-125.52,0,0,
09/21/2026,09:07:54:620,0.000000,0.000000,1,-119.54,-119.54,0,0,
09/21/2026,09:07:54:671,0.000000,0.000000,3,-124.91,-124.91,0,0,
09/21/2026,09:07:54:703,0.000000,0.000000,4,-59.61,-59.61,0,0,
09/21/2026,09:07:54:733,0.000000,0.000000,2,-122.96,-122.96,0,0,
09/21/2026,09:07:54:832,0.000000,0.000000,1,-117.54,-117.54,0,0,
09/21/2026,09:07:54:860,0.000000,0.000000,3,-124.44,-124.44,0,0,
09/21/2026,09:07:54:907,0.000000,0.000000,4,-63.38,-63.38,0,0,
09/21/2026,09:07:54:945,0.000000,0.000000,2,-124.71,-124.71,0,0,
09/21/2026,09:07:55:032,0.000000,0.000000,1,-118.35,-118.35,0,0,
09/21/2026,09:07:55:067,0.000000,0.000000,3,-122.54,-122.54,0,0,
09/21/2026,09:07:55:117,0.000000,0.000000,4,-69.51,-69.51,0,0,
09/21/2026,09:07:55:160,0.000000,0.000000,2,-124.21,-124.21,0,0,
09/21/2026,09:07:55:262,0.000000,0.000000,1,-119.54,-119.54,0,0,
09/21/2026,09:07:55:294,0.000000,0.000000,3,-124.35,-124.35,0,0,
09/21/2026,09:07:55:333,0.000000,0.000000,4,-61.38,-61.38,0,0,
09/21/2026,09:07:55:372,0.000000,0.000000,2,-125.74,-125.74,0,0,
09/21/2026,09:07:55:453,0.000000,0.000000,1,-117.89,-117.89,0,0,
09/21/2026,09:07:55:496,0.000000,0.000000,3,-125.04,-125.04,0,0,
09/21/2026,09:07:55:547,0.000000,0.000000,4,-61.39,-61.39,0,0,
09/21/2026,09:07:55:579,0.000000,0.000000,2,-124.03,-124.03,0,0,
09/21/2026,09:07:55:665,0.000000,0.000000,1,-122.03,-122.03,0,0,
09/21/2026,09:07:55:700,0.000000,0.000000,3,-123.77,-123.77,0,0,
09/21/2026,09:07:55:762,0.000000,0.000000,4,-62.45,-62.45,0,0,
09/21/2026,09:07:55:788,0.000000,0.000000,2,-122.53,-122.53,0,0,
09/21/2026,09:07:55:878,0.000000,0.000000,1,-120.48,-120.48,0,0,
09/21/2026,09:07:55:911,0.000000,0.000000,3,-123.8,-123.8,0,0,
09/21/2026,09:07:55:964,0.000000,0.000000,4,-66.56,-66.56,0,0,
09/21/2026,09:07:56:005,0.000000,0.000000,2,-124.61,-124.61,0,0,
09/21/2026,09:07:56:145,0.000000,0.000000,1,-121.21,-121.21,0,0,
09/21/2026,09:07:56:149,0.000000,0.000000,3,-124.37,-124.37,0,0,
09/21/2026,09:07:56:177,0.000000,0.000000,4,-66.42,-66.42,0,0,
09/21/2026,09:07:56:210,0.000000,0.000000,2,-123.23,-123.23,0,0,
09/21/2026,09:07:56:306,0.000000,0.000000,1,-121.07,-121.07,0,0,
09/21/2026,09:07:56:336,0.000000,0.000000,3,-124.37,-124.37,0,0,
09/21/2026,09:07:56:478,0.000000,0.000000,4,-65.4,-65.4,0,0,
09/21/2026,09:07:56:481,0.000000,0.000000,2,-121.01,-121.01,0,0,
09/21/2026,09:07:56:524,0.000000,0.000000,1,-117.95,-117.95,0,0,
09/21/2026,09:07:56:554,0.000000,0.000000,3,-125.78,-125.78,0,0,
09/21/2026,09:07:56:602,0.000000,0.000000,4,-69.6,-69.6,0,0,
09/21/2026,09:07:56:659,0.000000,0.000000,2,-122.85,-122.85,0,0,
09/21/2026,09:07:56:725,0.000000,0.000000,1,-119.07,-119.07,0,0,
09/21/2026,09:07:56:754,0.000000,0.000000,3,-126.31,-126.31,0,0,
09/21/2026,09:07:56:804,0.000000,0.000000,4,-66.24,-66.24,0,0,
09/21/2026,09:07:56:840,0.000000,0.000000,2,-122.7,-122.7,0,0,
09/21/2026,09:07:56:943,0.000000,0.000000,1,-119.48,-119.48,0,0,
09/21/2026,09:07:56:968,0.000000,0.000000,3,-125.73,-125.73,0,0,
09/21/2026,09:07:57:015,0.000000,0.000000,4,-66.5,-66.5,0,0,
09/21/2026,09:07:57:051,0.000000,0.000000,2,-123.05,-123.05,0,0,
09/21/2026,09:07:57:143,0.000000,0.000000,1,-118.3,-118.3,0,0,
09/21/2026,09:07:57:184,0.000000,0.000000,3,-124.94,-124.94,0,0,
09/21/2026,09:07:57:225,0.000000,0.000000,4,-65.12,-65.12,0,0,
09/21/2026,09:07:57:270,0.000000,0.000000,2,-121.89,-121.89,0,0,
09/21/2026,09:07:57:352,0.000000,0.000000,1,-119.32,-119.32,0,0,
09/21/2026,09:07:57:396,0.000000,0.000000,3,-123.28,-123.28,0,0,
09/21/2026,09:07:57:445,0.000000,0.000000,4,-73.54,-73.54,0,0,
09/21/2026,09:07:57:483,0.000000,0.000000,2,-122.18,-122.18,0,0,
09/21/2026,09:07:57:561,0.000000,0.000000,1,-119.18,-119.18,0,0,
09/21/2026,09:07:57:601,0.000000,0.000000,3,-124.67,-124.67,0,0,
09/21/2026,09:07:57:657,0.000000,0.000000,4,-72.78,-72.78,0,0,
09/21/2026,09:07:57:717,0.000000,0.000000,2,-124.64,-124.64,0,0,
09/21/2026,09:07:57:781,0.000000,0.000000,1,-117.79,-117.79,0,0,
09/21/2026,09:07:57:810,0.000000,0.000000,3,-126.28,-126.28,0,0,
09/21/2026,09:07:57:867,0.000000,0.000000,4,-70.49,-70.49,0,0,
09/21/2026,09:07:57:896,0.000000,0.000000,2,-123.66,-123.66,0,0,
09/21/2026,09:07:57:989,0.000000,0.000000,1,-117.24,-117.24,0,0,
09/21/2026,09:07:58:023,0.000000,0.000000,3,-126.28,-126.28,0,0,
09/21/2026,09:07:58:071,0.000000,0.000000,4,-67.1,-67.1,0,0,
09/21/2026,09:07:58:110,0.000000,0.000000,2,-125.44,-125.44,0,0,
09/21/2026,09:07:58:197,0.000000,0.000000,1,-119.35,-119.35,0,0,
09/21/2026,09:07:58:230,0.000000,0.000000,3,-124.26,-124.26,0,0,
09/21/2026,09:07:58:292,0.000000,0.000000,4,-67.7,-67.7,0,0,
09/21/2026,09:07:58:341,0.000000,0.000000,2,-122.95,-122.95,0,0,
09/21/2026,09:07:58:431,0.000000,0.000000,1,-118.79,-118.79,0,0,
09/21/2026,09:07:58:482,0.000000,0.000000,3,-123.25,-123.25,0,0,
09/21/2026,09:07:58:524,0.000000,0.000000,4,-66.81,-66.81,0,0,
09/21/2026,09:07:58:528,0.000000,0.000000,2,-122.94,-122.94,0,0,
09/21/2026,09:07:58:623,0.000000,0.000000,1,-117.25,-117.25,0,0,
09/21/2026,09:07:58:663,0.000000,0.000000,3,-123.31,-123.31,0,0,
09/21/2026,09:07:58:710,0.000000,0.000000,4,-70.91,-70.91,0,0,
09/21/2026,09:07:58:748,0.000000,0.000000,2,-121.74,-121.74,0,0,
09/21/2026,09:07:58:828,0.000000,0.000000,1,-118.23,-118.23,0,0,
09/21/2026,09:07:58:868,0.000000,0.000000,3,-124.6,-124.6,0,0,
09/21/2026,09:07:58:928,0.000000,0.000000,4,-69.47,-69.47,0,0,
09/21/2026,09:07:58:958,0.000000,0.000000,2,-121.66,-121.66,0,0,
09/21/2026,09:07:59:040,0.000000,0.000000,1,-117.45,-117.45,0,0,
09/21/2026,09:07:59:074,0.000000,0.000000,3,-124.32,-124.32,0,0,
09/21/2026,09:07:59:125,0.000000,0.000000,4,-75.7,-75.7,0,0,
09/21/2026,09:07:59:170,0.000000,0.000000,2,-125.58,-125.58,0,0,
09/21/2026,09:07:59:253,0.000000,0.000000,1,-119.91,-119.91,0,0,
09/21/2026,09:07:59:287,0.000000,0.000000,3,-123.02,-123.02,0,0,
09/21/2026,09:07:59:336,0.000000,0.000000,4,-70.43,-70.43,0,0,
09/21/2026,09:07:59:371,0.000000,0.000000,2,-124.21,-124.21,0,0,
09/21/2026,09:07:59:469,0.000000,0.000000,1,-117.99,-117.99,0,0,
09/21/2026,09:07:59:498,0.000000,0.000000,3,-124.74,-124.74,0,0,
09/21/2026,09:07:59:558,0.000000,0.000000,4,-67.15,-67.15,0,0,
09/21/2026,09:07:59:610,0.000000,0.000000,2,-121.85,-121.85,0,0,
09/21/2026,09:07:59:682,0.000000,0.000000,1,-119.34,-119.34,0,0,
09/21/2026,09:07:59:715,0.000000,0.000000,3,-123.78,-123.78,0,0,
09/21/2026,09:07:59:760,0.000000,0.000000,4,-64.97,-64.97,0,0,
09/21/2026,09:07:59:793,0.000000,0.000000,2,-123.59,-123.59,0,0,
09/21/2026,09:07:59:885,0.000000,0.000000,1,-120.6,-120.6,0,0,
09/21/2026,09:07:59:921,0.000000,0.000000,3,-124.45,-124.45,0,0,
09/21/2026,09:07:59:969,0.000000,0.000000,4,-60.66,-60.66,0,0,
09/21/2026,09:08:00:008,0.000000,0.000000,2,-125.25,-125.25,0,0,
09/21/2026,09:08:00:114,0.000000,0.000000,1,-118.64,-118.64,0,0,
09/21/2026,09:08:00:157,0.000000,0.000000,3,-124.54,-124.54,0,0,
09/21/2026,09:08:00:200,0.000000,0.000000,4,-58.51,-58.51,0,0,
09/21/2026,09:08:00:232,0.000000,0.000000,2,-125,-125,0,0,
09/21/2026,09:08:00:320,0.000000,0.000000,1,-117.49,-117.49,0,0,
09/21/2026,09:08:00:351,0.000000,0.000000,3,-123.51,-123.51,0,0,
09/21/2026,09:08:00:397,0.000000,0.000000,4,-59.41,-59.41,0,0,
09/21/2026,09:08:00:430,0.000000,0.000000,2,-123.77,-123.77,0,0,
09/21/2026,09:08:00:522,0.000000,0.000000,1,-117.42,-117.42,0,0,
09/21/2026,09:08:00:554,0.000000,0.000000,3,-125.98,-125.98,0,0,
09/21/2026,09:08:00:608,0.000000,0.000000,4,-61.89,-61.89,0,0,
09/21/2026,09:08:00:642,0.000000,0.000000,2,-123.89,-123.89,0,0,
09/21/2026,09:08:00:734,0.000000,0.000000,1,-117.19,-117.19,0,0,
09/21/2026,09:08:00:774,0.000000,0.000000,3,-124.97,-124.97,0,0,
09/21/2026,09:08:00:814,0.000000,0.000000,4,-75.02,-75.02,0,0,
09/21/2026,09:08:00:855,0.000000,0.000000,2,-123.51,-123.51,0,0,
09/21/2026,09:08:00:938,0.000000,0.000000,1,-118.59,-118.59,0,0,
09/21/2026,09:08:00:979,0.000000,0.000000,3,-122.81,-122.81,0,0,
09/21/2026,09:08:01:030,0.000000,0.000000,4,-64.47,-64.47,0,0,
09/21/2026,09:08:01:063,0.000000,0.000000,2,-122.85,-122.85,0,0,
09/21/2026,09:08:01:153,0.000000,0.000000,1,-119.71,-119.71,0,0,
09/21/2026,09:08:01:289,0.000000,0.000000,3,-123.02,-123.02,0,0,
09/21/2026,09:08:01:298,0.000000,0.000000,4,-59.68,-59.68,0,0,
09/21/2026,09:08:01:309,0.000000,0.000000,2,-122.26,-122.26,0,0,
09/21/2026,09:08:01:361,0.000000,0.000000,1,-119.02,-119.02,0,0,
09/21/2026,09:08:01:416,0.000000,0.000000,3,-123.48,-123.48,0,0,
09/21/2026,09:08:01:451,0.000000,0.000000,4,-58.23,-58.23,0,0,
09/21/2026,09:08:01:492,0.000000,0.000000,2,-124.29,-124.29,0,0,
09/21/2026,09:08:01:575,0.000000,0.000000,1,-120.76,-120.76,0,0,
09/21/2026,09:08:01:608,0.000000,0.000000,3,-125.79,-125.79,0,0,
09/21/2026,09:08:01:678,0.000000,0.000000,4,-60.17,-60.17,0,0,
09/21/2026,09:08:01:692,0.000000,0.000000,2,-124.02,-124.02,0,0,
09/21/2026,09:08:01:787,0.000000,0.000000,1,-120.24,-120.24,0,0,
09/21/2026,09:08:01:827,0.000000,0.000000,3,-124.75,-124.75,0,0,
09/21/2026,09:08:01:872,0.000000,0.000000,4,-64.49,-64.49,0,0,
09/21/2026,09:08:01:945,0.000000,0.000000,2,-125.1,-125.1,0,0,
09/21/2026,09:08:02:022,0.000000,0.000000,1,-119.43,-119.43,0,0,
09/21/2026,09:08:02:029,0.000000,0.000000,3,-124.88,-124.88,0,0,
09/21/2026,09:08:02:110,0.000000,0.000000,4,-71.21,-71.21,0,0,
09/21/2026,09:08:02:118,0.000000,0.000000,2,-123.99,-123.99,0,0,
09/21/2026,09:08:02:203,0.000000,0.000000,1,-119.11,-119.11,0,0,
09/21/2026,09:08:02:238,0.000000,0.000000,3,-124.41,-124.41,0,0,
09/21/2026,09:08:02:294,0.000000,0.000000,4,-66.51,-66.51,0,0,
09/21/2026,09:08:02:328,0.000000,0.000000,2,-123.88,-123.88,0,0,
09/21/2026,09:08:02:418,0.000000,0.000000,1,-119.59,-119.59,0,0,
09/21/2026,09:08:02:452,0.000000,0.000000,3,-124.61,-124.61,0,0,
09/21/2026,09:08:02:500,0.000000,0.000000,4,-66.85,-66.85,0,0,
09/21/2026,09:08:02:538,0.000000,0.000000,2,-123.91,-123.91,0,0,
09/21/2026,09:08:02:630,0.000000,0.000000,1,-117.42,-117.42,0,0,
09/21/2026,09:08:02:659,0.000000,0.000000,3,-122.87,-122.87,0,0,
09/21/2026,09:08:02:725,0.000000,0.000000,4,-65.8,-65.8,0,0,
09/21/2026,09:08:02:753,0.000000,0.000000,2,-125.67,-125.67,0,0,
09/21/2026,09:08:02:839,0.000000,0.000000,1,-119.56,-119.56,0,0,
09/21/2026,09:08:02:876,0.000000,0.000000,3,-124.49,-124.49,0,0,
09/21/2026,09:08:02:924,0.000000,0.000000,4,-59.51,-59.51,0,0,
09/21/2026,09:08:02:961,0.000000,0.000000,2,-124.79,-124.79,0,0,
09/21/2026,09:08:03:056,0.000000,0.000000,1,-120.64,-120.64,0,0,
09/21/2026,09:08:03:083,0.000000,0.000000,3,-124.38,-124.38,0,0,
09/21/2026,09:08:03:141,0.000000,0.000000,4,-59.6,-59.6,0,0,
09/21/2026,09:08:03:168,0.000000,0.000000,2,-125.02,-125.02,0,0,
09/21/2026,09:08:03:265,0.000000,0.000000,1,-116.96,-116.96,0,0,
09/21/2026,09:08:03:298,0.000000,0.000000,3,-125.63,-125.63,0,0,
09/21/2026,09:08:03:347,0.000000,0.000000,4,-62.64,-62.64,0,0,
09/21/2026,09:08:03:390,0.000000,0.000000,2,-122.27,-122.27,0,0,
09/21/2026,09:08:03:474,0.000000,0.000000,1,-118.6,-118.6,0,0,
09/21/2026,09:08:03:514,0.000000,0.000000,3,-125.03,-125.03,0,0,
09/21/2026,09:08:03:556,0.000000,0.000000,4,-73.72,-73.72,0,0,
09/21/2026,09:08:03:591,0.000000,0.000000,2,-124.83,-124.83,0,0,
09/21/2026,09:08:03:685,0.000000,0.000000,1,-118.22,-118.22,0,0,
09/21/2026,09:08:03:716,0.000000,0.000000,3,-125.12,-125.12,0,0,
09/21/2026,09:08:03:793,0.000000,0.000000,4,-59.43,-59.43,0,0,
09/21/2026,09:08:03:803,0.000000,0.000000,2,-124.7,-124.7,0,0,
09/21/2026,09:08:03:917,0.000000,0.000000,1,-116.47,-116.47,0,0,
09/21/2026,09:08:03:925,0.000000,0.000000,3,-125.52,-125.52,0,0,
09/21/2026,09:08:03:998,0.000000,0.000000,4,-61.43,-61.43,0,0,
09/21/2026,09:08:04:013,0.000000,0.000000,2,-124.69,-124.69,0,0,
09/21/2026,09:08:04:122,0.000000,0.000000,1,-117.57,-117.57,0,0,
09/21/2026,09:08:04:139,0.000000,0.000000,3,-123.84,-123.84,0,0,
09/21/2026,09:08:04:192,0.000000,0.000000,4,-65.15,-65.15,0,0,
09/21/2026,09:08:04:226,0.000000,0.000000,2,-122.7,-122.7,0,0,
09/21/2026,09:08:04:319,0.000000,0.000000,1,-117.16,-117.16,0,0,
09/21/2026,09:08:04:351,0.000000,0.000000,3,-124.08,-124.08,0,0,
09/21/2026,09:08:04:406,0.000000,0.000000,4,-61.26,-61.26,0,0,
09/21/2026,09:08:04:435,0.000000,0.000000,2,-123.93,-123.93,0,0,
09/21/2026,09:08:04:524,0.000000,0.000000,1,-119.13,-119.13,0,0,
09/21/2026,09:08:04:567,0.000000,0.000000,3,-122.61,-122.61,0,0,
09/21/2026,09:08:04:616,0.000000,0.000000,4,-62.82,-62.82,0,0,
09/21/2026,09:08:04:653,0.000000,0.000000,2,-123.77,-123.77,0,0,
09/21/2026,09:08:04:738,0.000000,0.000000,1,-118.17,-118.17,0,0,
09/21/2026,09:08:04:771,0.000000,0.000000,3,-121.97,-121.97,0,0,
09/21/2026,09:08:04:829,0.000000,0.000000,4,-67.06,-67.06,0,0,
09/21/2026,09:08:04:864,0.000000,0.000000,2,-122.46,-122.46,0,0,
09/21/2026,09:08:04:954,0.000000,0.000000,1,-119.07,-119.07,0,0,
09/21/2026,09:08:04:988,0.000000,0.000000,3,-125.72,-125.72,0,0,
09/21/2026,09:08:05:045,0.000000,0.000000,4,-60.86,-60.86,0,0,
09/21/2026,09:08:05:074,0.000000,0.000000,2,-122.86,-122.86,0,0,
09/21/2026,09:08:05:162,0.000000,0.000000,1,-117.38,-117.38,0,0,
09/21/2026,09:08:05:201,0.000000,0.000000,3,-123.39,-123.39,0,0,
09/21/2026,09:08:05:249,0.000000,0.000000,4,-62.2,-62.2,0,0,
09/21/2026,09:08:05:288,0.000000,0.000000,2,-124.56,-124.56,0,0,
09/21/2026,09:08:05:381,0.000000,0.000000,1,-117.33,-117.33,0,0,
09/21/2026,09:08:05:403,0.000000,0.000000,3,-122.76,-122.76,0,0,
09/21/2026,09:08:05:455,0.000000,0.000000,4,-59.29,-59.29,0,0,
09/21/2026,09:08:05:494,0.000000,0.000000,2,-125.91,-125.91,0,0,
09/21/2026,09:08:05:580,0.000000,0.000000,1,-117.47,-117.47,0,0,
09/21/2026,09:08:05:617,0.000000,0.000000,3,-125.56,-125.56,0,0,
09/21/2026,09:08:05:665,0.000000,0.000000,4,-64.56,-64.56,0,0,
09/21/2026,09:08:05:772,0.000000,0.000000,2,-124.62,-124.62,0,0,
09/21/2026,09:08:05:887,0.000000,0.000000,1,-118.46,-118.46,0,0,
09/21/2026,09:08:05:919,0.000000,0.000000,3,-123.05,-123.05,0,0,
09/21/2026,09:08:05:931,0.000000,0.000000,4,-62.18,-62.18,0,0,
09/21/2026,09:08:05:964,0.000000,0.000000,2,-123.7,-123.7,0,0,
09/21/2026,09:08:06:005,0.000000,0.000000,1,-116.16,-116.16,0,0,
09/21/2026,09:08:06:043,0.000000,0.000000,3,-123.94,-123.94,0,0,
09/21/2026,09:08:06:091,0.000000,0.000000,4,-66.84,-66.84,0,0,
09/21/2026,09:08:06:125,0.000000,0.000000,2,-123.45,-123.45,0,0,
09/21/2026,09:08:06:215,0.000000,0.000000,1,-116.97,-116.97,0,0,
09/21/2026,09:08:06:250,0.000000,0.000000,3,-125.26,-125.26,0,0,
09/21/2026,09:08:06:307,0.000000,0.000000,4,-63.21,-63.21,0,0,
09/21/2026,09:08:06:425,0.000000,0.000000,2,-121.52,-121.52,0,0,
09/21/2026,09:08:06:444,0.000000,0.000000,1,-115.03,-115.03,0,0,
09/21/2026,09:08:06:460,0.000000,0.000000,3,-123.12,-123.12,0,0,
09/21/2026,09:08:06:511,0.000000,0.000000,4,-61.74,-61.74,0,0,
09/21/2026,09:08:06:548,0.000000,0.000000,2,-124.22,-124.22,0,0,
09/21/2026,09:08:06:634,0.000000,0.000000,1,-117.31,-117.31,0,0,
09/21/2026,09:08:06:675,0.000000,0.000000,3,-123.22,-123.22,0,0,
09/21/2026,09:08:06:728,0.000000,0.000000,4,-61.25,-61.25,0,0,
09/21/2026,09:08:06:758,0.000000,0.000000,2,-122.34,-122.34,0,0,
09/21/2026,09:08:06:864,0.000000,0.000000,1,-118.96,-118.96,0,0,
09/21/2026,09:08:06:889,0.000000,0.000000,3,-121.74,-121.74,0,0,
09/21/2026,09:08:06:939,0.000000,0.000000,4,-61.55,-61.55,0,0,
09/21/2026,09:08:06:977,0.000000,0.000000,2,-124.46,-124.46,0,0,
09/21/2026,09:08:07:057,0.000000,0.000000,1,-116.98,-116.98,0,0,
09/21/2026,09:08:07:091,0.000000,0.000000,3,-123.03,-123.03,0,0,
09/21/2026,09:08:07:147,0.000000,0.000000,4,-64.02,-64.02,0,0,
09/21/2026,09:08:07:177,0.000000,0.000000,2,-122.59,-122.59,0,0,
09/21/2026,09:08:07:289,0.000000,0.000000,1,-117.96,-117.96,0,0,
09/21/2026,09:08:07:314,0.000000,0.000000,3,-122.41,-122.41,0,0,
09/21/2026,09:08:07:356,0.000000,0.000000,4,-58.93,-58.93,0,0,
09/21/2026,09:08:07:396,0.000000,0.000000,2,-122.86,-122.86,0,0,
09/21/2026,09:08:07:482,0.000000,0.000000,1,-118.94,-118.94,0,0,
09/21/2026,09:08:07:518,0.000000,0.000000,3,-123.47,-123.47,0,0,
09/21/2026,09:08:07:630,0.000000,0.000000,4,-66.33,-66.33,0,0,
09/21/2026,09:08:07:661,0.000000,0.000000,2,-122.29,-122.29,0,0,
09/21/2026,09:08:07:712,0.000000,0.000000,1,-116.83,-116.83,0,0,
09/21/2026,09:08:07:746,0.000000,0.000000,3,-123.14,-123.14,0,0,
09/21/2026,09:08:07:805,0.000000,0.000000,4,-61.42,-61.42,0,0,
09/21/2026,09:08:07:811,0.000000,0.000000,2,-122.11,-122.11,0,0,
09/21/2026,09:08:07:914,0.000000,0.000000,1,-118.45,-118.45,0,0,
09/21/2026,09:08:07:953,0.000000,0.000000,3,-123.55,-123.55,0,0,
09/21/2026,09:08:08:007,0.000000,0.000000,4,-60.02,-60.02,0,0,
09/21/2026,09:08:08:022,0.000000,0.000000,2,-122.91,-122.91,0,0,
09/21/2026,09:08:08:110,0.000000,0.000000,1,-116.87,-116.87,0,0,
09/21/2026,09:08:08:154,0.000000,0.000000,3,-126.68,-126.68,0,0,
09/21/2026,09:08:08:206,0.000000,0.000000,4,-60.77,-60.77,0,0,
09/21/2026,09:08:08:237,0.000000,0.000000,2,-123.06,-123.06,0,0,
09/21/2026,09:08:08:324,0.000000,0.000000,1,-118.37,-118.37,0,0,
09/21/2026,09:08:08:366,0.000000,0.000000,3,-123.91,-123.91,0,0,
09/21/2026,09:08:08:414,0.000000,0.000000,4,-61.22,-61.22,0,0,
09/21/2026,09:08:08:445,0.000000,0.000000,2,-124.43,-124.43,0,0,
09/21/2026,09:08:08:571,0.000000,0.000000,1,-117.12,-117.12,0,0,
09/21/2026,09:08:08:580,0.000000,0.000000,3,-121.46,-121.46,0,0,
09/21/2026,09:08:08:619,0.000000,0.000000,4,-62.99,-62.99,0,0,
09/21/2026,09:08:08:661,0.000000,0.000000,2,-123.18,-123.18,0,0,
09/21/2026,09:08:08:751,0.000000,0.000000,1,-116.64,-116.64,0,0,
09/21/2026,09:08:08:792,0.000000,0.000000,3,-123.89,-123.89,0,0,
09/21/2026,09:08:08:835,0.000000,0.000000,4,-60.96,-60.96,0,0,
09/21/2026,09:08:08:869,0.000000,0.000000,2,-125.09,-125.09,0,0,
09/21/2026,09:08:08:957,0.000000,0.000000,1,-118.98,-118.98,0,0,
09/21/2026,09:08:09:001,0.000000,0.000000,3,-123.95,-123.95,0,0,
09/21/2026,09:08:09:049,0.000000,0.000000,4,-61.76,-61.76,0,0,
09/21/2026,09:08:09:077,0.000000,0.000000,2,-121.83,-121.83,0,0,
09/21/2026,09:08:09:166,0.000000,0.000000,1,-118.64,-118.64,0,0,
09/21/2026,09:08:09:238,0.000000,0.000000,3,-123.29,-123.29,0,0,
09/21/2026,09:08:09:261,0.000000,0.000000,4,-62.02,-62.02,0,0,
09/21/2026,09:08:09:299,0.000000,0.000000,2,-123.71,-123.71,0,0,
09/21/2026,09:08:09:391,0.000000,0.000000,1,-119.34,-119.34,0,0,
09/21/2026,09:08:09:430,0.000000,0.000000,3,-123.55,-123.55,0,0,
09/21/2026,09:08:09:483,0.000000,0.000000,4,-60.9,-60.9,0,0,
09/21/2026,09:08:09:521,0.000000,0.000000,2,-124.78,-124.78,0,0,
09/21/2026,09:08:09:590,0.000000,0.000000,1,-117.93,-117.93,0,0,
09/21/2026,09:08:09:630,0.000000,0.000000,3,-122.88,-122.88,0,0,
09/21/2026,09:08:09:676,0.000000,0.000000,4,-61.72,-61.72,0,0,
09/21/2026,09:08:09:709,0.000000,0.000000,2,-124.82,-124.82,0,0,
09/21/2026,09:08:09:800,0.000000,0.000000,1,-119.55,-119.55,0,0,
09/21/2026,09:08:09:844,0.000000,0.000000,3,-124.18,-124.18,0,0,
09/21/2026,09:08:09:889,0.000000,0.000000,4,-64.64,-64.64,0,0,
09/21/2026,09:08:09:928,0.000000,0.000000,2,-121.98,-121.98,0,0,
09/21/2026,09:08:10:016,0.000000,0.000000,1,-118.72,-118.72,0,0,
09/21/2026,09:08:10:048,0.000000,0.000000,3,-122.88,-122.88,0,0,
09/21/2026,09:08:10:098,0.000000,0.000000,4,-59.95,-59.95,0,0,
09/21/2026,09:08:10:151,0.000000,0.000000,2,-124.11,-124.11,0,0,
09/21/2026,09:08:10:222,0.000000,0.000000,1,-119.85,-119.85,0,0,
09/21/2026,09:08:10:276,0.000000,0.000000,3,-123.9,-123.9,0,0,
09/21/2026,09:08:10:310,0.000000,0.000000,4,-62.1,-62.1,0,0,
09/21/2026,09:08:10:343,0.000000,0.000000,2,-122.11,-122.11,0,0,
09/21/2026,09:08:10:431,0.000000,0.000000,1,-118.24,-118.24,0,0,
09/21/2026,09:08:10:470,0.000000,0.000000,3,-125.93,-125.93,0,0,
09/21/2026,09:08:10:525,0.000000,0.000000,4,-63.13,-63.13,0,0,
09/21/2026,09:08:10:556,0.000000,0.000000,2,-124.69,-124.69,0,0,
09/21/2026,09:08:10:647,0.000000,0.000000,1,-119.06,-119.06,0,0,
09/21/2026,09:08:10:678,0.000000,0.000000,3,-123.81,-123.81,0,0,
09/21/2026,09:08:10:741,0.000000,0.000000,4,-61.9,-61.9,0,0,
09/21/2026,09:08:10:774,0.000000,0.000000,2,-120.81,-120.81,0,0,
09/21/2026,09:08:10:860,0.000000,0.000000,1,-117.7,-117.7,0,0,
09/21/2026,09:08:10:896,0.000000,0.000000,3,-123.58,-123.58,0,0,
09/21/2026,09:08:10:944,0.000000,0.000000,4,-60.81,-60.81,0,0,
09/21/2026,09:08:10:985,0.000000,0.000000,2,-121.44,-121.44,0,0,
09/21/2026,09:08:11:073,0.000000,0.000000,1,-119.45,-119.45,0,0,
09/21/2026,09:08:11:128,0.000000,0.000000,3,-122.68,-122.68,0,0,
09/21/2026,09:08:11:165,0.000000,0.000000,4,-64.27,-64.27,0,0,
09/21/2026,09:08:11:207,0.000000,0.000000,2,-123.25,-123.25,0,0,
09/21/2026,09:08:11:296,0.000000,0.000000,1,-120.56,-120.56,0,0,
09/21/2026,09:08:11:329,0.000000,0.000000,3,-124.59,-124.59,0,0,
09/21/2026,09:08:11:375,0.000000,0.000000,4,-61.47,-61.47,0,0,
09/21/2026,09:08:11:397,0.000000,0.000000,2,-125.66,-125.66,0,0,
09/21/2026,09:08:11:574,0.000000,0.000000,1,-118.51,-118.51,0,0,
09/21/2026,09:08:11:580,0.000000,0.000000,3,-126.17,-126.17,0,0,
09/21/2026,09:08:11:587,0.000000,0.000000,4,-62.56,-62.56,0,0,
09/21/2026,09:08:11:611,0.000000,0.000000,2,-122.68,-122.68,0,0,
09/21/2026,09:08:11:701,0.000000,0.000000,1,-118.19,-118.19,0,0,
09/21/2026,09:08:11:732,0.000000,0.000000,3,-121.74,-121.74,0,0,
09/21/2026,09:08:11:797,0.000000,0.000000,4,-61.55,-61.55,0,0,
09/21/2026,09:08:11:825,0.000000,0.000000,2,-123.1,-123.1,0,0,
09/21/2026,09:08:11:913,0.000000,0.000000,1,-119.57,-119.57,0,0,
09/21/2026,09:08:11:949,0.000000,0.000000,3,-124.77,-124.77,0,0,
09/21/2026,09:08:11:995,0.000000,0.000000,4,-62.32,-62.32,0,0,
09/21/2026,09:08:12:029,0.000000,0.000000,2,-124.02,-124.02,0,0,
09/21/2026,09:08:12:125,0.000000,0.000000,1,-117.32,-117.32,0,0,
09/21/2026,09:08:12:156,0.000000,0.000000,3,-120.85,-120.85,0,0,
09/21/2026,09:08:12:206,0.000000,0.000000,4,-62.37,-62.37,0,0,
09/21/2026,09:08:12:241,0.000000,0.000000,2,-123.57,-123.57,0,0,
09/21/2026,09:08:12:335,0.000000,0.000000,1,-119.37,-119.37,0,0,
09/21/2026,09:08:12:368,0.000000,0.000000,3,-125.07,-125.07,0,0,
09/21/2026,09:08:12:426,0.000000,0.000000,4,-62.19,-62.19,0,0,
09/21/2026,09:08:12:452,0.000000,0.000000,2,-122.41,-122.41,0,0,
09/21/2026,09:08:12:543,0.000000,0.000000,1,-119.89,-119.89,0,0,
09/21/2026,09:08:12:579,0.000000,0.000000,3,-124.65,-124.65,0,0,
09/21/2026,09:08:12:630,0.000000,0.000000,4,-63.7,-63.7,0,0,
09/21/2026,09:08:12:665,0.000000,0.000000,2,-124.72,-124.72,0,0,
09/21/2026,09:08:12:754,0.000000,0.000000,1,-118.81,-118.81,0,0,
09/21/2026,09:08:12:801,0.000000,0.000000,3,-123.98,-123.98,0,0,
09/21/2026,09:08:12:841,0.000000,0.000000,4,-62.62,-62.62,0,0,
09/21/2026,09:08:12:877,0.000000,0.000000,2,-123.02,-123.02,0,0,
09/21/2026,09:08:12:994,0.000000,0.000000,1,-117.19,-117.19,0,0,
09/21/2026,09:08:13:040,0.000000,0.000000,3,-124.21,-124.21,0,0,
09/21/2026,09:08:13:086,0.000000,0.000000,4,-63.1,-63.1,0,0,
09/21/2026,09:08:13:133,0.000000,0.000000,2,-123.78,-123.78,0,0,
09/21/2026,09:08:13:178,0.000000,0.000000,1,-119.94,-119.94,0,0,
09/21/2026,09:08:13:222,0.000000,0.000000,3,-125.23,-125.23,0,0,
09/21/2026,09:08:13:263,0.000000,0.000000,4,-60.28,-60.28,0,0,
09/21/2026,09:08:13:312,0.000000,0.000000,2,-123.17,-123.17,0,0,
09/21/2026,09:08:13:392,0.000000,0.000000,1,-118.89,-118.89,0,0,
09/21/2026,09:08:13:425,0.000000,0.000000,3,-123.55,-123.55,0,0,
09/21/2026,09:08:13:476,0.000000,0.000000,4,-66.34,-66.34,0,0,
09/21/2026,09:08:13:515,0.000000,0.000000,2,-122.44,-122.44,0,0,
09/21/2026,09:08:13:597,0.000000,0.000000,1,-117.59,-117.59,0,0,
09/21/2026,09:08:13:635,0.000000,0.000000,3,-125.56,-125.56,0,0,
09/21/2026,09:08:13:687,0.000000,0.000000,4,-62.55,-62.55,0,0,
09/21/2026,09:08:13:717,0.000000,0.000000,2,-125.17,-125.17,0,0,
09/21/2026,09:08:13:807,0.000000,0.000000,1,-118.5,-118.5,0,0,
09/21/2026,09:08:13:843,0.000000,0.000000,3,-122.43,-122.43,0,0,
09/21/2026,09:08:13:891,0.000000,0.000000,4,-66.48,-66.48,0,0,
09/21/2026,09:08:13:930,0.000000,0.000000,2,-124.58,-124.58,0,0,
09/21/2026,09:08:14:019,0.000000,0.000000,1,-116.93,-116.93,0,0,
09/21/2026,09:08:14:058,0.000000,0.000000,3,-123.37,-123.37,0,0,
09/21/2026,09:08:14:114,0.000000,0.000000,4,-61.92,-61.92,0,0,
09/21/2026,09:08:14:142,0.000000,0.000000,2,-123.17,-123.17,0,0,
09/21/2026,09:08:14:237,0.000000,0.000000,1,-118.17,-118.17,0,0,
09/21/2026,09:08:14:266,0.000000,0.000000,3,-124.5,-124.5,0,0,
09/21/2026,09:08:14:357,0.000000,0.000000,4,-73.37,-73.37,0,0,
09/21/2026,09:08:14:384,0.000000,0.000000,2,-124.91,-124.91,0,0,
09/21/2026,09:08:14:440,0.000000,0.000000,1,-118.98,-118.98,0,0,
09/21/2026,09:08:14:476,0.000000,0.000000,3,-124.27,-124.27,0,0,
09/21/2026,09:08:14:526,0.000000,0.000000,4,-66.08,-66.08,0,0,
09/21/2026,09:08:14:563,0.000000,0.000000,2,-123.15,-123.15,0,0,
09/21/2026,09:08:14:651,0.000000,0.000000,1,-118.46,-118.46,0,0,
09/21/2026,09:08:14:695,0.000000,0.000000,3,-125.31,-125.31,0,0,
09/21/2026,09:08:14:741,0.000000,0.000000,4,-80.78,-80.78,0,0,
09/21/2026,09:08:14:776,0.000000,0.000000,2,-124.61,-124.61,0,0,
09/21/2026,09:08:14:863,0.000000,0.000000,1,-118.54,-118.54,0,0,
09/21/2026,09:08:14:900,0.000000,0.000000,3,-126.21,-126.21,0,0,
09/21/2026,09:08:14:954,0.000000,0.000000,4,-64.86,-64.86,0,0,
09/21/2026,09:08:15:040,0.000000,0.000000,2,-125.81,-125.81,0,0,
09/21/2026,09:08:15:083,0.000000,0.000000,1,-116.68,-116.68,0,0,
09/21/2026,09:08:15:123,0.000000,0.000000,3,-123.73,-123.73,0,0,
09/21/2026,09:08:15:164,0.000000,0.000000,4,-67.44,-67.44,0,0,
09/21/2026,09:08:15:204,0.000000,0.000000,2,-125.72,-125.72,0,0,
09/21/2026,09:08:15:283,0.000000,0.000000,1,-116.21,-116.21,0,0,
09/21/2026,09:08:15:325,0.000000,0.000000,3,-125.39,-125.39,0,0,
09/21/2026,09:08:15:373,0.000000,0.000000,4,-66.73,-66.73,0,0,
09/21/2026,09:08:15:405,0.000000,0.000000,2,-124.65,-124.65,0,0,
09/21/2026,09:08:15:494,0.000000,0.000000,1,-117.82,-117.82,0,0,
09/21/2026,09:08:15:532,0.000000,0.000000,3,-124.13,-124.13,0,0,
09/21/2026,09:08:15:581,0.000000,0.000000,4,-78.01,-78.01,0,0,
09/21/2026,09:08:15:633,0.000000,0.000000,2,-124.05,-124.05,0,0,
09/21/2026,09:08:15:710,0.000000,0.000000,1,-118.38,-118.38,0,0,
09/21/2026,09:08:15:740,0.000000,0.000000,3,-122.98,-122.98,0,0,
09/21/2026,09:08:15:792,0.000000,0.000000,4,-65.55,-65.55,0,0,
09/21/2026,09:08:15:836,0.000000,0.000000,2,-124.63,-124.63,0,0,
09/21/2026,09:08:15:923,0.000000,0.000000,1,-117.35,-117.35,0,0,
09/21/2026,09:08:15:958,0.000000,0.000000,3,-125.67,-125.67,0,0,
09/21/2026,09:08:16:009,0.000000,0.000000,4,-68.69,-68.69,0,0,
09/21/2026,09:08:16:040,0.000000,0.000000,2,-122.74,-122.74,0,0,
09/21/2026,09:08:16:127,0.000000,0.000000,1,-118.64,-118.64,0,0,
09/21/2026,09:08:16:163,0.000000,0.000000,3,-123.48,-123.48,0,0,
09/21/2026,09:08:16:214,0.000000,0.000000,4,-62.58,-62.58,0,0,
09/21/2026,09:08:16:256,0.000000,0.000000,2,-124.02,-124.02,0,0,
09/21/2026,09:08:16:340,0.000000,0.000000,1,-120.38,-120.38,0,0,
09/21/2026,09:08:16:377,0.000000,0.000000,3,-124.65,-124.65,0,0,
09/21/2026,09:08:16:428,0.000000,0.000000,4,-69.49,-69.49,0,0,
09/21/2026,09:08:16:462,0.000000,0.000000,2,-122.67,-122.67,0,0,
09/21/2026,09:08:16:553,0.000000,0.000000,1,-116.4,-116.4,0,0,
09/21/2026,09:08:16:592,0.000000,0.000000,3,-126.29,-126.29,0,0,
09/21/2026,09:08:16:723,0.000000,0.000000,4,-74.69,-74.69,0,0,
09/21/2026,09:08:16:729,0.000000,0.000000,2,-123.44,-123.44,0,0,
09/21/2026,09:08:16:767,0.000000,0.000000,1,-117.97,-117.97,0,0,
09/21/2026,09:08:16:796,0.000000,0.000000,3,-125.39,-125.39,0,0,
09/21/2026,09:08:16:862,0.000000,0.000000,4,-75.76,-75.76,0,0,
09/21/2026,09:08:16:897,0.000000,0.000000,2,-123,-123,0,0,
09/21/2026,09:08:16:971,0.000000,0.000000,1,-118.07,-118.07,0,0,
09/21/2026,09:08:17:008,0.000000,0.000000,3,-123.76,-123.76,0,0,
09/21/2026,09:08:17:079,0.000000,0.000000,4,-69.32,-69.32,0,0,
09/21/2026,09:08:17:120,0.000000,0.000000,2,-124.59,-124.59,0,0,
09/21/2026,09:08:17:185,0.000000,0.000000,1,-119.09,-119.09,0,0,
09/21/2026,09:08:17:226,0.000000,0.000000,3,-123.49,-123.49,0,0,
09/21/2026,09:08:17:273,0.000000,0.000000,4,-71.73,-71.73,0,0,
09/21/2026,09:08:17:303,0.000000,0.000000,2,-123.68,-123.68,0,0,
09/21/2026,09:08:17:392,0.000000,0.000000,1,-119.32,-119.32,0,0,
09/21/2026,09:08:17:439,0.000000,0.000000,3,-124.92,-124.92,0,0,
09/21/2026,09:08:17:478,0.000000,0.000000,4,-66.54,-66.54,0,0,
09/21/2026,09:08:17:529,0.000000,0.000000,2,-124.9,-124.9,0,0,
09/21/2026,09:08:17:603,0.000000,0.000000,1,-117.2,-117.2,0,0,
09/21/2026,09:08:17:651,0.000000,0.000000,3,-123.33,-123.33,0,0,
09/21/2026,09:08:17:693,0.000000,0.000000,4,-70.12,-70.12,0,0,
09/21/2026,09:08:17:727,0.000000,0.000000,2,-124.55,-124.55,0,0,
09/21/2026,09:08:17:817,0.000000,0.000000,1,-117.61,-117.61,0,0,
09/21/2026,09:08:17:855,0.000000,0.000000,3,-123.14,-123.14,0,0,
09/21/2026,09:08:17:903,0.000000,0.000000,4,-65.48,-65.48,0,0,
09/21/2026,09:08:17:937,0.000000,0.000000,2,-123.11,-123.11,0,0,
09/21/2026,09:08:18:030,0.000000,0.000000,1,-117.76,-117.76,0,0,
09/21/2026,09:08:18:062,0.000000,0.000000,3,-123.56,-123.56,0,0,
09/21/2026,09:08:18:118,0.000000,0.000000,4,-67.28,-67.28,0,0,
09/21/2026,09:08:18:154,0.000000,0.000000,2,-123.84,-123.84,0,0,
09/21/2026,09:08:18:241,0.000000,0.000000,1,-117.83,-117.83,0,0,
09/21/2026,09:08:18:277,0.000000,0.000000,3,-125.83,-125.83,0,0,
09/21/2026,09:08:18:343,0.000000,0.000000,4,-67.3,-67.3,0,0,
09/21/2026,09:08:18:360,0.000000,0.000000,2,-122.5,-122.5,0,0,
09/21/2026,09:08:18:454,0.000000,0.000000,1,-114.57,-114.57,0,0,
09/21/2026,09:08:18:490,0.000000,0.000000,3,-124.28,-124.28,0,0,
09/21/2026,09:08:18:537,0.000000,0.000000,4,-68.92,-68.92,0,0,
09/21/2026,09:08:18:572,0.000000,0.000000,2,-123.88,-123.88,0,0,
09/21/2026,09:08:18:676,0.000000,0.000000,1,-115.71,-115.71,0,0,
09/21/2026,09:08:18:722,0.000000,0.000000,3,-125.91,-125.91,0,0,
09/21/2026,09:08:18:760,0.000000,0.000000,4,-62.17,-62.17,0,0,
09/21/2026,09:08:18:804,0.000000,0.000000,2,-123.07,-123.07,0,0,
09/21/2026,09:08:18:888,0.000000,0.000000,1,-117.85,-117.85,0,0,
09/21/2026,09:08:18:921,0.000000,0.000000,3,-125.69,-125.69,0,0,
09/21/2026,09:08:18:960,0.000000,0.000000,4,-73,-73,0,0,
09/21/2026,09:08:18:995,0.000000,0.000000,2,-124.54,-124.54,0,0,
09/21/2026,09:08:19:085,0.000000,0.000000,1,-118.57,-118.57,0,0,
09/21/2026,09:08:19:118,0.000000,0.000000,3,-125.49,-125.49,0,0,
09/21/2026,09:08:19:167,0.000000,0.000000,4,-69.36,-69.36,0,0,
09/21/2026,09:08:19:225,0.000000,0.000000,2,-123.99,-123.99,0,0,
09/21/2026,09:08:19:295,0.000000,0.000000,1,-119.02,-119.02,0,0,
09/21/2026,09:08:19:332,0.000000,0.000000,3,-123.61,-123.61,0,0,
09/21/2026,09:08:19:380,0.000000,0.000000,4,-72.92,-72.92,0,0,
09/21/2026,09:08:19:425,0.000000,0.000000,2,-123.01,-123.01,0,0,
09/21/2026,09:08:19:508,0.000000,0.000000,1,-118.32,-118.32,0,0,
09/21/2026,09:08:19:542,0.000000,0.000000,3,-123.46,-123.46,0,0,
09/21/2026,09:08:19:593,0.000000,0.000000,4,-64.53,-64.53,0,0,
09/21/2026,09:08:19:627,0.000000,0.000000,2,-123.66,-123.66,0,0,
09/21/2026,09:08:19:714,0.000000,0.000000,1,-120.22,-120.22,0,0,
09/21/2026,09:08:19:765,0.000000,0.000000,3,-123.89,-123.89,0,0,
09/21/2026,09:08:19:806,0.000000,0.000000,4,-65.02,-65.02,0,0,
09/21/2026,09:08:19:843,0.000000,0.000000,2,-123.3,-123.3,0,0,
09/21/2026,09:08:19:933,0.000000,0.000000,1,-118,-118,0,0,
09/21/2026,09:08:19:968,0.000000,0.000000,3,-123.38,-123.38,0,0,
09/21/2026,09:08:20:012,0.000000,0.000000,4,-74.44,-74.44,0,0,
09/21/2026,09:08:20:050,0.000000,0.000000,2,-121.64,-121.64,0,0,
09/21/2026,09:08:20:138,0.000000,0.000000,1,-117.55,-117.55,0,0,
09/21/2026,09:08:20:173,0.000000,0.000000,3,-124.77,-124.77,0,0,
09/21/2026,09:08:20:222,0.000000,0.000000,4,-68.95,-68.95,0,0,
09/21/2026,09:08:20:261,0.000000,0.000000,2,-123.77,-123.77,0,0,
09/21/2026,09:08:20:351,0.000000,0.000000,1,-115.49,-115.49,0,0,
09/21/2026,09:08:20:386,0.000000,0.000000,3,-124.28,-124.28,0,0,
09/21/2026,09:08:20:432,0.000000,0.000000,4,-64.63,-64.63,0,0,
09/21/2026,09:08:20:469,0.000000,0.000000,2,-125.16,-125.16,0,0,
09/21/2026,09:08:20:556,0.000000,0.000000,1,-117.56,-117.56,0,0,
09/21/2026,09:08:20:601,0.000000,0.000000,3,-122.29,-122.29,0,0,
09/21/2026,09:08:20:692,0.000000,0.000000,4,-66.59,-66.59,0,0,
09/21/2026,09:08:20:695,0.000000,0.000000,2,-123.95,-123.95,0,0,
09/21/2026,09:08:20:779,0.000000,0.000000,1,-115.86,-115.86,0,0,
09/21/2026,09:08:20:818,0.000000,0.000000,3,-123.87,-123.87,0,0,
09/21/2026,09:08:20:861,0.000000,0.000000,4,-63.64,-63.64,0,0,
09/21/2026,09:08:20:900,0.000000,0.000000,2,-121.1,-121.1,0,0,
09/21/2026,09:08:20:984,0.000000,0.000000,1,-117.28,-117.28,0,0,
09/21/2026,09:08:21:029,0.000000,0.000000,3,-124.18,-124.18,0,0,
09/21/2026,09:08:21:067,0.000000,0.000000,4,-64.25,-64.25,0,0,
09/21/2026,09:08:21:104,0.000000,0.000000,2,-123.43,-123.43,0,0,
09/21/2026,09:08:21:195,0.000000,0.000000,1,-115.87,-115.87,0,0,
09/21/2026,09:08:21:233,0.000000,0.000000,3,-125.39,-125.39,0,0,
09/21/2026,09:08:21:278,0.000000,0.000000,4,-68.86,-68.86,0,0,
09/21/2026,09:08:21:325,0.000000,0.000000,2,-120.97,-120.97,0,0,
09/21/2026,09:08:21:406,0.000000,0.000000,1,-115.06,-115.06,0,0,
09/21/2026,09:08:21:438,0.000000,0.000000,3,-123.23,-123.23,0,0,
09/21/2026,09:08:21:492,0.000000,0.000000,4,-62.63,-62.63,0,0,
09/21/2026,09:08:21:527,0.000000,0.000000,2,-124.84,-124.84,0,0,
09/21/2026,09:08:21:619,0.000000,0.000000,1,-120.18,-120.18,0,0,
09/21/2026,09:08:21:649,0.000000,0.000000,3,-122.39,-122.39,0,0,
09/21/2026,09:08:21:699,0.000000,0.000000,4,-58.82,-58.82,0,0,
09/21/2026,09:08:21:854,0.000000,0.000000,2,-123.88,-123.88,0,0,
09/21/2026,09:08:21:866,0.000000,0.000000,1,-120.97,-120.97,0,0,
09/21/2026,09:08:21:870,0.000000,0.000000,3,-124.88,-124.88,0,0,
09/21/2026,09:08:21:910,0.000000,0.000000,4,-67.09,-67.09,0,0,
09/21/2026,09:08:21:950,0.000000,0.000000,2,-121.39,-121.39,0,0,
09/21/2026,09:08:22:036,0.000000,0.000000,1,-118.79,-118.79,0,0,
09/21/2026,09:08:22:078,0.000000,0.000000,3,-125.61,-125.61,0,0,
09/21/2026,09:08:22:121,0.000000,0.000000,4,-60.03,-60.03,0,0,
09/21/2026,09:08:22:156,0.000000,0.000000,2,-122.84,-122.84,0,0,
09/21/2026,09:08:22:247,0.000000,0.000000,1,-119.33,-119.33,0,0,
09/21/2026,09:08:22:283,0.000000,0.000000,3,-123.26,-123.26,0,0,
09/21/2026,09:08:22:335,0.000000,0.000000,4,-72.18,-72.18,0,0,
09/21/2026,09:08:22:372,0.000000,0.000000,2,-122.96,-122.96,0,0,
09/21/2026,09:08:22:459,0.000000,0.000000,1,-119.04,-119.04,0,0,
09/21/2026,09:08:22:492,0.000000,0.000000,3,-125.12,-125.12,0,0,
09/21/2026,09:08:22:562,0.000000,0.000000,4,-63.46,-63.46,0,0,
09/21/2026,09:08:22:610,0.000000,0.000000,2,-123.69,-123.69,0,0,
09/21/2026,09:08:22:698,0.000000,0.000000,1,-120.88,-120.88,0,0,
09/21/2026,09:08:22:702,0.000000,0.000000,3,-122.8,-122.8,0,0,
09/21/2026,09:08:22:786,0.000000,0.000000,4,-61.8,-61.8,0,0,
09/21/2026,09:08:22:793,0.000000,0.000000,2,-125.19,-125.19,0,0,
09/21/2026,09:08:22:888,0.000000,0.000000,1,-121.88,-121.88,0,0,
09/21/2026,09:08:22:916,0.000000,0.000000,3,-123.86,-123.86,0,0,
09/21/2026,09:08:22:964,0.000000,0.000000,4,-60.48,-60.48,0,0,
09/21/2026,09:08:23:001,0.000000,0.000000,2,-123.52,-123.52,0,0,
09/21/2026,09:08:23:094,0.000000,0.000000,1,-118.35,-118.35,0,0,
09/21/2026,09:08:23:127,0.000000,0.000000,3,-124.26,-124.26,0,0,
09/21/2026,09:08:23:177,0.000000,0.000000,4,-70.63,-70.63,0,0,
09/21/2026,09:08:23:232,0.000000,0.000000,2,-124,-124,0,0,
09/21/2026,09:08:23:321,0.000000,0.000000,1,-120.67,-120.67,0,0,
09/21/2026,09:08:23:343,0.000000,0.000000,3,-124.45,-124.45,0,0,
09/21/2026,09:08:23:387,0.000000,0.000000,4,-66.02,-66.02,0,0,
09/21/2026,09:08:23:426,0.000000,0.000000,2,-122.24,-122.24,0,0,
09/21/2026,09:08:23:511,0.000000,0.000000,1,-119.68,-119.68,0,0,
09/21/2026,09:08:23:546,0.000000,0.000000,3,-124.09,-124.09,0,0,
09/21/2026,09:08:23:598,0.000000,0.000000,4,-59.85,-59.85,0,0,
09/21/2026,09:08:23:636,0.000000,0.000000,2,-122.21,-122.21,0,0,
09/21/2026,09:08:23:724,0.000000,0.000000,1,-118.09,-118.09,0,0,
09/21/2026,09:08:23:757,0.000000,0.000000,3,-124.25,-124.25,0,0,
09/21/2026,09:08:23:810,0.000000,0.000000,4,-66.34,-66.34,0,0,
09/21/2026,09:08:23:843,0.000000,0.000000,2,-123.34,-123.34,0,0,
09/21/2026,09:08:23:935,0.000000,0.000000,1,-118.54,-118.54,0,0,
09/21/2026,09:08:23:974,0.000000,0.000000,3,-123.44,-123.44,0,0,
09/21/2026,09:08:24:019,0.000000,0.000000,4,-65.52,-65.52,0,0,
09/21/2026,09:08:24:055,0.000000,0.000000,2,-120.86,-120.86,0,0,
09/21/2026,09:08:24:160,0.000000,0.000000,1,-118.76,-118.76,0,0,
09/21/2026,09:08:24:204,0.000000,0.000000,3,-123.48,-123.48,0,0,
09/21/2026,09:08:24:245,0.000000,0.000000,4,-68.68,-68.68,0,0,
09/21/2026,09:08:24:274,0.000000,0.000000,2,-123.91,-123.91,0,0,
09/21/2026,09:08:24:373,0.000000,0.000000,1,-119.55,-119.55,0,0,
09/21/2026,09:08:24:414,0.000000,0.000000,3,-122.6,-122.6,0,0,
09/21/2026,09:08:24:446,0.000000,0.000000,4,-73.75,-73.75,0,0,
09/21/2026,09:08:24:488,0.000000,0.000000,2,-124.48,-124.48,0,0,
09/21/2026,09:08:24:597,0.000000,0.000000,1,-121.55,-121.55,0,0,
09/21/2026,09:08:24:604,0.000000,0.000000,3,-124.03,-124.03,0,0,
09/21/2026,09:08:24:653,0.000000,0.000000,4,-66.22,-66.22,0,0,
09/21/2026,09:08:24:702,0.000000,0.000000,2,-123.94,-123.94,0,0,
09/21/2026,09:08:24:777,0.000000,0.000000,1,-120.01,-120.01,0,0,
09/21/2026,09:08:24:812,0.000000,0.000000,3,-124.71,-124.71,0,0,
09/21/2026,09:08:24:864,0.000000,0.000000,4,-75.29,-75.29,0,0,
09/21/2026,09:08:24:898,0.000000,0.000000,2,-123.74,-123.74,0,0,
09/21/2026,09:08:24:990,0.000000,0.000000,1,-120.51,-120.51,0,0,
09/21/2026,09:08:25:029,0.000000,0.000000,3,-125.92,-125.92,0,0,
09/21/2026,09:08:25:081,0.000000,0.000000,4,-64.53,-64.53,0,0,
09/21/2026,09:08:25:110,0.000000,0.000000,2,-122.66,-122.66,0,0,
09/21/2026,09:08:25:211,0.000000,0.000000,1,-119.55,-119.55,0,0,
09/21/2026,09:08:25:237,0.000000,0.000000,3,-122.88,-122.88,0,0,
09/21/2026,09:08:25:293,0.000000,0.000000,4,-69,-69,0,0,
09/21/2026,09:08:25:332,0.000000,0.000000,2,-124.04,-124.04,0,0,
09/21/2026,09:08:25:414,0.000000,0.000000,1,-118.39,-118.39,0,0,
09/21/2026,09:08:25:462,0.000000,0.000000,3,-123.37,-123.37,0,0,
09/21/2026,09:08:25:495,0.000000,0.000000,4,-68.97,-68.97,0,0,
09/21/2026,09:08:25:541,0.000000,0.000000,2,-122.38,-122.38,0,0,
09/21/2026,09:08:25:628,0.000000,0.000000,1,-118.87,-118.87,0,0,
09/21/2026,09:08:25:663,0.000000,0.000000,3,-121.1,-121.1,0,0,
09/21/2026,09:08:25:707,0.000000,0.000000,4,-68.82,-68.82,0,0,
09/21/2026,09:08:25:746,0.000000,0.000000,2,-120.05,-120.05,0,0,
09/21/2026,09:08:25:842,0.000000,0.000000,1,-119.34,-119.34,0,0,
09/21/2026,09:08:25:887,0.000000,0.000000,3,-125.3,-125.3,0,0,
09/21/2026,09:08:25:925,0.000000,0.000000,4,-65.42,-65.42,0,0,
09/21/2026,09:08:25:953,0.000000,0.000000,2,-123.51,-123.51,0,0,
09/21/2026,09:08:26:041,0.000000,0.000000,1,-120.28,-120.28,0,0,
09/21/2026,09:08:26:077,0.000000,0.000000,3,-125.18,-125.18,0,0,
09/21/2026,09:08:26:155,0.000000,0.000000,4,-68.44,-68.44,0,0,
09/21/2026,09:08:26:195,0.000000,0.000000,2,-124.12,-124.12,0,0,
09/21/2026,09:08:26:284,0.000000,0.000000,1,-118.85,-118.85,0,0,
09/21/2026,09:08:26:288,0.000000,0.000000,3,-124.53,-124.53,0,0,
09/21/2026,09:08:26:361,0.000000,0.000000,4,-69.03,-69.03,0,0,
09/21/2026,09:08:26:407,0.000000,0.000000,2,-123.66,-123.66,0,0,
09/21/2026,09:08:26:486,0.000000,0.000000,1,-119.08,-119.08,0,0,
09/21/2026,09:08:26:505,0.000000,0.000000,3,-123.67,-123.67,0,0,
09/21/2026,09:08:26:552,0.000000,0.000000,4,-66.9,-66.9,0,0,
09/21/2026,09:08:26:589,0.000000,0.000000,2,-123.54,-123.54,0,0,
09/21/2026,09:08:26:686,0.000000,0.000000,1,-121.36,-121.36,0,0,
09/21/2026,09:08:26:719,0.000000,0.000000,3,-124.76,-124.76,0,0,
09/21/2026,09:08:26:763,0.000000,0.000000,4,-67.17,-67.17,0,0,
09/21/2026,09:08:26:803,0.000000,0.000000,2,-121.57,-121.57,0,0,
09/21/2026,09:08:26:998,0.000000,0.000000,1,-121.78,-121.78,0,0,
09/21/2026,09:08:27:001,0.000000,0.000000,3,-123.01,-123.01,0,0,
09/21/2026,09:08:27:009,0.000000,0.000000,4,-69.67,-69.67,0,0,
09/21/2026,09:08:27:013,0.000000,0.000000,2,-123.4,-123.4,0,0,
09/21/2026,09:08:27:103,0.000000,0.000000,1,-119.05,-119.05,0,0,
09/21/2026,09:08:27:150,0.000000,0.000000,3,-123.35,-123.35,0,0,
09/21/2026,09:08:27:182,0.000000,0.000000,4,-63.48,-63.48,0,0,
09/21/2026,09:08:27:223,0.000000,0.000000,2,-125.49,-125.49,0,0,
09/21/2026,09:08:27:310,0.000000,0.000000,1,-117.62,-117.62,0,0,
09/21/2026,09:08:27:343,0.000000,0.000000,3,-125.42,-125.42,0,0,
09/21/2026,09:08:27:395,0.000000,0.000000,4,-65.59,-65.59,0,0,
09/21/2026,09:08:27:429,0.000000,0.000000,2,-124.58,-124.58,0,0,
09/21/2026,09:08:27:521,0.000000,0.000000,1,-121.46,-121.46,0,0,
09/21/2026,09:08:27:558,0.000000,0.000000,3,-124.63,-124.63,0,0,
09/21/2026,09:08:27:605,0.000000,0.000000,4,-65.94,-65.94,0,0,
09/21/2026,09:08:27:639,0.000000,0.000000,2,-124.68,-124.68,0,0,
09/21/2026,09:08:27:731,0.000000,0.000000,1,-118.89,-118.89,0,0,
09/21/2026,09:08:27:765,0.000000,0.000000,3,-125.31,-125.31,0,0,
09/21/2026,09:08:27:822,0.000000,0.000000,4,-64.04,-64.04,0,0,
09/21/2026,09:08:27:853,0.000000,0.000000,2,-123.16,-123.16,0,0,
09/21/2026,09:08:27:947,0.000000,0.000000,1,-118.95,-118.95,0,0,
09/21/2026,09:08:27:984,0.000000,0.000000,3,-124.37,-124.37,0,0,
09/21/2026,09:08:28:032,0.000000,0.000000,4,-70.58,-70.58,0,0,
09/21/2026,09:08:28:083,0.000000,0.000000,2,-123.81,-123.81,0,0,
09/21/2026,09:08:28:164,0.000000,0.000000,1,-118.4,-118.4,0,0,
09/21/2026,09:08:28:207,0.000000,0.000000,3,-123.48,-123.48,0,0,
09/21/2026,09:08:28:246,0.000000,0.000000,4,-68.42,-68.42,0,0,
09/21/2026,09:08:28:285,0.000000,0.000000,2,-121.74,-121.74,0,0,
09/21/2026,09:08:28:367,0.000000,0.000000,1,-118.85,-118.85,0,0,
09/21/2026,09:08:28:399,0.000000,0.000000,3,-124.94,-124.94,0,0,
09/21/2026,09:08:28:453,0.000000,0.000000,4,-63.65,-63.65,0,0,
09/21/2026,09:08:28:491,0.000000,0.000000,2,-121.94,-121.94,0,0,
09/21/2026,09:08:28:577,0.000000,0.000000,1,-117.52,-117.52,0,0,
09/21/2026,09:08:28:614,0.000000,0.000000,3,-123.98,-123.98,0,0,
09/21/2026,09:08:28:678,0.000000,0.000000,4,-63.63,-63.63,0,0,
09/21/2026,09:08:28:696,0.000000,0.000000,2,-123,-123,0,0,
09/21/2026,09:08:28:789,0.000000,0.000000,1,-120.13,-120.13,0,0,
09/21/2026,09:08:28:823,0.000000,0.000000,3,-126.29,-126.29,0,0,
09/21/2026,09:08:28:881,0.000000,0.000000,4,-69.26,-69.26,0,0,
09/21/2026,09:08:28:909,0.000000,0.000000,2,-122.68,-122.68,0,0,
09/21/2026,09:08:28:995,0.000000,0.000000,1,-121.78,-121.78,0,0,
09/21/2026,09:08:29:043,0.000000,0.000000,3,-125.43,-125.43,0,0,
09/21/2026,09:08:29:082,0.000000,0.000000,4,-69.75,-69.75,0,0,
09/21/2026,09:08:29:127,0.000000,0.000000,2,-124.02,-124.02,0,0,
09/21/2026,09:08:29:209,0.000000,0.000000,1,-117.02,-117.02,0,0,
09/21/2026,09:08:29:254,0.000000,0.000000,3,-124.61,-124.61,0,0,
09/21/2026,09:08:29:294,0.000000,0.000000,4,-68.34,-68.34,0,0,
09/21/2026,09:08:29:333,0.000000,0.000000,2,-124.53,-124.53,0,0,
09/21/2026,09:08:29:418,0.000000,0.000000,1,-119.77,-119.77,0,0,
09/21/2026,09:08:29:461,0.000000,0.000000,3,-122.64,-122.64,0,0,
09/21/2026,09:08:29:505,0.000000,0.000000,4,-71.42,-71.42,0,0,
09/21/2026,09:08:29:540,0.000000,0.000000,2,-123.68,-123.68,0,0,
09/21/2026,09:08:29:638,0.000000,0.000000,1,-118.25,-118.25,0,0,
09/21/2026,09:08:29:670,0.000000,0.000000,3,-124.68,-124.68,0,0,
09/21/2026,09:08:29:726,0.000000,0.000000,4,-64.99,-64.99,0,0,
09/21/2026,09:08:29:773,0.000000,0.000000,2,-122.58,-122.58,0,0,
09/21/2026,09:08:29:852,0.000000,0.000000,1,-118.75,-118.75,0,0,
09/21/2026,09:08:29:897,0.000000,0.000000,3,-124.19,-124.19,0,0,
09/21/2026,09:08:29:935,0.000000,0.000000,4,-72.79,-72.79,0,0,
09/21/2026,09:08:29:969,0.000000,0.000000,2,-123.92,-123.92,0,0,
09/21/2026,09:08:30:056,0.000000,0.000000,1,-119.43,-119.43,0,0,
09/21/2026,09:08:30:086,0.000000,0.000000,3,-123.25,-123.25,0,0,
09/21/2026,09:08:30:143,0.000000,0.000000,4,-65.44,-65.44,0,0,
09/21/2026,09:08:30:177,0.000000,0.000000,2,-122.36,-122.36,0,0,
09/21/2026,09:08:30:262,0.000000,0.000000,1,-118.41,-118.41,0,0,
09/21/2026,09:08:30:323,0.000000,0.000000,3,-125.46,-125.46,0,0,
09/21/2026,09:08:30:357,0.000000,0.000000,4,-64.26,-64.26,0,0,
09/21/2026,09:08:30:390,0.000000,0.000000,2,-122.16,-122.16,0,0,
09/21/2026,09:08:30:480,0.000000,0.000000,1,-119.85,-119.85,0,0,
09/21/2026,09:08:30:513,0.000000,0.000000,3,-125.53,-125.53,0,0,
09/21/2026,09:08:30:571,0.000000,0.000000,4,-66.7,-66.7,0,0,
09/21/2026,09:08:30:608,0.000000,0.000000,2,-122.84,-122.84,0,0,
09/21/2026,09:08:30:701,0.000000,0.000000,1,-119.25,-119.25,0,0,
09/21/2026,09:08:30:727,0.000000,0.000000,3,-126.88,-126.88,0,0,
09/21/2026,09:08:30:771,0.000000,0.000000,4,-65.56,-65.56,0,0,
09/21/2026,09:08:30:809,0.000000,0.000000,2,-123.44,-123.44,0,0,
09/21/2026,09:08:30:895,0.000000,0.000000,1,-118.17,-118.17,0,0,
09/21/2026,09:08:30:949,0.000000,0.000000,3,-124.06,-124.06,0,0,
09/21/2026,09:08:31:000,0.000000,0.000000,4,-58.76,-58.76,0,0,
09/21/2026,09:08:31:022,0.000000,0.000000,2,-124.31,-124.31,0,0,
09/21/2026,09:08:31:110,0.000000,0.000000,1,-120.15,-120.15,0,0,
09/21/2026,09:08:31:148,0.000000,0.000000,3,-123.52,-123.52,0,0,
09/21/2026,09:08:31:194,0.000000,0.000000,4,-66.55,-66.55,0,0,
09/21/2026,09:08:31:228,0.000000,0.000000,2,-120.47,-120.47,0,0,
09/21/2026,09:08:31:319,0.000000,0.000000,1,-117.43,-117.43,0,0,
09/21/2026,09:08:31:357,0.000000,0.000000,3,-125.49,-125.49,0,0,
09/21/2026,09:08:31:402,0.000000,0.000000,4,-59,-59,0,0,
09/21/2026,09:08:31:442,0.000000,0.000000,2,-123.55,-123.55,0,0,
09/21/2026,09:08:31:529,0.000000,0.000000,1,-118.39,-118.39,0,0,
09/21/2026,09:08:31:565,0.000000,0.000000,3,-126.17,-126.17,0,0,
09/21/2026,09:08:31:615,0.000000,0.000000,4,-64.29,-64.29,0,0,
09/21/2026,09:08:31:653,0.000000,0.000000,2,-122.39,-122.39,0,0,
09/21/2026,09:08:31:748,0.000000,0.000000,1,-118.94,-118.94,0,0,
09/21/2026,09:08:31:792,0.000000,0.000000,3,-124.76,-124.76,0,0,
09/21/2026,09:08:31:837,0.000000,0.000000,4,-66.89,-66.89,0,0,
09/21/2026,09:08:31:882,0.000000,0.000000,2,-121.36,-121.36,0,0,
09/21/2026,09:08:31:964,0.000000,0.000000,1,-116.17,-116.17,0,0,
09/21/2026,09:08:31:992,0.000000,0.000000,3,-125,-125,0,0,
09/21/2026,09:08:32:135,0.000000,0.000000,4,-63.36,-63.36,0,0,
09/21/2026,09:08:32:149,0.000000,0.000000,2,-124.22,-124.22,0,0,
09/21/2026,09:08:32:163,0.000000,0.000000,1,-120.34,-120.34,0,0,
09/21/2026,09:08:32:196,0.000000,0.000000,3,-126.58,-126.58,0,0,
09/21/2026,09:08:32:280,0.000000,0.000000,4,-64.46,-64.46,0,0,
09/21/2026,09:08:32:289,0.000000,0.000000,2,-126.11,-126.11,0,0,
09/21/2026,09:08:32:376,0.000000,0.000000,1,-116.93,-116.93,0,0,
09/21/2026,09:08:32:413,0.000000,0.000000,3,-123.27,-123.27,0,0,
09/21/2026,09:08:32:466,0.000000,0.000000,4,-63.63,-63.63,0,0,
09/21/2026,09:08:32:495,0.000000,0.000000,2,-122.36,-122.36,0,0,
09/21/2026,09:08:32:581,0.000000,0.000000,1,-117.11,-117.11,0,0,
09/21/2026,09:08:32:618,0.000000,0.000000,3,-122.99,-122.99,0,0,
09/21/2026,09:08:32:676,0.000000,0.000000,4,-63.75,-63.75,0,0,
09/21/2026,09:08:32:708,0.000000,0.000000,2,-123.91,-123.91,0,0,
09/21/2026,09:08:32:797,0.000000,0.000000,1,-118.76,-118.76,0,0,
09/21/2026,09:08:32:833,0.000000,0.000000,3,-124.64,-124.64,0,0,
09/21/2026,09:08:32:886,0.000000,0.000000,4,-62.59,-62.59,0,0,
09/21/2026,09:08:32:918,0.000000,0.000000,2,-124.76,-124.76,0,0,
09/21/2026,09:08:33:005,0.000000,0.000000,1,-119.74,-119.74,0,0,
09/21/2026,09:08:33:053,0.000000,0.000000,3,-124.17,-124.17,0,0,
09/21/2026,09:08:33:095,0.000000,0.000000,4,-63.8,-63.8,0,0,
09/21/2026,09:08:33:132,0.000000,0.000000,2,-122.28,-122.28,0,0,
09/21/2026,09:08:33:220,0.000000,0.000000,1,-117.87,-117.87,0,0,
09/21/2026,09:08:33:256,0.000000,0.000000,3,-124.09,-124.09,0,0,
09/21/2026,09:08:33:307,0.000000,0.000000,4,-64.93,-64.93,0,0,
09/21/2026,09:08:33:339,0.000000,0.000000,2,-122.78,-122.78,0,0,
09/21/2026,09:08:33:430,0.000000,0.000000,1,-120.38,-120.38,0,0,
09/21/2026,09:08:33:469,0.000000,0.000000,3,-122.6,-122.6,0,0,
09/21/2026,09:08:33:524,0.000000,0.000000,4,-64.87,-64.87,0,0,
09/21/2026,09:08:33:554,0.000000,0.000000,2,-122.62,-122.62,0,0,
09/21/2026,09:08:33:645,0.000000,0.000000,1,-117.7,-117.7,0,0,
09/21/2026,09:08:33:674,0.000000,0.000000,3,-123.94,-123.94,0,0,
09/21/2026,09:08:33:724,0.000000,0.000000,4,-63.29,-63.29,0,0,
09/21/2026,09:08:33:759,0.000000,0.000000,2,-123.32,-123.32,0,0,
09/21/2026,09:08:33:850,0.000000,0.000000,1,-119.14,-119.14,0,0,
09/21/2026,09:08:33:890,0.000000,0.000000,3,-123.43,-123.43,0,0,
09/21/2026,09:08:33:935,0.000000,0.000000,4,-63.79,-63.79,0,0,
09/21/2026,09:08:33:976,0.000000,0.000000,2,-125.51,-125.51,0,0,
09/21/2026,09:08:34:060,0.000000,0.000000,1,-118.7,-118.7,0,0,
09/21/2026,09:08:34:095,0.000000,0.000000,3,-125.28,-125.28,0,0,
09/21/2026,09:08:34:162,0.000000,0.000000,4,-62.7,-62.7,0,0,
09/21/2026,09:08:34:179,0.000000,0.000000,2,-121.25,-121.25,0,0,
09/21/2026,09:08:34:279,0.000000,0.000000,1,-119.85,-119.85,0,0,
09/21/2026,09:08:34:314,0.000000,0.000000,3,-122.88,-122.88,0,0,
09/21/2026,09:08:34:357,0.000000,0.000000,4,-58.8,-58.8,0,0,
09/21/2026,09:08:34:396,0.000000,0.000000,2,-124.41,-124.41,0,0,
09/21/2026,09:08:34:490,0.000000,0.000000,1,-118.06,-118.06,0,0,
09/21/2026,09:08:34:516,0.000000,0.000000,3,-123.82,-123.82,0,0,
09/21/2026,09:08:34:565,0.000000,0.000000,4,-59.64,-59.64,0,0,
09/21/2026,09:08:34:602,0.000000,0.000000,2,-122.75,-122.75,0,0,
09/21/2026,09:08:34:700,0.000000,0.000000,1,-116.54,-116.54,0,0,
09/21/2026,09:08:34:730,0.000000,0.000000,3,-123.05,-123.05,0,0,
09/21/2026,09:08:34:780,0.000000,0.000000,4,-63.64,-63.64,0,0,
09/21/2026,09:08:34:847,0.000000,0.000000,2,-122.77,-122.77,0,0,
09/21/2026,09:08:34:908,0.000000,0.000000,1,-118.6,-118.6,0,0,
09/21/2026,09:08:34:937,0.000000,0.000000,3,-123.7,-123.7,0,0,
09/21/2026,09:08:34:990,0.000000,0.000000,4,-63.07,-63.07,0,0,
09/21/2026,09:08:35:027,0.000000,0.000000,2,-124.39,-124.39,0,0,
09/21/2026,09:08:35:114,0.000000,0.000000,1,-116.65,-116.65,0,0,
09/21/2026,09:08:35:148,0.000000,0.000000,3,-124.35,-124.35,0,0,
09/21/2026,09:08:35:204,0.000000,0.000000,4,-62.61,-62.61,0,0,
09/21/2026,09:08:35:239,0.000000,0.000000,2,-123.02,-123.02,0,0,
09/21/2026,09:08:35:325,0.000000,0.000000,1,-119.87,-119.87,0,0,
09/21/2026,09:08:35:363,0.000000,0.000000,3,-124.71,-124.71,0,0,
09/21/2026,09:08:35:415,0.000000,0.000000,4,-63.69,-63.69,0,0,
09/21/2026,09:08:35:445,0.000000,0.000000,2,-121.31,-121.31,0,0,
09/21/2026,09:08:35:546,0.000000,0.000000,1,-116.9,-116.9,0,0,
09/21/2026,09:08:35:595,0.000000,0.000000,3,-125.75,-125.75,0,0,
09/21/2026,09:08:35:637,0.000000,0.000000,4,-59.46,-59.46,0,0,
09/21/2026,09:08:35:666,0.000000,0.000000,2,-122.04,-122.04,0,0,
09/21/2026,09:08:35:751,0.000000,0.000000,1,-119.29,-119.29,0,0,
09/21/2026,09:08:35:789,0.000000,0.000000,3,-124.41,-124.41,0,0,
09/21/2026,09:08:35:833,0.000000,0.000000,4,-63.55,-63.55,0,0,
09/21/2026,09:08:35:877,0.000000,0.000000,2,-122.25,-122.25,0,0,
09/21/2026,09:08:35:957,0.000000,0.000000,1,-118.16,-118.16,0,0,
09/21/2026,09:08:36:006,0.000000,0.000000,3,-125.24,-125.24,0,0,
09/21/2026,09:08:36:053,0.000000,0.000000,4,-64.88,-64.88,0,0,
09/21/2026,09:08:36:115,0.000000,0.000000,2,-124.7,-124.7,0,0,
09/21/2026,09:08:36:167,0.000000,0.000000,1,-117.64,-117.64,0,0,
09/21/2026,09:08:36:207,0.000000,0.000000,3,-124.77,-124.77,0,0,
09/21/2026,09:08:36:264,0.000000,0.000000,4,-63.05,-63.05,0,0,
09/21/2026,09:08:36:294,0.000000,0.000000,2,-122.53,-122.53,0,0,
09/21/2026,09:08:36:382,0.000000,0.000000,1,-118.78,-118.78,0,0,
09/21/2026,09:08:36:418,0.000000,0.000000,3,-123.78,-123.78,0,0,
09/21/2026,09:08:36:466,0.000000,0.000000,4,-60.72,-60.72,0,0,
09/21/2026,09:08:36:503,0.000000,0.000000,2,-125.57,-125.57,0,0,
09/21/2026,09:08:36:598,0.000000,0.000000,1,-117.74,-117.74,0,0,
09/21/2026,09:08:36:640,0.000000,0.000000,3,-126.55,-126.55,0,0,
09/21/2026,09:08:36:682,0.000000,0.000000,4,-61.11,-61.11,0,0,
09/21/2026,09:08:36:729,0.000000,0.000000,2,-122.58,-122.58,0,0,
09/21/2026,09:08:36:811,0.000000,0.000000,1,-118.23,-118.23,0,0,
09/21/2026,09:08:36:843,0.000000,0.000000,3,-124.87,-124.87,0,0,
09/21/2026,09:08:36:898,0.000000,0.000000,4,-65.3,-65.3,0,0,
09/21/2026,09:08:36:928,0.000000,0.000000,2,-124.44,-124.44,0,0,
09/21/2026,09:08:37:017,0.000000,0.000000,1,-117.41,-117.41,0,0,
09/21/2026,09:08:37:049,0.000000,0.000000,3,-123.33,-123.33,0,0,
09/21/2026,09:08:37:103,0.000000,0.000000,4,-64.71,-64.71,0,0,
09/21/2026,09:08:37:135,0.000000,0.000000,2,-123.85,-123.85,0,0,
09/21/2026,09:08:37:290,0.000000,0.000000,1,-117.11,-117.11,0,0,
09/21/2026,09:08:37:297,0.000000,0.000000,3,-124.61,-124.61,0,0,
09/21/2026,09:08:37:312,0.000000,0.000000,4,-60.85,-60.85,0,0,
09/21/2026,09:08:37:354,0.000000,0.000000,2,-121.86,-121.86,0,0,
09/21/2026,09:08:37:454,0.000000,0.000000,1,-118.41,-118.41,0,0,
09/21/2026,09:08:37:493,0.000000,0.000000,3,-126.26,-126.26,0,0,
09/21/2026,09:08:37:530,0.000000,0.000000,4,-62.84,-62.84,0,0,
09/21/2026,09:08:37:583,0.000000,0.000000,2,-123.73,-123.73,0,0,
09/21/2026,09:08:37:667,0.000000,0.000000,1,-118.64,-118.64,0,0,
09/21/2026,09:08:37:706,0.000000,0.000000,3,-124.8,-124.8,0,0,
09/21/2026,09:08:37:731,0.000000,0.000000,4,-65.22,-65.22,0,0,
09/21/2026,09:08:37:771,0.000000,0.000000,2,-122.85,-122.85,0,0,
09/21/2026,09:08:37:861,0.000000,0.000000,1,-118.87,-118.87,0,0,
09/21/2026,09:08:37:892,0.000000,0.000000,3,-123.31,-123.31,0,0,
09/21/2026,09:08:37:945,0.000000,0.000000,4,-63.85,-63.85,0,0,
09/21/2026,09:08:38:010,0.000000,0.000000,2,-122.55,-122.55,0,0,
09/21/2026,09:08:38:072,0.000000,0.000000,1,-120.71,-120.71,0,0,
09/21/2026,09:08:38:103,0.000000,0.000000,3,-123.8,-123.8,0,0,
09/21/2026,09:08:38:153,0.000000,0.000000,4,-59.74,-59.74,0,0,
09/21/2026,09:08:38:192,0.000000,0.000000,2,-121.5,-121.5,0,0,
09/21/2026,09:08:38:283,0.000000,0.000000,1,-120.03,-120.03,0,0,
09/21/2026,09:08:38:315,0.000000,0.000000,3,-124.06,-124.06,0,0,
09/21/2026,09:08:38:368,0.000000,0.000000,4,-64.46,-64.46,0,0,
09/21/2026,09:08:38:400,0.000000,0.000000,2,-121.2,-121.2,0,0,
09/21/2026,09:08:38:490,0.000000,0.000000,1,-121.47,-121.47,0,0,
09/21/2026,09:08:38:540,0.000000,0.000000,3,-125.51,-125.51,0,0,
09/21/2026,09:08:38:582,0.000000,0.000000,4,-71.51,-71.51,0,0,
09/21/2026,09:08:38:612,0.000000,0.000000,2,-124.53,-124.53,0,0,
09/21/2026,09:08:38:704,0.000000,0.000000,1,-122.06,-122.06,0,0,
09/21/2026,09:08:38:743,0.000000,0.000000,3,-123.51,-123.51,0,0,
09/21/2026,09:08:38:795,0.000000,0.000000,4,-62.18,-62.18,0,0,
09/21/2026,09:08:38:836,0.000000,0.000000,2,-123.96,-123.96,0,0,
09/21/2026,09:08:38:912,0.000000,0.000000,1,-117.77,-117.77,0,0,
09/21/2026,09:08:38:953,0.000000,0.000000,3,-123.2,-123.2,0,0,
09/21/2026,09:08:39:001,0.000000,0.000000,4,-64.45,-64.45,0,0,
09/21/2026,09:08:39:040,0.000000,0.000000,2,-124.25,-124.25,0,0,
09/21/2026,09:08:39:137,0.000000,0.000000,1,-118.04,-118.04,0,0,
09/21/2026,09:08:39:183,0.000000,0.000000,3,-123.23,-123.23,0,0,
09/21/2026,09:08:39:224,0.000000,0.000000,4,-67.83,-67.83,0,0,
09/21/2026,09:08:39:272,0.000000,0.000000,2,-122.3,-122.3,0,0,
09/21/2026,09:08:39:352,0.000000,0.000000,1,-116.91,-116.91,0,0,
09/21/2026,09:08:39:384,0.000000,0.000000,3,-124.73,-124.73,0,0,
09/21/2026,09:08:39:423,0.000000,0.000000,4,-63.53,-63.53,0,0,
09/21/2026,09:08:39:455,0.000000,0.000000,2,-121.16,-121.16,0,0,
09/21/2026,09:08:39:546,0.000000,0.000000,1,-118.29,-118.29,0,0,
09/21/2026,09:08:39:580,0.000000,0.000000,3,-125.77,-125.77,0,0,
09/21/2026,09:08:39:631,0.000000,0.000000,4,-68.89,-68.89,0,0,
09/21/2026,09:08:39:668,0.000000,0.000000,2,-124.04,-124.04,0,0,
09/21/2026,09:08:39:753,0.000000,0.000000,1,-119.23,-119.23,0,0,
09/21/2026,09:08:39:792,0.000000,0.000000,3,-122.42,-122.42,0,0,
09/21/2026,09:08:39:849,0.000000,0.000000,4,-60.58,-60.58,0,0,
09/21/2026,09:08:39:878,0.000000,0.000000,2,-122.51,-122.51,0,0,
09/21/2026,09:08:39:968,0.000000,0.000000,1,-118.43,-118.43,0,0,
09/21/2026,09:08:40:010,0.000000,0.000000,3,-122.89,-122.89,0,0,
09/21/2026,09:08:40:059,0.000000,0.000000,4,-59.8,-59.8,0,0,
09/21/2026,09:08:40:087,0.000000,0.000000,2,-123.99,-123.99,0,0,
09/21/2026,09:08:40:180,0.000000,0.000000,1,-116.96,-116.96,0,0,
09/21/2026,09:08:40:218,0.000000,0.000000,3,-125.89,-125.89,0,0,
09/21/2026,09:08:40:263,0.000000,0.000000,4,-67.63,-67.63,0,0,
09/21/2026,09:08:40:298,0.000000,0.000000,2,-122.82,-122.82,0,0,
09/21/2026,09:08:40:390,0.000000,0.000000,1,-118.34,-118.34,0,0,
09/21/2026,09:08:40:422,0.000000,0.000000,3,-124.2,-124.2,0,0,
09/21/2026,09:08:40:478,0.000000,0.000000,4,-69.25,-69.25,0,0,
09/21/2026,09:08:40:511,0.000000,0.000000,2,-124.21,-124.21,0,0,
09/21/2026,09:08:40:598,0.000000,0.000000,1,-121.21,-121.21,0,0,
09/21/2026,09:08:40:641,0.000000,0.000000,3,-124.73,-124.73,0,0,
09/21/2026,09:08:40:687,0.000000,0.000000,4,-71.63,-71.63,0,0,
09/21/2026,09:08:40:724,0.000000,0.000000,2,-124.32,-124.32,0,0,
09/21/2026,09:08:40:811,0.000000,0.000000,1,-122.98,-122.98,0,0,
09/21/2026,09:08:40:843,0.000000,0.000000,3,-123.1,-123.1,0,0,
09/21/2026,09:08:40:900,0.000000,0.000000,4,-71.7,-71.7,0,0,
09/21/2026,09:08:40:940,0.000000,0.000000,2,-123.36,-123.36,0,0,
09/21/2026,09:08:41:018,0.000000,0.000000,1,-118.43,-118.43,0,0,
09/21/2026,09:08:41:055,0.000000,0.000000,3,-123.67,-123.67,0,0,
09/21/2026,09:08:41:112,0.000000,0.000000,4,-70.16,-70.16,0,0,
09/21/2026,09:08:41:145,0.000000,0.000000,2,-124.19,-124.19,0,0,
09/21/2026,09:08:41:252,0.000000,0.000000,1,-117.67,-117.67,0,0,
09/21/2026,09:08:41:287,0.000000,0.000000,3,-126.88,-126.88,0,0,
09/21/2026,09:08:41:327,0.000000,0.000000,4,-70.51,-70.51,0,0,
09/21/2026,09:08:41:377,0.000000,0.000000,2,-123.97,-123.97,0,0,
09/21/2026,09:08:41:451,0.000000,0.000000,1,-118.7,-118.7,0,0,
09/21/2026,09:08:41:477,0.000000,0.000000,3,-123.53,-123.53,0,0,
09/21/2026,09:08:41:527,0.000000,0.000000,4,-62.28,-62.28,0,0,
09/21/2026,09:08:41:570,0.000000,0.000000,2,-123.76,-123.76,0,0,
09/21/2026,09:08:41:654,0.000000,0.000000,1,-115.58,-115.58,0,0,
09/21/2026,09:08:41:693,0.000000,0.000000,3,-124.57,-124.57,0,0,
09/21/2026,09:08:41:743,0.000000,0.000000,4,-68.51,-68.51,0,0,
09/21/2026,09:08:41:775,0.000000,0.000000,2,-125.05,-125.05,0,0,
09/21/2026,09:08:41:863,0.000000,0.000000,1,-117.78,-117.78,0,0,
09/21/2026,09:08:41:902,0.000000,0.000000,3,-123.43,-123.43,0,0,
09/21/2026,09:08:41:951,0.000000,0.000000,4,-62.1,-62.1,0,0,
09/21/2026,09:08:41:993,0.000000,0.000000,2,-121.74,-121.74,0,0,
09/21/2026,09:08:42:076,0.000000,0.000000,1,-119.96,-119.96,0,0,
09/21/2026,09:08:42:113,0.000000,0.000000,3,-122.42,-122.42,0,0,
09/21/2026,09:08:42:170,0.000000,0.000000,4,-65.53,-65.53,0,0,
09/21/2026,09:08:42:198,0.000000,0.000000,2,-124.92,-124.92,0,0,
09/21/2026,09:08:42:287,0.000000,0.000000,1,-115.35,-115.35,0,0,
09/21/2026,09:08:42:421,0.000000,0.000000,3,-124.69,-124.69,0,0,
09/21/2026,09:08:42:431,0.000000,0.000000,4,-65.35,-65.35,0,0,
09/21/2026,09:08:42:436,0.000000,0.000000,2,-123.37,-123.37,0,0,
09/21/2026,09:08:42:502,0.000000,0.000000,1,-119.73,-119.73,0,0,
09/21/2026,09:08:42:531,0.000000,0.000000,3,-123.08,-123.08,0,0,
09/21/2026,09:08:42:590,0.000000,0.000000,4,-65.22,-65.22,0,0,
09/21/2026,09:08:42:619,0.000000,0.000000,2,-123.23,-123.23,0,0,
09/21/2026,09:08:42:711,0.000000,0.000000,1,-118.11,-118.11,0,0,
09/21/2026,09:08:42:750,0.000000,0.000000,3,-123.07,-123.07,0,0,
09/21/2026,09:08:42:798,0.000000,0.000000,4,-67.21,-67.21,0,0,
09/21/2026,09:08:42:830,0.000000,0.000000,2,-124.45,-124.45,0,0,
09/21/2026,09:08:42:934,0.000000,0.000000,1,-117.31,-117.31,0,0,
09/21/2026,09:08:42:952,0.000000,0.000000,3,-123.36,-123.36,0,0,
09/21/2026,09:08:43:028,0.000000,0.000000,4,-62.74,-62.74,0,0,
09/21/2026,09:08:43:059,0.000000,0.000000,2,-124.01,-124.01,0,0,
09/21/2026,09:08:43:139,0.000000,0.000000,1,-116.76,-116.76,0,0,
09/21/2026,09:08:43:176,0.000000,0.000000,3,-124.23,-124.23,0,0,
09/21/2026,09:08:43:223,0.000000,0.000000,4,-65.67,-65.67,0,0,
09/21/2026,09:08:43:269,0.000000,0.000000,2,-122.9,-122.9,0,0,
09/21/2026,09:08:43:340,0.000000,0.000000,1,-120.29,-120.29,0,0,
09/21/2026,09:08:43:374,0.000000,0.000000,3,-123.93,-123.93,0,0,
09/21/2026,09:08:43:428,0.000000,0.000000,4,-68.94,-68.94,0,0,
09/21/2026,09:08:43:463,0.000000,0.000000,2,-123.36,-123.36,0,0,
09/21/2026,09:08:43:555,0.000000,0.000000,1,-115.51,-115.51,0,0,
09/21/2026,09:08:43:588,0.000000,0.000000,3,-125.8,-125.8,0,0,
09/21/2026,09:08:43:649,0.000000,0.000000,4,-64.27,-64.27,0,0,
09/21/2026,09:08:43:673,0.000000,0.000000,2,-123.65,-123.65,0,0,
09/21/2026,09:08:43:804,0.000000,0.000000,1,-114.41,-114.41,0,0,
09/21/2026,09:08:43:807,0.000000,0.000000,3,-122,-122,0,0,
09/21/2026,09:08:43:848,0.000000,0.000000,4,-57.88,-57.88,0,0,
09/21/2026,09:08:43:893,0.000000,0.000000,2,-122.45,-122.45,0,0,
09/21/2026,09:08:43:974,0.000000,0.000000,1,-117.54,-117.54,0,0,
09/21/2026,09:08:44:009,0.000000,0.000000,3,-124.53,-124.53,0,0,
09/21/2026,09:08:44:060,0.000000,0.000000,4,-67.95,-67.95,0,0,
09/21/2026,09:08:44:104,0.000000,0.000000,2,-122.37,-122.37,0,0,
09/21/2026,09:08:44:184,0.000000,0.000000,1,-117.89,-117.89,0,0,
09/21/2026,09:08:44:219,0.000000,0.000000,3,-126.86,-126.86,0,0,
09/21/2026,09:08:44:270,0.000000,0.000000,4,-58.66,-58.66,0,0,
09/21/2026,09:08:44:321,0.000000,0.000000,2,-123,-123,0,0,
09/21/2026,09:08:44:404,0.000000,0.000000,1,-118.36,-118.36,0,0,
09/21/2026,09:08:44:437,0.000000,0.000000,3,-124.69,-124.69,0,0,
09/21/2026,09:08:44:501,0.000000,0.000000,4,-71.59,-71.59,0,0,
09/21/2026,09:08:44:522,0.000000,0.000000,2,-123.04,-123.04,0,0,
09/21/2026,09:08:44:612,0.000000,0.000000,1,-115.59,-115.59,0,0,
09/21/2026,09:08:44:645,0.000000,0.000000,3,-123.19,-123.19,0,0,
09/21/2026,09:08:44:715,0.000000,0.000000,4,-67.84,-67.84,0,0,
09/21/2026,09:08:44:753,0.000000,0.000000,2,-123.6,-123.6,0,0,
09/21/2026,09:08:44:838,0.000000,0.000000,1,-116.8,-116.8,0,0,
09/21/2026,09:08:44:865,0.000000,0.000000,3,-123.01,-123.01,0,0,
09/21/2026,09:08:44:910,0.000000,0.000000,4,-67.72,-67.72,0,0,
09/21/2026,09:08:44:958,0.000000,0.000000,2,-124.75,-124.75,0,0,
09/21/2026,09:08:45:033,0.000000,0.000000,1,-117.53,-117.53,0,0,
09/21/2026,09:08:45:088,0.000000,0.000000,3,-123.99,-123.99,0,0,
09/21/2026,09:08:45:117,0.000000,0.000000,4,-66.67,-66.67,0,0,
09/21/2026,09:08:45:152,0.000000,0.000000,2,-122.78,-122.78,0,0,
09/21/2026,09:08:45:244,0.000000,0.000000,1,-118.5,-118.5,0,0,
09/21/2026,09:08:45:278,0.000000,0.000000,3,-121.17,-121.17,0,0,
09/21/2026,09:08:45:326,0.000000,0.000000,4,-67.81,-67.81,0,0,
09/21/2026,09:08:45:368,0.000000,0.000000,2,-122.53,-122.53,0,0,
09/21/2026,09:08:45:463,0.000000,0.000000,1,-118.02,-118.02,0,0,
09/21/2026,09:08:45:493,0.000000,0.000000,3,-124.74,-124.74,0,0,
09/21/2026,09:08:45:542,0.000000,0.000000,4,-76.15,-76.15,0,0,
09/21/2026,09:08:45:578,0.000000,0.000000,2,-124.87,-124.87,0,0,
09/21/2026,09:08:45:682,0.000000,0.000000,1,-119.63,-119.63,0,0,
09/21/2026,09:08:45:696,0.000000,0.000000,3,-126.2,-126.2,0,0,
09/21/2026,09:08:45:757,0.000000,0.000000,4,-77.78,-77.78,0,0,
09/21/2026,09:08:45:783,0.000000,0.000000,2,-124.55,-124.55,0,0,
09/21/2026,09:08:45:869,0.000000,0.000000,1,-120.16,-120.16,0,0,
09/21/2026,09:08:45:910,0.000000,0.000000,3,-125.01,-125.01,0,0,
09/21/2026,09:08:45:962,0.000000,0.000000,4,-73.46,-73.46,0,0,
09/21/2026,09:08:45:994,0.000000,0.000000,2,-124.5,-124.5,0,0,
09/21/2026,09:08:46:080,0.000000,0.000000,1,-117.82,-117.82,0,0,
09/21/2026,09:08:46:117,0.000000,0.000000,3,-123.86,-123.86,0,0,
09/21/2026,09:08:46:168,0.000000,0.000000,4,-78.06,-78.06,0,0,
09/21/2026,09:08:46:206,0.000000,0.000000,2,-122.56,-122.56,0,0,
09/21/2026,09:08:46:298,0.000000,0.000000,1,-117.94,-117.94,0,0,
09/21/2026,09:08:46:337,0.000000,0.000000,3,-124.45,-124.45,0,0,
09/21/2026,09:08:46:378,0.000000,0.000000,4,-71.19,-71.19,0,0,
09/21/2026,09:08:46:417,0.000000,0.000000,2,-121.86,-121.86,0,0,
09/21/2026,09:08:46:532,0.000000,0.000000,1,-118.92,-118.92,0,0,
09/21/2026,09:08:46:540,0.000000,0.000000,3,-123.59,-123.59,0,0,
09/21/2026,09:08:46:627,0.000000,0.000000,4,-67.71,-67.71,0,0,
09/21/2026,09:08:46:630,0.000000,0.000000,2,-121.57,-121.57,0,0,
09/21/2026,09:08:46:726,0.000000,0.000000,1,-123.22,-123.22,0,0,
09/21/2026,09:08:46:752,0.000000,0.000000,3,-124.84,-124.84,0,0,
09/21/2026,09:08:46:810,0.000000,0.000000,4,-76.34,-76.34,0,0,
09/21/2026,09:08:46:849,0.000000,0.000000,2,-122.04,-122.04,0,0,
09/21/2026,09:08:46:929,0.000000,0.000000,1,-120.6,-120.6,0,0,
09/21/2026,09:08:46:964,0.000000,0.000000,3,-123.84,-123.84,0,0,
09/21/2026,09:08:47:016,0.000000,0.000000,4,-71.94,-71.94,0,0,
09/21/2026,09:08:47:050,0.000000,0.000000,2,-121.73,-121.73,0,0,
09/21/2026,09:08:47:141,0.000000,0.000000,1,-120.02,-120.02,0,0,
09/21/2026,09:08:47:176,0.000000,0.000000,3,-124.47,-124.47,0,0,
09/21/2026,09:08:47:239,0.000000,0.000000,4,-65.63,-65.63,0,0,
09/21/2026,09:08:47:264,0.000000,0.000000,2,-124.45,-124.45,0,0,
09/21/2026,09:08:47:347,0.000000,0.000000,1,-121.32,-121.32,0,0,
09/21/2026,09:08:47:386,0.000000,0.000000,3,-124.49,-124.49,0,0,
09/21/2026,09:08:47:440,0.000000,0.000000,4,-72.48,-72.48,0,0,
09/21/2026,09:08:47:567,0.000000,0.000000,2,-121.3,-121.3,0,0,
09/21/2026,09:08:47:589,0.000000,0.000000,1,-117.92,-117.92,0,0,
09/21/2026,09:08:47:594,0.000000,0.000000,3,-122.75,-122.75,0,0,
09/21/2026,09:08:47:653,0.000000,0.000000,4,-68.42,-68.42,0,0,
09/21/2026,09:08:47:690,0.000000,0.000000,2,-123.45,-123.45,0,0,
09/21/2026,09:08:47:771,0.000000,0.000000,1,-117.09,-117.09,0,0,
09/21/2026,09:08:47:806,0.000000,0.000000,3,-122.98,-122.98,0,0,
09/21/2026,09:08:47:854,0.000000,0.000000,4,-69.34,-69.34,0,0,
09/21/2026,09:08:47:898,0.000000,0.000000,2,-123.84,-123.84,0,0,
09/21/2026,09:08:47:984,0.000000,0.000000,1,-121.13,-121.13,0,0,
09/21/2026,09:08:48:017,0.000000,0.000000,3,-124.61,-124.61,0,0,
09/21/2026,09:08:48:069,0.000000,0.000000,4,-70.13,-70.13,0,0,
09/21/2026,09:08:48:102,0.000000,0.000000,2,-124.62,-124.62,0,0,
09/21/2026,09:08:48:194,0.000000,0.000000,1,-120.59,-120.59,0,0,
09/21/2026,09:08:48:247,0.000000,0.000000,3,-123.65,-123.65,0,0,
09/21/2026,09:08:48:279,0.000000,0.000000,4,-70.17,-70.17,0,0,
09/21/2026,09:08:48:317,0.000000,0.000000,2,-121.72,-121.72,0,0,
09/21/2026,09:08:48:404,0.000000,0.000000,1,-118.72,-118.72,0,0,
09/21/2026,09:08:48:438,0.000000,0.000000,3,-121.94,-121.94,0,0,
09/21/2026,09:08:48:492,0.000000,0.000000,4,-71.78,-71.78,0,0,
09/21/2026,09:08:48:534,0.000000,0.000000,2,-123.43,-123.43,0,0,
09/21/2026,09:08:48:620,0.000000,0.000000,1,-121.07,-121.07,0,0,
09/21/2026,09:08:48:667,0.000000,0.000000,3,-122.89,-122.89,0,0,
09/21/2026,09:08:48:710,0.000000,0.000000,4,-68.83,-68.83,0,0,
09/21/2026,09:08:48:753,0.000000,0.000000,2,-123.63,-123.63,0,0,
09/21/2026,09:08:48:829,0.000000,0.000000,1,-122.21,-122.21,0,0,
09/21/2026,09:08:48:860,0.000000,0.000000,3,-124.6,-124.6,0,0,
09/21/2026,09:08:48:921,0.000000,0.000000,4,-72.29,-72.29,0,0,
09/21/2026,09:08:48:953,0.000000,0.000000,2,-122.98,-122.98,0,0,
09/21/2026,09:08:49:042,0.000000,0.000000,1,-123.02,-123.02,0,0,
09/21/2026,09:08:49:073,0.000000,0.000000,3,-123.95,-123.95,0,0,
09/21/2026,09:08:49:124,0.000000,0.000000,4,-78.69,-78.69,0,0,
09/21/2026,09:08:49:164,0.000000,0.000000,2,-123.79,-123.79,0,0,
09/21/2026,09:08:49:246,0.000000,0.000000,1,-120.2,-120.2,0,0,
09/21/2026,09:08:49:284,0.000000,0.000000,3,-123.07,-123.07,0,0,
09/21/2026,09:08:49:337,0.000000,0.000000,4,-67.88,-67.88,0,0,
09/21/2026,09:08:49:371,0.000000,0.000000,2,-120.33,-120.33,0,0,
09/21/2026,09:08:49:457,0.000000,0.000000,1,-119.8,-119.8,0,0,
09/21/2026,09:08:49:494,0.000000,0.000000,3,-124.19,-124.19,0,0,
09/21/2026,09:08:49:550,0.000000,0.000000,4,-72.26,-72.26,0,0,
09/21/2026,09:08:49:583,0.000000,0.000000,2,-122.04,-122.04,0,0,
09/21/2026,09:08:49:676,0.000000,0.000000,1,-120.27,-120.27,0,0,
09/21/2026,09:08:49:704,0.000000,0.000000,3,-126.34,-126.34,0,0,
09/21/2026,09:08:49:756,0.000000,0.000000,4,-76.58,-76.58,0,0,
09/21/2026,09:08:49:790,0.000000,0.000000,2,-122.64,-122.64,0,0,
09/21/2026,09:08:49:881,0.000000,0.000000,1,-120.82,-120.82,0,0,
09/21/2026,09:08:49:915,0.000000,0.000000,3,-122.6,-122.6,0,0,
09/21/2026,09:08:49:972,0.000000,0.000000,4,-70.11,-70.11,0,0,
09/21/2026,09:08:50:010,0.000000,0.000000,2,-122.8,-122.8,0,0,
09/21/2026,09:08:50:094,0.000000,0.000000,1,-121.49,-121.49,0,0,
09/21/2026,09:08:50:127,0.000000,0.000000,3,-122.8,-122.8,0,0,
09/21/2026,09:08:50:204,0.000000,0.000000,4,-67.65,-67.65,0,0,
09/21/2026,09:08:50:224,0.000000,0.000000,2,-122.46,-122.46,0,0,
09/21/2026,09:08:50:303,0.000000,0.000000,1,-118.8,-118.8,0,0,
09/21/2026,09:08:50:341,0.000000,0.000000,3,-124.72,-124.72,0,0,
09/21/2026,09:08:50:396,0.000000,0.000000,4,-72.35,-72.35,0,0,
09/21/2026,09:08:50:430,0.000000,0.000000,2,-125.53,-125.53,0,0,
09/21/2026,09:08:50:546,0.000000,0.000000,1,-118.31,-118.31,0,0,
09/21/2026,09:08:50:551,0.000000,0.000000,3,-124.24,-124.24,0,0,
09/21/2026,09:08:50:601,0.000000,0.000000,4,-80.55,-80.55,0,0,
09/21/2026,09:08:50:643,0.000000,0.000000,2,-125.7,-125.7,0,0,
09/21/2026,09:08:50:731,0.000000,0.000000,1,-117.46,-117.46,0,0,
09/21/2026,09:08:50:768,0.000000,0.000000,3,-123.55,-123.55,0,0,
09/21/2026,09:08:50:808,0.000000,0.000000,4,-81.77,-81.77,0,0,
09/21/2026,09:08:50:846,0.000000,0.000000,2,-124.17,-124.17,0,0,
09/21/2026,09:08:50:935,0.000000,0.000000,1,-122.31,-122.31,0,0,
09/21/2026,09:08:50:969,0.000000,0.000000,3,-123.39,-123.39,0,0,
09/21/2026,09:08:51:022,0.000000,0.000000,4,-75.45,-75.45,0,0,
09/21/2026,09:08:51:058,0.000000,0.000000,2,-123.65,-123.65,0,0,
09/21/2026,09:08:51:153,0.000000,0.000000,1,-121.55,-121.55,0,0,
09/21/2026,09:08:51:185,0.000000,0.000000,3,-124.54,-124.54,0,0,
09/21/2026,09:08:51:230,0.000000,0.000000,4,-70.18,-70.18,0,0,
09/21/2026,09:08:51:274,0.000000,0.000000,2,-124.02,-124.02,0,0,
09/21/2026,09:08:51:361,0.000000,0.000000,1,-120.13,-120.13,0,0,
09/21/2026,09:08:51:397,0.000000,0.000000,3,-122.95,-122.95,0,0,
09/21/2026,09:08:51:457,0.000000,0.000000,4,-71.99,-71.99,0,0,
09/21/2026,09:08:51:480,0.000000,0.000000,2,-125.71,-125.71,0,0,
09/21/2026,09:08:51:574,0.000000,0.000000,1,-118.54,-118.54,0,0,
09/21/2026,09:08:51:613,0.000000,0.000000,3,-125.08,-125.08,0,0,
09/21/2026,09:08:51:655,0.000000,0.000000,4,-69.1,-69.1,0,0,
09/21/2026,09:08:51:691,0.000000,0.000000,2,-126.5,-126.5,0,0,
09/21/2026,09:08:51:776,0.000000,0.000000,1,-120.86,-120.86,0,0,
09/21/2026,09:08:51:813,0.000000,0.000000,3,-123.83,-123.83,0,0,
09/21/2026,09:08:51:872,0.000000,0.000000,4,-67.84,-67.84,0,0,
09/21/2026,09:08:51:905,0.000000,0.000000,2,-124.13,-124.13,0,0,
09/21/2026,09:08:51:990,0.000000,0.000000,1,-119.29,-119.29,0,0,
09/21/2026,09:08:52:025,0.000000,0.000000,3,-124.87,-124.87,0,0,
09/21/2026,09:08:52:088,0.000000,0.000000,4,-74.69,-74.69,0,0,
09/21/2026,09:08:52:125,0.000000,0.000000,2,-122.44,-122.44,0,0,
09/21/2026,09:08:52:208,0.000000,0.000000,1,-120.28,-120.28,0,0,
09/21/2026,09:08:52:286,0.000000,0.000000,3,-123.66,-123.66,0,0,
09/21/2026,09:08:52:332,0.000000,0.000000,4,-73.78,-73.78,0,0,
09/21/2026,09:08:52:337,0.000000,0.000000,2,-122.13,-122.13,0,0,
09/21/2026,09:08:52:409,0.000000,0.000000,1,-119.18,-119.18,0,0,
09/21/2026,09:08:52:447,0.000000,0.000000,3,-126.33,-126.33,0,0,
09/21/2026,09:08:52:499,0.000000,0.000000,4,-80.37,-80.37,0,0,
09/21/2026,09:08:52:537,0.000000,0.000000,2,-124.01,-124.01,0,0,
09/21/2026,09:08:52:719,0.000000,0.000000,1,-119.53,-119.53,0,0,
09/21/2026,09:08:52:721,0.000000,0.000000,3,-125.61,-125.61,0,0,
09/21/2026,09:08:52:747,0.000000,0.000000,4,-69.33,-69.33,0,0,
09/21/2026,09:08:52:755,0.000000,0.000000,2,-126.22,-126.22,0,0,
09/21/2026,09:08:52:833,0.000000,0.000000,1,-119.5,-119.5,0,0,
09/21/2026,09:08:52:871,0.000000,0.000000,3,-123.74,-123.74,0,0,
09/21/2026,09:08:52:921,0.000000,0.000000,4,-67.66,-67.66,0,0,
09/21/2026,09:08:52:955,0.000000,0.000000,2,-123.87,-123.87,0,0,
09/21/2026,09:08:53:050,0.000000,0.000000,1,-119.04,-119.04,0,0,
09/21/2026,09:08:53:084,0.000000,0.000000,3,-124.4,-124.4,0,0,
09/21/2026,09:08:53:130,0.000000,0.000000,4,-70.15,-70.15,0,0,
09/21/2026,09:08:53:185,0.000000,0.000000,2,-123.8,-123.8,0,0,
09/21/2026,09:08:53:258,0.000000,0.000000,1,-116.87,-116.87,0,0,
09/21/2026,09:08:53:289,0.000000,0.000000,3,-124.13,-124.13,0,0,
09/21/2026,09:08:53:362,0.000000,0.000000,4,-65.93,-65.93,0,0,
09/21/2026,09:08:53:379,0.000000,0.000000,2,-122.32,-122.32,0,0,
09/21/2026,09:08:53:464,0.000000,0.000000,1,-117.91,-117.91,0,0,
09/21/2026,09:08:53:501,0.000000,0.000000,3,-124.84,-124.84,0,0,
09/21/2026,09:08:53:561,0.000000,0.000000,4,-70.75,-70.75,0,0,
09/21/2026,09:08:53:596,0.000000,0.000000,2,-124.4,-124.4,0,0,
09/21/2026,09:08:53:683,0.000000,0.000000,1,-118.87,-118.87,0,0,
09/21/2026,09:08:53:726,0.000000,0.000000,3,-124.69,-124.69,0,0,
09/21/2026,09:08:53:763,0.000000,0.000000,4,-72.68,-72.68,0,0,
09/21/2026,09:08:53:808,0.000000,0.000000,2,-122.85,-122.85,0,0,
09/21/2026,09:08:53:886,0.000000,0.000000,1,-117.56,-117.56,0,0,
09/21/2026,09:08:53:941,0.000000,0.000000,3,-124.18,-124.18,0,0,
09/21/2026,09:08:53:976,0.000000,0.000000,4,-71.34,-71.34,0,0,
09/21/2026,09:08:54:023,0.000000,0.000000,2,-124.78,-124.78,0,0,
09/21/2026,09:08:54:111,0.000000,0.000000,1,-120.61,-120.61,0,0,
09/21/2026,09:08:54:152,0.000000,0.000000,3,-125.44,-125.44,0,0,
09/21/2026,09:08:54:193,0.000000,0.000000,4,-80.65,-80.65,0,0,
09/21/2026,09:08:54:234,0.000000,0.000000,2,-122.74,-122.74,0,0,
09/21/2026,09:08:54:311,0.000000,0.000000,1,-120.53,-120.53,0,0,
09/21/2026,09:08:54:349,0.000000,0.000000,3,-125.17,-125.17,0,0,
09/21/2026,09:08:54:406,0.000000,0.000000,4,-72.66,-72.66,0,0,
09/21/2026,09:08:54:435,0.000000,0.000000,2,-124.75,-124.75,0,0,
09/21/2026,09:08:54:528,0.000000,0.000000,1,-120.1,-120.1,0,0,
09/21/2026,09:08:54:560,0.000000,0.000000,3,-127.33,-127.33,0,0,
09/21/2026,09:08:54:609,0.000000,0.000000,4,-66.09,-66.09,0,0,
09/21/2026,09:08:54:643,0.000000,0.000000,2,-123.61,-123.61,0,0,
09/21/2026,09:08:54:730,0.000000,0.000000,1,-117.03,-117.03,0,0,
09/21/2026,09:08:54:768,0.000000,0.000000,3,-123.89,-123.89,0,0,
09/21/2026,09:08:54:821,0.000000,0.000000,4,-73.69,-73.69,0,0,
09/21/2026,09:08:54:856,0.000000,0.000000,2,-122.3,-122.3,0,0,
09/21/2026,09:08:54:943,0.000000,0.000000,1,-117.78,-117.78,0,0,
09/21/2026,09:08:54:980,0.000000,0.000000,3,-125.23,-125.23,0,0,
09/21/2026,09:08:55:037,0.000000,0.000000,4,-71.37,-71.37,0,0,
09/21/2026,09:08:55:072,0.000000,0.000000,2,-120.59,-120.59,0,0,
09/21/2026,09:08:55:155,0.000000,0.000000,1,-121.03,-121.03,0,0,
09/21/2026,09:08:55:187,0.000000,0.000000,3,-125.68,-125.68,0,0,
09/21/2026,09:08:55:239,0.000000,0.000000,4,-73.04,-73.04,0,0,
09/21/2026,09:08:55:302,0.000000,0.000000,2,-125.32,-125.32,0,0,
09/21/2026,09:08:55:367,0.000000,0.000000,1,-117.81,-117.81,0,0,
09/21/2026,09:08:55:405,0.000000,0.000000,3,-123.16,-123.16,0,0,
09/21/2026,09:08:55:450,0.000000,0.000000,4,-74.15,-74.15,0,0,
09/21/2026,09:08:55:485,0.000000,0.000000,2,-125.68,-125.68,0,0,
09/21/2026,09:08:55:578,0.000000,0.000000,1,-117.51,-117.51,0,0,
09/21/2026,09:08:55:611,0.000000,0.000000,3,-123.01,-123.01,0,0,
09/21/2026,09:08:55:664,0.000000,0.000000,4,-70.28,-70.28,0,0,
09/21/2026,09:08:55:701,0.000000,0.000000,2,-124.48,-124.48,0,0,
09/21/2026,09:08:55:792,0.000000,0.000000,1,-120.22,-120.22,0,0,
09/21/2026,09:08:55:830,0.000000,0.000000,3,-124.97,-124.97,0,0,
09/21/2026,09:08:55:898,0.000000,0.000000,4,-74.56,-74.56,0,0,
09/21/2026,09:08:55:907,0.000000,0.000000,2,-123.73,-123.73,0,0,
09/21/2026,09:08:56:015,0.000000,0.000000,1,-119.79,-119.79,0,0,
09/21/2026,09:08:56:056,0.000000,0.000000,3,-122.3,-122.3,0,0,
09/21/2026,09:08:56:115,0.000000,0.000000,4,-72.27,-72.27,0,0,
09/21/2026,09:08:56:118,0.000000,0.000000,2,-122.96,-122.96,0,0,
09/21/2026,09:08:56:206,0.000000,0.000000,1,-118.34,-118.34,0,0,
09/21/2026,09:08:56:242,0.000000,0.000000,3,-124,-124,0,0,
09/21/2026,09:08:56:296,0.000000,0.000000,4,-73.35,-73.35,0,0,
09/21/2026,09:08:56:338,0.000000,0.000000,2,-125.66,-125.66,0,0,
09/21/2026,09:08:56:422,0.000000,0.000000,1,-118.45,-118.45,0,0,
09/21/2026,09:08:56:459,0.000000,0.000000,3,-123.08,-123.08,0,0,
09/21/2026,09:08:56:506,0.000000,0.000000,4,-77.56,-77.56,0,0,
09/21/2026,09:08:56:543,0.000000,0.000000,2,-124.06,-124.06,0,0,
09/21/2026,09:08:56:633,0.000000,0.000000,1,-117.82,-117.82,0,0,
09/21/2026,09:08:56:667,0.000000,0.000000,3,-124.73,-124.73,0,0,
09/21/2026,09:08:56:719,0.000000,0.000000,4,-71.98,-71.98,0,0,
09/21/2026,09:08:56:762,0.000000,0.000000,2,-122.87,-122.87,0,0,
09/21/2026,09:08:56:842,0.000000,0.000000,1,-120.24,-120.24,0,0,
09/21/2026,09:08:56:882,0.000000,0.000000,3,-123.62,-123.62,0,0,
09/21/2026,09:08:56:929,0.000000,0.000000,4,-70.39,-70.39,0,0,
09/21/2026,09:08:56:974,0.000000,0.000000,2,-122.69,-122.69,0,0,
09/21/2026,09:08:57:058,0.000000,0.000000,1,-118.98,-118.98,0,0,
09/21/2026,09:08:57:088,0.000000,0.000000,3,-122.79,-122.79,0,0,
09/21/2026,09:08:57:147,0.000000,0.000000,4,-73.92,-73.92,0,0,
09/21/2026,09:08:57:178,0.000000,0.000000,2,-123.6,-123.6,0,0,
09/21/2026,09:08:57:266,0.000000,0.000000,1,-120.04,-120.04,0,0,
09/21/2026,09:08:57:298,0.000000,0.000000,3,-122.54,-122.54,0,0,
09/21/2026,09:08:57:350,0.000000,0.000000,4,-72.71,-72.71,0,0,
09/21/2026,09:08:57:388,0.000000,0.000000,2,-123.7,-123.7,0,0,
09/21/2026,09:08:57:476,0.000000,0.000000,1,-120.3,-120.3,0,0,
09/21/2026,09:08:57:508,0.000000,0.000000,3,-125.48,-125.48,0,0,
09/21/2026,09:08:57:560,0.000000,0.000000,4,-66.76,-66.76,0,0,
09/21/2026,09:08:57:594,0.000000,0.000000,2,-123.1,-123.1,0,0,
09/21/2026,09:08:57:689,0.000000,0.000000,1,-119.78,-119.78,0,0,
09/21/2026,09:08:57:727,0.000000,0.000000,3,-122.86,-122.86,0,0,
09/21/2026,09:08:57:854,0.000000,0.000000,4,-70.42,-70.42,0,0,
09/21/2026,09:08:57:928,0.000000,0.000000,2,-122.32,-122.32,0,0,
09/21/2026,09:08:57:973,0.000000,0.000000,1,-118.17,-118.17,0,0,
09/21/2026,09:08:57:976,0.000000,0.000000,3,-114.69,-114.69,0,0,
09/21/2026,09:08:58:007,0.000000,0.000000,4,-68.14,-68.14,0,0,
09/21/2026,09:08:58:052,0.000000,0.000000,2,-121.1,-121.1,0,0,
09/21/2026,09:08:58:131,0.000000,0.000000,1,-119.55,-119.55,0,0,
09/21/2026,09:08:58:174,0.000000,0.000000,3,-123.55,-123.55,0,0,
09/21/2026,09:08:58:203,0.000000,0.000000,4,-71.74,-71.74,0,0,
09/21/2026,09:08:58:240,0.000000,0.000000,2,-123.38,-123.38,0,0,
09/21/2026,09:08:58:332,0.000000,0.000000,1,-118.59,-118.59,0,0,
09/21/2026,09:08:58:381,0.000000,0.000000,3,-111.91,-111.91,0,0,
09/21/2026,09:08:58:423,0.000000,0.000000,4,-75.4,-75.4,0,0,
09/21/2026,09:08:58:483,0.000000,0.000000,2,-122.27,-122.27,0,0,
09/21/2026,09:08:58:554,0.000000,0.000000,1,-120.25,-120.25,0,0,
09/21/2026,09:08:58:588,0.000000,0.000000,3,-124.99,-124.99,0,0,
09/21/2026,09:08:58:639,0.000000,0.000000,4,-76.02,-76.02,0,0,
09/21/2026,09:08:58:672,0.000000,0.000000,2,-123.4,-123.4,0,0,
09/21/2026,09:08:58:769,0.000000,0.000000,1,-119.89,-119.89,0,0,
09/21/2026,09:08:58:802,0.000000,0.000000,3,-123.65,-123.65,0,0,
09/21/2026,09:08:58:855,0.000000,0.000000,4,-80.7,-80.7,0,0,
09/21/2026,09:08:58:902,0.000000,0.000000,2,-121.19,-121.19,0,0,
09/21/2026,09:08:58:973,0.000000,0.000000,1,-118.37,-118.37,0,0,
09/21/2026,09:08:59:012,0.000000,0.000000,3,-124.96,-124.96,0,0,
09/21/2026,09:08:59:055,0.000000,0.000000,4,-73.08,-73.08,0,0,
09/21/2026,09:08:59:108,0.000000,0.000000,2,-121.79,-121.79,0,0,
09/21/2026,09:08:59:183,0.000000,0.000000,1,-119.57,-119.57,0,0,
09/21/2026,09:08:59:221,0.000000,0.000000,3,-124.58,-124.58,0,0,
09/21/2026,09:08:59:267,0.000000,0.000000,4,-70.36,-70.36,0,0,
09/21/2026,09:08:59:303,0.000000,0.000000,2,-123.73,-123.73,0,0,
09/21/2026,09:08:59:394,0.000000,0.000000,1,-119.04,-119.04,0,0,
09/21/2026,09:08:59:435,0.000000,0.000000,3,-123.13,-123.13,0,0,
09/21/2026,09:08:59:482,0.000000,0.000000,4,-72.79,-72.79,0,0,
09/21/2026,09:08:59:513,0.000000,0.000000,2,-122.97,-122.97,0,0,
09/21/2026,09:08:59:628,0.000000,0.000000,1,-116.77,-116.77,0,0,
09/21/2026,09:08:59:672,0.000000,0.000000,3,-122.97,-122.97,0,0,
09/21/2026,09:08:59:712,0.000000,0.000000,4,-74.13,-74.13,0,0,
09/21/2026,09:08:59:756,0.000000,0.000000,2,-121.8,-121.8,0,0,
09/21/2026,09:08:59:840,0.000000,0.000000,1,-119.49,-119.49,0,0,
09/21/2026,09:08:59:885,0.000000,0.000000,3,-123.4,-123.4,0,0,
09/21/2026,09:08:59:905,0.000000,0.000000,4,-81.48,-81.48,0,0,
09/21/2026,09:08:59:939,0.000000,0.000000,2,-122.57,-122.57,0,0,
09/21/2026,09:09:00:028,0.000000,0.000000,1,-118.74,-118.74,0,0,
09/21/2026,09:09:00:061,0.000000,0.000000,3,-123.25,-123.25,0,0,
09/21/2026,09:09:00:122,0.000000,0.000000,4,-77.45,-77.45,0,0,
09/21/2026,09:09:00:152,0.000000,0.000000,2,-123.31,-123.31,0,0,
09/21/2026,09:09:00:239,0.000000,0.000000,1,-116.55,-116.55,0,0,
09/21/2026,09:09:00:274,0.000000,0.000000,3,-124.43,-124.43,0,0,
09/21/2026,09:09:00:321,0.000000,0.000000,4,-77.53,-77.53,0,0,
09/21/2026,09:09:00:361,0.000000,0.000000,2,-123.84,-123.84,0,0,
09/21/2026,09:09:00:451,0.000000,0.000000,1,-116.22,-116.22,0,0,
09/21/2026,09:09:00:484,0.000000,0.000000,3,-123.23,-123.23,0,0,
09/21/2026,09:09:00:535,0.000000,0.000000,4,-72.76,-72.76,0,0,
09/21/2026,09:09:00:572,0.000000,0.000000,2,-126.01,-126.01,0,0,
09/21/2026,09:09:00:658,0.000000,0.000000,1,-116.71,-116.71,0,0,
09/21/2026,09:09:00:694,0.000000,0.000000,3,-124.76,-124.76,0,0,
09/21/2026,09:09:00:752,0.000000,0.000000,4,-70.14,-70.14,0,0,
09/21/2026,09:09:00:782,0.000000,0.000000,2,-121.89,-121.89,0,0,
09/21/2026,09:09:00:872,0.000000,0.000000,1,-117.01,-117.01,0,0,
09/21/2026,09:09:00:903,0.000000,0.000000,3,-125,-125,0,0,
09/21/2026,09:09:00:955,0.000000,0.000000,4,-67.31,-67.31,0,0,
09/21/2026,09:09:00:993,0.000000,0.000000,2,-126.95,-126.95,0,0,
09/21/2026,09:09:01:085,0.000000,0.000000,1,-118.19,-118.19,0,0,
09/21/2026,09:09:01:116,0.000000,0.000000,3,-124.13,-124.13,0,0,
09/21/2026,09:09:01:171,0.000000,0.000000,4,-68.04,-68.04,0,0,
09/21/2026,09:09:01:209,0.000000,0.000000,2,-124.67,-124.67,0,0,
09/21/2026,09:09:01:295,0.000000,0.000000,1,-118.08,-118.08,0,0,
09/21/2026,09:09:01:329,0.000000,0.000000,3,-122.27,-122.27,0,0,
09/21/2026,09:09:01:394,0.000000,0.000000,4,-67.43,-67.43,0,0,
09/21/2026,09:09:01:430,0.000000,0.000000,2,-123.24,-123.24,0,0,
09/21/2026,09:09:01:511,0.000000,0.000000,1,-118.69,-118.69,0,0,
09/21/2026,09:09:01:556,0.000000,0.000000,3,-124.91,-124.91,0,0,
09/21/2026,09:09:01:591,0.000000,0.000000,4,-68.9,-68.9,0,0,
09/21/2026,09:09:01:652,0.000000,0.000000,2,-125.42,-125.42,0,0,
09/21/2026,09:09:01:712,0.000000,0.000000,1,-118.91,-118.91,0,0,
09/21/2026,09:09:01:759,0.000000,0.000000,3,-125.11,-125.11,0,0,
09/21/2026,09:09:01:809,0.000000,0.000000,4,-73.97,-73.97,0,0,
09/21/2026,09:09:01:842,0.000000,0.000000,2,-125.26,-125.26,0,0,
09/21/2026,09:09:01:926,0.000000,0.000000,1,-120.22,-120.22,0,0,
09/21/2026,09:09:01:965,0.000000,0.000000,3,-124.86,-124.86,0,0,
09/21/2026,09:09:02:008,0.000000,0.000000,4,-77.24,-77.24,0,0,
09/21/2026,09:09:02:044,0.000000,0.000000,2,-122.8,-122.8,0,0,
09/21/2026,09:09:02:136,0.000000,0.000000,1,-119.26,-119.26,0,0,
09/21/2026,09:09:02:170,0.000000,0.000000,3,-124.56,-124.56,0,0,
09/21/2026,09:09:02:220,0.000000,0.000000,4,-80.54,-80.54,0,0,
09/21/2026,09:09:02:261,0.000000,0.000000,2,-122.29,-122.29,0,0,
09/21/2026,09:09:02:348,0.000000,0.000000,1,-119.74,-119.74,0,0,
09/21/2026,09:09:02:384,0.000000,0.000000,3,-123.01,-123.01,0,0,
09/21/2026,09:09:02:433,0.000000,0.000000,4,-70.21,-70.21,0,0,
09/21/2026,09:09:02:466,0.000000,0.000000,2,-123.35,-123.35,0,0,
09/21/2026,09:09:02:556,0.000000,0.000000,1,-118.7,-118.7,0,0,
09/21/2026,09:09:02:595,0.000000,0.000000,3,-123.01,-123.01,0,0,
09/21/2026,09:09:02:647,0.000000,0.000000,4,-73.95,-73.95,0,0,
09/21/2026,09:09:02:680,0.000000,0.000000,2,-121.89,-121.89,0,0,
09/21/2026,09:09:02:767,0.000000,0.000000,1,-118.31,-118.31,0,0,
09/21/2026,09:09:02:803,0.000000,0.000000,3,-126.09,-126.09,0,0,
09/21/2026,09:09:02:865,0.000000,0.000000,4,-71.82,-71.82,0,0,
09/21/2026,09:09:02:997,0.000000,0.000000,2,-123.1,-123.1,0,0,
09/21/2026,09:09:03:016,0.000000,0.000000,1,-118.04,-118.04,0,0,
09/21/2026,09:09:03:020,0.000000,0.000000,3,-124.12,-124.12,0,0,
09/21/2026,09:09:03:067,0.000000,0.000000,4,-77.79,-77.79,0,0,
09/21/2026,09:09:03:106,0.000000,0.000000,2,-123.38,-123.38,0,0,
09/21/2026,09:09:03:192,0.000000,0.000000,1,-116.34,-116.34,0,0,
09/21/2026,09:09:03:230,0.000000,0.000000,3,-124.39,-124.39,0,0,
09/21/2026,09:09:03:283,0.000000,0.000000,4,-74.34,-74.34,0,0,
09/21/2026,09:09:03:317,0.000000,0.000000,2,-122.46,-122.46,0,0,
09/21/2026,09:09:03:412,0.000000,0.000000,1,-119.47,-119.47,0,0,
09/21/2026,09:09:03:441,0.000000,0.000000,3,-123.96,-123.96,0,0,
09/21/2026,09:09:03:512,0.000000,0.000000,4,-75.52,-75.52,0,0,
09/21/2026,09:09:03:552,0.000000,0.000000,2,-123.16,-123.16,0,0,
09/21/2026,09:09:03:639,0.000000,0.000000,1,-117.78,-117.78,0,0,
09/21/2026,09:09:03:646,0.000000,0.000000,3,-123.35,-123.35,0,0,
09/21/2026,09:09:03:725,0.000000,0.000000,4,-71.02,-71.02,0,0,
09/21/2026,09:09:03:735,0.000000,0.000000,2,-124.22,-124.22,0,0,
09/21/2026,09:09:03:824,0.000000,0.000000,1,-116.89,-116.89,0,0,
09/21/2026,09:09:03:860,0.000000,0.000000,3,-125.01,-125.01,0,0,
09/21/2026,09:09:03:913,0.000000,0.000000,4,-69.59,-69.59,0,0,
09/21/2026,09:09:03:952,0.000000,0.000000,2,-125.86,-125.86,0,0,
09/21/2026,09:09:04:038,0.000000,0.000000,1,-117.07,-117.07,0,0,
09/21/2026,09:09:04:072,0.000000,0.000000,3,-123.73,-123.73,0,0,
09/21/2026,09:09:04:123,0.000000,0.000000,4,-73.84,-73.84,0,0,
09/21/2026,09:09:04:162,0.000000,0.000000,2,-122.76,-122.76,0,0,
09/21/2026,09:09:04:263,0.000000,0.000000,1,-116.77,-116.77,0,0,
09/21/2026,09:09:04:288,0.000000,0.000000,3,-124.49,-124.49,0,0,
09/21/2026,09:09:04:340,0.000000,0.000000,4,-69.44,-69.44,0,0,
09/21/2026,09:09:04:371,0.000000,0.000000,2,-123.23,-123.23,0,0,
09/21/2026,09:09:04:460,0.000000,0.000000,1,-119.6,-119.6,0,0,
09/21/2026,09:09:04:499,0.000000,0.000000,3,-125.47,-125.47,0,0,
09/21/2026,09:09:04:552,0.000000,0.000000,4,-73.75,-73.75,0,0,
09/21/2026,09:09:04:585,0.000000,0.000000,2,-124.29,-124.29,0,0,
09/21/2026,09:09:04:675,0.000000,0.000000,1,-118.19,-118.19,0,0,
09/21/2026,09:09:04:706,0.000000,0.000000,3,-123.05,-123.05,0,0,
09/21/2026,09:09:04:753,0.000000,0.000000,4,-72.35,-72.35,0,0,
09/21/2026,09:09:04:793,0.000000,0.000000,2,-123.73,-123.73,0,0,
09/21/2026,09:09:04:886,0.000000,0.000000,1,-119.64,-119.64,0,0,
09/21/2026,09:09:04:912,0.000000,0.000000,3,-124.94,-124.94,0,0,
09/21/2026,09:09:04:966,0.000000,0.000000,4,-70.29,-70.29,0,0,
09/21/2026,09:09:04:999,0.000000,0.000000,2,-122.64,-122.64,0,0,
09/21/2026,09:09:05:102,0.000000,0.000000,1,-118.98,-118.98,0,0,
09/21/2026,09:09:05:133,0.000000,0.000000,3,-123.97,-123.97,0,0,
09/21/2026,09:09:05:181,0.000000,0.000000,4,-68.66,-68.66,0,0,
09/21/2026,09:09:05:210,0.000000,0.000000,2,-124.09,-124.09,0,0,
09/21/2026,09:09:05:327,0.000000,0.000000,1,-118.72,-118.72,0,0,
09/21/2026,09:09:05:334,0.000000,0.000000,3,-124.09,-124.09,0,0,
09/21/2026,09:09:05:420,0.000000,0.000000,4,-70.6,-70.6,0,0,
09/21/2026,09:09:05:434,0.000000,0.000000,2,-122.88,-122.88,0,0,
09/21/2026,09:09:05:517,0.000000,0.000000,1,-121.65,-121.65,0,0,
09/21/2026,09:09:05:552,0.000000,0.000000,3,-122.31,-122.31,0,0,
09/21/2026,09:09:05:598,0.000000,0.000000,4,-72.11,-72.11,0,0,
09/21/2026,09:09:05:634,0.000000,0.000000,2,-124.86,-124.86,0,0,
09/21/2026,09:09:05:723,0.000000,0.000000,1,-119.09,-119.09,0,0,
09/21/2026,09:09:05:765,0.000000,0.000000,3,-122.69,-122.69,0,0,
09/21/2026,09:09:05:806,0.000000,0.000000,4,-74.19,-74.19,0,0,
09/21/2026,09:09:05:857,0.000000,0.000000,2,-121.78,-121.78,0,0,
09/21/2026,09:09:05:933,0.000000,0.000000,1,-118.78,-118.78,0,0,
09/21/2026,09:09:05:969,0.000000,0.000000,3,-123.96,-123.96,0,0,
09/21/2026,09:09:06:030,0.000000,0.000000,4,-75.02,-75.02,0,0,
09/21/2026,09:09:06:053,0.000000,0.000000,2,-122.91,-122.91,0,0,
09/21/2026,09:09:06:170,0.000000,0.000000,1,-118.75,-118.75,0,0,
09/21/2026,09:09:06:180,0.000000,0.000000,3,-123.76,-123.76,0,0,
09/21/2026,09:09:06:234,0.000000,0.000000,4,-79.47,-79.47,0,0,
09/21/2026,09:09:06:266,0.000000,0.000000,2,-122.08,-122.08,0,0,
09/21/2026,09:09:06:354,0.000000,0.000000,1,-118.66,-118.66,0,0,
09/21/2026,09:09:06:393,0.000000,0.000000,3,-125.33,-125.33,0,0,
09/21/2026,09:09:06:448,0.000000,0.000000,4,-73.07,-73.07,0,0,
09/21/2026,09:09:06:475,0.000000,0.000000,2,-123.52,-123.52,0,0,
09/21/2026,09:09:06:574,0.000000,0.000000,1,-119.1,-119.1,0,0,
09/21/2026,09:09:06:608,0.000000,0.000000,3,-125.63,-125.63,0,0,
09/21/2026,09:09:06:649,0.000000,0.000000,4,-73.49,-73.49,0,0,
09/21/2026,09:09:06:691,0.000000,0.000000,2,-122.43,-122.43,0,0,
09/21/2026,09:09:06:778,0.000000,0.000000,1,-118.68,-118.68,0,0,
09/21/2026,09:09:06:822,0.000000,0.000000,3,-122.04,-122.04,0,0,
09/21/2026,09:09:06:860,0.000000,0.000000,4,-70.23,-70.23,0,0,
09/21/2026,09:09:06:900,0.000000,0.000000,2,-124.57,-124.57,0,0,
09/21/2026,09:09:07:001,0.000000,0.000000,1,-118.41,-118.41,0,0,
09/21/2026,09:09:07:051,0.000000,0.000000,3,-124.89,-124.89,0,0,
09/21/2026,09:09:07:096,0.000000,0.000000,4,-73.19,-73.19,0,0,
09/21/2026,09:09:07:129,0.000000,0.000000,2,-125.96,-125.96,0,0,
09/21/2026,09:09:07:198,0.000000,0.000000,1,-119.44,-119.44,0,0,
09/21/2026,09:09:07:237,0.000000,0.000000,3,-123.75,-123.75,0,0,
09/21/2026,09:09:07:289,0.000000,0.000000,4,-72.07,-72.07,0,0,
09/21/2026,09:09:07:322,0.000000,0.000000,2,-124.42,-124.42,0,0,
09/21/2026,09:09:07:416,0.000000,0.000000,1,-118.96,-118.96,0,0,
09/21/2026,09:09:07:444,0.000000,0.000000,3,-124.16,-124.16,0,0,
09/21/2026,09:09:07:499,0.000000,0.000000,4,-69.47,-69.47,0,0,
09/21/2026,09:09:07:536,0.000000,0.000000,2,-123,-123,0,0,
09/21/2026,09:09:07:619,0.000000,0.000000,1,-118.26,-118.26,0,0,
09/21/2026,09:09:07:657,0.000000,0.000000,3,-123.87,-123.87,0,0,
09/21/2026,09:09:07:706,0.000000,0.000000,4,-76.2,-76.2,0,0,
09/21/2026,09:09:07:743,0.000000,0.000000,2,-121.04,-121.04,0,0,
09/21/2026,09:09:07:834,0.000000,0.000000,1,-116.28,-116.28,0,0,
09/21/2026,09:09:07:877,0.000000,0.000000,3,-126.7,-126.7,0,0,
09/21/2026,09:09:07:920,0.000000,0.000000,4,-74.62,-74.62,0,0,
09/21/2026,09:09:07:961,0.000000,0.000000,2,-124.18,-124.18,0,0,
09/21/2026,09:09:08:138,0.000000,0.000000,1,-116.32,-116.32,0,0,
09/21/2026,09:09:08:144,0.000000,0.000000,3,-124,-124,0,0,
09/21/2026,09:09:08:151,0.000000,0.000000,4,-72.59,-72.59,0,0,
09/21/2026,09:09:08:162,0.000000,0.000000,2,-123.79,-123.79,0,0,
09/21/2026,09:09:08:256,0.000000,0.000000,1,-118,-118,0,0,
09/21/2026,09:09:08:297,0.000000,0.000000,3,-122.94,-122.94,0,0,
09/21/2026,09:09:08:342,0.000000,0.000000,4,-76.17,-76.17,0,0,
09/21/2026,09:09:08:378,0.000000,0.000000,2,-122.81,-122.81,0,0,
09/21/2026,09:09:08:470,0.000000,0.000000,1,-117.78,-117.78,0,0,
09/21/2026,09:09:08:503,0.000000,0.000000,3,-124.39,-124.39,0,0,
09/21/2026,09:09:08:553,0.000000,0.000000,4,-83.62,-83.62,0,0,
09/21/2026,09:09:08:591,0.000000,0.000000,2,-124.71,-124.71,0,0,
09/21/2026,09:09:08:678,0.000000,0.000000,1,-118.4,-118.4,0,0,
09/21/2026,09:09:08:723,0.000000,0.000000,3,-122.96,-122.96,0,0,
09/21/2026,09:09:08:760,0.000000,0.000000,4,-86.22,-86.22,0,0,
09/21/2026,09:09:08:823,0.000000,0.000000,2,-124.39,-124.39,0,0,
09/21/2026,09:09:08:895,0.000000,0.000000,1,-119.01,-119.01,0,0,
09/21/2026,09:09:08:945,0.000000,0.000000,3,-124.95,-124.95,0,0,
09/21/2026,09:09:09:025,0.000000,0.000000,4,-76.75,-76.75,0,0,
09/21/2026,09:09:09:030,0.000000,0.000000,2,-124.71,-124.71,0,0,
09/21/2026,09:09:09:098,0.000000,0.000000,1,-115.45,-115.45,0,0,
09/21/2026,09:09:09:134,0.000000,0.000000,3,-124.48,-124.48,0,0,
09/21/2026,09:09:09:192,0.000000,0.000000,4,-73.21,-73.21,0,0,
09/21/2026,09:09:09:222,0.000000,0.000000,2,-124.26,-124.26,0,0,
09/21/2026,09:09:09:309,0.000000,0.000000,1,-117.65,-117.65,0,0,
09/21/2026,09:09:09:348,0.000000,0.000000,3,-123.05,-123.05,0,0,
09/21/2026,09:09:09:406,0.000000,0.000000,4,-73.44,-73.44,0,0,
09/21/2026,09:09:09:432,0.000000,0.000000,2,-120.44,-120.44,0,0,
09/21/2026,09:09:09:519,0.000000,0.000000,1,-116.66,-116.66,0,0,
09/21/2026,09:09:09:563,0.000000,0.000000,3,-124.85,-124.85,0,0,
09/21/2026,09:09:09:615,0.000000,0.000000,4,-73.21,-73.21,0,0,
09/21/2026,09:09:09:641,0.000000,0.000000,2,-123.92,-123.92,0,0,
09/21/2026,09:09:09:728,0.000000,0.000000,1,-118.37,-118.37,0,0,
09/21/2026,09:09:09:763,0.000000,0.000000,3,-126.37,-126.37,0,0,
09/21/2026,09:09:09:820,0.000000,0.000000,4,-79.16,-79.16,0,0,
09/21/2026,09:09:09:855,0.000000,0.000000,2,-122.45,-122.45,0,0,
09/21/2026,09:09:09:941,0.000000,0.000000,1,-117.51,-117.51,0,0,
09/21/2026,09:09:10:005,0.000000,0.000000,3,-125,-125,0,0,
09/21/2026,09:09:10:032,0.000000,0.000000,4,-71.01,-71.01,0,0,
09/21/2026,09:09:10:061,0.000000,0.000000,2,-126.84,-126.84,0,0,
09/21/2026,09:09:10:155,0.000000,0.000000,1,-119.03,-119.03,0,0,
09/21/2026,09:09:10:192,0.000000,0.000000,3,-123.66,-123.66,0,0,
09/21/2026,09:09:10:239,0.000000,0.000000,4,-71.88,-71.88,0,0,
09/21/2026,09:09:10:273,0.000000,0.000000,2,-126.84,-126.84,0,0,
09/21/2026,09:09:10:380,0.000000,0.000000,1,-119.15,-119.15,0,0,
09/21/2026,09:09:10:400,0.000000,0.000000,3,-125.23,-125.23,0,0,
09/21/2026,09:09:10:458,0.000000,0.000000,4,-68.89,-68.89,0,0,
09/21/2026,09:09:10:490,0.000000,0.000000,2,-123.94,-123.94,0,0,
09/21/2026,09:09:10:571,0.000000,0.000000,1,-120.83,-120.83,0,0,
09/21/2026,09:09:10:610,0.000000,0.000000,3,-124.53,-124.53,0,0,
09/21/2026,09:09:10:706,0.000000,0.000000,4,-79.1,-79.1,0,0,
09/21/2026,09:09:10:748,0.000000,0.000000,2,-122.3,-122.3,0,0,
09/21/2026,09:09:10:790,0.000000,0.000000,1,-117.48,-117.48,0,0,
09/21/2026,09:09:10:831,0.000000,0.000000,3,-124.55,-124.55,0,0,
09/21/2026,09:09:10:869,0.000000,0.000000,4,-68.53,-68.53,0,0,
09/21/2026,09:09:10:908,0.000000,0.000000,2,-124.98,-124.98,0,0,
09/21/2026,09:09:11:000,0.000000,0.000000,1,-116.46,-116.46,0,0,
09/21/2026,09:09:11:029,0.000000,0.000000,3,-123.93,-123.93,0,0,
09/21/2026,09:09:11:082,0.000000,0.000000,4,-67.36,-67.36,0,0,
09/21/2026,09:09:11:123,0.000000,0.000000,2,-123.2,-123.2,0,0,
09/21/2026,09:09:11:215,0.000000,0.000000,1,-117.58,-117.58,0,0,
09/21/2026,09:09:11:243,0.000000,0.000000,3,-124.42,-124.42,0,0,
09/21/2026,09:09:11:291,0.000000,0.000000,4,-71.31,-71.31,0,0,
09/21/2026,09:09:11:326,0.000000,0.000000,2,-124.89,-124.89,0,0,
09/21/2026,09:09:11:422,0.000000,0.000000,1,-120.08,-120.08,0,0,
09/21/2026,09:09:11:455,0.000000,0.000000,3,-122.07,-122.07,0,0,
09/21/2026,09:09:11:508,0.000000,0.000000,4,-76.86,-76.86,0,0,
09/21/2026,09:09:11:539,0.000000,0.000000,2,-123.51,-123.51,0,0,
09/21/2026,09:09:11:628,0.000000,0.000000,1,-118.04,-118.04,0,0,
09/21/2026,09:09:11:670,0.000000,0.000000,3,-124.92,-124.92,0,0,
09/21/2026,09:09:11:715,0.000000,0.000000,4,-69.85,-69.85,0,0,
09/21/2026,09:09:11:750,0.000000,0.000000,2,-122.54,-122.54,0,0,
09/21/2026,09:09:11:846,0.000000,0.000000,1,-117.39,-117.39,0,0,
09/21/2026,09:09:11:884,0.000000,0.000000,3,-124.91,-124.91,0,0,
09/21/2026,09:09:11:959,0.000000,0.000000,4,-71.2,-71.2,0,0,
09/21/2026,09:09:11:965,0.000000,0.000000,2,-122.83,-122.83,0,0,
09/21/2026,09:09:12:058,0.000000,0.000000,1,-118.26,-118.26,0,0,
09/21/2026,09:09:12:088,0.000000,0.000000,3,-125.45,-125.45,0,0,
09/21/2026,09:09:12:135,0.000000,0.000000,4,-70.71,-70.71,0,0,
09/21/2026,09:09:12:180,0.000000,0.000000,2,-124.65,-124.65,0,0,
09/21/2026,09:09:12:270,0.000000,0.000000,1,-117.21,-117.21,0,0,
09/21/2026,09:09:12:297,0.000000,0.000000,3,-124.93,-124.93,0,0,
09/21/2026,09:09:12:347,0.000000,0.000000,4,-71.41,-71.41,0,0,
09/21/2026,09:09:12:386,0.000000,0.000000,2,-123.08,-123.08,0,0,
09/21/2026,09:09:12:470,0.000000,0.000000,1,-116.22,-116.22,0,0,
09/21/2026,09:09:12:511,0.000000,0.000000,3,-125.15,-125.15,0,0,
09/21/2026,09:09:12:570,0.000000,0.000000,4,-71.32,-71.32,0,0,
09/21/2026,09:09:12:593,0.000000,0.000000,2,-125.49,-125.49,0,0,
09/21/2026,09:09:12:686,0.000000,0.000000,1,-116.68,-116.68,0,0,
09/21/2026,09:09:12:721,0.000000,0.000000,3,-125.16,-125.16,0,0,
09/21/2026,09:09:12:780,0.000000,0.000000,4,-76.63,-76.63,0,0,
09/21/2026,09:09:12:820,0.000000,0.000000,2,-124.81,-124.81,0,0,
09/21/2026,09:09:12:899,0.000000,0.000000,1,-117.2,-117.2,0,0,
09/21/2026,09:09:12:940,0.000000,0.000000,3,-124.78,-124.78,0,0,
09/21/2026,09:09:12:979,0.000000,0.000000,4,-72.6,-72.6,0,0,
09/21/2026,09:09:13:019,0.000000,0.000000,2,-125.52,-125.52,0,0,
09/21/2026,09:09:13:102,0.000000,0.000000,1,-119.05,-119.05,0,0,
09/21/2026,09:09:13:140,0.000000,0.000000,3,-122.16,-122.16,0,0,
09/21/2026,09:09:13:284,0.000000,0.000000,4,-70.52,-70.52,0,0,
09/21/2026,09:09:13:287,0.000000,0.000000,2,-122.58,-122.58,0,0,
09/21/2026,09:09:13:320,0.000000,0.000000,1,-116.16,-116.16,0,0,
09/21/2026,09:09:13:363,0.000000,0.000000,3,-124.86,-124.86,0,0,
09/21/2026,09:09:13:403,0.000000,0.000000,4,-77.82,-77.82,0,0,
09/21/2026,09:09:13:442,0.000000,0.000000,2,-123.82,-123.82,0,0,
09/21/2026,09:09:13:528,0.000000,0.000000,1,-116.41,-116.41,0,0,
09/21/2026,09:09:13:568,0.000000,0.000000,3,-122.33,-122.33,0,0,
09/21/2026,09:09:13:619,0.000000,0.000000,4,-78.37,-78.37,0,0,
09/21/2026,09:09:13:660,0.000000,0.000000,2,-122.79,-122.79,0,0,
09/21/2026,09:09:13:744,0.000000,0.000000,1,-117.16,-117.16,0,0,
09/21/2026,09:09:13:780,0.000000,0.000000,3,-123.09,-123.09,0,0,
09/21/2026,09:09:13:842,0.000000,0.000000,4,-73.58,-73.58,0,0,
09/21/2026,09:09:13:868,0.000000,0.000000,2,-122.16,-122.16,0,0,
09/21/2026,09:09:13:958,0.000000,0.000000,1,-119.52,-119.52,0,0,
09/21/2026,09:09:13:988,0.000000,0.000000,3,-124.86,-124.86,0,0,
09/21/2026,09:09:14:043,0.000000,0.000000,4,-80.45,-80.45,0,0,
09/21/2026,09:09:14:071,0.000000,0.000000,2,-122.02,-122.02,0,0,
09/21/2026,09:09:14:164,0.000000,0.000000,1,-115.95,-115.95,0,0,
09/21/2026,09:09:14:205,0.000000,0.000000,3,-124.43,-124.43,0,0,
09/21/2026,09:09:14:250,0.000000,0.000000,4,-76.5,-76.5,0,0,
09/21/2026,09:09:14:308,0.000000,0.000000,2,-123.89,-123.89,0,0,
09/21/2026,09:09:14:383,0.000000,0.000000,1,-119.68,-119.68,0,0,
09/21/2026,09:09:14:419,0.000000,0.000000,3,-126.1,-126.1,0,0,
09/21/2026,09:09:14:467,0.000000,0.000000,4,-72.21,-72.21,0,0,
09/21/2026,09:09:14:504,0.000000,0.000000,2,-125.32,-125.32,0,0,
09/21/2026,09:09:14:592,0.000000,0.000000,1,-119.14,-119.14,0,0,
09/21/2026,09:09:14:627,0.000000,0.000000,3,-125.07,-125.07,0,0,
09/21/2026,09:09:14:674,0.000000,0.000000,4,-71.5,-71.5,0,0,
09/21/2026,09:09:14:704,0.000000,0.000000,2,-123.24,-123.24,0,0,
09/21/2026,09:09:14:801,0.000000,0.000000,1,-119.36,-119.36,0,0,
09/21/2026,09:09:14:827,0.000000,0.000000,3,-124.05,-124.05,0,0,
09/21/2026,09:09:14:898,0.000000,0.000000,4,-71.79,-71.79,0,0,
09/21/2026,09:09:14:929,0.000000,0.000000,2,-123.43,-123.43,0,0,
09/21/2026,09:09:15:004,0.000000,0.000000,1,-118.72,-118.72,0,0,
09/21/2026,09:09:15:041,0.000000,0.000000,3,-123.23,-123.23,0,0,
09/21/2026,09:09:15:088,0.000000,0.000000,4,-69.44,-69.44,0,0,
09/21/2026,09:09:15:126,0.000000,0.000000,2,-124.3,-124.3,0,0,
09/21/2026,09:09:15:216,0.000000,0.000000,1,-118.1,-118.1,0,0,
09/21/2026,09:09:15:248,0.000000,0.000000,3,-124.23,-124.23,0,0,
09/21/2026,09:09:15:301,0.000000,0.000000,4,-69.72,-69.72,0,0,
09/21/2026,09:09:15:339,0.000000,0.000000,2,-122.77,-122.77,0,0,
09/21/2026,09:09:15:429,0.000000,0.000000,1,-119.91,-119.91,0,0,
09/21/2026,09:09:15:468,0.000000,0.000000,3,-124.24,-124.24,0,0,
09/21/2026,09:09:15:512,0.000000,0.000000,4,-68,-68,0,0,
09/21/2026,09:09:15:550,0.000000,0.000000,2,-122.42,-122.42,0,0,
09/21/2026,09:09:15:640,0.000000,0.000000,1,-119.52,-119.52,0,0,
09/21/2026,09:09:15:670,0.000000,0.000000,3,-124.57,-124.57,0,0,
09/21/2026,09:09:15:730,0.000000,0.000000,4,-68.49,-68.49,0,0,
09/21/2026,09:09:15:761,0.000000,0.000000,2,-123.53,-123.53,0,0,
09/21/2026,09:09:15:854,0.000000,0.000000,1,-119.02,-119.02,0,0,
09/21/2026,09:09:15:887,0.000000,0.000000,3,-126.03,-126.03,0,0,
09/21/2026,09:09:15:943,0.000000,0.000000,4,-72.46,-72.46,0,0,
09/21/2026,09:09:15:968,0.000000,0.000000,2,-123.54,-123.54,0,0,
09/21/2026,09:09:16:062,0.000000,0.000000,1,-120.71,-120.71,0,0,
09/21/2026,09:09:16:099,0.000000,0.000000,3,-123.93,-123.93,0,0,
09/21/2026,09:09:16:147,0.000000,0.000000,4,-73.97,-73.97,0,0,
09/21/2026,09:09:16:185,0.000000,0.000000,2,-123.56,-123.56,0,0,
09/21/2026,09:09:16:276,0.000000,0.000000,1,-117.04,-117.04,0,0,
09/21/2026,09:09:16:312,0.000000,0.000000,3,-123.91,-123.91,0,0,
09/21/2026,09:09:16:359,0.000000,0.000000,4,-72.78,-72.78,0,0,
09/21/2026,09:09:16:396,0.000000,0.000000,2,-122.12,-122.12,0,0,
09/21/2026,09:09:16:483,0.000000,0.000000,1,-121.1,-121.1,0,0,
09/21/2026,09:09:16:526,0.000000,0.000000,3,-124.76,-124.76,0,0,
09/21/2026,09:09:16:564,0.000000,0.000000,4,-71.93,-71.93,0,0,
09/21/2026,09:09:16:601,0.000000,0.000000,2,-123.47,-123.47,0,0,
09/21/2026,09:09:16:694,0.000000,0.000000,1,-118.75,-118.75,0,0,
09/21/2026,09:09:16:728,0.000000,0.000000,3,-121.63,-121.63,0,0,
09/21/2026,09:09:16:791,0.000000,0.000000,4,-67.58,-67.58,0,0,
09/21/2026,09:09:16:813,0.000000,0.000000,2,-122.59,-122.59,0,0,
09/21/2026,09:09:16:902,0.000000,0.000000,1,-119.4,-119.4,0,0,
09/21/2026,09:09:16:942,0.000000,0.000000,3,-125.1,-125.1,0,0,
09/21/2026,09:09:16:994,0.000000,0.000000,4,-67.07,-67.07,0,0,
09/21/2026,09:09:17:030,0.000000,0.000000,2,-123.91,-123.91,0,0,
09/21/2026,09:09:17:118,0.000000,0.000000,1,-117.87,-117.87,0,0,
09/21/2026,09:09:17:148,0.000000,0.000000,3,-123.71,-123.71,0,0,
09/21/2026,09:09:17:201,0.000000,0.000000,4,-72.75,-72.75,0,0,
09/21/2026,09:09:17:234,0.000000,0.000000,2,-125.72,-125.72,0,0,
09/21/2026,09:09:17:322,0.000000,0.000000,1,-118.04,-118.04,0,0,
09/21/2026,09:09:17:363,0.000000,0.000000,3,-126.42,-126.42,0,0,
09/21/2026,09:09:17:413,0.000000,0.000000,4,-68.42,-68.42,0,0,
09/21/2026,09:09:17:445,0.000000,0.000000,2,-121.76,-121.76,0,0,
09/21/2026,09:09:17:533,0.000000,0.000000,1,-119.89,-119.89,0,0,
09/21/2026,09:09:17:569,0.000000,0.000000,3,-123.87,-123.87,0,0,
09/21/2026,09:09:17:621,0.000000,0.000000,4,-78.16,-78.16,0,0,
09/21/2026,09:09:17:656,0.000000,0.000000,2,-121.91,-121.91,0,0,
09/21/2026,09:09:17:748,0.000000,0.000000,1,-117.8,-117.8,0,0,
09/21/2026,09:09:17:782,0.000000,0.000000,3,-126.59,-126.59,0,0,
09/21/2026,09:09:17:835,0.000000,0.000000,4,-72.71,-72.71,0,0,
09/21/2026,09:09:17:873,0.000000,0.000000,2,-123.58,-123.58,0,0,
09/21/2026,09:09:17:956,0.000000,0.000000,1,-117.85,-117.85,0,0,
09/21/2026,09:09:18:000,0.000000,0.000000,3,-123.74,-123.74,0,0,
09/21/2026,09:09:18:041,0.000000,0.000000,4,-77.25,-77.25,0,0,
09/21/2026,09:09:18:079,0.000000,0.000000,2,-122.38,-122.38,0,0,
09/21/2026,09:09:18:185,0.000000,0.000000,1,-120.19,-120.19,0,0,
09/21/2026,09:09:18:234,0.000000,0.000000,3,-123.31,-123.31,0,0,
09/21/2026,09:09:18:277,0.000000,0.000000,4,-69.3,-69.3,0,0,
09/21/2026,09:09:18:366,0.000000,0.000000,2,-123.41,-123.41,0,0,
09/21/2026,09:09:18:426,0.000000,0.000000,1,-116.69,-116.69,0,0,
09/21/2026,09:09:18:437,0.000000,0.000000,3,-124.09,-124.09,0,0,
09/21/2026,09:09:18:467,0.000000,0.000000,4,-79.18,-79.18,0,0,
09/21/2026,09:09:18:500,0.000000,0.000000,2,-123.49,-123.49,0,0,
09/21/2026,09:09:18:589,0.000000,0.000000,1,-117,-117,0,0,
09/21/2026,09:09:18:626,0.000000,0.000000,3,-120.79,-120.79,0,0,
09/21/2026,09:09:18:675,0.000000,0.000000,4,-71.49,-71.49,0,0,
09/21/2026,09:09:18:715,0.000000,0.000000,2,-124.07,-124.07,0,0,
09/21/2026,09:09:18:802,0.000000,0.000000,1,-118.49,-118.49,0,0,
09/21/2026,09:09:18:844,0.000000,0.000000,3,-123.89,-123.89,0,0,
09/21/2026,09:09:18:905,0.000000,0.000000,4,-79.1,-79.1,0,0,
09/21/2026,09:09:18:927,0.000000,0.000000,2,-122.76,-122.76,0,0,
09/21/2026,09:09:19:010,0.000000,0.000000,1,-118.43,-118.43,0,0,
09/21/2026,09:09:19:048,0.000000,0.000000,3,-124.48,-124.48,0,0,
09/21/2026,09:09:19:099,0.000000,0.000000,4,-75.39,-75.39,0,0,
09/21/2026,09:09:19:135,0.000000,0.000000,2,-123.23,-123.23,0,0,
09/21/2026,09:09:19:224,0.000000,0.000000,1,-118.33,-118.33,0,0,
09/21/2026,09:09:19:257,0.000000,0.000000,3,-125.83,-125.83,0,0,
09/21/2026,09:09:19:317,0.000000,0.000000,4,-76.08,-76.08,0,0,
09/21/2026,09:09:19:350,0.000000,0.000000,2,-124.9,-124.9,0,0,
09/21/2026,09:09:19:433,0.000000,0.000000,1,-118.49,-118.49,0,0,
09/21/2026,09:09:19:475,0.000000,0.000000,3,-126.32,-126.32,0,0,
09/21/2026,09:09:19:519,0.000000,0.000000,4,-75.06,-75.06,0,0,
09/21/2026,09:09:19:561,0.000000,0.000000,2,-123.52,-123.52,0,0,
09/21/2026,09:09:19:645,0.000000,0.000000,1,-118.3,-118.3,0,0,
09/21/2026,09:09:19:683,0.000000,0.000000,3,-124.36,-124.36,0,0,
09/21/2026,09:09:19:739,0.000000,0.000000,4,-78.65,-78.65,0,0,
09/21/2026,09:09:19:773,0.000000,0.000000,2,-124.81,-124.81,0,0,
09/21/2026,09:09:19:864,0.000000,0.000000,1,-120.81,-120.81,0,0,
09/21/2026,09:09:19:900,0.000000,0.000000,3,-123.21,-123.21,0,0,
09/21/2026,09:09:19:946,0.000000,0.000000,4,-72.82,-72.82,0,0,
09/21/2026,09:09:19:992,0.000000,0.000000,2,-124.47,-124.47,0,0,
09/21/2026,09:09:20:079,0.000000,0.000000,1,-121,-121,0,0,
09/21/2026,09:09:20:125,0.000000,0.000000,3,-122.73,-122.73,0,0,
09/21/2026,09:09:20:171,0.000000,0.000000,4,-73.74,-73.74,0,0,
09/21/2026,09:09:20:191,0.000000,0.000000,2,-123.7,-123.7,0,0,
09/21/2026,09:09:20:278,0.000000,0.000000,1,-120.29,-120.29,0,0,
09/21/2026,09:09:20:313,0.000000,0.000000,3,-124.55,-124.55,0,0,
09/21/2026,09:09:20:367,0.000000,0.000000,4,-70.18,-70.18,0,0,
09/21/2026,09:09:20:406,0.000000,0.000000,2,-123.12,-123.12,0,0,
09/21/2026,09:09:20:487,0.000000,0.000000,1,-121.42,-121.42,0,0,
09/21/2026,09:09:20:524,0.000000,0.000000,3,-124.8,-124.8,0,0,
09/21/2026,09:09:20:582,0.000000,0.000000,4,-70.96,-70.96,0,0,
09/21/2026,09:09:20:612,0.000000,0.000000,2,-122.53,-122.53,0,0,
09/21/2026,09:09:20:705,0.000000,0.000000,1,-122.24,-122.24,0,0,
09/21/2026,09:09:20:733,0.000000,0.000000,3,-124.4,-124.4,0,0,
09/21/2026,09:09:20:792,0.000000,0.000000,4,-69.78,-69.78,0,0,
09/21/2026,09:09:20:825,0.000000,0.000000,2,-125.79,-125.79,0,0,
09/21/2026,09:09:20:908,0.000000,0.000000,1,-120.86,-120.86,0,0,
09/21/2026,09:09:20:945,0.000000,0.000000,3,-124.01,-124.01,0,0,
09/21/2026,09:09:21:001,0.000000,0.000000,4,-72.21,-72.21,0,0,
09/21/2026,09:09:21:035,0.000000,0.000000,2,-124,-124,0,0,
09/21/2026,09:09:21:126,0.000000,0.000000,1,-120.03,-120.03,0,0,
09/21/2026,09:09:21:159,0.000000,0.000000,3,-126.4,-126.4,0,0,
09/21/2026,09:09:21:211,0.000000,0.000000,4,-71.54,-71.54,0,0,
09/21/2026,09:09:21:244,0.000000,0.000000,2,-125.41,-125.41,0,0,
09/21/2026,09:09:21:338,0.000000,0.000000,1,-119.69,-119.69,0,0,
09/21/2026,09:09:21:370,0.000000,0.000000,3,-125.27,-125.27,0,0,
09/21/2026,09:09:21:421,0.000000,0.000000,4,-68.44,-68.44,0,0,
09/21/2026,09:09:21:469,0.000000,0.000000,2,-123.17,-123.17,0,0,
09/21/2026,09:09:21:560,0.000000,0.000000,1,-117.14,-117.14,0,0,
09/21/2026,09:09:21:589,0.000000,0.000000,3,-124.48,-124.48,0,0,
09/21/2026,09:09:21:630,0.000000,0.000000,4,-70.85,-70.85,0,0,
09/21/2026,09:09:21:664,0.000000,0.000000,2,-125.14,-125.14,0,0,
09/21/2026,09:09:21:754,0.000000,0.000000,1,-117.63,-117.63,0,0,
09/21/2026,09:09:21:797,0.000000,0.000000,3,-126.72,-126.72,0,0,
09/21/2026,09:09:21:840,0.000000,0.000000,4,-77.76,-77.76,0,0,
09/21/2026,09:09:21:881,0.000000,0.000000,2,-124.03,-124.03,0,0,
09/21/2026,09:09:21:972,0.000000,0.000000,1,-116.5,-116.5,0,0,
09/21/2026,09:09:22:004,0.000000,0.000000,3,-126.65,-126.65,0,0,
09/21/2026,09:09:22:061,0.000000,0.000000,4,-82.54,-82.54,0,0,
09/21/2026,09:09:22:112,0.000000,0.000000,2,-124.82,-124.82,0,0,
09/21/2026,09:09:22:191,0.000000,0.000000,1,-117.82,-117.82,0,0,
09/21/2026,09:09:22:251,0.000000,0.000000,3,-124.41,-124.41,0,0,
09/21/2026,09:09:22:294,0.000000,0.000000,4,-77.51,-77.51,0,0,
09/21/2026,09:09:22:303,0.000000,0.000000,2,-123.31,-123.31,0,0,
09/21/2026,09:09:22:392,0.000000,0.000000,1,-119.69,-119.69,0,0,
09/21/2026,09:09:22:421,0.000000,0.000000,3,-126.75,-126.75,0,0,
09/21/2026,09:09:22:478,0.000000,0.000000,4,-74.64,-74.64,0,0,
09/21/2026,09:09:22:514,0.000000,0.000000,2,-121.54,-121.54,0,0,
09/21/2026,09:09:22:598,0.000000,0.000000,1,-117.59,-117.59,0,0,
09/21/2026,09:09:22:643,0.000000,0.000000,3,-124.91,-124.91,0,0,
09/21/2026,09:09:22:683,0.000000,0.000000,4,-77.89,-77.89,0,0,
09/21/2026,09:09:22:723,0.000000,0.000000,2,-123.93,-123.93,0,0,
09/21/2026,09:09:22:808,0.000000,0.000000,1,-117.1,-117.1,0,0,
09/21/2026,09:09:22:842,0.000000,0.000000,3,-125.71,-125.71,0,0,
09/21/2026,09:09:22:900,0.000000,0.000000,4,-76.46,-76.46,0,0,
09/21/2026,09:09:22:938,0.000000,0.000000,2,-123.76,-123.76,0,0,
09/21/2026,09:09:23:021,0.000000,0.000000,1,-119.34,-119.34,0,0,
09/21/2026,09:09:23:059,0.000000,0.000000,3,-122.92,-122.92,0,0,
09/21/2026,09:09:23:133,0.000000,0.000000,4,-83.2,-83.2,0,0,
09/21/2026,09:09:23:149,0.000000,0.000000,2,-123.41,-123.41,0,0,
09/21/2026,09:09:23:228,0.000000,0.000000,1,-118.77,-118.77,0,0,
09/21/2026,09:09:23:266,0.000000,0.000000,3,-124.42,-124.42,0,0,
09/21/2026,09:09:23:324,0.000000,0.000000,4,-85.9,-85.9,0,0,
09/21/2026,09:09:23:354,0.000000,0.000000,2,-124.45,-124.45,0,0,
09/21/2026,09:09:23:457,0.000000,0.000000,1,-119.73,-119.73,0,0,
09/21/2026,09:09:23:565,0.000000,0.000000,3,-123.31,-123.31,0,0,
09/21/2026,09:09:23:582,0.000000,0.000000,4,-95.5,-95.5,0,0,
09/21/2026,09:09:23:585,0.000000,0.000000,2,-122.88,-122.88,0,0,
09/21/2026,09:09:23:654,0.000000,0.000000,1,-118.55,-118.55,0,0,
09/21/2026,09:09:23:687,0.000000,0.000000,3,-123.4,-123.4,0,0,
09/21/2026,09:09:23:738,0.000000,0.000000,4,-88.12,-88.12,0,0,
09/21/2026,09:09:23:776,0.000000,0.000000,2,-121.7,-121.7,0,0,
09/21/2026,09:09:23:880,0.000000,0.000000,1,-119.01,-119.01,0,0,
09/21/2026,09:09:23:924,0.000000,0.000000,3,-121.05,-121.05,0,0,
09/21/2026,09:09:23:967,0.000000,0.000000,4,-97.62,-97.62,0,0,
09/21/2026,09:09:24:025,0.000000,0.000000,2,-124.69,-124.69,0,0,
09/21/2026,09:09:24:109,0.000000,0.000000,1,-119.88,-119.88,0,0,
09/21/2026,09:09:24:118,0.000000,0.000000,3,-122.45,-122.45,0,0,
09/21/2026,09:09:24:160,0.000000,0.000000,4,-97.73,-97.73,0,0,
09/21/2026,09:09:24:205,0.000000,0.000000,2,-123.4,-123.4,0,0,
09/21/2026,09:09:24:284,0.000000,0.000000,1,-118.67,-118.67,0,0,
09/21/2026,09:09:24:321,0.000000,0.000000,3,-124.94,-124.94,0,0,
09/21/2026,09:09:24:371,0.000000,0.000000,4,-93.39,-93.39,0,0,
09/21/2026,09:09:24:406,0.000000,0.000000,2,-126.45,-126.45,0,0,
09/21/2026,09:09:24:498,0.000000,0.000000,1,-119.84,-119.84,0,0,
09/21/2026,09:09:24:533,0.000000,0.000000,3,-122.6,-122.6,0,0,
09/21/2026,09:09:24:590,0.000000,0.000000,4,-89.94,-89.94,0,0,
09/21/2026,09:09:24:635,0.000000,0.000000,2,-123.81,-123.81,0,0,
09/21/2026,09:09:24:707,0.000000,0.000000,1,-117.59,-117.59,0,0,
09/21/2026,09:09:24:745,0.000000,0.000000,3,-124,-124,0,0,
09/21/2026,09:09:24:800,0.000000,0.000000,4,-90.2,-90.2,0,0,
09/21/2026,09:09:24:830,0.000000,0.000000,2,-122.56,-122.56,0,0,
09/21/2026,09:09:24:923,0.000000,0.000000,1,-116.89,-116.89,0,0,
09/21/2026,09:09:24:954,0.000000,0.000000,3,-124.33,-124.33,0,0,
09/21/2026,09:09:25:003,0.000000,0.000000,4,-96,-96,0,0,
09/21/2026,09:09:25:043,0.000000,0.000000,2,-122.61,-122.61,0,0,
09/21/2026,09:09:25:140,0.000000,0.000000,1,-117.46,-117.46,0,0,
09/21/2026,09:09:25:172,0.000000,0.000000,3,-123.44,-123.44,0,0,
09/21/2026,09:09:25:224,0.000000,0.000000,4,-95.05,-95.05,0,0,
09/21/2026,09:09:25:262,0.000000,0.000000,2,-122.63,-122.63,0,0,
09/21/2026,09:09:25:366,0.000000,0.000000,1,-116.89,-116.89,0,0,
09/21/2026,09:09:25:382,0.000000,0.000000,3,-121.68,-121.68,0,0,
09/21/2026,09:09:25:431,0.000000,0.000000,4,-94.83,-94.83,0,0,
09/21/2026,09:09:25:467,0.000000,0.000000,2,-122.47,-122.47,0,0,
09/21/2026,09:09:25:555,0.000000,0.000000,1,-118.98,-118.98,0,0,
09/21/2026,09:09:25:608,0.000000,0.000000,3,-125.07,-125.07,0,0,
09/21/2026,09:09:25:647,0.000000,0.000000,4,-101.59,-101.59,0,0,
09/21/2026,09:09:25:685,0.000000,0.000000,2,-122.77,-122.77,0,0,
09/21/2026,09:09:25:772,0.000000,0.000000,1,-118.43,-118.43,0,0,
09/21/2026,09:09:25:807,0.000000,0.000000,3,-126.1,-126.1,0,0,
09/21/2026,09:09:25:850,0.000000,0.000000,4,-97.38,-97.38,0,0,
09/21/2026,09:09:25:884,0.000000,0.000000,2,-122.77,-122.77,0,0,
09/21/2026,09:09:25:989,0.000000,0.000000,1,-119.95,-119.95,0,0,
09/21/2026,09:09:26:018,0.000000,0.000000,3,-124.77,-124.77,0,0,
09/21/2026,09:09:26:069,0.000000,0.000000,4,-102.19,-102.19,0,0,
09/21/2026,09:09:26:102,0.000000,0.000000,2,-122.92,-122.92,0,0,
09/21/2026,09:09:26:201,0.000000,0.000000,1,-117.8,-117.8,0,0,
09/21/2026,09:09:26:230,0.000000,0.000000,3,-123.93,-123.93,0,0,
09/21/2026,09:09:26:272,0.000000,0.000000,4,-93.63,-93.63,0,0,
09/21/2026,09:09:26:310,0.000000,0.000000,2,-122.81,-122.81,0,0,
09/21/2026,09:09:26:395,0.000000,0.000000,1,-118.5,-118.5,0,0,
09/21/2026,09:09:26:433,0.000000,0.000000,3,-126.46,-126.46,0,0,
09/21/2026,09:09:26:481,0.000000,0.000000,4,-97.68,-97.68,0,0,
09/21/2026,09:09:26:528,0.000000,0.000000,2,-124.09,-124.09,0,0,
09/21/2026,09:09:26:608,0.000000,0.000000,1,-120.81,-120.81,0,0,
09/21/2026,09:09:26:646,0.000000,0.000000,3,-124.62,-124.62,0,0,
09/21/2026,09:09:26:693,0.000000,0.000000,4,-103.05,-103.05,0,0,
09/21/2026,09:09:26:730,0.000000,0.000000,2,-125.24,-125.24,0,0,
09/21/2026,09:09:26:822,0.000000,0.000000,1,-120.07,-120.07,0,0,
09/21/2026,09:09:26:853,0.000000,0.000000,3,-125.13,-125.13,0,0,
09/21/2026,09:09:26:909,0.000000,0.000000,4,-100.37,-100.37,0,0,
09/21/2026,09:09:26:938,0.000000,0.000000,2,-123.33,-123.33,0,0,
09/21/2026,09:09:27:030,0.000000,0.000000,1,-119.34,-119.34,0,0,
09/21/2026,09:09:27:068,0.000000,0.000000,3,-124.86,-124.86,0,0,
09/21/2026,09:09:27:118,0.000000,0.000000,4,-100.6,-100.6,0,0,
09/21/2026,09:09:27:167,0.000000,0.000000,2,-124.56,-124.56,0,0,
09/21/2026,09:09:27:243,0.000000,0.000000,1,-121.08,-121.08,0,0,
09/21/2026,09:09:27:274,0.000000,0.000000,3,-124.94,-124.94,0,0,
09/21/2026,09:09:27:326,0.000000,0.000000,4,-95.38,-95.38,0,0,
09/21/2026,09:09:27:370,0.000000,0.000000,2,-123.5,-123.5,0,0,
09/21/2026,09:09:27:457,0.000000,0.000000,1,-119.38,-119.38,0,0,
09/21/2026,09:09:27:487,0.000000,0.000000,3,-123.04,-123.04,0,0,
09/21/2026,09:09:27:537,0.000000,0.000000,4,-91.93,-91.93,0,0,
09/21/2026,09:09:27:589,0.000000,0.000000,2,-122.96,-122.96,0,0,
09/21/2026,09:09:27:671,0.000000,0.000000,1,-121.15,-121.15,0,0,
09/21/2026,09:09:27:715,0.000000,0.000000,3,-124.27,-124.27,0,0,
09/21/2026,09:09:27:767,0.000000,0.000000,4,-91.24,-91.24,0,0,
09/21/2026,09:09:27:810,0.000000,0.000000,2,-122.92,-122.92,0,0,
09/21/2026,09:09:27:874,0.000000,0.000000,1,-117.7,-117.7,0,0,
09/21/2026,09:09:27:921,0.000000,0.000000,3,-124.47,-124.47,0,0,
09/21/2026,09:09:27:959,0.000000,0.000000,4,-93.34,-93.34,0,0,
09/21/2026,09:09:27:999,0.000000,0.000000,2,-123.3,-123.3,0,0,
09/21/2026,09:09:28:088,0.000000,0.000000,1,-119.63,-119.63,0,0,
09/21/2026,09:09:28:121,0.000000,0.000000,3,-125.28,-125.28,0,0,
09/21/2026,09:09:28:176,0.000000,0.000000,4,-92.82,-92.82,0,0,
09/21/2026,09:09:28:205,0.000000,0.000000,2,-121.62,-121.62,0,0,
09/21/2026,09:09:28:306,0.000000,0.000000,1,-119.39,-119.39,0,0,
09/21/2026,09:09:28:331,0.000000,0.000000,3,-123.27,-123.27,0,0,
09/21/2026,09:09:28:387,0.000000,0.000000,4,-100.74,-100.74,0,0,
09/21/2026,09:09:28:415,0.000000,0.000000,2,-123.52,-123.52,0,0,
09/21/2026,09:09:28:502,0.000000,0.000000,1,-120.2,-120.2,0,0,
09/21/2026,09:09:28:544,0.000000,0.000000,3,-124.19,-124.19,0,0,
09/21/2026,09:09:28:708,0.000000,0.000000,4,-93.1,-93.1,0,0,
09/21/2026,09:09:28:714,0.000000,0.000000,2,-121.68,-121.68,0,0,
09/21/2026,09:09:28:731,0.000000,0.000000,1,-120.09,-120.09,0,0,
09/21/2026,09:09:28:758,0.000000,0.000000,3,-123.65,-123.65,0,0,
09/21/2026,09:09:28:801,0.000000,0.000000,4,-96.55,-96.55,0,0,
09/21/2026,09:09:28:837,0.000000,0.000000,2,-123.14,-123.14,0,0,
09/21/2026,09:09:28:930,0.000000,0.000000,1,-117.54,-117.54,0,0,
09/21/2026,09:09:28:964,0.000000,0.000000,3,-123.55,-123.55,0,0,
09/21/2026,09:09:29:020,0.000000,0.000000,4,-100.51,-100.51,0,0,
09/21/2026,09:09:29:057,0.000000,0.000000,2,-121.95,-121.95,0,0,
09/21/2026,09:09:29:138,0.000000,0.000000,1,-119.76,-119.76,0,0,
09/21/2026,09:09:29:203,0.000000,0.000000,3,-122.48,-122.48,0,0,
09/21/2026,09:09:29:233,0.000000,0.000000,4,-105.22,-105.22,0,0,
09/21/2026,09:09:29:267,0.000000,0.000000,2,-122.62,-122.62,0,0,
09/21/2026,09:09:29:348,0.000000,0.000000,1,-119.88,-119.88,0,0,
09/21/2026,09:09:29:391,0.000000,0.000000,3,-124.98,-124.98,0,0,
09/21/2026,09:09:29:444,0.000000,0.000000,4,-91.89,-91.89,0,0,
09/21/2026,09:09:29:494,0.000000,0.000000,2,-123.69,-123.69,0,0,
09/21/2026,09:09:29:569,0.000000,0.000000,1,-118.93,-118.93,0,0,
09/21/2026,09:09:29:610,0.000000,0.000000,3,-125.04,-125.04,0,0,
09/21/2026,09:09:29:668,0.000000,0.000000,4,-97.79,-97.79,0,0,
09/21/2026,09:09:29:713,0.000000,0.000000,2,-124.94,-124.94,0,0,
09/21/2026,09:09:29:780,0.000000,0.000000,1,-119.7,-119.7,0,0,
09/21/2026,09:09:29:808,0.000000,0.000000,3,-123.69,-123.69,0,0,
09/21/2026,09:09:29:861,0.000000,0.000000,4,-102.99,-102.99,0,0,
09/21/2026,09:09:29:892,0.000000,0.000000,2,-123.39,-123.39,0,0,
09/21/2026,09:09:29:985,0.000000,0.000000,1,-119.01,-119.01,0,0,
09/21/2026,09:09:30:022,0.000000,0.000000,3,-125.11,-125.11,0,0,
09/21/2026,09:09:30:068,0.000000,0.000000,4,-96.66,-96.66,0,0,
09/21/2026,09:09:30:103,0.000000,0.000000,2,-125.1,-125.1,0,0,
09/21/2026,09:09:30:197,0.000000,0.000000,1,-120.2,-120.2,0,0,
09/21/2026,09:09:30:230,0.000000,0.000000,3,-125.05,-125.05,0,0,
09/21/2026,09:09:30:279,0.000000,0.000000,4,-96.16,-96.16,0,0,
09/21/2026,09:09:30:331,0.000000,0.000000,2,-123.21,-123.21,0,0,
09/21/2026,09:09:30:409,0.000000,0.000000,1,-118.91,-118.91,0,0,
09/21/2026,09:09:30:450,0.000000,0.000000,3,-124.74,-124.74,0,0,
09/21/2026,09:09:30:488,0.000000,0.000000,4,-95.77,-95.77,0,0,
09/21/2026,09:09:30:524,0.000000,0.000000,2,-122.74,-122.74,0,0,
09/21/2026,09:09:30:613,0.000000,0.000000,1,-118.07,-118.07,0,0,
09/21/2026,09:09:30:652,0.000000,0.000000,3,-125.44,-125.44,0,0,
09/21/2026,09:09:30:719,0.000000,0.000000,4,-102.47,-102.47,0,0,
09/21/2026,09:09:30:746,0.000000,0.000000,2,-121.4,-121.4,0,0,
09/21/2026,09:09:30:824,0.000000,0.000000,1,-118.24,-118.24,0,0,
09/21/2026,09:09:30:862,0.000000,0.000000,3,-123.21,-123.21,0,0,
09/21/2026,09:09:30:920,0.000000,0.000000,4,-103.4,-103.4,0,0,
09/21/2026,09:09:30:952,0.000000,0.000000,2,-122.27,-122.27,0,0,
09/21/2026,09:09:31:035,0.000000,0.000000,1,-118.96,-118.96,0,0,
09/21/2026,09:09:31:073,0.000000,0.000000,3,-123.27,-123.27,0,0,
09/21/2026,09:09:31:157,0.000000,0.000000,4,-91.94,-91.94,0,0,
09/21/2026,09:09:31:167,0.000000,0.000000,2,-121.22,-121.22,0,0,
09/21/2026,09:09:31:247,0.000000,0.000000,1,-119.82,-119.82,0,0,
09/21/2026,09:09:31:284,0.000000,0.000000,3,-123.74,-123.74,0,0,
09/21/2026,09:09:31:352,0.000000,0.000000,4,-96.8,-96.8,0,0,
09/21/2026,09:09:31:388,0.000000,0.000000,2,-123.65,-123.65,0,0,
09/21/2026,09:09:31:476,0.000000,0.000000,1,-120.79,-120.79,0,0,
09/21/2026,09:09:31:514,0.000000,0.000000,3,-124.59,-124.59,0,0,
09/21/2026,09:09:31:565,0.000000,0.000000,4,-100.11,-100.11,0,0,
09/21/2026,09:09:31:604,0.000000,0.000000,2,-123.5,-123.5,0,0,
09/21/2026,09:09:31:669,0.000000,0.000000,1,-117.08,-117.08,0,0,
09/21/2026,09:09:31:704,0.000000,0.000000,3,-123.52,-123.52,0,0,
09/21/2026,09:09:31:770,0.000000,0.000000,4,-95.85,-95.85,0,0,
09/21/2026,09:09:31:803,0.000000,0.000000,2,-121.87,-121.87,0,0,
09/21/2026,09:09:31:885,0.000000,0.000000,1,-118.46,-118.46,0,0,
09/21/2026,09:09:31:919,0.000000,0.000000,3,-125.44,-125.44,0,0,
09/21/2026,09:09:31:964,0.000000,0.000000,4,-94.5,-94.5,0,0,
09/21/2026,09:09:32:001,0.000000,0.000000,2,-122.87,-122.87,0,0,
09/21/2026,09:09:32:095,0.000000,0.000000,1,-118.35,-118.35,0,0,
09/21/2026,09:09:32:134,0.000000,0.000000,3,-124.93,-124.93,0,0,
09/21/2026,09:09:32:184,0.000000,0.000000,4,-102.69,-102.69,0,0,
09/21/2026,09:09:32:229,0.000000,0.000000,2,-123.89,-123.89,0,0,
09/21/2026,09:09:32:317,0.000000,0.000000,1,-118.17,-118.17,0,0,
09/21/2026,09:09:32:358,0.000000,0.000000,3,-124.91,-124.91,0,0,
09/21/2026,09:09:32:397,0.000000,0.000000,4,-95.12,-95.12,0,0,
09/21/2026,09:09:32:424,0.000000,0.000000,2,-124.79,-124.79,0,0,
09/21/2026,09:09:32:514,0.000000,0.000000,1,-117.02,-117.02,0,0,
09/21/2026,09:09:32:547,0.000000,0.000000,3,-123.19,-123.19,0,0,
09/21/2026,09:09:32:604,0.000000,0.000000,4,-99.04,-99.04,0,0,
09/21/2026,09:09:32:639,0.000000,0.000000,2,-124.06,-124.06,0,0,
09/21/2026,09:09:32:725,0.000000,0.000000,1,-119.59,-119.59,0,0,
09/21/2026,09:09:32:758,0.000000,0.000000,3,-123.76,-123.76,0,0,
09/21/2026,09:09:32:813,0.000000,0.000000,4,-105.93,-105.93,0,0,
09/21/2026,09:09:32:848,0.000000,0.000000,2,-123.8,-123.8,0,0,
09/21/2026,09:09:32:935,0.000000,0.000000,1,-118.8,-118.8,0,0,
09/21/2026,09:09:32:972,0.000000,0.000000,3,-122.43,-122.43,0,0,
09/21/2026,09:09:33:045,0.000000,0.000000,4,-103.38,-103.38,0,0,
09/21/2026,09:09:33:058,0.000000,0.000000,2,-123.29,-123.29,0,0,
09/21/2026,09:09:33:152,0.000000,0.000000,1,-119.72,-119.72,0,0,
09/21/2026,09:09:33:192,0.000000,0.000000,3,-125.2,-125.2,0,0,
09/21/2026,09:09:33:276,0.000000,0.000000,4,-97.02,-97.02,0,0,
09/21/2026,09:09:33:316,0.000000,0.000000,2,-123.12,-123.12,0,0,
09/21/2026,09:09:33:363,0.000000,0.000000,1,-118.87,-118.87,0,0,
09/21/2026,09:09:33:400,0.000000,0.000000,3,-124.98,-124.98,0,0,
09/21/2026,09:09:33:472,0.000000,0.000000,4,-95.18,-95.18,0,0,
09/21/2026,09:09:33:491,0.000000,0.000000,2,-122.88,-122.88,0,0,
09/21/2026,09:09:33:569,0.000000,0.000000,1,-118.96,-118.96,0,0,
09/21/2026,09:09:33:605,0.000000,0.000000,3,-123.28,-123.28,0,0,
09/21/2026,09:09:33:653,0.000000,0.000000,4,-96.57,-96.57,0,0,
09/21/2026,09:09:33:703,0.000000,0.000000,2,-124.08,-124.08,0,0,
09/21/2026,09:09:33:859,0.000000,0.000000,1,-117.61,-117.61,0,0,
09/21/2026,09:09:33:870,0.000000,0.000000,3,-125.14,-125.14,0,0,
09/21/2026,09:09:33:889,0.000000,0.000000,4,-98.32,-98.32,0,0,
09/21/2026,09:09:33:908,0.000000,0.000000,2,-125.82,-125.82,0,0,
09/21/2026,09:09:33:995,0.000000,0.000000,1,-117.5,-117.5,0,0,
09/21/2026,09:09:34:039,0.000000,0.000000,3,-112.49,-112.49,0,0,
09/21/2026,09:09:34:087,0.000000,0.000000,4,-95.66,-95.66,0,0,
09/21/2026,09:09:34:123,0.000000,0.000000,2,-123.31,-123.31,0,0,
09/21/2026,09:09:34:229,0.000000,0.000000,1,-114.09,-114.09,0,0,
09/21/2026,09:09:34:275,0.000000,0.000000,3,-111.87,-111.87,0,0,
09/21/2026,09:09:34:334,0.000000,0.000000,4,-98.13,-98.13,0,0,
09/21/2026,09:09:34:378,0.000000,0.000000,2,-109.99,-109.99,0,0,
09/21/2026,09:09:34:473,0.000000,0.000000,1,-114.35,-114.35,0,0,
09/21/2026,09:09:34:515,0.000000,0.000000,3,-123.19,-123.19,0,0,
09/21/2026,09:09:34:585,0.000000,0.000000,4,-98.54,-98.54,0,0,
09/21/2026,09:09:34:617,0.000000,0.000000,2,-122.4,-122.4,0,0,
09/21/2026,09:09:34:694,0.000000,0.000000,1,-118.84,-118.84,0,0,
09/21/2026,09:09:34:748,0.000000,0.000000,3,-116.93,-116.93,0,0,
09/21/2026,09:09:34:811,0.000000,0.000000,4,-95.78,-95.78,0,0,
09/21/2026,09:09:34:885,0.000000,0.000000,2,-113.32,-113.32,0,0,
09/21/2026,09:09:34:966,0.000000,0.000000,1,-118.62,-118.62,0,0,
09/21/2026,09:09:35:045,0.000000,0.000000,3,-123.12,-123.12,0,0,
09/21/2026,09:09:35:129,0.000000,0.000000,4,-95.01,-95.01,0,0,
09/21/2026,09:09:35:132,0.000000,0.000000,2,-124.32,-124.32,0,0,
09/21/2026,09:09:35:163,0.000000,0.000000,1,-115.32,-115.32,0,0,
09/21/2026,09:09:35:204,0.000000,0.000000,3,-108.04,-108.04,0,0,
09/21/2026,09:09:35:264,0.000000,0.000000,4,-95.92,-95.92,0,0,
09/21/2026,09:09:35:329,0.000000,0.000000,2,-111.68,-111.68,0,0,
