Date,Time,Latitude,Longitude,Channel,RSSI,Adjusted Value,Antenna Gain,Cable Loss
05/14/2026,10:15:23:027,0.000000,0.000000,1,-117.74,-117.74,0,0,
05/14/2026,10:15:23:046,0.000000,0.000000,1,-119.79,-119.79,0,0,
05/14/2026,10:15:23:061,0.000000,0.000000,1,-115.53,-115.53,0,0,
05/14/2026,10:15:23:083,0.000000,0.000000,1,-114.3,-114.3,0,0,
05/14/2026,10:15:23:099,0.000000,0.000000,1,-121.22,-121.22,0,0,
05/14/2026,10:15:23:115,0.000000,0.000000,2,-119.04,-119.04,0,0,
05/14/2026,10:15:23:130,0.000000,0.000000,1,-120.17,-120.17,0,0,
05/14/2026,10:15:23:148,0.000000,0.000000,2,-120.23,-120.23,0,0,
05/14/2026,10:15:23:167,0.000000,0.000000,3,-89.71,-89.71,0,0,
05/14/2026,10:15:23:184,0.000000,0.000000,1,-114.22,-114.22,0,0,
05/14/2026,10:15:23:220,0.000000,0.000000,2,-120.74,-120.74,0,0,
05/14/2026,10:15:23:223,0.000000,0.000000,4,-113.06,-113.06,0,0,
05/14/2026,10:15:23:238,0.000000,0.000000,3,-82.16,-82.16,0,0,
05/14/2026,10:15:23:274,0.000000,0.000000,1,-115.97,-115.97,0,0,
05/14/2026,10:15:23:333,0.000000,0.000000,2,-115.35,-115.35,0,0,
05/14/2026,10:15:23:336,0.000000,0.000000,4,-120.56,-120.56,0,0,
05/14/2026,10:15:23:341,0.000000,0.000000,3,-80.33,-80.33,0,0,
05/14/2026,10:15:23:404,0.000000,0.000000,1,-121.6,-121.6,0,0,
05/14/2026,10:15:23:415,0.000000,0.000000,2,-122.92,-122.92,0,0,
05/14/2026,10:15:23:475,0.000000,0.000000,4,-122.7,-122.7,0,0,
05/14/2026,10:15:23:544,0.000000,0.000000,3,-94.96,-94.96,0,0,
05/14/2026,10:15:23:559,0.000000,0.000000,1,-122.59,-122.59,0,0,
05/14/2026,10:15:23:595,0.000000,0.000000,2,-120.85,-120.85,0,0,
05/14/2026,10:15:23:659,0.000000,0.000000,4,-120.69,-120.69,0,0,
05/14/2026,10:15:23:675,0.000000,0.000000,3,-92.05,-92.05,0,0,
05/14/2026,10:15:23:746,0.000000,0.000000,1,-116.84,-116.84,0,0,
05/14/2026,10:15:23:763,0.000000,0.000000,2,-121.22,-121.22,0,0,
05/14/2026,10:15:23:883,0.000000,0.000000,4,-122.57,-122.57,0,0,
05/14/2026,10:15:23:903,0.000000,0.000000,3,-87.04,-87.04,0,0,
05/14/2026,10:15:23:971,0.000000,0.000000,1,-116.82,-116.82,0,0,
05/14/2026,10:15:23:987,0.000000,0.000000,2,-118.44,-118.44,0,0,
05/14/2026,10:15:24:108,0.000000,0.000000,4,-120.86,-120.86,0,0,
05/14/2026,10:15:24:130,0.000000,0.000000,3,-91.08,-91.08,0,0,
05/14/2026,10:15:24:196,0.000000,0.000000,1,-117.01,-117.01,0,0,
05/14/2026,10:15:24:213,0.000000,0.000000,2,-117.56,-117.56,0,0,
05/14/2026,10:15:24:333,0.000000,0.000000,4,-120.07,-120.07,0,0,
05/14/2026,10:15:24:352,0.000000,0.000000,3,-85.42,-85.42,0,0,
05/14/2026,10:15:24:427,0.000000,0.000000,1,-117.33,-117.33,0,0,
05/14/2026,10:15:24:439,0.000000,0.000000,2,-118.02,-118.02,0,0,
05/14/2026,10:15:24:559,0.000000,0.000000,4,-122.39,-122.39,0,0,
05/14/2026,10:15:24:579,0.000000,0.000000,3,-92.42,-92.42,0,0,
05/14/2026,10:15:24:646,0.000000,0.000000,1,-122.3,-122.3,0,0,
05/14/2026,10:15:24:664,0.000000,0.000000,2,-118.72,-118.72,0,0,
05/14/2026,10:15:24:784,0.000000,0.000000,4,-118.62,-118.62,0,0,
05/14/2026,10:15:24:801,0.000000,0.000000,3,-90.91,-90.91,0,0,
05/14/2026,10:15:24:875,0.000000,0.000000,1,-121.17,-121.17,0,0,
05/14/2026,10:15:24:892,0.000000,0.000000,2,-122.01,-122.01,0,0,
05/14/2026,10:15:25:046,0.000000,0.000000,4,-120.3,-120.3,0,0,
05/14/2026,10:15:25:050,0.000000,0.000000,3,-96.47,-96.47,0,0,
05/14/2026,10:15:25:127,0.000000,0.000000,1,-118.43,-118.43,0,0,
05/14/2026,10:15:25:128,0.000000,0.000000,2,-122.67,-122.67,0,0,
05/14/2026,10:15:25:267,0.000000,0.000000,4,-122.78,-122.78,0,0,
05/14/2026,10:15:25:268,0.000000,0.000000,3,-96.72,-96.72,0,0,
05/14/2026,10:15:25:324,0.000000,0.000000,1,-120.76,-120.76,0,0,
05/14/2026,10:15:25:341,0.000000,0.000000,2,-121.71,-121.71,0,0,
05/14/2026,10:15:25:464,0.000000,0.000000,4,-122.55,-122.55,0,0,
05/14/2026,10:15:25:477,0.000000,0.000000,3,-97.55,-97.55,0,0,
05/14/2026,10:15:25:548,0.000000,0.000000,1,-116.53,-116.53,0,0,
05/14/2026,10:15:25:567,0.000000,0.000000,2,-121.31,-121.31,0,0,
05/14/2026,10:15:25:687,0.000000,0.000000,4,-121.08,-121.08,0,0,
05/14/2026,10:15:25:703,0.000000,0.000000,3,-88.57,-88.57,0,0,
05/14/2026,10:15:25:782,0.000000,0.000000,1,-122.95,-122.95,0,0,
05/14/2026,10:15:25:792,0.000000,0.000000,2,-122.62,-122.62,0,0,
05/14/2026,10:15:25:913,0.000000,0.000000,4,-122.75,-122.75,0,0,
05/14/2026,10:15:25:930,0.000000,0.000000,3,-90.37,-90.37,0,0,
05/14/2026,10:15:25:998,0.000000,0.000000,1,-119.28,-119.28,0,0,
05/14/2026,10:15:26:022,0.000000,0.000000,2,-119.81,-119.81,0,0,
05/14/2026,10:15:26:139,0.000000,0.000000,4,-122.5,-122.5,0,0,
05/14/2026,10:15:26:155,0.000000,0.000000,3,-98.99,-98.99,0,0,
05/14/2026,10:15:26:225,0.000000,0.000000,1,-119.96,-119.96,0,0,
05/14/2026,10:15:26:243,0.000000,0.000000,2,-124.94,-124.94,0,0,
05/14/2026,10:15:26:363,0.000000,0.000000,4,-122,-122,0,0,
05/14/2026,10:15:26:380,0.000000,0.000000,3,-88.18,-88.18,0,0,
05/14/2026,10:15:26:451,0.000000,0.000000,1,-115.52,-115.52,0,0,
05/14/2026,10:15:26:467,0.000000,0.000000,2,-121.9,-121.9,0,0,
05/14/2026,10:15:26:589,0.000000,0.000000,4,-121.56,-121.56,0,0,
05/14/2026,10:15:26:605,0.000000,0.000000,3,-92.43,-92.43,0,0,
05/14/2026,10:15:26:676,0.000000,0.000000,1,-118.94,-118.94,0,0,
05/14/2026,10:15:26:692,0.000000,0.000000,2,-123.77,-123.77,0,0,
05/14/2026,10:15:26:814,0.000000,0.000000,4,-119.99,-119.99,0,0,
05/14/2026,10:15:26:834,0.000000,0.000000,3,-89.72,-89.72,0,0,
05/14/2026,10:15:26:902,0.000000,0.000000,1,-117.36,-117.36,0,0,
05/14/2026,10:15:26:918,0.000000,0.000000,2,-111.13,-111.13,0,0,
05/14/2026,10:15:27:099,0.000000,0.000000,4,-120.16,-120.16,0,0,
05/14/2026,10:15:27:101,0.000000,0.000000,3,-88.87,-88.87,0,0,
05/14/2026,10:15:27:180,0.000000,0.000000,1,-115.68,-115.68,0,0,
05/14/2026,10:15:27:181,0.000000,0.000000,2,-115.09,-115.09,0,0,
05/14/2026,10:15:27:314,0.000000,0.000000,4,-124.11,-124.11,0,0,
05/14/2026,10:15:27:315,0.000000,0.000000,3,-91.98,-91.98,0,0,
05/14/2026,10:15:27:366,0.000000,0.000000,1,-120.03,-120.03,0,0,
05/14/2026,10:15:27:368,0.000000,0.000000,2,-122.93,-122.93,0,0,
05/14/2026,10:15:27:490,0.000000,0.000000,4,-125.09,-125.09,0,0,
05/14/2026,10:15:27:508,0.000000,0.000000,3,-100.32,-100.32,0,0,
05/14/2026,10:15:27:577,0.000000,0.000000,1,-120.67,-120.67,0,0,
05/14/2026,10:15:27:596,0.000000,0.000000,2,-121.95,-121.95,0,0,
05/14/2026,10:15:27:715,0.000000,0.000000,4,-123.91,-123.91,0,0,
05/14/2026,10:15:27:734,0.000000,0.000000,3,-99.6,-99.6,0,0,
05/14/2026,10:15:27:802,0.000000,0.000000,1,-120.17,-120.17,0,0,
05/14/2026,10:15:27:821,0.000000,0.000000,2,-122.12,-122.12,0,0,
05/14/2026,10:15:27:941,0.000000,0.000000,4,-122.2,-122.2,0,0,
05/14/2026,10:15:27:960,0.000000,0.000000,3,-98.66,-98.66,0,0,
05/14/2026,10:15:28:029,0.000000,0.000000,1,-122.19,-122.19,0,0,
05/14/2026,10:15:28:046,0.000000,0.000000,2,-120.91,-120.91,0,0,
05/14/2026,10:15:28:166,0.000000,0.000000,4,-121.42,-121.42,0,0,
05/14/2026,10:15:28:185,0.000000,0.000000,3,-104.6,-104.6,0,0,
05/14/2026,10:15:28:256,0.000000,0.000000,1,-121.4,-121.4,0,0,
05/14/2026,10:15:28:273,0.000000,0.000000,2,-121.89,-121.89,0,0,
05/14/2026,10:15:28:393,0.000000,0.000000,4,-122.51,-122.51,0,0,
05/14/2026,10:15:28:410,0.000000,0.000000,3,-104.37,-104.37,0,0,
05/14/2026,10:15:28:478,0.000000,0.000000,1,-119.92,-119.92,0,0,
05/14/2026,10:15:28:497,0.000000,0.000000,2,-122.91,-122.91,0,0,
05/14/2026,10:15:28:617,0.000000,0.000000,4,-120.72,-120.72,0,0,
05/14/2026,10:15:28:637,0.000000,0.000000,3,-97.29,-97.29,0,0,
05/14/2026,10:15:29:087,0.000000,0.000000,1,-120.75,-120.75,0,0,
05/14/2026,10:15:29:091,0.000000,0.000000,2,-120.77,-120.77,0,0,
05/14/2026,10:15:29:139,0.000000,0.000000,4,-120.68,-120.68,0,0,
05/14/2026,10:15:29:141,0.000000,0.000000,3,-102.69,-102.69,0,0,
05/14/2026,10:15:29:180,0.000000,0.000000,1,-121.17,-121.17,0,0,
05/14/2026,10:15:29:182,0.000000,0.000000,2,-126.05,-126.05,0,0,
05/14/2026,10:15:29:240,0.000000,0.000000,4,-121.31,-121.31,0,0,
05/14/2026,10:15:29:241,0.000000,0.000000,3,-104.28,-104.28,0,0,
05/14/2026,10:15:29:255,0.000000,0.000000,1,-121.65,-121.65,0,0,
05/14/2026,10:15:29:260,0.000000,0.000000,2,-122.71,-122.71,0,0,
05/14/2026,10:15:29:309,0.000000,0.000000,4,-121.91,-121.91,0,0,
05/14/2026,10:15:29:314,0.000000,0.000000,3,-101.96,-101.96,0,0,
05/14/2026,10:15:29:382,0.000000,0.000000,1,-122.74,-122.74,0,0,
05/14/2026,10:15:29:398,0.000000,0.000000,2,-120.35,-120.35,0,0,
05/14/2026,10:15:29:519,0.000000,0.000000,4,-122.2,-122.2,0,0,
05/14/2026,10:15:29:539,0.000000,0.000000,3,-101.91,-101.91,0,0,
05/14/2026,10:15:29:621,0.000000,0.000000,1,-120.74,-120.74,0,0,
05/14/2026,10:15:29:623,0.000000,0.000000,2,-124.26,-124.26,0,0,
05/14/2026,10:15:29:744,0.000000,0.000000,4,-123.97,-123.97,0,0,
05/14/2026,10:15:29:765,0.000000,0.000000,3,-101.22,-101.22,0,0,
05/14/2026,10:15:29:834,0.000000,0.000000,1,-123.91,-123.91,0,0,
05/14/2026,10:15:29:847,0.000000,0.000000,2,-124.72,-124.72,0,0,
05/14/2026,10:15:29:970,0.000000,0.000000,4,-123.14,-123.14,0,0,
05/14/2026,10:15:29:989,0.000000,0.000000,3,-104.85,-104.85,0,0,
05/14/2026,10:15:30:057,0.000000,0.000000,1,-120.45,-120.45,0,0,
05/14/2026,10:15:30:075,0.000000,0.000000,2,-122.48,-122.48,0,0,
05/14/2026,10:15:30:196,0.000000,0.000000,4,-121.62,-121.62,0,0,
05/14/2026,10:15:30:214,0.000000,0.000000,3,-106.55,-106.55,0,0,
05/14/2026,10:15:30:287,0.000000,0.000000,1,-120.58,-120.58,0,0,
05/14/2026,10:15:30:301,0.000000,0.000000,2,-121.81,-121.81,0,0,
05/14/2026,10:15:30:419,0.000000,0.000000,4,-124.44,-124.44,0,0,
05/14/2026,10:15:30:442,0.000000,0.000000,3,-101.18,-101.18,0,0,
05/14/2026,10:15:30:507,0.000000,0.000000,1,-121.06,-121.06,0,0,
05/14/2026,10:15:30:524,0.000000,0.000000,2,-122.3,-122.3,0,0,
05/14/2026,10:15:30:646,0.000000,0.000000,4,-121.96,-121.96,0,0,
05/14/2026,10:15:30:664,0.000000,0.000000,3,-99.28,-99.28,0,0,
05/14/2026,10:15:30:732,0.000000,0.000000,1,-122.14,-122.14,0,0,
05/14/2026,10:15:30:790,0.000000,0.000000,2,-122.6,-122.6,0,0,
05/14/2026,10:15:30:919,0.000000,0.000000,4,-122.56,-122.56,0,0,
05/14/2026,10:15:30:920,0.000000,0.000000,3,-116.4,-116.4,0,0,
05/14/2026,10:15:30:998,0.000000,0.000000,1,-120.69,-120.69,0,0,
05/14/2026,10:15:31:000,0.000000,0.000000,2,-122.59,-122.59,0,0,
05/14/2026,10:15:31:095,0.000000,0.000000,4,-125.59,-125.59,0,0,
05/14/2026,10:15:31:115,0.000000,0.000000,3,-107.61,-107.61,0,0,
05/14/2026,10:15:31:184,0.000000,0.000000,1,-121.38,-121.38,0,0,
05/14/2026,10:15:31:203,0.000000,0.000000,2,-121.52,-121.52,0,0,
05/14/2026,10:15:31:323,0.000000,0.000000,4,-121.91,-121.91,0,0,
05/14/2026,10:15:31:339,0.000000,0.000000,3,-101.43,-101.43,0,0,
05/14/2026,10:15:31:409,0.000000,0.000000,1,-123.28,-123.28,0,0,
05/14/2026,10:15:31:427,0.000000,0.000000,2,-122.25,-122.25,0,0,
05/14/2026,10:15:31:547,0.000000,0.000000,4,-121.13,-121.13,0,0,
05/14/2026,10:15:31:566,0.000000,0.000000,3,-107.48,-107.48,0,0,
05/14/2026,10:15:31:633,0.000000,0.000000,1,-119.39,-119.39,0,0,
05/14/2026,10:15:31:650,0.000000,0.000000,2,-121.31,-121.31,0,0,
05/14/2026,10:15:31:773,0.000000,0.000000,4,-122.07,-122.07,0,0,
05/14/2026,10:15:31:791,0.000000,0.000000,3,-99.59,-99.59,0,0,
05/14/2026,10:15:31:858,0.000000,0.000000,1,-123.71,-123.71,0,0,
05/14/2026,10:15:31:879,0.000000,0.000000,2,-122.01,-122.01,0,0,
05/14/2026,10:15:31:998,0.000000,0.000000,4,-123.38,-123.38,0,0,
05/14/2026,10:15:32:017,0.000000,0.000000,3,-104.08,-104.08,0,0,
05/14/2026,10:15:32:089,0.000000,0.000000,1,-124.66,-124.66,0,0,
05/14/2026,10:15:32:104,0.000000,0.000000,2,-120.69,-120.69,0,0,
05/14/2026,10:15:32:221,0.000000,0.000000,4,-122.54,-122.54,0,0,
05/14/2026,10:15:32:242,0.000000,0.000000,3,-103.93,-103.93,0,0,
05/14/2026,10:15:32:310,0.000000,0.000000,1,-121.35,-121.35,0,0,
05/14/2026,10:15:32:329,0.000000,0.000000,2,-124.05,-124.05,0,0,
05/14/2026,10:15:32:450,0.000000,0.000000,4,-124.58,-124.58,0,0,
05/14/2026,10:15:32:472,0.000000,0.000000,3,-103.22,-103.22,0,0,
05/14/2026,10:15:32:536,0.000000,0.000000,1,-120.28,-120.28,0,0,
05/14/2026,10:15:32:555,0.000000,0.000000,2,-122.68,-122.68,0,0,
05/14/2026,10:15:32:674,0.000000,0.000000,4,-119.52,-119.52,0,0,
05/14/2026,10:15:32:736,0.000000,0.000000,3,-96.81,-96.81,0,0,
05/14/2026,10:15:32:804,0.000000,0.000000,1,-123.28,-123.28,0,0,
05/14/2026,10:15:32:806,0.000000,0.000000,2,-124.35,-124.35,0,0,
05/14/2026,10:15:32:907,0.000000,0.000000,4,-123.08,-123.08,0,0,
05/14/2026,10:15:32:918,0.000000,0.000000,3,-102.3,-102.3,0,0,
05/14/2026,10:15:32:988,0.000000,0.000000,1,-122.68,-122.68,0,0,
05/14/2026,10:15:33:006,0.000000,0.000000,2,-122.05,-122.05,0,0,
05/14/2026,10:15:33:126,0.000000,0.000000,4,-122.53,-122.53,0,0,
05/14/2026,10:15:33:143,0.000000,0.000000,3,-109.5,-109.5,0,0,
05/14/2026,10:15:33:212,0.000000,0.000000,1,-120.53,-120.53,0,0,
05/14/2026,10:15:33:232,0.000000,0.000000,2,-122.31,-122.31,0,0,
05/14/2026,10:15:33:351,0.000000,0.000000,4,-119.21,-119.21,0,0,
05/14/2026,10:15:33:367,0.000000,0.000000,3,-106.74,-106.74,0,0,
05/14/2026,10:15:33:466,0.000000,0.000000,1,-122.66,-122.66,0,0,
05/14/2026,10:15:33:467,0.000000,0.000000,2,-123.59,-123.59,0,0,
05/14/2026,10:15:33:578,0.000000,0.000000,4,-120.5,-120.5,0,0,
05/14/2026,10:15:33:595,0.000000,0.000000,3,-103.02,-103.02,0,0,
05/14/2026,10:15:33:662,0.000000,0.000000,1,-122.41,-122.41,0,0,
05/14/2026,10:15:33:682,0.000000,0.000000,2,-124.19,-124.19,0,0,
05/14/2026,10:15:33:800,0.000000,0.000000,4,-120.86,-120.86,0,0,
05/14/2026,10:15:33:818,0.000000,0.000000,3,-105.73,-105.73,0,0,
05/14/2026,10:15:33:893,0.000000,0.000000,1,-121.89,-121.89,0,0,
05/14/2026,10:15:33:907,0.000000,0.000000,2,-123.47,-123.47,0,0,
05/14/2026,10:15:34:028,0.000000,0.000000,4,-122.47,-122.47,0,0,
05/14/2026,10:15:34:044,0.000000,0.000000,3,-112.11,-112.11,0,0,
05/14/2026,10:15:34:340,0.000000,0.000000,1,-121.81,-121.81,0,0,
05/14/2026,10:15:34:341,0.000000,0.000000,2,-123.73,-123.73,0,0,
05/14/2026,10:15:34:361,0.000000,0.000000,4,-123.64,-123.64,0,0,
05/14/2026,10:15:34:365,0.000000,0.000000,3,-108.03,-108.03,0,0,
05/14/2026,10:15:34:377,0.000000,0.000000,1,-121.12,-121.12,0,0,
05/14/2026,10:15:34:380,0.000000,0.000000,2,-122.12,-122.12,0,0,
05/14/2026,10:15:34:487,0.000000,0.000000,4,-121.38,-121.38,0,0,
05/14/2026,10:15:34:529,0.000000,0.000000,3,-102.91,-102.91,0,0,
05/14/2026,10:15:34:599,0.000000,0.000000,1,-123.76,-123.76,0,0,
05/14/2026,10:15:34:600,0.000000,0.000000,2,-122.92,-122.92,0,0,
05/14/2026,10:15:34:715,0.000000,0.000000,4,-126.29,-126.29,0,0,
05/14/2026,10:15:34:720,0.000000,0.000000,3,-100.51,-100.51,0,0,
05/14/2026,10:15:34:791,0.000000,0.000000,1,-123.84,-123.84,0,0,
05/14/2026,10:15:34:814,0.000000,0.000000,2,-123.55,-123.55,0,0,
05/14/2026,10:15:34:931,0.000000,0.000000,4,-122.77,-122.77,0,0,
05/14/2026,10:15:34:946,0.000000,0.000000,3,-112.44,-112.44,0,0,
05/14/2026,10:15:35:017,0.000000,0.000000,1,-120.75,-120.75,0,0,
05/14/2026,10:15:35:034,0.000000,0.000000,2,-123.91,-123.91,0,0,
05/14/2026,10:15:35:154,0.000000,0.000000,4,-123.14,-123.14,0,0,
05/14/2026,10:15:35:173,0.000000,0.000000,3,-101.77,-101.77,0,0,
05/14/2026,10:15:35:241,0.000000,0.000000,1,-120.94,-120.94,0,0,
05/14/2026,10:15:35:262,0.000000,0.000000,2,-125.14,-125.14,0,0,
05/14/2026,10:15:35:379,0.000000,0.000000,4,-121.23,-121.23,0,0,
05/14/2026,10:15:35:397,0.000000,0.000000,3,-113.33,-113.33,0,0,
05/14/2026,10:15:35:466,0.000000,0.000000,1,-125.22,-125.22,0,0,
05/14/2026,10:15:35:486,0.000000,0.000000,2,-122.78,-122.78,0,0,
05/14/2026,10:15:35:605,0.000000,0.000000,4,-120.91,-120.91,0,0,
05/14/2026,10:15:35:627,0.000000,0.000000,3,-108.22,-108.22,0,0,
05/14/2026,10:15:35:692,0.000000,0.000000,1,-119.15,-119.15,0,0,
05/14/2026,10:15:35:710,0.000000,0.000000,2,-121.22,-121.22,0,0,
05/14/2026,10:15:35:830,0.000000,0.000000,4,-124.43,-124.43,0,0,
05/14/2026,10:15:35:847,0.000000,0.000000,3,-105.88,-105.88,0,0,
05/14/2026,10:15:35:918,0.000000,0.000000,1,-121.5,-121.5,0,0,
05/14/2026,10:15:35:936,0.000000,0.000000,2,-125.57,-125.57,0,0,
05/14/2026,10:15:36:056,0.000000,0.000000,4,-122.97,-122.97,0,0,
05/14/2026,10:15:36:074,0.000000,0.000000,3,-105.81,-105.81,0,0,
05/14/2026,10:15:36:141,0.000000,0.000000,1,-120.21,-120.21,0,0,
05/14/2026,10:15:36:161,0.000000,0.000000,2,-121.86,-121.86,0,0,
05/14/2026,10:15:36:282,0.000000,0.000000,4,-121.88,-121.88,0,0,
05/14/2026,10:15:36:301,0.000000,0.000000,3,-113.06,-113.06,0,0,
05/14/2026,10:15:36:370,0.000000,0.000000,1,-122.07,-122.07,0,0,
05/14/2026,10:15:36:439,0.000000,0.000000,2,-121.8,-121.8,0,0,
05/14/2026,10:15:36:513,0.000000,0.000000,4,-123.78,-123.78,0,0,
05/14/2026,10:15:36:587,0.000000,0.000000,3,-109.15,-109.15,0,0,
05/14/2026,10:15:36:594,0.000000,0.000000,1,-120.64,-120.64,0,0,
05/14/2026,10:15:36:629,0.000000,0.000000,2,-123.44,-123.44,0,0,
05/14/2026,10:15:36:733,0.000000,0.000000,4,-120.62,-120.62,0,0,
05/14/2026,10:15:36:749,0.000000,0.000000,3,-104.52,-104.52,0,0,
05/14/2026,10:15:36:819,0.000000,0.000000,1,-120.5,-120.5,0,0,
05/14/2026,10:15:36:836,0.000000,0.000000,2,-122.9,-122.9,0,0,
05/14/2026,10:15:36:958,0.000000,0.000000,4,-120.99,-120.99,0,0,
05/14/2026,10:15:36:974,0.000000,0.000000,3,-118.28,-118.28,0,0,
05/14/2026,10:15:37:045,0.000000,0.000000,1,-122.11,-122.11,0,0,
05/14/2026,10:15:37:063,0.000000,0.000000,2,-123.89,-123.89,0,0,
05/14/2026,10:15:37:182,0.000000,0.000000,4,-120.81,-120.81,0,0,
05/14/2026,10:15:37:202,0.000000,0.000000,3,-107.01,-107.01,0,0,
05/14/2026,10:15:37:269,0.000000,0.000000,1,-121.37,-121.37,0,0,
05/14/2026,10:15:37:305,0.000000,0.000000,2,-123.67,-123.67,0,0,
05/14/2026,10:15:37:411,0.000000,0.000000,4,-123.84,-123.84,0,0,
05/14/2026,10:15:37:426,0.000000,0.000000,3,-104.74,-104.74,0,0,
05/14/2026,10:15:37:496,0.000000,0.000000,1,-120.62,-120.62,0,0,
05/14/2026,10:15:37:512,0.000000,0.000000,2,-124.48,-124.48,0,0,
05/14/2026,10:15:37:633,0.000000,0.000000,4,-121.75,-121.75,0,0,
05/14/2026,10:15:37:649,0.000000,0.000000,3,-104.13,-104.13,0,0,
05/14/2026,10:15:37:723,0.000000,0.000000,1,-121.23,-121.23,0,0,
05/14/2026,10:15:37:739,0.000000,0.000000,2,-123.33,-123.33,0,0,
05/14/2026,10:15:37:859,0.000000,0.000000,4,-123.21,-123.21,0,0,
05/14/2026,10:15:37:877,0.000000,0.000000,3,-110.06,-110.06,0,0,
05/14/2026,10:15:37:946,0.000000,0.000000,1,-124.27,-124.27,0,0,
05/14/2026,10:15:37:964,0.000000,0.000000,2,-120.87,-120.87,0,0,
05/14/2026,10:15:38:085,0.000000,0.000000,4,-122.42,-122.42,0,0,
05/14/2026,10:15:38:102,0.000000,0.000000,3,-117.86,-117.86,0,0,
05/14/2026,10:15:38:171,0.000000,0.000000,1,-120.7,-120.7,0,0,
05/14/2026,10:15:38:190,0.000000,0.000000,2,-121.74,-121.74,0,0,
05/14/2026,10:15:38:331,0.000000,0.000000,4,-123.94,-123.94,0,0,
05/14/2026,10:15:38:335,0.000000,0.000000,3,-101.45,-101.45,0,0,
05/14/2026,10:15:38:404,0.000000,0.000000,1,-120.68,-120.68,0,0,
05/14/2026,10:15:38:415,0.000000,0.000000,2,-120.13,-120.13,0,0,
05/14/2026,10:15:38:561,0.000000,0.000000,4,-122.92,-122.92,0,0,
05/14/2026,10:15:38:561,0.000000,0.000000,3,-121.9,-121.9,0,0,
05/14/2026,10:15:38:622,0.000000,0.000000,1,-122.07,-122.07,0,0,
05/14/2026,10:15:38:642,0.000000,0.000000,2,-122.94,-122.94,0,0,
05/14/2026,10:15:38:761,0.000000,0.000000,4,-120.44,-120.44,0,0,
05/14/2026,10:15:38:780,0.000000,0.000000,3,-108.5,-108.5,0,0,
05/14/2026,10:15:38:848,0.000000,0.000000,1,-121.87,-121.87,0,0,
05/14/2026,10:15:38:866,0.000000,0.000000,2,-123.36,-123.36,0,0,
05/14/2026,10:15:38:989,0.000000,0.000000,4,-123.48,-123.48,0,0,
05/14/2026,10:15:39:005,0.000000,0.000000,3,-116.79,-116.79,0,0,
05/14/2026,10:15:39:073,0.000000,0.000000,1,-120.18,-120.18,0,0,
05/14/2026,10:15:39:092,0.000000,0.000000,2,-121.03,-121.03,0,0,
05/14/2026,10:15:39:212,0.000000,0.000000,4,-121.61,-121.61,0,0,
05/14/2026,10:15:39:230,0.000000,0.000000,3,-114.24,-114.24,0,0,
05/14/2026,10:15:39:298,0.000000,0.000000,1,-121.86,-121.86,0,0,
05/14/2026,10:15:39:317,0.000000,0.000000,2,-122.08,-122.08,0,0,
05/14/2026,10:15:39:636,0.000000,0.000000,4,-122.43,-122.43,0,0,
05/14/2026,10:15:39:638,0.000000,0.000000,3,-104.51,-104.51,0,0,
05/14/2026,10:15:39:650,0.000000,0.000000,1,-123.47,-123.47,0,0,
05/14/2026,10:15:39:652,0.000000,0.000000,2,-122.44,-122.44,0,0,
05/14/2026,10:15:39:671,0.000000,0.000000,4,-123.09,-123.09,0,0,
05/14/2026,10:15:39:679,0.000000,0.000000,3,-111.66,-111.66,0,0,
05/14/2026,10:15:39:748,0.000000,0.000000,1,-122,-122,0,0,
05/14/2026,10:15:39:768,0.000000,0.000000,2,-122.02,-122.02,0,0,
05/14/2026,10:15:39:887,0.000000,0.000000,4,-121.2,-121.2,0,0,
05/14/2026,10:15:39:906,0.000000,0.000000,3,-113.32,-113.32,0,0,
05/14/2026,10:15:39:976,0.000000,0.000000,1,-121.64,-121.64,0,0,
05/14/2026,10:15:39:994,0.000000,0.000000,2,-121.97,-121.97,0,0,
05/14/2026,10:15:40:129,0.000000,0.000000,4,-121.01,-121.01,0,0,
05/14/2026,10:15:40:132,0.000000,0.000000,3,-120.96,-120.96,0,0,
05/14/2026,10:15:40:205,0.000000,0.000000,1,-118.65,-118.65,0,0,
05/14/2026,10:15:40:219,0.000000,0.000000,2,-123.08,-123.08,0,0,
05/14/2026,10:15:40:389,0.000000,0.000000,4,-122.35,-122.35,0,0,
05/14/2026,10:15:40:390,0.000000,0.000000,3,-106.58,-106.58,0,0,
05/14/2026,10:15:40:426,0.000000,0.000000,1,-120.97,-120.97,0,0,
05/14/2026,10:15:40:444,0.000000,0.000000,2,-123.97,-123.97,0,0,
05/14/2026,10:15:40:565,0.000000,0.000000,4,-121.65,-121.65,0,0,
05/14/2026,10:15:40:581,0.000000,0.000000,3,-102.36,-102.36,0,0,
05/14/2026,10:15:40:652,0.000000,0.000000,1,-118.66,-118.66,0,0,
05/14/2026,10:15:40:669,0.000000,0.000000,2,-121.94,-121.94,0,0,
05/14/2026,10:15:40:790,0.000000,0.000000,4,-122.1,-122.1,0,0,
05/14/2026,10:15:40:806,0.000000,0.000000,3,-104.72,-104.72,0,0,
05/14/2026,10:15:40:877,0.000000,0.000000,1,-119.41,-119.41,0,0,
05/14/2026,10:15:40:893,0.000000,0.000000,2,-121.61,-121.61,0,0,
05/14/2026,10:15:41:017,0.000000,0.000000,4,-123.85,-123.85,0,0,
05/14/2026,10:15:41:032,0.000000,0.000000,3,-109.42,-109.42,0,0,
05/14/2026,10:15:41:104,0.000000,0.000000,1,-119.31,-119.31,0,0,
05/14/2026,10:15:41:143,0.000000,0.000000,2,-121.83,-121.83,0,0,
05/14/2026,10:15:41:241,0.000000,0.000000,4,-126.24,-126.24,0,0,
05/14/2026,10:15:41:257,0.000000,0.000000,3,-104.21,-104.21,0,0,
05/14/2026,10:15:41:327,0.000000,0.000000,1,-121.36,-121.36,0,0,
05/14/2026,10:15:41:346,0.000000,0.000000,2,-123.86,-123.86,0,0,
05/14/2026,10:15:41:466,0.000000,0.000000,4,-123.18,-123.18,0,0,
05/14/2026,10:15:41:482,0.000000,0.000000,3,-108.13,-108.13,0,0,
05/14/2026,10:15:41:553,0.000000,0.000000,1,-120.06,-120.06,0,0,
05/14/2026,10:15:41:569,0.000000,0.000000,2,-123.49,-123.49,0,0,
05/14/2026,10:15:41:691,0.000000,0.000000,4,-121.28,-121.28,0,0,
05/14/2026,10:15:41:708,0.000000,0.000000,3,-107.77,-107.77,0,0,
05/14/2026,10:15:41:809,0.000000,0.000000,1,-121.48,-121.48,0,0,
05/14/2026,10:15:41:816,0.000000,0.000000,2,-120.54,-120.54,0,0,
05/14/2026,10:15:41:971,0.000000,0.000000,4,-122.85,-122.85,0,0,
05/14/2026,10:15:41:972,0.000000,0.000000,3,-119.55,-119.55,0,0,
05/14/2026,10:15:42:024,0.000000,0.000000,1,-120.96,-120.96,0,0,
05/14/2026,10:15:42:025,0.000000,0.000000,2,-122.38,-122.38,0,0,
05/14/2026,10:15:42:143,0.000000,0.000000,4,-120.98,-120.98,0,0,
05/14/2026,10:15:42:157,0.000000,0.000000,3,-108.5,-108.5,0,0,
05/14/2026,10:15:42:228,0.000000,0.000000,1,-121.25,-121.25,0,0,
05/14/2026,10:15:42:250,0.000000,0.000000,2,-121.98,-121.98,0,0,
05/14/2026,10:15:42:368,0.000000,0.000000,4,-123.33,-123.33,0,0,
05/14/2026,10:15:42:384,0.000000,0.000000,3,-117.23,-117.23,0,0,
05/14/2026,10:15:42:455,0.000000,0.000000,1,-121.53,-121.53,0,0,
05/14/2026,10:15:42:474,0.000000,0.000000,2,-123.07,-123.07,0,0,
05/14/2026,10:15:42:600,0.000000,0.000000,4,-121.68,-121.68,0,0,
05/14/2026,10:15:42:609,0.000000,0.000000,3,-120.87,-120.87,0,0,
05/14/2026,10:15:42:680,0.000000,0.000000,1,-123.53,-123.53,0,0,
05/14/2026,10:15:42:701,0.000000,0.000000,2,-121.11,-121.11,0,0,
05/14/2026,10:15:42:818,0.000000,0.000000,4,-124.62,-124.62,0,0,
05/14/2026,10:15:42:839,0.000000,0.000000,3,-111.3,-111.3,0,0,
05/14/2026,10:15:42:907,0.000000,0.000000,1,-120.26,-120.26,0,0,
05/14/2026,10:15:42:923,0.000000,0.000000,2,-123.43,-123.43,0,0,
05/14/2026,10:15:43:046,0.000000,0.000000,4,-122.62,-122.62,0,0,
05/14/2026,10:15:43:063,0.000000,0.000000,3,-106.27,-106.27,0,0,
05/14/2026,10:15:43:132,0.000000,0.000000,1,-118.76,-118.76,0,0,
05/14/2026,10:15:43:149,0.000000,0.000000,2,-120.51,-120.51,0,0,
05/14/2026,10:15:43:270,0.000000,0.000000,4,-123.22,-123.22,0,0,
05/14/2026,10:15:43:286,0.000000,0.000000,3,-110.44,-110.44,0,0,
05/14/2026,10:15:43:357,0.000000,0.000000,1,-120.39,-120.39,0,0,
05/14/2026,10:15:43:374,0.000000,0.000000,2,-122.34,-122.34,0,0,
05/14/2026,10:15:43:495,0.000000,0.000000,4,-123.59,-123.59,0,0,
05/14/2026,10:15:43:511,0.000000,0.000000,3,-111.42,-111.42,0,0,
05/14/2026,10:15:43:583,0.000000,0.000000,1,-122.06,-122.06,0,0,
05/14/2026,10:15:43:598,0.000000,0.000000,2,-121.87,-121.87,0,0,
05/14/2026,10:15:43:721,0.000000,0.000000,4,-121.46,-121.46,0,0,
05/14/2026,10:15:43:736,0.000000,0.000000,3,-104.79,-104.79,0,0,
05/14/2026,10:15:43:805,0.000000,0.000000,1,-119.32,-119.32,0,0,
05/14/2026,10:15:43:851,0.000000,0.000000,2,-123,-123,0,0,
05/14/2026,10:15:43:979,0.000000,0.000000,4,-123.09,-123.09,0,0,
05/14/2026,10:15:43:980,0.000000,0.000000,3,-107.64,-107.64,0,0,
05/14/2026,10:15:44:036,0.000000,0.000000,1,-119.75,-119.75,0,0,
05/14/2026,10:15:44:095,0.000000,0.000000,2,-123.91,-123.91,0,0,
05/14/2026,10:15:44:171,0.000000,0.000000,4,-124.34,-124.34,0,0,
05/14/2026,10:15:44:188,0.000000,0.000000,3,-107.07,-107.07,0,0,
05/14/2026,10:15:44:261,0.000000,0.000000,1,-119.82,-119.82,0,0,
05/14/2026,10:15:44:275,0.000000,0.000000,2,-121.98,-121.98,0,0,
05/14/2026,10:15:44:398,0.000000,0.000000,4,-122.21,-122.21,0,0,
05/14/2026,10:15:44:413,0.000000,0.000000,3,-111.31,-111.31,0,0,
05/14/2026,10:15:44:483,0.000000,0.000000,1,-121.06,-121.06,0,0,
05/14/2026,10:15:44:499,0.000000,0.000000,2,-124.06,-124.06,0,0,
05/14/2026,10:15:44:621,0.000000,0.000000,4,-124.21,-124.21,0,0,
05/14/2026,10:15:44:893,0.000000,0.000000,3,-107.81,-107.81,0,0,
05/14/2026,10:15:44:903,0.000000,0.000000,1,-121.21,-121.21,0,0,
05/14/2026,10:15:44:906,0.000000,0.000000,2,-123.82,-123.82,0,0,
05/14/2026,10:15:44:924,0.000000,0.000000,4,-125.55,-125.55,0,0,
05/14/2026,10:15:44:927,0.000000,0.000000,3,-117.02,-117.02,0,0,
05/14/2026,10:15:44:939,0.000000,0.000000,1,-121.51,-121.51,0,0,
05/14/2026,10:15:44:951,0.000000,0.000000,2,-121.66,-121.66,0,0,
05/14/2026,10:15:45:074,0.000000,0.000000,4,-123.02,-123.02,0,0,
05/14/2026,10:15:45:092,0.000000,0.000000,3,-109.48,-109.48,0,0,
05/14/2026,10:15:45:160,0.000000,0.000000,1,-120.88,-120.88,0,0,
05/14/2026,10:15:45:175,0.000000,0.000000,2,-121.83,-121.83,0,0,
05/14/2026,10:15:45:297,0.000000,0.000000,4,-122.95,-122.95,0,0,
05/14/2026,10:15:45:317,0.000000,0.000000,3,-105.92,-105.92,0,0,
05/14/2026,10:15:45:384,0.000000,0.000000,1,-120.74,-120.74,0,0,
05/14/2026,10:15:45:402,0.000000,0.000000,2,-125.47,-125.47,0,0,
05/14/2026,10:15:45:523,0.000000,0.000000,4,-124.35,-124.35,0,0,
05/14/2026,10:15:45:541,0.000000,0.000000,3,-100.26,-100.26,0,0,
05/14/2026,10:15:45:668,0.000000,0.000000,1,-120.26,-120.26,0,0,
05/14/2026,10:15:45:669,0.000000,0.000000,2,-120.44,-120.44,0,0,
05/14/2026,10:15:45:749,0.000000,0.000000,4,-123.34,-123.34,0,0,
05/14/2026,10:15:45:807,0.000000,0.000000,3,-95.65,-95.65,0,0,
05/14/2026,10:15:45:881,0.000000,0.000000,1,-116.3,-116.3,0,0,
05/14/2026,10:15:45:882,0.000000,0.000000,2,-117.77,-117.77,0,0,
05/14/2026,10:15:45:975,0.000000,0.000000,4,-120.85,-120.85,0,0,
05/14/2026,10:15:45:992,0.000000,0.000000,3,-83.94,-83.94,0,0,
05/14/2026,10:15:46:061,0.000000,0.000000,1,-116.06,-116.06,0,0,
05/14/2026,10:15:46:079,0.000000,0.000000,2,-117.61,-117.61,0,0,
05/14/2026,10:15:46:199,0.000000,0.000000,4,-122.01,-122.01,0,0,
05/14/2026,10:15:46:215,0.000000,0.000000,3,-88.07,-88.07,0,0,
05/14/2026,10:15:46:291,0.000000,0.000000,1,-114.66,-114.66,0,0,
05/14/2026,10:15:46:305,0.000000,0.000000,2,-120.32,-120.32,0,0,
05/14/2026,10:15:46:423,0.000000,0.000000,4,-116.85,-116.85,0,0,
05/14/2026,10:15:46:444,0.000000,0.000000,3,-93.09,-93.09,0,0,
05/14/2026,10:15:46:512,0.000000,0.000000,1,-115.69,-115.69,0,0,
05/14/2026,10:15:46:530,0.000000,0.000000,2,-117.55,-117.55,0,0,
05/14/2026,10:15:46:651,0.000000,0.000000,4,-118.88,-118.88,0,0,
05/14/2026,10:15:46:669,0.000000,0.000000,3,-80.92,-80.92,0,0,
05/14/2026,10:15:46:736,0.000000,0.000000,1,-114.8,-114.8,0,0,
05/14/2026,10:15:46:757,0.000000,0.000000,2,-115.24,-115.24,0,0,
05/14/2026,10:15:46:879,0.000000,0.000000,4,-120.46,-120.46,0,0,
05/14/2026,10:15:46:892,0.000000,0.000000,3,-84.27,-84.27,0,0,
05/14/2026,10:15:46:965,0.000000,0.000000,1,-108.64,-108.64,0,0,
05/14/2026,10:15:46:980,0.000000,0.000000,2,-110.75,-110.75,0,0,
05/14/2026,10:15:47:102,0.000000,0.000000,4,-122.14,-122.14,0,0,
05/14/2026,10:15:47:117,0.000000,0.000000,3,-85.85,-85.85,0,0,
05/14/2026,10:15:47:189,0.000000,0.000000,1,-111.4,-111.4,0,0,
05/14/2026,10:15:47:204,0.000000,0.000000,2,-116.94,-116.94,0,0,
05/14/2026,10:15:47:327,0.000000,0.000000,4,-120.42,-120.42,0,0,
05/14/2026,10:15:47:342,0.000000,0.000000,3,-96.36,-96.36,0,0,
05/14/2026,10:15:47:429,0.000000,0.000000,1,-109.35,-109.35,0,0,
05/14/2026,10:15:47:432,0.000000,0.000000,2,-112.58,-112.58,0,0,
05/14/2026,10:15:47:555,0.000000,0.000000,4,-122.9,-122.9,0,0,
05/14/2026,10:15:47:621,0.000000,0.000000,3,-82.24,-82.24,0,0,
05/14/2026,10:15:47:691,0.000000,0.000000,1,-112.91,-112.91,0,0,
05/14/2026,10:15:47:697,0.000000,0.000000,2,-113.89,-113.89,0,0,
05/14/2026,10:15:47:780,0.000000,0.000000,4,-121.9,-121.9,0,0,
05/14/2026,10:15:47:794,0.000000,0.000000,3,-90.13,-90.13,0,0,
05/14/2026,10:15:47:865,0.000000,0.000000,1,-121.58,-121.58,0,0,
05/14/2026,10:15:47:883,0.000000,0.000000,2,-110.89,-110.89,0,0,
05/14/2026,10:15:48:002,0.000000,0.000000,4,-122.52,-122.52,0,0,
05/14/2026,10:15:48:023,0.000000,0.000000,3,-84.34,-84.34,0,0,
05/14/2026,10:15:48:090,0.000000,0.000000,1,-108.47,-108.47,0,0,
05/14/2026,10:15:48:108,0.000000,0.000000,2,-115.54,-115.54,0,0,
05/14/2026,10:15:48:227,0.000000,0.000000,4,-123.78,-123.78,0,0,
05/14/2026,10:15:48:248,0.000000,0.000000,3,-87.07,-87.07,0,0,
05/14/2026,10:15:48:314,0.000000,0.000000,1,-118.21,-118.21,0,0,
05/14/2026,10:15:48:331,0.000000,0.000000,2,-109.84,-109.84,0,0,
05/14/2026,10:15:48:453,0.000000,0.000000,4,-119.69,-119.69,0,0,
05/14/2026,10:15:48:473,0.000000,0.000000,3,-83.65,-83.65,0,0,
05/14/2026,10:15:48:540,0.000000,0.000000,1,-117.57,-117.57,0,0,
05/14/2026,10:15:48:560,0.000000,0.000000,2,-112.41,-112.41,0,0,
05/14/2026,10:15:48:679,0.000000,0.000000,4,-120.16,-120.16,0,0,
05/14/2026,10:15:48:698,0.000000,0.000000,3,-82.54,-82.54,0,0,
05/14/2026,10:15:48:765,0.000000,0.000000,1,-110.75,-110.75,0,0,
05/14/2026,10:15:48:784,0.000000,0.000000,2,-113.78,-113.78,0,0,
05/14/2026,10:15:48:903,0.000000,0.000000,4,-120.95,-120.95,0,0,
05/14/2026,10:15:48:922,0.000000,0.000000,3,-90.53,-90.53,0,0,
05/14/2026,10:15:49:000,0.000000,0.000000,1,-113.96,-113.96,0,0,
05/14/2026,10:15:49:010,0.000000,0.000000,2,-116.09,-116.09,0,0,
05/14/2026,10:15:49:131,0.000000,0.000000,4,-120.84,-120.84,0,0,
05/14/2026,10:15:49:149,0.000000,0.000000,3,-88.74,-88.74,0,0,
05/14/2026,10:15:49:215,0.000000,0.000000,1,-112.28,-112.28,0,0,
05/14/2026,10:15:49:234,0.000000,0.000000,2,-118.34,-118.34,0,0,
05/14/2026,10:15:49:376,0.000000,0.000000,4,-120.57,-120.57,0,0,
05/14/2026,10:15:49:379,0.000000,0.000000,3,-88.61,-88.61,0,0,
05/14/2026,10:15:49:452,0.000000,0.000000,1,-115.68,-115.68,0,0,
05/14/2026,10:15:49:510,0.000000,0.000000,2,-115.79,-115.79,0,0,
05/14/2026,10:15:49:583,0.000000,0.000000,4,-123.01,-123.01,0,0,
05/14/2026,10:15:49:599,0.000000,0.000000,3,-86.67,-86.67,0,0,
05/14/2026,10:15:49:668,0.000000,0.000000,1,-117.36,-117.36,0,0,
05/14/2026,10:15:49:686,0.000000,0.000000,2,-116.59,-116.59,0,0,
05/14/2026,10:15:49:805,0.000000,0.000000,4,-119.26,-119.26,0,0,
05/14/2026,10:15:49:824,0.000000,0.000000,3,-87.05,-87.05,0,0,
05/14/2026,10:15:49:892,0.000000,0.000000,1,-114.73,-114.73,0,0,
05/14/2026,10:15:50:178,0.000000,0.000000,2,-115.12,-115.12,0,0,
05/14/2026,10:15:50:192,0.000000,0.000000,4,-119.46,-119.46,0,0,
05/14/2026,10:15:50:194,0.000000,0.000000,3,-87.97,-87.97,0,0,
05/14/2026,10:15:50:212,0.000000,0.000000,1,-119.51,-119.51,0,0,
05/14/2026,10:15:50:213,0.000000,0.000000,2,-120.89,-120.89,0,0,
05/14/2026,10:15:50:258,0.000000,0.000000,4,-123.14,-123.14,0,0,
05/14/2026,10:15:50:279,0.000000,0.000000,3,-86.83,-86.83,0,0,
05/14/2026,10:15:50:342,0.000000,0.000000,1,-114.91,-114.91,0,0,
05/14/2026,10:15:50:362,0.000000,0.000000,2,-117.64,-117.64,0,0,
05/14/2026,10:15:50:482,0.000000,0.000000,4,-125.46,-125.46,0,0,
05/14/2026,10:15:50:498,0.000000,0.000000,3,-89.31,-89.31,0,0,
05/14/2026,10:15:50:569,0.000000,0.000000,1,-118.39,-118.39,0,0,
05/14/2026,10:15:50:587,0.000000,0.000000,2,-120.94,-120.94,0,0,
05/14/2026,10:15:50:708,0.000000,0.000000,4,-121.4,-121.4,0,0,
05/14/2026,10:15:50:724,0.000000,0.000000,3,-96,-96,0,0,
05/14/2026,10:15:50:793,0.000000,0.000000,1,-114.27,-114.27,0,0,
05/14/2026,10:15:50:810,0.000000,0.000000,2,-116.35,-116.35,0,0,
05/14/2026,10:15:50:933,0.000000,0.000000,4,-121.94,-121.94,0,0,
05/14/2026,10:15:50:950,0.000000,0.000000,3,-91.81,-91.81,0,0,
05/14/2026,10:15:51:023,0.000000,0.000000,1,-120.83,-120.83,0,0,
05/14/2026,10:15:51:038,0.000000,0.000000,2,-116.47,-116.47,0,0,
05/14/2026,10:15:51:158,0.000000,0.000000,4,-121.91,-121.91,0,0,
05/14/2026,10:15:51:175,0.000000,0.000000,3,-89.32,-89.32,0,0,
05/14/2026,10:15:51:247,0.000000,0.000000,1,-118.17,-118.17,0,0,
05/14/2026,10:15:51:263,0.000000,0.000000,2,-117.8,-117.8,0,0,
05/14/2026,10:15:51:420,0.000000,0.000000,4,-126.24,-126.24,0,0,
05/14/2026,10:15:51:422,0.000000,0.000000,3,-91.09,-91.09,0,0,
05/14/2026,10:15:51:471,0.000000,0.000000,1,-120.18,-120.18,0,0,
05/14/2026,10:15:51:530,0.000000,0.000000,2,-112.39,-112.39,0,0,
05/14/2026,10:15:51:609,0.000000,0.000000,4,-121.95,-121.95,0,0,
05/14/2026,10:15:51:654,0.000000,0.000000,3,-88.07,-88.07,0,0,
05/14/2026,10:15:51:696,0.000000,0.000000,1,-116.03,-116.03,0,0,
05/14/2026,10:15:51:713,0.000000,0.000000,2,-121.2,-121.2,0,0,
05/14/2026,10:15:51:835,0.000000,0.000000,4,-124.42,-124.42,0,0,
05/14/2026,10:15:51:853,0.000000,0.000000,3,-85.59,-85.59,0,0,
05/14/2026,10:15:51:921,0.000000,0.000000,1,-118.26,-118.26,0,0,
05/14/2026,10:15:51:940,0.000000,0.000000,2,-116.27,-116.27,0,0,
05/14/2026,10:15:52:059,0.000000,0.000000,4,-121.31,-121.31,0,0,
05/14/2026,10:15:52:078,0.000000,0.000000,3,-89.22,-89.22,0,0,
05/14/2026,10:15:52:146,0.000000,0.000000,1,-115.44,-115.44,0,0,
05/14/2026,10:15:52:166,0.000000,0.000000,2,-113.83,-113.83,0,0,
05/14/2026,10:15:52:284,0.000000,0.000000,4,-122.19,-122.19,0,0,
05/14/2026,10:15:52:303,0.000000,0.000000,3,-83.72,-83.72,0,0,
05/14/2026,10:15:52:374,0.000000,0.000000,1,-118.9,-118.9,0,0,
05/14/2026,10:15:52:389,0.000000,0.000000,2,-116,-116,0,0,
05/14/2026,10:15:52:511,0.000000,0.000000,4,-123.41,-123.41,0,0,
05/14/2026,10:15:52:526,0.000000,0.000000,3,-86.26,-86.26,0,0,
05/14/2026,10:15:52:599,0.000000,0.000000,1,-114.95,-114.95,0,0,
05/14/2026,10:15:52:615,0.000000,0.000000,2,-121.43,-121.43,0,0,
05/14/2026,10:15:52:735,0.000000,0.000000,4,-122.56,-122.56,0,0,
05/14/2026,10:15:52:761,0.000000,0.000000,3,-84.45,-84.45,0,0,
05/14/2026,10:15:52:823,0.000000,0.000000,1,-113.89,-113.89,0,0,
05/14/2026,10:15:52:841,0.000000,0.000000,2,-121.93,-121.93,0,0,
05/14/2026,10:15:52:962,0.000000,0.000000,4,-122.87,-122.87,0,0,
05/14/2026,10:15:52:979,0.000000,0.000000,3,-87.31,-87.31,0,0,
05/14/2026,10:15:53:047,0.000000,0.000000,1,-117.67,-117.67,0,0,
05/14/2026,10:15:53:068,0.000000,0.000000,2,-118.87,-118.87,0,0,
05/14/2026,10:15:53:220,0.000000,0.000000,4,-121.06,-121.06,0,0,
05/14/2026,10:15:53:224,0.000000,0.000000,3,-81.75,-81.75,0,0,
05/14/2026,10:15:53:290,0.000000,0.000000,1,-118.93,-118.93,0,0,
05/14/2026,10:15:53:292,0.000000,0.000000,2,-116.37,-116.37,0,0,
05/14/2026,10:15:53:411,0.000000,0.000000,4,-123.72,-123.72,0,0,
05/14/2026,10:15:53:429,0.000000,0.000000,3,-81.2,-81.2,0,0,
05/14/2026,10:15:53:498,0.000000,0.000000,1,-116.68,-116.68,0,0,
05/14/2026,10:15:53:519,0.000000,0.000000,2,-114.65,-114.65,0,0,
05/14/2026,10:15:53:636,0.000000,0.000000,4,-122.57,-122.57,0,0,
05/14/2026,10:15:53:662,0.000000,0.000000,3,-87.77,-87.77,0,0,
05/14/2026,10:15:53:725,0.000000,0.000000,1,-120.48,-120.48,0,0,
05/14/2026,10:15:53:742,0.000000,0.000000,2,-118.39,-118.39,0,0,
05/14/2026,10:15:53:863,0.000000,0.000000,4,-123.14,-123.14,0,0,
05/14/2026,10:15:53:881,0.000000,0.000000,3,-84.63,-84.63,0,0,
05/14/2026,10:15:53:949,0.000000,0.000000,1,-118.58,-118.58,0,0,
05/14/2026,10:15:53:968,0.000000,0.000000,2,-116.77,-116.77,0,0,
05/14/2026,10:15:54:089,0.000000,0.000000,4,-124.23,-124.23,0,0,
05/14/2026,10:15:54:106,0.000000,0.000000,3,-87.65,-87.65,0,0,
05/14/2026,10:15:54:175,0.000000,0.000000,1,-119.95,-119.95,0,0,
05/14/2026,10:15:54:194,0.000000,0.000000,2,-118.02,-118.02,0,0,
05/14/2026,10:15:54:312,0.000000,0.000000,4,-123.72,-123.72,0,0,
05/14/2026,10:15:54:332,0.000000,0.000000,3,-83.19,-83.19,0,0,
05/14/2026,10:15:54:402,0.000000,0.000000,1,-115.75,-115.75,0,0,
05/14/2026,10:15:54:417,0.000000,0.000000,2,-116.81,-116.81,0,0,
05/14/2026,10:15:54:541,0.000000,0.000000,4,-121.38,-121.38,0,0,
05/14/2026,10:15:54:559,0.000000,0.000000,3,-86.65,-86.65,0,0,
05/14/2026,10:15:54:627,0.000000,0.000000,1,-118.76,-118.76,0,0,
05/14/2026,10:15:54:645,0.000000,0.000000,2,-117.44,-117.44,0,0,
05/14/2026,10:15:54:764,0.000000,0.000000,4,-122.78,-122.78,0,0,
05/14/2026,10:15:54:782,0.000000,0.000000,3,-89.31,-89.31,0,0,
05/14/2026,10:15:54:853,0.000000,0.000000,1,-119.05,-119.05,0,0,
05/14/2026,10:15:54:869,0.000000,0.000000,2,-120.8,-120.8,0,0,
05/14/2026,10:15:55:045,0.000000,0.000000,4,-121.74,-121.74,0,0,
05/14/2026,10:15:55:046,0.000000,0.000000,3,-99.27,-99.27,0,0,
05/14/2026,10:15:55:091,0.000000,0.000000,1,-118.35,-118.35,0,0,
05/14/2026,10:15:55:095,0.000000,0.000000,2,-120.49,-120.49,0,0,
05/14/2026,10:15:55:222,0.000000,0.000000,4,-121.23,-121.23,0,0,
05/14/2026,10:15:55:457,0.000000,0.000000,3,-94.92,-94.92,0,0,
05/14/2026,10:15:55:463,0.000000,0.000000,1,-120.27,-120.27,0,0,
05/14/2026,10:15:55:469,0.000000,0.000000,2,-119.55,-119.55,0,0,
05/14/2026,10:15:55:495,0.000000,0.000000,4,-123.57,-123.57,0,0,
05/14/2026,10:15:55:503,0.000000,0.000000,3,-84.34,-84.34,0,0,
05/14/2026,10:15:55:527,0.000000,0.000000,1,-115.94,-115.94,0,0,
05/14/2026,10:15:55:547,0.000000,0.000000,2,-119.59,-119.59,0,0,
05/14/2026,10:15:55:667,0.000000,0.000000,4,-120.73,-120.73,0,0,
05/14/2026,10:15:55:682,0.000000,0.000000,3,-97.12,-97.12,0,0,
05/14/2026,10:15:55:752,0.000000,0.000000,1,-119.93,-119.93,0,0,
05/14/2026,10:15:55:771,0.000000,0.000000,2,-117.95,-117.95,0,0,
05/14/2026,10:15:55:892,0.000000,0.000000,4,-122.39,-122.39,0,0,
05/14/2026,10:15:55:907,0.000000,0.000000,3,-87.59,-87.59,0,0,
05/14/2026,10:15:55:979,0.000000,0.000000,1,-116.17,-116.17,0,0,
05/14/2026,10:15:55:995,0.000000,0.000000,2,-123,-123,0,0,
05/14/2026,10:15:56:118,0.000000,0.000000,4,-122.63,-122.63,0,0,
05/14/2026,10:15:56:133,0.000000,0.000000,3,-87.91,-87.91,0,0,
05/14/2026,10:15:56:207,0.000000,0.000000,1,-120.24,-120.24,0,0,
05/14/2026,10:15:56:221,0.000000,0.000000,2,-121.2,-121.2,0,0,
05/14/2026,10:15:56:340,0.000000,0.000000,4,-122.41,-122.41,0,0,
05/14/2026,10:15:56:359,0.000000,0.000000,3,-92.6,-92.6,0,0,
05/14/2026,10:15:56:432,0.000000,0.000000,1,-118.31,-118.31,0,0,
05/14/2026,10:15:56:446,0.000000,0.000000,2,-123.54,-123.54,0,0,
05/14/2026,10:15:56:567,0.000000,0.000000,4,-121.86,-121.86,0,0,
05/14/2026,10:15:56:584,0.000000,0.000000,3,-92.49,-92.49,0,0,
05/14/2026,10:15:56:655,0.000000,0.000000,1,-119.36,-119.36,0,0,
05/14/2026,10:15:56:679,0.000000,0.000000,2,-113.8,-113.8,0,0,
05/14/2026,10:15:56:834,0.000000,0.000000,4,-121.86,-121.86,0,0,
05/14/2026,10:15:56:835,0.000000,0.000000,3,-93.62,-93.62,0,0,
05/14/2026,10:15:56:905,0.000000,0.000000,1,-116.22,-116.22,0,0,
05/14/2026,10:15:56:908,0.000000,0.000000,2,-121.97,-121.97,0,0,
05/14/2026,10:15:57:058,0.000000,0.000000,4,-121.51,-121.51,0,0,
05/14/2026,10:15:57:059,0.000000,0.000000,3,-87.79,-87.79,0,0,
05/14/2026,10:15:57:104,0.000000,0.000000,1,-113.98,-113.98,0,0,
05/14/2026,10:15:57:124,0.000000,0.000000,2,-118.79,-118.79,0,0,
05/14/2026,10:15:57:245,0.000000,0.000000,4,-123.13,-123.13,0,0,
05/14/2026,10:15:57:262,0.000000,0.000000,3,-90.43,-90.43,0,0,
05/14/2026,10:15:57:330,0.000000,0.000000,1,-119.05,-119.05,0,0,
05/14/2026,10:15:57:349,0.000000,0.000000,2,-117.79,-117.79,0,0,
05/14/2026,10:15:57:471,0.000000,0.000000,4,-123.09,-123.09,0,0,
05/14/2026,10:15:57:487,0.000000,0.000000,3,-98.23,-98.23,0,0,
05/14/2026,10:15:57:555,0.000000,0.000000,1,-120.2,-120.2,0,0,
05/14/2026,10:15:57:575,0.000000,0.000000,2,-121.63,-121.63,0,0,
05/14/2026,10:15:57:694,0.000000,0.000000,4,-122.04,-122.04,0,0,
05/14/2026,10:15:57:712,0.000000,0.000000,3,-78,-78,0,0,
05/14/2026,10:15:57:792,0.000000,0.000000,1,-119,-119,0,0,
05/14/2026,10:15:57:798,0.000000,0.000000,2,-119.17,-119.17,0,0,
05/14/2026,10:15:57:920,0.000000,0.000000,4,-122.03,-122.03,0,0,
05/14/2026,10:15:57:939,0.000000,0.000000,3,-90.05,-90.05,0,0,
05/14/2026,10:15:58:006,0.000000,0.000000,1,-118.54,-118.54,0,0,
05/14/2026,10:15:58:026,0.000000,0.000000,2,-123.7,-123.7,0,0,
05/14/2026,10:15:58:146,0.000000,0.000000,4,-119.99,-119.99,0,0,
05/14/2026,10:15:58:164,0.000000,0.000000,3,-85.14,-85.14,0,0,
05/14/2026,10:15:58:232,0.000000,0.000000,1,-116.27,-116.27,0,0,
05/14/2026,10:15:58:250,0.000000,0.000000,2,-123.3,-123.3,0,0,
05/14/2026,10:15:58:369,0.000000,0.000000,4,-122.26,-122.26,0,0,
05/14/2026,10:15:58:388,0.000000,0.000000,3,-100.92,-100.92,0,0,
05/14/2026,10:15:58:458,0.000000,0.000000,1,-120.85,-120.85,0,0,
05/14/2026,10:15:58:476,0.000000,0.000000,2,-118.94,-118.94,0,0,
05/14/2026,10:15:58:638,0.000000,0.000000,4,-122.95,-122.95,0,0,
05/14/2026,10:15:58:639,0.000000,0.000000,3,-91.81,-91.81,0,0,
05/14/2026,10:15:58:713,0.000000,0.000000,1,-116.65,-116.65,0,0,
05/14/2026,10:15:58:718,0.000000,0.000000,2,-120.83,-120.83,0,0,
05/14/2026,10:15:58:835,0.000000,0.000000,4,-120.61,-120.61,0,0,
05/14/2026,10:15:58:840,0.000000,0.000000,3,-108.85,-108.85,0,0,
05/14/2026,10:15:58:913,0.000000,0.000000,1,-119.31,-119.31,0,0,
05/14/2026,10:15:58:929,0.000000,0.000000,2,-119.87,-119.87,0,0,
05/14/2026,10:15:59:063,0.000000,0.000000,4,-121.3,-121.3,0,0,
05/14/2026,10:15:59:074,0.000000,0.000000,3,-91.04,-91.04,0,0,
05/14/2026,10:15:59:141,0.000000,0.000000,1,-122.03,-122.03,0,0,
05/14/2026,10:15:59:156,0.000000,0.000000,2,-120.53,-120.53,0,0,
05/14/2026,10:15:59:278,0.000000,0.000000,4,-125.66,-125.66,0,0,
05/14/2026,10:15:59:290,0.000000,0.000000,3,-105.03,-105.03,0,0,
05/14/2026,10:15:59:377,0.000000,0.000000,1,-119.42,-119.42,0,0,
05/14/2026,10:15:59:378,0.000000,0.000000,2,-121.21,-121.21,0,0,
05/14/2026,10:15:59:508,0.000000,0.000000,4,-121.79,-121.79,0,0,
05/14/2026,10:15:59:536,0.000000,0.000000,3,-91.03,-91.03,0,0,
05/14/2026,10:15:59:586,0.000000,0.000000,1,-121.6,-121.6,0,0,
05/14/2026,10:15:59:606,0.000000,0.000000,2,-124.4,-124.4,0,0,
05/14/2026,10:15:59:723,0.000000,0.000000,4,-122.31,-122.31,0,0,
05/14/2026,10:15:59:745,0.000000,0.000000,3,-109.32,-109.32,0,0,
05/14/2026,10:15:59:811,0.000000,0.000000,1,-118.84,-118.84,0,0,
05/14/2026,10:15:59:827,0.000000,0.000000,2,-120.66,-120.66,0,0,
05/14/2026,10:15:59:947,0.000000,0.000000,4,-122.58,-122.58,0,0,
05/14/2026,10:15:59:967,0.000000,0.000000,3,-106.17,-106.17,0,0,
05/14/2026,10:16:00:034,0.000000,0.000000,1,-120.86,-120.86,0,0,
05/14/2026,10:16:00:052,0.000000,0.000000,2,-119.7,-119.7,0,0,
05/14/2026,10:16:00:171,0.000000,0.000000,4,-121.44,-121.44,0,0,
05/14/2026,10:16:00:191,0.000000,0.000000,3,-77.68,-77.68,0,0,
05/14/2026,10:16:00:260,0.000000,0.000000,1,-117.84,-117.84,0,0,
05/14/2026,10:16:00:278,0.000000,0.000000,2,-116.27,-116.27,0,0,
05/14/2026,10:16:00:399,0.000000,0.000000,4,-117.31,-117.31,0,0,
05/14/2026,10:16:00:465,0.000000,0.000000,3,-75.96,-75.96,0,0,
05/14/2026,10:16:00:740,0.000000,0.000000,1,-111.87,-111.87,0,0,
05/14/2026,10:16:00:742,0.000000,0.000000,2,-116.24,-116.24,0,0,
05/14/2026,10:16:00:756,0.000000,0.000000,4,-121.04,-121.04,0,0,
05/14/2026,10:16:00:759,0.000000,0.000000,3,-81.3,-81.3,0,0,
05/14/2026,10:16:00:772,0.000000,0.000000,1,-111.7,-111.7,0,0,
05/14/2026,10:16:00:775,0.000000,0.000000,2,-117.72,-117.72,0,0,
05/14/2026,10:16:00:850,0.000000,0.000000,4,-118.5,-118.5,0,0,
05/14/2026,10:16:00:866,0.000000,0.000000,3,-69.1,-69.1,0,0,
05/14/2026,10:16:00:937,0.000000,0.000000,1,-117.04,-117.04,0,0,
05/14/2026,10:16:00:953,0.000000,0.000000,2,-111.16,-111.16,0,0,
05/14/2026,10:16:01:076,0.000000,0.000000,4,-120.56,-120.56,0,0,
05/14/2026,10:16:01:092,0.000000,0.000000,3,-77.88,-77.88,0,0,
05/14/2026,10:16:01:163,0.000000,0.000000,1,-119.04,-119.04,0,0,
05/14/2026,10:16:01:178,0.000000,0.000000,2,-114.22,-114.22,0,0,
05/14/2026,10:16:01:300,0.000000,0.000000,4,-118,-118,0,0,
05/14/2026,10:16:01:319,0.000000,0.000000,3,-84.03,-84.03,0,0,
05/14/2026,10:16:01:389,0.000000,0.000000,1,-121.07,-121.07,0,0,
05/14/2026,10:16:01:405,0.000000,0.000000,2,-110.21,-110.21,0,0,
05/14/2026,10:16:01:524,0.000000,0.000000,4,-120.97,-120.97,0,0,
05/14/2026,10:16:01:542,0.000000,0.000000,3,-80.76,-80.76,0,0,
05/14/2026,10:16:01:623,0.000000,0.000000,1,-117.63,-117.63,0,0,
05/14/2026,10:16:01:630,0.000000,0.000000,2,-113.21,-113.21,0,0,
05/14/2026,10:16:01:752,0.000000,0.000000,4,-121.16,-121.16,0,0,
05/14/2026,10:16:01:769,0.000000,0.000000,3,-96.85,-96.85,0,0,
05/14/2026,10:16:01:838,0.000000,0.000000,1,-119.33,-119.33,0,0,
05/14/2026,10:16:01:856,0.000000,0.000000,2,-114.88,-114.88,0,0,
05/14/2026,10:16:01:978,0.000000,0.000000,4,-118.95,-118.95,0,0,
05/14/2026,10:16:01:992,0.000000,0.000000,3,-89.14,-89.14,0,0,
05/14/2026,10:16:02:065,0.000000,0.000000,1,-115.01,-115.01,0,0,
05/14/2026,10:16:02:082,0.000000,0.000000,2,-115.02,-115.02,0,0,
05/14/2026,10:16:02:200,0.000000,0.000000,4,-123.07,-123.07,0,0,
05/14/2026,10:16:02:220,0.000000,0.000000,3,-82.42,-82.42,0,0,
05/14/2026,10:16:02:291,0.000000,0.000000,1,-116.27,-116.27,0,0,
05/14/2026,10:16:02:307,0.000000,0.000000,2,-115.49,-115.49,0,0,
05/14/2026,10:16:02:427,0.000000,0.000000,4,-119.97,-119.97,0,0,
05/14/2026,10:16:02:495,0.000000,0.000000,3,-86.36,-86.36,0,0,
05/14/2026,10:16:02:542,0.000000,0.000000,1,-116.77,-116.77,0,0,
05/14/2026,10:16:02:544,0.000000,0.000000,2,-117.05,-117.05,0,0,
05/14/2026,10:16:02:653,0.000000,0.000000,4,-121.05,-121.05,0,0,
05/14/2026,10:16:02:669,0.000000,0.000000,3,-85.36,-85.36,0,0,
05/14/2026,10:16:02:741,0.000000,0.000000,1,-115.65,-115.65,0,0,
05/14/2026,10:16:02:756,0.000000,0.000000,2,-112.86,-112.86,0,0,
05/14/2026,10:16:02:901,0.000000,0.000000,4,-123.27,-123.27,0,0,
05/14/2026,10:16:02:903,0.000000,0.000000,3,-79.48,-79.48,0,0,
05/14/2026,10:16:02:966,0.000000,0.000000,1,-115.1,-115.1,0,0,
05/14/2026,10:16:02:983,0.000000,0.000000,2,-113.01,-113.01,0,0,
05/14/2026,10:16:03:103,0.000000,0.000000,4,-122.26,-122.26,0,0,
05/14/2026,10:16:03:122,0.000000,0.000000,3,-88.43,-88.43,0,0,
05/14/2026,10:16:03:192,0.000000,0.000000,1,-113.77,-113.77,0,0,
05/14/2026,10:16:03:208,0.000000,0.000000,2,-114.17,-114.17,0,0,
05/14/2026,10:16:03:329,0.000000,0.000000,4,-121.12,-121.12,0,0,
05/14/2026,10:16:03:347,0.000000,0.000000,3,-83.84,-83.84,0,0,
05/14/2026,10:16:03:415,0.000000,0.000000,1,-115.36,-115.36,0,0,
05/14/2026,10:16:03:436,0.000000,0.000000,2,-114.32,-114.32,0,0,
05/14/2026,10:16:03:555,0.000000,0.000000,4,-122.93,-122.93,0,0,
05/14/2026,10:16:03:574,0.000000,0.000000,3,-87.04,-87.04,0,0,
05/14/2026,10:16:03:642,0.000000,0.000000,1,-113.63,-113.63,0,0,
05/14/2026,10:16:03:660,0.000000,0.000000,2,-114.47,-114.47,0,0,
05/14/2026,10:16:03:781,0.000000,0.000000,4,-120.65,-120.65,0,0,
05/14/2026,10:16:03:799,0.000000,0.000000,3,-83.26,-83.26,0,0,
05/14/2026,10:16:03:867,0.000000,0.000000,1,-117.91,-117.91,0,0,
05/14/2026,10:16:03:886,0.000000,0.000000,2,-115.23,-115.23,0,0,
05/14/2026,10:16:04:007,0.000000,0.000000,4,-123.57,-123.57,0,0,
05/14/2026,10:16:04:025,0.000000,0.000000,3,-79.68,-79.68,0,0,
05/14/2026,10:16:04:094,0.000000,0.000000,1,-117.3,-117.3,0,0,
05/14/2026,10:16:04:113,0.000000,0.000000,2,-112.01,-112.01,0,0,
05/14/2026,10:16:04:231,0.000000,0.000000,4,-118.44,-118.44,0,0,
05/14/2026,10:16:04:251,0.000000,0.000000,3,-84.65,-84.65,0,0,
05/14/2026,10:16:04:319,0.000000,0.000000,1,-117.71,-117.71,0,0,
05/14/2026,10:16:04:388,0.000000,0.000000,2,-117.43,-117.43,0,0,
05/14/2026,10:16:04:458,0.000000,0.000000,4,-118.99,-118.99,0,0,
05/14/2026,10:16:04:504,0.000000,0.000000,3,-73.11,-73.11,0,0,
05/14/2026,10:16:04:580,0.000000,0.000000,1,-118.03,-118.03,0,0,
05/14/2026,10:16:04:582,0.000000,0.000000,2,-109.38,-109.38,0,0,
05/14/2026,10:16:04:682,0.000000,0.000000,4,-115.95,-115.95,0,0,
05/14/2026,10:16:04:700,0.000000,0.000000,3,-74.24,-74.24,0,0,
05/14/2026,10:16:04:769,0.000000,0.000000,1,-112.9,-112.9,0,0,
05/14/2026,10:16:04:788,0.000000,0.000000,2,-112.53,-112.53,0,0,
05/14/2026,10:16:04:908,0.000000,0.000000,4,-121.89,-121.89,0,0,
05/14/2026,10:16:04:927,0.000000,0.000000,3,-97.03,-97.03,0,0,
05/14/2026,10:16:04:994,0.000000,0.000000,1,-115.94,-115.94,0,0,
05/14/2026,10:16:05:014,0.000000,0.000000,2,-116.59,-116.59,0,0,
05/14/2026,10:16:05:135,0.000000,0.000000,4,-122.93,-122.93,0,0,
05/14/2026,10:16:05:153,0.000000,0.000000,3,-80.06,-80.06,0,0,
05/14/2026,10:16:05:223,0.000000,0.000000,1,-117.56,-117.56,0,0,
05/14/2026,10:16:05:240,0.000000,0.000000,2,-115.58,-115.58,0,0,
05/14/2026,10:16:05:360,0.000000,0.000000,4,-121.37,-121.37,0,0,
05/14/2026,10:16:05:376,0.000000,0.000000,3,-90.02,-90.02,0,0,
05/14/2026,10:16:05:465,0.000000,0.000000,1,-118.83,-118.83,0,0,
05/14/2026,10:16:05:466,0.000000,0.000000,2,-121.03,-121.03,0,0,
05/14/2026,10:16:05:586,0.000000,0.000000,4,-120.19,-120.19,0,0,
05/14/2026,10:16:05:602,0.000000,0.000000,3,-89.3,-89.3,0,0,
05/14/2026,10:16:05:671,0.000000,0.000000,1,-121.17,-121.17,0,0,
05/14/2026,10:16:05:689,0.000000,0.000000,2,-115.19,-115.19,0,0,
05/14/2026,10:16:06:030,0.000000,0.000000,4,-120.53,-120.53,0,0,
05/14/2026,10:16:06:033,0.000000,0.000000,3,-80.6,-80.6,0,0,
05/14/2026,10:16:06:044,0.000000,0.000000,1,-123.63,-123.63,0,0,
05/14/2026,10:16:06:046,0.000000,0.000000,2,-118.82,-118.82,0,0,
05/14/2026,10:16:06:066,0.000000,0.000000,4,-119.48,-119.48,0,0,
05/14/2026,10:16:06:068,0.000000,0.000000,3,-83.5,-83.5,0,0,
05/14/2026,10:16:06:151,0.000000,0.000000,1,-118.38,-118.38,0,0,
05/14/2026,10:16:06:155,0.000000,0.000000,2,-120.49,-120.49,0,0,
05/14/2026,10:16:06:308,0.000000,0.000000,4,-123.98,-123.98,0,0,
05/14/2026,10:16:06:309,0.000000,0.000000,3,-86.91,-86.91,0,0,
05/14/2026,10:16:06:367,0.000000,0.000000,1,-118.51,-118.51,0,0,
05/14/2026,10:16:06:370,0.000000,0.000000,2,-117.76,-117.76,0,0,
05/14/2026,10:16:06:487,0.000000,0.000000,4,-120.03,-120.03,0,0,
05/14/2026,10:16:06:505,0.000000,0.000000,3,-84.61,-84.61,0,0,
05/14/2026,10:16:06:574,0.000000,0.000000,1,-118.73,-118.73,0,0,
05/14/2026,10:16:06:591,0.000000,0.000000,2,-121.19,-121.19,0,0,
05/14/2026,10:16:06:710,0.000000,0.000000,4,-124.23,-124.23,0,0,
05/14/2026,10:16:06:744,0.000000,0.000000,3,-83.25,-83.25,0,0,
05/14/2026,10:16:06:800,0.000000,0.000000,1,-115.37,-115.37,0,0,
05/14/2026,10:16:06:815,0.000000,0.000000,2,-120.13,-120.13,0,0,
05/14/2026,10:16:06:938,0.000000,0.000000,4,-122.14,-122.14,0,0,
05/14/2026,10:16:06:957,0.000000,0.000000,3,-90.26,-90.26,0,0,
05/14/2026,10:16:07:025,0.000000,0.000000,1,-117.98,-117.98,0,0,
05/14/2026,10:16:07:042,0.000000,0.000000,2,-121.91,-121.91,0,0,
05/14/2026,10:16:07:162,0.000000,0.000000,4,-120.17,-120.17,0,0,
05/14/2026,10:16:07:182,0.000000,0.000000,3,-86.42,-86.42,0,0,
05/14/2026,10:16:07:251,0.000000,0.000000,1,-117.11,-117.11,0,0,
05/14/2026,10:16:07:268,0.000000,0.000000,2,-122.19,-122.19,0,0,
05/14/2026,10:16:07:389,0.000000,0.000000,4,-124.47,-124.47,0,0,
05/14/2026,10:16:07:405,0.000000,0.000000,3,-85.06,-85.06,0,0,
05/14/2026,10:16:07:474,0.000000,0.000000,1,-118.15,-118.15,0,0,
05/14/2026,10:16:07:494,0.000000,0.000000,2,-120.74,-120.74,0,0,
05/14/2026,10:16:07:615,0.000000,0.000000,4,-121.75,-121.75,0,0,
05/14/2026,10:16:07:632,0.000000,0.000000,3,-83.73,-83.73,0,0,
05/14/2026,10:16:07:702,0.000000,0.000000,1,-115.42,-115.42,0,0,
05/14/2026,10:16:07:719,0.000000,0.000000,2,-125.33,-125.33,0,0,
05/14/2026,10:16:07:840,0.000000,0.000000,4,-120.87,-120.87,0,0,
05/14/2026,10:16:07:856,0.000000,0.000000,3,-83.74,-83.74,0,0,
05/14/2026,10:16:07:934,0.000000,0.000000,1,-119.82,-119.82,0,0,
05/14/2026,10:16:07:943,0.000000,0.000000,2,-113.91,-113.91,0,0,
05/14/2026,10:16:08:102,0.000000,0.000000,4,-120.96,-120.96,0,0,
05/14/2026,10:16:08:104,0.000000,0.000000,3,-89.62,-89.62,0,0,
05/14/2026,10:16:08:179,0.000000,0.000000,1,-116.91,-116.91,0,0,
05/14/2026,10:16:08:181,0.000000,0.000000,2,-116.73,-116.73,0,0,
05/14/2026,10:16:08:306,0.000000,0.000000,4,-120.58,-120.58,0,0,
05/14/2026,10:16:08:307,0.000000,0.000000,3,-82.86,-82.86,0,0,
05/14/2026,10:16:08:395,0.000000,0.000000,1,-118.19,-118.19,0,0,
05/14/2026,10:16:08:396,0.000000,0.000000,2,-120.23,-120.23,0,0,
05/14/2026,10:16:08:514,0.000000,0.000000,4,-120.49,-120.49,0,0,
05/14/2026,10:16:08:534,0.000000,0.000000,3,-82.46,-82.46,0,0,
05/14/2026,10:16:08:602,0.000000,0.000000,1,-116.68,-116.68,0,0,
05/14/2026,10:16:08:619,0.000000,0.000000,2,-117.34,-117.34,0,0,
05/14/2026,10:16:08:742,0.000000,0.000000,4,-115.21,-115.21,0,0,
05/14/2026,10:16:08:759,0.000000,0.000000,3,-87.43,-87.43,0,0,
05/14/2026,10:16:08:832,0.000000,0.000000,1,-119.81,-119.81,0,0,
05/14/2026,10:16:08:846,0.000000,0.000000,2,-120.25,-120.25,0,0,
05/14/2026,10:16:08:964,0.000000,0.000000,4,-120.19,-120.19,0,0,
05/14/2026,10:16:08:983,0.000000,0.000000,3,-75.87,-75.87,0,0,
05/14/2026,10:16:09:054,0.000000,0.000000,1,-122.4,-122.4,0,0,
05/14/2026,10:16:09:071,0.000000,0.000000,2,-121.71,-121.71,0,0,
05/14/2026,10:16:09:191,0.000000,0.000000,4,-121.89,-121.89,0,0,
05/14/2026,10:16:09:208,0.000000,0.000000,3,-80.55,-80.55,0,0,
05/14/2026,10:16:09:305,0.000000,0.000000,1,-119.65,-119.65,0,0,
05/14/2026,10:16:09:306,0.000000,0.000000,2,-120.03,-120.03,0,0,
05/14/2026,10:16:09:417,0.000000,0.000000,4,-124.33,-124.33,0,0,
05/14/2026,10:16:09:435,0.000000,0.000000,3,-82.57,-82.57,0,0,
05/14/2026,10:16:09:504,0.000000,0.000000,1,-120.29,-120.29,0,0,
05/14/2026,10:16:09:523,0.000000,0.000000,2,-123.28,-123.28,0,0,
05/14/2026,10:16:09:641,0.000000,0.000000,4,-121.36,-121.36,0,0,
05/14/2026,10:16:09:658,0.000000,0.000000,3,-88.01,-88.01,0,0,
05/14/2026,10:16:09:740,0.000000,0.000000,1,-117.66,-117.66,0,0,
05/14/2026,10:16:09:745,0.000000,0.000000,2,-124.06,-124.06,0,0,
05/14/2026,10:16:09:887,0.000000,0.000000,4,-122.12,-122.12,0,0,
05/14/2026,10:16:09:891,0.000000,0.000000,3,-97.97,-97.97,0,0,
05/14/2026,10:16:09:963,0.000000,0.000000,1,-120,-120,0,0,
05/14/2026,10:16:09:971,0.000000,0.000000,2,-124.21,-124.21,0,0,
05/14/2026,10:16:10:094,0.000000,0.000000,4,-123.07,-123.07,0,0,
05/14/2026,10:16:10:110,0.000000,0.000000,3,-97.02,-97.02,0,0,
05/14/2026,10:16:10:181,0.000000,0.000000,1,-119.31,-119.31,0,0,
05/14/2026,10:16:10:198,0.000000,0.000000,2,-125.16,-125.16,0,0,
05/14/2026,10:16:10:319,0.000000,0.000000,4,-120.9,-120.9,0,0,
05/14/2026,10:16:10:335,0.000000,0.000000,3,-88.7,-88.7,0,0,
05/14/2026,10:16:10:407,0.000000,0.000000,1,-121.07,-121.07,0,0,
05/14/2026,10:16:10:422,0.000000,0.000000,2,-121.69,-121.69,0,0,
05/14/2026,10:16:10:542,0.000000,0.000000,4,-122.08,-122.08,0,0,
05/14/2026,10:16:10:581,0.000000,0.000000,3,-83.13,-83.13,0,0,
05/14/2026,10:16:10:630,0.000000,0.000000,1,-120.57,-120.57,0,0,
05/14/2026,10:16:10:647,0.000000,0.000000,2,-122.53,-122.53,0,0,
05/14/2026,10:16:10:768,0.000000,0.000000,4,-122.95,-122.95,0,0,
05/14/2026,10:16:10:786,0.000000,0.000000,3,-94.9,-94.9,0,0,
05/14/2026,10:16:10:858,0.000000,0.000000,1,-119.87,-119.87,0,0,
05/14/2026,10:16:10:876,0.000000,0.000000,2,-121.91,-121.91,0,0,
05/14/2026,10:16:10:995,0.000000,0.000000,4,-123.3,-123.3,0,0,
05/14/2026,10:16:11:018,0.000000,0.000000,3,-104.2,-104.2,0,0,
05/14/2026,10:16:11:300,0.000000,0.000000,1,-119.24,-119.24,0,0,
05/14/2026,10:16:11:307,0.000000,0.000000,2,-122.75,-122.75,0,0,
05/14/2026,10:16:11:332,0.000000,0.000000,4,-122.27,-122.27,0,0,
05/14/2026,10:16:11:332,0.000000,0.000000,3,-100.07,-100.07,0,0,
05/14/2026,10:16:11:340,0.000000,0.000000,1,-120.07,-120.07,0,0,
05/14/2026,10:16:11:343,0.000000,0.000000,2,-121.4,-121.4,0,0,
05/14/2026,10:16:11:443,0.000000,0.000000,4,-126.16,-126.16,0,0,
05/14/2026,10:16:11:467,0.000000,0.000000,3,-92.44,-92.44,0,0,
05/14/2026,10:16:11:563,0.000000,0.000000,1,-118.88,-118.88,0,0,
05/14/2026,10:16:11:566,0.000000,0.000000,2,-122.28,-122.28,0,0,
05/14/2026,10:16:11:728,0.000000,0.000000,4,-120.12,-120.12,0,0,
05/14/2026,10:16:11:729,0.000000,0.000000,3,-88.35,-88.35,0,0,
05/14/2026,10:16:11:794,0.000000,0.000000,1,-121.27,-121.27,0,0,
05/14/2026,10:16:11:800,0.000000,0.000000,2,-123.4,-123.4,0,0,
05/14/2026,10:16:11:895,0.000000,0.000000,4,-121.44,-121.44,0,0,
05/14/2026,10:16:11:916,0.000000,0.000000,3,-93.13,-93.13,0,0,
05/14/2026,10:16:11:984,0.000000,0.000000,1,-116.44,-116.44,0,0,
05/14/2026,10:16:12:001,0.000000,0.000000,2,-117.87,-117.87,0,0,
05/14/2026,10:16:12:122,0.000000,0.000000,4,-119.5,-119.5,0,0,
05/14/2026,10:16:12:139,0.000000,0.000000,3,-91.58,-91.58,0,0,
05/14/2026,10:16:12:211,0.000000,0.000000,1,-119.15,-119.15,0,0,
05/14/2026,10:16:12:226,0.000000,0.000000,2,-120.88,-120.88,0,0,
05/14/2026,10:16:12:348,0.000000,0.000000,4,-119.43,-119.43,0,0,
05/14/2026,10:16:12:363,0.000000,0.000000,3,-93.72,-93.72,0,0,
05/14/2026,10:16:12:435,0.000000,0.000000,1,-120.83,-120.83,0,0,
05/14/2026,10:16:12:450,0.000000,0.000000,2,-120.83,-120.83,0,0,
05/14/2026,10:16:12:572,0.000000,0.000000,4,-120.19,-120.19,0,0,
05/14/2026,10:16:12:588,0.000000,0.000000,3,-88.39,-88.39,0,0,
05/14/2026,10:16:12:660,0.000000,0.000000,1,-118.51,-118.51,0,0,
05/14/2026,10:16:12:676,0.000000,0.000000,2,-123.69,-123.69,0,0,
05/14/2026,10:16:12:798,0.000000,0.000000,4,-122.68,-122.68,0,0,
05/14/2026,10:16:12:813,0.000000,0.000000,3,-92.36,-92.36,0,0,
05/14/2026,10:16:12:885,0.000000,0.000000,1,-121.92,-121.92,0,0,
05/14/2026,10:16:12:901,0.000000,0.000000,2,-120.54,-120.54,0,0,
05/14/2026,10:16:13:022,0.000000,0.000000,4,-123.12,-123.12,0,0,
05/14/2026,10:16:13:042,0.000000,0.000000,3,-98.2,-98.2,0,0,
05/14/2026,10:16:13:108,0.000000,0.000000,1,-119.49,-119.49,0,0,
05/14/2026,10:16:13:143,0.000000,0.000000,2,-122.11,-122.11,0,0,
05/14/2026,10:16:13:249,0.000000,0.000000,4,-122.6,-122.6,0,0,
05/14/2026,10:16:13:265,0.000000,0.000000,3,-106.38,-106.38,0,0,
05/14/2026,10:16:13:336,0.000000,0.000000,1,-118.73,-118.73,0,0,
05/14/2026,10:16:13:352,0.000000,0.000000,2,-124.19,-124.19,0,0,
05/14/2026,10:16:13:472,0.000000,0.000000,4,-122.02,-122.02,0,0,
05/14/2026,10:16:13:490,0.000000,0.000000,3,-102.62,-102.62,0,0,
05/14/2026,10:16:13:562,0.000000,0.000000,1,-118.16,-118.16,0,0,
05/14/2026,10:16:13:578,0.000000,0.000000,2,-121.75,-121.75,0,0,
05/14/2026,10:16:13:736,0.000000,0.000000,4,-123.2,-123.2,0,0,
05/14/2026,10:16:13:737,0.000000,0.000000,3,-92.62,-92.62,0,0,
05/14/2026,10:16:13:810,0.000000,0.000000,1,-118.02,-118.02,0,0,
05/14/2026,10:16:13:811,0.000000,0.000000,2,-119.93,-119.93,0,0,
05/14/2026,10:16:13:925,0.000000,0.000000,4,-120.96,-120.96,0,0,
05/14/2026,10:16:13:941,0.000000,0.000000,3,-87.21,-87.21,0,0,
05/14/2026,10:16:14:015,0.000000,0.000000,1,-123.37,-123.37,0,0,
05/14/2026,10:16:14:029,0.000000,0.000000,2,-122.27,-122.27,0,0,
05/14/2026,10:16:14:149,0.000000,0.000000,4,-121.54,-121.54,0,0,
05/14/2026,10:16:14:173,0.000000,0.000000,3,-93.82,-93.82,0,0,
05/14/2026,10:16:14:235,0.000000,0.000000,1,-118.64,-118.64,0,0,
05/14/2026,10:16:14:255,0.000000,0.000000,2,-120.97,-120.97,0,0,
05/14/2026,10:16:14:373,0.000000,0.000000,4,-126.38,-126.38,0,0,
05/14/2026,10:16:14:396,0.000000,0.000000,3,-96.95,-96.95,0,0,
05/14/2026,10:16:14:462,0.000000,0.000000,1,-119.37,-119.37,0,0,
05/14/2026,10:16:14:479,0.000000,0.000000,2,-122.92,-122.92,0,0,
05/14/2026,10:16:14:600,0.000000,0.000000,4,-121.15,-121.15,0,0,
05/14/2026,10:16:14:617,0.000000,0.000000,3,-98,-98,0,0,
05/14/2026,10:16:14:689,0.000000,0.000000,1,-119.75,-119.75,0,0,
05/14/2026,10:16:14:707,0.000000,0.000000,2,-121.9,-121.9,0,0,
05/14/2026,10:16:14:825,0.000000,0.000000,4,-121.94,-121.94,0,0,
05/14/2026,10:16:14:843,0.000000,0.000000,3,-92.64,-92.64,0,0,
05/14/2026,10:16:14:913,0.000000,0.000000,1,-119.56,-119.56,0,0,
05/14/2026,10:16:14:929,0.000000,0.000000,2,-122.93,-122.93,0,0,
05/14/2026,10:16:15:051,0.000000,0.000000,4,-119.74,-119.74,0,0,
05/14/2026,10:16:15:072,0.000000,0.000000,3,-90.29,-90.29,0,0,
05/14/2026,10:16:15:136,0.000000,0.000000,1,-120.1,-120.1,0,0,
05/14/2026,10:16:15:155,0.000000,0.000000,2,-121.22,-121.22,0,0,
05/14/2026,10:16:15:278,0.000000,0.000000,4,-123.53,-123.53,0,0,
05/14/2026,10:16:15:297,0.000000,0.000000,3,-95.17,-95.17,0,0,
05/14/2026,10:16:15:364,0.000000,0.000000,1,-119.68,-119.68,0,0,
05/14/2026,10:16:15:383,0.000000,0.000000,2,-123.83,-123.83,0,0,
05/14/2026,10:16:15:554,0.000000,0.000000,4,-123.09,-123.09,0,0,
05/14/2026,10:16:15:555,0.000000,0.000000,3,-103.63,-103.63,0,0,
05/14/2026,10:16:15:633,0.000000,0.000000,1,-118.94,-118.94,0,0,
05/14/2026,10:16:15:635,0.000000,0.000000,2,-123.96,-123.96,0,0,
05/14/2026,10:16:15:766,0.000000,0.000000,4,-126.18,-126.18,0,0,
05/14/2026,10:16:15:768,0.000000,0.000000,3,-94.53,-94.53,0,0,
05/14/2026,10:16:15:813,0.000000,0.000000,1,-121.45,-121.45,0,0,
05/14/2026,10:16:15:832,0.000000,0.000000,2,-123.97,-123.97,0,0,
05/14/2026,10:16:15:951,0.000000,0.000000,4,-122.18,-122.18,0,0,
05/14/2026,10:16:15:972,0.000000,0.000000,3,-98.16,-98.16,0,0,
05/14/2026,10:16:16:039,0.000000,0.000000,1,-119.33,-119.33,0,0,
05/14/2026,10:16:16:058,0.000000,0.000000,2,-123.1,-123.1,0,0,
05/14/2026,10:16:16:178,0.000000,0.000000,4,-122.17,-122.17,0,0,
05/14/2026,10:16:16:194,0.000000,0.000000,3,-99.14,-99.14,0,0,
05/14/2026,10:16:16:269,0.000000,0.000000,1,-119.8,-119.8,0,0,
05/14/2026,10:16:16:283,0.000000,0.000000,2,-121.98,-121.98,0,0,
05/14/2026,10:16:16:597,0.000000,0.000000,4,-120.8,-120.8,0,0,
05/14/2026,10:16:16:599,0.000000,0.000000,3,-97.54,-97.54,0,0,
05/14/2026,10:16:16:612,0.000000,0.000000,1,-119.6,-119.6,0,0,
05/14/2026,10:16:16:614,0.000000,0.000000,2,-122.6,-122.6,0,0,
05/14/2026,10:16:16:636,0.000000,0.000000,4,-121.32,-121.32,0,0,
05/14/2026,10:16:16:645,0.000000,0.000000,3,-100.71,-100.71,0,0,
05/14/2026,10:16:16:714,0.000000,0.000000,1,-120.71,-120.71,0,0,
05/14/2026,10:16:16:732,0.000000,0.000000,2,-122.04,-122.04,0,0,
05/14/2026,10:16:16:853,0.000000,0.000000,4,-121.82,-121.82,0,0,
05/14/2026,10:16:16:871,0.000000,0.000000,3,-94.23,-94.23,0,0,
05/14/2026,10:16:16:942,0.000000,0.000000,1,-122.54,-122.54,0,0,
05/14/2026,10:16:16:994,0.000000,0.000000,2,-120.14,-120.14,0,0,
05/14/2026,10:16:17:078,0.000000,0.000000,4,-125.03,-125.03,0,0,
05/14/2026,10:16:17:095,0.000000,0.000000,3,-108.57,-108.57,0,0,
05/14/2026,10:16:17:185,0.000000,0.000000,1,-121,-121,0,0,
05/14/2026,10:16:17:187,0.000000,0.000000,2,-123.56,-123.56,0,0,
05/14/2026,10:16:17:304,0.000000,0.000000,4,-121.95,-121.95,0,0,
05/14/2026,10:16:17:370,0.000000,0.000000,3,-107.14,-107.14,0,0,
05/14/2026,10:16:17:433,0.000000,0.000000,1,-121.02,-121.02,0,0,
05/14/2026,10:16:17:434,0.000000,0.000000,2,-122.81,-122.81,0,0,
05/14/2026,10:16:17:532,0.000000,0.000000,4,-124.24,-124.24,0,0,
05/14/2026,10:16:17:548,0.000000,0.000000,3,-95.4,-95.4,0,0,
05/14/2026,10:16:17:618,0.000000,0.000000,1,-120.03,-120.03,0,0,
05/14/2026,10:16:17:636,0.000000,0.000000,2,-122.1,-122.1,0,0,
05/14/2026,10:16:17:757,0.000000,0.000000,4,-124.64,-124.64,0,0,
05/14/2026,10:16:17:772,0.000000,0.000000,3,-103.1,-103.1,0,0,
05/14/2026,10:16:17:843,0.000000,0.000000,1,-122.05,-122.05,0,0,
05/14/2026,10:16:17:860,0.000000,0.000000,2,-123.07,-123.07,0,0,
05/14/2026,10:16:17:982,0.000000,0.000000,4,-121.05,-121.05,0,0,
05/14/2026,10:16:17:999,0.000000,0.000000,3,-94.46,-94.46,0,0,
05/14/2026,10:16:18:073,0.000000,0.000000,1,-120.48,-120.48,0,0,
05/14/2026,10:16:18:085,0.000000,0.000000,2,-122.02,-122.02,0,0,
05/14/2026,10:16:18:206,0.000000,0.000000,4,-123.99,-123.99,0,0,
05/14/2026,10:16:18:223,0.000000,0.000000,3,-99.81,-99.81,0,0,
05/14/2026,10:16:18:294,0.000000,0.000000,1,-120.72,-120.72,0,0,
05/14/2026,10:16:18:310,0.000000,0.000000,2,-121.12,-121.12,0,0,
05/14/2026,10:16:18:440,0.000000,0.000000,4,-121.85,-121.85,0,0,
05/14/2026,10:16:18:448,0.000000,0.000000,3,-93.81,-93.81,0,0,
05/14/2026,10:16:18:523,0.000000,0.000000,1,-119.11,-119.11,0,0,
05/14/2026,10:16:18:536,0.000000,0.000000,2,-124.87,-124.87,0,0,
05/14/2026,10:16:18:661,0.000000,0.000000,4,-123.67,-123.67,0,0,
05/14/2026,10:16:18:674,0.000000,0.000000,3,-100.3,-100.3,0,0,
05/14/2026,10:16:18:744,0.000000,0.000000,1,-121.57,-121.57,0,0,
05/14/2026,10:16:18:763,0.000000,0.000000,2,-124.69,-124.69,0,0,
05/14/2026,10:16:18:883,0.000000,0.000000,4,-121.73,-121.73,0,0,
05/14/2026,10:16:18:901,0.000000,0.000000,3,-100.41,-100.41,0,0,
05/14/2026,10:16:18:970,0.000000,0.000000,1,-121.5,-121.5,0,0,
05/14/2026,10:16:18:987,0.000000,0.000000,2,-120.45,-120.45,0,0,
05/14/2026,10:16:19:108,0.000000,0.000000,4,-120.99,-120.99,0,0,
05/14/2026,10:16:19:127,0.000000,0.000000,3,-97.62,-97.62,0,0,
05/14/2026,10:16:19:195,0.000000,0.000000,1,-121.59,-121.59,0,0,
05/14/2026,10:16:19:212,0.000000,0.000000,2,-120.42,-120.42,0,0,
05/14/2026,10:16:19:335,0.000000,0.000000,4,-122.78,-122.78,0,0,
05/14/2026,10:16:19:395,0.000000,0.000000,3,-97.86,-97.86,0,0,
05/14/2026,10:16:19:483,0.000000,0.000000,1,-122.66,-122.66,0,0,
05/14/2026,10:16:19:484,0.000000,0.000000,2,-121.88,-121.88,0,0,
05/14/2026,10:16:19:562,0.000000,0.000000,4,-121.81,-121.81,0,0,
05/14/2026,10:16:19:578,0.000000,0.000000,3,-94.15,-94.15,0,0,
05/14/2026,10:16:19:649,0.000000,0.000000,1,-123.41,-123.41,0,0,
05/14/2026,10:16:19:663,0.000000,0.000000,2,-126.32,-126.32,0,0,
05/14/2026,10:16:19:785,0.000000,0.000000,4,-121.34,-121.34,0,0,
05/14/2026,10:16:19:805,0.000000,0.000000,3,-95.85,-95.85,0,0,
05/14/2026,10:16:19:871,0.000000,0.000000,1,-118.15,-118.15,0,0,
05/14/2026,10:16:19:890,0.000000,0.000000,2,-119.59,-119.59,0,0,
05/14/2026,10:16:20:011,0.000000,0.000000,4,-120.43,-120.43,0,0,
05/14/2026,10:16:20:029,0.000000,0.000000,3,-96.75,-96.75,0,0,
05/14/2026,10:16:20:099,0.000000,0.000000,1,-122.1,-122.1,0,0,
05/14/2026,10:16:20:116,0.000000,0.000000,2,-120.52,-120.52,0,0,
05/14/2026,10:16:20:234,0.000000,0.000000,4,-121.54,-121.54,0,0,
05/14/2026,10:16:20:252,0.000000,0.000000,3,-88.44,-88.44,0,0,
05/14/2026,10:16:20:323,0.000000,0.000000,1,-121.03,-121.03,0,0,
05/14/2026,10:16:20:341,0.000000,0.000000,2,-115.71,-115.71,0,0,
05/14/2026,10:16:20:461,0.000000,0.000000,4,-118.2,-118.2,0,0,
05/14/2026,10:16:20:478,0.000000,0.000000,3,-85.66,-85.66,0,0,
05/14/2026,10:16:20:549,0.000000,0.000000,1,-103.72,-103.72,0,0,
05/14/2026,10:16:20:568,0.000000,0.000000,2,-107.54,-107.54,0,0,
05/14/2026,10:16:20:686,0.000000,0.000000,4,-114.67,-114.67,0,0,
05/14/2026,10:16:20:702,0.000000,0.000000,3,-71.29,-71.29,0,0,
05/14/2026,10:16:20:774,0.000000,0.000000,1,-108.32,-108.32,0,0,
05/14/2026,10:16:20:790,0.000000,0.000000,2,-102.04,-102.04,0,0,
05/14/2026,10:16:20:964,0.000000,0.000000,4,-114.12,-114.12,0,0,
05/14/2026,10:16:20:965,0.000000,0.000000,3,-78.47,-78.47,0,0,
05/14/2026,10:16:21:028,0.000000,0.000000,1,-106.91,-106.91,0,0,
05/14/2026,10:16:21:032,0.000000,0.000000,2,-97.14,-97.14,0,0,
05/14/2026,10:16:21:137,0.000000,0.000000,4,-119.15,-119.15,0,0,
05/14/2026,10:16:21:154,0.000000,0.000000,3,-79.48,-79.48,0,0,
05/14/2026,10:16:21:227,0.000000,0.000000,1,-103.3,-103.3,0,0,
05/14/2026,10:16:21:242,0.000000,0.000000,2,-106.33,-106.33,0,0,
05/14/2026,10:16:21:361,0.000000,0.000000,4,-118.72,-118.72,0,0,
05/14/2026,10:16:21:380,0.000000,0.000000,3,-83.54,-83.54,0,0,
05/14/2026,10:16:21:449,0.000000,0.000000,1,-110.77,-110.77,0,0,
05/14/2026,10:16:21:465,0.000000,0.000000,2,-108.45,-108.45,0,0,
05/14/2026,10:16:21:587,0.000000,0.000000,4,-119.03,-119.03,0,0,
05/14/2026,10:16:21:854,0.000000,0.000000,3,-88.06,-88.06,0,0,
05/14/2026,10:16:21:872,0.000000,0.000000,1,-106.81,-106.81,0,0,
05/14/2026,10:16:21:875,0.000000,0.000000,2,-108.56,-108.56,0,0,
05/14/2026,10:16:21:894,0.000000,0.000000,4,-120.32,-120.32,0,0,
05/14/2026,10:16:21:897,0.000000,0.000000,3,-83.61,-83.61,0,0,
05/14/2026,10:16:21:909,0.000000,0.000000,1,-105.31,-105.31,0,0,
05/14/2026,10:16:21:916,0.000000,0.000000,2,-108.96,-108.96,0,0,
05/14/2026,10:16:22:039,0.000000,0.000000,4,-117.04,-117.04,0,0,
05/14/2026,10:16:22:055,0.000000,0.000000,3,-82.82,-82.82,0,0,
05/14/2026,10:16:22:127,0.000000,0.000000,1,-103.43,-103.43,0,0,
05/14/2026,10:16:22:143,0.000000,0.000000,2,-103.61,-103.61,0,0,
05/14/2026,10:16:22:264,0.000000,0.000000,4,-120.76,-120.76,0,0,
05/14/2026,10:16:22:281,0.000000,0.000000,3,-77.01,-77.01,0,0,
05/14/2026,10:16:22:355,0.000000,0.000000,1,-107.69,-107.69,0,0,
05/14/2026,10:16:22:369,0.000000,0.000000,2,-107.52,-107.52,0,0,
05/14/2026,10:16:22:487,0.000000,0.000000,4,-119.85,-119.85,0,0,
05/14/2026,10:16:22:508,0.000000,0.000000,3,-90.5,-90.5,0,0,
05/14/2026,10:16:22:576,0.000000,0.000000,1,-111.23,-111.23,0,0,
05/14/2026,10:16:22:596,0.000000,0.000000,2,-109.46,-109.46,0,0,
05/14/2026,10:16:22:717,0.000000,0.000000,4,-123.41,-123.41,0,0,
05/14/2026,10:16:22:736,0.000000,0.000000,3,-82.62,-82.62,0,0,
05/14/2026,10:16:22:810,0.000000,0.000000,1,-108.82,-108.82,0,0,
05/14/2026,10:16:22:890,0.000000,0.000000,2,-110.28,-110.28,0,0,
05/14/2026,10:16:22:968,0.000000,0.000000,4,-121.25,-121.25,0,0,
05/14/2026,10:16:22:969,0.000000,0.000000,3,-81.51,-81.51,0,0,
05/14/2026,10:16:23:045,0.000000,0.000000,1,-106.43,-106.43,0,0,
05/14/2026,10:16:23:048,0.000000,0.000000,2,-106.75,-106.75,0,0,
05/14/2026,10:16:23:166,0.000000,0.000000,4,-120.51,-120.51,0,0,
05/14/2026,10:16:23:182,0.000000,0.000000,3,-79.31,-79.31,0,0,
05/14/2026,10:16:23:254,0.000000,0.000000,1,-111.39,-111.39,0,0,
05/14/2026,10:16:23:269,0.000000,0.000000,2,-106.2,-106.2,0,0,
05/14/2026,10:16:23:389,0.000000,0.000000,4,-118.06,-118.06,0,0,
05/14/2026,10:16:23:411,0.000000,0.000000,3,-106.17,-106.17,0,0,
05/14/2026,10:16:23:479,0.000000,0.000000,1,-110.03,-110.03,0,0,
05/14/2026,10:16:23:496,0.000000,0.000000,2,-110.47,-110.47,0,0,
05/14/2026,10:16:23:618,0.000000,0.000000,4,-123.44,-123.44,0,0,
05/14/2026,10:16:23:633,0.000000,0.000000,3,-78.26,-78.26,0,0,
05/14/2026,10:16:23:704,0.000000,0.000000,1,-106.56,-106.56,0,0,
05/14/2026,10:16:23:722,0.000000,0.000000,2,-111.47,-111.47,0,0,
05/14/2026,10:16:23:842,0.000000,0.000000,4,-117.7,-117.7,0,0,
05/14/2026,10:16:23:858,0.000000,0.000000,3,-80.19,-80.19,0,0,
05/14/2026,10:16:23:930,0.000000,0.000000,1,-109.37,-109.37,0,0,
05/14/2026,10:16:23:946,0.000000,0.000000,2,-117.4,-117.4,0,0,
05/14/2026,10:16:24:067,0.000000,0.000000,4,-117.92,-117.92,0,0,
05/14/2026,10:16:24:084,0.000000,0.000000,3,-71.58,-71.58,0,0,
05/14/2026,10:16:24:156,0.000000,0.000000,1,-103.7,-103.7,0,0,
05/14/2026,10:16:24:178,0.000000,0.000000,2,-103.51,-103.51,0,0,
05/14/2026,10:16:24:293,0.000000,0.000000,4,-113.94,-113.94,0,0,
05/14/2026,10:16:24:310,0.000000,0.000000,3,-67.73,-67.73,0,0,
05/14/2026,10:16:24:379,0.000000,0.000000,1,-110.8,-110.8,0,0,
05/14/2026,10:16:24:399,0.000000,0.000000,2,-99.66,-99.66,0,0,
05/14/2026,10:16:24:517,0.000000,0.000000,4,-110.56,-110.56,0,0,
05/14/2026,10:16:24:536,0.000000,0.000000,3,-73.47,-73.47,0,0,
05/14/2026,10:16:24:605,0.000000,0.000000,1,-110.39,-110.39,0,0,
05/14/2026,10:16:24:674,0.000000,0.000000,2,-108.07,-108.07,0,0,
05/14/2026,10:16:24:745,0.000000,0.000000,4,-119.93,-119.93,0,0,
05/14/2026,10:16:24:816,0.000000,0.000000,3,-77.53,-77.53,0,0,
05/14/2026,10:16:24:839,0.000000,0.000000,1,-105.1,-105.1,0,0,
05/14/2026,10:16:24:868,0.000000,0.000000,2,-112.79,-112.79,0,0,
05/14/2026,10:16:24:969,0.000000,0.000000,4,-121.63,-121.63,0,0,
05/14/2026,10:16:24:987,0.000000,0.000000,3,-80.51,-80.51,0,0,
05/14/2026,10:16:25:058,0.000000,0.000000,1,-110.73,-110.73,0,0,
05/14/2026,10:16:25:073,0.000000,0.000000,2,-111.84,-111.84,0,0,
05/14/2026,10:16:25:193,0.000000,0.000000,4,-121.91,-121.91,0,0,
05/14/2026,10:16:25:212,0.000000,0.000000,3,-89.65,-89.65,0,0,
05/14/2026,10:16:25:280,0.000000,0.000000,1,-109.88,-109.88,0,0,
05/14/2026,10:16:25:299,0.000000,0.000000,2,-107.45,-107.45,0,0,
05/14/2026,10:16:25:419,0.000000,0.000000,4,-120.66,-120.66,0,0,
05/14/2026,10:16:25:438,0.000000,0.000000,3,-86.88,-86.88,0,0,
05/14/2026,10:16:25:508,0.000000,0.000000,1,-110.7,-110.7,0,0,
05/14/2026,10:16:25:525,0.000000,0.000000,2,-109.28,-109.28,0,0,
05/14/2026,10:16:25:645,0.000000,0.000000,4,-121.96,-121.96,0,0,
05/14/2026,10:16:25:664,0.000000,0.000000,3,-94.41,-94.41,0,0,
05/14/2026,10:16:25:733,0.000000,0.000000,1,-111.37,-111.37,0,0,
05/14/2026,10:16:25:751,0.000000,0.000000,2,-110.35,-110.35,0,0,
05/14/2026,10:16:25:871,0.000000,0.000000,4,-120.83,-120.83,0,0,
05/14/2026,10:16:25:888,0.000000,0.000000,3,-90.87,-90.87,0,0,
05/14/2026,10:16:25:957,0.000000,0.000000,1,-115.74,-115.74,0,0,
05/14/2026,10:16:25:979,0.000000,0.000000,2,-110.13,-110.13,0,0,
05/14/2026,10:16:26:097,0.000000,0.000000,4,-119,-119,0,0,
05/14/2026,10:16:26:120,0.000000,0.000000,3,-89.44,-89.44,0,0,
05/14/2026,10:16:26:183,0.000000,0.000000,1,-122.62,-122.62,0,0,
05/14/2026,10:16:26:203,0.000000,0.000000,2,-110.15,-110.15,0,0,
05/14/2026,10:16:26:322,0.000000,0.000000,4,-120.37,-120.37,0,0,
05/14/2026,10:16:26:340,0.000000,0.000000,3,-94.57,-94.57,0,0,
05/14/2026,10:16:26:411,0.000000,0.000000,1,-116.35,-116.35,0,0,
05/14/2026,10:16:26:428,0.000000,0.000000,2,-112.01,-112.01,0,0,
05/14/2026,10:16:26:548,0.000000,0.000000,4,-118.17,-118.17,0,0,
05/14/2026,10:16:26:563,0.000000,0.000000,3,-86.88,-86.88,0,0,
05/14/2026,10:16:26:633,0.000000,0.000000,1,-115.86,-115.86,0,0,
05/14/2026,10:16:26:651,0.000000,0.000000,2,-113.54,-113.54,0,0,
05/14/2026,10:16:26:780,0.000000,0.000000,4,-121.73,-121.73,0,0,
05/14/2026,10:16:26:847,0.000000,0.000000,3,-84,-84,0,0,
05/14/2026,10:16:26:858,0.000000,0.000000,1,-113.14,-113.14,0,0,
05/14/2026,10:16:27:138,0.000000,0.000000,2,-114.92,-114.92,0,0,
05/14/2026,10:16:27:151,0.000000,0.000000,4,-119.94,-119.94,0,0,
05/14/2026,10:16:27:157,0.000000,0.000000,3,-87.41,-87.41,0,0,
05/14/2026,10:16:27:167,0.000000,0.000000,1,-113.55,-113.55,0,0,
05/14/2026,10:16:27:172,0.000000,0.000000,2,-116.36,-116.36,0,0,
05/14/2026,10:16:27:225,0.000000,0.000000,4,-120.36,-120.36,0,0,
05/14/2026,10:16:27:240,0.000000,0.000000,3,-84.04,-84.04,0,0,
05/14/2026,10:16:27:311,0.000000,0.000000,1,-116.57,-116.57,0,0,
05/14/2026,10:16:27:327,0.000000,0.000000,2,-121.14,-121.14,0,0,
05/14/2026,10:16:27:449,0.000000,0.000000,4,-123.52,-123.52,0,0,
05/14/2026,10:16:27:466,0.000000,0.000000,3,-83.43,-83.43,0,0,
05/14/2026,10:16:27:537,0.000000,0.000000,1,-115.23,-115.23,0,0,
05/14/2026,10:16:27:553,0.000000,0.000000,2,-111.32,-111.32,0,0,
05/14/2026,10:16:27:675,0.000000,0.000000,4,-119.8,-119.8,0,0,
05/14/2026,10:16:27:692,0.000000,0.000000,3,-83.31,-83.31,0,0,
05/14/2026,10:16:27:762,0.000000,0.000000,1,-114.6,-114.6,0,0,
05/14/2026,10:16:27:779,0.000000,0.000000,2,-119.27,-119.27,0,0,
05/14/2026,10:16:27:898,0.000000,0.000000,4,-121.52,-121.52,0,0,
05/14/2026,10:16:27:917,0.000000,0.000000,3,-84.54,-84.54,0,0,
05/14/2026,10:16:27:988,0.000000,0.000000,1,-118.64,-118.64,0,0,
05/14/2026,10:16:28:002,0.000000,0.000000,2,-124.36,-124.36,0,0,
05/14/2026,10:16:28:124,0.000000,0.000000,4,-120.43,-120.43,0,0,
05/14/2026,10:16:28:143,0.000000,0.000000,3,-83.06,-83.06,0,0,
05/14/2026,10:16:28:212,0.000000,0.000000,1,-115.72,-115.72,0,0,
05/14/2026,10:16:28:230,0.000000,0.000000,2,-117.17,-117.17,0,0,
05/14/2026,10:16:28:388,0.000000,0.000000,4,-123.05,-123.05,0,0,
05/14/2026,10:16:28:389,0.000000,0.000000,3,-88.17,-88.17,0,0,
05/14/2026,10:16:28:467,0.000000,0.000000,1,-120.67,-120.67,0,0,
05/14/2026,10:16:28:469,0.000000,0.000000,2,-114.78,-114.78,0,0,
05/14/2026,10:16:28:592,0.000000,0.000000,4,-123.74,-123.74,0,0,
05/14/2026,10:16:28:593,0.000000,0.000000,3,-91.8,-91.8,0,0,
05/14/2026,10:16:28:665,0.000000,0.000000,1,-118.61,-118.61,0,0,
05/14/2026,10:16:28:681,0.000000,0.000000,2,-116.15,-116.15,0,0,
05/14/2026,10:16:28:806,0.000000,0.000000,4,-121.89,-121.89,0,0,
05/14/2026,10:16:28:821,0.000000,0.000000,3,-89.78,-89.78,0,0,
05/14/2026,10:16:28:888,0.000000,0.000000,1,-121.39,-121.39,0,0,
05/14/2026,10:16:28:908,0.000000,0.000000,2,-115.51,-115.51,0,0,
05/14/2026,10:16:29:027,0.000000,0.000000,4,-123.45,-123.45,0,0,
05/14/2026,10:16:29:044,0.000000,0.000000,3,-82.32,-82.32,0,0,
05/14/2026,10:16:29:114,0.000000,0.000000,1,-117.5,-117.5,0,0,
05/14/2026,10:16:29:130,0.000000,0.000000,2,-111.2,-111.2,0,0,
05/14/2026,10:16:29:253,0.000000,0.000000,4,-118.08,-118.08,0,0,
05/14/2026,10:16:29:268,0.000000,0.000000,3,-83.25,-83.25,0,0,
05/14/2026,10:16:29:340,0.000000,0.000000,1,-117.87,-117.87,0,0,
05/14/2026,10:16:29:356,0.000000,0.000000,2,-112.84,-112.84,0,0,
05/14/2026,10:16:29:479,0.000000,0.000000,4,-120.6,-120.6,0,0,
05/14/2026,10:16:29:494,0.000000,0.000000,3,-91.67,-91.67,0,0,
05/14/2026,10:16:29:567,0.000000,0.000000,1,-117.21,-117.21,0,0,
05/14/2026,10:16:29:588,0.000000,0.000000,2,-114.93,-114.93,0,0,
05/14/2026,10:16:29:702,0.000000,0.000000,4,-124.23,-124.23,0,0,
05/14/2026,10:16:29:722,0.000000,0.000000,3,-83.63,-83.63,0,0,
05/14/2026,10:16:29:790,0.000000,0.000000,1,-119.28,-119.28,0,0,
05/14/2026,10:16:29:808,0.000000,0.000000,2,-121.41,-121.41,0,0,
05/14/2026,10:16:29:929,0.000000,0.000000,4,-123.39,-123.39,0,0,
05/14/2026,10:16:29:944,0.000000,0.000000,3,-83.82,-83.82,0,0,
05/14/2026,10:16:30:016,0.000000,0.000000,1,-119.31,-119.31,0,0,
05/14/2026,10:16:30:034,0.000000,0.000000,2,-117.41,-117.41,0,0,
05/14/2026,10:16:30:155,0.000000,0.000000,4,-120.23,-120.23,0,0,
05/14/2026,10:16:30:171,0.000000,0.000000,3,-91.94,-91.94,0,0,
05/14/2026,10:16:30:254,0.000000,0.000000,1,-126.11,-126.11,0,0,
05/14/2026,10:16:30:260,0.000000,0.000000,2,-116.37,-116.37,0,0,
05/14/2026,10:16:30:406,0.000000,0.000000,4,-120.58,-120.58,0,0,
05/14/2026,10:16:30:407,0.000000,0.000000,3,-89.71,-89.71,0,0,
05/14/2026,10:16:30:489,0.000000,0.000000,1,-118.81,-118.81,0,0,
05/14/2026,10:16:30:491,0.000000,0.000000,2,-117.03,-117.03,0,0,
05/14/2026,10:16:30:607,0.000000,0.000000,4,-119.01,-119.01,0,0,
05/14/2026,10:16:30:624,0.000000,0.000000,3,-82.4,-82.4,0,0,
05/14/2026,10:16:30:692,0.000000,0.000000,1,-121.49,-121.49,0,0,
05/14/2026,10:16:30:711,0.000000,0.000000,2,-119.67,-119.67,0,0,
05/14/2026,10:16:30:831,0.000000,0.000000,4,-119.96,-119.96,0,0,
05/14/2026,10:16:30:847,0.000000,0.000000,3,-92.98,-92.98,0,0,
05/14/2026,10:16:30:918,0.000000,0.000000,1,-117.89,-117.89,0,0,
05/14/2026,10:16:30:934,0.000000,0.000000,2,-119.77,-119.77,0,0,
05/14/2026,10:16:31:062,0.000000,0.000000,4,-123.6,-123.6,0,0,
05/14/2026,10:16:31:074,0.000000,0.000000,3,-91.94,-91.94,0,0,
05/14/2026,10:16:31:142,0.000000,0.000000,1,-119.19,-119.19,0,0,
05/14/2026,10:16:31:162,0.000000,0.000000,2,-116.71,-116.71,0,0,
05/14/2026,10:16:31:283,0.000000,0.000000,4,-121.73,-121.73,0,0,
05/14/2026,10:16:31:297,0.000000,0.000000,3,-95.17,-95.17,0,0,
05/14/2026,10:16:31:367,0.000000,0.000000,1,-117.75,-117.75,0,0,
05/14/2026,10:16:31:385,0.000000,0.000000,2,-117.94,-117.94,0,0,
05/14/2026,10:16:31:508,0.000000,0.000000,4,-122.12,-122.12,0,0,
05/14/2026,10:16:31:523,0.000000,0.000000,3,-85.11,-85.11,0,0,
05/14/2026,10:16:31:596,0.000000,0.000000,1,-118.64,-118.64,0,0,
05/14/2026,10:16:31:612,0.000000,0.000000,2,-117.08,-117.08,0,0,
05/14/2026,10:16:31:732,0.000000,0.000000,4,-119.64,-119.64,0,0,
05/14/2026,10:16:31:748,0.000000,0.000000,3,-86.57,-86.57,0,0,
05/14/2026,10:16:31:820,0.000000,0.000000,1,-119.24,-119.24,0,0,
05/14/2026,10:16:31:836,0.000000,0.000000,2,-117.37,-117.37,0,0,
05/14/2026,10:16:31:957,0.000000,0.000000,4,-121.37,-121.37,0,0,
05/14/2026,10:16:31:974,0.000000,0.000000,3,-92.42,-92.42,0,0,
05/14/2026,10:16:32:045,0.000000,0.000000,1,-121.57,-121.57,0,0,
05/14/2026,10:16:32:060,0.000000,0.000000,2,-123.57,-123.57,0,0,
05/14/2026,10:16:32:441,0.000000,0.000000,4,-121.21,-121.21,0,0,
05/14/2026,10:16:32:443,0.000000,0.000000,3,-88.2,-88.2,0,0,
05/14/2026,10:16:32:454,0.000000,0.000000,1,-116.99,-116.99,0,0,
05/14/2026,10:16:32:456,0.000000,0.000000,2,-119.49,-119.49,0,0,
05/14/2026,10:16:32:499,0.000000,0.000000,4,-122.17,-122.17,0,0,
05/14/2026,10:16:32:502,0.000000,0.000000,3,-85.61,-85.61,0,0,
05/14/2026,10:16:32:528,0.000000,0.000000,1,-121.83,-121.83,0,0,
05/14/2026,10:16:32:530,0.000000,0.000000,2,-116.57,-116.57,0,0,
05/14/2026,10:16:32:633,0.000000,0.000000,4,-119.77,-119.77,0,0,
05/14/2026,10:16:32:652,0.000000,0.000000,3,-79.26,-79.26,0,0,
05/14/2026,10:16:32:721,0.000000,0.000000,1,-119.64,-119.64,0,0,
05/14/2026,10:16:32:738,0.000000,0.000000,2,-117.07,-117.07,0,0,
05/14/2026,10:16:32:860,0.000000,0.000000,4,-119.78,-119.78,0,0,
05/14/2026,10:16:32:878,0.000000,0.000000,3,-87.41,-87.41,0,0,
05/14/2026,10:16:32:946,0.000000,0.000000,1,-119.41,-119.41,0,0,
05/14/2026,10:16:32:965,0.000000,0.000000,2,-115.55,-115.55,0,0,
05/14/2026,10:16:33:083,0.000000,0.000000,4,-118.5,-118.5,0,0,
05/14/2026,10:16:33:102,0.000000,0.000000,3,-80.76,-80.76,0,0,
05/14/2026,10:16:33:170,0.000000,0.000000,1,-115.83,-115.83,0,0,
05/14/2026,10:16:33:190,0.000000,0.000000,2,-116.93,-116.93,0,0,
05/14/2026,10:16:33:308,0.000000,0.000000,4,-120.74,-120.74,0,0,
05/14/2026,10:16:33:326,0.000000,0.000000,3,-85.19,-85.19,0,0,
05/14/2026,10:16:33:397,0.000000,0.000000,1,-117.11,-117.11,0,0,
05/14/2026,10:16:33:417,0.000000,0.000000,2,-109.53,-109.53,0,0,
05/14/2026,10:16:33:536,0.000000,0.000000,4,-121.46,-121.46,0,0,
05/14/2026,10:16:33:552,0.000000,0.000000,3,-81.12,-81.12,0,0,
05/14/2026,10:16:33:623,0.000000,0.000000,1,-115.43,-115.43,0,0,
05/14/2026,10:16:33:641,0.000000,0.000000,2,-114.8,-114.8,0,0,
05/14/2026,10:16:33:761,0.000000,0.000000,4,-118.58,-118.58,0,0,
05/14/2026,10:16:33:779,0.000000,0.000000,3,-83.45,-83.45,0,0,
05/14/2026,10:16:33:850,0.000000,0.000000,1,-118.92,-118.92,0,0,
05/14/2026,10:16:33:884,0.000000,0.000000,2,-112.32,-112.32,0,0,
05/14/2026,10:16:33:997,0.000000,0.000000,4,-120.08,-120.08,0,0,
05/14/2026,10:16:34:002,0.000000,0.000000,3,-74.91,-74.91,0,0,
05/14/2026,10:16:34:079,0.000000,0.000000,1,-108.41,-108.41,0,0,
05/14/2026,10:16:34:140,0.000000,0.000000,2,-114.68,-114.68,0,0,
05/14/2026,10:16:34:213,0.000000,0.000000,4,-120.67,-120.67,0,0,
05/14/2026,10:16:34:232,0.000000,0.000000,3,-79.78,-79.78,0,0,
05/14/2026,10:16:34:299,0.000000,0.000000,1,-108.44,-108.44,0,0,
05/14/2026,10:16:34:316,0.000000,0.000000,2,-117.64,-117.64,0,0,
05/14/2026,10:16:34:436,0.000000,0.000000,4,-118.33,-118.33,0,0,
05/14/2026,10:16:34:455,0.000000,0.000000,3,-81.79,-81.79,0,0,
05/14/2026,10:16:34:525,0.000000,0.000000,1,-107.17,-107.17,0,0,
05/14/2026,10:16:34:542,0.000000,0.000000,2,-116.85,-116.85,0,0,
05/14/2026,10:16:34:662,0.000000,0.000000,4,-119.6,-119.6,0,0,
05/14/2026,10:16:34:679,0.000000,0.000000,3,-86.93,-86.93,0,0,
05/14/2026,10:16:34:749,0.000000,0.000000,1,-113.75,-113.75,0,0,
05/14/2026,10:16:34:767,0.000000,0.000000,2,-109.05,-109.05,0,0,
05/14/2026,10:16:34:902,0.000000,0.000000,4,-118.04,-118.04,0,0,
05/14/2026,10:16:34:907,0.000000,0.000000,3,-82.34,-82.34,0,0,
05/14/2026,10:16:34:976,0.000000,0.000000,1,-119.28,-119.28,0,0,
05/14/2026,10:16:34:992,0.000000,0.000000,2,-117.03,-117.03,0,0,
05/14/2026,10:16:35:113,0.000000,0.000000,4,-123.15,-123.15,0,0,
05/14/2026,10:16:35:133,0.000000,0.000000,3,-85.28,-85.28,0,0,
05/14/2026,10:16:35:200,0.000000,0.000000,1,-114.21,-114.21,0,0,
05/14/2026,10:16:35:217,0.000000,0.000000,2,-119.03,-119.03,0,0,
05/14/2026,10:16:35:339,0.000000,0.000000,4,-122.2,-122.2,0,0,
05/14/2026,10:16:35:360,0.000000,0.000000,3,-92.08,-92.08,0,0,
05/14/2026,10:16:35:425,0.000000,0.000000,1,-116.74,-116.74,0,0,
05/14/2026,10:16:35:444,0.000000,0.000000,2,-115.44,-115.44,0,0,
05/14/2026,10:16:35:564,0.000000,0.000000,4,-120.3,-120.3,0,0,
05/14/2026,10:16:35:582,0.000000,0.000000,3,-83.27,-83.27,0,0,
05/14/2026,10:16:35:651,0.000000,0.000000,1,-115.81,-115.81,0,0,
05/14/2026,10:16:35:669,0.000000,0.000000,2,-122.6,-122.6,0,0,
05/14/2026,10:16:35:847,0.000000,0.000000,4,-121.78,-121.78,0,0,
05/14/2026,10:16:35:851,0.000000,0.000000,3,-86.53,-86.53,0,0,
05/14/2026,10:16:35:923,0.000000,0.000000,1,-119.1,-119.1,0,0,
05/14/2026,10:16:35:924,0.000000,0.000000,2,-120.13,-120.13,0,0,
05/14/2026,10:16:36:014,0.000000,0.000000,4,-121.21,-121.21,0,0,
05/14/2026,10:16:36:031,0.000000,0.000000,3,-91.64,-91.64,0,0,
05/14/2026,10:16:36:103,0.000000,0.000000,1,-117.53,-117.53,0,0,
05/14/2026,10:16:36:118,0.000000,0.000000,2,-115.07,-115.07,0,0,
05/14/2026,10:16:36:242,0.000000,0.000000,4,-120.88,-120.88,0,0,
05/14/2026,10:16:36:256,0.000000,0.000000,3,-93.48,-93.48,0,0,
05/14/2026,10:16:36:328,0.000000,0.000000,1,-115.92,-115.92,0,0,
05/14/2026,10:16:36:345,0.000000,0.000000,2,-116.39,-116.39,0,0,
05/14/2026,10:16:36:468,0.000000,0.000000,4,-122.53,-122.53,0,0,
05/14/2026,10:16:36:483,0.000000,0.000000,3,-80.82,-80.82,0,0,
05/14/2026,10:16:36:554,0.000000,0.000000,1,-104.5,-104.5,0,0,
05/14/2026,10:16:36:570,0.000000,0.000000,2,-116.24,-116.24,0,0,
05/14/2026,10:16:36:691,0.000000,0.000000,4,-122.12,-122.12,0,0,
05/14/2026,10:16:36:709,0.000000,0.000000,3,-86.15,-86.15,0,0,
05/14/2026,10:16:36:776,0.000000,0.000000,1,-117.77,-117.77,0,0,
05/14/2026,10:16:36:796,0.000000,0.000000,2,-116.2,-116.2,0,0,
05/14/2026,10:16:36:916,0.000000,0.000000,4,-121.08,-121.08,0,0,
05/14/2026,10:16:36:933,0.000000,0.000000,3,-86.82,-86.82,0,0,
05/14/2026,10:16:37:003,0.000000,0.000000,1,-113.92,-113.92,0,0,
05/14/2026,10:16:37:023,0.000000,0.000000,2,-114.8,-114.8,0,0,
05/14/2026,10:16:37:143,0.000000,0.000000,4,-121.05,-121.05,0,0,
05/14/2026,10:16:37:160,0.000000,0.000000,3,-92.83,-92.83,0,0,
05/14/2026,10:16:37:229,0.000000,0.000000,1,-115.35,-115.35,0,0,
05/14/2026,10:16:37:247,0.000000,0.000000,2,-110.46,-110.46,0,0,
05/14/2026,10:16:37:366,0.000000,0.000000,4,-122.21,-122.21,0,0,
05/14/2026,10:16:37:387,0.000000,0.000000,3,-87.26,-87.26,0,0,
05/14/2026,10:16:37:699,0.000000,0.000000,1,-116.01,-116.01,0,0,
05/14/2026,10:16:37:703,0.000000,0.000000,2,-116.59,-116.59,0,0,
05/14/2026,10:16:37:719,0.000000,0.000000,4,-121.81,-121.81,0,0,
05/14/2026,10:16:37:722,0.000000,0.000000,3,-94.72,-94.72,0,0,
05/14/2026,10:16:37:732,0.000000,0.000000,1,-119.58,-119.58,0,0,
05/14/2026,10:16:37:734,0.000000,0.000000,2,-117.16,-117.16,0,0,
05/14/2026,10:16:37:826,0.000000,0.000000,4,-124.09,-124.09,0,0,
05/14/2026,10:16:37:886,0.000000,0.000000,3,-94.37,-94.37,0,0,
05/14/2026,10:16:37:963,0.000000,0.000000,1,-111.57,-111.57,0,0,
05/14/2026,10:16:37:964,0.000000,0.000000,2,-118.89,-118.89,0,0,
05/14/2026,10:16:38:051,0.000000,0.000000,4,-123.2,-123.2,0,0,
05/14/2026,10:16:38:070,0.000000,0.000000,3,-92.75,-92.75,0,0,
05/14/2026,10:16:38:130,0.000000,0.000000,1,-114.72,-114.72,0,0,
05/14/2026,10:16:38:156,0.000000,0.000000,2,-116.33,-116.33,0,0,
05/14/2026,10:16:38:269,0.000000,0.000000,4,-121.48,-121.48,0,0,
05/14/2026,10:16:38:288,0.000000,0.000000,3,-90.74,-90.74,0,0,
05/14/2026,10:16:38:357,0.000000,0.000000,1,-118.3,-118.3,0,0,
05/14/2026,10:16:38:376,0.000000,0.000000,2,-116.58,-116.58,0,0,
05/14/2026,10:16:38:494,0.000000,0.000000,4,-120.12,-120.12,0,0,
05/14/2026,10:16:38:511,0.000000,0.000000,3,-95.75,-95.75,0,0,
05/14/2026,10:16:38:582,0.000000,0.000000,1,-119.27,-119.27,0,0,
05/14/2026,10:16:38:599,0.000000,0.000000,2,-118.04,-118.04,0,0,
05/14/2026,10:16:38:745,0.000000,0.000000,4,-120.76,-120.76,0,0,
05/14/2026,10:16:38:746,0.000000,0.000000,3,-88.28,-88.28,0,0,
05/14/2026,10:16:38:808,0.000000,0.000000,1,-117.56,-117.56,0,0,
05/14/2026,10:16:38:825,0.000000,0.000000,2,-122.72,-122.72,0,0,
05/14/2026,10:16:38:946,0.000000,0.000000,4,-122.68,-122.68,0,0,
05/14/2026,10:16:38:963,0.000000,0.000000,3,-98.69,-98.69,0,0,
05/14/2026,10:16:39:032,0.000000,0.000000,1,-119.25,-119.25,0,0,
05/14/2026,10:16:39:052,0.000000,0.000000,2,-114.6,-114.6,0,0,
05/14/2026,10:16:39:172,0.000000,0.000000,4,-122.09,-122.09,0,0,
05/14/2026,10:16:39:187,0.000000,0.000000,3,-92.58,-92.58,0,0,
05/14/2026,10:16:39:260,0.000000,0.000000,1,-112.68,-112.68,0,0,
05/14/2026,10:16:39:274,0.000000,0.000000,2,-120.47,-120.47,0,0,
05/14/2026,10:16:39:398,0.000000,0.000000,4,-123.62,-123.62,0,0,
05/14/2026,10:16:39:413,0.000000,0.000000,3,-88.01,-88.01,0,0,
05/14/2026,10:16:39:484,0.000000,0.000000,1,-115.06,-115.06,0,0,
05/14/2026,10:16:39:499,0.000000,0.000000,2,-118.43,-118.43,0,0,
05/14/2026,10:16:39:623,0.000000,0.000000,4,-122.25,-122.25,0,0,
05/14/2026,10:16:39:638,0.000000,0.000000,3,-90.22,-90.22,0,0,
05/14/2026,10:16:39:762,0.000000,0.000000,1,-118.99,-118.99,0,0,
05/14/2026,10:16:39:763,0.000000,0.000000,2,-121.05,-121.05,0,0,
05/14/2026,10:16:39:880,0.000000,0.000000,4,-123.08,-123.08,0,0,
05/14/2026,10:16:39:882,0.000000,0.000000,3,-91.07,-91.07,0,0,
05/14/2026,10:16:39:935,0.000000,0.000000,1,-118.22,-118.22,0,0,
05/14/2026,10:16:39:966,0.000000,0.000000,2,-115.69,-115.69,0,0,
05/14/2026,10:16:40:084,0.000000,0.000000,4,-122.92,-122.92,0,0,
05/14/2026,10:16:40:090,0.000000,0.000000,3,-86.51,-86.51,0,0,
05/14/2026,10:16:40:158,0.000000,0.000000,1,-116.13,-116.13,0,0,
05/14/2026,10:16:40:175,0.000000,0.000000,2,-123.05,-123.05,0,0,
05/14/2026,10:16:40:297,0.000000,0.000000,4,-119.94,-119.94,0,0,
05/14/2026,10:16:40:316,0.000000,0.000000,3,-108.9,-108.9,0,0,
05/14/2026,10:16:40:385,0.000000,0.000000,1,-112.33,-112.33,0,0,
05/14/2026,10:16:40:404,0.000000,0.000000,2,-114.05,-114.05,0,0,
05/14/2026,10:16:40:526,0.000000,0.000000,4,-121.6,-121.6,0,0,
05/14/2026,10:16:40:542,0.000000,0.000000,3,-100.27,-100.27,0,0,
05/14/2026,10:16:40:610,0.000000,0.000000,1,-118.99,-118.99,0,0,
05/14/2026,10:16:40:629,0.000000,0.000000,2,-122.5,-122.5,0,0,
05/14/2026,10:16:40:750,0.000000,0.000000,4,-121.72,-121.72,0,0,
05/14/2026,10:16:40:767,0.000000,0.000000,3,-92.29,-92.29,0,0,
05/14/2026,10:16:40:836,0.000000,0.000000,1,-123.09,-123.09,0,0,
05/14/2026,10:16:40:856,0.000000,0.000000,2,-122.04,-122.04,0,0,
05/14/2026,10:16:40:974,0.000000,0.000000,4,-122.84,-122.84,0,0,
05/14/2026,10:16:40:992,0.000000,0.000000,3,-90.5,-90.5,0,0,
05/14/2026,10:16:41:063,0.000000,0.000000,1,-117.38,-117.38,0,0,
05/14/2026,10:16:41:080,0.000000,0.000000,2,-120.54,-120.54,0,0,
05/14/2026,10:16:41:199,0.000000,0.000000,4,-121.52,-121.52,0,0,
05/14/2026,10:16:41:218,0.000000,0.000000,3,-97.83,-97.83,0,0,
05/14/2026,10:16:41:304,0.000000,0.000000,1,-120.77,-120.77,0,0,
05/14/2026,10:16:41:305,0.000000,0.000000,2,-119.7,-119.7,0,0,
05/14/2026,10:16:41:426,0.000000,0.000000,4,-123.01,-123.01,0,0,
05/14/2026,10:16:41:443,0.000000,0.000000,3,-91.06,-91.06,0,0,
05/14/2026,10:16:41:512,0.000000,0.000000,1,-118.35,-118.35,0,0,
05/14/2026,10:16:41:533,0.000000,0.000000,2,-121.75,-121.75,0,0,
05/14/2026,10:16:41:709,0.000000,0.000000,4,-122.72,-122.72,0,0,
05/14/2026,10:16:41:710,0.000000,0.000000,3,-91.52,-91.52,0,0,
05/14/2026,10:16:41:776,0.000000,0.000000,1,-118.52,-118.52,0,0,
05/14/2026,10:16:41:777,0.000000,0.000000,2,-122.65,-122.65,0,0,
05/14/2026,10:16:41:876,0.000000,0.000000,4,-123.01,-123.01,0,0,
05/14/2026,10:16:41:892,0.000000,0.000000,3,-100.59,-100.59,0,0,
05/14/2026,10:16:41:964,0.000000,0.000000,1,-118.53,-118.53,0,0,
05/14/2026,10:16:41:980,0.000000,0.000000,2,-121.58,-121.58,0,0,
05/14/2026,10:16:42:101,0.000000,0.000000,4,-123.71,-123.71,0,0,
05/14/2026,10:16:42:119,0.000000,0.000000,3,-95.1,-95.1,0,0,
05/14/2026,10:16:42:190,0.000000,0.000000,1,-118.46,-118.46,0,0,
05/14/2026,10:16:42:206,0.000000,0.000000,2,-119.02,-119.02,0,0,
05/14/2026,10:16:42:326,0.000000,0.000000,4,-120.48,-120.48,0,0,
05/14/2026,10:16:42:345,0.000000,0.000000,3,-102.72,-102.72,0,0,
05/14/2026,10:16:42:413,0.000000,0.000000,1,-118.53,-118.53,0,0,
05/14/2026,10:16:42:433,0.000000,0.000000,2,-123.09,-123.09,0,0,
05/14/2026,10:16:42:551,0.000000,0.000000,4,-121.43,-121.43,0,0,
05/14/2026,10:16:42:583,0.000000,0.000000,3,-98.67,-98.67,0,0,
05/14/2026,10:16:42:641,0.000000,0.000000,1,-118.69,-118.69,0,0,
05/14/2026,10:16:42:657,0.000000,0.000000,2,-124.42,-124.42,0,0,
05/14/2026,10:16:42:991,0.000000,0.000000,4,-126.2,-126.2,0,0,
05/14/2026,10:16:42:993,0.000000,0.000000,3,-95.55,-95.55,0,0,
05/14/2026,10:16:43:004,0.000000,0.000000,1,-121.23,-121.23,0,0,
05/14/2026,10:16:43:006,0.000000,0.000000,2,-122.25,-122.25,0,0,
05/14/2026,10:16:43:025,0.000000,0.000000,4,-121.15,-121.15,0,0,
05/14/2026,10:16:43:027,0.000000,0.000000,3,-98.21,-98.21,0,0,
05/14/2026,10:16:43:090,0.000000,0.000000,1,-120.8,-120.8,0,0,
05/14/2026,10:16:43:107,0.000000,0.000000,2,-123.92,-123.92,0,0,
05/14/2026,10:16:43:226,0.000000,0.000000,4,-122.06,-122.06,0,0,
05/14/2026,10:16:43:245,0.000000,0.000000,3,-96.24,-96.24,0,0,
05/14/2026,10:16:43:340,0.000000,0.000000,1,-117.8,-117.8,0,0,
05/14/2026,10:16:43:342,0.000000,0.000000,2,-119.11,-119.11,0,0,
05/14/2026,10:16:43:499,0.000000,0.000000,4,-120.12,-120.12,0,0,
05/14/2026,10:16:43:500,0.000000,0.000000,3,-97.81,-97.81,0,0,
05/14/2026,10:16:43:571,0.000000,0.000000,1,-123.36,-123.36,0,0,
05/14/2026,10:16:43:572,0.000000,0.000000,2,-118.9,-118.9,0,0,
05/14/2026,10:16:43:680,0.000000,0.000000,4,-122.31,-122.31,0,0,
05/14/2026,10:16:43:700,0.000000,0.000000,3,-97.51,-97.51,0,0,
05/14/2026,10:16:43:768,0.000000,0.000000,1,-121.16,-121.16,0,0,
05/14/2026,10:16:43:785,0.000000,0.000000,2,-120.9,-120.9,0,0,
05/14/2026,10:16:43:903,0.000000,0.000000,4,-120.33,-120.33,0,0,
05/14/2026,10:16:43:922,0.000000,0.000000,3,-103.69,-103.69,0,0,
05/14/2026,10:16:43:992,0.000000,0.000000,1,-121.39,-121.39,0,0,
05/14/2026,10:16:44:011,0.000000,0.000000,2,-125.42,-125.42,0,0,
05/14/2026,10:16:44:131,0.000000,0.000000,4,-119.43,-119.43,0,0,
05/14/2026,10:16:44:149,0.000000,0.000000,3,-117.55,-117.55,0,0,
05/14/2026,10:16:44:218,0.000000,0.000000,1,-121.76,-121.76,0,0,
05/14/2026,10:16:44:236,0.000000,0.000000,2,-120.69,-120.69,0,0,
05/14/2026,10:16:44:357,0.000000,0.000000,4,-122.8,-122.8,0,0,
05/14/2026,10:16:44:373,0.000000,0.000000,3,-111.45,-111.45,0,0,
05/14/2026,10:16:44:443,0.000000,0.000000,1,-123.03,-123.03,0,0,
05/14/2026,10:16:44:461,0.000000,0.000000,2,-123.91,-123.91,0,0,
05/14/2026,10:16:44:581,0.000000,0.000000,4,-125.9,-125.9,0,0,
05/14/2026,10:16:44:597,0.000000,0.000000,3,-104.54,-104.54,0,0,
05/14/2026,10:16:44:670,0.000000,0.000000,1,-118.77,-118.77,0,0,
05/14/2026,10:16:44:685,0.000000,0.000000,2,-122.56,-122.56,0,0,
05/14/2026,10:16:44:807,0.000000,0.000000,4,-120.27,-120.27,0,0,
05/14/2026,10:16:44:824,0.000000,0.000000,3,-105.3,-105.3,0,0,
05/14/2026,10:16:44:898,0.000000,0.000000,1,-123.19,-123.19,0,0,
05/14/2026,10:16:44:911,0.000000,0.000000,2,-120.99,-120.99,0,0,
05/14/2026,10:16:45:031,0.000000,0.000000,4,-120.42,-120.42,0,0,
05/14/2026,10:16:45:081,0.000000,0.000000,3,-101.3,-101.3,0,0,
05/14/2026,10:16:45:156,0.000000,0.000000,1,-119.19,-119.19,0,0,
05/14/2026,10:16:45:157,0.000000,0.000000,2,-121.83,-121.83,0,0,
05/14/2026,10:16:45:279,0.000000,0.000000,4,-121.6,-121.6,0,0,
05/14/2026,10:16:45:280,0.000000,0.000000,3,-114.4,-114.4,0,0,
05/14/2026,10:16:45:345,0.000000,0.000000,1,-120.39,-120.39,0,0,
05/14/2026,10:16:45:378,0.000000,0.000000,2,-122.08,-122.08,0,0,
05/14/2026,10:16:45:484,0.000000,0.000000,4,-119.88,-119.88,0,0,
05/14/2026,10:16:45:502,0.000000,0.000000,3,-101.65,-101.65,0,0,
05/14/2026,10:16:45:569,0.000000,0.000000,1,-123.33,-123.33,0,0,
05/14/2026,10:16:45:588,0.000000,0.000000,2,-123.09,-123.09,0,0,
05/14/2026,10:16:45:708,0.000000,0.000000,4,-123.15,-123.15,0,0,
05/14/2026,10:16:45:727,0.000000,0.000000,3,-104.23,-104.23,0,0,
05/14/2026,10:16:45:796,0.000000,0.000000,1,-119.69,-119.69,0,0,
05/14/2026,10:16:45:814,0.000000,0.000000,2,-119.94,-119.94,0,0,
05/14/2026,10:16:45:933,0.000000,0.000000,4,-121.58,-121.58,0,0,
05/14/2026,10:16:45:950,0.000000,0.000000,3,-102.82,-102.82,0,0,
05/14/2026,10:16:46:022,0.000000,0.000000,1,-120.34,-120.34,0,0,
05/14/2026,10:16:46:041,0.000000,0.000000,2,-125.71,-125.71,0,0,
05/14/2026,10:16:46:160,0.000000,0.000000,4,-122.51,-122.51,0,0,
05/14/2026,10:16:46:176,0.000000,0.000000,3,-102.42,-102.42,0,0,
05/14/2026,10:16:46:248,0.000000,0.000000,1,-121.6,-121.6,0,0,
05/14/2026,10:16:46:264,0.000000,0.000000,2,-123.4,-123.4,0,0,
05/14/2026,10:16:46:384,0.000000,0.000000,4,-121.41,-121.41,0,0,
05/14/2026,10:16:46:421,0.000000,0.000000,3,-101.72,-101.72,0,0,
05/14/2026,10:16:46:471,0.000000,0.000000,1,-119.57,-119.57,0,0,
05/14/2026,10:16:46:491,0.000000,0.000000,2,-122.07,-122.07,0,0,
05/14/2026,10:16:46:608,0.000000,0.000000,4,-123.79,-123.79,0,0,
05/14/2026,10:16:46:628,0.000000,0.000000,3,-108.6,-108.6,0,0,
05/14/2026,10:16:46:696,0.000000,0.000000,1,-121.01,-121.01,0,0,
05/14/2026,10:16:46:715,0.000000,0.000000,2,-121.62,-121.62,0,0,
05/14/2026,10:16:46:837,0.000000,0.000000,4,-121.58,-121.58,0,0,
05/14/2026,10:16:46:852,0.000000,0.000000,3,-102.99,-102.99,0,0,
05/14/2026,10:16:46:925,0.000000,0.000000,1,-121.86,-121.86,0,0,
05/14/2026,10:16:46:941,0.000000,0.000000,2,-122.29,-122.29,0,0,
05/14/2026,10:16:47:062,0.000000,0.000000,4,-121.59,-121.59,0,0,
05/14/2026,10:16:47:134,0.000000,0.000000,3,-100.22,-100.22,0,0,
05/14/2026,10:16:47:147,0.000000,0.000000,1,-120.78,-120.78,0,0,
05/14/2026,10:16:47:215,0.000000,0.000000,2,-121.4,-121.4,0,0,
05/14/2026,10:16:47:287,0.000000,0.000000,4,-123.09,-123.09,0,0,
05/14/2026,10:16:47:305,0.000000,0.000000,3,-103.03,-103.03,0,0,
05/14/2026,10:16:47:372,0.000000,0.000000,1,-119.34,-119.34,0,0,
05/14/2026,10:16:47:391,0.000000,0.000000,2,-121.33,-121.33,0,0,
05/14/2026,10:16:47:510,0.000000,0.000000,4,-121.26,-121.26,0,0,
05/14/2026,10:16:47:532,0.000000,0.000000,3,-103.03,-103.03,0,0,
05/14/2026,10:16:47:603,0.000000,0.000000,1,-119.81,-119.81,0,0,
05/14/2026,10:16:47:618,0.000000,0.000000,2,-123.31,-123.31,0,0,
05/14/2026,10:16:47:739,0.000000,0.000000,4,-121.96,-121.96,0,0,
05/14/2026,10:16:47:756,0.000000,0.000000,3,-102.61,-102.61,0,0,
05/14/2026,10:16:47:823,0.000000,0.000000,1,-119.12,-119.12,0,0,
05/14/2026,10:16:47:843,0.000000,0.000000,2,-120.32,-120.32,0,0,
05/14/2026,10:16:47:962,0.000000,0.000000,4,-124.3,-124.3,0,0,
05/14/2026,10:16:47:980,0.000000,0.000000,3,-95.09,-95.09,0,0,
05/14/2026,10:16:48:259,0.000000,0.000000,1,-118.12,-118.12,0,0,
05/14/2026,10:16:48:262,0.000000,0.000000,2,-122.24,-122.24,0,0,
05/14/2026,10:16:48:284,0.000000,0.000000,4,-120.56,-120.56,0,0,
05/14/2026,10:16:48:287,0.000000,0.000000,3,-100,-100,0,0,
05/14/2026,10:16:48:300,0.000000,0.000000,1,-122.56,-122.56,0,0,
05/14/2026,10:16:48:301,0.000000,0.000000,2,-122.29,-122.29,0,0,
05/14/2026,10:16:48:413,0.000000,0.000000,4,-121.94,-121.94,0,0,
05/14/2026,10:16:48:429,0.000000,0.000000,3,-89.34,-89.34,0,0,
05/14/2026,10:16:48:504,0.000000,0.000000,1,-119.09,-119.09,0,0,
05/14/2026,10:16:48:517,0.000000,0.000000,2,-120.42,-120.42,0,0,
05/14/2026,10:16:48:638,0.000000,0.000000,4,-122.46,-122.46,0,0,
05/14/2026,10:16:48:657,0.000000,0.000000,3,-85,-85,0,0,
05/14/2026,10:16:48:728,0.000000,0.000000,1,-110.41,-110.41,0,0,
05/14/2026,10:16:48:744,0.000000,0.000000,2,-107.33,-107.33,0,0,
05/14/2026,10:16:48:864,0.000000,0.000000,4,-121.4,-121.4,0,0,
05/14/2026,10:16:48:927,0.000000,0.000000,3,-81.48,-81.48,0,0,
05/14/2026,10:16:49:007,0.000000,0.000000,1,-111.25,-111.25,0,0,
05/14/2026,10:16:49:007,0.000000,0.000000,2,-106.79,-106.79,0,0,
05/14/2026,10:16:49:090,0.000000,0.000000,4,-118.61,-118.61,0,0,
05/14/2026,10:16:49:161,0.000000,0.000000,3,-85.36,-85.36,0,0,
05/14/2026,10:16:49:177,0.000000,0.000000,1,-107.38,-107.38,0,0,
05/14/2026,10:16:49:199,0.000000,0.000000,2,-114.69,-114.69,0,0,
05/14/2026,10:16:49:315,0.000000,0.000000,4,-120.82,-120.82,0,0,
05/14/2026,10:16:49:335,0.000000,0.000000,3,-87.47,-87.47,0,0,
05/14/2026,10:16:49:403,0.000000,0.000000,1,-107.37,-107.37,0,0,
05/14/2026,10:16:49:420,0.000000,0.000000,2,-105.55,-105.55,0,0,
05/14/2026,10:16:49:541,0.000000,0.000000,4,-117.46,-117.46,0,0,
05/14/2026,10:16:49:558,0.000000,0.000000,3,-76.96,-76.96,0,0,
05/14/2026,10:16:49:627,0.000000,0.000000,1,-104.44,-104.44,0,0,
05/14/2026,10:16:49:646,0.000000,0.000000,2,-106.89,-106.89,0,0,
05/14/2026,10:16:49:766,0.000000,0.000000,4,-120.85,-120.85,0,0,
05/14/2026,10:16:49:785,0.000000,0.000000,3,-87.41,-87.41,0,0,
05/14/2026,10:16:49:854,0.000000,0.000000,1,-111.66,-111.66,0,0,
05/14/2026,10:16:49:873,0.000000,0.000000,2,-100.27,-100.27,0,0,
05/14/2026,10:16:49:993,0.000000,0.000000,4,-117.6,-117.6,0,0,
05/14/2026,10:16:50:011,0.000000,0.000000,3,-82.55,-82.55,0,0,
05/14/2026,10:16:50:080,0.000000,0.000000,1,-106.56,-106.56,0,0,
05/14/2026,10:16:50:097,0.000000,0.000000,2,-111.73,-111.73,0,0,
05/14/2026,10:16:50:218,0.000000,0.000000,4,-121.16,-121.16,0,0,
05/14/2026,10:16:50:237,0.000000,0.000000,3,-91.52,-91.52,0,0,
05/14/2026,10:16:50:304,0.000000,0.000000,1,-113.88,-113.88,0,0,
05/14/2026,10:16:50:324,0.000000,0.000000,2,-114.1,-114.1,0,0,
05/14/2026,10:16:50:442,0.000000,0.000000,4,-120.85,-120.85,0,0,
05/14/2026,10:16:50:462,0.000000,0.000000,3,-99.6,-99.6,0,0,
05/14/2026,10:16:50:532,0.000000,0.000000,1,-110.48,-110.48,0,0,
05/14/2026,10:16:50:549,0.000000,0.000000,2,-112.83,-112.83,0,0,
05/14/2026,10:16:50:668,0.000000,0.000000,4,-122.11,-122.11,0,0,
05/14/2026,10:16:50:687,0.000000,0.000000,3,-81.49,-81.49,0,0,
05/14/2026,10:16:50:754,0.000000,0.000000,1,-116.41,-116.41,0,0,
05/14/2026,10:16:50:773,0.000000,0.000000,2,-108.11,-108.11,0,0,
05/14/2026,10:16:50:913,0.000000,0.000000,4,-119.41,-119.41,0,0,
05/14/2026,10:16:50:916,0.000000,0.000000,3,-77.93,-77.93,0,0,
05/14/2026,10:16:50:986,0.000000,0.000000,1,-113.35,-113.35,0,0,
05/14/2026,10:16:51:050,0.000000,0.000000,2,-109.54,-109.54,0,0,
05/14/2026,10:16:51:130,0.000000,0.000000,4,-119.02,-119.02,0,0,
05/14/2026,10:16:51:136,0.000000,0.000000,3,-80.74,-80.74,0,0,
05/14/2026,10:16:51:208,0.000000,0.000000,1,-112.06,-112.06,0,0,
05/14/2026,10:16:51:224,0.000000,0.000000,2,-100.25,-100.25,0,0,
05/14/2026,10:16:51:345,0.000000,0.000000,4,-117.16,-117.16,0,0,
05/14/2026,10:16:51:360,0.000000,0.000000,3,-90.54,-90.54,0,0,
05/14/2026,10:16:51:432,0.000000,0.000000,1,-108.37,-108.37,0,0,
05/14/2026,10:16:51:449,0.000000,0.000000,2,-105.76,-105.76,0,0,
05/14/2026,10:16:51:577,0.000000,0.000000,4,-119.62,-119.62,0,0,
05/14/2026,10:16:51:589,0.000000,0.000000,3,-82.18,-82.18,0,0,
05/14/2026,10:16:51:659,0.000000,0.000000,1,-110.83,-110.83,0,0,
05/14/2026,10:16:51:677,0.000000,0.000000,2,-113.79,-113.79,0,0,
05/14/2026,10:16:51:797,0.000000,0.000000,4,-119.91,-119.91,0,0,
05/14/2026,10:16:51:812,0.000000,0.000000,3,-78.71,-78.71,0,0,
05/14/2026,10:16:51:882,0.000000,0.000000,1,-100.68,-100.68,0,0,
05/14/2026,10:16:51:902,0.000000,0.000000,2,-105.84,-105.84,0,0,
05/14/2026,10:16:52:020,0.000000,0.000000,4,-119.51,-119.51,0,0,
05/14/2026,10:16:52:038,0.000000,0.000000,3,-87.35,-87.35,0,0,
05/14/2026,10:16:52:109,0.000000,0.000000,1,-112.87,-112.87,0,0,
05/14/2026,10:16:52:125,0.000000,0.000000,2,-110.63,-110.63,0,0,
05/14/2026,10:16:52:247,0.000000,0.000000,4,-121.06,-121.06,0,0,
05/14/2026,10:16:52:263,0.000000,0.000000,3,-86.51,-86.51,0,0,
05/14/2026,10:16:52:334,0.000000,0.000000,1,-107.25,-107.25,0,0,
05/14/2026,10:16:52:351,0.000000,0.000000,2,-105.83,-105.83,0,0,
05/14/2026,10:16:52:473,0.000000,0.000000,4,-116.64,-116.64,0,0,
05/14/2026,10:16:52:487,0.000000,0.000000,3,-81.4,-81.4,0,0,
05/14/2026,10:16:52:560,0.000000,0.000000,1,-114.01,-114.01,0,0,
05/14/2026,10:16:52:607,0.000000,0.000000,2,-118.12,-118.12,0,0,
05/14/2026,10:16:52:755,0.000000,0.000000,4,-118.57,-118.57,0,0,
05/14/2026,10:16:52:757,0.000000,0.000000,3,-91.97,-91.97,0,0,
05/14/2026,10:16:52:833,0.000000,0.000000,1,-115.71,-115.71,0,0,
05/14/2026,10:16:52:836,0.000000,0.000000,2,-118.28,-118.28,0,0,
05/14/2026,10:16:52:922,0.000000,0.000000,4,-122.14,-122.14,0,0,
05/14/2026,10:16:52:941,0.000000,0.000000,3,-78.49,-78.49,0,0,
05/14/2026,10:16:53:010,0.000000,0.000000,1,-115.81,-115.81,0,0,
05/14/2026,10:16:53:029,0.000000,0.000000,2,-116.15,-116.15,0,0,
05/14/2026,10:16:53:149,0.000000,0.000000,4,-119.69,-119.69,0,0,
05/14/2026,10:16:53:168,0.000000,0.000000,3,-94.81,-94.81,0,0,
05/14/2026,10:16:53:235,0.000000,0.000000,1,-111.36,-111.36,0,0,
05/14/2026,10:16:53:253,0.000000,0.000000,2,-116.8,-116.8,0,0,
05/14/2026,10:16:53:553,0.000000,0.000000,4,-121.98,-121.98,0,0,
05/14/2026,10:16:53:554,0.000000,0.000000,3,-83.07,-83.07,0,0,
05/14/2026,10:16:53:572,0.000000,0.000000,1,-112.95,-112.95,0,0,
05/14/2026,10:16:53:574,0.000000,0.000000,2,-114.42,-114.42,0,0,
05/14/2026,10:16:53:600,0.000000,0.000000,4,-120.06,-120.06,0,0,
05/14/2026,10:16:53:617,0.000000,0.000000,3,-90.68,-90.68,0,0,
05/14/2026,10:16:53:688,0.000000,0.000000,1,-117.42,-117.42,0,0,
05/14/2026,10:16:53:704,0.000000,0.000000,2,-115.82,-115.82,0,0,
05/14/2026,10:16:53:827,0.000000,0.000000,4,-121.21,-121.21,0,0,
05/14/2026,10:16:53:841,0.000000,0.000000,3,-91.39,-91.39,0,0,
05/14/2026,10:16:53:913,0.000000,0.000000,1,-118.87,-118.87,0,0,
05/14/2026,10:16:53:927,0.000000,0.000000,2,-117.53,-117.53,0,0,
05/14/2026,10:16:54:051,0.000000,0.000000,4,-121.21,-121.21,0,0,
05/14/2026,10:16:54:071,0.000000,0.000000,3,-85.69,-85.69,0,0,
05/14/2026,10:16:54:139,0.000000,0.000000,1,-112.45,-112.45,0,0,
05/14/2026,10:16:54:155,0.000000,0.000000,2,-117.36,-117.36,0,0,
05/14/2026,10:16:54:281,0.000000,0.000000,4,-120.98,-120.98,0,0,
05/14/2026,10:16:54:292,0.000000,0.000000,3,-85.79,-85.79,0,0,
05/14/2026,10:16:54:361,0.000000,0.000000,1,-115.55,-115.55,0,0,
05/14/2026,10:16:54:431,0.000000,0.000000,2,-107.97,-107.97,0,0,
05/14/2026,10:16:54:548,0.000000,0.000000,4,-121.29,-121.29,0,0,
05/14/2026,10:16:54:551,0.000000,0.000000,3,-91.54,-91.54,0,0,
05/14/2026,10:16:54:606,0.000000,0.000000,1,-119.37,-119.37,0,0,
05/14/2026,10:16:54:608,0.000000,0.000000,2,-114.17,-114.17,0,0,
05/14/2026,10:16:54:726,0.000000,0.000000,4,-120.46,-120.46,0,0,
05/14/2026,10:16:54:745,0.000000,0.000000,3,-89.34,-89.34,0,0,
05/14/2026,10:16:54:816,0.000000,0.000000,1,-115.45,-115.45,0,0,
05/14/2026,10:16:54:831,0.000000,0.000000,2,-108.23,-108.23,0,0,
05/14/2026,10:16:54:950,0.000000,0.000000,4,-120.43,-120.43,0,0,
05/14/2026,10:16:54:970,0.000000,0.000000,3,-93.77,-93.77,0,0,
05/14/2026,10:16:55:039,0.000000,0.000000,1,-119.07,-119.07,0,0,
05/14/2026,10:16:55:057,0.000000,0.000000,2,-120.5,-120.5,0,0,
05/14/2026,10:16:55:177,0.000000,0.000000,4,-120.31,-120.31,0,0,
05/14/2026,10:16:55:195,0.000000,0.000000,3,-96.31,-96.31,0,0,
05/14/2026,10:16:55:265,0.000000,0.000000,1,-119.44,-119.44,0,0,
05/14/2026,10:16:55:284,0.000000,0.000000,2,-119.29,-119.29,0,0,
05/14/2026,10:16:55:402,0.000000,0.000000,4,-120.73,-120.73,0,0,
05/14/2026,10:16:55:421,0.000000,0.000000,3,-99.61,-99.61,0,0,
05/14/2026,10:16:55:491,0.000000,0.000000,1,-121.57,-121.57,0,0,
05/14/2026,10:16:55:507,0.000000,0.000000,2,-124.12,-124.12,0,0,
05/14/2026,10:16:55:629,0.000000,0.000000,4,-121.88,-121.88,0,0,
05/14/2026,10:16:55:646,0.000000,0.000000,3,-95.04,-95.04,0,0,
05/14/2026,10:16:55:715,0.000000,0.000000,1,-119.08,-119.08,0,0,
05/14/2026,10:16:55:734,0.000000,0.000000,2,-112.78,-112.78,0,0,
05/14/2026,10:16:55:853,0.000000,0.000000,4,-123.39,-123.39,0,0,
05/14/2026,10:16:55:872,0.000000,0.000000,3,-92.64,-92.64,0,0,
05/14/2026,10:16:55:942,0.000000,0.000000,1,-118.08,-118.08,0,0,
05/14/2026,10:16:55:958,0.000000,0.000000,2,-119.62,-119.62,0,0,
05/14/2026,10:16:56:080,0.000000,0.000000,4,-122.7,-122.7,0,0,
05/14/2026,10:16:56:098,0.000000,0.000000,3,-88.85,-88.85,0,0,
05/14/2026,10:16:56:166,0.000000,0.000000,1,-121.85,-121.85,0,0,
05/14/2026,10:16:56:184,0.000000,0.000000,2,-118.26,-118.26,0,0,
05/14/2026,10:16:56:306,0.000000,0.000000,4,-125.6,-125.6,0,0,
05/14/2026,10:16:56:323,0.000000,0.000000,3,-93.26,-93.26,0,0,
05/14/2026,10:16:56:391,0.000000,0.000000,1,-120.5,-120.5,0,0,
05/14/2026,10:16:56:412,0.000000,0.000000,2,-121.42,-121.42,0,0,
05/14/2026,10:16:56:530,0.000000,0.000000,4,-121.97,-121.97,0,0,
05/14/2026,10:16:56:597,0.000000,0.000000,3,-95.32,-95.32,0,0,
05/14/2026,10:16:56:655,0.000000,0.000000,1,-120.37,-120.37,0,0,
05/14/2026,10:16:56:657,0.000000,0.000000,2,-120.39,-120.39,0,0,
05/14/2026,10:16:56:798,0.000000,0.000000,4,-121.53,-121.53,0,0,
05/14/2026,10:16:56:803,0.000000,0.000000,3,-102.88,-102.88,0,0,
05/14/2026,10:16:56:842,0.000000,0.000000,1,-120.88,-120.88,0,0,
05/14/2026,10:16:56:862,0.000000,0.000000,2,-123.34,-123.34,0,0,
05/14/2026,10:16:56:980,0.000000,0.000000,4,-122.54,-122.54,0,0,
05/14/2026,10:16:56:998,0.000000,0.000000,3,-107.86,-107.86,0,0,
05/14/2026,10:16:57:069,0.000000,0.000000,1,-120.66,-120.66,0,0,
05/14/2026,10:16:57:085,0.000000,0.000000,2,-120.34,-120.34,0,0,
05/14/2026,10:16:57:207,0.000000,0.000000,4,-120.83,-120.83,0,0,
05/14/2026,10:16:57:223,0.000000,0.000000,3,-97.07,-97.07,0,0,
05/14/2026,10:16:57:295,0.000000,0.000000,1,-120.33,-120.33,0,0,
05/14/2026,10:16:57:310,0.000000,0.000000,2,-117.05,-117.05,0,0,
05/14/2026,10:16:57:432,0.000000,0.000000,4,-122.23,-122.23,0,0,
05/14/2026,10:16:57:448,0.000000,0.000000,3,-93.57,-93.57,0,0,
05/14/2026,10:16:57:519,0.000000,0.000000,1,-119.87,-119.87,0,0,
05/14/2026,10:16:57:537,0.000000,0.000000,2,-123.5,-123.5,0,0,
05/14/2026,10:16:57:658,0.000000,0.000000,4,-119.66,-119.66,0,0,
05/14/2026,10:16:57:673,0.000000,0.000000,3,-101.07,-101.07,0,0,
05/14/2026,10:16:57:745,0.000000,0.000000,1,-123.43,-123.43,0,0,
05/14/2026,10:16:57:761,0.000000,0.000000,2,-121.17,-121.17,0,0,
05/14/2026,10:16:57:882,0.000000,0.000000,4,-121.03,-121.03,0,0,
05/14/2026,10:16:57:899,0.000000,0.000000,3,-95.5,-95.5,0,0,
05/14/2026,10:16:57:972,0.000000,0.000000,1,-119.88,-119.88,0,0,
05/14/2026,10:16:57:988,0.000000,0.000000,2,-123.25,-123.25,0,0,
05/14/2026,10:16:58:120,0.000000,0.000000,4,-121.65,-121.65,0,0,
05/14/2026,10:16:58:125,0.000000,0.000000,3,-102.26,-102.26,0,0,
05/14/2026,10:16:58:196,0.000000,0.000000,1,-122.57,-122.57,0,0,
05/14/2026,10:16:58:213,0.000000,0.000000,2,-122.39,-122.39,0,0,
05/14/2026,10:16:58:356,0.000000,0.000000,4,-123.47,-123.47,0,0,
05/14/2026,10:16:58:360,0.000000,0.000000,3,-92.55,-92.55,0,0,
05/14/2026,10:16:58:424,0.000000,0.000000,1,-120.71,-120.71,0,0,
05/14/2026,10:16:58:439,0.000000,0.000000,2,-119.59,-119.59,0,0,
05/14/2026,10:16:58:813,0.000000,0.000000,4,-120.99,-120.99,0,0,
05/14/2026,10:16:58:825,0.000000,0.000000,3,-94.09,-94.09,0,0,
05/14/2026,10:16:58:836,0.000000,0.000000,1,-120.6,-120.6,0,0,
05/14/2026,10:16:58:839,0.000000,0.000000,2,-119.45,-119.45,0,0,
05/14/2026,10:16:58:858,0.000000,0.000000,4,-122.93,-122.93,0,0,
05/14/2026,10:16:58:860,0.000000,0.000000,3,-103.96,-103.96,0,0,
05/14/2026,10:16:58:871,0.000000,0.000000,1,-121.71,-121.71,0,0,
05/14/2026,10:16:58:891,0.000000,0.000000,2,-119.63,-119.63,0,0,
05/14/2026,10:16:59:010,0.000000,0.000000,4,-121.4,-121.4,0,0,
05/14/2026,10:16:59:026,0.000000,0.000000,3,-100.67,-100.67,0,0,
05/14/2026,10:16:59:095,0.000000,0.000000,1,-122.12,-122.12,0,0,
05/14/2026,10:16:59:115,0.000000,0.000000,2,-123.89,-123.89,0,0,
05/14/2026,10:16:59:234,0.000000,0.000000,4,-120.94,-120.94,0,0,
05/14/2026,10:16:59:253,0.000000,0.000000,3,-94.64,-94.64,0,0,
05/14/2026,10:16:59:321,0.000000,0.000000,1,-117.96,-117.96,0,0,
05/14/2026,10:16:59:340,0.000000,0.000000,2,-118.62,-118.62,0,0,
05/14/2026,10:16:59:460,0.000000,0.000000,4,-125.14,-125.14,0,0,
05/14/2026,10:16:59:479,0.000000,0.000000,3,-100,-100,0,0,
05/14/2026,10:16:59:549,0.000000,0.000000,1,-118.99,-118.99,0,0,
05/14/2026,10:16:59:567,0.000000,0.000000,2,-119.55,-119.55,0,0,
05/14/2026,10:16:59:686,0.000000,0.000000,4,-121.22,-121.22,0,0,
05/14/2026,10:16:59:702,0.000000,0.000000,3,-97.21,-97.21,0,0,
05/14/2026,10:16:59:772,0.000000,0.000000,1,-121.46,-121.46,0,0,
05/14/2026,10:16:59:791,0.000000,0.000000,2,-120.07,-120.07,0,0,
05/14/2026,10:16:59:913,0.000000,0.000000,4,-121.61,-121.61,0,0,
05/14/2026,10:16:59:928,0.000000,0.000000,3,-92.98,-92.98,0,0,
05/14/2026,10:16:59:999,0.000000,0.000000,1,-117.57,-117.57,0,0,
05/14/2026,10:17:00:014,0.000000,0.000000,2,-119.53,-119.53,0,0,
05/14/2026,10:17:00:160,0.000000,0.000000,4,-122.87,-122.87,0,0,
05/14/2026,10:17:00:164,0.000000,0.000000,3,-99.94,-99.94,0,0,
05/14/2026,10:17:00:228,0.000000,0.000000,1,-119.83,-119.83,0,0,
05/14/2026,10:17:00:297,0.000000,0.000000,2,-119.19,-119.19,0,0,
05/14/2026,10:17:00:376,0.000000,0.000000,4,-123.26,-123.26,0,0,
05/14/2026,10:17:00:379,0.000000,0.000000,3,-98.29,-98.29,0,0,
05/14/2026,10:17:00:451,0.000000,0.000000,1,-118.62,-118.62,0,0,
05/14/2026,10:17:00:467,0.000000,0.000000,2,-115.03,-115.03,0,0,
05/14/2026,10:17:00:587,0.000000,0.000000,4,-120.07,-120.07,0,0,
05/14/2026,10:17:00:604,0.000000,0.000000,3,-102.39,-102.39,0,0,
05/14/2026,10:17:00:681,0.000000,0.000000,1,-119.02,-119.02,0,0,
05/14/2026,10:17:00:692,0.000000,0.000000,2,-117.04,-117.04,0,0,
05/14/2026,10:17:00:814,0.000000,0.000000,4,-121.56,-121.56,0,0,
05/14/2026,10:17:00:829,0.000000,0.000000,3,-93.62,-93.62,0,0,
05/14/2026,10:17:00:900,0.000000,0.000000,1,-120.71,-120.71,0,0,
05/14/2026,10:17:00:920,0.000000,0.000000,2,-120.5,-120.5,0,0,
05/14/2026,10:17:01:038,0.000000,0.000000,4,-122.19,-122.19,0,0,
05/14/2026,10:17:01:055,0.000000,0.000000,3,-98.1,-98.1,0,0,
05/14/2026,10:17:01:127,0.000000,0.000000,1,-121.67,-121.67,0,0,
05/14/2026,10:17:01:143,0.000000,0.000000,2,-122.61,-122.61,0,0,
05/14/2026,10:17:01:264,0.000000,0.000000,4,-121.47,-121.47,0,0,
05/14/2026,10:17:01:280,0.000000,0.000000,3,-97.04,-97.04,0,0,
05/14/2026,10:17:01:350,0.000000,0.000000,1,-120.19,-120.19,0,0,
05/14/2026,10:17:01:368,0.000000,0.000000,2,-122.76,-122.76,0,0,
05/14/2026,10:17:01:490,0.000000,0.000000,4,-122.64,-122.64,0,0,
05/14/2026,10:17:01:506,0.000000,0.000000,3,-96.1,-96.1,0,0,
05/14/2026,10:17:01:577,0.000000,0.000000,1,-118.52,-118.52,0,0,
05/14/2026,10:17:01:594,0.000000,0.000000,2,-119.98,-119.98,0,0,
05/14/2026,10:17:01:715,0.000000,0.000000,4,-119.89,-119.89,0,0,
05/14/2026,10:17:01:731,0.000000,0.000000,3,-107.48,-107.48,0,0,
05/14/2026,10:17:01:806,0.000000,0.000000,1,-120.48,-120.48,0,0,
05/14/2026,10:17:01:819,0.000000,0.000000,2,-121.14,-121.14,0,0,
05/14/2026,10:17:01:961,0.000000,0.000000,4,-122.19,-122.19,0,0,
05/14/2026,10:17:01:963,0.000000,0.000000,3,-98.76,-98.76,0,0,
05/14/2026,10:17:02:039,0.000000,0.000000,1,-115.79,-115.79,0,0,
05/14/2026,10:17:02:045,0.000000,0.000000,2,-122.35,-122.35,0,0,
05/14/2026,10:17:02:165,0.000000,0.000000,4,-120.04,-120.04,0,0,
05/14/2026,10:17:02:184,0.000000,0.000000,3,-105.81,-105.81,0,0,
05/14/2026,10:17:02:253,0.000000,0.000000,1,-122.46,-122.46,0,0,
05/14/2026,10:17:02:272,0.000000,0.000000,2,-122.15,-122.15,0,0,
05/14/2026,10:17:02:390,0.000000,0.000000,4,-119.68,-119.68,0,0,
05/14/2026,10:17:02:409,0.000000,0.000000,3,-93.14,-93.14,0,0,
05/14/2026,10:17:02:479,0.000000,0.000000,1,-120.11,-120.11,0,0,
05/14/2026,10:17:02:496,0.000000,0.000000,2,-119.86,-119.86,0,0,
05/14/2026,10:17:02:619,0.000000,0.000000,4,-119.84,-119.84,0,0,
05/14/2026,10:17:02:633,0.000000,0.000000,3,-92.8,-92.8,0,0,
05/14/2026,10:17:02:702,0.000000,0.000000,1,-118.22,-118.22,0,0,
05/14/2026,10:17:02:723,0.000000,0.000000,2,-123.49,-123.49,0,0,
05/14/2026,10:17:02:843,0.000000,0.000000,4,-121.92,-121.92,0,0,
05/14/2026,10:17:02:858,0.000000,0.000000,3,-97.04,-97.04,0,0,
05/14/2026,10:17:02:931,0.000000,0.000000,1,-122.31,-122.31,0,0,
05/14/2026,10:17:02:947,0.000000,0.000000,2,-121,-121,0,0,
05/14/2026,10:17:03:065,0.000000,0.000000,4,-121.99,-121.99,0,0,
05/14/2026,10:17:03:085,0.000000,0.000000,3,-96.78,-96.78,0,0,
05/14/2026,10:17:03:156,0.000000,0.000000,1,-120.55,-120.55,0,0,
05/14/2026,10:17:03:172,0.000000,0.000000,2,-122.92,-122.92,0,0,
05/14/2026,10:17:03:294,0.000000,0.000000,4,-120.99,-120.99,0,0,
05/14/2026,10:17:03:310,0.000000,0.000000,3,-99.94,-99.94,0,0,
05/14/2026,10:17:03:378,0.000000,0.000000,1,-121.44,-121.44,0,0,
05/14/2026,10:17:03:397,0.000000,0.000000,2,-121.39,-121.39,0,0,
05/14/2026,10:17:03:518,0.000000,0.000000,4,-120.17,-120.17,0,0,
05/14/2026,10:17:03:535,0.000000,0.000000,3,-93.52,-93.52,0,0,
05/14/2026,10:17:03:606,0.000000,0.000000,1,-120.58,-120.58,0,0,
05/14/2026,10:17:03:622,0.000000,0.000000,2,-122.03,-122.03,0,0,
05/14/2026,10:17:03:745,0.000000,0.000000,4,-117.3,-117.3,0,0,
05/14/2026,10:17:03:762,0.000000,0.000000,3,-98.75,-98.75,0,0,
05/14/2026,10:17:04:098,0.000000,0.000000,1,-121.72,-121.72,0,0,
05/14/2026,10:17:04:100,0.000000,0.000000,2,-124.6,-124.6,0,0,
05/14/2026,10:17:04:114,0.000000,0.000000,4,-120.53,-120.53,0,0,
05/14/2026,10:17:04:116,0.000000,0.000000,3,-100.86,-100.86,0,0,
05/14/2026,10:17:04:127,0.000000,0.000000,1,-120.61,-120.61,0,0,
05/14/2026,10:17:04:130,0.000000,0.000000,2,-121.12,-121.12,0,0,
05/14/2026,10:17:04:193,0.000000,0.000000,4,-121.83,-121.83,0,0,
05/14/2026,10:17:04:214,0.000000,0.000000,3,-98.35,-98.35,0,0,
05/14/2026,10:17:04:281,0.000000,0.000000,1,-120.9,-120.9,0,0,
05/14/2026,10:17:04:300,0.000000,0.000000,2,-123.92,-123.92,0,0,
05/14/2026,10:17:04:420,0.000000,0.000000,4,-123.88,-123.88,0,0,
05/14/2026,10:17:04:437,0.000000,0.000000,3,-109.05,-109.05,0,0,
05/14/2026,10:17:04:519,0.000000,0.000000,1,-123.69,-123.69,0,0,
05/14/2026,10:17:04:523,0.000000,0.000000,2,-124.21,-124.21,0,0,
05/14/2026,10:17:04:644,0.000000,0.000000,4,-121.36,-121.36,0,0,
05/14/2026,10:17:04:664,0.000000,0.000000,3,-104.99,-104.99,0,0,
05/14/2026,10:17:04:732,0.000000,0.000000,1,-123.86,-123.86,0,0,
05/14/2026,10:17:04:750,0.000000,0.000000,2,-125.28,-125.28,0,0,
05/14/2026,10:17:04:871,0.000000,0.000000,4,-123.62,-123.62,0,0,
05/14/2026,10:17:04:892,0.000000,0.000000,3,-103.34,-103.34,0,0,
05/14/2026,10:17:04:957,0.000000,0.000000,1,-123.18,-123.18,0,0,
05/14/2026,10:17:04:978,0.000000,0.000000,2,-122.42,-122.42,0,0,
05/14/2026,10:17:05:101,0.000000,0.000000,4,-122.38,-122.38,0,0,
05/14/2026,10:17:05:114,0.000000,0.000000,3,-110.81,-110.81,0,0,
05/14/2026,10:17:05:184,0.000000,0.000000,1,-119.5,-119.5,0,0,
05/14/2026,10:17:05:200,0.000000,0.000000,2,-124.71,-124.71,0,0,
05/14/2026,10:17:05:322,0.000000,0.000000,4,-123.2,-123.2,0,0,
05/14/2026,10:17:05:340,0.000000,0.000000,3,-108.77,-108.77,0,0,
05/14/2026,10:17:05:410,0.000000,0.000000,1,-120.79,-120.79,0,0,
05/14/2026,10:17:05:427,0.000000,0.000000,2,-122.48,-122.48,0,0,
05/14/2026,10:17:05:549,0.000000,0.000000,4,-122.1,-122.1,0,0,
05/14/2026,10:17:05:564,0.000000,0.000000,3,-104.33,-104.33,0,0,
05/14/2026,10:17:05:679,0.000000,0.000000,1,-121.08,-121.08,0,0,
05/14/2026,10:17:05:680,0.000000,0.000000,2,-122.07,-122.07,0,0,
05/14/2026,10:17:05:833,0.000000,0.000000,4,-120.82,-120.82,0,0,
05/14/2026,10:17:05:836,0.000000,0.000000,3,-100.39,-100.39,0,0,
05/14/2026,10:17:05:907,0.000000,0.000000,1,-121.51,-121.51,0,0,
05/14/2026,10:17:05:908,0.000000,0.000000,2,-121.83,-121.83,0,0,
05/14/2026,10:17:05:999,0.000000,0.000000,4,-120.42,-120.42,0,0,
05/14/2026,10:17:06:014,0.000000,0.000000,3,-115.29,-115.29,0,0,
05/14/2026,10:17:06:086,0.000000,0.000000,1,-119.55,-119.55,0,0,
05/14/2026,10:17:06:102,0.000000,0.000000,2,-122.56,-122.56,0,0,
05/14/2026,10:17:06:226,0.000000,0.000000,4,-121.99,-121.99,0,0,
05/14/2026,10:17:06:242,0.000000,0.000000,3,-102.27,-102.27,0,0,
05/14/2026,10:17:06:311,0.000000,0.000000,1,-123.09,-123.09,0,0,
05/14/2026,10:17:06:328,0.000000,0.000000,2,-126.43,-126.43,0,0,
05/14/2026,10:17:06:450,0.000000,0.000000,4,-122.66,-122.66,0,0,
05/14/2026,10:17:06:466,0.000000,0.000000,3,-105.2,-105.2,0,0,
05/14/2026,10:17:06:537,0.000000,0.000000,1,-119.33,-119.33,0,0,
05/14/2026,10:17:06:553,0.000000,0.000000,2,-123.85,-123.85,0,0,
05/14/2026,10:17:06:673,0.000000,0.000000,4,-120.65,-120.65,0,0,
05/14/2026,10:17:06:691,0.000000,0.000000,3,-97.99,-97.99,0,0,
05/14/2026,10:17:06:761,0.000000,0.000000,1,-122.98,-122.98,0,0,
05/14/2026,10:17:06:780,0.000000,0.000000,2,-121.38,-121.38,0,0,
05/14/2026,10:17:06:905,0.000000,0.000000,4,-121.58,-121.58,0,0,
05/14/2026,10:17:06:918,0.000000,0.000000,3,-94.57,-94.57,0,0,
05/14/2026,10:17:06:987,0.000000,0.000000,1,-120.39,-120.39,0,0,
05/14/2026,10:17:07:003,0.000000,0.000000,2,-123.98,-123.98,0,0,
05/14/2026,10:17:07:124,0.000000,0.000000,4,-119.92,-119.92,0,0,
05/14/2026,10:17:07:143,0.000000,0.000000,3,-103.28,-103.28,0,0,
05/14/2026,10:17:07:213,0.000000,0.000000,1,-122.23,-122.23,0,0,
05/14/2026,10:17:07:231,0.000000,0.000000,2,-121.82,-121.82,0,0,
05/14/2026,10:17:07:350,0.000000,0.000000,4,-120.72,-120.72,0,0,
05/14/2026,10:17:07:368,0.000000,0.000000,3,-96.92,-96.92,0,0,
05/14/2026,10:17:07:437,0.000000,0.000000,1,-121.55,-121.55,0,0,
05/14/2026,10:17:07:457,0.000000,0.000000,2,-122.46,-122.46,0,0,
05/14/2026,10:17:07:576,0.000000,0.000000,4,-123.8,-123.8,0,0,
05/14/2026,10:17:07:652,0.000000,0.000000,3,-94.17,-94.17,0,0,
05/14/2026,10:17:07:662,0.000000,0.000000,1,-120.49,-120.49,0,0,
05/14/2026,10:17:07:731,0.000000,0.000000,2,-117.54,-117.54,0,0,
05/14/2026,10:17:07:815,0.000000,0.000000,4,-117.52,-117.52,0,0,
05/14/2026,10:17:07:819,0.000000,0.000000,3,-88.84,-88.84,0,0,
05/14/2026,10:17:07:888,0.000000,0.000000,1,-118.93,-118.93,0,0,
05/14/2026,10:17:07:909,0.000000,0.000000,2,-116.65,-116.65,0,0,
05/14/2026,10:17:08:026,0.000000,0.000000,4,-119.46,-119.46,0,0,
05/14/2026,10:17:08:047,0.000000,0.000000,3,-89.35,-89.35,0,0,
05/14/2026,10:17:08:121,0.000000,0.000000,1,-111.97,-111.97,0,0,
05/14/2026,10:17:08:132,0.000000,0.000000,2,-108.82,-108.82,0,0,
05/14/2026,10:17:08:254,0.000000,0.000000,4,-119.36,-119.36,0,0,
05/14/2026,10:17:08:271,0.000000,0.000000,3,-85.55,-85.55,0,0,
05/14/2026,10:17:08:338,0.000000,0.000000,1,-105.83,-105.83,0,0,
05/14/2026,10:17:08:365,0.000000,0.000000,2,-108.06,-108.06,0,0,
05/14/2026,10:17:08:479,0.000000,0.000000,4,-116.34,-116.34,0,0,
05/14/2026,10:17:08:503,0.000000,0.000000,3,-79.76,-79.76,0,0,
05/14/2026,10:17:08:567,0.000000,0.000000,1,-109.43,-109.43,0,0,
05/14/2026,10:17:08:584,0.000000,0.000000,2,-113.06,-113.06,0,0,
05/14/2026,10:17:08:704,0.000000,0.000000,4,-123.28,-123.28,0,0,
05/14/2026,10:17:08:719,0.000000,0.000000,3,-84.53,-84.53,0,0,
