Date,Time,Latitude,Longitude,Channel,RSSI,Adjusted Value,Antenna Gain,Cable Loss
05/14/2026,10:15:23:253,0.000000,0.000000,1,-120.12,-120.12,0,0,
05/14/2026,10:15:23:335,0.000000,0.000000,2,-89.49,-89.49,0,0,
05/14/2026,10:15:23:401,0.000000,0.000000,1,-120.49,-120.49,0,0,
05/14/2026,10:15:23:403,0.000000,0.000000,3,-97.66,-97.66,0,0,
05/14/2026,10:15:23:469,0.000000,0.000000,2,-101.87,-101.87,0,0,
05/14/2026,10:15:23:472,0.000000,0.000000,4,-122.53,-122.53,0,0,
05/14/2026,10:15:23:547,0.000000,0.000000,1,-119.9,-119.9,0,0,
05/14/2026,10:15:23:554,0.000000,0.000000,3,-120.5,-120.5,0,0,
05/14/2026,10:15:23:596,0.000000,0.000000,2,-89.28,-89.28,0,0,
05/14/2026,10:15:23:640,0.000000,0.000000,4,-121.68,-121.68,0,0,
05/14/2026,10:15:23:692,0.000000,0.000000,1,-120.88,-120.88,0,0,
05/14/2026,10:15:23:727,0.000000,0.000000,3,-118.84,-118.84,0,0,
05/14/2026,10:15:23:798,0.000000,0.000000,2,-123.29,-123.29,0,0,
05/14/2026,10:15:23:832,0.000000,0.000000,4,-120.58,-120.58,0,0,
05/14/2026,10:15:23:920,0.000000,0.000000,1,-121.27,-121.27,0,0,
05/14/2026,10:15:23:952,0.000000,0.000000,3,-122.26,-122.26,0,0,
05/14/2026,10:15:24:022,0.000000,0.000000,2,-98.09,-98.09,0,0,
05/14/2026,10:15:24:057,0.000000,0.000000,4,-121.37,-121.37,0,0,
05/14/2026,10:15:24:142,0.000000,0.000000,1,-119.93,-119.93,0,0,
05/14/2026,10:15:24:178,0.000000,0.000000,3,-96.52,-96.52,0,0,
05/14/2026,10:15:24:247,0.000000,0.000000,2,-95.38,-95.38,0,0,
05/14/2026,10:15:24:281,0.000000,0.000000,4,-120.2,-120.2,0,0,
05/14/2026,10:15:24:369,0.000000,0.000000,1,-120.02,-120.02,0,0,
05/14/2026,10:15:24:404,0.000000,0.000000,3,-119.51,-119.51,0,0,
05/14/2026,10:15:24:475,0.000000,0.000000,2,-94.05,-94.05,0,0,
05/14/2026,10:15:24:514,0.000000,0.000000,4,-119.58,-119.58,0,0,
05/14/2026,10:15:24:596,0.000000,0.000000,1,-122.11,-122.11,0,0,
05/14/2026,10:15:24:627,0.000000,0.000000,3,-118.36,-118.36,0,0,
05/14/2026,10:15:24:699,0.000000,0.000000,2,-105.33,-105.33,0,0,
05/14/2026,10:15:24:732,0.000000,0.000000,4,-117.92,-117.92,0,0,
05/14/2026,10:15:24:820,0.000000,0.000000,1,-121.19,-121.19,0,0,
05/14/2026,10:15:24:855,0.000000,0.000000,3,-119.96,-119.96,0,0,
05/14/2026,10:15:24:925,0.000000,0.000000,2,-97.3,-97.3,0,0,
05/14/2026,10:15:24:957,0.000000,0.000000,4,-119.51,-119.51,0,0,
05/14/2026,10:15:25:054,0.000000,0.000000,1,-121.64,-121.64,0,0,
05/14/2026,10:15:25:126,0.000000,0.000000,3,-97.45,-97.45,0,0,
05/14/2026,10:15:25:207,0.000000,0.000000,2,-99.24,-99.24,0,0,
05/14/2026,10:15:25:212,0.000000,0.000000,4,-120.32,-120.32,0,0,
05/14/2026,10:15:25:270,0.000000,0.000000,1,-120.32,-120.32,0,0,
05/14/2026,10:15:25:305,0.000000,0.000000,3,-117.27,-117.27,0,0,
05/14/2026,10:15:25:376,0.000000,0.000000,2,-109.12,-109.12,0,0,
05/14/2026,10:15:25:408,0.000000,0.000000,4,-119.99,-119.99,0,0,
05/14/2026,10:15:25:498,0.000000,0.000000,1,-122.19,-122.19,0,0,
05/14/2026,10:15:25:531,0.000000,0.000000,3,-118.93,-118.93,0,0,
05/14/2026,10:15:25:603,0.000000,0.000000,2,-88.35,-88.35,0,0,
05/14/2026,10:15:25:639,0.000000,0.000000,4,-120.24,-120.24,0,0,
05/14/2026,10:15:25:719,0.000000,0.000000,1,-120.45,-120.45,0,0,
05/14/2026,10:15:25:755,0.000000,0.000000,3,-101.03,-101.03,0,0,
05/14/2026,10:15:25:826,0.000000,0.000000,2,-87.42,-87.42,0,0,
05/14/2026,10:15:25:859,0.000000,0.000000,4,-119.63,-119.63,0,0,
05/14/2026,10:15:25:960,0.000000,0.000000,1,-121.5,-121.5,0,0,
05/14/2026,10:15:25:982,0.000000,0.000000,3,-86.8,-86.8,0,0,
05/14/2026,10:15:26:052,0.000000,0.000000,2,-93.3,-93.3,0,0,
05/14/2026,10:15:26:087,0.000000,0.000000,4,-121.37,-121.37,0,0,
05/14/2026,10:15:26:174,0.000000,0.000000,1,-120.67,-120.67,0,0,
05/14/2026,10:15:26:208,0.000000,0.000000,3,-118.08,-118.08,0,0,
05/14/2026,10:15:26:279,0.000000,0.000000,2,-89.15,-89.15,0,0,
05/14/2026,10:15:26:312,0.000000,0.000000,4,-116.74,-116.74,0,0,
05/14/2026,10:15:26:403,0.000000,0.000000,1,-120.36,-120.36,0,0,
05/14/2026,10:15:26:432,0.000000,0.000000,3,-102.11,-102.11,0,0,
05/14/2026,10:15:26:506,0.000000,0.000000,2,-102.05,-102.05,0,0,
05/14/2026,10:15:26:537,0.000000,0.000000,4,-118.34,-118.34,0,0,
05/14/2026,10:15:26:625,0.000000,0.000000,1,-123.2,-123.2,0,0,
05/14/2026,10:15:26:658,0.000000,0.000000,3,-121.57,-121.57,0,0,
05/14/2026,10:15:26:730,0.000000,0.000000,2,-91.29,-91.29,0,0,
05/14/2026,10:15:26:763,0.000000,0.000000,4,-119.86,-119.86,0,0,
05/14/2026,10:15:26:849,0.000000,0.000000,1,-119.62,-119.62,0,0,
05/14/2026,10:15:26:882,0.000000,0.000000,3,-92.04,-92.04,0,0,
05/14/2026,10:15:26:951,0.000000,0.000000,2,-83.39,-83.39,0,0,
05/14/2026,10:15:26:989,0.000000,0.000000,4,-119.04,-119.04,0,0,
05/14/2026,10:15:27:103,0.000000,0.000000,1,-120.2,-120.2,0,0,
05/14/2026,10:15:27:107,0.000000,0.000000,3,-117.69,-117.69,0,0,
05/14/2026,10:15:27:183,0.000000,0.000000,2,-86.3,-86.3,0,0,
05/14/2026,10:15:27:246,0.000000,0.000000,4,-118.75,-118.75,0,0,
05/14/2026,10:15:27:316,0.000000,0.000000,1,-121.73,-121.73,0,0,
05/14/2026,10:15:27:364,0.000000,0.000000,3,-77.14,-77.14,0,0,
05/14/2026,10:15:27:405,0.000000,0.000000,2,-72.99,-72.99,0,0,
05/14/2026,10:15:27:439,0.000000,0.000000,4,-117.76,-117.76,0,0,
05/14/2026,10:15:27:524,0.000000,0.000000,1,-120.38,-120.38,0,0,
05/14/2026,10:15:27:565,0.000000,0.000000,3,-85.56,-85.56,0,0,
05/14/2026,10:15:27:629,0.000000,0.000000,2,-74.39,-74.39,0,0,
05/14/2026,10:15:27:666,0.000000,0.000000,4,-119.17,-119.17,0,0,
05/14/2026,10:15:27:749,0.000000,0.000000,1,-121.35,-121.35,0,0,
05/14/2026,10:15:27:787,0.000000,0.000000,3,-116.36,-116.36,0,0,
05/14/2026,10:15:27:861,0.000000,0.000000,2,-84.83,-84.83,0,0,
05/14/2026,10:15:27:891,0.000000,0.000000,4,-119.52,-119.52,0,0,
05/14/2026,10:15:27:976,0.000000,0.000000,1,-121.33,-121.33,0,0,
05/14/2026,10:15:28:009,0.000000,0.000000,3,-119.72,-119.72,0,0,
05/14/2026,10:15:28:080,0.000000,0.000000,2,-84.1,-84.1,0,0,
05/14/2026,10:15:28:113,0.000000,0.000000,4,-119.94,-119.94,0,0,
05/14/2026,10:15:28:201,0.000000,0.000000,1,-121.66,-121.66,0,0,
05/14/2026,10:15:28:234,0.000000,0.000000,3,-119.09,-119.09,0,0,
05/14/2026,10:15:28:308,0.000000,0.000000,2,-82.73,-82.73,0,0,
05/14/2026,10:15:28:354,0.000000,0.000000,4,-121.27,-121.27,0,0,
05/14/2026,10:15:28:428,0.000000,0.000000,1,-119.76,-119.76,0,0,
05/14/2026,10:15:28:461,0.000000,0.000000,3,-85.46,-85.46,0,0,
05/14/2026,10:15:28:533,0.000000,0.000000,2,-101.75,-101.75,0,0,
05/14/2026,10:15:28:567,0.000000,0.000000,4,-118.8,-118.8,0,0,
05/14/2026,10:15:29:057,0.000000,0.000000,1,-121.73,-121.73,0,0,
05/14/2026,10:15:29:086,0.000000,0.000000,3,-116.18,-116.18,0,0,
05/14/2026,10:15:29:095,0.000000,0.000000,2,-86.18,-86.18,0,0,
05/14/2026,10:15:29:100,0.000000,0.000000,4,-119.37,-119.37,0,0,
05/14/2026,10:15:29:143,0.000000,0.000000,1,-118.69,-118.69,0,0,
05/14/2026,10:15:29:179,0.000000,0.000000,3,-116.63,-116.63,0,0,
05/14/2026,10:15:29:187,0.000000,0.000000,2,-92.25,-92.25,0,0,
05/14/2026,10:15:29:199,0.000000,0.000000,4,-119.07,-119.07,0,0,
05/14/2026,10:15:29:247,0.000000,0.000000,1,-120.14,-120.14,0,0,
05/14/2026,10:15:29:252,0.000000,0.000000,3,-122.71,-122.71,0,0,
05/14/2026,10:15:29:297,0.000000,0.000000,2,-91.34,-91.34,0,0,
05/14/2026,10:15:29:302,0.000000,0.000000,4,-118.84,-118.84,0,0,
05/14/2026,10:15:29:354,0.000000,0.000000,1,-120,-120,0,0,
05/14/2026,10:15:29:367,0.000000,0.000000,3,-123.57,-123.57,0,0,
05/14/2026,10:15:29:431,0.000000,0.000000,2,-85.75,-85.75,0,0,
05/14/2026,10:15:29:467,0.000000,0.000000,4,-120.45,-120.45,0,0,
05/14/2026,10:15:29:559,0.000000,0.000000,1,-121.96,-121.96,0,0,
05/14/2026,10:15:29:589,0.000000,0.000000,3,-90.96,-90.96,0,0,
05/14/2026,10:15:29:661,0.000000,0.000000,2,-81.91,-81.91,0,0,
05/14/2026,10:15:29:699,0.000000,0.000000,4,-121.98,-121.98,0,0,
05/14/2026,10:15:29:782,0.000000,0.000000,1,-117.99,-117.99,0,0,
05/14/2026,10:15:29:814,0.000000,0.000000,3,-89.73,-89.73,0,0,
05/14/2026,10:15:29:884,0.000000,0.000000,2,-90.47,-90.47,0,0,
05/14/2026,10:15:29:917,0.000000,0.000000,4,-120.14,-120.14,0,0,
05/14/2026,10:15:30:005,0.000000,0.000000,1,-119.6,-119.6,0,0,
05/14/2026,10:15:30:041,0.000000,0.000000,3,-96.47,-96.47,0,0,
05/14/2026,10:15:30:108,0.000000,0.000000,2,-85.95,-85.95,0,0,
05/14/2026,10:15:30:143,0.000000,0.000000,4,-119.9,-119.9,0,0,
05/14/2026,10:15:30:231,0.000000,0.000000,1,-121,-121,0,0,
05/14/2026,10:15:30:264,0.000000,0.000000,3,-85.7,-85.7,0,0,
05/14/2026,10:15:30:335,0.000000,0.000000,2,-89.35,-89.35,0,0,
05/14/2026,10:15:30:369,0.000000,0.000000,4,-118.83,-118.83,0,0,
05/14/2026,10:15:30:467,0.000000,0.000000,1,-122.17,-122.17,0,0,
05/14/2026,10:15:30:492,0.000000,0.000000,3,-90.46,-90.46,0,0,
05/14/2026,10:15:30:559,0.000000,0.000000,2,-79.95,-79.95,0,0,
05/14/2026,10:15:30:593,0.000000,0.000000,4,-120.91,-120.91,0,0,
05/14/2026,10:15:30:682,0.000000,0.000000,1,-119.26,-119.26,0,0,
05/14/2026,10:15:30:716,0.000000,0.000000,3,-117.74,-117.74,0,0,
05/14/2026,10:15:30:793,0.000000,0.000000,2,-85.18,-85.18,0,0,
05/14/2026,10:15:30:857,0.000000,0.000000,4,-120.81,-120.81,0,0,
05/14/2026,10:15:30:923,0.000000,0.000000,1,-122.19,-122.19,0,0,
05/14/2026,10:15:30:997,0.000000,0.000000,3,-101.14,-101.14,0,0,
05/14/2026,10:15:31:013,0.000000,0.000000,2,-119.22,-119.22,0,0,
05/14/2026,10:15:31:084,0.000000,0.000000,4,-120.04,-120.04,0,0,
05/14/2026,10:15:31:132,0.000000,0.000000,1,-120.48,-120.48,0,0,
05/14/2026,10:15:31:164,0.000000,0.000000,3,-93.73,-93.73,0,0,
05/14/2026,10:15:31:235,0.000000,0.000000,2,-95.9,-95.9,0,0,
05/14/2026,10:15:31:268,0.000000,0.000000,4,-121.8,-121.8,0,0,
05/14/2026,10:15:31:356,0.000000,0.000000,1,-121.32,-121.32,0,0,
05/14/2026,10:15:31:393,0.000000,0.000000,3,-118.48,-118.48,0,0,
05/14/2026,10:15:31:460,0.000000,0.000000,2,-92.26,-92.26,0,0,
05/14/2026,10:15:31:494,0.000000,0.000000,4,-119.69,-119.69,0,0,
05/14/2026,10:15:31:582,0.000000,0.000000,1,-121.37,-121.37,0,0,
05/14/2026,10:15:31:618,0.000000,0.000000,3,-119.59,-119.59,0,0,
05/14/2026,10:15:31:685,0.000000,0.000000,2,-97.2,-97.2,0,0,
05/14/2026,10:15:31:719,0.000000,0.000000,4,-123.34,-123.34,0,0,
05/14/2026,10:15:31:808,0.000000,0.000000,1,-120.76,-120.76,0,0,
05/14/2026,10:15:31:841,0.000000,0.000000,3,-87.91,-87.91,0,0,
05/14/2026,10:15:31:913,0.000000,0.000000,2,-96.17,-96.17,0,0,
05/14/2026,10:15:31:944,0.000000,0.000000,4,-122.71,-122.71,0,0,
05/14/2026,10:15:32:031,0.000000,0.000000,1,-119.21,-119.21,0,0,
05/14/2026,10:15:32:067,0.000000,0.000000,3,-95.24,-95.24,0,0,
05/14/2026,10:15:32:139,0.000000,0.000000,2,-98.42,-98.42,0,0,
05/14/2026,10:15:32:184,0.000000,0.000000,4,-120.88,-120.88,0,0,
05/14/2026,10:15:32:263,0.000000,0.000000,1,-118.61,-118.61,0,0,
05/14/2026,10:15:32:294,0.000000,0.000000,3,-116.3,-116.3,0,0,
05/14/2026,10:15:32:362,0.000000,0.000000,2,-98.1,-98.1,0,0,
05/14/2026,10:15:32:396,0.000000,0.000000,4,-119.99,-119.99,0,0,
05/14/2026,10:15:32:483,0.000000,0.000000,1,-120.01,-120.01,0,0,
05/14/2026,10:15:32:518,0.000000,0.000000,3,-117.99,-117.99,0,0,
05/14/2026,10:15:32:623,0.000000,0.000000,2,-85.55,-85.55,0,0,
05/14/2026,10:15:32:625,0.000000,0.000000,4,-120.54,-120.54,0,0,
05/14/2026,10:15:32:737,0.000000,0.000000,1,-122.32,-122.32,0,0,
05/14/2026,10:15:32:746,0.000000,0.000000,3,-78.67,-78.67,0,0,
05/14/2026,10:15:32:815,0.000000,0.000000,2,-76.62,-76.62,0,0,
05/14/2026,10:15:32:881,0.000000,0.000000,4,-119.03,-119.03,0,0,
05/14/2026,10:15:32:935,0.000000,0.000000,1,-120.35,-120.35,0,0,
05/14/2026,10:15:32:968,0.000000,0.000000,3,-82.18,-82.18,0,0,
05/14/2026,10:15:33:039,0.000000,0.000000,2,-93.85,-93.85,0,0,
05/14/2026,10:15:33:071,0.000000,0.000000,4,-118,-118,0,0,
05/14/2026,10:15:33:159,0.000000,0.000000,1,-121.61,-121.61,0,0,
05/14/2026,10:15:33:193,0.000000,0.000000,3,-88.85,-88.85,0,0,
05/14/2026,10:15:33:268,0.000000,0.000000,2,-89.9,-89.9,0,0,
05/14/2026,10:15:33:301,0.000000,0.000000,4,-119.89,-119.89,0,0,
05/14/2026,10:15:33:384,0.000000,0.000000,1,-121.51,-121.51,0,0,
05/14/2026,10:15:33:420,0.000000,0.000000,3,-82.91,-82.91,0,0,
05/14/2026,10:15:33:490,0.000000,0.000000,2,-83.87,-83.87,0,0,
05/14/2026,10:15:33:523,0.000000,0.000000,4,-121.28,-121.28,0,0,
05/14/2026,10:15:33:610,0.000000,0.000000,1,-121.27,-121.27,0,0,
05/14/2026,10:15:33:644,0.000000,0.000000,3,-124.49,-124.49,0,0,
05/14/2026,10:15:33:716,0.000000,0.000000,2,-82.91,-82.91,0,0,
05/14/2026,10:15:33:750,0.000000,0.000000,4,-119.7,-119.7,0,0,
05/14/2026,10:15:33:836,0.000000,0.000000,1,-119.82,-119.82,0,0,
05/14/2026,10:15:33:870,0.000000,0.000000,3,-93.53,-93.53,0,0,
05/14/2026,10:15:33:941,0.000000,0.000000,2,-81.48,-81.48,0,0,
05/14/2026,10:15:33:974,0.000000,0.000000,4,-119.87,-119.87,0,0,
05/14/2026,10:15:34:064,0.000000,0.000000,1,-120.06,-120.06,0,0,
05/14/2026,10:15:34:338,0.000000,0.000000,3,-88.94,-88.94,0,0,
05/14/2026,10:15:34:352,0.000000,0.000000,2,-92.03,-92.03,0,0,
05/14/2026,10:15:34:355,0.000000,0.000000,4,-120.71,-120.71,0,0,
05/14/2026,10:15:34:366,0.000000,0.000000,1,-120.41,-120.41,0,0,
05/14/2026,10:15:34:372,0.000000,0.000000,3,-96.57,-96.57,0,0,
05/14/2026,10:15:34:393,0.000000,0.000000,2,-94.73,-94.73,0,0,
05/14/2026,10:15:34:427,0.000000,0.000000,4,-122.78,-122.78,0,0,
05/14/2026,10:15:34:532,0.000000,0.000000,1,-121.47,-121.47,0,0,
05/14/2026,10:15:34:598,0.000000,0.000000,3,-97.1,-97.1,0,0,
05/14/2026,10:15:34:618,0.000000,0.000000,2,-84.17,-84.17,0,0,
05/14/2026,10:15:34:650,0.000000,0.000000,4,-120.96,-120.96,0,0,
05/14/2026,10:15:34:784,0.000000,0.000000,1,-121.65,-121.65,0,0,
05/14/2026,10:15:34:788,0.000000,0.000000,3,-84.83,-84.83,0,0,
05/14/2026,10:15:34:844,0.000000,0.000000,2,-88.14,-88.14,0,0,
05/14/2026,10:15:34:877,0.000000,0.000000,4,-119.7,-119.7,0,0,
05/14/2026,10:15:34:967,0.000000,0.000000,1,-119.74,-119.74,0,0,
05/14/2026,10:15:34:997,0.000000,0.000000,3,-118.91,-118.91,0,0,
05/14/2026,10:15:35:070,0.000000,0.000000,2,-95.25,-95.25,0,0,
05/14/2026,10:15:35:102,0.000000,0.000000,4,-122.85,-122.85,0,0,
05/14/2026,10:15:35:191,0.000000,0.000000,1,-120.98,-120.98,0,0,
05/14/2026,10:15:35:223,0.000000,0.000000,3,-122.7,-122.7,0,0,
05/14/2026,10:15:35:293,0.000000,0.000000,2,-97.5,-97.5,0,0,
05/14/2026,10:15:35:329,0.000000,0.000000,4,-120.15,-120.15,0,0,
05/14/2026,10:15:35:416,0.000000,0.000000,1,-120.39,-120.39,0,0,
05/14/2026,10:15:35:451,0.000000,0.000000,3,-121.17,-121.17,0,0,
05/14/2026,10:15:35:518,0.000000,0.000000,2,-104.53,-104.53,0,0,
05/14/2026,10:15:35:552,0.000000,0.000000,4,-121.14,-121.14,0,0,
05/14/2026,10:15:35:639,0.000000,0.000000,1,-123.39,-123.39,0,0,
05/14/2026,10:15:35:675,0.000000,0.000000,3,-100.34,-100.34,0,0,
05/14/2026,10:15:35:745,0.000000,0.000000,2,-98.94,-98.94,0,0,
05/14/2026,10:15:35:778,0.000000,0.000000,4,-122.33,-122.33,0,0,
05/14/2026,10:15:35:865,0.000000,0.000000,1,-119.97,-119.97,0,0,
05/14/2026,10:15:35:902,0.000000,0.000000,3,-122.31,-122.31,0,0,
05/14/2026,10:15:35:970,0.000000,0.000000,2,-106.24,-106.24,0,0,
05/14/2026,10:15:36:034,0.000000,0.000000,4,-122,-122,0,0,
05/14/2026,10:15:36:092,0.000000,0.000000,1,-121.45,-121.45,0,0,
05/14/2026,10:15:36:125,0.000000,0.000000,3,-103.32,-103.32,0,0,
05/14/2026,10:15:36:197,0.000000,0.000000,2,-87.89,-87.89,0,0,
05/14/2026,10:15:36:229,0.000000,0.000000,4,-122.89,-122.89,0,0,
05/14/2026,10:15:36:315,0.000000,0.000000,1,-121.94,-121.94,0,0,
05/14/2026,10:15:36:360,0.000000,0.000000,3,-97.21,-97.21,0,0,
05/14/2026,10:15:36:441,0.000000,0.000000,2,-82.61,-82.61,0,0,
05/14/2026,10:15:36:456,0.000000,0.000000,4,-122.3,-122.3,0,0,
05/14/2026,10:15:36:588,0.000000,0.000000,1,-119.11,-119.11,0,0,
05/14/2026,10:15:36:591,0.000000,0.000000,3,-94.23,-94.23,0,0,
05/14/2026,10:15:36:647,0.000000,0.000000,2,-110.6,-110.6,0,0,
05/14/2026,10:15:36:680,0.000000,0.000000,4,-125.22,-125.22,0,0,
05/14/2026,10:15:36:767,0.000000,0.000000,1,-120.61,-120.61,0,0,
05/14/2026,10:15:36:800,0.000000,0.000000,3,-88.07,-88.07,0,0,
05/14/2026,10:15:36:873,0.000000,0.000000,2,-99.61,-99.61,0,0,
05/14/2026,10:15:36:907,0.000000,0.000000,4,-124.19,-124.19,0,0,
05/14/2026,10:15:36:995,0.000000,0.000000,1,-120.88,-120.88,0,0,
05/14/2026,10:15:37:033,0.000000,0.000000,3,-103.77,-103.77,0,0,
05/14/2026,10:15:37:099,0.000000,0.000000,2,-99.91,-99.91,0,0,
05/14/2026,10:15:37:132,0.000000,0.000000,4,-123.16,-123.16,0,0,
05/14/2026,10:15:37:221,0.000000,0.000000,1,-121.86,-121.86,0,0,
05/14/2026,10:15:37:252,0.000000,0.000000,3,-97.28,-97.28,0,0,
05/14/2026,10:15:37:322,0.000000,0.000000,2,-92.34,-92.34,0,0,
05/14/2026,10:15:37:357,0.000000,0.000000,4,-121.02,-121.02,0,0,
05/14/2026,10:15:37:443,0.000000,0.000000,1,-120.38,-120.38,0,0,
05/14/2026,10:15:37:480,0.000000,0.000000,3,-120.49,-120.49,0,0,
05/14/2026,10:15:37:547,0.000000,0.000000,2,-89.27,-89.27,0,0,
05/14/2026,10:15:37:583,0.000000,0.000000,4,-123.37,-123.37,0,0,
05/14/2026,10:15:37:670,0.000000,0.000000,1,-120.46,-120.46,0,0,
05/14/2026,10:15:37:704,0.000000,0.000000,3,-91.36,-91.36,0,0,
05/14/2026,10:15:37:772,0.000000,0.000000,2,-87.65,-87.65,0,0,
05/14/2026,10:15:37:808,0.000000,0.000000,4,-121.83,-121.83,0,0,
05/14/2026,10:15:37:895,0.000000,0.000000,1,-120.73,-120.73,0,0,
05/14/2026,10:15:37:926,0.000000,0.000000,3,-90.96,-90.96,0,0,
05/14/2026,10:15:37:999,0.000000,0.000000,2,-92.53,-92.53,0,0,
05/14/2026,10:15:38:033,0.000000,0.000000,4,-119.87,-119.87,0,0,
05/14/2026,10:15:38:120,0.000000,0.000000,1,-119.51,-119.51,0,0,
05/14/2026,10:15:38:155,0.000000,0.000000,3,-107.42,-107.42,0,0,
05/14/2026,10:15:38:224,0.000000,0.000000,2,-118.23,-118.23,0,0,
05/14/2026,10:15:38:259,0.000000,0.000000,4,-120.81,-120.81,0,0,
05/14/2026,10:15:38:345,0.000000,0.000000,1,-120,-120,0,0,
05/14/2026,10:15:38:403,0.000000,0.000000,3,-94.8,-94.8,0,0,
05/14/2026,10:15:38:482,0.000000,0.000000,2,-92.14,-92.14,0,0,
05/14/2026,10:15:38:488,0.000000,0.000000,4,-120.55,-120.55,0,0,
05/14/2026,10:15:38:602,0.000000,0.000000,1,-120.82,-120.82,0,0,
05/14/2026,10:15:38:605,0.000000,0.000000,3,-123.01,-123.01,0,0,
05/14/2026,10:15:38:674,0.000000,0.000000,2,-91.07,-91.07,0,0,
05/14/2026,10:15:38:709,0.000000,0.000000,4,-122.14,-122.14,0,0,
05/14/2026,10:15:38:795,0.000000,0.000000,1,-121.23,-121.23,0,0,
05/14/2026,10:15:38:831,0.000000,0.000000,3,-104.56,-104.56,0,0,
05/14/2026,10:15:38:899,0.000000,0.000000,2,-91.45,-91.45,0,0,
05/14/2026,10:15:38:933,0.000000,0.000000,4,-122.78,-122.78,0,0,
05/14/2026,10:15:39:020,0.000000,0.000000,1,-120.6,-120.6,0,0,
05/14/2026,10:15:39:057,0.000000,0.000000,3,-94.45,-94.45,0,0,
05/14/2026,10:15:39:126,0.000000,0.000000,2,-87.61,-87.61,0,0,
05/14/2026,10:15:39:158,0.000000,0.000000,4,-123.52,-123.52,0,0,
05/14/2026,10:15:39:245,0.000000,0.000000,1,-120.07,-120.07,0,0,
05/14/2026,10:15:39:279,0.000000,0.000000,3,-120.85,-120.85,0,0,
05/14/2026,10:15:39:617,0.000000,0.000000,2,-92.49,-92.49,0,0,
05/14/2026,10:15:39:626,0.000000,0.000000,4,-121.97,-121.97,0,0,
05/14/2026,10:15:39:640,0.000000,0.000000,1,-121.2,-121.2,0,0,
05/14/2026,10:15:39:648,0.000000,0.000000,3,-123.56,-123.56,0,0,
05/14/2026,10:15:39:658,0.000000,0.000000,2,-88.04,-88.04,0,0,
05/14/2026,10:15:39:662,0.000000,0.000000,4,-121.86,-121.86,0,0,
05/14/2026,10:15:39:699,0.000000,0.000000,1,-119.23,-119.23,0,0,
05/14/2026,10:15:39:731,0.000000,0.000000,3,-123.9,-123.9,0,0,
05/14/2026,10:15:39:802,0.000000,0.000000,2,-94.25,-94.25,0,0,
05/14/2026,10:15:39:836,0.000000,0.000000,4,-121.23,-121.23,0,0,
05/14/2026,10:15:39:923,0.000000,0.000000,1,-120.74,-120.74,0,0,
05/14/2026,10:15:39:956,0.000000,0.000000,3,-119.43,-119.43,0,0,
05/14/2026,10:15:40:039,0.000000,0.000000,2,-95.02,-95.02,0,0,
05/14/2026,10:15:40:060,0.000000,0.000000,4,-122.21,-122.21,0,0,
05/14/2026,10:15:40:201,0.000000,0.000000,1,-120.8,-120.8,0,0,
05/14/2026,10:15:40:203,0.000000,0.000000,3,-98.5,-98.5,0,0,
05/14/2026,10:15:40:257,0.000000,0.000000,2,-86.98,-86.98,0,0,
05/14/2026,10:15:40:306,0.000000,0.000000,4,-120.15,-120.15,0,0,
05/14/2026,10:15:40:391,0.000000,0.000000,1,-119.76,-119.76,0,0,
05/14/2026,10:15:40:407,0.000000,0.000000,3,-111.85,-111.85,0,0,
05/14/2026,10:15:40:478,0.000000,0.000000,2,-92.44,-92.44,0,0,
05/14/2026,10:15:40:513,0.000000,0.000000,4,-120.53,-120.53,0,0,
05/14/2026,10:15:40:599,0.000000,0.000000,1,-120.28,-120.28,0,0,
05/14/2026,10:15:40:632,0.000000,0.000000,3,-95.93,-95.93,0,0,
05/14/2026,10:15:40:705,0.000000,0.000000,2,-90.01,-90.01,0,0,
05/14/2026,10:15:40:738,0.000000,0.000000,4,-122.01,-122.01,0,0,
05/14/2026,10:15:40:826,0.000000,0.000000,1,-119.74,-119.74,0,0,
05/14/2026,10:15:40:858,0.000000,0.000000,3,-122.29,-122.29,0,0,
05/14/2026,10:15:40:929,0.000000,0.000000,2,-107.32,-107.32,0,0,
05/14/2026,10:15:40:964,0.000000,0.000000,4,-121.35,-121.35,0,0,
05/14/2026,10:15:41:050,0.000000,0.000000,1,-122.69,-122.69,0,0,
05/14/2026,10:15:41:083,0.000000,0.000000,3,-114.72,-114.72,0,0,
05/14/2026,10:15:41:155,0.000000,0.000000,2,-102.9,-102.9,0,0,
05/14/2026,10:15:41:189,0.000000,0.000000,4,-122.02,-122.02,0,0,
05/14/2026,10:15:41:274,0.000000,0.000000,1,-120.5,-120.5,0,0,
05/14/2026,10:15:41:319,0.000000,0.000000,3,-98.16,-98.16,0,0,
05/14/2026,10:15:41:380,0.000000,0.000000,2,-99.36,-99.36,0,0,
05/14/2026,10:15:41:414,0.000000,0.000000,4,-122.38,-122.38,0,0,
05/14/2026,10:15:41:504,0.000000,0.000000,1,-120.42,-120.42,0,0,
05/14/2026,10:15:41:542,0.000000,0.000000,3,-122.79,-122.79,0,0,
05/14/2026,10:15:41:607,0.000000,0.000000,2,-104.69,-104.69,0,0,
05/14/2026,10:15:41:640,0.000000,0.000000,4,-122.33,-122.33,0,0,
05/14/2026,10:15:41:726,0.000000,0.000000,1,-119.53,-119.53,0,0,
05/14/2026,10:15:41:807,0.000000,0.000000,3,-97.8,-97.8,0,0,
05/14/2026,10:15:41:883,0.000000,0.000000,2,-94.75,-94.75,0,0,
05/14/2026,10:15:41:890,0.000000,0.000000,4,-120.27,-120.27,0,0,
05/14/2026,10:15:41:973,0.000000,0.000000,1,-121.17,-121.17,0,0,
05/14/2026,10:15:41:990,0.000000,0.000000,3,-96.19,-96.19,0,0,
05/14/2026,10:15:42:062,0.000000,0.000000,2,-96.44,-96.44,0,0,
05/14/2026,10:15:42:089,0.000000,0.000000,4,-122.75,-122.75,0,0,
05/14/2026,10:15:42:177,0.000000,0.000000,1,-119.94,-119.94,0,0,
05/14/2026,10:15:42:211,0.000000,0.000000,3,-96.14,-96.14,0,0,
05/14/2026,10:15:42:282,0.000000,0.000000,2,-93.59,-93.59,0,0,
05/14/2026,10:15:42:316,0.000000,0.000000,4,-121.23,-121.23,0,0,
05/14/2026,10:15:42:420,0.000000,0.000000,1,-120.96,-120.96,0,0,
05/14/2026,10:15:42:438,0.000000,0.000000,3,-122.52,-122.52,0,0,
05/14/2026,10:15:42:506,0.000000,0.000000,2,-111.7,-111.7,0,0,
05/14/2026,10:15:42:540,0.000000,0.000000,4,-118.92,-118.92,0,0,
05/14/2026,10:15:42:628,0.000000,0.000000,1,-120.55,-120.55,0,0,
05/14/2026,10:15:42:665,0.000000,0.000000,3,-118.55,-118.55,0,0,
05/14/2026,10:15:42:733,0.000000,0.000000,2,-94.04,-94.04,0,0,
05/14/2026,10:15:42:766,0.000000,0.000000,4,-121.49,-121.49,0,0,
05/14/2026,10:15:42:853,0.000000,0.000000,1,-119.46,-119.46,0,0,
05/14/2026,10:15:42:887,0.000000,0.000000,3,-121.69,-121.69,0,0,
05/14/2026,10:15:42:957,0.000000,0.000000,2,-102.62,-102.62,0,0,
05/14/2026,10:15:42:991,0.000000,0.000000,4,-120.12,-120.12,0,0,
05/14/2026,10:15:43:083,0.000000,0.000000,1,-122.43,-122.43,0,0,
05/14/2026,10:15:43:112,0.000000,0.000000,3,-120.29,-120.29,0,0,
05/14/2026,10:15:43:183,0.000000,0.000000,2,-109.14,-109.14,0,0,
05/14/2026,10:15:43:215,0.000000,0.000000,4,-120.69,-120.69,0,0,
05/14/2026,10:15:43:305,0.000000,0.000000,1,-121.4,-121.4,0,0,
05/14/2026,10:15:43:336,0.000000,0.000000,3,-124,-124,0,0,
05/14/2026,10:15:43:410,0.000000,0.000000,2,-90.22,-90.22,0,0,
05/14/2026,10:15:43:444,0.000000,0.000000,4,-121.04,-121.04,0,0,
05/14/2026,10:15:43:530,0.000000,0.000000,1,-119.09,-119.09,0,0,
05/14/2026,10:15:43:562,0.000000,0.000000,3,-119.49,-119.49,0,0,
05/14/2026,10:15:43:635,0.000000,0.000000,2,-100.3,-100.3,0,0,
05/14/2026,10:15:43:668,0.000000,0.000000,4,-119.69,-119.69,0,0,
05/14/2026,10:15:43:756,0.000000,0.000000,1,-118.91,-118.91,0,0,
05/14/2026,10:15:43:788,0.000000,0.000000,3,-122.45,-122.45,0,0,
05/14/2026,10:15:43:859,0.000000,0.000000,2,-100.58,-100.58,0,0,
05/14/2026,10:15:43:911,0.000000,0.000000,4,-120.44,-120.44,0,0,
05/14/2026,10:15:43:982,0.000000,0.000000,1,-119.31,-119.31,0,0,
05/14/2026,10:15:44:034,0.000000,0.000000,3,-121.53,-121.53,0,0,
05/14/2026,10:15:44:103,0.000000,0.000000,2,-99.68,-99.68,0,0,
05/14/2026,10:15:44:134,0.000000,0.000000,4,-122.11,-122.11,0,0,
05/14/2026,10:15:44:205,0.000000,0.000000,1,-120.37,-120.37,0,0,
05/14/2026,10:15:44:238,0.000000,0.000000,3,-124.81,-124.81,0,0,
05/14/2026,10:15:44:310,0.000000,0.000000,2,-89.29,-89.29,0,0,
05/14/2026,10:15:44:345,0.000000,0.000000,4,-118.97,-118.97,0,0,
05/14/2026,10:15:44:432,0.000000,0.000000,1,-118.48,-118.48,0,0,
05/14/2026,10:15:44:467,0.000000,0.000000,3,-120.09,-120.09,0,0,
05/14/2026,10:15:44:536,0.000000,0.000000,2,-99.12,-99.12,0,0,
05/14/2026,10:15:44:570,0.000000,0.000000,4,-120.35,-120.35,0,0,
05/14/2026,10:15:44:894,0.000000,0.000000,1,-121.67,-121.67,0,0,
05/14/2026,10:15:44:899,0.000000,0.000000,3,-123.12,-123.12,0,0,
05/14/2026,10:15:44:910,0.000000,0.000000,2,-98.62,-98.62,0,0,
05/14/2026,10:15:44:916,0.000000,0.000000,4,-121.68,-121.68,0,0,
05/14/2026,10:15:44:930,0.000000,0.000000,1,-120.19,-120.19,0,0,
05/14/2026,10:15:44:936,0.000000,0.000000,3,-92.84,-92.84,0,0,
05/14/2026,10:15:44:988,0.000000,0.000000,2,-109.74,-109.74,0,0,
05/14/2026,10:15:45:022,0.000000,0.000000,4,-121.11,-121.11,0,0,
05/14/2026,10:15:45:110,0.000000,0.000000,1,-121.3,-121.3,0,0,
05/14/2026,10:15:45:142,0.000000,0.000000,3,-96.3,-96.3,0,0,
05/14/2026,10:15:45:217,0.000000,0.000000,2,-97.39,-97.39,0,0,
05/14/2026,10:15:45:245,0.000000,0.000000,4,-119.05,-119.05,0,0,
05/14/2026,10:15:45:334,0.000000,0.000000,1,-120.48,-120.48,0,0,
05/14/2026,10:15:45:368,0.000000,0.000000,3,-97.89,-97.89,0,0,
05/14/2026,10:15:45:436,0.000000,0.000000,2,-91.89,-91.89,0,0,
05/14/2026,10:15:45:477,0.000000,0.000000,4,-124.24,-124.24,0,0,
05/14/2026,10:15:45:557,0.000000,0.000000,1,-120.61,-120.61,0,0,
05/14/2026,10:15:45:593,0.000000,0.000000,3,-119.97,-119.97,0,0,
05/14/2026,10:15:45:672,0.000000,0.000000,2,-75.84,-75.84,0,0,
05/14/2026,10:15:45:738,0.000000,0.000000,4,-123.08,-123.08,0,0,
05/14/2026,10:15:45:811,0.000000,0.000000,1,-118.86,-118.86,0,0,
05/14/2026,10:15:45:817,0.000000,0.000000,3,-79.6,-79.6,0,0,
05/14/2026,10:15:45:887,0.000000,0.000000,2,-73.39,-73.39,0,0,
05/14/2026,10:15:45:924,0.000000,0.000000,4,-120.67,-120.67,0,0,
05/14/2026,10:15:46:008,0.000000,0.000000,1,-120.6,-120.6,0,0,
05/14/2026,10:15:46:042,0.000000,0.000000,3,-119.85,-119.85,0,0,
05/14/2026,10:15:46:113,0.000000,0.000000,2,-80.62,-80.62,0,0,
05/14/2026,10:15:46:146,0.000000,0.000000,4,-119.87,-119.87,0,0,
05/14/2026,10:15:46:236,0.000000,0.000000,1,-117.1,-117.1,0,0,
05/14/2026,10:15:46:269,0.000000,0.000000,3,-74.47,-74.47,0,0,
05/14/2026,10:15:46:342,0.000000,0.000000,2,-80.21,-80.21,0,0,
05/14/2026,10:15:46:373,0.000000,0.000000,4,-119.42,-119.42,0,0,
05/14/2026,10:15:46:460,0.000000,0.000000,1,-120.34,-120.34,0,0,
05/14/2026,10:15:46:494,0.000000,0.000000,3,-78.59,-78.59,0,0,
05/14/2026,10:15:46:564,0.000000,0.000000,2,-74.83,-74.83,0,0,
05/14/2026,10:15:46:597,0.000000,0.000000,4,-121.42,-121.42,0,0,
05/14/2026,10:15:46:685,0.000000,0.000000,1,-119.97,-119.97,0,0,
05/14/2026,10:15:46:720,0.000000,0.000000,3,-124.76,-124.76,0,0,
05/14/2026,10:15:46:790,0.000000,0.000000,2,-79.68,-79.68,0,0,
05/14/2026,10:15:46:824,0.000000,0.000000,4,-118.99,-118.99,0,0,
05/14/2026,10:15:46:910,0.000000,0.000000,1,-120.38,-120.38,0,0,
05/14/2026,10:15:46:942,0.000000,0.000000,3,-76.16,-76.16,0,0,
05/14/2026,10:15:47:021,0.000000,0.000000,2,-82.34,-82.34,0,0,
05/14/2026,10:15:47:048,0.000000,0.000000,4,-118.73,-118.73,0,0,
05/14/2026,10:15:47:138,0.000000,0.000000,1,-121.21,-121.21,0,0,
05/14/2026,10:15:47:169,0.000000,0.000000,3,-87.16,-87.16,0,0,
05/14/2026,10:15:47:242,0.000000,0.000000,2,-81.96,-81.96,0,0,
05/14/2026,10:15:47:274,0.000000,0.000000,4,-120.89,-120.89,0,0,
05/14/2026,10:15:47:362,0.000000,0.000000,1,-118.96,-118.96,0,0,
05/14/2026,10:15:47:428,0.000000,0.000000,3,-86.88,-86.88,0,0,
05/14/2026,10:15:47:479,0.000000,0.000000,2,-75.71,-75.71,0,0,
05/14/2026,10:15:47:550,0.000000,0.000000,4,-120.28,-120.28,0,0,
05/14/2026,10:15:47:627,0.000000,0.000000,1,-120.48,-120.48,0,0,
05/14/2026,10:15:47:629,0.000000,0.000000,3,-83.36,-83.36,0,0,
05/14/2026,10:15:47:699,0.000000,0.000000,2,-80.52,-80.52,0,0,
05/14/2026,10:15:47:729,0.000000,0.000000,4,-124.34,-124.34,0,0,
05/14/2026,10:15:47:814,0.000000,0.000000,1,-119.33,-119.33,0,0,
05/14/2026,10:15:47:847,0.000000,0.000000,3,-84.62,-84.62,0,0,
05/14/2026,10:15:47:916,0.000000,0.000000,2,-84.79,-84.79,0,0,
05/14/2026,10:15:47:952,0.000000,0.000000,4,-121.49,-121.49,0,0,
05/14/2026,10:15:48:039,0.000000,0.000000,1,-120.34,-120.34,0,0,
05/14/2026,10:15:48:070,0.000000,0.000000,3,-117.69,-117.69,0,0,
05/14/2026,10:15:48:143,0.000000,0.000000,2,-73.55,-73.55,0,0,
05/14/2026,10:15:48:175,0.000000,0.000000,4,-120.79,-120.79,0,0,
05/14/2026,10:15:48:261,0.000000,0.000000,1,-120.99,-120.99,0,0,
05/14/2026,10:15:48:298,0.000000,0.000000,3,-78.91,-78.91,0,0,
05/14/2026,10:15:48:367,0.000000,0.000000,2,-76.38,-76.38,0,0,
05/14/2026,10:15:48:401,0.000000,0.000000,4,-122.64,-122.64,0,0,
05/14/2026,10:15:48:487,0.000000,0.000000,1,-120.38,-120.38,0,0,
05/14/2026,10:15:48:524,0.000000,0.000000,3,-82.9,-82.9,0,0,
05/14/2026,10:15:48:594,0.000000,0.000000,2,-89.07,-89.07,0,0,
05/14/2026,10:15:48:625,0.000000,0.000000,4,-120.71,-120.71,0,0,
05/14/2026,10:15:48:714,0.000000,0.000000,1,-118.51,-118.51,0,0,
05/14/2026,10:15:48:749,0.000000,0.000000,3,-76.41,-76.41,0,0,
05/14/2026,10:15:48:823,0.000000,0.000000,2,-83.62,-83.62,0,0,
05/14/2026,10:15:48:851,0.000000,0.000000,4,-120.23,-120.23,0,0,
05/14/2026,10:15:48:943,0.000000,0.000000,1,-120.79,-120.79,0,0,
05/14/2026,10:15:48:976,0.000000,0.000000,3,-78.41,-78.41,0,0,
05/14/2026,10:15:49:043,0.000000,0.000000,2,-75.14,-75.14,0,0,
05/14/2026,10:15:49:077,0.000000,0.000000,4,-117.61,-117.61,0,0,
05/14/2026,10:15:49:165,0.000000,0.000000,1,-120.14,-120.14,0,0,
05/14/2026,10:15:49:200,0.000000,0.000000,3,-85.1,-85.1,0,0,
05/14/2026,10:15:49:269,0.000000,0.000000,2,-69.98,-69.98,0,0,
05/14/2026,10:15:49:302,0.000000,0.000000,4,-121.23,-121.23,0,0,
05/14/2026,10:15:49:445,0.000000,0.000000,1,-118.64,-118.64,0,0,
05/14/2026,10:15:49:450,0.000000,0.000000,3,-79.23,-79.23,0,0,
05/14/2026,10:15:49:514,0.000000,0.000000,2,-74.61,-74.61,0,0,
05/14/2026,10:15:49:579,0.000000,0.000000,4,-119.11,-119.11,0,0,
05/14/2026,10:15:49:614,0.000000,0.000000,1,-118.5,-118.5,0,0,
05/14/2026,10:15:49:650,0.000000,0.000000,3,-93.1,-93.1,0,0,
05/14/2026,10:15:49:719,0.000000,0.000000,2,-82.09,-82.09,0,0,
05/14/2026,10:15:49:754,0.000000,0.000000,4,-117.57,-117.57,0,0,
05/14/2026,10:15:49:841,0.000000,0.000000,1,-118.56,-118.56,0,0,
05/14/2026,10:15:49:876,0.000000,0.000000,3,-86.68,-86.68,0,0,
05/14/2026,10:15:50:181,0.000000,0.000000,2,-82.49,-82.49,0,0,
05/14/2026,10:15:50:183,0.000000,0.000000,4,-118.4,-118.4,0,0,
05/14/2026,10:15:50:198,0.000000,0.000000,1,-120.37,-120.37,0,0,
05/14/2026,10:15:50:207,0.000000,0.000000,3,-84.66,-84.66,0,0,
05/14/2026,10:15:50:217,0.000000,0.000000,2,-83.64,-83.64,0,0,
05/14/2026,10:15:50:222,0.000000,0.000000,4,-123.76,-123.76,0,0,
05/14/2026,10:15:50:293,0.000000,0.000000,1,-119.21,-119.21,0,0,
05/14/2026,10:15:50:325,0.000000,0.000000,3,-93.39,-93.39,0,0,
05/14/2026,10:15:50:398,0.000000,0.000000,2,-98.69,-98.69,0,0,
05/14/2026,10:15:50:429,0.000000,0.000000,4,-121.08,-121.08,0,0,
05/14/2026,10:15:50:516,0.000000,0.000000,1,-119.16,-119.16,0,0,
05/14/2026,10:15:50:550,0.000000,0.000000,3,-84.72,-84.72,0,0,
05/14/2026,10:15:50:620,0.000000,0.000000,2,-84.35,-84.35,0,0,
05/14/2026,10:15:50:654,0.000000,0.000000,4,-120.07,-120.07,0,0,
05/14/2026,10:15:50:744,0.000000,0.000000,1,-120.07,-120.07,0,0,
05/14/2026,10:15:50:777,0.000000,0.000000,3,-85.88,-85.88,0,0,
05/14/2026,10:15:50:850,0.000000,0.000000,2,-87.35,-87.35,0,0,
05/14/2026,10:15:50:881,0.000000,0.000000,4,-121.27,-121.27,0,0,
05/14/2026,10:15:50:967,0.000000,0.000000,1,-119.47,-119.47,0,0,
05/14/2026,10:15:51:001,0.000000,0.000000,3,-89.35,-89.35,0,0,
05/14/2026,10:15:51:075,0.000000,0.000000,2,-84.77,-84.77,0,0,
05/14/2026,10:15:51:108,0.000000,0.000000,4,-119.47,-119.47,0,0,
05/14/2026,10:15:51:191,0.000000,0.000000,1,-120.17,-120.17,0,0,
05/14/2026,10:15:51:229,0.000000,0.000000,3,-87.69,-87.69,0,0,
05/14/2026,10:15:51:297,0.000000,0.000000,2,-124.13,-124.13,0,0,
05/14/2026,10:15:51:355,0.000000,0.000000,4,-118.64,-118.64,0,0,
05/14/2026,10:15:51:423,0.000000,0.000000,1,-119.45,-119.45,0,0,
05/14/2026,10:15:51:466,0.000000,0.000000,3,-95.65,-95.65,0,0,
05/14/2026,10:15:51:536,0.000000,0.000000,2,-87.31,-87.31,0,0,
05/14/2026,10:15:51:604,0.000000,0.000000,4,-120.62,-120.62,0,0,
05/14/2026,10:15:51:656,0.000000,0.000000,1,-118.95,-118.95,0,0,
05/14/2026,10:15:51:679,0.000000,0.000000,3,-89.65,-89.65,0,0,
05/14/2026,10:15:51:749,0.000000,0.000000,2,-90.59,-90.59,0,0,
05/14/2026,10:15:51:782,0.000000,0.000000,4,-120.08,-120.08,0,0,
05/14/2026,10:15:51:869,0.000000,0.000000,1,-120.79,-120.79,0,0,
05/14/2026,10:15:51:906,0.000000,0.000000,3,-120.54,-120.54,0,0,
05/14/2026,10:15:51:975,0.000000,0.000000,2,-82.5,-82.5,0,0,
05/14/2026,10:15:52:007,0.000000,0.000000,4,-119.8,-119.8,0,0,
05/14/2026,10:15:52:095,0.000000,0.000000,1,-118.53,-118.53,0,0,
05/14/2026,10:15:52:129,0.000000,0.000000,3,-122.28,-122.28,0,0,
05/14/2026,10:15:52:200,0.000000,0.000000,2,-85.52,-85.52,0,0,
05/14/2026,10:15:52:234,0.000000,0.000000,4,-121.86,-121.86,0,0,
05/14/2026,10:15:52:319,0.000000,0.000000,1,-121.15,-121.15,0,0,
05/14/2026,10:15:52:354,0.000000,0.000000,3,-119.58,-119.58,0,0,
05/14/2026,10:15:52:425,0.000000,0.000000,2,-76.09,-76.09,0,0,
05/14/2026,10:15:52:457,0.000000,0.000000,4,-120.58,-120.58,0,0,
05/14/2026,10:15:52:547,0.000000,0.000000,1,-119.49,-119.49,0,0,
05/14/2026,10:15:52:579,0.000000,0.000000,3,-83.23,-83.23,0,0,
05/14/2026,10:15:52:661,0.000000,0.000000,2,-75.97,-75.97,0,0,
05/14/2026,10:15:52:685,0.000000,0.000000,4,-122.17,-122.17,0,0,
05/14/2026,10:15:52:769,0.000000,0.000000,1,-119.9,-119.9,0,0,
05/14/2026,10:15:52:805,0.000000,0.000000,3,-82.41,-82.41,0,0,
05/14/2026,10:15:52:877,0.000000,0.000000,2,-83.09,-83.09,0,0,
05/14/2026,10:15:52:908,0.000000,0.000000,4,-120.87,-120.87,0,0,
05/14/2026,10:15:52:998,0.000000,0.000000,1,-120.68,-120.68,0,0,
05/14/2026,10:15:53:030,0.000000,0.000000,3,-86.55,-86.55,0,0,
05/14/2026,10:15:53:149,0.000000,0.000000,2,-77.79,-77.79,0,0,
05/14/2026,10:15:53:153,0.000000,0.000000,4,-120.46,-120.46,0,0,
05/14/2026,10:15:53:228,0.000000,0.000000,1,-122.89,-122.89,0,0,
05/14/2026,10:15:53:286,0.000000,0.000000,3,-86.33,-86.33,0,0,
05/14/2026,10:15:53:358,0.000000,0.000000,2,-85.92,-85.92,0,0,
05/14/2026,10:15:53:365,0.000000,0.000000,4,-119.67,-119.67,0,0,
05/14/2026,10:15:53:446,0.000000,0.000000,1,-120.47,-120.47,0,0,
05/14/2026,10:15:53:482,0.000000,0.000000,3,-92.46,-92.46,0,0,
05/14/2026,10:15:53:552,0.000000,0.000000,2,-88.83,-88.83,0,0,
05/14/2026,10:15:53:585,0.000000,0.000000,4,-122.56,-122.56,0,0,
05/14/2026,10:15:53:672,0.000000,0.000000,1,-120.33,-120.33,0,0,
05/14/2026,10:15:53:707,0.000000,0.000000,3,-119,-119,0,0,
05/14/2026,10:15:53:779,0.000000,0.000000,2,-76.04,-76.04,0,0,
05/14/2026,10:15:53:813,0.000000,0.000000,4,-122.34,-122.34,0,0,
05/14/2026,10:15:53:897,0.000000,0.000000,1,-120.96,-120.96,0,0,
05/14/2026,10:15:53:947,0.000000,0.000000,3,-122.82,-122.82,0,0,
05/14/2026,10:15:54:002,0.000000,0.000000,2,-90.66,-90.66,0,0,
05/14/2026,10:15:54:036,0.000000,0.000000,4,-121.75,-121.75,0,0,
05/14/2026,10:15:54:123,0.000000,0.000000,1,-121.7,-121.7,0,0,
05/14/2026,10:15:54:156,0.000000,0.000000,3,-90.89,-90.89,0,0,
05/14/2026,10:15:54:228,0.000000,0.000000,2,-90.32,-90.32,0,0,
05/14/2026,10:15:54:262,0.000000,0.000000,4,-119.48,-119.48,0,0,
05/14/2026,10:15:54:347,0.000000,0.000000,1,-120.71,-120.71,0,0,
05/14/2026,10:15:54:382,0.000000,0.000000,3,-120.81,-120.81,0,0,
05/14/2026,10:15:54:454,0.000000,0.000000,2,-86.41,-86.41,0,0,
05/14/2026,10:15:54:486,0.000000,0.000000,4,-119.53,-119.53,0,0,
05/14/2026,10:15:54:575,0.000000,0.000000,1,-118.93,-118.93,0,0,
05/14/2026,10:15:54:607,0.000000,0.000000,3,-122.03,-122.03,0,0,
05/14/2026,10:15:54:678,0.000000,0.000000,2,-89.69,-89.69,0,0,
05/14/2026,10:15:54:712,0.000000,0.000000,4,-122.09,-122.09,0,0,
05/14/2026,10:15:54:800,0.000000,0.000000,1,-121.4,-121.4,0,0,
05/14/2026,10:15:54:833,0.000000,0.000000,3,-122.07,-122.07,0,0,
05/14/2026,10:15:54:904,0.000000,0.000000,2,-83.09,-83.09,0,0,
05/14/2026,10:15:54:962,0.000000,0.000000,4,-121.9,-121.9,0,0,
05/14/2026,10:15:55:047,0.000000,0.000000,1,-120.85,-120.85,0,0,
05/14/2026,10:15:55:063,0.000000,0.000000,3,-117.06,-117.06,0,0,
05/14/2026,10:15:55:161,0.000000,0.000000,2,-83.53,-83.53,0,0,
05/14/2026,10:15:55:170,0.000000,0.000000,4,-118.62,-118.62,0,0,
05/14/2026,10:15:55:457,0.000000,0.000000,1,-118.88,-118.88,0,0,
05/14/2026,10:15:55:460,0.000000,0.000000,3,-120.61,-120.61,0,0,
05/14/2026,10:15:55:478,0.000000,0.000000,2,-83.62,-83.62,0,0,
05/14/2026,10:15:55:488,0.000000,0.000000,4,-122.22,-122.22,0,0,
05/14/2026,10:15:55:508,0.000000,0.000000,1,-120.73,-120.73,0,0,
05/14/2026,10:15:55:513,0.000000,0.000000,3,-121.69,-121.69,0,0,
05/14/2026,10:15:55:579,0.000000,0.000000,2,-87.04,-87.04,0,0,
05/14/2026,10:15:55:612,0.000000,0.000000,4,-121.12,-121.12,0,0,
05/14/2026,10:15:55:701,0.000000,0.000000,1,-120.74,-120.74,0,0,
05/14/2026,10:15:55:734,0.000000,0.000000,3,-121.21,-121.21,0,0,
05/14/2026,10:15:55:807,0.000000,0.000000,2,-89.71,-89.71,0,0,
05/14/2026,10:15:55:841,0.000000,0.000000,4,-121.12,-121.12,0,0,
05/14/2026,10:15:55:926,0.000000,0.000000,1,-120.64,-120.64,0,0,
05/14/2026,10:15:55:960,0.000000,0.000000,3,-119,-119,0,0,
05/14/2026,10:15:56:031,0.000000,0.000000,2,-87.93,-87.93,0,0,
05/14/2026,10:15:56:064,0.000000,0.000000,4,-120.75,-120.75,0,0,
05/14/2026,10:15:56:151,0.000000,0.000000,1,-120.05,-120.05,0,0,
05/14/2026,10:15:56:184,0.000000,0.000000,3,-111.63,-111.63,0,0,
05/14/2026,10:15:56:254,0.000000,0.000000,2,-82.71,-82.71,0,0,
05/14/2026,10:15:56:290,0.000000,0.000000,4,-120.31,-120.31,0,0,
05/14/2026,10:15:56:378,0.000000,0.000000,1,-119.83,-119.83,0,0,
05/14/2026,10:15:56:412,0.000000,0.000000,3,-123.66,-123.66,0,0,
05/14/2026,10:15:56:502,0.000000,0.000000,2,-89.32,-89.32,0,0,
05/14/2026,10:15:56:515,0.000000,0.000000,4,-122.31,-122.31,0,0,
05/14/2026,10:15:56:601,0.000000,0.000000,1,-124.31,-124.31,0,0,
05/14/2026,10:15:56:641,0.000000,0.000000,3,-123.75,-123.75,0,0,
05/14/2026,10:15:56:706,0.000000,0.000000,2,-86.26,-86.26,0,0,
05/14/2026,10:15:56:742,0.000000,0.000000,4,-120.41,-120.41,0,0,
05/14/2026,10:15:56:836,0.000000,0.000000,1,-121.18,-121.18,0,0,
05/14/2026,10:15:56:903,0.000000,0.000000,3,-94.42,-94.42,0,0,
05/14/2026,10:15:56:977,0.000000,0.000000,2,-92.45,-92.45,0,0,
05/14/2026,10:15:56:984,0.000000,0.000000,4,-120.5,-120.5,0,0,
05/14/2026,10:15:57:061,0.000000,0.000000,1,-119.46,-119.46,0,0,
05/14/2026,10:15:57:088,0.000000,0.000000,3,-88.05,-88.05,0,0,
05/14/2026,10:15:57:160,0.000000,0.000000,2,-91.53,-91.53,0,0,
05/14/2026,10:15:57:191,0.000000,0.000000,4,-120.22,-120.22,0,0,
05/14/2026,10:15:57:279,0.000000,0.000000,1,-120.16,-120.16,0,0,
05/14/2026,10:15:57:314,0.000000,0.000000,3,-83.94,-83.94,0,0,
05/14/2026,10:15:57:381,0.000000,0.000000,2,-89.19,-89.19,0,0,
05/14/2026,10:15:57:421,0.000000,0.000000,4,-119.89,-119.89,0,0,
05/14/2026,10:15:57:505,0.000000,0.000000,1,-119.92,-119.92,0,0,
05/14/2026,10:15:57:538,0.000000,0.000000,3,-89.5,-89.5,0,0,
05/14/2026,10:15:57:608,0.000000,0.000000,2,-93.43,-93.43,0,0,
05/14/2026,10:15:57:641,0.000000,0.000000,4,-118.25,-118.25,0,0,
05/14/2026,10:15:57:728,0.000000,0.000000,1,-119.91,-119.91,0,0,
05/14/2026,10:15:57:769,0.000000,0.000000,3,-94.03,-94.03,0,0,
05/14/2026,10:15:57:835,0.000000,0.000000,2,-86.75,-86.75,0,0,
05/14/2026,10:15:57:868,0.000000,0.000000,4,-120.51,-120.51,0,0,
05/14/2026,10:15:57:959,0.000000,0.000000,1,-121.68,-121.68,0,0,
05/14/2026,10:15:57:991,0.000000,0.000000,3,-88.97,-88.97,0,0,
05/14/2026,10:15:58:061,0.000000,0.000000,2,-84.47,-84.47,0,0,
05/14/2026,10:15:58:091,0.000000,0.000000,4,-120.78,-120.78,0,0,
05/14/2026,10:15:58:179,0.000000,0.000000,1,-119.97,-119.97,0,0,
05/14/2026,10:15:58:214,0.000000,0.000000,3,-91.74,-91.74,0,0,
05/14/2026,10:15:58:284,0.000000,0.000000,2,-99.25,-99.25,0,0,
05/14/2026,10:15:58:317,0.000000,0.000000,4,-119.87,-119.87,0,0,
05/14/2026,10:15:58:404,0.000000,0.000000,1,-120.44,-120.44,0,0,
05/14/2026,10:15:58:438,0.000000,0.000000,3,-95.07,-95.07,0,0,
05/14/2026,10:15:58:512,0.000000,0.000000,2,-89.65,-89.65,0,0,
05/14/2026,10:15:58:543,0.000000,0.000000,4,-119.18,-119.18,0,0,
05/14/2026,10:15:58:640,0.000000,0.000000,1,-120.66,-120.66,0,0,
05/14/2026,10:15:58:712,0.000000,0.000000,3,-118.59,-118.59,0,0,
05/14/2026,10:15:58:789,0.000000,0.000000,2,-89.83,-89.83,0,0,
05/14/2026,10:15:58:797,0.000000,0.000000,4,-120.21,-120.21,0,0,
05/14/2026,10:15:58:859,0.000000,0.000000,1,-119.96,-119.96,0,0,
05/14/2026,10:15:58:893,0.000000,0.000000,3,-120.43,-120.43,0,0,
05/14/2026,10:15:58:967,0.000000,0.000000,2,-84.7,-84.7,0,0,
05/14/2026,10:15:58:992,0.000000,0.000000,4,-121.25,-121.25,0,0,
05/14/2026,10:15:59:081,0.000000,0.000000,1,-118.69,-118.69,0,0,
05/14/2026,10:15:59:136,0.000000,0.000000,3,-83.35,-83.35,0,0,
05/14/2026,10:15:59:198,0.000000,0.000000,2,-85.88,-85.88,0,0,
05/14/2026,10:15:59:221,0.000000,0.000000,4,-122.04,-122.04,0,0,
05/14/2026,10:15:59:318,0.000000,0.000000,1,-120.24,-120.24,0,0,
05/14/2026,10:15:59:344,0.000000,0.000000,3,-120.41,-120.41,0,0,
05/14/2026,10:15:59:451,0.000000,0.000000,2,-107.87,-107.87,0,0,
05/14/2026,10:15:59:502,0.000000,0.000000,4,-120.65,-120.65,0,0,
05/14/2026,10:15:59:555,0.000000,0.000000,1,-119.68,-119.68,0,0,
05/14/2026,10:15:59:584,0.000000,0.000000,3,-118.77,-118.77,0,0,
05/14/2026,10:15:59:637,0.000000,0.000000,2,-93.92,-93.92,0,0,
05/14/2026,10:15:59:673,0.000000,0.000000,4,-118.69,-118.69,0,0,
05/14/2026,10:15:59:761,0.000000,0.000000,1,-121.03,-121.03,0,0,
05/14/2026,10:15:59:794,0.000000,0.000000,3,-94.12,-94.12,0,0,
05/14/2026,10:15:59:861,0.000000,0.000000,2,-86.56,-86.56,0,0,
05/14/2026,10:15:59:895,0.000000,0.000000,4,-120.71,-120.71,0,0,
05/14/2026,10:15:59:983,0.000000,0.000000,1,-120.92,-120.92,0,0,
05/14/2026,10:16:00:014,0.000000,0.000000,3,-88.14,-88.14,0,0,
05/14/2026,10:16:00:088,0.000000,0.000000,2,-87.97,-87.97,0,0,
05/14/2026,10:16:00:123,0.000000,0.000000,4,-121.21,-121.21,0,0,
05/14/2026,10:16:00:207,0.000000,0.000000,1,-119.09,-119.09,0,0,
05/14/2026,10:16:00:246,0.000000,0.000000,3,-118.58,-118.58,0,0,
05/14/2026,10:16:00:312,0.000000,0.000000,2,-80.97,-80.97,0,0,
05/14/2026,10:16:00:347,0.000000,0.000000,4,-116.03,-116.03,0,0,
05/14/2026,10:16:00:467,0.000000,0.000000,1,-114.79,-114.79,0,0,
05/14/2026,10:16:00:739,0.000000,0.000000,3,-75.93,-75.93,0,0,
05/14/2026,10:16:00:745,0.000000,0.000000,2,-60.79,-60.79,0,0,
05/14/2026,10:16:00:747,0.000000,0.000000,4,-119.19,-119.19,0,0,
05/14/2026,10:16:00:764,0.000000,0.000000,1,-120.09,-120.09,0,0,
05/14/2026,10:16:00:770,0.000000,0.000000,3,-69.77,-69.77,0,0,
05/14/2026,10:16:00:780,0.000000,0.000000,2,-74.77,-74.77,0,0,
05/14/2026,10:16:00:798,0.000000,0.000000,4,-118.46,-118.46,0,0,
05/14/2026,10:16:00:884,0.000000,0.000000,1,-120.58,-120.58,0,0,
05/14/2026,10:16:00:917,0.000000,0.000000,3,-69.52,-69.52,0,0,
05/14/2026,10:16:00:990,0.000000,0.000000,2,-79.76,-79.76,0,0,
05/14/2026,10:16:01:024,0.000000,0.000000,4,-119.15,-119.15,0,0,
05/14/2026,10:16:01:112,0.000000,0.000000,1,-118.73,-118.73,0,0,
05/14/2026,10:16:01:146,0.000000,0.000000,3,-74.11,-74.11,0,0,
05/14/2026,10:16:01:215,0.000000,0.000000,2,-86.15,-86.15,0,0,
05/14/2026,10:16:01:249,0.000000,0.000000,4,-121.73,-121.73,0,0,
05/14/2026,10:16:01:336,0.000000,0.000000,1,-120.33,-120.33,0,0,
05/14/2026,10:16:01:369,0.000000,0.000000,3,-119.07,-119.07,0,0,
05/14/2026,10:16:01:439,0.000000,0.000000,2,-121.37,-121.37,0,0,
05/14/2026,10:16:01:475,0.000000,0.000000,4,-122.59,-122.59,0,0,
05/14/2026,10:16:01:563,0.000000,0.000000,1,-120.12,-120.12,0,0,
05/14/2026,10:16:01:597,0.000000,0.000000,3,-78.93,-78.93,0,0,
05/14/2026,10:16:01:667,0.000000,0.000000,2,-83.18,-83.18,0,0,
05/14/2026,10:16:01:700,0.000000,0.000000,4,-119.1,-119.1,0,0,
05/14/2026,10:16:01:802,0.000000,0.000000,1,-118.93,-118.93,0,0,
05/14/2026,10:16:01:819,0.000000,0.000000,3,-88.24,-88.24,0,0,
05/14/2026,10:16:01:890,0.000000,0.000000,2,-88.4,-88.4,0,0,
05/14/2026,10:16:01:926,0.000000,0.000000,4,-121.75,-121.75,0,0,
05/14/2026,10:16:02:015,0.000000,0.000000,1,-120.35,-120.35,0,0,
05/14/2026,10:16:02:047,0.000000,0.000000,3,-74.16,-74.16,0,0,
05/14/2026,10:16:02:116,0.000000,0.000000,2,-81.2,-81.2,0,0,
05/14/2026,10:16:02:150,0.000000,0.000000,4,-121,-121,0,0,
05/14/2026,10:16:02:239,0.000000,0.000000,1,-119.87,-119.87,0,0,
05/14/2026,10:16:02:272,0.000000,0.000000,3,-117.73,-117.73,0,0,
05/14/2026,10:16:02:340,0.000000,0.000000,2,-83.76,-83.76,0,0,
05/14/2026,10:16:02:377,0.000000,0.000000,4,-120.3,-120.3,0,0,
05/14/2026,10:16:02:496,0.000000,0.000000,1,-120.09,-120.09,0,0,
05/14/2026,10:16:02:499,0.000000,0.000000,3,-85.67,-85.67,0,0,
05/14/2026,10:16:02:601,0.000000,0.000000,2,-83.09,-83.09,0,0,
05/14/2026,10:16:02:606,0.000000,0.000000,4,-120.81,-120.81,0,0,
05/14/2026,10:16:02:688,0.000000,0.000000,1,-119.24,-119.24,0,0,
05/14/2026,10:16:02:724,0.000000,0.000000,3,-91.21,-91.21,0,0,
05/14/2026,10:16:02:793,0.000000,0.000000,2,-74.96,-74.96,0,0,
05/14/2026,10:16:02:827,0.000000,0.000000,4,-117.79,-117.79,0,0,
05/14/2026,10:16:02:914,0.000000,0.000000,1,-118.03,-118.03,0,0,
05/14/2026,10:16:02:950,0.000000,0.000000,3,-90.85,-90.85,0,0,
05/14/2026,10:16:03:016,0.000000,0.000000,2,-86.01,-86.01,0,0,
05/14/2026,10:16:03:053,0.000000,0.000000,4,-119.14,-119.14,0,0,
05/14/2026,10:16:03:140,0.000000,0.000000,1,-118.71,-118.71,0,0,
05/14/2026,10:16:03:175,0.000000,0.000000,3,-79.21,-79.21,0,0,
05/14/2026,10:16:03:243,0.000000,0.000000,2,-98.56,-98.56,0,0,
05/14/2026,10:16:03:276,0.000000,0.000000,4,-121.58,-121.58,0,0,
05/14/2026,10:16:03:366,0.000000,0.000000,1,-120.51,-120.51,0,0,
05/14/2026,10:16:03:399,0.000000,0.000000,3,-78.12,-78.12,0,0,
05/14/2026,10:16:03:468,0.000000,0.000000,2,-91.97,-91.97,0,0,
05/14/2026,10:16:03:503,0.000000,0.000000,4,-121.69,-121.69,0,0,
05/14/2026,10:16:03:589,0.000000,0.000000,1,-120.9,-120.9,0,0,
05/14/2026,10:16:03:625,0.000000,0.000000,3,-118.96,-118.96,0,0,
05/14/2026,10:16:03:695,0.000000,0.000000,2,-84.91,-84.91,0,0,
05/14/2026,10:16:03:727,0.000000,0.000000,4,-120.42,-120.42,0,0,
05/14/2026,10:16:03:817,0.000000,0.000000,1,-120.77,-120.77,0,0,
05/14/2026,10:16:03:853,0.000000,0.000000,3,-88.29,-88.29,0,0,
05/14/2026,10:16:03:921,0.000000,0.000000,2,-85.17,-85.17,0,0,
05/14/2026,10:16:03:954,0.000000,0.000000,4,-120.55,-120.55,0,0,
05/14/2026,10:16:04:041,0.000000,0.000000,1,-119.18,-119.18,0,0,
05/14/2026,10:16:04:074,0.000000,0.000000,3,-87.05,-87.05,0,0,
05/14/2026,10:16:04:147,0.000000,0.000000,2,-83.21,-83.21,0,0,
05/14/2026,10:16:04:185,0.000000,0.000000,4,-124.34,-124.34,0,0,
05/14/2026,10:16:04:266,0.000000,0.000000,1,-118.35,-118.35,0,0,
05/14/2026,10:16:04:301,0.000000,0.000000,3,-119.28,-119.28,0,0,
05/14/2026,10:16:04:390,0.000000,0.000000,2,-81.9,-81.9,0,0,
05/14/2026,10:16:04:406,0.000000,0.000000,4,-121.19,-121.19,0,0,
05/14/2026,10:16:04:505,0.000000,0.000000,1,-120.47,-120.47,0,0,
05/14/2026,10:16:04:579,0.000000,0.000000,3,-72.69,-72.69,0,0,
05/14/2026,10:16:04:598,0.000000,0.000000,2,-80.02,-80.02,0,0,
05/14/2026,10:16:04:631,0.000000,0.000000,4,-119.54,-119.54,0,0,
05/14/2026,10:16:04:717,0.000000,0.000000,1,-120.43,-120.43,0,0,
05/14/2026,10:16:04:753,0.000000,0.000000,3,-119.29,-119.29,0,0,
05/14/2026,10:16:04:823,0.000000,0.000000,2,-76.74,-76.74,0,0,
05/14/2026,10:16:04:856,0.000000,0.000000,4,-120.07,-120.07,0,0,
05/14/2026,10:16:04:944,0.000000,0.000000,1,-119.24,-119.24,0,0,
05/14/2026,10:16:04:977,0.000000,0.000000,3,-75.99,-75.99,0,0,
05/14/2026,10:16:05:049,0.000000,0.000000,2,-77.64,-77.64,0,0,
05/14/2026,10:16:05:083,0.000000,0.000000,4,-120.59,-120.59,0,0,
05/14/2026,10:16:05:168,0.000000,0.000000,1,-118.7,-118.7,0,0,
05/14/2026,10:16:05:202,0.000000,0.000000,3,-84.17,-84.17,0,0,
05/14/2026,10:16:05:273,0.000000,0.000000,2,-78.51,-78.51,0,0,
05/14/2026,10:16:05:307,0.000000,0.000000,4,-121.02,-121.02,0,0,
05/14/2026,10:16:05:393,0.000000,0.000000,1,-119.74,-119.74,0,0,
05/14/2026,10:16:05:427,0.000000,0.000000,3,-85.31,-85.31,0,0,
05/14/2026,10:16:05:501,0.000000,0.000000,2,-83.88,-83.88,0,0,
05/14/2026,10:16:05:532,0.000000,0.000000,4,-119.8,-119.8,0,0,
05/14/2026,10:16:05:623,0.000000,0.000000,1,-121.27,-121.27,0,0,
05/14/2026,10:16:05:654,0.000000,0.000000,3,-87.35,-87.35,0,0,
05/14/2026,10:16:05:724,0.000000,0.000000,2,-90.49,-90.49,0,0,
05/14/2026,10:16:06:015,0.000000,0.000000,4,-119.95,-119.95,0,0,
05/14/2026,10:16:06:036,0.000000,0.000000,1,-119.53,-119.53,0,0,
05/14/2026,10:16:06:041,0.000000,0.000000,3,-84.83,-84.83,0,0,
05/14/2026,10:16:06:055,0.000000,0.000000,2,-78.89,-78.89,0,0,
05/14/2026,10:16:06:058,0.000000,0.000000,4,-119.45,-119.45,0,0,
05/14/2026,10:16:06:073,0.000000,0.000000,1,-119.31,-119.31,0,0,
05/14/2026,10:16:06:149,0.000000,0.000000,3,-85.2,-85.2,0,0,
05/14/2026,10:16:06:237,0.000000,0.000000,2,-79.73,-79.73,0,0,
05/14/2026,10:16:06:239,0.000000,0.000000,4,-121.35,-121.35,0,0,
05/14/2026,10:16:06:310,0.000000,0.000000,1,-120.24,-120.24,0,0,
05/14/2026,10:16:06:365,0.000000,0.000000,3,-91.46,-91.46,0,0,
05/14/2026,10:16:06:403,0.000000,0.000000,2,-88.54,-88.54,0,0,
05/14/2026,10:16:06:433,0.000000,0.000000,4,-118.28,-118.28,0,0,
05/14/2026,10:16:06:522,0.000000,0.000000,1,-120.73,-120.73,0,0,
05/14/2026,10:16:06:559,0.000000,0.000000,3,-85.48,-85.48,0,0,
05/14/2026,10:16:06:625,0.000000,0.000000,2,-79.13,-79.13,0,0,
05/14/2026,10:16:06:660,0.000000,0.000000,4,-119.44,-119.44,0,0,
05/14/2026,10:16:06:744,0.000000,0.000000,1,-119.55,-119.55,0,0,
05/14/2026,10:16:06:781,0.000000,0.000000,3,-94.3,-94.3,0,0,
05/14/2026,10:16:06:854,0.000000,0.000000,2,-99.25,-99.25,0,0,
05/14/2026,10:16:06:887,0.000000,0.000000,4,-120.24,-120.24,0,0,
05/14/2026,10:16:06:973,0.000000,0.000000,1,-120.43,-120.43,0,0,
05/14/2026,10:16:07:007,0.000000,0.000000,3,-97.04,-97.04,0,0,
05/14/2026,10:16:07:076,0.000000,0.000000,2,-86.11,-86.11,0,0,
05/14/2026,10:16:07:109,0.000000,0.000000,4,-121.06,-121.06,0,0,
05/14/2026,10:16:07:196,0.000000,0.000000,1,-120.21,-120.21,0,0,
05/14/2026,10:16:07:233,0.000000,0.000000,3,-95.09,-95.09,0,0,
05/14/2026,10:16:07:301,0.000000,0.000000,2,-95.11,-95.11,0,0,
05/14/2026,10:16:07:335,0.000000,0.000000,4,-121.11,-121.11,0,0,
05/14/2026,10:16:07:421,0.000000,0.000000,1,-118.96,-118.96,0,0,
05/14/2026,10:16:07:456,0.000000,0.000000,3,-91.41,-91.41,0,0,
05/14/2026,10:16:07:531,0.000000,0.000000,2,-93.2,-93.2,0,0,
05/14/2026,10:16:07:561,0.000000,0.000000,4,-122.37,-122.37,0,0,
05/14/2026,10:16:07:647,0.000000,0.000000,1,-125.06,-125.06,0,0,
05/14/2026,10:16:07:682,0.000000,0.000000,3,-93.11,-93.11,0,0,
05/14/2026,10:16:07:754,0.000000,0.000000,2,-84.51,-84.51,0,0,
05/14/2026,10:16:07:786,0.000000,0.000000,4,-119.33,-119.33,0,0,
05/14/2026,10:16:07:874,0.000000,0.000000,1,-122.38,-122.38,0,0,
05/14/2026,10:16:07:907,0.000000,0.000000,3,-121.72,-121.72,0,0,
05/14/2026,10:16:07:980,0.000000,0.000000,2,-91.22,-91.22,0,0,
05/14/2026,10:16:08:020,0.000000,0.000000,4,-119.57,-119.57,0,0,
05/14/2026,10:16:08:114,0.000000,0.000000,1,-119.91,-119.91,0,0,
05/14/2026,10:16:08:176,0.000000,0.000000,3,-93.12,-93.12,0,0,
05/14/2026,10:16:08:232,0.000000,0.000000,2,-86.23,-86.23,0,0,
05/14/2026,10:16:08:236,0.000000,0.000000,4,-120.59,-120.59,0,0,
05/14/2026,10:16:08:348,0.000000,0.000000,1,-121.67,-121.67,0,0,
05/14/2026,10:16:08:394,0.000000,0.000000,3,-86.26,-86.26,0,0,
05/14/2026,10:16:08:428,0.000000,0.000000,2,-80.68,-80.68,0,0,
05/14/2026,10:16:08:462,0.000000,0.000000,4,-117.92,-117.92,0,0,
05/14/2026,10:16:08:549,0.000000,0.000000,1,-119.95,-119.95,0,0,
05/14/2026,10:16:08:587,0.000000,0.000000,3,-117.7,-117.7,0,0,
05/14/2026,10:16:08:654,0.000000,0.000000,2,-95.9,-95.9,0,0,
05/14/2026,10:16:08:687,0.000000,0.000000,4,-122.33,-122.33,0,0,
05/14/2026,10:16:08:775,0.000000,0.000000,1,-120.7,-120.7,0,0,
05/14/2026,10:16:08:810,0.000000,0.000000,3,-120.98,-120.98,0,0,
05/14/2026,10:16:08:881,0.000000,0.000000,2,-90.52,-90.52,0,0,
05/14/2026,10:16:08:914,0.000000,0.000000,4,-120.54,-120.54,0,0,
05/14/2026,10:16:09:001,0.000000,0.000000,1,-118.53,-118.53,0,0,
05/14/2026,10:16:09:035,0.000000,0.000000,3,-118.48,-118.48,0,0,
05/14/2026,10:16:09:106,0.000000,0.000000,2,-83.59,-83.59,0,0,
05/14/2026,10:16:09:139,0.000000,0.000000,4,-120.12,-120.12,0,0,
05/14/2026,10:16:09:226,0.000000,0.000000,1,-120.53,-120.53,0,0,
05/14/2026,10:16:09:259,0.000000,0.000000,3,-83.11,-83.11,0,0,
05/14/2026,10:16:09:329,0.000000,0.000000,2,-83.08,-83.08,0,0,
05/14/2026,10:16:09:363,0.000000,0.000000,4,-118.56,-118.56,0,0,
05/14/2026,10:16:09:451,0.000000,0.000000,1,-118.44,-118.44,0,0,
05/14/2026,10:16:09:484,0.000000,0.000000,3,-117.17,-117.17,0,0,
05/14/2026,10:16:09:558,0.000000,0.000000,2,-90.54,-90.54,0,0,
05/14/2026,10:16:09:591,0.000000,0.000000,4,-121.04,-121.04,0,0,
05/14/2026,10:16:09:675,0.000000,0.000000,1,-120.67,-120.67,0,0,
05/14/2026,10:16:09:739,0.000000,0.000000,3,-120.59,-120.59,0,0,
05/14/2026,10:16:09:812,0.000000,0.000000,2,-96.65,-96.65,0,0,
05/14/2026,10:16:09:819,0.000000,0.000000,4,-119.94,-119.94,0,0,
05/14/2026,10:16:09:959,0.000000,0.000000,1,-120.54,-120.54,0,0,
05/14/2026,10:16:09:962,0.000000,0.000000,3,-90.44,-90.44,0,0,
05/14/2026,10:16:10:008,0.000000,0.000000,2,-92.58,-92.58,0,0,
05/14/2026,10:16:10:043,0.000000,0.000000,4,-120.29,-120.29,0,0,
05/14/2026,10:16:10:129,0.000000,0.000000,1,-120.59,-120.59,0,0,
05/14/2026,10:16:10:161,0.000000,0.000000,3,-89.43,-89.43,0,0,
05/14/2026,10:16:10:239,0.000000,0.000000,2,-101.04,-101.04,0,0,
05/14/2026,10:16:10:267,0.000000,0.000000,4,-118.42,-118.42,0,0,
05/14/2026,10:16:10:354,0.000000,0.000000,1,-122.96,-122.96,0,0,
05/14/2026,10:16:10:385,0.000000,0.000000,3,-88.64,-88.64,0,0,
05/14/2026,10:16:10:457,0.000000,0.000000,2,-78.72,-78.72,0,0,
05/14/2026,10:16:10:493,0.000000,0.000000,4,-120.51,-120.51,0,0,
05/14/2026,10:16:10:583,0.000000,0.000000,1,-120.28,-120.28,0,0,
05/14/2026,10:16:10:612,0.000000,0.000000,3,-76.62,-76.62,0,0,
05/14/2026,10:16:10:683,0.000000,0.000000,2,-79.46,-79.46,0,0,
05/14/2026,10:16:10:717,0.000000,0.000000,4,-119.06,-119.06,0,0,
05/14/2026,10:16:10:803,0.000000,0.000000,1,-119.95,-119.95,0,0,
05/14/2026,10:16:10:837,0.000000,0.000000,3,-80.77,-80.77,0,0,
05/14/2026,10:16:10:908,0.000000,0.000000,2,-82.94,-82.94,0,0,
05/14/2026,10:16:10:943,0.000000,0.000000,4,-120.91,-120.91,0,0,
05/14/2026,10:16:11:295,0.000000,0.000000,1,-120.88,-120.88,0,0,
05/14/2026,10:16:11:297,0.000000,0.000000,3,-86.63,-86.63,0,0,
05/14/2026,10:16:11:314,0.000000,0.000000,2,-88.17,-88.17,0,0,
05/14/2026,10:16:11:319,0.000000,0.000000,4,-120.49,-120.49,0,0,
05/14/2026,10:16:11:333,0.000000,0.000000,1,-120.32,-120.32,0,0,
05/14/2026,10:16:11:338,0.000000,0.000000,3,-92.91,-92.91,0,0,
05/14/2026,10:16:11:359,0.000000,0.000000,2,-92.94,-92.94,0,0,
05/14/2026,10:16:11:394,0.000000,0.000000,4,-118.8,-118.8,0,0,
05/14/2026,10:16:11:481,0.000000,0.000000,1,-123,-123,0,0,
05/14/2026,10:16:11:515,0.000000,0.000000,3,-82.28,-82.28,0,0,
05/14/2026,10:16:11:639,0.000000,0.000000,2,-84.04,-84.04,0,0,
05/14/2026,10:16:11:644,0.000000,0.000000,4,-121.99,-121.99,0,0,
05/14/2026,10:16:11:735,0.000000,0.000000,1,-122.19,-122.19,0,0,
05/14/2026,10:16:11:739,0.000000,0.000000,3,-80.77,-80.77,0,0,
05/14/2026,10:16:11:812,0.000000,0.000000,2,-77.21,-77.21,0,0,
05/14/2026,10:16:11:869,0.000000,0.000000,4,-120.12,-120.12,0,0,
05/14/2026,10:16:11:929,0.000000,0.000000,1,-118.03,-118.03,0,0,
05/14/2026,10:16:11:964,0.000000,0.000000,3,-88.54,-88.54,0,0,
05/14/2026,10:16:12:042,0.000000,0.000000,2,-82.55,-82.55,0,0,
05/14/2026,10:16:12:073,0.000000,0.000000,4,-119.6,-119.6,0,0,
05/14/2026,10:16:12:156,0.000000,0.000000,1,-119.28,-119.28,0,0,
05/14/2026,10:16:12:190,0.000000,0.000000,3,-88.36,-88.36,0,0,
05/14/2026,10:16:12:262,0.000000,0.000000,2,-80.33,-80.33,0,0,
05/14/2026,10:16:12:293,0.000000,0.000000,4,-121.83,-121.83,0,0,
05/14/2026,10:16:12:382,0.000000,0.000000,1,-119.74,-119.74,0,0,
05/14/2026,10:16:12:414,0.000000,0.000000,3,-84.13,-84.13,0,0,
05/14/2026,10:16:12:486,0.000000,0.000000,2,-88.59,-88.59,0,0,
05/14/2026,10:16:12:520,0.000000,0.000000,4,-119.75,-119.75,0,0,
05/14/2026,10:16:12:605,0.000000,0.000000,1,-121.83,-121.83,0,0,
05/14/2026,10:16:12:641,0.000000,0.000000,3,-91.21,-91.21,0,0,
05/14/2026,10:16:12:712,0.000000,0.000000,2,-89.1,-89.1,0,0,
05/14/2026,10:16:12:746,0.000000,0.000000,4,-122.8,-122.8,0,0,
05/14/2026,10:16:12:834,0.000000,0.000000,1,-120.35,-120.35,0,0,
05/14/2026,10:16:12:867,0.000000,0.000000,3,-89.67,-89.67,0,0,
05/14/2026,10:16:12:937,0.000000,0.000000,2,-83.48,-83.48,0,0,
05/14/2026,10:16:12:971,0.000000,0.000000,4,-121.5,-121.5,0,0,
05/14/2026,10:16:13:059,0.000000,0.000000,1,-120.32,-120.32,0,0,
05/14/2026,10:16:13:092,0.000000,0.000000,3,-81.18,-81.18,0,0,
05/14/2026,10:16:13:163,0.000000,0.000000,2,-85.82,-85.82,0,0,
05/14/2026,10:16:13:197,0.000000,0.000000,4,-121.49,-121.49,0,0,
05/14/2026,10:16:13:282,0.000000,0.000000,1,-120.18,-120.18,0,0,
05/14/2026,10:16:13:321,0.000000,0.000000,3,-94.65,-94.65,0,0,
05/14/2026,10:16:13:388,0.000000,0.000000,2,-87.61,-87.61,0,0,
05/14/2026,10:16:13:422,0.000000,0.000000,4,-120.76,-120.76,0,0,
05/14/2026,10:16:13:510,0.000000,0.000000,1,-120.14,-120.14,0,0,
05/14/2026,10:16:13:544,0.000000,0.000000,3,-86.57,-86.57,0,0,
05/14/2026,10:16:13:611,0.000000,0.000000,2,-78.27,-78.27,0,0,
05/14/2026,10:16:13:657,0.000000,0.000000,4,-119.49,-119.49,0,0,
05/14/2026,10:16:13:739,0.000000,0.000000,1,-119.78,-119.78,0,0,
05/14/2026,10:16:13:806,0.000000,0.000000,3,-78.4,-78.4,0,0,
05/14/2026,10:16:13:876,0.000000,0.000000,2,-76.19,-76.19,0,0,
05/14/2026,10:16:13:881,0.000000,0.000000,4,-121.87,-121.87,0,0,
05/14/2026,10:16:13:960,0.000000,0.000000,1,-120.16,-120.16,0,0,
05/14/2026,10:16:13:993,0.000000,0.000000,3,-113.66,-113.66,0,0,
05/14/2026,10:16:14:067,0.000000,0.000000,2,-82.46,-82.46,0,0,
05/14/2026,10:16:14:097,0.000000,0.000000,4,-119.79,-119.79,0,0,
05/14/2026,10:16:14:185,0.000000,0.000000,1,-120.28,-120.28,0,0,
05/14/2026,10:16:14:219,0.000000,0.000000,3,-90.83,-90.83,0,0,
05/14/2026,10:16:14:288,0.000000,0.000000,2,-78.9,-78.9,0,0,
05/14/2026,10:16:14:324,0.000000,0.000000,4,-119.03,-119.03,0,0,
05/14/2026,10:16:14:421,0.000000,0.000000,1,-121.06,-121.06,0,0,
05/14/2026,10:16:14:444,0.000000,0.000000,3,-113.59,-113.59,0,0,
05/14/2026,10:16:14:516,0.000000,0.000000,2,-80.47,-80.47,0,0,
05/14/2026,10:16:14:549,0.000000,0.000000,4,-121.65,-121.65,0,0,
05/14/2026,10:16:14:636,0.000000,0.000000,1,-118.89,-118.89,0,0,
05/14/2026,10:16:14:670,0.000000,0.000000,3,-87.85,-87.85,0,0,
05/14/2026,10:16:14:738,0.000000,0.000000,2,-80.06,-80.06,0,0,
05/14/2026,10:16:14:774,0.000000,0.000000,4,-120.38,-120.38,0,0,
05/14/2026,10:16:14:862,0.000000,0.000000,1,-120.24,-120.24,0,0,
05/14/2026,10:16:14:893,0.000000,0.000000,3,-86.08,-86.08,0,0,
05/14/2026,10:16:14:965,0.000000,0.000000,2,-84,-84,0,0,
05/14/2026,10:16:15:001,0.000000,0.000000,4,-119.13,-119.13,0,0,
05/14/2026,10:16:15:085,0.000000,0.000000,1,-121.2,-121.2,0,0,
05/14/2026,10:16:15:121,0.000000,0.000000,3,-120.52,-120.52,0,0,
05/14/2026,10:16:15:190,0.000000,0.000000,2,-88.39,-88.39,0,0,
05/14/2026,10:16:15:222,0.000000,0.000000,4,-122.59,-122.59,0,0,
05/14/2026,10:16:15:311,0.000000,0.000000,1,-118.39,-118.39,0,0,
05/14/2026,10:16:15:344,0.000000,0.000000,3,-116.41,-116.41,0,0,
05/14/2026,10:16:15:416,0.000000,0.000000,2,-90.71,-90.71,0,0,
05/14/2026,10:16:15:451,0.000000,0.000000,4,-122.32,-122.32,0,0,
05/14/2026,10:16:15:563,0.000000,0.000000,1,-120.11,-120.11,0,0,
05/14/2026,10:16:15:569,0.000000,0.000000,3,-91.81,-91.81,0,0,
05/14/2026,10:16:15:642,0.000000,0.000000,2,-86.33,-86.33,0,0,
05/14/2026,10:16:15:701,0.000000,0.000000,4,-125.18,-125.18,0,0,
05/14/2026,10:16:15:773,0.000000,0.000000,1,-119.58,-119.58,0,0,
05/14/2026,10:16:15:798,0.000000,0.000000,3,-87.51,-87.51,0,0,
05/14/2026,10:16:15:880,0.000000,0.000000,2,-77.09,-77.09,0,0,
05/14/2026,10:16:15:900,0.000000,0.000000,4,-120.73,-120.73,0,0,
05/14/2026,10:16:15:987,0.000000,0.000000,1,-121.27,-121.27,0,0,
05/14/2026,10:16:16:021,0.000000,0.000000,3,-87.53,-87.53,0,0,
05/14/2026,10:16:16:094,0.000000,0.000000,2,-81.5,-81.5,0,0,
05/14/2026,10:16:16:126,0.000000,0.000000,4,-121.48,-121.48,0,0,
05/14/2026,10:16:16:212,0.000000,0.000000,1,-118.5,-118.5,0,0,
05/14/2026,10:16:16:246,0.000000,0.000000,3,-84.88,-84.88,0,0,
05/14/2026,10:16:16:578,0.000000,0.000000,2,-77.42,-77.42,0,0,
05/14/2026,10:16:16:590,0.000000,0.000000,4,-119.66,-119.66,0,0,
05/14/2026,10:16:16:601,0.000000,0.000000,1,-119.17,-119.17,0,0,
05/14/2026,10:16:16:607,0.000000,0.000000,3,-84.31,-84.31,0,0,
05/14/2026,10:16:16:621,0.000000,0.000000,2,-86.81,-86.81,0,0,
05/14/2026,10:16:16:626,0.000000,0.000000,4,-119.96,-119.96,0,0,
05/14/2026,10:16:16:666,0.000000,0.000000,1,-121.73,-121.73,0,0,
05/14/2026,10:16:16:698,0.000000,0.000000,3,-81.69,-81.69,0,0,
05/14/2026,10:16:16:766,0.000000,0.000000,2,-86.17,-86.17,0,0,
05/14/2026,10:16:16:802,0.000000,0.000000,4,-120.8,-120.8,0,0,
05/14/2026,10:16:16:888,0.000000,0.000000,1,-121.06,-121.06,0,0,
05/14/2026,10:16:16:925,0.000000,0.000000,3,-86.57,-86.57,0,0,
05/14/2026,10:16:16:997,0.000000,0.000000,2,-85.91,-85.91,0,0,
05/14/2026,10:16:17:029,0.000000,0.000000,4,-121.16,-121.16,0,0,
05/14/2026,10:16:17:115,0.000000,0.000000,1,-121.25,-121.25,0,0,
05/14/2026,10:16:17:184,0.000000,0.000000,3,-82.16,-82.16,0,0,
05/14/2026,10:16:17:235,0.000000,0.000000,2,-80.61,-80.61,0,0,
05/14/2026,10:16:17:297,0.000000,0.000000,4,-120.49,-120.49,0,0,
05/14/2026,10:16:17:371,0.000000,0.000000,1,-120.71,-120.71,0,0,
05/14/2026,10:16:17:374,0.000000,0.000000,3,-111.86,-111.86,0,0,
05/14/2026,10:16:17:444,0.000000,0.000000,2,-86.74,-86.74,0,0,
05/14/2026,10:16:17:482,0.000000,0.000000,4,-120.11,-120.11,0,0,
05/14/2026,10:16:17:567,0.000000,0.000000,1,-120.57,-120.57,0,0,
05/14/2026,10:16:17:599,0.000000,0.000000,3,-123.48,-123.48,0,0,
05/14/2026,10:16:17:669,0.000000,0.000000,2,-84.87,-84.87,0,0,
05/14/2026,10:16:17:705,0.000000,0.000000,4,-121.1,-121.1,0,0,
05/14/2026,10:16:17:790,0.000000,0.000000,1,-120.54,-120.54,0,0,
05/14/2026,10:16:17:824,0.000000,0.000000,3,-109.65,-109.65,0,0,
05/14/2026,10:16:17:896,0.000000,0.000000,2,-84.76,-84.76,0,0,
05/14/2026,10:16:17:928,0.000000,0.000000,4,-120.21,-120.21,0,0,
05/14/2026,10:16:18:018,0.000000,0.000000,1,-121.19,-121.19,0,0,
05/14/2026,10:16:18:051,0.000000,0.000000,3,-80.43,-80.43,0,0,
05/14/2026,10:16:18:120,0.000000,0.000000,2,-80.34,-80.34,0,0,
05/14/2026,10:16:18:155,0.000000,0.000000,4,-119.62,-119.62,0,0,
05/14/2026,10:16:18:264,0.000000,0.000000,1,-118.98,-118.98,0,0,
05/14/2026,10:16:18:274,0.000000,0.000000,3,-120.8,-120.8,0,0,
05/14/2026,10:16:18:346,0.000000,0.000000,2,-91.05,-91.05,0,0,
05/14/2026,10:16:18:380,0.000000,0.000000,4,-121.61,-121.61,0,0,
05/14/2026,10:16:18:467,0.000000,0.000000,1,-120.94,-120.94,0,0,
05/14/2026,10:16:18:501,0.000000,0.000000,3,-93.63,-93.63,0,0,
05/14/2026,10:16:18:573,0.000000,0.000000,2,-76.26,-76.26,0,0,
05/14/2026,10:16:18:606,0.000000,0.000000,4,-120.18,-120.18,0,0,
05/14/2026,10:16:18:696,0.000000,0.000000,1,-121.02,-121.02,0,0,
05/14/2026,10:16:18:728,0.000000,0.000000,3,-83.31,-83.31,0,0,
05/14/2026,10:16:18:796,0.000000,0.000000,2,-82.54,-82.54,0,0,
05/14/2026,10:16:18:831,0.000000,0.000000,4,-119.76,-119.76,0,0,
05/14/2026,10:16:18:918,0.000000,0.000000,1,-120.23,-120.23,0,0,
05/14/2026,10:16:18:950,0.000000,0.000000,3,-108.85,-108.85,0,0,
05/14/2026,10:16:19:021,0.000000,0.000000,2,-74.79,-74.79,0,0,
05/14/2026,10:16:19:054,0.000000,0.000000,4,-121.41,-121.41,0,0,
05/14/2026,10:16:19:144,0.000000,0.000000,1,-119.85,-119.85,0,0,
05/14/2026,10:16:19:176,0.000000,0.000000,3,-118.51,-118.51,0,0,
05/14/2026,10:16:19:258,0.000000,0.000000,2,-87.75,-87.75,0,0,
05/14/2026,10:16:19:328,0.000000,0.000000,4,-121.79,-121.79,0,0,
05/14/2026,10:16:19:396,0.000000,0.000000,1,-118.67,-118.67,0,0,
05/14/2026,10:16:19:402,0.000000,0.000000,3,-116.03,-116.03,0,0,
05/14/2026,10:16:19:487,0.000000,0.000000,2,-71.98,-71.98,0,0,
05/14/2026,10:16:19:558,0.000000,0.000000,4,-117.55,-117.55,0,0,
05/14/2026,10:16:19:595,0.000000,0.000000,1,-120.68,-120.68,0,0,
05/14/2026,10:16:19:629,0.000000,0.000000,3,-80.07,-80.07,0,0,
05/14/2026,10:16:19:699,0.000000,0.000000,2,-81.75,-81.75,0,0,
05/14/2026,10:16:19:732,0.000000,0.000000,4,-120.37,-120.37,0,0,
05/14/2026,10:16:19:820,0.000000,0.000000,1,-119.02,-119.02,0,0,
05/14/2026,10:16:19:855,0.000000,0.000000,3,-81.94,-81.94,0,0,
05/14/2026,10:16:19:925,0.000000,0.000000,2,-70.48,-70.48,0,0,
05/14/2026,10:16:19:956,0.000000,0.000000,4,-122.02,-122.02,0,0,
05/14/2026,10:16:20:045,0.000000,0.000000,1,-120.24,-120.24,0,0,
05/14/2026,10:16:20:078,0.000000,0.000000,3,-77.22,-77.22,0,0,
05/14/2026,10:16:20:153,0.000000,0.000000,2,-79.23,-79.23,0,0,
05/14/2026,10:16:20:184,0.000000,0.000000,4,-119.22,-119.22,0,0,
05/14/2026,10:16:20:270,0.000000,0.000000,1,-117.29,-117.29,0,0,
05/14/2026,10:16:20:303,0.000000,0.000000,3,-78.75,-78.75,0,0,
05/14/2026,10:16:20:374,0.000000,0.000000,2,-81.8,-81.8,0,0,
05/14/2026,10:16:20:408,0.000000,0.000000,4,-121.11,-121.11,0,0,
05/14/2026,10:16:20:497,0.000000,0.000000,1,-121.88,-121.88,0,0,
05/14/2026,10:16:20:532,0.000000,0.000000,3,-78.98,-78.98,0,0,
05/14/2026,10:16:20:600,0.000000,0.000000,2,-73.28,-73.28,0,0,
05/14/2026,10:16:20:635,0.000000,0.000000,4,-120.7,-120.7,0,0,
05/14/2026,10:16:20:721,0.000000,0.000000,1,-120.94,-120.94,0,0,
05/14/2026,10:16:20:754,0.000000,0.000000,3,-74.49,-74.49,0,0,
05/14/2026,10:16:20:843,0.000000,0.000000,2,-86.61,-86.61,0,0,
05/14/2026,10:16:20:861,0.000000,0.000000,4,-119.16,-119.16,0,0,
05/14/2026,10:16:20:968,0.000000,0.000000,1,-120.26,-120.26,0,0,
05/14/2026,10:16:21:027,0.000000,0.000000,3,-118.86,-118.86,0,0,
05/14/2026,10:16:21:103,0.000000,0.000000,2,-91.46,-91.46,0,0,
05/14/2026,10:16:21:109,0.000000,0.000000,4,-120.02,-120.02,0,0,
05/14/2026,10:16:21:173,0.000000,0.000000,1,-119.39,-119.39,0,0,
05/14/2026,10:16:21:207,0.000000,0.000000,3,-91.83,-91.83,0,0,
05/14/2026,10:16:21:275,0.000000,0.000000,2,-89.76,-89.76,0,0,
05/14/2026,10:16:21:310,0.000000,0.000000,4,-118.68,-118.68,0,0,
05/14/2026,10:16:21:396,0.000000,0.000000,1,-120.73,-120.73,0,0,
05/14/2026,10:16:21:432,0.000000,0.000000,3,-117.88,-117.88,0,0,
05/14/2026,10:16:21:501,0.000000,0.000000,2,-95.79,-95.79,0,0,
05/14/2026,10:16:21:534,0.000000,0.000000,4,-119.96,-119.96,0,0,
05/14/2026,10:16:21:866,0.000000,0.000000,1,-119.97,-119.97,0,0,
05/14/2026,10:16:21:870,0.000000,0.000000,3,-102.66,-102.66,0,0,
05/14/2026,10:16:21:880,0.000000,0.000000,2,-104.42,-104.42,0,0,
05/14/2026,10:16:21:887,0.000000,0.000000,4,-119.41,-119.41,0,0,
05/14/2026,10:16:21:903,0.000000,0.000000,1,-119.65,-119.65,0,0,
05/14/2026,10:16:21:906,0.000000,0.000000,3,-122.29,-122.29,0,0,
05/14/2026,10:16:21:951,0.000000,0.000000,2,-95.53,-95.53,0,0,
05/14/2026,10:16:21:986,0.000000,0.000000,4,-122.09,-122.09,0,0,
05/14/2026,10:16:22:075,0.000000,0.000000,1,-119.63,-119.63,0,0,
05/14/2026,10:16:22:107,0.000000,0.000000,3,-106.43,-106.43,0,0,
05/14/2026,10:16:22:177,0.000000,0.000000,2,-94.98,-94.98,0,0,
05/14/2026,10:16:22:212,0.000000,0.000000,4,-122.14,-122.14,0,0,
05/14/2026,10:16:22:300,0.000000,0.000000,1,-120.83,-120.83,0,0,
05/14/2026,10:16:22:335,0.000000,0.000000,3,-119,-119,0,0,
05/14/2026,10:16:22:405,0.000000,0.000000,2,-96.41,-96.41,0,0,
05/14/2026,10:16:22:437,0.000000,0.000000,4,-123.1,-123.1,0,0,
05/14/2026,10:16:22:523,0.000000,0.000000,1,-118.35,-118.35,0,0,
05/14/2026,10:16:22:559,0.000000,0.000000,3,-97.39,-97.39,0,0,
05/14/2026,10:16:22:629,0.000000,0.000000,2,-102.34,-102.34,0,0,
05/14/2026,10:16:22:663,0.000000,0.000000,4,-123.06,-123.06,0,0,
05/14/2026,10:16:22:749,0.000000,0.000000,1,-119.93,-119.93,0,0,
05/14/2026,10:16:22:783,0.000000,0.000000,3,-119.27,-119.27,0,0,
05/14/2026,10:16:22:893,0.000000,0.000000,2,-99.1,-99.1,0,0,
05/14/2026,10:16:22:895,0.000000,0.000000,4,-121.27,-121.27,0,0,
05/14/2026,10:16:22:974,0.000000,0.000000,1,-119.7,-119.7,0,0,
05/14/2026,10:16:23:044,0.000000,0.000000,3,-101.77,-101.77,0,0,
05/14/2026,10:16:23:079,0.000000,0.000000,2,-99.78,-99.78,0,0,
05/14/2026,10:16:23:114,0.000000,0.000000,4,-119.2,-119.2,0,0,
05/14/2026,10:16:23:202,0.000000,0.000000,1,-119,-119,0,0,
05/14/2026,10:16:23:233,0.000000,0.000000,3,-121.44,-121.44,0,0,
05/14/2026,10:16:23:306,0.000000,0.000000,2,-97.36,-97.36,0,0,
05/14/2026,10:16:23:340,0.000000,0.000000,4,-123.73,-123.73,0,0,
05/14/2026,10:16:23:426,0.000000,0.000000,1,-119.82,-119.82,0,0,
05/14/2026,10:16:23:459,0.000000,0.000000,3,-120.83,-120.83,0,0,
05/14/2026,10:16:23:533,0.000000,0.000000,2,-95.7,-95.7,0,0,
05/14/2026,10:16:23:563,0.000000,0.000000,4,-122.12,-122.12,0,0,
05/14/2026,10:16:23:652,0.000000,0.000000,1,-121.77,-121.77,0,0,
05/14/2026,10:16:23:685,0.000000,0.000000,3,-121.66,-121.66,0,0,
05/14/2026,10:16:23:757,0.000000,0.000000,2,-95.58,-95.58,0,0,
05/14/2026,10:16:23:799,0.000000,0.000000,4,-121.52,-121.52,0,0,
05/14/2026,10:16:23:878,0.000000,0.000000,1,-119.23,-119.23,0,0,
05/14/2026,10:16:23:910,0.000000,0.000000,3,-91.39,-91.39,0,0,
05/14/2026,10:16:23:980,0.000000,0.000000,2,-91.23,-91.23,0,0,
05/14/2026,10:16:24:016,0.000000,0.000000,4,-121.37,-121.37,0,0,
05/14/2026,10:16:24:104,0.000000,0.000000,1,-120.01,-120.01,0,0,
05/14/2026,10:16:24:136,0.000000,0.000000,3,-93.06,-93.06,0,0,
05/14/2026,10:16:24:206,0.000000,0.000000,2,-93.89,-93.89,0,0,
05/14/2026,10:16:24:240,0.000000,0.000000,4,-120.66,-120.66,0,0,
05/14/2026,10:16:24:329,0.000000,0.000000,1,-119.14,-119.14,0,0,
05/14/2026,10:16:24:363,0.000000,0.000000,3,-100.63,-100.63,0,0,
05/14/2026,10:16:24:431,0.000000,0.000000,2,-98.15,-98.15,0,0,
05/14/2026,10:16:24:466,0.000000,0.000000,4,-122.91,-122.91,0,0,
05/14/2026,10:16:24:554,0.000000,0.000000,1,-121.62,-121.62,0,0,
05/14/2026,10:16:24:602,0.000000,0.000000,3,-121.93,-121.93,0,0,
05/14/2026,10:16:24:677,0.000000,0.000000,2,-113.19,-113.19,0,0,
05/14/2026,10:16:24:734,0.000000,0.000000,4,-124.96,-124.96,0,0,
05/14/2026,10:16:24:822,0.000000,0.000000,1,-121.19,-121.19,0,0,
05/14/2026,10:16:24:825,0.000000,0.000000,3,-109.67,-109.67,0,0,
05/14/2026,10:16:24:889,0.000000,0.000000,2,-100.64,-100.64,0,0,
05/14/2026,10:16:24:918,0.000000,0.000000,4,-122.17,-122.17,0,0,
05/14/2026,10:16:25:005,0.000000,0.000000,1,-119.65,-119.65,0,0,
05/14/2026,10:16:25:037,0.000000,0.000000,3,-106.69,-106.69,0,0,
05/14/2026,10:16:25:109,0.000000,0.000000,2,-97.72,-97.72,0,0,
05/14/2026,10:16:25:145,0.000000,0.000000,4,-120.5,-120.5,0,0,
05/14/2026,10:16:25:230,0.000000,0.000000,1,-120.38,-120.38,0,0,
05/14/2026,10:16:25:264,0.000000,0.000000,3,-111.98,-111.98,0,0,
05/14/2026,10:16:25:338,0.000000,0.000000,2,-91.08,-91.08,0,0,
05/14/2026,10:16:25:367,0.000000,0.000000,4,-119.61,-119.61,0,0,
05/14/2026,10:16:25:455,0.000000,0.000000,1,-118.51,-118.51,0,0,
05/14/2026,10:16:25:490,0.000000,0.000000,3,-97.89,-97.89,0,0,
05/14/2026,10:16:25:560,0.000000,0.000000,2,-97.19,-97.19,0,0,
05/14/2026,10:16:25:593,0.000000,0.000000,4,-121.03,-121.03,0,0,
05/14/2026,10:16:25:680,0.000000,0.000000,1,-121.15,-121.15,0,0,
05/14/2026,10:16:25:719,0.000000,0.000000,3,-97.1,-97.1,0,0,
05/14/2026,10:16:25:785,0.000000,0.000000,2,-98.99,-98.99,0,0,
05/14/2026,10:16:25:818,0.000000,0.000000,4,-122.18,-122.18,0,0,
05/14/2026,10:16:25:904,0.000000,0.000000,1,-120.41,-120.41,0,0,
05/14/2026,10:16:25:946,0.000000,0.000000,3,-99.32,-99.32,0,0,
05/14/2026,10:16:26:014,0.000000,0.000000,2,-92.74,-92.74,0,0,
05/14/2026,10:16:26:043,0.000000,0.000000,4,-119.32,-119.32,0,0,
05/14/2026,10:16:26:130,0.000000,0.000000,1,-119.02,-119.02,0,0,
05/14/2026,10:16:26:164,0.000000,0.000000,3,-94.07,-94.07,0,0,
05/14/2026,10:16:26:236,0.000000,0.000000,2,-92.7,-92.7,0,0,
05/14/2026,10:16:26:271,0.000000,0.000000,4,-121.33,-121.33,0,0,
05/14/2026,10:16:26:357,0.000000,0.000000,1,-119.31,-119.31,0,0,
05/14/2026,10:16:26:390,0.000000,0.000000,3,-100.43,-100.43,0,0,
05/14/2026,10:16:26:460,0.000000,0.000000,2,-87.2,-87.2,0,0,
05/14/2026,10:16:26:496,0.000000,0.000000,4,-120.53,-120.53,0,0,
05/14/2026,10:16:26:582,0.000000,0.000000,1,-119.7,-119.7,0,0,
05/14/2026,10:16:26:616,0.000000,0.000000,3,-106.2,-106.2,0,0,
05/14/2026,10:16:26:689,0.000000,0.000000,2,-92.55,-92.55,0,0,
05/14/2026,10:16:26:771,0.000000,0.000000,4,-119.7,-119.7,0,0,
05/14/2026,10:16:26:849,0.000000,0.000000,1,-120.1,-120.1,0,0,
05/14/2026,10:16:26:851,0.000000,0.000000,3,-96.82,-96.82,0,0,
05/14/2026,10:16:27:142,0.000000,0.000000,2,-92.43,-92.43,0,0,
05/14/2026,10:16:27:144,0.000000,0.000000,4,-120.35,-120.35,0,0,
05/14/2026,10:16:27:158,0.000000,0.000000,1,-120.44,-120.44,0,0,
05/14/2026,10:16:27:161,0.000000,0.000000,3,-102.38,-102.38,0,0,
05/14/2026,10:16:27:178,0.000000,0.000000,2,-85.61,-85.61,0,0,
05/14/2026,10:16:27:183,0.000000,0.000000,4,-120.05,-120.05,0,0,
05/14/2026,10:16:27:258,0.000000,0.000000,1,-120.1,-120.1,0,0,
05/14/2026,10:16:27:292,0.000000,0.000000,3,-95.17,-95.17,0,0,
05/14/2026,10:16:27:364,0.000000,0.000000,2,-84.12,-84.12,0,0,
05/14/2026,10:16:27:401,0.000000,0.000000,4,-121.52,-121.52,0,0,
05/14/2026,10:16:27:483,0.000000,0.000000,1,-119.65,-119.65,0,0,
05/14/2026,10:16:27:518,0.000000,0.000000,3,-96.67,-96.67,0,0,
05/14/2026,10:16:27:588,0.000000,0.000000,2,-82.14,-82.14,0,0,
05/14/2026,10:16:27:623,0.000000,0.000000,4,-117.38,-117.38,0,0,
05/14/2026,10:16:27:713,0.000000,0.000000,1,-119.17,-119.17,0,0,
05/14/2026,10:16:27:743,0.000000,0.000000,3,-120.17,-120.17,0,0,
05/14/2026,10:16:27:813,0.000000,0.000000,2,-95.5,-95.5,0,0,
05/14/2026,10:16:27:849,0.000000,0.000000,4,-119.03,-119.03,0,0,
05/14/2026,10:16:27:934,0.000000,0.000000,1,-120.23,-120.23,0,0,
05/14/2026,10:16:27:968,0.000000,0.000000,3,-94.38,-94.38,0,0,
05/14/2026,10:16:28:042,0.000000,0.000000,2,-87.52,-87.52,0,0,
05/14/2026,10:16:28:071,0.000000,0.000000,4,-118.78,-118.78,0,0,
05/14/2026,10:16:28:162,0.000000,0.000000,1,-121.97,-121.97,0,0,
05/14/2026,10:16:28:195,0.000000,0.000000,3,-94.76,-94.76,0,0,
05/14/2026,10:16:28:307,0.000000,0.000000,2,-102.43,-102.43,0,0,
05/14/2026,10:16:28:313,0.000000,0.000000,4,-118.73,-118.73,0,0,
05/14/2026,10:16:28:391,0.000000,0.000000,1,-120.5,-120.5,0,0,
05/14/2026,10:16:28:466,0.000000,0.000000,3,-90.93,-90.93,0,0,
05/14/2026,10:16:28:538,0.000000,0.000000,2,-92.23,-92.23,0,0,
05/14/2026,10:16:28:540,0.000000,0.000000,4,-120.03,-120.03,0,0,
05/14/2026,10:16:28:611,0.000000,0.000000,1,-119.88,-119.88,0,0,
05/14/2026,10:16:28:644,0.000000,0.000000,3,-103.2,-103.2,0,0,
05/14/2026,10:16:28:714,0.000000,0.000000,2,-91.33,-91.33,0,0,
05/14/2026,10:16:28:749,0.000000,0.000000,4,-119.56,-119.56,0,0,
05/14/2026,10:16:28:837,0.000000,0.000000,1,-120.52,-120.52,0,0,
05/14/2026,10:16:28:870,0.000000,0.000000,3,-93.64,-93.64,0,0,
05/14/2026,10:16:28:942,0.000000,0.000000,2,-88.29,-88.29,0,0,
05/14/2026,10:16:28:975,0.000000,0.000000,4,-121.85,-121.85,0,0,
05/14/2026,10:16:29:061,0.000000,0.000000,1,-119.68,-119.68,0,0,
05/14/2026,10:16:29:097,0.000000,0.000000,3,-118.28,-118.28,0,0,
05/14/2026,10:16:29:168,0.000000,0.000000,2,-84.73,-84.73,0,0,
05/14/2026,10:16:29:204,0.000000,0.000000,4,-123.1,-123.1,0,0,
05/14/2026,10:16:29:286,0.000000,0.000000,1,-122.48,-122.48,0,0,
05/14/2026,10:16:29:321,0.000000,0.000000,3,-115.5,-115.5,0,0,
05/14/2026,10:16:29:392,0.000000,0.000000,2,-89.97,-89.97,0,0,
05/14/2026,10:16:29:426,0.000000,0.000000,4,-120.3,-120.3,0,0,
05/14/2026,10:16:29:514,0.000000,0.000000,1,-119.81,-119.81,0,0,
05/14/2026,10:16:29:547,0.000000,0.000000,3,-119.8,-119.8,0,0,
05/14/2026,10:16:29:617,0.000000,0.000000,2,-101.12,-101.12,0,0,
05/14/2026,10:16:29:652,0.000000,0.000000,4,-122.47,-122.47,0,0,
05/14/2026,10:16:29:738,0.000000,0.000000,1,-120.92,-120.92,0,0,
05/14/2026,10:16:29:783,0.000000,0.000000,3,-89.18,-89.18,0,0,
05/14/2026,10:16:29:844,0.000000,0.000000,2,-99.51,-99.51,0,0,
05/14/2026,10:16:29:876,0.000000,0.000000,4,-120.75,-120.75,0,0,
05/14/2026,10:16:29:967,0.000000,0.000000,1,-120.69,-120.69,0,0,
05/14/2026,10:16:29:998,0.000000,0.000000,3,-90.81,-90.81,0,0,
05/14/2026,10:16:30:069,0.000000,0.000000,2,-83.53,-83.53,0,0,
05/14/2026,10:16:30:104,0.000000,0.000000,4,-119.52,-119.52,0,0,
05/14/2026,10:16:30:189,0.000000,0.000000,1,-119.35,-119.35,0,0,
05/14/2026,10:16:30:225,0.000000,0.000000,3,-88.46,-88.46,0,0,
05/14/2026,10:16:30:328,0.000000,0.000000,2,-89.54,-89.54,0,0,
05/14/2026,10:16:30:333,0.000000,0.000000,4,-120.14,-120.14,0,0,
05/14/2026,10:16:30:413,0.000000,0.000000,1,-120.26,-120.26,0,0,
05/14/2026,10:16:30:486,0.000000,0.000000,3,-83.73,-83.73,0,0,
05/14/2026,10:16:30:523,0.000000,0.000000,2,-83.3,-83.3,0,0,
05/14/2026,10:16:30:552,0.000000,0.000000,4,-119.44,-119.44,0,0,
05/14/2026,10:16:30:640,0.000000,0.000000,1,-120.72,-120.72,0,0,
05/14/2026,10:16:30:674,0.000000,0.000000,3,-87.46,-87.46,0,0,
05/14/2026,10:16:30:744,0.000000,0.000000,2,-88.96,-88.96,0,0,
05/14/2026,10:16:30:778,0.000000,0.000000,4,-119.82,-119.82,0,0,
05/14/2026,10:16:30:865,0.000000,0.000000,1,-121.81,-121.81,0,0,
05/14/2026,10:16:30:898,0.000000,0.000000,3,-97.39,-97.39,0,0,
05/14/2026,10:16:30:969,0.000000,0.000000,2,-92.33,-92.33,0,0,
05/14/2026,10:16:31:002,0.000000,0.000000,4,-118.76,-118.76,0,0,
05/14/2026,10:16:31:090,0.000000,0.000000,1,-118.81,-118.81,0,0,
05/14/2026,10:16:31:133,0.000000,0.000000,3,-94.97,-94.97,0,0,
05/14/2026,10:16:31:197,0.000000,0.000000,2,-98.36,-98.36,0,0,
05/14/2026,10:16:31:239,0.000000,0.000000,4,-119.32,-119.32,0,0,
05/14/2026,10:16:31:318,0.000000,0.000000,1,-120.7,-120.7,0,0,
05/14/2026,10:16:31:350,0.000000,0.000000,3,-85.96,-85.96,0,0,
05/14/2026,10:16:31:422,0.000000,0.000000,2,-86.97,-86.97,0,0,
05/14/2026,10:16:31:455,0.000000,0.000000,4,-120.48,-120.48,0,0,
05/14/2026,10:16:31:544,0.000000,0.000000,1,-120.8,-120.8,0,0,
05/14/2026,10:16:31:575,0.000000,0.000000,3,-87.43,-87.43,0,0,
05/14/2026,10:16:31:646,0.000000,0.000000,2,-86.57,-86.57,0,0,
05/14/2026,10:16:31:681,0.000000,0.000000,4,-121.06,-121.06,0,0,
05/14/2026,10:16:31:768,0.000000,0.000000,1,-117.9,-117.9,0,0,
05/14/2026,10:16:31:804,0.000000,0.000000,3,-85.88,-85.88,0,0,
05/14/2026,10:16:31:872,0.000000,0.000000,2,-88.17,-88.17,0,0,
05/14/2026,10:16:31:909,0.000000,0.000000,4,-120.77,-120.77,0,0,
05/14/2026,10:16:31:994,0.000000,0.000000,1,-120.34,-120.34,0,0,
05/14/2026,10:16:32:027,0.000000,0.000000,3,-93.49,-93.49,0,0,
05/14/2026,10:16:32:096,0.000000,0.000000,2,-85.53,-85.53,0,0,
05/14/2026,10:16:32:131,0.000000,0.000000,4,-121.37,-121.37,0,0,
05/14/2026,10:16:32:445,0.000000,0.000000,1,-120.53,-120.53,0,0,
05/14/2026,10:16:32:451,0.000000,0.000000,3,-86.09,-86.09,0,0,
05/14/2026,10:16:32:486,0.000000,0.000000,2,-85.15,-85.15,0,0,
05/14/2026,10:16:32:490,0.000000,0.000000,4,-118.92,-118.92,0,0,
05/14/2026,10:16:32:505,0.000000,0.000000,1,-120.08,-120.08,0,0,
05/14/2026,10:16:32:525,0.000000,0.000000,3,-83.89,-83.89,0,0,
05/14/2026,10:16:32:549,0.000000,0.000000,2,-80.23,-80.23,0,0,
05/14/2026,10:16:32:581,0.000000,0.000000,4,-118.74,-118.74,0,0,
05/14/2026,10:16:32:668,0.000000,0.000000,1,-118.29,-118.29,0,0,
05/14/2026,10:16:32:704,0.000000,0.000000,3,-73.3,-73.3,0,0,
05/14/2026,10:16:32:772,0.000000,0.000000,2,-78.03,-78.03,0,0,
05/14/2026,10:16:32:807,0.000000,0.000000,4,-118.77,-118.77,0,0,
05/14/2026,10:16:32:893,0.000000,0.000000,1,-119.17,-119.17,0,0,
05/14/2026,10:16:32:929,0.000000,0.000000,3,-78.64,-78.64,0,0,
05/14/2026,10:16:32:998,0.000000,0.000000,2,-73.35,-73.35,0,0,
05/14/2026,10:16:33:031,0.000000,0.000000,4,-118.72,-118.72,0,0,
05/14/2026,10:16:33:119,0.000000,0.000000,1,-118.44,-118.44,0,0,
05/14/2026,10:16:33:153,0.000000,0.000000,3,-114.47,-114.47,0,0,
05/14/2026,10:16:33:225,0.000000,0.000000,2,-76.68,-76.68,0,0,
05/14/2026,10:16:33:259,0.000000,0.000000,4,-120.26,-120.26,0,0,
05/14/2026,10:16:33:344,0.000000,0.000000,1,-119.93,-119.93,0,0,
05/14/2026,10:16:33:379,0.000000,0.000000,3,-78.41,-78.41,0,0,
05/14/2026,10:16:33:453,0.000000,0.000000,2,-85.65,-85.65,0,0,
05/14/2026,10:16:33:483,0.000000,0.000000,4,-120.64,-120.64,0,0,
05/14/2026,10:16:33:572,0.000000,0.000000,1,-118.85,-118.85,0,0,
05/14/2026,10:16:33:622,0.000000,0.000000,3,-72.7,-72.7,0,0,
05/14/2026,10:16:33:677,0.000000,0.000000,2,-77.26,-77.26,0,0,
05/14/2026,10:16:33:709,0.000000,0.000000,4,-121.42,-121.42,0,0,
05/14/2026,10:16:33:799,0.000000,0.000000,1,-119.33,-119.33,0,0,
05/14/2026,10:16:33:828,0.000000,0.000000,3,-83.17,-83.17,0,0,
05/14/2026,10:16:33:929,0.000000,0.000000,2,-73.39,-73.39,0,0,
05/14/2026,10:16:33:932,0.000000,0.000000,4,-119.9,-119.9,0,0,
05/14/2026,10:16:34:074,0.000000,0.000000,1,-119.86,-119.86,0,0,
05/14/2026,10:16:34:076,0.000000,0.000000,3,-74.02,-74.02,0,0,
05/14/2026,10:16:34:144,0.000000,0.000000,2,-65.84,-65.84,0,0,
05/14/2026,10:16:34:160,0.000000,0.000000,4,-119.66,-119.66,0,0,
05/14/2026,10:16:34:249,0.000000,0.000000,1,-120.66,-120.66,0,0,
05/14/2026,10:16:34:281,0.000000,0.000000,3,-74.31,-74.31,0,0,
05/14/2026,10:16:34:351,0.000000,0.000000,2,-76.54,-76.54,0,0,
05/14/2026,10:16:34:386,0.000000,0.000000,4,-115.93,-115.93,0,0,
05/14/2026,10:16:34:472,0.000000,0.000000,1,-120.53,-120.53,0,0,
05/14/2026,10:16:34:507,0.000000,0.000000,3,-79.62,-79.62,0,0,
05/14/2026,10:16:34:576,0.000000,0.000000,2,-66.18,-66.18,0,0,
05/14/2026,10:16:34:611,0.000000,0.000000,4,-119.17,-119.17,0,0,
05/14/2026,10:16:34:698,0.000000,0.000000,1,-120.36,-120.36,0,0,
05/14/2026,10:16:34:732,0.000000,0.000000,3,-72.08,-72.08,0,0,
05/14/2026,10:16:34:803,0.000000,0.000000,2,-66.83,-66.83,0,0,
05/14/2026,10:16:34:834,0.000000,0.000000,4,-118.81,-118.81,0,0,
05/14/2026,10:16:34:922,0.000000,0.000000,1,-118.56,-118.56,0,0,
05/14/2026,10:16:34:955,0.000000,0.000000,3,-84.54,-84.54,0,0,
05/14/2026,10:16:35:027,0.000000,0.000000,2,-75.79,-75.79,0,0,
05/14/2026,10:16:35:063,0.000000,0.000000,4,-118.96,-118.96,0,0,
05/14/2026,10:16:35:150,0.000000,0.000000,1,-118.51,-118.51,0,0,
05/14/2026,10:16:35:183,0.000000,0.000000,3,-110.93,-110.93,0,0,
05/14/2026,10:16:35:252,0.000000,0.000000,2,-82.74,-82.74,0,0,
05/14/2026,10:16:35:286,0.000000,0.000000,4,-121.59,-121.59,0,0,
05/14/2026,10:16:35:375,0.000000,0.000000,1,-119.72,-119.72,0,0,
05/14/2026,10:16:35:409,0.000000,0.000000,3,-83.41,-83.41,0,0,
05/14/2026,10:16:35:477,0.000000,0.000000,2,-95.78,-95.78,0,0,
05/14/2026,10:16:35:511,0.000000,0.000000,4,-118.67,-118.67,0,0,
05/14/2026,10:16:35:599,0.000000,0.000000,1,-121.15,-121.15,0,0,
05/14/2026,10:16:35:634,0.000000,0.000000,3,-87.65,-87.65,0,0,
05/14/2026,10:16:35:701,0.000000,0.000000,2,-88.5,-88.5,0,0,
05/14/2026,10:16:35:765,0.000000,0.000000,4,-119.53,-119.53,0,0,
05/14/2026,10:16:35:853,0.000000,0.000000,1,-120.28,-120.28,0,0,
05/14/2026,10:16:35:861,0.000000,0.000000,3,-118.37,-118.37,0,0,
05/14/2026,10:16:35:929,0.000000,0.000000,2,-100.38,-100.38,0,0,
05/14/2026,10:16:36:004,0.000000,0.000000,4,-119.88,-119.88,0,0,
05/14/2026,10:16:36:051,0.000000,0.000000,1,-120.52,-120.52,0,0,
05/14/2026,10:16:36:083,0.000000,0.000000,3,-99.02,-99.02,0,0,
05/14/2026,10:16:36:154,0.000000,0.000000,2,-98.97,-98.97,0,0,
05/14/2026,10:16:36:187,0.000000,0.000000,4,-118.28,-118.28,0,0,
05/14/2026,10:16:36:276,0.000000,0.000000,1,-118.82,-118.82,0,0,
05/14/2026,10:16:36:310,0.000000,0.000000,3,-117.62,-117.62,0,0,
05/14/2026,10:16:36:380,0.000000,0.000000,2,-96.82,-96.82,0,0,
05/14/2026,10:16:36:413,0.000000,0.000000,4,-121.03,-121.03,0,0,
05/14/2026,10:16:36:501,0.000000,0.000000,1,-117.49,-117.49,0,0,
05/14/2026,10:16:36:536,0.000000,0.000000,3,-114.74,-114.74,0,0,
05/14/2026,10:16:36:603,0.000000,0.000000,2,-87.02,-87.02,0,0,
05/14/2026,10:16:36:641,0.000000,0.000000,4,-119.05,-119.05,0,0,
05/14/2026,10:16:36:727,0.000000,0.000000,1,-118.76,-118.76,0,0,
05/14/2026,10:16:36:760,0.000000,0.000000,3,-119.85,-119.85,0,0,
05/14/2026,10:16:36:830,0.000000,0.000000,2,-90.94,-90.94,0,0,
05/14/2026,10:16:36:863,0.000000,0.000000,4,-120.28,-120.28,0,0,
05/14/2026,10:16:36:952,0.000000,0.000000,1,-119.18,-119.18,0,0,
05/14/2026,10:16:36:987,0.000000,0.000000,3,-110.53,-110.53,0,0,
05/14/2026,10:16:37:056,0.000000,0.000000,2,-98.45,-98.45,0,0,
05/14/2026,10:16:37:090,0.000000,0.000000,4,-119.18,-119.18,0,0,
05/14/2026,10:16:37:175,0.000000,0.000000,1,-120.53,-120.53,0,0,
05/14/2026,10:16:37:211,0.000000,0.000000,3,-117.67,-117.67,0,0,
05/14/2026,10:16:37:282,0.000000,0.000000,2,-93.63,-93.63,0,0,
05/14/2026,10:16:37:314,0.000000,0.000000,4,-118.27,-118.27,0,0,
05/14/2026,10:16:37:403,0.000000,0.000000,1,-118.6,-118.6,0,0,
05/14/2026,10:16:37:698,0.000000,0.000000,3,-118.64,-118.64,0,0,
05/14/2026,10:16:37:707,0.000000,0.000000,2,-98.99,-98.99,0,0,
05/14/2026,10:16:37:710,0.000000,0.000000,4,-120.02,-120.02,0,0,
05/14/2026,10:16:37:725,0.000000,0.000000,1,-122.68,-122.68,0,0,
05/14/2026,10:16:37:730,0.000000,0.000000,3,-117.63,-117.63,0,0,
05/14/2026,10:16:37:739,0.000000,0.000000,2,-100.19,-100.19,0,0,
05/14/2026,10:16:37:765,0.000000,0.000000,4,-118.06,-118.06,0,0,
05/14/2026,10:16:37:887,0.000000,0.000000,1,-120.51,-120.51,0,0,
05/14/2026,10:16:37:891,0.000000,0.000000,3,-121.13,-121.13,0,0,
05/14/2026,10:16:37:971,0.000000,0.000000,2,-88.74,-88.74,0,0,
05/14/2026,10:16:38:041,0.000000,0.000000,4,-120.59,-120.59,0,0,
05/14/2026,10:16:38:078,0.000000,0.000000,1,-120.52,-120.52,0,0,
05/14/2026,10:16:38:113,0.000000,0.000000,3,-94.66,-94.66,0,0,
05/14/2026,10:16:38:184,0.000000,0.000000,2,-101.93,-101.93,0,0,
05/14/2026,10:16:38:216,0.000000,0.000000,4,-119.46,-119.46,0,0,
05/14/2026,10:16:38:303,0.000000,0.000000,1,-119.55,-119.55,0,0,
05/14/2026,10:16:38:337,0.000000,0.000000,3,-96.68,-96.68,0,0,
05/14/2026,10:16:38:411,0.000000,0.000000,2,-99.03,-99.03,0,0,
05/14/2026,10:16:38:442,0.000000,0.000000,4,-120.41,-120.41,0,0,
05/14/2026,10:16:38:533,0.000000,0.000000,1,-119.59,-119.59,0,0,
05/14/2026,10:16:38:563,0.000000,0.000000,3,-121.43,-121.43,0,0,
05/14/2026,10:16:38:635,0.000000,0.000000,2,-91.38,-91.38,0,0,
05/14/2026,10:16:38:669,0.000000,0.000000,4,-121.89,-121.89,0,0,
05/14/2026,10:16:38:756,0.000000,0.000000,1,-119.9,-119.9,0,0,
05/14/2026,10:16:38:789,0.000000,0.000000,3,-120.31,-120.31,0,0,
05/14/2026,10:16:38:858,0.000000,0.000000,2,-97.19,-97.19,0,0,
05/14/2026,10:16:38:893,0.000000,0.000000,4,-119.09,-119.09,0,0,
05/14/2026,10:16:38:981,0.000000,0.000000,1,-120.48,-120.48,0,0,
05/14/2026,10:16:39:014,0.000000,0.000000,3,-116.79,-116.79,0,0,
05/14/2026,10:16:39:085,0.000000,0.000000,2,-92.92,-92.92,0,0,
05/14/2026,10:16:39:119,0.000000,0.000000,4,-119.32,-119.32,0,0,
05/14/2026,10:16:39:206,0.000000,0.000000,1,-118.72,-118.72,0,0,
05/14/2026,10:16:39:239,0.000000,0.000000,3,-93.88,-93.88,0,0,
05/14/2026,10:16:39:311,0.000000,0.000000,2,-97.47,-97.47,0,0,
05/14/2026,10:16:39:344,0.000000,0.000000,4,-119.57,-119.57,0,0,
05/14/2026,10:16:39:431,0.000000,0.000000,1,-119.47,-119.47,0,0,
05/14/2026,10:16:39:465,0.000000,0.000000,3,-111.21,-111.21,0,0,
05/14/2026,10:16:39:537,0.000000,0.000000,2,-83.4,-83.4,0,0,
05/14/2026,10:16:39:570,0.000000,0.000000,4,-120.02,-120.02,0,0,
05/14/2026,10:16:39:686,0.000000,0.000000,1,-120.89,-120.89,0,0,
05/14/2026,10:16:39:693,0.000000,0.000000,3,-119.57,-119.57,0,0,
05/14/2026,10:16:39:765,0.000000,0.000000,2,-80.58,-80.58,0,0,
05/14/2026,10:16:39:811,0.000000,0.000000,4,-119.12,-119.12,0,0,
05/14/2026,10:16:39:883,0.000000,0.000000,1,-119.03,-119.03,0,0,
05/14/2026,10:16:39:930,0.000000,0.000000,3,-83.74,-83.74,0,0,
05/14/2026,10:16:39:986,0.000000,0.000000,2,-87.06,-87.06,0,0,
05/14/2026,10:16:40:026,0.000000,0.000000,4,-120.94,-120.94,0,0,
05/14/2026,10:16:40:110,0.000000,0.000000,1,-119.55,-119.55,0,0,
05/14/2026,10:16:40:141,0.000000,0.000000,3,-109.87,-109.87,0,0,
05/14/2026,10:16:40:211,0.000000,0.000000,2,-81.71,-81.71,0,0,
05/14/2026,10:16:40:247,0.000000,0.000000,4,-121.36,-121.36,0,0,
05/14/2026,10:16:40:334,0.000000,0.000000,1,-119.64,-119.64,0,0,
05/14/2026,10:16:40:368,0.000000,0.000000,3,-121.13,-121.13,0,0,
05/14/2026,10:16:40:437,0.000000,0.000000,2,-81.77,-81.77,0,0,
05/14/2026,10:16:40:470,0.000000,0.000000,4,-121.4,-121.4,0,0,
05/14/2026,10:16:40:558,0.000000,0.000000,1,-119.81,-119.81,0,0,
05/14/2026,10:16:40:595,0.000000,0.000000,3,-117.44,-117.44,0,0,
05/14/2026,10:16:40:663,0.000000,0.000000,2,-88.81,-88.81,0,0,
05/14/2026,10:16:40:696,0.000000,0.000000,4,-121.91,-121.91,0,0,
05/14/2026,10:16:40:785,0.000000,0.000000,1,-120.02,-120.02,0,0,
05/14/2026,10:16:40:819,0.000000,0.000000,3,-86.92,-86.92,0,0,
05/14/2026,10:16:40:890,0.000000,0.000000,2,-83.39,-83.39,0,0,
05/14/2026,10:16:40:921,0.000000,0.000000,4,-121.3,-121.3,0,0,
05/14/2026,10:16:41:009,0.000000,0.000000,1,-119.13,-119.13,0,0,
05/14/2026,10:16:41:042,0.000000,0.000000,3,-109.54,-109.54,0,0,
05/14/2026,10:16:41:114,0.000000,0.000000,2,-88.41,-88.41,0,0,
05/14/2026,10:16:41:149,0.000000,0.000000,4,-121.89,-121.89,0,0,
05/14/2026,10:16:41:236,0.000000,0.000000,1,-121.61,-121.61,0,0,
05/14/2026,10:16:41:268,0.000000,0.000000,3,-87.87,-87.87,0,0,
05/14/2026,10:16:41:339,0.000000,0.000000,2,-86.77,-86.77,0,0,
05/14/2026,10:16:41:373,0.000000,0.000000,4,-119.54,-119.54,0,0,
05/14/2026,10:16:41:459,0.000000,0.000000,1,-119.22,-119.22,0,0,
05/14/2026,10:16:41:494,0.000000,0.000000,3,-79.93,-79.93,0,0,
05/14/2026,10:16:41:567,0.000000,0.000000,2,-80.57,-80.57,0,0,
05/14/2026,10:16:41:631,0.000000,0.000000,4,-118.26,-118.26,0,0,
05/14/2026,10:16:41:712,0.000000,0.000000,1,-118.12,-118.12,0,0,
05/14/2026,10:16:41:720,0.000000,0.000000,3,-84.31,-84.31,0,0,
05/14/2026,10:16:41:790,0.000000,0.000000,2,-87.43,-87.43,0,0,
05/14/2026,10:16:41:835,0.000000,0.000000,4,-118.92,-118.92,0,0,
05/14/2026,10:16:41:913,0.000000,0.000000,1,-120.82,-120.82,0,0,
05/14/2026,10:16:41:946,0.000000,0.000000,3,-84.17,-84.17,0,0,
05/14/2026,10:16:42:024,0.000000,0.000000,2,-85.21,-85.21,0,0,
05/14/2026,10:16:42:051,0.000000,0.000000,4,-120.51,-120.51,0,0,
05/14/2026,10:16:42:138,0.000000,0.000000,1,-119.95,-119.95,0,0,
05/14/2026,10:16:42:171,0.000000,0.000000,3,-83.28,-83.28,0,0,
05/14/2026,10:16:42:241,0.000000,0.000000,2,-80.81,-80.81,0,0,
05/14/2026,10:16:42:274,0.000000,0.000000,4,-118.54,-118.54,0,0,
05/14/2026,10:16:42:362,0.000000,0.000000,1,-121.7,-121.7,0,0,
05/14/2026,10:16:42:394,0.000000,0.000000,3,-82.94,-82.94,0,0,
05/14/2026,10:16:42:467,0.000000,0.000000,2,-87.91,-87.91,0,0,
05/14/2026,10:16:42:499,0.000000,0.000000,4,-120.84,-120.84,0,0,
05/14/2026,10:16:42:585,0.000000,0.000000,1,-119.98,-119.98,0,0,
05/14/2026,10:16:42:623,0.000000,0.000000,3,-80.65,-80.65,0,0,
05/14/2026,10:16:42:691,0.000000,0.000000,2,-81.14,-81.14,0,0,
05/14/2026,10:16:42:974,0.000000,0.000000,4,-118.57,-118.57,0,0,
05/14/2026,10:16:42:996,0.000000,0.000000,1,-119.27,-119.27,0,0,
05/14/2026,10:16:43:000,0.000000,0.000000,3,-82.06,-82.06,0,0,
05/14/2026,10:16:43:010,0.000000,0.000000,2,-75.71,-75.71,0,0,
05/14/2026,10:16:43:017,0.000000,0.000000,4,-121.23,-121.23,0,0,
05/14/2026,10:16:43:038,0.000000,0.000000,1,-120.99,-120.99,0,0,
05/14/2026,10:16:43:073,0.000000,0.000000,3,-82.2,-82.2,0,0,
05/14/2026,10:16:43:142,0.000000,0.000000,2,-73.03,-73.03,0,0,
05/14/2026,10:16:43:177,0.000000,0.000000,4,-118.85,-118.85,0,0,
05/14/2026,10:16:43:265,0.000000,0.000000,1,-120.11,-120.11,0,0,
05/14/2026,10:16:43:339,0.000000,0.000000,3,-85.7,-85.7,0,0,
05/14/2026,10:16:43:430,0.000000,0.000000,2,-77.35,-77.35,0,0,
05/14/2026,10:16:43:432,0.000000,0.000000,4,-116.57,-116.57,0,0,
05/14/2026,10:16:43:502,0.000000,0.000000,1,-119.78,-119.78,0,0,
05/14/2026,10:16:43:570,0.000000,0.000000,3,-70.87,-70.87,0,0,
05/14/2026,10:16:43:596,0.000000,0.000000,2,-74.29,-74.29,0,0,
05/14/2026,10:16:43:628,0.000000,0.000000,4,-118.63,-118.63,0,0,
05/14/2026,10:16:43:713,0.000000,0.000000,1,-117.66,-117.66,0,0,
05/14/2026,10:16:43:747,0.000000,0.000000,3,-77.14,-77.14,0,0,
05/14/2026,10:16:43:823,0.000000,0.000000,2,-80.5,-80.5,0,0,
05/14/2026,10:16:43:854,0.000000,0.000000,4,-122.07,-122.07,0,0,
05/14/2026,10:16:43:940,0.000000,0.000000,1,-121.21,-121.21,0,0,
05/14/2026,10:16:43:972,0.000000,0.000000,3,-74.83,-74.83,0,0,
05/14/2026,10:16:44:042,0.000000,0.000000,2,-81.46,-81.46,0,0,
05/14/2026,10:16:44:077,0.000000,0.000000,4,-120.29,-120.29,0,0,
05/14/2026,10:16:44:165,0.000000,0.000000,1,-120.61,-120.61,0,0,
05/14/2026,10:16:44:199,0.000000,0.000000,3,-81.11,-81.11,0,0,
05/14/2026,10:16:44:268,0.000000,0.000000,2,-77.05,-77.05,0,0,
05/14/2026,10:16:44:302,0.000000,0.000000,4,-120.09,-120.09,0,0,
05/14/2026,10:16:44:392,0.000000,0.000000,1,-120.32,-120.32,0,0,
05/14/2026,10:16:44:423,0.000000,0.000000,3,-75.07,-75.07,0,0,
05/14/2026,10:16:44:497,0.000000,0.000000,2,-75.55,-75.55,0,0,
05/14/2026,10:16:44:531,0.000000,0.000000,4,-119.17,-119.17,0,0,
05/14/2026,10:16:44:616,0.000000,0.000000,1,-119.8,-119.8,0,0,
05/14/2026,10:16:44:650,0.000000,0.000000,3,-74.55,-74.55,0,0,
05/14/2026,10:16:44:721,0.000000,0.000000,2,-74.25,-74.25,0,0,
05/14/2026,10:16:44:753,0.000000,0.000000,4,-121.63,-121.63,0,0,
05/14/2026,10:16:44:844,0.000000,0.000000,1,-119.44,-119.44,0,0,
05/14/2026,10:16:44:875,0.000000,0.000000,3,-86.98,-86.98,0,0,
05/14/2026,10:16:44:947,0.000000,0.000000,2,-76.96,-76.96,0,0,
05/14/2026,10:16:44:980,0.000000,0.000000,4,-121.38,-121.38,0,0,
05/14/2026,10:16:45:082,0.000000,0.000000,1,-118.33,-118.33,0,0,
05/14/2026,10:16:45:155,0.000000,0.000000,3,-73.1,-73.1,0,0,
05/14/2026,10:16:45:173,0.000000,0.000000,2,-74.85,-74.85,0,0,
05/14/2026,10:16:45:204,0.000000,0.000000,4,-119.19,-119.19,0,0,
05/14/2026,10:16:45:294,0.000000,0.000000,1,-118.56,-118.56,0,0,
05/14/2026,10:16:45:328,0.000000,0.000000,3,-76.75,-76.75,0,0,
05/14/2026,10:16:45:396,0.000000,0.000000,2,-74.75,-74.75,0,0,
05/14/2026,10:16:45:431,0.000000,0.000000,4,-120.44,-120.44,0,0,
05/14/2026,10:16:45:517,0.000000,0.000000,1,-120.5,-120.5,0,0,
05/14/2026,10:16:45:553,0.000000,0.000000,3,-77.44,-77.44,0,0,
05/14/2026,10:16:45:624,0.000000,0.000000,2,-72.37,-72.37,0,0,
05/14/2026,10:16:45:655,0.000000,0.000000,4,-120.23,-120.23,0,0,
05/14/2026,10:16:45:743,0.000000,0.000000,1,-118.71,-118.71,0,0,
05/14/2026,10:16:45:775,0.000000,0.000000,3,-75.71,-75.71,0,0,
05/14/2026,10:16:45:847,0.000000,0.000000,2,-75.17,-75.17,0,0,
05/14/2026,10:16:45:881,0.000000,0.000000,4,-117.13,-117.13,0,0,
05/14/2026,10:16:45:969,0.000000,0.000000,1,-120.34,-120.34,0,0,
05/14/2026,10:16:46:002,0.000000,0.000000,3,-80.15,-80.15,0,0,
05/14/2026,10:16:46:074,0.000000,0.000000,2,-69.37,-69.37,0,0,
05/14/2026,10:16:46:106,0.000000,0.000000,4,-118.76,-118.76,0,0,
05/14/2026,10:16:46:195,0.000000,0.000000,1,-120.5,-120.5,0,0,
05/14/2026,10:16:46:227,0.000000,0.000000,3,-71.33,-71.33,0,0,
05/14/2026,10:16:46:298,0.000000,0.000000,2,-71.96,-71.96,0,0,
05/14/2026,10:16:46:332,0.000000,0.000000,4,-120.26,-120.26,0,0,
05/14/2026,10:16:46:423,0.000000,0.000000,1,-118.95,-118.95,0,0,
05/14/2026,10:16:46:455,0.000000,0.000000,3,-76.29,-76.29,0,0,
05/14/2026,10:16:46:523,0.000000,0.000000,2,-64.78,-64.78,0,0,
05/14/2026,10:16:46:557,0.000000,0.000000,4,-120.12,-120.12,0,0,
05/14/2026,10:16:46:644,0.000000,0.000000,1,-119.3,-119.3,0,0,
05/14/2026,10:16:46:678,0.000000,0.000000,3,-114.15,-114.15,0,0,
05/14/2026,10:16:46:750,0.000000,0.000000,2,-70.27,-70.27,0,0,
05/14/2026,10:16:46:784,0.000000,0.000000,4,-120.69,-120.69,0,0,
05/14/2026,10:16:46:870,0.000000,0.000000,1,-119.28,-119.28,0,0,
05/14/2026,10:16:46:903,0.000000,0.000000,3,-112.92,-112.92,0,0,
05/14/2026,10:16:46:991,0.000000,0.000000,2,-68.79,-68.79,0,0,
05/14/2026,10:16:47:055,0.000000,0.000000,4,-119.65,-119.65,0,0,
05/14/2026,10:16:47:136,0.000000,0.000000,1,-117.86,-117.86,0,0,
05/14/2026,10:16:47:145,0.000000,0.000000,3,-116.4,-116.4,0,0,
05/14/2026,10:16:47:222,0.000000,0.000000,2,-72.25,-72.25,0,0,
05/14/2026,10:16:47:233,0.000000,0.000000,4,-119.66,-119.66,0,0,
05/14/2026,10:16:47:323,0.000000,0.000000,1,-119.82,-119.82,0,0,
05/14/2026,10:16:47:355,0.000000,0.000000,3,-93.05,-93.05,0,0,
05/14/2026,10:16:47:427,0.000000,0.000000,2,-78.51,-78.51,0,0,
05/14/2026,10:16:47:461,0.000000,0.000000,4,-121,-121,0,0,
05/14/2026,10:16:47:545,0.000000,0.000000,1,-119.96,-119.96,0,0,
05/14/2026,10:16:47:580,0.000000,0.000000,3,-73.89,-73.89,0,0,
05/14/2026,10:16:47:653,0.000000,0.000000,2,-66.87,-66.87,0,0,
05/14/2026,10:16:47:706,0.000000,0.000000,4,-117.98,-117.98,0,0,
05/14/2026,10:16:47:773,0.000000,0.000000,1,-119.72,-119.72,0,0,
05/14/2026,10:16:47:808,0.000000,0.000000,3,-69.62,-69.62,0,0,
05/14/2026,10:16:47:881,0.000000,0.000000,2,-68.61,-68.61,0,0,
05/14/2026,10:16:47:911,0.000000,0.000000,4,-119.17,-119.17,0,0,
05/14/2026,10:16:48:254,0.000000,0.000000,1,-120.06,-120.06,0,0,
05/14/2026,10:16:48:257,0.000000,0.000000,3,-73.43,-73.43,0,0,
05/14/2026,10:16:48:272,0.000000,0.000000,2,-59.2,-59.2,0,0,
05/14/2026,10:16:48:278,0.000000,0.000000,4,-118.47,-118.47,0,0,
05/14/2026,10:16:48:291,0.000000,0.000000,1,-117.87,-117.87,0,0,
05/14/2026,10:16:48:298,0.000000,0.000000,3,-102.19,-102.19,0,0,
05/14/2026,10:16:48:329,0.000000,0.000000,2,-73.25,-73.25,0,0,
05/14/2026,10:16:48:361,0.000000,0.000000,4,-116.75,-116.75,0,0,
05/14/2026,10:16:48:450,0.000000,0.000000,1,-120.24,-120.24,0,0,
05/14/2026,10:16:48:483,0.000000,0.000000,3,-69.67,-69.67,0,0,
05/14/2026,10:16:48:552,0.000000,0.000000,2,-89.05,-89.05,0,0,
05/14/2026,10:16:48:587,0.000000,0.000000,4,-119.83,-119.83,0,0,
05/14/2026,10:16:48:676,0.000000,0.000000,1,-122.57,-122.57,0,0,
05/14/2026,10:16:48:707,0.000000,0.000000,3,-76.57,-76.57,0,0,
05/14/2026,10:16:48:779,0.000000,0.000000,2,-69.71,-69.71,0,0,
05/14/2026,10:16:48:814,0.000000,0.000000,4,-118.86,-118.86,0,0,
05/14/2026,10:16:48:930,0.000000,0.000000,1,-119.03,-119.03,0,0,
05/14/2026,10:16:48:935,0.000000,0.000000,3,-72.5,-72.5,0,0,
05/14/2026,10:16:49:010,0.000000,0.000000,2,-71.12,-71.12,0,0,
05/14/2026,10:16:49:081,0.000000,0.000000,4,-118.89,-118.89,0,0,
05/14/2026,10:16:49:162,0.000000,0.000000,1,-119.68,-119.68,0,0,
05/14/2026,10:16:49:169,0.000000,0.000000,3,-122.13,-122.13,0,0,
05/14/2026,10:16:49:229,0.000000,0.000000,2,-76.75,-76.75,0,0,
05/14/2026,10:16:49:265,0.000000,0.000000,4,-120.24,-120.24,0,0,
05/14/2026,10:16:49:352,0.000000,0.000000,1,-120.79,-120.79,0,0,
05/14/2026,10:16:49:384,0.000000,0.000000,3,-81.04,-81.04,0,0,
05/14/2026,10:16:49:458,0.000000,0.000000,2,-83.94,-83.94,0,0,
05/14/2026,10:16:49:487,0.000000,0.000000,4,-120.79,-120.79,0,0,
05/14/2026,10:16:49:578,0.000000,0.000000,1,-120.8,-120.8,0,0,
05/14/2026,10:16:49:612,0.000000,0.000000,3,-92.64,-92.64,0,0,
05/14/2026,10:16:49:680,0.000000,0.000000,2,-84.57,-84.57,0,0,
05/14/2026,10:16:49:714,0.000000,0.000000,4,-122.48,-122.48,0,0,
05/14/2026,10:16:49:802,0.000000,0.000000,1,-121.6,-121.6,0,0,
05/14/2026,10:16:49:836,0.000000,0.000000,3,-118.83,-118.83,0,0,
05/14/2026,10:16:49:906,0.000000,0.000000,2,-88.36,-88.36,0,0,
05/14/2026,10:16:49:940,0.000000,0.000000,4,-122.38,-122.38,0,0,
05/14/2026,10:16:50:027,0.000000,0.000000,1,-118.68,-118.68,0,0,
05/14/2026,10:16:50:062,0.000000,0.000000,3,-98.61,-98.61,0,0,
05/14/2026,10:16:50:131,0.000000,0.000000,2,-94.62,-94.62,0,0,
05/14/2026,10:16:50:164,0.000000,0.000000,4,-120.32,-120.32,0,0,
05/14/2026,10:16:50:260,0.000000,0.000000,1,-118.52,-118.52,0,0,
05/14/2026,10:16:50:288,0.000000,0.000000,3,-91.72,-91.72,0,0,
05/14/2026,10:16:50:355,0.000000,0.000000,2,-90.75,-90.75,0,0,
05/14/2026,10:16:50:390,0.000000,0.000000,4,-118.35,-118.35,0,0,
05/14/2026,10:16:50:478,0.000000,0.000000,1,-120.8,-120.8,0,0,
05/14/2026,10:16:50:512,0.000000,0.000000,3,-91.73,-91.73,0,0,
05/14/2026,10:16:50:582,0.000000,0.000000,2,-86.96,-86.96,0,0,
05/14/2026,10:16:50:615,0.000000,0.000000,4,-121.29,-121.29,0,0,
05/14/2026,10:16:50:702,0.000000,0.000000,1,-119.62,-119.62,0,0,
05/14/2026,10:16:50:740,0.000000,0.000000,3,-96.65,-96.65,0,0,
05/14/2026,10:16:50:808,0.000000,0.000000,2,-94.71,-94.71,0,0,
05/14/2026,10:16:50:843,0.000000,0.000000,4,-119.94,-119.94,0,0,
05/14/2026,10:16:50:979,0.000000,0.000000,1,-118.63,-118.63,0,0,
05/14/2026,10:16:50:983,0.000000,0.000000,3,-121.17,-121.17,0,0,
05/14/2026,10:16:51:054,0.000000,0.000000,2,-93.63,-93.63,0,0,
05/14/2026,10:16:51:122,0.000000,0.000000,4,-118.17,-118.17,0,0,
05/14/2026,10:16:51:154,0.000000,0.000000,1,-120,-120,0,0,
05/14/2026,10:16:51:188,0.000000,0.000000,3,-117.19,-117.19,0,0,
05/14/2026,10:16:51:262,0.000000,0.000000,2,-91.71,-91.71,0,0,
05/14/2026,10:16:51:294,0.000000,0.000000,4,-119.9,-119.9,0,0,
05/14/2026,10:16:51:382,0.000000,0.000000,1,-120.37,-120.37,0,0,
05/14/2026,10:16:51:414,0.000000,0.000000,3,-99.07,-99.07,0,0,
05/14/2026,10:16:51:485,0.000000,0.000000,2,-90.12,-90.12,0,0,
05/14/2026,10:16:51:549,0.000000,0.000000,4,-119.68,-119.68,0,0,
05/14/2026,10:16:51:605,0.000000,0.000000,1,-119.2,-119.2,0,0,
05/14/2026,10:16:51:638,0.000000,0.000000,3,-109.16,-109.16,0,0,
05/14/2026,10:16:51:719,0.000000,0.000000,2,-99.83,-99.83,0,0,
05/14/2026,10:16:51:743,0.000000,0.000000,4,-121.15,-121.15,0,0,
05/14/2026,10:16:51:829,0.000000,0.000000,1,-120.49,-120.49,0,0,
05/14/2026,10:16:51:864,0.000000,0.000000,3,-102.79,-102.79,0,0,
05/14/2026,10:16:51:935,0.000000,0.000000,2,-84.93,-84.93,0,0,
05/14/2026,10:16:51:970,0.000000,0.000000,4,-121.05,-121.05,0,0,
05/14/2026,10:16:52:055,0.000000,0.000000,1,-120.33,-120.33,0,0,
05/14/2026,10:16:52:089,0.000000,0.000000,3,-91.18,-91.18,0,0,
05/14/2026,10:16:52:160,0.000000,0.000000,2,-86.7,-86.7,0,0,
05/14/2026,10:16:52:194,0.000000,0.000000,4,-123.17,-123.17,0,0,
05/14/2026,10:16:52:280,0.000000,0.000000,1,-119.18,-119.18,0,0,
05/14/2026,10:16:52:314,0.000000,0.000000,3,-116.44,-116.44,0,0,
05/14/2026,10:16:52:387,0.000000,0.000000,2,-99.36,-99.36,0,0,
05/14/2026,10:16:52:420,0.000000,0.000000,4,-120.9,-120.9,0,0,
05/14/2026,10:16:52:508,0.000000,0.000000,1,-119.54,-119.54,0,0,
05/14/2026,10:16:52:541,0.000000,0.000000,3,-92.69,-92.69,0,0,
05/14/2026,10:16:52:611,0.000000,0.000000,2,-95.51,-95.51,0,0,
05/14/2026,10:16:52:680,0.000000,0.000000,4,-121.19,-121.19,0,0,
05/14/2026,10:16:52:760,0.000000,0.000000,1,-118.18,-118.18,0,0,
05/14/2026,10:16:52:768,0.000000,0.000000,3,-118.93,-118.93,0,0,
05/14/2026,10:16:52:841,0.000000,0.000000,2,-87.56,-87.56,0,0,
05/14/2026,10:16:52:876,0.000000,0.000000,4,-119.09,-119.09,0,0,
05/14/2026,10:16:52:957,0.000000,0.000000,1,-117.61,-117.61,0,0,
05/14/2026,10:16:53:000,0.000000,0.000000,3,-90.18,-90.18,0,0,
05/14/2026,10:16:53:064,0.000000,0.000000,2,-92.74,-92.74,0,0,
05/14/2026,10:16:53:101,0.000000,0.000000,4,-122.56,-122.56,0,0,
05/14/2026,10:16:53:184,0.000000,0.000000,1,-121.93,-121.93,0,0,
05/14/2026,10:16:53:217,0.000000,0.000000,3,-91,-91,0,0,
05/14/2026,10:16:53:537,0.000000,0.000000,2,-91.32,-91.32,0,0,
05/14/2026,10:16:53:540,0.000000,0.000000,4,-118.57,-118.57,0,0,
05/14/2026,10:16:53:559,0.000000,0.000000,1,-119.01,-119.01,0,0,
05/14/2026,10:16:53:571,0.000000,0.000000,3,-120.05,-120.05,0,0,
05/14/2026,10:16:53:579,0.000000,0.000000,2,-88.09,-88.09,0,0,
05/14/2026,10:16:53:586,0.000000,0.000000,4,-119.65,-119.65,0,0,
05/14/2026,10:16:53:633,0.000000,0.000000,1,-120.21,-120.21,0,0,
05/14/2026,10:16:53:668,0.000000,0.000000,3,-95.49,-95.49,0,0,
05/14/2026,10:16:53:740,0.000000,0.000000,2,-89.26,-89.26,0,0,
05/14/2026,10:16:53:773,0.000000,0.000000,4,-119.35,-119.35,0,0,
05/14/2026,10:16:53:863,0.000000,0.000000,1,-121.19,-121.19,0,0,
05/14/2026,10:16:53:894,0.000000,0.000000,3,-103.92,-103.92,0,0,
05/14/2026,10:16:53:965,0.000000,0.000000,2,-88.39,-88.39,0,0,
05/14/2026,10:16:53:998,0.000000,0.000000,4,-121.47,-121.47,0,0,
05/14/2026,10:16:54:106,0.000000,0.000000,1,-120.49,-120.49,0,0,
05/14/2026,10:16:54:117,0.000000,0.000000,3,-117.39,-117.39,0,0,
05/14/2026,10:16:54:190,0.000000,0.000000,2,-95.46,-95.46,0,0,
05/14/2026,10:16:54:224,0.000000,0.000000,4,-119.93,-119.93,0,0,
05/14/2026,10:16:54:353,0.000000,0.000000,1,-119.05,-119.05,0,0,
05/14/2026,10:16:54:359,0.000000,0.000000,3,-86.38,-86.38,0,0,
05/14/2026,10:16:54:433,0.000000,0.000000,2,-88.3,-88.3,0,0,
05/14/2026,10:16:54:448,0.000000,0.000000,4,-119.34,-119.34,0,0,
05/14/2026,10:16:54:553,0.000000,0.000000,1,-119.28,-119.28,0,0,
05/14/2026,10:16:54:603,0.000000,0.000000,3,-106.28,-106.28,0,0,
05/14/2026,10:16:54:641,0.000000,0.000000,2,-82.97,-82.97,0,0,
05/14/2026,10:16:54:675,0.000000,0.000000,4,-120.08,-120.08,0,0,
05/14/2026,10:16:54:762,0.000000,0.000000,1,-118.36,-118.36,0,0,
05/14/2026,10:16:54:796,0.000000,0.000000,3,-118.49,-118.49,0,0,
05/14/2026,10:16:54:867,0.000000,0.000000,2,-94.41,-94.41,0,0,
05/14/2026,10:16:54:901,0.000000,0.000000,4,-120.54,-120.54,0,0,
05/14/2026,10:16:54:989,0.000000,0.000000,1,-119.97,-119.97,0,0,
05/14/2026,10:16:55:023,0.000000,0.000000,3,-103.22,-103.22,0,0,
05/14/2026,10:16:55:092,0.000000,0.000000,2,-93.82,-93.82,0,0,
05/14/2026,10:16:55:125,0.000000,0.000000,4,-119.52,-119.52,0,0,
05/14/2026,10:16:55:213,0.000000,0.000000,1,-119.19,-119.19,0,0,
05/14/2026,10:16:55:251,0.000000,0.000000,3,-88.55,-88.55,0,0,
05/14/2026,10:16:55:318,0.000000,0.000000,2,-94,-94,0,0,
05/14/2026,10:16:55:352,0.000000,0.000000,4,-120.33,-120.33,0,0,
05/14/2026,10:16:55:437,0.000000,0.000000,1,-117.4,-117.4,0,0,
05/14/2026,10:16:55:473,0.000000,0.000000,3,-96.4,-96.4,0,0,
05/14/2026,10:16:55:543,0.000000,0.000000,2,-81.64,-81.64,0,0,
05/14/2026,10:16:55:576,0.000000,0.000000,4,-119.14,-119.14,0,0,
05/14/2026,10:16:55:665,0.000000,0.000000,1,-120.65,-120.65,0,0,
05/14/2026,10:16:55:699,0.000000,0.000000,3,-83.83,-83.83,0,0,
05/14/2026,10:16:55:768,0.000000,0.000000,2,-86.93,-86.93,0,0,
05/14/2026,10:16:55:803,0.000000,0.000000,4,-120.23,-120.23,0,0,
05/14/2026,10:16:55:889,0.000000,0.000000,1,-119.8,-119.8,0,0,
05/14/2026,10:16:55:923,0.000000,0.000000,3,-79.8,-79.8,0,0,
05/14/2026,10:16:55:992,0.000000,0.000000,2,-96.04,-96.04,0,0,
05/14/2026,10:16:56:026,0.000000,0.000000,4,-118.97,-118.97,0,0,
05/14/2026,10:16:56:114,0.000000,0.000000,1,-120.98,-120.98,0,0,
05/14/2026,10:16:56:150,0.000000,0.000000,3,-89.4,-89.4,0,0,
05/14/2026,10:16:56:218,0.000000,0.000000,2,-86.99,-86.99,0,0,
05/14/2026,10:16:56:253,0.000000,0.000000,4,-120.18,-120.18,0,0,
05/14/2026,10:16:56:340,0.000000,0.000000,1,-120.6,-120.6,0,0,
05/14/2026,10:16:56:374,0.000000,0.000000,3,-118.25,-118.25,0,0,
05/14/2026,10:16:56:445,0.000000,0.000000,2,-82.7,-82.7,0,0,
05/14/2026,10:16:56:477,0.000000,0.000000,4,-120.49,-120.49,0,0,
05/14/2026,10:16:56:598,0.000000,0.000000,1,-120.79,-120.79,0,0,
05/14/2026,10:16:56:601,0.000000,0.000000,3,-120.08,-120.08,0,0,
05/14/2026,10:16:56:726,0.000000,0.000000,2,-96.32,-96.32,0,0,
05/14/2026,10:16:56:731,0.000000,0.000000,4,-120.69,-120.69,0,0,
05/14/2026,10:16:56:807,0.000000,0.000000,1,-118.5,-118.5,0,0,
05/14/2026,10:16:56:841,0.000000,0.000000,3,-89.09,-89.09,0,0,
05/14/2026,10:16:56:896,0.000000,0.000000,2,-98.73,-98.73,0,0,
05/14/2026,10:16:56:931,0.000000,0.000000,4,-120.49,-120.49,0,0,
05/14/2026,10:16:57:016,0.000000,0.000000,1,-119.68,-119.68,0,0,
05/14/2026,10:16:57:051,0.000000,0.000000,3,-92.61,-92.61,0,0,
05/14/2026,10:16:57:121,0.000000,0.000000,2,-93.72,-93.72,0,0,
05/14/2026,10:16:57:155,0.000000,0.000000,4,-121.12,-121.12,0,0,
05/14/2026,10:16:57:242,0.000000,0.000000,1,-118.17,-118.17,0,0,
05/14/2026,10:16:57:274,0.000000,0.000000,3,-78.7,-78.7,0,0,
05/14/2026,10:16:57:346,0.000000,0.000000,2,-83.86,-83.86,0,0,
05/14/2026,10:16:57:377,0.000000,0.000000,4,-120.12,-120.12,0,0,
05/14/2026,10:16:57:467,0.000000,0.000000,1,-121.54,-121.54,0,0,
05/14/2026,10:16:57:501,0.000000,0.000000,3,-114.36,-114.36,0,0,
05/14/2026,10:16:57:573,0.000000,0.000000,2,-76.82,-76.82,0,0,
05/14/2026,10:16:57:607,0.000000,0.000000,4,-119.22,-119.22,0,0,
05/14/2026,10:16:57:694,0.000000,0.000000,1,-120.86,-120.86,0,0,
05/14/2026,10:16:57:729,0.000000,0.000000,3,-83.56,-83.56,0,0,
05/14/2026,10:16:57:796,0.000000,0.000000,2,-84.24,-84.24,0,0,
05/14/2026,10:16:57:831,0.000000,0.000000,4,-119.9,-119.9,0,0,
05/14/2026,10:16:57:947,0.000000,0.000000,1,-120.25,-120.25,0,0,
05/14/2026,10:16:57:951,0.000000,0.000000,3,-107.69,-107.69,0,0,
05/14/2026,10:16:58:022,0.000000,0.000000,2,-78.04,-78.04,0,0,
05/14/2026,10:16:58:058,0.000000,0.000000,4,-118.22,-118.22,0,0,
05/14/2026,10:16:58:145,0.000000,0.000000,1,-118.97,-118.97,0,0,
05/14/2026,10:16:58:185,0.000000,0.000000,3,-79.02,-79.02,0,0,
05/14/2026,10:16:58:289,0.000000,0.000000,2,-77.77,-77.77,0,0,
05/14/2026,10:16:58:292,0.000000,0.000000,4,-118.25,-118.25,0,0,
05/14/2026,10:16:58:421,0.000000,0.000000,1,-120.69,-120.69,0,0,
05/14/2026,10:16:58:423,0.000000,0.000000,3,-108.69,-108.69,0,0,
05/14/2026,10:16:58:477,0.000000,0.000000,2,-68.63,-68.63,0,0,
05/14/2026,10:16:58:524,0.000000,0.000000,4,-120.54,-120.54,0,0,
05/14/2026,10:16:58:827,0.000000,0.000000,1,-121.82,-121.82,0,0,
05/14/2026,10:16:58:834,0.000000,0.000000,3,-89.75,-89.75,0,0,
05/14/2026,10:16:58:844,0.000000,0.000000,2,-70.05,-70.05,0,0,
05/14/2026,10:16:58:853,0.000000,0.000000,4,-120.75,-120.75,0,0,
05/14/2026,10:16:58:862,0.000000,0.000000,1,-120.12,-120.12,0,0,
05/14/2026,10:16:58:868,0.000000,0.000000,3,-108.43,-108.43,0,0,
05/14/2026,10:16:58:922,0.000000,0.000000,2,-81.46,-81.46,0,0,
05/14/2026,10:16:58:957,0.000000,0.000000,4,-118.37,-118.37,0,0,
05/14/2026,10:16:59:048,0.000000,0.000000,1,-119.03,-119.03,0,0,
05/14/2026,10:16:59:078,0.000000,0.000000,3,-100.71,-100.71,0,0,
05/14/2026,10:16:59:149,0.000000,0.000000,2,-88.28,-88.28,0,0,
05/14/2026,10:16:59:182,0.000000,0.000000,4,-121.2,-121.2,0,0,
05/14/2026,10:16:59:270,0.000000,0.000000,1,-119.21,-119.21,0,0,
05/14/2026,10:16:59:305,0.000000,0.000000,3,-95.53,-95.53,0,0,
05/14/2026,10:16:59:375,0.000000,0.000000,2,-83.31,-83.31,0,0,
05/14/2026,10:16:59:408,0.000000,0.000000,4,-121.26,-121.26,0,0,
05/14/2026,10:16:59:494,0.000000,0.000000,1,-119.29,-119.29,0,0,
05/14/2026,10:16:59:531,0.000000,0.000000,3,-95.86,-95.86,0,0,
05/14/2026,10:16:59:603,0.000000,0.000000,2,-74.28,-74.28,0,0,
05/14/2026,10:16:59:635,0.000000,0.000000,4,-120.37,-120.37,0,0,
05/14/2026,10:16:59:722,0.000000,0.000000,1,-116.74,-116.74,0,0,
05/14/2026,10:16:59:755,0.000000,0.000000,3,-74.04,-74.04,0,0,
05/14/2026,10:16:59:826,0.000000,0.000000,2,-78.91,-78.91,0,0,
05/14/2026,10:16:59:862,0.000000,0.000000,4,-116.77,-116.77,0,0,
05/14/2026,10:16:59:947,0.000000,0.000000,1,-119.62,-119.62,0,0,
05/14/2026,10:16:59:979,0.000000,0.000000,3,-79.38,-79.38,0,0,
05/14/2026,10:17:00:051,0.000000,0.000000,2,-80.09,-80.09,0,0,
05/14/2026,10:17:00:086,0.000000,0.000000,4,-117.66,-117.66,0,0,
05/14/2026,10:17:00:172,0.000000,0.000000,1,-121.09,-121.09,0,0,
05/14/2026,10:17:00:226,0.000000,0.000000,3,-81.91,-81.91,0,0,
05/14/2026,10:17:00:300,0.000000,0.000000,2,-70.34,-70.34,0,0,
05/14/2026,10:17:00:309,0.000000,0.000000,4,-119.32,-119.32,0,0,
05/14/2026,10:17:00:407,0.000000,0.000000,1,-121.41,-121.41,0,0,
05/14/2026,10:17:00:430,0.000000,0.000000,3,-74.64,-74.64,0,0,
05/14/2026,10:17:00:504,0.000000,0.000000,2,-73.99,-73.99,0,0,
05/14/2026,10:17:00:535,0.000000,0.000000,4,-117.6,-117.6,0,0,
05/14/2026,10:17:00:622,0.000000,0.000000,1,-120.07,-120.07,0,0,
05/14/2026,10:17:00:656,0.000000,0.000000,3,-71.52,-71.52,0,0,
05/14/2026,10:17:00:726,0.000000,0.000000,2,-72.71,-72.71,0,0,
05/14/2026,10:17:00:768,0.000000,0.000000,4,-120.09,-120.09,0,0,
05/14/2026,10:17:00:849,0.000000,0.000000,1,-120.51,-120.51,0,0,
05/14/2026,10:17:00:881,0.000000,0.000000,3,-79.77,-79.77,0,0,
05/14/2026,10:17:00:953,0.000000,0.000000,2,-82.81,-82.81,0,0,
05/14/2026,10:17:00:986,0.000000,0.000000,4,-119.95,-119.95,0,0,
05/14/2026,10:17:01:073,0.000000,0.000000,1,-118.56,-118.56,0,0,
05/14/2026,10:17:01:107,0.000000,0.000000,3,-75.16,-75.16,0,0,
05/14/2026,10:17:01:178,0.000000,0.000000,2,-73.59,-73.59,0,0,
05/14/2026,10:17:01:212,0.000000,0.000000,4,-121.27,-121.27,0,0,
05/14/2026,10:17:01:297,0.000000,0.000000,1,-119.39,-119.39,0,0,
05/14/2026,10:17:01:331,0.000000,0.000000,3,-73.99,-73.99,0,0,
05/14/2026,10:17:01:404,0.000000,0.000000,2,-73.2,-73.2,0,0,
05/14/2026,10:17:01:437,0.000000,0.000000,4,-119.7,-119.7,0,0,
05/14/2026,10:17:01:525,0.000000,0.000000,1,-119.15,-119.15,0,0,
05/14/2026,10:17:01:558,0.000000,0.000000,3,-76.37,-76.37,0,0,
05/14/2026,10:17:01:628,0.000000,0.000000,2,-72.45,-72.45,0,0,
05/14/2026,10:17:01:664,0.000000,0.000000,4,-120.44,-120.44,0,0,
05/14/2026,10:17:01:748,0.000000,0.000000,1,-118.39,-118.39,0,0,
05/14/2026,10:17:01:783,0.000000,0.000000,3,-81.06,-81.06,0,0,
05/14/2026,10:17:01:855,0.000000,0.000000,2,-73.93,-73.93,0,0,
05/14/2026,10:17:01:912,0.000000,0.000000,4,-119.62,-119.62,0,0,
05/14/2026,10:17:02:030,0.000000,0.000000,1,-121.06,-121.06,0,0,
05/14/2026,10:17:02:038,0.000000,0.000000,3,-82.24,-82.24,0,0,
05/14/2026,10:17:02:119,0.000000,0.000000,2,-85.17,-85.17,0,0,
05/14/2026,10:17:02:123,0.000000,0.000000,4,-117.29,-117.29,0,0,
05/14/2026,10:17:02:202,0.000000,0.000000,1,-119.69,-119.69,0,0,
05/14/2026,10:17:02:233,0.000000,0.000000,3,-79.42,-79.42,0,0,
05/14/2026,10:17:02:306,0.000000,0.000000,2,-80.72,-80.72,0,0,
05/14/2026,10:17:02:339,0.000000,0.000000,4,-119.86,-119.86,0,0,
05/14/2026,10:17:02:425,0.000000,0.000000,1,-118.38,-118.38,0,0,
05/14/2026,10:17:02:459,0.000000,0.000000,3,-69.1,-69.1,0,0,
05/14/2026,10:17:02:529,0.000000,0.000000,2,-75.78,-75.78,0,0,
05/14/2026,10:17:02:564,0.000000,0.000000,4,-121.7,-121.7,0,0,
05/14/2026,10:17:02:652,0.000000,0.000000,1,-120.8,-120.8,0,0,
05/14/2026,10:17:02:685,0.000000,0.000000,3,-103.49,-103.49,0,0,
05/14/2026,10:17:02:757,0.000000,0.000000,2,-71.19,-71.19,0,0,
05/14/2026,10:17:02:790,0.000000,0.000000,4,-122.17,-122.17,0,0,
05/14/2026,10:17:02:876,0.000000,0.000000,1,-118.91,-118.91,0,0,
05/14/2026,10:17:02:911,0.000000,0.000000,3,-73.68,-73.68,0,0,
05/14/2026,10:17:02:981,0.000000,0.000000,2,-85.15,-85.15,0,0,
05/14/2026,10:17:03:014,0.000000,0.000000,4,-121.66,-121.66,0,0,
05/14/2026,10:17:03:102,0.000000,0.000000,1,-119.39,-119.39,0,0,
05/14/2026,10:17:03:136,0.000000,0.000000,3,-107.87,-107.87,0,0,
05/14/2026,10:17:03:208,0.000000,0.000000,2,-76.32,-76.32,0,0,
05/14/2026,10:17:03:240,0.000000,0.000000,4,-119.75,-119.75,0,0,
05/14/2026,10:17:03:329,0.000000,0.000000,1,-119.89,-119.89,0,0,
05/14/2026,10:17:03:361,0.000000,0.000000,3,-109.14,-109.14,0,0,
05/14/2026,10:17:03:434,0.000000,0.000000,2,-81.71,-81.71,0,0,
05/14/2026,10:17:03:467,0.000000,0.000000,4,-120.79,-120.79,0,0,
05/14/2026,10:17:03:552,0.000000,0.000000,1,-119.06,-119.06,0,0,
05/14/2026,10:17:03:586,0.000000,0.000000,3,-94.54,-94.54,0,0,
05/14/2026,10:17:03:659,0.000000,0.000000,2,-85.91,-85.91,0,0,
05/14/2026,10:17:03:693,0.000000,0.000000,4,-119.52,-119.52,0,0,
05/14/2026,10:17:03:835,0.000000,0.000000,1,-120.69,-120.69,0,0,
05/14/2026,10:17:03:839,0.000000,0.000000,3,-118.82,-118.82,0,0,
05/14/2026,10:17:04:104,0.000000,0.000000,2,-77.64,-77.64,0,0,
05/14/2026,10:17:04:108,0.000000,0.000000,4,-120.49,-120.49,0,0,
05/14/2026,10:17:04:119,0.000000,0.000000,1,-119.72,-119.72,0,0,
05/14/2026,10:17:04:123,0.000000,0.000000,3,-97.8,-97.8,0,0,
05/14/2026,10:17:04:138,0.000000,0.000000,2,-84.55,-84.55,0,0,
05/14/2026,10:17:04:143,0.000000,0.000000,4,-121.2,-121.2,0,0,
05/14/2026,10:17:04:229,0.000000,0.000000,1,-119.08,-119.08,0,0,
05/14/2026,10:17:04:267,0.000000,0.000000,3,-76.74,-76.74,0,0,
05/14/2026,10:17:04:342,0.000000,0.000000,2,-90.22,-90.22,0,0,
05/14/2026,10:17:04:367,0.000000,0.000000,4,-121.14,-121.14,0,0,
05/14/2026,10:17:04:456,0.000000,0.000000,1,-120.55,-120.55,0,0,
05/14/2026,10:17:04:490,0.000000,0.000000,3,-104.12,-104.12,0,0,
05/14/2026,10:17:04:558,0.000000,0.000000,2,-74.89,-74.89,0,0,
05/14/2026,10:17:04:593,0.000000,0.000000,4,-120.82,-120.82,0,0,
05/14/2026,10:17:04:679,0.000000,0.000000,1,-120.89,-120.89,0,0,
05/14/2026,10:17:04:717,0.000000,0.000000,3,-112.78,-112.78,0,0,
05/14/2026,10:17:04:786,0.000000,0.000000,2,-69.51,-69.51,0,0,
05/14/2026,10:17:04:818,0.000000,0.000000,4,-119.57,-119.57,0,0,
05/14/2026,10:17:04:905,0.000000,0.000000,1,-120.7,-120.7,0,0,
05/14/2026,10:17:04:941,0.000000,0.000000,3,-122.61,-122.61,0,0,
05/14/2026,10:17:05:012,0.000000,0.000000,2,-87.63,-87.63,0,0,
05/14/2026,10:17:05:047,0.000000,0.000000,4,-121.76,-121.76,0,0,
05/14/2026,10:17:05:132,0.000000,0.000000,1,-121.07,-121.07,0,0,
05/14/2026,10:17:05:168,0.000000,0.000000,3,-79.39,-79.39,0,0,
05/14/2026,10:17:05:238,0.000000,0.000000,2,-81.51,-81.51,0,0,
05/14/2026,10:17:05:271,0.000000,0.000000,4,-119.54,-119.54,0,0,
05/14/2026,10:17:05:356,0.000000,0.000000,1,-121.44,-121.44,0,0,
05/14/2026,10:17:05:391,0.000000,0.000000,3,-71.2,-71.2,0,0,
05/14/2026,10:17:05:462,0.000000,0.000000,2,-85.85,-85.85,0,0,
05/14/2026,10:17:05:496,0.000000,0.000000,4,-71.54,-71.54,0,0,
05/14/2026,10:17:05:584,0.000000,0.000000,1,-121.18,-121.18,0,0,
05/14/2026,10:17:05:616,0.000000,0.000000,3,-119.65,-119.65,0,0,
05/14/2026,10:17:05:686,0.000000,0.000000,2,-71.22,-71.22,0,0,
05/14/2026,10:17:05:757,0.000000,0.000000,4,-72.99,-72.99,0,0,
05/14/2026,10:17:05:839,0.000000,0.000000,1,-118.19,-118.19,0,0,
05/14/2026,10:17:05:845,0.000000,0.000000,3,-79.17,-79.17,0,0,
05/14/2026,10:17:05:911,0.000000,0.000000,2,-77.23,-77.23,0,0,
05/14/2026,10:17:05:946,0.000000,0.000000,4,-81.05,-81.05,0,0,
05/14/2026,10:17:06:034,0.000000,0.000000,1,-120.89,-120.89,0,0,
05/14/2026,10:17:06:067,0.000000,0.000000,3,-85.56,-85.56,0,0,
05/14/2026,10:17:06:139,0.000000,0.000000,2,-76.98,-76.98,0,0,
05/14/2026,10:17:06:171,0.000000,0.000000,4,-84.79,-84.79,0,0,
05/14/2026,10:17:06:262,0.000000,0.000000,1,-122.41,-122.41,0,0,
05/14/2026,10:17:06:294,0.000000,0.000000,3,-83.49,-83.49,0,0,
05/14/2026,10:17:06:365,0.000000,0.000000,2,-79.95,-79.95,0,0,
05/14/2026,10:17:06:398,0.000000,0.000000,4,-90.88,-90.88,0,0,
05/14/2026,10:17:06:483,0.000000,0.000000,1,-121.44,-121.44,0,0,
05/14/2026,10:17:06:516,0.000000,0.000000,3,-116.55,-116.55,0,0,
05/14/2026,10:17:06:593,0.000000,0.000000,2,-80.57,-80.57,0,0,
05/14/2026,10:17:06:623,0.000000,0.000000,4,-81.48,-81.48,0,0,
05/14/2026,10:17:06:711,0.000000,0.000000,1,-120.83,-120.83,0,0,
05/14/2026,10:17:06:745,0.000000,0.000000,3,-122.68,-122.68,0,0,
05/14/2026,10:17:06:814,0.000000,0.000000,2,-81.41,-81.41,0,0,
05/14/2026,10:17:06:848,0.000000,0.000000,4,-84.68,-84.68,0,0,
05/14/2026,10:17:06:936,0.000000,0.000000,1,-121.24,-121.24,0,0,
05/14/2026,10:17:06:970,0.000000,0.000000,3,-118.51,-118.51,0,0,
05/14/2026,10:17:07:038,0.000000,0.000000,2,-92.09,-92.09,0,0,
05/14/2026,10:17:07:080,0.000000,0.000000,4,-86.66,-86.66,0,0,
05/14/2026,10:17:07:162,0.000000,0.000000,1,-120.33,-120.33,0,0,
05/14/2026,10:17:07:196,0.000000,0.000000,3,-91.97,-91.97,0,0,
05/14/2026,10:17:07:264,0.000000,0.000000,2,-96.01,-96.01,0,0,
05/14/2026,10:17:07:299,0.000000,0.000000,4,-91.27,-91.27,0,0,
05/14/2026,10:17:07:386,0.000000,0.000000,1,-120.6,-120.6,0,0,
05/14/2026,10:17:07:424,0.000000,0.000000,3,-121.21,-121.21,0,0,
05/14/2026,10:17:07:491,0.000000,0.000000,2,-92.82,-92.82,0,0,
05/14/2026,10:17:07:524,0.000000,0.000000,4,-88.12,-88.12,0,0,
05/14/2026,10:17:07:653,0.000000,0.000000,1,-121.75,-121.75,0,0,
05/14/2026,10:17:07:656,0.000000,0.000000,3,-122.47,-122.47,0,0,
05/14/2026,10:17:07:736,0.000000,0.000000,2,-81.82,-81.82,0,0,
05/14/2026,10:17:07:749,0.000000,0.000000,4,-86.26,-86.26,0,0,
05/14/2026,10:17:07:880,0.000000,0.000000,1,-120.78,-120.78,0,0,
05/14/2026,10:17:07:882,0.000000,0.000000,3,-84.26,-84.26,0,0,
05/14/2026,10:17:07:943,0.000000,0.000000,2,-77.11,-77.11,0,0,
05/14/2026,10:17:07:975,0.000000,0.000000,4,-79.81,-79.81,0,0,
05/14/2026,10:17:08:061,0.000000,0.000000,1,-121.24,-121.24,0,0,
05/14/2026,10:17:08:102,0.000000,0.000000,3,-119.46,-119.46,0,0,
05/14/2026,10:17:08:184,0.000000,0.000000,2,-86,-86,0,0,
05/14/2026,10:17:08:199,0.000000,0.000000,4,-81.61,-81.61,0,0,
05/14/2026,10:17:08:287,0.000000,0.000000,1,-121.42,-121.42,0,0,
05/14/2026,10:17:08:323,0.000000,0.000000,3,-89,-89,0,0,
05/14/2026,10:17:08:393,0.000000,0.000000,2,-80.62,-80.62,0,0,
05/14/2026,10:17:08:428,0.000000,0.000000,4,-76.88,-76.88,0,0,
05/14/2026,10:17:08:513,0.000000,0.000000,1,-120.85,-120.85,0,0,
05/14/2026,10:17:08:547,0.000000,0.000000,3,-91.87,-91.87,0,0,
05/14/2026,10:17:08:617,0.000000,0.000000,2,-83.93,-83.93,0,0,
05/14/2026,10:17:08:650,0.000000,0.000000,4,-83.12,-83.12,0,0,
05/14/2026,10:17:08:739,0.000000,0.000000,1,-119.7,-119.7,0,0,
