Date,Time,Latitude,Longitude,Channel,RSSI,Adjusted Value,Antenna Gain,Cable Loss
09/21/2026,10:58:29:768,0.000000,0.000000,1,-112.5,-112.5,0,0,
09/21/2026,10:58:29:822,0.000000,0.000000,2,-109.81,-109.81,0,0,
09/21/2026,10:58:29:874,0.000000,0.000000,3,-87.45,-87.45,0,0,
09/21/2026,10:58:29:975,0.000000,0.000000,4,-115.28,-115.28,0,0,
09/21/2026,10:58:30:103,0.000000,0.000000,1,-112.24,-112.24,0,0,
09/21/2026,10:58:30:237,0.000000,0.000000,2,-107.8,-107.8,0,0,
09/21/2026,10:58:30:241,0.000000,0.000000,3,-81.81,-81.81,0,0,
09/21/2026,10:58:30:298,0.000000,0.000000,4,-115.85,-115.85,0,0,
09/21/2026,10:58:30:446,0.000000,0.000000,1,-112.67,-112.67,0,0,
09/21/2026,10:58:30:513,0.000000,0.000000,2,-109.06,-109.06,0,0,
09/21/2026,10:58:30:568,0.000000,0.000000,3,-87.27,-87.27,0,0,
09/21/2026,10:58:30:622,0.000000,0.000000,4,-115.95,-115.95,0,0,
09/21/2026,10:58:30:790,0.000000,0.000000,1,-112.13,-112.13,0,0,
09/21/2026,10:58:30:860,0.000000,0.000000,2,-109.06,-109.06,0,0,
09/21/2026,10:58:30:913,0.000000,0.000000,3,-81.1,-81.1,0,0,
09/21/2026,10:58:30:967,0.000000,0.000000,4,-115.43,-115.43,0,0,
09/21/2026,10:58:31:137,0.000000,0.000000,1,-111.79,-111.79,0,0,
09/21/2026,10:58:31:206,0.000000,0.000000,2,-106.59,-106.59,0,0,
09/21/2026,10:58:31:261,0.000000,0.000000,3,-81.55,-81.55,0,0,
09/21/2026,10:58:31:311,0.000000,0.000000,4,-113.51,-113.51,0,0,
09/21/2026,10:58:31:483,0.000000,0.000000,1,-111.32,-111.32,0,0,
09/21/2026,10:58:31:552,0.000000,0.000000,2,-106.85,-106.85,0,0,
09/21/2026,10:58:31:607,0.000000,0.000000,3,-87.04,-87.04,0,0,
09/21/2026,10:58:31:660,0.000000,0.000000,4,-113.4,-113.4,0,0,
09/21/2026,10:58:31:864,0.000000,0.000000,1,-113.4,-113.4,0,0,
09/21/2026,10:58:31:935,0.000000,0.000000,2,-107.31,-107.31,0,0,
09/21/2026,10:58:31:995,0.000000,0.000000,3,-85.04,-85.04,0,0,
09/21/2026,10:58:32:009,0.000000,0.000000,4,-114.87,-114.87,0,0,
09/21/2026,10:58:32:176,0.000000,0.000000,1,-112.52,-112.52,0,0,
09/21/2026,10:58:32:250,0.000000,0.000000,2,-108.31,-108.31,0,0,
09/21/2026,10:58:32:299,0.000000,0.000000,3,-83.25,-83.25,0,0,
09/21/2026,10:58:32:363,0.000000,0.000000,4,-112.53,-112.53,0,0,
09/21/2026,10:58:32:523,0.000000,0.000000,1,-112.37,-112.37,0,0,
09/21/2026,10:58:32:597,0.000000,0.000000,2,-107.7,-107.7,0,0,
09/21/2026,10:58:32:649,0.000000,0.000000,3,-83.61,-83.61,0,0,
09/21/2026,10:58:32:701,0.000000,0.000000,4,-114.51,-114.51,0,0,
09/21/2026,10:58:32:874,0.000000,0.000000,1,-113.13,-113.13,0,0,
09/21/2026,10:58:32:942,0.000000,0.000000,2,-107.29,-107.29,0,0,
09/21/2026,10:58:32:995,0.000000,0.000000,3,-91.54,-91.54,0,0,
09/21/2026,10:58:33:054,0.000000,0.000000,4,-114.69,-114.69,0,0,
09/21/2026,10:58:33:219,0.000000,0.000000,1,-110.31,-110.31,0,0,
09/21/2026,10:58:33:287,0.000000,0.000000,2,-107.6,-107.6,0,0,
09/21/2026,10:58:33:339,0.000000,0.000000,3,-85.7,-85.7,0,0,
09/21/2026,10:58:33:393,0.000000,0.000000,4,-114.95,-114.95,0,0,
09/21/2026,10:58:33:563,0.000000,0.000000,1,-112.71,-112.71,0,0,
09/21/2026,10:58:33:677,0.000000,0.000000,2,-106.95,-106.95,0,0,
09/21/2026,10:58:33:688,0.000000,0.000000,3,-83.37,-83.37,0,0,
09/21/2026,10:58:33:789,0.000000,0.000000,4,-114.98,-114.98,0,0,
09/21/2026,10:58:33:937,0.000000,0.000000,1,-110.78,-110.78,0,0,
09/21/2026,10:58:33:980,0.000000,0.000000,2,-109.47,-109.47,0,0,
09/21/2026,10:58:34:035,0.000000,0.000000,3,-84.13,-84.13,0,0,
09/21/2026,10:58:34:087,0.000000,0.000000,4,-114.05,-114.05,0,0,
09/21/2026,10:58:34:258,0.000000,0.000000,1,-104,-104,0,0,
09/21/2026,10:58:34:333,0.000000,0.000000,2,-108.69,-108.69,0,0,
09/21/2026,10:58:34:381,0.000000,0.000000,3,-89.42,-89.42,0,0,
09/21/2026,10:58:34:433,0.000000,0.000000,4,-116.23,-116.23,0,0,
09/21/2026,10:58:34:604,0.000000,0.000000,1,-110.96,-110.96,0,0,
09/21/2026,10:58:34:675,0.000000,0.000000,2,-108.13,-108.13,0,0,
09/21/2026,10:58:34:726,0.000000,0.000000,3,-79.01,-79.01,0,0,
09/21/2026,10:58:34:783,0.000000,0.000000,4,-113.87,-113.87,0,0,
09/21/2026,10:58:35:210,0.000000,0.000000,1,-110.39,-110.39,0,0,
09/21/2026,10:58:35:233,0.000000,0.000000,2,-107.24,-107.24,0,0,
09/21/2026,10:58:35:247,0.000000,0.000000,3,-78.27,-78.27,0,0,
09/21/2026,10:58:35:254,0.000000,0.000000,4,-113.42,-113.42,0,0,
09/21/2026,10:58:35:302,0.000000,0.000000,1,-112.51,-112.51,0,0,
09/21/2026,10:58:35:370,0.000000,0.000000,2,-107.42,-107.42,0,0,
09/21/2026,10:58:35:433,0.000000,0.000000,3,-79.21,-79.21,0,0,
09/21/2026,10:58:35:476,0.000000,0.000000,4,-112.49,-112.49,0,0,
09/21/2026,10:58:35:701,0.000000,0.000000,1,-111.58,-111.58,0,0,
09/21/2026,10:58:35:714,0.000000,0.000000,2,-107.26,-107.26,0,0,
09/21/2026,10:58:35:769,0.000000,0.000000,3,-77.13,-77.13,0,0,
09/21/2026,10:58:35:824,0.000000,0.000000,4,-112.9,-112.9,0,0,
09/21/2026,10:58:35:993,0.000000,0.000000,1,-113.49,-113.49,0,0,
09/21/2026,10:58:36:063,0.000000,0.000000,2,-107.9,-107.9,0,0,
09/21/2026,10:58:36:117,0.000000,0.000000,3,-77.95,-77.95,0,0,
09/21/2026,10:58:36:168,0.000000,0.000000,4,-113,-113,0,0,
09/21/2026,10:58:36:342,0.000000,0.000000,1,-112.32,-112.32,0,0,
09/21/2026,10:58:36:417,0.000000,0.000000,2,-107.86,-107.86,0,0,
09/21/2026,10:58:36:463,0.000000,0.000000,3,-81.39,-81.39,0,0,
09/21/2026,10:58:36:514,0.000000,0.000000,4,-113.84,-113.84,0,0,
09/21/2026,10:58:36:686,0.000000,0.000000,1,-114.07,-114.07,0,0,
09/21/2026,10:58:36:755,0.000000,0.000000,2,-108.36,-108.36,0,0,
09/21/2026,10:58:36:809,0.000000,0.000000,3,-87.74,-87.74,0,0,
09/21/2026,10:58:36:860,0.000000,0.000000,4,-116.48,-116.48,0,0,
09/21/2026,10:58:37:032,0.000000,0.000000,1,-114.24,-114.24,0,0,
09/21/2026,10:58:37:103,0.000000,0.000000,2,-107.65,-107.65,0,0,
09/21/2026,10:58:37:157,0.000000,0.000000,3,-93.18,-93.18,0,0,
09/21/2026,10:58:37:208,0.000000,0.000000,4,-115.17,-115.17,0,0,
09/21/2026,10:58:37:381,0.000000,0.000000,1,-111,-111,0,0,
09/21/2026,10:58:37:448,0.000000,0.000000,2,-108.16,-108.16,0,0,
09/21/2026,10:58:37:500,0.000000,0.000000,3,-88.22,-88.22,0,0,
09/21/2026,10:58:37:555,0.000000,0.000000,4,-112.93,-112.93,0,0,
09/21/2026,10:58:37:767,0.000000,0.000000,1,-112.25,-112.25,0,0,
09/21/2026,10:58:37:850,0.000000,0.000000,2,-108.54,-108.54,0,0,
09/21/2026,10:58:37:854,0.000000,0.000000,3,-79.6,-79.6,0,0,
09/21/2026,10:58:37:909,0.000000,0.000000,4,-113.79,-113.79,0,0,
09/21/2026,10:58:38:073,0.000000,0.000000,1,-111.15,-111.15,0,0,
09/21/2026,10:58:38:143,0.000000,0.000000,2,-109.26,-109.26,0,0,
09/21/2026,10:58:38:197,0.000000,0.000000,3,-95.41,-95.41,0,0,
09/21/2026,10:58:38:247,0.000000,0.000000,4,-111.37,-111.37,0,0,
09/21/2026,10:58:38:425,0.000000,0.000000,1,-111.79,-111.79,0,0,
09/21/2026,10:58:38:495,0.000000,0.000000,2,-107.21,-107.21,0,0,
09/21/2026,10:58:38:544,0.000000,0.000000,3,-88.46,-88.46,0,0,
09/21/2026,10:58:38:597,0.000000,0.000000,4,-116.35,-116.35,0,0,
09/21/2026,10:58:38:768,0.000000,0.000000,1,-110.83,-110.83,0,0,
09/21/2026,10:58:38:835,0.000000,0.000000,2,-106.63,-106.63,0,0,
09/21/2026,10:58:38:889,0.000000,0.000000,3,-74.51,-74.51,0,0,
09/21/2026,10:58:38:950,0.000000,0.000000,4,-110.03,-110.03,0,0,
09/21/2026,10:58:39:113,0.000000,0.000000,1,-110.5,-110.5,0,0,
09/21/2026,10:58:39:185,0.000000,0.000000,2,-106.66,-106.66,0,0,
09/21/2026,10:58:39:236,0.000000,0.000000,3,-83.8,-83.8,0,0,
09/21/2026,10:58:39:288,0.000000,0.000000,4,-111.85,-111.85,0,0,
09/21/2026,10:58:39:467,0.000000,0.000000,1,-111.84,-111.84,0,0,
09/21/2026,10:58:39:547,0.000000,0.000000,2,-107.27,-107.27,0,0,
09/21/2026,10:58:39:616,0.000000,0.000000,3,-88.51,-88.51,0,0,
09/21/2026,10:58:39:651,0.000000,0.000000,4,-112.84,-112.84,0,0,
09/21/2026,10:58:39:809,0.000000,0.000000,1,-113.58,-113.58,0,0,
09/21/2026,10:58:39:878,0.000000,0.000000,2,-108.45,-108.45,0,0,
09/21/2026,10:58:39:935,0.000000,0.000000,3,-93.95,-93.95,0,0,
09/21/2026,10:58:39:989,0.000000,0.000000,4,-114.54,-114.54,0,0,
09/21/2026,10:58:40:155,0.000000,0.000000,1,-110.71,-110.71,0,0,
09/21/2026,10:58:40:638,0.000000,0.000000,2,-106.97,-106.97,0,0,
09/21/2026,10:58:40:660,0.000000,0.000000,3,-91.32,-91.32,0,0,
09/21/2026,10:58:40:668,0.000000,0.000000,4,-113.63,-113.63,0,0,
09/21/2026,10:58:40:706,0.000000,0.000000,1,-112.73,-112.73,0,0,
09/21/2026,10:58:40:738,0.000000,0.000000,2,-108.38,-108.38,0,0,
09/21/2026,10:58:40:748,0.000000,0.000000,3,-95.49,-95.49,0,0,
09/21/2026,10:58:40:757,0.000000,0.000000,4,-115.85,-115.85,0,0,
09/21/2026,10:58:40:849,0.000000,0.000000,1,-113.46,-113.46,0,0,
09/21/2026,10:58:40:920,0.000000,0.000000,2,-107.22,-107.22,0,0,
09/21/2026,10:58:40:972,0.000000,0.000000,3,-95.06,-95.06,0,0,
09/21/2026,10:58:41:022,0.000000,0.000000,4,-115.99,-115.99,0,0,
09/21/2026,10:58:41:196,0.000000,0.000000,1,-111.75,-111.75,0,0,
09/21/2026,10:58:41:262,0.000000,0.000000,2,-108.09,-108.09,0,0,
09/21/2026,10:58:41:358,0.000000,0.000000,3,-90.94,-90.94,0,0,
09/21/2026,10:58:41:423,0.000000,0.000000,4,-114.01,-114.01,0,0,
09/21/2026,10:58:41:543,0.000000,0.000000,1,-114.15,-114.15,0,0,
09/21/2026,10:58:41:615,0.000000,0.000000,2,-106.8,-106.8,0,0,
09/21/2026,10:58:41:664,0.000000,0.000000,3,-94.88,-94.88,0,0,
09/21/2026,10:58:41:722,0.000000,0.000000,4,-115.1,-115.1,0,0,
09/21/2026,10:58:41:896,0.000000,0.000000,1,-112.2,-112.2,0,0,
09/21/2026,10:58:41:957,0.000000,0.000000,2,-107.59,-107.59,0,0,
09/21/2026,10:58:42:011,0.000000,0.000000,3,-91.22,-91.22,0,0,
09/21/2026,10:58:42:065,0.000000,0.000000,4,-114.51,-114.51,0,0,
09/21/2026,10:58:42:237,0.000000,0.000000,1,-113.21,-113.21,0,0,
09/21/2026,10:58:42:305,0.000000,0.000000,2,-107.28,-107.28,0,0,
09/21/2026,10:58:42:357,0.000000,0.000000,3,-99.18,-99.18,0,0,
09/21/2026,10:58:42:419,0.000000,0.000000,4,-114.42,-114.42,0,0,
09/21/2026,10:58:42:580,0.000000,0.000000,1,-112.47,-112.47,0,0,
09/21/2026,10:58:42:652,0.000000,0.000000,2,-108.18,-108.18,0,0,
09/21/2026,10:58:42:705,0.000000,0.000000,3,-90.65,-90.65,0,0,
09/21/2026,10:58:42:758,0.000000,0.000000,4,-114.82,-114.82,0,0,
09/21/2026,10:58:42:931,0.000000,0.000000,1,-114.36,-114.36,0,0,
09/21/2026,10:58:42:998,0.000000,0.000000,2,-107.8,-107.8,0,0,
09/21/2026,10:58:43:051,0.000000,0.000000,3,-88.85,-88.85,0,0,
09/21/2026,10:58:43:103,0.000000,0.000000,4,-114.65,-114.65,0,0,
09/21/2026,10:58:43:310,0.000000,0.000000,1,-114.91,-114.91,0,0,
09/21/2026,10:58:43:381,0.000000,0.000000,2,-106.91,-106.91,0,0,
09/21/2026,10:58:43:443,0.000000,0.000000,3,-105.39,-105.39,0,0,
09/21/2026,10:58:43:452,0.000000,0.000000,4,-113.93,-113.93,0,0,
09/21/2026,10:58:43:623,0.000000,0.000000,1,-115.09,-115.09,0,0,
09/21/2026,10:58:43:693,0.000000,0.000000,2,-107.9,-107.9,0,0,
09/21/2026,10:58:43:746,0.000000,0.000000,3,-98.01,-98.01,0,0,
09/21/2026,10:58:43:798,0.000000,0.000000,4,-114.87,-114.87,0,0,
09/21/2026,10:58:43:972,0.000000,0.000000,1,-113.23,-113.23,0,0,
09/21/2026,10:58:44:043,0.000000,0.000000,2,-108.08,-108.08,0,0,
09/21/2026,10:58:44:095,0.000000,0.000000,3,-96.16,-96.16,0,0,
09/21/2026,10:58:44:144,0.000000,0.000000,4,-114.47,-114.47,0,0,
09/21/2026,10:58:44:318,0.000000,0.000000,1,-112.95,-112.95,0,0,
09/21/2026,10:58:44:385,0.000000,0.000000,2,-108.7,-108.7,0,0,
09/21/2026,10:58:44:438,0.000000,0.000000,3,-99.42,-99.42,0,0,
09/21/2026,10:58:44:491,0.000000,0.000000,4,-115.72,-115.72,0,0,
09/21/2026,10:58:44:669,0.000000,0.000000,1,-112.16,-112.16,0,0,
09/21/2026,10:58:44:735,0.000000,0.000000,2,-108,-108,0,0,
09/21/2026,10:58:44:786,0.000000,0.000000,3,-99.31,-99.31,0,0,
09/21/2026,10:58:44:838,0.000000,0.000000,4,-114.01,-114.01,0,0,
09/21/2026,10:58:45:011,0.000000,0.000000,1,-113.34,-113.34,0,0,
09/21/2026,10:58:45:125,0.000000,0.000000,2,-108.5,-108.5,0,0,
09/21/2026,10:58:45:132,0.000000,0.000000,3,-96.83,-96.83,0,0,
09/21/2026,10:58:45:206,0.000000,0.000000,4,-115.57,-115.57,0,0,
09/21/2026,10:58:45:378,0.000000,0.000000,1,-111.48,-111.48,0,0,
09/21/2026,10:58:45:428,0.000000,0.000000,2,-109.15,-109.15,0,0,
09/21/2026,10:58:45:481,0.000000,0.000000,3,-93.62,-93.62,0,0,
09/21/2026,10:58:45:532,0.000000,0.000000,4,-115.15,-115.15,0,0,
09/21/2026,10:58:46:104,0.000000,0.000000,1,-114.76,-114.76,0,0,
09/21/2026,10:58:46:114,0.000000,0.000000,2,-109.58,-109.58,0,0,
09/21/2026,10:58:46:123,0.000000,0.000000,3,-96.34,-96.34,0,0,
09/21/2026,10:58:46:134,0.000000,0.000000,4,-112.73,-112.73,0,0,
09/21/2026,10:58:46:169,0.000000,0.000000,1,-111.23,-111.23,0,0,
09/21/2026,10:58:46:196,0.000000,0.000000,2,-107.66,-107.66,0,0,
09/21/2026,10:58:46:211,0.000000,0.000000,3,-94.93,-94.93,0,0,
09/21/2026,10:58:46:225,0.000000,0.000000,4,-113.88,-113.88,0,0,
09/21/2026,10:58:46:400,0.000000,0.000000,1,-113.65,-113.65,0,0,
09/21/2026,10:58:46:468,0.000000,0.000000,2,-108.45,-108.45,0,0,
09/21/2026,10:58:46:522,0.000000,0.000000,3,-97.19,-97.19,0,0,
09/21/2026,10:58:46:573,0.000000,0.000000,4,-116.12,-116.12,0,0,
09/21/2026,10:58:46:794,0.000000,0.000000,1,-112,-112,0,0,
09/21/2026,10:58:46:843,0.000000,0.000000,2,-109.86,-109.86,0,0,
09/21/2026,10:58:46:920,0.000000,0.000000,3,-97.12,-97.12,0,0,
09/21/2026,10:58:46:927,0.000000,0.000000,4,-114.37,-114.37,0,0,
09/21/2026,10:58:47:092,0.000000,0.000000,1,-111.04,-111.04,0,0,
09/21/2026,10:58:47:160,0.000000,0.000000,2,-108,-108,0,0,
09/21/2026,10:58:47:215,0.000000,0.000000,3,-92.18,-92.18,0,0,
09/21/2026,10:58:47:267,0.000000,0.000000,4,-115.94,-115.94,0,0,
09/21/2026,10:58:47:436,0.000000,0.000000,1,-114.65,-114.65,0,0,
09/21/2026,10:58:47:511,0.000000,0.000000,2,-110.6,-110.6,0,0,
09/21/2026,10:58:47:559,0.000000,0.000000,3,-90.05,-90.05,0,0,
09/21/2026,10:58:47:615,0.000000,0.000000,4,-113.75,-113.75,0,0,
09/21/2026,10:58:47:784,0.000000,0.000000,1,-111.16,-111.16,0,0,
09/21/2026,10:58:47:856,0.000000,0.000000,2,-109.65,-109.65,0,0,
09/21/2026,10:58:47:908,0.000000,0.000000,3,-94.66,-94.66,0,0,
09/21/2026,10:58:47:963,0.000000,0.000000,4,-115.05,-115.05,0,0,
09/21/2026,10:58:48:133,0.000000,0.000000,1,-113.78,-113.78,0,0,
09/21/2026,10:58:48:202,0.000000,0.000000,2,-109.59,-109.59,0,0,
09/21/2026,10:58:48:256,0.000000,0.000000,3,-96.05,-96.05,0,0,
09/21/2026,10:58:48:309,0.000000,0.000000,4,-114.77,-114.77,0,0,
09/21/2026,10:58:48:509,0.000000,0.000000,1,-113.97,-113.97,0,0,
09/21/2026,10:58:48:583,0.000000,0.000000,2,-108.65,-108.65,0,0,
09/21/2026,10:58:48:602,0.000000,0.000000,3,-94.22,-94.22,0,0,
09/21/2026,10:58:48:698,0.000000,0.000000,4,-114.69,-114.69,0,0,
09/21/2026,10:58:48:826,0.000000,0.000000,1,-113.12,-113.12,0,0,
09/21/2026,10:58:48:893,0.000000,0.000000,2,-108.94,-108.94,0,0,
09/21/2026,10:58:48:950,0.000000,0.000000,3,-99.92,-99.92,0,0,
09/21/2026,10:58:49:001,0.000000,0.000000,4,-113.73,-113.73,0,0,
09/21/2026,10:58:49:177,0.000000,0.000000,1,-110.83,-110.83,0,0,
09/21/2026,10:58:49:241,0.000000,0.000000,2,-108.74,-108.74,0,0,
09/21/2026,10:58:49:296,0.000000,0.000000,3,-92.97,-92.97,0,0,
09/21/2026,10:58:49:351,0.000000,0.000000,4,-112.79,-112.79,0,0,
09/21/2026,10:58:49:524,0.000000,0.000000,1,-110.27,-110.27,0,0,
09/21/2026,10:58:49:588,0.000000,0.000000,2,-108.12,-108.12,0,0,
09/21/2026,10:58:49:642,0.000000,0.000000,3,-92.47,-92.47,0,0,
09/21/2026,10:58:49:703,0.000000,0.000000,4,-113.57,-113.57,0,0,
09/21/2026,10:58:49:863,0.000000,0.000000,1,-112.93,-112.93,0,0,
09/21/2026,10:58:49:937,0.000000,0.000000,2,-109.01,-109.01,0,0,
09/21/2026,10:58:49:988,0.000000,0.000000,3,-95.97,-95.97,0,0,
09/21/2026,10:58:50:041,0.000000,0.000000,4,-114.76,-114.76,0,0,
09/21/2026,10:58:50:212,0.000000,0.000000,1,-112.12,-112.12,0,0,
09/21/2026,10:58:50:283,0.000000,0.000000,2,-106.98,-106.98,0,0,
09/21/2026,10:58:50:336,0.000000,0.000000,3,-92.52,-92.52,0,0,
09/21/2026,10:58:50:387,0.000000,0.000000,4,-115.21,-115.21,0,0,
09/21/2026,10:58:50:563,0.000000,0.000000,1,-111.95,-111.95,0,0,
09/21/2026,10:58:50:650,0.000000,0.000000,2,-107.79,-107.79,0,0,
09/21/2026,10:58:50:711,0.000000,0.000000,3,-98.18,-98.18,0,0,
09/21/2026,10:58:50:776,0.000000,0.000000,4,-113.34,-113.34,0,0,
09/21/2026,10:58:50:907,0.000000,0.000000,1,-112.05,-112.05,0,0,
09/21/2026,10:58:50:976,0.000000,0.000000,2,-108.84,-108.84,0,0,
09/21/2026,10:58:51:029,0.000000,0.000000,3,-94.31,-94.31,0,0,
09/21/2026,10:58:51:081,0.000000,0.000000,4,-116.17,-116.17,0,0,
09/21/2026,10:58:51:252,0.000000,0.000000,1,-110.53,-110.53,0,0,
09/21/2026,10:58:51:322,0.000000,0.000000,2,-110.12,-110.12,0,0,
09/21/2026,10:58:51:377,0.000000,0.000000,3,-95.95,-95.95,0,0,
09/21/2026,10:58:51:431,0.000000,0.000000,4,-113.28,-113.28,0,0,
09/21/2026,10:58:51:600,0.000000,0.000000,1,-112.68,-112.68,0,0,
09/21/2026,10:58:51:670,0.000000,0.000000,2,-107.99,-107.99,0,0,
09/21/2026,10:58:51:723,0.000000,0.000000,3,-98.85,-98.85,0,0,
09/21/2026,10:58:51:778,0.000000,0.000000,4,-114.55,-114.55,0,0,
09/21/2026,10:58:51:946,0.000000,0.000000,1,-111.57,-111.57,0,0,
09/21/2026,10:58:52:017,0.000000,0.000000,2,-108.47,-108.47,0,0,
09/21/2026,10:58:52:069,0.000000,0.000000,3,-97.85,-97.85,0,0,
09/21/2026,10:58:52:122,0.000000,0.000000,4,-114.03,-114.03,0,0,
09/21/2026,10:58:52:293,0.000000,0.000000,1,-112.44,-112.44,0,0,
09/21/2026,10:58:52:364,0.000000,0.000000,2,-110,-110,0,0,
09/21/2026,10:58:52:417,0.000000,0.000000,3,-90.87,-90.87,0,0,
09/21/2026,10:58:52:469,0.000000,0.000000,4,-112.71,-112.71,0,0,
09/21/2026,10:58:52:689,0.000000,0.000000,1,-114.09,-114.09,0,0,
09/21/2026,10:58:52:712,0.000000,0.000000,2,-109.14,-109.14,0,0,
09/21/2026,10:58:52:770,0.000000,0.000000,3,-96.46,-96.46,0,0,
09/21/2026,10:58:52:817,0.000000,0.000000,4,-112.83,-112.83,0,0,
09/21/2026,10:58:52:987,0.000000,0.000000,1,-112.1,-112.1,0,0,
09/21/2026,10:58:53:057,0.000000,0.000000,2,-107.17,-107.17,0,0,
09/21/2026,10:58:53:112,0.000000,0.000000,3,-100.1,-100.1,0,0,
09/21/2026,10:58:53:164,0.000000,0.000000,4,-113.35,-113.35,0,0,
09/21/2026,10:58:53:355,0.000000,0.000000,1,-111.89,-111.89,0,0,
09/21/2026,10:58:53:434,0.000000,0.000000,2,-108.57,-108.57,0,0,
09/21/2026,10:58:53:498,0.000000,0.000000,3,-92.11,-92.11,0,0,
09/21/2026,10:58:53:550,0.000000,0.000000,4,-115.03,-115.03,0,0,
09/21/2026,10:58:53:731,0.000000,0.000000,1,-112.1,-112.1,0,0,
09/21/2026,10:58:53:812,0.000000,0.000000,2,-108.96,-108.96,0,0,
09/21/2026,10:58:53:866,0.000000,0.000000,3,-94.78,-94.78,0,0,
09/21/2026,10:58:53:920,0.000000,0.000000,4,-114.11,-114.11,0,0,
09/21/2026,10:58:54:090,0.000000,0.000000,1,-112.41,-112.41,0,0,
09/21/2026,10:58:54:159,0.000000,0.000000,2,-110.52,-110.52,0,0,
09/21/2026,10:58:54:215,0.000000,0.000000,3,-94.68,-94.68,0,0,
09/21/2026,10:58:54:275,0.000000,0.000000,4,-113.65,-113.65,0,0,
09/21/2026,10:58:54:472,0.000000,0.000000,1,-114.7,-114.7,0,0,
09/21/2026,10:58:54:526,0.000000,0.000000,2,-108.86,-108.86,0,0,
09/21/2026,10:58:54:592,0.000000,0.000000,3,-89.93,-89.93,0,0,
09/21/2026,10:58:54:626,0.000000,0.000000,4,-115.6,-115.6,0,0,
09/21/2026,10:58:54:781,0.000000,0.000000,1,-112,-112,0,0,
09/21/2026,10:58:54:854,0.000000,0.000000,2,-110.12,-110.12,0,0,
09/21/2026,10:58:54:907,0.000000,0.000000,3,-97.19,-97.19,0,0,
09/21/2026,10:58:54:957,0.000000,0.000000,4,-113.73,-113.73,0,0,
09/21/2026,10:58:55:128,0.000000,0.000000,1,-112.34,-112.34,0,0,
09/21/2026,10:58:55:203,0.000000,0.000000,2,-110.33,-110.33,0,0,
09/21/2026,10:58:55:252,0.000000,0.000000,3,-87.58,-87.58,0,0,
09/21/2026,10:58:55:308,0.000000,0.000000,4,-113.71,-113.71,0,0,
09/21/2026,10:58:55:481,0.000000,0.000000,1,-112.08,-112.08,0,0,
09/21/2026,10:58:55:544,0.000000,0.000000,2,-108.32,-108.32,0,0,
09/21/2026,10:58:55:627,0.000000,0.000000,3,-91.48,-91.48,0,0,
09/21/2026,10:58:55:653,0.000000,0.000000,4,-87.9,-87.9,0,0,
09/21/2026,10:58:55:823,0.000000,0.000000,1,-112.53,-112.53,0,0,
09/21/2026,10:58:55:897,0.000000,0.000000,2,-108.74,-108.74,0,0,
09/21/2026,10:58:55:947,0.000000,0.000000,3,-103.17,-103.17,0,0,
09/21/2026,10:58:56:031,0.000000,0.000000,4,-91.06,-91.06,0,0,
09/21/2026,10:58:56:605,0.000000,0.000000,1,-113.23,-113.23,0,0,
09/21/2026,10:58:57:027,0.000000,0.000000,2,-107.77,-107.77,0,0,
09/21/2026,10:58:57:046,0.000000,0.000000,3,-94.1,-94.1,0,0,
09/21/2026,10:58:57:053,0.000000,0.000000,4,-90.44,-90.44,0,0,
09/21/2026,10:58:57:095,0.000000,0.000000,1,-111.35,-111.35,0,0,
09/21/2026,10:58:57:107,0.000000,0.000000,2,-108.65,-108.65,0,0,
09/21/2026,10:58:57:118,0.000000,0.000000,3,-93.28,-93.28,0,0,
09/21/2026,10:58:57:127,0.000000,0.000000,4,-94.87,-94.87,0,0,
09/21/2026,10:58:57:171,0.000000,0.000000,1,-112,-112,0,0,
09/21/2026,10:58:57:188,0.000000,0.000000,2,-108.23,-108.23,0,0,
09/21/2026,10:58:57:201,0.000000,0.000000,3,-97.93,-97.93,0,0,
09/21/2026,10:58:57:210,0.000000,0.000000,4,-90.73,-90.73,0,0,
09/21/2026,10:58:57:239,0.000000,0.000000,1,-110.09,-110.09,0,0,
09/21/2026,10:58:57:280,0.000000,0.000000,2,-107.45,-107.45,0,0,
09/21/2026,10:58:57:334,0.000000,0.000000,3,-95.26,-95.26,0,0,
09/21/2026,10:58:57:387,0.000000,0.000000,4,-91.58,-91.58,0,0,
09/21/2026,10:58:57:560,0.000000,0.000000,1,-111.59,-111.59,0,0,
09/21/2026,10:58:57:627,0.000000,0.000000,2,-108.98,-108.98,0,0,
09/21/2026,10:58:57:682,0.000000,0.000000,3,-87.82,-87.82,0,0,
09/21/2026,10:58:57:734,0.000000,0.000000,4,-89.53,-89.53,0,0,
09/21/2026,10:58:57:905,0.000000,0.000000,1,-111.48,-111.48,0,0,
09/21/2026,10:58:58:000,0.000000,0.000000,2,-108.87,-108.87,0,0,
09/21/2026,10:58:58:073,0.000000,0.000000,3,-93.13,-93.13,0,0,
09/21/2026,10:58:58:078,0.000000,0.000000,4,-95.83,-95.83,0,0,
09/21/2026,10:58:58:254,0.000000,0.000000,1,-110.9,-110.9,0,0,
09/21/2026,10:58:58:320,0.000000,0.000000,2,-108.47,-108.47,0,0,
09/21/2026,10:58:58:374,0.000000,0.000000,3,-93.99,-93.99,0,0,
09/21/2026,10:58:58:428,0.000000,0.000000,4,-95.76,-95.76,0,0,
09/21/2026,10:58:58:598,0.000000,0.000000,1,-111.8,-111.8,0,0,
09/21/2026,10:58:58:679,0.000000,0.000000,2,-108.43,-108.43,0,0,
09/21/2026,10:58:58:730,0.000000,0.000000,3,-94.35,-94.35,0,0,
09/21/2026,10:58:58:787,0.000000,0.000000,4,-100.73,-100.73,0,0,
09/21/2026,10:58:58:955,0.000000,0.000000,1,-114.15,-114.15,0,0,
09/21/2026,10:58:59:023,0.000000,0.000000,2,-109.38,-109.38,0,0,
09/21/2026,10:58:59:075,0.000000,0.000000,3,-93.88,-93.88,0,0,
09/21/2026,10:58:59:132,0.000000,0.000000,4,-101.57,-101.57,0,0,
09/21/2026,10:58:59:303,0.000000,0.000000,1,-112.88,-112.88,0,0,
09/21/2026,10:58:59:374,0.000000,0.000000,2,-109.43,-109.43,0,0,
09/21/2026,10:58:59:426,0.000000,0.000000,3,-101.79,-101.79,0,0,
09/21/2026,10:58:59:476,0.000000,0.000000,4,-91.09,-91.09,0,0,
09/21/2026,10:58:59:648,0.000000,0.000000,1,-111.98,-111.98,0,0,
09/21/2026,10:58:59:719,0.000000,0.000000,2,-107.27,-107.27,0,0,
09/21/2026,10:58:59:770,0.000000,0.000000,3,-94.83,-94.83,0,0,
09/21/2026,10:58:59:824,0.000000,0.000000,4,-93.48,-93.48,0,0,
09/21/2026,10:59:00:037,0.000000,0.000000,1,-112.85,-112.85,0,0,
09/21/2026,10:59:00:106,0.000000,0.000000,2,-108.63,-108.63,0,0,
09/21/2026,10:59:00:117,0.000000,0.000000,3,-92.34,-92.34,0,0,
09/21/2026,10:59:00:217,0.000000,0.000000,4,-99.09,-99.09,0,0,
09/21/2026,10:59:00:343,0.000000,0.000000,1,-110.18,-110.18,0,0,
09/21/2026,10:59:00:410,0.000000,0.000000,2,-109.02,-109.02,0,0,
09/21/2026,10:59:00:467,0.000000,0.000000,3,-97.75,-97.75,0,0,
09/21/2026,10:59:00:519,0.000000,0.000000,4,-88.07,-88.07,0,0,
09/21/2026,10:59:00:691,0.000000,0.000000,1,-111.74,-111.74,0,0,
09/21/2026,10:59:00:759,0.000000,0.000000,2,-107.02,-107.02,0,0,
09/21/2026,10:59:00:811,0.000000,0.000000,3,-97.88,-97.88,0,0,
09/21/2026,10:59:00:863,0.000000,0.000000,4,-97.26,-97.26,0,0,
09/21/2026,10:59:01:037,0.000000,0.000000,1,-112.19,-112.19,0,0,
09/21/2026,10:59:01:106,0.000000,0.000000,2,-108.41,-108.41,0,0,
09/21/2026,10:59:01:157,0.000000,0.000000,3,-97.2,-97.2,0,0,
09/21/2026,10:59:01:212,0.000000,0.000000,4,-100.82,-100.82,0,0,
09/21/2026,10:59:01:382,0.000000,0.000000,1,-112.34,-112.34,0,0,
09/21/2026,10:59:01:453,0.000000,0.000000,2,-106.97,-106.97,0,0,
09/21/2026,10:59:01:507,0.000000,0.000000,3,-102.9,-102.9,0,0,
09/21/2026,10:59:01:557,0.000000,0.000000,4,-96.94,-96.94,0,0,
09/21/2026,10:59:01:729,0.000000,0.000000,1,-112.86,-112.86,0,0,
09/21/2026,10:59:01:836,0.000000,0.000000,2,-108.81,-108.81,0,0,
09/21/2026,10:59:01:909,0.000000,0.000000,3,-92.54,-92.54,0,0,
09/21/2026,10:59:01:913,0.000000,0.000000,4,-97.27,-97.27,0,0,
09/21/2026,10:59:02:078,0.000000,0.000000,1,-113.09,-113.09,0,0,
09/21/2026,10:59:02:145,0.000000,0.000000,2,-108.8,-108.8,0,0,
09/21/2026,10:59:02:202,0.000000,0.000000,3,-105.1,-105.1,0,0,
09/21/2026,10:59:02:252,0.000000,0.000000,4,-97.82,-97.82,0,0,
09/21/2026,10:59:02:422,0.000000,0.000000,1,-112.41,-112.41,0,0,
09/21/2026,10:59:02:491,0.000000,0.000000,2,-108.88,-108.88,0,0,
09/21/2026,10:59:02:545,0.000000,0.000000,3,-95.71,-95.71,0,0,
09/21/2026,10:59:02:599,0.000000,0.000000,4,-91.3,-91.3,0,0,
09/21/2026,10:59:02:772,0.000000,0.000000,1,-112.63,-112.63,0,0,
09/21/2026,10:59:02:840,0.000000,0.000000,2,-107.92,-107.92,0,0,
09/21/2026,10:59:02:899,0.000000,0.000000,3,-94.53,-94.53,0,0,
09/21/2026,10:59:02:947,0.000000,0.000000,4,-99.27,-99.27,0,0,
09/21/2026,10:59:03:117,0.000000,0.000000,1,-111.48,-111.48,0,0,
09/21/2026,10:59:03:188,0.000000,0.000000,2,-107.67,-107.67,0,0,
09/21/2026,10:59:03:243,0.000000,0.000000,3,-94.28,-94.28,0,0,
09/21/2026,10:59:03:300,0.000000,0.000000,4,-90.73,-90.73,0,0,
09/21/2026,10:59:03:513,0.000000,0.000000,1,-111.98,-111.98,0,0,
09/21/2026,10:59:03:582,0.000000,0.000000,2,-108.5,-108.5,0,0,
09/21/2026,10:59:03:592,0.000000,0.000000,3,-87.57,-87.57,0,0,
09/21/2026,10:59:03:659,0.000000,0.000000,4,-94.77,-94.77,0,0,
09/21/2026,10:59:03:811,0.000000,0.000000,1,-111.62,-111.62,0,0,
09/21/2026,10:59:03:879,0.000000,0.000000,2,-109.13,-109.13,0,0,
09/21/2026,10:59:03:933,0.000000,0.000000,3,-93.46,-93.46,0,0,
09/21/2026,10:59:03:985,0.000000,0.000000,4,-97.71,-97.71,0,0,
09/21/2026,10:59:04:159,0.000000,0.000000,1,-113.3,-113.3,0,0,
09/21/2026,10:59:04:226,0.000000,0.000000,2,-111.17,-111.17,0,0,
09/21/2026,10:59:04:279,0.000000,0.000000,3,-92.66,-92.66,0,0,
09/21/2026,10:59:04:331,0.000000,0.000000,4,-89.2,-89.2,0,0,
09/21/2026,10:59:04:504,0.000000,0.000000,1,-112.26,-112.26,0,0,
09/21/2026,10:59:04:577,0.000000,0.000000,2,-108.44,-108.44,0,0,
09/21/2026,10:59:04:629,0.000000,0.000000,3,-92.83,-92.83,0,0,
09/21/2026,10:59:04:686,0.000000,0.000000,4,-97.69,-97.69,0,0,
09/21/2026,10:59:04:850,0.000000,0.000000,1,-112.39,-112.39,0,0,
09/21/2026,10:59:04:922,0.000000,0.000000,2,-107.11,-107.11,0,0,
09/21/2026,10:59:04:975,0.000000,0.000000,3,-95.2,-95.2,0,0,
09/21/2026,10:59:05:027,0.000000,0.000000,4,-89.73,-89.73,0,0,
09/21/2026,10:59:05:201,0.000000,0.000000,1,-113.24,-113.24,0,0,
09/21/2026,10:59:05:268,0.000000,0.000000,2,-108.1,-108.1,0,0,
09/21/2026,10:59:05:319,0.000000,0.000000,3,-99.42,-99.42,0,0,
09/21/2026,10:59:05:436,0.000000,0.000000,4,-98.67,-98.67,0,0,
09/21/2026,10:59:05:564,0.000000,0.000000,1,-112.25,-112.25,0,0,
09/21/2026,10:59:05:636,0.000000,0.000000,2,-108.68,-108.68,0,0,
09/21/2026,10:59:05:678,0.000000,0.000000,3,-94.18,-94.18,0,0,
09/21/2026,10:59:05:719,0.000000,0.000000,4,-88.26,-88.26,0,0,
09/21/2026,10:59:05:890,0.000000,0.000000,1,-111.23,-111.23,0,0,
09/21/2026,10:59:05:966,0.000000,0.000000,2,-108.55,-108.55,0,0,
09/21/2026,10:59:06:015,0.000000,0.000000,3,-87.56,-87.56,0,0,
09/21/2026,10:59:06:067,0.000000,0.000000,4,-112.46,-112.46,0,0,
09/21/2026,10:59:06:238,0.000000,0.000000,1,-106.04,-106.04,0,0,
09/21/2026,10:59:06:312,0.000000,0.000000,2,-107.53,-107.53,0,0,
09/21/2026,10:59:06:366,0.000000,0.000000,3,-91.27,-91.27,0,0,
09/21/2026,10:59:06:420,0.000000,0.000000,4,-113.07,-113.07,0,0,
09/21/2026,10:59:06:583,0.000000,0.000000,1,-111.21,-111.21,0,0,
09/21/2026,10:59:06:656,0.000000,0.000000,2,-109.62,-109.62,0,0,
09/21/2026,10:59:06:708,0.000000,0.000000,3,-88.88,-88.88,0,0,
09/21/2026,10:59:06:762,0.000000,0.000000,4,-112.37,-112.37,0,0,
09/21/2026,10:59:06:937,0.000000,0.000000,1,-112.61,-112.61,0,0,
09/21/2026,10:59:07:002,0.000000,0.000000,2,-107.71,-107.71,0,0,
09/21/2026,10:59:07:055,0.000000,0.000000,3,-87.31,-87.31,0,0,
09/21/2026,10:59:07:525,0.000000,0.000000,4,-113.14,-113.14,0,0,
09/21/2026,10:59:07:559,0.000000,0.000000,1,-111.86,-111.86,0,0,
09/21/2026,10:59:07:574,0.000000,0.000000,2,-107.39,-107.39,0,0,
09/21/2026,10:59:07:587,0.000000,0.000000,3,-91.35,-91.35,0,0,
09/21/2026,10:59:07:598,0.000000,0.000000,4,-112,-112,0,0,
09/21/2026,10:59:07:637,0.000000,0.000000,1,-111.36,-111.36,0,0,
09/21/2026,10:59:07:699,0.000000,0.000000,2,-107.11,-107.11,0,0,
09/21/2026,10:59:07:747,0.000000,0.000000,3,-91.1,-91.1,0,0,
09/21/2026,10:59:07:800,0.000000,0.000000,4,-112.83,-112.83,0,0,
09/21/2026,10:59:07:971,0.000000,0.000000,1,-112.07,-112.07,0,0,
09/21/2026,10:59:08:043,0.000000,0.000000,2,-107.16,-107.16,0,0,
09/21/2026,10:59:08:095,0.000000,0.000000,3,-98.82,-98.82,0,0,
09/21/2026,10:59:08:146,0.000000,0.000000,4,-113.34,-113.34,0,0,
09/21/2026,10:59:08:319,0.000000,0.000000,1,-111.66,-111.66,0,0,
09/21/2026,10:59:08:390,0.000000,0.000000,2,-107.31,-107.31,0,0,
09/21/2026,10:59:08:443,0.000000,0.000000,3,-91.79,-91.79,0,0,
09/21/2026,10:59:08:495,0.000000,0.000000,4,-112.95,-112.95,0,0,
09/21/2026,10:59:08:668,0.000000,0.000000,1,-112.04,-112.04,0,0,
09/21/2026,10:59:08:757,0.000000,0.000000,2,-109.22,-109.22,0,0,
09/21/2026,10:59:08:795,0.000000,0.000000,3,-91.24,-91.24,0,0,
09/21/2026,10:59:08:848,0.000000,0.000000,4,-111.87,-111.87,0,0,
09/21/2026,10:59:09:013,0.000000,0.000000,1,-111.85,-111.85,0,0,
09/21/2026,10:59:09:099,0.000000,0.000000,2,-110.45,-110.45,0,0,
09/21/2026,10:59:09:136,0.000000,0.000000,3,-90.65,-90.65,0,0,
09/21/2026,10:59:09:209,0.000000,0.000000,4,-113.07,-113.07,0,0,
09/21/2026,10:59:09:391,0.000000,0.000000,1,-113.26,-113.26,0,0,
09/21/2026,10:59:09:446,0.000000,0.000000,2,-108.02,-108.02,0,0,
09/21/2026,10:59:09:512,0.000000,0.000000,3,-90.77,-90.77,0,0,
09/21/2026,10:59:09:534,0.000000,0.000000,4,-113.61,-113.61,0,0,
09/21/2026,10:59:09:706,0.000000,0.000000,1,-111.87,-111.87,0,0,
09/21/2026,10:59:09:777,0.000000,0.000000,2,-106.99,-106.99,0,0,
09/21/2026,10:59:09:830,0.000000,0.000000,3,-89.53,-89.53,0,0,
09/21/2026,10:59:09:885,0.000000,0.000000,4,-113.7,-113.7,0,0,
09/21/2026,10:59:10:055,0.000000,0.000000,1,-112.2,-112.2,0,0,
09/21/2026,10:59:10:125,0.000000,0.000000,2,-109.26,-109.26,0,0,
09/21/2026,10:59:10:179,0.000000,0.000000,3,-86.46,-86.46,0,0,
09/21/2026,10:59:10:238,0.000000,0.000000,4,-112.85,-112.85,0,0,
09/21/2026,10:59:10:401,0.000000,0.000000,1,-114.81,-114.81,0,0,
09/21/2026,10:59:10:474,0.000000,0.000000,2,-108.39,-108.39,0,0,
09/21/2026,10:59:10:525,0.000000,0.000000,3,-97.89,-97.89,0,0,
09/21/2026,10:59:10:577,0.000000,0.000000,4,-113.85,-113.85,0,0,
09/21/2026,10:59:10:749,0.000000,0.000000,1,-111.96,-111.96,0,0,
09/21/2026,10:59:10:826,0.000000,0.000000,2,-108.71,-108.71,0,0,
09/21/2026,10:59:10:908,0.000000,0.000000,3,-88.13,-88.13,0,0,
09/21/2026,10:59:11:042,0.000000,0.000000,4,-112.32,-112.32,0,0,
09/21/2026,10:59:11:096,0.000000,0.000000,1,-112.82,-112.82,0,0,
09/21/2026,10:59:11:165,0.000000,0.000000,2,-107.74,-107.74,0,0,
09/21/2026,10:59:11:217,0.000000,0.000000,3,-88.84,-88.84,0,0,
09/21/2026,10:59:11:281,0.000000,0.000000,4,-111.05,-111.05,0,0,
09/21/2026,10:59:11:452,0.000000,0.000000,1,-111,-111,0,0,
09/21/2026,10:59:11:513,0.000000,0.000000,2,-108.26,-108.26,0,0,
09/21/2026,10:59:11:564,0.000000,0.000000,3,-94.77,-94.77,0,0,
09/21/2026,10:59:11:615,0.000000,0.000000,4,-92.57,-92.57,0,0,
09/21/2026,10:59:11:792,0.000000,0.000000,1,-111.19,-111.19,0,0,
09/21/2026,10:59:11:860,0.000000,0.000000,2,-107.47,-107.47,0,0,
09/21/2026,10:59:11:912,0.000000,0.000000,3,-86.62,-86.62,0,0,
09/21/2026,10:59:11:963,0.000000,0.000000,4,-89.29,-89.29,0,0,
09/21/2026,10:59:12:136,0.000000,0.000000,1,-112.73,-112.73,0,0,
09/21/2026,10:59:12:207,0.000000,0.000000,2,-108.16,-108.16,0,0,
09/21/2026,10:59:12:260,0.000000,0.000000,3,-99.31,-99.31,0,0,
09/21/2026,10:59:12:312,0.000000,0.000000,4,-90.07,-90.07,0,0,
09/21/2026,10:59:12:483,0.000000,0.000000,1,-110.02,-110.02,0,0,
09/21/2026,10:59:12:551,0.000000,0.000000,2,-107.62,-107.62,0,0,
09/21/2026,10:59:13:011,0.000000,0.000000,3,-90.38,-90.38,0,0,
09/21/2026,10:59:13:023,0.000000,0.000000,4,-83.53,-83.53,0,0,
09/21/2026,10:59:13:063,0.000000,0.000000,1,-112.55,-112.55,0,0,
09/21/2026,10:59:13:073,0.000000,0.000000,2,-108.49,-108.49,0,0,
09/21/2026,10:59:13:080,0.000000,0.000000,3,-93.21,-93.21,0,0,
09/21/2026,10:59:13:097,0.000000,0.000000,4,-94.11,-94.11,0,0,
09/21/2026,10:59:13:175,0.000000,0.000000,1,-111.99,-111.99,0,0,
09/21/2026,10:59:13:246,0.000000,0.000000,2,-107.5,-107.5,0,0,
09/21/2026,10:59:13:297,0.000000,0.000000,3,-90.86,-90.86,0,0,
09/21/2026,10:59:13:350,0.000000,0.000000,4,-95.38,-95.38,0,0,
09/21/2026,10:59:13:540,0.000000,0.000000,1,-111.37,-111.37,0,0,
09/21/2026,10:59:13:595,0.000000,0.000000,2,-107.51,-107.51,0,0,
09/21/2026,10:59:13:645,0.000000,0.000000,3,-94.64,-94.64,0,0,
09/21/2026,10:59:13:701,0.000000,0.000000,4,-97.56,-97.56,0,0,
09/21/2026,10:59:13:870,0.000000,0.000000,1,-112.23,-112.23,0,0,
09/21/2026,10:59:13:940,0.000000,0.000000,2,-108.04,-108.04,0,0,
09/21/2026,10:59:13:993,0.000000,0.000000,3,-83.84,-83.84,0,0,
09/21/2026,10:59:14:045,0.000000,0.000000,4,-113.62,-113.62,0,0,
09/21/2026,10:59:14:218,0.000000,0.000000,1,-111.54,-111.54,0,0,
09/21/2026,10:59:14:287,0.000000,0.000000,2,-108.37,-108.37,0,0,
09/21/2026,10:59:14:339,0.000000,0.000000,3,-86.98,-86.98,0,0,
09/21/2026,10:59:14:395,0.000000,0.000000,4,-112.69,-112.69,0,0,
09/21/2026,10:59:14:562,0.000000,0.000000,1,-111.88,-111.88,0,0,
09/21/2026,10:59:14:632,0.000000,0.000000,2,-107.74,-107.74,0,0,
09/21/2026,10:59:14:684,0.000000,0.000000,3,-90.79,-90.79,0,0,
09/21/2026,10:59:14:738,0.000000,0.000000,4,-112.45,-112.45,0,0,
09/21/2026,10:59:14:939,0.000000,0.000000,1,-112.54,-112.54,0,0,
09/21/2026,10:59:15:016,0.000000,0.000000,2,-109.23,-109.23,0,0,
09/21/2026,10:59:15:036,0.000000,0.000000,3,-88.37,-88.37,0,0,
09/21/2026,10:59:15:093,0.000000,0.000000,4,-112.63,-112.63,0,0,
09/21/2026,10:59:15:258,0.000000,0.000000,1,-112.36,-112.36,0,0,
09/21/2026,10:59:15:331,0.000000,0.000000,2,-107.71,-107.71,0,0,
09/21/2026,10:59:15:378,0.000000,0.000000,3,-89.45,-89.45,0,0,
09/21/2026,10:59:15:434,0.000000,0.000000,4,-112.39,-112.39,0,0,
09/21/2026,10:59:15:606,0.000000,0.000000,1,-111.93,-111.93,0,0,
09/21/2026,10:59:15:676,0.000000,0.000000,2,-107.45,-107.45,0,0,
09/21/2026,10:59:15:729,0.000000,0.000000,3,-83,-83,0,0,
09/21/2026,10:59:15:783,0.000000,0.000000,4,-113.13,-113.13,0,0,
09/21/2026,10:59:15:952,0.000000,0.000000,1,-112.62,-112.62,0,0,
09/21/2026,10:59:16:025,0.000000,0.000000,2,-108.23,-108.23,0,0,
09/21/2026,10:59:16:096,0.000000,0.000000,3,-90.72,-90.72,0,0,
09/21/2026,10:59:16:128,0.000000,0.000000,4,-112.88,-112.88,0,0,
09/21/2026,10:59:16:298,0.000000,0.000000,1,-111.66,-111.66,0,0,
09/21/2026,10:59:16:371,0.000000,0.000000,2,-108.4,-108.4,0,0,
09/21/2026,10:59:16:420,0.000000,0.000000,3,-84.91,-84.91,0,0,
09/21/2026,10:59:16:506,0.000000,0.000000,4,-112.25,-112.25,0,0,
09/21/2026,10:59:16:662,0.000000,0.000000,1,-112.27,-112.27,0,0,
09/21/2026,10:59:16:715,0.000000,0.000000,2,-108.75,-108.75,0,0,
09/21/2026,10:59:16:766,0.000000,0.000000,3,-88.93,-88.93,0,0,
09/21/2026,10:59:16:820,0.000000,0.000000,4,-112.16,-112.16,0,0,
09/21/2026,10:59:16:989,0.000000,0.000000,1,-112.88,-112.88,0,0,
09/21/2026,10:59:17:059,0.000000,0.000000,2,-108.69,-108.69,0,0,
09/21/2026,10:59:17:115,0.000000,0.000000,3,-89.61,-89.61,0,0,
09/21/2026,10:59:17:166,0.000000,0.000000,4,-111.76,-111.76,0,0,
09/21/2026,10:59:17:341,0.000000,0.000000,1,-111.14,-111.14,0,0,
09/21/2026,10:59:17:407,0.000000,0.000000,2,-108.29,-108.29,0,0,
09/21/2026,10:59:17:463,0.000000,0.000000,3,-93.38,-93.38,0,0,
09/21/2026,10:59:17:515,0.000000,0.000000,4,-111.45,-111.45,0,0,
09/21/2026,10:59:17:689,0.000000,0.000000,1,-111.7,-111.7,0,0,
09/21/2026,10:59:17:758,0.000000,0.000000,2,-107.74,-107.74,0,0,
09/21/2026,10:59:17:809,0.000000,0.000000,3,-94.44,-94.44,0,0,
09/21/2026,10:59:17:859,0.000000,0.000000,4,-111.83,-111.83,0,0,
09/21/2026,10:59:18:030,0.000000,0.000000,1,-111.41,-111.41,0,0,
09/21/2026,10:59:18:102,0.000000,0.000000,2,-108.63,-108.63,0,0,
09/21/2026,10:59:18:154,0.000000,0.000000,3,-88.74,-88.74,0,0,
09/21/2026,10:59:18:209,0.000000,0.000000,4,-110.3,-110.3,0,0,
09/21/2026,10:59:18:377,0.000000,0.000000,1,-112.31,-112.31,0,0,
09/21/2026,10:59:18:448,0.000000,0.000000,2,-106.53,-106.53,0,0,
09/21/2026,10:59:18:504,0.000000,0.000000,3,-89.87,-89.87,0,0,
09/21/2026,10:59:18:562,0.000000,0.000000,4,-111.71,-111.71,0,0,
09/21/2026,10:59:18:751,0.000000,0.000000,1,-113.99,-113.99,0,0,
09/21/2026,10:59:18:827,0.000000,0.000000,2,-107.06,-107.06,0,0,
09/21/2026,10:59:18:885,0.000000,0.000000,3,-102.5,-102.5,0,0,
09/21/2026,10:59:18:901,0.000000,0.000000,4,-111.48,-111.48,0,0,
09/21/2026,10:59:19:071,0.000000,0.000000,1,-113.14,-113.14,0,0,
09/21/2026,10:59:19:139,0.000000,0.000000,2,-107.16,-107.16,0,0,
09/21/2026,10:59:19:194,0.000000,0.000000,3,-92.43,-92.43,0,0,
09/21/2026,10:59:19:247,0.000000,0.000000,4,-110.98,-110.98,0,0,
09/21/2026,10:59:19:418,0.000000,0.000000,1,-112.87,-112.87,0,0,
09/21/2026,10:59:19:488,0.000000,0.000000,2,-109.73,-109.73,0,0,
09/21/2026,10:59:19:539,0.000000,0.000000,3,-89.92,-89.92,0,0,
09/21/2026,10:59:19:595,0.000000,0.000000,4,-112.93,-112.93,0,0,
09/21/2026,10:59:19:765,0.000000,0.000000,1,-112.66,-112.66,0,0,
09/21/2026,10:59:19:835,0.000000,0.000000,2,-109.63,-109.63,0,0,
09/21/2026,10:59:19:885,0.000000,0.000000,3,-88.99,-88.99,0,0,
09/21/2026,10:59:19:940,0.000000,0.000000,4,-110.62,-110.62,0,0,
09/21/2026,10:59:20:112,0.000000,0.000000,1,-113.75,-113.75,0,0,
09/21/2026,10:59:20:182,0.000000,0.000000,2,-106.73,-106.73,0,0,
09/21/2026,10:59:20:234,0.000000,0.000000,3,-89.92,-89.92,0,0,
09/21/2026,10:59:20:295,0.000000,0.000000,4,-111.4,-111.4,0,0,
09/21/2026,10:59:20:514,0.000000,0.000000,1,-112.86,-112.86,0,0,
09/21/2026,10:59:20:527,0.000000,0.000000,2,-107.03,-107.03,0,0,
09/21/2026,10:59:20:599,0.000000,0.000000,3,-91.69,-91.69,0,0,
09/21/2026,10:59:20:656,0.000000,0.000000,4,-110.26,-110.26,0,0,
09/21/2026,10:59:20:805,0.000000,0.000000,1,-113.86,-113.86,0,0,
09/21/2026,10:59:20:877,0.000000,0.000000,2,-108.64,-108.64,0,0,
09/21/2026,10:59:20:928,0.000000,0.000000,3,-101.88,-101.88,0,0,
09/21/2026,10:59:20:980,0.000000,0.000000,4,-108.66,-108.66,0,0,
09/21/2026,10:59:21:153,0.000000,0.000000,1,-112.7,-112.7,0,0,
09/21/2026,10:59:21:224,0.000000,0.000000,2,-108.65,-108.65,0,0,
09/21/2026,10:59:21:277,0.000000,0.000000,3,-97.1,-97.1,0,0,
09/21/2026,10:59:21:329,0.000000,0.000000,4,-111.52,-111.52,0,0,
09/21/2026,10:59:21:499,0.000000,0.000000,1,-112.05,-112.05,0,0,
09/21/2026,10:59:21:571,0.000000,0.000000,2,-108.75,-108.75,0,0,
09/21/2026,10:59:21:624,0.000000,0.000000,3,-102.86,-102.86,0,0,
09/21/2026,10:59:21:674,0.000000,0.000000,4,-110.71,-110.71,0,0,
09/21/2026,10:59:21:850,0.000000,0.000000,1,-112.27,-112.27,0,0,
09/21/2026,10:59:21:917,0.000000,0.000000,2,-106.84,-106.84,0,0,
09/21/2026,10:59:21:971,0.000000,0.000000,3,-98.45,-98.45,0,0,
09/21/2026,10:59:22:056,0.000000,0.000000,4,-110.39,-110.39,0,0,
09/21/2026,10:59:22:215,0.000000,0.000000,1,-113.23,-113.23,0,0,
09/21/2026,10:59:22:291,0.000000,0.000000,2,-106.72,-106.72,0,0,
09/21/2026,10:59:22:317,0.000000,0.000000,3,-107,-107,0,0,
09/21/2026,10:59:22:369,0.000000,0.000000,4,-112.62,-112.62,0,0,
09/21/2026,10:59:22:542,0.000000,0.000000,1,-114.16,-114.16,0,0,
09/21/2026,10:59:22:610,0.000000,0.000000,2,-107.09,-107.09,0,0,
09/21/2026,10:59:22:662,0.000000,0.000000,3,-94.78,-94.78,0,0,
09/21/2026,10:59:22:716,0.000000,0.000000,4,-111.26,-111.26,0,0,
09/21/2026,10:59:22:891,0.000000,0.000000,1,-112.18,-112.18,0,0,
09/21/2026,10:59:22:958,0.000000,0.000000,2,-107.33,-107.33,0,0,
09/21/2026,10:59:23:011,0.000000,0.000000,3,-101.77,-101.77,0,0,
09/21/2026,10:59:23:484,0.000000,0.000000,4,-110.94,-110.94,0,0,
09/21/2026,10:59:23:506,0.000000,0.000000,1,-112.49,-112.49,0,0,
09/21/2026,10:59:23:517,0.000000,0.000000,2,-107.03,-107.03,0,0,
09/21/2026,10:59:23:527,0.000000,0.000000,3,-105.09,-105.09,0,0,
09/21/2026,10:59:23:533,0.000000,0.000000,4,-112.97,-112.97,0,0,
09/21/2026,10:59:23:579,0.000000,0.000000,1,-113.09,-113.09,0,0,
09/21/2026,10:59:23:651,0.000000,0.000000,2,-106.54,-106.54,0,0,
09/21/2026,10:59:23:711,0.000000,0.000000,3,-94.55,-94.55,0,0,
09/21/2026,10:59:23:779,0.000000,0.000000,4,-111.38,-111.38,0,0,
09/21/2026,10:59:23:928,0.000000,0.000000,1,-112.27,-112.27,0,0,
09/21/2026,10:59:23:996,0.000000,0.000000,2,-107.59,-107.59,0,0,
09/21/2026,10:59:24:051,0.000000,0.000000,3,-95.55,-95.55,0,0,
09/21/2026,10:59:24:118,0.000000,0.000000,4,-114.27,-114.27,0,0,
09/21/2026,10:59:24:273,0.000000,0.000000,1,-113.77,-113.77,0,0,
09/21/2026,10:59:24:346,0.000000,0.000000,2,-106.9,-106.9,0,0,
09/21/2026,10:59:24:396,0.000000,0.000000,3,-108.59,-108.59,0,0,
09/21/2026,10:59:24:448,0.000000,0.000000,4,-113.35,-113.35,0,0,
09/21/2026,10:59:24:620,0.000000,0.000000,1,-114.16,-114.16,0,0,
09/21/2026,10:59:24:690,0.000000,0.000000,2,-107.47,-107.47,0,0,
09/21/2026,10:59:24:742,0.000000,0.000000,3,-101.95,-101.95,0,0,
09/21/2026,10:59:24:796,0.000000,0.000000,4,-110.88,-110.88,0,0,
09/21/2026,10:59:24:968,0.000000,0.000000,1,-112.25,-112.25,0,0,
09/21/2026,10:59:25:056,0.000000,0.000000,2,-107.78,-107.78,0,0,
09/21/2026,10:59:25:101,0.000000,0.000000,3,-91.98,-91.98,0,0,
09/21/2026,10:59:25:142,0.000000,0.000000,4,-112.98,-112.98,0,0,
09/21/2026,10:59:25:315,0.000000,0.000000,1,-111.59,-111.59,0,0,
09/21/2026,10:59:25:385,0.000000,0.000000,2,-108.43,-108.43,0,0,
09/21/2026,10:59:25:438,0.000000,0.000000,3,-92.33,-92.33,0,0,
09/21/2026,10:59:25:494,0.000000,0.000000,4,-111.52,-111.52,0,0,
09/21/2026,10:59:25:663,0.000000,0.000000,1,-111.06,-111.06,0,0,
09/21/2026,10:59:25:731,0.000000,0.000000,2,-107.41,-107.41,0,0,
09/21/2026,10:59:25:786,0.000000,0.000000,3,-99.08,-99.08,0,0,
09/21/2026,10:59:25:840,0.000000,0.000000,4,-110.1,-110.1,0,0,
09/21/2026,10:59:26:041,0.000000,0.000000,1,-112.61,-112.61,0,0,
09/21/2026,10:59:26:105,0.000000,0.000000,2,-108.71,-108.71,0,0,
09/21/2026,10:59:26:176,0.000000,0.000000,3,-97.65,-97.65,0,0,
09/21/2026,10:59:26:186,0.000000,0.000000,4,-111.94,-111.94,0,0,
09/21/2026,10:59:26:355,0.000000,0.000000,1,-114,-114,0,0,
09/21/2026,10:59:26:426,0.000000,0.000000,2,-109.05,-109.05,0,0,
09/21/2026,10:59:26:478,0.000000,0.000000,3,-95.72,-95.72,0,0,
09/21/2026,10:59:26:531,0.000000,0.000000,4,-110.91,-110.91,0,0,
09/21/2026,10:59:26:707,0.000000,0.000000,1,-112.8,-112.8,0,0,
09/21/2026,10:59:26:775,0.000000,0.000000,2,-107.86,-107.86,0,0,
09/21/2026,10:59:26:825,0.000000,0.000000,3,-98.3,-98.3,0,0,
09/21/2026,10:59:26:879,0.000000,0.000000,4,-112.47,-112.47,0,0,
09/21/2026,10:59:27:049,0.000000,0.000000,1,-111.53,-111.53,0,0,
09/21/2026,10:59:27:123,0.000000,0.000000,2,-109.26,-109.26,0,0,
09/21/2026,10:59:27:173,0.000000,0.000000,3,-92.34,-92.34,0,0,
09/21/2026,10:59:27:225,0.000000,0.000000,4,-111.44,-111.44,0,0,
09/21/2026,10:59:27:397,0.000000,0.000000,1,-111,-111,0,0,
09/21/2026,10:59:27:468,0.000000,0.000000,2,-107.35,-107.35,0,0,
09/21/2026,10:59:27:520,0.000000,0.000000,3,-89.34,-89.34,0,0,
09/21/2026,10:59:27:584,0.000000,0.000000,4,-110.93,-110.93,0,0,
09/21/2026,10:59:27:744,0.000000,0.000000,1,-112.57,-112.57,0,0,
09/21/2026,10:59:27:862,0.000000,0.000000,2,-107.38,-107.38,0,0,
09/21/2026,10:59:27:869,0.000000,0.000000,3,-92.59,-92.59,0,0,
09/21/2026,10:59:27:923,0.000000,0.000000,4,-110.59,-110.59,0,0,
09/21/2026,10:59:28:098,0.000000,0.000000,1,-112.46,-112.46,0,0,
09/21/2026,10:59:28:161,0.000000,0.000000,2,-106.68,-106.68,0,0,
09/21/2026,10:59:28:212,0.000000,0.000000,3,-84.19,-84.19,0,0,
09/21/2026,10:59:28:265,0.000000,0.000000,4,-112.06,-112.06,0,0,
09/21/2026,10:59:28:437,0.000000,0.000000,1,-114.04,-114.04,0,0,
09/21/2026,10:59:28:520,0.000000,0.000000,2,-107.45,-107.45,0,0,
09/21/2026,10:59:28:956,0.000000,0.000000,3,-87.65,-87.65,0,0,
09/21/2026,10:59:28:966,0.000000,0.000000,4,-111.83,-111.83,0,0,
09/21/2026,10:59:29:005,0.000000,0.000000,1,-113.77,-113.77,0,0,
09/21/2026,10:59:29:022,0.000000,0.000000,2,-106.68,-106.68,0,0,
09/21/2026,10:59:29:034,0.000000,0.000000,3,-95.1,-95.1,0,0,
09/21/2026,10:59:29:043,0.000000,0.000000,4,-112.23,-112.23,0,0,
09/21/2026,10:59:29:130,0.000000,0.000000,1,-113.04,-113.04,0,0,
09/21/2026,10:59:29:200,0.000000,0.000000,2,-107.24,-107.24,0,0,
09/21/2026,10:59:29:251,0.000000,0.000000,3,-88.12,-88.12,0,0,
09/21/2026,10:59:29:308,0.000000,0.000000,4,-112.89,-112.89,0,0,
09/21/2026,10:59:29:485,0.000000,0.000000,1,-110.86,-110.86,0,0,
09/21/2026,10:59:29:548,0.000000,0.000000,2,-107.13,-107.13,0,0,
09/21/2026,10:59:29:599,0.000000,0.000000,3,-92.48,-92.48,0,0,
09/21/2026,10:59:29:652,0.000000,0.000000,4,-112.27,-112.27,0,0,
09/21/2026,10:59:29:881,0.000000,0.000000,1,-113.01,-113.01,0,0,
09/21/2026,10:59:29:894,0.000000,0.000000,2,-107.59,-107.59,0,0,
09/21/2026,10:59:29:962,0.000000,0.000000,3,-88.39,-88.39,0,0,
09/21/2026,10:59:30:002,0.000000,0.000000,4,-111.4,-111.4,0,0,
09/21/2026,10:59:30:178,0.000000,0.000000,1,-112.34,-112.34,0,0,
09/21/2026,10:59:30:240,0.000000,0.000000,2,-109.13,-109.13,0,0,
09/21/2026,10:59:30:297,0.000000,0.000000,3,-87.43,-87.43,0,0,
09/21/2026,10:59:30:346,0.000000,0.000000,4,-111.45,-111.45,0,0,
09/21/2026,10:59:30:522,0.000000,0.000000,1,-111.42,-111.42,0,0,
09/21/2026,10:59:30:588,0.000000,0.000000,2,-107.06,-107.06,0,0,
09/21/2026,10:59:30:650,0.000000,0.000000,3,-85.68,-85.68,0,0,
09/21/2026,10:59:30:695,0.000000,0.000000,4,-111.69,-111.69,0,0,
09/21/2026,10:59:30:868,0.000000,0.000000,1,-112.69,-112.69,0,0,
09/21/2026,10:59:30:936,0.000000,0.000000,2,-108.19,-108.19,0,0,
09/21/2026,10:59:30:986,0.000000,0.000000,3,-90.45,-90.45,0,0,
09/21/2026,10:59:31:039,0.000000,0.000000,4,-113.69,-113.69,0,0,
09/21/2026,10:59:31:212,0.000000,0.000000,1,-111.16,-111.16,0,0,
09/21/2026,10:59:31:282,0.000000,0.000000,2,-108.51,-108.51,0,0,
09/21/2026,10:59:31:332,0.000000,0.000000,3,-86.04,-86.04,0,0,
09/21/2026,10:59:31:391,0.000000,0.000000,4,-111.91,-111.91,0,0,
09/21/2026,10:59:31:598,0.000000,0.000000,1,-110.4,-110.4,0,0,
09/21/2026,10:59:31:648,0.000000,0.000000,2,-106.86,-106.86,0,0,
09/21/2026,10:59:31:723,0.000000,0.000000,3,-88.42,-88.42,0,0,
09/21/2026,10:59:31:736,0.000000,0.000000,4,-112.8,-112.8,0,0,
09/21/2026,10:59:31:907,0.000000,0.000000,1,-112.05,-112.05,0,0,
09/21/2026,10:59:31:974,0.000000,0.000000,2,-107.35,-107.35,0,0,
09/21/2026,10:59:32:029,0.000000,0.000000,3,-85.63,-85.63,0,0,
09/21/2026,10:59:32:083,0.000000,0.000000,4,-111.2,-111.2,0,0,
09/21/2026,10:59:32:254,0.000000,0.000000,1,-111.72,-111.72,0,0,
09/21/2026,10:59:32:321,0.000000,0.000000,2,-107.27,-107.27,0,0,
09/21/2026,10:59:32:376,0.000000,0.000000,3,-90.77,-90.77,0,0,
09/21/2026,10:59:32:428,0.000000,0.000000,4,-111.33,-111.33,0,0,
09/21/2026,10:59:32:599,0.000000,0.000000,1,-114.25,-114.25,0,0,
09/21/2026,10:59:32:670,0.000000,0.000000,2,-107,-107,0,0,
09/21/2026,10:59:32:736,0.000000,0.000000,3,-84.85,-84.85,0,0,
09/21/2026,10:59:32:775,0.000000,0.000000,4,-111.09,-111.09,0,0,
09/21/2026,10:59:32:952,0.000000,0.000000,1,-110.13,-110.13,0,0,
09/21/2026,10:59:33:015,0.000000,0.000000,2,-108.64,-108.64,0,0,
09/21/2026,10:59:33:069,0.000000,0.000000,3,-83.88,-83.88,0,0,
09/21/2026,10:59:33:122,0.000000,0.000000,4,-111.86,-111.86,0,0,
09/21/2026,10:59:33:328,0.000000,0.000000,1,-112.36,-112.36,0,0,
09/21/2026,10:59:33:414,0.000000,0.000000,2,-106.96,-106.96,0,0,
09/21/2026,10:59:33:417,0.000000,0.000000,3,-89.24,-89.24,0,0,
09/21/2026,10:59:33:466,0.000000,0.000000,4,-112.12,-112.12,0,0,
09/21/2026,10:59:33:638,0.000000,0.000000,1,-112.66,-112.66,0,0,
09/21/2026,10:59:33:712,0.000000,0.000000,2,-106.93,-106.93,0,0,
09/21/2026,10:59:33:761,0.000000,0.000000,3,-87.82,-87.82,0,0,
09/21/2026,10:59:33:814,0.000000,0.000000,4,-112.16,-112.16,0,0,
09/21/2026,10:59:33:986,0.000000,0.000000,1,-112.17,-112.17,0,0,
09/21/2026,10:59:34:059,0.000000,0.000000,2,-107.74,-107.74,0,0,
09/21/2026,10:59:34:110,0.000000,0.000000,3,-87.84,-87.84,0,0,
09/21/2026,10:59:34:160,0.000000,0.000000,4,-112.08,-112.08,0,0,
09/21/2026,10:59:34:333,0.000000,0.000000,1,-113.78,-113.78,0,0,
09/21/2026,10:59:34:407,0.000000,0.000000,2,-107.87,-107.87,0,0,
09/21/2026,10:59:34:455,0.000000,0.000000,3,-87.74,-87.74,0,0,
09/21/2026,10:59:34:509,0.000000,0.000000,4,-112.36,-112.36,0,0,
09/21/2026,10:59:34:678,0.000000,0.000000,1,-113.74,-113.74,0,0,
09/21/2026,10:59:34:755,0.000000,0.000000,2,-106.65,-106.65,0,0,
09/21/2026,10:59:34:802,0.000000,0.000000,3,-86.16,-86.16,0,0,
09/21/2026,10:59:34:855,0.000000,0.000000,4,-112.29,-112.29,0,0,
09/21/2026,10:59:35:026,0.000000,0.000000,1,-111.6,-111.6,0,0,
09/21/2026,10:59:35:094,0.000000,0.000000,2,-107.99,-107.99,0,0,
09/21/2026,10:59:35:175,0.000000,0.000000,3,-97.71,-97.71,0,0,
09/21/2026,10:59:35:254,0.000000,0.000000,4,-110.35,-110.35,0,0,
09/21/2026,10:59:35:382,0.000000,0.000000,1,-112.38,-112.38,0,0,
09/21/2026,10:59:35:442,0.000000,0.000000,2,-106.95,-106.95,0,0,
09/21/2026,10:59:35:496,0.000000,0.000000,3,-90.05,-90.05,0,0,
09/21/2026,10:59:35:548,0.000000,0.000000,4,-111.78,-111.78,0,0,
09/21/2026,10:59:35:720,0.000000,0.000000,1,-112.91,-112.91,0,0,
09/21/2026,10:59:35:789,0.000000,0.000000,2,-107.6,-107.6,0,0,
09/21/2026,10:59:35:847,0.000000,0.000000,3,-85.63,-85.63,0,0,
09/21/2026,10:59:35:900,0.000000,0.000000,4,-111.26,-111.26,0,0,
09/21/2026,10:59:36:065,0.000000,0.000000,1,-111.59,-111.59,0,0,
09/21/2026,10:59:36:139,0.000000,0.000000,2,-106.94,-106.94,0,0,
09/21/2026,10:59:36:189,0.000000,0.000000,3,-85.13,-85.13,0,0,
09/21/2026,10:59:36:243,0.000000,0.000000,4,-111.54,-111.54,0,0,
09/21/2026,10:59:36:418,0.000000,0.000000,1,-113,-113,0,0,
09/21/2026,10:59:36:487,0.000000,0.000000,2,-108.16,-108.16,0,0,
09/21/2026,10:59:36:535,0.000000,0.000000,3,-89.09,-89.09,0,0,
09/21/2026,10:59:36:592,0.000000,0.000000,4,-110.84,-110.84,0,0,
09/21/2026,10:59:36:759,0.000000,0.000000,1,-111.62,-111.62,0,0,
09/21/2026,10:59:36:830,0.000000,0.000000,2,-108.29,-108.29,0,0,
09/21/2026,10:59:36:895,0.000000,0.000000,3,-92.57,-92.57,0,0,
09/21/2026,10:59:36:961,0.000000,0.000000,4,-110.49,-110.49,0,0,
09/21/2026,10:59:37:125,0.000000,0.000000,1,-111.99,-111.99,0,0,
09/21/2026,10:59:37:176,0.000000,0.000000,2,-107.32,-107.32,0,0,
09/21/2026,10:59:37:230,0.000000,0.000000,3,-94.2,-94.2,0,0,
09/21/2026,10:59:37:285,0.000000,0.000000,4,-110.26,-110.26,0,0,
09/21/2026,10:59:37:455,0.000000,0.000000,1,-113.44,-113.44,0,0,
09/21/2026,10:59:37:526,0.000000,0.000000,2,-107.75,-107.75,0,0,
09/21/2026,10:59:37:577,0.000000,0.000000,3,-91.05,-91.05,0,0,
09/21/2026,10:59:37:632,0.000000,0.000000,4,-112.25,-112.25,0,0,
09/21/2026,10:59:37:803,0.000000,0.000000,1,-111.26,-111.26,0,0,
09/21/2026,10:59:37:871,0.000000,0.000000,2,-108.24,-108.24,0,0,
09/21/2026,10:59:37:923,0.000000,0.000000,3,-87.46,-87.46,0,0,
09/21/2026,10:59:37:978,0.000000,0.000000,4,-111.5,-111.5,0,0,
09/21/2026,10:59:38:151,0.000000,0.000000,1,-110.09,-110.09,0,0,
09/21/2026,10:59:38:228,0.000000,0.000000,2,-108.58,-108.58,0,0,
09/21/2026,10:59:38:282,0.000000,0.000000,3,-81.3,-81.3,0,0,
09/21/2026,10:59:38:337,0.000000,0.000000,4,-114.21,-114.21,0,0,
09/21/2026,10:59:38:505,0.000000,0.000000,1,-110.09,-110.09,0,0,
09/21/2026,10:59:38:575,0.000000,0.000000,2,-106.89,-106.89,0,0,
09/21/2026,10:59:38:628,0.000000,0.000000,3,-84.23,-84.23,0,0,
09/21/2026,10:59:38:680,0.000000,0.000000,4,-111.3,-111.3,0,0,
09/21/2026,10:59:38:891,0.000000,0.000000,1,-110.99,-110.99,0,0,
09/21/2026,10:59:38:969,0.000000,0.000000,2,-105.88,-105.88,0,0,
09/21/2026,10:59:38:977,0.000000,0.000000,3,-80,-80,0,0,
09/21/2026,10:59:39:444,0.000000,0.000000,4,-111.8,-111.8,0,0,
09/21/2026,10:59:39:477,0.000000,0.000000,1,-111.01,-111.01,0,0,
09/21/2026,10:59:39:491,0.000000,0.000000,2,-106.14,-106.14,0,0,
09/21/2026,10:59:39:499,0.000000,0.000000,3,-80.34,-80.34,0,0,
09/21/2026,10:59:39:516,0.000000,0.000000,4,-111.54,-111.54,0,0,
09/21/2026,10:59:39:570,0.000000,0.000000,1,-112.95,-112.95,0,0,
09/21/2026,10:59:39:616,0.000000,0.000000,2,-107.01,-107.01,0,0,
09/21/2026,10:59:39:669,0.000000,0.000000,3,-80.19,-80.19,0,0,
09/21/2026,10:59:39:723,0.000000,0.000000,4,-113.79,-113.79,0,0,
09/21/2026,10:59:39:892,0.000000,0.000000,1,-109.28,-109.28,0,0,
09/21/2026,10:59:39:963,0.000000,0.000000,2,-105.92,-105.92,0,0,
09/21/2026,10:59:40:014,0.000000,0.000000,3,-81.1,-81.1,0,0,
09/21/2026,10:59:40:071,0.000000,0.000000,4,-113.06,-113.06,0,0,
09/21/2026,10:59:40:237,0.000000,0.000000,1,-108.17,-108.17,0,0,
09/21/2026,10:59:40:308,0.000000,0.000000,2,-106.37,-106.37,0,0,
09/21/2026,10:59:40:360,0.000000,0.000000,3,-78.16,-78.16,0,0,
09/21/2026,10:59:40:422,0.000000,0.000000,4,-111.68,-111.68,0,0,
09/21/2026,10:59:40:613,0.000000,0.000000,1,-109,-109,0,0,
09/21/2026,10:59:40:694,0.000000,0.000000,2,-106.45,-106.45,0,0,
09/21/2026,10:59:40:768,0.000000,0.000000,3,-77.58,-77.58,0,0,
09/21/2026,10:59:40:780,0.000000,0.000000,4,-113.89,-113.89,0,0,
09/21/2026,10:59:40:933,0.000000,0.000000,1,-109.54,-109.54,0,0,
09/21/2026,10:59:41:001,0.000000,0.000000,2,-106.58,-106.58,0,0,
09/21/2026,10:59:41:059,0.000000,0.000000,3,-79.14,-79.14,0,0,
09/21/2026,10:59:41:118,0.000000,0.000000,4,-111.92,-111.92,0,0,
09/21/2026,10:59:41:280,0.000000,0.000000,1,-110.2,-110.2,0,0,
09/21/2026,10:59:41:347,0.000000,0.000000,2,-107.39,-107.39,0,0,
09/21/2026,10:59:41:402,0.000000,0.000000,3,-79.83,-79.83,0,0,
09/21/2026,10:59:41:453,0.000000,0.000000,4,-110.9,-110.9,0,0,
09/21/2026,10:59:41:627,0.000000,0.000000,1,-110.7,-110.7,0,0,
09/21/2026,10:59:41:701,0.000000,0.000000,2,-106.1,-106.1,0,0,
09/21/2026,10:59:41:748,0.000000,0.000000,3,-77.54,-77.54,0,0,
09/21/2026,10:59:41:800,0.000000,0.000000,4,-113.57,-113.57,0,0,
09/21/2026,10:59:41:979,0.000000,0.000000,1,-110.49,-110.49,0,0,
09/21/2026,10:59:42:043,0.000000,0.000000,2,-105.72,-105.72,0,0,
09/21/2026,10:59:42:094,0.000000,0.000000,3,-77.18,-77.18,0,0,
09/21/2026,10:59:42:147,0.000000,0.000000,4,-111.5,-111.5,0,0,
09/21/2026,10:59:42:319,0.000000,0.000000,1,-110.66,-110.66,0,0,
09/21/2026,10:59:42:390,0.000000,0.000000,2,-107.32,-107.32,0,0,
09/21/2026,10:59:42:456,0.000000,0.000000,3,-77,-77,0,0,
09/21/2026,10:59:42:504,0.000000,0.000000,4,-112.85,-112.85,0,0,
09/21/2026,10:59:42:676,0.000000,0.000000,1,-109.12,-109.12,0,0,
09/21/2026,10:59:42:758,0.000000,0.000000,2,-106,-106,0,0,
09/21/2026,10:59:42:803,0.000000,0.000000,3,-75.17,-75.17,0,0,
09/21/2026,10:59:42:854,0.000000,0.000000,4,-111.01,-111.01,0,0,
09/21/2026,10:59:43:022,0.000000,0.000000,1,-108.08,-108.08,0,0,
09/21/2026,10:59:43:093,0.000000,0.000000,2,-107.42,-107.42,0,0,
09/21/2026,10:59:43:149,0.000000,0.000000,3,-76.53,-76.53,0,0,
09/21/2026,10:59:43:198,0.000000,0.000000,4,-113.71,-113.71,0,0,
09/21/2026,10:59:43:371,0.000000,0.000000,1,-109.83,-109.83,0,0,
09/21/2026,10:59:43:457,0.000000,0.000000,2,-107.31,-107.31,0,0,
09/21/2026,10:59:43:492,0.000000,0.000000,3,-77.55,-77.55,0,0,
09/21/2026,10:59:43:545,0.000000,0.000000,4,-111.23,-111.23,0,0,
09/21/2026,10:59:43:719,0.000000,0.000000,1,-109.08,-109.08,0,0,
09/21/2026,10:59:43:787,0.000000,0.000000,2,-106.47,-106.47,0,0,
09/21/2026,10:59:43:839,0.000000,0.000000,3,-79.16,-79.16,0,0,
09/21/2026,10:59:43:892,0.000000,0.000000,4,-112.32,-112.32,0,0,
09/21/2026,10:59:44:063,0.000000,0.000000,1,-110.81,-110.81,0,0,
09/21/2026,10:59:44:134,0.000000,0.000000,2,-107.08,-107.08,0,0,
09/21/2026,10:59:44:187,0.000000,0.000000,3,-76.32,-76.32,0,0,
09/21/2026,10:59:44:244,0.000000,0.000000,4,-112.71,-112.71,0,0,
09/21/2026,10:59:44:420,0.000000,0.000000,1,-109.19,-109.19,0,0,
09/21/2026,10:59:44:904,0.000000,0.000000,2,-105.5,-105.5,0,0,
09/21/2026,10:59:44:909,0.000000,0.000000,3,-75.73,-75.73,0,0,
09/21/2026,10:59:44:916,0.000000,0.000000,4,-112.01,-112.01,0,0,
09/21/2026,10:59:44:960,0.000000,0.000000,1,-107.57,-107.57,0,0,
09/21/2026,10:59:44:980,0.000000,0.000000,2,-104.99,-104.99,0,0,
09/21/2026,10:59:44:998,0.000000,0.000000,3,-74.98,-74.98,0,0,
09/21/2026,10:59:45:002,0.000000,0.000000,4,-112.76,-112.76,0,0,
09/21/2026,10:59:45:107,0.000000,0.000000,1,-108.97,-108.97,0,0,
09/21/2026,10:59:45:175,0.000000,0.000000,2,-105.96,-105.96,0,0,
09/21/2026,10:59:45:226,0.000000,0.000000,3,-74.42,-74.42,0,0,
09/21/2026,10:59:45:278,0.000000,0.000000,4,-113.51,-113.51,0,0,
09/21/2026,10:59:45:451,0.000000,0.000000,1,-107.74,-107.74,0,0,
09/21/2026,10:59:45:542,0.000000,0.000000,2,-106.8,-106.8,0,0,
09/21/2026,10:59:45:574,0.000000,0.000000,3,-72.74,-72.74,0,0,
09/21/2026,10:59:45:628,0.000000,0.000000,4,-113.93,-113.93,0,0,
09/21/2026,10:59:45:800,0.000000,0.000000,1,-109.09,-109.09,0,0,
09/21/2026,10:59:45:868,0.000000,0.000000,2,-107.44,-107.44,0,0,
09/21/2026,10:59:45:925,0.000000,0.000000,3,-76.68,-76.68,0,0,
09/21/2026,10:59:45:975,0.000000,0.000000,4,-112.86,-112.86,0,0,
09/21/2026,10:59:46:147,0.000000,0.000000,1,-111.77,-111.77,0,0,
09/21/2026,10:59:46:217,0.000000,0.000000,2,-107.62,-107.62,0,0,
09/21/2026,10:59:46:267,0.000000,0.000000,3,-77.04,-77.04,0,0,
09/21/2026,10:59:46:322,0.000000,0.000000,4,-113.17,-113.17,0,0,
09/21/2026,10:59:46:519,0.000000,0.000000,1,-110.89,-110.89,0,0,
09/21/2026,10:59:46:586,0.000000,0.000000,2,-105.66,-105.66,0,0,
09/21/2026,10:59:46:661,0.000000,0.000000,3,-74.22,-74.22,0,0,
09/21/2026,10:59:46:669,0.000000,0.000000,4,-111.17,-111.17,0,0,
09/21/2026,10:59:46:839,0.000000,0.000000,1,-111.63,-111.63,0,0,
09/21/2026,10:59:46:911,0.000000,0.000000,2,-106.68,-106.68,0,0,
09/21/2026,10:59:46:964,0.000000,0.000000,3,-75.07,-75.07,0,0,
09/21/2026,10:59:47:013,0.000000,0.000000,4,-112.32,-112.32,0,0,
09/21/2026,10:59:47:189,0.000000,0.000000,1,-113.19,-113.19,0,0,
09/21/2026,10:59:47:258,0.000000,0.000000,2,-108.68,-108.68,0,0,
09/21/2026,10:59:47:310,0.000000,0.000000,3,-75.52,-75.52,0,0,
09/21/2026,10:59:47:369,0.000000,0.000000,4,-112.78,-112.78,0,0,
09/21/2026,10:59:47:532,0.000000,0.000000,1,-111,-111,0,0,
09/21/2026,10:59:47:604,0.000000,0.000000,2,-107.76,-107.76,0,0,
09/21/2026,10:59:47:661,0.000000,0.000000,3,-74.9,-74.9,0,0,
09/21/2026,10:59:47:706,0.000000,0.000000,4,-111.94,-111.94,0,0,
09/21/2026,10:59:47:882,0.000000,0.000000,1,-111.14,-111.14,0,0,
09/21/2026,10:59:47:951,0.000000,0.000000,2,-107.55,-107.55,0,0,
09/21/2026,10:59:48:004,0.000000,0.000000,3,-76.97,-76.97,0,0,
09/21/2026,10:59:48:056,0.000000,0.000000,4,-113.01,-113.01,0,0,
09/21/2026,10:59:48:237,0.000000,0.000000,1,-111.22,-111.22,0,0,
09/21/2026,10:59:48:321,0.000000,0.000000,2,-107.81,-107.81,0,0,
09/21/2026,10:59:48:365,0.000000,0.000000,3,-77.88,-77.88,0,0,
09/21/2026,10:59:48:438,0.000000,0.000000,4,-112.66,-112.66,0,0,
09/21/2026,10:59:48:575,0.000000,0.000000,1,-112.34,-112.34,0,0,
09/21/2026,10:59:48:646,0.000000,0.000000,2,-107.21,-107.21,0,0,
09/21/2026,10:59:48:697,0.000000,0.000000,3,-76.8,-76.8,0,0,
09/21/2026,10:59:48:749,0.000000,0.000000,4,-111.81,-111.81,0,0,
09/21/2026,10:59:48:924,0.000000,0.000000,1,-108.27,-108.27,0,0,
09/21/2026,10:59:48:990,0.000000,0.000000,2,-107.61,-107.61,0,0,
09/21/2026,10:59:49:045,0.000000,0.000000,3,-77.52,-77.52,0,0,
09/21/2026,10:59:49:100,0.000000,0.000000,4,-112.34,-112.34,0,0,
09/21/2026,10:59:49:268,0.000000,0.000000,1,-111.41,-111.41,0,0,
09/21/2026,10:59:49:336,0.000000,0.000000,2,-109.16,-109.16,0,0,
09/21/2026,10:59:49:389,0.000000,0.000000,3,-77.07,-77.07,0,0,
09/21/2026,10:59:49:445,0.000000,0.000000,4,-111.54,-111.54,0,0,
09/21/2026,10:59:49:616,0.000000,0.000000,1,-110.64,-110.64,0,0,
09/21/2026,10:59:49:690,0.000000,0.000000,2,-107.59,-107.59,0,0,
09/21/2026,10:59:49:736,0.000000,0.000000,3,-78.66,-78.66,0,0,
09/21/2026,10:59:49:791,0.000000,0.000000,4,-111.1,-111.1,0,0,
09/21/2026,10:59:50:365,0.000000,0.000000,1,-112.76,-112.76,0,0,
09/21/2026,10:59:50:374,0.000000,0.000000,2,-107.25,-107.25,0,0,
09/21/2026,10:59:50:381,0.000000,0.000000,3,-79.49,-79.49,0,0,
09/21/2026,10:59:50:394,0.000000,0.000000,4,-112.42,-112.42,0,0,
09/21/2026,10:59:50:424,0.000000,0.000000,1,-110.37,-110.37,0,0,
09/21/2026,10:59:50:444,0.000000,0.000000,2,-107.22,-107.22,0,0,
09/21/2026,10:59:50:453,0.000000,0.000000,3,-75.45,-75.45,0,0,
09/21/2026,10:59:50:483,0.000000,0.000000,4,-113.37,-113.37,0,0,
09/21/2026,10:59:50:658,0.000000,0.000000,1,-110.35,-110.35,0,0,
09/21/2026,10:59:50:723,0.000000,0.000000,2,-107.73,-107.73,0,0,
09/21/2026,10:59:50:777,0.000000,0.000000,3,-80.8,-80.8,0,0,
09/21/2026,10:59:50:831,0.000000,0.000000,4,-111.41,-111.41,0,0,
09/21/2026,10:59:51:001,0.000000,0.000000,1,-109.98,-109.98,0,0,
09/21/2026,10:59:51:075,0.000000,0.000000,2,-106.52,-106.52,0,0,
09/21/2026,10:59:51:133,0.000000,0.000000,3,-77.88,-77.88,0,0,
09/21/2026,10:59:51:176,0.000000,0.000000,4,-112.01,-112.01,0,0,
09/21/2026,10:59:51:348,0.000000,0.000000,1,-110.23,-110.23,0,0,
09/21/2026,10:59:51:419,0.000000,0.000000,2,-108.07,-108.07,0,0,
09/21/2026,10:59:51:473,0.000000,0.000000,3,-80.57,-80.57,0,0,
09/21/2026,10:59:51:523,0.000000,0.000000,4,-112.46,-112.46,0,0,
09/21/2026,10:59:51:697,0.000000,0.000000,1,-109.61,-109.61,0,0,
09/21/2026,10:59:51:823,0.000000,0.000000,2,-107.16,-107.16,0,0,
09/21/2026,10:59:51:826,0.000000,0.000000,3,-83.56,-83.56,0,0,
09/21/2026,10:59:51:901,0.000000,0.000000,4,-112.95,-112.95,0,0,
09/21/2026,10:59:52:041,0.000000,0.000000,1,-112.16,-112.16,0,0,
09/21/2026,10:59:52:126,0.000000,0.000000,2,-106.68,-106.68,0,0,
09/21/2026,10:59:52:165,0.000000,0.000000,3,-80.27,-80.27,0,0,
09/21/2026,10:59:52:218,0.000000,0.000000,4,-111.63,-111.63,0,0,
09/21/2026,10:59:52:396,0.000000,0.000000,1,-112.8,-112.8,0,0,
09/21/2026,10:59:52:460,0.000000,0.000000,2,-108.08,-108.08,0,0,
09/21/2026,10:59:52:512,0.000000,0.000000,3,-83.56,-83.56,0,0,
09/21/2026,10:59:52:567,0.000000,0.000000,4,-113.07,-113.07,0,0,
09/21/2026,10:59:52:737,0.000000,0.000000,1,-112.17,-112.17,0,0,
09/21/2026,10:59:52:807,0.000000,0.000000,2,-107.76,-107.76,0,0,
09/21/2026,10:59:52:859,0.000000,0.000000,3,-87.8,-87.8,0,0,
09/21/2026,10:59:52:911,0.000000,0.000000,4,-112.28,-112.28,0,0,
09/21/2026,10:59:53:083,0.000000,0.000000,1,-112.91,-112.91,0,0,
09/21/2026,10:59:53:152,0.000000,0.000000,2,-108.01,-108.01,0,0,
09/21/2026,10:59:53:219,0.000000,0.000000,3,-94.68,-94.68,0,0,
09/21/2026,10:59:53:261,0.000000,0.000000,4,-113.5,-113.5,0,0,
09/21/2026,10:59:53:430,0.000000,0.000000,1,-112.99,-112.99,0,0,
09/21/2026,10:59:53:499,0.000000,0.000000,2,-107.97,-107.97,0,0,
09/21/2026,10:59:53:551,0.000000,0.000000,3,-85.99,-85.99,0,0,
09/21/2026,10:59:53:613,0.000000,0.000000,4,-113.74,-113.74,0,0,
09/21/2026,10:59:53:778,0.000000,0.000000,1,-111.92,-111.92,0,0,
09/21/2026,10:59:53:860,0.000000,0.000000,2,-106.71,-106.71,0,0,
09/21/2026,10:59:53:941,0.000000,0.000000,3,-90.78,-90.78,0,0,
09/21/2026,10:59:53:951,0.000000,0.000000,4,-113.44,-113.44,0,0,
09/21/2026,10:59:54:152,0.000000,0.000000,1,-112.55,-112.55,0,0,
09/21/2026,10:59:54:194,0.000000,0.000000,2,-107.57,-107.57,0,0,
09/21/2026,10:59:54:246,0.000000,0.000000,3,-89.93,-89.93,0,0,
09/21/2026,10:59:54:299,0.000000,0.000000,4,-115.3,-115.3,0,0,
09/21/2026,10:59:54:483,0.000000,0.000000,1,-111.96,-111.96,0,0,
09/21/2026,10:59:54:540,0.000000,0.000000,2,-106.39,-106.39,0,0,
09/21/2026,10:59:54:595,0.000000,0.000000,3,-83.93,-83.93,0,0,
09/21/2026,10:59:54:647,0.000000,0.000000,4,-114.81,-114.81,0,0,
09/21/2026,10:59:54:816,0.000000,0.000000,1,-111.64,-111.64,0,0,
09/21/2026,10:59:54:888,0.000000,0.000000,2,-106.84,-106.84,0,0,
09/21/2026,10:59:54:938,0.000000,0.000000,3,-95.01,-95.01,0,0,
09/21/2026,10:59:54:994,0.000000,0.000000,4,-113.04,-113.04,0,0,
09/21/2026,10:59:55:165,0.000000,0.000000,1,-112.38,-112.38,0,0,
09/21/2026,10:59:55:234,0.000000,0.000000,2,-108.22,-108.22,0,0,
09/21/2026,10:59:55:286,0.000000,0.000000,3,-82.38,-82.38,0,0,
09/21/2026,10:59:55:340,0.000000,0.000000,4,-113.38,-113.38,0,0,
09/21/2026,10:59:55:516,0.000000,0.000000,1,-110.98,-110.98,0,0,
09/21/2026,10:59:55:584,0.000000,0.000000,2,-107.69,-107.69,0,0,
09/21/2026,10:59:55:635,0.000000,0.000000,3,-89.94,-89.94,0,0,
09/21/2026,10:59:55:685,0.000000,0.000000,4,-114.99,-114.99,0,0,
09/21/2026,10:59:55:860,0.000000,0.000000,1,-111.76,-111.76,0,0,
09/21/2026,10:59:55:974,0.000000,0.000000,2,-109.73,-109.73,0,0,
09/21/2026,10:59:55:982,0.000000,0.000000,3,-91.62,-91.62,0,0,
09/21/2026,10:59:56:050,0.000000,0.000000,4,-112.57,-112.57,0,0,
09/21/2026,10:59:56:204,0.000000,0.000000,1,-112.65,-112.65,0,0,
09/21/2026,10:59:56:272,0.000000,0.000000,2,-107.74,-107.74,0,0,
09/21/2026,10:59:56:327,0.000000,0.000000,3,-89.64,-89.64,0,0,
09/21/2026,10:59:56:380,0.000000,0.000000,4,-113.45,-113.45,0,0,
09/21/2026,10:59:56:552,0.000000,0.000000,1,-111.3,-111.3,0,0,
09/21/2026,10:59:56:629,0.000000,0.000000,2,-106.96,-106.96,0,0,
09/21/2026,10:59:56:673,0.000000,0.000000,3,-93.08,-93.08,0,0,
09/21/2026,10:59:56:730,0.000000,0.000000,4,-112.51,-112.51,0,0,
09/21/2026,10:59:56:898,0.000000,0.000000,1,-112.05,-112.05,0,0,
09/21/2026,10:59:56:968,0.000000,0.000000,2,-106.02,-106.02,0,0,
09/21/2026,10:59:57:019,0.000000,0.000000,3,-87.44,-87.44,0,0,
09/21/2026,10:59:57:074,0.000000,0.000000,4,-112.7,-112.7,0,0,
09/21/2026,10:59:57:245,0.000000,0.000000,1,-113.26,-113.26,0,0,
09/21/2026,10:59:57:315,0.000000,0.000000,2,-109.36,-109.36,0,0,
09/21/2026,10:59:57:385,0.000000,0.000000,3,-94.55,-94.55,0,0,
09/21/2026,10:59:57:459,0.000000,0.000000,4,-116.18,-116.18,0,0,
09/21/2026,10:59:57:619,0.000000,0.000000,1,-113.58,-113.58,0,0,
09/21/2026,10:59:57:660,0.000000,0.000000,2,-107.87,-107.87,0,0,
09/21/2026,10:59:57:714,0.000000,0.000000,3,-90.34,-90.34,0,0,
09/21/2026,10:59:57:766,0.000000,0.000000,4,-113.77,-113.77,0,0,
09/21/2026,10:59:57:938,0.000000,0.000000,1,-113.84,-113.84,0,0,
09/21/2026,10:59:58:014,0.000000,0.000000,2,-107.91,-107.91,0,0,
09/21/2026,10:59:58:063,0.000000,0.000000,3,-94.08,-94.08,0,0,
09/21/2026,10:59:58:114,0.000000,0.000000,4,-113.44,-113.44,0,0,
09/21/2026,10:59:58:285,0.000000,0.000000,1,-111.36,-111.36,0,0,
09/21/2026,10:59:58:354,0.000000,0.000000,2,-108.28,-108.28,0,0,
09/21/2026,10:59:58:409,0.000000,0.000000,3,-86.87,-86.87,0,0,
09/21/2026,10:59:58:464,0.000000,0.000000,4,-113.09,-113.09,0,0,
09/21/2026,10:59:58:631,0.000000,0.000000,1,-113.45,-113.45,0,0,
09/21/2026,10:59:58:703,0.000000,0.000000,2,-107.28,-107.28,0,0,
09/21/2026,10:59:58:755,0.000000,0.000000,3,-92.74,-92.74,0,0,
09/21/2026,10:59:58:816,0.000000,0.000000,4,-113.58,-113.58,0,0,
09/21/2026,10:59:58:979,0.000000,0.000000,1,-111.99,-111.99,0,0,
09/21/2026,10:59:59:049,0.000000,0.000000,2,-107.74,-107.74,0,0,
09/21/2026,10:59:59:108,0.000000,0.000000,3,-99.3,-99.3,0,0,
09/21/2026,10:59:59:157,0.000000,0.000000,4,-113.44,-113.44,0,0,
09/21/2026,10:59:59:327,0.000000,0.000000,1,-111.95,-111.95,0,0,
09/21/2026,10:59:59:434,0.000000,0.000000,2,-107.83,-107.83,0,0,
09/21/2026,10:59:59:503,0.000000,0.000000,3,-89.43,-89.43,0,0,
09/21/2026,10:59:59:517,0.000000,0.000000,4,-113.65,-113.65,0,0,
09/21/2026,10:59:59:692,0.000000,0.000000,1,-111.61,-111.61,0,0,
09/21/2026,10:59:59:753,0.000000,0.000000,2,-108.13,-108.13,0,0,
09/21/2026,10:59:59:796,0.000000,0.000000,3,-93.17,-93.17,0,0,
09/21/2026,10:59:59:847,0.000000,0.000000,4,-114.87,-114.87,0,0,
09/21/2026,11:00:00:021,0.000000,0.000000,1,-113.66,-113.66,0,0,
09/21/2026,11:00:00:099,0.000000,0.000000,2,-107.77,-107.77,0,0,
09/21/2026,11:00:00:148,0.000000,0.000000,3,-93.49,-93.49,0,0,
09/21/2026,11:00:00:196,0.000000,0.000000,4,-115.01,-115.01,0,0,
09/21/2026,11:00:00:367,0.000000,0.000000,1,-112.54,-112.54,0,0,
09/21/2026,11:00:00:440,0.000000,0.000000,2,-109.52,-109.52,0,0,
09/21/2026,11:00:00:489,0.000000,0.000000,3,-88.78,-88.78,0,0,
09/21/2026,11:00:00:542,0.000000,0.000000,4,-114.06,-114.06,0,0,
09/21/2026,11:00:00:717,0.000000,0.000000,1,-111.64,-111.64,0,0,
09/21/2026,11:00:00:782,0.000000,0.000000,2,-107.93,-107.93,0,0,
09/21/2026,11:00:00:837,0.000000,0.000000,3,-98.94,-98.94,0,0,
09/21/2026,11:00:00:899,0.000000,0.000000,4,-114.8,-114.8,0,0,
09/21/2026,11:00:01:061,0.000000,0.000000,1,-113.61,-113.61,0,0,
09/21/2026,11:00:01:130,0.000000,0.000000,2,-108.37,-108.37,0,0,
09/21/2026,11:00:01:181,0.000000,0.000000,3,-95.79,-95.79,0,0,
09/21/2026,11:00:01:235,0.000000,0.000000,4,-113.78,-113.78,0,0,
09/21/2026,11:00:01:433,0.000000,0.000000,1,-114.51,-114.51,0,0,
09/21/2026,11:00:01:484,0.000000,0.000000,2,-108.2,-108.2,0,0,
09/21/2026,11:00:01:546,0.000000,0.000000,3,-99.55,-99.55,0,0,
09/21/2026,11:00:01:596,0.000000,0.000000,4,-113.03,-113.03,0,0,
09/21/2026,11:00:01:758,0.000000,0.000000,1,-112.58,-112.58,0,0,
09/21/2026,11:00:01:827,0.000000,0.000000,2,-107.43,-107.43,0,0,
09/21/2026,11:00:01:877,0.000000,0.000000,3,-99.47,-99.47,0,0,
09/21/2026,11:00:01:929,0.000000,0.000000,4,-113.75,-113.75,0,0,
09/21/2026,11:00:02:099,0.000000,0.000000,1,-113.71,-113.71,0,0,
09/21/2026,11:00:02:179,0.000000,0.000000,2,-107.22,-107.22,0,0,
09/21/2026,11:00:02:224,0.000000,0.000000,3,-95.39,-95.39,0,0,
09/21/2026,11:00:02:276,0.000000,0.000000,4,-113.47,-113.47,0,0,
09/21/2026,11:00:02:447,0.000000,0.000000,1,-111.28,-111.28,0,0,
09/21/2026,11:00:02:518,0.000000,0.000000,2,-108.04,-108.04,0,0,
09/21/2026,11:00:02:572,0.000000,0.000000,3,-94.42,-94.42,0,0,
09/21/2026,11:00:02:627,0.000000,0.000000,4,-113.44,-113.44,0,0,
09/21/2026,11:00:02:801,0.000000,0.000000,1,-113.26,-113.26,0,0,
09/21/2026,11:00:02:865,0.000000,0.000000,2,-107.81,-107.81,0,0,
09/21/2026,11:00:02:921,0.000000,0.000000,3,-94.69,-94.69,0,0,
09/21/2026,11:00:02:984,0.000000,0.000000,4,-114.7,-114.7,0,0,
09/21/2026,11:00:03:195,0.000000,0.000000,1,-113.58,-113.58,0,0,
09/21/2026,11:00:03:212,0.000000,0.000000,2,-108.76,-108.76,0,0,
09/21/2026,11:00:03:271,0.000000,0.000000,3,-88.43,-88.43,0,0,
09/21/2026,11:00:03:315,0.000000,0.000000,4,-113.49,-113.49,0,0,
09/21/2026,11:00:03:489,0.000000,0.000000,1,-114.39,-114.39,0,0,
09/21/2026,11:00:03:558,0.000000,0.000000,2,-107.45,-107.45,0,0,
09/21/2026,11:00:03:611,0.000000,0.000000,3,-94.02,-94.02,0,0,
09/21/2026,11:00:03:664,0.000000,0.000000,4,-114.41,-114.41,0,0,
09/21/2026,11:00:03:837,0.000000,0.000000,1,-112.81,-112.81,0,0,
09/21/2026,11:00:03:904,0.000000,0.000000,2,-110.16,-110.16,0,0,
09/21/2026,11:00:03:959,0.000000,0.000000,3,-92.15,-92.15,0,0,
09/21/2026,11:00:04:017,0.000000,0.000000,4,-114.22,-114.22,0,0,
09/21/2026,11:00:04:181,0.000000,0.000000,1,-112.4,-112.4,0,0,
09/21/2026,11:00:04:249,0.000000,0.000000,2,-108.65,-108.65,0,0,
09/21/2026,11:00:04:303,0.000000,0.000000,3,-86.88,-86.88,0,0,
09/21/2026,11:00:04:359,0.000000,0.000000,4,-113.03,-113.03,0,0,
09/21/2026,11:00:04:529,0.000000,0.000000,1,-112.64,-112.64,0,0,
09/21/2026,11:00:04:598,0.000000,0.000000,2,-107.33,-107.33,0,0,
09/21/2026,11:00:04:649,0.000000,0.000000,3,-86.24,-86.24,0,0,
09/21/2026,11:00:04:704,0.000000,0.000000,4,-114.56,-114.56,0,0,
09/21/2026,11:00:04:876,0.000000,0.000000,1,-113.57,-113.57,0,0,
09/21/2026,11:00:04:946,0.000000,0.000000,2,-109.17,-109.17,0,0,
09/21/2026,11:00:05:045,0.000000,0.000000,3,-99.51,-99.51,0,0,
09/21/2026,11:00:05:057,0.000000,0.000000,4,-115.61,-115.61,0,0,
09/21/2026,11:00:05:221,0.000000,0.000000,1,-113.71,-113.71,0,0,
09/21/2026,11:00:05:295,0.000000,0.000000,2,-107.66,-107.66,0,0,
09/21/2026,11:00:05:344,0.000000,0.000000,3,-93.53,-93.53,0,0,
09/21/2026,11:00:05:398,0.000000,0.000000,4,-114.65,-114.65,0,0,
09/21/2026,11:00:05:911,0.000000,0.000000,1,-113.08,-113.08,0,0,
09/21/2026,11:00:05:921,0.000000,0.000000,2,-107.94,-107.94,0,0,
09/21/2026,11:00:05:930,0.000000,0.000000,3,-92.63,-92.63,0,0,
09/21/2026,11:00:05:938,0.000000,0.000000,4,-115.48,-115.48,0,0,
09/21/2026,11:00:05:964,0.000000,0.000000,1,-113.71,-113.71,0,0,
09/21/2026,11:00:05:987,0.000000,0.000000,2,-110.03,-110.03,0,0,
09/21/2026,11:00:06:039,0.000000,0.000000,3,-91.68,-91.68,0,0,
09/21/2026,11:00:06:090,0.000000,0.000000,4,-113.31,-113.31,0,0,
09/21/2026,11:00:06:264,0.000000,0.000000,1,-112.08,-112.08,0,0,
09/21/2026,11:00:06:332,0.000000,0.000000,2,-109,-109,0,0,
09/21/2026,11:00:06:386,0.000000,0.000000,3,-87.91,-87.91,0,0,
09/21/2026,11:00:06:438,0.000000,0.000000,4,-114.64,-114.64,0,0,
09/21/2026,11:00:06:611,0.000000,0.000000,1,-113.28,-113.28,0,0,
09/21/2026,11:00:06:735,0.000000,0.000000,2,-109.47,-109.47,0,0,
09/21/2026,11:00:06:739,0.000000,0.000000,3,-93.25,-93.25,0,0,
09/21/2026,11:00:06:792,0.000000,0.000000,4,-115.52,-115.52,0,0,
09/21/2026,11:00:06:956,0.000000,0.000000,1,-112.74,-112.74,0,0,
09/21/2026,11:00:07:027,0.000000,0.000000,2,-109.63,-109.63,0,0,
09/21/2026,11:00:07:077,0.000000,0.000000,3,-93.02,-93.02,0,0,
09/21/2026,11:00:07:134,0.000000,0.000000,4,-113.17,-113.17,0,0,
09/21/2026,11:00:07:304,0.000000,0.000000,1,-115.43,-115.43,0,0,
09/21/2026,11:00:07:374,0.000000,0.000000,2,-108.02,-108.02,0,0,
09/21/2026,11:00:07:426,0.000000,0.000000,3,-92.67,-92.67,0,0,
09/21/2026,11:00:07:478,0.000000,0.000000,4,-114.91,-114.91,0,0,
09/21/2026,11:00:07:649,0.000000,0.000000,1,-113.54,-113.54,0,0,
09/21/2026,11:00:07:721,0.000000,0.000000,2,-108.7,-108.7,0,0,
09/21/2026,11:00:07:773,0.000000,0.000000,3,-99.88,-99.88,0,0,
09/21/2026,11:00:07:825,0.000000,0.000000,4,-115.26,-115.26,0,0,
09/21/2026,11:00:07:998,0.000000,0.000000,1,-113.33,-113.33,0,0,
09/21/2026,11:00:08:068,0.000000,0.000000,2,-109.22,-109.22,0,0,
09/21/2026,11:00:08:119,0.000000,0.000000,3,-96.35,-96.35,0,0,
09/21/2026,11:00:08:173,0.000000,0.000000,4,-115.54,-115.54,0,0,
09/21/2026,11:00:08:345,0.000000,0.000000,1,-114.82,-114.82,0,0,
09/21/2026,11:00:08:414,0.000000,0.000000,2,-109.55,-109.55,0,0,
09/21/2026,11:00:08:465,0.000000,0.000000,3,-100.27,-100.27,0,0,
09/21/2026,11:00:08:518,0.000000,0.000000,4,-114.82,-114.82,0,0,
09/21/2026,11:00:08:687,0.000000,0.000000,1,-115.49,-115.49,0,0,
09/21/2026,11:00:08:758,0.000000,0.000000,2,-108.34,-108.34,0,0,
09/21/2026,11:00:08:839,0.000000,0.000000,3,-93.24,-93.24,0,0,
09/21/2026,11:00:08:887,0.000000,0.000000,4,-115.38,-115.38,0,0,
09/21/2026,11:00:09:037,0.000000,0.000000,1,-111.5,-111.5,0,0,
09/21/2026,11:00:09:107,0.000000,0.000000,2,-108.87,-108.87,0,0,
09/21/2026,11:00:09:159,0.000000,0.000000,3,-87.5,-87.5,0,0,
09/21/2026,11:00:09:212,0.000000,0.000000,4,-113.8,-113.8,0,0,
09/21/2026,11:00:09:383,0.000000,0.000000,1,-112.43,-112.43,0,0,
09/21/2026,11:00:09:453,0.000000,0.000000,2,-108.18,-108.18,0,0,
09/21/2026,11:00:09:518,0.000000,0.000000,3,-95.31,-95.31,0,0,
09/21/2026,11:00:09:561,0.000000,0.000000,4,-114.96,-114.96,0,0,
09/21/2026,11:00:09:730,0.000000,0.000000,1,-112.63,-112.63,0,0,
09/21/2026,11:00:09:802,0.000000,0.000000,2,-107.44,-107.44,0,0,
09/21/2026,11:00:09:857,0.000000,0.000000,3,-90.34,-90.34,0,0,
09/21/2026,11:00:09:908,0.000000,0.000000,4,-113.36,-113.36,0,0,
09/21/2026,11:00:10:077,0.000000,0.000000,1,-112.88,-112.88,0,0,
09/21/2026,11:00:10:147,0.000000,0.000000,2,-106.88,-106.88,0,0,
09/21/2026,11:00:10:199,0.000000,0.000000,3,-83.79,-83.79,0,0,
09/21/2026,11:00:10:255,0.000000,0.000000,4,-114.6,-114.6,0,0,
09/21/2026,11:00:10:425,0.000000,0.000000,1,-114.16,-114.16,0,0,
09/21/2026,11:00:10:551,0.000000,0.000000,2,-110.41,-110.41,0,0,
09/21/2026,11:00:10:556,0.000000,0.000000,3,-93.4,-93.4,0,0,
09/21/2026,11:00:10:631,0.000000,0.000000,4,-115.45,-115.45,0,0,
09/21/2026,11:00:10:774,0.000000,0.000000,1,-113.19,-113.19,0,0,
09/21/2026,11:00:10:844,0.000000,0.000000,2,-107.09,-107.09,0,0,
09/21/2026,11:00:10:894,0.000000,0.000000,3,-98.14,-98.14,0,0,
09/21/2026,11:00:11:364,0.000000,0.000000,4,-112.47,-112.47,0,0,
09/21/2026,11:00:11:388,0.000000,0.000000,1,-112.29,-112.29,0,0,
09/21/2026,11:00:11:401,0.000000,0.000000,2,-107,-107,0,0,
09/21/2026,11:00:11:410,0.000000,0.000000,3,-88.67,-88.67,0,0,
09/21/2026,11:00:11:425,0.000000,0.000000,4,-114.34,-114.34,0,0,
09/21/2026,11:00:11:464,0.000000,0.000000,1,-112.09,-112.09,0,0,
09/21/2026,11:00:11:536,0.000000,0.000000,2,-108.86,-108.86,0,0,
09/21/2026,11:00:11:587,0.000000,0.000000,3,-92.03,-92.03,0,0,
09/21/2026,11:00:11:639,0.000000,0.000000,4,-113.88,-113.88,0,0,
09/21/2026,11:00:11:811,0.000000,0.000000,1,-111.52,-111.52,0,0,
09/21/2026,11:00:11:887,0.000000,0.000000,2,-107.37,-107.37,0,0,
09/21/2026,11:00:11:935,0.000000,0.000000,3,-89.57,-89.57,0,0,
09/21/2026,11:00:11:986,0.000000,0.000000,4,-113.17,-113.17,0,0,
09/21/2026,11:00:12:164,0.000000,0.000000,1,-114.38,-114.38,0,0,
09/21/2026,11:00:12:232,0.000000,0.000000,2,-108.11,-108.11,0,0,
09/21/2026,11:00:12:285,0.000000,0.000000,3,-93.11,-93.11,0,0,
09/21/2026,11:00:12:378,0.000000,0.000000,4,-114.36,-114.36,0,0,
09/21/2026,11:00:12:533,0.000000,0.000000,1,-114.33,-114.33,0,0,
09/21/2026,11:00:12:579,0.000000,0.000000,2,-107.99,-107.99,0,0,
09/21/2026,11:00:12:644,0.000000,0.000000,3,-85.71,-85.71,0,0,
09/21/2026,11:00:12:680,0.000000,0.000000,4,-112.82,-112.82,0,0,
09/21/2026,11:00:12:852,0.000000,0.000000,1,-110.93,-110.93,0,0,
09/21/2026,11:00:12:924,0.000000,0.000000,2,-109.03,-109.03,0,0,
09/21/2026,11:00:12:984,0.000000,0.000000,3,-85.51,-85.51,0,0,
09/21/2026,11:00:13:051,0.000000,0.000000,4,-114.02,-114.02,0,0,
09/21/2026,11:00:13:200,0.000000,0.000000,1,-113.84,-113.84,0,0,
09/21/2026,11:00:13:270,0.000000,0.000000,2,-109.69,-109.69,0,0,
09/21/2026,11:00:13:323,0.000000,0.000000,3,-85.2,-85.2,0,0,
09/21/2026,11:00:13:373,0.000000,0.000000,4,-117.29,-117.29,0,0,
09/21/2026,11:00:13:545,0.000000,0.000000,1,-112.82,-112.82,0,0,
09/21/2026,11:00:13:617,0.000000,0.000000,2,-109.4,-109.4,0,0,
09/21/2026,11:00:13:666,0.000000,0.000000,3,-85.03,-85.03,0,0,
09/21/2026,11:00:13:725,0.000000,0.000000,4,-114.03,-114.03,0,0,
09/21/2026,11:00:13:894,0.000000,0.000000,1,-116.26,-116.26,0,0,
09/21/2026,11:00:13:964,0.000000,0.000000,2,-110.2,-110.2,0,0,
09/21/2026,11:00:14:017,0.000000,0.000000,3,-87.77,-87.77,0,0,
09/21/2026,11:00:14:069,0.000000,0.000000,4,-114.96,-114.96,0,0,
09/21/2026,11:00:14:248,0.000000,0.000000,1,-114.12,-114.12,0,0,
09/21/2026,11:00:14:324,0.000000,0.000000,2,-108.96,-108.96,0,0,
09/21/2026,11:00:14:397,0.000000,0.000000,3,-83.57,-83.57,0,0,
09/21/2026,11:00:14:444,0.000000,0.000000,4,-114.76,-114.76,0,0,
09/21/2026,11:00:14:586,0.000000,0.000000,1,-115.53,-115.53,0,0,
09/21/2026,11:00:14:655,0.000000,0.000000,2,-109.07,-109.07,0,0,
09/21/2026,11:00:14:711,0.000000,0.000000,3,-80.64,-80.64,0,0,
09/21/2026,11:00:14:765,0.000000,0.000000,4,-112.09,-112.09,0,0,
09/21/2026,11:00:14:933,0.000000,0.000000,1,-113.97,-113.97,0,0,
09/21/2026,11:00:15:005,0.000000,0.000000,2,-108.51,-108.51,0,0,
09/21/2026,11:00:15:056,0.000000,0.000000,3,-78.55,-78.55,0,0,
09/21/2026,11:00:15:109,0.000000,0.000000,4,-115.18,-115.18,0,0,
09/21/2026,11:00:15:281,0.000000,0.000000,1,-115.13,-115.13,0,0,
09/21/2026,11:00:15:349,0.000000,0.000000,2,-108.45,-108.45,0,0,
09/21/2026,11:00:15:405,0.000000,0.000000,3,-73.27,-73.27,0,0,
09/21/2026,11:00:15:472,0.000000,0.000000,4,-112.37,-112.37,0,0,
09/21/2026,11:00:15:629,0.000000,0.000000,1,-113.63,-113.63,0,0,
09/21/2026,11:00:15:702,0.000000,0.000000,2,-107.62,-107.62,0,0,
09/21/2026,11:00:15:751,0.000000,0.000000,3,-77.13,-77.13,0,0,
09/21/2026,11:00:15:802,0.000000,0.000000,4,-112.47,-112.47,0,0,
09/21/2026,11:00:15:975,0.000000,0.000000,1,-112.72,-112.72,0,0,
09/21/2026,11:00:16:071,0.000000,0.000000,2,-106.52,-106.52,0,0,
09/21/2026,11:00:16:142,0.000000,0.000000,3,-73.53,-73.53,0,0,
09/21/2026,11:00:16:156,0.000000,0.000000,4,-111.6,-111.6,0,0,
09/21/2026,11:00:16:359,0.000000,0.000000,1,-109.69,-109.69,0,0,
09/21/2026,11:00:16:416,0.000000,0.000000,2,-108.13,-108.13,0,0,
09/21/2026,11:00:16:824,0.000000,0.000000,3,-71.92,-71.92,0,0,
09/21/2026,11:00:16:837,0.000000,0.000000,4,-113.74,-113.74,0,0,
09/21/2026,11:00:16:879,0.000000,0.000000,1,-112.44,-112.44,0,0,
09/21/2026,11:00:16:897,0.000000,0.000000,2,-108.83,-108.83,0,0,
09/21/2026,11:00:16:908,0.000000,0.000000,3,-85.19,-85.19,0,0,
09/21/2026,11:00:16:923,0.000000,0.000000,4,-114.73,-114.73,0,0,
09/21/2026,11:00:17:021,0.000000,0.000000,1,-112.5,-112.5,0,0,
09/21/2026,11:00:17:090,0.000000,0.000000,2,-108.61,-108.61,0,0,
09/21/2026,11:00:17:138,0.000000,0.000000,3,-89.31,-89.31,0,0,
09/21/2026,11:00:17:190,0.000000,0.000000,4,-114.82,-114.82,0,0,
09/21/2026,11:00:17:379,0.000000,0.000000,1,-112.71,-112.71,0,0,
09/21/2026,11:00:17:434,0.000000,0.000000,2,-109.82,-109.82,0,0,
09/21/2026,11:00:17:493,0.000000,0.000000,3,-80.76,-80.76,0,0,
09/21/2026,11:00:17:556,0.000000,0.000000,4,-112.65,-112.65,0,0,
09/21/2026,11:00:17:714,0.000000,0.000000,1,-110.85,-110.85,0,0,
09/21/2026,11:00:17:779,0.000000,0.000000,2,-107.97,-107.97,0,0,
09/21/2026,11:00:17:833,0.000000,0.000000,3,-84.87,-84.87,0,0,
09/21/2026,11:00:17:888,0.000000,0.000000,4,-114.52,-114.52,0,0,
09/21/2026,11:00:18:056,0.000000,0.000000,1,-112.31,-112.31,0,0,
09/21/2026,11:00:18:130,0.000000,0.000000,2,-108.89,-108.89,0,0,
09/21/2026,11:00:18:200,0.000000,0.000000,3,-78.79,-78.79,0,0,
09/21/2026,11:00:18:271,0.000000,0.000000,4,-113.95,-113.95,0,0,
09/21/2026,11:00:18:401,0.000000,0.000000,1,-113.8,-113.8,0,0,
09/21/2026,11:00:18:473,0.000000,0.000000,2,-108.04,-108.04,0,0,
09/21/2026,11:00:18:527,0.000000,0.000000,3,-103.11,-103.11,0,0,
09/21/2026,11:00:18:578,0.000000,0.000000,4,-113.93,-113.93,0,0,
09/21/2026,11:00:18:751,0.000000,0.000000,1,-111.96,-111.96,0,0,
09/21/2026,11:00:18:819,0.000000,0.000000,2,-108.36,-108.36,0,0,
09/21/2026,11:00:18:873,0.000000,0.000000,3,-79.04,-79.04,0,0,
09/21/2026,11:00:18:926,0.000000,0.000000,4,-114.74,-114.74,0,0,
09/21/2026,11:00:19:097,0.000000,0.000000,1,-113.01,-113.01,0,0,
09/21/2026,11:00:19:165,0.000000,0.000000,2,-109.53,-109.53,0,0,
09/21/2026,11:00:19:221,0.000000,0.000000,3,-74.77,-74.77,0,0,
09/21/2026,11:00:19:294,0.000000,0.000000,4,-114.54,-114.54,0,0,
09/21/2026,11:00:19:449,0.000000,0.000000,1,-114.35,-114.35,0,0,
09/21/2026,11:00:19:519,0.000000,0.000000,2,-108.03,-108.03,0,0,
09/21/2026,11:00:19:568,0.000000,0.000000,3,-72.97,-72.97,0,0,
09/21/2026,11:00:19:619,0.000000,0.000000,4,-116.21,-116.21,0,0,
09/21/2026,11:00:19:794,0.000000,0.000000,1,-113.87,-113.87,0,0,
09/21/2026,11:00:19:878,0.000000,0.000000,2,-107.14,-107.14,0,0,
09/21/2026,11:00:20:028,0.000000,0.000000,3,-87.87,-87.87,0,0,
09/21/2026,11:00:20:038,0.000000,0.000000,4,-114.34,-114.34,0,0,
09/21/2026,11:00:20:139,0.000000,0.000000,1,-113.07,-113.07,0,0,
09/21/2026,11:00:20:207,0.000000,0.000000,2,-107.64,-107.64,0,0,
09/21/2026,11:00:20:259,0.000000,0.000000,3,-82.91,-82.91,0,0,
09/21/2026,11:00:20:318,0.000000,0.000000,4,-114.39,-114.39,0,0,
09/21/2026,11:00:20:489,0.000000,0.000000,1,-112.96,-112.96,0,0,
09/21/2026,11:00:20:553,0.000000,0.000000,2,-106.69,-106.69,0,0,
09/21/2026,11:00:20:608,0.000000,0.000000,3,-80.09,-80.09,0,0,
09/21/2026,11:00:20:661,0.000000,0.000000,4,-114.43,-114.43,0,0,
09/21/2026,11:00:20:830,0.000000,0.000000,1,-114.24,-114.24,0,0,
09/21/2026,11:00:20:901,0.000000,0.000000,2,-106.63,-106.63,0,0,
09/21/2026,11:00:20:955,0.000000,0.000000,3,-76.08,-76.08,0,0,
09/21/2026,11:00:21:011,0.000000,0.000000,4,-116.95,-116.95,0,0,
09/21/2026,11:00:21:177,0.000000,0.000000,1,-112.29,-112.29,0,0,
09/21/2026,11:00:21:258,0.000000,0.000000,2,-106.88,-106.88,0,0,
09/21/2026,11:00:21:301,0.000000,0.000000,3,-78.09,-78.09,0,0,
09/21/2026,11:00:21:363,0.000000,0.000000,4,-114.17,-114.17,0,0,
09/21/2026,11:00:21:525,0.000000,0.000000,1,-112.78,-112.78,0,0,
09/21/2026,11:00:21:596,0.000000,0.000000,2,-107.91,-107.91,0,0,
09/21/2026,11:00:21:651,0.000000,0.000000,3,-85.74,-85.74,0,0,
09/21/2026,11:00:21:714,0.000000,0.000000,4,-114.17,-114.17,0,0,
09/21/2026,11:00:21:872,0.000000,0.000000,1,-112.45,-112.45,0,0,
09/21/2026,11:00:22:289,0.000000,0.000000,2,-108.39,-108.39,0,0,
09/21/2026,11:00:22:313,0.000000,0.000000,3,-83.62,-83.62,0,0,
09/21/2026,11:00:22:324,0.000000,0.000000,4,-113.26,-113.26,0,0,
09/21/2026,11:00:22:379,0.000000,0.000000,1,-110.74,-110.74,0,0,
09/21/2026,11:00:22:408,0.000000,0.000000,2,-108.26,-108.26,0,0,
09/21/2026,11:00:22:422,0.000000,0.000000,3,-92.03,-92.03,0,0,
09/21/2026,11:00:22:436,0.000000,0.000000,4,-115.63,-115.63,0,0,
09/21/2026,11:00:22:574,0.000000,0.000000,1,-114.26,-114.26,0,0,
09/21/2026,11:00:22:660,0.000000,0.000000,2,-109.68,-109.68,0,0,
09/21/2026,11:00:22:689,0.000000,0.000000,3,-86.05,-86.05,0,0,
09/21/2026,11:00:22:754,0.000000,0.000000,4,-115,-115,0,0,
09/21/2026,11:00:22:913,0.000000,0.000000,1,-111.35,-111.35,0,0,
09/21/2026,11:00:22:991,0.000000,0.000000,2,-107.85,-107.85,0,0,
09/21/2026,11:00:23:035,0.000000,0.000000,3,-83.21,-83.21,0,0,
09/21/2026,11:00:23:092,0.000000,0.000000,4,-112.21,-112.21,0,0,
09/21/2026,11:00:23:260,0.000000,0.000000,1,-112.55,-112.55,0,0,
09/21/2026,11:00:23:346,0.000000,0.000000,2,-108.26,-108.26,0,0,
09/21/2026,11:00:23:382,0.000000,0.000000,3,-96.49,-96.49,0,0,
09/21/2026,11:00:23:442,0.000000,0.000000,4,-115.13,-115.13,0,0,
09/21/2026,11:00:23:647,0.000000,0.000000,1,-113.2,-113.2,0,0,
09/21/2026,11:00:23:737,0.000000,0.000000,2,-108.53,-108.53,0,0,
09/21/2026,11:00:23:755,0.000000,0.000000,3,-97.59,-97.59,0,0,
09/21/2026,11:00:23:805,0.000000,0.000000,4,-117.47,-117.47,0,0,
09/21/2026,11:00:23:963,0.000000,0.000000,1,-111.73,-111.73,0,0,
09/21/2026,11:00:24:022,0.000000,0.000000,2,-107.2,-107.2,0,0,
09/21/2026,11:00:24:091,0.000000,0.000000,3,-86.06,-86.06,0,0,
09/21/2026,11:00:24:127,0.000000,0.000000,4,-113.8,-113.8,0,0,
09/21/2026,11:00:24:298,0.000000,0.000000,1,-113.38,-113.38,0,0,
09/21/2026,11:00:24:376,0.000000,0.000000,2,-109.96,-109.96,0,0,
09/21/2026,11:00:24:420,0.000000,0.000000,3,-81.97,-81.97,0,0,
09/21/2026,11:00:24:496,0.000000,0.000000,4,-115.33,-115.33,0,0,
09/21/2026,11:00:24:648,0.000000,0.000000,1,-116.16,-116.16,0,0,
09/21/2026,11:00:24:719,0.000000,0.000000,2,-108.27,-108.27,0,0,
09/21/2026,11:00:24:768,0.000000,0.000000,3,-85.51,-85.51,0,0,
09/21/2026,11:00:24:822,0.000000,0.000000,4,-114.66,-114.66,0,0,
09/21/2026,11:00:25:003,0.000000,0.000000,1,-114.2,-114.2,0,0,
09/21/2026,11:00:25:070,0.000000,0.000000,2,-107.71,-107.71,0,0,
09/21/2026,11:00:25:118,0.000000,0.000000,3,-86.84,-86.84,0,0,
09/21/2026,11:00:25:167,0.000000,0.000000,4,-113.32,-113.32,0,0,
09/21/2026,11:00:25:343,0.000000,0.000000,1,-113.26,-113.26,0,0,
09/21/2026,11:00:25:409,0.000000,0.000000,2,-108.36,-108.36,0,0,
09/21/2026,11:00:25:471,0.000000,0.000000,3,-88.58,-88.58,0,0,
09/21/2026,11:00:25:518,0.000000,0.000000,4,-116.21,-116.21,0,0,
09/21/2026,11:00:25:714,0.000000,0.000000,1,-111.82,-111.82,0,0,
09/21/2026,11:00:25:812,0.000000,0.000000,2,-109.06,-109.06,0,0,
09/21/2026,11:00:25:835,0.000000,0.000000,3,-84.7,-84.7,0,0,
09/21/2026,11:00:25:877,0.000000,0.000000,4,-114.62,-114.62,0,0,
09/21/2026,11:00:26:033,0.000000,0.000000,1,-113.38,-113.38,0,0,
09/21/2026,11:00:26:110,0.000000,0.000000,2,-107.25,-107.25,0,0,
09/21/2026,11:00:26:156,0.000000,0.000000,3,-82.08,-82.08,0,0,
09/21/2026,11:00:26:216,0.000000,0.000000,4,-116,-116,0,0,
09/21/2026,11:00:26:380,0.000000,0.000000,1,-112.21,-112.21,0,0,
09/21/2026,11:00:26:455,0.000000,0.000000,2,-107.55,-107.55,0,0,
09/21/2026,11:00:26:510,0.000000,0.000000,3,-86.32,-86.32,0,0,
09/21/2026,11:00:26:558,0.000000,0.000000,4,-114.46,-114.46,0,0,
09/21/2026,11:00:26:728,0.000000,0.000000,1,-112,-112,0,0,
09/21/2026,11:00:26:799,0.000000,0.000000,2,-107.49,-107.49,0,0,
09/21/2026,11:00:26:849,0.000000,0.000000,3,-88.28,-88.28,0,0,
09/21/2026,11:00:26:902,0.000000,0.000000,4,-114.53,-114.53,0,0,
09/21/2026,11:00:27:076,0.000000,0.000000,1,-113.62,-113.62,0,0,
09/21/2026,11:00:27:145,0.000000,0.000000,2,-110.03,-110.03,0,0,
09/21/2026,11:00:27:201,0.000000,0.000000,3,-84.57,-84.57,0,0,
09/21/2026,11:00:27:254,0.000000,0.000000,4,-115.52,-115.52,0,0,
09/21/2026,11:00:27:769,0.000000,0.000000,1,-112.72,-112.72,0,0,
09/21/2026,11:00:27:814,0.000000,0.000000,2,-109.39,-109.39,0,0,
09/21/2026,11:00:27:827,0.000000,0.000000,3,-86.01,-86.01,0,0,
09/21/2026,11:00:27:844,0.000000,0.000000,4,-116.86,-116.86,0,0,
09/21/2026,11:00:27:892,0.000000,0.000000,1,-112.67,-112.67,0,0,
09/21/2026,11:00:27:914,0.000000,0.000000,2,-107.44,-107.44,0,0,
09/21/2026,11:00:27:933,0.000000,0.000000,3,-80.81,-80.81,0,0,
09/21/2026,11:00:27:949,0.000000,0.000000,4,-116.26,-116.26,0,0,
09/21/2026,11:00:28:115,0.000000,0.000000,1,-110.87,-110.87,0,0,
09/21/2026,11:00:28:186,0.000000,0.000000,2,-106.04,-106.04,0,0,
09/21/2026,11:00:28:239,0.000000,0.000000,3,-77.2,-77.2,0,0,
09/21/2026,11:00:28:291,0.000000,0.000000,4,-113.67,-113.67,0,0,
09/21/2026,11:00:28:462,0.000000,0.000000,1,-110.99,-110.99,0,0,
09/21/2026,11:00:28:537,0.000000,0.000000,2,-106.82,-106.82,0,0,
09/21/2026,11:00:28:585,0.000000,0.000000,3,-76.99,-76.99,0,0,
09/21/2026,11:00:28:638,0.000000,0.000000,4,-114.43,-114.43,0,0,
09/21/2026,11:00:28:810,0.000000,0.000000,1,-111.94,-111.94,0,0,
09/21/2026,11:00:28:892,0.000000,0.000000,2,-106.54,-106.54,0,0,
09/21/2026,11:00:28:931,0.000000,0.000000,3,-87.16,-87.16,0,0,
09/21/2026,11:00:28:986,0.000000,0.000000,4,-115.07,-115.07,0,0,
09/21/2026,11:00:29:164,0.000000,0.000000,1,-111.81,-111.81,0,0,
09/21/2026,11:00:29:249,0.000000,0.000000,2,-107.45,-107.45,0,0,
09/21/2026,11:00:29:300,0.000000,0.000000,3,-84.5,-84.5,0,0,
09/21/2026,11:00:29:376,0.000000,0.000000,4,-114.35,-114.35,0,0,
09/21/2026,11:00:29:537,0.000000,0.000000,1,-111.85,-111.85,0,0,
09/21/2026,11:00:29:574,0.000000,0.000000,2,-108.58,-108.58,0,0,
09/21/2026,11:00:29:624,0.000000,0.000000,3,-73.82,-73.82,0,0,
09/21/2026,11:00:29:678,0.000000,0.000000,4,-113.99,-113.99,0,0,
09/21/2026,11:00:29:849,0.000000,0.000000,1,-111.99,-111.99,0,0,
09/21/2026,11:00:29:919,0.000000,0.000000,2,-108.02,-108.02,0,0,
09/21/2026,11:00:29:972,0.000000,0.000000,3,-83.81,-83.81,0,0,
09/21/2026,11:00:30:025,0.000000,0.000000,4,-114.41,-114.41,0,0,
09/21/2026,11:00:30:196,0.000000,0.000000,1,-114.05,-114.05,0,0,
09/21/2026,11:00:30:267,0.000000,0.000000,2,-109.59,-109.59,0,0,
09/21/2026,11:00:30:338,0.000000,0.000000,3,-78.11,-78.11,0,0,
09/21/2026,11:00:30:370,0.000000,0.000000,4,-114.69,-114.69,0,0,
09/21/2026,11:00:30:541,0.000000,0.000000,1,-113.01,-113.01,0,0,
09/21/2026,11:00:30:613,0.000000,0.000000,2,-108.4,-108.4,0,0,
09/21/2026,11:00:30:664,0.000000,0.000000,3,-79.4,-79.4,0,0,
09/21/2026,11:00:30:719,0.000000,0.000000,4,-113.64,-113.64,0,0,
09/21/2026,11:00:30:895,0.000000,0.000000,1,-112.7,-112.7,0,0,
09/21/2026,11:00:30:980,0.000000,0.000000,2,-109.05,-109.05,0,0,
09/21/2026,11:00:31:012,0.000000,0.000000,3,-86.34,-86.34,0,0,
09/21/2026,11:00:31:069,0.000000,0.000000,4,-115.67,-115.67,0,0,
09/21/2026,11:00:31:294,0.000000,0.000000,1,-113.21,-113.21,0,0,
09/21/2026,11:00:31:312,0.000000,0.000000,2,-108.93,-108.93,0,0,
09/21/2026,11:00:31:396,0.000000,0.000000,3,-79.73,-79.73,0,0,
09/21/2026,11:00:31:417,0.000000,0.000000,4,-116.35,-116.35,0,0,
09/21/2026,11:00:31:588,0.000000,0.000000,1,-111.49,-111.49,0,0,
09/21/2026,11:00:31:651,0.000000,0.000000,2,-108.6,-108.6,0,0,
09/21/2026,11:00:31:711,0.000000,0.000000,3,-84.86,-84.86,0,0,
09/21/2026,11:00:31:759,0.000000,0.000000,4,-113.16,-113.16,0,0,
09/21/2026,11:00:31:929,0.000000,0.000000,1,-114.52,-114.52,0,0,
09/21/2026,11:00:31:999,0.000000,0.000000,2,-107.22,-107.22,0,0,
09/21/2026,11:00:32:054,0.000000,0.000000,3,-75.09,-75.09,0,0,
09/21/2026,11:00:32:111,0.000000,0.000000,4,-113.18,-113.18,0,0,
09/21/2026,11:00:32:279,0.000000,0.000000,1,-113.91,-113.91,0,0,
09/21/2026,11:00:32:347,0.000000,0.000000,2,-107.96,-107.96,0,0,
09/21/2026,11:00:32:401,0.000000,0.000000,3,-76.88,-76.88,0,0,
09/21/2026,11:00:32:458,0.000000,0.000000,4,-113.87,-113.87,0,0,
09/21/2026,11:00:32:629,0.000000,0.000000,1,-110.54,-110.54,0,0,
09/21/2026,11:00:32:695,0.000000,0.000000,2,-106.97,-106.97,0,0,
09/21/2026,11:00:32:751,0.000000,0.000000,3,-79.65,-79.65,0,0,
09/21/2026,11:00:32:798,0.000000,0.000000,4,-114.57,-114.57,0,0,
09/21/2026,11:00:33:010,0.000000,0.000000,1,-112.17,-112.17,0,0,
09/21/2026,11:00:33:086,0.000000,0.000000,2,-107.3,-107.3,0,0,
09/21/2026,11:00:33:093,0.000000,0.000000,3,-76.36,-76.36,0,0,
09/21/2026,11:00:33:168,0.000000,0.000000,4,-114.82,-114.82,0,0,
09/21/2026,11:00:33:317,0.000000,0.000000,1,-112.35,-112.35,0,0,
09/21/2026,11:00:33:389,0.000000,0.000000,2,-107.6,-107.6,0,0,
09/21/2026,11:00:33:445,0.000000,0.000000,3,-72.29,-72.29,0,0,
09/21/2026,11:00:33:492,0.000000,0.000000,4,-114.11,-114.11,0,0,
09/21/2026,11:00:33:668,0.000000,0.000000,1,-110.1,-110.1,0,0,
09/21/2026,11:00:33:736,0.000000,0.000000,2,-106.58,-106.58,0,0,
09/21/2026,11:00:33:792,0.000000,0.000000,3,-77.45,-77.45,0,0,
09/21/2026,11:00:33:840,0.000000,0.000000,4,-115,-115,0,0,
09/21/2026,11:00:34:011,0.000000,0.000000,1,-110.24,-110.24,0,0,
09/21/2026,11:00:34:083,0.000000,0.000000,2,-105.54,-105.54,0,0,
09/21/2026,11:00:34:135,0.000000,0.000000,3,-72.94,-72.94,0,0,
09/21/2026,11:00:34:186,0.000000,0.000000,4,-115.81,-115.81,0,0,
09/21/2026,11:00:34:359,0.000000,0.000000,1,-110.02,-110.02,0,0,
09/21/2026,11:00:34:440,0.000000,0.000000,2,-107.46,-107.46,0,0,
09/21/2026,11:00:34:481,0.000000,0.000000,3,-73.43,-73.43,0,0,
09/21/2026,11:00:34:533,0.000000,0.000000,4,-114.09,-114.09,0,0,
09/21/2026,11:00:34:737,0.000000,0.000000,1,-109.61,-109.61,0,0,
09/21/2026,11:00:34:778,0.000000,0.000000,2,-106.64,-106.64,0,0,
09/21/2026,11:00:34:842,0.000000,0.000000,3,-73.84,-73.84,0,0,
09/21/2026,11:00:34:921,0.000000,0.000000,4,-114.63,-114.63,0,0,
09/21/2026,11:00:35:053,0.000000,0.000000,1,-107.1,-107.1,0,0,
09/21/2026,11:00:35:120,0.000000,0.000000,2,-106.2,-106.2,0,0,
09/21/2026,11:00:35:173,0.000000,0.000000,3,-71.35,-71.35,0,0,
09/21/2026,11:00:35:232,0.000000,0.000000,4,-113.04,-113.04,0,0,
09/21/2026,11:00:35:401,0.000000,0.000000,1,-108.56,-108.56,0,0,
09/21/2026,11:00:35:469,0.000000,0.000000,2,-107.22,-107.22,0,0,
09/21/2026,11:00:35:523,0.000000,0.000000,3,-74.74,-74.74,0,0,
09/21/2026,11:00:35:574,0.000000,0.000000,4,-113.94,-113.94,0,0,
09/21/2026,11:00:35:745,0.000000,0.000000,1,-108.7,-108.7,0,0,
09/21/2026,11:00:35:815,0.000000,0.000000,2,-106.75,-106.75,0,0,
09/21/2026,11:00:35:868,0.000000,0.000000,3,-73.98,-73.98,0,0,
09/21/2026,11:00:35:935,0.000000,0.000000,4,-116.21,-116.21,0,0,
09/21/2026,11:00:36:093,0.000000,0.000000,1,-108.32,-108.32,0,0,
09/21/2026,11:00:36:167,0.000000,0.000000,2,-106.36,-106.36,0,0,
09/21/2026,11:00:36:215,0.000000,0.000000,3,-71.14,-71.14,0,0,
09/21/2026,11:00:36:267,0.000000,0.000000,4,-112.53,-112.53,0,0,
09/21/2026,11:00:36:440,0.000000,0.000000,1,-108.11,-108.11,0,0,
09/21/2026,11:00:36:565,0.000000,0.000000,2,-105.5,-105.5,0,0,
09/21/2026,11:00:36:572,0.000000,0.000000,3,-71.52,-71.52,0,0,
09/21/2026,11:00:36:649,0.000000,0.000000,4,-115.35,-115.35,0,0,
09/21/2026,11:00:36:785,0.000000,0.000000,1,-108.95,-108.95,0,0,
09/21/2026,11:00:36:865,0.000000,0.000000,2,-104.81,-104.81,0,0,
09/21/2026,11:00:36:913,0.000000,0.000000,3,-72.44,-72.44,0,0,
09/21/2026,11:00:36:961,0.000000,0.000000,4,-114.14,-114.14,0,0,
09/21/2026,11:00:37:135,0.000000,0.000000,1,-107.96,-107.96,0,0,
09/21/2026,11:00:37:212,0.000000,0.000000,2,-105.87,-105.87,0,0,
09/21/2026,11:00:37:258,0.000000,0.000000,3,-68.36,-68.36,0,0,
09/21/2026,11:00:37:309,0.000000,0.000000,4,-112.86,-112.86,0,0,
09/21/2026,11:00:37:484,0.000000,0.000000,1,-110.4,-110.4,0,0,
09/21/2026,11:00:37:551,0.000000,0.000000,2,-106.29,-106.29,0,0,
09/21/2026,11:00:37:604,0.000000,0.000000,3,-71.48,-71.48,0,0,
09/21/2026,11:00:37:655,0.000000,0.000000,4,-116.46,-116.46,0,0,
09/21/2026,11:00:38:243,0.000000,0.000000,1,-113,-113,0,0,
09/21/2026,11:00:38:263,0.000000,0.000000,2,-107.62,-107.62,0,0,
09/21/2026,11:00:38:274,0.000000,0.000000,3,-70.48,-70.48,0,0,
09/21/2026,11:00:38:294,0.000000,0.000000,4,-113.4,-113.4,0,0,
09/21/2026,11:00:38:342,0.000000,0.000000,1,-111.64,-111.64,0,0,
09/21/2026,11:00:38:358,0.000000,0.000000,2,-108.17,-108.17,0,0,
09/21/2026,11:00:38:367,0.000000,0.000000,3,-75.81,-75.81,0,0,
09/21/2026,11:00:38:386,0.000000,0.000000,4,-114.03,-114.03,0,0,
09/21/2026,11:00:38:527,0.000000,0.000000,1,-113.02,-113.02,0,0,
09/21/2026,11:00:38:652,0.000000,0.000000,2,-105.68,-105.68,0,0,
09/21/2026,11:00:38:702,0.000000,0.000000,3,-70.84,-70.84,0,0,
09/21/2026,11:00:38:711,0.000000,0.000000,4,-114.68,-114.68,0,0,
09/21/2026,11:00:38:870,0.000000,0.000000,1,-109.07,-109.07,0,0,
09/21/2026,11:00:38:939,0.000000,0.000000,2,-105.45,-105.45,0,0,
09/21/2026,11:00:38:992,0.000000,0.000000,3,-72.1,-72.1,0,0,
09/21/2026,11:00:39:041,0.000000,0.000000,4,-113.8,-113.8,0,0,
09/21/2026,11:00:39:217,0.000000,0.000000,1,-112.81,-112.81,0,0,
09/21/2026,11:00:39:295,0.000000,0.000000,2,-107.63,-107.63,0,0,
09/21/2026,11:00:39:337,0.000000,0.000000,3,-76.24,-76.24,0,0,
09/21/2026,11:00:39:390,0.000000,0.000000,4,-115.46,-115.46,0,0,
09/21/2026,11:00:39:562,0.000000,0.000000,1,-111.22,-111.22,0,0,
09/21/2026,11:00:39:637,0.000000,0.000000,2,-108.21,-108.21,0,0,
09/21/2026,11:00:39:685,0.000000,0.000000,3,-76.26,-76.26,0,0,
09/21/2026,11:00:39:736,0.000000,0.000000,4,-115.67,-115.67,0,0,
09/21/2026,11:00:39:918,0.000000,0.000000,1,-108.54,-108.54,0,0,
09/21/2026,11:00:39:979,0.000000,0.000000,2,-108.21,-108.21,0,0,
09/21/2026,11:00:40:030,0.000000,0.000000,3,-71.64,-71.64,0,0,
09/21/2026,11:00:40:082,0.000000,0.000000,4,-115.85,-115.85,0,0,
09/21/2026,11:00:40:256,0.000000,0.000000,1,-108.68,-108.68,0,0,
09/21/2026,11:00:40:331,0.000000,0.000000,2,-106.11,-106.11,0,0,
09/21/2026,11:00:40:379,0.000000,0.000000,3,-74.1,-74.1,0,0,
09/21/2026,11:00:40:443,0.000000,0.000000,4,-114.68,-114.68,0,0,
09/21/2026,11:00:40:644,0.000000,0.000000,1,-111.34,-111.34,0,0,
09/21/2026,11:00:40:700,0.000000,0.000000,2,-108.27,-108.27,0,0,
09/21/2026,11:00:40:774,0.000000,0.000000,3,-73.65,-73.65,0,0,
09/21/2026,11:00:40:789,0.000000,0.000000,4,-113.68,-113.68,0,0,
09/21/2026,11:00:40:948,0.000000,0.000000,1,-108.95,-108.95,0,0,
09/21/2026,11:00:41:018,0.000000,0.000000,2,-107.6,-107.6,0,0,
09/21/2026,11:00:41:079,0.000000,0.000000,3,-73.87,-73.87,0,0,
09/21/2026,11:00:41:125,0.000000,0.000000,4,-114.44,-114.44,0,0,
09/21/2026,11:00:41:295,0.000000,0.000000,1,-112.57,-112.57,0,0,
09/21/2026,11:00:41:365,0.000000,0.000000,2,-107.55,-107.55,0,0,
09/21/2026,11:00:41:417,0.000000,0.000000,3,-77.89,-77.89,0,0,
09/21/2026,11:00:41:474,0.000000,0.000000,4,-115.51,-115.51,0,0,
09/21/2026,11:00:41:649,0.000000,0.000000,1,-110.26,-110.26,0,0,
09/21/2026,11:00:41:712,0.000000,0.000000,2,-108.04,-108.04,0,0,
09/21/2026,11:00:41:768,0.000000,0.000000,3,-84.76,-84.76,0,0,
09/21/2026,11:00:41:819,0.000000,0.000000,4,-113.03,-113.03,0,0,
09/21/2026,11:00:41:990,0.000000,0.000000,1,-112.4,-112.4,0,0,
09/21/2026,11:00:42:060,0.000000,0.000000,2,-108.85,-108.85,0,0,
09/21/2026,11:00:42:112,0.000000,0.000000,3,-76.9,-76.9,0,0,
09/21/2026,11:00:42:165,0.000000,0.000000,4,-114.06,-114.06,0,0,
09/21/2026,11:00:42:366,0.000000,0.000000,1,-111.12,-111.12,0,0,
09/21/2026,11:00:42:420,0.000000,0.000000,2,-107.83,-107.83,0,0,
09/21/2026,11:00:42:507,0.000000,0.000000,3,-80.89,-80.89,0,0,
09/21/2026,11:00:42:522,0.000000,0.000000,4,-117.15,-117.15,0,0,
09/21/2026,11:00:42:683,0.000000,0.000000,1,-110.37,-110.37,0,0,
09/21/2026,11:00:42:752,0.000000,0.000000,2,-107.66,-107.66,0,0,
09/21/2026,11:00:42:807,0.000000,0.000000,3,-84.98,-84.98,0,0,
09/21/2026,11:00:42:860,0.000000,0.000000,4,-115.94,-115.94,0,0,
09/21/2026,11:00:43:030,0.000000,0.000000,1,-109.39,-109.39,0,0,
09/21/2026,11:00:43:101,0.000000,0.000000,2,-108.14,-108.14,0,0,
09/21/2026,11:00:43:153,0.000000,0.000000,3,-77.78,-77.78,0,0,
09/21/2026,11:00:43:205,0.000000,0.000000,4,-114.28,-114.28,0,0,
09/21/2026,11:00:43:377,0.000000,0.000000,1,-110.79,-110.79,0,0,
09/21/2026,11:00:43:448,0.000000,0.000000,2,-109.27,-109.27,0,0,
09/21/2026,11:00:43:499,0.000000,0.000000,3,-78.98,-78.98,0,0,
09/21/2026,11:00:43:553,0.000000,0.000000,4,-115.29,-115.29,0,0,
09/21/2026,11:00:43:731,0.000000,0.000000,1,-110.42,-110.42,0,0,
09/21/2026,11:00:43:803,0.000000,0.000000,2,-107.28,-107.28,0,0,
09/21/2026,11:00:43:846,0.000000,0.000000,3,-84.92,-84.92,0,0,
09/21/2026,11:00:43:937,0.000000,0.000000,4,-112.63,-112.63,0,0,
09/21/2026,11:00:44:101,0.000000,0.000000,1,-110.83,-110.83,0,0,
09/21/2026,11:00:44:146,0.000000,0.000000,2,-107.62,-107.62,0,0,
09/21/2026,11:00:44:205,0.000000,0.000000,3,-74.59,-74.59,0,0,
09/21/2026,11:00:44:251,0.000000,0.000000,4,-114.25,-114.25,0,0,
09/21/2026,11:00:44:417,0.000000,0.000000,1,-111.19,-111.19,0,0,
09/21/2026,11:00:44:487,0.000000,0.000000,2,-107.46,-107.46,0,0,
09/21/2026,11:00:44:548,0.000000,0.000000,3,-85.25,-85.25,0,0,
09/21/2026,11:00:44:593,0.000000,0.000000,4,-115.88,-115.88,0,0,
09/21/2026,11:00:44:764,0.000000,0.000000,1,-109.17,-109.17,0,0,
09/21/2026,11:00:44:835,0.000000,0.000000,2,-107.51,-107.51,0,0,
09/21/2026,11:00:44:894,0.000000,0.000000,3,-81.66,-81.66,0,0,
09/21/2026,11:00:44:948,0.000000,0.000000,4,-112.87,-112.87,0,0,
09/21/2026,11:00:45:112,0.000000,0.000000,1,-110.9,-110.9,0,0,
09/21/2026,11:00:45:185,0.000000,0.000000,2,-107.69,-107.69,0,0,
09/21/2026,11:00:45:235,0.000000,0.000000,3,-77.66,-77.66,0,0,
09/21/2026,11:00:45:289,0.000000,0.000000,4,-114.3,-114.3,0,0,
09/21/2026,11:00:45:458,0.000000,0.000000,1,-110.59,-110.59,0,0,
09/21/2026,11:00:45:528,0.000000,0.000000,2,-106.34,-106.34,0,0,
09/21/2026,11:00:45:586,0.000000,0.000000,3,-84.31,-84.31,0,0,
09/21/2026,11:00:45:638,0.000000,0.000000,4,-112.9,-112.9,0,0,
09/21/2026,11:00:45:804,0.000000,0.000000,1,-109.84,-109.84,0,0,
09/21/2026,11:00:45:952,0.000000,0.000000,2,-106.83,-106.83,0,0,
09/21/2026,11:00:45:961,0.000000,0.000000,3,-78.88,-78.88,0,0,
09/21/2026,11:00:46:008,0.000000,0.000000,4,-114.03,-114.03,0,0,
09/21/2026,11:00:46:184,0.000000,0.000000,1,-111.46,-111.46,0,0,
09/21/2026,11:00:46:226,0.000000,0.000000,2,-107.63,-107.63,0,0,
09/21/2026,11:00:46:278,0.000000,0.000000,3,-93.05,-93.05,0,0,
09/21/2026,11:00:46:326,0.000000,0.000000,4,-116.6,-116.6,0,0,
09/21/2026,11:00:46:509,0.000000,0.000000,1,-110.27,-110.27,0,0,
09/21/2026,11:00:46:569,0.000000,0.000000,2,-107.75,-107.75,0,0,
09/21/2026,11:00:46:623,0.000000,0.000000,3,-81.75,-81.75,0,0,
09/21/2026,11:00:46:675,0.000000,0.000000,4,-115.22,-115.22,0,0,
09/21/2026,11:00:46:846,0.000000,0.000000,1,-110.83,-110.83,0,0,
09/21/2026,11:00:46:916,0.000000,0.000000,2,-106.78,-106.78,0,0,
09/21/2026,11:00:46:981,0.000000,0.000000,3,-76.42,-76.42,0,0,
09/21/2026,11:00:47:026,0.000000,0.000000,4,-115.14,-115.14,0,0,
09/21/2026,11:00:47:194,0.000000,0.000000,1,-112.36,-112.36,0,0,
09/21/2026,11:00:47:268,0.000000,0.000000,2,-106.67,-106.67,0,0,
09/21/2026,11:00:47:320,0.000000,0.000000,3,-84.7,-84.7,0,0,
09/21/2026,11:00:47:372,0.000000,0.000000,4,-116.4,-116.4,0,0,
09/21/2026,11:00:47:541,0.000000,0.000000,1,-111.98,-111.98,0,0,
09/21/2026,11:00:47:613,0.000000,0.000000,2,-106.43,-106.43,0,0,
09/21/2026,11:00:47:687,0.000000,0.000000,3,-78.98,-78.98,0,0,
09/21/2026,11:00:47:726,0.000000,0.000000,4,-115.83,-115.83,0,0,
09/21/2026,11:00:47:924,0.000000,0.000000,1,-112.22,-112.22,0,0,
09/21/2026,11:00:47:980,0.000000,0.000000,2,-108.13,-108.13,0,0,
09/21/2026,11:00:48:011,0.000000,0.000000,3,-86.05,-86.05,0,0,
09/21/2026,11:00:48:067,0.000000,0.000000,4,-114.87,-114.87,0,0,
09/21/2026,11:00:48:257,0.000000,0.000000,1,-111.52,-111.52,0,0,
09/21/2026,11:00:48:317,0.000000,0.000000,2,-108.19,-108.19,0,0,
09/21/2026,11:00:48:357,0.000000,0.000000,3,-82.7,-82.7,0,0,
09/21/2026,11:00:48:409,0.000000,0.000000,4,-114.94,-114.94,0,0,
09/21/2026,11:00:48:582,0.000000,0.000000,1,-110.92,-110.92,0,0,
09/21/2026,11:00:48:651,0.000000,0.000000,2,-107.6,-107.6,0,0,
09/21/2026,11:00:48:705,0.000000,0.000000,3,-87.82,-87.82,0,0,
09/21/2026,11:00:48:756,0.000000,0.000000,4,-116.12,-116.12,0,0,
09/21/2026,11:00:48:928,0.000000,0.000000,1,-110.86,-110.86,0,0,
09/21/2026,11:00:48:997,0.000000,0.000000,2,-107.2,-107.2,0,0,
09/21/2026,11:00:49:051,0.000000,0.000000,3,-81.68,-81.68,0,0,
09/21/2026,11:00:49:103,0.000000,0.000000,4,-114.06,-114.06,0,0,
09/21/2026,11:00:49:279,0.000000,0.000000,1,-109.05,-109.05,0,0,
09/21/2026,11:00:49:348,0.000000,0.000000,2,-107.52,-107.52,0,0,
09/21/2026,11:00:49:397,0.000000,0.000000,3,-81.03,-81.03,0,0,
09/21/2026,11:00:49:451,0.000000,0.000000,4,-113.83,-113.83,0,0,
09/21/2026,11:00:49:642,0.000000,0.000000,1,-111.32,-111.32,0,0,
09/21/2026,11:00:49:709,0.000000,0.000000,2,-107.61,-107.61,0,0,
09/21/2026,11:00:49:764,0.000000,0.000000,3,-93.56,-93.56,0,0,
09/21/2026,11:00:49:830,0.000000,0.000000,4,-113.75,-113.75,0,0,
09/21/2026,11:00:49:969,0.000000,0.000000,1,-110.59,-110.59,0,0,
09/21/2026,11:00:50:038,0.000000,0.000000,2,-108.46,-108.46,0,0,
09/21/2026,11:00:50:090,0.000000,0.000000,3,-80.32,-80.32,0,0,
09/21/2026,11:00:50:146,0.000000,0.000000,4,-116.19,-116.19,0,0,
09/21/2026,11:00:50:314,0.000000,0.000000,1,-109.13,-109.13,0,0,
09/21/2026,11:00:50:394,0.000000,0.000000,2,-108.45,-108.45,0,0,
09/21/2026,11:00:50:438,0.000000,0.000000,3,-88.93,-88.93,0,0,
09/21/2026,11:00:50:491,0.000000,0.000000,4,-115.38,-115.38,0,0,
09/21/2026,11:00:50:661,0.000000,0.000000,1,-111.72,-111.72,0,0,
09/21/2026,11:00:50:739,0.000000,0.000000,2,-107.7,-107.7,0,0,
09/21/2026,11:00:50:784,0.000000,0.000000,3,-84.71,-84.71,0,0,
09/21/2026,11:00:50:835,0.000000,0.000000,4,-115.56,-115.56,0,0,
09/21/2026,11:00:51:010,0.000000,0.000000,1,-112.16,-112.16,0,0,
09/21/2026,11:00:51:077,0.000000,0.000000,2,-106.75,-106.75,0,0,
09/21/2026,11:00:51:133,0.000000,0.000000,3,-91.74,-91.74,0,0,
09/21/2026,11:00:51:189,0.000000,0.000000,4,-115.1,-115.1,0,0,
09/21/2026,11:00:51:379,0.000000,0.000000,1,-111.66,-111.66,0,0,
09/21/2026,11:00:51:457,0.000000,0.000000,2,-107.26,-107.26,0,0,
09/21/2026,11:00:51:529,0.000000,0.000000,3,-84.45,-84.45,0,0,
09/21/2026,11:00:51:546,0.000000,0.000000,4,-115.19,-115.19,0,0,
09/21/2026,11:00:51:704,0.000000,0.000000,1,-112.35,-112.35,0,0,
09/21/2026,11:00:51:772,0.000000,0.000000,2,-107.94,-107.94,0,0,
09/21/2026,11:00:51:827,0.000000,0.000000,3,-83.18,-83.18,0,0,
09/21/2026,11:00:51:882,0.000000,0.000000,4,-115.38,-115.38,0,0,
09/21/2026,11:00:52:049,0.000000,0.000000,1,-110.45,-110.45,0,0,
09/21/2026,11:00:52:119,0.000000,0.000000,2,-107.14,-107.14,0,0,
09/21/2026,11:00:52:173,0.000000,0.000000,3,-82.83,-82.83,0,0,
09/21/2026,11:00:52:227,0.000000,0.000000,4,-112.6,-112.6,0,0,
09/21/2026,11:00:52:396,0.000000,0.000000,1,-112.41,-112.41,0,0,
09/21/2026,11:00:52:466,0.000000,0.000000,2,-108.39,-108.39,0,0,
09/21/2026,11:00:52:523,0.000000,0.000000,3,-85.97,-85.97,0,0,
09/21/2026,11:00:52:574,0.000000,0.000000,4,-116.03,-116.03,0,0,
09/21/2026,11:00:52:743,0.000000,0.000000,1,-110.09,-110.09,0,0,
09/21/2026,11:00:52:813,0.000000,0.000000,2,-107.81,-107.81,0,0,
09/21/2026,11:00:52:864,0.000000,0.000000,3,-94.38,-94.38,0,0,
09/21/2026,11:00:52:920,0.000000,0.000000,4,-115.6,-115.6,0,0,
09/21/2026,11:00:53:090,0.000000,0.000000,1,-110.61,-110.61,0,0,
09/21/2026,11:00:53:159,0.000000,0.000000,2,-108.47,-108.47,0,0,
09/21/2026,11:00:53:216,0.000000,0.000000,3,-82.31,-82.31,0,0,
09/21/2026,11:00:53:299,0.000000,0.000000,4,-113.21,-113.21,0,0,
09/21/2026,11:00:53:803,0.000000,0.000000,1,-111.14,-111.14,0,0,
09/21/2026,11:00:53:820,0.000000,0.000000,2,-108.28,-108.28,0,0,
09/21/2026,11:00:53:832,0.000000,0.000000,3,-80.74,-80.74,0,0,
09/21/2026,11:00:53:868,0.000000,0.000000,4,-115.63,-115.63,0,0,
09/21/2026,11:00:53:938,0.000000,0.000000,1,-111.2,-111.2,0,0,
09/21/2026,11:00:53:952,0.000000,0.000000,2,-106.61,-106.61,0,0,
09/21/2026,11:00:53:967,0.000000,0.000000,3,-75.94,-75.94,0,0,
09/21/2026,11:00:53:985,0.000000,0.000000,4,-116.36,-116.36,0,0,
09/21/2026,11:00:54:129,0.000000,0.000000,1,-110.59,-110.59,0,0,
09/21/2026,11:00:54:201,0.000000,0.000000,2,-106.94,-106.94,0,0,
09/21/2026,11:00:54:252,0.000000,0.000000,3,-78.72,-78.72,0,0,
09/21/2026,11:00:54:307,0.000000,0.000000,4,-112.46,-112.46,0,0,
09/21/2026,11:00:54:476,0.000000,0.000000,1,-111.79,-111.79,0,0,
09/21/2026,11:00:54:546,0.000000,0.000000,2,-107.41,-107.41,0,0,
09/21/2026,11:00:54:598,0.000000,0.000000,3,-77.29,-77.29,0,0,
09/21/2026,11:00:54:671,0.000000,0.000000,4,-114.82,-114.82,0,0,
09/21/2026,11:00:54:829,0.000000,0.000000,1,-112.15,-112.15,0,0,
09/21/2026,11:00:54:893,0.000000,0.000000,2,-107.11,-107.11,0,0,
09/21/2026,11:00:54:948,0.000000,0.000000,3,-82.25,-82.25,0,0,
09/21/2026,11:00:54:998,0.000000,0.000000,4,-113.94,-113.94,0,0,
09/21/2026,11:00:55:172,0.000000,0.000000,1,-109.59,-109.59,0,0,
09/21/2026,11:00:55:264,0.000000,0.000000,2,-107.16,-107.16,0,0,
09/21/2026,11:00:55:312,0.000000,0.000000,3,-89.1,-89.1,0,0,
09/21/2026,11:00:55:383,0.000000,0.000000,4,-114.38,-114.38,0,0,
09/21/2026,11:00:55:531,0.000000,0.000000,1,-110.68,-110.68,0,0,
09/21/2026,11:00:55:585,0.000000,0.000000,2,-107.14,-107.14,0,0,
09/21/2026,11:00:55:646,0.000000,0.000000,3,-83.97,-83.97,0,0,
09/21/2026,11:00:55:692,0.000000,0.000000,4,-114.73,-114.73,0,0,
09/21/2026,11:00:55:864,0.000000,0.000000,1,-110.9,-110.9,0,0,
09/21/2026,11:00:55:945,0.000000,0.000000,2,-108.37,-108.37,0,0,
09/21/2026,11:00:55:988,0.000000,0.000000,3,-85.35,-85.35,0,0,
09/21/2026,11:00:56:038,0.000000,0.000000,4,-113.1,-113.1,0,0,
09/21/2026,11:00:56:220,0.000000,0.000000,1,-112.29,-112.29,0,0,
09/21/2026,11:00:56:279,0.000000,0.000000,2,-106.36,-106.36,0,0,
09/21/2026,11:00:56:342,0.000000,0.000000,3,-83,-83,0,0,
09/21/2026,11:00:56:388,0.000000,0.000000,4,-112.62,-112.62,0,0,
09/21/2026,11:00:56:563,0.000000,0.000000,1,-111.58,-111.58,0,0,
09/21/2026,11:00:56:630,0.000000,0.000000,2,-107.55,-107.55,0,0,
09/21/2026,11:00:56:681,0.000000,0.000000,3,-86.83,-86.83,0,0,
09/21/2026,11:00:56:741,0.000000,0.000000,4,-113.46,-113.46,0,0,
09/21/2026,11:00:56:911,0.000000,0.000000,1,-111.67,-111.67,0,0,
09/21/2026,11:00:56:982,0.000000,0.000000,2,-107.82,-107.82,0,0,
09/21/2026,11:00:57:028,0.000000,0.000000,3,-89.83,-89.83,0,0,
09/21/2026,11:00:57:084,0.000000,0.000000,4,-113.59,-113.59,0,0,
09/21/2026,11:00:57:267,0.000000,0.000000,1,-110.26,-110.26,0,0,
09/21/2026,11:00:57:345,0.000000,0.000000,2,-108.96,-108.96,0,0,
09/21/2026,11:00:57:403,0.000000,0.000000,3,-82.24,-82.24,0,0,
09/21/2026,11:00:57:477,0.000000,0.000000,4,-113.51,-113.51,0,0,
09/21/2026,11:00:57:602,0.000000,0.000000,1,-112,-112,0,0,
09/21/2026,11:00:57:667,0.000000,0.000000,2,-106.85,-106.85,0,0,
09/21/2026,11:00:57:724,0.000000,0.000000,3,-83.37,-83.37,0,0,
09/21/2026,11:00:57:775,0.000000,0.000000,4,-114.08,-114.08,0,0,
09/21/2026,11:00:57:952,0.000000,0.000000,1,-111.87,-111.87,0,0,
09/21/2026,11:00:58:014,0.000000,0.000000,2,-107.4,-107.4,0,0,
09/21/2026,11:00:58:069,0.000000,0.000000,3,-83.83,-83.83,0,0,
09/21/2026,11:00:58:120,0.000000,0.000000,4,-113.24,-113.24,0,0,
09/21/2026,11:00:58:294,0.000000,0.000000,1,-110.09,-110.09,0,0,
09/21/2026,11:00:58:364,0.000000,0.000000,2,-108.8,-108.8,0,0,
09/21/2026,11:00:58:420,0.000000,0.000000,3,-79.93,-79.93,0,0,
09/21/2026,11:00:58:467,0.000000,0.000000,4,-112.11,-112.11,0,0,
09/21/2026,11:00:58:640,0.000000,0.000000,1,-111.1,-111.1,0,0,
09/21/2026,11:00:58:711,0.000000,0.000000,2,-107.4,-107.4,0,0,
09/21/2026,11:00:58:804,0.000000,0.000000,3,-88.14,-88.14,0,0,
09/21/2026,11:00:58:848,0.000000,0.000000,4,-114.55,-114.55,0,0,
09/21/2026,11:00:59:002,0.000000,0.000000,1,-111.96,-111.96,0,0,
09/21/2026,11:00:59:069,0.000000,0.000000,2,-108.29,-108.29,0,0,
09/21/2026,11:00:59:108,0.000000,0.000000,3,-93.28,-93.28,0,0,
09/21/2026,11:00:59:165,0.000000,0.000000,4,-114.41,-114.41,0,0,
09/21/2026,11:00:59:334,0.000000,0.000000,1,-111.76,-111.76,0,0,
09/21/2026,11:00:59:403,0.000000,0.000000,2,-108.29,-108.29,0,0,
09/21/2026,11:00:59:454,0.000000,0.000000,3,-90.98,-90.98,0,0,
09/21/2026,11:00:59:506,0.000000,0.000000,4,-115.43,-115.43,0,0,
09/21/2026,11:00:59:684,0.000000,0.000000,1,-109.83,-109.83,0,0,
09/21/2026,11:00:59:749,0.000000,0.000000,2,-108.12,-108.12,0,0,
09/21/2026,11:00:59:806,0.000000,0.000000,3,-93.21,-93.21,0,0,
09/21/2026,11:00:59:859,0.000000,0.000000,4,-112.57,-112.57,0,0,
09/21/2026,11:01:00:026,0.000000,0.000000,1,-110.65,-110.65,0,0,
09/21/2026,11:01:00:096,0.000000,0.000000,2,-108.96,-108.96,0,0,
09/21/2026,11:01:00:149,0.000000,0.000000,3,-88.11,-88.11,0,0,
09/21/2026,11:01:00:206,0.000000,0.000000,4,-114.13,-114.13,0,0,
09/21/2026,11:01:00:371,0.000000,0.000000,1,-109.35,-109.35,0,0,
09/21/2026,11:01:00:452,0.000000,0.000000,2,-107.72,-107.72,0,0,
09/21/2026,11:01:00:500,0.000000,0.000000,3,-78.89,-78.89,0,0,
09/21/2026,11:01:00:550,0.000000,0.000000,4,-112.18,-112.18,0,0,
09/21/2026,11:01:00:719,0.000000,0.000000,1,-110.27,-110.27,0,0,
09/21/2026,11:01:00:789,0.000000,0.000000,2,-108.3,-108.3,0,0,
09/21/2026,11:01:00:867,0.000000,0.000000,3,-84.54,-84.54,0,0,
09/21/2026,11:01:00:938,0.000000,0.000000,4,-113.99,-113.99,0,0,
09/21/2026,11:01:01:119,0.000000,0.000000,1,-110.31,-110.31,0,0,
09/21/2026,11:01:01:138,0.000000,0.000000,2,-108.3,-108.3,0,0,
09/21/2026,11:01:01:198,0.000000,0.000000,3,-90.71,-90.71,0,0,
09/21/2026,11:01:01:242,0.000000,0.000000,4,-114.43,-114.43,0,0,
09/21/2026,11:01:01:414,0.000000,0.000000,1,-110.71,-110.71,0,0,
09/21/2026,11:01:01:486,0.000000,0.000000,2,-106.99,-106.99,0,0,
09/21/2026,11:01:01:537,0.000000,0.000000,3,-84.74,-84.74,0,0,
09/21/2026,11:01:01:593,0.000000,0.000000,4,-110.45,-110.45,0,0,
09/21/2026,11:01:01:760,0.000000,0.000000,1,-110.2,-110.2,0,0,
09/21/2026,11:01:01:829,0.000000,0.000000,2,-107.35,-107.35,0,0,
09/21/2026,11:01:01:883,0.000000,0.000000,3,-93.02,-93.02,0,0,
09/21/2026,11:01:01:935,0.000000,0.000000,4,-114.71,-114.71,0,0,
09/21/2026,11:01:02:108,0.000000,0.000000,1,-111.73,-111.73,0,0,
09/21/2026,11:01:02:176,0.000000,0.000000,2,-106.69,-106.69,0,0,
09/21/2026,11:01:02:232,0.000000,0.000000,3,-89.7,-89.7,0,0,
09/21/2026,11:01:02:284,0.000000,0.000000,4,-115.87,-115.87,0,0,
09/21/2026,11:01:02:463,0.000000,0.000000,1,-111.75,-111.75,0,0,
09/21/2026,11:01:02:525,0.000000,0.000000,2,-109.32,-109.32,0,0,
09/21/2026,11:01:02:579,0.000000,0.000000,3,-86.95,-86.95,0,0,
09/21/2026,11:01:02:632,0.000000,0.000000,4,-114.8,-114.8,0,0,
09/21/2026,11:01:02:825,0.000000,0.000000,1,-108.34,-108.34,0,0,
09/21/2026,11:01:02:905,0.000000,0.000000,2,-107.17,-107.17,0,0,
09/21/2026,11:01:02:923,0.000000,0.000000,3,-82.8,-82.8,0,0,
09/21/2026,11:01:02:985,0.000000,0.000000,4,-114.95,-114.95,0,0,
09/21/2026,11:01:03:159,0.000000,0.000000,1,-111.8,-111.8,0,0,
09/21/2026,11:01:03:219,0.000000,0.000000,2,-106.88,-106.88,0,0,
09/21/2026,11:01:03:269,0.000000,0.000000,3,-84.71,-84.71,0,0,
09/21/2026,11:01:03:324,0.000000,0.000000,4,-114.89,-114.89,0,0,
09/21/2026,11:01:03:497,0.000000,0.000000,1,-111.44,-111.44,0,0,
09/21/2026,11:01:03:569,0.000000,0.000000,2,-107.84,-107.84,0,0,
09/21/2026,11:01:03:616,0.000000,0.000000,3,-82.79,-82.79,0,0,
09/21/2026,11:01:03:669,0.000000,0.000000,4,-114,-114,0,0,
09/21/2026,11:01:03:842,0.000000,0.000000,1,-112.71,-112.71,0,0,
09/21/2026,11:01:03:914,0.000000,0.000000,2,-107.08,-107.08,0,0,
09/21/2026,11:01:03:967,0.000000,0.000000,3,-84.8,-84.8,0,0,
09/21/2026,11:01:04:018,0.000000,0.000000,4,-113.88,-113.88,0,0,
09/21/2026,11:01:04:192,0.000000,0.000000,1,-108.96,-108.96,0,0,
09/21/2026,11:01:04:258,0.000000,0.000000,2,-108.28,-108.28,0,0,
09/21/2026,11:01:04:311,0.000000,0.000000,3,-87.21,-87.21,0,0,
09/21/2026,11:01:04:365,0.000000,0.000000,4,-113.59,-113.59,0,0,
09/21/2026,11:01:04:591,0.000000,0.000000,1,-110.11,-110.11,0,0,
09/21/2026,11:01:04:606,0.000000,0.000000,2,-107.57,-107.57,0,0,
09/21/2026,11:01:04:661,0.000000,0.000000,3,-85.37,-85.37,0,0,
09/21/2026,11:01:04:742,0.000000,0.000000,4,-115.73,-115.73,0,0,
09/21/2026,11:01:04:896,0.000000,0.000000,1,-110.97,-110.97,0,0,
09/21/2026,11:01:04:954,0.000000,0.000000,2,-108.57,-108.57,0,0,
09/21/2026,11:01:05:006,0.000000,0.000000,3,-80.78,-80.78,0,0,
09/21/2026,11:01:05:063,0.000000,0.000000,4,-116.45,-116.45,0,0,
09/21/2026,11:01:05:230,0.000000,0.000000,1,-109.03,-109.03,0,0,
09/21/2026,11:01:05:299,0.000000,0.000000,2,-108.22,-108.22,0,0,
09/21/2026,11:01:05:353,0.000000,0.000000,3,-79.85,-79.85,0,0,
09/21/2026,11:01:05:405,0.000000,0.000000,4,-113.43,-113.43,0,0,
09/21/2026,11:01:05:577,0.000000,0.000000,1,-108.49,-108.49,0,0,
09/21/2026,11:01:05:647,0.000000,0.000000,2,-106.79,-106.79,0,0,
09/21/2026,11:01:05:701,0.000000,0.000000,3,-83.3,-83.3,0,0,
09/21/2026,11:01:05:755,0.000000,0.000000,4,-115.28,-115.28,0,0,
09/21/2026,11:01:05:926,0.000000,0.000000,1,-110.58,-110.58,0,0,
09/21/2026,11:01:05:993,0.000000,0.000000,2,-107.15,-107.15,0,0,
09/21/2026,11:01:06:046,0.000000,0.000000,3,-79.65,-79.65,0,0,
09/21/2026,11:01:06:101,0.000000,0.000000,4,-116.31,-116.31,0,0,
09/21/2026,11:01:06:313,0.000000,0.000000,1,-108.6,-108.6,0,0,
09/21/2026,11:01:06:390,0.000000,0.000000,2,-108.81,-108.81,0,0,
09/21/2026,11:01:06:399,0.000000,0.000000,3,-96.16,-96.16,0,0,
09/21/2026,11:01:06:477,0.000000,0.000000,4,-113.95,-113.95,0,0,
09/21/2026,11:01:06:621,0.000000,0.000000,1,-109.84,-109.84,0,0,
09/21/2026,11:01:06:687,0.000000,0.000000,2,-107.67,-107.67,0,0,
09/21/2026,11:01:06:746,0.000000,0.000000,3,-86.38,-86.38,0,0,
09/21/2026,11:01:06:798,0.000000,0.000000,4,-114.39,-114.39,0,0,
09/21/2026,11:01:06:964,0.000000,0.000000,1,-110.8,-110.8,0,0,
09/21/2026,11:01:07:033,0.000000,0.000000,2,-107.01,-107.01,0,0,
09/21/2026,11:01:07:087,0.000000,0.000000,3,-85.79,-85.79,0,0,
09/21/2026,11:01:07:142,0.000000,0.000000,4,-115.04,-115.04,0,0,
09/21/2026,11:01:07:315,0.000000,0.000000,1,-110.64,-110.64,0,0,
09/21/2026,11:01:07:379,0.000000,0.000000,2,-106.99,-106.99,0,0,
09/21/2026,11:01:07:465,0.000000,0.000000,3,-82.62,-82.62,0,0,
09/21/2026,11:01:07:494,0.000000,0.000000,4,-115.73,-115.73,0,0,
09/21/2026,11:01:07:658,0.000000,0.000000,1,-109.89,-109.89,0,0,
09/21/2026,11:01:07:727,0.000000,0.000000,2,-109.24,-109.24,0,0,
09/21/2026,11:01:07:779,0.000000,0.000000,3,-88.68,-88.68,0,0,
09/21/2026,11:01:07:835,0.000000,0.000000,4,-115.16,-115.16,0,0,
09/21/2026,11:01:08:004,0.000000,0.000000,1,-110.7,-110.7,0,0,
09/21/2026,11:01:08:073,0.000000,0.000000,2,-108.62,-108.62,0,0,
09/21/2026,11:01:08:134,0.000000,0.000000,3,-82.33,-82.33,0,0,
09/21/2026,11:01:08:197,0.000000,0.000000,4,-113.89,-113.89,0,0,
09/21/2026,11:01:08:405,0.000000,0.000000,1,-110.31,-110.31,0,0,
09/21/2026,11:01:08:418,0.000000,0.000000,2,-108.61,-108.61,0,0,
09/21/2026,11:01:08:505,0.000000,0.000000,3,-77.55,-77.55,0,0,
09/21/2026,11:01:08:529,0.000000,0.000000,4,-112.53,-112.53,0,0,
09/21/2026,11:01:08:697,0.000000,0.000000,1,-110.86,-110.86,0,0,
09/21/2026,11:01:08:768,0.000000,0.000000,2,-107.56,-107.56,0,0,
09/21/2026,11:01:08:820,0.000000,0.000000,3,-83.99,-83.99,0,0,
09/21/2026,11:01:08:877,0.000000,0.000000,4,-112.54,-112.54,0,0,
09/21/2026,11:01:09:360,0.000000,0.000000,1,-111.86,-111.86,0,0,
09/21/2026,11:01:09:380,0.000000,0.000000,2,-108.4,-108.4,0,0,
09/21/2026,11:01:09:391,0.000000,0.000000,3,-76.92,-76.92,0,0,
09/21/2026,11:01:09:403,0.000000,0.000000,4,-113.51,-113.51,0,0,
09/21/2026,11:01:09:465,0.000000,0.000000,1,-110.71,-110.71,0,0,
09/21/2026,11:01:09:500,0.000000,0.000000,2,-108.2,-108.2,0,0,
09/21/2026,11:01:09:519,0.000000,0.000000,3,-77.02,-77.02,0,0,
09/21/2026,11:01:09:569,0.000000,0.000000,4,-114.68,-114.68,0,0,
09/21/2026,11:01:09:736,0.000000,0.000000,1,-109.44,-109.44,0,0,
09/21/2026,11:01:09:808,0.000000,0.000000,2,-109.23,-109.23,0,0,
09/21/2026,11:01:09:859,0.000000,0.000000,3,-76.4,-76.4,0,0,
09/21/2026,11:01:09:912,0.000000,0.000000,4,-110.72,-110.72,0,0,
09/21/2026,11:01:10:099,0.000000,0.000000,1,-109,-109,0,0,
09/21/2026,11:01:10:183,0.000000,0.000000,2,-106.99,-106.99,0,0,
09/21/2026,11:01:10:227,0.000000,0.000000,3,-73.44,-73.44,0,0,
09/21/2026,11:01:10:308,0.000000,0.000000,4,-110.34,-110.34,0,0,
09/21/2026,11:01:10:431,0.000000,0.000000,1,-110.91,-110.91,0,0,
09/21/2026,11:01:10:501,0.000000,0.000000,2,-107.11,-107.11,0,0,
09/21/2026,11:01:10:555,0.000000,0.000000,3,-72.94,-72.94,0,0,
09/21/2026,11:01:10:607,0.000000,0.000000,4,-112.07,-112.07,0,0,
09/21/2026,11:01:10:778,0.000000,0.000000,1,-108.49,-108.49,0,0,
09/21/2026,11:01:10:847,0.000000,0.000000,2,-107.25,-107.25,0,0,
09/21/2026,11:01:10:903,0.000000,0.000000,3,-74.02,-74.02,0,0,
09/21/2026,11:01:10:954,0.000000,0.000000,4,-112.83,-112.83,0,0,
09/21/2026,11:01:11:125,0.000000,0.000000,1,-111.12,-111.12,0,0,
09/21/2026,11:01:11:195,0.000000,0.000000,2,-106.43,-106.43,0,0,
09/21/2026,11:01:11:249,0.000000,0.000000,3,-74.8,-74.8,0,0,
09/21/2026,11:01:11:308,0.000000,0.000000,4,-115.7,-115.7,0,0,
09/21/2026,11:01:11:472,0.000000,0.000000,1,-109.26,-109.26,0,0,
09/21/2026,11:01:11:541,0.000000,0.000000,2,-108.64,-108.64,0,0,
09/21/2026,11:01:11:597,0.000000,0.000000,3,-74.98,-74.98,0,0,
09/21/2026,11:01:11:647,0.000000,0.000000,4,-114.98,-114.98,0,0,
09/21/2026,11:01:11:829,0.000000,0.000000,1,-110.6,-110.6,0,0,
09/21/2026,11:01:11:909,0.000000,0.000000,2,-106.79,-106.79,0,0,
09/21/2026,11:01:11:954,0.000000,0.000000,3,-77.61,-77.61,0,0,
09/21/2026,11:01:12:047,0.000000,0.000000,4,-114.53,-114.53,0,0,
09/21/2026,11:01:12:170,0.000000,0.000000,1,-111.44,-111.44,0,0,
09/21/2026,11:01:12:237,0.000000,0.000000,2,-106.67,-106.67,0,0,
09/21/2026,11:01:12:289,0.000000,0.000000,3,-77.63,-77.63,0,0,
09/21/2026,11:01:12:341,0.000000,0.000000,4,-115.49,-115.49,0,0,
09/21/2026,11:01:12:512,0.000000,0.000000,1,-109.72,-109.72,0,0,
09/21/2026,11:01:12:594,0.000000,0.000000,2,-106.55,-106.55,0,0,
09/21/2026,11:01:12:635,0.000000,0.000000,3,-82.5,-82.5,0,0,
09/21/2026,11:01:12:687,0.000000,0.000000,4,-114.37,-114.37,0,0,
09/21/2026,11:01:12:858,0.000000,0.000000,1,-110.26,-110.26,0,0,
09/21/2026,11:01:12:929,0.000000,0.000000,2,-106.58,-106.58,0,0,
09/21/2026,11:01:12:982,0.000000,0.000000,3,-86.09,-86.09,0,0,
09/21/2026,11:01:13:035,0.000000,0.000000,4,-116.3,-116.3,0,0,
09/21/2026,11:01:13:206,0.000000,0.000000,1,-110.48,-110.48,0,0,
09/21/2026,11:01:13:280,0.000000,0.000000,2,-107.93,-107.93,0,0,
09/21/2026,11:01:13:329,0.000000,0.000000,3,-86.78,-86.78,0,0,
09/21/2026,11:01:13:383,0.000000,0.000000,4,-114.74,-114.74,0,0,
09/21/2026,11:01:13:555,0.000000,0.000000,1,-109.93,-109.93,0,0,
09/21/2026,11:01:13:625,0.000000,0.000000,2,-108.35,-108.35,0,0,
09/21/2026,11:01:13:674,0.000000,0.000000,3,-87.96,-87.96,0,0,
09/21/2026,11:01:13:735,0.000000,0.000000,4,-113.46,-113.46,0,0,
09/21/2026,11:01:13:900,0.000000,0.000000,1,-109.51,-109.51,0,0,
09/21/2026,11:01:13:981,0.000000,0.000000,2,-107.78,-107.78,0,0,
09/21/2026,11:01:14:059,0.000000,0.000000,3,-85.13,-85.13,0,0,
09/21/2026,11:01:14:075,0.000000,0.000000,4,-115.04,-115.04,0,0,
09/21/2026,11:01:14:252,0.000000,0.000000,1,-110.68,-110.68,0,0,
09/21/2026,11:01:14:317,0.000000,0.000000,2,-107.3,-107.3,0,0,
09/21/2026,11:01:14:372,0.000000,0.000000,3,-81.03,-81.03,0,0,
09/21/2026,11:01:14:430,0.000000,0.000000,4,-114.92,-114.92,0,0,
09/21/2026,11:01:14:592,0.000000,0.000000,1,-108.84,-108.84,0,0,
09/21/2026,11:01:14:664,0.000000,0.000000,2,-107.06,-107.06,0,0,
09/21/2026,11:01:14:722,0.000000,0.000000,3,-79.34,-79.34,0,0,
09/21/2026,11:01:14:775,0.000000,0.000000,4,-115.93,-115.93,0,0,
09/21/2026,11:01:14:941,0.000000,0.000000,1,-109.7,-109.7,0,0,
09/21/2026,11:01:15:011,0.000000,0.000000,2,-107.77,-107.77,0,0,
09/21/2026,11:01:15:064,0.000000,0.000000,3,-85.29,-85.29,0,0,
09/21/2026,11:01:15:137,0.000000,0.000000,4,-116.01,-116.01,0,0,
09/21/2026,11:01:15:293,0.000000,0.000000,1,-110.8,-110.8,0,0,
09/21/2026,11:01:15:356,0.000000,0.000000,2,-108.49,-108.49,0,0,
09/21/2026,11:01:15:408,0.000000,0.000000,3,-84.34,-84.34,0,0,
09/21/2026,11:01:15:462,0.000000,0.000000,4,-115.66,-115.66,0,0,
09/21/2026,11:01:15:634,0.000000,0.000000,1,-109.65,-109.65,0,0,
09/21/2026,11:01:15:706,0.000000,0.000000,2,-108.79,-108.79,0,0,
09/21/2026,11:01:15:757,0.000000,0.000000,3,-83.81,-83.81,0,0,
09/21/2026,11:01:15:811,0.000000,0.000000,4,-116.04,-116.04,0,0,
09/21/2026,11:01:16:031,0.000000,0.000000,1,-110.28,-110.28,0,0,
09/21/2026,11:01:16:056,0.000000,0.000000,2,-108.52,-108.52,0,0,
09/21/2026,11:01:16:109,0.000000,0.000000,3,-86.07,-86.07,0,0,
09/21/2026,11:01:16:156,0.000000,0.000000,4,-116.69,-116.69,0,0,
09/21/2026,11:01:16:329,0.000000,0.000000,1,-110.71,-110.71,0,0,
09/21/2026,11:01:16:421,0.000000,0.000000,2,-108.26,-108.26,0,0,
09/21/2026,11:01:16:450,0.000000,0.000000,3,-86.61,-86.61,0,0,
09/21/2026,11:01:16:516,0.000000,0.000000,4,-112.71,-112.71,0,0,
09/21/2026,11:01:16:673,0.000000,0.000000,1,-109.67,-109.67,0,0,
09/21/2026,11:01:16:748,0.000000,0.000000,2,-109,-109,0,0,
09/21/2026,11:01:16:798,0.000000,0.000000,3,-76.8,-76.8,0,0,
09/21/2026,11:01:16:848,0.000000,0.000000,4,-114.07,-114.07,0,0,
09/21/2026,11:01:17:023,0.000000,0.000000,1,-111.32,-111.32,0,0,
09/21/2026,11:01:17:090,0.000000,0.000000,2,-109.42,-109.42,0,0,
09/21/2026,11:01:17:149,0.000000,0.000000,3,-81.38,-81.38,0,0,
09/21/2026,11:01:17:196,0.000000,0.000000,4,-114.41,-114.41,0,0,
09/21/2026,11:01:17:369,0.000000,0.000000,1,-109.47,-109.47,0,0,
09/21/2026,11:01:17:438,0.000000,0.000000,2,-108.65,-108.65,0,0,
09/21/2026,11:01:17:527,0.000000,0.000000,3,-83.11,-83.11,0,0,
09/21/2026,11:01:17:565,0.000000,0.000000,4,-113.58,-113.58,0,0,
09/21/2026,11:01:17:740,0.000000,0.000000,1,-110.23,-110.23,0,0,
09/21/2026,11:01:17:793,0.000000,0.000000,2,-107.5,-107.5,0,0,
09/21/2026,11:01:17:848,0.000000,0.000000,3,-86.04,-86.04,0,0,
09/21/2026,11:01:17:891,0.000000,0.000000,4,-113.95,-113.95,0,0,
09/21/2026,11:01:18:062,0.000000,0.000000,1,-108.38,-108.38,0,0,
09/21/2026,11:01:18:136,0.000000,0.000000,2,-109.23,-109.23,0,0,
09/21/2026,11:01:18:185,0.000000,0.000000,3,-82.41,-82.41,0,0,
09/21/2026,11:01:18:235,0.000000,0.000000,4,-114.75,-114.75,0,0,
09/21/2026,11:01:18:408,0.000000,0.000000,1,-110.12,-110.12,0,0,
09/21/2026,11:01:18:480,0.000000,0.000000,2,-107.93,-107.93,0,0,
09/21/2026,11:01:18:530,0.000000,0.000000,3,-85.25,-85.25,0,0,
09/21/2026,11:01:18:581,0.000000,0.000000,4,-114.05,-114.05,0,0,
09/21/2026,11:01:18:755,0.000000,0.000000,1,-108.62,-108.62,0,0,
09/21/2026,11:01:18:831,0.000000,0.000000,2,-108.18,-108.18,0,0,
09/21/2026,11:01:18:879,0.000000,0.000000,3,-88.16,-88.16,0,0,
09/21/2026,11:01:18:930,0.000000,0.000000,4,-116.39,-116.39,0,0,
09/21/2026,11:01:19:103,0.000000,0.000000,1,-110.18,-110.18,0,0,
09/21/2026,11:01:19:170,0.000000,0.000000,2,-107.42,-107.42,0,0,
09/21/2026,11:01:19:224,0.000000,0.000000,3,-80.02,-80.02,0,0,
09/21/2026,11:01:19:280,0.000000,0.000000,4,-113.53,-113.53,0,0,
09/21/2026,11:01:19:455,0.000000,0.000000,1,-107.96,-107.96,0,0,
09/21/2026,11:01:19:553,0.000000,0.000000,2,-108.89,-108.89,0,0,
09/21/2026,11:01:19:607,0.000000,0.000000,3,-88.51,-88.51,0,0,
09/21/2026,11:01:19:678,0.000000,0.000000,4,-116.02,-116.02,0,0,
09/21/2026,11:01:19:812,0.000000,0.000000,1,-110.26,-110.26,0,0,
09/21/2026,11:01:19:866,0.000000,0.000000,2,-109.6,-109.6,0,0,
09/21/2026,11:01:19:922,0.000000,0.000000,3,-81.57,-81.57,0,0,
09/21/2026,11:01:19:975,0.000000,0.000000,4,-114.85,-114.85,0,0,
09/21/2026,11:01:20:142,0.000000,0.000000,1,-108.38,-108.38,0,0,
09/21/2026,11:01:20:213,0.000000,0.000000,2,-108.81,-108.81,0,0,
09/21/2026,11:01:20:265,0.000000,0.000000,3,-87.06,-87.06,0,0,
09/21/2026,11:01:20:327,0.000000,0.000000,4,-113.68,-113.68,0,0,
09/21/2026,11:01:20:497,0.000000,0.000000,1,-109.69,-109.69,0,0,
09/21/2026,11:01:20:558,0.000000,0.000000,2,-108.51,-108.51,0,0,
09/21/2026,11:01:20:613,0.000000,0.000000,3,-90.51,-90.51,0,0,
09/21/2026,11:01:20:664,0.000000,0.000000,4,-115.07,-115.07,0,0,
09/21/2026,11:01:20:837,0.000000,0.000000,1,-110.59,-110.59,0,0,
09/21/2026,11:01:20:907,0.000000,0.000000,2,-107.65,-107.65,0,0,
09/21/2026,11:01:20:960,0.000000,0.000000,3,-84.39,-84.39,0,0,
09/21/2026,11:01:21:010,0.000000,0.000000,4,-115.39,-115.39,0,0,
09/21/2026,11:01:21:185,0.000000,0.000000,1,-108.17,-108.17,0,0,
09/21/2026,11:01:21:251,0.000000,0.000000,2,-106.92,-106.92,0,0,
09/21/2026,11:01:21:348,0.000000,0.000000,3,-76.68,-76.68,0,0,
09/21/2026,11:01:21:358,0.000000,0.000000,4,-114.81,-114.81,0,0,
09/21/2026,11:01:21:546,0.000000,0.000000,1,-108.7,-108.7,0,0,
09/21/2026,11:01:21:621,0.000000,0.000000,2,-107.25,-107.25,0,0,
09/21/2026,11:01:21:666,0.000000,0.000000,3,-85.57,-85.57,0,0,
09/21/2026,11:01:21:707,0.000000,0.000000,4,-115.15,-115.15,0,0,
09/21/2026,11:01:21:878,0.000000,0.000000,1,-107.98,-107.98,0,0,
09/21/2026,11:01:21:945,0.000000,0.000000,2,-109.07,-109.07,0,0,
09/21/2026,11:01:21:999,0.000000,0.000000,3,-81.39,-81.39,0,0,
09/21/2026,11:01:22:056,0.000000,0.000000,4,-113.8,-113.8,0,0,
09/21/2026,11:01:22:222,0.000000,0.000000,1,-107.73,-107.73,0,0,
09/21/2026,11:01:22:293,0.000000,0.000000,2,-105.74,-105.74,0,0,
09/21/2026,11:01:22:346,0.000000,0.000000,3,-76.86,-76.86,0,0,
09/21/2026,11:01:22:397,0.000000,0.000000,4,-112.61,-112.61,0,0,
09/21/2026,11:01:22:570,0.000000,0.000000,1,-107.09,-107.09,0,0,
09/21/2026,11:01:22:639,0.000000,0.000000,2,-107.12,-107.12,0,0,
09/21/2026,11:01:22:694,0.000000,0.000000,3,-87.82,-87.82,0,0,
09/21/2026,11:01:22:745,0.000000,0.000000,4,-115.01,-115.01,0,0,
09/21/2026,11:01:22:916,0.000000,0.000000,1,-109.27,-109.27,0,0,
09/21/2026,11:01:22:988,0.000000,0.000000,2,-107.94,-107.94,0,0,
09/21/2026,11:01:23:041,0.000000,0.000000,3,-82.09,-82.09,0,0,
09/21/2026,11:01:23:092,0.000000,0.000000,4,-114.25,-114.25,0,0,
09/21/2026,11:01:23:263,0.000000,0.000000,1,-111.4,-111.4,0,0,
09/21/2026,11:01:23:341,0.000000,0.000000,2,-108.29,-108.29,0,0,
09/21/2026,11:01:23:411,0.000000,0.000000,3,-77.72,-77.72,0,0,
09/21/2026,11:01:23:482,0.000000,0.000000,4,-112.87,-112.87,0,0,
09/21/2026,11:01:23:610,0.000000,0.000000,1,-109.8,-109.8,0,0,
09/21/2026,11:01:23:681,0.000000,0.000000,2,-109.03,-109.03,0,0,
09/21/2026,11:01:23:734,0.000000,0.000000,3,-78.32,-78.32,0,0,
09/21/2026,11:01:23:786,0.000000,0.000000,4,-113.54,-113.54,0,0,
09/21/2026,11:01:23:956,0.000000,0.000000,1,-108.92,-108.92,0,0,
09/21/2026,11:01:24:027,0.000000,0.000000,2,-106.66,-106.66,0,0,
09/21/2026,11:01:24:097,0.000000,0.000000,3,-78.37,-78.37,0,0,
09/21/2026,11:01:24:131,0.000000,0.000000,4,-113.66,-113.66,0,0,
09/21/2026,11:01:24:305,0.000000,0.000000,1,-108.27,-108.27,0,0,
09/21/2026,11:01:24:377,0.000000,0.000000,2,-108.71,-108.71,0,0,
09/21/2026,11:01:24:439,0.000000,0.000000,3,-80.94,-80.94,0,0,
09/21/2026,11:01:24:875,0.000000,0.000000,4,-114.64,-114.64,0,0,
09/21/2026,11:01:24:974,0.000000,0.000000,1,-110.38,-110.38,0,0,
09/21/2026,11:01:25:014,0.000000,0.000000,2,-107.83,-107.83,0,0,
09/21/2026,11:01:25:029,0.000000,0.000000,3,-78.32,-78.32,0,0,
09/21/2026,11:01:25:070,0.000000,0.000000,4,-114.75,-114.75,0,0,
09/21/2026,11:01:25:137,0.000000,0.000000,1,-110.4,-110.4,0,0,
09/21/2026,11:01:25:178,0.000000,0.000000,2,-108.74,-108.74,0,0,
09/21/2026,11:01:25:189,0.000000,0.000000,3,-80.51,-80.51,0,0,
09/21/2026,11:01:25:228,0.000000,0.000000,4,-113.08,-113.08,0,0,
09/21/2026,11:01:25:346,0.000000,0.000000,1,-109.06,-109.06,0,0,
09/21/2026,11:01:25:414,0.000000,0.000000,2,-106.9,-106.9,0,0,
09/21/2026,11:01:25:466,0.000000,0.000000,3,-76.93,-76.93,0,0,
09/21/2026,11:01:25:519,0.000000,0.000000,4,-114.02,-114.02,0,0,
09/21/2026,11:01:25:695,0.000000,0.000000,1,-108.36,-108.36,0,0,
09/21/2026,11:01:25:761,0.000000,0.000000,2,-108.9,-108.9,0,0,
09/21/2026,11:01:25:816,0.000000,0.000000,3,-74.43,-74.43,0,0,
09/21/2026,11:01:25:872,0.000000,0.000000,4,-112.43,-112.43,0,0,
09/21/2026,11:01:26:037,0.000000,0.000000,1,-107.49,-107.49,0,0,
09/21/2026,11:01:26:111,0.000000,0.000000,2,-107.71,-107.71,0,0,
09/21/2026,11:01:26:162,0.000000,0.000000,3,-77.24,-77.24,0,0,
09/21/2026,11:01:26:224,0.000000,0.000000,4,-115.54,-115.54,0,0,
09/21/2026,11:01:26:387,0.000000,0.000000,1,-107.49,-107.49,0,0,
09/21/2026,11:01:26:457,0.000000,0.000000,2,-108.7,-108.7,0,0,
09/21/2026,11:01:26:507,0.000000,0.000000,3,-81.36,-81.36,0,0,
09/21/2026,11:01:26:565,0.000000,0.000000,4,-114.73,-114.73,0,0,
09/21/2026,11:01:26:745,0.000000,0.000000,1,-108.47,-108.47,0,0,
09/21/2026,11:01:26:851,0.000000,0.000000,2,-106.26,-106.26,0,0,
09/21/2026,11:01:26:869,0.000000,0.000000,3,-80.12,-80.12,0,0,
09/21/2026,11:01:26:906,0.000000,0.000000,4,-114.86,-114.86,0,0,
09/21/2026,11:01:27:081,0.000000,0.000000,1,-107.4,-107.4,0,0,
09/21/2026,11:01:27:147,0.000000,0.000000,2,-106.67,-106.67,0,0,
09/21/2026,11:01:27:201,0.000000,0.000000,3,-77.25,-77.25,0,0,
09/21/2026,11:01:27:261,0.000000,0.000000,4,-115.46,-115.46,0,0,
09/21/2026,11:01:27:427,0.000000,0.000000,1,-108.87,-108.87,0,0,
09/21/2026,11:01:27:502,0.000000,0.000000,2,-107.34,-107.34,0,0,
09/21/2026,11:01:27:550,0.000000,0.000000,3,-82.74,-82.74,0,0,
09/21/2026,11:01:27:604,0.000000,0.000000,4,-113.47,-113.47,0,0,
09/21/2026,11:01:27:772,0.000000,0.000000,1,-109.64,-109.64,0,0,
09/21/2026,11:01:27:843,0.000000,0.000000,2,-107.82,-107.82,0,0,
09/21/2026,11:01:27:896,0.000000,0.000000,3,-96.91,-96.91,0,0,
09/21/2026,11:01:27:954,0.000000,0.000000,4,-113.06,-113.06,0,0,
09/21/2026,11:01:28:122,0.000000,0.000000,1,-109.32,-109.32,0,0,
09/21/2026,11:01:28:192,0.000000,0.000000,2,-107.38,-107.38,0,0,
09/21/2026,11:01:28:243,0.000000,0.000000,3,-84.2,-84.2,0,0,
09/21/2026,11:01:28:294,0.000000,0.000000,4,-114.95,-114.95,0,0,
09/21/2026,11:01:28:471,0.000000,0.000000,1,-107.91,-107.91,0,0,
09/21/2026,11:01:28:549,0.000000,0.000000,2,-109.53,-109.53,0,0,
09/21/2026,11:01:28:595,0.000000,0.000000,3,-79.51,-79.51,0,0,
09/21/2026,11:01:28:641,0.000000,0.000000,4,-114.65,-114.65,0,0,
09/21/2026,11:01:28:847,0.000000,0.000000,1,-107.2,-107.2,0,0,
09/21/2026,11:01:28:911,0.000000,0.000000,2,-106.77,-106.77,0,0,
09/21/2026,11:01:28:955,0.000000,0.000000,3,-76.96,-76.96,0,0,
09/21/2026,11:01:29:037,0.000000,0.000000,4,-114.69,-114.69,0,0,
09/21/2026,11:01:29:207,0.000000,0.000000,1,-106.48,-106.48,0,0,
09/21/2026,11:01:29:238,0.000000,0.000000,2,-106.78,-106.78,0,0,
09/21/2026,11:01:29:282,0.000000,0.000000,3,-75.98,-75.98,0,0,
09/21/2026,11:01:29:335,0.000000,0.000000,4,-114.85,-114.85,0,0,
09/21/2026,11:01:29:513,0.000000,0.000000,1,-107.81,-107.81,0,0,
09/21/2026,11:01:29:576,0.000000,0.000000,2,-107.26,-107.26,0,0,
09/21/2026,11:01:29:628,0.000000,0.000000,3,-76.3,-76.3,0,0,
09/21/2026,11:01:29:694,0.000000,0.000000,4,-112.21,-112.21,0,0,
09/21/2026,11:01:29:854,0.000000,0.000000,1,-107.44,-107.44,0,0,
09/21/2026,11:01:29:927,0.000000,0.000000,2,-106.54,-106.54,0,0,
09/21/2026,11:01:29:977,0.000000,0.000000,3,-75.6,-75.6,0,0,
09/21/2026,11:01:30:042,0.000000,0.000000,4,-114.14,-114.14,0,0,
09/21/2026,11:01:30:202,0.000000,0.000000,1,-106.01,-106.01,0,0,
09/21/2026,11:01:30:273,0.000000,0.000000,2,-106.95,-106.95,0,0,
09/21/2026,11:01:30:322,0.000000,0.000000,3,-74.52,-74.52,0,0,
09/21/2026,11:01:30:374,0.000000,0.000000,4,-113.55,-113.55,0,0,
09/21/2026,11:01:30:585,0.000000,0.000000,1,-107.51,-107.51,0,0,
09/21/2026,11:01:30:635,0.000000,0.000000,2,-106.71,-106.71,0,0,
09/21/2026,11:01:30:689,0.000000,0.000000,3,-76.6,-76.6,0,0,
09/21/2026,11:01:30:766,0.000000,0.000000,4,-113.82,-113.82,0,0,
09/21/2026,11:01:30:893,0.000000,0.000000,1,-107.97,-107.97,0,0,
09/21/2026,11:01:30:975,0.000000,0.000000,2,-107.2,-107.2,0,0,
09/21/2026,11:01:31:020,0.000000,0.000000,3,-76.38,-76.38,0,0,
09/21/2026,11:01:31:075,0.000000,0.000000,4,-116.36,-116.36,0,0,
09/21/2026,11:01:31:246,0.000000,0.000000,1,-107.38,-107.38,0,0,
09/21/2026,11:01:31:315,0.000000,0.000000,2,-106.2,-106.2,0,0,
09/21/2026,11:01:31:366,0.000000,0.000000,3,-78.5,-78.5,0,0,
09/21/2026,11:01:31:417,0.000000,0.000000,4,-112.68,-112.68,0,0,
09/21/2026,11:01:31:591,0.000000,0.000000,1,-106.66,-106.66,0,0,
09/21/2026,11:01:31:656,0.000000,0.000000,2,-107.59,-107.59,0,0,
09/21/2026,11:01:31:715,0.000000,0.000000,3,-84.07,-84.07,0,0,
09/21/2026,11:01:31:774,0.000000,0.000000,4,-115.35,-115.35,0,0,
09/21/2026,11:01:31:940,0.000000,0.000000,1,-109.95,-109.95,0,0,
09/21/2026,11:01:32:003,0.000000,0.000000,2,-108.08,-108.08,0,0,
09/21/2026,11:01:32:055,0.000000,0.000000,3,-90.98,-90.98,0,0,
09/21/2026,11:01:32:115,0.000000,0.000000,4,-115.28,-115.28,0,0,
09/21/2026,11:01:32:281,0.000000,0.000000,1,-107.53,-107.53,0,0,
09/21/2026,11:01:32:359,0.000000,0.000000,2,-107.62,-107.62,0,0,
09/21/2026,11:01:32:451,0.000000,0.000000,3,-86.73,-86.73,0,0,
09/21/2026,11:01:32:507,0.000000,0.000000,4,-112.25,-112.25,0,0,
09/21/2026,11:01:32:651,0.000000,0.000000,1,-108.47,-108.47,0,0,
09/21/2026,11:01:32:699,0.000000,0.000000,2,-108.56,-108.56,0,0,
09/21/2026,11:01:32:768,0.000000,0.000000,3,-98.8,-98.8,0,0,
09/21/2026,11:01:32:804,0.000000,0.000000,4,-113.85,-113.85,0,0,
09/21/2026,11:01:32:975,0.000000,0.000000,1,-108.82,-108.82,0,0,
09/21/2026,11:01:33:061,0.000000,0.000000,2,-108.82,-108.82,0,0,
09/21/2026,11:01:33:100,0.000000,0.000000,3,-86.68,-86.68,0,0,
09/21/2026,11:01:33:153,0.000000,0.000000,4,-115.83,-115.83,0,0,
09/21/2026,11:01:33:332,0.000000,0.000000,1,-108.04,-108.04,0,0,
09/21/2026,11:01:33:396,0.000000,0.000000,2,-107.85,-107.85,0,0,
09/21/2026,11:01:33:449,0.000000,0.000000,3,-88.89,-88.89,0,0,
09/21/2026,11:01:33:498,0.000000,0.000000,4,-113.44,-113.44,0,0,
09/21/2026,11:01:33:671,0.000000,0.000000,1,-109.65,-109.65,0,0,
09/21/2026,11:01:33:738,0.000000,0.000000,2,-108.15,-108.15,0,0,
09/21/2026,11:01:33:792,0.000000,0.000000,3,-88.55,-88.55,0,0,
09/21/2026,11:01:33:849,0.000000,0.000000,4,-117.03,-117.03,0,0,
09/21/2026,11:01:34:017,0.000000,0.000000,1,-107.69,-107.69,0,0,
09/21/2026,11:01:34:092,0.000000,0.000000,2,-107.66,-107.66,0,0,
09/21/2026,11:01:34:138,0.000000,0.000000,3,-89.54,-89.54,0,0,
09/21/2026,11:01:34:190,0.000000,0.000000,4,-112.31,-112.31,0,0,
09/21/2026,11:01:34:409,0.000000,0.000000,1,-109.34,-109.34,0,0,
09/21/2026,11:01:34:543,0.000000,0.000000,2,-107.95,-107.95,0,0,
09/21/2026,11:01:34:564,0.000000,0.000000,3,-89.29,-89.29,0,0,
09/21/2026,11:01:34:603,0.000000,0.000000,4,-114.21,-114.21,0,0,
09/21/2026,11:01:34:712,0.000000,0.000000,1,-109.86,-109.86,0,0,
09/21/2026,11:01:34:779,0.000000,0.000000,2,-106.73,-106.73,0,0,
09/21/2026,11:01:34:842,0.000000,0.000000,3,-87.07,-87.07,0,0,
09/21/2026,11:01:34:922,0.000000,0.000000,4,-114.83,-114.83,0,0,
09/21/2026,11:01:35:399,0.000000,0.000000,1,-107.83,-107.83,0,0,
09/21/2026,11:01:35:421,0.000000,0.000000,2,-107.49,-107.49,0,0,
09/21/2026,11:01:35:438,0.000000,0.000000,3,-86.52,-86.52,0,0,
09/21/2026,11:01:35:448,0.000000,0.000000,4,-114.25,-114.25,0,0,
09/21/2026,11:01:35:505,0.000000,0.000000,1,-108.99,-108.99,0,0,
09/21/2026,11:01:35:538,0.000000,0.000000,2,-108.98,-108.98,0,0,
09/21/2026,11:01:35:549,0.000000,0.000000,3,-87.57,-87.57,0,0,
09/21/2026,11:01:35:578,0.000000,0.000000,4,-117.69,-117.69,0,0,
09/21/2026,11:01:35:750,0.000000,0.000000,1,-108.01,-108.01,0,0,
09/21/2026,11:01:35:820,0.000000,0.000000,2,-107.67,-107.67,0,0,
09/21/2026,11:01:35:873,0.000000,0.000000,3,-89.21,-89.21,0,0,
09/21/2026,11:01:35:925,0.000000,0.000000,4,-115.46,-115.46,0,0,
09/21/2026,11:01:36:096,0.000000,0.000000,1,-109.06,-109.06,0,0,
09/21/2026,11:01:36:168,0.000000,0.000000,2,-107.9,-107.9,0,0,
09/21/2026,11:01:36:222,0.000000,0.000000,3,-86.43,-86.43,0,0,
09/21/2026,11:01:36:285,0.000000,0.000000,4,-116.34,-116.34,0,0,
09/21/2026,11:01:36:448,0.000000,0.000000,1,-107.45,-107.45,0,0,
09/21/2026,11:01:36:562,0.000000,0.000000,2,-110.17,-110.17,0,0,
09/21/2026,11:01:36:574,0.000000,0.000000,3,-85.1,-85.1,0,0,
09/21/2026,11:01:36:621,0.000000,0.000000,4,-115.38,-115.38,0,0,
09/21/2026,11:01:36:792,0.000000,0.000000,1,-108.67,-108.67,0,0,
09/21/2026,11:01:36:861,0.000000,0.000000,2,-107.86,-107.86,0,0,
09/21/2026,11:01:36:914,0.000000,0.000000,3,-84.94,-84.94,0,0,
09/21/2026,11:01:36:968,0.000000,0.000000,4,-114.56,-114.56,0,0,
09/21/2026,11:01:37:137,0.000000,0.000000,1,-108.28,-108.28,0,0,
09/21/2026,11:01:37:205,0.000000,0.000000,2,-109.38,-109.38,0,0,
09/21/2026,11:01:37:262,0.000000,0.000000,3,-82.63,-82.63,0,0,
09/21/2026,11:01:37:314,0.000000,0.000000,4,-115.24,-115.24,0,0,
09/21/2026,11:01:37:484,0.000000,0.000000,1,-108.9,-108.9,0,0,
09/21/2026,11:01:37:555,0.000000,0.000000,2,-109.25,-109.25,0,0,
09/21/2026,11:01:37:607,0.000000,0.000000,3,-82.87,-82.87,0,0,
09/21/2026,11:01:37:669,0.000000,0.000000,4,-115.76,-115.76,0,0,
09/21/2026,11:01:37:832,0.000000,0.000000,1,-109.22,-109.22,0,0,
09/21/2026,11:01:37:907,0.000000,0.000000,2,-109.61,-109.61,0,0,
09/21/2026,11:01:37:954,0.000000,0.000000,3,-87.52,-87.52,0,0,
09/21/2026,11:01:38:006,0.000000,0.000000,4,-114.72,-114.72,0,0,
09/21/2026,11:01:38:188,0.000000,0.000000,1,-109.85,-109.85,0,0,
09/21/2026,11:01:38:272,0.000000,0.000000,2,-108.86,-108.86,0,0,
09/21/2026,11:01:38:315,0.000000,0.000000,3,-79.75,-79.75,0,0,
09/21/2026,11:01:38:388,0.000000,0.000000,4,-114.76,-114.76,0,0,
09/21/2026,11:01:38:525,0.000000,0.000000,1,-109.59,-109.59,0,0,
09/21/2026,11:01:38:596,0.000000,0.000000,2,-107.24,-107.24,0,0,
09/21/2026,11:01:38:655,0.000000,0.000000,3,-80.59,-80.59,0,0,
09/21/2026,11:01:38:700,0.000000,0.000000,4,-114.27,-114.27,0,0,
09/21/2026,11:01:38:876,0.000000,0.000000,1,-108.95,-108.95,0,0,
09/21/2026,11:01:38:940,0.000000,0.000000,2,-108.22,-108.22,0,0,
09/21/2026,11:01:38:995,0.000000,0.000000,3,-79.47,-79.47,0,0,
09/21/2026,11:01:39:061,0.000000,0.000000,4,-116.77,-116.77,0,0,
09/21/2026,11:01:39:218,0.000000,0.000000,1,-109.47,-109.47,0,0,
09/21/2026,11:01:39:289,0.000000,0.000000,2,-108.56,-108.56,0,0,
09/21/2026,11:01:39:360,0.000000,0.000000,3,-76.72,-76.72,0,0,
09/21/2026,11:01:39:393,0.000000,0.000000,4,-114.82,-114.82,0,0,
09/21/2026,11:01:39:565,0.000000,0.000000,1,-107.8,-107.8,0,0,
09/21/2026,11:01:39:635,0.000000,0.000000,2,-107.92,-107.92,0,0,
09/21/2026,11:01:39:696,0.000000,0.000000,3,-77.21,-77.21,0,0,
09/21/2026,11:01:39:740,0.000000,0.000000,4,-114.13,-114.13,0,0,
09/21/2026,11:01:39:915,0.000000,0.000000,1,-106.48,-106.48,0,0,
09/21/2026,11:01:40:024,0.000000,0.000000,2,-107.65,-107.65,0,0,
09/21/2026,11:01:40:040,0.000000,0.000000,3,-80.57,-80.57,0,0,
09/21/2026,11:01:40:109,0.000000,0.000000,4,-114.46,-114.46,0,0,
09/21/2026,11:01:40:288,0.000000,0.000000,1,-109.49,-109.49,0,0,
09/21/2026,11:01:40:329,0.000000,0.000000,2,-107.26,-107.26,0,0,
09/21/2026,11:01:40:386,0.000000,0.000000,3,-79.06,-79.06,0,0,
09/21/2026,11:01:40:435,0.000000,0.000000,4,-114.14,-114.14,0,0,
09/21/2026,11:01:40:610,0.000000,0.000000,1,-108.12,-108.12,0,0,
09/21/2026,11:01:40:674,0.000000,0.000000,2,-108.17,-108.17,0,0,
09/21/2026,11:01:40:740,0.000000,0.000000,3,-78,-78,0,0,
09/21/2026,11:01:40:788,0.000000,0.000000,4,-112.91,-112.91,0,0,
09/21/2026,11:01:40:959,0.000000,0.000000,1,-108.75,-108.75,0,0,
09/21/2026,11:01:41:024,0.000000,0.000000,2,-107.26,-107.26,0,0,
09/21/2026,11:01:41:088,0.000000,0.000000,3,-79.61,-79.61,0,0,
09/21/2026,11:01:41:127,0.000000,0.000000,4,-114.21,-114.21,0,0,
09/21/2026,11:01:41:303,0.000000,0.000000,1,-108.91,-108.91,0,0,
09/21/2026,11:01:41:371,0.000000,0.000000,2,-109.67,-109.67,0,0,
09/21/2026,11:01:41:423,0.000000,0.000000,3,-81.47,-81.47,0,0,
09/21/2026,11:01:41:484,0.000000,0.000000,4,-115.54,-115.54,0,0,
09/21/2026,11:01:41:669,0.000000,0.000000,1,-109.2,-109.2,0,0,
09/21/2026,11:01:41:715,0.000000,0.000000,2,-107.81,-107.81,0,0,
09/21/2026,11:01:41:836,0.000000,0.000000,3,-80.01,-80.01,0,0,
09/21/2026,11:01:41:881,0.000000,0.000000,4,-114.7,-114.7,0,0,
09/21/2026,11:01:42:016,0.000000,0.000000,1,-108.36,-108.36,0,0,
09/21/2026,11:01:42:068,0.000000,0.000000,2,-110.6,-110.6,0,0,
09/21/2026,11:01:42:116,0.000000,0.000000,3,-84.25,-84.25,0,0,
09/21/2026,11:01:42:168,0.000000,0.000000,4,-114.55,-114.55,0,0,
09/21/2026,11:01:42:342,0.000000,0.000000,1,-110.39,-110.39,0,0,
09/21/2026,11:01:42:409,0.000000,0.000000,2,-108.95,-108.95,0,0,
09/21/2026,11:01:42:462,0.000000,0.000000,3,-85.41,-85.41,0,0,
09/21/2026,11:01:42:524,0.000000,0.000000,4,-115.66,-115.66,0,0,
09/21/2026,11:01:42:685,0.000000,0.000000,1,-109.67,-109.67,0,0,
09/21/2026,11:01:42:771,0.000000,0.000000,2,-109.31,-109.31,0,0,
09/21/2026,11:01:42:817,0.000000,0.000000,3,-82.31,-82.31,0,0,
09/21/2026,11:01:42:865,0.000000,0.000000,4,-114.69,-114.69,0,0,
09/21/2026,11:01:43:033,0.000000,0.000000,1,-109.01,-109.01,0,0,
09/21/2026,11:01:43:104,0.000000,0.000000,2,-108.05,-108.05,0,0,
09/21/2026,11:01:43:157,0.000000,0.000000,3,-86.63,-86.63,0,0,
09/21/2026,11:01:43:208,0.000000,0.000000,4,-116.17,-116.17,0,0,
09/21/2026,11:01:43:380,0.000000,0.000000,1,-109.63,-109.63,0,0,
09/21/2026,11:01:43:452,0.000000,0.000000,2,-108.2,-108.2,0,0,
09/21/2026,11:01:43:506,0.000000,0.000000,3,-96.85,-96.85,0,0,
09/21/2026,11:01:43:561,0.000000,0.000000,4,-115.86,-115.86,0,0,
09/21/2026,11:01:43:754,0.000000,0.000000,1,-110.43,-110.43,0,0,
09/21/2026,11:01:43:859,0.000000,0.000000,2,-108.16,-108.16,0,0,
09/21/2026,11:01:43:871,0.000000,0.000000,3,-90.72,-90.72,0,0,
09/21/2026,11:01:43:918,0.000000,0.000000,4,-115.35,-115.35,0,0,
09/21/2026,11:01:44:078,0.000000,0.000000,1,-109.03,-109.03,0,0,
09/21/2026,11:01:44:143,0.000000,0.000000,2,-107.92,-107.92,0,0,
09/21/2026,11:01:44:200,0.000000,0.000000,3,-87.07,-87.07,0,0,
09/21/2026,11:01:44:249,0.000000,0.000000,4,-115.5,-115.5,0,0,
09/21/2026,11:01:44:422,0.000000,0.000000,1,-108.16,-108.16,0,0,
09/21/2026,11:01:44:501,0.000000,0.000000,2,-109.38,-109.38,0,0,
09/21/2026,11:01:44:544,0.000000,0.000000,3,-85.88,-85.88,0,0,
09/21/2026,11:01:44:597,0.000000,0.000000,4,-113.74,-113.74,0,0,
09/21/2026,11:01:44:767,0.000000,0.000000,1,-109.09,-109.09,0,0,
09/21/2026,11:01:44:841,0.000000,0.000000,2,-107.98,-107.98,0,0,
09/21/2026,11:01:44:892,0.000000,0.000000,3,-85.5,-85.5,0,0,
09/21/2026,11:01:44:946,0.000000,0.000000,4,-113.87,-113.87,0,0,
09/21/2026,11:01:45:126,0.000000,0.000000,1,-108.59,-108.59,0,0,
09/21/2026,11:01:45:185,0.000000,0.000000,2,-107.1,-107.1,0,0,
09/21/2026,11:01:45:247,0.000000,0.000000,3,-85.07,-85.07,0,0,
09/21/2026,11:01:45:291,0.000000,0.000000,4,-116.48,-116.48,0,0,
09/21/2026,11:01:45:871,0.000000,0.000000,1,-108.57,-108.57,0,0,
09/21/2026,11:01:45:890,0.000000,0.000000,2,-108.76,-108.76,0,0,
09/21/2026,11:01:45:901,0.000000,0.000000,3,-84,-84,0,0,
09/21/2026,11:01:45:912,0.000000,0.000000,4,-113.82,-113.82,0,0,
09/21/2026,11:01:45:961,0.000000,0.000000,1,-109.78,-109.78,0,0,
09/21/2026,11:01:45:979,0.000000,0.000000,2,-108.38,-108.38,0,0,
09/21/2026,11:01:45:994,0.000000,0.000000,3,-84.1,-84.1,0,0,
09/21/2026,11:01:46:009,0.000000,0.000000,4,-114.45,-114.45,0,0,
09/21/2026,11:01:46:156,0.000000,0.000000,1,-111.1,-111.1,0,0,
09/21/2026,11:01:46:225,0.000000,0.000000,2,-108.11,-108.11,0,0,
09/21/2026,11:01:46:277,0.000000,0.000000,3,-81.47,-81.47,0,0,
09/21/2026,11:01:46:333,0.000000,0.000000,4,-114.51,-114.51,0,0,
09/21/2026,11:01:46:503,0.000000,0.000000,1,-109.39,-109.39,0,0,
09/21/2026,11:01:46:575,0.000000,0.000000,2,-109.18,-109.18,0,0,
09/21/2026,11:01:46:625,0.000000,0.000000,3,-84.63,-84.63,0,0,
09/21/2026,11:01:46:680,0.000000,0.000000,4,-114.54,-114.54,0,0,
09/21/2026,11:01:46:851,0.000000,0.000000,1,-109.41,-109.41,0,0,
09/21/2026,11:01:46:924,0.000000,0.000000,2,-109.01,-109.01,0,0,
09/21/2026,11:01:46:972,0.000000,0.000000,3,-81.56,-81.56,0,0,
09/21/2026,11:01:47:023,0.000000,0.000000,4,-116.21,-116.21,0,0,
09/21/2026,11:01:47:195,0.000000,0.000000,1,-109.3,-109.3,0,0,
09/21/2026,11:01:47:274,0.000000,0.000000,2,-108.33,-108.33,0,0,
09/21/2026,11:01:47:359,0.000000,0.000000,3,-82.34,-82.34,0,0,
09/21/2026,11:01:47:371,0.000000,0.000000,4,-113.69,-113.69,0,0,
09/21/2026,11:01:47:564,0.000000,0.000000,1,-112.34,-112.34,0,0,
09/21/2026,11:01:47:617,0.000000,0.000000,2,-108.08,-108.08,0,0,
09/21/2026,11:01:47:664,0.000000,0.000000,3,-92.47,-92.47,0,0,
09/21/2026,11:01:47:726,0.000000,0.000000,4,-115.17,-115.17,0,0,
09/21/2026,11:01:47:889,0.000000,0.000000,1,-109.75,-109.75,0,0,
09/21/2026,11:01:47:961,0.000000,0.000000,2,-109.44,-109.44,0,0,
09/21/2026,11:01:48:010,0.000000,0.000000,3,-86.58,-86.58,0,0,
09/21/2026,11:01:48:062,0.000000,0.000000,4,-114.91,-114.91,0,0,
09/21/2026,11:01:48:237,0.000000,0.000000,1,-110.35,-110.35,0,0,
09/21/2026,11:01:48:306,0.000000,0.000000,2,-108.96,-108.96,0,0,
09/21/2026,11:01:48:359,0.000000,0.000000,3,-79.08,-79.08,0,0,
09/21/2026,11:01:48:422,0.000000,0.000000,4,-114.44,-114.44,0,0,
09/21/2026,11:01:48:582,0.000000,0.000000,1,-110.05,-110.05,0,0,
09/21/2026,11:01:48:652,0.000000,0.000000,2,-108.21,-108.21,0,0,
09/21/2026,11:01:48:710,0.000000,0.000000,3,-77.25,-77.25,0,0,
09/21/2026,11:01:48:763,0.000000,0.000000,4,-114.93,-114.93,0,0,
09/21/2026,11:01:48:930,0.000000,0.000000,1,-110,-110,0,0,
09/21/2026,11:01:48:999,0.000000,0.000000,2,-108.29,-108.29,0,0,
09/21/2026,11:01:49:061,0.000000,0.000000,3,-78.55,-78.55,0,0,
09/21/2026,11:01:49:124,0.000000,0.000000,4,-112.95,-112.95,0,0,
09/21/2026,11:01:49:285,0.000000,0.000000,1,-108.62,-108.62,0,0,
09/21/2026,11:01:49:399,0.000000,0.000000,2,-108.47,-108.47,0,0,
09/21/2026,11:01:49:412,0.000000,0.000000,3,-75.12,-75.12,0,0,
09/21/2026,11:01:49:454,0.000000,0.000000,4,-113.09,-113.09,0,0,
09/21/2026,11:01:49:623,0.000000,0.000000,1,-108.87,-108.87,0,0,
09/21/2026,11:01:49:701,0.000000,0.000000,2,-108.7,-108.7,0,0,
09/21/2026,11:01:49:744,0.000000,0.000000,3,-76.65,-76.65,0,0,
09/21/2026,11:01:49:804,0.000000,0.000000,4,-113.79,-113.79,0,0,
09/21/2026,11:01:49:970,0.000000,0.000000,1,-107.37,-107.37,0,0,
09/21/2026,11:01:50:040,0.000000,0.000000,2,-108.65,-108.65,0,0,
09/21/2026,11:01:50:092,0.000000,0.000000,3,-75.4,-75.4,0,0,
09/21/2026,11:01:50:147,0.000000,0.000000,4,-113.83,-113.83,0,0,
09/21/2026,11:01:50:324,0.000000,0.000000,1,-107.28,-107.28,0,0,
09/21/2026,11:01:50:388,0.000000,0.000000,2,-107.55,-107.55,0,0,
09/21/2026,11:01:50:439,0.000000,0.000000,3,-77.71,-77.71,0,0,
09/21/2026,11:01:50:494,0.000000,0.000000,4,-113.52,-113.52,0,0,
09/21/2026,11:01:50:668,0.000000,0.000000,1,-109.43,-109.43,0,0,
09/21/2026,11:01:50:732,0.000000,0.000000,2,-108.68,-108.68,0,0,
09/21/2026,11:01:50:788,0.000000,0.000000,3,-73.83,-73.83,0,0,
09/21/2026,11:01:50:844,0.000000,0.000000,4,-111.38,-111.38,0,0,
09/21/2026,11:01:51:009,0.000000,0.000000,1,-107.72,-107.72,0,0,
09/21/2026,11:01:51:080,0.000000,0.000000,2,-106.83,-106.83,0,0,
09/21/2026,11:01:51:134,0.000000,0.000000,3,-74.01,-74.01,0,0,
09/21/2026,11:01:51:187,0.000000,0.000000,4,-112.38,-112.38,0,0,
09/21/2026,11:01:51:376,0.000000,0.000000,1,-108.25,-108.25,0,0,
09/21/2026,11:01:51:463,0.000000,0.000000,2,-106.99,-106.99,0,0,
09/21/2026,11:01:51:501,0.000000,0.000000,3,-73.83,-73.83,0,0,
09/21/2026,11:01:51:535,0.000000,0.000000,4,-112.57,-112.57,0,0,
09/21/2026,11:01:51:708,0.000000,0.000000,1,-108.71,-108.71,0,0,
09/21/2026,11:01:51:778,0.000000,0.000000,2,-108.54,-108.54,0,0,
09/21/2026,11:01:51:827,0.000000,0.000000,3,-72.64,-72.64,0,0,
09/21/2026,11:01:51:879,0.000000,0.000000,4,-112.32,-112.32,0,0,
09/21/2026,11:01:52:057,0.000000,0.000000,1,-109.19,-109.19,0,0,
09/21/2026,11:01:52:124,0.000000,0.000000,2,-109.06,-109.06,0,0,
09/21/2026,11:01:52:176,0.000000,0.000000,3,-72.32,-72.32,0,0,
09/21/2026,11:01:52:226,0.000000,0.000000,4,-111.1,-111.1,0,0,
09/21/2026,11:01:52:398,0.000000,0.000000,1,-108.73,-108.73,0,0,
09/21/2026,11:01:52:467,0.000000,0.000000,2,-108.17,-108.17,0,0,
09/21/2026,11:01:52:520,0.000000,0.000000,3,-72.62,-72.62,0,0,
09/21/2026,11:01:52:575,0.000000,0.000000,4,-112.04,-112.04,0,0,
09/21/2026,11:01:52:748,0.000000,0.000000,1,-109.54,-109.54,0,0,
09/21/2026,11:01:52:815,0.000000,0.000000,2,-108.24,-108.24,0,0,
09/21/2026,11:01:52:869,0.000000,0.000000,3,-73.49,-73.49,0,0,
09/21/2026,11:01:52:920,0.000000,0.000000,4,-112,-112,0,0,
09/21/2026,11:01:53:122,0.000000,0.000000,1,-110.13,-110.13,0,0,
09/21/2026,11:01:53:192,0.000000,0.000000,2,-109.58,-109.58,0,0,
09/21/2026,11:01:53:264,0.000000,0.000000,3,-74.24,-74.24,0,0,
09/21/2026,11:01:53:276,0.000000,0.000000,4,-112.4,-112.4,0,0,
09/21/2026,11:01:53:439,0.000000,0.000000,1,-109.59,-109.59,0,0,
09/21/2026,11:01:53:510,0.000000,0.000000,2,-107.62,-107.62,0,0,
09/21/2026,11:01:53:562,0.000000,0.000000,3,-73.46,-73.46,0,0,
09/21/2026,11:01:53:613,0.000000,0.000000,4,-114.84,-114.84,0,0,
09/21/2026,11:01:53:787,0.000000,0.000000,1,-109.5,-109.5,0,0,
09/21/2026,11:01:53:859,0.000000,0.000000,2,-106.91,-106.91,0,0,
09/21/2026,11:01:53:912,0.000000,0.000000,3,-73.5,-73.5,0,0,
09/21/2026,11:01:53:960,0.000000,0.000000,4,-112.16,-112.16,0,0,
09/21/2026,11:01:54:133,0.000000,0.000000,1,-107.85,-107.85,0,0,
09/21/2026,11:01:54:202,0.000000,0.000000,2,-106.97,-106.97,0,0,
09/21/2026,11:01:54:257,0.000000,0.000000,3,-72.63,-72.63,0,0,
09/21/2026,11:01:54:306,0.000000,0.000000,4,-113.17,-113.17,0,0,
09/21/2026,11:01:54:478,0.000000,0.000000,1,-107.29,-107.29,0,0,
09/21/2026,11:01:54:551,0.000000,0.000000,2,-106.63,-106.63,0,0,
09/21/2026,11:01:54:607,0.000000,0.000000,3,-73.91,-73.91,0,0,
09/21/2026,11:01:54:658,0.000000,0.000000,4,-114.06,-114.06,0,0,
09/21/2026,11:01:54:854,0.000000,0.000000,1,-108.3,-108.3,0,0,
09/21/2026,11:01:54:907,0.000000,0.000000,2,-107.66,-107.66,0,0,
09/21/2026,11:01:54:978,0.000000,0.000000,3,-73.35,-73.35,0,0,
09/21/2026,11:01:55:058,0.000000,0.000000,4,-114.45,-114.45,0,0,
09/21/2026,11:01:55:171,0.000000,0.000000,1,-108.23,-108.23,0,0,
09/21/2026,11:01:55:244,0.000000,0.000000,2,-107.4,-107.4,0,0,
09/21/2026,11:01:55:295,0.000000,0.000000,3,-71.16,-71.16,0,0,
09/21/2026,11:01:55:355,0.000000,0.000000,4,-115.47,-115.47,0,0,
09/21/2026,11:01:55:520,0.000000,0.000000,1,-107.75,-107.75,0,0,
09/21/2026,11:01:55:590,0.000000,0.000000,2,-106.64,-106.64,0,0,
09/21/2026,11:01:55:643,0.000000,0.000000,3,-70.46,-70.46,0,0,
09/21/2026,11:01:55:695,0.000000,0.000000,4,-111.45,-111.45,0,0,
09/21/2026,11:01:55:868,0.000000,0.000000,1,-108.98,-108.98,0,0,
09/21/2026,11:01:55:943,0.000000,0.000000,2,-107.85,-107.85,0,0,
09/21/2026,11:01:55:988,0.000000,0.000000,3,-71.59,-71.59,0,0,
09/21/2026,11:01:56:040,0.000000,0.000000,4,-113.43,-113.43,0,0,
09/21/2026,11:01:56:215,0.000000,0.000000,1,-108,-108,0,0,
09/21/2026,11:01:56:282,0.000000,0.000000,2,-107.4,-107.4,0,0,
09/21/2026,11:01:56:337,0.000000,0.000000,3,-73.63,-73.63,0,0,
09/21/2026,11:01:56:390,0.000000,0.000000,4,-113.49,-113.49,0,0,
09/21/2026,11:01:56:574,0.000000,0.000000,1,-108.22,-108.22,0,0,
09/21/2026,11:01:56:630,0.000000,0.000000,2,-107.02,-107.02,0,0,
09/21/2026,11:01:56:701,0.000000,0.000000,3,-74.64,-74.64,0,0,
09/21/2026,11:01:56:748,0.000000,0.000000,4,-111.91,-111.91,0,0,
09/21/2026,11:01:56:908,0.000000,0.000000,1,-110.34,-110.34,0,0,
09/21/2026,11:01:56:979,0.000000,0.000000,2,-107.17,-107.17,0,0,
09/21/2026,11:01:57:029,0.000000,0.000000,3,-75.13,-75.13,0,0,
09/21/2026,11:01:57:084,0.000000,0.000000,4,-113.39,-113.39,0,0,
09/21/2026,11:01:57:256,0.000000,0.000000,1,-108.6,-108.6,0,0,
09/21/2026,11:01:57:325,0.000000,0.000000,2,-106.72,-106.72,0,0,
09/21/2026,11:01:57:379,0.000000,0.000000,3,-76.94,-76.94,0,0,
09/21/2026,11:01:57:435,0.000000,0.000000,4,-114.06,-114.06,0,0,
09/21/2026,11:01:57:603,0.000000,0.000000,1,-108.72,-108.72,0,0,
09/21/2026,11:01:57:673,0.000000,0.000000,2,-107.93,-107.93,0,0,
09/21/2026,11:01:57:723,0.000000,0.000000,3,-78.87,-78.87,0,0,
09/21/2026,11:01:57:777,0.000000,0.000000,4,-113.04,-113.04,0,0,
09/21/2026,11:01:57:947,0.000000,0.000000,1,-109.17,-109.17,0,0,
09/21/2026,11:01:58:018,0.000000,0.000000,2,-107.05,-107.05,0,0,
09/21/2026,11:01:58:070,0.000000,0.000000,3,-78.66,-78.66,0,0,
09/21/2026,11:01:58:123,0.000000,0.000000,4,-114.65,-114.65,0,0,
09/21/2026,11:01:58:297,0.000000,0.000000,1,-110.3,-110.3,0,0,
09/21/2026,11:01:58:412,0.000000,0.000000,2,-107.2,-107.2,0,0,
09/21/2026,11:01:58:423,0.000000,0.000000,3,-78.24,-78.24,0,0,
09/21/2026,11:01:58:481,0.000000,0.000000,4,-112.74,-112.74,0,0,
09/21/2026,11:01:58:643,0.000000,0.000000,1,-109.38,-109.38,0,0,
09/21/2026,11:01:58:713,0.000000,0.000000,2,-107.78,-107.78,0,0,
09/21/2026,11:01:58:765,0.000000,0.000000,3,-75.36,-75.36,0,0,
09/21/2026,11:01:58:818,0.000000,0.000000,4,-113.67,-113.67,0,0,
09/21/2026,11:01:58:991,0.000000,0.000000,1,-109.13,-109.13,0,0,
09/21/2026,11:01:59:059,0.000000,0.000000,2,-108.81,-108.81,0,0,
09/21/2026,11:01:59:112,0.000000,0.000000,3,-82.04,-82.04,0,0,
09/21/2026,11:01:59:163,0.000000,0.000000,4,-114.86,-114.86,0,0,
09/21/2026,11:01:59:336,0.000000,0.000000,1,-110.64,-110.64,0,0,
09/21/2026,11:01:59:405,0.000000,0.000000,2,-108.57,-108.57,0,0,
09/21/2026,11:01:59:457,0.000000,0.000000,3,-81.1,-81.1,0,0,
09/21/2026,11:01:59:510,0.000000,0.000000,4,-114.62,-114.62,0,0,
09/21/2026,11:01:59:683,0.000000,0.000000,1,-110.81,-110.81,0,0,
09/21/2026,11:01:59:750,0.000000,0.000000,2,-109.68,-109.68,0,0,
09/21/2026,11:01:59:810,0.000000,0.000000,3,-77.66,-77.66,0,0,
09/21/2026,11:01:59:859,0.000000,0.000000,4,-113.3,-113.3,0,0,
09/21/2026,11:02:00:038,0.000000,0.000000,1,-109.57,-109.57,0,0,
09/21/2026,11:02:00:098,0.000000,0.000000,2,-108.24,-108.24,0,0,
09/21/2026,11:02:00:159,0.000000,0.000000,3,-75.44,-75.44,0,0,
09/21/2026,11:02:00:206,0.000000,0.000000,4,-113.55,-113.55,0,0,
09/21/2026,11:02:00:382,0.000000,0.000000,1,-111.06,-111.06,0,0,
09/21/2026,11:02:00:462,0.000000,0.000000,2,-109.26,-109.26,0,0,
09/21/2026,11:02:00:539,0.000000,0.000000,3,-77.96,-77.96,0,0,
09/21/2026,11:02:00:591,0.000000,0.000000,4,-113.4,-113.4,0,0,
09/21/2026,11:02:00:727,0.000000,0.000000,1,-111.64,-111.64,0,0,
09/21/2026,11:02:00:793,0.000000,0.000000,2,-107.48,-107.48,0,0,
09/21/2026,11:02:00:845,0.000000,0.000000,3,-77.88,-77.88,0,0,
09/21/2026,11:02:00:899,0.000000,0.000000,4,-114.3,-114.3,0,0,
09/21/2026,11:02:01:424,0.000000,0.000000,1,-109.9,-109.9,0,0,
09/21/2026,11:02:01:440,0.000000,0.000000,2,-107.29,-107.29,0,0,
09/21/2026,11:02:01:451,0.000000,0.000000,3,-82.45,-82.45,0,0,
09/21/2026,11:02:01:466,0.000000,0.000000,4,-114.24,-114.24,0,0,
09/21/2026,11:02:01:515,0.000000,0.000000,1,-111.73,-111.73,0,0,
09/21/2026,11:02:01:541,0.000000,0.000000,2,-109.66,-109.66,0,0,
09/21/2026,11:02:01:551,0.000000,0.000000,3,-83.06,-83.06,0,0,
09/21/2026,11:02:01:593,0.000000,0.000000,4,-113.37,-113.37,0,0,
09/21/2026,11:02:01:773,0.000000,0.000000,1,-112.29,-112.29,0,0,
09/21/2026,11:02:01:831,0.000000,0.000000,2,-107.46,-107.46,0,0,
09/21/2026,11:02:01:887,0.000000,0.000000,3,-85.48,-85.48,0,0,
09/21/2026,11:02:01:938,0.000000,0.000000,4,-114.71,-114.71,0,0,
09/21/2026,11:02:02:113,0.000000,0.000000,1,-111.61,-111.61,0,0,
09/21/2026,11:02:02:183,0.000000,0.000000,2,-107.51,-107.51,0,0,
09/21/2026,11:02:02:236,0.000000,0.000000,3,-92.76,-92.76,0,0,
09/21/2026,11:02:02:306,0.000000,0.000000,4,-112.99,-112.99,0,0,
09/21/2026,11:02:02:456,0.000000,0.000000,1,-110.26,-110.26,0,0,
09/21/2026,11:02:02:579,0.000000,0.000000,2,-108.09,-108.09,0,0,
09/21/2026,11:02:02:589,0.000000,0.000000,3,-91.02,-91.02,0,0,
09/21/2026,11:02:02:631,0.000000,0.000000,4,-113.72,-113.72,0,0,
09/21/2026,11:02:02:806,0.000000,0.000000,1,-111.41,-111.41,0,0,
09/21/2026,11:02:02:877,0.000000,0.000000,2,-107.15,-107.15,0,0,
09/21/2026,11:02:02:927,0.000000,0.000000,3,-87.81,-87.81,0,0,
09/21/2026,11:02:02:979,0.000000,0.000000,4,-114.51,-114.51,0,0,
09/21/2026,11:02:03:151,0.000000,0.000000,1,-111.6,-111.6,0,0,
09/21/2026,11:02:03:221,0.000000,0.000000,2,-106.58,-106.58,0,0,
09/21/2026,11:02:03:273,0.000000,0.000000,3,-80.8,-80.8,0,0,
09/21/2026,11:02:03:324,0.000000,0.000000,4,-117.06,-117.06,0,0,
09/21/2026,11:02:03:498,0.000000,0.000000,1,-109.16,-109.16,0,0,
09/21/2026,11:02:03:568,0.000000,0.000000,2,-108.69,-108.69,0,0,
09/21/2026,11:02:03:622,0.000000,0.000000,3,-83.55,-83.55,0,0,
09/21/2026,11:02:03:678,0.000000,0.000000,4,-115.82,-115.82,0,0,
09/21/2026,11:02:03:844,0.000000,0.000000,1,-111.73,-111.73,0,0,
09/21/2026,11:02:03:913,0.000000,0.000000,2,-106.5,-106.5,0,0,
09/21/2026,11:02:03:966,0.000000,0.000000,3,-82.49,-82.49,0,0,
09/21/2026,11:02:04:020,0.000000,0.000000,4,-113.54,-113.54,0,0,
09/21/2026,11:02:04:209,0.000000,0.000000,1,-109.78,-109.78,0,0,
09/21/2026,11:02:04:301,0.000000,0.000000,2,-107.03,-107.03,0,0,
09/21/2026,11:02:04:344,0.000000,0.000000,3,-75.17,-75.17,0,0,
09/21/2026,11:02:04:419,0.000000,0.000000,4,-113.11,-113.11,0,0,
09/21/2026,11:02:04:538,0.000000,0.000000,1,-106.47,-106.47,0,0,
09/21/2026,11:02:04:609,0.000000,0.000000,2,-106.99,-106.99,0,0,
09/21/2026,11:02:04:664,0.000000,0.000000,3,-73.83,-73.83,0,0,
09/21/2026,11:02:04:715,0.000000,0.000000,4,-114.49,-114.49,0,0,
09/21/2026,11:02:04:885,0.000000,0.000000,1,-108.07,-108.07,0,0,
09/21/2026,11:02:04:955,0.000000,0.000000,2,-107.57,-107.57,0,0,
09/21/2026,11:02:05:006,0.000000,0.000000,3,-75.89,-75.89,0,0,
09/21/2026,11:02:05:064,0.000000,0.000000,4,-112.71,-112.71,0,0,
09/21/2026,11:02:05:232,0.000000,0.000000,1,-109.75,-109.75,0,0,
09/21/2026,11:02:05:301,0.000000,0.000000,2,-106.93,-106.93,0,0,
09/21/2026,11:02:05:354,0.000000,0.000000,3,-81.25,-81.25,0,0,
09/21/2026,11:02:05:408,0.000000,0.000000,4,-115.85,-115.85,0,0,
09/21/2026,11:02:05:579,0.000000,0.000000,1,-109.7,-109.7,0,0,
09/21/2026,11:02:05:653,0.000000,0.000000,2,-106.26,-106.26,0,0,
09/21/2026,11:02:05:701,0.000000,0.000000,3,-83.21,-83.21,0,0,
09/21/2026,11:02:05:757,0.000000,0.000000,4,-114.35,-114.35,0,0,
09/21/2026,11:02:05:924,0.000000,0.000000,1,-110.25,-110.25,0,0,
09/21/2026,11:02:06:006,0.000000,0.000000,2,-107.75,-107.75,0,0,
09/21/2026,11:02:06:064,0.000000,0.000000,3,-81.23,-81.23,0,0,
09/21/2026,11:02:06:131,0.000000,0.000000,4,-113.19,-113.19,0,0,
09/21/2026,11:02:06:272,0.000000,0.000000,1,-110.82,-110.82,0,0,
09/21/2026,11:02:06:365,0.000000,0.000000,2,-107.63,-107.63,0,0,
09/21/2026,11:02:06:401,0.000000,0.000000,3,-73.71,-73.71,0,0,
09/21/2026,11:02:06:448,0.000000,0.000000,4,-115.25,-115.25,0,0,
09/21/2026,11:02:06:619,0.000000,0.000000,1,-111.31,-111.31,0,0,
09/21/2026,11:02:06:690,0.000000,0.000000,2,-108.1,-108.1,0,0,
09/21/2026,11:02:06:744,0.000000,0.000000,3,-71.84,-71.84,0,0,
09/21/2026,11:02:06:793,0.000000,0.000000,4,-114.69,-114.69,0,0,
09/21/2026,11:02:06:964,0.000000,0.000000,1,-111.53,-111.53,0,0,
09/21/2026,11:02:07:035,0.000000,0.000000,2,-108.62,-108.62,0,0,
09/21/2026,11:02:07:088,0.000000,0.000000,3,-78.05,-78.05,0,0,
09/21/2026,11:02:07:147,0.000000,0.000000,4,-113.26,-113.26,0,0,
09/21/2026,11:02:07:313,0.000000,0.000000,1,-110.48,-110.48,0,0,
09/21/2026,11:02:07:388,0.000000,0.000000,2,-106.18,-106.18,0,0,
09/21/2026,11:02:07:435,0.000000,0.000000,3,-77.86,-77.86,0,0,
09/21/2026,11:02:07:488,0.000000,0.000000,4,-114.48,-114.48,0,0,
09/21/2026,11:02:07:659,0.000000,0.000000,1,-108.33,-108.33,0,0,
09/21/2026,11:02:07:730,0.000000,0.000000,2,-108.31,-108.31,0,0,
09/21/2026,11:02:07:830,0.000000,0.000000,3,-74.32,-74.32,0,0,
09/21/2026,11:02:07:842,0.000000,0.000000,4,-114.63,-114.63,0,0,
09/21/2026,11:02:08:060,0.000000,0.000000,1,-109.56,-109.56,0,0,
09/21/2026,11:02:08:076,0.000000,0.000000,2,-105.32,-105.32,0,0,
09/21/2026,11:02:08:134,0.000000,0.000000,3,-72.49,-72.49,0,0,
09/21/2026,11:02:08:181,0.000000,0.000000,4,-113.98,-113.98,0,0,
09/21/2026,11:02:08:365,0.000000,0.000000,1,-109.61,-109.61,0,0,
09/21/2026,11:02:08:422,0.000000,0.000000,2,-106.8,-106.8,0,0,
09/21/2026,11:02:08:476,0.000000,0.000000,3,-73.67,-73.67,0,0,
09/21/2026,11:02:08:530,0.000000,0.000000,4,-114.13,-114.13,0,0,
09/21/2026,11:02:08:702,0.000000,0.000000,1,-110.05,-110.05,0,0,
09/21/2026,11:02:08:775,0.000000,0.000000,2,-107.78,-107.78,0,0,
09/21/2026,11:02:08:822,0.000000,0.000000,3,-75.34,-75.34,0,0,
09/21/2026,11:02:08:893,0.000000,0.000000,4,-113.47,-113.47,0,0,
09/21/2026,11:02:09:050,0.000000,0.000000,1,-109.38,-109.38,0,0,
09/21/2026,11:02:09:118,0.000000,0.000000,2,-107.63,-107.63,0,0,
09/21/2026,11:02:09:174,0.000000,0.000000,3,-73.23,-73.23,0,0,
09/21/2026,11:02:09:223,0.000000,0.000000,4,-112.89,-112.89,0,0,
09/21/2026,11:02:09:393,0.000000,0.000000,1,-109.91,-109.91,0,0,
09/21/2026,11:02:09:464,0.000000,0.000000,2,-108.3,-108.3,0,0,
09/21/2026,11:02:09:515,0.000000,0.000000,3,-75.47,-75.47,0,0,
09/21/2026,11:02:09:574,0.000000,0.000000,4,-113.43,-113.43,0,0,
09/21/2026,11:02:09:743,0.000000,0.000000,1,-111.03,-111.03,0,0,
09/21/2026,11:02:09:813,0.000000,0.000000,2,-108.1,-108.1,0,0,
09/21/2026,11:02:09:887,0.000000,0.000000,3,-77.85,-77.85,0,0,
09/21/2026,11:02:09:957,0.000000,0.000000,4,-114.15,-114.15,0,0,
09/21/2026,11:02:10:088,0.000000,0.000000,1,-112.1,-112.1,0,0,
09/21/2026,11:02:10:176,0.000000,0.000000,2,-108.01,-108.01,0,0,
09/21/2026,11:02:10:215,0.000000,0.000000,3,-82.7,-82.7,0,0,
09/21/2026,11:02:10:262,0.000000,0.000000,4,-114.54,-114.54,0,0,
09/21/2026,11:02:10:434,0.000000,0.000000,1,-111.45,-111.45,0,0,
09/21/2026,11:02:10:504,0.000000,0.000000,2,-108,-108,0,0,
09/21/2026,11:02:10:558,0.000000,0.000000,3,-81.53,-81.53,0,0,
09/21/2026,11:02:10:611,0.000000,0.000000,4,-113.29,-113.29,0,0,
09/21/2026,11:02:10:781,0.000000,0.000000,1,-111.67,-111.67,0,0,
09/21/2026,11:02:10:849,0.000000,0.000000,2,-108.5,-108.5,0,0,
09/21/2026,11:02:10:905,0.000000,0.000000,3,-84.02,-84.02,0,0,
09/21/2026,11:02:10:957,0.000000,0.000000,4,-114.78,-114.78,0,0,
09/21/2026,11:02:11:127,0.000000,0.000000,1,-111.48,-111.48,0,0,
09/21/2026,11:02:11:197,0.000000,0.000000,2,-106.53,-106.53,0,0,
09/21/2026,11:02:11:249,0.000000,0.000000,3,-79.21,-79.21,0,0,
09/21/2026,11:02:11:302,0.000000,0.000000,4,-113.27,-113.27,0,0,
09/21/2026,11:02:11:481,0.000000,0.000000,1,-110.04,-110.04,0,0,
09/21/2026,11:02:11:572,0.000000,0.000000,2,-107.45,-107.45,0,0,
09/21/2026,11:02:11:640,0.000000,0.000000,3,-79.85,-79.85,0,0,
09/21/2026,11:02:11:658,0.000000,0.000000,4,-115.47,-115.47,0,0,
09/21/2026,11:02:11:828,0.000000,0.000000,1,-111.87,-111.87,0,0,
09/21/2026,11:02:11:896,0.000000,0.000000,2,-108.77,-108.77,0,0,
09/21/2026,11:02:11:944,0.000000,0.000000,3,-83.68,-83.68,0,0,
09/21/2026,11:02:11:997,0.000000,0.000000,4,-114.05,-114.05,0,0,
09/21/2026,11:02:12:170,0.000000,0.000000,1,-111.19,-111.19,0,0,
09/21/2026,11:02:12:237,0.000000,0.000000,2,-107.96,-107.96,0,0,
09/21/2026,11:02:12:289,0.000000,0.000000,3,-78.85,-78.85,0,0,
09/21/2026,11:02:12:352,0.000000,0.000000,4,-113.29,-113.29,0,0,
09/21/2026,11:02:12:519,0.000000,0.000000,1,-111.15,-111.15,0,0,
09/21/2026,11:02:12:585,0.000000,0.000000,2,-106.96,-106.96,0,0,
09/21/2026,11:02:12:636,0.000000,0.000000,3,-80.93,-80.93,0,0,
09/21/2026,11:02:12:691,0.000000,0.000000,4,-113.12,-113.12,0,0,
09/21/2026,11:02:12:863,0.000000,0.000000,1,-110.45,-110.45,0,0,
09/21/2026,11:02:12:932,0.000000,0.000000,2,-107.78,-107.78,0,0,
09/21/2026,11:02:12:986,0.000000,0.000000,3,-80.03,-80.03,0,0,
09/21/2026,11:02:13:035,0.000000,0.000000,4,-113.01,-113.01,0,0,
09/21/2026,11:02:13:213,0.000000,0.000000,1,-111.19,-111.19,0,0,
09/21/2026,11:02:13:285,0.000000,0.000000,2,-107.94,-107.94,0,0,
09/21/2026,11:02:13:336,0.000000,0.000000,3,-91.89,-91.89,0,0,
09/21/2026,11:02:13:404,0.000000,0.000000,4,-113.72,-113.72,0,0,
09/21/2026,11:02:13:572,0.000000,0.000000,1,-112.2,-112.2,0,0,
09/21/2026,11:02:13:644,0.000000,0.000000,2,-107.01,-107.01,0,0,
09/21/2026,11:02:13:678,0.000000,0.000000,3,-83.49,-83.49,0,0,
09/21/2026,11:02:13:731,0.000000,0.000000,4,-113.82,-113.82,0,0,
09/21/2026,11:02:13:911,0.000000,0.000000,1,-112.1,-112.1,0,0,
09/21/2026,11:02:13:975,0.000000,0.000000,2,-108.3,-108.3,0,0,
09/21/2026,11:02:14:024,0.000000,0.000000,3,-86.52,-86.52,0,0,
09/21/2026,11:02:14:079,0.000000,0.000000,4,-114.26,-114.26,0,0,
09/21/2026,11:02:14:248,0.000000,0.000000,1,-109.86,-109.86,0,0,
09/21/2026,11:02:14:319,0.000000,0.000000,2,-108.85,-108.85,0,0,
09/21/2026,11:02:14:371,0.000000,0.000000,3,-88.79,-88.79,0,0,
09/21/2026,11:02:14:424,0.000000,0.000000,4,-113.45,-113.45,0,0,
09/21/2026,11:02:14:594,0.000000,0.000000,1,-112.3,-112.3,0,0,
09/21/2026,11:02:14:666,0.000000,0.000000,2,-107.54,-107.54,0,0,
09/21/2026,11:02:14:718,0.000000,0.000000,3,-80.4,-80.4,0,0,
09/21/2026,11:02:14:770,0.000000,0.000000,4,-115.66,-115.66,0,0,
09/21/2026,11:02:14:947,0.000000,0.000000,1,-110.32,-110.32,0,0,
09/21/2026,11:02:15:011,0.000000,0.000000,2,-107.69,-107.69,0,0,
09/21/2026,11:02:15:075,0.000000,0.000000,3,-86.85,-86.85,0,0,
09/21/2026,11:02:15:116,0.000000,0.000000,4,-114.55,-114.55,0,0,
09/21/2026,11:02:15:306,0.000000,0.000000,1,-111.43,-111.43,0,0,
09/21/2026,11:02:15:412,0.000000,0.000000,2,-107.01,-107.01,0,0,
09/21/2026,11:02:15:430,0.000000,0.000000,3,-78.56,-78.56,0,0,
09/21/2026,11:02:15:472,0.000000,0.000000,4,-112.06,-112.06,0,0,
09/21/2026,11:02:15:644,0.000000,0.000000,1,-112.36,-112.36,0,0,
09/21/2026,11:02:15:712,0.000000,0.000000,2,-106.54,-106.54,0,0,
09/21/2026,11:02:15:760,0.000000,0.000000,3,-80.11,-80.11,0,0,
09/21/2026,11:02:15:811,0.000000,0.000000,4,-112.76,-112.76,0,0,
09/21/2026,11:02:15:984,0.000000,0.000000,1,-110.72,-110.72,0,0,
09/21/2026,11:02:16:053,0.000000,0.000000,2,-107.73,-107.73,0,0,
09/21/2026,11:02:16:106,0.000000,0.000000,3,-86.43,-86.43,0,0,
09/21/2026,11:02:16:162,0.000000,0.000000,4,-113.95,-113.95,0,0,
09/21/2026,11:02:16:331,0.000000,0.000000,1,-111.93,-111.93,0,0,
09/21/2026,11:02:16:400,0.000000,0.000000,2,-108.41,-108.41,0,0,
09/21/2026,11:02:16:452,0.000000,0.000000,3,-79.74,-79.74,0,0,
09/21/2026,11:02:16:520,0.000000,0.000000,4,-113.86,-113.86,0,0,
09/21/2026,11:02:16:677,0.000000,0.000000,1,-111.91,-111.91,0,0,
09/21/2026,11:02:16:748,0.000000,0.000000,2,-106.49,-106.49,0,0,
09/21/2026,11:02:16:800,0.000000,0.000000,3,-82.39,-82.39,0,0,
09/21/2026,11:02:16:852,0.000000,0.000000,4,-114.56,-114.56,0,0,
09/21/2026,11:02:17:026,0.000000,0.000000,1,-111.93,-111.93,0,0,
09/21/2026,11:02:17:092,0.000000,0.000000,2,-108.14,-108.14,0,0,
09/21/2026,11:02:17:147,0.000000,0.000000,3,-80.45,-80.45,0,0,
09/21/2026,11:02:17:205,0.000000,0.000000,4,-113.21,-113.21,0,0,
09/21/2026,11:02:17:405,0.000000,0.000000,1,-112.02,-112.02,0,0,
09/21/2026,11:02:17:484,0.000000,0.000000,2,-106.75,-106.75,0,0,
09/21/2026,11:02:17:526,0.000000,0.000000,3,-83.76,-83.76,0,0,
09/21/2026,11:02:17:548,0.000000,0.000000,4,-115.77,-115.77,0,0,
09/21/2026,11:02:17:717,0.000000,0.000000,1,-112.25,-112.25,0,0,
09/21/2026,11:02:17:789,0.000000,0.000000,2,-107.9,-107.9,0,0,
09/21/2026,11:02:17:858,0.000000,0.000000,3,-83,-83,0,0,
09/21/2026,11:02:17:892,0.000000,0.000000,4,-113.81,-113.81,0,0,
09/21/2026,11:02:18:066,0.000000,0.000000,1,-114.57,-114.57,0,0,
09/21/2026,11:02:18:132,0.000000,0.000000,2,-107.54,-107.54,0,0,
09/21/2026,11:02:18:186,0.000000,0.000000,3,-88.17,-88.17,0,0,
09/21/2026,11:02:18:239,0.000000,0.000000,4,-112.43,-112.43,0,0,
09/21/2026,11:02:18:415,0.000000,0.000000,1,-112,-112,0,0,
09/21/2026,11:02:18:481,0.000000,0.000000,2,-108.18,-108.18,0,0,
09/21/2026,11:02:18:537,0.000000,0.000000,3,-87.59,-87.59,0,0,
09/21/2026,11:02:18:586,0.000000,0.000000,4,-114.22,-114.22,0,0,
09/21/2026,11:02:18:759,0.000000,0.000000,1,-111.85,-111.85,0,0,
09/21/2026,11:02:18:827,0.000000,0.000000,2,-107.71,-107.71,0,0,
09/21/2026,11:02:18:964,0.000000,0.000000,3,-83.32,-83.32,0,0,
09/21/2026,11:02:18:980,0.000000,0.000000,4,-114.4,-114.4,0,0,
09/21/2026,11:02:19:142,0.000000,0.000000,1,-111.95,-111.95,0,0,
09/21/2026,11:02:19:174,0.000000,0.000000,2,-108.62,-108.62,0,0,
09/21/2026,11:02:19:228,0.000000,0.000000,3,-83.62,-83.62,0,0,
09/21/2026,11:02:19:284,0.000000,0.000000,4,-115.22,-115.22,0,0,
09/21/2026,11:02:19:453,0.000000,0.000000,1,-111.37,-111.37,0,0,
09/21/2026,11:02:19:530,0.000000,0.000000,2,-107.05,-107.05,0,0,
09/21/2026,11:02:19:574,0.000000,0.000000,3,-83.13,-83.13,0,0,
09/21/2026,11:02:19:631,0.000000,0.000000,4,-114.76,-114.76,0,0,
09/21/2026,11:02:19:798,0.000000,0.000000,1,-110.28,-110.28,0,0,
09/21/2026,11:02:19:867,0.000000,0.000000,2,-106.94,-106.94,0,0,
09/21/2026,11:02:19:921,0.000000,0.000000,3,-77.02,-77.02,0,0,
09/21/2026,11:02:19:975,0.000000,0.000000,4,-113.36,-113.36,0,0,
09/21/2026,11:02:20:144,0.000000,0.000000,1,-111.32,-111.32,0,0,
09/21/2026,11:02:20:217,0.000000,0.000000,2,-106.49,-106.49,0,0,
09/21/2026,11:02:20:267,0.000000,0.000000,3,-84,-84,0,0,
09/21/2026,11:02:20:320,0.000000,0.000000,4,-114.85,-114.85,0,0,
09/21/2026,11:02:20:496,0.000000,0.000000,1,-111.11,-111.11,0,0,
09/21/2026,11:02:20:563,0.000000,0.000000,2,-106.81,-106.81,0,0,
09/21/2026,11:02:20:618,0.000000,0.000000,3,-84.58,-84.58,0,0,
09/21/2026,11:02:20:668,0.000000,0.000000,4,-114.26,-114.26,0,0,
09/21/2026,11:02:20:841,0.000000,0.000000,1,-111.22,-111.22,0,0,
09/21/2026,11:02:20:909,0.000000,0.000000,2,-106.98,-106.98,0,0,
09/21/2026,11:02:20:965,0.000000,0.000000,3,-84.31,-84.31,0,0,
09/21/2026,11:02:21:034,0.000000,0.000000,4,-111.54,-111.54,0,0,
09/21/2026,11:02:21:246,0.000000,0.000000,1,-109.53,-109.53,0,0,
09/21/2026,11:02:21:264,0.000000,0.000000,2,-107.14,-107.14,0,0,
09/21/2026,11:02:21:309,0.000000,0.000000,3,-89.56,-89.56,0,0,
09/21/2026,11:02:21:360,0.000000,0.000000,4,-116.1,-116.1,0,0,
09/21/2026,11:02:21:539,0.000000,0.000000,1,-111.74,-111.74,0,0,
09/21/2026,11:02:21:606,0.000000,0.000000,2,-107.36,-107.36,0,0,
09/21/2026,11:02:21:657,0.000000,0.000000,3,-89.35,-89.35,0,0,
09/21/2026,11:02:21:718,0.000000,0.000000,4,-113.71,-113.71,0,0,
09/21/2026,11:02:21:881,0.000000,0.000000,1,-110.9,-110.9,0,0,
09/21/2026,11:02:21:949,0.000000,0.000000,2,-107.75,-107.75,0,0,
09/21/2026,11:02:22:004,0.000000,0.000000,3,-84.72,-84.72,0,0,
09/21/2026,11:02:22:056,0.000000,0.000000,4,-113.55,-113.55,0,0,
09/21/2026,11:02:22:226,0.000000,0.000000,1,-112.77,-112.77,0,0,
09/21/2026,11:02:22:297,0.000000,0.000000,2,-106.69,-106.69,0,0,
09/21/2026,11:02:22:349,0.000000,0.000000,3,-86.75,-86.75,0,0,
09/21/2026,11:02:22:430,0.000000,0.000000,4,-115.1,-115.1,0,0,
09/21/2026,11:02:22:576,0.000000,0.000000,1,-113.38,-113.38,0,0,
09/21/2026,11:02:22:658,0.000000,0.000000,2,-106.32,-106.32,0,0,
09/21/2026,11:02:22:721,0.000000,0.000000,3,-86.74,-86.74,0,0,
09/21/2026,11:02:22:791,0.000000,0.000000,4,-114.74,-114.74,0,0,
09/21/2026,11:02:22:923,0.000000,0.000000,1,-111.05,-111.05,0,0,
09/21/2026,11:02:22:991,0.000000,0.000000,2,-105.86,-105.86,0,0,
09/21/2026,11:02:23:042,0.000000,0.000000,3,-86.15,-86.15,0,0,
09/21/2026,11:02:23:097,0.000000,0.000000,4,-115.57,-115.57,0,0,
09/21/2026,11:02:23:268,0.000000,0.000000,1,-111.75,-111.75,0,0,
09/21/2026,11:02:23:338,0.000000,0.000000,2,-106.03,-106.03,0,0,
09/21/2026,11:02:23:391,0.000000,0.000000,3,-84.11,-84.11,0,0,
09/21/2026,11:02:23:453,0.000000,0.000000,4,-114.01,-114.01,0,0,
09/21/2026,11:02:23:615,0.000000,0.000000,1,-110.29,-110.29,0,0,
09/21/2026,11:02:23:684,0.000000,0.000000,2,-105.2,-105.2,0,0,
09/21/2026,11:02:23:737,0.000000,0.000000,3,-87.5,-87.5,0,0,
09/21/2026,11:02:23:797,0.000000,0.000000,4,-115.01,-115.01,0,0,
09/21/2026,11:02:23:965,0.000000,0.000000,1,-113.33,-113.33,0,0,
09/21/2026,11:02:24:032,0.000000,0.000000,2,-106.2,-106.2,0,0,
09/21/2026,11:02:24:082,0.000000,0.000000,3,-88.75,-88.75,0,0,
09/21/2026,11:02:24:136,0.000000,0.000000,4,-115.71,-115.71,0,0,
09/21/2026,11:02:24:308,0.000000,0.000000,1,-112.16,-112.16,0,0,
09/21/2026,11:02:24:377,0.000000,0.000000,2,-106.21,-106.21,0,0,
09/21/2026,11:02:24:439,0.000000,0.000000,3,-90.56,-90.56,0,0,
09/21/2026,11:02:24:509,0.000000,0.000000,4,-115.12,-115.12,0,0,
09/21/2026,11:02:24:679,0.000000,0.000000,1,-112.17,-112.17,0,0,
09/21/2026,11:02:24:739,0.000000,0.000000,2,-107.47,-107.47,0,0,
09/21/2026,11:02:24:814,0.000000,0.000000,3,-88.23,-88.23,0,0,
09/21/2026,11:02:24:841,0.000000,0.000000,4,-114.7,-114.7,0,0,
09/21/2026,11:02:25:003,0.000000,0.000000,1,-112.38,-112.38,0,0,
09/21/2026,11:02:25:073,0.000000,0.000000,2,-107.69,-107.69,0,0,
09/21/2026,11:02:25:125,0.000000,0.000000,3,-89.03,-89.03,0,0,
09/21/2026,11:02:25:177,0.000000,0.000000,4,-114.89,-114.89,0,0,
09/21/2026,11:02:25:356,0.000000,0.000000,1,-110.98,-110.98,0,0,
09/21/2026,11:02:25:419,0.000000,0.000000,2,-106.54,-106.54,0,0,
09/21/2026,11:02:25:471,0.000000,0.000000,3,-97.14,-97.14,0,0,
09/21/2026,11:02:25:535,0.000000,0.000000,4,-114.33,-114.33,0,0,
09/21/2026,11:02:25:695,0.000000,0.000000,1,-113.79,-113.79,0,0,
09/21/2026,11:02:25:766,0.000000,0.000000,2,-107.22,-107.22,0,0,
09/21/2026,11:02:25:816,0.000000,0.000000,3,-85.06,-85.06,0,0,
09/21/2026,11:02:25:882,0.000000,0.000000,4,-113.1,-113.1,0,0,
09/21/2026,11:02:26:046,0.000000,0.000000,1,-112.53,-112.53,0,0,
09/21/2026,11:02:26:111,0.000000,0.000000,2,-107.13,-107.13,0,0,
09/21/2026,11:02:26:167,0.000000,0.000000,3,-87.01,-87.01,0,0,
09/21/2026,11:02:26:217,0.000000,0.000000,4,-114.7,-114.7,0,0,
09/21/2026,11:02:26:412,0.000000,0.000000,1,-108.08,-108.08,0,0,
09/21/2026,11:02:26:490,0.000000,0.000000,2,-106.69,-106.69,0,0,
09/21/2026,11:02:26:537,0.000000,0.000000,3,-87.58,-87.58,0,0,
09/21/2026,11:02:26:613,0.000000,0.000000,4,-115.55,-115.55,0,0,
09/21/2026,11:02:27:050,0.000000,0.000000,1,-111.39,-111.39,0,0,
09/21/2026,11:02:27:073,0.000000,0.000000,2,-106.11,-106.11,0,0,
09/21/2026,11:02:27:083,0.000000,0.000000,3,-88.48,-88.48,0,0,
09/21/2026,11:02:27:107,0.000000,0.000000,4,-114.93,-114.93,0,0,
09/21/2026,11:02:27:155,0.000000,0.000000,1,-111.4,-111.4,0,0,
09/21/2026,11:02:27:173,0.000000,0.000000,2,-106.76,-106.76,0,0,
09/21/2026,11:02:27:205,0.000000,0.000000,3,-89.59,-89.59,0,0,
09/21/2026,11:02:27:257,0.000000,0.000000,4,-114.61,-114.61,0,0,
09/21/2026,11:02:27:428,0.000000,0.000000,1,-111.9,-111.9,0,0,
09/21/2026,11:02:27:499,0.000000,0.000000,2,-109.74,-109.74,0,0,
09/21/2026,11:02:27:553,0.000000,0.000000,3,-85.97,-85.97,0,0,
09/21/2026,11:02:27:606,0.000000,0.000000,4,-113.98,-113.98,0,0,
09/21/2026,11:02:27:778,0.000000,0.000000,1,-112.35,-112.35,0,0,
09/21/2026,11:02:27:845,0.000000,0.000000,2,-107.09,-107.09,0,0,
09/21/2026,11:02:27:900,0.000000,0.000000,3,-85.33,-85.33,0,0,
09/21/2026,11:02:27:955,0.000000,0.000000,4,-115.95,-115.95,0,0,
09/21/2026,11:02:28:180,0.000000,0.000000,1,-112.15,-112.15,0,0,
09/21/2026,11:02:28:240,0.000000,0.000000,2,-106.15,-106.15,0,0,
09/21/2026,11:02:28:256,0.000000,0.000000,3,-89.65,-89.65,0,0,
09/21/2026,11:02:28:300,0.000000,0.000000,4,-114.91,-114.91,0,0,
09/21/2026,11:02:28:483,0.000000,0.000000,1,-111.64,-111.64,0,0,
09/21/2026,11:02:28:542,0.000000,0.000000,2,-107.15,-107.15,0,0,
09/21/2026,11:02:28:593,0.000000,0.000000,3,-87.88,-87.88,0,0,
09/21/2026,11:02:28:646,0.000000,0.000000,4,-115.19,-115.19,0,0,
09/21/2026,11:02:28:820,0.000000,0.000000,1,-109.9,-109.9,0,0,
09/21/2026,11:02:28:888,0.000000,0.000000,2,-106.28,-106.28,0,0,
09/21/2026,11:02:28:942,0.000000,0.000000,3,-92.45,-92.45,0,0,
09/21/2026,11:02:28:992,0.000000,0.000000,4,-116.03,-116.03,0,0,
09/21/2026,11:02:29:162,0.000000,0.000000,1,-113.2,-113.2,0,0,
09/21/2026,11:02:29:235,0.000000,0.000000,2,-108.35,-108.35,0,0,
09/21/2026,11:02:29:285,0.000000,0.000000,3,-85.31,-85.31,0,0,
09/21/2026,11:02:29:340,0.000000,0.000000,4,-115.01,-115.01,0,0,
09/21/2026,11:02:29:511,0.000000,0.000000,1,-113.09,-113.09,0,0,
09/21/2026,11:02:29:580,0.000000,0.000000,2,-108.06,-108.06,0,0,
09/21/2026,11:02:29:634,0.000000,0.000000,3,-89.36,-89.36,0,0,
09/21/2026,11:02:29:692,0.000000,0.000000,4,-114.07,-114.07,0,0,
09/21/2026,11:02:29:863,0.000000,0.000000,1,-112.37,-112.37,0,0,
09/21/2026,11:02:29:931,0.000000,0.000000,2,-107.38,-107.38,0,0,
09/21/2026,11:02:29:980,0.000000,0.000000,3,-88.92,-88.92,0,0,
09/21/2026,11:02:30:042,0.000000,0.000000,4,-115.42,-115.42,0,0,
09/21/2026,11:02:30:207,0.000000,0.000000,1,-112.9,-112.9,0,0,
09/21/2026,11:02:30:292,0.000000,0.000000,2,-107.64,-107.64,0,0,
09/21/2026,11:02:30:343,0.000000,0.000000,3,-87.47,-87.47,0,0,
09/21/2026,11:02:30:378,0.000000,0.000000,4,-114.84,-114.84,0,0,
09/21/2026,11:02:30:550,0.000000,0.000000,1,-111.78,-111.78,0,0,
09/21/2026,11:02:30:626,0.000000,0.000000,2,-106.93,-106.93,0,0,
09/21/2026,11:02:30:678,0.000000,0.000000,3,-88.08,-88.08,0,0,
09/21/2026,11:02:30:726,0.000000,0.000000,4,-114.48,-114.48,0,0,
09/21/2026,11:02:30:903,0.000000,0.000000,1,-113.74,-113.74,0,0,
09/21/2026,11:02:30:968,0.000000,0.000000,2,-106.53,-106.53,0,0,
09/21/2026,11:02:31:025,0.000000,0.000000,3,-94.04,-94.04,0,0,
09/21/2026,11:02:31:072,0.000000,0.000000,4,-114.45,-114.45,0,0,
09/21/2026,11:02:31:253,0.000000,0.000000,1,-110.67,-110.67,0,0,
09/21/2026,11:02:31:315,0.000000,0.000000,2,-105.61,-105.61,0,0,
09/21/2026,11:02:31:371,0.000000,0.000000,3,-91.34,-91.34,0,0,
09/21/2026,11:02:31:419,0.000000,0.000000,4,-113.81,-113.81,0,0,
09/21/2026,11:02:31:593,0.000000,0.000000,1,-112.97,-112.97,0,0,
09/21/2026,11:02:31:660,0.000000,0.000000,2,-105.28,-105.28,0,0,
09/21/2026,11:02:31:714,0.000000,0.000000,3,-86.27,-86.27,0,0,
09/21/2026,11:02:31:772,0.000000,0.000000,4,-116.54,-116.54,0,0,
09/21/2026,11:02:31:956,0.000000,0.000000,1,-112.46,-112.46,0,0,
09/21/2026,11:02:32:039,0.000000,0.000000,2,-108.2,-108.2,0,0,
09/21/2026,11:02:32:063,0.000000,0.000000,3,-84.28,-84.28,0,0,
09/21/2026,11:02:32:164,0.000000,0.000000,4,-114.86,-114.86,0,0,
09/21/2026,11:02:32:285,0.000000,0.000000,1,-111.11,-111.11,0,0,
09/21/2026,11:02:32:354,0.000000,0.000000,2,-107.34,-107.34,0,0,
09/21/2026,11:02:32:414,0.000000,0.000000,3,-87.46,-87.46,0,0,
09/21/2026,11:02:32:463,0.000000,0.000000,4,-115.78,-115.78,0,0,
09/21/2026,11:02:32:630,0.000000,0.000000,1,-113.6,-113.6,0,0,
09/21/2026,11:02:32:699,0.000000,0.000000,2,-106.57,-106.57,0,0,
09/21/2026,11:02:32:752,0.000000,0.000000,3,-82.92,-82.92,0,0,
09/21/2026,11:02:32:808,0.000000,0.000000,4,-116.53,-116.53,0,0,
09/21/2026,11:02:32:985,0.000000,0.000000,1,-112.02,-112.02,0,0,
09/21/2026,11:02:33:049,0.000000,0.000000,2,-107.95,-107.95,0,0,
09/21/2026,11:02:33:100,0.000000,0.000000,3,-83.35,-83.35,0,0,
09/21/2026,11:02:33:158,0.000000,0.000000,4,-114.65,-114.65,0,0,
09/21/2026,11:02:33:326,0.000000,0.000000,1,-112.51,-112.51,0,0,
09/21/2026,11:02:33:396,0.000000,0.000000,2,-107.95,-107.95,0,0,
09/21/2026,11:02:33:447,0.000000,0.000000,3,-86.17,-86.17,0,0,
09/21/2026,11:02:33:504,0.000000,0.000000,4,-115.08,-115.08,0,0,
09/21/2026,11:02:33:675,0.000000,0.000000,1,-113.26,-113.26,0,0,
09/21/2026,11:02:33:743,0.000000,0.000000,2,-108.28,-108.28,0,0,
09/21/2026,11:02:33:795,0.000000,0.000000,3,-85.87,-85.87,0,0,
09/21/2026,11:02:33:846,0.000000,0.000000,4,-116.6,-116.6,0,0,
09/21/2026,11:02:34:019,0.000000,0.000000,1,-110.61,-110.61,0,0,
09/21/2026,11:02:34:098,0.000000,0.000000,2,-108.55,-108.55,0,0,
09/21/2026,11:02:34:165,0.000000,0.000000,3,-88.22,-88.22,0,0,
09/21/2026,11:02:34:219,0.000000,0.000000,4,-115.29,-115.29,0,0,
09/21/2026,11:02:34:364,0.000000,0.000000,1,-112.41,-112.41,0,0,
09/21/2026,11:02:34:437,0.000000,0.000000,2,-108.34,-108.34,0,0,
09/21/2026,11:02:34:506,0.000000,0.000000,3,-83.46,-83.46,0,0,
09/21/2026,11:02:34:540,0.000000,0.000000,4,-115.42,-115.42,0,0,
09/21/2026,11:02:34:713,0.000000,0.000000,1,-110.81,-110.81,0,0,
09/21/2026,11:02:34:782,0.000000,0.000000,2,-106.76,-106.76,0,0,
09/21/2026,11:02:34:834,0.000000,0.000000,3,-82.51,-82.51,0,0,
09/21/2026,11:02:34:888,0.000000,0.000000,4,-112.45,-112.45,0,0,
09/21/2026,11:02:35:057,0.000000,0.000000,1,-111.95,-111.95,0,0,
09/21/2026,11:02:35:127,0.000000,0.000000,2,-107.41,-107.41,0,0,
09/21/2026,11:02:35:181,0.000000,0.000000,3,-76.04,-76.04,0,0,
09/21/2026,11:02:35:239,0.000000,0.000000,4,-114.48,-114.48,0,0,
09/21/2026,11:02:35:405,0.000000,0.000000,1,-111.98,-111.98,0,0,
09/21/2026,11:02:35:475,0.000000,0.000000,2,-107.38,-107.38,0,0,
09/21/2026,11:02:35:529,0.000000,0.000000,3,-77.06,-77.06,0,0,
09/21/2026,11:02:35:582,0.000000,0.000000,4,-113.33,-113.33,0,0,
09/21/2026,11:02:35:778,0.000000,0.000000,1,-109.97,-109.97,0,0,
09/21/2026,11:02:35:828,0.000000,0.000000,2,-106.84,-106.84,0,0,
09/21/2026,11:02:35:876,0.000000,0.000000,3,-81.28,-81.28,0,0,
09/21/2026,11:02:35:948,0.000000,0.000000,4,-111.78,-111.78,0,0,
09/21/2026,11:02:36:113,0.000000,0.000000,1,-110.92,-110.92,0,0,
09/21/2026,11:02:36:168,0.000000,0.000000,2,-104.07,-104.07,0,0,
09/21/2026,11:02:36:222,0.000000,0.000000,3,-79.36,-79.36,0,0,
09/21/2026,11:02:36:274,0.000000,0.000000,4,-114.9,-114.9,0,0,
09/21/2026,11:02:36:444,0.000000,0.000000,1,-109.08,-109.08,0,0,
09/21/2026,11:02:36:519,0.000000,0.000000,2,-108.04,-108.04,0,0,
09/21/2026,11:02:36:569,0.000000,0.000000,3,-82.18,-82.18,0,0,
09/21/2026,11:02:36:620,0.000000,0.000000,4,-115.29,-115.29,0,0,
09/21/2026,11:02:36:793,0.000000,0.000000,1,-111.27,-111.27,0,0,
09/21/2026,11:02:36:863,0.000000,0.000000,2,-106.49,-106.49,0,0,
09/21/2026,11:02:36:924,0.000000,0.000000,3,-74.29,-74.29,0,0,
09/21/2026,11:02:36:967,0.000000,0.000000,4,-111.27,-111.27,0,0,
09/21/2026,11:02:37:541,0.000000,0.000000,1,-110.57,-110.57,0,0,
09/21/2026,11:02:37:553,0.000000,0.000000,2,-104.22,-104.22,0,0,
09/21/2026,11:02:37:565,0.000000,0.000000,3,-69.75,-69.75,0,0,
09/21/2026,11:02:37:580,0.000000,0.000000,4,-108.49,-108.49,0,0,
09/21/2026,11:02:37:622,0.000000,0.000000,1,-110.14,-110.14,0,0,
09/21/2026,11:02:37:666,0.000000,0.000000,2,-106.63,-106.63,0,0,
09/21/2026,11:02:37:685,0.000000,0.000000,3,-80.03,-80.03,0,0,
09/21/2026,11:02:37:696,0.000000,0.000000,4,-110.38,-110.38,0,0,
09/21/2026,11:02:37:863,0.000000,0.000000,1,-110.61,-110.61,0,0,
09/21/2026,11:02:37:930,0.000000,0.000000,2,-103.25,-103.25,0,0,
09/21/2026,11:02:38:015,0.000000,0.000000,3,-69.98,-69.98,0,0,
09/21/2026,11:02:38:022,0.000000,0.000000,4,-115.07,-115.07,0,0,
09/21/2026,11:02:38:182,0.000000,0.000000,1,-109.9,-109.9,0,0,
09/21/2026,11:02:38:255,0.000000,0.000000,2,-106.59,-106.59,0,0,
09/21/2026,11:02:38:303,0.000000,0.000000,3,-83.19,-83.19,0,0,
09/21/2026,11:02:38:356,0.000000,0.000000,4,-114.35,-114.35,0,0,
09/21/2026,11:02:38:528,0.000000,0.000000,1,-109.12,-109.12,0,0,
09/21/2026,11:02:38:596,0.000000,0.000000,2,-106.33,-106.33,0,0,
09/21/2026,11:02:38:650,0.000000,0.000000,3,-83.72,-83.72,0,0,
09/21/2026,11:02:38:705,0.000000,0.000000,4,-109.93,-109.93,0,0,
09/21/2026,11:02:38:873,0.000000,0.000000,1,-99.56,-99.56,0,0,
09/21/2026,11:02:38:944,0.000000,0.000000,2,-104.33,-104.33,0,0,
09/21/2026,11:02:38:996,0.000000,0.000000,3,-67.19,-67.19,0,0,
09/21/2026,11:02:39:047,0.000000,0.000000,4,-100.5,-100.5,0,0,
09/21/2026,11:02:39:221,0.000000,0.000000,1,-102.26,-102.26,0,0,
09/21/2026,11:02:39:337,0.000000,0.000000,2,-103.25,-103.25,0,0,
09/21/2026,11:02:39:345,0.000000,0.000000,3,-59.33,-59.33,0,0,
09/21/2026,11:02:39:415,0.000000,0.000000,4,-100.91,-100.91,0,0,
09/21/2026,11:02:39:630,0.000000,0.000000,1,-102.66,-102.66,0,0,
09/21/2026,11:02:39:645,0.000000,0.000000,2,-96.07,-96.07,0,0,
09/21/2026,11:02:39:688,0.000000,0.000000,3,-51.9,-51.9,0,0,
09/21/2026,11:02:39:743,0.000000,0.000000,4,-101.18,-101.18,0,0,
09/21/2026,11:02:39:918,0.000000,0.000000,1,-106.36,-106.36,0,0,
09/21/2026,11:02:39:983,0.000000,0.000000,2,-96.69,-96.69,0,0,
09/21/2026,11:02:40:039,0.000000,0.000000,3,-57.01,-57.01,0,0,
09/21/2026,11:02:40:094,0.000000,0.000000,4,-94.06,-94.06,0,0,
09/21/2026,11:02:40:262,0.000000,0.000000,1,-101,-101,0,0,
09/21/2026,11:02:40:335,0.000000,0.000000,2,-105.32,-105.32,0,0,
09/21/2026,11:02:40:383,0.000000,0.000000,3,-61.36,-61.36,0,0,
09/21/2026,11:02:40:437,0.000000,0.000000,4,-106.96,-106.96,0,0,
09/21/2026,11:02:40:612,0.000000,0.000000,1,-104.25,-104.25,0,0,
09/21/2026,11:02:40:679,0.000000,0.000000,2,-95.05,-95.05,0,0,
09/21/2026,11:02:40:731,0.000000,0.000000,3,-65.07,-65.07,0,0,
09/21/2026,11:02:40:787,0.000000,0.000000,4,-102.84,-102.84,0,0,
09/21/2026,11:02:40:957,0.000000,0.000000,1,-97.77,-97.77,0,0,
09/21/2026,11:02:41:023,0.000000,0.000000,2,-94.83,-94.83,0,0,
09/21/2026,11:02:41:081,0.000000,0.000000,3,-60.36,-60.36,0,0,
09/21/2026,11:02:41:134,0.000000,0.000000,4,-107.98,-107.98,0,0,
09/21/2026,11:02:41:318,0.000000,0.000000,1,-105.98,-105.98,0,0,
09/21/2026,11:02:41:383,0.000000,0.000000,2,-95.1,-95.1,0,0,
09/21/2026,11:02:41:461,0.000000,0.000000,3,-64.71,-64.71,0,0,
09/21/2026,11:02:41:502,0.000000,0.000000,4,-103.79,-103.79,0,0,
09/21/2026,11:02:41:660,0.000000,0.000000,1,-109.03,-109.03,0,0,
09/21/2026,11:02:41:719,0.000000,0.000000,2,-92.92,-92.92,0,0,
09/21/2026,11:02:41:773,0.000000,0.000000,3,-60.27,-60.27,0,0,
09/21/2026,11:02:41:823,0.000000,0.000000,4,-109.78,-109.78,0,0,
09/21/2026,11:02:41:993,0.000000,0.000000,1,-107.38,-107.38,0,0,
09/21/2026,11:02:42:073,0.000000,0.000000,2,-103.9,-103.9,0,0,
09/21/2026,11:02:42:116,0.000000,0.000000,3,-63.94,-63.94,0,0,
09/21/2026,11:02:42:173,0.000000,0.000000,4,-111.28,-111.28,0,0,
09/21/2026,11:02:42:341,0.000000,0.000000,1,-107.62,-107.62,0,0,
09/21/2026,11:02:42:418,0.000000,0.000000,2,-101.62,-101.62,0,0,
09/21/2026,11:02:42:468,0.000000,0.000000,3,-65.53,-65.53,0,0,
09/21/2026,11:02:42:519,0.000000,0.000000,4,-108.31,-108.31,0,0,
09/21/2026,11:02:42:688,0.000000,0.000000,1,-110.52,-110.52,0,0,
09/21/2026,11:02:42:759,0.000000,0.000000,2,-104.35,-104.35,0,0,
09/21/2026,11:02:42:810,0.000000,0.000000,3,-63.25,-63.25,0,0,
09/21/2026,11:02:42:866,0.000000,0.000000,4,-110.52,-110.52,0,0,
09/21/2026,11:02:43:038,0.000000,0.000000,1,-111.31,-111.31,0,0,
09/21/2026,11:02:43:105,0.000000,0.000000,2,-103.5,-103.5,0,0,
09/21/2026,11:02:43:168,0.000000,0.000000,3,-69.46,-69.46,0,0,
09/21/2026,11:02:43:255,0.000000,0.000000,4,-106.35,-106.35,0,0,
09/21/2026,11:02:43:386,0.000000,0.000000,1,-110.33,-110.33,0,0,
09/21/2026,11:02:43:466,0.000000,0.000000,2,-106.72,-106.72,0,0,
09/21/2026,11:02:43:520,0.000000,0.000000,3,-69.31,-69.31,0,0,
09/21/2026,11:02:43:564,0.000000,0.000000,4,-105.28,-105.28,0,0,
09/21/2026,11:02:43:729,0.000000,0.000000,1,-112.4,-112.4,0,0,
09/21/2026,11:02:43:799,0.000000,0.000000,2,-108.89,-108.89,0,0,
09/21/2026,11:02:43:851,0.000000,0.000000,3,-61.66,-61.66,0,0,
09/21/2026,11:02:43:905,0.000000,0.000000,4,-106.6,-106.6,0,0,
09/21/2026,11:02:44:078,0.000000,0.000000,1,-104.77,-104.77,0,0,
09/21/2026,11:02:44:145,0.000000,0.000000,2,-107.84,-107.84,0,0,
09/21/2026,11:02:44:204,0.000000,0.000000,3,-72.84,-72.84,0,0,
09/21/2026,11:02:44:260,0.000000,0.000000,4,-109.36,-109.36,0,0,
09/21/2026,11:02:44:422,0.000000,0.000000,1,-101.79,-101.79,0,0,
09/21/2026,11:02:44:492,0.000000,0.000000,2,-100.47,-100.47,0,0,
09/21/2026,11:02:44:549,0.000000,0.000000,3,-67.65,-67.65,0,0,
09/21/2026,11:02:44:615,0.000000,0.000000,4,-108.09,-108.09,0,0,
09/21/2026,11:02:44:778,0.000000,0.000000,1,-103.05,-103.05,0,0,
09/21/2026,11:02:44:838,0.000000,0.000000,2,-102.43,-102.43,0,0,
09/21/2026,11:02:44:894,0.000000,0.000000,3,-66.85,-66.85,0,0,
09/21/2026,11:02:44:957,0.000000,0.000000,4,-112.95,-112.95,0,0,
09/21/2026,11:02:45:134,0.000000,0.000000,1,-102.16,-102.16,0,0,
09/21/2026,11:02:45:189,0.000000,0.000000,2,-104.43,-104.43,0,0,
09/21/2026,11:02:45:268,0.000000,0.000000,3,-60.5,-60.5,0,0,
09/21/2026,11:02:45:302,0.000000,0.000000,4,-110.92,-110.92,0,0,
09/21/2026,11:02:45:468,0.000000,0.000000,1,-107.31,-107.31,0,0,
09/21/2026,11:02:45:534,0.000000,0.000000,2,-96.82,-96.82,0,0,
09/21/2026,11:02:45:586,0.000000,0.000000,3,-60.81,-60.81,0,0,
09/21/2026,11:02:45:640,0.000000,0.000000,4,-102.2,-102.2,0,0,
