Date,Time,Latitude,Longitude,Channel,RSSI,Adjusted Value,Antenna Gain,Cable Loss
05/14/2026,10:00:47:116,0.000000,0.000000,1,-118.18,-118.18,0,0,
05/14/2026,10:00:47:142,0.000000,0.000000,1,-119.16,-119.16,0,0,
05/14/2026,10:00:47:150,0.000000,0.000000,1,-116.46,-116.46,0,0,
05/14/2026,10:00:47:170,0.000000,0.000000,1,-118.98,-118.98,0,0,
05/14/2026,10:00:47:195,0.000000,0.000000,2,-117.09,-117.09,0,0,
05/14/2026,10:00:47:203,0.000000,0.000000,1,-119.65,-119.65,0,0,
05/14/2026,10:00:47:220,0.000000,0.000000,2,-119.59,-119.59,0,0,
05/14/2026,10:00:47:237,0.000000,0.000000,3,-94.21,-94.21,0,0,
05/14/2026,10:00:47:256,0.000000,0.000000,1,-119.16,-119.16,0,0,
05/14/2026,10:00:47:273,0.000000,0.000000,2,-117.79,-117.79,0,0,
05/14/2026,10:00:47:292,0.000000,0.000000,4,-116.18,-116.18,0,0,
05/14/2026,10:00:47:311,0.000000,0.000000,3,-93.14,-93.14,0,0,
05/14/2026,10:00:47:326,0.000000,0.000000,1,-118.45,-118.45,0,0,
05/14/2026,10:00:47:370,0.000000,0.000000,2,-118.36,-118.36,0,0,
05/14/2026,10:00:47:387,0.000000,0.000000,4,-115.4,-115.4,0,0,
05/14/2026,10:00:47:419,0.000000,0.000000,3,-90.89,-90.89,0,0,
05/14/2026,10:00:47:455,0.000000,0.000000,1,-119.03,-119.03,0,0,
05/14/2026,10:00:47:525,0.000000,0.000000,2,-120.04,-120.04,0,0,
05/14/2026,10:00:47:528,0.000000,0.000000,4,-115.89,-115.89,0,0,
05/14/2026,10:00:47:578,0.000000,0.000000,3,-92.4,-92.4,0,0,
05/14/2026,10:00:47:627,0.000000,0.000000,1,-118.76,-118.76,0,0,
05/14/2026,10:00:47:747,0.000000,0.000000,2,-120.52,-120.52,0,0,
05/14/2026,10:00:47:754,0.000000,0.000000,4,-117.27,-117.27,0,0,
05/14/2026,10:00:47:799,0.000000,0.000000,3,-91.16,-91.16,0,0,
05/14/2026,10:00:47:886,0.000000,0.000000,1,-117.81,-117.81,0,0,
05/14/2026,10:00:47:958,0.000000,0.000000,2,-119.76,-119.76,0,0,
05/14/2026,10:00:47:975,0.000000,0.000000,4,-117.34,-117.34,0,0,
05/14/2026,10:00:48:045,0.000000,0.000000,3,-89.11,-89.11,0,0,
05/14/2026,10:00:48:114,0.000000,0.000000,1,-121.52,-121.52,0,0,
05/14/2026,10:00:48:199,0.000000,0.000000,2,-119.16,-119.16,0,0,
05/14/2026,10:00:48:218,0.000000,0.000000,4,-116.56,-116.56,0,0,
05/14/2026,10:00:48:297,0.000000,0.000000,3,-90.91,-90.91,0,0,
05/14/2026,10:00:48:359,0.000000,0.000000,1,-118.04,-118.04,0,0,
05/14/2026,10:00:48:444,0.000000,0.000000,2,-122.73,-122.73,0,0,
05/14/2026,10:00:48:466,0.000000,0.000000,4,-114.76,-114.76,0,0,
05/14/2026,10:00:48:531,0.000000,0.000000,3,-91.02,-91.02,0,0,
05/14/2026,10:00:48:600,0.000000,0.000000,1,-120.15,-120.15,0,0,
05/14/2026,10:00:48:688,0.000000,0.000000,2,-119.85,-119.85,0,0,
05/14/2026,10:00:48:707,0.000000,0.000000,4,-118.05,-118.05,0,0,
05/14/2026,10:00:48:780,0.000000,0.000000,3,-88.24,-88.24,0,0,
05/14/2026,10:00:48:846,0.000000,0.000000,1,-121.52,-121.52,0,0,
05/14/2026,10:00:48:931,0.000000,0.000000,2,-119.38,-119.38,0,0,
05/14/2026,10:00:48:950,0.000000,0.000000,4,-115.98,-115.98,0,0,
05/14/2026,10:00:49:019,0.000000,0.000000,3,-85.62,-85.62,0,0,
05/14/2026,10:00:49:089,0.000000,0.000000,1,-121.52,-121.52,0,0,
05/14/2026,10:00:49:178,0.000000,0.000000,2,-122.08,-122.08,0,0,
05/14/2026,10:00:49:194,0.000000,0.000000,4,-116.29,-116.29,0,0,
05/14/2026,10:00:49:264,0.000000,0.000000,3,-87.02,-87.02,0,0,
05/14/2026,10:00:49:338,0.000000,0.000000,1,-120.24,-120.24,0,0,
05/14/2026,10:00:49:425,0.000000,0.000000,2,-121.78,-121.78,0,0,
05/14/2026,10:00:49:468,0.000000,0.000000,4,-114.78,-114.78,0,0,
05/14/2026,10:00:49:518,0.000000,0.000000,3,-86.36,-86.36,0,0,
05/14/2026,10:00:49:598,0.000000,0.000000,1,-120.05,-120.05,0,0,
05/14/2026,10:00:49:665,0.000000,0.000000,2,-121.69,-121.69,0,0,
05/14/2026,10:00:49:680,0.000000,0.000000,4,-114.99,-114.99,0,0,
05/14/2026,10:00:49:749,0.000000,0.000000,3,-88.77,-88.77,0,0,
05/14/2026,10:00:49:822,0.000000,0.000000,1,-118.15,-118.15,0,0,
05/14/2026,10:00:49:907,0.000000,0.000000,2,-121.61,-121.61,0,0,
05/14/2026,10:00:49:924,0.000000,0.000000,4,-115.15,-115.15,0,0,
05/14/2026,10:00:49:994,0.000000,0.000000,3,-86.76,-86.76,0,0,
05/14/2026,10:00:50:064,0.000000,0.000000,1,-118.93,-118.93,0,0,
05/14/2026,10:00:50:150,0.000000,0.000000,2,-118.84,-118.84,0,0,
05/14/2026,10:00:50:169,0.000000,0.000000,4,-116.67,-116.67,0,0,
05/14/2026,10:00:50:261,0.000000,0.000000,3,-89.05,-89.05,0,0,
05/14/2026,10:00:50:309,0.000000,0.000000,1,-119.31,-119.31,0,0,
05/14/2026,10:00:50:393,0.000000,0.000000,2,-120.15,-120.15,0,0,
05/14/2026,10:00:50:414,0.000000,0.000000,4,-115.33,-115.33,0,0,
05/14/2026,10:00:50:481,0.000000,0.000000,3,-90.76,-90.76,0,0,
05/14/2026,10:00:50:551,0.000000,0.000000,1,-120.04,-120.04,0,0,
05/14/2026,10:00:50:639,0.000000,0.000000,2,-120.83,-120.83,0,0,
05/14/2026,10:00:50:658,0.000000,0.000000,4,-115.89,-115.89,0,0,
05/14/2026,10:00:50:752,0.000000,0.000000,3,-93.03,-93.03,0,0,
05/14/2026,10:00:50:805,0.000000,0.000000,1,-119.32,-119.32,0,0,
05/14/2026,10:00:50:881,0.000000,0.000000,2,-119.6,-119.6,0,0,
05/14/2026,10:00:50:917,0.000000,0.000000,4,-115.38,-115.38,0,0,
05/14/2026,10:00:50:976,0.000000,0.000000,3,-87.81,-87.81,0,0,
05/14/2026,10:00:51:038,0.000000,0.000000,1,-119.81,-119.81,0,0,
05/14/2026,10:00:51:127,0.000000,0.000000,2,-121.21,-121.21,0,0,
05/14/2026,10:00:51:155,0.000000,0.000000,4,-117.22,-117.22,0,0,
05/14/2026,10:00:51:216,0.000000,0.000000,3,-90.08,-90.08,0,0,
05/14/2026,10:00:51:281,0.000000,0.000000,1,-118.95,-118.95,0,0,
05/14/2026,10:00:51:399,0.000000,0.000000,2,-120.91,-120.91,0,0,
05/14/2026,10:00:51:402,0.000000,0.000000,4,-116.95,-116.95,0,0,
05/14/2026,10:00:51:477,0.000000,0.000000,3,-93.62,-93.62,0,0,
05/14/2026,10:00:51:549,0.000000,0.000000,1,-119.4,-119.4,0,0,
05/14/2026,10:00:51:627,0.000000,0.000000,2,-120.18,-120.18,0,0,
05/14/2026,10:00:51:630,0.000000,0.000000,4,-114.4,-114.4,0,0,
05/14/2026,10:00:51:708,0.000000,0.000000,3,-89.31,-89.31,0,0,
05/14/2026,10:00:51:770,0.000000,0.000000,1,-118.52,-118.52,0,0,
05/14/2026,10:00:51:857,0.000000,0.000000,2,-120.71,-120.71,0,0,
05/14/2026,10:00:51:873,0.000000,0.000000,4,-116.93,-116.93,0,0,
05/14/2026,10:00:51:943,0.000000,0.000000,3,-88.28,-88.28,0,0,
05/14/2026,10:00:52:012,0.000000,0.000000,1,-119.64,-119.64,0,0,
05/14/2026,10:00:52:100,0.000000,0.000000,2,-118.87,-118.87,0,0,
05/14/2026,10:00:52:121,0.000000,0.000000,4,-117.19,-117.19,0,0,
05/14/2026,10:00:52:188,0.000000,0.000000,3,-95.27,-95.27,0,0,
05/14/2026,10:00:52:257,0.000000,0.000000,1,-118.07,-118.07,0,0,
05/14/2026,10:00:52:345,0.000000,0.000000,2,-122.41,-122.41,0,0,
05/14/2026,10:00:52:363,0.000000,0.000000,4,-115.11,-115.11,0,0,
05/14/2026,10:00:52:432,0.000000,0.000000,3,-90.62,-90.62,0,0,
05/14/2026,10:00:52:501,0.000000,0.000000,1,-119.38,-119.38,0,0,
05/14/2026,10:00:52:588,0.000000,0.000000,2,-120.43,-120.43,0,0,
05/14/2026,10:00:52:605,0.000000,0.000000,4,-115.2,-115.2,0,0,
05/14/2026,10:00:53:044,0.000000,0.000000,3,-89.45,-89.45,0,0,
05/14/2026,10:00:53:053,0.000000,0.000000,1,-118.51,-118.51,0,0,
05/14/2026,10:00:53:068,0.000000,0.000000,2,-118.11,-118.11,0,0,
05/14/2026,10:00:53:071,0.000000,0.000000,4,-116.89,-116.89,0,0,
05/14/2026,10:00:53:085,0.000000,0.000000,3,-86.03,-86.03,0,0,
05/14/2026,10:00:53:094,0.000000,0.000000,1,-118.46,-118.46,0,0,
05/14/2026,10:00:53:114,0.000000,0.000000,2,-118.68,-118.68,0,0,
05/14/2026,10:00:53:115,0.000000,0.000000,4,-117.05,-117.05,0,0,
05/14/2026,10:00:53:162,0.000000,0.000000,3,-86.99,-86.99,0,0,
05/14/2026,10:00:53:241,0.000000,0.000000,1,-119.67,-119.67,0,0,
05/14/2026,10:00:53:364,0.000000,0.000000,2,-121.12,-121.12,0,0,
05/14/2026,10:00:53:366,0.000000,0.000000,4,-116.22,-116.22,0,0,
05/14/2026,10:00:53:445,0.000000,0.000000,3,-86.75,-86.75,0,0,
05/14/2026,10:00:53:516,0.000000,0.000000,1,-119.71,-119.71,0,0,
05/14/2026,10:00:53:591,0.000000,0.000000,2,-120.39,-120.39,0,0,
05/14/2026,10:00:53:598,0.000000,0.000000,4,-116.63,-116.63,0,0,
05/14/2026,10:00:53:670,0.000000,0.000000,3,-93.11,-93.11,0,0,
05/14/2026,10:00:53:738,0.000000,0.000000,1,-119.53,-119.53,0,0,
05/14/2026,10:00:53:827,0.000000,0.000000,2,-119.63,-119.63,0,0,
05/14/2026,10:00:53:844,0.000000,0.000000,4,-116.22,-116.22,0,0,
05/14/2026,10:00:53:911,0.000000,0.000000,3,-100.43,-100.43,0,0,
05/14/2026,10:00:53:982,0.000000,0.000000,1,-120.75,-120.75,0,0,
05/14/2026,10:00:54:070,0.000000,0.000000,2,-121.18,-121.18,0,0,
05/14/2026,10:00:54:101,0.000000,0.000000,4,-117.13,-117.13,0,0,
05/14/2026,10:00:54:158,0.000000,0.000000,3,-88.03,-88.03,0,0,
05/14/2026,10:00:54:226,0.000000,0.000000,1,-119.59,-119.59,0,0,
05/14/2026,10:00:54:312,0.000000,0.000000,2,-121.65,-121.65,0,0,
05/14/2026,10:00:54:333,0.000000,0.000000,4,-116.92,-116.92,0,0,
05/14/2026,10:00:54:399,0.000000,0.000000,3,-85.5,-85.5,0,0,
05/14/2026,10:00:54:472,0.000000,0.000000,1,-117.59,-117.59,0,0,
05/14/2026,10:00:54:557,0.000000,0.000000,2,-123.02,-123.02,0,0,
05/14/2026,10:00:54:573,0.000000,0.000000,4,-115.09,-115.09,0,0,
05/14/2026,10:00:54:645,0.000000,0.000000,3,-90.47,-90.47,0,0,
05/14/2026,10:00:54:711,0.000000,0.000000,1,-119.76,-119.76,0,0,
05/14/2026,10:00:54:799,0.000000,0.000000,2,-119.63,-119.63,0,0,
05/14/2026,10:00:54:819,0.000000,0.000000,4,-118.01,-118.01,0,0,
05/14/2026,10:00:54:887,0.000000,0.000000,3,-91.75,-91.75,0,0,
05/14/2026,10:00:54:958,0.000000,0.000000,1,-122.11,-122.11,0,0,
05/14/2026,10:00:55:060,0.000000,0.000000,2,-120.1,-120.1,0,0,
05/14/2026,10:00:55:065,0.000000,0.000000,4,-116.54,-116.54,0,0,
05/14/2026,10:00:55:137,0.000000,0.000000,3,-94.75,-94.75,0,0,
05/14/2026,10:00:55:210,0.000000,0.000000,1,-121.82,-121.82,0,0,
05/14/2026,10:00:55:288,0.000000,0.000000,2,-120.04,-120.04,0,0,
05/14/2026,10:00:55:310,0.000000,0.000000,4,-114.48,-114.48,0,0,
05/14/2026,10:00:55:383,0.000000,0.000000,3,-88.94,-88.94,0,0,
05/14/2026,10:00:55:452,0.000000,0.000000,1,-121.27,-121.27,0,0,
05/14/2026,10:00:55:531,0.000000,0.000000,2,-121.4,-121.4,0,0,
05/14/2026,10:00:55:548,0.000000,0.000000,4,-115.26,-115.26,0,0,
05/14/2026,10:00:55:620,0.000000,0.000000,3,-90.08,-90.08,0,0,
05/14/2026,10:00:55:687,0.000000,0.000000,1,-120.89,-120.89,0,0,
05/14/2026,10:00:55:774,0.000000,0.000000,2,-119.87,-119.87,0,0,
05/14/2026,10:00:55:793,0.000000,0.000000,4,-116.43,-116.43,0,0,
05/14/2026,10:00:55:860,0.000000,0.000000,3,-95.51,-95.51,0,0,
05/14/2026,10:00:55:930,0.000000,0.000000,1,-119.47,-119.47,0,0,
05/14/2026,10:00:56:018,0.000000,0.000000,2,-118.44,-118.44,0,0,
05/14/2026,10:00:56:033,0.000000,0.000000,4,-116.72,-116.72,0,0,
05/14/2026,10:00:56:104,0.000000,0.000000,3,-99.95,-99.95,0,0,
05/14/2026,10:00:56:178,0.000000,0.000000,1,-117.9,-117.9,0,0,
05/14/2026,10:00:56:262,0.000000,0.000000,2,-118.63,-118.63,0,0,
05/14/2026,10:00:56:279,0.000000,0.000000,4,-114.92,-114.92,0,0,
05/14/2026,10:00:56:348,0.000000,0.000000,3,-88,-88,0,0,
05/14/2026,10:00:56:419,0.000000,0.000000,1,-120.78,-120.78,0,0,
05/14/2026,10:00:56:513,0.000000,0.000000,2,-119.1,-119.1,0,0,
05/14/2026,10:00:56:540,0.000000,0.000000,4,-116.17,-116.17,0,0,
05/14/2026,10:00:56:593,0.000000,0.000000,3,-88.8,-88.8,0,0,
05/14/2026,10:00:56:671,0.000000,0.000000,1,-120.22,-120.22,0,0,
05/14/2026,10:00:56:749,0.000000,0.000000,2,-121.82,-121.82,0,0,
05/14/2026,10:00:56:766,0.000000,0.000000,4,-114.82,-114.82,0,0,
05/14/2026,10:00:56:845,0.000000,0.000000,3,-87.33,-87.33,0,0,
05/14/2026,10:00:56:947,0.000000,0.000000,1,-120.44,-120.44,0,0,
05/14/2026,10:00:57:068,0.000000,0.000000,2,-122.26,-122.26,0,0,
05/14/2026,10:00:57:070,0.000000,0.000000,4,-115.46,-115.46,0,0,
05/14/2026,10:00:57:117,0.000000,0.000000,3,-96.39,-96.39,0,0,
05/14/2026,10:00:57:170,0.000000,0.000000,1,-120.52,-120.52,0,0,
05/14/2026,10:00:57:242,0.000000,0.000000,2,-120.01,-120.01,0,0,
05/14/2026,10:00:57:262,0.000000,0.000000,4,-115.88,-115.88,0,0,
05/14/2026,10:00:57:337,0.000000,0.000000,3,-89.07,-89.07,0,0,
05/14/2026,10:00:57:406,0.000000,0.000000,1,-118.53,-118.53,0,0,
05/14/2026,10:00:57:490,0.000000,0.000000,2,-119.48,-119.48,0,0,
05/14/2026,10:00:57:507,0.000000,0.000000,4,-114.3,-114.3,0,0,
05/14/2026,10:00:57:579,0.000000,0.000000,3,-93.83,-93.83,0,0,
05/14/2026,10:00:57:654,0.000000,0.000000,1,-119.49,-119.49,0,0,
05/14/2026,10:00:57:736,0.000000,0.000000,2,-119.29,-119.29,0,0,
05/14/2026,10:00:57:762,0.000000,0.000000,4,-117.53,-117.53,0,0,
05/14/2026,10:00:57:827,0.000000,0.000000,3,-90.52,-90.52,0,0,
05/14/2026,10:00:57:895,0.000000,0.000000,1,-119.85,-119.85,0,0,
05/14/2026,10:00:57:982,0.000000,0.000000,2,-120.3,-120.3,0,0,
05/14/2026,10:00:57:994,0.000000,0.000000,4,-115.14,-115.14,0,0,
05/14/2026,10:00:58:331,0.000000,0.000000,3,-92.79,-92.79,0,0,
05/14/2026,10:00:58:343,0.000000,0.000000,1,-120.78,-120.78,0,0,
05/14/2026,10:00:58:372,0.000000,0.000000,2,-121.1,-121.1,0,0,
05/14/2026,10:00:58:375,0.000000,0.000000,4,-116.41,-116.41,0,0,
05/14/2026,10:00:58:395,0.000000,0.000000,3,-95.61,-95.61,0,0,
05/14/2026,10:00:58:412,0.000000,0.000000,1,-121.65,-121.65,0,0,
05/14/2026,10:00:58:474,0.000000,0.000000,2,-119.28,-119.28,0,0,
05/14/2026,10:00:58:486,0.000000,0.000000,4,-116.12,-116.12,0,0,
05/14/2026,10:00:58:550,0.000000,0.000000,3,-85.01,-85.01,0,0,
05/14/2026,10:00:58:623,0.000000,0.000000,1,-120.23,-120.23,0,0,
05/14/2026,10:00:58:710,0.000000,0.000000,2,-118.28,-118.28,0,0,
05/14/2026,10:00:58:726,0.000000,0.000000,4,-114.86,-114.86,0,0,
05/14/2026,10:00:58:834,0.000000,0.000000,3,-98.28,-98.28,0,0,
05/14/2026,10:00:58:888,0.000000,0.000000,1,-117.85,-117.85,0,0,
05/14/2026,10:00:58:973,0.000000,0.000000,2,-119.87,-119.87,0,0,
05/14/2026,10:00:58:976,0.000000,0.000000,4,-115.06,-115.06,0,0,
05/14/2026,10:00:59:054,0.000000,0.000000,3,-97.71,-97.71,0,0,
05/14/2026,10:00:59:114,0.000000,0.000000,1,-118.84,-118.84,0,0,
05/14/2026,10:00:59:210,0.000000,0.000000,2,-120.33,-120.33,0,0,
05/14/2026,10:00:59:218,0.000000,0.000000,4,-116.52,-116.52,0,0,
05/14/2026,10:00:59:284,0.000000,0.000000,3,-86.05,-86.05,0,0,
05/14/2026,10:00:59:354,0.000000,0.000000,1,-119.28,-119.28,0,0,
05/14/2026,10:00:59:441,0.000000,0.000000,2,-120.62,-120.62,0,0,
05/14/2026,10:00:59:457,0.000000,0.000000,4,-115.97,-115.97,0,0,
05/14/2026,10:00:59:531,0.000000,0.000000,3,-86.89,-86.89,0,0,
05/14/2026,10:00:59:597,0.000000,0.000000,1,-119.03,-119.03,0,0,
05/14/2026,10:00:59:682,0.000000,0.000000,2,-118.47,-118.47,0,0,
05/14/2026,10:00:59:702,0.000000,0.000000,4,-115.21,-115.21,0,0,
05/14/2026,10:00:59:772,0.000000,0.000000,3,-92.22,-92.22,0,0,
05/14/2026,10:00:59:841,0.000000,0.000000,1,-121.22,-121.22,0,0,
05/14/2026,10:00:59:932,0.000000,0.000000,2,-119.88,-119.88,0,0,
05/14/2026,10:00:59:948,0.000000,0.000000,4,-115.46,-115.46,0,0,
05/14/2026,10:01:00:013,0.000000,0.000000,3,-99.36,-99.36,0,0,
05/14/2026,10:01:00:085,0.000000,0.000000,1,-120.5,-120.5,0,0,
05/14/2026,10:01:00:170,0.000000,0.000000,2,-120.32,-120.32,0,0,
05/14/2026,10:01:00:189,0.000000,0.000000,4,-114.77,-114.77,0,0,
05/14/2026,10:01:00:259,0.000000,0.000000,3,-90.62,-90.62,0,0,
05/14/2026,10:01:00:328,0.000000,0.000000,1,-118.55,-118.55,0,0,
05/14/2026,10:01:00:415,0.000000,0.000000,2,-122.93,-122.93,0,0,
05/14/2026,10:01:00:435,0.000000,0.000000,4,-115.97,-115.97,0,0,
05/14/2026,10:01:00:506,0.000000,0.000000,3,-91.3,-91.3,0,0,
05/14/2026,10:01:00:573,0.000000,0.000000,1,-121.5,-121.5,0,0,
05/14/2026,10:01:00:659,0.000000,0.000000,2,-119.51,-119.51,0,0,
05/14/2026,10:01:00:689,0.000000,0.000000,4,-115.93,-115.93,0,0,
05/14/2026,10:01:00:766,0.000000,0.000000,3,-89.02,-89.02,0,0,
05/14/2026,10:01:00:843,0.000000,0.000000,1,-119.61,-119.61,0,0,
05/14/2026,10:01:00:919,0.000000,0.000000,2,-122.64,-122.64,0,0,
05/14/2026,10:01:00:922,0.000000,0.000000,4,-115.81,-115.81,0,0,
05/14/2026,10:01:00:992,0.000000,0.000000,3,-98.09,-98.09,0,0,
05/14/2026,10:01:01:058,0.000000,0.000000,1,-120.09,-120.09,0,0,
05/14/2026,10:01:01:145,0.000000,0.000000,2,-121.35,-121.35,0,0,
05/14/2026,10:01:01:165,0.000000,0.000000,4,-116.57,-116.57,0,0,
05/14/2026,10:01:01:234,0.000000,0.000000,3,-94.04,-94.04,0,0,
05/14/2026,10:01:01:302,0.000000,0.000000,1,-119.14,-119.14,0,0,
05/14/2026,10:01:01:389,0.000000,0.000000,2,-121.16,-121.16,0,0,
05/14/2026,10:01:01:412,0.000000,0.000000,4,-114.13,-114.13,0,0,
05/14/2026,10:01:01:477,0.000000,0.000000,3,-95.46,-95.46,0,0,
05/14/2026,10:01:01:548,0.000000,0.000000,1,-123.84,-123.84,0,0,
05/14/2026,10:01:01:635,0.000000,0.000000,2,-118.09,-118.09,0,0,
05/14/2026,10:01:01:649,0.000000,0.000000,4,-115.06,-115.06,0,0,
05/14/2026,10:01:01:719,0.000000,0.000000,3,-83.02,-83.02,0,0,
05/14/2026,10:01:01:789,0.000000,0.000000,1,-118.78,-118.78,0,0,
05/14/2026,10:01:01:878,0.000000,0.000000,2,-119.76,-119.76,0,0,
05/14/2026,10:01:01:894,0.000000,0.000000,4,-114.52,-114.52,0,0,
05/14/2026,10:01:01:965,0.000000,0.000000,3,-95.11,-95.11,0,0,
05/14/2026,10:01:02:034,0.000000,0.000000,1,-118.67,-118.67,0,0,
05/14/2026,10:01:02:124,0.000000,0.000000,2,-116.48,-116.48,0,0,
05/14/2026,10:01:02:138,0.000000,0.000000,4,-114.13,-114.13,0,0,
05/14/2026,10:01:02:207,0.000000,0.000000,3,-89.11,-89.11,0,0,
05/14/2026,10:01:02:277,0.000000,0.000000,1,-118.75,-118.75,0,0,
05/14/2026,10:01:02:365,0.000000,0.000000,2,-120.51,-120.51,0,0,
05/14/2026,10:01:02:382,0.000000,0.000000,4,-114.97,-114.97,0,0,
05/14/2026,10:01:02:451,0.000000,0.000000,3,-87.14,-87.14,0,0,
05/14/2026,10:01:02:522,0.000000,0.000000,1,-118.37,-118.37,0,0,
05/14/2026,10:01:02:610,0.000000,0.000000,2,-117.81,-117.81,0,0,
05/14/2026,10:01:02:649,0.000000,0.000000,4,-116,-116,0,0,
05/14/2026,10:01:02:725,0.000000,0.000000,3,-89.98,-89.98,0,0,
05/14/2026,10:01:02:806,0.000000,0.000000,1,-119.02,-119.02,0,0,
05/14/2026,10:01:02:881,0.000000,0.000000,2,-118.51,-118.51,0,0,
05/14/2026,10:01:02:884,0.000000,0.000000,4,-114.39,-114.39,0,0,
05/14/2026,10:01:02:938,0.000000,0.000000,3,-91.87,-91.87,0,0,
05/14/2026,10:01:03:008,0.000000,0.000000,1,-118.04,-118.04,0,0,
05/14/2026,10:01:03:097,0.000000,0.000000,2,-109.41,-109.41,0,0,
05/14/2026,10:01:03:115,0.000000,0.000000,4,-109,-109,0,0,
05/14/2026,10:01:03:182,0.000000,0.000000,3,-82.11,-82.11,0,0,
05/14/2026,10:01:03:251,0.000000,0.000000,1,-106.26,-106.26,0,0,
05/14/2026,10:01:03:594,0.000000,0.000000,2,-109.5,-109.5,0,0,
05/14/2026,10:01:03:605,0.000000,0.000000,4,-111.8,-111.8,0,0,
05/14/2026,10:01:03:626,0.000000,0.000000,3,-89.88,-89.88,0,0,
05/14/2026,10:01:03:646,0.000000,0.000000,1,-110.41,-110.41,0,0,
05/14/2026,10:01:03:669,0.000000,0.000000,2,-106.93,-106.93,0,0,
05/14/2026,10:01:03:673,0.000000,0.000000,4,-112.64,-112.64,0,0,
05/14/2026,10:01:03:692,0.000000,0.000000,3,-88.43,-88.43,0,0,
05/14/2026,10:01:03:742,0.000000,0.000000,1,-112.96,-112.96,0,0,
05/14/2026,10:01:03:828,0.000000,0.000000,2,-111.15,-111.15,0,0,
05/14/2026,10:01:03:843,0.000000,0.000000,4,-113.11,-113.11,0,0,
05/14/2026,10:01:03:913,0.000000,0.000000,3,-87.74,-87.74,0,0,
05/14/2026,10:01:03:984,0.000000,0.000000,1,-116.64,-116.64,0,0,
05/14/2026,10:01:04:070,0.000000,0.000000,2,-116.46,-116.46,0,0,
05/14/2026,10:01:04:087,0.000000,0.000000,4,-114.69,-114.69,0,0,
05/14/2026,10:01:04:156,0.000000,0.000000,3,-87.37,-87.37,0,0,
05/14/2026,10:01:04:280,0.000000,0.000000,1,-118.04,-118.04,0,0,
05/14/2026,10:01:04:359,0.000000,0.000000,2,-118.49,-118.49,0,0,
05/14/2026,10:01:04:365,0.000000,0.000000,4,-115.5,-115.5,0,0,
05/14/2026,10:01:04:408,0.000000,0.000000,3,-90.77,-90.77,0,0,
05/14/2026,10:01:04:488,0.000000,0.000000,1,-118.26,-118.26,0,0,
05/14/2026,10:01:04:561,0.000000,0.000000,2,-119.33,-119.33,0,0,
05/14/2026,10:01:04:574,0.000000,0.000000,4,-114.01,-114.01,0,0,
05/14/2026,10:01:04:644,0.000000,0.000000,3,-90.64,-90.64,0,0,
05/14/2026,10:01:04:714,0.000000,0.000000,1,-118.83,-118.83,0,0,
05/14/2026,10:01:04:801,0.000000,0.000000,2,-120.68,-120.68,0,0,
05/14/2026,10:01:04:818,0.000000,0.000000,4,-113.97,-113.97,0,0,
05/14/2026,10:01:04:888,0.000000,0.000000,3,-97.41,-97.41,0,0,
05/14/2026,10:01:04:963,0.000000,0.000000,1,-119.16,-119.16,0,0,
05/14/2026,10:01:05:044,0.000000,0.000000,2,-120.37,-120.37,0,0,
05/14/2026,10:01:05:067,0.000000,0.000000,4,-115.96,-115.96,0,0,
05/14/2026,10:01:05:136,0.000000,0.000000,3,-83.88,-83.88,0,0,
05/14/2026,10:01:05:202,0.000000,0.000000,1,-120.41,-120.41,0,0,
05/14/2026,10:01:05:288,0.000000,0.000000,2,-119.25,-119.25,0,0,
05/14/2026,10:01:05:310,0.000000,0.000000,4,-115.54,-115.54,0,0,
05/14/2026,10:01:05:377,0.000000,0.000000,3,-90.93,-90.93,0,0,
05/14/2026,10:01:05:443,0.000000,0.000000,1,-118.07,-118.07,0,0,
05/14/2026,10:01:05:532,0.000000,0.000000,2,-119.02,-119.02,0,0,
05/14/2026,10:01:05:549,0.000000,0.000000,4,-114.3,-114.3,0,0,
05/14/2026,10:01:05:626,0.000000,0.000000,3,-85.98,-85.98,0,0,
05/14/2026,10:01:05:703,0.000000,0.000000,1,-119.97,-119.97,0,0,
05/14/2026,10:01:05:781,0.000000,0.000000,2,-119.22,-119.22,0,0,
05/14/2026,10:01:05:816,0.000000,0.000000,4,-115.32,-115.32,0,0,
05/14/2026,10:01:05:864,0.000000,0.000000,3,-84.26,-84.26,0,0,
05/14/2026,10:01:05:932,0.000000,0.000000,1,-121.75,-121.75,0,0,
05/14/2026,10:01:06:019,0.000000,0.000000,2,-114.4,-114.4,0,0,
05/14/2026,10:01:06:037,0.000000,0.000000,4,-112.7,-112.7,0,0,
05/14/2026,10:01:06:107,0.000000,0.000000,3,-86.35,-86.35,0,0,
05/14/2026,10:01:06:176,0.000000,0.000000,1,-122.47,-122.47,0,0,
05/14/2026,10:01:06:264,0.000000,0.000000,2,-117.9,-117.9,0,0,
05/14/2026,10:01:06:281,0.000000,0.000000,4,-116.31,-116.31,0,0,
05/14/2026,10:01:06:383,0.000000,0.000000,3,-84.3,-84.3,0,0,
05/14/2026,10:01:06:438,0.000000,0.000000,1,-120.08,-120.08,0,0,
05/14/2026,10:01:06:522,0.000000,0.000000,2,-117.16,-117.16,0,0,
05/14/2026,10:01:06:525,0.000000,0.000000,4,-114.22,-114.22,0,0,
05/14/2026,10:01:06:601,0.000000,0.000000,3,-85.54,-85.54,0,0,
05/14/2026,10:01:06:665,0.000000,0.000000,1,-119.74,-119.74,0,0,
05/14/2026,10:01:06:749,0.000000,0.000000,2,-118.58,-118.58,0,0,
05/14/2026,10:01:06:765,0.000000,0.000000,4,-115.09,-115.09,0,0,
05/14/2026,10:01:06:840,0.000000,0.000000,3,-82.6,-82.6,0,0,
05/14/2026,10:01:06:909,0.000000,0.000000,1,-116.71,-116.71,0,0,
05/14/2026,10:01:06:994,0.000000,0.000000,2,-116.85,-116.85,0,0,
05/14/2026,10:01:07:012,0.000000,0.000000,4,-113.6,-113.6,0,0,
05/14/2026,10:01:07:086,0.000000,0.000000,3,-80.3,-80.3,0,0,
05/14/2026,10:01:07:151,0.000000,0.000000,1,-120.71,-120.71,0,0,
05/14/2026,10:01:07:237,0.000000,0.000000,2,-116.8,-116.8,0,0,
05/14/2026,10:01:07:253,0.000000,0.000000,4,-113.79,-113.79,0,0,
05/14/2026,10:01:07:330,0.000000,0.000000,3,-82.79,-82.79,0,0,
05/14/2026,10:01:07:399,0.000000,0.000000,1,-115.88,-115.88,0,0,
05/14/2026,10:01:07:479,0.000000,0.000000,2,-117.58,-117.58,0,0,
05/14/2026,10:01:07:499,0.000000,0.000000,4,-114.62,-114.62,0,0,
05/14/2026,10:01:07:567,0.000000,0.000000,3,-79.46,-79.46,0,0,
05/14/2026,10:01:07:638,0.000000,0.000000,1,-114.45,-114.45,0,0,
05/14/2026,10:01:07:724,0.000000,0.000000,2,-116.52,-116.52,0,0,
05/14/2026,10:01:07:743,0.000000,0.000000,4,-112.72,-112.72,0,0,
05/14/2026,10:01:07:813,0.000000,0.000000,3,-89.12,-89.12,0,0,
05/14/2026,10:01:07:881,0.000000,0.000000,1,-115.93,-115.93,0,0,
05/14/2026,10:01:07:982,0.000000,0.000000,2,-120.23,-120.23,0,0,
05/14/2026,10:01:07:985,0.000000,0.000000,4,-113.73,-113.73,0,0,
05/14/2026,10:01:08:055,0.000000,0.000000,3,-83.03,-83.03,0,0,
05/14/2026,10:01:08:128,0.000000,0.000000,1,-113.67,-113.67,0,0,
05/14/2026,10:01:08:260,0.000000,0.000000,2,-116.84,-116.84,0,0,
05/14/2026,10:01:08:263,0.000000,0.000000,4,-113.66,-113.66,0,0,
05/14/2026,10:01:08:299,0.000000,0.000000,3,-79.99,-79.99,0,0,
05/14/2026,10:01:08:373,0.000000,0.000000,1,-116.37,-116.37,0,0,
05/14/2026,10:01:08:454,0.000000,0.000000,2,-115.73,-115.73,0,0,
05/14/2026,10:01:08:474,0.000000,0.000000,4,-112.88,-112.88,0,0,
05/14/2026,10:01:08:543,0.000000,0.000000,3,-82.44,-82.44,0,0,
05/14/2026,10:01:08:876,0.000000,0.000000,1,-115.61,-115.61,0,0,
05/14/2026,10:01:08:894,0.000000,0.000000,2,-113.41,-113.41,0,0,
05/14/2026,10:01:08:897,0.000000,0.000000,4,-112.29,-112.29,0,0,
05/14/2026,10:01:08:916,0.000000,0.000000,3,-86.88,-86.88,0,0,
05/14/2026,10:01:08:932,0.000000,0.000000,1,-114.27,-114.27,0,0,
05/14/2026,10:01:08:950,0.000000,0.000000,2,-114.49,-114.49,0,0,
05/14/2026,10:01:08:961,0.000000,0.000000,4,-111.52,-111.52,0,0,
05/14/2026,10:01:09:032,0.000000,0.000000,3,-78.15,-78.15,0,0,
05/14/2026,10:01:09:101,0.000000,0.000000,1,-115.34,-115.34,0,0,
05/14/2026,10:01:09:188,0.000000,0.000000,2,-119.73,-119.73,0,0,
05/14/2026,10:01:09:204,0.000000,0.000000,4,-114.89,-114.89,0,0,
05/14/2026,10:01:09:274,0.000000,0.000000,3,-85.66,-85.66,0,0,
05/14/2026,10:01:09:344,0.000000,0.000000,1,-117.25,-117.25,0,0,
05/14/2026,10:01:09:429,0.000000,0.000000,2,-113.29,-113.29,0,0,
05/14/2026,10:01:09:475,0.000000,0.000000,4,-112.46,-112.46,0,0,
05/14/2026,10:01:09:517,0.000000,0.000000,3,-78.96,-78.96,0,0,
05/14/2026,10:01:09:588,0.000000,0.000000,1,-117.9,-117.9,0,0,
05/14/2026,10:01:09:673,0.000000,0.000000,2,-116.44,-116.44,0,0,
05/14/2026,10:01:09:697,0.000000,0.000000,4,-112.98,-112.98,0,0,
05/14/2026,10:01:09:761,0.000000,0.000000,3,-79.23,-79.23,0,0,
05/14/2026,10:01:09:834,0.000000,0.000000,1,-115.25,-115.25,0,0,
05/14/2026,10:01:09:919,0.000000,0.000000,2,-115.4,-115.4,0,0,
05/14/2026,10:01:09:936,0.000000,0.000000,4,-109.27,-109.27,0,0,
05/14/2026,10:01:10:007,0.000000,0.000000,3,-72.79,-72.79,0,0,
05/14/2026,10:01:10:077,0.000000,0.000000,1,-110.26,-110.26,0,0,
05/14/2026,10:01:10:161,0.000000,0.000000,2,-112.27,-112.27,0,0,
05/14/2026,10:01:10:199,0.000000,0.000000,4,-113.7,-113.7,0,0,
05/14/2026,10:01:10:268,0.000000,0.000000,3,-82.23,-82.23,0,0,
05/14/2026,10:01:10:346,0.000000,0.000000,1,-115.7,-115.7,0,0,
05/14/2026,10:01:10:408,0.000000,0.000000,2,-113.43,-113.43,0,0,
05/14/2026,10:01:10:423,0.000000,0.000000,4,-110.52,-110.52,0,0,
05/14/2026,10:01:10:493,0.000000,0.000000,3,-75.35,-75.35,0,0,
05/14/2026,10:01:10:562,0.000000,0.000000,1,-114.81,-114.81,0,0,
05/14/2026,10:01:10:651,0.000000,0.000000,2,-116.45,-116.45,0,0,
05/14/2026,10:01:10:667,0.000000,0.000000,4,-108.53,-108.53,0,0,
05/14/2026,10:01:10:744,0.000000,0.000000,3,-77.21,-77.21,0,0,
05/14/2026,10:01:10:809,0.000000,0.000000,1,-112.4,-112.4,0,0,
05/14/2026,10:01:10:893,0.000000,0.000000,2,-115.94,-115.94,0,0,
05/14/2026,10:01:10:911,0.000000,0.000000,4,-111.44,-111.44,0,0,
05/14/2026,10:01:10:988,0.000000,0.000000,3,-76.86,-76.86,0,0,
05/14/2026,10:01:11:050,0.000000,0.000000,1,-117.63,-117.63,0,0,
05/14/2026,10:01:11:135,0.000000,0.000000,2,-113.01,-113.01,0,0,
05/14/2026,10:01:11:155,0.000000,0.000000,4,-113.22,-113.22,0,0,
05/14/2026,10:01:11:223,0.000000,0.000000,3,-92.56,-92.56,0,0,
05/14/2026,10:01:11:293,0.000000,0.000000,1,-117.44,-117.44,0,0,
05/14/2026,10:01:11:379,0.000000,0.000000,2,-116.39,-116.39,0,0,
05/14/2026,10:01:11:399,0.000000,0.000000,4,-112.41,-112.41,0,0,
05/14/2026,10:01:11:469,0.000000,0.000000,3,-78.99,-78.99,0,0,
05/14/2026,10:01:11:536,0.000000,0.000000,1,-113.38,-113.38,0,0,
05/14/2026,10:01:11:623,0.000000,0.000000,2,-115.49,-115.49,0,0,
05/14/2026,10:01:11:647,0.000000,0.000000,4,-111.28,-111.28,0,0,
05/14/2026,10:01:11:712,0.000000,0.000000,3,-77.73,-77.73,0,0,
05/14/2026,10:01:11:781,0.000000,0.000000,1,-115.49,-115.49,0,0,
05/14/2026,10:01:11:923,0.000000,0.000000,2,-118.59,-118.59,0,0,
05/14/2026,10:01:11:930,0.000000,0.000000,4,-110.4,-110.4,0,0,
05/14/2026,10:01:11:997,0.000000,0.000000,3,-83.99,-83.99,0,0,
05/14/2026,10:01:12:073,0.000000,0.000000,1,-110.16,-110.16,0,0,
05/14/2026,10:01:12:110,0.000000,0.000000,2,-113.31,-113.31,0,0,
05/14/2026,10:01:12:130,0.000000,0.000000,4,-115.71,-115.71,0,0,
05/14/2026,10:01:12:204,0.000000,0.000000,3,-79.25,-79.25,0,0,
05/14/2026,10:01:12:269,0.000000,0.000000,1,-116.43,-116.43,0,0,
05/14/2026,10:01:12:353,0.000000,0.000000,2,-114.84,-114.84,0,0,
05/14/2026,10:01:12:372,0.000000,0.000000,4,-114.24,-114.24,0,0,
05/14/2026,10:01:12:441,0.000000,0.000000,3,-76.82,-76.82,0,0,
05/14/2026,10:01:12:511,0.000000,0.000000,1,-112.93,-112.93,0,0,
05/14/2026,10:01:12:597,0.000000,0.000000,2,-113.48,-113.48,0,0,
05/14/2026,10:01:12:616,0.000000,0.000000,4,-111.52,-111.52,0,0,
05/14/2026,10:01:12:688,0.000000,0.000000,3,-87.14,-87.14,0,0,
05/14/2026,10:01:12:754,0.000000,0.000000,1,-114.79,-114.79,0,0,
05/14/2026,10:01:12:840,0.000000,0.000000,2,-111.93,-111.93,0,0,
05/14/2026,10:01:12:860,0.000000,0.000000,4,-109.25,-109.25,0,0,
05/14/2026,10:01:12:929,0.000000,0.000000,3,-78.02,-78.02,0,0,
05/14/2026,10:01:12:999,0.000000,0.000000,1,-113.52,-113.52,0,0,
05/14/2026,10:01:13:087,0.000000,0.000000,2,-114.65,-114.65,0,0,
05/14/2026,10:01:13:104,0.000000,0.000000,4,-109.33,-109.33,0,0,
05/14/2026,10:01:13:176,0.000000,0.000000,3,-75.45,-75.45,0,0,
05/14/2026,10:01:13:242,0.000000,0.000000,1,-114.32,-114.32,0,0,
05/14/2026,10:01:13:329,0.000000,0.000000,2,-112.73,-112.73,0,0,
05/14/2026,10:01:13:346,0.000000,0.000000,4,-109.91,-109.91,0,0,
05/14/2026,10:01:13:416,0.000000,0.000000,3,-70.78,-70.78,0,0,
05/14/2026,10:01:13:485,0.000000,0.000000,1,-115.71,-115.71,0,0,
05/14/2026,10:01:13:572,0.000000,0.000000,2,-113.95,-113.95,0,0,
05/14/2026,10:01:13:590,0.000000,0.000000,4,-111.68,-111.68,0,0,
05/14/2026,10:01:13:659,0.000000,0.000000,3,-70.54,-70.54,0,0,
05/14/2026,10:01:13:742,0.000000,0.000000,1,-111.02,-111.02,0,0,
05/14/2026,10:01:13:824,0.000000,0.000000,2,-109.08,-109.08,0,0,
05/14/2026,10:01:13:879,0.000000,0.000000,4,-113.52,-113.52,0,0,
05/14/2026,10:01:14:151,0.000000,0.000000,3,-77.59,-77.59,0,0,
05/14/2026,10:01:14:176,0.000000,0.000000,1,-110.77,-110.77,0,0,
05/14/2026,10:01:14:198,0.000000,0.000000,2,-110.25,-110.25,0,0,
05/14/2026,10:01:14:202,0.000000,0.000000,4,-109.8,-109.8,0,0,
05/14/2026,10:01:14:222,0.000000,0.000000,3,-79.85,-79.85,0,0,
05/14/2026,10:01:14:235,0.000000,0.000000,1,-115.98,-115.98,0,0,
05/14/2026,10:01:14:302,0.000000,0.000000,2,-111.13,-111.13,0,0,
05/14/2026,10:01:14:321,0.000000,0.000000,4,-115.34,-115.34,0,0,
05/14/2026,10:01:14:391,0.000000,0.000000,3,-82.83,-82.83,0,0,
05/14/2026,10:01:14:462,0.000000,0.000000,1,-116.76,-116.76,0,0,
05/14/2026,10:01:14:551,0.000000,0.000000,2,-115.76,-115.76,0,0,
05/14/2026,10:01:14:589,0.000000,0.000000,4,-109.31,-109.31,0,0,
05/14/2026,10:01:14:635,0.000000,0.000000,3,-77.34,-77.34,0,0,
05/14/2026,10:01:14:705,0.000000,0.000000,1,-117.85,-117.85,0,0,
05/14/2026,10:01:14:791,0.000000,0.000000,2,-118.49,-118.49,0,0,
05/14/2026,10:01:14:808,0.000000,0.000000,4,-113.41,-113.41,0,0,
05/14/2026,10:01:14:879,0.000000,0.000000,3,-74.45,-74.45,0,0,
05/14/2026,10:01:14:949,0.000000,0.000000,1,-112.54,-112.54,0,0,
05/14/2026,10:01:15:034,0.000000,0.000000,2,-118.35,-118.35,0,0,
05/14/2026,10:01:15:053,0.000000,0.000000,4,-110.96,-110.96,0,0,
05/14/2026,10:01:15:121,0.000000,0.000000,3,-73.96,-73.96,0,0,
05/14/2026,10:01:15:191,0.000000,0.000000,1,-116.86,-116.86,0,0,
05/14/2026,10:01:15:279,0.000000,0.000000,2,-116.09,-116.09,0,0,
05/14/2026,10:01:15:297,0.000000,0.000000,4,-108.84,-108.84,0,0,
05/14/2026,10:01:15:365,0.000000,0.000000,3,-84.86,-84.86,0,0,
05/14/2026,10:01:15:442,0.000000,0.000000,1,-117.23,-117.23,0,0,
05/14/2026,10:01:15:522,0.000000,0.000000,2,-116.4,-116.4,0,0,
05/14/2026,10:01:15:559,0.000000,0.000000,4,-111.25,-111.25,0,0,
05/14/2026,10:01:15:651,0.000000,0.000000,3,-77.56,-77.56,0,0,
05/14/2026,10:01:15:720,0.000000,0.000000,1,-115.13,-115.13,0,0,
05/14/2026,10:01:15:765,0.000000,0.000000,2,-114.93,-114.93,0,0,
05/14/2026,10:01:15:785,0.000000,0.000000,4,-110.75,-110.75,0,0,
05/14/2026,10:01:15:865,0.000000,0.000000,3,-77.05,-77.05,0,0,
05/14/2026,10:01:15:921,0.000000,0.000000,1,-115.42,-115.42,0,0,
05/14/2026,10:01:16:010,0.000000,0.000000,2,-115.57,-115.57,0,0,
05/14/2026,10:01:16:028,0.000000,0.000000,4,-111.32,-111.32,0,0,
05/14/2026,10:01:16:097,0.000000,0.000000,3,-87.11,-87.11,0,0,
05/14/2026,10:01:16:166,0.000000,0.000000,1,-110.78,-110.78,0,0,
05/14/2026,10:01:16:252,0.000000,0.000000,2,-113.08,-113.08,0,0,
05/14/2026,10:01:16:270,0.000000,0.000000,4,-114.07,-114.07,0,0,
05/14/2026,10:01:16:338,0.000000,0.000000,3,-85.6,-85.6,0,0,
05/14/2026,10:01:16:411,0.000000,0.000000,1,-115.05,-115.05,0,0,
05/14/2026,10:01:16:497,0.000000,0.000000,2,-116.56,-116.56,0,0,
05/14/2026,10:01:16:514,0.000000,0.000000,4,-112.2,-112.2,0,0,
05/14/2026,10:01:16:582,0.000000,0.000000,3,-79.46,-79.46,0,0,
05/14/2026,10:01:16:653,0.000000,0.000000,1,-112.93,-112.93,0,0,
05/14/2026,10:01:16:738,0.000000,0.000000,2,-113.48,-113.48,0,0,
05/14/2026,10:01:16:762,0.000000,0.000000,4,-113.03,-113.03,0,0,
05/14/2026,10:01:16:831,0.000000,0.000000,3,-87.59,-87.59,0,0,
05/14/2026,10:01:16:896,0.000000,0.000000,1,-118.33,-118.33,0,0,
05/14/2026,10:01:16:982,0.000000,0.000000,2,-119.75,-119.75,0,0,
05/14/2026,10:01:17:002,0.000000,0.000000,4,-108.1,-108.1,0,0,
05/14/2026,10:01:17:071,0.000000,0.000000,3,-82.31,-82.31,0,0,
05/14/2026,10:01:17:144,0.000000,0.000000,1,-119.73,-119.73,0,0,
05/14/2026,10:01:17:236,0.000000,0.000000,2,-118.66,-118.66,0,0,
05/14/2026,10:01:17:247,0.000000,0.000000,4,-110.15,-110.15,0,0,
05/14/2026,10:01:17:326,0.000000,0.000000,3,-77.53,-77.53,0,0,
05/14/2026,10:01:17:434,0.000000,0.000000,1,-113.18,-113.18,0,0,
05/14/2026,10:01:17:522,0.000000,0.000000,2,-115.67,-115.67,0,0,
05/14/2026,10:01:17:526,0.000000,0.000000,4,-115.22,-115.22,0,0,
05/14/2026,10:01:17:584,0.000000,0.000000,3,-76.76,-76.76,0,0,
05/14/2026,10:01:17:646,0.000000,0.000000,1,-116.28,-116.28,0,0,
05/14/2026,10:01:17:714,0.000000,0.000000,2,-115.44,-115.44,0,0,
05/14/2026,10:01:17:734,0.000000,0.000000,4,-113.77,-113.77,0,0,
05/14/2026,10:01:17:801,0.000000,0.000000,3,-76.24,-76.24,0,0,
05/14/2026,10:01:17:871,0.000000,0.000000,1,-117.37,-117.37,0,0,
05/14/2026,10:01:17:958,0.000000,0.000000,2,-117.69,-117.69,0,0,
05/14/2026,10:01:17:977,0.000000,0.000000,4,-113.89,-113.89,0,0,
05/14/2026,10:01:18:046,0.000000,0.000000,3,-80.87,-80.87,0,0,
05/14/2026,10:01:18:117,0.000000,0.000000,1,-112.7,-112.7,0,0,
05/14/2026,10:01:18:201,0.000000,0.000000,2,-111.18,-111.18,0,0,
05/14/2026,10:01:18:224,0.000000,0.000000,4,-113.81,-113.81,0,0,
05/14/2026,10:01:18:290,0.000000,0.000000,3,-76.24,-76.24,0,0,
05/14/2026,10:01:18:361,0.000000,0.000000,1,-111.86,-111.86,0,0,
05/14/2026,10:01:18:449,0.000000,0.000000,2,-115.55,-115.55,0,0,
05/14/2026,10:01:18:468,0.000000,0.000000,4,-110.64,-110.64,0,0,
05/14/2026,10:01:18:535,0.000000,0.000000,3,-76.04,-76.04,0,0,
05/14/2026,10:01:18:606,0.000000,0.000000,1,-112.87,-112.87,0,0,
05/14/2026,10:01:18:690,0.000000,0.000000,2,-115.16,-115.16,0,0,
05/14/2026,10:01:18:706,0.000000,0.000000,4,-112.41,-112.41,0,0,
05/14/2026,10:01:18:780,0.000000,0.000000,3,-79.88,-79.88,0,0,
05/14/2026,10:01:18:847,0.000000,0.000000,1,-116.26,-116.26,0,0,
05/14/2026,10:01:18:934,0.000000,0.000000,2,-118.44,-118.44,0,0,
05/14/2026,10:01:18:953,0.000000,0.000000,4,-115.1,-115.1,0,0,
05/14/2026,10:01:19:018,0.000000,0.000000,3,-78.18,-78.18,0,0,
05/14/2026,10:01:19:088,0.000000,0.000000,1,-112.35,-112.35,0,0,
05/14/2026,10:01:19:432,0.000000,0.000000,2,-116.78,-116.78,0,0,
05/14/2026,10:01:19:457,0.000000,0.000000,4,-108.56,-108.56,0,0,
05/14/2026,10:01:19:475,0.000000,0.000000,3,-79.44,-79.44,0,0,
05/14/2026,10:01:19:515,0.000000,0.000000,1,-117.73,-117.73,0,0,
05/14/2026,10:01:19:566,0.000000,0.000000,2,-116.12,-116.12,0,0,
05/14/2026,10:01:19:569,0.000000,0.000000,4,-114.94,-114.94,0,0,
05/14/2026,10:01:19:584,0.000000,0.000000,3,-74.48,-74.48,0,0,
05/14/2026,10:01:19:620,0.000000,0.000000,1,-112.09,-112.09,0,0,
05/14/2026,10:01:19:665,0.000000,0.000000,2,-118.86,-118.86,0,0,
05/14/2026,10:01:19:730,0.000000,0.000000,4,-114.77,-114.77,0,0,
05/14/2026,10:01:19:755,0.000000,0.000000,3,-85.69,-85.69,0,0,
05/14/2026,10:01:19:821,0.000000,0.000000,1,-117.63,-117.63,0,0,
05/14/2026,10:01:19:906,0.000000,0.000000,2,-119.78,-119.78,0,0,
05/14/2026,10:01:19:924,0.000000,0.000000,4,-113.19,-113.19,0,0,
05/14/2026,10:01:19:994,0.000000,0.000000,3,-78.11,-78.11,0,0,
05/14/2026,10:01:20:066,0.000000,0.000000,1,-116.34,-116.34,0,0,
05/14/2026,10:01:20:160,0.000000,0.000000,2,-116.99,-116.99,0,0,
05/14/2026,10:01:20:167,0.000000,0.000000,4,-112.14,-112.14,0,0,
05/14/2026,10:01:20:240,0.000000,0.000000,3,-88.4,-88.4,0,0,
05/14/2026,10:01:20:307,0.000000,0.000000,1,-118.86,-118.86,0,0,
05/14/2026,10:01:20:393,0.000000,0.000000,2,-116.56,-116.56,0,0,
05/14/2026,10:01:20:413,0.000000,0.000000,4,-116.57,-116.57,0,0,
05/14/2026,10:01:20:482,0.000000,0.000000,3,-79.21,-79.21,0,0,
05/14/2026,10:01:20:552,0.000000,0.000000,1,-116.5,-116.5,0,0,
05/14/2026,10:01:20:637,0.000000,0.000000,2,-117.88,-117.88,0,0,
05/14/2026,10:01:20:658,0.000000,0.000000,4,-113.13,-113.13,0,0,
05/14/2026,10:01:20:727,0.000000,0.000000,3,-87.34,-87.34,0,0,
05/14/2026,10:01:20:796,0.000000,0.000000,1,-114.14,-114.14,0,0,
05/14/2026,10:01:20:881,0.000000,0.000000,2,-120.2,-120.2,0,0,
05/14/2026,10:01:20:899,0.000000,0.000000,4,-114.87,-114.87,0,0,
05/14/2026,10:01:20:969,0.000000,0.000000,3,-81.36,-81.36,0,0,
05/14/2026,10:01:21:038,0.000000,0.000000,1,-113.33,-113.33,0,0,
05/14/2026,10:01:21:125,0.000000,0.000000,2,-115.08,-115.08,0,0,
05/14/2026,10:01:21:172,0.000000,0.000000,4,-112.97,-112.97,0,0,
05/14/2026,10:01:21:254,0.000000,0.000000,3,-81.45,-81.45,0,0,
05/14/2026,10:01:21:329,0.000000,0.000000,1,-115.15,-115.15,0,0,
05/14/2026,10:01:21:400,0.000000,0.000000,2,-118.26,-118.26,0,0,
05/14/2026,10:01:21:402,0.000000,0.000000,4,-115.87,-115.87,0,0,
05/14/2026,10:01:21:456,0.000000,0.000000,3,-94.74,-94.74,0,0,
05/14/2026,10:01:21:527,0.000000,0.000000,1,-116.24,-116.24,0,0,
05/14/2026,10:01:21:615,0.000000,0.000000,2,-120.29,-120.29,0,0,
05/14/2026,10:01:21:630,0.000000,0.000000,4,-111.88,-111.88,0,0,
05/14/2026,10:01:21:699,0.000000,0.000000,3,-86,-86,0,0,
05/14/2026,10:01:21:771,0.000000,0.000000,1,-113.02,-113.02,0,0,
05/14/2026,10:01:21:857,0.000000,0.000000,2,-116.42,-116.42,0,0,
05/14/2026,10:01:21:873,0.000000,0.000000,4,-113.38,-113.38,0,0,
05/14/2026,10:01:21:943,0.000000,0.000000,3,-88.9,-88.9,0,0,
05/14/2026,10:01:22:014,0.000000,0.000000,1,-115.29,-115.29,0,0,
05/14/2026,10:01:22:104,0.000000,0.000000,2,-118.19,-118.19,0,0,
05/14/2026,10:01:22:117,0.000000,0.000000,4,-113.32,-113.32,0,0,
05/14/2026,10:01:22:187,0.000000,0.000000,3,-82.46,-82.46,0,0,
05/14/2026,10:01:22:264,0.000000,0.000000,1,-115.13,-115.13,0,0,
05/14/2026,10:01:22:343,0.000000,0.000000,2,-116.48,-116.48,0,0,
05/14/2026,10:01:22:362,0.000000,0.000000,4,-112.88,-112.88,0,0,
05/14/2026,10:01:22:430,0.000000,0.000000,3,-80.83,-80.83,0,0,
05/14/2026,10:01:22:500,0.000000,0.000000,1,-117.61,-117.61,0,0,
05/14/2026,10:01:22:586,0.000000,0.000000,2,-117.79,-117.79,0,0,
05/14/2026,10:01:22:606,0.000000,0.000000,4,-112.4,-112.4,0,0,
05/14/2026,10:01:22:675,0.000000,0.000000,3,-82.41,-82.41,0,0,
05/14/2026,10:01:22:745,0.000000,0.000000,1,-114.46,-114.46,0,0,
05/14/2026,10:01:22:831,0.000000,0.000000,2,-118,-118,0,0,
05/14/2026,10:01:22:849,0.000000,0.000000,4,-113.71,-113.71,0,0,
05/14/2026,10:01:22:920,0.000000,0.000000,3,-86.63,-86.63,0,0,
05/14/2026,10:01:22:999,0.000000,0.000000,1,-116.68,-116.68,0,0,
05/14/2026,10:01:23:078,0.000000,0.000000,2,-117.06,-117.06,0,0,
05/14/2026,10:01:23:124,0.000000,0.000000,4,-113.87,-113.87,0,0,
05/14/2026,10:01:23:195,0.000000,0.000000,3,-87.51,-87.51,0,0,
05/14/2026,10:01:23:247,0.000000,0.000000,1,-114.34,-114.34,0,0,
05/14/2026,10:01:23:319,0.000000,0.000000,2,-118.04,-118.04,0,0,
05/14/2026,10:01:23:334,0.000000,0.000000,4,-113.24,-113.24,0,0,
05/14/2026,10:01:23:406,0.000000,0.000000,3,-77.38,-77.38,0,0,
05/14/2026,10:01:23:475,0.000000,0.000000,1,-114.41,-114.41,0,0,
05/14/2026,10:01:23:562,0.000000,0.000000,2,-118.75,-118.75,0,0,
05/14/2026,10:01:23:582,0.000000,0.000000,4,-116.78,-116.78,0,0,
05/14/2026,10:01:23:650,0.000000,0.000000,3,-89.82,-89.82,0,0,
05/14/2026,10:01:23:724,0.000000,0.000000,1,-116.59,-116.59,0,0,
05/14/2026,10:01:23:808,0.000000,0.000000,2,-116.52,-116.52,0,0,
05/14/2026,10:01:23:822,0.000000,0.000000,4,-109.03,-109.03,0,0,
05/14/2026,10:01:23:894,0.000000,0.000000,3,-75.95,-75.95,0,0,
05/14/2026,10:01:23:961,0.000000,0.000000,1,-111.85,-111.85,0,0,
05/14/2026,10:01:24:073,0.000000,0.000000,2,-110.53,-110.53,0,0,
05/14/2026,10:01:24:089,0.000000,0.000000,4,-111.72,-111.72,0,0,
05/14/2026,10:01:24:156,0.000000,0.000000,3,-78.99,-78.99,0,0,
05/14/2026,10:01:24:225,0.000000,0.000000,1,-112.84,-112.84,0,0,
05/14/2026,10:01:24:312,0.000000,0.000000,2,-117.73,-117.73,0,0,
05/14/2026,10:01:24:332,0.000000,0.000000,4,-112.52,-112.52,0,0,
05/14/2026,10:01:24:401,0.000000,0.000000,3,-86.72,-86.72,0,0,
05/14/2026,10:01:24:717,0.000000,0.000000,1,-110.16,-110.16,0,0,
05/14/2026,10:01:24:740,0.000000,0.000000,2,-112.87,-112.87,0,0,
05/14/2026,10:01:24:744,0.000000,0.000000,4,-112.51,-112.51,0,0,
05/14/2026,10:01:24:759,0.000000,0.000000,3,-80.31,-80.31,0,0,
05/14/2026,10:01:24:801,0.000000,0.000000,1,-113.61,-113.61,0,0,
05/14/2026,10:01:24:849,0.000000,0.000000,2,-118.15,-118.15,0,0,
05/14/2026,10:01:24:853,0.000000,0.000000,4,-113.78,-113.78,0,0,
05/14/2026,10:01:24:900,0.000000,0.000000,3,-82.3,-82.3,0,0,
05/14/2026,10:01:25:004,0.000000,0.000000,1,-117.81,-117.81,0,0,
05/14/2026,10:01:25:056,0.000000,0.000000,2,-119.43,-119.43,0,0,
05/14/2026,10:01:25:112,0.000000,0.000000,4,-114.81,-114.81,0,0,
05/14/2026,10:01:25:168,0.000000,0.000000,3,-85.79,-85.79,0,0,
05/14/2026,10:01:25:211,0.000000,0.000000,1,-116.03,-116.03,0,0,
05/14/2026,10:01:25:297,0.000000,0.000000,2,-117.73,-117.73,0,0,
05/14/2026,10:01:25:313,0.000000,0.000000,4,-109.5,-109.5,0,0,
05/14/2026,10:01:25:383,0.000000,0.000000,3,-79.91,-79.91,0,0,
05/14/2026,10:01:25:455,0.000000,0.000000,1,-114.64,-114.64,0,0,
05/14/2026,10:01:25:540,0.000000,0.000000,2,-118.72,-118.72,0,0,
05/14/2026,10:01:25:569,0.000000,0.000000,4,-113.93,-113.93,0,0,
05/14/2026,10:01:25:628,0.000000,0.000000,3,-81.64,-81.64,0,0,
05/14/2026,10:01:25:702,0.000000,0.000000,1,-115.94,-115.94,0,0,
05/14/2026,10:01:25:785,0.000000,0.000000,2,-119.49,-119.49,0,0,
05/14/2026,10:01:25:801,0.000000,0.000000,4,-110.96,-110.96,0,0,
05/14/2026,10:01:25:873,0.000000,0.000000,3,-81.32,-81.32,0,0,
05/14/2026,10:01:25:941,0.000000,0.000000,1,-119.87,-119.87,0,0,
05/14/2026,10:01:26:028,0.000000,0.000000,2,-118.83,-118.83,0,0,
05/14/2026,10:01:26:046,0.000000,0.000000,4,-113.37,-113.37,0,0,
05/14/2026,10:01:26:116,0.000000,0.000000,3,-86.25,-86.25,0,0,
05/14/2026,10:01:26:188,0.000000,0.000000,1,-118.19,-118.19,0,0,
05/14/2026,10:01:26:286,0.000000,0.000000,2,-120.49,-120.49,0,0,
05/14/2026,10:01:26:289,0.000000,0.000000,4,-114.78,-114.78,0,0,
05/14/2026,10:01:26:361,0.000000,0.000000,3,-83.01,-83.01,0,0,
05/14/2026,10:01:26:429,0.000000,0.000000,1,-117.17,-117.17,0,0,
05/14/2026,10:01:26:517,0.000000,0.000000,2,-116.81,-116.81,0,0,
05/14/2026,10:01:26:533,0.000000,0.000000,4,-113.67,-113.67,0,0,
05/14/2026,10:01:26:634,0.000000,0.000000,3,-82.9,-82.9,0,0,
05/14/2026,10:01:26:710,0.000000,0.000000,1,-116.62,-116.62,0,0,
05/14/2026,10:01:26:796,0.000000,0.000000,2,-118.39,-118.39,0,0,
05/14/2026,10:01:26:799,0.000000,0.000000,4,-115.4,-115.4,0,0,
05/14/2026,10:01:26:848,0.000000,0.000000,3,-84.01,-84.01,0,0,
05/14/2026,10:01:26:917,0.000000,0.000000,1,-117.72,-117.72,0,0,
05/14/2026,10:01:27:004,0.000000,0.000000,2,-119.02,-119.02,0,0,
05/14/2026,10:01:27:020,0.000000,0.000000,4,-113.36,-113.36,0,0,
05/14/2026,10:01:27:090,0.000000,0.000000,3,-87.51,-87.51,0,0,
05/14/2026,10:01:27:160,0.000000,0.000000,1,-117.55,-117.55,0,0,
05/14/2026,10:01:27:246,0.000000,0.000000,2,-114.22,-114.22,0,0,
05/14/2026,10:01:27:266,0.000000,0.000000,4,-113.04,-113.04,0,0,
05/14/2026,10:01:27:336,0.000000,0.000000,3,-82.3,-82.3,0,0,
05/14/2026,10:01:27:403,0.000000,0.000000,1,-118.05,-118.05,0,0,
05/14/2026,10:01:27:491,0.000000,0.000000,2,-116.13,-116.13,0,0,
05/14/2026,10:01:27:508,0.000000,0.000000,4,-116.07,-116.07,0,0,
05/14/2026,10:01:27:580,0.000000,0.000000,3,-86.08,-86.08,0,0,
05/14/2026,10:01:27:648,0.000000,0.000000,1,-115.83,-115.83,0,0,
05/14/2026,10:01:27:735,0.000000,0.000000,2,-114.12,-114.12,0,0,
05/14/2026,10:01:27:751,0.000000,0.000000,4,-112.58,-112.58,0,0,
05/14/2026,10:01:27:825,0.000000,0.000000,3,-75.35,-75.35,0,0,
05/14/2026,10:01:27:892,0.000000,0.000000,1,-114.18,-114.18,0,0,
05/14/2026,10:01:27:978,0.000000,0.000000,2,-114.61,-114.61,0,0,
05/14/2026,10:01:27:997,0.000000,0.000000,4,-110.22,-110.22,0,0,
05/14/2026,10:01:28:065,0.000000,0.000000,3,-82.92,-82.92,0,0,
05/14/2026,10:01:28:146,0.000000,0.000000,1,-112.45,-112.45,0,0,
05/14/2026,10:01:28:252,0.000000,0.000000,2,-111,-111,0,0,
05/14/2026,10:01:28:270,0.000000,0.000000,4,-111.42,-111.42,0,0,
05/14/2026,10:01:28:339,0.000000,0.000000,3,-81.51,-81.51,0,0,
05/14/2026,10:01:28:421,0.000000,0.000000,1,-110.56,-110.56,0,0,
05/14/2026,10:01:28:543,0.000000,0.000000,2,-116.07,-116.07,0,0,
05/14/2026,10:01:28:545,0.000000,0.000000,4,-109,-109,0,0,
05/14/2026,10:01:28:623,0.000000,0.000000,3,-85.52,-85.52,0,0,
05/14/2026,10:01:28:704,0.000000,0.000000,1,-111.88,-111.88,0,0,
05/14/2026,10:01:28:790,0.000000,0.000000,2,-111.19,-111.19,0,0,
05/14/2026,10:01:28:806,0.000000,0.000000,4,-96.88,-96.88,0,0,
05/14/2026,10:01:28:885,0.000000,0.000000,3,-79.41,-79.41,0,0,
05/14/2026,10:01:28:966,0.000000,0.000000,1,-116.53,-116.53,0,0,
05/14/2026,10:01:29:065,0.000000,0.000000,2,-113.74,-113.74,0,0,
05/14/2026,10:01:29:081,0.000000,0.000000,4,-108.47,-108.47,0,0,
05/14/2026,10:01:29:162,0.000000,0.000000,3,-86.65,-86.65,0,0,
05/14/2026,10:01:29:232,0.000000,0.000000,1,-113.56,-113.56,0,0,
05/14/2026,10:01:29:329,0.000000,0.000000,2,-117.72,-117.72,0,0,
05/14/2026,10:01:29:344,0.000000,0.000000,4,-111.02,-111.02,0,0,
05/14/2026,10:01:29:424,0.000000,0.000000,3,-88.05,-88.05,0,0,
05/14/2026,10:01:29:495,0.000000,0.000000,1,-112.87,-112.87,0,0,
05/14/2026,10:01:29:601,0.000000,0.000000,2,-110.61,-110.61,0,0,
05/14/2026,10:01:29:621,0.000000,0.000000,4,-104.69,-104.69,0,0,
05/14/2026,10:01:29:699,0.000000,0.000000,3,-85.54,-85.54,0,0,
05/14/2026,10:01:29:994,0.000000,0.000000,1,-117.38,-117.38,0,0,
05/14/2026,10:01:30:011,0.000000,0.000000,2,-119.43,-119.43,0,0,
05/14/2026,10:01:30:012,0.000000,0.000000,4,-116.64,-116.64,0,0,
05/14/2026,10:01:30:023,0.000000,0.000000,3,-91.99,-91.99,0,0,
05/14/2026,10:01:30:032,0.000000,0.000000,1,-118.47,-118.47,0,0,
05/14/2026,10:01:30:110,0.000000,0.000000,2,-118.41,-118.41,0,0,
05/14/2026,10:01:30:125,0.000000,0.000000,4,-115.26,-115.26,0,0,
05/14/2026,10:01:30:200,0.000000,0.000000,3,-85.52,-85.52,0,0,
05/14/2026,10:01:30:264,0.000000,0.000000,1,-118.45,-118.45,0,0,
05/14/2026,10:01:30:354,0.000000,0.000000,2,-120.92,-120.92,0,0,
05/14/2026,10:01:30:372,0.000000,0.000000,4,-114.6,-114.6,0,0,
05/14/2026,10:01:30:438,0.000000,0.000000,3,-85.87,-85.87,0,0,
05/14/2026,10:01:30:510,0.000000,0.000000,1,-117.65,-117.65,0,0,
05/14/2026,10:01:30:629,0.000000,0.000000,2,-120.94,-120.94,0,0,
05/14/2026,10:01:30:632,0.000000,0.000000,4,-115.01,-115.01,0,0,
05/14/2026,10:01:30:707,0.000000,0.000000,3,-85.91,-85.91,0,0,
05/14/2026,10:01:30:759,0.000000,0.000000,1,-116.18,-116.18,0,0,
05/14/2026,10:01:30:840,0.000000,0.000000,2,-118.42,-118.42,0,0,
05/14/2026,10:01:30:859,0.000000,0.000000,4,-115.94,-115.94,0,0,
05/14/2026,10:01:30:926,0.000000,0.000000,3,-84.53,-84.53,0,0,
05/14/2026,10:01:30:999,0.000000,0.000000,1,-119.72,-119.72,0,0,
05/14/2026,10:01:31:084,0.000000,0.000000,2,-119.76,-119.76,0,0,
05/14/2026,10:01:31:099,0.000000,0.000000,4,-113.25,-113.25,0,0,
05/14/2026,10:01:31:171,0.000000,0.000000,3,-83.58,-83.58,0,0,
05/14/2026,10:01:31:239,0.000000,0.000000,1,-116.37,-116.37,0,0,
05/14/2026,10:01:31:326,0.000000,0.000000,2,-105.66,-105.66,0,0,
05/14/2026,10:01:31:345,0.000000,0.000000,4,-113.28,-113.28,0,0,
05/14/2026,10:01:31:425,0.000000,0.000000,3,-90.41,-90.41,0,0,
05/14/2026,10:01:31:505,0.000000,0.000000,1,-109.63,-109.63,0,0,
05/14/2026,10:01:31:613,0.000000,0.000000,2,-105.58,-105.58,0,0,
05/14/2026,10:01:31:629,0.000000,0.000000,4,-104.39,-104.39,0,0,
05/14/2026,10:01:31:710,0.000000,0.000000,3,-87.91,-87.91,0,0,
05/14/2026,10:01:31:790,0.000000,0.000000,1,-107.23,-107.23,0,0,
05/14/2026,10:01:31:896,0.000000,0.000000,2,-100.81,-100.81,0,0,
05/14/2026,10:01:31:914,0.000000,0.000000,4,-106.99,-106.99,0,0,
05/14/2026,10:01:31:996,0.000000,0.000000,3,-84.8,-84.8,0,0,
05/14/2026,10:01:32:073,0.000000,0.000000,1,-95.51,-95.51,0,0,
05/14/2026,10:01:32:179,0.000000,0.000000,2,-101.37,-101.37,0,0,
05/14/2026,10:01:32:200,0.000000,0.000000,4,-103.99,-103.99,0,0,
05/14/2026,10:01:32:278,0.000000,0.000000,3,-91.85,-91.85,0,0,
05/14/2026,10:01:32:390,0.000000,0.000000,1,-102.01,-102.01,0,0,
05/14/2026,10:01:32:476,0.000000,0.000000,2,-110.7,-110.7,0,0,
05/14/2026,10:01:32:481,0.000000,0.000000,4,-110.48,-110.48,0,0,
05/14/2026,10:01:32:566,0.000000,0.000000,3,-91.2,-91.2,0,0,
05/14/2026,10:01:32:643,0.000000,0.000000,1,-110.03,-110.03,0,0,
05/14/2026,10:01:32:749,0.000000,0.000000,2,-114.98,-114.98,0,0,
05/14/2026,10:01:32:764,0.000000,0.000000,4,-111.19,-111.19,0,0,
05/14/2026,10:01:32:846,0.000000,0.000000,3,-93.8,-93.8,0,0,
05/14/2026,10:01:32:925,0.000000,0.000000,1,-111.34,-111.34,0,0,
05/14/2026,10:01:33:023,0.000000,0.000000,2,-109.32,-109.32,0,0,
05/14/2026,10:01:33:041,0.000000,0.000000,4,-108.31,-108.31,0,0,
05/14/2026,10:01:33:125,0.000000,0.000000,3,-88.66,-88.66,0,0,
05/14/2026,10:01:33:204,0.000000,0.000000,1,-115.6,-115.6,0,0,
05/14/2026,10:01:33:306,0.000000,0.000000,2,-114.06,-114.06,0,0,
05/14/2026,10:01:33:324,0.000000,0.000000,4,-111.05,-111.05,0,0,
05/14/2026,10:01:33:404,0.000000,0.000000,3,-94.2,-94.2,0,0,
05/14/2026,10:01:33:486,0.000000,0.000000,1,-115.23,-115.23,0,0,
05/14/2026,10:01:33:590,0.000000,0.000000,2,-115.85,-115.85,0,0,
05/14/2026,10:01:33:610,0.000000,0.000000,4,-113.97,-113.97,0,0,
05/14/2026,10:01:33:690,0.000000,0.000000,3,-89.57,-89.57,0,0,
05/14/2026,10:01:33:780,0.000000,0.000000,1,-119.46,-119.46,0,0,
05/14/2026,10:01:33:856,0.000000,0.000000,2,-117.92,-117.92,0,0,
05/14/2026,10:01:33:872,0.000000,0.000000,4,-114.75,-114.75,0,0,
05/14/2026,10:01:33:944,0.000000,0.000000,3,-86.91,-86.91,0,0,
05/14/2026,10:01:34:033,0.000000,0.000000,1,-118.52,-118.52,0,0,
05/14/2026,10:01:34:113,0.000000,0.000000,2,-119.09,-119.09,0,0,
05/14/2026,10:01:34:115,0.000000,0.000000,4,-115.45,-115.45,0,0,
05/14/2026,10:01:34:192,0.000000,0.000000,3,-88.63,-88.63,0,0,
05/14/2026,10:01:34:265,0.000000,0.000000,1,-118.51,-118.51,0,0,
05/14/2026,10:01:34:343,0.000000,0.000000,2,-113.38,-113.38,0,0,
05/14/2026,10:01:34:360,0.000000,0.000000,4,-116.74,-116.74,0,0,
05/14/2026,10:01:34:429,0.000000,0.000000,3,-83.67,-83.67,0,0,
05/14/2026,10:01:34:498,0.000000,0.000000,1,-120.8,-120.8,0,0,
05/14/2026,10:01:34:585,0.000000,0.000000,2,-122.13,-122.13,0,0,
05/14/2026,10:01:34:604,0.000000,0.000000,4,-114.74,-114.74,0,0,
05/14/2026,10:01:34:672,0.000000,0.000000,3,-89.44,-89.44,0,0,
05/14/2026,10:01:34:744,0.000000,0.000000,1,-116.88,-116.88,0,0,
05/14/2026,10:01:34:831,0.000000,0.000000,2,-120.67,-120.67,0,0,
05/14/2026,10:01:34:848,0.000000,0.000000,4,-116.45,-116.45,0,0,
05/14/2026,10:01:34:916,0.000000,0.000000,3,-86.17,-86.17,0,0,
05/14/2026,10:01:34:986,0.000000,0.000000,1,-118.37,-118.37,0,0,
05/14/2026,10:01:35:280,0.000000,0.000000,2,-119.51,-119.51,0,0,
05/14/2026,10:01:35:283,0.000000,0.000000,4,-114.7,-114.7,0,0,
05/14/2026,10:01:35:301,0.000000,0.000000,3,-87.59,-87.59,0,0,
05/14/2026,10:01:35:311,0.000000,0.000000,1,-118.57,-118.57,0,0,
05/14/2026,10:01:35:322,0.000000,0.000000,2,-119.28,-119.28,0,0,
05/14/2026,10:01:35:334,0.000000,0.000000,4,-84.67,-84.67,0,0,
05/14/2026,10:01:35:406,0.000000,0.000000,3,-82.01,-82.01,0,0,
05/14/2026,10:01:35:474,0.000000,0.000000,1,-116.93,-116.93,0,0,
05/14/2026,10:01:35:558,0.000000,0.000000,2,-119.6,-119.6,0,0,
05/14/2026,10:01:35:583,0.000000,0.000000,4,-89.23,-89.23,0,0,
05/14/2026,10:01:35:647,0.000000,0.000000,3,-80.34,-80.34,0,0,
05/14/2026,10:01:35:718,0.000000,0.000000,1,-118.92,-118.92,0,0,
05/14/2026,10:01:35:804,0.000000,0.000000,2,-119.41,-119.41,0,0,
05/14/2026,10:01:35:822,0.000000,0.000000,4,-82.12,-82.12,0,0,
05/14/2026,10:01:35:893,0.000000,0.000000,3,-95.28,-95.28,0,0,
05/14/2026,10:01:35:961,0.000000,0.000000,1,-118.03,-118.03,0,0,
05/14/2026,10:01:36:048,0.000000,0.000000,2,-120.68,-120.68,0,0,
05/14/2026,10:01:36:113,0.000000,0.000000,4,-85.51,-85.51,0,0,
05/14/2026,10:01:36:190,0.000000,0.000000,3,-86.89,-86.89,0,0,
05/14/2026,10:01:36:204,0.000000,0.000000,1,-118.15,-118.15,0,0,
05/14/2026,10:01:36:301,0.000000,0.000000,2,-119.67,-119.67,0,0,
05/14/2026,10:01:36:342,0.000000,0.000000,4,-86.55,-86.55,0,0,
05/14/2026,10:01:36:388,0.000000,0.000000,3,-85.59,-85.59,0,0,
05/14/2026,10:01:36:459,0.000000,0.000000,1,-119.13,-119.13,0,0,
05/14/2026,10:01:36:546,0.000000,0.000000,2,-119.67,-119.67,0,0,
05/14/2026,10:01:36:564,0.000000,0.000000,4,-87.47,-87.47,0,0,
05/14/2026,10:01:36:632,0.000000,0.000000,3,-83.42,-83.42,0,0,
05/14/2026,10:01:36:703,0.000000,0.000000,1,-121.03,-121.03,0,0,
05/14/2026,10:01:36:790,0.000000,0.000000,2,-120.39,-120.39,0,0,
05/14/2026,10:01:36:806,0.000000,0.000000,4,-90.6,-90.6,0,0,
05/14/2026,10:01:36:879,0.000000,0.000000,3,-89.06,-89.06,0,0,
05/14/2026,10:01:36:948,0.000000,0.000000,1,-120.81,-120.81,0,0,
05/14/2026,10:01:37:037,0.000000,0.000000,2,-119.02,-119.02,0,0,
05/14/2026,10:01:37:053,0.000000,0.000000,4,-81.7,-81.7,0,0,
05/14/2026,10:01:37:121,0.000000,0.000000,3,-84.45,-84.45,0,0,
05/14/2026,10:01:37:191,0.000000,0.000000,1,-118.94,-118.94,0,0,
05/14/2026,10:01:37:277,0.000000,0.000000,2,-120.64,-120.64,0,0,
05/14/2026,10:01:37:303,0.000000,0.000000,4,-88.25,-88.25,0,0,
05/14/2026,10:01:37:366,0.000000,0.000000,3,-87.22,-87.22,0,0,
05/14/2026,10:01:37:435,0.000000,0.000000,1,-119.84,-119.84,0,0,
05/14/2026,10:01:37:518,0.000000,0.000000,2,-122.62,-122.62,0,0,
05/14/2026,10:01:37:538,0.000000,0.000000,4,-83.22,-83.22,0,0,
05/14/2026,10:01:37:619,0.000000,0.000000,3,-89.94,-89.94,0,0,
05/14/2026,10:01:37:679,0.000000,0.000000,1,-118.12,-118.12,0,0,
05/14/2026,10:01:37:763,0.000000,0.000000,2,-123.32,-123.32,0,0,
05/14/2026,10:01:37:806,0.000000,0.000000,4,-91.23,-91.23,0,0,
05/14/2026,10:01:37:876,0.000000,0.000000,3,-87.32,-87.32,0,0,
05/14/2026,10:01:37:953,0.000000,0.000000,1,-119.4,-119.4,0,0,
05/14/2026,10:01:38:027,0.000000,0.000000,2,-120.92,-120.92,0,0,
05/14/2026,10:01:38:029,0.000000,0.000000,4,-84.85,-84.85,0,0,
05/14/2026,10:01:38:108,0.000000,0.000000,3,-92.11,-92.11,0,0,
05/14/2026,10:01:38:165,0.000000,0.000000,1,-118.56,-118.56,0,0,
05/14/2026,10:01:38:252,0.000000,0.000000,2,-123.02,-123.02,0,0,
05/14/2026,10:01:38:270,0.000000,0.000000,4,-83.89,-83.89,0,0,
05/14/2026,10:01:38:340,0.000000,0.000000,3,-91.98,-91.98,0,0,
05/14/2026,10:01:38:408,0.000000,0.000000,1,-118.36,-118.36,0,0,
05/14/2026,10:01:38:499,0.000000,0.000000,2,-119.88,-119.88,0,0,
05/14/2026,10:01:38:512,0.000000,0.000000,4,-86.41,-86.41,0,0,
05/14/2026,10:01:38:583,0.000000,0.000000,3,-90.27,-90.27,0,0,
05/14/2026,10:01:38:651,0.000000,0.000000,1,-119.69,-119.69,0,0,
05/14/2026,10:01:38:739,0.000000,0.000000,2,-120.61,-120.61,0,0,
05/14/2026,10:01:38:756,0.000000,0.000000,4,-85.49,-85.49,0,0,
05/14/2026,10:01:38:824,0.000000,0.000000,3,-86.02,-86.02,0,0,
05/14/2026,10:01:38:904,0.000000,0.000000,1,-121.45,-121.45,0,0,
05/14/2026,10:01:38:982,0.000000,0.000000,2,-120.98,-120.98,0,0,
05/14/2026,10:01:39:001,0.000000,0.000000,4,-92.75,-92.75,0,0,
05/14/2026,10:01:39:084,0.000000,0.000000,3,-89.5,-89.5,0,0,
05/14/2026,10:01:39:138,0.000000,0.000000,1,-120.16,-120.16,0,0,
05/14/2026,10:01:39:224,0.000000,0.000000,2,-120.88,-120.88,0,0,
05/14/2026,10:01:39:245,0.000000,0.000000,4,-89.19,-89.19,0,0,
05/14/2026,10:01:39:314,0.000000,0.000000,3,-89.93,-89.93,0,0,
05/14/2026,10:01:39:386,0.000000,0.000000,1,-119.58,-119.58,0,0,
05/14/2026,10:01:39:468,0.000000,0.000000,2,-120.96,-120.96,0,0,
05/14/2026,10:01:39:488,0.000000,0.000000,4,-86.89,-86.89,0,0,
05/14/2026,10:01:39:555,0.000000,0.000000,3,-89.77,-89.77,0,0,
05/14/2026,10:01:39:628,0.000000,0.000000,1,-118.49,-118.49,0,0,
05/14/2026,10:01:39:757,0.000000,0.000000,2,-119.42,-119.42,0,0,
05/14/2026,10:01:39:759,0.000000,0.000000,4,-87.52,-87.52,0,0,
05/14/2026,10:01:39:836,0.000000,0.000000,3,-87.67,-87.67,0,0,
05/14/2026,10:01:39:911,0.000000,0.000000,1,-119.06,-119.06,0,0,
05/14/2026,10:01:39:957,0.000000,0.000000,2,-120.88,-120.88,0,0,
05/14/2026,10:01:39:972,0.000000,0.000000,4,-82.69,-82.69,0,0,
05/14/2026,10:01:40:047,0.000000,0.000000,3,-86.79,-86.79,0,0,
05/14/2026,10:01:40:114,0.000000,0.000000,1,-120.27,-120.27,0,0,
05/14/2026,10:01:40:199,0.000000,0.000000,2,-118.86,-118.86,0,0,
05/14/2026,10:01:40:218,0.000000,0.000000,4,-84.44,-84.44,0,0,
05/14/2026,10:01:40:288,0.000000,0.000000,3,-85.77,-85.77,0,0,
05/14/2026,10:01:40:567,0.000000,0.000000,1,-119.5,-119.5,0,0,
05/14/2026,10:01:40:583,0.000000,0.000000,2,-115.22,-115.22,0,0,
05/14/2026,10:01:40:588,0.000000,0.000000,4,-78.85,-78.85,0,0,
05/14/2026,10:01:40:598,0.000000,0.000000,3,-78.31,-78.31,0,0,
05/14/2026,10:01:40:614,0.000000,0.000000,1,-118.11,-118.11,0,0,
05/14/2026,10:01:40:688,0.000000,0.000000,2,-117.47,-117.47,0,0,
05/14/2026,10:01:40:704,0.000000,0.000000,4,-80.97,-80.97,0,0,
05/14/2026,10:01:40:775,0.000000,0.000000,3,-81.84,-81.84,0,0,
05/14/2026,10:01:40:844,0.000000,0.000000,1,-116.81,-116.81,0,0,
05/14/2026,10:01:40:931,0.000000,0.000000,2,-118.93,-118.93,0,0,
05/14/2026,10:01:40:949,0.000000,0.000000,4,-83.58,-83.58,0,0,
05/14/2026,10:01:41:018,0.000000,0.000000,3,-84.57,-84.57,0,0,
05/14/2026,10:01:41:089,0.000000,0.000000,1,-120.33,-120.33,0,0,
05/14/2026,10:01:41:177,0.000000,0.000000,2,-113.81,-113.81,0,0,
05/14/2026,10:01:41:194,0.000000,0.000000,4,-79.85,-79.85,0,0,
05/14/2026,10:01:41:264,0.000000,0.000000,3,-75.35,-75.35,0,0,
05/14/2026,10:01:41:333,0.000000,0.000000,1,-117.86,-117.86,0,0,
05/14/2026,10:01:41:419,0.000000,0.000000,2,-121.27,-121.27,0,0,
05/14/2026,10:01:41:465,0.000000,0.000000,4,-79.25,-79.25,0,0,
05/14/2026,10:01:41:507,0.000000,0.000000,3,-73.27,-73.27,0,0,
05/14/2026,10:01:41:576,0.000000,0.000000,1,-113.85,-113.85,0,0,
05/14/2026,10:01:41:662,0.000000,0.000000,2,-112.96,-112.96,0,0,
05/14/2026,10:01:41:681,0.000000,0.000000,4,-103.81,-103.81,0,0,
05/14/2026,10:01:41:804,0.000000,0.000000,3,-67.38,-67.38,0,0,
05/14/2026,10:01:41:822,0.000000,0.000000,1,-110.51,-110.51,0,0,
05/14/2026,10:01:41:946,0.000000,0.000000,2,-114.94,-114.94,0,0,
05/14/2026,10:01:41:947,0.000000,0.000000,4,-111.91,-111.91,0,0,
05/14/2026,10:01:41:993,0.000000,0.000000,3,-69.91,-69.91,0,0,
05/14/2026,10:01:42:065,0.000000,0.000000,1,-116.2,-116.2,0,0,
05/14/2026,10:01:42:151,0.000000,0.000000,2,-105.71,-105.71,0,0,
05/14/2026,10:01:42:168,0.000000,0.000000,4,-103,-103,0,0,
05/14/2026,10:01:42:239,0.000000,0.000000,3,-67.82,-67.82,0,0,
05/14/2026,10:01:42:305,0.000000,0.000000,1,-118.5,-118.5,0,0,
05/14/2026,10:01:42:395,0.000000,0.000000,2,-120.56,-120.56,0,0,
05/14/2026,10:01:42:413,0.000000,0.000000,4,-114.74,-114.74,0,0,
05/14/2026,10:01:42:481,0.000000,0.000000,3,-84.55,-84.55,0,0,
05/14/2026,10:01:42:552,0.000000,0.000000,1,-119.81,-119.81,0,0,
05/14/2026,10:01:42:638,0.000000,0.000000,2,-121.84,-121.84,0,0,
05/14/2026,10:01:42:654,0.000000,0.000000,4,-117.13,-117.13,0,0,
05/14/2026,10:01:42:744,0.000000,0.000000,3,-88.16,-88.16,0,0,
05/14/2026,10:01:42:795,0.000000,0.000000,1,-120.43,-120.43,0,0,
05/14/2026,10:01:42:883,0.000000,0.000000,2,-120.36,-120.36,0,0,
05/14/2026,10:01:42:898,0.000000,0.000000,4,-117.09,-117.09,0,0,
05/14/2026,10:01:42:968,0.000000,0.000000,3,-92.98,-92.98,0,0,
05/14/2026,10:01:43:039,0.000000,0.000000,1,-121.02,-121.02,0,0,
05/14/2026,10:01:43:125,0.000000,0.000000,2,-123.81,-123.81,0,0,
05/14/2026,10:01:43:142,0.000000,0.000000,4,-118.52,-118.52,0,0,
05/14/2026,10:01:43:211,0.000000,0.000000,3,-103.19,-103.19,0,0,
05/14/2026,10:01:43:282,0.000000,0.000000,1,-122.2,-122.2,0,0,
05/14/2026,10:01:43:369,0.000000,0.000000,2,-119.25,-119.25,0,0,
05/14/2026,10:01:43:385,0.000000,0.000000,4,-117.18,-117.18,0,0,
05/14/2026,10:01:43:455,0.000000,0.000000,3,-96.39,-96.39,0,0,
05/14/2026,10:01:43:575,0.000000,0.000000,1,-120.75,-120.75,0,0,
05/14/2026,10:01:43:652,0.000000,0.000000,2,-119.12,-119.12,0,0,
05/14/2026,10:01:43:653,0.000000,0.000000,4,-118.38,-118.38,0,0,
05/14/2026,10:01:43:698,0.000000,0.000000,3,-98.49,-98.49,0,0,
05/14/2026,10:01:43:768,0.000000,0.000000,1,-120.38,-120.38,0,0,
05/14/2026,10:01:43:854,0.000000,0.000000,2,-119.06,-119.06,0,0,
05/14/2026,10:01:43:873,0.000000,0.000000,4,-117.35,-117.35,0,0,
05/14/2026,10:01:43:942,0.000000,0.000000,3,-95.87,-95.87,0,0,
05/14/2026,10:01:44:024,0.000000,0.000000,1,-117.9,-117.9,0,0,
05/14/2026,10:01:44:099,0.000000,0.000000,2,-120.12,-120.12,0,0,
05/14/2026,10:01:44:117,0.000000,0.000000,4,-116.17,-116.17,0,0,
05/14/2026,10:01:44:186,0.000000,0.000000,3,-97.02,-97.02,0,0,
05/14/2026,10:01:44:256,0.000000,0.000000,1,-120.38,-120.38,0,0,
05/14/2026,10:01:44:344,0.000000,0.000000,2,-118.96,-118.96,0,0,
05/14/2026,10:01:44:361,0.000000,0.000000,4,-117.46,-117.46,0,0,
05/14/2026,10:01:44:431,0.000000,0.000000,3,-96.36,-96.36,0,0,
05/14/2026,10:01:44:498,0.000000,0.000000,1,-120.03,-120.03,0,0,
05/14/2026,10:01:44:586,0.000000,0.000000,2,-121.46,-121.46,0,0,
05/14/2026,10:01:44:609,0.000000,0.000000,4,-115.47,-115.47,0,0,
05/14/2026,10:01:44:673,0.000000,0.000000,3,-97.53,-97.53,0,0,
05/14/2026,10:01:44:744,0.000000,0.000000,1,-119.04,-119.04,0,0,
05/14/2026,10:01:44:831,0.000000,0.000000,2,-121.11,-121.11,0,0,
05/14/2026,10:01:44:847,0.000000,0.000000,4,-116.31,-116.31,0,0,
05/14/2026,10:01:44:919,0.000000,0.000000,3,-94.56,-94.56,0,0,
05/14/2026,10:01:44:986,0.000000,0.000000,1,-119.5,-119.5,0,0,
05/14/2026,10:01:45:072,0.000000,0.000000,2,-121.19,-121.19,0,0,
05/14/2026,10:01:45:089,0.000000,0.000000,4,-118.16,-118.16,0,0,
05/14/2026,10:01:45:161,0.000000,0.000000,3,-97.69,-97.69,0,0,
05/14/2026,10:01:45:230,0.000000,0.000000,1,-120.08,-120.08,0,0,
05/14/2026,10:01:45:315,0.000000,0.000000,2,-119.42,-119.42,0,0,
05/14/2026,10:01:45:335,0.000000,0.000000,4,-117.85,-117.85,0,0,
05/14/2026,10:01:45:451,0.000000,0.000000,3,-93.04,-93.04,0,0,
05/14/2026,10:01:45:526,0.000000,0.000000,1,-118.76,-118.76,0,0,
05/14/2026,10:01:45:601,0.000000,0.000000,2,-121,-121,0,0,
05/14/2026,10:01:45:602,0.000000,0.000000,4,-115.07,-115.07,0,0,
05/14/2026,10:01:45:837,0.000000,0.000000,3,-92.12,-92.12,0,0,
05/14/2026,10:01:45:849,0.000000,0.000000,1,-120.4,-120.4,0,0,
05/14/2026,10:01:45:861,0.000000,0.000000,2,-120.55,-120.55,0,0,
05/14/2026,10:01:45:867,0.000000,0.000000,4,-116.13,-116.13,0,0,
05/14/2026,10:01:45:892,0.000000,0.000000,3,-92.41,-92.41,0,0,
05/14/2026,10:01:45:962,0.000000,0.000000,1,-119.67,-119.67,0,0,
05/14/2026,10:01:46:047,0.000000,0.000000,2,-120.22,-120.22,0,0,
05/14/2026,10:01:46:065,0.000000,0.000000,4,-116.36,-116.36,0,0,
05/14/2026,10:01:46:136,0.000000,0.000000,3,-106.09,-106.09,0,0,
05/14/2026,10:01:46:206,0.000000,0.000000,1,-121.94,-121.94,0,0,
05/14/2026,10:01:46:291,0.000000,0.000000,2,-118.76,-118.76,0,0,
05/14/2026,10:01:46:310,0.000000,0.000000,4,-116.09,-116.09,0,0,
05/14/2026,10:01:46:380,0.000000,0.000000,3,-97.83,-97.83,0,0,
05/14/2026,10:01:46:450,0.000000,0.000000,1,-121.94,-121.94,0,0,
05/14/2026,10:01:46:536,0.000000,0.000000,2,-120.15,-120.15,0,0,
05/14/2026,10:01:46:552,0.000000,0.000000,4,-118.69,-118.69,0,0,
05/14/2026,10:01:46:623,0.000000,0.000000,3,-100.57,-100.57,0,0,
05/14/2026,10:01:46:691,0.000000,0.000000,1,-118.33,-118.33,0,0,
05/14/2026,10:01:46:778,0.000000,0.000000,2,-120.57,-120.57,0,0,
05/14/2026,10:01:46:797,0.000000,0.000000,4,-117.14,-117.14,0,0,
05/14/2026,10:01:46:866,0.000000,0.000000,3,-93.64,-93.64,0,0,
05/14/2026,10:01:46:936,0.000000,0.000000,1,-122.06,-122.06,0,0,
05/14/2026,10:01:47:023,0.000000,0.000000,2,-121.41,-121.41,0,0,
05/14/2026,10:01:47:041,0.000000,0.000000,4,-115.42,-115.42,0,0,
05/14/2026,10:01:47:111,0.000000,0.000000,3,-106.22,-106.22,0,0,
05/14/2026,10:01:47:179,0.000000,0.000000,1,-120.06,-120.06,0,0,
05/14/2026,10:01:47:303,0.000000,0.000000,2,-122.11,-122.11,0,0,
05/14/2026,10:01:47:304,0.000000,0.000000,4,-116.7,-116.7,0,0,
05/14/2026,10:01:47:387,0.000000,0.000000,3,-85.84,-85.84,0,0,
05/14/2026,10:01:47:459,0.000000,0.000000,1,-118.8,-118.8,0,0,
05/14/2026,10:01:47:527,0.000000,0.000000,2,-120.17,-120.17,0,0,
05/14/2026,10:01:47:530,0.000000,0.000000,4,-115.07,-115.07,0,0,
05/14/2026,10:01:47:597,0.000000,0.000000,3,-92.67,-92.67,0,0,
05/14/2026,10:01:47:666,0.000000,0.000000,1,-119.58,-119.58,0,0,
05/14/2026,10:01:47:754,0.000000,0.000000,2,-120.82,-120.82,0,0,
05/14/2026,10:01:47:771,0.000000,0.000000,4,-116.25,-116.25,0,0,
05/14/2026,10:01:47:867,0.000000,0.000000,3,-92.72,-92.72,0,0,
05/14/2026,10:01:47:912,0.000000,0.000000,1,-118.49,-118.49,0,0,
05/14/2026,10:01:47:997,0.000000,0.000000,2,-121.74,-121.74,0,0,
05/14/2026,10:01:48:013,0.000000,0.000000,4,-116.28,-116.28,0,0,
05/14/2026,10:01:48:084,0.000000,0.000000,3,-87.01,-87.01,0,0,
05/14/2026,10:01:48:154,0.000000,0.000000,1,-119.7,-119.7,0,0,
05/14/2026,10:01:48:239,0.000000,0.000000,2,-119.26,-119.26,0,0,
05/14/2026,10:01:48:258,0.000000,0.000000,4,-115.17,-115.17,0,0,
05/14/2026,10:01:48:327,0.000000,0.000000,3,-87.87,-87.87,0,0,
05/14/2026,10:01:48:399,0.000000,0.000000,1,-120.69,-120.69,0,0,
05/14/2026,10:01:48:483,0.000000,0.000000,2,-121.48,-121.48,0,0,
05/14/2026,10:01:48:501,0.000000,0.000000,4,-114.85,-114.85,0,0,
05/14/2026,10:01:48:572,0.000000,0.000000,3,-100.57,-100.57,0,0,
05/14/2026,10:01:48:640,0.000000,0.000000,1,-120.07,-120.07,0,0,
05/14/2026,10:01:48:727,0.000000,0.000000,2,-119.61,-119.61,0,0,
05/14/2026,10:01:48:746,0.000000,0.000000,4,-116.12,-116.12,0,0,
05/14/2026,10:01:48:814,0.000000,0.000000,3,-85.7,-85.7,0,0,
05/14/2026,10:01:48:886,0.000000,0.000000,1,-119.27,-119.27,0,0,
05/14/2026,10:01:48:971,0.000000,0.000000,2,-120.7,-120.7,0,0,
05/14/2026,10:01:48:990,0.000000,0.000000,4,-115.8,-115.8,0,0,
05/14/2026,10:01:49:059,0.000000,0.000000,3,-85.03,-85.03,0,0,
05/14/2026,10:01:49:139,0.000000,0.000000,1,-118.43,-118.43,0,0,
05/14/2026,10:01:49:219,0.000000,0.000000,2,-119.42,-119.42,0,0,
05/14/2026,10:01:49:288,0.000000,0.000000,4,-114.61,-114.61,0,0,
05/14/2026,10:01:49:300,0.000000,0.000000,3,-85.26,-85.26,0,0,
05/14/2026,10:01:49:384,0.000000,0.000000,1,-120.4,-120.4,0,0,
05/14/2026,10:01:49:458,0.000000,0.000000,2,-121.91,-121.91,0,0,
05/14/2026,10:01:49:477,0.000000,0.000000,4,-116.29,-116.29,0,0,
05/14/2026,10:01:49:546,0.000000,0.000000,3,-86.56,-86.56,0,0,
05/14/2026,10:01:49:616,0.000000,0.000000,1,-118.9,-118.9,0,0,
05/14/2026,10:01:49:701,0.000000,0.000000,2,-121.7,-121.7,0,0,
05/14/2026,10:01:49:719,0.000000,0.000000,4,-116.88,-116.88,0,0,
05/14/2026,10:01:49:789,0.000000,0.000000,3,-91.01,-91.01,0,0,
05/14/2026,10:01:49:859,0.000000,0.000000,1,-121.19,-121.19,0,0,
05/14/2026,10:01:49:946,0.000000,0.000000,2,-120.92,-120.92,0,0,
05/14/2026,10:01:49:966,0.000000,0.000000,4,-115.93,-115.93,0,0,
05/14/2026,10:01:50:032,0.000000,0.000000,3,-86.86,-86.86,0,0,
05/14/2026,10:01:50:102,0.000000,0.000000,1,-122.75,-122.75,0,0,
05/14/2026,10:01:50:189,0.000000,0.000000,2,-121.12,-121.12,0,0,
05/14/2026,10:01:50:208,0.000000,0.000000,4,-114.54,-114.54,0,0,
05/14/2026,10:01:50:277,0.000000,0.000000,3,-96.93,-96.93,0,0,
05/14/2026,10:01:50:347,0.000000,0.000000,1,-118.73,-118.73,0,0,
05/14/2026,10:01:50:432,0.000000,0.000000,2,-121.51,-121.51,0,0,
05/14/2026,10:01:50:451,0.000000,0.000000,4,-115.16,-115.16,0,0,
05/14/2026,10:01:50:520,0.000000,0.000000,3,-97.19,-97.19,0,0,
05/14/2026,10:01:50:591,0.000000,0.000000,1,-119.33,-119.33,0,0,
05/14/2026,10:01:50:676,0.000000,0.000000,2,-120.89,-120.89,0,0,
05/14/2026,10:01:50:697,0.000000,0.000000,4,-117.49,-117.49,0,0,
05/14/2026,10:01:50:816,0.000000,0.000000,3,-96.41,-96.41,0,0,
05/14/2026,10:01:50:884,0.000000,0.000000,1,-120.7,-120.7,0,0,
05/14/2026,10:01:51:116,0.000000,0.000000,2,-118.73,-118.73,0,0,
05/14/2026,10:01:51:117,0.000000,0.000000,4,-116.36,-116.36,0,0,
05/14/2026,10:01:51:129,0.000000,0.000000,3,-90.45,-90.45,0,0,
05/14/2026,10:01:51:146,0.000000,0.000000,1,-120.26,-120.26,0,0,
05/14/2026,10:01:51:165,0.000000,0.000000,2,-120.71,-120.71,0,0,
05/14/2026,10:01:51:181,0.000000,0.000000,4,-116.09,-116.09,0,0,
05/14/2026,10:01:51:251,0.000000,0.000000,3,-99.8,-99.8,0,0,
05/14/2026,10:01:51:322,0.000000,0.000000,1,-119.17,-119.17,0,0,
05/14/2026,10:01:51:408,0.000000,0.000000,2,-120.6,-120.6,0,0,
05/14/2026,10:01:51:425,0.000000,0.000000,4,-115.8,-115.8,0,0,
05/14/2026,10:01:51:495,0.000000,0.000000,3,-88.25,-88.25,0,0,
05/14/2026,10:01:51:564,0.000000,0.000000,1,-121.12,-121.12,0,0,
05/14/2026,10:01:51:653,0.000000,0.000000,2,-119.59,-119.59,0,0,
05/14/2026,10:01:51:668,0.000000,0.000000,4,-116.61,-116.61,0,0,
05/14/2026,10:01:51:740,0.000000,0.000000,3,-93.75,-93.75,0,0,
05/14/2026,10:01:51:809,0.000000,0.000000,1,-119.63,-119.63,0,0,
05/14/2026,10:01:51:894,0.000000,0.000000,2,-121.59,-121.59,0,0,
05/14/2026,10:01:51:914,0.000000,0.000000,4,-115.97,-115.97,0,0,
05/14/2026,10:01:51:982,0.000000,0.000000,3,-93.35,-93.35,0,0,
05/14/2026,10:01:52:051,0.000000,0.000000,1,-119.58,-119.58,0,0,
05/14/2026,10:01:52:144,0.000000,0.000000,2,-119.7,-119.7,0,0,
05/14/2026,10:01:52:157,0.000000,0.000000,4,-116.46,-116.46,0,0,
05/14/2026,10:01:52:226,0.000000,0.000000,3,-89.05,-89.05,0,0,
05/14/2026,10:01:52:295,0.000000,0.000000,1,-119.98,-119.98,0,0,
05/14/2026,10:01:52:381,0.000000,0.000000,2,-120.91,-120.91,0,0,
05/14/2026,10:01:52:404,0.000000,0.000000,4,-116.42,-116.42,0,0,
05/14/2026,10:01:52:479,0.000000,0.000000,3,-97.42,-97.42,0,0,
05/14/2026,10:01:52:539,0.000000,0.000000,1,-121.3,-121.3,0,0,
05/14/2026,10:01:52:624,0.000000,0.000000,2,-119.29,-119.29,0,0,
05/14/2026,10:01:52:643,0.000000,0.000000,4,-115.72,-115.72,0,0,
05/14/2026,10:01:52:715,0.000000,0.000000,3,-96.93,-96.93,0,0,
05/14/2026,10:01:52:782,0.000000,0.000000,1,-120.63,-120.63,0,0,
05/14/2026,10:01:52:868,0.000000,0.000000,2,-120.84,-120.84,0,0,
05/14/2026,10:01:52:889,0.000000,0.000000,4,-119.12,-119.12,0,0,
05/14/2026,10:01:53:017,0.000000,0.000000,3,-88.64,-88.64,0,0,
05/14/2026,10:01:53:026,0.000000,0.000000,1,-118.71,-118.71,0,0,
05/14/2026,10:01:53:112,0.000000,0.000000,2,-121.38,-121.38,0,0,
05/14/2026,10:01:53:176,0.000000,0.000000,4,-115.75,-115.75,0,0,
05/14/2026,10:01:53:201,0.000000,0.000000,3,-94,-94,0,0,
05/14/2026,10:01:53:270,0.000000,0.000000,1,-120.6,-120.6,0,0,
05/14/2026,10:01:53:355,0.000000,0.000000,2,-120.6,-120.6,0,0,
05/14/2026,10:01:53:374,0.000000,0.000000,4,-116.58,-116.58,0,0,
05/14/2026,10:01:53:444,0.000000,0.000000,3,-86.74,-86.74,0,0,
05/14/2026,10:01:53:514,0.000000,0.000000,1,-117.46,-117.46,0,0,
05/14/2026,10:01:53:601,0.000000,0.000000,2,-121.75,-121.75,0,0,
05/14/2026,10:01:53:624,0.000000,0.000000,4,-117.81,-117.81,0,0,
05/14/2026,10:01:53:688,0.000000,0.000000,3,-91.18,-91.18,0,0,
05/14/2026,10:01:53:757,0.000000,0.000000,1,-119.93,-119.93,0,0,
05/14/2026,10:01:53:843,0.000000,0.000000,2,-119.44,-119.44,0,0,
05/14/2026,10:01:53:861,0.000000,0.000000,4,-117.24,-117.24,0,0,
05/14/2026,10:01:53:933,0.000000,0.000000,3,-91.13,-91.13,0,0,
05/14/2026,10:01:54:010,0.000000,0.000000,1,-121.03,-121.03,0,0,
05/14/2026,10:01:54:088,0.000000,0.000000,2,-118.4,-118.4,0,0,
05/14/2026,10:01:54:105,0.000000,0.000000,4,-115.98,-115.98,0,0,
05/14/2026,10:01:54:177,0.000000,0.000000,3,-87.07,-87.07,0,0,
05/14/2026,10:01:54:260,0.000000,0.000000,1,-120.21,-120.21,0,0,
05/14/2026,10:01:54:332,0.000000,0.000000,2,-124.21,-124.21,0,0,
05/14/2026,10:01:54:348,0.000000,0.000000,4,-116.76,-116.76,0,0,
05/14/2026,10:01:54:420,0.000000,0.000000,3,-99.6,-99.6,0,0,
05/14/2026,10:01:54:489,0.000000,0.000000,1,-120.24,-120.24,0,0,
05/14/2026,10:01:54:574,0.000000,0.000000,2,-124.19,-124.19,0,0,
05/14/2026,10:01:54:594,0.000000,0.000000,4,-114.93,-114.93,0,0,
05/14/2026,10:01:54:663,0.000000,0.000000,3,-89.98,-89.98,0,0,
05/14/2026,10:01:54:755,0.000000,0.000000,1,-119.58,-119.58,0,0,
05/14/2026,10:01:54:818,0.000000,0.000000,2,-119.01,-119.01,0,0,
05/14/2026,10:01:54:890,0.000000,0.000000,4,-117.8,-117.8,0,0,
05/14/2026,10:01:54:907,0.000000,0.000000,3,-90.79,-90.79,0,0,
05/14/2026,10:01:54:996,0.000000,0.000000,1,-119.51,-119.51,0,0,
05/14/2026,10:01:55:064,0.000000,0.000000,2,-118.44,-118.44,0,0,
05/14/2026,10:01:55:080,0.000000,0.000000,4,-116.58,-116.58,0,0,
05/14/2026,10:01:55:151,0.000000,0.000000,3,-86.09,-86.09,0,0,
05/14/2026,10:01:55:218,0.000000,0.000000,1,-119.07,-119.07,0,0,
05/14/2026,10:01:55:307,0.000000,0.000000,2,-120.82,-120.82,0,0,
05/14/2026,10:01:55:325,0.000000,0.000000,4,-117.23,-117.23,0,0,
05/14/2026,10:01:55:393,0.000000,0.000000,3,-92.68,-92.68,0,0,
05/14/2026,10:01:55:463,0.000000,0.000000,1,-118.62,-118.62,0,0,
05/14/2026,10:01:55:549,0.000000,0.000000,2,-120.72,-120.72,0,0,
05/14/2026,10:01:55:567,0.000000,0.000000,4,-116.92,-116.92,0,0,
05/14/2026,10:01:55:637,0.000000,0.000000,3,-86.05,-86.05,0,0,
05/14/2026,10:01:55:705,0.000000,0.000000,1,-119.64,-119.64,0,0,
05/14/2026,10:01:55:793,0.000000,0.000000,2,-120.78,-120.78,0,0,
05/14/2026,10:01:55:810,0.000000,0.000000,4,-115.62,-115.62,0,0,
05/14/2026,10:01:55:881,0.000000,0.000000,3,-103.32,-103.32,0,0,
05/14/2026,10:01:55:950,0.000000,0.000000,1,-119.41,-119.41,0,0,
05/14/2026,10:01:56:036,0.000000,0.000000,2,-120.19,-120.19,0,0,
05/14/2026,10:01:56:053,0.000000,0.000000,4,-116.52,-116.52,0,0,
05/14/2026,10:01:56:396,0.000000,0.000000,3,-92.35,-92.35,0,0,
05/14/2026,10:01:56:412,0.000000,0.000000,1,-118.03,-118.03,0,0,
05/14/2026,10:01:56:426,0.000000,0.000000,2,-122.25,-122.25,0,0,
05/14/2026,10:01:56:429,0.000000,0.000000,4,-116.43,-116.43,0,0,
05/14/2026,10:01:56:438,0.000000,0.000000,3,-91.26,-91.26,0,0,
05/14/2026,10:01:56:450,0.000000,0.000000,1,-117.99,-117.99,0,0,
05/14/2026,10:01:56:545,0.000000,0.000000,2,-120.25,-120.25,0,0,
05/14/2026,10:01:56:546,0.000000,0.000000,4,-118.23,-118.23,0,0,
05/14/2026,10:01:56:616,0.000000,0.000000,3,-85.76,-85.76,0,0,
05/14/2026,10:01:56:699,0.000000,0.000000,1,-119.63,-119.63,0,0,
05/14/2026,10:01:56:768,0.000000,0.000000,2,-121.57,-121.57,0,0,
05/14/2026,10:01:56:785,0.000000,0.000000,4,-117.72,-117.72,0,0,
05/14/2026,10:01:56:856,0.000000,0.000000,3,-95.61,-95.61,0,0,
05/14/2026,10:01:56:926,0.000000,0.000000,1,-117.91,-117.91,0,0,
05/14/2026,10:01:57:013,0.000000,0.000000,2,-120.59,-120.59,0,0,
05/14/2026,10:01:57:028,0.000000,0.000000,4,-117.47,-117.47,0,0,
05/14/2026,10:01:57:100,0.000000,0.000000,3,-85.53,-85.53,0,0,
05/14/2026,10:01:57:172,0.000000,0.000000,1,-119.7,-119.7,0,0,
05/14/2026,10:01:57:257,0.000000,0.000000,2,-121.48,-121.48,0,0,
05/14/2026,10:01:57:273,0.000000,0.000000,4,-116.98,-116.98,0,0,
05/14/2026,10:01:57:344,0.000000,0.000000,3,-92.4,-92.4,0,0,
05/14/2026,10:01:57:413,0.000000,0.000000,1,-120.22,-120.22,0,0,
05/14/2026,10:01:57:498,0.000000,0.000000,2,-119.63,-119.63,0,0,
05/14/2026,10:01:57:517,0.000000,0.000000,4,-117.24,-117.24,0,0,
05/14/2026,10:01:57:586,0.000000,0.000000,3,-88.3,-88.3,0,0,
05/14/2026,10:01:57:656,0.000000,0.000000,1,-116.47,-116.47,0,0,
05/14/2026,10:01:57:742,0.000000,0.000000,2,-119.07,-119.07,0,0,
05/14/2026,10:01:57:761,0.000000,0.000000,4,-117.15,-117.15,0,0,
05/14/2026,10:01:57:830,0.000000,0.000000,3,-100.62,-100.62,0,0,
05/14/2026,10:01:57:902,0.000000,0.000000,1,-119.4,-119.4,0,0,
05/14/2026,10:01:57:987,0.000000,0.000000,2,-119.08,-119.08,0,0,
05/14/2026,10:01:58:004,0.000000,0.000000,4,-117.32,-117.32,0,0,
05/14/2026,10:01:58:076,0.000000,0.000000,3,-86.53,-86.53,0,0,
05/14/2026,10:01:58:143,0.000000,0.000000,1,-120.49,-120.49,0,0,
05/14/2026,10:01:58:228,0.000000,0.000000,2,-118.1,-118.1,0,0,
05/14/2026,10:01:58:246,0.000000,0.000000,4,-116.21,-116.21,0,0,
05/14/2026,10:01:58:318,0.000000,0.000000,3,-85.75,-85.75,0,0,
05/14/2026,10:01:58:386,0.000000,0.000000,1,-122.1,-122.1,0,0,
05/14/2026,10:01:58:473,0.000000,0.000000,2,-117.06,-117.06,0,0,
05/14/2026,10:01:58:531,0.000000,0.000000,4,-114.74,-114.74,0,0,
05/14/2026,10:01:58:610,0.000000,0.000000,3,-84.09,-84.09,0,0,
05/14/2026,10:01:58:629,0.000000,0.000000,1,-119.93,-119.93,0,0,
05/14/2026,10:01:58:717,0.000000,0.000000,2,-115.27,-115.27,0,0,
05/14/2026,10:01:58:736,0.000000,0.000000,4,-115.93,-115.93,0,0,
05/14/2026,10:01:58:804,0.000000,0.000000,3,-92.27,-92.27,0,0,
05/14/2026,10:01:58:873,0.000000,0.000000,1,-118.63,-118.63,0,0,
05/14/2026,10:01:58:962,0.000000,0.000000,2,-117.06,-117.06,0,0,
05/14/2026,10:01:58:977,0.000000,0.000000,4,-114.37,-114.37,0,0,
05/14/2026,10:01:59:048,0.000000,0.000000,3,-83.83,-83.83,0,0,
05/14/2026,10:01:59:117,0.000000,0.000000,1,-117.24,-117.24,0,0,
05/14/2026,10:01:59:204,0.000000,0.000000,2,-115.81,-115.81,0,0,
05/14/2026,10:01:59:222,0.000000,0.000000,4,-116.91,-116.91,0,0,
05/14/2026,10:01:59:292,0.000000,0.000000,3,-85.93,-85.93,0,0,
05/14/2026,10:01:59:381,0.000000,0.000000,1,-117.53,-117.53,0,0,
05/14/2026,10:01:59:448,0.000000,0.000000,2,-119.31,-119.31,0,0,
05/14/2026,10:01:59:464,0.000000,0.000000,4,-116.74,-116.74,0,0,
05/14/2026,10:01:59:536,0.000000,0.000000,3,-88.73,-88.73,0,0,
05/14/2026,10:01:59:607,0.000000,0.000000,1,-113.38,-113.38,0,0,
05/14/2026,10:01:59:690,0.000000,0.000000,2,-119.76,-119.76,0,0,
05/14/2026,10:01:59:709,0.000000,0.000000,4,-117.51,-117.51,0,0,
05/14/2026,10:01:59:778,0.000000,0.000000,3,-82.96,-82.96,0,0,
05/14/2026,10:01:59:850,0.000000,0.000000,1,-117.67,-117.67,0,0,
05/14/2026,10:01:59:935,0.000000,0.000000,2,-121.09,-121.09,0,0,
05/14/2026,10:01:59:952,0.000000,0.000000,4,-117.09,-117.09,0,0,
05/14/2026,10:02:00:027,0.000000,0.000000,3,-79.2,-79.2,0,0,
05/14/2026,10:02:00:091,0.000000,0.000000,1,-119.21,-119.21,0,0,
05/14/2026,10:02:00:178,0.000000,0.000000,2,-119.18,-119.18,0,0,
05/14/2026,10:02:00:196,0.000000,0.000000,4,-116.42,-116.42,0,0,
05/14/2026,10:02:00:265,0.000000,0.000000,3,-86.75,-86.75,0,0,
05/14/2026,10:02:00:386,0.000000,0.000000,1,-118.5,-118.5,0,0,
05/14/2026,10:02:00:463,0.000000,0.000000,2,-118.31,-118.31,0,0,
05/14/2026,10:02:00:465,0.000000,0.000000,4,-115.94,-115.94,0,0,
05/14/2026,10:02:00:544,0.000000,0.000000,3,-81.64,-81.64,0,0,
05/14/2026,10:02:00:586,0.000000,0.000000,1,-120.89,-120.89,0,0,
05/14/2026,10:02:00:671,0.000000,0.000000,2,-117.82,-117.82,0,0,
05/14/2026,10:02:00:685,0.000000,0.000000,4,-115.44,-115.44,0,0,
05/14/2026,10:02:00:752,0.000000,0.000000,3,-77.74,-77.74,0,0,
05/14/2026,10:02:00:823,0.000000,0.000000,1,-119.91,-119.91,0,0,
05/14/2026,10:02:00:911,0.000000,0.000000,2,-120.68,-120.68,0,0,
05/14/2026,10:02:00:928,0.000000,0.000000,4,-115.53,-115.53,0,0,
05/14/2026,10:02:00:997,0.000000,0.000000,3,-81.03,-81.03,0,0,
05/14/2026,10:02:01:066,0.000000,0.000000,1,-120.57,-120.57,0,0,
05/14/2026,10:02:01:153,0.000000,0.000000,2,-118.63,-118.63,0,0,
05/14/2026,10:02:01:172,0.000000,0.000000,4,-116.33,-116.33,0,0,
05/14/2026,10:02:01:242,0.000000,0.000000,3,-74.2,-74.2,0,0,
05/14/2026,10:02:01:311,0.000000,0.000000,1,-118.51,-118.51,0,0,
05/14/2026,10:02:01:404,0.000000,0.000000,2,-120.11,-120.11,0,0,
05/14/2026,10:02:01:671,0.000000,0.000000,4,-115.66,-115.66,0,0,
05/14/2026,10:02:01:682,0.000000,0.000000,3,-79.15,-79.15,0,0,
05/14/2026,10:02:01:691,0.000000,0.000000,1,-119.99,-119.99,0,0,
05/14/2026,10:02:01:704,0.000000,0.000000,2,-120.55,-120.55,0,0,
05/14/2026,10:02:01:707,0.000000,0.000000,4,-114.17,-114.17,0,0,
05/14/2026,10:02:01:727,0.000000,0.000000,3,-79.31,-79.31,0,0,
05/14/2026,10:02:01:797,0.000000,0.000000,1,-120.06,-120.06,0,0,
05/14/2026,10:02:01:885,0.000000,0.000000,2,-117.14,-117.14,0,0,
05/14/2026,10:02:01:904,0.000000,0.000000,4,-115.54,-115.54,0,0,
05/14/2026,10:02:01:971,0.000000,0.000000,3,-79.82,-79.82,0,0,
05/14/2026,10:02:02:046,0.000000,0.000000,1,-119.59,-119.59,0,0,
05/14/2026,10:02:02:127,0.000000,0.000000,2,-118.8,-118.8,0,0,
05/14/2026,10:02:02:194,0.000000,0.000000,4,-115.96,-115.96,0,0,
05/14/2026,10:02:02:268,0.000000,0.000000,3,-78.43,-78.43,0,0,
05/14/2026,10:02:02:338,0.000000,0.000000,1,-123.03,-123.03,0,0,
05/14/2026,10:02:02:386,0.000000,0.000000,2,-116.49,-116.49,0,0,
05/14/2026,10:02:02:389,0.000000,0.000000,4,-116,-116,0,0,
05/14/2026,10:02:02:458,0.000000,0.000000,3,-87.78,-87.78,0,0,
05/14/2026,10:02:02:528,0.000000,0.000000,1,-119.21,-119.21,0,0,
05/14/2026,10:02:02:615,0.000000,0.000000,2,-119.73,-119.73,0,0,
05/14/2026,10:02:02:638,0.000000,0.000000,4,-115.16,-115.16,0,0,
05/14/2026,10:02:02:702,0.000000,0.000000,3,-86.57,-86.57,0,0,
05/14/2026,10:02:02:774,0.000000,0.000000,1,-122.13,-122.13,0,0,
05/14/2026,10:02:02:860,0.000000,0.000000,2,-112.79,-112.79,0,0,
05/14/2026,10:02:02:875,0.000000,0.000000,4,-114.28,-114.28,0,0,
05/14/2026,10:02:02:946,0.000000,0.000000,3,-85.37,-85.37,0,0,
05/14/2026,10:02:03:022,0.000000,0.000000,1,-117.37,-117.37,0,0,
05/14/2026,10:02:03:103,0.000000,0.000000,2,-115.89,-115.89,0,0,
05/14/2026,10:02:03:122,0.000000,0.000000,4,-114.66,-114.66,0,0,
05/14/2026,10:02:03:190,0.000000,0.000000,3,-78.23,-78.23,0,0,
05/14/2026,10:02:03:261,0.000000,0.000000,1,-118.17,-118.17,0,0,
05/14/2026,10:02:03:346,0.000000,0.000000,2,-116.56,-116.56,0,0,
05/14/2026,10:02:03:365,0.000000,0.000000,4,-113.82,-113.82,0,0,
05/14/2026,10:02:03:436,0.000000,0.000000,3,-76.53,-76.53,0,0,
05/14/2026,10:02:03:504,0.000000,0.000000,1,-115.98,-115.98,0,0,
05/14/2026,10:02:03:591,0.000000,0.000000,2,-113.61,-113.61,0,0,
05/14/2026,10:02:03:607,0.000000,0.000000,4,-114.95,-114.95,0,0,
05/14/2026,10:02:03:679,0.000000,0.000000,3,-76.88,-76.88,0,0,
05/14/2026,10:02:03:745,0.000000,0.000000,1,-114.72,-114.72,0,0,
05/14/2026,10:02:03:833,0.000000,0.000000,2,-115.64,-115.64,0,0,
05/14/2026,10:02:03:853,0.000000,0.000000,4,-114.18,-114.18,0,0,
05/14/2026,10:02:03:920,0.000000,0.000000,3,-86.77,-86.77,0,0,
05/14/2026,10:02:03:997,0.000000,0.000000,1,-116.2,-116.2,0,0,
05/14/2026,10:02:04:078,0.000000,0.000000,2,-121.14,-121.14,0,0,
05/14/2026,10:02:04:145,0.000000,0.000000,4,-115.55,-115.55,0,0,
05/14/2026,10:02:04:200,0.000000,0.000000,3,-80.21,-80.21,0,0,
05/14/2026,10:02:04:257,0.000000,0.000000,1,-116.43,-116.43,0,0,
05/14/2026,10:02:04:323,0.000000,0.000000,2,-118.73,-118.73,0,0,
05/14/2026,10:02:04:339,0.000000,0.000000,4,-117,-117,0,0,
05/14/2026,10:02:04:408,0.000000,0.000000,3,-76.11,-76.11,0,0,
05/14/2026,10:02:04:502,0.000000,0.000000,1,-114.99,-114.99,0,0,
05/14/2026,10:02:04:566,0.000000,0.000000,2,-117.28,-117.28,0,0,
05/14/2026,10:02:04:582,0.000000,0.000000,4,-114.44,-114.44,0,0,
05/14/2026,10:02:04:652,0.000000,0.000000,3,-75.24,-75.24,0,0,
05/14/2026,10:02:04:721,0.000000,0.000000,1,-117.93,-117.93,0,0,
05/14/2026,10:02:04:809,0.000000,0.000000,2,-122.62,-122.62,0,0,
05/14/2026,10:02:04:826,0.000000,0.000000,4,-114.4,-114.4,0,0,
05/14/2026,10:02:04:897,0.000000,0.000000,3,-71.38,-71.38,0,0,
05/14/2026,10:02:04:965,0.000000,0.000000,1,-117.04,-117.04,0,0,
05/14/2026,10:02:05:052,0.000000,0.000000,2,-115.78,-115.78,0,0,
05/14/2026,10:02:05:069,0.000000,0.000000,4,-116.32,-116.32,0,0,
05/14/2026,10:02:05:141,0.000000,0.000000,3,-71.42,-71.42,0,0,
05/14/2026,10:02:05:209,0.000000,0.000000,1,-119.24,-119.24,0,0,
05/14/2026,10:02:05:296,0.000000,0.000000,2,-111.36,-111.36,0,0,
05/14/2026,10:02:05:315,0.000000,0.000000,4,-115.14,-115.14,0,0,
05/14/2026,10:02:05:383,0.000000,0.000000,3,-78.79,-78.79,0,0,
05/14/2026,10:02:05:454,0.000000,0.000000,1,-111.94,-111.94,0,0,
05/14/2026,10:02:05:542,0.000000,0.000000,2,-121.42,-121.42,0,0,
05/14/2026,10:02:05:559,0.000000,0.000000,4,-115.76,-115.76,0,0,
05/14/2026,10:02:05:629,0.000000,0.000000,3,-84.23,-84.23,0,0,
05/14/2026,10:02:05:706,0.000000,0.000000,1,-113.43,-113.43,0,0,
05/14/2026,10:02:05:783,0.000000,0.000000,2,-117.24,-117.24,0,0,
05/14/2026,10:02:05:800,0.000000,0.000000,4,-115.39,-115.39,0,0,
05/14/2026,10:02:05:909,0.000000,0.000000,3,-74.83,-74.83,0,0,
05/14/2026,10:02:05:983,0.000000,0.000000,1,-114.74,-114.74,0,0,
05/14/2026,10:02:06:060,0.000000,0.000000,2,-111.77,-111.77,0,0,
05/14/2026,10:02:06:066,0.000000,0.000000,4,-114.41,-114.41,0,0,
05/14/2026,10:02:06:132,0.000000,0.000000,3,-80.19,-80.19,0,0,
05/14/2026,10:02:06:183,0.000000,0.000000,1,-118.31,-118.31,0,0,
05/14/2026,10:02:06:272,0.000000,0.000000,2,-116.13,-116.13,0,0,
05/14/2026,10:02:06:287,0.000000,0.000000,4,-116.95,-116.95,0,0,
05/14/2026,10:02:06:358,0.000000,0.000000,3,-74.98,-74.98,0,0,
05/14/2026,10:02:06:427,0.000000,0.000000,1,-116,-116,0,0,
05/14/2026,10:02:06:515,0.000000,0.000000,2,-118.77,-118.77,0,0,
05/14/2026,10:02:06:532,0.000000,0.000000,4,-114.87,-114.87,0,0,
05/14/2026,10:02:06:601,0.000000,0.000000,3,-79.39,-79.39,0,0,
05/14/2026,10:02:06:671,0.000000,0.000000,1,-114.12,-114.12,0,0,
05/14/2026,10:02:06:971,0.000000,0.000000,2,-117.8,-117.8,0,0,
05/14/2026,10:02:06:982,0.000000,0.000000,4,-116.18,-116.18,0,0,
05/14/2026,10:02:06:990,0.000000,0.000000,3,-73.46,-73.46,0,0,
05/14/2026,10:02:07:003,0.000000,0.000000,1,-111.48,-111.48,0,0,
05/14/2026,10:02:07:017,0.000000,0.000000,2,-118.8,-118.8,0,0,
05/14/2026,10:02:07:019,0.000000,0.000000,4,-113.72,-113.72,0,0,
05/14/2026,10:02:07:090,0.000000,0.000000,3,-77.16,-77.16,0,0,
05/14/2026,10:02:07:160,0.000000,0.000000,1,-114.81,-114.81,0,0,
05/14/2026,10:02:07:246,0.000000,0.000000,2,-121.24,-121.24,0,0,
05/14/2026,10:02:07:261,0.000000,0.000000,4,-116.25,-116.25,0,0,
05/14/2026,10:02:07:334,0.000000,0.000000,3,-85.07,-85.07,0,0,
05/14/2026,10:02:07:403,0.000000,0.000000,1,-119.76,-119.76,0,0,
05/14/2026,10:02:07:516,0.000000,0.000000,2,-117.9,-117.9,0,0,
05/14/2026,10:02:07:519,0.000000,0.000000,4,-116.74,-116.74,0,0,
05/14/2026,10:02:07:591,0.000000,0.000000,3,-76.09,-76.09,0,0,
05/14/2026,10:02:07:654,0.000000,0.000000,1,-114.15,-114.15,0,0,
05/14/2026,10:02:07:732,0.000000,0.000000,2,-118.93,-118.93,0,0,
05/14/2026,10:02:07:751,0.000000,0.000000,4,-113.01,-113.01,0,0,
05/14/2026,10:02:07:875,0.000000,0.000000,3,-74.14,-74.14,0,0,
05/14/2026,10:02:07:888,0.000000,0.000000,1,-113.69,-113.69,0,0,
05/14/2026,10:02:08:019,0.000000,0.000000,2,-109.04,-109.04,0,0,
05/14/2026,10:02:08:021,0.000000,0.000000,4,-116.02,-116.02,0,0,
05/14/2026,10:02:08:066,0.000000,0.000000,3,-71.99,-71.99,0,0,
05/14/2026,10:02:08:132,0.000000,0.000000,1,-116.7,-116.7,0,0,
05/14/2026,10:02:08:222,0.000000,0.000000,2,-113.12,-113.12,0,0,
05/14/2026,10:02:08:239,0.000000,0.000000,4,-113.77,-113.77,0,0,
05/14/2026,10:02:08:309,0.000000,0.000000,3,-68.01,-68.01,0,0,
05/14/2026,10:02:08:379,0.000000,0.000000,1,-112.45,-112.45,0,0,
05/14/2026,10:02:08:465,0.000000,0.000000,2,-111.87,-111.87,0,0,
05/14/2026,10:02:08:482,0.000000,0.000000,4,-116.84,-116.84,0,0,
05/14/2026,10:02:08:553,0.000000,0.000000,3,-77.51,-77.51,0,0,
05/14/2026,10:02:08:620,0.000000,0.000000,1,-108.2,-108.2,0,0,
05/14/2026,10:02:08:707,0.000000,0.000000,2,-114.59,-114.59,0,0,
05/14/2026,10:02:08:724,0.000000,0.000000,4,-114.72,-114.72,0,0,
05/14/2026,10:02:08:796,0.000000,0.000000,3,-71.59,-71.59,0,0,
05/14/2026,10:02:08:863,0.000000,0.000000,1,-118.12,-118.12,0,0,
05/14/2026,10:02:08:952,0.000000,0.000000,2,-110.42,-110.42,0,0,
05/14/2026,10:02:08:970,0.000000,0.000000,4,-116.21,-116.21,0,0,
05/14/2026,10:02:09:039,0.000000,0.000000,3,-68.33,-68.33,0,0,
05/14/2026,10:02:09:109,0.000000,0.000000,1,-112.32,-112.32,0,0,
05/14/2026,10:02:09:195,0.000000,0.000000,2,-114.63,-114.63,0,0,
05/14/2026,10:02:09:214,0.000000,0.000000,4,-112.04,-112.04,0,0,
05/14/2026,10:02:09:284,0.000000,0.000000,3,-67.68,-67.68,0,0,
05/14/2026,10:02:09:352,0.000000,0.000000,1,-106.68,-106.68,0,0,
05/14/2026,10:02:09:438,0.000000,0.000000,2,-113.77,-113.77,0,0,
05/14/2026,10:02:09:457,0.000000,0.000000,4,-113.41,-113.41,0,0,
05/14/2026,10:02:09:528,0.000000,0.000000,3,-67.82,-67.82,0,0,
05/14/2026,10:02:09:625,0.000000,0.000000,1,-110.59,-110.59,0,0,
05/14/2026,10:02:09:704,0.000000,0.000000,2,-112.42,-112.42,0,0,
05/14/2026,10:02:09:705,0.000000,0.000000,4,-113.05,-113.05,0,0,
05/14/2026,10:02:09:781,0.000000,0.000000,3,-74.69,-74.69,0,0,
05/14/2026,10:02:09:866,0.000000,0.000000,1,-110.6,-110.6,0,0,
05/14/2026,10:02:09:937,0.000000,0.000000,2,-114.96,-114.96,0,0,
05/14/2026,10:02:09:942,0.000000,0.000000,4,-107.31,-107.31,0,0,
05/14/2026,10:02:10:016,0.000000,0.000000,3,-76.66,-76.66,0,0,
05/14/2026,10:02:10:082,0.000000,0.000000,1,-118.26,-118.26,0,0,
05/14/2026,10:02:10:172,0.000000,0.000000,2,-119.5,-119.5,0,0,
05/14/2026,10:02:10:189,0.000000,0.000000,4,-107.44,-107.44,0,0,
05/14/2026,10:02:10:258,0.000000,0.000000,3,-71.78,-71.78,0,0,
05/14/2026,10:02:10:326,0.000000,0.000000,1,-118.67,-118.67,0,0,
05/14/2026,10:02:10:415,0.000000,0.000000,2,-115.01,-115.01,0,0,
05/14/2026,10:02:10:432,0.000000,0.000000,4,-110.93,-110.93,0,0,
05/14/2026,10:02:10:501,0.000000,0.000000,3,-68.25,-68.25,0,0,
05/14/2026,10:02:10:570,0.000000,0.000000,1,-117.5,-117.5,0,0,
05/14/2026,10:02:10:656,0.000000,0.000000,2,-116.86,-116.86,0,0,
05/14/2026,10:02:10:673,0.000000,0.000000,4,-108.38,-108.38,0,0,
05/14/2026,10:02:10:746,0.000000,0.000000,3,-68.12,-68.12,0,0,
05/14/2026,10:02:10:815,0.000000,0.000000,1,-109.68,-109.68,0,0,
05/14/2026,10:02:10:902,0.000000,0.000000,2,-115.92,-115.92,0,0,
05/14/2026,10:02:10:919,0.000000,0.000000,4,-113.52,-113.52,0,0,
05/14/2026,10:02:10:987,0.000000,0.000000,3,-66.09,-66.09,0,0,
05/14/2026,10:02:11:058,0.000000,0.000000,1,-109.9,-109.9,0,0,
05/14/2026,10:02:11:146,0.000000,0.000000,2,-113.59,-113.59,0,0,
05/14/2026,10:02:11:161,0.000000,0.000000,4,-113.78,-113.78,0,0,
05/14/2026,10:02:11:232,0.000000,0.000000,3,-73.76,-73.76,0,0,
05/14/2026,10:02:11:301,0.000000,0.000000,1,-112.26,-112.26,0,0,
05/14/2026,10:02:11:386,0.000000,0.000000,2,-113.99,-113.99,0,0,
05/14/2026,10:02:11:407,0.000000,0.000000,4,-110.46,-110.46,0,0,
05/14/2026,10:02:11:474,0.000000,0.000000,3,-66.31,-66.31,0,0,
05/14/2026,10:02:11:547,0.000000,0.000000,1,-111.57,-111.57,0,0,
05/14/2026,10:02:11:633,0.000000,0.000000,2,-106.96,-106.96,0,0,
05/14/2026,10:02:11:650,0.000000,0.000000,4,-112.75,-112.75,0,0,
05/14/2026,10:02:11:720,0.000000,0.000000,3,-66.73,-66.73,0,0,
05/14/2026,10:02:11:788,0.000000,0.000000,1,-110.02,-110.02,0,0,
05/14/2026,10:02:11:928,0.000000,0.000000,2,-109.1,-109.1,0,0,
05/14/2026,10:02:11:930,0.000000,0.000000,4,-112.99,-112.99,0,0,
05/14/2026,10:02:12:011,0.000000,0.000000,3,-78.47,-78.47,0,0,
05/14/2026,10:02:12:233,0.000000,0.000000,1,-113.94,-113.94,0,0,
05/14/2026,10:02:12:252,0.000000,0.000000,2,-106.3,-106.3,0,0,
05/14/2026,10:02:12:254,0.000000,0.000000,4,-105.26,-105.26,0,0,
05/14/2026,10:02:12:266,0.000000,0.000000,3,-63.87,-63.87,0,0,
05/14/2026,10:02:12:277,0.000000,0.000000,1,-113.75,-113.75,0,0,
05/14/2026,10:02:12:365,0.000000,0.000000,2,-108.27,-108.27,0,0,
05/14/2026,10:02:12:380,0.000000,0.000000,4,-106.3,-106.3,0,0,
05/14/2026,10:02:12:451,0.000000,0.000000,3,-62.84,-62.84,0,0,
05/14/2026,10:02:12:518,0.000000,0.000000,1,-109.16,-109.16,0,0,
05/14/2026,10:02:12:605,0.000000,0.000000,2,-108.41,-108.41,0,0,
05/14/2026,10:02:12:625,0.000000,0.000000,4,-108.95,-108.95,0,0,
05/14/2026,10:02:12:695,0.000000,0.000000,3,-71.03,-71.03,0,0,
05/14/2026,10:02:12:764,0.000000,0.000000,1,-114.39,-114.39,0,0,
05/14/2026,10:02:12:849,0.000000,0.000000,2,-105.77,-105.77,0,0,
05/14/2026,10:02:12:868,0.000000,0.000000,4,-110.08,-110.08,0,0,
05/14/2026,10:02:12:937,0.000000,0.000000,3,-72.58,-72.58,0,0,
05/14/2026,10:02:13:007,0.000000,0.000000,1,-105.67,-105.67,0,0,
05/14/2026,10:02:13:095,0.000000,0.000000,2,-106.72,-106.72,0,0,
05/14/2026,10:02:13:112,0.000000,0.000000,4,-107.93,-107.93,0,0,
05/14/2026,10:02:13:181,0.000000,0.000000,3,-64.36,-64.36,0,0,
05/14/2026,10:02:13:252,0.000000,0.000000,1,-116.26,-116.26,0,0,
05/14/2026,10:02:13:338,0.000000,0.000000,2,-103.84,-103.84,0,0,
05/14/2026,10:02:13:355,0.000000,0.000000,4,-109.18,-109.18,0,0,
05/14/2026,10:02:13:423,0.000000,0.000000,3,-69.58,-69.58,0,0,
05/14/2026,10:02:13:495,0.000000,0.000000,1,-107.01,-107.01,0,0,
05/14/2026,10:02:13:584,0.000000,0.000000,2,-104.04,-104.04,0,0,
05/14/2026,10:02:13:597,0.000000,0.000000,4,-109.51,-109.51,0,0,
05/14/2026,10:02:13:668,0.000000,0.000000,3,-66.59,-66.59,0,0,
05/14/2026,10:02:13:749,0.000000,0.000000,1,-104.7,-104.7,0,0,
05/14/2026,10:02:13:823,0.000000,0.000000,2,-104.77,-104.77,0,0,
05/14/2026,10:02:13:888,0.000000,0.000000,4,-109.09,-109.09,0,0,
05/14/2026,10:02:13:935,0.000000,0.000000,3,-69.47,-69.47,0,0,
05/14/2026,10:02:13:981,0.000000,0.000000,1,-105.01,-105.01,0,0,
05/14/2026,10:02:14:069,0.000000,0.000000,2,-105.69,-105.69,0,0,
05/14/2026,10:02:14:086,0.000000,0.000000,4,-104.69,-104.69,0,0,
05/14/2026,10:02:14:155,0.000000,0.000000,3,-69.29,-69.29,0,0,
05/14/2026,10:02:14:224,0.000000,0.000000,1,-104.25,-104.25,0,0,
05/14/2026,10:02:14:310,0.000000,0.000000,2,-100.98,-100.98,0,0,
05/14/2026,10:02:14:331,0.000000,0.000000,4,-110.83,-110.83,0,0,
05/14/2026,10:02:14:400,0.000000,0.000000,3,-64.56,-64.56,0,0,
05/14/2026,10:02:14:468,0.000000,0.000000,1,-105.95,-105.95,0,0,
05/14/2026,10:02:14:554,0.000000,0.000000,2,-102.12,-102.12,0,0,
05/14/2026,10:02:14:574,0.000000,0.000000,4,-110.54,-110.54,0,0,
05/14/2026,10:02:14:641,0.000000,0.000000,3,-56.31,-56.31,0,0,
05/14/2026,10:02:14:712,0.000000,0.000000,1,-104.21,-104.21,0,0,
05/14/2026,10:02:14:798,0.000000,0.000000,2,-103.24,-103.24,0,0,
05/14/2026,10:02:14:817,0.000000,0.000000,4,-108.45,-108.45,0,0,
05/14/2026,10:02:14:885,0.000000,0.000000,3,-68.47,-68.47,0,0,
05/14/2026,10:02:14:955,0.000000,0.000000,1,-100.43,-100.43,0,0,
05/14/2026,10:02:15:042,0.000000,0.000000,2,-97.82,-97.82,0,0,
05/14/2026,10:02:15:060,0.000000,0.000000,4,-102.79,-102.79,0,0,
05/14/2026,10:02:15:128,0.000000,0.000000,3,-67.19,-67.19,0,0,
05/14/2026,10:02:15:199,0.000000,0.000000,1,-106.48,-106.48,0,0,
05/14/2026,10:02:15:296,0.000000,0.000000,2,-118.98,-118.98,0,0,
05/14/2026,10:02:15:304,0.000000,0.000000,4,-111.13,-111.13,0,0,
05/14/2026,10:02:15:376,0.000000,0.000000,3,-75.73,-75.73,0,0,
05/14/2026,10:02:15:443,0.000000,0.000000,1,-121.42,-121.42,0,0,
05/14/2026,10:02:15:528,0.000000,0.000000,2,-121.57,-121.57,0,0,
05/14/2026,10:02:15:545,0.000000,0.000000,4,-118.89,-118.89,0,0,
05/14/2026,10:02:15:615,0.000000,0.000000,3,-84.86,-84.86,0,0,
05/14/2026,10:02:15:687,0.000000,0.000000,1,-120,-120,0,0,
05/14/2026,10:02:15:774,0.000000,0.000000,2,-120.88,-120.88,0,0,
05/14/2026,10:02:15:789,0.000000,0.000000,4,-117.26,-117.26,0,0,
05/14/2026,10:02:15:861,0.000000,0.000000,3,-99.04,-99.04,0,0,
05/14/2026,10:02:15:930,0.000000,0.000000,1,-121.01,-121.01,0,0,
05/14/2026,10:02:16:025,0.000000,0.000000,2,-120.58,-120.58,0,0,
05/14/2026,10:02:16:032,0.000000,0.000000,4,-116.29,-116.29,0,0,
05/14/2026,10:02:16:107,0.000000,0.000000,3,-94.13,-94.13,0,0,
05/14/2026,10:02:16:175,0.000000,0.000000,1,-120.83,-120.83,0,0,
05/14/2026,10:02:16:259,0.000000,0.000000,2,-122.47,-122.47,0,0,
05/14/2026,10:02:16:278,0.000000,0.000000,4,-116.44,-116.44,0,0,
05/14/2026,10:02:16:346,0.000000,0.000000,3,-108.99,-108.99,0,0,
05/14/2026,10:02:16:420,0.000000,0.000000,1,-121.81,-121.81,0,0,
05/14/2026,10:02:16:504,0.000000,0.000000,2,-120.13,-120.13,0,0,
05/14/2026,10:02:16:521,0.000000,0.000000,4,-116.8,-116.8,0,0,
05/14/2026,10:02:16:592,0.000000,0.000000,3,-113.02,-113.02,0,0,
05/14/2026,10:02:16:662,0.000000,0.000000,1,-121.92,-121.92,0,0,
05/14/2026,10:02:16:747,0.000000,0.000000,2,-119.7,-119.7,0,0,
05/14/2026,10:02:16:765,0.000000,0.000000,4,-116.25,-116.25,0,0,
05/14/2026,10:02:16:836,0.000000,0.000000,3,-97.97,-97.97,0,0,
05/14/2026,10:02:16:907,0.000000,0.000000,1,-120.35,-120.35,0,0,
05/14/2026,10:02:16:992,0.000000,0.000000,2,-124.14,-124.14,0,0,
05/14/2026,10:02:17:009,0.000000,0.000000,4,-119.15,-119.15,0,0,
05/14/2026,10:02:17:077,0.000000,0.000000,3,-103.73,-103.73,0,0,
05/14/2026,10:02:17:147,0.000000,0.000000,1,-119.21,-119.21,0,0,
05/14/2026,10:02:17:235,0.000000,0.000000,2,-123,-123,0,0,
05/14/2026,10:02:17:511,0.000000,0.000000,4,-118.71,-118.71,0,0,
05/14/2026,10:02:17:548,0.000000,0.000000,3,-102.32,-102.32,0,0,
05/14/2026,10:02:17:558,0.000000,0.000000,1,-122.52,-122.52,0,0,
05/14/2026,10:02:17:595,0.000000,0.000000,2,-123.8,-123.8,0,0,
05/14/2026,10:02:17:596,0.000000,0.000000,4,-117.54,-117.54,0,0,
05/14/2026,10:02:17:607,0.000000,0.000000,3,-91.3,-91.3,0,0,
05/14/2026,10:02:17:639,0.000000,0.000000,1,-124.02,-124.02,0,0,
05/14/2026,10:02:17:724,0.000000,0.000000,2,-120.91,-120.91,0,0,
05/14/2026,10:02:17:740,0.000000,0.000000,4,-115.93,-115.93,0,0,
05/14/2026,10:02:17:810,0.000000,0.000000,3,-92.44,-92.44,0,0,
05/14/2026,10:02:17:879,0.000000,0.000000,1,-119.8,-119.8,0,0,
05/14/2026,10:02:17:970,0.000000,0.000000,2,-123.15,-123.15,0,0,
05/14/2026,10:02:17:984,0.000000,0.000000,4,-116.96,-116.96,0,0,
05/14/2026,10:02:18:052,0.000000,0.000000,3,-95.11,-95.11,0,0,
05/14/2026,10:02:18:125,0.000000,0.000000,1,-119.48,-119.48,0,0,
05/14/2026,10:02:18:212,0.000000,0.000000,2,-118.97,-118.97,0,0,
05/14/2026,10:02:18:227,0.000000,0.000000,4,-116.19,-116.19,0,0,
05/14/2026,10:02:18:297,0.000000,0.000000,3,-92.86,-92.86,0,0,
05/14/2026,10:02:18:367,0.000000,0.000000,1,-118.69,-118.69,0,0,
05/14/2026,10:02:18:452,0.000000,0.000000,2,-123.71,-123.71,0,0,
05/14/2026,10:02:18:472,0.000000,0.000000,4,-115.73,-115.73,0,0,
05/14/2026,10:02:18:541,0.000000,0.000000,3,-101.28,-101.28,0,0,
05/14/2026,10:02:18:611,0.000000,0.000000,1,-119.11,-119.11,0,0,
05/14/2026,10:02:18:698,0.000000,0.000000,2,-121.68,-121.68,0,0,
05/14/2026,10:02:18:716,0.000000,0.000000,4,-115.66,-115.66,0,0,
05/14/2026,10:02:18:787,0.000000,0.000000,3,-99.9,-99.9,0,0,
05/14/2026,10:02:18:854,0.000000,0.000000,1,-119.98,-119.98,0,0,
05/14/2026,10:02:18:940,0.000000,0.000000,2,-124.08,-124.08,0,0,
05/14/2026,10:02:18:960,0.000000,0.000000,4,-117.15,-117.15,0,0,
05/14/2026,10:02:19:027,0.000000,0.000000,3,-93.73,-93.73,0,0,
05/14/2026,10:02:19:097,0.000000,0.000000,1,-119.48,-119.48,0,0,
05/14/2026,10:02:19:186,0.000000,0.000000,2,-121.81,-121.81,0,0,
05/14/2026,10:02:19:201,0.000000,0.000000,4,-114.96,-114.96,0,0,
05/14/2026,10:02:19:300,0.000000,0.000000,3,-95.56,-95.56,0,0,
05/14/2026,10:02:19:379,0.000000,0.000000,1,-121.38,-121.38,0,0,
05/14/2026,10:02:19:457,0.000000,0.000000,2,-125.56,-125.56,0,0,
05/14/2026,10:02:19:460,0.000000,0.000000,4,-116.66,-116.66,0,0,
05/14/2026,10:02:19:518,0.000000,0.000000,3,-94.25,-94.25,0,0,
05/14/2026,10:02:19:586,0.000000,0.000000,1,-119.94,-119.94,0,0,
05/14/2026,10:02:19:681,0.000000,0.000000,2,-121.4,-121.4,0,0,
05/14/2026,10:02:19:688,0.000000,0.000000,4,-117.16,-117.16,0,0,
05/14/2026,10:02:19:757,0.000000,0.000000,3,-97.26,-97.26,0,0,
05/14/2026,10:02:19:828,0.000000,0.000000,1,-119.74,-119.74,0,0,
05/14/2026,10:02:19:919,0.000000,0.000000,2,-119.42,-119.42,0,0,
05/14/2026,10:02:19:932,0.000000,0.000000,4,-116.22,-116.22,0,0,
05/14/2026,10:02:20:004,0.000000,0.000000,3,-92.41,-92.41,0,0,
05/14/2026,10:02:20:072,0.000000,0.000000,1,-122.56,-122.56,0,0,
05/14/2026,10:02:20:158,0.000000,0.000000,2,-121.79,-121.79,0,0,
05/14/2026,10:02:20:178,0.000000,0.000000,4,-118.45,-118.45,0,0,
05/14/2026,10:02:20:245,0.000000,0.000000,3,-96.33,-96.33,0,0,
05/14/2026,10:02:20:316,0.000000,0.000000,1,-119,-119,0,0,
05/14/2026,10:02:20:404,0.000000,0.000000,2,-123.62,-123.62,0,0,
05/14/2026,10:02:20:419,0.000000,0.000000,4,-114.63,-114.63,0,0,
05/14/2026,10:02:20:491,0.000000,0.000000,3,-92.47,-92.47,0,0,
05/14/2026,10:02:20:558,0.000000,0.000000,1,-120.96,-120.96,0,0,
05/14/2026,10:02:20:646,0.000000,0.000000,2,-119.91,-119.91,0,0,
05/14/2026,10:02:20:664,0.000000,0.000000,4,-116.52,-116.52,0,0,
05/14/2026,10:02:20:732,0.000000,0.000000,3,-96.22,-96.22,0,0,
05/14/2026,10:02:20:804,0.000000,0.000000,1,-120.51,-120.51,0,0,
05/14/2026,10:02:20:890,0.000000,0.000000,2,-120.62,-120.62,0,0,
05/14/2026,10:02:20:924,0.000000,0.000000,4,-115.73,-115.73,0,0,
05/14/2026,10:02:20:996,0.000000,0.000000,3,-94.25,-94.25,0,0,
05/14/2026,10:02:21:106,0.000000,0.000000,1,-121.42,-121.42,0,0,
05/14/2026,10:02:21:157,0.000000,0.000000,2,-122.32,-122.32,0,0,
05/14/2026,10:02:21:160,0.000000,0.000000,4,-116.93,-116.93,0,0,
05/14/2026,10:02:21:227,0.000000,0.000000,3,-97.77,-97.77,0,0,
05/14/2026,10:02:21:289,0.000000,0.000000,1,-123.09,-123.09,0,0,
05/14/2026,10:02:21:381,0.000000,0.000000,2,-119.79,-119.79,0,0,
05/14/2026,10:02:21:392,0.000000,0.000000,4,-115.58,-115.58,0,0,
05/14/2026,10:02:21:465,0.000000,0.000000,3,-87.88,-87.88,0,0,
05/14/2026,10:02:21:533,0.000000,0.000000,1,-120.34,-120.34,0,0,
05/14/2026,10:02:21:621,0.000000,0.000000,2,-124.26,-124.26,0,0,
05/14/2026,10:02:21:639,0.000000,0.000000,4,-115.65,-115.65,0,0,
05/14/2026,10:02:21:706,0.000000,0.000000,3,-91.41,-91.41,0,0,
05/14/2026,10:02:21:779,0.000000,0.000000,1,-120.03,-120.03,0,0,
05/14/2026,10:02:21:865,0.000000,0.000000,2,-119.44,-119.44,0,0,
05/14/2026,10:02:21:881,0.000000,0.000000,4,-117.66,-117.66,0,0,
05/14/2026,10:02:21:954,0.000000,0.000000,3,-89.36,-89.36,0,0,
05/14/2026,10:02:22:020,0.000000,0.000000,1,-120.35,-120.35,0,0,
05/14/2026,10:02:22:107,0.000000,0.000000,2,-118.85,-118.85,0,0,
05/14/2026,10:02:22:128,0.000000,0.000000,4,-118.5,-118.5,0,0,
05/14/2026,10:02:22:195,0.000000,0.000000,3,-89.39,-89.39,0,0,
05/14/2026,10:02:22:266,0.000000,0.000000,1,-122.33,-122.33,0,0,
05/14/2026,10:02:22:352,0.000000,0.000000,2,-121.55,-121.55,0,0,
05/14/2026,10:02:22:369,0.000000,0.000000,4,-115.83,-115.83,0,0,
05/14/2026,10:02:22:438,0.000000,0.000000,3,-85.53,-85.53,0,0,
05/14/2026,10:02:22:509,0.000000,0.000000,1,-121.12,-121.12,0,0,
05/14/2026,10:02:22:800,0.000000,0.000000,2,-124.1,-124.1,0,0,
05/14/2026,10:02:22:802,0.000000,0.000000,4,-117.07,-117.07,0,0,
05/14/2026,10:02:22:849,0.000000,0.000000,3,-88,-88,0,0,
05/14/2026,10:02:22:858,0.000000,0.000000,1,-121.7,-121.7,0,0,
05/14/2026,10:02:22:873,0.000000,0.000000,2,-119.18,-119.18,0,0,
05/14/2026,10:02:22:901,0.000000,0.000000,4,-114.37,-114.37,0,0,
05/14/2026,10:02:22:974,0.000000,0.000000,3,-90.16,-90.16,0,0,
05/14/2026,10:02:23:052,0.000000,0.000000,1,-119.81,-119.81,0,0,
05/14/2026,10:02:23:114,0.000000,0.000000,2,-121.27,-121.27,0,0,
05/14/2026,10:02:23:119,0.000000,0.000000,4,-116.36,-116.36,0,0,
05/14/2026,10:02:23:172,0.000000,0.000000,3,-96.58,-96.58,0,0,
05/14/2026,10:02:23:238,0.000000,0.000000,1,-122.35,-122.35,0,0,
05/14/2026,10:02:23:326,0.000000,0.000000,2,-120.76,-120.76,0,0,
05/14/2026,10:02:23:346,0.000000,0.000000,4,-115.3,-115.3,0,0,
05/14/2026,10:02:23:412,0.000000,0.000000,3,-89.08,-89.08,0,0,
05/14/2026,10:02:23:483,0.000000,0.000000,1,-119.44,-119.44,0,0,
05/14/2026,10:02:23:571,0.000000,0.000000,2,-123.92,-123.92,0,0,
05/14/2026,10:02:23:588,0.000000,0.000000,4,-115.92,-115.92,0,0,
05/14/2026,10:02:23:658,0.000000,0.000000,3,-93.43,-93.43,0,0,
05/14/2026,10:02:23:726,0.000000,0.000000,1,-121.13,-121.13,0,0,
05/14/2026,10:02:23:814,0.000000,0.000000,2,-119.35,-119.35,0,0,
05/14/2026,10:02:23:831,0.000000,0.000000,4,-118.41,-118.41,0,0,
05/14/2026,10:02:23:900,0.000000,0.000000,3,-90.28,-90.28,0,0,
05/14/2026,10:02:23:970,0.000000,0.000000,1,-120.28,-120.28,0,0,
05/14/2026,10:02:24:058,0.000000,0.000000,2,-122.9,-122.9,0,0,
05/14/2026,10:02:24:077,0.000000,0.000000,4,-116.27,-116.27,0,0,
05/14/2026,10:02:24:144,0.000000,0.000000,3,-102.31,-102.31,0,0,
05/14/2026,10:02:24:215,0.000000,0.000000,1,-117.82,-117.82,0,0,
05/14/2026,10:02:24:301,0.000000,0.000000,2,-120.29,-120.29,0,0,
05/14/2026,10:02:24:319,0.000000,0.000000,4,-115.67,-115.67,0,0,
05/14/2026,10:02:24:388,0.000000,0.000000,3,-96.7,-96.7,0,0,
05/14/2026,10:02:24:458,0.000000,0.000000,1,-120.99,-120.99,0,0,
05/14/2026,10:02:24:543,0.000000,0.000000,2,-119.98,-119.98,0,0,
05/14/2026,10:02:24:565,0.000000,0.000000,4,-116.35,-116.35,0,0,
05/14/2026,10:02:24:631,0.000000,0.000000,3,-87.52,-87.52,0,0,
05/14/2026,10:02:24:745,0.000000,0.000000,1,-119.58,-119.58,0,0,
05/14/2026,10:02:24:825,0.000000,0.000000,2,-119.91,-119.91,0,0,
05/14/2026,10:02:24:827,0.000000,0.000000,4,-115.07,-115.07,0,0,
05/14/2026,10:02:24:912,0.000000,0.000000,3,-86.15,-86.15,0,0,
05/14/2026,10:02:24:988,0.000000,0.000000,1,-120.69,-120.69,0,0,
05/14/2026,10:02:25:030,0.000000,0.000000,2,-122.56,-122.56,0,0,
05/14/2026,10:02:25:048,0.000000,0.000000,4,-116.71,-116.71,0,0,
05/14/2026,10:02:25:121,0.000000,0.000000,3,-89.83,-89.83,0,0,
05/14/2026,10:02:25:188,0.000000,0.000000,1,-118.72,-118.72,0,0,
05/14/2026,10:02:25:276,0.000000,0.000000,2,-121.64,-121.64,0,0,
05/14/2026,10:02:25:293,0.000000,0.000000,4,-115.07,-115.07,0,0,
05/14/2026,10:02:25:363,0.000000,0.000000,3,-98.25,-98.25,0,0,
05/14/2026,10:02:25:432,0.000000,0.000000,1,-119.55,-119.55,0,0,
05/14/2026,10:02:25:520,0.000000,0.000000,2,-120.71,-120.71,0,0,
05/14/2026,10:02:25:536,0.000000,0.000000,4,-115.8,-115.8,0,0,
05/14/2026,10:02:25:607,0.000000,0.000000,3,-90.99,-90.99,0,0,
05/14/2026,10:02:25:676,0.000000,0.000000,1,-117.58,-117.58,0,0,
05/14/2026,10:02:25:763,0.000000,0.000000,2,-117.98,-117.98,0,0,
05/14/2026,10:02:25:782,0.000000,0.000000,4,-115.05,-115.05,0,0,
05/14/2026,10:02:25:849,0.000000,0.000000,3,-91.44,-91.44,0,0,
05/14/2026,10:02:25:920,0.000000,0.000000,1,-118.76,-118.76,0,0,
05/14/2026,10:02:26:008,0.000000,0.000000,2,-119.02,-119.02,0,0,
05/14/2026,10:02:26:022,0.000000,0.000000,4,-114.85,-114.85,0,0,
05/14/2026,10:02:26:094,0.000000,0.000000,3,-77.85,-77.85,0,0,
05/14/2026,10:02:26:165,0.000000,0.000000,1,-119.28,-119.28,0,0,
05/14/2026,10:02:26:261,0.000000,0.000000,2,-119.69,-119.69,0,0,
05/14/2026,10:02:26:267,0.000000,0.000000,4,-115.63,-115.63,0,0,
05/14/2026,10:02:26:338,0.000000,0.000000,3,-89.22,-89.22,0,0,
05/14/2026,10:02:26:426,0.000000,0.000000,1,-120.83,-120.83,0,0,
05/14/2026,10:02:26:494,0.000000,0.000000,2,-120.49,-120.49,0,0,
05/14/2026,10:02:26:559,0.000000,0.000000,4,-115.87,-115.87,0,0,
05/14/2026,10:02:26:626,0.000000,0.000000,3,-90.53,-90.53,0,0,
05/14/2026,10:02:26:684,0.000000,0.000000,1,-120.28,-120.28,0,0,
05/14/2026,10:02:26:737,0.000000,0.000000,2,-120.74,-120.74,0,0,
05/14/2026,10:02:26:755,0.000000,0.000000,4,-115.28,-115.28,0,0,
05/14/2026,10:02:26:826,0.000000,0.000000,3,-90.21,-90.21,0,0,
05/14/2026,10:02:26:898,0.000000,0.000000,1,-117.41,-117.41,0,0,
05/14/2026,10:02:26:982,0.000000,0.000000,2,-121.58,-121.58,0,0,
05/14/2026,10:02:26:998,0.000000,0.000000,4,-113.92,-113.92,0,0,
05/14/2026,10:02:27:072,0.000000,0.000000,3,-88.93,-88.93,0,0,
05/14/2026,10:02:27:140,0.000000,0.000000,1,-120.99,-120.99,0,0,
05/14/2026,10:02:27:224,0.000000,0.000000,2,-121.98,-121.98,0,0,
05/14/2026,10:02:27:243,0.000000,0.000000,4,-115.17,-115.17,0,0,
05/14/2026,10:02:27:312,0.000000,0.000000,3,-89.88,-89.88,0,0,
05/14/2026,10:02:27:381,0.000000,0.000000,1,-120.27,-120.27,0,0,
05/14/2026,10:02:27:470,0.000000,0.000000,2,-121.18,-121.18,0,0,
05/14/2026,10:02:27:486,0.000000,0.000000,4,-115.86,-115.86,0,0,
05/14/2026,10:02:27:556,0.000000,0.000000,3,-85.53,-85.53,0,0,
05/14/2026,10:02:27:624,0.000000,0.000000,1,-122.96,-122.96,0,0,
05/14/2026,10:02:27:725,0.000000,0.000000,2,-121.08,-121.08,0,0,
05/14/2026,10:02:27:730,0.000000,0.000000,4,-117.01,-117.01,0,0,
05/14/2026,10:02:27:800,0.000000,0.000000,3,-79.95,-79.95,0,0,
05/14/2026,10:02:28:086,0.000000,0.000000,1,-120.99,-120.99,0,0,
05/14/2026,10:02:28:105,0.000000,0.000000,2,-120.54,-120.54,0,0,
05/14/2026,10:02:28:109,0.000000,0.000000,4,-115.26,-115.26,0,0,
05/14/2026,10:02:28:119,0.000000,0.000000,3,-87.88,-87.88,0,0,
05/14/2026,10:02:28:131,0.000000,0.000000,1,-120.82,-120.82,0,0,
05/14/2026,10:02:28:198,0.000000,0.000000,2,-123.2,-123.2,0,0,
05/14/2026,10:02:28:218,0.000000,0.000000,4,-115.94,-115.94,0,0,
05/14/2026,10:02:28:287,0.000000,0.000000,3,-91.29,-91.29,0,0,
05/14/2026,10:02:28:356,0.000000,0.000000,1,-119.64,-119.64,0,0,
05/14/2026,10:02:28:488,0.000000,0.000000,2,-119.96,-119.96,0,0,
05/14/2026,10:02:28:489,0.000000,0.000000,4,-115.09,-115.09,0,0,
05/14/2026,10:02:28:564,0.000000,0.000000,3,-92.93,-92.93,0,0,
05/14/2026,10:02:28:629,0.000000,0.000000,1,-120.44,-120.44,0,0,
05/14/2026,10:02:28:688,0.000000,0.000000,2,-121.51,-121.51,0,0,
05/14/2026,10:02:28:703,0.000000,0.000000,4,-116.55,-116.55,0,0,
05/14/2026,10:02:28:774,0.000000,0.000000,3,-88.22,-88.22,0,0,
05/14/2026,10:02:28:845,0.000000,0.000000,1,-119.08,-119.08,0,0,
05/14/2026,10:02:28:929,0.000000,0.000000,2,-121.15,-121.15,0,0,
05/14/2026,10:02:28:946,0.000000,0.000000,4,-115.42,-115.42,0,0,
05/14/2026,10:02:29:019,0.000000,0.000000,3,-96.11,-96.11,0,0,
05/14/2026,10:02:29:090,0.000000,0.000000,1,-119.18,-119.18,0,0,
05/14/2026,10:02:29:174,0.000000,0.000000,2,-120.26,-120.26,0,0,
05/14/2026,10:02:29:193,0.000000,0.000000,4,-116.31,-116.31,0,0,
05/14/2026,10:02:29:262,0.000000,0.000000,3,-81.21,-81.21,0,0,
05/14/2026,10:02:29:333,0.000000,0.000000,1,-119.06,-119.06,0,0,
05/14/2026,10:02:29:419,0.000000,0.000000,2,-118.91,-118.91,0,0,
05/14/2026,10:02:29:435,0.000000,0.000000,4,-116.07,-116.07,0,0,
05/14/2026,10:02:29:506,0.000000,0.000000,3,-82.03,-82.03,0,0,
05/14/2026,10:02:29:575,0.000000,0.000000,1,-120.18,-120.18,0,0,
05/14/2026,10:02:29:660,0.000000,0.000000,2,-122.37,-122.37,0,0,
05/14/2026,10:02:29:679,0.000000,0.000000,4,-115.33,-115.33,0,0,
05/14/2026,10:02:29:748,0.000000,0.000000,3,-84.08,-84.08,0,0,
05/14/2026,10:02:29:818,0.000000,0.000000,1,-119.63,-119.63,0,0,
05/14/2026,10:02:29:905,0.000000,0.000000,2,-121.04,-121.04,0,0,
05/14/2026,10:02:29:923,0.000000,0.000000,4,-115.51,-115.51,0,0,
05/14/2026,10:02:29:994,0.000000,0.000000,3,-91.77,-91.77,0,0,
05/14/2026,10:02:30:063,0.000000,0.000000,1,-119.3,-119.3,0,0,
05/14/2026,10:02:30:193,0.000000,0.000000,2,-120.26,-120.26,0,0,
05/14/2026,10:02:30:194,0.000000,0.000000,4,-116.29,-116.29,0,0,
05/14/2026,10:02:30:269,0.000000,0.000000,3,-86.23,-86.23,0,0,
05/14/2026,10:02:30:315,0.000000,0.000000,1,-120.43,-120.43,0,0,
05/14/2026,10:02:30:421,0.000000,0.000000,2,-118.28,-118.28,0,0,
05/14/2026,10:02:30:422,0.000000,0.000000,4,-116.57,-116.57,0,0,
05/14/2026,10:02:30:478,0.000000,0.000000,3,-79.27,-79.27,0,0,
05/14/2026,10:02:30:548,0.000000,0.000000,1,-118.7,-118.7,0,0,
05/14/2026,10:02:30:636,0.000000,0.000000,2,-118.8,-118.8,0,0,
05/14/2026,10:02:30:654,0.000000,0.000000,4,-116.85,-116.85,0,0,
05/14/2026,10:02:30:723,0.000000,0.000000,3,-77.94,-77.94,0,0,
05/14/2026,10:02:30:794,0.000000,0.000000,1,-118.33,-118.33,0,0,
05/14/2026,10:02:30:880,0.000000,0.000000,2,-120.64,-120.64,0,0,
05/14/2026,10:02:30:898,0.000000,0.000000,4,-117.38,-117.38,0,0,
05/14/2026,10:02:30:966,0.000000,0.000000,3,-78.31,-78.31,0,0,
05/14/2026,10:02:31:036,0.000000,0.000000,1,-118.55,-118.55,0,0,
05/14/2026,10:02:31:121,0.000000,0.000000,2,-118.48,-118.48,0,0,
05/14/2026,10:02:31:148,0.000000,0.000000,4,-114.21,-114.21,0,0,
05/14/2026,10:02:31:209,0.000000,0.000000,3,-76,-76,0,0,
05/14/2026,10:02:31:281,0.000000,0.000000,1,-114.55,-114.55,0,0,
05/14/2026,10:02:31:384,0.000000,0.000000,2,-116.64,-116.64,0,0,
05/14/2026,10:02:31:386,0.000000,0.000000,4,-113.16,-113.16,0,0,
05/14/2026,10:02:31:453,0.000000,0.000000,3,-82.07,-82.07,0,0,
05/14/2026,10:02:31:525,0.000000,0.000000,1,-112.49,-112.49,0,0,
05/14/2026,10:02:31:611,0.000000,0.000000,2,-119.42,-119.42,0,0,
05/14/2026,10:02:31:627,0.000000,0.000000,4,-114.93,-114.93,0,0,
05/14/2026,10:02:31:699,0.000000,0.000000,3,-84.02,-84.02,0,0,
05/14/2026,10:02:31:767,0.000000,0.000000,1,-114.1,-114.1,0,0,
05/14/2026,10:02:31:854,0.000000,0.000000,2,-115.15,-115.15,0,0,
05/14/2026,10:02:31:872,0.000000,0.000000,4,-114.05,-114.05,0,0,
05/14/2026,10:02:31:941,0.000000,0.000000,3,-82.82,-82.82,0,0,
05/14/2026,10:02:32:012,0.000000,0.000000,1,-115.58,-115.58,0,0,
05/14/2026,10:02:32:120,0.000000,0.000000,2,-119.59,-119.59,0,0,
05/14/2026,10:02:32:121,0.000000,0.000000,4,-114.97,-114.97,0,0,
05/14/2026,10:02:32:187,0.000000,0.000000,3,-76.53,-76.53,0,0,
05/14/2026,10:02:32:262,0.000000,0.000000,1,-118.69,-118.69,0,0,
05/14/2026,10:02:32:342,0.000000,0.000000,2,-121.9,-121.9,0,0,
05/14/2026,10:02:32:359,0.000000,0.000000,4,-114.55,-114.55,0,0,
05/14/2026,10:02:32:428,0.000000,0.000000,3,-76.36,-76.36,0,0,
05/14/2026,10:02:32:498,0.000000,0.000000,1,-119.14,-119.14,0,0,
05/14/2026,10:02:32:586,0.000000,0.000000,2,-114.31,-114.31,0,0,
05/14/2026,10:02:32:602,0.000000,0.000000,4,-113.1,-113.1,0,0,
05/14/2026,10:02:32:672,0.000000,0.000000,3,-79,-79,0,0,
05/14/2026,10:02:32:741,0.000000,0.000000,1,-119.26,-119.26,0,0,
05/14/2026,10:02:32:829,0.000000,0.000000,2,-113.37,-113.37,0,0,
05/14/2026,10:02:32:844,0.000000,0.000000,4,-112.54,-112.54,0,0,
05/14/2026,10:02:32:918,0.000000,0.000000,3,-74.87,-74.87,0,0,
05/14/2026,10:02:32:985,0.000000,0.000000,1,-116.48,-116.48,0,0,
05/14/2026,10:02:33:075,0.000000,0.000000,2,-112.46,-112.46,0,0,
05/14/2026,10:02:33:094,0.000000,0.000000,4,-111.55,-111.55,0,0,
05/14/2026,10:02:33:357,0.000000,0.000000,3,-82.43,-82.43,0,0,
05/14/2026,10:02:33:368,0.000000,0.000000,1,-117.81,-117.81,0,0,
05/14/2026,10:02:33:385,0.000000,0.000000,2,-113.61,-113.61,0,0,
05/14/2026,10:02:33:387,0.000000,0.000000,4,-113.83,-113.83,0,0,
05/14/2026,10:02:33:403,0.000000,0.000000,3,-76.46,-76.46,0,0,
05/14/2026,10:02:33:475,0.000000,0.000000,1,-118.53,-118.53,0,0,
05/14/2026,10:02:33:561,0.000000,0.000000,2,-115.28,-115.28,0,0,
05/14/2026,10:02:33:577,0.000000,0.000000,4,-114.49,-114.49,0,0,
05/14/2026,10:02:33:648,0.000000,0.000000,3,-73.75,-73.75,0,0,
05/14/2026,10:02:33:719,0.000000,0.000000,1,-115.04,-115.04,0,0,
05/14/2026,10:02:33:803,0.000000,0.000000,2,-112.55,-112.55,0,0,
05/14/2026,10:02:33:823,0.000000,0.000000,4,-116.07,-116.07,0,0,
05/14/2026,10:02:33:902,0.000000,0.000000,3,-76.37,-76.37,0,0,
05/14/2026,10:02:33:977,0.000000,0.000000,1,-119.82,-119.82,0,0,
05/14/2026,10:02:34:108,0.000000,0.000000,2,-116.05,-116.05,0,0,
05/14/2026,10:02:34:109,0.000000,0.000000,4,-112.35,-112.35,0,0,
05/14/2026,10:02:34:160,0.000000,0.000000,3,-72.76,-72.76,0,0,
05/14/2026,10:02:34:206,0.000000,0.000000,1,-118.49,-118.49,0,0,
05/14/2026,10:02:34:293,0.000000,0.000000,2,-113.29,-113.29,0,0,
05/14/2026,10:02:34:309,0.000000,0.000000,4,-111.18,-111.18,0,0,
05/14/2026,10:02:34:381,0.000000,0.000000,3,-74.09,-74.09,0,0,
05/14/2026,10:02:34:449,0.000000,0.000000,1,-117.81,-117.81,0,0,
05/14/2026,10:02:34:536,0.000000,0.000000,2,-115.81,-115.81,0,0,
05/14/2026,10:02:34:554,0.000000,0.000000,4,-114.92,-114.92,0,0,
05/14/2026,10:02:34:623,0.000000,0.000000,3,-69.1,-69.1,0,0,
05/14/2026,10:02:34:692,0.000000,0.000000,1,-118.27,-118.27,0,0,
05/14/2026,10:02:34:780,0.000000,0.000000,2,-109.12,-109.12,0,0,
05/14/2026,10:02:34:795,0.000000,0.000000,4,-113.09,-113.09,0,0,
05/14/2026,10:02:34:866,0.000000,0.000000,3,-73,-73,0,0,
05/14/2026,10:02:34:935,0.000000,0.000000,1,-120.58,-120.58,0,0,
05/14/2026,10:02:35:022,0.000000,0.000000,2,-120.31,-120.31,0,0,
05/14/2026,10:02:35:039,0.000000,0.000000,4,-116.88,-116.88,0,0,
05/14/2026,10:02:35:109,0.000000,0.000000,3,-77.46,-77.46,0,0,
05/14/2026,10:02:35:180,0.000000,0.000000,1,-117.19,-117.19,0,0,
05/14/2026,10:02:35:265,0.000000,0.000000,2,-118.25,-118.25,0,0,
05/14/2026,10:02:35:285,0.000000,0.000000,4,-114.82,-114.82,0,0,
05/14/2026,10:02:35:354,0.000000,0.000000,3,-78.31,-78.31,0,0,
05/14/2026,10:02:35:422,0.000000,0.000000,1,-115.79,-115.79,0,0,
05/14/2026,10:02:35:508,0.000000,0.000000,2,-116.42,-116.42,0,0,
05/14/2026,10:02:35:532,0.000000,0.000000,4,-115.52,-115.52,0,0,
05/14/2026,10:02:35:596,0.000000,0.000000,3,-76.26,-76.26,0,0,
05/14/2026,10:02:35:668,0.000000,0.000000,1,-117.01,-117.01,0,0,
05/14/2026,10:02:35:753,0.000000,0.000000,2,-111.43,-111.43,0,0,
05/14/2026,10:02:35:772,0.000000,0.000000,4,-116.58,-116.58,0,0,
05/14/2026,10:02:35:841,0.000000,0.000000,3,-69.32,-69.32,0,0,
05/14/2026,10:02:35:909,0.000000,0.000000,1,-118.68,-118.68,0,0,
05/14/2026,10:02:36:053,0.000000,0.000000,2,-107.66,-107.66,0,0,
05/14/2026,10:02:36:054,0.000000,0.000000,4,-110.74,-110.74,0,0,
05/14/2026,10:02:36:120,0.000000,0.000000,3,-73.83,-73.83,0,0,
05/14/2026,10:02:36:186,0.000000,0.000000,1,-119.26,-119.26,0,0,
05/14/2026,10:02:36:244,0.000000,0.000000,2,-110.2,-110.2,0,0,
05/14/2026,10:02:36:265,0.000000,0.000000,4,-111.58,-111.58,0,0,
05/14/2026,10:02:36:328,0.000000,0.000000,3,-76.88,-76.88,0,0,
05/14/2026,10:02:36:397,0.000000,0.000000,1,-118.92,-118.92,0,0,
05/14/2026,10:02:36:501,0.000000,0.000000,2,-114.13,-114.13,0,0,
05/14/2026,10:02:36:503,0.000000,0.000000,4,-114.07,-114.07,0,0,
05/14/2026,10:02:36:572,0.000000,0.000000,3,-76.06,-76.06,0,0,
05/14/2026,10:02:36:643,0.000000,0.000000,1,-111.14,-111.14,0,0,
05/14/2026,10:02:36:727,0.000000,0.000000,2,-114.84,-114.84,0,0,
05/14/2026,10:02:36:746,0.000000,0.000000,4,-113.59,-113.59,0,0,
05/14/2026,10:02:36:814,0.000000,0.000000,3,-68.92,-68.92,0,0,
05/14/2026,10:02:36:887,0.000000,0.000000,1,-109.35,-109.35,0,0,
05/14/2026,10:02:36:973,0.000000,0.000000,2,-111.95,-111.95,0,0,
05/14/2026,10:02:36:989,0.000000,0.000000,4,-111.95,-111.95,0,0,
05/14/2026,10:02:37:060,0.000000,0.000000,3,-70.35,-70.35,0,0,
05/14/2026,10:02:37:127,0.000000,0.000000,1,-116.66,-116.66,0,0,
05/14/2026,10:02:37:215,0.000000,0.000000,2,-119.58,-119.58,0,0,
05/14/2026,10:02:37:233,0.000000,0.000000,4,-112.18,-112.18,0,0,
05/14/2026,10:02:37:302,0.000000,0.000000,3,-71.68,-71.68,0,0,
05/14/2026,10:02:37:373,0.000000,0.000000,1,-119,-119,0,0,
05/14/2026,10:02:37:459,0.000000,0.000000,2,-121.63,-121.63,0,0,
05/14/2026,10:02:37:476,0.000000,0.000000,4,-109.74,-109.74,0,0,
05/14/2026,10:02:37:548,0.000000,0.000000,3,-74.57,-74.57,0,0,
05/14/2026,10:02:37:616,0.000000,0.000000,1,-118.59,-118.59,0,0,
05/14/2026,10:02:37:703,0.000000,0.000000,2,-121.69,-121.69,0,0,
05/14/2026,10:02:37:722,0.000000,0.000000,4,-107.47,-107.47,0,0,
05/14/2026,10:02:37:790,0.000000,0.000000,3,-70.71,-70.71,0,0,
05/14/2026,10:02:37:888,0.000000,0.000000,1,-118.22,-118.22,0,0,
05/14/2026,10:02:37:970,0.000000,0.000000,2,-118.58,-118.58,0,0,
05/14/2026,10:02:37:973,0.000000,0.000000,4,-110.56,-110.56,0,0,
05/14/2026,10:02:38:048,0.000000,0.000000,3,-69.88,-69.88,0,0,
05/14/2026,10:02:38:120,0.000000,0.000000,1,-118.37,-118.37,0,0,
05/14/2026,10:02:38:190,0.000000,0.000000,2,-117.68,-117.68,0,0,
05/14/2026,10:02:38:207,0.000000,0.000000,4,-112.9,-112.9,0,0,
05/14/2026,10:02:38:277,0.000000,0.000000,3,-72.99,-72.99,0,0,
05/14/2026,10:02:38:347,0.000000,0.000000,1,-116.3,-116.3,0,0,
05/14/2026,10:02:38:650,0.000000,0.000000,2,-113.38,-113.38,0,0,
05/14/2026,10:02:38:652,0.000000,0.000000,4,-114.43,-114.43,0,0,
05/14/2026,10:02:38:660,0.000000,0.000000,3,-73.34,-73.34,0,0,
05/14/2026,10:02:38:672,0.000000,0.000000,1,-112.51,-112.51,0,0,
05/14/2026,10:02:38:686,0.000000,0.000000,2,-118.73,-118.73,0,0,
05/14/2026,10:02:38:696,0.000000,0.000000,4,-112.33,-112.33,0,0,
05/14/2026,10:02:38:764,0.000000,0.000000,3,-71.13,-71.13,0,0,
05/14/2026,10:02:38:837,0.000000,0.000000,1,-113.76,-113.76,0,0,
05/14/2026,10:02:38:923,0.000000,0.000000,2,-112.52,-112.52,0,0,
05/14/2026,10:02:38:938,0.000000,0.000000,4,-113.45,-113.45,0,0,
05/14/2026,10:02:39:008,0.000000,0.000000,3,-68.34,-68.34,0,0,
05/14/2026,10:02:39:080,0.000000,0.000000,1,-114.34,-114.34,0,0,
05/14/2026,10:02:39:166,0.000000,0.000000,2,-110.71,-110.71,0,0,
05/14/2026,10:02:39:182,0.000000,0.000000,4,-112.12,-112.12,0,0,
05/14/2026,10:02:39:253,0.000000,0.000000,3,-75.84,-75.84,0,0,
05/14/2026,10:02:39:322,0.000000,0.000000,1,-110.44,-110.44,0,0,
05/14/2026,10:02:39:415,0.000000,0.000000,2,-107.62,-107.62,0,0,
05/14/2026,10:02:39:427,0.000000,0.000000,4,-110.71,-110.71,0,0,
05/14/2026,10:02:39:496,0.000000,0.000000,3,-70.05,-70.05,0,0,
05/14/2026,10:02:39:566,0.000000,0.000000,1,-115.19,-115.19,0,0,
05/14/2026,10:02:39:652,0.000000,0.000000,2,-109.85,-109.85,0,0,
05/14/2026,10:02:39:669,0.000000,0.000000,4,-104.82,-104.82,0,0,
05/14/2026,10:02:39:742,0.000000,0.000000,3,-69.43,-69.43,0,0,
05/14/2026,10:02:39:813,0.000000,0.000000,1,-112.01,-112.01,0,0,
05/14/2026,10:02:39:897,0.000000,0.000000,2,-117.72,-117.72,0,0,
05/14/2026,10:02:39:960,0.000000,0.000000,4,-111.7,-111.7,0,0,
05/14/2026,10:02:39:982,0.000000,0.000000,3,-77.12,-77.12,0,0,
05/14/2026,10:02:40:052,0.000000,0.000000,1,-108.52,-108.52,0,0,
05/14/2026,10:02:40:141,0.000000,0.000000,2,-116,-116,0,0,
05/14/2026,10:02:40:158,0.000000,0.000000,4,-109.66,-109.66,0,0,
05/14/2026,10:02:40:226,0.000000,0.000000,3,-75.82,-75.82,0,0,
05/14/2026,10:02:40:296,0.000000,0.000000,1,-109.96,-109.96,0,0,
05/14/2026,10:02:40:382,0.000000,0.000000,2,-110.1,-110.1,0,0,
05/14/2026,10:02:40:400,0.000000,0.000000,4,-111.37,-111.37,0,0,
05/14/2026,10:02:40:470,0.000000,0.000000,3,-74.55,-74.55,0,0,
05/14/2026,10:02:40:538,0.000000,0.000000,1,-109.13,-109.13,0,0,
05/14/2026,10:02:40:627,0.000000,0.000000,2,-115.42,-115.42,0,0,
05/14/2026,10:02:40:643,0.000000,0.000000,4,-111.08,-111.08,0,0,
05/14/2026,10:02:40:713,0.000000,0.000000,3,-65.99,-65.99,0,0,
05/14/2026,10:02:40:783,0.000000,0.000000,1,-110.19,-110.19,0,0,
05/14/2026,10:02:40:870,0.000000,0.000000,2,-117.21,-117.21,0,0,
05/14/2026,10:02:40:887,0.000000,0.000000,4,-110.42,-110.42,0,0,
05/14/2026,10:02:40:960,0.000000,0.000000,3,-62.43,-62.43,0,0,
05/14/2026,10:02:41:033,0.000000,0.000000,1,-112.12,-112.12,0,0,
05/14/2026,10:02:41:114,0.000000,0.000000,2,-114.65,-114.65,0,0,
05/14/2026,10:02:41:129,0.000000,0.000000,4,-115.82,-115.82,0,0,
05/14/2026,10:02:41:202,0.000000,0.000000,3,-63.78,-63.78,0,0,
05/14/2026,10:02:41:269,0.000000,0.000000,1,-112.36,-112.36,0,0,
05/14/2026,10:02:41:355,0.000000,0.000000,2,-110.4,-110.4,0,0,
05/14/2026,10:02:41:375,0.000000,0.000000,4,-107.83,-107.83,0,0,
05/14/2026,10:02:41:446,0.000000,0.000000,3,-66.48,-66.48,0,0,
05/14/2026,10:02:41:520,0.000000,0.000000,1,-110.48,-110.48,0,0,
05/14/2026,10:02:41:599,0.000000,0.000000,2,-107.69,-107.69,0,0,
05/14/2026,10:02:41:668,0.000000,0.000000,4,-105.46,-105.46,0,0,
05/14/2026,10:02:41:718,0.000000,0.000000,3,-75.9,-75.9,0,0,
05/14/2026,10:02:41:768,0.000000,0.000000,1,-110.19,-110.19,0,0,
05/14/2026,10:02:41:845,0.000000,0.000000,2,-103.63,-103.63,0,0,
05/14/2026,10:02:41:862,0.000000,0.000000,4,-113.18,-113.18,0,0,
05/14/2026,10:02:41:933,0.000000,0.000000,3,-71.37,-71.37,0,0,
05/14/2026,10:02:42:001,0.000000,0.000000,1,-108.56,-108.56,0,0,
05/14/2026,10:02:42:088,0.000000,0.000000,2,-107.37,-107.37,0,0,
05/14/2026,10:02:42:106,0.000000,0.000000,4,-113.97,-113.97,0,0,
05/14/2026,10:02:42:175,0.000000,0.000000,3,-70.08,-70.08,0,0,
05/14/2026,10:02:42:246,0.000000,0.000000,1,-110.33,-110.33,0,0,
05/14/2026,10:02:42:332,0.000000,0.000000,2,-105.73,-105.73,0,0,
05/14/2026,10:02:42:348,0.000000,0.000000,4,-111.53,-111.53,0,0,
05/14/2026,10:02:42:422,0.000000,0.000000,3,-65.04,-65.04,0,0,
05/14/2026,10:02:42:490,0.000000,0.000000,1,-116.85,-116.85,0,0,
05/14/2026,10:02:42:574,0.000000,0.000000,2,-106.96,-106.96,0,0,
05/14/2026,10:02:42:594,0.000000,0.000000,4,-107.67,-107.67,0,0,
05/14/2026,10:02:42:664,0.000000,0.000000,3,-65.44,-65.44,0,0,
05/14/2026,10:02:42:732,0.000000,0.000000,1,-105.72,-105.72,0,0,
05/14/2026,10:02:42:819,0.000000,0.000000,2,-106.75,-106.75,0,0,
05/14/2026,10:02:42:836,0.000000,0.000000,4,-103.75,-103.75,0,0,
05/14/2026,10:02:42:905,0.000000,0.000000,3,-67.31,-67.31,0,0,
05/14/2026,10:02:42:976,0.000000,0.000000,1,-109.4,-109.4,0,0,
05/14/2026,10:02:43:061,0.000000,0.000000,2,-120.8,-120.8,0,0,
05/14/2026,10:02:43:084,0.000000,0.000000,4,-115,-115,0,0,
05/14/2026,10:02:43:150,0.000000,0.000000,3,-87.09,-87.09,0,0,
05/14/2026,10:02:43:218,0.000000,0.000000,1,-118.64,-118.64,0,0,
05/14/2026,10:02:43:305,0.000000,0.000000,2,-118.84,-118.84,0,0,
05/14/2026,10:02:43:324,0.000000,0.000000,4,-118.13,-118.13,0,0,
05/14/2026,10:02:43:426,0.000000,0.000000,3,-92.05,-92.05,0,0,
05/14/2026,10:02:43:502,0.000000,0.000000,1,-121.38,-121.38,0,0,
05/14/2026,10:02:43:552,0.000000,0.000000,2,-122.16,-122.16,0,0,
05/14/2026,10:02:43:568,0.000000,0.000000,4,-117.67,-117.67,0,0,
05/14/2026,10:02:43:640,0.000000,0.000000,3,-88.93,-88.93,0,0,
05/14/2026,10:02:43:926,0.000000,0.000000,1,-118.1,-118.1,0,0,
05/14/2026,10:02:43:941,0.000000,0.000000,2,-124.67,-124.67,0,0,
05/14/2026,10:02:43:944,0.000000,0.000000,4,-118.43,-118.43,0,0,
05/14/2026,10:02:43:955,0.000000,0.000000,3,-87.58,-87.58,0,0,
05/14/2026,10:02:43:965,0.000000,0.000000,1,-120,-120,0,0,
05/14/2026,10:02:44:036,0.000000,0.000000,2,-120.65,-120.65,0,0,
05/14/2026,10:02:44:054,0.000000,0.000000,4,-117.17,-117.17,0,0,
05/14/2026,10:02:44:123,0.000000,0.000000,3,-90.45,-90.45,0,0,
05/14/2026,10:02:44:193,0.000000,0.000000,1,-121.37,-121.37,0,0,
05/14/2026,10:02:44:280,0.000000,0.000000,2,-120.55,-120.55,0,0,
05/14/2026,10:02:44:299,0.000000,0.000000,4,-116.76,-116.76,0,0,
05/14/2026,10:02:44:367,0.000000,0.000000,3,-102.11,-102.11,0,0,
05/14/2026,10:02:44:437,0.000000,0.000000,1,-118.68,-118.68,0,0,
05/14/2026,10:02:44:525,0.000000,0.000000,2,-120.61,-120.61,0,0,
05/14/2026,10:02:44:541,0.000000,0.000000,4,-117.25,-117.25,0,0,
05/14/2026,10:02:44:612,0.000000,0.000000,3,-88.64,-88.64,0,0,
05/14/2026,10:02:44:680,0.000000,0.000000,1,-124.25,-124.25,0,0,
05/14/2026,10:02:44:767,0.000000,0.000000,2,-119.6,-119.6,0,0,
05/14/2026,10:02:44:786,0.000000,0.000000,4,-117.54,-117.54,0,0,
05/14/2026,10:02:44:855,0.000000,0.000000,3,-86.63,-86.63,0,0,
05/14/2026,10:02:44:925,0.000000,0.000000,1,-118.89,-118.89,0,0,
05/14/2026,10:02:45:011,0.000000,0.000000,2,-122.33,-122.33,0,0,
05/14/2026,10:02:45:030,0.000000,0.000000,4,-115.68,-115.68,0,0,
05/14/2026,10:02:45:097,0.000000,0.000000,3,-88.12,-88.12,0,0,
05/14/2026,10:02:45:194,0.000000,0.000000,1,-118.28,-118.28,0,0,
05/14/2026,10:02:45:264,0.000000,0.000000,2,-120.22,-120.22,0,0,
05/14/2026,10:02:45:274,0.000000,0.000000,4,-117.49,-117.49,0,0,
05/14/2026,10:02:45:350,0.000000,0.000000,3,-86.58,-86.58,0,0,
05/14/2026,10:02:45:420,0.000000,0.000000,1,-120.28,-120.28,0,0,
05/14/2026,10:02:45:498,0.000000,0.000000,2,-119.24,-119.24,0,0,
05/14/2026,10:02:45:516,0.000000,0.000000,4,-118.49,-118.49,0,0,
05/14/2026,10:02:45:586,0.000000,0.000000,3,-88.8,-88.8,0,0,
05/14/2026,10:02:45:655,0.000000,0.000000,1,-119.26,-119.26,0,0,
05/14/2026,10:02:45:742,0.000000,0.000000,2,-119.81,-119.81,0,0,
05/14/2026,10:02:45:759,0.000000,0.000000,4,-115.93,-115.93,0,0,
05/14/2026,10:02:45:830,0.000000,0.000000,3,-85.86,-85.86,0,0,
05/14/2026,10:02:45:899,0.000000,0.000000,1,-119.37,-119.37,0,0,
05/14/2026,10:02:45:986,0.000000,0.000000,2,-120.49,-120.49,0,0,
05/14/2026,10:02:46:003,0.000000,0.000000,4,-116.97,-116.97,0,0,
05/14/2026,10:02:46:073,0.000000,0.000000,3,-86.43,-86.43,0,0,
05/14/2026,10:02:46:144,0.000000,0.000000,1,-123.23,-123.23,0,0,
05/14/2026,10:02:46:229,0.000000,0.000000,2,-121.45,-121.45,0,0,
05/14/2026,10:02:46:246,0.000000,0.000000,4,-116.27,-116.27,0,0,
05/14/2026,10:02:46:317,0.000000,0.000000,3,-81.64,-81.64,0,0,
05/14/2026,10:02:46:386,0.000000,0.000000,1,-120.52,-120.52,0,0,
05/14/2026,10:02:46:472,0.000000,0.000000,2,-122.3,-122.3,0,0,
05/14/2026,10:02:46:491,0.000000,0.000000,4,-116.71,-116.71,0,0,
05/14/2026,10:02:46:560,0.000000,0.000000,3,-83.92,-83.92,0,0,
05/14/2026,10:02:46:635,0.000000,0.000000,1,-120.81,-120.81,0,0,
05/14/2026,10:02:46:718,0.000000,0.000000,2,-123.66,-123.66,0,0,
05/14/2026,10:02:46:741,0.000000,0.000000,4,-118.74,-118.74,0,0,
05/14/2026,10:02:46:803,0.000000,0.000000,3,-91.56,-91.56,0,0,
05/14/2026,10:02:46:875,0.000000,0.000000,1,-121.65,-121.65,0,0,
05/14/2026,10:02:46:962,0.000000,0.000000,2,-120.01,-120.01,0,0,
05/14/2026,10:02:46:977,0.000000,0.000000,4,-117.34,-117.34,0,0,
05/14/2026,10:02:47:049,0.000000,0.000000,3,-91.54,-91.54,0,0,
05/14/2026,10:02:47:137,0.000000,0.000000,1,-122.17,-122.17,0,0,
05/14/2026,10:02:47:206,0.000000,0.000000,2,-120.89,-120.89,0,0,
05/14/2026,10:02:47:269,0.000000,0.000000,4,-118.51,-118.51,0,0,
05/14/2026,10:02:47:354,0.000000,0.000000,3,-94.73,-94.73,0,0,
05/14/2026,10:02:47:361,0.000000,0.000000,1,-121.63,-121.63,0,0,
05/14/2026,10:02:47:449,0.000000,0.000000,2,-121.12,-121.12,0,0,
05/14/2026,10:02:47:466,0.000000,0.000000,4,-119.18,-119.18,0,0,
05/14/2026,10:02:47:535,0.000000,0.000000,3,-88.6,-88.6,0,0,
05/14/2026,10:02:47:604,0.000000,0.000000,1,-119.54,-119.54,0,0,
05/14/2026,10:02:47:693,0.000000,0.000000,2,-121.79,-121.79,0,0,
05/14/2026,10:02:47:709,0.000000,0.000000,4,-117.05,-117.05,0,0,
05/14/2026,10:02:47:780,0.000000,0.000000,3,-95.52,-95.52,0,0,
05/14/2026,10:02:47:846,0.000000,0.000000,1,-119.68,-119.68,0,0,
05/14/2026,10:02:47:936,0.000000,0.000000,2,-119.26,-119.26,0,0,
05/14/2026,10:02:47:954,0.000000,0.000000,4,-116.07,-116.07,0,0,
05/14/2026,10:02:48:025,0.000000,0.000000,3,-86.19,-86.19,0,0,
05/14/2026,10:02:48:093,0.000000,0.000000,1,-120.3,-120.3,0,0,
05/14/2026,10:02:48:184,0.000000,0.000000,2,-119.53,-119.53,0,0,
05/14/2026,10:02:48:204,0.000000,0.000000,4,-116.76,-116.76,0,0,
05/14/2026,10:02:48:265,0.000000,0.000000,3,-94.66,-94.66,0,0,
05/14/2026,10:02:48:334,0.000000,0.000000,1,-118.85,-118.85,0,0,
05/14/2026,10:02:48:422,0.000000,0.000000,2,-122.29,-122.29,0,0,
05/14/2026,10:02:48:441,0.000000,0.000000,4,-116.33,-116.33,0,0,
05/14/2026,10:02:48:510,0.000000,0.000000,3,-92.78,-92.78,0,0,
05/14/2026,10:02:48:579,0.000000,0.000000,1,-120.31,-120.31,0,0,
05/14/2026,10:02:48:665,0.000000,0.000000,2,-119.82,-119.82,0,0,
05/14/2026,10:02:48:685,0.000000,0.000000,4,-116.96,-116.96,0,0,
05/14/2026,10:02:48:754,0.000000,0.000000,3,-87.54,-87.54,0,0,
05/14/2026,10:02:48:824,0.000000,0.000000,1,-119.02,-119.02,0,0,
05/14/2026,10:02:48:909,0.000000,0.000000,2,-123.15,-123.15,0,0,
05/14/2026,10:02:48:959,0.000000,0.000000,4,-116.98,-116.98,0,0,
05/14/2026,10:02:49:198,0.000000,0.000000,3,-91.54,-91.54,0,0,
05/14/2026,10:02:49:205,0.000000,0.000000,1,-118.71,-118.71,0,0,
05/14/2026,10:02:49:221,0.000000,0.000000,2,-122.78,-122.78,0,0,
05/14/2026,10:02:49:222,0.000000,0.000000,4,-116.03,-116.03,0,0,
05/14/2026,10:02:49:240,0.000000,0.000000,3,-85.89,-85.89,0,0,
05/14/2026,10:02:49:309,0.000000,0.000000,1,-120.2,-120.2,0,0,
05/14/2026,10:02:49:398,0.000000,0.000000,2,-123.36,-123.36,0,0,
05/14/2026,10:02:49:413,0.000000,0.000000,4,-119.23,-119.23,0,0,
05/14/2026,10:02:49:484,0.000000,0.000000,3,-93.1,-93.1,0,0,
05/14/2026,10:02:49:553,0.000000,0.000000,1,-122.44,-122.44,0,0,
05/14/2026,10:02:49:640,0.000000,0.000000,2,-119.61,-119.61,0,0,
05/14/2026,10:02:49:657,0.000000,0.000000,4,-117.82,-117.82,0,0,
05/14/2026,10:02:49:736,0.000000,0.000000,3,-84.71,-84.71,0,0,
05/14/2026,10:02:49:800,0.000000,0.000000,1,-120.31,-120.31,0,0,
05/14/2026,10:02:49:884,0.000000,0.000000,2,-122.35,-122.35,0,0,
05/14/2026,10:02:49:902,0.000000,0.000000,4,-115.73,-115.73,0,0,
05/14/2026,10:02:49:971,0.000000,0.000000,3,-95.73,-95.73,0,0,
05/14/2026,10:02:50:042,0.000000,0.000000,1,-120.69,-120.69,0,0,
05/14/2026,10:02:50:129,0.000000,0.000000,2,-120.6,-120.6,0,0,
05/14/2026,10:02:50:145,0.000000,0.000000,4,-117.9,-117.9,0,0,
05/14/2026,10:02:50:217,0.000000,0.000000,3,-91.06,-91.06,0,0,
05/14/2026,10:02:50:286,0.000000,0.000000,1,-121.72,-121.72,0,0,
05/14/2026,10:02:50:370,0.000000,0.000000,2,-120.15,-120.15,0,0,
05/14/2026,10:02:50:390,0.000000,0.000000,4,-118.4,-118.4,0,0,
05/14/2026,10:02:50:459,0.000000,0.000000,3,-83.48,-83.48,0,0,
05/14/2026,10:02:50:529,0.000000,0.000000,1,-122.83,-122.83,0,0,
05/14/2026,10:02:50:655,0.000000,0.000000,2,-120.39,-120.39,0,0,
05/14/2026,10:02:50:656,0.000000,0.000000,4,-118.21,-118.21,0,0,
05/14/2026,10:02:50:712,0.000000,0.000000,3,-87.87,-87.87,0,0,
05/14/2026,10:02:50:773,0.000000,0.000000,1,-123.09,-123.09,0,0,
05/14/2026,10:02:50:860,0.000000,0.000000,2,-120.1,-120.1,0,0,
05/14/2026,10:02:50:903,0.000000,0.000000,4,-117.72,-117.72,0,0,
05/14/2026,10:02:50:948,0.000000,0.000000,3,-92.49,-92.49,0,0,
05/14/2026,10:02:51:014,0.000000,0.000000,1,-120.1,-120.1,0,0,
05/14/2026,10:02:51:104,0.000000,0.000000,2,-121.04,-121.04,0,0,
05/14/2026,10:02:51:120,0.000000,0.000000,4,-116.87,-116.87,0,0,
05/14/2026,10:02:51:192,0.000000,0.000000,3,-85.25,-85.25,0,0,
05/14/2026,10:02:51:259,0.000000,0.000000,1,-120.74,-120.74,0,0,
05/14/2026,10:02:51:347,0.000000,0.000000,2,-120.71,-120.71,0,0,
05/14/2026,10:02:51:365,0.000000,0.000000,4,-117.02,-117.02,0,0,
05/14/2026,10:02:51:434,0.000000,0.000000,3,-95.68,-95.68,0,0,
05/14/2026,10:02:51:503,0.000000,0.000000,1,-118.69,-118.69,0,0,
05/14/2026,10:02:51:591,0.000000,0.000000,2,-123.96,-123.96,0,0,
05/14/2026,10:02:51:606,0.000000,0.000000,4,-116.74,-116.74,0,0,
05/14/2026,10:02:51:678,0.000000,0.000000,3,-83.77,-83.77,0,0,
05/14/2026,10:02:51:746,0.000000,0.000000,1,-119.48,-119.48,0,0,
05/14/2026,10:02:51:834,0.000000,0.000000,2,-120.35,-120.35,0,0,
05/14/2026,10:02:51:860,0.000000,0.000000,4,-117.17,-117.17,0,0,
05/14/2026,10:02:51:921,0.000000,0.000000,3,-87.96,-87.96,0,0,
05/14/2026,10:02:51:989,0.000000,0.000000,1,-121.65,-121.65,0,0,
05/14/2026,10:02:52:078,0.000000,0.000000,2,-118.28,-118.28,0,0,
05/14/2026,10:02:52:093,0.000000,0.000000,4,-118,-118,0,0,
05/14/2026,10:02:52:165,0.000000,0.000000,3,-87.14,-87.14,0,0,
05/14/2026,10:02:52:234,0.000000,0.000000,1,-118.21,-118.21,0,0,
05/14/2026,10:02:52:319,0.000000,0.000000,2,-120.94,-120.94,0,0,
05/14/2026,10:02:52:339,0.000000,0.000000,4,-115.96,-115.96,0,0,
05/14/2026,10:02:52:408,0.000000,0.000000,3,-89.79,-89.79,0,0,
05/14/2026,10:02:52:478,0.000000,0.000000,1,-118.66,-118.66,0,0,
05/14/2026,10:02:52:563,0.000000,0.000000,2,-118.33,-118.33,0,0,
05/14/2026,10:02:52:582,0.000000,0.000000,4,-118.36,-118.36,0,0,
05/14/2026,10:02:52:653,0.000000,0.000000,3,-78.9,-78.9,0,0,
05/14/2026,10:02:52:765,0.000000,0.000000,1,-100.93,-100.93,0,0,
05/14/2026,10:02:52:842,0.000000,0.000000,2,-119.13,-119.13,0,0,
05/14/2026,10:02:52:844,0.000000,0.000000,4,-117.13,-117.13,0,0,
05/14/2026,10:02:52:917,0.000000,0.000000,3,-85.79,-85.79,0,0,
05/14/2026,10:02:52:980,0.000000,0.000000,1,-95.41,-95.41,0,0,
05/14/2026,10:02:53:051,0.000000,0.000000,2,-120.27,-120.27,0,0,
05/14/2026,10:02:53:068,0.000000,0.000000,4,-116.28,-116.28,0,0,
05/14/2026,10:02:53:143,0.000000,0.000000,3,-85.19,-85.19,0,0,
05/14/2026,10:02:53:210,0.000000,0.000000,1,-119.83,-119.83,0,0,
05/14/2026,10:02:53:295,0.000000,0.000000,2,-118.98,-118.98,0,0,
05/14/2026,10:02:53:328,0.000000,0.000000,4,-116.08,-116.08,0,0,
05/14/2026,10:02:53:384,0.000000,0.000000,3,-81.27,-81.27,0,0,
05/14/2026,10:02:53:451,0.000000,0.000000,1,-120.03,-120.03,0,0,
05/14/2026,10:02:53:539,0.000000,0.000000,2,-121.31,-121.31,0,0,
05/14/2026,10:02:53:557,0.000000,0.000000,4,-117.58,-117.58,0,0,
05/14/2026,10:02:53:626,0.000000,0.000000,3,-76.58,-76.58,0,0,
05/14/2026,10:02:53:697,0.000000,0.000000,1,-118.74,-118.74,0,0,
05/14/2026,10:02:53:783,0.000000,0.000000,2,-116.27,-116.27,0,0,
05/14/2026,10:02:53:800,0.000000,0.000000,4,-118.53,-118.53,0,0,
05/14/2026,10:02:53:870,0.000000,0.000000,3,-74.08,-74.08,0,0,
05/14/2026,10:02:53:938,0.000000,0.000000,1,-118.4,-118.4,0,0,
05/14/2026,10:02:54:027,0.000000,0.000000,2,-120.08,-120.08,0,0,
05/14/2026,10:02:54:045,0.000000,0.000000,4,-115.62,-115.62,0,0,
05/14/2026,10:02:54:112,0.000000,0.000000,3,-79.18,-79.18,0,0,
05/14/2026,10:02:54:184,0.000000,0.000000,1,-117.21,-117.21,0,0,
05/14/2026,10:02:54:499,0.000000,0.000000,2,-121.02,-121.02,0,0,
05/14/2026,10:02:54:503,0.000000,0.000000,4,-117.81,-117.81,0,0,
05/14/2026,10:02:54:514,0.000000,0.000000,3,-79.49,-79.49,0,0,
05/14/2026,10:02:54:557,0.000000,0.000000,1,-122.64,-122.64,0,0,
05/14/2026,10:02:54:573,0.000000,0.000000,2,-118.7,-118.7,0,0,
05/14/2026,10:02:54:575,0.000000,0.000000,4,-115.81,-115.81,0,0,
05/14/2026,10:02:54:610,0.000000,0.000000,3,-79.88,-79.88,0,0,
05/14/2026,10:02:54:670,0.000000,0.000000,1,-119.2,-119.2,0,0,
05/14/2026,10:02:54:755,0.000000,0.000000,2,-118.46,-118.46,0,0,
05/14/2026,10:02:54:776,0.000000,0.000000,4,-116.17,-116.17,0,0,
05/14/2026,10:02:54:844,0.000000,0.000000,3,-75.75,-75.75,0,0,
05/14/2026,10:02:54:915,0.000000,0.000000,1,-122.69,-122.69,0,0,
05/14/2026,10:02:55:001,0.000000,0.000000,2,-120.95,-120.95,0,0,
05/14/2026,10:02:55:017,0.000000,0.000000,4,-115.79,-115.79,0,0,
05/14/2026,10:02:55:089,0.000000,0.000000,3,-88.11,-88.11,0,0,
05/14/2026,10:02:55:157,0.000000,0.000000,1,-120.32,-120.32,0,0,
05/14/2026,10:02:55:244,0.000000,0.000000,2,-121.02,-121.02,0,0,
05/14/2026,10:02:55:261,0.000000,0.000000,4,-117.04,-117.04,0,0,
05/14/2026,10:02:55:330,0.000000,0.000000,3,-80.09,-80.09,0,0,
05/14/2026,10:02:55:402,0.000000,0.000000,1,-117.67,-117.67,0,0,
05/14/2026,10:02:55:490,0.000000,0.000000,2,-119.85,-119.85,0,0,
05/14/2026,10:02:55:506,0.000000,0.000000,4,-116.08,-116.08,0,0,
05/14/2026,10:02:55:577,0.000000,0.000000,3,-78.68,-78.68,0,0,
05/14/2026,10:02:55:645,0.000000,0.000000,1,-121.37,-121.37,0,0,
05/14/2026,10:02:55:732,0.000000,0.000000,2,-119.93,-119.93,0,0,
05/14/2026,10:02:55:748,0.000000,0.000000,4,-116.13,-116.13,0,0,
05/14/2026,10:02:55:820,0.000000,0.000000,3,-79.77,-79.77,0,0,
05/14/2026,10:02:55:889,0.000000,0.000000,1,-117.09,-117.09,0,0,
05/14/2026,10:02:55:975,0.000000,0.000000,2,-115.19,-115.19,0,0,
05/14/2026,10:02:55:993,0.000000,0.000000,4,-116.98,-116.98,0,0,
05/14/2026,10:02:56:062,0.000000,0.000000,3,-69.95,-69.95,0,0,
05/14/2026,10:02:56:134,0.000000,0.000000,1,-117.5,-117.5,0,0,
05/14/2026,10:02:56:220,0.000000,0.000000,2,-114.89,-114.89,0,0,
05/14/2026,10:02:56:235,0.000000,0.000000,4,-116.1,-116.1,0,0,
05/14/2026,10:02:56:308,0.000000,0.000000,3,-75.11,-75.11,0,0,
05/14/2026,10:02:56:376,0.000000,0.000000,1,-120.49,-120.49,0,0,
05/14/2026,10:02:56:500,0.000000,0.000000,2,-111.35,-111.35,0,0,
05/14/2026,10:02:56:506,0.000000,0.000000,4,-116.74,-116.74,0,0,
05/14/2026,10:02:56:557,0.000000,0.000000,3,-83.49,-83.49,0,0,
05/14/2026,10:02:56:644,0.000000,0.000000,1,-115.82,-115.82,0,0,
05/14/2026,10:02:56:705,0.000000,0.000000,2,-118.93,-118.93,0,0,
05/14/2026,10:02:56:735,0.000000,0.000000,4,-118.45,-118.45,0,0,
05/14/2026,10:02:56:793,0.000000,0.000000,3,-91.46,-91.46,0,0,
05/14/2026,10:02:56:866,0.000000,0.000000,1,-118.17,-118.17,0,0,
05/14/2026,10:02:56:949,0.000000,0.000000,2,-117.56,-117.56,0,0,
05/14/2026,10:02:56:980,0.000000,0.000000,4,-117.13,-117.13,0,0,
05/14/2026,10:02:57:037,0.000000,0.000000,3,-76.41,-76.41,0,0,
05/14/2026,10:02:57:108,0.000000,0.000000,1,-116.59,-116.59,0,0,
05/14/2026,10:02:57:195,0.000000,0.000000,2,-119.73,-119.73,0,0,
05/14/2026,10:02:57:210,0.000000,0.000000,4,-116.14,-116.14,0,0,
05/14/2026,10:02:57:282,0.000000,0.000000,3,-83.56,-83.56,0,0,
05/14/2026,10:02:57:350,0.000000,0.000000,1,-117.48,-117.48,0,0,
05/14/2026,10:02:57:438,0.000000,0.000000,2,-117.58,-117.58,0,0,
05/14/2026,10:02:57:456,0.000000,0.000000,4,-117.02,-117.02,0,0,
05/14/2026,10:02:57:525,0.000000,0.000000,3,-81.29,-81.29,0,0,
05/14/2026,10:02:57:597,0.000000,0.000000,1,-116.83,-116.83,0,0,
05/14/2026,10:02:57:682,0.000000,0.000000,2,-117.9,-117.9,0,0,
05/14/2026,10:02:57:698,0.000000,0.000000,4,-115.93,-115.93,0,0,
05/14/2026,10:02:57:770,0.000000,0.000000,3,-73.6,-73.6,0,0,
05/14/2026,10:02:57:837,0.000000,0.000000,1,-119.6,-119.6,0,0,
05/14/2026,10:02:57:924,0.000000,0.000000,2,-112.8,-112.8,0,0,
05/14/2026,10:02:57:943,0.000000,0.000000,4,-115.25,-115.25,0,0,
05/14/2026,10:02:58:012,0.000000,0.000000,3,-73.21,-73.21,0,0,
05/14/2026,10:02:58:083,0.000000,0.000000,1,-117.05,-117.05,0,0,
05/14/2026,10:02:58:171,0.000000,0.000000,2,-116.84,-116.84,0,0,
05/14/2026,10:02:58:187,0.000000,0.000000,4,-116.39,-116.39,0,0,
05/14/2026,10:02:58:311,0.000000,0.000000,3,-84.73,-84.73,0,0,
05/14/2026,10:02:58:325,0.000000,0.000000,1,-118.01,-118.01,0,0,
05/14/2026,10:02:58:414,0.000000,0.000000,2,-120.82,-120.82,0,0,
05/14/2026,10:02:58:488,0.000000,0.000000,4,-116.08,-116.08,0,0,
05/14/2026,10:02:58:499,0.000000,0.000000,3,-80,-80,0,0,
05/14/2026,10:02:58:572,0.000000,0.000000,1,-119.03,-119.03,0,0,
05/14/2026,10:02:58:657,0.000000,0.000000,2,-117.78,-117.78,0,0,
05/14/2026,10:02:58:673,0.000000,0.000000,4,-115.6,-115.6,0,0,
05/14/2026,10:02:58:745,0.000000,0.000000,3,-77.45,-77.45,0,0,
05/14/2026,10:02:58:812,0.000000,0.000000,1,-116.81,-116.81,0,0,
05/14/2026,10:02:58:900,0.000000,0.000000,2,-119.06,-119.06,0,0,
05/14/2026,10:02:58:918,0.000000,0.000000,4,-117.46,-117.46,0,0,
05/14/2026,10:02:58:986,0.000000,0.000000,3,-79.56,-79.56,0,0,
05/14/2026,10:02:59:058,0.000000,0.000000,1,-117.89,-117.89,0,0,
05/14/2026,10:02:59:145,0.000000,0.000000,2,-120.7,-120.7,0,0,
05/14/2026,10:02:59:160,0.000000,0.000000,4,-117.34,-117.34,0,0,
05/14/2026,10:02:59:233,0.000000,0.000000,3,-80.72,-80.72,0,0,
05/14/2026,10:02:59:300,0.000000,0.000000,1,-119.53,-119.53,0,0,
05/14/2026,10:02:59:395,0.000000,0.000000,2,-119.28,-119.28,0,0,
05/14/2026,10:02:59:403,0.000000,0.000000,4,-117.91,-117.91,0,0,
05/14/2026,10:02:59:473,0.000000,0.000000,3,-72.26,-72.26,0,0,
05/14/2026,10:02:59:757,0.000000,0.000000,1,-119.36,-119.36,0,0,
05/14/2026,10:02:59:774,0.000000,0.000000,2,-117.24,-117.24,0,0,
05/14/2026,10:02:59:780,0.000000,0.000000,4,-117.67,-117.67,0,0,
05/14/2026,10:02:59:788,0.000000,0.000000,3,-78.18,-78.18,0,0,
05/14/2026,10:02:59:798,0.000000,0.000000,1,-116.59,-116.59,0,0,
05/14/2026,10:02:59:874,0.000000,0.000000,2,-120.5,-120.5,0,0,
05/14/2026,10:02:59:919,0.000000,0.000000,4,-116.49,-116.49,0,0,
05/14/2026,10:02:59:994,0.000000,0.000000,3,-85.2,-85.2,0,0,
05/14/2026,10:03:00:051,0.000000,0.000000,1,-119.95,-119.95,0,0,
05/14/2026,10:03:00:126,0.000000,0.000000,2,-121.2,-121.2,0,0,
05/14/2026,10:03:00:163,0.000000,0.000000,4,-119.06,-119.06,0,0,
05/14/2026,10:03:00:209,0.000000,0.000000,3,-81.64,-81.64,0,0,
05/14/2026,10:03:00:275,0.000000,0.000000,1,-119.28,-119.28,0,0,
05/14/2026,10:03:00:361,0.000000,0.000000,2,-119.24,-119.24,0,0,
05/14/2026,10:03:00:378,0.000000,0.000000,4,-116.76,-116.76,0,0,
05/14/2026,10:03:00:448,0.000000,0.000000,3,-75.48,-75.48,0,0,
05/14/2026,10:03:00:520,0.000000,0.000000,1,-118.13,-118.13,0,0,
05/14/2026,10:03:00:606,0.000000,0.000000,2,-118.94,-118.94,0,0,
05/14/2026,10:03:00:622,0.000000,0.000000,4,-117.35,-117.35,0,0,
05/14/2026,10:03:00:691,0.000000,0.000000,3,-78.54,-78.54,0,0,
05/14/2026,10:03:00:762,0.000000,0.000000,1,-119.09,-119.09,0,0,
05/14/2026,10:03:00:851,0.000000,0.000000,2,-117.53,-117.53,0,0,
05/14/2026,10:03:00:865,0.000000,0.000000,4,-116.4,-116.4,0,0,
05/14/2026,10:03:00:937,0.000000,0.000000,3,-75.07,-75.07,0,0,
05/14/2026,10:03:01:006,0.000000,0.000000,1,-122.22,-122.22,0,0,
05/14/2026,10:03:01:092,0.000000,0.000000,2,-117.94,-117.94,0,0,
05/14/2026,10:03:01:111,0.000000,0.000000,4,-116.06,-116.06,0,0,
05/14/2026,10:03:01:179,0.000000,0.000000,3,-71.57,-71.57,0,0,
05/14/2026,10:03:01:251,0.000000,0.000000,1,-119.31,-119.31,0,0,
05/14/2026,10:03:01:337,0.000000,0.000000,2,-118.78,-118.78,0,0,
05/14/2026,10:03:01:354,0.000000,0.000000,4,-117.59,-117.59,0,0,
05/14/2026,10:03:01:425,0.000000,0.000000,3,-73.62,-73.62,0,0,
05/14/2026,10:03:01:494,0.000000,0.000000,1,-120.93,-120.93,0,0,
05/14/2026,10:03:01:580,0.000000,0.000000,2,-117.83,-117.83,0,0,
05/14/2026,10:03:01:599,0.000000,0.000000,4,-117.12,-117.12,0,0,
05/14/2026,10:03:01:667,0.000000,0.000000,3,-70.26,-70.26,0,0,
05/14/2026,10:03:01:739,0.000000,0.000000,1,-120.74,-120.74,0,0,
05/14/2026,10:03:01:823,0.000000,0.000000,2,-117.36,-117.36,0,0,
05/14/2026,10:03:01:841,0.000000,0.000000,4,-116.97,-116.97,0,0,
05/14/2026,10:03:01:949,0.000000,0.000000,3,-73.23,-73.23,0,0,
05/14/2026,10:03:02:021,0.000000,0.000000,1,-119.1,-119.1,0,0,
05/14/2026,10:03:02:106,0.000000,0.000000,2,-117.48,-117.48,0,0,
05/14/2026,10:03:02:108,0.000000,0.000000,4,-115.31,-115.31,0,0,
05/14/2026,10:03:02:185,0.000000,0.000000,3,-71.01,-71.01,0,0,
05/14/2026,10:03:02:224,0.000000,0.000000,1,-121.57,-121.57,0,0,
05/14/2026,10:03:02:312,0.000000,0.000000,2,-119.22,-119.22,0,0,
05/14/2026,10:03:02:330,0.000000,0.000000,4,-116.04,-116.04,0,0,
05/14/2026,10:03:02:398,0.000000,0.000000,3,-74.18,-74.18,0,0,
05/14/2026,10:03:02:470,0.000000,0.000000,1,-118.18,-118.18,0,0,
05/14/2026,10:03:02:555,0.000000,0.000000,2,-114.87,-114.87,0,0,
05/14/2026,10:03:02:571,0.000000,0.000000,4,-116.74,-116.74,0,0,
05/14/2026,10:03:02:644,0.000000,0.000000,3,-72.9,-72.9,0,0,
05/14/2026,10:03:02:712,0.000000,0.000000,1,-119.66,-119.66,0,0,
05/14/2026,10:03:02:800,0.000000,0.000000,2,-116.95,-116.95,0,0,
05/14/2026,10:03:02:818,0.000000,0.000000,4,-118.19,-118.19,0,0,
05/14/2026,10:03:02:885,0.000000,0.000000,3,-68.71,-68.71,0,0,
05/14/2026,10:03:02:955,0.000000,0.000000,1,-118.79,-118.79,0,0,
05/14/2026,10:03:03:044,0.000000,0.000000,2,-114.55,-114.55,0,0,
05/14/2026,10:03:03:060,0.000000,0.000000,4,-115.92,-115.92,0,0,
05/14/2026,10:03:03:132,0.000000,0.000000,3,-67.47,-67.47,0,0,
05/14/2026,10:03:03:199,0.000000,0.000000,1,-118.97,-118.97,0,0,
05/14/2026,10:03:03:286,0.000000,0.000000,2,-116.49,-116.49,0,0,
05/14/2026,10:03:03:305,0.000000,0.000000,4,-114.31,-114.31,0,0,
05/14/2026,10:03:03:381,0.000000,0.000000,3,-78,-78,0,0,
05/14/2026,10:03:03:446,0.000000,0.000000,1,-119.98,-119.98,0,0,
05/14/2026,10:03:03:529,0.000000,0.000000,2,-115.75,-115.75,0,0,
05/14/2026,10:03:03:549,0.000000,0.000000,4,-114.03,-114.03,0,0,
05/14/2026,10:03:03:650,0.000000,0.000000,3,-77.81,-77.81,0,0,
05/14/2026,10:03:03:719,0.000000,0.000000,1,-120.83,-120.83,0,0,
05/14/2026,10:03:03:797,0.000000,0.000000,2,-120.5,-120.5,0,0,
05/14/2026,10:03:03:801,0.000000,0.000000,4,-114.13,-114.13,0,0,
05/14/2026,10:03:03:881,0.000000,0.000000,3,-75.63,-75.63,0,0,
05/14/2026,10:03:03:931,0.000000,0.000000,1,-119.72,-119.72,0,0,
05/14/2026,10:03:04:018,0.000000,0.000000,2,-119.6,-119.6,0,0,
05/14/2026,10:03:04:036,0.000000,0.000000,4,-115.54,-115.54,0,0,
05/14/2026,10:03:04:105,0.000000,0.000000,3,-73.23,-73.23,0,0,
05/14/2026,10:03:04:174,0.000000,0.000000,1,-119.09,-119.09,0,0,
05/14/2026,10:03:04:264,0.000000,0.000000,2,-113.8,-113.8,0,0,
05/14/2026,10:03:04:277,0.000000,0.000000,4,-113.78,-113.78,0,0,
05/14/2026,10:03:04:348,0.000000,0.000000,3,-73.2,-73.2,0,0,
05/14/2026,10:03:04:418,0.000000,0.000000,1,-120.65,-120.65,0,0,
05/14/2026,10:03:04:506,0.000000,0.000000,2,-116.01,-116.01,0,0,
05/14/2026,10:03:04:527,0.000000,0.000000,4,-116.45,-116.45,0,0,
05/14/2026,10:03:04:591,0.000000,0.000000,3,-69.62,-69.62,0,0,
05/14/2026,10:03:04:666,0.000000,0.000000,1,-119.39,-119.39,0,0,
05/14/2026,10:03:04:750,0.000000,0.000000,2,-119.53,-119.53,0,0,
05/14/2026,10:03:05:031,0.000000,0.000000,4,-115.22,-115.22,0,0,
05/14/2026,10:03:05:052,0.000000,0.000000,3,-69.69,-69.69,0,0,
05/14/2026,10:03:05:063,0.000000,0.000000,1,-119.42,-119.42,0,0,
05/14/2026,10:03:05:078,0.000000,0.000000,2,-122.89,-122.89,0,0,
05/14/2026,10:03:05:080,0.000000,0.000000,4,-114.52,-114.52,0,0,
05/14/2026,10:03:05:094,0.000000,0.000000,3,-72.08,-72.08,0,0,
05/14/2026,10:03:05:152,0.000000,0.000000,1,-121.96,-121.96,0,0,
05/14/2026,10:03:05:237,0.000000,0.000000,2,-117.33,-117.33,0,0,
05/14/2026,10:03:05:253,0.000000,0.000000,4,-115.87,-115.87,0,0,
05/14/2026,10:03:05:325,0.000000,0.000000,3,-74.22,-74.22,0,0,
05/14/2026,10:03:05:394,0.000000,0.000000,1,-117.82,-117.82,0,0,
05/14/2026,10:03:05:479,0.000000,0.000000,2,-116.15,-116.15,0,0,
05/14/2026,10:03:05:499,0.000000,0.000000,4,-114.34,-114.34,0,0,
05/14/2026,10:03:05:567,0.000000,0.000000,3,-69.98,-69.98,0,0,
05/14/2026,10:03:05:637,0.000000,0.000000,1,-120.56,-120.56,0,0,
05/14/2026,10:03:05:749,0.000000,0.000000,2,-115.41,-115.41,0,0,
05/14/2026,10:03:05:751,0.000000,0.000000,4,-114.58,-114.58,0,0,
05/14/2026,10:03:05:827,0.000000,0.000000,3,-76,-76,0,0,
05/14/2026,10:03:05:911,0.000000,0.000000,1,-116.98,-116.98,0,0,
05/14/2026,10:03:05:980,0.000000,0.000000,2,-112.77,-112.77,0,0,
05/14/2026,10:03:05:984,0.000000,0.000000,4,-115.65,-115.65,0,0,
05/14/2026,10:03:06:056,0.000000,0.000000,3,-81.13,-81.13,0,0,
05/14/2026,10:03:06:124,0.000000,0.000000,1,-119.92,-119.92,0,0,
05/14/2026,10:03:06:211,0.000000,0.000000,2,-119.95,-119.95,0,0,
05/14/2026,10:03:06:230,0.000000,0.000000,4,-114.6,-114.6,0,0,
05/14/2026,10:03:06:296,0.000000,0.000000,3,-64.14,-64.14,0,0,
05/14/2026,10:03:06:368,0.000000,0.000000,1,-120.07,-120.07,0,0,
05/14/2026,10:03:06:455,0.000000,0.000000,2,-116.16,-116.16,0,0,
05/14/2026,10:03:06:472,0.000000,0.000000,4,-115.52,-115.52,0,0,
05/14/2026,10:03:06:544,0.000000,0.000000,3,-90.01,-90.01,0,0,
05/14/2026,10:03:06:613,0.000000,0.000000,1,-119.18,-119.18,0,0,
05/14/2026,10:03:06:700,0.000000,0.000000,2,-115.09,-115.09,0,0,
05/14/2026,10:03:06:717,0.000000,0.000000,4,-115.76,-115.76,0,0,
05/14/2026,10:03:06:784,0.000000,0.000000,3,-68.86,-68.86,0,0,
05/14/2026,10:03:06:856,0.000000,0.000000,1,-121.5,-121.5,0,0,
05/14/2026,10:03:06:942,0.000000,0.000000,2,-121.11,-121.11,0,0,
05/14/2026,10:03:06:958,0.000000,0.000000,4,-115.72,-115.72,0,0,
05/14/2026,10:03:07:029,0.000000,0.000000,3,-69.51,-69.51,0,0,
05/14/2026,10:03:07:100,0.000000,0.000000,1,-117.23,-117.23,0,0,
05/14/2026,10:03:07:185,0.000000,0.000000,2,-121.34,-121.34,0,0,
05/14/2026,10:03:07:223,0.000000,0.000000,4,-116.1,-116.1,0,0,
05/14/2026,10:03:07:274,0.000000,0.000000,3,-71,-71,0,0,
05/14/2026,10:03:07:387,0.000000,0.000000,1,-117.09,-117.09,0,0,
05/14/2026,10:03:07:444,0.000000,0.000000,2,-121.23,-121.23,0,0,
05/14/2026,10:03:07:447,0.000000,0.000000,4,-116.48,-116.48,0,0,
05/14/2026,10:03:07:518,0.000000,0.000000,3,-70.53,-70.53,0,0,
05/14/2026,10:03:07:587,0.000000,0.000000,1,-120.75,-120.75,0,0,
05/14/2026,10:03:07:671,0.000000,0.000000,2,-117.5,-117.5,0,0,
05/14/2026,10:03:07:691,0.000000,0.000000,4,-114.06,-114.06,0,0,
05/14/2026,10:03:07:761,0.000000,0.000000,3,-68.86,-68.86,0,0,
05/14/2026,10:03:07:831,0.000000,0.000000,1,-120.22,-120.22,0,0,
05/14/2026,10:03:07:917,0.000000,0.000000,2,-118.87,-118.87,0,0,
05/14/2026,10:03:07:933,0.000000,0.000000,4,-110.6,-110.6,0,0,
05/14/2026,10:03:08:006,0.000000,0.000000,3,-69.51,-69.51,0,0,
05/14/2026,10:03:08:074,0.000000,0.000000,1,-114.17,-114.17,0,0,
05/14/2026,10:03:08:163,0.000000,0.000000,2,-115.63,-115.63,0,0,
05/14/2026,10:03:08:179,0.000000,0.000000,4,-112.55,-112.55,0,0,
05/14/2026,10:03:08:248,0.000000,0.000000,3,-68.31,-68.31,0,0,
05/14/2026,10:03:08:317,0.000000,0.000000,1,-119.56,-119.56,0,0,
05/14/2026,10:03:08:405,0.000000,0.000000,2,-113.65,-113.65,0,0,
05/14/2026,10:03:08:422,0.000000,0.000000,4,-115.8,-115.8,0,0,
05/14/2026,10:03:08:499,0.000000,0.000000,3,-75.97,-75.97,0,0,
05/14/2026,10:03:08:560,0.000000,0.000000,1,-118.53,-118.53,0,0,
05/14/2026,10:03:08:648,0.000000,0.000000,2,-116.95,-116.95,0,0,
05/14/2026,10:03:08:665,0.000000,0.000000,4,-117.18,-117.18,0,0,
05/14/2026,10:03:08:735,0.000000,0.000000,3,-71.76,-71.76,0,0,
05/14/2026,10:03:08:804,0.000000,0.000000,1,-121.83,-121.83,0,0,
05/14/2026,10:03:08:892,0.000000,0.000000,2,-116.98,-116.98,0,0,
05/14/2026,10:03:08:908,0.000000,0.000000,4,-117.55,-117.55,0,0,
05/14/2026,10:03:08:977,0.000000,0.000000,3,-71.06,-71.06,0,0,
05/14/2026,10:03:09:049,0.000000,0.000000,1,-113.67,-113.67,0,0,
05/14/2026,10:03:09:136,0.000000,0.000000,2,-119.71,-119.71,0,0,
05/14/2026,10:03:09:151,0.000000,0.000000,4,-112.93,-112.93,0,0,
05/14/2026,10:03:09:223,0.000000,0.000000,3,-72.59,-72.59,0,0,
05/14/2026,10:03:09:295,0.000000,0.000000,1,-115.08,-115.08,0,0,
05/14/2026,10:03:09:431,0.000000,0.000000,2,-116.82,-116.82,0,0,
05/14/2026,10:03:09:432,0.000000,0.000000,4,-114.14,-114.14,0,0,
05/14/2026,10:03:09:509,0.000000,0.000000,3,-74.36,-74.36,0,0,
05/14/2026,10:03:09:595,0.000000,0.000000,1,-122.35,-122.35,0,0,
05/14/2026,10:03:09:641,0.000000,0.000000,2,-121.67,-121.67,0,0,
05/14/2026,10:03:09:643,0.000000,0.000000,4,-116.65,-116.65,0,0,
05/14/2026,10:03:09:710,0.000000,0.000000,3,-69.66,-69.66,0,0,
05/14/2026,10:03:09:781,0.000000,0.000000,1,-118.44,-118.44,0,0,
05/14/2026,10:03:09:865,0.000000,0.000000,2,-115.31,-115.31,0,0,
05/14/2026,10:03:09:882,0.000000,0.000000,4,-115.89,-115.89,0,0,
05/14/2026,10:03:09:965,0.000000,0.000000,3,-70.61,-70.61,0,0,
05/14/2026,10:03:10:023,0.000000,0.000000,1,-116.58,-116.58,0,0,
05/14/2026,10:03:10:331,0.000000,0.000000,2,-115.1,-115.1,0,0,
05/14/2026,10:03:10:333,0.000000,0.000000,4,-117.28,-117.28,0,0,
05/14/2026,10:03:10:344,0.000000,0.000000,3,-73.73,-73.73,0,0,
05/14/2026,10:03:10:354,0.000000,0.000000,1,-113.41,-113.41,0,0,
05/14/2026,10:03:10:372,0.000000,0.000000,2,-115.38,-115.38,0,0,
05/14/2026,10:03:10:373,0.000000,0.000000,4,-116.15,-116.15,0,0,
05/14/2026,10:03:10:441,0.000000,0.000000,3,-75.34,-75.34,0,0,
05/14/2026,10:03:10:511,0.000000,0.000000,1,-117.78,-117.78,0,0,
05/14/2026,10:03:10:596,0.000000,0.000000,2,-108.93,-108.93,0,0,
05/14/2026,10:03:10:615,0.000000,0.000000,4,-116.37,-116.37,0,0,
05/14/2026,10:03:10:683,0.000000,0.000000,3,-77.72,-77.72,0,0,
05/14/2026,10:03:10:753,0.000000,0.000000,1,-115.09,-115.09,0,0,
05/14/2026,10:03:10:841,0.000000,0.000000,2,-109.74,-109.74,0,0,
05/14/2026,10:03:10:856,0.000000,0.000000,4,-114.01,-114.01,0,0,
05/14/2026,10:03:10:926,0.000000,0.000000,3,-70.61,-70.61,0,0,
05/14/2026,10:03:10:996,0.000000,0.000000,1,-119.9,-119.9,0,0,
05/14/2026,10:03:11:084,0.000000,0.000000,2,-119.15,-119.15,0,0,
05/14/2026,10:03:11:099,0.000000,0.000000,4,-116.29,-116.29,0,0,
05/14/2026,10:03:11:172,0.000000,0.000000,3,-80.51,-80.51,0,0,
05/14/2026,10:03:11:253,0.000000,0.000000,1,-111.98,-111.98,0,0,
05/14/2026,10:03:11:336,0.000000,0.000000,2,-111.19,-111.19,0,0,
05/14/2026,10:03:11:347,0.000000,0.000000,4,-117.01,-117.01,0,0,
05/14/2026,10:03:11:459,0.000000,0.000000,3,-75.06,-75.06,0,0,
05/14/2026,10:03:11:507,0.000000,0.000000,1,-115.71,-115.71,0,0,
05/14/2026,10:03:11:569,0.000000,0.000000,2,-114.02,-114.02,0,0,
05/14/2026,10:03:11:593,0.000000,0.000000,4,-115.7,-115.7,0,0,
05/14/2026,10:03:11:657,0.000000,0.000000,3,-78.46,-78.46,0,0,
05/14/2026,10:03:11:729,0.000000,0.000000,1,-119.04,-119.04,0,0,
05/14/2026,10:03:11:816,0.000000,0.000000,2,-120.16,-120.16,0,0,
05/14/2026,10:03:11:834,0.000000,0.000000,4,-116.22,-116.22,0,0,
05/14/2026,10:03:11:902,0.000000,0.000000,3,-80.66,-80.66,0,0,
05/14/2026,10:03:11:971,0.000000,0.000000,1,-113.5,-113.5,0,0,
05/14/2026,10:03:12:057,0.000000,0.000000,2,-119.03,-119.03,0,0,
05/14/2026,10:03:12:078,0.000000,0.000000,4,-115.45,-115.45,0,0,
05/14/2026,10:03:12:144,0.000000,0.000000,3,-90.07,-90.07,0,0,
05/14/2026,10:03:12:221,0.000000,0.000000,1,-119.59,-119.59,0,0,
05/14/2026,10:03:12:302,0.000000,0.000000,2,-121.29,-121.29,0,0,
05/14/2026,10:03:12:339,0.000000,0.000000,4,-116.44,-116.44,0,0,
