Date,Time,Latitude,Longitude,Channel,RSSI,Adjusted Value,Antenna Gain,Cable Loss
08/27/2026,06:22:29:305,0.000000,0.000000,1,-119.02,-119.02,0,0,
08/27/2026,06:22:29:331,0.000000,0.000000,1,-118.63,-118.63,0,0,
08/27/2026,06:22:29:374,0.000000,0.000000,1,-122.85,-122.85,0,0,
08/27/2026,06:22:29:385,0.000000,0.000000,1,-119.12,-119.12,0,0,
08/27/2026,06:22:29:417,0.000000,0.000000,1,-119.74,-119.74,0,0,
08/27/2026,06:22:29:421,0.000000,0.000000,1,-119.58,-119.58,0,0,
08/27/2026,06:22:29:426,0.000000,0.000000,2,-122.38,-122.38,0,0,
08/27/2026,06:22:29:460,0.000000,0.000000,1,-120.26,-120.26,0,0,
08/27/2026,06:22:29:463,0.000000,0.000000,2,-123.25,-123.25,0,0,
08/27/2026,06:22:29:467,0.000000,0.000000,1,-118.75,-118.75,0,0,
08/27/2026,06:22:29:502,0.000000,0.000000,2,-125.1,-125.1,0,0,
08/27/2026,06:22:29:509,0.000000,0.000000,3,-125.42,-125.42,0,0,
08/27/2026,06:22:29:553,0.000000,0.000000,1,-120.92,-120.92,0,0,
08/27/2026,06:22:29:555,0.000000,0.000000,2,-121.15,-121.15,0,0,
08/27/2026,06:22:29:584,0.000000,0.000000,3,-123.99,-123.99,0,0,
08/27/2026,06:22:29:592,0.000000,0.000000,1,-122.13,-122.13,0,0,
08/27/2026,06:22:29:593,0.000000,0.000000,2,-121.97,-121.97,0,0,
08/27/2026,06:22:29:601,0.000000,0.000000,4,-82.75,-82.75,0,0,
08/27/2026,06:22:29:662,0.000000,0.000000,3,-121.79,-121.79,0,0,
08/27/2026,06:22:29:666,0.000000,0.000000,1,-120.93,-120.93,0,0,
08/27/2026,06:22:29:676,0.000000,0.000000,2,-124.77,-124.77,0,0,
08/27/2026,06:22:29:678,0.000000,0.000000,4,-84.68,-84.68,0,0,
08/27/2026,06:22:29:718,0.000000,0.000000,3,-122.85,-122.85,0,0,
08/27/2026,06:22:29:753,0.000000,0.000000,1,-118.28,-118.28,0,0,
08/27/2026,06:22:29:761,0.000000,0.000000,2,-121.5,-121.5,0,0,
08/27/2026,06:22:29:763,0.000000,0.000000,4,-94.26,-94.26,0,0,
08/27/2026,06:22:29:798,0.000000,0.000000,3,-123.83,-123.83,0,0,
08/27/2026,06:22:29:815,0.000000,0.000000,1,-119.08,-119.08,0,0,
08/27/2026,06:22:29:836,0.000000,0.000000,2,-123.11,-123.11,0,0,
08/27/2026,06:22:29:858,0.000000,0.000000,4,-83.53,-83.53,0,0,
08/27/2026,06:22:29:909,0.000000,0.000000,3,-122.79,-122.79,0,0,
08/27/2026,06:22:29:933,0.000000,0.000000,1,-119.06,-119.06,0,0,
08/27/2026,06:22:29:953,0.000000,0.000000,2,-123.48,-123.48,0,0,
08/27/2026,06:22:29:988,0.000000,0.000000,4,-80.13,-80.13,0,0,
08/27/2026,06:22:30:066,0.000000,0.000000,3,-121.33,-121.33,0,0,
08/27/2026,06:22:30:106,0.000000,0.000000,1,-119.35,-119.35,0,0,
08/27/2026,06:22:30:125,0.000000,0.000000,2,-118.64,-118.64,0,0,
08/27/2026,06:22:30:178,0.000000,0.000000,4,-83.32,-83.32,0,0,
08/27/2026,06:22:30:280,0.000000,0.000000,3,-121.76,-121.76,0,0,
08/27/2026,06:22:30:350,0.000000,0.000000,1,-118.55,-118.55,0,0,
08/27/2026,06:22:30:369,0.000000,0.000000,2,-119.77,-119.77,0,0,
08/27/2026,06:22:30:437,0.000000,0.000000,4,-85.63,-85.63,0,0,
08/27/2026,06:22:30:547,0.000000,0.000000,3,-118.25,-118.25,0,0,
08/27/2026,06:22:30:608,0.000000,0.000000,1,-122.6,-122.6,0,0,
08/27/2026,06:22:30:631,0.000000,0.000000,2,-124.2,-124.2,0,0,
08/27/2026,06:22:30:698,0.000000,0.000000,4,-77.5,-77.5,0,0,
08/27/2026,06:22:30:803,0.000000,0.000000,3,-120.27,-120.27,0,0,
08/27/2026,06:22:30:878,0.000000,0.000000,1,-115.56,-115.56,0,0,
08/27/2026,06:22:30:886,0.000000,0.000000,2,-116.53,-116.53,0,0,
08/27/2026,06:22:30:956,0.000000,0.000000,4,-76.97,-76.97,0,0,
08/27/2026,06:22:31:063,0.000000,0.000000,3,-114.71,-114.71,0,0,
08/27/2026,06:22:31:133,0.000000,0.000000,1,-119.52,-119.52,0,0,
08/27/2026,06:22:31:152,0.000000,0.000000,2,-114.64,-114.64,0,0,
08/27/2026,06:22:31:221,0.000000,0.000000,4,-74.8,-74.8,0,0,
08/27/2026,06:22:31:324,0.000000,0.000000,3,-118.37,-118.37,0,0,
08/27/2026,06:22:31:401,0.000000,0.000000,1,-117.16,-117.16,0,0,
08/27/2026,06:22:31:433,0.000000,0.000000,2,-120.01,-120.01,0,0,
08/27/2026,06:22:31:481,0.000000,0.000000,4,-76.78,-76.78,0,0,
08/27/2026,06:22:31:609,0.000000,0.000000,3,-117.81,-117.81,0,0,
08/27/2026,06:22:31:662,0.000000,0.000000,1,-118.33,-118.33,0,0,
08/27/2026,06:22:31:686,0.000000,0.000000,2,-118.75,-118.75,0,0,
08/27/2026,06:22:31:755,0.000000,0.000000,4,-79.56,-79.56,0,0,
08/27/2026,06:22:31:849,0.000000,0.000000,3,-121.21,-121.21,0,0,
08/27/2026,06:22:31:916,0.000000,0.000000,1,-118.86,-118.86,0,0,
08/27/2026,06:22:31:941,0.000000,0.000000,2,-122.6,-122.6,0,0,
08/27/2026,06:22:32:027,0.000000,0.000000,4,-77.64,-77.64,0,0,
08/27/2026,06:22:32:110,0.000000,0.000000,3,-123.41,-123.41,0,0,
08/27/2026,06:22:32:219,0.000000,0.000000,1,-119.17,-119.17,0,0,
08/27/2026,06:22:32:224,0.000000,0.000000,2,-121.96,-121.96,0,0,
08/27/2026,06:22:32:265,0.000000,0.000000,4,-76.84,-76.84,0,0,
08/27/2026,06:22:32:376,0.000000,0.000000,3,-121.52,-121.52,0,0,
08/27/2026,06:22:32:447,0.000000,0.000000,1,-119.43,-119.43,0,0,
08/27/2026,06:22:32:459,0.000000,0.000000,2,-122.08,-122.08,0,0,
08/27/2026,06:22:32:536,0.000000,0.000000,4,-88.77,-88.77,0,0,
08/27/2026,06:22:32:666,0.000000,0.000000,3,-123.53,-123.53,0,0,
08/27/2026,06:22:32:707,0.000000,0.000000,1,-118.84,-118.84,0,0,
08/27/2026,06:22:32:725,0.000000,0.000000,2,-123.42,-123.42,0,0,
08/27/2026,06:22:32:790,0.000000,0.000000,4,-81.15,-81.15,0,0,
08/27/2026,06:22:32:899,0.000000,0.000000,3,-122.46,-122.46,0,0,
08/27/2026,06:22:32:974,0.000000,0.000000,1,-118.29,-118.29,0,0,
08/27/2026,06:22:32:986,0.000000,0.000000,2,-123.77,-123.77,0,0,
08/27/2026,06:22:33:064,0.000000,0.000000,4,-87.28,-87.28,0,0,
08/27/2026,06:22:33:171,0.000000,0.000000,3,-121.7,-121.7,0,0,
08/27/2026,06:22:33:261,0.000000,0.000000,1,-118.78,-118.78,0,0,
08/27/2026,06:22:33:266,0.000000,0.000000,2,-124.08,-124.08,0,0,
08/27/2026,06:22:33:320,0.000000,0.000000,4,-88.84,-88.84,0,0,
08/27/2026,06:22:33:448,0.000000,0.000000,3,-124.16,-124.16,0,0,
08/27/2026,06:22:33:521,0.000000,0.000000,1,-120.28,-120.28,0,0,
08/27/2026,06:22:33:543,0.000000,0.000000,2,-125.09,-125.09,0,0,
08/27/2026,06:22:33:574,0.000000,0.000000,4,-92.61,-92.61,0,0,
08/27/2026,06:22:33:686,0.000000,0.000000,3,-122.68,-122.68,0,0,
08/27/2026,06:22:33:754,0.000000,0.000000,1,-118.17,-118.17,0,0,
08/27/2026,06:22:33:779,0.000000,0.000000,2,-125.7,-125.7,0,0,
08/27/2026,06:22:33:839,0.000000,0.000000,4,-83.7,-83.7,0,0,
08/27/2026,06:22:33:946,0.000000,0.000000,3,-125.4,-125.4,0,0,
08/27/2026,06:22:34:018,0.000000,0.000000,1,-118.24,-118.24,0,0,
08/27/2026,06:22:34:032,0.000000,0.000000,2,-123.1,-123.1,0,0,
08/27/2026,06:22:34:099,0.000000,0.000000,4,-86.17,-86.17,0,0,
08/27/2026,06:22:34:211,0.000000,0.000000,3,-121.79,-121.79,0,0,
08/27/2026,06:22:34:279,0.000000,0.000000,1,-119.74,-119.74,0,0,
08/27/2026,06:22:34:292,0.000000,0.000000,2,-124.5,-124.5,0,0,
08/27/2026,06:22:34:366,0.000000,0.000000,4,-92.47,-92.47,0,0,
08/27/2026,06:22:34:468,0.000000,0.000000,3,-124.04,-124.04,0,0,
08/27/2026,06:22:34:553,0.000000,0.000000,1,-118.53,-118.53,0,0,
08/27/2026,06:22:34:555,0.000000,0.000000,2,-122.66,-122.66,0,0,
08/27/2026,06:22:34:626,0.000000,0.000000,4,-94.6,-94.6,0,0,
08/27/2026,06:22:34:736,0.000000,0.000000,3,-120.7,-120.7,0,0,
08/27/2026,06:22:34:797,0.000000,0.000000,1,-119.45,-119.45,0,0,
08/27/2026,06:22:34:823,0.000000,0.000000,2,-124.74,-124.74,0,0,
08/27/2026,06:22:34:893,0.000000,0.000000,4,-86.23,-86.23,0,0,
08/27/2026,06:22:35:004,0.000000,0.000000,3,-122.56,-122.56,0,0,
08/27/2026,06:22:35:058,0.000000,0.000000,1,-119.27,-119.27,0,0,
08/27/2026,06:22:35:094,0.000000,0.000000,2,-124.42,-124.42,0,0,
08/27/2026,06:22:35:169,0.000000,0.000000,4,-89.44,-89.44,0,0,
08/27/2026,06:22:35:457,0.000000,0.000000,3,-124.18,-124.18,0,0,
08/27/2026,06:22:35:491,0.000000,0.000000,1,-119.4,-119.4,0,0,
08/27/2026,06:22:35:495,0.000000,0.000000,2,-120.93,-120.93,0,0,
08/27/2026,06:22:35:510,0.000000,0.000000,4,-85.99,-85.99,0,0,
08/27/2026,06:22:35:534,0.000000,0.000000,3,-124.01,-124.01,0,0,
08/27/2026,06:22:35:585,0.000000,0.000000,1,-119.94,-119.94,0,0,
08/27/2026,06:22:35:607,0.000000,0.000000,2,-121.33,-121.33,0,0,
08/27/2026,06:22:35:669,0.000000,0.000000,4,-91.4,-91.4,0,0,
08/27/2026,06:22:35:777,0.000000,0.000000,3,-124.12,-124.12,0,0,
08/27/2026,06:22:35:862,0.000000,0.000000,1,-118.9,-118.9,0,0,
08/27/2026,06:22:35:866,0.000000,0.000000,2,-121.34,-121.34,0,0,
08/27/2026,06:22:35:935,0.000000,0.000000,4,-85.7,-85.7,0,0,
08/27/2026,06:22:36:048,0.000000,0.000000,3,-124.92,-124.92,0,0,
08/27/2026,06:22:36:108,0.000000,0.000000,1,-118.24,-118.24,0,0,
08/27/2026,06:22:36:128,0.000000,0.000000,2,-123.32,-123.32,0,0,
08/27/2026,06:22:36:208,0.000000,0.000000,4,-90.79,-90.79,0,0,
08/27/2026,06:22:36:307,0.000000,0.000000,3,-122.9,-122.9,0,0,
08/27/2026,06:22:36:369,0.000000,0.000000,1,-118.48,-118.48,0,0,
08/27/2026,06:22:36:388,0.000000,0.000000,2,-124.14,-124.14,0,0,
08/27/2026,06:22:36:462,0.000000,0.000000,4,-89.38,-89.38,0,0,
08/27/2026,06:22:36:561,0.000000,0.000000,3,-122.65,-122.65,0,0,
08/27/2026,06:22:36:632,0.000000,0.000000,1,-119.34,-119.34,0,0,
08/27/2026,06:22:36:646,0.000000,0.000000,2,-125.32,-125.32,0,0,
08/27/2026,06:22:36:716,0.000000,0.000000,4,-86.5,-86.5,0,0,
08/27/2026,06:22:36:824,0.000000,0.000000,3,-122.7,-122.7,0,0,
08/27/2026,06:22:36:892,0.000000,0.000000,1,-120.58,-120.58,0,0,
08/27/2026,06:22:36:931,0.000000,0.000000,2,-124.99,-124.99,0,0,
08/27/2026,06:22:36:980,0.000000,0.000000,4,-90.46,-90.46,0,0,
08/27/2026,06:22:37:106,0.000000,0.000000,3,-121.48,-121.48,0,0,
08/27/2026,06:22:37:159,0.000000,0.000000,1,-118.72,-118.72,0,0,
08/27/2026,06:22:37:187,0.000000,0.000000,2,-125.19,-125.19,0,0,
08/27/2026,06:22:37:244,0.000000,0.000000,4,-91.71,-91.71,0,0,
08/27/2026,06:22:37:346,0.000000,0.000000,3,-124.24,-124.24,0,0,
08/27/2026,06:22:37:422,0.000000,0.000000,1,-119.25,-119.25,0,0,
08/27/2026,06:22:37:431,0.000000,0.000000,2,-122.19,-122.19,0,0,
08/27/2026,06:22:37:501,0.000000,0.000000,4,-88.05,-88.05,0,0,
08/27/2026,06:22:37:614,0.000000,0.000000,3,-122.52,-122.52,0,0,
08/27/2026,06:22:37:687,0.000000,0.000000,1,-118.03,-118.03,0,0,
08/27/2026,06:22:37:705,0.000000,0.000000,2,-124.57,-124.57,0,0,
08/27/2026,06:22:37:781,0.000000,0.000000,4,-89.94,-89.94,0,0,
08/27/2026,06:22:37:872,0.000000,0.000000,3,-120.57,-120.57,0,0,
08/27/2026,06:22:37:943,0.000000,0.000000,1,-119.61,-119.61,0,0,
08/27/2026,06:22:37:960,0.000000,0.000000,2,-123.85,-123.85,0,0,
08/27/2026,06:22:38:026,0.000000,0.000000,4,-94.95,-94.95,0,0,
08/27/2026,06:22:38:132,0.000000,0.000000,3,-121.67,-121.67,0,0,
08/27/2026,06:22:38:202,0.000000,0.000000,1,-118.37,-118.37,0,0,
08/27/2026,06:22:38:221,0.000000,0.000000,2,-123,-123,0,0,
08/27/2026,06:22:38:291,0.000000,0.000000,4,-84.79,-84.79,0,0,
08/27/2026,06:22:38:408,0.000000,0.000000,3,-121.54,-121.54,0,0,
08/27/2026,06:22:38:470,0.000000,0.000000,1,-120.05,-120.05,0,0,
08/27/2026,06:22:38:482,0.000000,0.000000,2,-123.22,-123.22,0,0,
08/27/2026,06:22:38:556,0.000000,0.000000,4,-86.2,-86.2,0,0,
08/27/2026,06:22:38:655,0.000000,0.000000,3,-124.26,-124.26,0,0,
08/27/2026,06:22:38:724,0.000000,0.000000,1,-117.92,-117.92,0,0,
08/27/2026,06:22:38:777,0.000000,0.000000,2,-122.34,-122.34,0,0,
08/27/2026,06:22:38:821,0.000000,0.000000,4,-99.06,-99.06,0,0,
08/27/2026,06:22:38:936,0.000000,0.000000,3,-123.09,-123.09,0,0,
08/27/2026,06:22:39:007,0.000000,0.000000,1,-118.05,-118.05,0,0,
08/27/2026,06:22:39:009,0.000000,0.000000,2,-125.01,-125.01,0,0,
08/27/2026,06:22:39:091,0.000000,0.000000,4,-95.88,-95.88,0,0,
08/27/2026,06:22:39:187,0.000000,0.000000,3,-124.49,-124.49,0,0,
08/27/2026,06:22:39:258,0.000000,0.000000,1,-113.7,-113.7,0,0,
08/27/2026,06:22:39:264,0.000000,0.000000,2,-119.04,-119.04,0,0,
08/27/2026,06:22:39:336,0.000000,0.000000,4,-89.19,-89.19,0,0,
08/27/2026,06:22:39:440,0.000000,0.000000,3,-119.98,-119.98,0,0,
08/27/2026,06:22:39:516,0.000000,0.000000,1,-115.99,-115.99,0,0,
08/27/2026,06:22:39:526,0.000000,0.000000,2,-117.45,-117.45,0,0,
08/27/2026,06:22:39:598,0.000000,0.000000,4,-92.25,-92.25,0,0,
08/27/2026,06:22:39:704,0.000000,0.000000,3,-118.93,-118.93,0,0,
08/27/2026,06:22:39:776,0.000000,0.000000,1,-119.36,-119.36,0,0,
08/27/2026,06:22:39:789,0.000000,0.000000,2,-122.55,-122.55,0,0,
08/27/2026,06:22:39:860,0.000000,0.000000,4,-84.25,-84.25,0,0,
08/27/2026,06:22:39:968,0.000000,0.000000,3,-117.63,-117.63,0,0,
08/27/2026,06:22:40:041,0.000000,0.000000,1,-114.68,-114.68,0,0,
08/27/2026,06:22:40:050,0.000000,0.000000,2,-112.44,-112.44,0,0,
08/27/2026,06:22:40:127,0.000000,0.000000,4,-78.6,-78.6,0,0,
08/27/2026,06:22:40:227,0.000000,0.000000,3,-116.41,-116.41,0,0,
08/27/2026,06:22:40:303,0.000000,0.000000,1,-115.44,-115.44,0,0,
08/27/2026,06:22:40:312,0.000000,0.000000,2,-110.73,-110.73,0,0,
08/27/2026,06:22:40:385,0.000000,0.000000,4,-81.67,-81.67,0,0,
08/27/2026,06:22:40:589,0.000000,0.000000,3,-118.14,-118.14,0,0,
08/27/2026,06:22:40:600,0.000000,0.000000,1,-110.96,-110.96,0,0,
08/27/2026,06:22:40:608,0.000000,0.000000,2,-115.82,-115.82,0,0,
08/27/2026,06:22:40:669,0.000000,0.000000,4,-71.68,-71.68,0,0,
08/27/2026,06:22:40:758,0.000000,0.000000,3,-118.57,-118.57,0,0,
08/27/2026,06:22:40:851,0.000000,0.000000,1,-117.12,-117.12,0,0,
08/27/2026,06:22:40:876,0.000000,0.000000,2,-117.45,-117.45,0,0,
08/27/2026,06:22:40:929,0.000000,0.000000,4,-75.71,-75.71,0,0,
08/27/2026,06:22:41:012,0.000000,0.000000,3,-121.36,-121.36,0,0,
08/27/2026,06:22:41:090,0.000000,0.000000,1,-117.47,-117.47,0,0,
08/27/2026,06:22:41:097,0.000000,0.000000,2,-122.75,-122.75,0,0,
08/27/2026,06:22:41:179,0.000000,0.000000,4,-68.25,-68.25,0,0,
08/27/2026,06:22:41:278,0.000000,0.000000,3,-123.42,-123.42,0,0,
08/27/2026,06:22:41:352,0.000000,0.000000,1,-118.42,-118.42,0,0,
08/27/2026,06:22:41:364,0.000000,0.000000,2,-122.76,-122.76,0,0,
08/27/2026,06:22:41:429,0.000000,0.000000,4,-65.75,-65.75,0,0,
08/27/2026,06:22:41:537,0.000000,0.000000,3,-121.19,-121.19,0,0,
08/27/2026,06:22:41:611,0.000000,0.000000,1,-115.76,-115.76,0,0,
08/27/2026,06:22:41:620,0.000000,0.000000,2,-123.18,-123.18,0,0,
08/27/2026,06:22:41:694,0.000000,0.000000,4,-66.34,-66.34,0,0,
08/27/2026,06:22:41:799,0.000000,0.000000,3,-122.18,-122.18,0,0,
08/27/2026,06:22:41:870,0.000000,0.000000,1,-117.13,-117.13,0,0,
08/27/2026,06:22:41:887,0.000000,0.000000,2,-122.16,-122.16,0,0,
08/27/2026,06:22:41:956,0.000000,0.000000,4,-62.43,-62.43,0,0,
08/27/2026,06:22:42:065,0.000000,0.000000,3,-123.86,-123.86,0,0,
08/27/2026,06:22:42:140,0.000000,0.000000,1,-116.62,-116.62,0,0,
08/27/2026,06:22:42:149,0.000000,0.000000,2,-124.7,-124.7,0,0,
08/27/2026,06:22:42:253,0.000000,0.000000,4,-64.36,-64.36,0,0,
08/27/2026,06:22:42:323,0.000000,0.000000,3,-123.21,-123.21,0,0,
08/27/2026,06:22:42:414,0.000000,0.000000,1,-118.4,-118.4,0,0,
08/27/2026,06:22:42:419,0.000000,0.000000,2,-123.61,-123.61,0,0,
08/27/2026,06:22:42:492,0.000000,0.000000,4,-72.88,-72.88,0,0,
08/27/2026,06:22:42:589,0.000000,0.000000,3,-123.84,-123.84,0,0,
08/27/2026,06:22:42:662,0.000000,0.000000,1,-118.1,-118.1,0,0,
08/27/2026,06:22:42:668,0.000000,0.000000,2,-121.87,-121.87,0,0,
08/27/2026,06:22:42:739,0.000000,0.000000,4,-79.33,-79.33,0,0,
08/27/2026,06:22:42:851,0.000000,0.000000,3,-123.87,-123.87,0,0,
08/27/2026,06:22:42:918,0.000000,0.000000,1,-117.83,-117.83,0,0,
08/27/2026,06:22:42:930,0.000000,0.000000,2,-122.14,-122.14,0,0,
08/27/2026,06:22:43:000,0.000000,0.000000,4,-64.07,-64.07,0,0,
08/27/2026,06:22:43:113,0.000000,0.000000,3,-121.33,-121.33,0,0,
08/27/2026,06:22:43:180,0.000000,0.000000,1,-119.63,-119.63,0,0,
08/27/2026,06:22:43:194,0.000000,0.000000,2,-122.41,-122.41,0,0,
08/27/2026,06:22:43:262,0.000000,0.000000,4,-65.33,-65.33,0,0,
08/27/2026,06:22:43:367,0.000000,0.000000,3,-124,-124,0,0,
08/27/2026,06:22:43:440,0.000000,0.000000,1,-118.38,-118.38,0,0,
08/27/2026,06:22:43:454,0.000000,0.000000,2,-125.2,-125.2,0,0,
08/27/2026,06:22:43:528,0.000000,0.000000,4,-76.95,-76.95,0,0,
08/27/2026,06:22:43:638,0.000000,0.000000,3,-125.84,-125.84,0,0,
08/27/2026,06:22:43:734,0.000000,0.000000,1,-118.99,-118.99,0,0,
08/27/2026,06:22:43:735,0.000000,0.000000,2,-123.78,-123.78,0,0,
08/27/2026,06:22:43:793,0.000000,0.000000,4,-70.03,-70.03,0,0,
08/27/2026,06:22:43:892,0.000000,0.000000,3,-122.85,-122.85,0,0,
08/27/2026,06:22:43:961,0.000000,0.000000,1,-117.86,-117.86,0,0,
08/27/2026,06:22:43:985,0.000000,0.000000,2,-123.63,-123.63,0,0,
08/27/2026,06:22:44:054,0.000000,0.000000,4,-62.33,-62.33,0,0,
08/27/2026,06:22:44:152,0.000000,0.000000,3,-122.62,-122.62,0,0,
08/27/2026,06:22:44:221,0.000000,0.000000,1,-117.52,-117.52,0,0,
08/27/2026,06:22:44:242,0.000000,0.000000,2,-125.76,-125.76,0,0,
08/27/2026,06:22:44:311,0.000000,0.000000,4,-65.8,-65.8,0,0,
08/27/2026,06:22:44:427,0.000000,0.000000,3,-123.47,-123.47,0,0,
08/27/2026,06:22:44:501,0.000000,0.000000,1,-117.48,-117.48,0,0,
08/27/2026,06:22:44:503,0.000000,0.000000,2,-124.2,-124.2,0,0,
08/27/2026,06:22:44:603,0.000000,0.000000,4,-64.98,-64.98,0,0,
08/27/2026,06:22:44:679,0.000000,0.000000,3,-125.25,-125.25,0,0,
08/27/2026,06:22:44:761,0.000000,0.000000,1,-116.79,-116.79,0,0,
08/27/2026,06:22:44:811,0.000000,0.000000,2,-123.12,-123.12,0,0,
08/27/2026,06:22:44:832,0.000000,0.000000,4,-70.39,-70.39,0,0,
08/27/2026,06:22:44:954,0.000000,0.000000,3,-121.86,-121.86,0,0,
08/27/2026,06:22:45:009,0.000000,0.000000,1,-116.03,-116.03,0,0,
08/27/2026,06:22:45:031,0.000000,0.000000,2,-124.79,-124.79,0,0,
08/27/2026,06:22:45:094,0.000000,0.000000,4,-69.46,-69.46,0,0,
08/27/2026,06:22:45:201,0.000000,0.000000,3,-123.86,-123.86,0,0,
08/27/2026,06:22:45:270,0.000000,0.000000,1,-118.32,-118.32,0,0,
08/27/2026,06:22:45:303,0.000000,0.000000,2,-123.2,-123.2,0,0,
08/27/2026,06:22:45:379,0.000000,0.000000,4,-69.14,-69.14,0,0,
08/27/2026,06:22:45:465,0.000000,0.000000,3,-126.84,-126.84,0,0,
08/27/2026,06:22:45:535,0.000000,0.000000,1,-116.4,-116.4,0,0,
08/27/2026,06:22:45:549,0.000000,0.000000,2,-126.34,-126.34,0,0,
08/27/2026,06:22:45:729,0.000000,0.000000,4,-68.09,-68.09,0,0,
08/27/2026,06:22:45:753,0.000000,0.000000,3,-124.6,-124.6,0,0,
08/27/2026,06:22:45:808,0.000000,0.000000,1,-118.18,-118.18,0,0,
08/27/2026,06:22:45:811,0.000000,0.000000,2,-122.24,-122.24,0,0,
08/27/2026,06:22:45:884,0.000000,0.000000,4,-71.82,-71.82,0,0,
08/27/2026,06:22:45:991,0.000000,0.000000,3,-124.26,-124.26,0,0,
08/27/2026,06:22:46:085,0.000000,0.000000,1,-117.64,-117.64,0,0,
08/27/2026,06:22:46:087,0.000000,0.000000,2,-124.99,-124.99,0,0,
08/27/2026,06:22:46:150,0.000000,0.000000,4,-69.35,-69.35,0,0,
08/27/2026,06:22:46:246,0.000000,0.000000,3,-124.71,-124.71,0,0,
08/27/2026,06:22:46:331,0.000000,0.000000,1,-118.61,-118.61,0,0,
08/27/2026,06:22:46:335,0.000000,0.000000,2,-123.27,-123.27,0,0,
08/27/2026,06:22:46:414,0.000000,0.000000,4,-68.01,-68.01,0,0,
08/27/2026,06:22:46:531,0.000000,0.000000,3,-125.33,-125.33,0,0,
08/27/2026,06:22:46:577,0.000000,0.000000,1,-117.48,-117.48,0,0,
08/27/2026,06:22:46:612,0.000000,0.000000,2,-123.84,-123.84,0,0,
08/27/2026,06:22:46:665,0.000000,0.000000,4,-63.76,-63.76,0,0,
08/27/2026,06:22:46:771,0.000000,0.000000,3,-125.59,-125.59,0,0,
08/27/2026,06:22:46:842,0.000000,0.000000,1,-118.39,-118.39,0,0,
08/27/2026,06:22:46:857,0.000000,0.000000,2,-124.65,-124.65,0,0,
08/27/2026,06:22:46:926,0.000000,0.000000,4,-79.62,-79.62,0,0,
08/27/2026,06:22:47:040,0.000000,0.000000,3,-123.91,-123.91,0,0,
08/27/2026,06:22:47:109,0.000000,0.000000,1,-118.04,-118.04,0,0,
08/27/2026,06:22:47:121,0.000000,0.000000,2,-123.99,-123.99,0,0,
08/27/2026,06:22:47:190,0.000000,0.000000,4,-66.19,-66.19,0,0,
08/27/2026,06:22:47:300,0.000000,0.000000,3,-121.12,-121.12,0,0,
08/27/2026,06:22:47:366,0.000000,0.000000,1,-118.18,-118.18,0,0,
08/27/2026,06:22:47:381,0.000000,0.000000,2,-123.3,-123.3,0,0,
08/27/2026,06:22:47:450,0.000000,0.000000,4,-67.14,-67.14,0,0,
08/27/2026,06:22:47:562,0.000000,0.000000,3,-123.9,-123.9,0,0,
08/27/2026,06:22:47:634,0.000000,0.000000,1,-117.48,-117.48,0,0,
08/27/2026,06:22:47:641,0.000000,0.000000,2,-124.18,-124.18,0,0,
08/27/2026,06:22:47:716,0.000000,0.000000,4,-63.93,-63.93,0,0,
08/27/2026,06:22:47:823,0.000000,0.000000,3,-123.72,-123.72,0,0,
08/27/2026,06:22:47:895,0.000000,0.000000,1,-118.81,-118.81,0,0,
08/27/2026,06:22:47:907,0.000000,0.000000,2,-125,-125,0,0,
08/27/2026,06:22:47:981,0.000000,0.000000,4,-73.08,-73.08,0,0,
08/27/2026,06:22:48:081,0.000000,0.000000,3,-124.59,-124.59,0,0,
08/27/2026,06:22:48:152,0.000000,0.000000,1,-117.51,-117.51,0,0,
08/27/2026,06:22:48:191,0.000000,0.000000,2,-124.03,-124.03,0,0,
08/27/2026,06:22:48:237,0.000000,0.000000,4,-65.46,-65.46,0,0,
08/27/2026,06:22:48:357,0.000000,0.000000,3,-122.68,-122.68,0,0,
08/27/2026,06:22:48:411,0.000000,0.000000,1,-117.61,-117.61,0,0,
08/27/2026,06:22:48:442,0.000000,0.000000,2,-122.97,-122.97,0,0,
08/27/2026,06:22:48:504,0.000000,0.000000,4,-65.41,-65.41,0,0,
08/27/2026,06:22:48:610,0.000000,0.000000,3,-123.06,-123.06,0,0,
08/27/2026,06:22:48:673,0.000000,0.000000,1,-119.55,-119.55,0,0,
08/27/2026,06:22:48:693,0.000000,0.000000,2,-123.81,-123.81,0,0,
08/27/2026,06:22:48:766,0.000000,0.000000,4,-69.58,-69.58,0,0,
08/27/2026,06:22:48:865,0.000000,0.000000,3,-125.51,-125.51,0,0,
08/27/2026,06:22:48:951,0.000000,0.000000,1,-118.83,-118.83,0,0,
08/27/2026,06:22:48:955,0.000000,0.000000,2,-125.08,-125.08,0,0,
08/27/2026,06:22:49:026,0.000000,0.000000,4,-62.87,-62.87,0,0,
08/27/2026,06:22:49:128,0.000000,0.000000,3,-125.07,-125.07,0,0,
08/27/2026,06:22:49:203,0.000000,0.000000,1,-119.02,-119.02,0,0,
08/27/2026,06:22:49:219,0.000000,0.000000,2,-125.88,-125.88,0,0,
08/27/2026,06:22:49:289,0.000000,0.000000,4,-70.72,-70.72,0,0,
08/27/2026,06:22:49:406,0.000000,0.000000,3,-124.13,-124.13,0,0,
08/27/2026,06:22:49:459,0.000000,0.000000,1,-118.09,-118.09,0,0,
08/27/2026,06:22:49:479,0.000000,0.000000,2,-125.7,-125.7,0,0,
08/27/2026,06:22:49:545,0.000000,0.000000,4,-84.03,-84.03,0,0,
08/27/2026,06:22:49:654,0.000000,0.000000,3,-123.06,-123.06,0,0,
08/27/2026,06:22:49:720,0.000000,0.000000,1,-118.37,-118.37,0,0,
08/27/2026,06:22:49:739,0.000000,0.000000,2,-123.01,-123.01,0,0,
08/27/2026,06:22:49:808,0.000000,0.000000,4,-63.42,-63.42,0,0,
08/27/2026,06:22:49:937,0.000000,0.000000,3,-125.01,-125.01,0,0,
08/27/2026,06:22:49:982,0.000000,0.000000,1,-119.74,-119.74,0,0,
08/27/2026,06:22:50:016,0.000000,0.000000,2,-125.84,-125.84,0,0,
08/27/2026,06:22:50:102,0.000000,0.000000,4,-69.97,-69.97,0,0,
08/27/2026,06:22:50:190,0.000000,0.000000,3,-126.33,-126.33,0,0,
08/27/2026,06:22:50:245,0.000000,0.000000,1,-118.23,-118.23,0,0,
08/27/2026,06:22:50:268,0.000000,0.000000,2,-123.84,-123.84,0,0,
08/27/2026,06:22:50:334,0.000000,0.000000,4,-66.1,-66.1,0,0,
08/27/2026,06:22:50:440,0.000000,0.000000,3,-123.32,-123.32,0,0,
08/27/2026,06:22:50:508,0.000000,0.000000,1,-117.51,-117.51,0,0,
08/27/2026,06:22:50:523,0.000000,0.000000,2,-124.46,-124.46,0,0,
08/27/2026,06:22:50:596,0.000000,0.000000,4,-61.38,-61.38,0,0,
08/27/2026,06:22:50:706,0.000000,0.000000,3,-122.76,-122.76,0,0,
08/27/2026,06:22:50:871,0.000000,0.000000,1,-117.48,-117.48,0,0,
08/27/2026,06:22:50:873,0.000000,0.000000,2,-123.11,-123.11,0,0,
08/27/2026,06:22:50:885,0.000000,0.000000,4,-74.46,-74.46,0,0,
08/27/2026,06:22:50:959,0.000000,0.000000,3,-121.06,-121.06,0,0,
08/27/2026,06:22:51:032,0.000000,0.000000,1,-118.7,-118.7,0,0,
08/27/2026,06:22:51:048,0.000000,0.000000,2,-125.92,-125.92,0,0,
08/27/2026,06:22:51:119,0.000000,0.000000,4,-74.86,-74.86,0,0,
08/27/2026,06:22:51:225,0.000000,0.000000,3,-122.72,-122.72,0,0,
08/27/2026,06:22:51:298,0.000000,0.000000,1,-118.89,-118.89,0,0,
08/27/2026,06:22:51:308,0.000000,0.000000,2,-124.56,-124.56,0,0,
08/27/2026,06:22:51:378,0.000000,0.000000,4,-67.13,-67.13,0,0,
08/27/2026,06:22:51:483,0.000000,0.000000,3,-123.49,-123.49,0,0,
08/27/2026,06:22:51:557,0.000000,0.000000,1,-116.69,-116.69,0,0,
08/27/2026,06:22:51:578,0.000000,0.000000,2,-124.17,-124.17,0,0,
08/27/2026,06:22:51:643,0.000000,0.000000,4,-65.5,-65.5,0,0,
08/27/2026,06:22:51:746,0.000000,0.000000,3,-124.74,-124.74,0,0,
08/27/2026,06:22:51:832,0.000000,0.000000,1,-118.69,-118.69,0,0,
08/27/2026,06:22:51:838,0.000000,0.000000,2,-124.43,-124.43,0,0,
08/27/2026,06:22:51:918,0.000000,0.000000,4,-75.12,-75.12,0,0,
08/27/2026,06:22:52:036,0.000000,0.000000,3,-124.06,-124.06,0,0,
08/27/2026,06:22:52:084,0.000000,0.000000,1,-118.03,-118.03,0,0,
08/27/2026,06:22:52:097,0.000000,0.000000,2,-125.32,-125.32,0,0,
08/27/2026,06:22:52:169,0.000000,0.000000,4,-61.88,-61.88,0,0,
08/27/2026,06:22:52:269,0.000000,0.000000,3,-125.06,-125.06,0,0,
08/27/2026,06:22:52:342,0.000000,0.000000,1,-116.8,-116.8,0,0,
08/27/2026,06:22:52:362,0.000000,0.000000,2,-123.83,-123.83,0,0,
08/27/2026,06:22:52:437,0.000000,0.000000,4,-66.41,-66.41,0,0,
08/27/2026,06:22:52:533,0.000000,0.000000,3,-123.68,-123.68,0,0,
08/27/2026,06:22:52:608,0.000000,0.000000,1,-117.33,-117.33,0,0,
08/27/2026,06:22:52:617,0.000000,0.000000,2,-124.06,-124.06,0,0,
08/27/2026,06:22:52:708,0.000000,0.000000,4,-66.18,-66.18,0,0,
08/27/2026,06:22:52:795,0.000000,0.000000,3,-124.4,-124.4,0,0,
08/27/2026,06:22:52:864,0.000000,0.000000,1,-118.29,-118.29,0,0,
08/27/2026,06:22:52:879,0.000000,0.000000,2,-122.91,-122.91,0,0,
08/27/2026,06:22:52:952,0.000000,0.000000,4,-71.78,-71.78,0,0,
08/27/2026,06:22:53:058,0.000000,0.000000,3,-124.21,-124.21,0,0,
08/27/2026,06:22:53:124,0.000000,0.000000,1,-116.41,-116.41,0,0,
08/27/2026,06:22:53:141,0.000000,0.000000,2,-122.7,-122.7,0,0,
08/27/2026,06:22:53:209,0.000000,0.000000,4,-66.96,-66.96,0,0,
08/27/2026,06:22:53:322,0.000000,0.000000,3,-125.04,-125.04,0,0,
08/27/2026,06:22:53:385,0.000000,0.000000,1,-118.35,-118.35,0,0,
08/27/2026,06:22:53:412,0.000000,0.000000,2,-122.51,-122.51,0,0,
08/27/2026,06:22:53:481,0.000000,0.000000,4,-74.25,-74.25,0,0,
08/27/2026,06:22:53:583,0.000000,0.000000,3,-124.01,-124.01,0,0,
08/27/2026,06:22:53:692,0.000000,0.000000,1,-119.6,-119.6,0,0,
08/27/2026,06:22:53:696,0.000000,0.000000,2,-120.77,-120.77,0,0,
08/27/2026,06:22:53:747,0.000000,0.000000,4,-71.39,-71.39,0,0,
08/27/2026,06:22:53:839,0.000000,0.000000,3,-124.52,-124.52,0,0,
08/27/2026,06:22:53:929,0.000000,0.000000,1,-117.84,-117.84,0,0,
08/27/2026,06:22:53:965,0.000000,0.000000,2,-123.39,-123.39,0,0,
08/27/2026,06:22:54:011,0.000000,0.000000,4,-71.4,-71.4,0,0,
08/27/2026,06:22:54:111,0.000000,0.000000,3,-122.97,-122.97,0,0,
08/27/2026,06:22:54:180,0.000000,0.000000,1,-119.55,-119.55,0,0,
08/27/2026,06:22:54:188,0.000000,0.000000,2,-125.45,-125.45,0,0,
08/27/2026,06:22:54:263,0.000000,0.000000,4,-65.87,-65.87,0,0,
08/27/2026,06:22:54:366,0.000000,0.000000,3,-121.09,-121.09,0,0,
08/27/2026,06:22:54:431,0.000000,0.000000,1,-118.19,-118.19,0,0,
08/27/2026,06:22:54:454,0.000000,0.000000,2,-122.3,-122.3,0,0,
08/27/2026,06:22:54:524,0.000000,0.000000,4,-66.96,-66.96,0,0,
08/27/2026,06:22:54:628,0.000000,0.000000,3,-122,-122,0,0,
08/27/2026,06:22:54:697,0.000000,0.000000,1,-117.87,-117.87,0,0,
08/27/2026,06:22:54:714,0.000000,0.000000,2,-121.7,-121.7,0,0,
08/27/2026,06:22:54:786,0.000000,0.000000,4,-77.19,-77.19,0,0,
08/27/2026,06:22:54:898,0.000000,0.000000,3,-119.62,-119.62,0,0,
08/27/2026,06:22:54:964,0.000000,0.000000,1,-118.19,-118.19,0,0,
08/27/2026,06:22:54:976,0.000000,0.000000,2,-123.07,-123.07,0,0,
08/27/2026,06:22:55:048,0.000000,0.000000,4,-74.4,-74.4,0,0,
08/27/2026,06:22:55:150,0.000000,0.000000,3,-123.72,-123.72,0,0,
08/27/2026,06:22:55:222,0.000000,0.000000,1,-119.72,-119.72,0,0,
08/27/2026,06:22:55:242,0.000000,0.000000,2,-123.18,-123.18,0,0,
08/27/2026,06:22:55:305,0.000000,0.000000,4,-76.64,-76.64,0,0,
08/27/2026,06:22:55:417,0.000000,0.000000,3,-124.67,-124.67,0,0,
08/27/2026,06:22:55:485,0.000000,0.000000,1,-118.43,-118.43,0,0,
08/27/2026,06:22:55:523,0.000000,0.000000,2,-122.44,-122.44,0,0,
08/27/2026,06:22:55:572,0.000000,0.000000,4,-74.46,-74.46,0,0,
08/27/2026,06:22:55:674,0.000000,0.000000,3,-124.7,-124.7,0,0,
08/27/2026,06:22:55:752,0.000000,0.000000,1,-117.2,-117.2,0,0,
08/27/2026,06:22:55:760,0.000000,0.000000,2,-121.97,-121.97,0,0,
08/27/2026,06:22:55:833,0.000000,0.000000,4,-66.15,-66.15,0,0,
08/27/2026,06:22:56:019,0.000000,0.000000,3,-124.66,-124.66,0,0,
08/27/2026,06:22:56:034,0.000000,0.000000,1,-117.43,-117.43,0,0,
08/27/2026,06:22:56:038,0.000000,0.000000,2,-122.95,-122.95,0,0,
08/27/2026,06:22:56:096,0.000000,0.000000,4,-78.07,-78.07,0,0,
08/27/2026,06:22:56:203,0.000000,0.000000,3,-124.26,-124.26,0,0,
08/27/2026,06:22:56:264,0.000000,0.000000,1,-118.21,-118.21,0,0,
08/27/2026,06:22:56:290,0.000000,0.000000,2,-124.32,-124.32,0,0,
08/27/2026,06:22:56:353,0.000000,0.000000,4,-73.63,-73.63,0,0,
08/27/2026,06:22:56:465,0.000000,0.000000,3,-124.2,-124.2,0,0,
08/27/2026,06:22:56:527,0.000000,0.000000,1,-118.76,-118.76,0,0,
08/27/2026,06:22:56:550,0.000000,0.000000,2,-123.92,-123.92,0,0,
08/27/2026,06:22:56:616,0.000000,0.000000,4,-75.97,-75.97,0,0,
08/27/2026,06:22:56:746,0.000000,0.000000,3,-121.92,-121.92,0,0,
08/27/2026,06:22:56:802,0.000000,0.000000,1,-119.4,-119.4,0,0,
08/27/2026,06:22:56:805,0.000000,0.000000,2,-125.25,-125.25,0,0,
08/27/2026,06:22:56:881,0.000000,0.000000,4,-64.99,-64.99,0,0,
08/27/2026,06:22:56:995,0.000000,0.000000,3,-123.91,-123.91,0,0,
08/27/2026,06:22:57:051,0.000000,0.000000,1,-119.73,-119.73,0,0,
08/27/2026,06:22:57:102,0.000000,0.000000,2,-123.39,-123.39,0,0,
08/27/2026,06:22:57:252,0.000000,0.000000,4,-68.78,-68.78,0,0,
08/27/2026,06:22:57:308,0.000000,0.000000,3,-123.22,-123.22,0,0,
08/27/2026,06:22:57:344,0.000000,0.000000,1,-120.52,-120.52,0,0,
08/27/2026,06:22:57:348,0.000000,0.000000,2,-123.75,-123.75,0,0,
08/27/2026,06:22:57:431,0.000000,0.000000,4,-70.63,-70.63,0,0,
08/27/2026,06:22:57:509,0.000000,0.000000,3,-124.71,-124.71,0,0,
08/27/2026,06:22:57:576,0.000000,0.000000,1,-119.54,-119.54,0,0,
08/27/2026,06:22:57:592,0.000000,0.000000,2,-124.9,-124.9,0,0,
08/27/2026,06:22:57:664,0.000000,0.000000,4,-67.25,-67.25,0,0,
08/27/2026,06:22:57:769,0.000000,0.000000,3,-125.92,-125.92,0,0,
08/27/2026,06:22:57:836,0.000000,0.000000,1,-118.66,-118.66,0,0,
08/27/2026,06:22:57:859,0.000000,0.000000,2,-124.1,-124.1,0,0,
08/27/2026,06:22:57:930,0.000000,0.000000,4,-71.18,-71.18,0,0,
08/27/2026,06:22:58:041,0.000000,0.000000,3,-125.5,-125.5,0,0,
08/27/2026,06:22:58:102,0.000000,0.000000,1,-119.39,-119.39,0,0,
08/27/2026,06:22:58:121,0.000000,0.000000,2,-127.04,-127.04,0,0,
08/27/2026,06:22:58:187,0.000000,0.000000,4,-74.95,-74.95,0,0,
08/27/2026,06:22:58:290,0.000000,0.000000,3,-121.32,-121.32,0,0,
08/27/2026,06:22:58:359,0.000000,0.000000,1,-122.83,-122.83,0,0,
08/27/2026,06:22:58:379,0.000000,0.000000,2,-125.03,-125.03,0,0,
08/27/2026,06:22:58:451,0.000000,0.000000,4,-67.5,-67.5,0,0,
08/27/2026,06:22:58:555,0.000000,0.000000,3,-123.59,-123.59,0,0,
08/27/2026,06:22:58:628,0.000000,0.000000,1,-120.52,-120.52,0,0,
08/27/2026,06:22:58:642,0.000000,0.000000,2,-124.27,-124.27,0,0,
08/27/2026,06:22:58:714,0.000000,0.000000,4,-72.48,-72.48,0,0,
08/27/2026,06:22:58:815,0.000000,0.000000,3,-124.89,-124.89,0,0,
08/27/2026,06:22:58:886,0.000000,0.000000,1,-119.63,-119.63,0,0,
08/27/2026,06:22:58:908,0.000000,0.000000,2,-126,-126,0,0,
08/27/2026,06:22:58:974,0.000000,0.000000,4,-74.8,-74.8,0,0,
08/27/2026,06:22:59:095,0.000000,0.000000,3,-122.29,-122.29,0,0,
08/27/2026,06:22:59:148,0.000000,0.000000,1,-117.98,-117.98,0,0,
08/27/2026,06:22:59:166,0.000000,0.000000,2,-126.75,-126.75,0,0,
08/27/2026,06:22:59:234,0.000000,0.000000,4,-78.35,-78.35,0,0,
08/27/2026,06:22:59:375,0.000000,0.000000,3,-124.4,-124.4,0,0,
08/27/2026,06:22:59:421,0.000000,0.000000,1,-120.28,-120.28,0,0,
08/27/2026,06:22:59:426,0.000000,0.000000,2,-126.05,-126.05,0,0,
08/27/2026,06:22:59:501,0.000000,0.000000,4,-71.71,-71.71,0,0,
08/27/2026,06:22:59:618,0.000000,0.000000,3,-123.86,-123.86,0,0,
08/27/2026,06:22:59:674,0.000000,0.000000,1,-118.97,-118.97,0,0,
08/27/2026,06:22:59:689,0.000000,0.000000,2,-124.38,-124.38,0,0,
08/27/2026,06:22:59:756,0.000000,0.000000,4,-63.94,-63.94,0,0,
08/27/2026,06:22:59:864,0.000000,0.000000,3,-125.02,-125.02,0,0,
08/27/2026,06:22:59:933,0.000000,0.000000,1,-119.4,-119.4,0,0,
08/27/2026,06:22:59:957,0.000000,0.000000,2,-125.11,-125.11,0,0,
08/27/2026,06:23:00:019,0.000000,0.000000,4,-66.27,-66.27,0,0,
08/27/2026,06:23:00:126,0.000000,0.000000,3,-123.87,-123.87,0,0,
08/27/2026,06:23:00:192,0.000000,0.000000,1,-121.22,-121.22,0,0,
08/27/2026,06:23:00:212,0.000000,0.000000,2,-125.29,-125.29,0,0,
08/27/2026,06:23:00:282,0.000000,0.000000,4,-69.34,-69.34,0,0,
08/27/2026,06:23:00:386,0.000000,0.000000,3,-123.64,-123.64,0,0,
08/27/2026,06:23:00:458,0.000000,0.000000,1,-119.23,-119.23,0,0,
08/27/2026,06:23:00:471,0.000000,0.000000,2,-123.66,-123.66,0,0,
08/27/2026,06:23:00:545,0.000000,0.000000,4,-68.21,-68.21,0,0,
08/27/2026,06:23:00:645,0.000000,0.000000,3,-125.18,-125.18,0,0,
08/27/2026,06:23:00:729,0.000000,0.000000,1,-119.19,-119.19,0,0,
08/27/2026,06:23:00:734,0.000000,0.000000,2,-122.75,-122.75,0,0,
08/27/2026,06:23:00:807,0.000000,0.000000,4,-63.34,-63.34,0,0,
08/27/2026,06:23:00:915,0.000000,0.000000,3,-124.66,-124.66,0,0,
08/27/2026,06:23:00:993,0.000000,0.000000,1,-118.96,-118.96,0,0,
08/27/2026,06:23:00:997,0.000000,0.000000,2,-123.77,-123.77,0,0,
08/27/2026,06:23:01:157,0.000000,0.000000,4,-80.11,-80.11,0,0,
08/27/2026,06:23:01:192,0.000000,0.000000,3,-124.7,-124.7,0,0,
08/27/2026,06:23:01:240,0.000000,0.000000,1,-119.05,-119.05,0,0,
08/27/2026,06:23:01:259,0.000000,0.000000,2,-124.9,-124.9,0,0,
08/27/2026,06:23:01:330,0.000000,0.000000,4,-64.17,-64.17,0,0,
08/27/2026,06:23:01:449,0.000000,0.000000,3,-123.83,-123.83,0,0,
08/27/2026,06:23:01:501,0.000000,0.000000,1,-120.4,-120.4,0,0,
08/27/2026,06:23:01:520,0.000000,0.000000,2,-125.02,-125.02,0,0,
08/27/2026,06:23:01:592,0.000000,0.000000,4,-76.99,-76.99,0,0,
08/27/2026,06:23:01:699,0.000000,0.000000,3,-123.6,-123.6,0,0,
08/27/2026,06:23:01:772,0.000000,0.000000,1,-121.11,-121.11,0,0,
08/27/2026,06:23:01:783,0.000000,0.000000,2,-126.35,-126.35,0,0,
08/27/2026,06:23:01:853,0.000000,0.000000,4,-70.37,-70.37,0,0,
08/27/2026,06:23:01:957,0.000000,0.000000,3,-124.26,-124.26,0,0,
08/27/2026,06:23:02:033,0.000000,0.000000,1,-118.55,-118.55,0,0,
08/27/2026,06:23:02:041,0.000000,0.000000,2,-124.62,-124.62,0,0,
08/27/2026,06:23:02:124,0.000000,0.000000,4,-66.85,-66.85,0,0,
08/27/2026,06:23:02:226,0.000000,0.000000,3,-125.99,-125.99,0,0,
08/27/2026,06:23:02:295,0.000000,0.000000,1,-119.79,-119.79,0,0,
08/27/2026,06:23:02:304,0.000000,0.000000,2,-125.93,-125.93,0,0,
08/27/2026,06:23:02:379,0.000000,0.000000,4,-76.12,-76.12,0,0,
08/27/2026,06:23:02:504,0.000000,0.000000,3,-124.32,-124.32,0,0,
08/27/2026,06:23:02:549,0.000000,0.000000,1,-121.15,-121.15,0,0,
08/27/2026,06:23:02:566,0.000000,0.000000,2,-125.06,-125.06,0,0,
08/27/2026,06:23:02:635,0.000000,0.000000,4,-74.63,-74.63,0,0,
08/27/2026,06:23:02:742,0.000000,0.000000,3,-123.48,-123.48,0,0,
08/27/2026,06:23:02:812,0.000000,0.000000,1,-118.02,-118.02,0,0,
08/27/2026,06:23:02:840,0.000000,0.000000,2,-124.24,-124.24,0,0,
08/27/2026,06:23:02:899,0.000000,0.000000,4,-68.55,-68.55,0,0,
08/27/2026,06:23:03:021,0.000000,0.000000,3,-124.87,-124.87,0,0,
08/27/2026,06:23:03:105,0.000000,0.000000,1,-121.14,-121.14,0,0,
08/27/2026,06:23:03:106,0.000000,0.000000,2,-123.46,-123.46,0,0,
08/27/2026,06:23:03:182,0.000000,0.000000,4,-74.7,-74.7,0,0,
08/27/2026,06:23:03:277,0.000000,0.000000,3,-123.75,-123.75,0,0,
08/27/2026,06:23:03:338,0.000000,0.000000,1,-119.46,-119.46,0,0,
08/27/2026,06:23:03:357,0.000000,0.000000,2,-124.75,-124.75,0,0,
08/27/2026,06:23:03:427,0.000000,0.000000,4,-65.7,-65.7,0,0,
08/27/2026,06:23:03:526,0.000000,0.000000,3,-122.57,-122.57,0,0,
08/27/2026,06:23:03:601,0.000000,0.000000,1,-117.69,-117.69,0,0,
08/27/2026,06:23:03:613,0.000000,0.000000,2,-122.52,-122.52,0,0,
08/27/2026,06:23:03:688,0.000000,0.000000,4,-80.38,-80.38,0,0,
08/27/2026,06:23:03:790,0.000000,0.000000,3,-124.52,-124.52,0,0,
08/27/2026,06:23:03:857,0.000000,0.000000,1,-119.01,-119.01,0,0,
08/27/2026,06:23:03:880,0.000000,0.000000,2,-123.63,-123.63,0,0,
08/27/2026,06:23:03:951,0.000000,0.000000,4,-80,-80,0,0,
08/27/2026,06:23:04:054,0.000000,0.000000,3,-125.21,-125.21,0,0,
08/27/2026,06:23:04:121,0.000000,0.000000,1,-119.33,-119.33,0,0,
08/27/2026,06:23:04:137,0.000000,0.000000,2,-124.45,-124.45,0,0,
08/27/2026,06:23:04:219,0.000000,0.000000,4,-61.63,-61.63,0,0,
08/27/2026,06:23:04:311,0.000000,0.000000,3,-123.58,-123.58,0,0,
08/27/2026,06:23:04:392,0.000000,0.000000,1,-118.25,-118.25,0,0,
08/27/2026,06:23:04:402,0.000000,0.000000,2,-123.69,-123.69,0,0,
08/27/2026,06:23:04:477,0.000000,0.000000,4,-66.11,-66.11,0,0,
08/27/2026,06:23:04:589,0.000000,0.000000,3,-124.5,-124.5,0,0,
08/27/2026,06:23:04:644,0.000000,0.000000,1,-119.17,-119.17,0,0,
08/27/2026,06:23:04:691,0.000000,0.000000,2,-123.55,-123.55,0,0,
08/27/2026,06:23:04:735,0.000000,0.000000,4,-70.4,-70.4,0,0,
08/27/2026,06:23:04:847,0.000000,0.000000,3,-123.49,-123.49,0,0,
08/27/2026,06:23:04:929,0.000000,0.000000,1,-118.12,-118.12,0,0,
08/27/2026,06:23:04:931,0.000000,0.000000,2,-124.2,-124.2,0,0,
08/27/2026,06:23:05:017,0.000000,0.000000,4,-68.25,-68.25,0,0,
08/27/2026,06:23:05:102,0.000000,0.000000,3,-122.82,-122.82,0,0,
08/27/2026,06:23:05:167,0.000000,0.000000,1,-118.79,-118.79,0,0,
08/27/2026,06:23:05:191,0.000000,0.000000,2,-124.92,-124.92,0,0,
08/27/2026,06:23:05:285,0.000000,0.000000,4,-72.84,-72.84,0,0,
08/27/2026,06:23:05:362,0.000000,0.000000,3,-122.69,-122.69,0,0,
08/27/2026,06:23:05:442,0.000000,0.000000,1,-119.6,-119.6,0,0,
08/27/2026,06:23:05:450,0.000000,0.000000,2,-122.43,-122.43,0,0,
08/27/2026,06:23:05:520,0.000000,0.000000,4,-66.83,-66.83,0,0,
08/27/2026,06:23:05:623,0.000000,0.000000,3,-123.12,-123.12,0,0,
08/27/2026,06:23:05:693,0.000000,0.000000,1,-120.35,-120.35,0,0,
08/27/2026,06:23:05:707,0.000000,0.000000,2,-125.01,-125.01,0,0,
08/27/2026,06:23:05:780,0.000000,0.000000,4,-70.81,-70.81,0,0,
08/27/2026,06:23:05:885,0.000000,0.000000,3,-126.11,-126.11,0,0,
08/27/2026,06:23:05:955,0.000000,0.000000,1,-119.15,-119.15,0,0,
08/27/2026,06:23:05:969,0.000000,0.000000,2,-122.93,-122.93,0,0,
08/27/2026,06:23:06:040,0.000000,0.000000,4,-68.17,-68.17,0,0,
08/27/2026,06:23:06:149,0.000000,0.000000,3,-121.61,-121.61,0,0,
08/27/2026,06:23:06:305,0.000000,0.000000,1,-119.4,-119.4,0,0,
08/27/2026,06:23:06:310,0.000000,0.000000,2,-123.35,-123.35,0,0,
08/27/2026,06:23:06:323,0.000000,0.000000,4,-73.94,-73.94,0,0,
08/27/2026,06:23:06:419,0.000000,0.000000,3,-124.57,-124.57,0,0,
08/27/2026,06:23:06:520,0.000000,0.000000,1,-120.81,-120.81,0,0,
08/27/2026,06:23:06:522,0.000000,0.000000,2,-125.41,-125.41,0,0,
08/27/2026,06:23:06:571,0.000000,0.000000,4,-75.84,-75.84,0,0,
08/27/2026,06:23:06:681,0.000000,0.000000,3,-123.21,-123.21,0,0,
08/27/2026,06:23:06:762,0.000000,0.000000,1,-118.25,-118.25,0,0,
08/27/2026,06:23:06:766,0.000000,0.000000,2,-124.98,-124.98,0,0,
08/27/2026,06:23:06:841,0.000000,0.000000,4,-66.52,-66.52,0,0,
08/27/2026,06:23:06:932,0.000000,0.000000,3,-122.82,-122.82,0,0,
08/27/2026,06:23:07:004,0.000000,0.000000,1,-118.62,-118.62,0,0,
08/27/2026,06:23:07:031,0.000000,0.000000,2,-124.18,-124.18,0,0,
08/27/2026,06:23:07:105,0.000000,0.000000,4,-66.38,-66.38,0,0,
08/27/2026,06:23:07:190,0.000000,0.000000,3,-125.8,-125.8,0,0,
08/27/2026,06:23:07:267,0.000000,0.000000,1,-118.66,-118.66,0,0,
08/27/2026,06:23:07:282,0.000000,0.000000,2,-122.62,-122.62,0,0,
08/27/2026,06:23:07:353,0.000000,0.000000,4,-69.28,-69.28,0,0,
08/27/2026,06:23:07:457,0.000000,0.000000,3,-123.45,-123.45,0,0,
08/27/2026,06:23:07:523,0.000000,0.000000,1,-119.16,-119.16,0,0,
08/27/2026,06:23:07:544,0.000000,0.000000,2,-123.9,-123.9,0,0,
08/27/2026,06:23:07:609,0.000000,0.000000,4,-73.14,-73.14,0,0,
08/27/2026,06:23:07:715,0.000000,0.000000,3,-126.74,-126.74,0,0,
08/27/2026,06:23:07:793,0.000000,0.000000,1,-117.32,-117.32,0,0,
08/27/2026,06:23:07:805,0.000000,0.000000,2,-125.74,-125.74,0,0,
08/27/2026,06:23:07:872,0.000000,0.000000,4,-70.65,-70.65,0,0,
08/27/2026,06:23:07:992,0.000000,0.000000,3,-123.98,-123.98,0,0,
08/27/2026,06:23:08:051,0.000000,0.000000,1,-118.53,-118.53,0,0,
08/27/2026,06:23:08:064,0.000000,0.000000,2,-123.37,-123.37,0,0,
08/27/2026,06:23:08:143,0.000000,0.000000,4,-74.07,-74.07,0,0,
08/27/2026,06:23:08:245,0.000000,0.000000,3,-124.29,-124.29,0,0,
08/27/2026,06:23:08:310,0.000000,0.000000,1,-118.18,-118.18,0,0,
08/27/2026,06:23:08:328,0.000000,0.000000,2,-124.6,-124.6,0,0,
08/27/2026,06:23:08:400,0.000000,0.000000,4,-63.9,-63.9,0,0,
08/27/2026,06:23:08:510,0.000000,0.000000,3,-125.81,-125.81,0,0,
08/27/2026,06:23:08:586,0.000000,0.000000,1,-119.28,-119.28,0,0,
08/27/2026,06:23:08:590,0.000000,0.000000,2,-123.14,-123.14,0,0,
08/27/2026,06:23:08:675,0.000000,0.000000,4,-66.13,-66.13,0,0,
08/27/2026,06:23:08:765,0.000000,0.000000,3,-121.93,-121.93,0,0,
08/27/2026,06:23:08:840,0.000000,0.000000,1,-119.25,-119.25,0,0,
08/27/2026,06:23:08:853,0.000000,0.000000,2,-122.93,-122.93,0,0,
08/27/2026,06:23:08:927,0.000000,0.000000,4,-64.65,-64.65,0,0,
08/27/2026,06:23:09:024,0.000000,0.000000,3,-123.97,-123.97,0,0,
08/27/2026,06:23:09:095,0.000000,0.000000,1,-120.54,-120.54,0,0,
08/27/2026,06:23:09:122,0.000000,0.000000,2,-124.25,-124.25,0,0,
08/27/2026,06:23:09:179,0.000000,0.000000,4,-64.58,-64.58,0,0,
08/27/2026,06:23:09:286,0.000000,0.000000,3,-123.5,-123.5,0,0,
08/27/2026,06:23:09:355,0.000000,0.000000,1,-119.7,-119.7,0,0,
08/27/2026,06:23:09:376,0.000000,0.000000,2,-124.61,-124.61,0,0,
08/27/2026,06:23:09:442,0.000000,0.000000,4,-70.9,-70.9,0,0,
08/27/2026,06:23:09:552,0.000000,0.000000,3,-124.3,-124.3,0,0,
08/27/2026,06:23:09:617,0.000000,0.000000,1,-120.68,-120.68,0,0,
08/27/2026,06:23:09:637,0.000000,0.000000,2,-125.74,-125.74,0,0,
08/27/2026,06:23:09:703,0.000000,0.000000,4,-63.36,-63.36,0,0,
08/27/2026,06:23:09:814,0.000000,0.000000,3,-124.09,-124.09,0,0,
08/27/2026,06:23:09:879,0.000000,0.000000,1,-122.69,-122.69,0,0,
08/27/2026,06:23:09:901,0.000000,0.000000,2,-123.56,-123.56,0,0,
08/27/2026,06:23:09:970,0.000000,0.000000,4,-70.01,-70.01,0,0,
08/27/2026,06:23:10:075,0.000000,0.000000,3,-123.11,-123.11,0,0,
08/27/2026,06:23:10:141,0.000000,0.000000,1,-119.83,-119.83,0,0,
08/27/2026,06:23:10:158,0.000000,0.000000,2,-122.91,-122.91,0,0,
08/27/2026,06:23:10:234,0.000000,0.000000,4,-65.25,-65.25,0,0,
08/27/2026,06:23:10:332,0.000000,0.000000,3,-122.43,-122.43,0,0,
08/27/2026,06:23:10:419,0.000000,0.000000,1,-117.62,-117.62,0,0,
08/27/2026,06:23:10:422,0.000000,0.000000,2,-124.67,-124.67,0,0,
08/27/2026,06:23:10:500,0.000000,0.000000,4,-67.35,-67.35,0,0,
08/27/2026,06:23:10:603,0.000000,0.000000,3,-124.61,-124.61,0,0,
08/27/2026,06:23:10:668,0.000000,0.000000,1,-119.36,-119.36,0,0,
08/27/2026,06:23:10:684,0.000000,0.000000,2,-125.4,-125.4,0,0,
08/27/2026,06:23:10:757,0.000000,0.000000,4,-76.03,-76.03,0,0,
08/27/2026,06:23:10:859,0.000000,0.000000,3,-125.31,-125.31,0,0,
08/27/2026,06:23:10:927,0.000000,0.000000,1,-120.35,-120.35,0,0,
08/27/2026,06:23:10:950,0.000000,0.000000,2,-122.31,-122.31,0,0,
08/27/2026,06:23:11:012,0.000000,0.000000,4,-75.25,-75.25,0,0,
08/27/2026,06:23:11:123,0.000000,0.000000,3,-124.57,-124.57,0,0,
08/27/2026,06:23:11:192,0.000000,0.000000,1,-118.95,-118.95,0,0,
08/27/2026,06:23:11:207,0.000000,0.000000,2,-125.27,-125.27,0,0,
08/27/2026,06:23:11:274,0.000000,0.000000,4,-65.8,-65.8,0,0,
08/27/2026,06:23:11:448,0.000000,0.000000,3,-122.68,-122.68,0,0,
08/27/2026,06:23:11:462,0.000000,0.000000,1,-118.37,-118.37,0,0,
08/27/2026,06:23:11:466,0.000000,0.000000,2,-124.32,-124.32,0,0,
08/27/2026,06:23:11:536,0.000000,0.000000,4,-70.14,-70.14,0,0,
08/27/2026,06:23:11:643,0.000000,0.000000,3,-121.9,-121.9,0,0,
08/27/2026,06:23:11:714,0.000000,0.000000,1,-119.37,-119.37,0,0,
08/27/2026,06:23:11:728,0.000000,0.000000,2,-124.3,-124.3,0,0,
08/27/2026,06:23:11:802,0.000000,0.000000,4,-62.59,-62.59,0,0,
08/27/2026,06:23:11:908,0.000000,0.000000,3,-123.52,-123.52,0,0,
08/27/2026,06:23:11:974,0.000000,0.000000,1,-117.43,-117.43,0,0,
08/27/2026,06:23:11:990,0.000000,0.000000,2,-124.16,-124.16,0,0,
08/27/2026,06:23:12:064,0.000000,0.000000,4,-61.44,-61.44,0,0,
08/27/2026,06:23:12:175,0.000000,0.000000,3,-124.11,-124.11,0,0,
08/27/2026,06:23:12:239,0.000000,0.000000,1,-119.44,-119.44,0,0,
08/27/2026,06:23:12:258,0.000000,0.000000,2,-124.52,-124.52,0,0,
08/27/2026,06:23:12:334,0.000000,0.000000,4,-70.92,-70.92,0,0,
08/27/2026,06:23:12:452,0.000000,0.000000,3,-123.02,-123.02,0,0,
08/27/2026,06:23:12:498,0.000000,0.000000,1,-119.76,-119.76,0,0,
08/27/2026,06:23:12:528,0.000000,0.000000,2,-125.13,-125.13,0,0,
08/27/2026,06:23:12:590,0.000000,0.000000,4,-69.89,-69.89,0,0,
08/27/2026,06:23:12:693,0.000000,0.000000,3,-121.32,-121.32,0,0,
08/27/2026,06:23:12:768,0.000000,0.000000,1,-119.46,-119.46,0,0,
08/27/2026,06:23:12:780,0.000000,0.000000,2,-124.83,-124.83,0,0,
08/27/2026,06:23:12:855,0.000000,0.000000,4,-66.55,-66.55,0,0,
08/27/2026,06:23:12:971,0.000000,0.000000,3,-122.11,-122.11,0,0,
08/27/2026,06:23:13:024,0.000000,0.000000,1,-119.68,-119.68,0,0,
08/27/2026,06:23:13:040,0.000000,0.000000,2,-125.31,-125.31,0,0,
08/27/2026,06:23:13:110,0.000000,0.000000,4,-71.42,-71.42,0,0,
08/27/2026,06:23:13:216,0.000000,0.000000,3,-123.83,-123.83,0,0,
08/27/2026,06:23:13:287,0.000000,0.000000,1,-118.45,-118.45,0,0,
08/27/2026,06:23:13:302,0.000000,0.000000,2,-124.51,-124.51,0,0,
08/27/2026,06:23:13:376,0.000000,0.000000,4,-69.27,-69.27,0,0,
08/27/2026,06:23:13:478,0.000000,0.000000,3,-123.03,-123.03,0,0,
08/27/2026,06:23:13:552,0.000000,0.000000,1,-121.05,-121.05,0,0,
08/27/2026,06:23:13:566,0.000000,0.000000,2,-123.12,-123.12,0,0,
08/27/2026,06:23:13:635,0.000000,0.000000,4,-66.8,-66.8,0,0,
08/27/2026,06:23:13:744,0.000000,0.000000,3,-124.94,-124.94,0,0,
08/27/2026,06:23:13:811,0.000000,0.000000,1,-118.58,-118.58,0,0,
08/27/2026,06:23:13:825,0.000000,0.000000,2,-124.03,-124.03,0,0,
08/27/2026,06:23:13:900,0.000000,0.000000,4,-62.36,-62.36,0,0,
08/27/2026,06:23:14:011,0.000000,0.000000,3,-121.73,-121.73,0,0,
08/27/2026,06:23:14:083,0.000000,0.000000,1,-119.88,-119.88,0,0,
08/27/2026,06:23:14:089,0.000000,0.000000,2,-125.32,-125.32,0,0,
08/27/2026,06:23:14:169,0.000000,0.000000,4,-61.37,-61.37,0,0,
08/27/2026,06:23:14:283,0.000000,0.000000,3,-122.64,-122.64,0,0,
08/27/2026,06:23:14:336,0.000000,0.000000,1,-118.43,-118.43,0,0,
08/27/2026,06:23:14:353,0.000000,0.000000,2,-125.5,-125.5,0,0,
08/27/2026,06:23:14:418,0.000000,0.000000,4,-64.53,-64.53,0,0,
08/27/2026,06:23:14:528,0.000000,0.000000,3,-123.62,-123.62,0,0,
08/27/2026,06:23:14:612,0.000000,0.000000,1,-118.87,-118.87,0,0,
08/27/2026,06:23:14:618,0.000000,0.000000,2,-126.03,-126.03,0,0,
08/27/2026,06:23:14:682,0.000000,0.000000,4,-64.1,-64.1,0,0,
08/27/2026,06:23:14:790,0.000000,0.000000,3,-126.89,-126.89,0,0,
08/27/2026,06:23:14:857,0.000000,0.000000,1,-118.97,-118.97,0,0,
08/27/2026,06:23:14:878,0.000000,0.000000,2,-123.34,-123.34,0,0,
08/27/2026,06:23:14:946,0.000000,0.000000,4,-67.01,-67.01,0,0,
08/27/2026,06:23:15:050,0.000000,0.000000,3,-125.62,-125.62,0,0,
08/27/2026,06:23:15:130,0.000000,0.000000,1,-118.11,-118.11,0,0,
08/27/2026,06:23:15:133,0.000000,0.000000,2,-124.03,-124.03,0,0,
08/27/2026,06:23:15:204,0.000000,0.000000,4,-72.84,-72.84,0,0,
08/27/2026,06:23:15:309,0.000000,0.000000,3,-124.74,-124.74,0,0,
08/27/2026,06:23:15:378,0.000000,0.000000,1,-121.08,-121.08,0,0,
08/27/2026,06:23:15:397,0.000000,0.000000,2,-126.33,-126.33,0,0,
08/27/2026,06:23:15:471,0.000000,0.000000,4,-83.3,-83.3,0,0,
08/27/2026,06:23:15:576,0.000000,0.000000,3,-122.6,-122.6,0,0,
08/27/2026,06:23:15:639,0.000000,0.000000,1,-119.59,-119.59,0,0,
08/27/2026,06:23:15:662,0.000000,0.000000,2,-125.05,-125.05,0,0,
08/27/2026,06:23:15:734,0.000000,0.000000,4,-77.29,-77.29,0,0,
08/27/2026,06:23:15:836,0.000000,0.000000,3,-126.71,-126.71,0,0,
08/27/2026,06:23:15:902,0.000000,0.000000,1,-120.36,-120.36,0,0,
08/27/2026,06:23:15:938,0.000000,0.000000,2,-123.49,-123.49,0,0,
08/27/2026,06:23:15:987,0.000000,0.000000,4,-67.43,-67.43,0,0,
08/27/2026,06:23:16:114,0.000000,0.000000,3,-123.81,-123.81,0,0,
08/27/2026,06:23:16:193,0.000000,0.000000,1,-118.2,-118.2,0,0,
08/27/2026,06:23:16:195,0.000000,0.000000,2,-123.54,-123.54,0,0,
08/27/2026,06:23:16:277,0.000000,0.000000,4,-68.62,-68.62,0,0,
08/27/2026,06:23:16:362,0.000000,0.000000,3,-124.68,-124.68,0,0,
08/27/2026,06:23:16:430,0.000000,0.000000,1,-119.17,-119.17,0,0,
08/27/2026,06:23:16:454,0.000000,0.000000,2,-123.37,-123.37,0,0,
08/27/2026,06:23:16:588,0.000000,0.000000,4,-65.67,-65.67,0,0,
08/27/2026,06:23:16:620,0.000000,0.000000,3,-123.7,-123.7,0,0,
08/27/2026,06:23:16:691,0.000000,0.000000,1,-118.72,-118.72,0,0,
08/27/2026,06:23:16:714,0.000000,0.000000,2,-123.82,-123.82,0,0,
08/27/2026,06:23:16:775,0.000000,0.000000,4,-82.86,-82.86,0,0,
08/27/2026,06:23:16:885,0.000000,0.000000,3,-122.38,-122.38,0,0,
08/27/2026,06:23:16:949,0.000000,0.000000,1,-118.36,-118.36,0,0,
08/27/2026,06:23:16:971,0.000000,0.000000,2,-124.86,-124.86,0,0,
08/27/2026,06:23:17:043,0.000000,0.000000,4,-67.3,-67.3,0,0,
08/27/2026,06:23:17:146,0.000000,0.000000,3,-124.6,-124.6,0,0,
08/27/2026,06:23:17:211,0.000000,0.000000,1,-119.4,-119.4,0,0,
08/27/2026,06:23:17:231,0.000000,0.000000,2,-124.42,-124.42,0,0,
08/27/2026,06:23:17:303,0.000000,0.000000,4,-67.84,-67.84,0,0,
08/27/2026,06:23:17:418,0.000000,0.000000,3,-124.06,-124.06,0,0,
08/27/2026,06:23:17:473,0.000000,0.000000,1,-117.81,-117.81,0,0,
08/27/2026,06:23:17:499,0.000000,0.000000,2,-123.09,-123.09,0,0,
08/27/2026,06:23:17:567,0.000000,0.000000,4,-77.37,-77.37,0,0,
08/27/2026,06:23:17:694,0.000000,0.000000,3,-124.46,-124.46,0,0,
08/27/2026,06:23:17:738,0.000000,0.000000,1,-117.13,-117.13,0,0,
08/27/2026,06:23:17:778,0.000000,0.000000,2,-123.48,-123.48,0,0,
08/27/2026,06:23:17:849,0.000000,0.000000,4,-66.03,-66.03,0,0,
08/27/2026,06:23:17:937,0.000000,0.000000,3,-123.41,-123.41,0,0,
08/27/2026,06:23:18:009,0.000000,0.000000,1,-119.76,-119.76,0,0,
08/27/2026,06:23:18:014,0.000000,0.000000,2,-123.08,-123.08,0,0,
08/27/2026,06:23:18:086,0.000000,0.000000,4,-68.16,-68.16,0,0,
08/27/2026,06:23:18:193,0.000000,0.000000,3,-122.38,-122.38,0,0,
08/27/2026,06:23:18:257,0.000000,0.000000,1,-120.3,-120.3,0,0,
08/27/2026,06:23:18:281,0.000000,0.000000,2,-122.56,-122.56,0,0,
08/27/2026,06:23:18:347,0.000000,0.000000,4,-64.67,-64.67,0,0,
08/27/2026,06:23:18:452,0.000000,0.000000,3,-122.42,-122.42,0,0,
08/27/2026,06:23:18:522,0.000000,0.000000,1,-119.57,-119.57,0,0,
08/27/2026,06:23:18:542,0.000000,0.000000,2,-124.02,-124.02,0,0,
08/27/2026,06:23:18:605,0.000000,0.000000,4,-64.68,-64.68,0,0,
08/27/2026,06:23:18:714,0.000000,0.000000,3,-124.86,-124.86,0,0,
08/27/2026,06:23:18:785,0.000000,0.000000,1,-118.35,-118.35,0,0,
08/27/2026,06:23:18:801,0.000000,0.000000,2,-124.37,-124.37,0,0,
08/27/2026,06:23:18:872,0.000000,0.000000,4,-57.36,-57.36,0,0,
08/27/2026,06:23:18:976,0.000000,0.000000,3,-122.2,-122.2,0,0,
08/27/2026,06:23:19:051,0.000000,0.000000,1,-118.85,-118.85,0,0,
08/27/2026,06:23:19:060,0.000000,0.000000,2,-122.68,-122.68,0,0,
08/27/2026,06:23:19:130,0.000000,0.000000,4,-55.89,-55.89,0,0,
08/27/2026,06:23:19:240,0.000000,0.000000,3,-123.8,-123.8,0,0,
08/27/2026,06:23:19:312,0.000000,0.000000,1,-119.35,-119.35,0,0,
08/27/2026,06:23:19:322,0.000000,0.000000,2,-123.25,-123.25,0,0,
08/27/2026,06:23:19:397,0.000000,0.000000,4,-53.73,-53.73,0,0,
08/27/2026,06:23:19:500,0.000000,0.000000,3,-122.09,-122.09,0,0,
08/27/2026,06:23:19:568,0.000000,0.000000,1,-120.41,-120.41,0,0,
08/27/2026,06:23:19:591,0.000000,0.000000,2,-124.96,-124.96,0,0,
08/27/2026,06:23:19:666,0.000000,0.000000,4,-64.22,-64.22,0,0,
08/27/2026,06:23:19:764,0.000000,0.000000,3,-121.31,-121.31,0,0,
08/27/2026,06:23:19:841,0.000000,0.000000,1,-118.77,-118.77,0,0,
08/27/2026,06:23:19:846,0.000000,0.000000,2,-121.63,-121.63,0,0,
08/27/2026,06:23:19:928,0.000000,0.000000,4,-56.12,-56.12,0,0,
08/27/2026,06:23:20:022,0.000000,0.000000,3,-125.24,-125.24,0,0,
08/27/2026,06:23:20:093,0.000000,0.000000,1,-120.62,-120.62,0,0,
08/27/2026,06:23:20:112,0.000000,0.000000,2,-124.16,-124.16,0,0,
08/27/2026,06:23:20:180,0.000000,0.000000,4,-65.14,-65.14,0,0,
08/27/2026,06:23:20:287,0.000000,0.000000,3,-123.23,-123.23,0,0,
08/27/2026,06:23:20:364,0.000000,0.000000,1,-120.53,-120.53,0,0,
08/27/2026,06:23:20:368,0.000000,0.000000,2,-125.81,-125.81,0,0,
08/27/2026,06:23:20:445,0.000000,0.000000,4,-68.57,-68.57,0,0,
08/27/2026,06:23:20:544,0.000000,0.000000,3,-123.66,-123.66,0,0,
08/27/2026,06:23:20:617,0.000000,0.000000,1,-119.17,-119.17,0,0,
08/27/2026,06:23:20:634,0.000000,0.000000,2,-124.61,-124.61,0,0,
08/27/2026,06:23:20:704,0.000000,0.000000,4,-74.26,-74.26,0,0,
08/27/2026,06:23:20:813,0.000000,0.000000,3,-123.73,-123.73,0,0,
08/27/2026,06:23:20:874,0.000000,0.000000,1,-119.21,-119.21,0,0,
08/27/2026,06:23:20:895,0.000000,0.000000,2,-124.74,-124.74,0,0,
08/27/2026,06:23:20:964,0.000000,0.000000,4,-72.11,-72.11,0,0,
08/27/2026,06:23:21:069,0.000000,0.000000,3,-123.87,-123.87,0,0,
08/27/2026,06:23:21:138,0.000000,0.000000,1,-118.85,-118.85,0,0,
08/27/2026,06:23:21:156,0.000000,0.000000,2,-124.71,-124.71,0,0,
08/27/2026,06:23:21:229,0.000000,0.000000,4,-66.17,-66.17,0,0,
08/27/2026,06:23:21:339,0.000000,0.000000,3,-122.66,-122.66,0,0,
08/27/2026,06:23:21:400,0.000000,0.000000,1,-118.13,-118.13,0,0,
08/27/2026,06:23:21:424,0.000000,0.000000,2,-124.25,-124.25,0,0,
08/27/2026,06:23:21:490,0.000000,0.000000,4,-70.6,-70.6,0,0,
08/27/2026,06:23:21:602,0.000000,0.000000,3,-124.05,-124.05,0,0,
08/27/2026,06:23:21:762,0.000000,0.000000,1,-119.41,-119.41,0,0,
08/27/2026,06:23:21:808,0.000000,0.000000,2,-123.84,-123.84,0,0,
08/27/2026,06:23:21:866,0.000000,0.000000,4,-65.23,-65.23,0,0,
08/27/2026,06:23:21:893,0.000000,0.000000,3,-124.68,-124.68,0,0,
08/27/2026,06:23:21:937,0.000000,0.000000,1,-118.73,-118.73,0,0,
08/27/2026,06:23:21:942,0.000000,0.000000,2,-123.77,-123.77,0,0,
08/27/2026,06:23:22:014,0.000000,0.000000,4,-65.57,-65.57,0,0,
08/27/2026,06:23:22:144,0.000000,0.000000,3,-125.11,-125.11,0,0,
08/27/2026,06:23:22:189,0.000000,0.000000,1,-119.03,-119.03,0,0,
08/27/2026,06:23:22:205,0.000000,0.000000,2,-125.9,-125.9,0,0,
08/27/2026,06:23:22:271,0.000000,0.000000,4,-61.99,-61.99,0,0,
08/27/2026,06:23:22:400,0.000000,0.000000,3,-122.67,-122.67,0,0,
08/27/2026,06:23:22:445,0.000000,0.000000,1,-120.72,-120.72,0,0,
08/27/2026,06:23:22:468,0.000000,0.000000,2,-125.67,-125.67,0,0,
08/27/2026,06:23:22:542,0.000000,0.000000,4,-72.31,-72.31,0,0,
08/27/2026,06:23:22:646,0.000000,0.000000,3,-123.14,-123.14,0,0,
08/27/2026,06:23:22:716,0.000000,0.000000,1,-120.28,-120.28,0,0,
08/27/2026,06:23:22:728,0.000000,0.000000,2,-125.63,-125.63,0,0,
08/27/2026,06:23:22:800,0.000000,0.000000,4,-73.14,-73.14,0,0,
08/27/2026,06:23:22:911,0.000000,0.000000,3,-122.86,-122.86,0,0,
08/27/2026,06:23:22:972,0.000000,0.000000,1,-119.98,-119.98,0,0,
08/27/2026,06:23:22:999,0.000000,0.000000,2,-123.48,-123.48,0,0,
08/27/2026,06:23:23:060,0.000000,0.000000,4,-62.16,-62.16,0,0,
08/27/2026,06:23:23:162,0.000000,0.000000,3,-123.85,-123.85,0,0,
08/27/2026,06:23:23:231,0.000000,0.000000,1,-119.36,-119.36,0,0,
08/27/2026,06:23:23:263,0.000000,0.000000,2,-124.87,-124.87,0,0,
08/27/2026,06:23:23:336,0.000000,0.000000,4,-70.14,-70.14,0,0,
08/27/2026,06:23:23:455,0.000000,0.000000,3,-124.1,-124.1,0,0,
08/27/2026,06:23:23:501,0.000000,0.000000,1,-119.64,-119.64,0,0,
08/27/2026,06:23:23:527,0.000000,0.000000,2,-125.75,-125.75,0,0,
08/27/2026,06:23:23:607,0.000000,0.000000,4,-68.91,-68.91,0,0,
08/27/2026,06:23:23:694,0.000000,0.000000,3,-125.79,-125.79,0,0,
08/27/2026,06:23:23:757,0.000000,0.000000,1,-119.19,-119.19,0,0,
08/27/2026,06:23:23:784,0.000000,0.000000,2,-124.15,-124.15,0,0,
08/27/2026,06:23:23:842,0.000000,0.000000,4,-70.18,-70.18,0,0,
08/27/2026,06:23:23:952,0.000000,0.000000,3,-122.98,-122.98,0,0,
08/27/2026,06:23:24:021,0.000000,0.000000,1,-120.35,-120.35,0,0,
08/27/2026,06:23:24:054,0.000000,0.000000,2,-124.49,-124.49,0,0,
08/27/2026,06:23:24:104,0.000000,0.000000,4,-67.38,-67.38,0,0,
08/27/2026,06:23:24:213,0.000000,0.000000,3,-123.09,-123.09,0,0,
08/27/2026,06:23:24:279,0.000000,0.000000,1,-122.11,-122.11,0,0,
08/27/2026,06:23:24:299,0.000000,0.000000,2,-125.44,-125.44,0,0,
08/27/2026,06:23:24:368,0.000000,0.000000,4,-79.08,-79.08,0,0,
08/27/2026,06:23:24:488,0.000000,0.000000,3,-125.92,-125.92,0,0,
08/27/2026,06:23:24:541,0.000000,0.000000,1,-117.11,-117.11,0,0,
08/27/2026,06:23:24:557,0.000000,0.000000,2,-126.37,-126.37,0,0,
08/27/2026,06:23:24:633,0.000000,0.000000,4,-67.33,-67.33,0,0,
08/27/2026,06:23:24:740,0.000000,0.000000,3,-124.7,-124.7,0,0,
08/27/2026,06:23:24:805,0.000000,0.000000,1,-119.11,-119.11,0,0,
08/27/2026,06:23:24:825,0.000000,0.000000,2,-126.48,-126.48,0,0,
08/27/2026,06:23:24:889,0.000000,0.000000,4,-72.21,-72.21,0,0,
08/27/2026,06:23:24:995,0.000000,0.000000,3,-123.76,-123.76,0,0,
08/27/2026,06:23:25:076,0.000000,0.000000,1,-120.15,-120.15,0,0,
08/27/2026,06:23:25:084,0.000000,0.000000,2,-126.77,-126.77,0,0,
08/27/2026,06:23:25:166,0.000000,0.000000,4,-79.67,-79.67,0,0,
08/27/2026,06:23:25:258,0.000000,0.000000,3,-124.6,-124.6,0,0,
08/27/2026,06:23:25:342,0.000000,0.000000,1,-120.36,-120.36,0,0,
08/27/2026,06:23:25:343,0.000000,0.000000,2,-123.44,-123.44,0,0,
08/27/2026,06:23:25:414,0.000000,0.000000,4,-66.61,-66.61,0,0,
08/27/2026,06:23:25:535,0.000000,0.000000,3,-124.47,-124.47,0,0,
08/27/2026,06:23:25:596,0.000000,0.000000,1,-117.42,-117.42,0,0,
08/27/2026,06:23:25:612,0.000000,0.000000,2,-121.71,-121.71,0,0,
08/27/2026,06:23:25:676,0.000000,0.000000,4,-74.52,-74.52,0,0,
08/27/2026,06:23:25:780,0.000000,0.000000,3,-123.33,-123.33,0,0,
08/27/2026,06:23:25:856,0.000000,0.000000,1,-119.86,-119.86,0,0,
08/27/2026,06:23:25:871,0.000000,0.000000,2,-125.04,-125.04,0,0,
08/27/2026,06:23:25:980,0.000000,0.000000,4,-81.16,-81.16,0,0,
08/27/2026,06:23:26:042,0.000000,0.000000,3,-126.48,-126.48,0,0,
08/27/2026,06:23:26:114,0.000000,0.000000,1,-119.26,-119.26,0,0,
08/27/2026,06:23:26:131,0.000000,0.000000,2,-124.6,-124.6,0,0,
08/27/2026,06:23:26:200,0.000000,0.000000,4,-78.52,-78.52,0,0,
08/27/2026,06:23:26:306,0.000000,0.000000,3,-121.75,-121.75,0,0,
08/27/2026,06:23:26:373,0.000000,0.000000,1,-118.76,-118.76,0,0,
08/27/2026,06:23:26:393,0.000000,0.000000,2,-125.12,-125.12,0,0,
08/27/2026,06:23:26:464,0.000000,0.000000,4,-73.84,-73.84,0,0,
08/27/2026,06:23:26:565,0.000000,0.000000,3,-122.64,-122.64,0,0,
08/27/2026,06:23:26:646,0.000000,0.000000,1,-120.53,-120.53,0,0,
08/27/2026,06:23:26:652,0.000000,0.000000,2,-124.64,-124.64,0,0,
08/27/2026,06:23:26:733,0.000000,0.000000,4,-67.58,-67.58,0,0,
08/27/2026,06:23:26:878,0.000000,0.000000,3,-124.36,-124.36,0,0,
08/27/2026,06:23:26:896,0.000000,0.000000,1,-119.59,-119.59,0,0,
08/27/2026,06:23:26:915,0.000000,0.000000,2,-125.3,-125.3,0,0,
08/27/2026,06:23:26:987,0.000000,0.000000,4,-82.57,-82.57,0,0,
08/27/2026,06:23:27:092,0.000000,0.000000,3,-124.52,-124.52,0,0,
08/27/2026,06:23:27:170,0.000000,0.000000,1,-119.12,-119.12,0,0,
08/27/2026,06:23:27:174,0.000000,0.000000,2,-123.48,-123.48,0,0,
08/27/2026,06:23:27:250,0.000000,0.000000,4,-71.56,-71.56,0,0,
08/27/2026,06:23:27:376,0.000000,0.000000,3,-123.66,-123.66,0,0,
08/27/2026,06:23:27:420,0.000000,0.000000,1,-121.15,-121.15,0,0,
08/27/2026,06:23:27:458,0.000000,0.000000,2,-124.53,-124.53,0,0,
08/27/2026,06:23:27:505,0.000000,0.000000,4,-64.6,-64.6,0,0,
08/27/2026,06:23:27:628,0.000000,0.000000,3,-125.18,-125.18,0,0,
08/27/2026,06:23:27:680,0.000000,0.000000,1,-119.44,-119.44,0,0,
08/27/2026,06:23:27:699,0.000000,0.000000,2,-124.02,-124.02,0,0,
08/27/2026,06:23:27:772,0.000000,0.000000,4,-70.83,-70.83,0,0,
08/27/2026,06:23:27:878,0.000000,0.000000,3,-124.88,-124.88,0,0,
08/27/2026,06:23:27:948,0.000000,0.000000,1,-119.35,-119.35,0,0,
08/27/2026,06:23:27:969,0.000000,0.000000,2,-126.35,-126.35,0,0,
08/27/2026,06:23:28:033,0.000000,0.000000,4,-70.05,-70.05,0,0,
08/27/2026,06:23:28:136,0.000000,0.000000,3,-124.87,-124.87,0,0,
08/27/2026,06:23:28:212,0.000000,0.000000,1,-119.19,-119.19,0,0,
08/27/2026,06:23:28:222,0.000000,0.000000,2,-124.85,-124.85,0,0,
08/27/2026,06:23:28:290,0.000000,0.000000,4,-72.43,-72.43,0,0,
08/27/2026,06:23:28:400,0.000000,0.000000,3,-125.85,-125.85,0,0,
08/27/2026,06:23:28:467,0.000000,0.000000,1,-118.98,-118.98,0,0,
08/27/2026,06:23:28:484,0.000000,0.000000,2,-123.31,-123.31,0,0,
08/27/2026,06:23:28:558,0.000000,0.000000,4,-70.11,-70.11,0,0,
08/27/2026,06:23:28:668,0.000000,0.000000,3,-123.13,-123.13,0,0,
08/27/2026,06:23:28:729,0.000000,0.000000,1,-117.71,-117.71,0,0,
08/27/2026,06:23:28:749,0.000000,0.000000,2,-122.99,-122.99,0,0,
08/27/2026,06:23:28:819,0.000000,0.000000,4,-74.01,-74.01,0,0,
08/27/2026,06:23:28:946,0.000000,0.000000,3,-123.45,-123.45,0,0,
08/27/2026,06:23:28:991,0.000000,0.000000,1,-121.65,-121.65,0,0,
08/27/2026,06:23:29:031,0.000000,0.000000,2,-123.75,-123.75,0,0,
08/27/2026,06:23:29:079,0.000000,0.000000,4,-74.05,-74.05,0,0,
08/27/2026,06:23:29:190,0.000000,0.000000,3,-126.25,-126.25,0,0,
08/27/2026,06:23:29:269,0.000000,0.000000,1,-120.13,-120.13,0,0,
08/27/2026,06:23:29:273,0.000000,0.000000,2,-124.24,-124.24,0,0,
08/27/2026,06:23:29:345,0.000000,0.000000,4,-72.4,-72.4,0,0,
08/27/2026,06:23:29:452,0.000000,0.000000,3,-123.17,-123.17,0,0,
08/27/2026,06:23:29:520,0.000000,0.000000,1,-119.25,-119.25,0,0,
08/27/2026,06:23:29:531,0.000000,0.000000,2,-125.25,-125.25,0,0,
08/27/2026,06:23:29:605,0.000000,0.000000,4,-70.43,-70.43,0,0,
08/27/2026,06:23:29:706,0.000000,0.000000,3,-123.13,-123.13,0,0,
08/27/2026,06:23:29:779,0.000000,0.000000,1,-119.81,-119.81,0,0,
08/27/2026,06:23:29:803,0.000000,0.000000,2,-127.08,-127.08,0,0,
08/27/2026,06:23:29:871,0.000000,0.000000,4,-68.79,-68.79,0,0,
08/27/2026,06:23:29:975,0.000000,0.000000,3,-125.43,-125.43,0,0,
08/27/2026,06:23:30:039,0.000000,0.000000,1,-119.93,-119.93,0,0,
08/27/2026,06:23:30:063,0.000000,0.000000,2,-122.27,-122.27,0,0,
08/27/2026,06:23:30:124,0.000000,0.000000,4,-69.22,-69.22,0,0,
08/27/2026,06:23:30:231,0.000000,0.000000,3,-125.09,-125.09,0,0,
08/27/2026,06:23:30:304,0.000000,0.000000,1,-118,-118,0,0,
08/27/2026,06:23:30:320,0.000000,0.000000,2,-123.98,-123.98,0,0,
08/27/2026,06:23:30:386,0.000000,0.000000,4,-74.38,-74.38,0,0,
08/27/2026,06:23:30:491,0.000000,0.000000,3,-126.13,-126.13,0,0,
08/27/2026,06:23:30:570,0.000000,0.000000,1,-119.1,-119.1,0,0,
08/27/2026,06:23:30:578,0.000000,0.000000,2,-126.18,-126.18,0,0,
08/27/2026,06:23:30:661,0.000000,0.000000,4,-75.05,-75.05,0,0,
08/27/2026,06:23:30:816,0.000000,0.000000,3,-124.36,-124.36,0,0,
08/27/2026,06:23:30:832,0.000000,0.000000,1,-117.97,-117.97,0,0,
08/27/2026,06:23:30:859,0.000000,0.000000,2,-126.18,-126.18,0,0,
08/27/2026,06:23:30:941,0.000000,0.000000,4,-65.94,-65.94,0,0,
08/27/2026,06:23:31:026,0.000000,0.000000,3,-123.2,-123.2,0,0,
08/27/2026,06:23:31:108,0.000000,0.000000,1,-120.33,-120.33,0,0,
08/27/2026,06:23:31:112,0.000000,0.000000,2,-125.97,-125.97,0,0,
08/27/2026,06:23:31:171,0.000000,0.000000,4,-82.75,-82.75,0,0,
08/27/2026,06:23:31:279,0.000000,0.000000,3,-124.77,-124.77,0,0,
08/27/2026,06:23:31:354,0.000000,0.000000,1,-119.35,-119.35,0,0,
08/27/2026,06:23:31:364,0.000000,0.000000,2,-122.99,-122.99,0,0,
08/27/2026,06:23:31:434,0.000000,0.000000,4,-72.45,-72.45,0,0,
08/27/2026,06:23:31:539,0.000000,0.000000,3,-124.3,-124.3,0,0,
08/27/2026,06:23:31:611,0.000000,0.000000,1,-119.73,-119.73,0,0,
08/27/2026,06:23:31:625,0.000000,0.000000,2,-124.97,-124.97,0,0,
08/27/2026,06:23:31:703,0.000000,0.000000,4,-73.34,-73.34,0,0,
08/27/2026,06:23:31:802,0.000000,0.000000,3,-122.46,-122.46,0,0,
08/27/2026,06:23:31:874,0.000000,0.000000,1,-118.46,-118.46,0,0,
08/27/2026,06:23:31:890,0.000000,0.000000,2,-126.18,-126.18,0,0,
08/27/2026,06:23:32:017,0.000000,0.000000,4,-67.73,-67.73,0,0,
08/27/2026,06:23:32:072,0.000000,0.000000,3,-121.3,-121.3,0,0,
08/27/2026,06:23:32:134,0.000000,0.000000,1,-120.15,-120.15,0,0,
08/27/2026,06:23:32:163,0.000000,0.000000,2,-123.25,-123.25,0,0,
08/27/2026,06:23:32:219,0.000000,0.000000,4,-67.47,-67.47,0,0,
08/27/2026,06:23:32:331,0.000000,0.000000,3,-124.23,-124.23,0,0,
08/27/2026,06:23:32:396,0.000000,0.000000,1,-121.98,-121.98,0,0,
08/27/2026,06:23:32:420,0.000000,0.000000,2,-123.27,-123.27,0,0,
08/27/2026,06:23:32:483,0.000000,0.000000,4,-75.1,-75.1,0,0,
08/27/2026,06:23:32:590,0.000000,0.000000,3,-123.7,-123.7,0,0,
08/27/2026,06:23:32:656,0.000000,0.000000,1,-119.97,-119.97,0,0,
08/27/2026,06:23:32:675,0.000000,0.000000,2,-122.83,-122.83,0,0,
08/27/2026,06:23:32:777,0.000000,0.000000,4,-62.98,-62.98,0,0,
08/27/2026,06:23:32:864,0.000000,0.000000,3,-127.18,-127.18,0,0,
08/27/2026,06:23:32:945,0.000000,0.000000,1,-119.92,-119.92,0,0,
08/27/2026,06:23:32:950,0.000000,0.000000,2,-125.33,-125.33,0,0,
08/27/2026,06:23:33:030,0.000000,0.000000,4,-67.18,-67.18,0,0,
08/27/2026,06:23:33:115,0.000000,0.000000,3,-124.24,-124.24,0,0,
08/27/2026,06:23:33:183,0.000000,0.000000,1,-119.54,-119.54,0,0,
08/27/2026,06:23:33:200,0.000000,0.000000,2,-126.55,-126.55,0,0,
08/27/2026,06:23:33:266,0.000000,0.000000,4,-76.95,-76.95,0,0,
08/27/2026,06:23:33:378,0.000000,0.000000,3,-122.43,-122.43,0,0,
08/27/2026,06:23:33:461,0.000000,0.000000,1,-120.36,-120.36,0,0,
08/27/2026,06:23:33:468,0.000000,0.000000,2,-124.48,-124.48,0,0,
08/27/2026,06:23:33:536,0.000000,0.000000,4,-75.99,-75.99,0,0,
08/27/2026,06:23:33:646,0.000000,0.000000,3,-121.48,-121.48,0,0,
08/27/2026,06:23:33:703,0.000000,0.000000,1,-121.4,-121.4,0,0,
08/27/2026,06:23:33:733,0.000000,0.000000,2,-124.26,-124.26,0,0,
08/27/2026,06:23:33:795,0.000000,0.000000,4,-69.67,-69.67,0,0,
08/27/2026,06:23:33:894,0.000000,0.000000,3,-123.47,-123.47,0,0,
08/27/2026,06:23:33:972,0.000000,0.000000,1,-120.05,-120.05,0,0,
08/27/2026,06:23:33:983,0.000000,0.000000,2,-122.36,-122.36,0,0,
08/27/2026,06:23:34:052,0.000000,0.000000,4,-87.43,-87.43,0,0,
08/27/2026,06:23:34:161,0.000000,0.000000,3,-122.62,-122.62,0,0,
08/27/2026,06:23:34:227,0.000000,0.000000,1,-120.05,-120.05,0,0,
08/27/2026,06:23:34:258,0.000000,0.000000,2,-124.72,-124.72,0,0,
08/27/2026,06:23:34:317,0.000000,0.000000,4,-71.67,-71.67,0,0,
08/27/2026,06:23:34:427,0.000000,0.000000,3,-125.35,-125.35,0,0,
08/27/2026,06:23:34:492,0.000000,0.000000,1,-122,-122,0,0,
08/27/2026,06:23:34:510,0.000000,0.000000,2,-124.14,-124.14,0,0,
08/27/2026,06:23:34:585,0.000000,0.000000,4,-71.51,-71.51,0,0,
08/27/2026,06:23:34:712,0.000000,0.000000,3,-122.4,-122.4,0,0,
08/27/2026,06:23:34:848,0.000000,0.000000,1,-119.77,-119.77,0,0,
08/27/2026,06:23:34:852,0.000000,0.000000,2,-124.52,-124.52,0,0,
08/27/2026,06:23:34:895,0.000000,0.000000,4,-68.81,-68.81,0,0,
08/27/2026,06:23:34:953,0.000000,0.000000,3,-124.56,-124.56,0,0,
08/27/2026,06:23:35:014,0.000000,0.000000,1,-120.44,-120.44,0,0,
08/27/2026,06:23:35:034,0.000000,0.000000,2,-126.79,-126.79,0,0,
08/27/2026,06:23:35:108,0.000000,0.000000,4,-70.13,-70.13,0,0,
08/27/2026,06:23:35:203,0.000000,0.000000,3,-123.69,-123.69,0,0,
08/27/2026,06:23:35:283,0.000000,0.000000,1,-119.18,-119.18,0,0,
08/27/2026,06:23:35:293,0.000000,0.000000,2,-124.07,-124.07,0,0,
08/27/2026,06:23:35:364,0.000000,0.000000,4,-72.18,-72.18,0,0,
08/27/2026,06:23:35:466,0.000000,0.000000,3,-126.31,-126.31,0,0,
08/27/2026,06:23:35:547,0.000000,0.000000,1,-119.65,-119.65,0,0,
08/27/2026,06:23:35:551,0.000000,0.000000,2,-124.69,-124.69,0,0,
08/27/2026,06:23:35:622,0.000000,0.000000,4,-69.43,-69.43,0,0,
08/27/2026,06:23:35:727,0.000000,0.000000,3,-123.91,-123.91,0,0,
08/27/2026,06:23:35:801,0.000000,0.000000,1,-119.64,-119.64,0,0,
08/27/2026,06:23:35:814,0.000000,0.000000,2,-124.84,-124.84,0,0,
08/27/2026,06:23:35:891,0.000000,0.000000,4,-81.43,-81.43,0,0,
08/27/2026,06:23:36:004,0.000000,0.000000,3,-125.55,-125.55,0,0,
08/27/2026,06:23:36:065,0.000000,0.000000,1,-120.85,-120.85,0,0,
08/27/2026,06:23:36:086,0.000000,0.000000,2,-123.07,-123.07,0,0,
08/27/2026,06:23:36:162,0.000000,0.000000,4,-72.6,-72.6,0,0,
08/27/2026,06:23:36:256,0.000000,0.000000,3,-123.96,-123.96,0,0,
08/27/2026,06:23:36:330,0.000000,0.000000,1,-119.2,-119.2,0,0,
08/27/2026,06:23:36:339,0.000000,0.000000,2,-124.08,-124.08,0,0,
08/27/2026,06:23:36:414,0.000000,0.000000,4,-73.56,-73.56,0,0,
08/27/2026,06:23:36:539,0.000000,0.000000,3,-125.91,-125.91,0,0,
08/27/2026,06:23:36:584,0.000000,0.000000,1,-118.7,-118.7,0,0,
08/27/2026,06:23:36:605,0.000000,0.000000,2,-123.79,-123.79,0,0,
08/27/2026,06:23:36:679,0.000000,0.000000,4,-82.52,-82.52,0,0,
08/27/2026,06:23:36:775,0.000000,0.000000,3,-124.6,-124.6,0,0,
08/27/2026,06:23:36:846,0.000000,0.000000,1,-119.46,-119.46,0,0,
08/27/2026,06:23:36:868,0.000000,0.000000,2,-124.4,-124.4,0,0,
08/27/2026,06:23:36:931,0.000000,0.000000,4,-82.99,-82.99,0,0,
08/27/2026,06:23:37:154,0.000000,0.000000,3,-121.71,-121.71,0,0,
08/27/2026,06:23:37:169,0.000000,0.000000,1,-118.54,-118.54,0,0,
08/27/2026,06:23:37:175,0.000000,0.000000,2,-124.62,-124.62,0,0,
08/27/2026,06:23:37:201,0.000000,0.000000,4,-77.71,-77.71,0,0,
08/27/2026,06:23:37:302,0.000000,0.000000,3,-123.21,-123.21,0,0,
08/27/2026,06:23:37:370,0.000000,0.000000,1,-119.6,-119.6,0,0,
08/27/2026,06:23:37:390,0.000000,0.000000,2,-124.84,-124.84,0,0,
08/27/2026,06:23:37:457,0.000000,0.000000,4,-68.52,-68.52,0,0,
08/27/2026,06:23:37:578,0.000000,0.000000,3,-123.59,-123.59,0,0,
08/27/2026,06:23:37:638,0.000000,0.000000,1,-119.98,-119.98,0,0,
08/27/2026,06:23:37:648,0.000000,0.000000,2,-124.61,-124.61,0,0,
08/27/2026,06:23:37:718,0.000000,0.000000,4,-77.36,-77.36,0,0,
08/27/2026,06:23:37:824,0.000000,0.000000,3,-124.8,-124.8,0,0,
08/27/2026,06:23:37:893,0.000000,0.000000,1,-121.54,-121.54,0,0,
08/27/2026,06:23:37:910,0.000000,0.000000,2,-124.59,-124.59,0,0,
08/27/2026,06:23:37:982,0.000000,0.000000,4,-70.68,-70.68,0,0,
08/27/2026,06:23:38:088,0.000000,0.000000,3,-121.71,-121.71,0,0,
08/27/2026,06:23:38:157,0.000000,0.000000,1,-119.54,-119.54,0,0,
08/27/2026,06:23:38:169,0.000000,0.000000,2,-122.74,-122.74,0,0,
08/27/2026,06:23:38:241,0.000000,0.000000,4,-71.04,-71.04,0,0,
08/27/2026,06:23:38:346,0.000000,0.000000,3,-125.22,-125.22,0,0,
08/27/2026,06:23:38:421,0.000000,0.000000,1,-118.76,-118.76,0,0,
08/27/2026,06:23:38:451,0.000000,0.000000,2,-125.37,-125.37,0,0,
08/27/2026,06:23:38:503,0.000000,0.000000,4,-70.42,-70.42,0,0,
08/27/2026,06:23:38:632,0.000000,0.000000,3,-122.52,-122.52,0,0,
08/27/2026,06:23:38:687,0.000000,0.000000,1,-119.5,-119.5,0,0,
08/27/2026,06:23:38:722,0.000000,0.000000,2,-124.08,-124.08,0,0,
08/27/2026,06:23:38:800,0.000000,0.000000,4,-79.41,-79.41,0,0,
08/27/2026,06:23:38:871,0.000000,0.000000,3,-125.04,-125.04,0,0,
08/27/2026,06:23:38:945,0.000000,0.000000,1,-119.03,-119.03,0,0,
08/27/2026,06:23:38:959,0.000000,0.000000,2,-126.58,-126.58,0,0,
08/27/2026,06:23:39:028,0.000000,0.000000,4,-80.91,-80.91,0,0,
08/27/2026,06:23:39:132,0.000000,0.000000,3,-123.49,-123.49,0,0,
08/27/2026,06:23:39:213,0.000000,0.000000,1,-119.19,-119.19,0,0,
08/27/2026,06:23:39:217,0.000000,0.000000,2,-123.13,-123.13,0,0,
08/27/2026,06:23:39:293,0.000000,0.000000,4,-66.83,-66.83,0,0,
08/27/2026,06:23:39:397,0.000000,0.000000,3,-125.84,-125.84,0,0,
08/27/2026,06:23:39:465,0.000000,0.000000,1,-120.39,-120.39,0,0,
08/27/2026,06:23:39:481,0.000000,0.000000,2,-124.32,-124.32,0,0,
08/27/2026,06:23:39:556,0.000000,0.000000,4,-71.42,-71.42,0,0,
08/27/2026,06:23:39:661,0.000000,0.000000,3,-123.83,-123.83,0,0,
08/27/2026,06:23:39:725,0.000000,0.000000,1,-120.13,-120.13,0,0,
08/27/2026,06:23:39:742,0.000000,0.000000,2,-123.22,-123.22,0,0,
08/27/2026,06:23:39:844,0.000000,0.000000,4,-87.91,-87.91,0,0,
08/27/2026,06:23:39:916,0.000000,0.000000,3,-123.9,-123.9,0,0,
08/27/2026,06:23:39:991,0.000000,0.000000,1,-118.91,-118.91,0,0,
08/27/2026,06:23:40:076,0.000000,0.000000,2,-124.6,-124.6,0,0,
08/27/2026,06:23:40:091,0.000000,0.000000,4,-70.1,-70.1,0,0,
08/27/2026,06:23:40:178,0.000000,0.000000,3,-124.19,-124.19,0,0,
08/27/2026,06:23:40:256,0.000000,0.000000,1,-119.3,-119.3,0,0,
08/27/2026,06:23:40:295,0.000000,0.000000,2,-124.9,-124.9,0,0,
08/27/2026,06:23:40:336,0.000000,0.000000,4,-71.71,-71.71,0,0,
08/27/2026,06:23:40:443,0.000000,0.000000,3,-124.8,-124.8,0,0,
08/27/2026,06:23:40:510,0.000000,0.000000,1,-120.41,-120.41,0,0,
08/27/2026,06:23:40:532,0.000000,0.000000,2,-124.52,-124.52,0,0,
08/27/2026,06:23:40:601,0.000000,0.000000,4,-76.45,-76.45,0,0,
08/27/2026,06:23:40:706,0.000000,0.000000,3,-122.99,-122.99,0,0,
08/27/2026,06:23:40:789,0.000000,0.000000,1,-120.02,-120.02,0,0,
08/27/2026,06:23:40:798,0.000000,0.000000,2,-125.42,-125.42,0,0,
08/27/2026,06:23:40:862,0.000000,0.000000,4,-67.33,-67.33,0,0,
08/27/2026,06:23:40:972,0.000000,0.000000,3,-124.65,-124.65,0,0,
08/27/2026,06:23:41:036,0.000000,0.000000,1,-119.51,-119.51,0,0,
08/27/2026,06:23:41:054,0.000000,0.000000,2,-122.7,-122.7,0,0,
08/27/2026,06:23:41:127,0.000000,0.000000,4,-66.92,-66.92,0,0,
08/27/2026,06:23:41:229,0.000000,0.000000,3,-124.29,-124.29,0,0,
08/27/2026,06:23:41:335,0.000000,0.000000,1,-119.99,-119.99,0,0,
08/27/2026,06:23:41:337,0.000000,0.000000,2,-122.99,-122.99,0,0,
08/27/2026,06:23:41:390,0.000000,0.000000,4,-67.64,-67.64,0,0,
08/27/2026,06:23:41:488,0.000000,0.000000,3,-121.61,-121.61,0,0,
08/27/2026,06:23:41:573,0.000000,0.000000,1,-119.28,-119.28,0,0,
08/27/2026,06:23:41:578,0.000000,0.000000,2,-120.47,-120.47,0,0,
08/27/2026,06:23:41:650,0.000000,0.000000,4,-74.4,-74.4,0,0,
08/27/2026,06:23:41:753,0.000000,0.000000,3,-124.67,-124.67,0,0,
08/27/2026,06:23:41:824,0.000000,0.000000,1,-119.63,-119.63,0,0,
08/27/2026,06:23:41:836,0.000000,0.000000,2,-124.6,-124.6,0,0,
08/27/2026,06:23:41:906,0.000000,0.000000,4,-65.26,-65.26,0,0,
08/27/2026,06:23:42:011,0.000000,0.000000,3,-123.58,-123.58,0,0,
08/27/2026,06:23:42:102,0.000000,0.000000,1,-118.71,-118.71,0,0,
08/27/2026,06:23:42:110,0.000000,0.000000,2,-123.64,-123.64,0,0,
08/27/2026,06:23:42:201,0.000000,0.000000,4,-72.82,-72.82,0,0,
08/27/2026,06:23:42:343,0.000000,0.000000,3,-122.65,-122.65,0,0,
08/27/2026,06:23:42:363,0.000000,0.000000,1,-119.71,-119.71,0,0,
08/27/2026,06:23:42:372,0.000000,0.000000,2,-125.27,-125.27,0,0,
08/27/2026,06:23:42:432,0.000000,0.000000,4,-71.65,-71.65,0,0,
08/27/2026,06:23:42:541,0.000000,0.000000,3,-124.72,-124.72,0,0,
08/27/2026,06:23:42:605,0.000000,0.000000,1,-121.19,-121.19,0,0,
08/27/2026,06:23:42:621,0.000000,0.000000,2,-124.96,-124.96,0,0,
08/27/2026,06:23:42:691,0.000000,0.000000,4,-75.26,-75.26,0,0,
08/27/2026,06:23:42:797,0.000000,0.000000,3,-125.16,-125.16,0,0,
08/27/2026,06:23:42:871,0.000000,0.000000,1,-120.21,-120.21,0,0,
08/27/2026,06:23:42:895,0.000000,0.000000,2,-124.18,-124.18,0,0,
08/27/2026,06:23:42:956,0.000000,0.000000,4,-77.71,-77.71,0,0,
08/27/2026,06:23:43:059,0.000000,0.000000,3,-125.75,-125.75,0,0,
08/27/2026,06:23:43:140,0.000000,0.000000,1,-118.89,-118.89,0,0,
08/27/2026,06:23:43:146,0.000000,0.000000,2,-124.74,-124.74,0,0,
08/27/2026,06:23:43:228,0.000000,0.000000,4,-79.86,-79.86,0,0,
08/27/2026,06:23:43:320,0.000000,0.000000,3,-124.11,-124.11,0,0,
08/27/2026,06:23:43:391,0.000000,0.000000,1,-120.67,-120.67,0,0,
08/27/2026,06:23:43:409,0.000000,0.000000,2,-123.96,-123.96,0,0,
08/27/2026,06:23:43:479,0.000000,0.000000,4,-69.94,-69.94,0,0,
08/27/2026,06:23:43:589,0.000000,0.000000,3,-124.1,-124.1,0,0,
08/27/2026,06:23:43:653,0.000000,0.000000,1,-120.28,-120.28,0,0,
08/27/2026,06:23:43:681,0.000000,0.000000,2,-123.25,-123.25,0,0,
08/27/2026,06:23:43:744,0.000000,0.000000,4,-77.98,-77.98,0,0,
08/27/2026,06:23:43:882,0.000000,0.000000,3,-123.07,-123.07,0,0,
08/27/2026,06:23:43:926,0.000000,0.000000,1,-118.53,-118.53,0,0,
08/27/2026,06:23:43:931,0.000000,0.000000,2,-125.82,-125.82,0,0,
08/27/2026,06:23:44:009,0.000000,0.000000,4,-76.31,-76.31,0,0,
08/27/2026,06:23:44:106,0.000000,0.000000,3,-126.6,-126.6,0,0,
08/27/2026,06:23:44:210,0.000000,0.000000,1,-118.72,-118.72,0,0,
08/27/2026,06:23:44:211,0.000000,0.000000,2,-126.8,-126.8,0,0,
08/27/2026,06:23:44:270,0.000000,0.000000,4,-67.57,-67.57,0,0,
08/27/2026,06:23:44:369,0.000000,0.000000,3,-123.22,-123.22,0,0,
08/27/2026,06:23:44:442,0.000000,0.000000,1,-119.02,-119.02,0,0,
08/27/2026,06:23:44:456,0.000000,0.000000,2,-123.09,-123.09,0,0,
08/27/2026,06:23:44:543,0.000000,0.000000,4,-76.38,-76.38,0,0,
08/27/2026,06:23:44:633,0.000000,0.000000,3,-123.93,-123.93,0,0,
08/27/2026,06:23:44:702,0.000000,0.000000,1,-119.01,-119.01,0,0,
08/27/2026,06:23:44:717,0.000000,0.000000,2,-123.26,-123.26,0,0,
08/27/2026,06:23:44:796,0.000000,0.000000,4,-83.3,-83.3,0,0,
08/27/2026,06:23:44:899,0.000000,0.000000,3,-125.42,-125.42,0,0,
08/27/2026,06:23:44:973,0.000000,0.000000,1,-120.15,-120.15,0,0,
08/27/2026,06:23:44:978,0.000000,0.000000,2,-124.39,-124.39,0,0,
08/27/2026,06:23:45:049,0.000000,0.000000,4,-72.72,-72.72,0,0,
08/27/2026,06:23:45:182,0.000000,0.000000,3,-126.54,-126.54,0,0,
08/27/2026,06:23:45:231,0.000000,0.000000,1,-118.99,-118.99,0,0,
08/27/2026,06:23:45:244,0.000000,0.000000,2,-123.33,-123.33,0,0,
08/27/2026,06:23:45:309,0.000000,0.000000,4,-77.15,-77.15,0,0,
08/27/2026,06:23:45:415,0.000000,0.000000,3,-123.49,-123.49,0,0,
08/27/2026,06:23:45:488,0.000000,0.000000,1,-118.19,-118.19,0,0,
08/27/2026,06:23:45:512,0.000000,0.000000,2,-122.18,-122.18,0,0,
08/27/2026,06:23:45:578,0.000000,0.000000,4,-73.57,-73.57,0,0,
08/27/2026,06:23:45:700,0.000000,0.000000,3,-123.31,-123.31,0,0,
08/27/2026,06:23:45:784,0.000000,0.000000,1,-119.76,-119.76,0,0,
08/27/2026,06:23:45:785,0.000000,0.000000,2,-125.86,-125.86,0,0,
08/27/2026,06:23:45:862,0.000000,0.000000,4,-83.74,-83.74,0,0,
08/27/2026,06:23:45:948,0.000000,0.000000,3,-124.26,-124.26,0,0,
08/27/2026,06:23:46:016,0.000000,0.000000,1,-120.56,-120.56,0,0,
08/27/2026,06:23:46:029,0.000000,0.000000,2,-124.98,-124.98,0,0,
08/27/2026,06:23:46:097,0.000000,0.000000,4,-76.98,-76.98,0,0,
08/27/2026,06:23:46:208,0.000000,0.000000,3,-124.62,-124.62,0,0,
08/27/2026,06:23:46:275,0.000000,0.000000,1,-119.39,-119.39,0,0,
08/27/2026,06:23:46:295,0.000000,0.000000,2,-127,-127,0,0,
08/27/2026,06:23:46:369,0.000000,0.000000,4,-72.44,-72.44,0,0,
08/27/2026,06:23:46:475,0.000000,0.000000,3,-124.82,-124.82,0,0,
08/27/2026,06:23:46:539,0.000000,0.000000,1,-119.59,-119.59,0,0,
08/27/2026,06:23:46:549,0.000000,0.000000,2,-123.09,-123.09,0,0,
08/27/2026,06:23:46:622,0.000000,0.000000,4,-65.12,-65.12,0,0,
08/27/2026,06:23:46:729,0.000000,0.000000,3,-123.43,-123.43,0,0,
08/27/2026,06:23:46:795,0.000000,0.000000,1,-118.85,-118.85,0,0,
08/27/2026,06:23:46:813,0.000000,0.000000,2,-123.11,-123.11,0,0,
08/27/2026,06:23:46:881,0.000000,0.000000,4,-83.77,-83.77,0,0,
08/27/2026,06:23:46:994,0.000000,0.000000,3,-121.43,-121.43,0,0,
08/27/2026,06:23:47:057,0.000000,0.000000,1,-117.34,-117.34,0,0,
08/27/2026,06:23:47:079,0.000000,0.000000,2,-122.26,-122.26,0,0,
08/27/2026,06:23:47:152,0.000000,0.000000,4,-71.6,-71.6,0,0,
08/27/2026,06:23:47:260,0.000000,0.000000,3,-123.89,-123.89,0,0,
08/27/2026,06:23:47:436,0.000000,0.000000,1,-119.45,-119.45,0,0,
08/27/2026,06:23:47:437,0.000000,0.000000,2,-126.62,-126.62,0,0,
08/27/2026,06:23:47:518,0.000000,0.000000,4,-66.3,-66.3,0,0,
08/27/2026,06:23:47:571,0.000000,0.000000,3,-122.52,-122.52,0,0,
08/27/2026,06:23:47:586,0.000000,0.000000,1,-122,-122,0,0,
08/27/2026,06:23:47:613,0.000000,0.000000,2,-123.59,-123.59,0,0,
08/27/2026,06:23:47:666,0.000000,0.000000,4,-73.25,-73.25,0,0,
08/27/2026,06:23:47:773,0.000000,0.000000,3,-124.36,-124.36,0,0,
08/27/2026,06:23:47:849,0.000000,0.000000,1,-119.28,-119.28,0,0,
08/27/2026,06:23:47:866,0.000000,0.000000,2,-122.6,-122.6,0,0,
08/27/2026,06:23:47:941,0.000000,0.000000,4,-73.11,-73.11,0,0,
08/27/2026,06:23:48:033,0.000000,0.000000,3,-125.63,-125.63,0,0,
08/27/2026,06:23:48:102,0.000000,0.000000,1,-118.39,-118.39,0,0,
08/27/2026,06:23:48:124,0.000000,0.000000,2,-124.82,-124.82,0,0,
08/27/2026,06:23:48:193,0.000000,0.000000,4,-71.44,-71.44,0,0,
08/27/2026,06:23:48:307,0.000000,0.000000,3,-125.34,-125.34,0,0,
08/27/2026,06:23:48:375,0.000000,0.000000,1,-119.25,-119.25,0,0,
08/27/2026,06:23:48:383,0.000000,0.000000,2,-125.58,-125.58,0,0,
08/27/2026,06:23:48:455,0.000000,0.000000,4,-83.97,-83.97,0,0,
08/27/2026,06:23:48:564,0.000000,0.000000,3,-124.58,-124.58,0,0,
08/27/2026,06:23:48:629,0.000000,0.000000,1,-120.58,-120.58,0,0,
08/27/2026,06:23:48:649,0.000000,0.000000,2,-124.34,-124.34,0,0,
08/27/2026,06:23:48:713,0.000000,0.000000,4,-79.23,-79.23,0,0,
08/27/2026,06:23:48:819,0.000000,0.000000,3,-123.6,-123.6,0,0,
08/27/2026,06:23:48:891,0.000000,0.000000,1,-119.71,-119.71,0,0,
08/27/2026,06:23:48:917,0.000000,0.000000,2,-124.89,-124.89,0,0,
08/27/2026,06:23:48:982,0.000000,0.000000,4,-70.26,-70.26,0,0,
08/27/2026,06:23:49:090,0.000000,0.000000,3,-123.12,-123.12,0,0,
08/27/2026,06:23:49:154,0.000000,0.000000,1,-118.6,-118.6,0,0,
08/27/2026,06:23:49:172,0.000000,0.000000,2,-123.64,-123.64,0,0,
08/27/2026,06:23:49:241,0.000000,0.000000,4,-68.3,-68.3,0,0,
08/27/2026,06:23:49:349,0.000000,0.000000,3,-124.07,-124.07,0,0,
08/27/2026,06:23:49:412,0.000000,0.000000,1,-120.19,-120.19,0,0,
08/27/2026,06:23:49:436,0.000000,0.000000,2,-122.42,-122.42,0,0,
08/27/2026,06:23:49:510,0.000000,0.000000,4,-81.55,-81.55,0,0,
08/27/2026,06:23:49:608,0.000000,0.000000,3,-125.19,-125.19,0,0,
08/27/2026,06:23:49:691,0.000000,0.000000,1,-120.33,-120.33,0,0,
08/27/2026,06:23:49:703,0.000000,0.000000,2,-123.79,-123.79,0,0,
08/27/2026,06:23:49:783,0.000000,0.000000,4,-73.6,-73.6,0,0,
08/27/2026,06:23:49:866,0.000000,0.000000,3,-124.75,-124.75,0,0,
08/27/2026,06:23:49:937,0.000000,0.000000,1,-119.13,-119.13,0,0,
08/27/2026,06:23:49:957,0.000000,0.000000,2,-124.95,-124.95,0,0,
08/27/2026,06:23:50:030,0.000000,0.000000,4,-67.27,-67.27,0,0,
08/27/2026,06:23:50:129,0.000000,0.000000,3,-123.65,-123.65,0,0,
08/27/2026,06:23:50:198,0.000000,0.000000,1,-118.56,-118.56,0,0,
08/27/2026,06:23:50:216,0.000000,0.000000,2,-122.35,-122.35,0,0,
08/27/2026,06:23:50:284,0.000000,0.000000,4,-74.32,-74.32,0,0,
08/27/2026,06:23:50:396,0.000000,0.000000,3,-121.64,-121.64,0,0,
08/27/2026,06:23:50:463,0.000000,0.000000,1,-119.51,-119.51,0,0,
08/27/2026,06:23:50:483,0.000000,0.000000,2,-123.93,-123.93,0,0,
08/27/2026,06:23:50:564,0.000000,0.000000,4,-77.27,-77.27,0,0,
08/27/2026,06:23:50:651,0.000000,0.000000,3,-123.69,-123.69,0,0,
08/27/2026,06:23:50:729,0.000000,0.000000,1,-119.32,-119.32,0,0,
08/27/2026,06:23:50:744,0.000000,0.000000,2,-124.56,-124.56,0,0,
08/27/2026,06:23:50:816,0.000000,0.000000,4,-69.99,-69.99,0,0,
08/27/2026,06:23:50:914,0.000000,0.000000,3,-122.25,-122.25,0,0,
08/27/2026,06:23:50:986,0.000000,0.000000,1,-117.85,-117.85,0,0,
08/27/2026,06:23:51:007,0.000000,0.000000,2,-124,-124,0,0,
08/27/2026,06:23:51:079,0.000000,0.000000,4,-71.03,-71.03,0,0,
08/27/2026,06:23:51:178,0.000000,0.000000,3,-122.09,-122.09,0,0,
08/27/2026,06:23:51:288,0.000000,0.000000,1,-118.12,-118.12,0,0,
08/27/2026,06:23:51:290,0.000000,0.000000,2,-125.9,-125.9,0,0,
08/27/2026,06:23:51:338,0.000000,0.000000,4,-75.08,-75.08,0,0,
08/27/2026,06:23:51:436,0.000000,0.000000,3,-122.43,-122.43,0,0,
08/27/2026,06:23:51:512,0.000000,0.000000,1,-118.8,-118.8,0,0,
08/27/2026,06:23:51:557,0.000000,0.000000,2,-122.6,-122.6,0,0,
08/27/2026,06:23:51:605,0.000000,0.000000,4,-66.08,-66.08,0,0,
08/27/2026,06:23:51:706,0.000000,0.000000,3,-121.35,-121.35,0,0,
08/27/2026,06:23:51:771,0.000000,0.000000,1,-119.15,-119.15,0,0,
08/27/2026,06:23:51:789,0.000000,0.000000,2,-123.95,-123.95,0,0,
08/27/2026,06:23:51:856,0.000000,0.000000,4,-72.7,-72.7,0,0,
08/27/2026,06:23:51:963,0.000000,0.000000,3,-123.77,-123.77,0,0,
08/27/2026,06:23:52:031,0.000000,0.000000,1,-120.29,-120.29,0,0,
08/27/2026,06:23:52:052,0.000000,0.000000,2,-126.2,-126.2,0,0,
08/27/2026,06:23:52:125,0.000000,0.000000,4,-72.48,-72.48,0,0,
08/27/2026,06:23:52:232,0.000000,0.000000,3,-123.32,-123.32,0,0,
08/27/2026,06:23:52:301,0.000000,0.000000,1,-121.83,-121.83,0,0,
08/27/2026,06:23:52:317,0.000000,0.000000,2,-126.05,-126.05,0,0,
08/27/2026,06:23:52:384,0.000000,0.000000,4,-69.36,-69.36,0,0,
08/27/2026,06:23:52:584,0.000000,0.000000,3,-122.91,-122.91,0,0,
08/27/2026,06:23:52:640,0.000000,0.000000,1,-118.4,-118.4,0,0,
08/27/2026,06:23:52:641,0.000000,0.000000,2,-121.97,-121.97,0,0,
08/27/2026,06:23:52:667,0.000000,0.000000,4,-70.2,-70.2,0,0,
08/27/2026,06:23:52:755,0.000000,0.000000,3,-122.64,-122.64,0,0,
08/27/2026,06:23:52:821,0.000000,0.000000,1,-118.94,-118.94,0,0,
08/27/2026,06:23:52:860,0.000000,0.000000,2,-124.46,-124.46,0,0,
08/27/2026,06:23:52:902,0.000000,0.000000,4,-68.75,-68.75,0,0,
08/27/2026,06:23:53:009,0.000000,0.000000,3,-121.42,-121.42,0,0,
08/27/2026,06:23:53:082,0.000000,0.000000,1,-120.08,-120.08,0,0,
08/27/2026,06:23:53:099,0.000000,0.000000,2,-122.73,-122.73,0,0,
08/27/2026,06:23:53:189,0.000000,0.000000,4,-73.73,-73.73,0,0,
08/27/2026,06:23:53:271,0.000000,0.000000,3,-124.58,-124.58,0,0,
08/27/2026,06:23:53:348,0.000000,0.000000,1,-117.63,-117.63,0,0,
08/27/2026,06:23:53:391,0.000000,0.000000,2,-121.85,-121.85,0,0,
08/27/2026,06:23:53:435,0.000000,0.000000,4,-70.27,-70.27,0,0,
08/27/2026,06:23:53:539,0.000000,0.000000,3,-123.66,-123.66,0,0,
08/27/2026,06:23:53:615,0.000000,0.000000,1,-116.87,-116.87,0,0,
08/27/2026,06:23:53:629,0.000000,0.000000,2,-123.64,-123.64,0,0,
08/27/2026,06:23:53:692,0.000000,0.000000,4,-70.62,-70.62,0,0,
08/27/2026,06:23:53:804,0.000000,0.000000,3,-124.13,-124.13,0,0,
08/27/2026,06:23:53:870,0.000000,0.000000,1,-119.61,-119.61,0,0,
08/27/2026,06:23:53:880,0.000000,0.000000,2,-124.77,-124.77,0,0,
08/27/2026,06:23:53:954,0.000000,0.000000,4,-68.87,-68.87,0,0,
08/27/2026,06:23:54:084,0.000000,0.000000,3,-123.38,-123.38,0,0,
08/27/2026,06:23:54:127,0.000000,0.000000,1,-119.84,-119.84,0,0,
08/27/2026,06:23:54:152,0.000000,0.000000,2,-124.42,-124.42,0,0,
08/27/2026,06:23:54:214,0.000000,0.000000,4,-69.46,-69.46,0,0,
08/27/2026,06:23:54:320,0.000000,0.000000,3,-123.17,-123.17,0,0,
08/27/2026,06:23:54:390,0.000000,0.000000,1,-120.28,-120.28,0,0,
08/27/2026,06:23:54:412,0.000000,0.000000,2,-123.97,-123.97,0,0,
08/27/2026,06:23:54:476,0.000000,0.000000,4,-67.68,-67.68,0,0,
08/27/2026,06:23:54:583,0.000000,0.000000,3,-123.43,-123.43,0,0,
08/27/2026,06:23:54:660,0.000000,0.000000,1,-121.37,-121.37,0,0,
08/27/2026,06:23:54:666,0.000000,0.000000,2,-124.56,-124.56,0,0,
08/27/2026,06:23:54:757,0.000000,0.000000,4,-69.6,-69.6,0,0,
08/27/2026,06:23:54:846,0.000000,0.000000,3,-122.92,-122.92,0,0,
08/27/2026,06:23:54:921,0.000000,0.000000,1,-119.7,-119.7,0,0,
08/27/2026,06:23:54:932,0.000000,0.000000,2,-125.26,-125.26,0,0,
08/27/2026,06:23:54:998,0.000000,0.000000,4,-71.2,-71.2,0,0,
08/27/2026,06:23:55:129,0.000000,0.000000,3,-123.04,-123.04,0,0,
08/27/2026,06:23:55:173,0.000000,0.000000,1,-118.1,-118.1,0,0,
08/27/2026,06:23:55:220,0.000000,0.000000,2,-122.34,-122.34,0,0,
08/27/2026,06:23:55:271,0.000000,0.000000,4,-70.94,-70.94,0,0,
08/27/2026,06:23:55:427,0.000000,0.000000,3,-124.83,-124.83,0,0,
08/27/2026,06:23:55:440,0.000000,0.000000,1,-119.69,-119.69,0,0,
08/27/2026,06:23:55:467,0.000000,0.000000,2,-124.14,-124.14,0,0,
08/27/2026,06:23:55:525,0.000000,0.000000,4,-75.31,-75.31,0,0,
08/27/2026,06:23:55:635,0.000000,0.000000,3,-121.81,-121.81,0,0,
08/27/2026,06:23:55:709,0.000000,0.000000,1,-120.36,-120.36,0,0,
08/27/2026,06:23:55:717,0.000000,0.000000,2,-124.62,-124.62,0,0,
08/27/2026,06:23:55:784,0.000000,0.000000,4,-81.06,-81.06,0,0,
08/27/2026,06:23:55:892,0.000000,0.000000,3,-123.87,-123.87,0,0,
08/27/2026,06:23:55:963,0.000000,0.000000,1,-120.59,-120.59,0,0,
08/27/2026,06:23:55:979,0.000000,0.000000,2,-124.95,-124.95,0,0,
08/27/2026,06:23:56:046,0.000000,0.000000,4,-71.01,-71.01,0,0,
08/27/2026,06:23:56:155,0.000000,0.000000,3,-123.14,-123.14,0,0,
08/27/2026,06:23:56:228,0.000000,0.000000,1,-118.59,-118.59,0,0,
08/27/2026,06:23:56:238,0.000000,0.000000,2,-124.28,-124.28,0,0,
08/27/2026,06:23:56:310,0.000000,0.000000,4,-73.07,-73.07,0,0,
08/27/2026,06:23:56:413,0.000000,0.000000,3,-125.27,-125.27,0,0,
08/27/2026,06:23:56:502,0.000000,0.000000,1,-120.53,-120.53,0,0,
08/27/2026,06:23:56:503,0.000000,0.000000,2,-127.04,-127.04,0,0,
08/27/2026,06:23:56:572,0.000000,0.000000,4,-71.88,-71.88,0,0,
08/27/2026,06:23:56:687,0.000000,0.000000,3,-124.86,-124.86,0,0,
08/27/2026,06:23:56:779,0.000000,0.000000,1,-118.37,-118.37,0,0,
08/27/2026,06:23:56:785,0.000000,0.000000,2,-123.58,-123.58,0,0,
08/27/2026,06:23:56:833,0.000000,0.000000,4,-65.41,-65.41,0,0,
08/27/2026,06:23:56:950,0.000000,0.000000,3,-125.8,-125.8,0,0,
08/27/2026,06:23:57:036,0.000000,0.000000,1,-119.32,-119.32,0,0,
08/27/2026,06:23:57:038,0.000000,0.000000,2,-125.16,-125.16,0,0,
08/27/2026,06:23:57:101,0.000000,0.000000,4,-75.94,-75.94,0,0,
08/27/2026,06:23:57:211,0.000000,0.000000,3,-124.41,-124.41,0,0,
08/27/2026,06:23:57:272,0.000000,0.000000,1,-118.68,-118.68,0,0,
08/27/2026,06:23:57:289,0.000000,0.000000,2,-122.43,-122.43,0,0,
08/27/2026,06:23:57:366,0.000000,0.000000,4,-73.67,-73.67,0,0,
08/27/2026,06:23:57:466,0.000000,0.000000,3,-122.24,-122.24,0,0,
08/27/2026,06:23:57:539,0.000000,0.000000,1,-119.15,-119.15,0,0,
08/27/2026,06:23:57:547,0.000000,0.000000,2,-125.29,-125.29,0,0,
08/27/2026,06:23:57:722,0.000000,0.000000,4,-67.5,-67.5,0,0,
08/27/2026,06:23:57:760,0.000000,0.000000,3,-124.36,-124.36,0,0,
08/27/2026,06:23:57:799,0.000000,0.000000,1,-119.74,-119.74,0,0,
08/27/2026,06:23:57:810,0.000000,0.000000,2,-125.18,-125.18,0,0,
08/27/2026,06:23:57:884,0.000000,0.000000,4,-67.56,-67.56,0,0,
08/27/2026,06:23:57:985,0.000000,0.000000,3,-121.89,-121.89,0,0,
08/27/2026,06:23:58:055,0.000000,0.000000,1,-120.08,-120.08,0,0,
08/27/2026,06:23:58:075,0.000000,0.000000,2,-125.41,-125.41,0,0,
08/27/2026,06:23:58:146,0.000000,0.000000,4,-75.5,-75.5,0,0,
08/27/2026,06:23:58:248,0.000000,0.000000,3,-125.12,-125.12,0,0,
08/27/2026,06:23:58:322,0.000000,0.000000,1,-120.02,-120.02,0,0,
08/27/2026,06:23:58:333,0.000000,0.000000,2,-125.3,-125.3,0,0,
08/27/2026,06:23:58:406,0.000000,0.000000,4,-71.68,-71.68,0,0,
08/27/2026,06:23:58:511,0.000000,0.000000,3,-126.11,-126.11,0,0,
08/27/2026,06:23:58:621,0.000000,0.000000,1,-120.58,-120.58,0,0,
08/27/2026,06:23:58:623,0.000000,0.000000,2,-122.91,-122.91,0,0,
08/27/2026,06:23:58:673,0.000000,0.000000,4,-69.95,-69.95,0,0,
08/27/2026,06:23:58:791,0.000000,0.000000,3,-123,-123,0,0,
08/27/2026,06:23:58:866,0.000000,0.000000,1,-119.43,-119.43,0,0,
08/27/2026,06:23:58:869,0.000000,0.000000,2,-125.13,-125.13,0,0,
08/27/2026,06:23:58:952,0.000000,0.000000,4,-66.79,-66.79,0,0,
08/27/2026,06:23:59:060,0.000000,0.000000,3,-125.25,-125.25,0,0,
08/27/2026,06:23:59:107,0.000000,0.000000,1,-118.57,-118.57,0,0,
08/27/2026,06:23:59:123,0.000000,0.000000,2,-126.15,-126.15,0,0,
08/27/2026,06:23:59:195,0.000000,0.000000,4,-71.52,-71.52,0,0,
08/27/2026,06:23:59:300,0.000000,0.000000,3,-123.65,-123.65,0,0,
08/27/2026,06:23:59:363,0.000000,0.000000,1,-119.07,-119.07,0,0,
08/27/2026,06:23:59:382,0.000000,0.000000,2,-125.82,-125.82,0,0,
08/27/2026,06:23:59:449,0.000000,0.000000,4,-75.05,-75.05,0,0,
08/27/2026,06:23:59:562,0.000000,0.000000,3,-125.04,-125.04,0,0,
08/27/2026,06:23:59:630,0.000000,0.000000,1,-120.34,-120.34,0,0,
08/27/2026,06:23:59:648,0.000000,0.000000,2,-124.21,-124.21,0,0,
08/27/2026,06:23:59:713,0.000000,0.000000,4,-69.8,-69.8,0,0,
08/27/2026,06:23:59:824,0.000000,0.000000,3,-124.59,-124.59,0,0,
08/27/2026,06:23:59:888,0.000000,0.000000,1,-119.67,-119.67,0,0,
08/27/2026,06:23:59:905,0.000000,0.000000,2,-124.28,-124.28,0,0,
08/27/2026,06:23:59:976,0.000000,0.000000,4,-70.77,-70.77,0,0,
08/27/2026,06:24:00:084,0.000000,0.000000,3,-123.59,-123.59,0,0,
08/27/2026,06:24:00:161,0.000000,0.000000,1,-119.28,-119.28,0,0,
08/27/2026,06:24:00:166,0.000000,0.000000,2,-124.17,-124.17,0,0,
08/27/2026,06:24:00:251,0.000000,0.000000,4,-71.4,-71.4,0,0,
08/27/2026,06:24:00:341,0.000000,0.000000,3,-124.05,-124.05,0,0,
08/27/2026,06:24:00:459,0.000000,0.000000,1,-118.85,-118.85,0,0,
08/27/2026,06:24:00:468,0.000000,0.000000,2,-124.11,-124.11,0,0,
08/27/2026,06:24:00:563,0.000000,0.000000,4,-68.38,-68.38,0,0,
08/27/2026,06:24:00:619,0.000000,0.000000,3,-123.89,-123.89,0,0,
08/27/2026,06:24:00:694,0.000000,0.000000,1,-119.06,-119.06,0,0,
08/27/2026,06:24:00:695,0.000000,0.000000,2,-125.39,-125.39,0,0,
08/27/2026,06:24:00:776,0.000000,0.000000,4,-69.35,-69.35,0,0,
08/27/2026,06:24:00:869,0.000000,0.000000,3,-125.56,-125.56,0,0,
08/27/2026,06:24:00:935,0.000000,0.000000,1,-119.18,-119.18,0,0,
08/27/2026,06:24:00:952,0.000000,0.000000,2,-124.22,-124.22,0,0,
08/27/2026,06:24:01:023,0.000000,0.000000,4,-69.91,-69.91,0,0,
08/27/2026,06:24:01:128,0.000000,0.000000,3,-125.07,-125.07,0,0,
08/27/2026,06:24:01:212,0.000000,0.000000,1,-118.98,-118.98,0,0,
08/27/2026,06:24:01:218,0.000000,0.000000,2,-126.1,-126.1,0,0,
08/27/2026,06:24:01:284,0.000000,0.000000,4,-68.42,-68.42,0,0,
08/27/2026,06:24:01:390,0.000000,0.000000,3,-124.53,-124.53,0,0,
08/27/2026,06:24:01:462,0.000000,0.000000,1,-120.41,-120.41,0,0,
08/27/2026,06:24:01:496,0.000000,0.000000,2,-125.24,-125.24,0,0,
08/27/2026,06:24:01:548,0.000000,0.000000,4,-82.65,-82.65,0,0,
08/27/2026,06:24:01:649,0.000000,0.000000,3,-121.91,-121.91,0,0,
08/27/2026,06:24:01:731,0.000000,0.000000,1,-117.66,-117.66,0,0,
08/27/2026,06:24:01:735,0.000000,0.000000,2,-125.49,-125.49,0,0,
08/27/2026,06:24:01:809,0.000000,0.000000,4,-69.57,-69.57,0,0,
08/27/2026,06:24:01:926,0.000000,0.000000,3,-123.8,-123.8,0,0,
08/27/2026,06:24:01:984,0.000000,0.000000,1,-119.55,-119.55,0,0,
08/27/2026,06:24:02:009,0.000000,0.000000,2,-122.65,-122.65,0,0,
08/27/2026,06:24:02:072,0.000000,0.000000,4,-69.73,-69.73,0,0,
08/27/2026,06:24:02:184,0.000000,0.000000,3,-125.41,-125.41,0,0,
08/27/2026,06:24:02:244,0.000000,0.000000,1,-118.86,-118.86,0,0,
08/27/2026,06:24:02:273,0.000000,0.000000,2,-125.26,-125.26,0,0,
08/27/2026,06:24:02:330,0.000000,0.000000,4,-78.32,-78.32,0,0,
08/27/2026,06:24:02:442,0.000000,0.000000,3,-126.46,-126.46,0,0,
08/27/2026,06:24:02:520,0.000000,0.000000,1,-119.03,-119.03,0,0,
08/27/2026,06:24:02:524,0.000000,0.000000,2,-125.58,-125.58,0,0,
08/27/2026,06:24:02:601,0.000000,0.000000,4,-70.05,-70.05,0,0,
08/27/2026,06:24:02:733,0.000000,0.000000,3,-123.31,-123.31,0,0,
08/27/2026,06:24:02:860,0.000000,0.000000,1,-120,-120,0,0,
08/27/2026,06:24:02:870,0.000000,0.000000,2,-124.16,-124.16,0,0,
08/27/2026,06:24:02:941,0.000000,0.000000,4,-68.02,-68.02,0,0,
08/27/2026,06:24:02:970,0.000000,0.000000,3,-126.2,-126.2,0,0,
08/27/2026,06:24:03:039,0.000000,0.000000,1,-119.25,-119.25,0,0,
08/27/2026,06:24:03:053,0.000000,0.000000,2,-124.48,-124.48,0,0,
08/27/2026,06:24:03:122,0.000000,0.000000,4,-76.78,-76.78,0,0,
08/27/2026,06:24:03:225,0.000000,0.000000,3,-124.42,-124.42,0,0,
08/27/2026,06:24:03:292,0.000000,0.000000,1,-120.25,-120.25,0,0,
08/27/2026,06:24:03:312,0.000000,0.000000,2,-124.73,-124.73,0,0,
08/27/2026,06:24:03:381,0.000000,0.000000,4,-71.58,-71.58,0,0,
08/27/2026,06:24:03:504,0.000000,0.000000,3,-125.14,-125.14,0,0,
08/27/2026,06:24:03:553,0.000000,0.000000,1,-119.25,-119.25,0,0,
08/27/2026,06:24:03:569,0.000000,0.000000,2,-124.12,-124.12,0,0,
08/27/2026,06:24:03:643,0.000000,0.000000,4,-67.44,-67.44,0,0,
08/27/2026,06:24:03:743,0.000000,0.000000,3,-122.69,-122.69,0,0,
08/27/2026,06:24:03:822,0.000000,0.000000,1,-120.83,-120.83,0,0,
08/27/2026,06:24:03:834,0.000000,0.000000,2,-126.12,-126.12,0,0,
08/27/2026,06:24:03:901,0.000000,0.000000,4,-73.88,-73.88,0,0,
08/27/2026,06:24:04:012,0.000000,0.000000,3,-125.71,-125.71,0,0,
08/27/2026,06:24:04:076,0.000000,0.000000,1,-119.8,-119.8,0,0,
08/27/2026,06:24:04:097,0.000000,0.000000,2,-124.56,-124.56,0,0,
08/27/2026,06:24:04:165,0.000000,0.000000,4,-70.71,-70.71,0,0,
08/27/2026,06:24:04:269,0.000000,0.000000,3,-126.34,-126.34,0,0,
08/27/2026,06:24:04:376,0.000000,0.000000,1,-121.59,-121.59,0,0,
08/27/2026,06:24:04:377,0.000000,0.000000,2,-124.62,-124.62,0,0,
08/27/2026,06:24:04:429,0.000000,0.000000,4,-68.85,-68.85,0,0,
08/27/2026,06:24:04:530,0.000000,0.000000,3,-124.4,-124.4,0,0,
08/27/2026,06:24:04:603,0.000000,0.000000,1,-119.21,-119.21,0,0,
08/27/2026,06:24:04:643,0.000000,0.000000,2,-126.17,-126.17,0,0,
08/27/2026,06:24:04:686,0.000000,0.000000,4,-72.67,-72.67,0,0,
08/27/2026,06:24:04:799,0.000000,0.000000,3,-121.49,-121.49,0,0,
08/27/2026,06:24:04:861,0.000000,0.000000,1,-119.09,-119.09,0,0,
08/27/2026,06:24:04:881,0.000000,0.000000,2,-125.37,-125.37,0,0,
08/27/2026,06:24:04:957,0.000000,0.000000,4,-72.32,-72.32,0,0,
08/27/2026,06:24:05:061,0.000000,0.000000,3,-122.31,-122.31,0,0,
08/27/2026,06:24:05:126,0.000000,0.000000,1,-118.45,-118.45,0,0,
08/27/2026,06:24:05:140,0.000000,0.000000,2,-125.6,-125.6,0,0,
08/27/2026,06:24:05:231,0.000000,0.000000,4,-68.83,-68.83,0,0,
08/27/2026,06:24:05:324,0.000000,0.000000,3,-123.06,-123.06,0,0,
08/27/2026,06:24:05:390,0.000000,0.000000,1,-119.08,-119.08,0,0,
08/27/2026,06:24:05:407,0.000000,0.000000,2,-123.41,-123.41,0,0,
08/27/2026,06:24:05:472,0.000000,0.000000,4,-75.45,-75.45,0,0,
08/27/2026,06:24:05:578,0.000000,0.000000,3,-125.7,-125.7,0,0,
08/27/2026,06:24:05:647,0.000000,0.000000,1,-118.52,-118.52,0,0,
08/27/2026,06:24:05:669,0.000000,0.000000,2,-124.9,-124.9,0,0,
08/27/2026,06:24:05:736,0.000000,0.000000,4,-80.85,-80.85,0,0,
08/27/2026,06:24:05:842,0.000000,0.000000,3,-126.53,-126.53,0,0,
08/27/2026,06:24:05:916,0.000000,0.000000,1,-122.3,-122.3,0,0,
08/27/2026,06:24:05:928,0.000000,0.000000,2,-124.9,-124.9,0,0,
08/27/2026,06:24:06:003,0.000000,0.000000,4,-70.04,-70.04,0,0,
08/27/2026,06:24:06:124,0.000000,0.000000,3,-122.91,-122.91,0,0,
08/27/2026,06:24:06:178,0.000000,0.000000,1,-121.84,-121.84,0,0,
08/27/2026,06:24:06:214,0.000000,0.000000,2,-123.31,-123.31,0,0,
08/27/2026,06:24:06:264,0.000000,0.000000,4,-79.35,-79.35,0,0,
08/27/2026,06:24:06:388,0.000000,0.000000,3,-125.26,-125.26,0,0,
08/27/2026,06:24:06:442,0.000000,0.000000,1,-121.56,-121.56,0,0,
08/27/2026,06:24:06:450,0.000000,0.000000,2,-124.78,-124.78,0,0,
08/27/2026,06:24:06:525,0.000000,0.000000,4,-81.83,-81.83,0,0,
08/27/2026,06:24:06:625,0.000000,0.000000,3,-124.34,-124.34,0,0,
08/27/2026,06:24:06:695,0.000000,0.000000,1,-120.19,-120.19,0,0,
08/27/2026,06:24:06:729,0.000000,0.000000,2,-123.53,-123.53,0,0,
08/27/2026,06:24:06:787,0.000000,0.000000,4,-75.05,-75.05,0,0,
08/27/2026,06:24:06:896,0.000000,0.000000,3,-122.24,-122.24,0,0,
08/27/2026,06:24:06:962,0.000000,0.000000,1,-122.46,-122.46,0,0,
08/27/2026,06:24:06:979,0.000000,0.000000,2,-125.21,-125.21,0,0,
08/27/2026,06:24:07:042,0.000000,0.000000,4,-81.87,-81.87,0,0,
08/27/2026,06:24:07:163,0.000000,0.000000,3,-123.93,-123.93,0,0,
08/27/2026,06:24:07:224,0.000000,0.000000,1,-118.5,-118.5,0,0,
08/27/2026,06:24:07:238,0.000000,0.000000,2,-124.19,-124.19,0,0,
08/27/2026,06:24:07:307,0.000000,0.000000,4,-83.13,-83.13,0,0,
08/27/2026,06:24:07:415,0.000000,0.000000,3,-123.89,-123.89,0,0,
08/27/2026,06:24:07:489,0.000000,0.000000,1,-120.12,-120.12,0,0,
08/27/2026,06:24:07:497,0.000000,0.000000,2,-124.88,-124.88,0,0,
08/27/2026,06:24:07:568,0.000000,0.000000,4,-71.26,-71.26,0,0,
08/27/2026,06:24:07:681,0.000000,0.000000,3,-125,-125,0,0,
08/27/2026,06:24:07:748,0.000000,0.000000,1,-120.43,-120.43,0,0,
08/27/2026,06:24:07:766,0.000000,0.000000,2,-123.07,-123.07,0,0,
08/27/2026,06:24:07:840,0.000000,0.000000,4,-82.71,-82.71,0,0,
08/27/2026,06:24:08:013,0.000000,0.000000,3,-126.19,-126.19,0,0,
08/27/2026,06:24:08:048,0.000000,0.000000,1,-120.05,-120.05,0,0,
08/27/2026,06:24:08:052,0.000000,0.000000,2,-123.36,-123.36,0,0,
08/27/2026,06:24:08:094,0.000000,0.000000,4,-86.92,-86.92,0,0,
08/27/2026,06:24:08:214,0.000000,0.000000,3,-126.15,-126.15,0,0,
08/27/2026,06:24:08:269,0.000000,0.000000,1,-121.4,-121.4,0,0,
08/27/2026,06:24:08:301,0.000000,0.000000,2,-124.82,-124.82,0,0,
08/27/2026,06:24:08:357,0.000000,0.000000,4,-74.97,-74.97,0,0,
08/27/2026,06:24:08:458,0.000000,0.000000,3,-123.11,-123.11,0,0,
08/27/2026,06:24:08:529,0.000000,0.000000,1,-119.08,-119.08,0,0,
08/27/2026,06:24:08:547,0.000000,0.000000,2,-123.49,-123.49,0,0,
08/27/2026,06:24:08:615,0.000000,0.000000,4,-80.27,-80.27,0,0,
08/27/2026,06:24:08:729,0.000000,0.000000,3,-124.49,-124.49,0,0,
08/27/2026,06:24:08:795,0.000000,0.000000,1,-119.53,-119.53,0,0,
08/27/2026,06:24:08:806,0.000000,0.000000,2,-123.18,-123.18,0,0,
08/27/2026,06:24:08:875,0.000000,0.000000,4,-85.8,-85.8,0,0,
08/27/2026,06:24:08:982,0.000000,0.000000,3,-123.35,-123.35,0,0,
08/27/2026,06:24:09:054,0.000000,0.000000,1,-118.78,-118.78,0,0,
08/27/2026,06:24:09:068,0.000000,0.000000,2,-121.53,-121.53,0,0,
08/27/2026,06:24:09:152,0.000000,0.000000,4,-73.07,-73.07,0,0,
08/27/2026,06:24:09:244,0.000000,0.000000,3,-123.29,-123.29,0,0,
08/27/2026,06:24:09:319,0.000000,0.000000,1,-122.25,-122.25,0,0,
08/27/2026,06:24:09:330,0.000000,0.000000,2,-125.84,-125.84,0,0,
08/27/2026,06:24:09:401,0.000000,0.000000,4,-81.95,-81.95,0,0,
08/27/2026,06:24:09:506,0.000000,0.000000,3,-123.96,-123.96,0,0,
08/27/2026,06:24:09:576,0.000000,0.000000,1,-121.32,-121.32,0,0,
08/27/2026,06:24:09:599,0.000000,0.000000,2,-124.06,-124.06,0,0,
08/27/2026,06:24:09:668,0.000000,0.000000,4,-80.88,-80.88,0,0,
08/27/2026,06:24:09:771,0.000000,0.000000,3,-124.3,-124.3,0,0,
08/27/2026,06:24:09:836,0.000000,0.000000,1,-118.33,-118.33,0,0,
08/27/2026,06:24:09:861,0.000000,0.000000,2,-123.44,-123.44,0,0,
08/27/2026,06:24:09:922,0.000000,0.000000,4,-79.89,-79.89,0,0,
08/27/2026,06:24:10:029,0.000000,0.000000,3,-124.15,-124.15,0,0,
08/27/2026,06:24:10:114,0.000000,0.000000,1,-119.75,-119.75,0,0,
08/27/2026,06:24:10:125,0.000000,0.000000,2,-123.73,-123.73,0,0,
08/27/2026,06:24:10:202,0.000000,0.000000,4,-77.31,-77.31,0,0,
08/27/2026,06:24:10:298,0.000000,0.000000,3,-121.53,-121.53,0,0,
08/27/2026,06:24:10:360,0.000000,0.000000,1,-119.21,-119.21,0,0,
08/27/2026,06:24:10:383,0.000000,0.000000,2,-125.38,-125.38,0,0,
08/27/2026,06:24:10:450,0.000000,0.000000,4,-79.93,-79.93,0,0,
08/27/2026,06:24:10:572,0.000000,0.000000,3,-124.93,-124.93,0,0,
08/27/2026,06:24:10:634,0.000000,0.000000,1,-119.67,-119.67,0,0,
08/27/2026,06:24:10:639,0.000000,0.000000,2,-124.84,-124.84,0,0,
08/27/2026,06:24:10:709,0.000000,0.000000,4,-80.22,-80.22,0,0,
08/27/2026,06:24:10:824,0.000000,0.000000,3,-123.06,-123.06,0,0,
08/27/2026,06:24:10:889,0.000000,0.000000,1,-120.08,-120.08,0,0,
08/27/2026,06:24:10:909,0.000000,0.000000,2,-122.95,-122.95,0,0,
08/27/2026,06:24:10:976,0.000000,0.000000,4,-82.55,-82.55,0,0,
08/27/2026,06:24:11:078,0.000000,0.000000,3,-126.61,-126.61,0,0,
08/27/2026,06:24:11:148,0.000000,0.000000,1,-118.06,-118.06,0,0,
08/27/2026,06:24:11:170,0.000000,0.000000,2,-122.89,-122.89,0,0,
08/27/2026,06:24:11:234,0.000000,0.000000,4,-83.33,-83.33,0,0,
08/27/2026,06:24:11:343,0.000000,0.000000,3,-125.04,-125.04,0,0,
08/27/2026,06:24:11:415,0.000000,0.000000,1,-120.14,-120.14,0,0,
08/27/2026,06:24:11:451,0.000000,0.000000,2,-123.17,-123.17,0,0,
08/27/2026,06:24:11:495,0.000000,0.000000,4,-73.57,-73.57,0,0,
08/27/2026,06:24:11:610,0.000000,0.000000,3,-124.12,-124.12,0,0,
08/27/2026,06:24:11:697,0.000000,0.000000,1,-118.27,-118.27,0,0,
08/27/2026,06:24:11:699,0.000000,0.000000,2,-123.16,-123.16,0,0,
08/27/2026,06:24:11:782,0.000000,0.000000,4,-73.79,-73.79,0,0,
08/27/2026,06:24:11:870,0.000000,0.000000,3,-123.26,-123.26,0,0,
08/27/2026,06:24:11:951,0.000000,0.000000,1,-121.44,-121.44,0,0,
08/27/2026,06:24:11:959,0.000000,0.000000,2,-126.58,-126.58,0,0,
08/27/2026,06:24:12:017,0.000000,0.000000,4,-76.11,-76.11,0,0,
08/27/2026,06:24:12:123,0.000000,0.000000,3,-122.59,-122.59,0,0,
08/27/2026,06:24:12:198,0.000000,0.000000,1,-120.23,-120.23,0,0,
08/27/2026,06:24:12:211,0.000000,0.000000,2,-125.57,-125.57,0,0,
08/27/2026,06:24:12:280,0.000000,0.000000,4,-76.61,-76.61,0,0,
08/27/2026,06:24:12:396,0.000000,0.000000,3,-125.81,-125.81,0,0,
08/27/2026,06:24:12:461,0.000000,0.000000,1,-120.19,-120.19,0,0,
08/27/2026,06:24:12:471,0.000000,0.000000,2,-125.94,-125.94,0,0,
08/27/2026,06:24:12:548,0.000000,0.000000,4,-83.92,-83.92,0,0,
08/27/2026,06:24:12:653,0.000000,0.000000,3,-125.33,-125.33,0,0,
08/27/2026,06:24:12:715,0.000000,0.000000,1,-118.37,-118.37,0,0,
08/27/2026,06:24:12:743,0.000000,0.000000,2,-122.58,-122.58,0,0,
08/27/2026,06:24:12:803,0.000000,0.000000,4,-87.45,-87.45,0,0,
08/27/2026,06:24:12:920,0.000000,0.000000,3,-124.04,-124.04,0,0,
08/27/2026,06:24:12:987,0.000000,0.000000,1,-121.76,-121.76,0,0,
08/27/2026,06:24:12:994,0.000000,0.000000,2,-123.56,-123.56,0,0,
08/27/2026,06:24:13:157,0.000000,0.000000,4,-75.72,-75.72,0,0,
08/27/2026,06:24:13:175,0.000000,0.000000,3,-123.03,-123.03,0,0,
08/27/2026,06:24:13:249,0.000000,0.000000,1,-121.43,-121.43,0,0,
08/27/2026,06:24:13:261,0.000000,0.000000,2,-124.11,-124.11,0,0,
08/27/2026,06:24:13:328,0.000000,0.000000,4,-88.11,-88.11,0,0,
08/27/2026,06:24:13:438,0.000000,0.000000,3,-124.34,-124.34,0,0,
08/27/2026,06:24:13:505,0.000000,0.000000,1,-119.07,-119.07,0,0,
08/27/2026,06:24:13:535,0.000000,0.000000,2,-124.83,-124.83,0,0,
08/27/2026,06:24:13:611,0.000000,0.000000,4,-78.55,-78.55,0,0,
08/27/2026,06:24:13:697,0.000000,0.000000,3,-124.78,-124.78,0,0,
08/27/2026,06:24:13:779,0.000000,0.000000,1,-119.55,-119.55,0,0,
08/27/2026,06:24:13:782,0.000000,0.000000,2,-123.59,-123.59,0,0,
08/27/2026,06:24:13:868,0.000000,0.000000,4,-72.58,-72.58,0,0,
08/27/2026,06:24:13:966,0.000000,0.000000,3,-126.1,-126.1,0,0,
08/27/2026,06:24:14:025,0.000000,0.000000,1,-119.86,-119.86,0,0,
08/27/2026,06:24:14:045,0.000000,0.000000,2,-124.99,-124.99,0,0,
08/27/2026,06:24:14:116,0.000000,0.000000,4,-83.25,-83.25,0,0,
08/27/2026,06:24:14:225,0.000000,0.000000,3,-122.71,-122.71,0,0,
08/27/2026,06:24:14:288,0.000000,0.000000,1,-119.87,-119.87,0,0,
08/27/2026,06:24:14:311,0.000000,0.000000,2,-123.13,-123.13,0,0,
08/27/2026,06:24:14:374,0.000000,0.000000,4,-73.46,-73.46,0,0,
08/27/2026,06:24:14:479,0.000000,0.000000,3,-125.95,-125.95,0,0,
08/27/2026,06:24:14:548,0.000000,0.000000,1,-120.77,-120.77,0,0,
08/27/2026,06:24:14:568,0.000000,0.000000,2,-124.78,-124.78,0,0,
08/27/2026,06:24:14:638,0.000000,0.000000,4,-71.77,-71.77,0,0,
08/27/2026,06:24:14:743,0.000000,0.000000,3,-123.73,-123.73,0,0,
08/27/2026,06:24:14:818,0.000000,0.000000,1,-119.1,-119.1,0,0,
08/27/2026,06:24:14:831,0.000000,0.000000,2,-123.4,-123.4,0,0,
08/27/2026,06:24:14:897,0.000000,0.000000,4,-82.83,-82.83,0,0,
08/27/2026,06:24:15:005,0.000000,0.000000,3,-126.01,-126.01,0,0,
08/27/2026,06:24:15:077,0.000000,0.000000,1,-119.04,-119.04,0,0,
08/27/2026,06:24:15:096,0.000000,0.000000,2,-125.31,-125.31,0,0,
08/27/2026,06:24:15:160,0.000000,0.000000,4,-78.8,-78.8,0,0,
08/27/2026,06:24:15:266,0.000000,0.000000,3,-123.16,-123.16,0,0,
08/27/2026,06:24:15:343,0.000000,0.000000,1,-122.02,-122.02,0,0,
08/27/2026,06:24:15:351,0.000000,0.000000,2,-125.15,-125.15,0,0,
08/27/2026,06:24:15:444,0.000000,0.000000,4,-72.45,-72.45,0,0,
08/27/2026,06:24:15:528,0.000000,0.000000,3,-121.04,-121.04,0,0,
08/27/2026,06:24:15:602,0.000000,0.000000,1,-120.45,-120.45,0,0,
08/27/2026,06:24:15:633,0.000000,0.000000,2,-126.05,-126.05,0,0,
08/27/2026,06:24:15:695,0.000000,0.000000,4,-78.26,-78.26,0,0,
08/27/2026,06:24:15:789,0.000000,0.000000,3,-122.8,-122.8,0,0,
08/27/2026,06:24:15:862,0.000000,0.000000,1,-121.29,-121.29,0,0,
08/27/2026,06:24:15:885,0.000000,0.000000,2,-125.45,-125.45,0,0,
08/27/2026,06:24:15:946,0.000000,0.000000,4,-74.45,-74.45,0,0,
08/27/2026,06:24:16:049,0.000000,0.000000,3,-125.09,-125.09,0,0,
08/27/2026,06:24:16:119,0.000000,0.000000,1,-121.59,-121.59,0,0,
08/27/2026,06:24:16:144,0.000000,0.000000,2,-123.54,-123.54,0,0,
08/27/2026,06:24:16:208,0.000000,0.000000,4,-78,-78,0,0,
08/27/2026,06:24:16:315,0.000000,0.000000,3,-125.27,-125.27,0,0,
08/27/2026,06:24:16:388,0.000000,0.000000,1,-120.36,-120.36,0,0,
08/27/2026,06:24:16:400,0.000000,0.000000,2,-124.08,-124.08,0,0,
08/27/2026,06:24:16:473,0.000000,0.000000,4,-73.53,-73.53,0,0,
08/27/2026,06:24:16:580,0.000000,0.000000,3,-123.91,-123.91,0,0,
08/27/2026,06:24:16:651,0.000000,0.000000,1,-117.88,-117.88,0,0,
08/27/2026,06:24:16:669,0.000000,0.000000,2,-125.62,-125.62,0,0,
08/27/2026,06:24:16:743,0.000000,0.000000,4,-73.65,-73.65,0,0,
08/27/2026,06:24:16:846,0.000000,0.000000,3,-123.87,-123.87,0,0,
08/27/2026,06:24:16:904,0.000000,0.000000,1,-117.54,-117.54,0,0,
08/27/2026,06:24:16:928,0.000000,0.000000,2,-125.42,-125.42,0,0,
08/27/2026,06:24:17:000,0.000000,0.000000,4,-75.72,-75.72,0,0,
08/27/2026,06:24:17:099,0.000000,0.000000,3,-123.94,-123.94,0,0,
08/27/2026,06:24:17:173,0.000000,0.000000,1,-117.96,-117.96,0,0,
08/27/2026,06:24:17:187,0.000000,0.000000,2,-124.23,-124.23,0,0,
08/27/2026,06:24:17:266,0.000000,0.000000,4,-71.16,-71.16,0,0,
08/27/2026,06:24:17:362,0.000000,0.000000,3,-125.49,-125.49,0,0,
08/27/2026,06:24:17:442,0.000000,0.000000,1,-117.91,-117.91,0,0,
08/27/2026,06:24:17:447,0.000000,0.000000,2,-125.69,-125.69,0,0,
08/27/2026,06:24:17:524,0.000000,0.000000,4,-75.49,-75.49,0,0,
08/27/2026,06:24:17:699,0.000000,0.000000,3,-123.31,-123.31,0,0,
08/27/2026,06:24:17:716,0.000000,0.000000,1,-119.29,-119.29,0,0,
08/27/2026,06:24:17:720,0.000000,0.000000,2,-125.17,-125.17,0,0,
08/27/2026,06:24:17:780,0.000000,0.000000,4,-75.27,-75.27,0,0,
08/27/2026,06:24:17:888,0.000000,0.000000,3,-127.12,-127.12,0,0,
08/27/2026,06:24:17:953,0.000000,0.000000,1,-120.33,-120.33,0,0,
08/27/2026,06:24:17:975,0.000000,0.000000,2,-123.13,-123.13,0,0,
08/27/2026,06:24:18:040,0.000000,0.000000,4,-72.58,-72.58,0,0,
08/27/2026,06:24:18:156,0.000000,0.000000,3,-122.62,-122.62,0,0,
08/27/2026,06:24:18:297,0.000000,0.000000,1,-120.2,-120.2,0,0,
08/27/2026,06:24:18:299,0.000000,0.000000,2,-124.76,-124.76,0,0,
08/27/2026,06:24:18:316,0.000000,0.000000,4,-80.65,-80.65,0,0,
08/27/2026,06:24:18:411,0.000000,0.000000,3,-123.19,-123.19,0,0,
08/27/2026,06:24:18:479,0.000000,0.000000,1,-120.34,-120.34,0,0,
08/27/2026,06:24:18:501,0.000000,0.000000,2,-122.77,-122.77,0,0,
08/27/2026,06:24:18:564,0.000000,0.000000,4,-79.74,-79.74,0,0,
08/27/2026,06:24:18:667,0.000000,0.000000,3,-122.35,-122.35,0,0,
08/27/2026,06:24:18:740,0.000000,0.000000,1,-119.01,-119.01,0,0,
08/27/2026,06:24:18:757,0.000000,0.000000,2,-123.83,-123.83,0,0,
08/27/2026,06:24:18:824,0.000000,0.000000,4,-73.6,-73.6,0,0,
08/27/2026,06:24:18:928,0.000000,0.000000,3,-123.96,-123.96,0,0,
08/27/2026,06:24:18:999,0.000000,0.000000,1,-119.17,-119.17,0,0,
08/27/2026,06:24:19:027,0.000000,0.000000,2,-124.24,-124.24,0,0,
08/27/2026,06:24:19:091,0.000000,0.000000,4,-79.38,-79.38,0,0,
08/27/2026,06:24:19:197,0.000000,0.000000,3,-125.5,-125.5,0,0,
08/27/2026,06:24:19:273,0.000000,0.000000,1,-121.55,-121.55,0,0,
08/27/2026,06:24:19:277,0.000000,0.000000,2,-126.58,-126.58,0,0,
08/27/2026,06:24:19:347,0.000000,0.000000,4,-77.98,-77.98,0,0,
08/27/2026,06:24:19:468,0.000000,0.000000,3,-125.62,-125.62,0,0,
08/27/2026,06:24:19:523,0.000000,0.000000,1,-119.26,-119.26,0,0,
08/27/2026,06:24:19:551,0.000000,0.000000,2,-123.93,-123.93,0,0,
08/27/2026,06:24:19:633,0.000000,0.000000,4,-75.42,-75.42,0,0,
08/27/2026,06:24:19:731,0.000000,0.000000,3,-124.45,-124.45,0,0,
08/27/2026,06:24:19:787,0.000000,0.000000,1,-119.93,-119.93,0,0,
08/27/2026,06:24:19:806,0.000000,0.000000,2,-123.64,-123.64,0,0,
08/27/2026,06:24:19:875,0.000000,0.000000,4,-75.87,-75.87,0,0,
08/27/2026,06:24:19:975,0.000000,0.000000,3,-124.1,-124.1,0,0,
08/27/2026,06:24:20:054,0.000000,0.000000,1,-119.76,-119.76,0,0,
08/27/2026,06:24:20:069,0.000000,0.000000,2,-124.04,-124.04,0,0,
08/27/2026,06:24:20:132,0.000000,0.000000,4,-76.08,-76.08,0,0,
08/27/2026,06:24:20:244,0.000000,0.000000,3,-124.53,-124.53,0,0,
08/27/2026,06:24:20:309,0.000000,0.000000,1,-119.83,-119.83,0,0,
08/27/2026,06:24:20:326,0.000000,0.000000,2,-125.35,-125.35,0,0,
08/27/2026,06:24:20:398,0.000000,0.000000,4,-85.55,-85.55,0,0,
08/27/2026,06:24:20:508,0.000000,0.000000,3,-123.5,-123.5,0,0,
08/27/2026,06:24:20:570,0.000000,0.000000,1,-120.72,-120.72,0,0,
08/27/2026,06:24:20:594,0.000000,0.000000,2,-125.86,-125.86,0,0,
08/27/2026,06:24:20:656,0.000000,0.000000,4,-79.51,-79.51,0,0,
08/27/2026,06:24:20:767,0.000000,0.000000,3,-123.15,-123.15,0,0,
08/27/2026,06:24:20:836,0.000000,0.000000,1,-118.83,-118.83,0,0,
08/27/2026,06:24:20:850,0.000000,0.000000,2,-125.43,-125.43,0,0,
08/27/2026,06:24:20:938,0.000000,0.000000,4,-83.82,-83.82,0,0,
08/27/2026,06:24:21:036,0.000000,0.000000,3,-126.53,-126.53,0,0,
08/27/2026,06:24:21:108,0.000000,0.000000,1,-121.45,-121.45,0,0,
08/27/2026,06:24:21:112,0.000000,0.000000,2,-123.97,-123.97,0,0,
08/27/2026,06:24:21:192,0.000000,0.000000,4,-79.67,-79.67,0,0,
08/27/2026,06:24:21:288,0.000000,0.000000,3,-125.49,-125.49,0,0,
08/27/2026,06:24:21:354,0.000000,0.000000,1,-120.72,-120.72,0,0,
08/27/2026,06:24:21:372,0.000000,0.000000,2,-126.18,-126.18,0,0,
08/27/2026,06:24:21:443,0.000000,0.000000,4,-76.73,-76.73,0,0,
08/27/2026,06:24:21:547,0.000000,0.000000,3,-124.16,-124.16,0,0,
08/27/2026,06:24:21:619,0.000000,0.000000,1,-120.42,-120.42,0,0,
08/27/2026,06:24:21:635,0.000000,0.000000,2,-123.34,-123.34,0,0,
08/27/2026,06:24:21:712,0.000000,0.000000,4,-76.99,-76.99,0,0,
08/27/2026,06:24:21:811,0.000000,0.000000,3,-126.57,-126.57,0,0,
08/27/2026,06:24:21:878,0.000000,0.000000,1,-121,-121,0,0,
08/27/2026,06:24:21:904,0.000000,0.000000,2,-125.74,-125.74,0,0,
08/27/2026,06:24:21:969,0.000000,0.000000,4,-78.64,-78.64,0,0,
08/27/2026,06:24:22:086,0.000000,0.000000,3,-123.97,-123.97,0,0,
08/27/2026,06:24:22:153,0.000000,0.000000,1,-118.03,-118.03,0,0,
08/27/2026,06:24:22:158,0.000000,0.000000,2,-124.25,-124.25,0,0,
08/27/2026,06:24:22:227,0.000000,0.000000,4,-73.21,-73.21,0,0,
08/27/2026,06:24:22:334,0.000000,0.000000,3,-126.15,-126.15,0,0,
08/27/2026,06:24:22:408,0.000000,0.000000,1,-119.48,-119.48,0,0,
08/27/2026,06:24:22:419,0.000000,0.000000,2,-123.1,-123.1,0,0,
08/27/2026,06:24:22:495,0.000000,0.000000,4,-73.86,-73.86,0,0,
08/27/2026,06:24:22:601,0.000000,0.000000,3,-124.2,-124.2,0,0,
08/27/2026,06:24:22:670,0.000000,0.000000,1,-118.82,-118.82,0,0,
08/27/2026,06:24:22:686,0.000000,0.000000,2,-125.49,-125.49,0,0,
08/27/2026,06:24:22:761,0.000000,0.000000,4,-70.94,-70.94,0,0,
08/27/2026,06:24:22:861,0.000000,0.000000,3,-122.43,-122.43,0,0,
08/27/2026,06:24:22:932,0.000000,0.000000,1,-121.42,-121.42,0,0,
08/27/2026,06:24:22:942,0.000000,0.000000,2,-125.02,-125.02,0,0,
08/27/2026,06:24:23:020,0.000000,0.000000,4,-73.4,-73.4,0,0,
08/27/2026,06:24:23:195,0.000000,0.000000,3,-122.4,-122.4,0,0,
08/27/2026,06:24:23:236,0.000000,0.000000,1,-119.8,-119.8,0,0,
08/27/2026,06:24:23:237,0.000000,0.000000,2,-126.26,-126.26,0,0,
08/27/2026,06:24:23:314,0.000000,0.000000,4,-74.65,-74.65,0,0,
08/27/2026,06:24:23:450,0.000000,0.000000,3,-125.36,-125.36,0,0,
08/27/2026,06:24:23:468,0.000000,0.000000,1,-120.6,-120.6,0,0,
08/27/2026,06:24:23:476,0.000000,0.000000,2,-125.27,-125.27,0,0,
08/27/2026,06:24:23:541,0.000000,0.000000,4,-72.35,-72.35,0,0,
08/27/2026,06:24:23:643,0.000000,0.000000,3,-122.15,-122.15,0,0,
08/27/2026,06:24:23:720,0.000000,0.000000,1,-120.36,-120.36,0,0,
08/27/2026,06:24:23:732,0.000000,0.000000,2,-124.78,-124.78,0,0,
08/27/2026,06:24:23:821,0.000000,0.000000,4,-76.74,-76.74,0,0,
08/27/2026,06:24:23:912,0.000000,0.000000,3,-124.04,-124.04,0,0,
08/27/2026,06:24:23:979,0.000000,0.000000,1,-119.16,-119.16,0,0,
08/27/2026,06:24:23:997,0.000000,0.000000,2,-126.03,-126.03,0,0,
08/27/2026,06:24:24:067,0.000000,0.000000,4,-72.12,-72.12,0,0,
08/27/2026,06:24:24:171,0.000000,0.000000,3,-124.4,-124.4,0,0,
08/27/2026,06:24:24:235,0.000000,0.000000,1,-119.12,-119.12,0,0,
08/27/2026,06:24:24:260,0.000000,0.000000,2,-125.52,-125.52,0,0,
08/27/2026,06:24:24:326,0.000000,0.000000,4,-70.81,-70.81,0,0,
08/27/2026,06:24:24:428,0.000000,0.000000,3,-125.97,-125.97,0,0,
08/27/2026,06:24:24:502,0.000000,0.000000,1,-117.67,-117.67,0,0,
08/27/2026,06:24:24:514,0.000000,0.000000,2,-125.32,-125.32,0,0,
08/27/2026,06:24:24:590,0.000000,0.000000,4,-74.66,-74.66,0,0,
08/27/2026,06:24:24:691,0.000000,0.000000,3,-124.18,-124.18,0,0,
08/27/2026,06:24:24:788,0.000000,0.000000,1,-118.56,-118.56,0,0,
08/27/2026,06:24:24:790,0.000000,0.000000,2,-124.21,-124.21,0,0,
08/27/2026,06:24:24:875,0.000000,0.000000,4,-78.03,-78.03,0,0,
08/27/2026,06:24:24:960,0.000000,0.000000,3,-123.82,-123.82,0,0,
08/27/2026,06:24:25:041,0.000000,0.000000,1,-119.16,-119.16,0,0,
08/27/2026,06:24:25:045,0.000000,0.000000,2,-124.85,-124.85,0,0,
08/27/2026,06:24:25:114,0.000000,0.000000,4,-72.79,-72.79,0,0,
08/27/2026,06:24:25:216,0.000000,0.000000,3,-125.38,-125.38,0,0,
08/27/2026,06:24:25:288,0.000000,0.000000,1,-120.93,-120.93,0,0,
08/27/2026,06:24:25:303,0.000000,0.000000,2,-123.07,-123.07,0,0,
08/27/2026,06:24:25:374,0.000000,0.000000,4,-72.99,-72.99,0,0,
08/27/2026,06:24:25:474,0.000000,0.000000,3,-124.67,-124.67,0,0,
08/27/2026,06:24:25:545,0.000000,0.000000,1,-121.13,-121.13,0,0,
08/27/2026,06:24:25:574,0.000000,0.000000,2,-122.02,-122.02,0,0,
08/27/2026,06:24:25:637,0.000000,0.000000,4,-76.25,-76.25,0,0,
08/27/2026,06:24:25:736,0.000000,0.000000,3,-125.63,-125.63,0,0,
08/27/2026,06:24:25:808,0.000000,0.000000,1,-118.37,-118.37,0,0,
08/27/2026,06:24:25:832,0.000000,0.000000,2,-122.72,-122.72,0,0,
08/27/2026,06:24:25:893,0.000000,0.000000,4,-69.65,-69.65,0,0,
08/27/2026,06:24:26:001,0.000000,0.000000,3,-124.8,-124.8,0,0,
08/27/2026,06:24:26:067,0.000000,0.000000,1,-121.48,-121.48,0,0,
08/27/2026,06:24:26:090,0.000000,0.000000,2,-124.36,-124.36,0,0,
08/27/2026,06:24:26:156,0.000000,0.000000,4,-70.98,-70.98,0,0,
08/27/2026,06:24:26:265,0.000000,0.000000,3,-124.36,-124.36,0,0,
08/27/2026,06:24:26:329,0.000000,0.000000,1,-122.4,-122.4,0,0,
08/27/2026,06:24:26:348,0.000000,0.000000,2,-125.29,-125.29,0,0,
08/27/2026,06:24:26:422,0.000000,0.000000,4,-76.25,-76.25,0,0,
08/27/2026,06:24:26:538,0.000000,0.000000,3,-123.4,-123.4,0,0,
08/27/2026,06:24:26:632,0.000000,0.000000,1,-119.09,-119.09,0,0,
08/27/2026,06:24:26:634,0.000000,0.000000,2,-123.56,-123.56,0,0,
08/27/2026,06:24:26:681,0.000000,0.000000,4,-70.39,-70.39,0,0,
08/27/2026,06:24:26:808,0.000000,0.000000,3,-123.83,-123.83,0,0,
08/27/2026,06:24:26:881,0.000000,0.000000,1,-119.15,-119.15,0,0,
08/27/2026,06:24:26:883,0.000000,0.000000,2,-124.94,-124.94,0,0,
08/27/2026,06:24:26:948,0.000000,0.000000,4,-75.66,-75.66,0,0,
08/27/2026,06:24:27:047,0.000000,0.000000,3,-122.9,-122.9,0,0,
08/27/2026,06:24:27:123,0.000000,0.000000,1,-121.48,-121.48,0,0,
08/27/2026,06:24:27:139,0.000000,0.000000,2,-124.76,-124.76,0,0,
08/27/2026,06:24:27:208,0.000000,0.000000,4,-78.92,-78.92,0,0,
08/27/2026,06:24:27:312,0.000000,0.000000,3,-125.45,-125.45,0,0,
08/27/2026,06:24:27:378,0.000000,0.000000,1,-119.61,-119.61,0,0,
08/27/2026,06:24:27:401,0.000000,0.000000,2,-124.99,-124.99,0,0,
08/27/2026,06:24:27:464,0.000000,0.000000,4,-82.37,-82.37,0,0,
08/27/2026,06:24:27:571,0.000000,0.000000,3,-125.74,-125.74,0,0,
08/27/2026,06:24:27:647,0.000000,0.000000,1,-120.62,-120.62,0,0,
08/27/2026,06:24:27:659,0.000000,0.000000,2,-125.65,-125.65,0,0,
08/27/2026,06:24:27:729,0.000000,0.000000,4,-68.76,-68.76,0,0,
08/27/2026,06:24:27:836,0.000000,0.000000,3,-123.07,-123.07,0,0,
08/27/2026,06:24:27:902,0.000000,0.000000,1,-120.7,-120.7,0,0,
08/27/2026,06:24:27:918,0.000000,0.000000,2,-125.25,-125.25,0,0,
08/27/2026,06:24:27:992,0.000000,0.000000,4,-68.82,-68.82,0,0,
08/27/2026,06:24:28:092,0.000000,0.000000,3,-124.36,-124.36,0,0,
08/27/2026,06:24:28:163,0.000000,0.000000,1,-119.82,-119.82,0,0,
08/27/2026,06:24:28:181,0.000000,0.000000,2,-123.65,-123.65,0,0,
08/27/2026,06:24:28:255,0.000000,0.000000,4,-70.39,-70.39,0,0,
08/27/2026,06:24:28:363,0.000000,0.000000,3,-124.41,-124.41,0,0,
08/27/2026,06:24:28:425,0.000000,0.000000,1,-118.41,-118.41,0,0,
08/27/2026,06:24:28:441,0.000000,0.000000,2,-123.55,-123.55,0,0,
08/27/2026,06:24:29:514,0.000000,0.000000,4,-71.19,-71.19,0,0,
08/27/2026,06:24:29:996,0.000000,0.000000,3,-125.42,-125.42,0,0,
08/27/2026,06:24:30:014,0.000000,0.000000,1,-120.28,-120.28,0,0,
08/27/2026,06:24:30:017,0.000000,0.000000,2,-123.4,-123.4,0,0,
08/27/2026,06:24:30:040,0.000000,0.000000,4,-62.88,-62.88,0,0,
08/27/2026,06:24:30:078,0.000000,0.000000,3,-127.05,-127.05,0,0,
08/27/2026,06:24:30:093,0.000000,0.000000,1,-117.69,-117.69,0,0,
08/27/2026,06:24:30:103,0.000000,0.000000,2,-123.66,-123.66,0,0,
08/27/2026,06:24:30:120,0.000000,0.000000,4,-61.67,-61.67,0,0,
08/27/2026,06:24:30:148,0.000000,0.000000,3,-125.72,-125.72,0,0,
08/27/2026,06:24:30:164,0.000000,0.000000,1,-118.69,-118.69,0,0,
08/27/2026,06:24:30:167,0.000000,0.000000,2,-123.39,-123.39,0,0,
08/27/2026,06:24:30:187,0.000000,0.000000,4,-59.17,-59.17,0,0,
08/27/2026,06:24:30:245,0.000000,0.000000,3,-123.93,-123.93,0,0,
08/27/2026,06:24:30:287,0.000000,0.000000,1,-118.66,-118.66,0,0,
08/27/2026,06:24:30:291,0.000000,0.000000,2,-125.04,-125.04,0,0,
08/27/2026,06:24:30:328,0.000000,0.000000,4,-59.02,-59.02,0,0,
08/27/2026,06:24:30:383,0.000000,0.000000,3,-123.07,-123.07,0,0,
08/27/2026,06:24:30:429,0.000000,0.000000,1,-120.7,-120.7,0,0,
08/27/2026,06:24:30:431,0.000000,0.000000,2,-124.26,-124.26,0,0,
08/27/2026,06:24:30:481,0.000000,0.000000,4,-67.04,-67.04,0,0,
08/27/2026,06:24:30:560,0.000000,0.000000,3,-122.77,-122.77,0,0,
08/27/2026,06:24:30:580,0.000000,0.000000,1,-119.02,-119.02,0,0,
08/27/2026,06:24:30:611,0.000000,0.000000,2,-125.36,-125.36,0,0,
08/27/2026,06:24:30:623,0.000000,0.000000,4,-60.11,-60.11,0,0,
08/27/2026,06:24:30:674,0.000000,0.000000,3,-123.95,-123.95,0,0,
08/27/2026,06:24:30:698,0.000000,0.000000,1,-123.4,-123.4,0,0,
08/27/2026,06:24:30:712,0.000000,0.000000,2,-125.06,-125.06,0,0,
08/27/2026,06:24:30:727,0.000000,0.000000,4,-57.28,-57.28,0,0,
08/27/2026,06:24:30:751,0.000000,0.000000,3,-124.61,-124.61,0,0,
08/27/2026,06:24:30:766,0.000000,0.000000,1,-119.95,-119.95,0,0,
08/27/2026,06:24:30:770,0.000000,0.000000,2,-124.03,-124.03,0,0,
08/27/2026,06:24:30:790,0.000000,0.000000,4,-60.09,-60.09,0,0,
08/27/2026,06:24:30:821,0.000000,0.000000,3,-124.42,-124.42,0,0,
08/27/2026,06:24:30:845,0.000000,0.000000,1,-121.2,-121.2,0,0,
08/27/2026,06:24:30:847,0.000000,0.000000,2,-125.32,-125.32,0,0,
08/27/2026,06:24:30:870,0.000000,0.000000,4,-80.74,-80.74,0,0,
08/27/2026,06:24:30:993,0.000000,0.000000,3,-123.97,-123.97,0,0,
08/27/2026,06:24:31:047,0.000000,0.000000,1,-117.51,-117.51,0,0,
08/27/2026,06:24:31:061,0.000000,0.000000,2,-124.1,-124.1,0,0,
08/27/2026,06:24:31:131,0.000000,0.000000,4,-69.36,-69.36,0,0,
08/27/2026,06:24:31:254,0.000000,0.000000,3,-123.79,-123.79,0,0,
08/27/2026,06:24:31:308,0.000000,0.000000,1,-119.69,-119.69,0,0,
08/27/2026,06:24:31:325,0.000000,0.000000,2,-122.34,-122.34,0,0,
08/27/2026,06:24:31:394,0.000000,0.000000,4,-73.05,-73.05,0,0,
08/27/2026,06:24:31:498,0.000000,0.000000,3,-123.1,-123.1,0,0,
08/27/2026,06:24:31:578,0.000000,0.000000,1,-120.54,-120.54,0,0,
08/27/2026,06:24:31:597,0.000000,0.000000,2,-123.1,-123.1,0,0,
08/27/2026,06:24:31:673,0.000000,0.000000,4,-79.45,-79.45,0,0,
08/27/2026,06:24:31:760,0.000000,0.000000,3,-123.3,-123.3,0,0,
08/27/2026,06:24:31:846,0.000000,0.000000,1,-118.49,-118.49,0,0,
08/27/2026,06:24:31:857,0.000000,0.000000,2,-125.82,-125.82,0,0,
08/27/2026,06:24:31:917,0.000000,0.000000,4,-82.33,-82.33,0,0,
08/27/2026,06:24:32:027,0.000000,0.000000,3,-125.53,-125.53,0,0,
08/27/2026,06:24:32:096,0.000000,0.000000,1,-119.74,-119.74,0,0,
08/27/2026,06:24:32:109,0.000000,0.000000,2,-123.95,-123.95,0,0,
08/27/2026,06:24:32:202,0.000000,0.000000,4,-84.63,-84.63,0,0,
08/27/2026,06:24:32:286,0.000000,0.000000,3,-125.05,-125.05,0,0,
08/27/2026,06:24:32:378,0.000000,0.000000,1,-118.92,-118.92,0,0,
08/27/2026,06:24:32:389,0.000000,0.000000,2,-126.02,-126.02,0,0,
08/27/2026,06:24:32:444,0.000000,0.000000,4,-90,-90,0,0,
08/27/2026,06:24:32:546,0.000000,0.000000,3,-124.83,-124.83,0,0,
08/27/2026,06:24:32:619,0.000000,0.000000,1,-118.53,-118.53,0,0,
08/27/2026,06:24:32:630,0.000000,0.000000,2,-123.78,-123.78,0,0,
08/27/2026,06:24:32:706,0.000000,0.000000,4,-77.53,-77.53,0,0,
08/27/2026,06:24:32:804,0.000000,0.000000,3,-124.17,-124.17,0,0,
08/27/2026,06:24:32:875,0.000000,0.000000,1,-119.84,-119.84,0,0,
08/27/2026,06:24:32:904,0.000000,0.000000,2,-122.71,-122.71,0,0,
08/27/2026,06:24:32:962,0.000000,0.000000,4,-74.89,-74.89,0,0,
08/27/2026,06:24:33:070,0.000000,0.000000,3,-122.07,-122.07,0,0,
08/27/2026,06:24:33:148,0.000000,0.000000,1,-118.92,-118.92,0,0,
08/27/2026,06:24:33:154,0.000000,0.000000,2,-125.82,-125.82,0,0,
08/27/2026,06:24:33:232,0.000000,0.000000,4,-88.61,-88.61,0,0,
08/27/2026,06:24:33:335,0.000000,0.000000,3,-121.02,-121.02,0,0,
08/27/2026,06:24:33:417,0.000000,0.000000,1,-121.04,-121.04,0,0,
08/27/2026,06:24:33:420,0.000000,0.000000,2,-123.67,-123.67,0,0,
08/27/2026,06:24:33:486,0.000000,0.000000,4,-83.41,-83.41,0,0,
08/27/2026,06:24:33:605,0.000000,0.000000,3,-122.79,-122.79,0,0,
08/27/2026,06:24:33:662,0.000000,0.000000,1,-119.59,-119.59,0,0,
08/27/2026,06:24:33:677,0.000000,0.000000,2,-123.34,-123.34,0,0,
08/27/2026,06:24:33:750,0.000000,0.000000,4,-72.42,-72.42,0,0,
08/27/2026,06:24:33:854,0.000000,0.000000,3,-124.01,-124.01,0,0,
08/27/2026,06:24:33:961,0.000000,0.000000,1,-120.12,-120.12,0,0,
08/27/2026,06:24:33:966,0.000000,0.000000,2,-123.85,-123.85,0,0,
08/27/2026,06:24:34:016,0.000000,0.000000,4,-73.13,-73.13,0,0,
08/27/2026,06:24:34:132,0.000000,0.000000,3,-125.19,-125.19,0,0,
08/27/2026,06:24:34:183,0.000000,0.000000,1,-119.99,-119.99,0,0,
08/27/2026,06:24:34:217,0.000000,0.000000,2,-126.5,-126.5,0,0,
08/27/2026,06:24:34:285,0.000000,0.000000,4,-75.12,-75.12,0,0,
08/27/2026,06:24:34:378,0.000000,0.000000,3,-122.77,-122.77,0,0,
08/27/2026,06:24:34:453,0.000000,0.000000,1,-120.01,-120.01,0,0,
08/27/2026,06:24:34:462,0.000000,0.000000,2,-124.28,-124.28,0,0,
08/27/2026,06:24:34:543,0.000000,0.000000,4,-73.95,-73.95,0,0,
08/27/2026,06:24:34:638,0.000000,0.000000,3,-124.88,-124.88,0,0,
08/27/2026,06:24:34:714,0.000000,0.000000,1,-120.86,-120.86,0,0,
08/27/2026,06:24:34:731,0.000000,0.000000,2,-123.39,-123.39,0,0,
08/27/2026,06:24:34:794,0.000000,0.000000,4,-84.73,-84.73,0,0,
08/27/2026,06:24:34:902,0.000000,0.000000,3,-125.61,-125.61,0,0,
08/27/2026,06:24:34:970,0.000000,0.000000,1,-120.36,-120.36,0,0,
08/27/2026,06:24:34:992,0.000000,0.000000,2,-123.75,-123.75,0,0,
08/27/2026,06:24:35:600,0.000000,0.000000,4,-77.83,-77.83,0,0,
08/27/2026,06:24:35:631,0.000000,0.000000,3,-126.42,-126.42,0,0,
08/27/2026,06:24:35:652,0.000000,0.000000,1,-120.8,-120.8,0,0,
08/27/2026,06:24:35:654,0.000000,0.000000,2,-124.46,-124.46,0,0,
08/27/2026,06:24:35:678,0.000000,0.000000,4,-76.24,-76.24,0,0,
08/27/2026,06:24:35:709,0.000000,0.000000,3,-124.09,-124.09,0,0,
08/27/2026,06:24:35:732,0.000000,0.000000,1,-117.7,-117.7,0,0,
08/27/2026,06:24:35:736,0.000000,0.000000,2,-125.2,-125.2,0,0,
08/27/2026,06:24:35:750,0.000000,0.000000,4,-78.49,-78.49,0,0,
08/27/2026,06:24:35:778,0.000000,0.000000,3,-124.6,-124.6,0,0,
08/27/2026,06:24:35:794,0.000000,0.000000,1,-119.34,-119.34,0,0,
08/27/2026,06:24:35:797,0.000000,0.000000,2,-124.07,-124.07,0,0,
08/27/2026,06:24:35:844,0.000000,0.000000,4,-82.85,-82.85,0,0,
08/27/2026,06:24:35:977,0.000000,0.000000,3,-125.99,-125.99,0,0,
08/27/2026,06:24:36:025,0.000000,0.000000,1,-118.99,-118.99,0,0,
08/27/2026,06:24:36:060,0.000000,0.000000,2,-122.66,-122.66,0,0,
08/27/2026,06:24:36:105,0.000000,0.000000,4,-80.83,-80.83,0,0,
08/27/2026,06:24:36:228,0.000000,0.000000,3,-124,-124,0,0,
08/27/2026,06:24:36:277,0.000000,0.000000,1,-119.83,-119.83,0,0,
08/27/2026,06:24:36:298,0.000000,0.000000,2,-124.85,-124.85,0,0,
08/27/2026,06:24:36:383,0.000000,0.000000,4,-81.57,-81.57,0,0,
08/27/2026,06:24:36:474,0.000000,0.000000,3,-124.89,-124.89,0,0,
08/27/2026,06:24:36:541,0.000000,0.000000,1,-118.67,-118.67,0,0,
08/27/2026,06:24:36:558,0.000000,0.000000,2,-125.49,-125.49,0,0,
08/27/2026,06:24:36:635,0.000000,0.000000,4,-81.73,-81.73,0,0,
08/27/2026,06:24:36:733,0.000000,0.000000,3,-122.11,-122.11,0,0,
08/27/2026,06:24:36:805,0.000000,0.000000,1,-118.3,-118.3,0,0,
08/27/2026,06:24:36:820,0.000000,0.000000,2,-121.79,-121.79,0,0,
08/27/2026,06:24:36:899,0.000000,0.000000,4,-80.91,-80.91,0,0,
08/27/2026,06:24:36:998,0.000000,0.000000,3,-124.73,-124.73,0,0,
08/27/2026,06:24:37:069,0.000000,0.000000,1,-118.64,-118.64,0,0,
08/27/2026,06:24:37:085,0.000000,0.000000,2,-123.3,-123.3,0,0,
08/27/2026,06:24:37:155,0.000000,0.000000,4,-74.91,-74.91,0,0,
08/27/2026,06:24:37:258,0.000000,0.000000,3,-124.22,-124.22,0,0,
08/27/2026,06:24:37:326,0.000000,0.000000,1,-118.97,-118.97,0,0,
08/27/2026,06:24:37:345,0.000000,0.000000,2,-125.41,-125.41,0,0,
08/27/2026,06:24:37:415,0.000000,0.000000,4,-82.51,-82.51,0,0,
08/27/2026,06:24:37:525,0.000000,0.000000,3,-124.24,-124.24,0,0,
08/27/2026,06:24:37:591,0.000000,0.000000,1,-119.35,-119.35,0,0,
08/27/2026,06:24:37:610,0.000000,0.000000,2,-123.3,-123.3,0,0,
08/27/2026,06:24:37:676,0.000000,0.000000,4,-76.89,-76.89,0,0,
08/27/2026,06:24:37:781,0.000000,0.000000,3,-123.62,-123.62,0,0,
08/27/2026,06:24:37:856,0.000000,0.000000,1,-120.77,-120.77,0,0,
08/27/2026,06:24:37:899,0.000000,0.000000,2,-123.54,-123.54,0,0,
08/27/2026,06:24:37:941,0.000000,0.000000,4,-77.11,-77.11,0,0,
08/27/2026,06:24:38:060,0.000000,0.000000,3,-122.73,-122.73,0,0,
08/27/2026,06:24:38:111,0.000000,0.000000,1,-119.38,-119.38,0,0,
08/27/2026,06:24:38:135,0.000000,0.000000,2,-124.91,-124.91,0,0,
08/27/2026,06:24:38:202,0.000000,0.000000,4,-74.45,-74.45,0,0,
08/27/2026,06:24:38:305,0.000000,0.000000,3,-123.35,-123.35,0,0,
08/27/2026,06:24:38:378,0.000000,0.000000,1,-116.46,-116.46,0,0,
08/27/2026,06:24:38:393,0.000000,0.000000,2,-124.82,-124.82,0,0,
08/27/2026,06:24:38:460,0.000000,0.000000,4,-75.97,-75.97,0,0,
08/27/2026,06:24:38:570,0.000000,0.000000,3,-122.18,-122.18,0,0,
08/27/2026,06:24:38:641,0.000000,0.000000,1,-117.46,-117.46,0,0,
08/27/2026,06:24:38:653,0.000000,0.000000,2,-123.9,-123.9,0,0,
08/27/2026,06:24:38:734,0.000000,0.000000,4,-76.28,-76.28,0,0,
08/27/2026,06:24:38:827,0.000000,0.000000,3,-124.85,-124.85,0,0,
08/27/2026,06:24:38:896,0.000000,0.000000,1,-119.23,-119.23,0,0,
08/27/2026,06:24:38:915,0.000000,0.000000,2,-125.29,-125.29,0,0,
08/27/2026,06:24:38:989,0.000000,0.000000,4,-73.1,-73.1,0,0,
08/27/2026,06:24:39:090,0.000000,0.000000,3,-123.72,-123.72,0,0,
08/27/2026,06:24:39:172,0.000000,0.000000,1,-117.98,-117.98,0,0,
08/27/2026,06:24:39:175,0.000000,0.000000,2,-123.5,-123.5,0,0,
08/27/2026,06:24:39:245,0.000000,0.000000,4,-77.69,-77.69,0,0,
08/27/2026,06:24:39:354,0.000000,0.000000,3,-124.45,-124.45,0,0,
08/27/2026,06:24:39:422,0.000000,0.000000,1,-120.08,-120.08,0,0,
08/27/2026,06:24:39:441,0.000000,0.000000,2,-125.49,-125.49,0,0,
08/27/2026,06:24:39:512,0.000000,0.000000,4,-77.11,-77.11,0,0,
08/27/2026,06:24:39:623,0.000000,0.000000,3,-121.98,-121.98,0,0,
08/27/2026,06:24:39:691,0.000000,0.000000,1,-117.24,-117.24,0,0,
08/27/2026,06:24:39:714,0.000000,0.000000,2,-122.79,-122.79,0,0,
08/27/2026,06:24:39:790,0.000000,0.000000,4,-77.96,-77.96,0,0,
08/27/2026,06:24:39:888,0.000000,0.000000,3,-124.53,-124.53,0,0,
08/27/2026,06:24:39:963,0.000000,0.000000,1,-118.87,-118.87,0,0,
08/27/2026,06:24:39:966,0.000000,0.000000,2,-123.04,-123.04,0,0,
08/27/2026,06:24:40:044,0.000000,0.000000,4,-80.52,-80.52,0,0,
08/27/2026,06:24:40:137,0.000000,0.000000,3,-122.69,-122.69,0,0,
08/27/2026,06:24:40:220,0.000000,0.000000,1,-117.7,-117.7,0,0,
08/27/2026,06:24:40:225,0.000000,0.000000,2,-125.74,-125.74,0,0,
08/27/2026,06:24:40:303,0.000000,0.000000,4,-75.33,-75.33,0,0,
08/27/2026,06:24:40:406,0.000000,0.000000,3,-124.65,-124.65,0,0,
08/27/2026,06:24:40:469,0.000000,0.000000,1,-121.11,-121.11,0,0,
08/27/2026,06:24:40:501,0.000000,0.000000,2,-124.35,-124.35,0,0,
08/27/2026,06:24:40:559,0.000000,0.000000,4,-82.85,-82.85,0,0,
08/27/2026,06:24:40:738,0.000000,0.000000,3,-123.15,-123.15,0,0,
08/27/2026,06:24:40:753,0.000000,0.000000,1,-121.3,-121.3,0,0,
08/27/2026,06:24:40:756,0.000000,0.000000,2,-124.08,-124.08,0,0,
08/27/2026,06:24:40:816,0.000000,0.000000,4,-76.58,-76.58,0,0,
08/27/2026,06:24:40:926,0.000000,0.000000,3,-122.96,-122.96,0,0,
08/27/2026,06:24:40:997,0.000000,0.000000,1,-120.88,-120.88,0,0,
08/27/2026,06:24:41:011,0.000000,0.000000,2,-123.32,-123.32,0,0,
08/27/2026,06:24:41:079,0.000000,0.000000,4,-78.36,-78.36,0,0,
08/27/2026,06:24:41:186,0.000000,0.000000,3,-122.37,-122.37,0,0,
08/27/2026,06:24:41:256,0.000000,0.000000,1,-119.87,-119.87,0,0,
08/27/2026,06:24:41:284,0.000000,0.000000,2,-123.58,-123.58,0,0,
08/27/2026,06:24:41:340,0.000000,0.000000,4,-72.11,-72.11,0,0,
08/27/2026,06:24:41:522,0.000000,0.000000,3,-123.47,-123.47,0,0,
08/27/2026,06:24:41:539,0.000000,0.000000,1,-118.94,-118.94,0,0,
08/27/2026,06:24:41:543,0.000000,0.000000,2,-125.89,-125.89,0,0,
08/27/2026,06:24:41:618,0.000000,0.000000,4,-75.03,-75.03,0,0,
08/27/2026,06:24:41:715,0.000000,0.000000,3,-121.27,-121.27,0,0,
08/27/2026,06:24:41:778,0.000000,0.000000,1,-118.58,-118.58,0,0,
08/27/2026,06:24:41:793,0.000000,0.000000,2,-125.3,-125.3,0,0,
08/27/2026,06:24:41:871,0.000000,0.000000,4,-78.29,-78.29,0,0,
08/27/2026,06:24:41:969,0.000000,0.000000,3,-124.45,-124.45,0,0,
08/27/2026,06:24:42:049,0.000000,0.000000,1,-120.5,-120.5,0,0,
08/27/2026,06:24:42:058,0.000000,0.000000,2,-124.45,-124.45,0,0,
08/27/2026,06:24:42:125,0.000000,0.000000,4,-80.85,-80.85,0,0,
08/27/2026,06:24:42:236,0.000000,0.000000,3,-122.88,-122.88,0,0,
08/27/2026,06:24:42:303,0.000000,0.000000,1,-120.47,-120.47,0,0,
08/27/2026,06:24:42:334,0.000000,0.000000,2,-124.34,-124.34,0,0,
08/27/2026,06:24:42:393,0.000000,0.000000,4,-77.29,-77.29,0,0,
08/27/2026,06:24:42:499,0.000000,0.000000,3,-125.23,-125.23,0,0,
08/27/2026,06:24:42:572,0.000000,0.000000,1,-118.49,-118.49,0,0,
08/27/2026,06:24:42:580,0.000000,0.000000,2,-126.02,-126.02,0,0,
08/27/2026,06:24:42:648,0.000000,0.000000,4,-78.4,-78.4,0,0,
08/27/2026,06:24:42:779,0.000000,0.000000,3,-124.44,-124.44,0,0,
08/27/2026,06:24:42:828,0.000000,0.000000,1,-121.07,-121.07,0,0,
08/27/2026,06:24:42:854,0.000000,0.000000,2,-123.64,-123.64,0,0,
08/27/2026,06:24:42:914,0.000000,0.000000,4,-74.29,-74.29,0,0,
08/27/2026,06:24:43:020,0.000000,0.000000,3,-124.41,-124.41,0,0,
08/27/2026,06:24:43:090,0.000000,0.000000,1,-119.01,-119.01,0,0,
08/27/2026,06:24:43:105,0.000000,0.000000,2,-125.63,-125.63,0,0,
08/27/2026,06:24:43:172,0.000000,0.000000,4,-79.87,-79.87,0,0,
08/27/2026,06:24:43:307,0.000000,0.000000,3,-123.18,-123.18,0,0,
08/27/2026,06:24:43:388,0.000000,0.000000,1,-118.41,-118.41,0,0,
08/27/2026,06:24:43:394,0.000000,0.000000,2,-125.46,-125.46,0,0,
08/27/2026,06:24:43:435,0.000000,0.000000,4,-75.74,-75.74,0,0,
08/27/2026,06:24:43:539,0.000000,0.000000,3,-123.94,-123.94,0,0,
08/27/2026,06:24:43:614,0.000000,0.000000,1,-119.74,-119.74,0,0,
08/27/2026,06:24:43:640,0.000000,0.000000,2,-123.39,-123.39,0,0,
08/27/2026,06:24:43:699,0.000000,0.000000,4,-73.98,-73.98,0,0,
08/27/2026,06:24:43:809,0.000000,0.000000,3,-121.81,-121.81,0,0,
08/27/2026,06:24:43:882,0.000000,0.000000,1,-119.99,-119.99,0,0,
08/27/2026,06:24:43:893,0.000000,0.000000,2,-126.19,-126.19,0,0,
08/27/2026,06:24:43:961,0.000000,0.000000,4,-80.82,-80.82,0,0,
08/27/2026,06:24:44:063,0.000000,0.000000,3,-120.68,-120.68,0,0,
08/27/2026,06:24:44:140,0.000000,0.000000,1,-119.09,-119.09,0,0,
08/27/2026,06:24:44:158,0.000000,0.000000,2,-123.84,-123.84,0,0,
08/27/2026,06:24:44:222,0.000000,0.000000,4,-71.46,-71.46,0,0,
08/27/2026,06:24:44:338,0.000000,0.000000,3,-123.56,-123.56,0,0,
08/27/2026,06:24:44:396,0.000000,0.000000,1,-121.7,-121.7,0,0,
08/27/2026,06:24:44:422,0.000000,0.000000,2,-123.28,-123.28,0,0,
08/27/2026,06:24:44:484,0.000000,0.000000,4,-77.34,-77.34,0,0,
08/27/2026,06:24:44:596,0.000000,0.000000,3,-125.19,-125.19,0,0,
08/27/2026,06:24:44:676,0.000000,0.000000,1,-120.12,-120.12,0,0,
08/27/2026,06:24:44:695,0.000000,0.000000,2,-123.97,-123.97,0,0,
08/27/2026,06:24:44:751,0.000000,0.000000,4,-88.78,-88.78,0,0,
08/27/2026,06:24:44:860,0.000000,0.000000,3,-123.5,-123.5,0,0,
08/27/2026,06:24:44:919,0.000000,0.000000,1,-120.06,-120.06,0,0,
08/27/2026,06:24:44:939,0.000000,0.000000,2,-127.13,-127.13,0,0,
08/27/2026,06:24:45:008,0.000000,0.000000,4,-73.59,-73.59,0,0,
08/27/2026,06:24:45:127,0.000000,0.000000,3,-125.44,-125.44,0,0,
08/27/2026,06:24:45:241,0.000000,0.000000,1,-120.18,-120.18,0,0,
08/27/2026,06:24:45:243,0.000000,0.000000,2,-123.91,-123.91,0,0,
08/27/2026,06:24:45:285,0.000000,0.000000,4,-84.61,-84.61,0,0,
08/27/2026,06:24:45:382,0.000000,0.000000,3,-124.59,-124.59,0,0,
08/27/2026,06:24:45:460,0.000000,0.000000,1,-119.75,-119.75,0,0,
08/27/2026,06:24:45:463,0.000000,0.000000,2,-124.34,-124.34,0,0,
08/27/2026,06:24:45:542,0.000000,0.000000,4,-78.62,-78.62,0,0,
08/27/2026,06:24:45:637,0.000000,0.000000,3,-124.6,-124.6,0,0,
08/27/2026,06:24:45:715,0.000000,0.000000,1,-120.28,-120.28,0,0,
08/27/2026,06:24:45:724,0.000000,0.000000,2,-123.29,-123.29,0,0,
08/27/2026,06:24:45:880,0.000000,0.000000,4,-76.33,-76.33,0,0,
08/27/2026,06:24:45:920,0.000000,0.000000,3,-122.54,-122.54,0,0,
08/27/2026,06:24:45:977,0.000000,0.000000,1,-118.56,-118.56,0,0,
08/27/2026,06:24:45:985,0.000000,0.000000,2,-124.32,-124.32,0,0,
08/27/2026,06:24:46:056,0.000000,0.000000,4,-84.89,-84.89,0,0,
08/27/2026,06:24:46:159,0.000000,0.000000,3,-122.31,-122.31,0,0,
08/27/2026,06:24:46:230,0.000000,0.000000,1,-118.78,-118.78,0,0,
08/27/2026,06:24:46:252,0.000000,0.000000,2,-124.39,-124.39,0,0,
08/27/2026,06:24:46:315,0.000000,0.000000,4,-75.99,-75.99,0,0,
08/27/2026,06:24:46:422,0.000000,0.000000,3,-122.18,-122.18,0,0,
08/27/2026,06:24:46:494,0.000000,0.000000,1,-119.53,-119.53,0,0,
08/27/2026,06:24:46:509,0.000000,0.000000,2,-123.2,-123.2,0,0,
08/27/2026,06:24:46:576,0.000000,0.000000,4,-76.76,-76.76,0,0,
08/27/2026,06:24:46:689,0.000000,0.000000,3,-124.51,-124.51,0,0,
08/27/2026,06:24:46:762,0.000000,0.000000,1,-117.53,-117.53,0,0,
08/27/2026,06:24:46:769,0.000000,0.000000,2,-123.07,-123.07,0,0,
08/27/2026,06:24:46:844,0.000000,0.000000,4,-77.9,-77.9,0,0,
08/27/2026,06:24:46:943,0.000000,0.000000,3,-123.05,-123.05,0,0,
08/27/2026,06:24:47:014,0.000000,0.000000,1,-119.66,-119.66,0,0,
08/27/2026,06:24:47:032,0.000000,0.000000,2,-121.9,-121.9,0,0,
08/27/2026,06:24:47:100,0.000000,0.000000,4,-69.89,-69.89,0,0,
08/27/2026,06:24:47:209,0.000000,0.000000,3,-122.77,-122.77,0,0,
08/27/2026,06:24:47:290,0.000000,0.000000,1,-121.43,-121.43,0,0,
08/27/2026,06:24:47:294,0.000000,0.000000,2,-122.01,-122.01,0,0,
08/27/2026,06:24:47:377,0.000000,0.000000,4,-74.71,-74.71,0,0,
08/27/2026,06:24:47:509,0.000000,0.000000,3,-122.53,-122.53,0,0,
08/27/2026,06:24:47:551,0.000000,0.000000,1,-119.99,-119.99,0,0,
08/27/2026,06:24:47:556,0.000000,0.000000,2,-124.24,-124.24,0,0,
08/27/2026,06:24:47:623,0.000000,0.000000,4,-78.61,-78.61,0,0,
08/27/2026,06:24:47:728,0.000000,0.000000,3,-121.54,-121.54,0,0,
08/27/2026,06:24:47:804,0.000000,0.000000,1,-120.67,-120.67,0,0,
08/27/2026,06:24:47:815,0.000000,0.000000,2,-122.37,-122.37,0,0,
08/27/2026,06:24:47:892,0.000000,0.000000,4,-74.75,-74.75,0,0,
08/27/2026,06:24:47:996,0.000000,0.000000,3,-121.38,-121.38,0,0,
08/27/2026,06:24:48:060,0.000000,0.000000,1,-119.49,-119.49,0,0,
08/27/2026,06:24:48:085,0.000000,0.000000,2,-121.1,-121.1,0,0,
08/27/2026,06:24:48:156,0.000000,0.000000,4,-79.63,-79.63,0,0,
08/27/2026,06:24:48:252,0.000000,0.000000,3,-122.6,-122.6,0,0,
08/27/2026,06:24:48:332,0.000000,0.000000,1,-119.52,-119.52,0,0,
08/27/2026,06:24:48:338,0.000000,0.000000,2,-123.15,-123.15,0,0,
08/27/2026,06:24:48:411,0.000000,0.000000,4,-77.35,-77.35,0,0,
08/27/2026,06:24:48:515,0.000000,0.000000,3,-124.43,-124.43,0,0,
08/27/2026,06:24:48:585,0.000000,0.000000,1,-120.06,-120.06,0,0,
08/27/2026,06:24:48:602,0.000000,0.000000,2,-122.44,-122.44,0,0,
08/27/2026,06:24:48:672,0.000000,0.000000,4,-75.45,-75.45,0,0,
08/27/2026,06:24:48:781,0.000000,0.000000,3,-122.3,-122.3,0,0,
08/27/2026,06:24:48:848,0.000000,0.000000,1,-120.14,-120.14,0,0,
08/27/2026,06:24:48:870,0.000000,0.000000,2,-123.75,-123.75,0,0,
08/27/2026,06:24:48:938,0.000000,0.000000,4,-74.78,-74.78,0,0,
08/27/2026,06:24:49:056,0.000000,0.000000,3,-122.69,-122.69,0,0,
08/27/2026,06:24:49:106,0.000000,0.000000,1,-118.33,-118.33,0,0,
08/27/2026,06:24:49:175,0.000000,0.000000,2,-124.76,-124.76,0,0,
08/27/2026,06:24:49:224,0.000000,0.000000,4,-79.75,-79.75,0,0,
08/27/2026,06:24:49:325,0.000000,0.000000,3,-121.01,-121.01,0,0,
08/27/2026,06:24:49:370,0.000000,0.000000,1,-119.76,-119.76,0,0,
08/27/2026,06:24:49:394,0.000000,0.000000,2,-122.44,-122.44,0,0,
08/27/2026,06:24:49:457,0.000000,0.000000,4,-79.33,-79.33,0,0,
08/27/2026,06:24:49:601,0.000000,0.000000,3,-125.67,-125.67,0,0,
08/27/2026,06:24:49:642,0.000000,0.000000,1,-116.53,-116.53,0,0,
08/27/2026,06:24:49:649,0.000000,0.000000,2,-123.14,-123.14,0,0,
08/27/2026,06:24:49:718,0.000000,0.000000,4,-76.08,-76.08,0,0,
08/27/2026,06:24:49:825,0.000000,0.000000,3,-122.09,-122.09,0,0,
08/27/2026,06:24:49:916,0.000000,0.000000,1,-118.44,-118.44,0,0,
08/27/2026,06:24:49:917,0.000000,0.000000,2,-124.51,-124.51,0,0,
08/27/2026,06:24:49:988,0.000000,0.000000,4,-76.52,-76.52,0,0,
08/27/2026,06:24:50:089,0.000000,0.000000,3,-123,-123,0,0,
08/27/2026,06:24:50:168,0.000000,0.000000,1,-117.9,-117.9,0,0,
08/27/2026,06:24:50:172,0.000000,0.000000,2,-124.77,-124.77,0,0,
08/27/2026,06:24:50:247,0.000000,0.000000,4,-76.62,-76.62,0,0,
08/27/2026,06:24:50:361,0.000000,0.000000,3,-123.56,-123.56,0,0,
08/27/2026,06:24:50:441,0.000000,0.000000,1,-119.93,-119.93,0,0,
08/27/2026,06:24:50:444,0.000000,0.000000,2,-122.47,-122.47,0,0,
08/27/2026,06:24:50:502,0.000000,0.000000,4,-73.4,-73.4,0,0,
08/27/2026,06:24:50:611,0.000000,0.000000,3,-119.65,-119.65,0,0,
08/27/2026,06:24:50:692,0.000000,0.000000,1,-120.11,-120.11,0,0,
08/27/2026,06:24:50:730,0.000000,0.000000,2,-123.07,-123.07,0,0,
08/27/2026,06:24:50:768,0.000000,0.000000,4,-80.93,-80.93,0,0,
08/27/2026,06:24:50:924,0.000000,0.000000,3,-123.51,-123.51,0,0,
08/27/2026,06:24:51:024,0.000000,0.000000,1,-119.56,-119.56,0,0,
08/27/2026,06:24:51:025,0.000000,0.000000,2,-123.56,-123.56,0,0,
08/27/2026,06:24:51:043,0.000000,0.000000,4,-75.94,-75.94,0,0,
08/27/2026,06:24:51:139,0.000000,0.000000,3,-122.17,-122.17,0,0,
08/27/2026,06:24:51:205,0.000000,0.000000,1,-121.47,-121.47,0,0,
08/27/2026,06:24:51:222,0.000000,0.000000,2,-124.91,-124.91,0,0,
08/27/2026,06:24:51:291,0.000000,0.000000,4,-73.28,-73.28,0,0,
08/27/2026,06:24:51:395,0.000000,0.000000,3,-121.97,-121.97,0,0,
08/27/2026,06:24:51:468,0.000000,0.000000,1,-118.11,-118.11,0,0,
08/27/2026,06:24:51:482,0.000000,0.000000,2,-122.33,-122.33,0,0,
08/27/2026,06:24:51:554,0.000000,0.000000,4,-84.15,-84.15,0,0,
08/27/2026,06:24:51:659,0.000000,0.000000,3,-122.23,-122.23,0,0,
08/27/2026,06:24:51:726,0.000000,0.000000,1,-118.67,-118.67,0,0,
08/27/2026,06:24:51:751,0.000000,0.000000,2,-120.05,-120.05,0,0,
08/27/2026,06:24:51:817,0.000000,0.000000,4,-75.24,-75.24,0,0,
08/27/2026,06:24:51:933,0.000000,0.000000,3,-123.55,-123.55,0,0,
08/27/2026,06:24:51:987,0.000000,0.000000,1,-120.29,-120.29,0,0,
08/27/2026,06:24:52:011,0.000000,0.000000,2,-124.81,-124.81,0,0,
08/27/2026,06:24:52:077,0.000000,0.000000,4,-67.6,-67.6,0,0,
08/27/2026,06:24:52:186,0.000000,0.000000,3,-124.29,-124.29,0,0,
08/27/2026,06:24:52:249,0.000000,0.000000,1,-121.25,-121.25,0,0,
08/27/2026,06:24:52:267,0.000000,0.000000,2,-122.17,-122.17,0,0,
08/27/2026,06:24:52:345,0.000000,0.000000,4,-79.02,-79.02,0,0,
08/27/2026,06:24:52:444,0.000000,0.000000,3,-122.01,-122.01,0,0,
08/27/2026,06:24:52:520,0.000000,0.000000,1,-120.09,-120.09,0,0,
08/27/2026,06:24:52:527,0.000000,0.000000,2,-122.89,-122.89,0,0,
08/27/2026,06:24:52:597,0.000000,0.000000,4,-77.99,-77.99,0,0,
08/27/2026,06:24:52:708,0.000000,0.000000,3,-123.4,-123.4,0,0,
08/27/2026,06:24:52:797,0.000000,0.000000,1,-120.08,-120.08,0,0,
08/27/2026,06:24:52:802,0.000000,0.000000,2,-121.55,-121.55,0,0,
08/27/2026,06:24:52:880,0.000000,0.000000,4,-68.18,-68.18,0,0,
08/27/2026,06:24:52:968,0.000000,0.000000,3,-121.05,-121.05,0,0,
08/27/2026,06:24:53:043,0.000000,0.000000,1,-116.84,-116.84,0,0,
08/27/2026,06:24:53:051,0.000000,0.000000,2,-120.38,-120.38,0,0,
08/27/2026,06:24:53:123,0.000000,0.000000,4,-69.82,-69.82,0,0,
08/27/2026,06:24:53:227,0.000000,0.000000,3,-121.63,-121.63,0,0,
08/27/2026,06:24:53:319,0.000000,0.000000,1,-117.53,-117.53,0,0,
08/27/2026,06:24:53:320,0.000000,0.000000,2,-123.38,-123.38,0,0,
08/27/2026,06:24:53:389,0.000000,0.000000,4,-76.87,-76.87,0,0,
08/27/2026,06:24:53:489,0.000000,0.000000,3,-123.18,-123.18,0,0,
08/27/2026,06:24:53:559,0.000000,0.000000,1,-120.93,-120.93,0,0,
08/27/2026,06:24:53:580,0.000000,0.000000,2,-121.51,-121.51,0,0,
08/27/2026,06:24:53:645,0.000000,0.000000,4,-83.19,-83.19,0,0,
08/27/2026,06:24:53:764,0.000000,0.000000,3,-118.96,-118.96,0,0,
08/27/2026,06:24:53:824,0.000000,0.000000,1,-117.17,-117.17,0,0,
08/27/2026,06:24:53:857,0.000000,0.000000,2,-119.44,-119.44,0,0,
08/27/2026,06:24:53:908,0.000000,0.000000,4,-83.53,-83.53,0,0,
08/27/2026,06:24:54:016,0.000000,0.000000,3,-119.36,-119.36,0,0,
08/27/2026,06:24:54:087,0.000000,0.000000,1,-117.23,-117.23,0,0,
08/27/2026,06:24:54:099,0.000000,0.000000,2,-120.22,-120.22,0,0,
08/27/2026,06:24:54:168,0.000000,0.000000,4,-68.31,-68.31,0,0,
08/27/2026,06:24:54:282,0.000000,0.000000,3,-122.24,-122.24,0,0,
08/27/2026,06:24:54:352,0.000000,0.000000,1,-116.75,-116.75,0,0,
08/27/2026,06:24:54:360,0.000000,0.000000,2,-122.91,-122.91,0,0,
08/27/2026,06:24:54:467,0.000000,0.000000,4,-68.87,-68.87,0,0,
08/27/2026,06:24:54:553,0.000000,0.000000,3,-118.81,-118.81,0,0,
08/27/2026,06:24:54:627,0.000000,0.000000,1,-116.37,-116.37,0,0,
08/27/2026,06:24:54:632,0.000000,0.000000,2,-121.62,-121.62,0,0,
08/27/2026,06:24:54:715,0.000000,0.000000,4,-73.57,-73.57,0,0,
08/27/2026,06:24:54:803,0.000000,0.000000,3,-124.76,-124.76,0,0,
08/27/2026,06:24:54:870,0.000000,0.000000,1,-117.64,-117.64,0,0,
08/27/2026,06:24:54:888,0.000000,0.000000,2,-119.3,-119.3,0,0,
08/27/2026,06:24:54:961,0.000000,0.000000,4,-71.91,-71.91,0,0,
08/27/2026,06:24:55:063,0.000000,0.000000,3,-122.51,-122.51,0,0,
08/27/2026,06:24:55:131,0.000000,0.000000,1,-117.56,-117.56,0,0,
08/27/2026,06:24:55:152,0.000000,0.000000,2,-117.49,-117.49,0,0,
08/27/2026,06:24:55:222,0.000000,0.000000,4,-65.11,-65.11,0,0,
08/27/2026,06:24:55:327,0.000000,0.000000,3,-119.6,-119.6,0,0,
08/27/2026,06:24:55:394,0.000000,0.000000,1,-119.48,-119.48,0,0,
08/27/2026,06:24:55:421,0.000000,0.000000,2,-118.2,-118.2,0,0,
08/27/2026,06:24:55:478,0.000000,0.000000,4,-66.73,-66.73,0,0,
08/27/2026,06:24:55:585,0.000000,0.000000,3,-121.29,-121.29,0,0,
08/27/2026,06:24:55:653,0.000000,0.000000,1,-117.42,-117.42,0,0,
08/27/2026,06:24:55:670,0.000000,0.000000,2,-123.27,-123.27,0,0,
08/27/2026,06:24:55:747,0.000000,0.000000,4,-69.72,-69.72,0,0,
08/27/2026,06:24:55:848,0.000000,0.000000,3,-120.74,-120.74,0,0,
08/27/2026,06:24:55:929,0.000000,0.000000,1,-118.9,-118.9,0,0,
08/27/2026,06:24:55:933,0.000000,0.000000,2,-117.04,-117.04,0,0,
08/27/2026,06:24:56:002,0.000000,0.000000,4,-72.01,-72.01,0,0,
08/27/2026,06:24:56:178,0.000000,0.000000,3,-120.13,-120.13,0,0,
08/27/2026,06:24:56:193,0.000000,0.000000,1,-115.9,-115.9,0,0,
08/27/2026,06:24:56:197,0.000000,0.000000,2,-116.64,-116.64,0,0,
08/27/2026,06:24:56:270,0.000000,0.000000,4,-69.64,-69.64,0,0,
08/27/2026,06:24:56:408,0.000000,0.000000,3,-120.12,-120.12,0,0,
08/27/2026,06:24:56:454,0.000000,0.000000,1,-119.05,-119.05,0,0,
08/27/2026,06:24:56:458,0.000000,0.000000,2,-121.46,-121.46,0,0,
08/27/2026,06:24:56:534,0.000000,0.000000,4,-68.62,-68.62,0,0,
08/27/2026,06:24:56:634,0.000000,0.000000,3,-119.42,-119.42,0,0,
08/27/2026,06:24:56:712,0.000000,0.000000,1,-118.78,-118.78,0,0,
08/27/2026,06:24:56:725,0.000000,0.000000,2,-121.62,-121.62,0,0,
08/27/2026,06:24:56:790,0.000000,0.000000,4,-66.22,-66.22,0,0,
08/27/2026,06:24:56:902,0.000000,0.000000,3,-121.51,-121.51,0,0,
08/27/2026,06:24:56:964,0.000000,0.000000,1,-117.4,-117.4,0,0,
08/27/2026,06:24:56:979,0.000000,0.000000,2,-126.29,-126.29,0,0,
08/27/2026,06:24:57:050,0.000000,0.000000,4,-74.73,-74.73,0,0,
08/27/2026,06:24:57:160,0.000000,0.000000,3,-122.2,-122.2,0,0,
08/27/2026,06:24:57:226,0.000000,0.000000,1,-119.27,-119.27,0,0,
08/27/2026,06:24:57:244,0.000000,0.000000,2,-123.96,-123.96,0,0,
08/27/2026,06:24:57:311,0.000000,0.000000,4,-64.72,-64.72,0,0,
08/27/2026,06:24:57:427,0.000000,0.000000,3,-124.44,-124.44,0,0,
08/27/2026,06:24:57:491,0.000000,0.000000,1,-115.54,-115.54,0,0,
08/27/2026,06:24:57:505,0.000000,0.000000,2,-117.66,-117.66,0,0,
08/27/2026,06:24:57:577,0.000000,0.000000,4,-52.89,-52.89,0,0,
08/27/2026,06:24:57:681,0.000000,0.000000,3,-120.49,-120.49,0,0,
08/27/2026,06:24:57:754,0.000000,0.000000,1,-119.22,-119.22,0,0,
08/27/2026,06:24:57:770,0.000000,0.000000,2,-123.29,-123.29,0,0,
08/27/2026,06:24:57:834,0.000000,0.000000,4,-66.18,-66.18,0,0,
08/27/2026,06:24:57:939,0.000000,0.000000,3,-124.97,-124.97,0,0,
08/27/2026,06:24:58:025,0.000000,0.000000,1,-119.16,-119.16,0,0,
08/27/2026,06:24:58:027,0.000000,0.000000,2,-122.96,-122.96,0,0,
08/27/2026,06:24:58:102,0.000000,0.000000,4,-67.86,-67.86,0,0,
08/27/2026,06:24:58:205,0.000000,0.000000,3,-125.05,-125.05,0,0,
08/27/2026,06:24:58:278,0.000000,0.000000,1,-118.37,-118.37,0,0,
08/27/2026,06:24:58:288,0.000000,0.000000,2,-125.42,-125.42,0,0,
08/27/2026,06:24:58:377,0.000000,0.000000,4,-66.9,-66.9,0,0,
08/27/2026,06:24:58:472,0.000000,0.000000,3,-124.18,-124.18,0,0,
08/27/2026,06:24:58:550,0.000000,0.000000,1,-119.87,-119.87,0,0,
08/27/2026,06:24:58:552,0.000000,0.000000,2,-123.18,-123.18,0,0,
08/27/2026,06:24:58:632,0.000000,0.000000,4,-68.06,-68.06,0,0,
08/27/2026,06:24:58:733,0.000000,0.000000,3,-123.38,-123.38,0,0,
08/27/2026,06:24:58:794,0.000000,0.000000,1,-119.56,-119.56,0,0,
08/27/2026,06:24:58:824,0.000000,0.000000,2,-125.43,-125.43,0,0,
08/27/2026,06:24:58:886,0.000000,0.000000,4,-71.36,-71.36,0,0,
08/27/2026,06:24:58:988,0.000000,0.000000,3,-122.26,-122.26,0,0,
08/27/2026,06:24:59:064,0.000000,0.000000,1,-119.96,-119.96,0,0,
08/27/2026,06:24:59:076,0.000000,0.000000,2,-125.51,-125.51,0,0,
08/27/2026,06:24:59:154,0.000000,0.000000,4,-69.78,-69.78,0,0,
08/27/2026,06:24:59:247,0.000000,0.000000,3,-123.03,-123.03,0,0,
08/27/2026,06:24:59:319,0.000000,0.000000,1,-122,-122,0,0,
08/27/2026,06:24:59:340,0.000000,0.000000,2,-125.42,-125.42,0,0,
08/27/2026,06:24:59:417,0.000000,0.000000,4,-73.58,-73.58,0,0,
08/27/2026,06:24:59:516,0.000000,0.000000,3,-124.54,-124.54,0,0,
08/27/2026,06:24:59:584,0.000000,0.000000,1,-117.88,-117.88,0,0,
08/27/2026,06:24:59:600,0.000000,0.000000,2,-124.04,-124.04,0,0,
08/27/2026,06:24:59:684,0.000000,0.000000,4,-68.45,-68.45,0,0,
08/27/2026,06:24:59:778,0.000000,0.000000,3,-124.87,-124.87,0,0,
08/27/2026,06:24:59:841,0.000000,0.000000,1,-119.07,-119.07,0,0,
08/27/2026,06:24:59:879,0.000000,0.000000,2,-123.74,-123.74,0,0,
08/27/2026,06:24:59:935,0.000000,0.000000,4,-72.92,-72.92,0,0,
08/27/2026,06:25:00:041,0.000000,0.000000,3,-124.3,-124.3,0,0,
08/27/2026,06:25:00:107,0.000000,0.000000,1,-119.16,-119.16,0,0,
08/27/2026,06:25:00:147,0.000000,0.000000,2,-123.67,-123.67,0,0,
08/27/2026,06:25:00:189,0.000000,0.000000,4,-68.8,-68.8,0,0,
08/27/2026,06:25:00:323,0.000000,0.000000,3,-125.07,-125.07,0,0,
08/27/2026,06:25:00:368,0.000000,0.000000,1,-119.62,-119.62,0,0,
08/27/2026,06:25:00:406,0.000000,0.000000,2,-122.82,-122.82,0,0,
08/27/2026,06:25:00:485,0.000000,0.000000,4,-73.69,-73.69,0,0,
08/27/2026,06:25:00:558,0.000000,0.000000,3,-124.52,-124.52,0,0,
08/27/2026,06:25:00:634,0.000000,0.000000,1,-120.23,-120.23,0,0,
08/27/2026,06:25:00:648,0.000000,0.000000,2,-124.71,-124.71,0,0,
08/27/2026,06:25:00:725,0.000000,0.000000,4,-61,-61,0,0,
08/27/2026,06:25:00:818,0.000000,0.000000,3,-126.1,-126.1,0,0,
08/27/2026,06:25:00:893,0.000000,0.000000,1,-119.16,-119.16,0,0,
08/27/2026,06:25:00:915,0.000000,0.000000,2,-125.65,-125.65,0,0,
08/27/2026,06:25:00:979,0.000000,0.000000,4,-64.59,-64.59,0,0,
08/27/2026,06:25:01:081,0.000000,0.000000,3,-123.29,-123.29,0,0,
08/27/2026,06:25:01:155,0.000000,0.000000,1,-118.96,-118.96,0,0,
08/27/2026,06:25:01:178,0.000000,0.000000,2,-126.86,-126.86,0,0,
08/27/2026,06:25:01:317,0.000000,0.000000,4,-75.66,-75.66,0,0,
08/27/2026,06:25:01:352,0.000000,0.000000,3,-124.36,-124.36,0,0,
08/27/2026,06:25:01:414,0.000000,0.000000,1,-118.35,-118.35,0,0,
08/27/2026,06:25:01:431,0.000000,0.000000,2,-125.05,-125.05,0,0,
08/27/2026,06:25:01:514,0.000000,0.000000,4,-67.52,-67.52,0,0,
08/27/2026,06:25:01:608,0.000000,0.000000,3,-123.57,-123.57,0,0,
08/27/2026,06:25:01:688,0.000000,0.000000,1,-121.1,-121.1,0,0,
08/27/2026,06:25:01:691,0.000000,0.000000,2,-125.84,-125.84,0,0,
08/27/2026,06:25:01:777,0.000000,0.000000,4,-70.12,-70.12,0,0,
08/27/2026,06:25:01:882,0.000000,0.000000,3,-124.81,-124.81,0,0,
08/27/2026,06:25:01:980,0.000000,0.000000,1,-122.2,-122.2,0,0,
08/27/2026,06:25:01:982,0.000000,0.000000,2,-125.8,-125.8,0,0,
08/27/2026,06:25:02:022,0.000000,0.000000,4,-90.86,-90.86,0,0,
08/27/2026,06:25:02:158,0.000000,0.000000,3,-122.8,-122.8,0,0,
08/27/2026,06:25:02:202,0.000000,0.000000,1,-120.64,-120.64,0,0,
08/27/2026,06:25:02:242,0.000000,0.000000,2,-125.45,-125.45,0,0,
08/27/2026,06:25:02:287,0.000000,0.000000,4,-71.47,-71.47,0,0,
08/27/2026,06:25:02:403,0.000000,0.000000,3,-124.63,-124.63,0,0,
08/27/2026,06:25:02:483,0.000000,0.000000,1,-120.14,-120.14,0,0,
08/27/2026,06:25:02:498,0.000000,0.000000,2,-125.85,-125.85,0,0,
08/27/2026,06:25:02:553,0.000000,0.000000,4,-75.5,-75.5,0,0,
08/27/2026,06:25:02:654,0.000000,0.000000,3,-124.73,-124.73,0,0,
08/27/2026,06:25:02:722,0.000000,0.000000,1,-119.27,-119.27,0,0,
08/27/2026,06:25:02:740,0.000000,0.000000,2,-123.69,-123.69,0,0,
08/27/2026,06:25:02:812,0.000000,0.000000,4,-81.66,-81.66,0,0,
08/27/2026,06:25:02:918,0.000000,0.000000,3,-124.22,-124.22,0,0,
08/27/2026,06:25:02:989,0.000000,0.000000,1,-120.19,-120.19,0,0,
08/27/2026,06:25:03:004,0.000000,0.000000,2,-125.21,-125.21,0,0,
08/27/2026,06:25:03:080,0.000000,0.000000,4,-72.46,-72.46,0,0,
08/27/2026,06:25:03:174,0.000000,0.000000,3,-124.16,-124.16,0,0,
08/27/2026,06:25:03:255,0.000000,0.000000,1,-120.58,-120.58,0,0,
08/27/2026,06:25:03:263,0.000000,0.000000,2,-124.04,-124.04,0,0,
08/27/2026,06:25:03:334,0.000000,0.000000,4,-77.32,-77.32,0,0,
08/27/2026,06:25:03:453,0.000000,0.000000,3,-125.8,-125.8,0,0,
08/27/2026,06:25:03:510,0.000000,0.000000,1,-122.15,-122.15,0,0,
08/27/2026,06:25:03:524,0.000000,0.000000,2,-124.52,-124.52,0,0,
08/27/2026,06:25:03:599,0.000000,0.000000,4,-73.39,-73.39,0,0,
08/27/2026,06:25:03:718,0.000000,0.000000,3,-123.84,-123.84,0,0,
08/27/2026,06:25:03:768,0.000000,0.000000,1,-119.02,-119.02,0,0,
08/27/2026,06:25:03:801,0.000000,0.000000,2,-124.3,-124.3,0,0,
08/27/2026,06:25:03:854,0.000000,0.000000,4,-71.2,-71.2,0,0,
08/27/2026,06:25:03:971,0.000000,0.000000,3,-124.57,-124.57,0,0,
08/27/2026,06:25:04:041,0.000000,0.000000,1,-120.07,-120.07,0,0,
08/27/2026,06:25:04:046,0.000000,0.000000,2,-125.32,-125.32,0,0,
08/27/2026,06:25:04:124,0.000000,0.000000,4,-73.92,-73.92,0,0,
08/27/2026,06:25:04:226,0.000000,0.000000,3,-124.38,-124.38,0,0,
08/27/2026,06:25:04:295,0.000000,0.000000,1,-120.97,-120.97,0,0,
08/27/2026,06:25:04:324,0.000000,0.000000,2,-123.6,-123.6,0,0,
08/27/2026,06:25:04:386,0.000000,0.000000,4,-70.13,-70.13,0,0,
08/27/2026,06:25:04:492,0.000000,0.000000,3,-124.88,-124.88,0,0,
08/27/2026,06:25:04:553,0.000000,0.000000,1,-120.07,-120.07,0,0,
08/27/2026,06:25:04:571,0.000000,0.000000,2,-124.07,-124.07,0,0,
08/27/2026,06:25:04:645,0.000000,0.000000,4,-72.81,-72.81,0,0,
08/27/2026,06:25:04:753,0.000000,0.000000,3,-125.22,-125.22,0,0,
08/27/2026,06:25:04:828,0.000000,0.000000,1,-120.33,-120.33,0,0,
08/27/2026,06:25:04:833,0.000000,0.000000,2,-124.54,-124.54,0,0,
08/27/2026,06:25:04:918,0.000000,0.000000,4,-71.2,-71.2,0,0,
08/27/2026,06:25:05:016,0.000000,0.000000,3,-124.07,-124.07,0,0,
08/27/2026,06:25:05:078,0.000000,0.000000,1,-120.78,-120.78,0,0,
08/27/2026,06:25:05:094,0.000000,0.000000,2,-123.61,-123.61,0,0,
08/27/2026,06:25:05:164,0.000000,0.000000,4,-81.38,-81.38,0,0,
08/27/2026,06:25:05:273,0.000000,0.000000,3,-125.26,-125.26,0,0,
08/27/2026,06:25:05:342,0.000000,0.000000,1,-121.14,-121.14,0,0,
08/27/2026,06:25:05:364,0.000000,0.000000,2,-124.7,-124.7,0,0,
08/27/2026,06:25:05:426,0.000000,0.000000,4,-73,-73,0,0,
08/27/2026,06:25:05:545,0.000000,0.000000,3,-124.07,-124.07,0,0,
08/27/2026,06:25:05:611,0.000000,0.000000,1,-120.34,-120.34,0,0,
08/27/2026,06:25:05:617,0.000000,0.000000,2,-124.29,-124.29,0,0,
08/27/2026,06:25:05:699,0.000000,0.000000,4,-75.38,-75.38,0,0,
08/27/2026,06:25:05:824,0.000000,0.000000,3,-124.55,-124.55,0,0,
08/27/2026,06:25:05:875,0.000000,0.000000,1,-121.15,-121.15,0,0,
08/27/2026,06:25:05:910,0.000000,0.000000,2,-124.31,-124.31,0,0,
08/27/2026,06:25:05:972,0.000000,0.000000,4,-68.51,-68.51,0,0,
08/27/2026,06:25:06:061,0.000000,0.000000,3,-125.43,-125.43,0,0,
08/27/2026,06:25:06:134,0.000000,0.000000,1,-121.33,-121.33,0,0,
08/27/2026,06:25:06:141,0.000000,0.000000,2,-125.18,-125.18,0,0,
08/27/2026,06:25:06:212,0.000000,0.000000,4,-84.66,-84.66,0,0,
08/27/2026,06:25:06:443,0.000000,0.000000,3,-126.11,-126.11,0,0,
08/27/2026,06:25:06:469,0.000000,0.000000,1,-122.19,-122.19,0,0,
08/27/2026,06:25:06:479,0.000000,0.000000,2,-126,-126,0,0,
08/27/2026,06:25:06:498,0.000000,0.000000,4,-75.57,-75.57,0,0,
08/27/2026,06:25:06:578,0.000000,0.000000,3,-125.71,-125.71,0,0,
08/27/2026,06:25:06:649,0.000000,0.000000,1,-122.07,-122.07,0,0,
08/27/2026,06:25:06:678,0.000000,0.000000,2,-124.47,-124.47,0,0,
08/27/2026,06:25:06:735,0.000000,0.000000,4,-70.09,-70.09,0,0,
08/27/2026,06:25:06:842,0.000000,0.000000,3,-124.6,-124.6,0,0,
08/27/2026,06:25:06:914,0.000000,0.000000,1,-122.41,-122.41,0,0,
08/27/2026,06:25:06:949,0.000000,0.000000,2,-125.42,-125.42,0,0,
08/27/2026,06:25:06:996,0.000000,0.000000,4,-83.86,-83.86,0,0,
08/27/2026,06:25:07:101,0.000000,0.000000,3,-122.71,-122.71,0,0,
08/27/2026,06:25:07:171,0.000000,0.000000,1,-120.2,-120.2,0,0,
08/27/2026,06:25:07:194,0.000000,0.000000,2,-123.94,-123.94,0,0,
08/27/2026,06:25:07:267,0.000000,0.000000,4,-72.01,-72.01,0,0,
08/27/2026,06:25:07:366,0.000000,0.000000,3,-122.27,-122.27,0,0,
08/27/2026,06:25:07:440,0.000000,0.000000,1,-119.23,-119.23,0,0,
08/27/2026,06:25:07:456,0.000000,0.000000,2,-123.57,-123.57,0,0,
08/27/2026,06:25:07:523,0.000000,0.000000,4,-70.66,-70.66,0,0,
08/27/2026,06:25:07:633,0.000000,0.000000,3,-123.81,-123.81,0,0,
08/27/2026,06:25:07:712,0.000000,0.000000,1,-120.53,-120.53,0,0,
08/27/2026,06:25:07:715,0.000000,0.000000,2,-124.46,-124.46,0,0,
08/27/2026,06:25:07:798,0.000000,0.000000,4,-66.94,-66.94,0,0,
08/27/2026,06:25:07:892,0.000000,0.000000,3,-123.7,-123.7,0,0,
08/27/2026,06:25:07:975,0.000000,0.000000,1,-118.58,-118.58,0,0,
08/27/2026,06:25:07:977,0.000000,0.000000,2,-126.47,-126.47,0,0,
08/27/2026,06:25:08:051,0.000000,0.000000,4,-75.19,-75.19,0,0,
08/27/2026,06:25:08:167,0.000000,0.000000,3,-125.18,-125.18,0,0,
08/27/2026,06:25:08:222,0.000000,0.000000,1,-122.88,-122.88,0,0,
08/27/2026,06:25:08:242,0.000000,0.000000,2,-124.99,-124.99,0,0,
08/27/2026,06:25:08:310,0.000000,0.000000,4,-71.93,-71.93,0,0,
08/27/2026,06:25:08:411,0.000000,0.000000,3,-123.52,-123.52,0,0,
08/27/2026,06:25:08:483,0.000000,0.000000,1,-119.39,-119.39,0,0,
08/27/2026,06:25:08:512,0.000000,0.000000,2,-122.92,-122.92,0,0,
08/27/2026,06:25:08:571,0.000000,0.000000,4,-85.62,-85.62,0,0,
08/27/2026,06:25:08:678,0.000000,0.000000,3,-123.53,-123.53,0,0,
08/27/2026,06:25:08:744,0.000000,0.000000,1,-119.28,-119.28,0,0,
08/27/2026,06:25:08:774,0.000000,0.000000,2,-124.33,-124.33,0,0,
08/27/2026,06:25:08:863,0.000000,0.000000,4,-75.89,-75.89,0,0,
08/27/2026,06:25:08:943,0.000000,0.000000,3,-123.83,-123.83,0,0,
08/27/2026,06:25:09:028,0.000000,0.000000,1,-119.56,-119.56,0,0,
08/27/2026,06:25:09:039,0.000000,0.000000,2,-123.39,-123.39,0,0,
08/27/2026,06:25:09:090,0.000000,0.000000,4,-70.83,-70.83,0,0,
08/27/2026,06:25:09:206,0.000000,0.000000,3,-124.08,-124.08,0,0,
08/27/2026,06:25:09:270,0.000000,0.000000,1,-120.15,-120.15,0,0,
08/27/2026,06:25:09:283,0.000000,0.000000,2,-124.4,-124.4,0,0,
08/27/2026,06:25:09:360,0.000000,0.000000,4,-70.77,-70.77,0,0,
08/27/2026,06:25:09:460,0.000000,0.000000,3,-123.47,-123.47,0,0,
08/27/2026,06:25:09:532,0.000000,0.000000,1,-121.34,-121.34,0,0,
08/27/2026,06:25:09:548,0.000000,0.000000,2,-126.53,-126.53,0,0,
08/27/2026,06:25:09:655,0.000000,0.000000,4,-77.09,-77.09,0,0,
08/27/2026,06:25:09:722,0.000000,0.000000,3,-124.52,-124.52,0,0,
08/27/2026,06:25:09:795,0.000000,0.000000,1,-120.27,-120.27,0,0,
08/27/2026,06:25:09:808,0.000000,0.000000,2,-124.39,-124.39,0,0,
08/27/2026,06:25:09:880,0.000000,0.000000,4,-80.89,-80.89,0,0,
08/27/2026,06:25:09:986,0.000000,0.000000,3,-124.88,-124.88,0,0,
08/27/2026,06:25:10:053,0.000000,0.000000,1,-121.84,-121.84,0,0,
08/27/2026,06:25:10:074,0.000000,0.000000,2,-124.56,-124.56,0,0,
08/27/2026,06:25:10:137,0.000000,0.000000,4,-75.81,-75.81,0,0,
08/27/2026,06:25:10:244,0.000000,0.000000,3,-124.47,-124.47,0,0,
08/27/2026,06:25:10:320,0.000000,0.000000,1,-122.54,-122.54,0,0,
08/27/2026,06:25:10:340,0.000000,0.000000,2,-123.7,-123.7,0,0,
08/27/2026,06:25:10:408,0.000000,0.000000,4,-75.07,-75.07,0,0,
08/27/2026,06:25:10:517,0.000000,0.000000,3,-125.24,-125.24,0,0,
08/27/2026,06:25:10:577,0.000000,0.000000,1,-121.13,-121.13,0,0,
08/27/2026,06:25:10:611,0.000000,0.000000,2,-124.21,-124.21,0,0,
08/27/2026,06:25:10:669,0.000000,0.000000,4,-68.21,-68.21,0,0,
08/27/2026,06:25:10:781,0.000000,0.000000,3,-124.95,-124.95,0,0,
08/27/2026,06:25:10:840,0.000000,0.000000,1,-120.75,-120.75,0,0,
08/27/2026,06:25:10:872,0.000000,0.000000,2,-124.8,-124.8,0,0,
08/27/2026,06:25:10:925,0.000000,0.000000,4,-74.52,-74.52,0,0,
08/27/2026,06:25:11:043,0.000000,0.000000,3,-125.35,-125.35,0,0,
08/27/2026,06:25:11:101,0.000000,0.000000,1,-121.22,-121.22,0,0,
08/27/2026,06:25:11:124,0.000000,0.000000,2,-123.13,-123.13,0,0,
08/27/2026,06:25:11:191,0.000000,0.000000,4,-74.52,-74.52,0,0,
08/27/2026,06:25:11:294,0.000000,0.000000,3,-123.21,-123.21,0,0,
08/27/2026,06:25:11:371,0.000000,0.000000,1,-117.96,-117.96,0,0,
08/27/2026,06:25:11:385,0.000000,0.000000,2,-126.09,-126.09,0,0,
08/27/2026,06:25:11:458,0.000000,0.000000,4,-72.55,-72.55,0,0,
08/27/2026,06:25:11:598,0.000000,0.000000,3,-124.51,-124.51,0,0,
08/27/2026,06:25:11:624,0.000000,0.000000,1,-121.87,-121.87,0,0,
08/27/2026,06:25:11:640,0.000000,0.000000,2,-124.72,-124.72,0,0,
08/27/2026,06:25:11:722,0.000000,0.000000,4,-70.26,-70.26,0,0,
08/27/2026,06:25:11:815,0.000000,0.000000,3,-125.99,-125.99,0,0,
08/27/2026,06:25:11:894,0.000000,0.000000,1,-121.61,-121.61,0,0,
08/27/2026,06:25:11:902,0.000000,0.000000,2,-124.83,-124.83,0,0,
08/27/2026,06:25:11:977,0.000000,0.000000,4,-74.58,-74.58,0,0,
08/27/2026,06:25:12:083,0.000000,0.000000,3,-122.24,-122.24,0,0,
08/27/2026,06:25:12:150,0.000000,0.000000,1,-118.3,-118.3,0,0,
08/27/2026,06:25:12:165,0.000000,0.000000,2,-126.11,-126.11,0,0,
08/27/2026,06:25:12:237,0.000000,0.000000,4,-77.63,-77.63,0,0,
08/27/2026,06:25:12:345,0.000000,0.000000,3,-124.41,-124.41,0,0,
08/27/2026,06:25:12:419,0.000000,0.000000,1,-120.61,-120.61,0,0,
08/27/2026,06:25:12:428,0.000000,0.000000,2,-123.49,-123.49,0,0,
08/27/2026,06:25:12:495,0.000000,0.000000,4,-72.8,-72.8,0,0,
08/27/2026,06:25:12:606,0.000000,0.000000,3,-124.75,-124.75,0,0,
08/27/2026,06:25:12:669,0.000000,0.000000,1,-120.3,-120.3,0,0,
08/27/2026,06:25:12:698,0.000000,0.000000,2,-124.98,-124.98,0,0,
08/27/2026,06:25:12:784,0.000000,0.000000,4,-72.89,-72.89,0,0,
08/27/2026,06:25:12:875,0.000000,0.000000,3,-124.48,-124.48,0,0,
08/27/2026,06:25:12:959,0.000000,0.000000,1,-118.06,-118.06,0,0,
08/27/2026,06:25:12:974,0.000000,0.000000,2,-123.5,-123.5,0,0,
08/27/2026,06:25:13:027,0.000000,0.000000,4,-68.15,-68.15,0,0,
08/27/2026,06:25:13:132,0.000000,0.000000,3,-126.43,-126.43,0,0,
08/27/2026,06:25:13:194,0.000000,0.000000,1,-118.4,-118.4,0,0,
08/27/2026,06:25:13:215,0.000000,0.000000,2,-125.15,-125.15,0,0,
08/27/2026,06:25:13:288,0.000000,0.000000,4,-68.54,-68.54,0,0,
08/27/2026,06:25:13:385,0.000000,0.000000,3,-125.68,-125.68,0,0,
08/27/2026,06:25:13:462,0.000000,0.000000,1,-119.25,-119.25,0,0,
08/27/2026,06:25:13:506,0.000000,0.000000,2,-122.92,-122.92,0,0,
08/27/2026,06:25:13:541,0.000000,0.000000,4,-84.71,-84.71,0,0,
08/27/2026,06:25:13:651,0.000000,0.000000,3,-126.01,-126.01,0,0,
08/27/2026,06:25:13:718,0.000000,0.000000,1,-118.53,-118.53,0,0,
08/27/2026,06:25:13:748,0.000000,0.000000,2,-122.78,-122.78,0,0,
08/27/2026,06:25:13:805,0.000000,0.000000,4,-70.09,-70.09,0,0,
08/27/2026,06:25:13:916,0.000000,0.000000,3,-122.98,-122.98,0,0,
08/27/2026,06:25:13:988,0.000000,0.000000,1,-120.04,-120.04,0,0,
08/27/2026,06:25:14:004,0.000000,0.000000,2,-122.32,-122.32,0,0,
08/27/2026,06:25:14:066,0.000000,0.000000,4,-74.54,-74.54,0,0,
08/27/2026,06:25:14:171,0.000000,0.000000,3,-122.23,-122.23,0,0,
08/27/2026,06:25:14:261,0.000000,0.000000,1,-118.04,-118.04,0,0,
08/27/2026,06:25:14:264,0.000000,0.000000,2,-123.32,-123.32,0,0,
08/27/2026,06:25:14:337,0.000000,0.000000,4,-71.7,-71.7,0,0,
08/27/2026,06:25:14:432,0.000000,0.000000,3,-122.38,-122.38,0,0,
08/27/2026,06:25:14:502,0.000000,0.000000,1,-119.42,-119.42,0,0,
08/27/2026,06:25:14:532,0.000000,0.000000,2,-125.31,-125.31,0,0,
08/27/2026,06:25:14:630,0.000000,0.000000,4,-69.38,-69.38,0,0,
08/27/2026,06:25:14:716,0.000000,0.000000,3,-124.87,-124.87,0,0,
08/27/2026,06:25:14:767,0.000000,0.000000,1,-118.65,-118.65,0,0,
08/27/2026,06:25:14:803,0.000000,0.000000,2,-123.2,-123.2,0,0,
08/27/2026,06:25:14:872,0.000000,0.000000,4,-72.02,-72.02,0,0,
08/27/2026,06:25:14:967,0.000000,0.000000,3,-120.65,-120.65,0,0,
08/27/2026,06:25:15:030,0.000000,0.000000,1,-119.05,-119.05,0,0,
08/27/2026,06:25:15:049,0.000000,0.000000,2,-124.24,-124.24,0,0,
08/27/2026,06:25:15:126,0.000000,0.000000,4,-80.29,-80.29,0,0,
08/27/2026,06:25:15:224,0.000000,0.000000,3,-124.33,-124.33,0,0,
08/27/2026,06:25:15:296,0.000000,0.000000,1,-119.24,-119.24,0,0,
08/27/2026,06:25:15:305,0.000000,0.000000,2,-123.59,-123.59,0,0,
08/27/2026,06:25:15:379,0.000000,0.000000,4,-72.84,-72.84,0,0,
08/27/2026,06:25:15:481,0.000000,0.000000,3,-123.69,-123.69,0,0,
08/27/2026,06:25:15:548,0.000000,0.000000,1,-121.69,-121.69,0,0,
08/27/2026,06:25:15:566,0.000000,0.000000,2,-122.24,-122.24,0,0,
08/27/2026,06:25:15:643,0.000000,0.000000,4,-73.44,-73.44,0,0,
08/27/2026,06:25:15:745,0.000000,0.000000,3,-124.03,-124.03,0,0,
08/27/2026,06:25:15:814,0.000000,0.000000,1,-119.98,-119.98,0,0,
08/27/2026,06:25:15:846,0.000000,0.000000,2,-123.04,-123.04,0,0,
08/27/2026,06:25:15:897,0.000000,0.000000,4,-78.46,-78.46,0,0,
08/27/2026,06:25:16:005,0.000000,0.000000,3,-123.85,-123.85,0,0,
08/27/2026,06:25:16:080,0.000000,0.000000,1,-119.94,-119.94,0,0,
08/27/2026,06:25:16:089,0.000000,0.000000,2,-122.94,-122.94,0,0,
08/27/2026,06:25:16:160,0.000000,0.000000,4,-77.64,-77.64,0,0,
08/27/2026,06:25:16:265,0.000000,0.000000,3,-121.94,-121.94,0,0,
08/27/2026,06:25:16:339,0.000000,0.000000,1,-120.58,-120.58,0,0,
08/27/2026,06:25:16:360,0.000000,0.000000,2,-123.95,-123.95,0,0,
08/27/2026,06:25:16:424,0.000000,0.000000,4,-81.27,-81.27,0,0,
08/27/2026,06:25:16:554,0.000000,0.000000,3,-124.27,-124.27,0,0,
08/27/2026,06:25:16:605,0.000000,0.000000,1,-119.63,-119.63,0,0,
08/27/2026,06:25:17:198,0.000000,0.000000,2,-122.19,-122.19,0,0,
08/27/2026,06:25:18:136,0.000000,0.000000,4,-69.93,-69.93,0,0,
08/27/2026,06:25:18:153,0.000000,0.000000,3,-122.23,-122.23,0,0,
08/27/2026,06:25:18:218,0.000000,0.000000,1,-118.43,-118.43,0,0,
08/27/2026,06:25:18:222,0.000000,0.000000,2,-126.64,-126.64,0,0,
08/27/2026,06:25:18:263,0.000000,0.000000,4,-77.66,-77.66,0,0,
08/27/2026,06:25:18:349,0.000000,0.000000,3,-123.01,-123.01,0,0,
08/27/2026,06:25:18:396,0.000000,0.000000,1,-118,-118,0,0,
08/27/2026,06:25:18:404,0.000000,0.000000,2,-125.59,-125.59,0,0,
08/27/2026,06:25:18:448,0.000000,0.000000,4,-83.44,-83.44,0,0,
08/27/2026,06:25:18:498,0.000000,0.000000,3,-122.92,-122.92,0,0,
08/27/2026,06:25:18:614,0.000000,0.000000,1,-120.32,-120.32,0,0,
08/27/2026,06:25:18:615,0.000000,0.000000,2,-123.06,-123.06,0,0,
08/27/2026,06:25:18:634,0.000000,0.000000,4,-78.28,-78.28,0,0,
08/27/2026,06:25:18:656,0.000000,0.000000,3,-123.25,-123.25,0,0,
08/27/2026,06:25:18:680,0.000000,0.000000,1,-117.16,-117.16,0,0,
08/27/2026,06:25:18:683,0.000000,0.000000,2,-123.79,-123.79,0,0,
08/27/2026,06:25:18:708,0.000000,0.000000,4,-86.37,-86.37,0,0,
08/27/2026,06:25:18:734,0.000000,0.000000,3,-122.32,-122.32,0,0,
08/27/2026,06:25:18:748,0.000000,0.000000,1,-118.17,-118.17,0,0,
08/27/2026,06:25:18:752,0.000000,0.000000,2,-123.2,-123.2,0,0,
08/27/2026,06:25:18:777,0.000000,0.000000,4,-80.75,-80.75,0,0,
08/27/2026,06:25:18:811,0.000000,0.000000,3,-121.16,-121.16,0,0,
08/27/2026,06:25:18:831,0.000000,0.000000,1,-120.06,-120.06,0,0,
08/27/2026,06:25:18:837,0.000000,0.000000,2,-122.79,-122.79,0,0,
08/27/2026,06:25:18:854,0.000000,0.000000,4,-78.32,-78.32,0,0,
08/27/2026,06:25:18:876,0.000000,0.000000,3,-122.05,-122.05,0,0,
08/27/2026,06:25:18:892,0.000000,0.000000,1,-118.94,-118.94,0,0,
08/27/2026,06:25:18:896,0.000000,0.000000,2,-123.67,-123.67,0,0,
08/27/2026,06:25:18:923,0.000000,0.000000,4,-79.7,-79.7,0,0,
08/27/2026,06:25:18:954,0.000000,0.000000,3,-123.18,-123.18,0,0,
08/27/2026,06:25:18:978,0.000000,0.000000,1,-120.69,-120.69,0,0,
08/27/2026,06:25:18:981,0.000000,0.000000,2,-123.48,-123.48,0,0,
08/27/2026,06:25:19:004,0.000000,0.000000,4,-71.82,-71.82,0,0,
08/27/2026,06:25:19:046,0.000000,0.000000,3,-125.25,-125.25,0,0,
08/27/2026,06:25:19:062,0.000000,0.000000,1,-120.24,-120.24,0,0,
08/27/2026,06:25:19:066,0.000000,0.000000,2,-124.18,-124.18,0,0,
08/27/2026,06:25:19:081,0.000000,0.000000,4,-84.12,-84.12,0,0,
08/27/2026,06:25:19:154,0.000000,0.000000,3,-126.72,-126.72,0,0,
08/27/2026,06:25:19:220,0.000000,0.000000,1,-120.22,-120.22,0,0,
08/27/2026,06:25:19:233,0.000000,0.000000,2,-124.96,-124.96,0,0,
08/27/2026,06:25:19:315,0.000000,0.000000,4,-73.28,-73.28,0,0,
08/27/2026,06:25:19:418,0.000000,0.000000,3,-125.62,-125.62,0,0,
08/27/2026,06:25:19:476,0.000000,0.000000,1,-120.37,-120.37,0,0,
08/27/2026,06:25:19:502,0.000000,0.000000,2,-124.1,-124.1,0,0,
08/27/2026,06:25:19:564,0.000000,0.000000,4,-73.85,-73.85,0,0,
08/27/2026,06:25:19:682,0.000000,0.000000,3,-124.66,-124.66,0,0,
08/27/2026,06:25:19:738,0.000000,0.000000,1,-118.08,-118.08,0,0,
08/27/2026,06:25:19:761,0.000000,0.000000,2,-123.74,-123.74,0,0,
08/27/2026,06:25:19:831,0.000000,0.000000,4,-75.64,-75.64,0,0,
08/27/2026,06:25:19:935,0.000000,0.000000,3,-125.68,-125.68,0,0,
08/27/2026,06:25:20:000,0.000000,0.000000,1,-119.92,-119.92,0,0,
08/27/2026,06:25:20:018,0.000000,0.000000,2,-122.62,-122.62,0,0,
08/27/2026,06:25:20:086,0.000000,0.000000,4,-76.81,-76.81,0,0,
08/27/2026,06:25:20:257,0.000000,0.000000,3,-123.5,-123.5,0,0,
08/27/2026,06:25:20:302,0.000000,0.000000,1,-120.67,-120.67,0,0,
08/27/2026,06:25:20:306,0.000000,0.000000,2,-122.74,-122.74,0,0,
08/27/2026,06:25:20:351,0.000000,0.000000,4,-79.16,-79.16,0,0,
08/27/2026,06:25:20:484,0.000000,0.000000,3,-123.37,-123.37,0,0,
08/27/2026,06:25:20:525,0.000000,0.000000,1,-118.15,-118.15,0,0,
08/27/2026,06:25:20:558,0.000000,0.000000,2,-123.9,-123.9,0,0,
08/27/2026,06:25:20:610,0.000000,0.000000,4,-78.79,-78.79,0,0,
08/27/2026,06:25:20:717,0.000000,0.000000,3,-123.99,-123.99,0,0,
08/27/2026,06:25:20:808,0.000000,0.000000,1,-117.96,-117.96,0,0,
08/27/2026,06:25:20:827,0.000000,0.000000,2,-124.91,-124.91,0,0,
08/27/2026,06:25:20:876,0.000000,0.000000,4,-77.66,-77.66,0,0,
08/27/2026,06:25:20:978,0.000000,0.000000,3,-123.13,-123.13,0,0,
08/27/2026,06:25:21:056,0.000000,0.000000,1,-119.24,-119.24,0,0,
08/27/2026,06:25:21:064,0.000000,0.000000,2,-124.81,-124.81,0,0,
08/27/2026,06:25:21:136,0.000000,0.000000,4,-79.42,-79.42,0,0,
08/27/2026,06:25:21:242,0.000000,0.000000,3,-124.42,-124.42,0,0,
08/27/2026,06:25:21:315,0.000000,0.000000,1,-117.79,-117.79,0,0,
08/27/2026,06:25:21:331,0.000000,0.000000,2,-123.7,-123.7,0,0,
08/27/2026,06:25:21:400,0.000000,0.000000,4,-79.46,-79.46,0,0,
08/27/2026,06:25:21:502,0.000000,0.000000,3,-122.33,-122.33,0,0,
08/27/2026,06:25:21:573,0.000000,0.000000,1,-119.72,-119.72,0,0,
08/27/2026,06:25:21:594,0.000000,0.000000,2,-125.04,-125.04,0,0,
08/27/2026,06:25:21:661,0.000000,0.000000,4,-85.76,-85.76,0,0,
08/27/2026,06:25:21:764,0.000000,0.000000,3,-123.49,-123.49,0,0,
08/27/2026,06:25:21:835,0.000000,0.000000,1,-118.13,-118.13,0,0,
08/27/2026,06:25:21:858,0.000000,0.000000,2,-124.02,-124.02,0,0,
08/27/2026,06:25:21:922,0.000000,0.000000,4,-88.17,-88.17,0,0,
08/27/2026,06:25:22:024,0.000000,0.000000,3,-124.3,-124.3,0,0,
08/27/2026,06:25:22:108,0.000000,0.000000,1,-119.03,-119.03,0,0,
08/27/2026,06:25:22:112,0.000000,0.000000,2,-121.89,-121.89,0,0,
08/27/2026,06:25:22:193,0.000000,0.000000,4,-74.74,-74.74,0,0,
08/27/2026,06:25:22:295,0.000000,0.000000,3,-125.06,-125.06,0,0,
08/27/2026,06:25:22:356,0.000000,0.000000,1,-120.79,-120.79,0,0,
08/27/2026,06:25:22:374,0.000000,0.000000,2,-125.76,-125.76,0,0,
08/27/2026,06:25:22:467,0.000000,0.000000,4,-87.72,-87.72,0,0,
08/27/2026,06:25:22:552,0.000000,0.000000,3,-121.68,-121.68,0,0,
08/27/2026,06:25:22:619,0.000000,0.000000,1,-118.33,-118.33,0,0,
08/27/2026,06:25:22:635,0.000000,0.000000,2,-125.05,-125.05,0,0,
08/27/2026,06:25:22:704,0.000000,0.000000,4,-74.49,-74.49,0,0,
08/27/2026,06:25:22:809,0.000000,0.000000,3,-122.62,-122.62,0,0,
08/27/2026,06:25:22:887,0.000000,0.000000,1,-118.92,-118.92,0,0,
08/27/2026,06:25:22:901,0.000000,0.000000,2,-125.36,-125.36,0,0,
08/27/2026,06:25:22:970,0.000000,0.000000,4,-79.99,-79.99,0,0,
08/27/2026,06:25:23:074,0.000000,0.000000,3,-125.64,-125.64,0,0,
08/27/2026,06:25:23:141,0.000000,0.000000,1,-121.75,-121.75,0,0,
08/27/2026,06:25:23:160,0.000000,0.000000,2,-123.23,-123.23,0,0,
08/27/2026,06:25:23:283,0.000000,0.000000,4,-71.75,-71.75,0,0,
08/27/2026,06:25:23:339,0.000000,0.000000,3,-124.26,-124.26,0,0,
08/27/2026,06:25:23:408,0.000000,0.000000,1,-119.89,-119.89,0,0,
08/27/2026,06:25:23:425,0.000000,0.000000,2,-125.96,-125.96,0,0,
08/27/2026,06:25:23:491,0.000000,0.000000,4,-73.48,-73.48,0,0,
08/27/2026,06:25:23:599,0.000000,0.000000,3,-123.19,-123.19,0,0,
08/27/2026,06:25:23:665,0.000000,0.000000,1,-119.75,-119.75,0,0,
08/27/2026,06:25:23:694,0.000000,0.000000,2,-124.31,-124.31,0,0,
08/27/2026,06:25:23:760,0.000000,0.000000,4,-74.38,-74.38,0,0,
08/27/2026,06:25:23:870,0.000000,0.000000,3,-122.31,-122.31,0,0,
08/27/2026,06:25:23:962,0.000000,0.000000,1,-120.59,-120.59,0,0,
08/27/2026,06:25:23:966,0.000000,0.000000,2,-125.99,-125.99,0,0,
08/27/2026,06:26:58:011,0.000000,0.000000,4,-84.22,-84.22,0,0,
08/27/2026,06:26:58:186,0.000000,0.000000,3,-122.51,-122.51,0,0,
08/27/2026,06:26:58:200,0.000000,0.000000,1,-120.4,-120.4,0,0,
08/27/2026,06:26:58:204,0.000000,0.000000,2,-125.38,-125.38,0,0,
08/27/2026,06:26:58:271,0.000000,0.000000,4,-85.65,-85.65,0,0,
08/27/2026,06:26:58:374,0.000000,0.000000,3,-121.35,-121.35,0,0,
08/27/2026,06:26:58:454,0.000000,0.000000,1,-118.37,-118.37,0,0,
08/27/2026,06:26:58:458,0.000000,0.000000,2,-124.61,-124.61,0,0,
08/27/2026,06:26:58:537,0.000000,0.000000,4,-90.68,-90.68,0,0,
08/27/2026,06:26:58:642,0.000000,0.000000,3,-123.25,-123.25,0,0,
08/27/2026,06:26:58:721,0.000000,0.000000,1,-119.02,-119.02,0,0,
08/27/2026,06:26:58:725,0.000000,0.000000,2,-125.01,-125.01,0,0,
08/27/2026,06:26:58:806,0.000000,0.000000,4,-82.65,-82.65,0,0,
08/27/2026,06:26:58:896,0.000000,0.000000,3,-123.51,-123.51,0,0,
08/27/2026,06:26:58:969,0.000000,0.000000,1,-118.86,-118.86,0,0,
08/27/2026,06:26:58:983,0.000000,0.000000,2,-123.99,-123.99,0,0,
08/27/2026,06:26:59:062,0.000000,0.000000,4,-77.37,-77.37,0,0,
08/27/2026,06:26:59:160,0.000000,0.000000,3,-123.61,-123.61,0,0,
08/27/2026,06:26:59:232,0.000000,0.000000,1,-118.72,-118.72,0,0,
08/27/2026,06:26:59:250,0.000000,0.000000,2,-124.74,-124.74,0,0,
08/27/2026,06:26:59:329,0.000000,0.000000,4,-77.93,-77.93,0,0,
08/27/2026,06:26:59:425,0.000000,0.000000,3,-124.46,-124.46,0,0,
08/27/2026,06:26:59:495,0.000000,0.000000,1,-119.52,-119.52,0,0,
08/27/2026,06:26:59:524,0.000000,0.000000,2,-126.05,-126.05,0,0,
08/27/2026,06:26:59:581,0.000000,0.000000,4,-78.03,-78.03,0,0,
08/27/2026,06:26:59:683,0.000000,0.000000,3,-122.48,-122.48,0,0,
08/27/2026,06:26:59:758,0.000000,0.000000,1,-118.88,-118.88,0,0,
08/27/2026,06:26:59:771,0.000000,0.000000,2,-123.72,-123.72,0,0,
08/27/2026,06:26:59:841,0.000000,0.000000,4,-80.21,-80.21,0,0,
08/27/2026,06:26:59:944,0.000000,0.000000,3,-123.73,-123.73,0,0,
08/27/2026,06:27:00:014,0.000000,0.000000,1,-117.69,-117.69,0,0,
08/27/2026,06:27:00:039,0.000000,0.000000,2,-124.99,-124.99,0,0,
08/27/2026,06:27:00:116,0.000000,0.000000,4,-73.85,-73.85,0,0,
08/27/2026,06:27:00:214,0.000000,0.000000,3,-125.1,-125.1,0,0,
08/27/2026,06:27:00:282,0.000000,0.000000,1,-118.46,-118.46,0,0,
08/27/2026,06:27:00:295,0.000000,0.000000,2,-124.04,-124.04,0,0,
08/27/2026,06:27:00:388,0.000000,0.000000,4,-69.26,-69.26,0,0,
08/27/2026,06:27:00:473,0.000000,0.000000,3,-125.7,-125.7,0,0,
08/27/2026,06:27:00:541,0.000000,0.000000,1,-121.16,-121.16,0,0,
08/27/2026,06:27:00:555,0.000000,0.000000,2,-124.62,-124.62,0,0,
08/27/2026,06:27:00:628,0.000000,0.000000,4,-71.54,-71.54,0,0,
08/27/2026,06:27:00:728,0.000000,0.000000,3,-124.93,-124.93,0,0,
08/27/2026,06:27:00:803,0.000000,0.000000,1,-120.22,-120.22,0,0,
08/27/2026,06:27:00:847,0.000000,0.000000,2,-124.38,-124.38,0,0,
08/27/2026,06:27:00:897,0.000000,0.000000,4,-80.37,-80.37,0,0,
08/27/2026,06:27:01:060,0.000000,0.000000,3,-126.22,-126.22,0,0,
08/27/2026,06:27:01:101,0.000000,0.000000,1,-118.3,-118.3,0,0,
08/27/2026,06:27:01:105,0.000000,0.000000,2,-124.59,-124.59,0,0,
08/27/2026,06:27:01:151,0.000000,0.000000,4,-71.69,-71.69,0,0,
08/27/2026,06:27:01:256,0.000000,0.000000,3,-124.73,-124.73,0,0,
08/27/2026,06:27:01:327,0.000000,0.000000,1,-120.44,-120.44,0,0,
08/27/2026,06:27:01:348,0.000000,0.000000,2,-125.02,-125.02,0,0,
08/27/2026,06:27:01:412,0.000000,0.000000,4,-87.99,-87.99,0,0,
08/27/2026,06:27:01:516,0.000000,0.000000,3,-121.5,-121.5,0,0,
08/27/2026,06:27:01:583,0.000000,0.000000,1,-119.61,-119.61,0,0,
08/27/2026,06:27:01:604,0.000000,0.000000,2,-125.39,-125.39,0,0,
08/27/2026,06:27:01:697,0.000000,0.000000,4,-78.25,-78.25,0,0,
08/27/2026,06:27:01:793,0.000000,0.000000,3,-122.68,-122.68,0,0,
08/27/2026,06:27:01:850,0.000000,0.000000,1,-118.59,-118.59,0,0,
08/27/2026,06:27:01:870,0.000000,0.000000,2,-125.52,-125.52,0,0,
08/27/2026,06:27:01:932,0.000000,0.000000,4,-71.97,-71.97,0,0,
08/27/2026,06:27:02:039,0.000000,0.000000,3,-120.17,-120.17,0,0,
08/27/2026,06:27:02:108,0.000000,0.000000,1,-118.28,-118.28,0,0,
08/27/2026,06:27:02:130,0.000000,0.000000,2,-123.55,-123.55,0,0,
08/27/2026,06:27:02:195,0.000000,0.000000,4,-71.94,-71.94,0,0,
08/27/2026,06:27:02:302,0.000000,0.000000,3,-124.15,-124.15,0,0,
08/27/2026,06:27:02:369,0.000000,0.000000,1,-116.52,-116.52,0,0,
08/27/2026,06:27:02:408,0.000000,0.000000,2,-124.51,-124.51,0,0,
08/27/2026,06:27:02:460,0.000000,0.000000,4,-71.46,-71.46,0,0,
08/27/2026,06:27:02:590,0.000000,0.000000,3,-124.65,-124.65,0,0,
08/27/2026,06:27:02:635,0.000000,0.000000,1,-118.6,-118.6,0,0,
08/27/2026,06:27:02:669,0.000000,0.000000,2,-125.39,-125.39,0,0,
08/27/2026,06:27:02:720,0.000000,0.000000,4,-74.81,-74.81,0,0,
08/27/2026,06:27:02:826,0.000000,0.000000,3,-124.82,-124.82,0,0,
08/27/2026,06:27:02:898,0.000000,0.000000,1,-119.49,-119.49,0,0,
08/27/2026,06:27:02:941,0.000000,0.000000,2,-122.74,-122.74,0,0,
08/27/2026,06:27:02:981,0.000000,0.000000,4,-78.49,-78.49,0,0,
08/27/2026,06:27:03:093,0.000000,0.000000,3,-123.25,-123.25,0,0,
08/27/2026,06:27:03:154,0.000000,0.000000,1,-119.81,-119.81,0,0,
08/27/2026,06:27:03:178,0.000000,0.000000,2,-122.79,-122.79,0,0,
08/27/2026,06:27:03:325,0.000000,0.000000,4,-73.81,-73.81,0,0,
08/27/2026,06:27:03:370,0.000000,0.000000,3,-123.46,-123.46,0,0,
08/27/2026,06:27:03:421,0.000000,0.000000,1,-118.85,-118.85,0,0,
08/27/2026,06:27:03:431,0.000000,0.000000,2,-123.38,-123.38,0,0,
08/27/2026,06:27:03:504,0.000000,0.000000,4,-81.26,-81.26,0,0,
08/27/2026,06:27:03:613,0.000000,0.000000,3,-122.36,-122.36,0,0,
08/27/2026,06:27:03:682,0.000000,0.000000,1,-117.42,-117.42,0,0,
08/27/2026,06:27:03:698,0.000000,0.000000,2,-121.3,-121.3,0,0,
08/27/2026,06:27:03:772,0.000000,0.000000,4,-77.74,-77.74,0,0,
08/27/2026,06:27:03:872,0.000000,0.000000,3,-123.59,-123.59,0,0,
08/27/2026,06:27:03:953,0.000000,0.000000,1,-119.45,-119.45,0,0,
08/27/2026,06:27:03:959,0.000000,0.000000,2,-121.98,-121.98,0,0,
08/27/2026,06:27:04:034,0.000000,0.000000,4,-80.63,-80.63,0,0,
08/27/2026,06:27:04:132,0.000000,0.000000,3,-122.59,-122.59,0,0,
08/27/2026,06:27:04:204,0.000000,0.000000,1,-119.56,-119.56,0,0,
08/27/2026,06:27:04:225,0.000000,0.000000,2,-121.65,-121.65,0,0,
08/27/2026,06:27:04:293,0.000000,0.000000,4,-83.73,-83.73,0,0,
08/27/2026,06:27:04:394,0.000000,0.000000,3,-124.34,-124.34,0,0,
08/27/2026,06:27:04:467,0.000000,0.000000,1,-119.75,-119.75,0,0,
08/27/2026,06:27:04:502,0.000000,0.000000,2,-123.07,-123.07,0,0,
08/27/2026,06:27:04:554,0.000000,0.000000,4,-80.91,-80.91,0,0,
08/27/2026,06:27:04:672,0.000000,0.000000,3,-123.87,-123.87,0,0,
08/27/2026,06:27:04:747,0.000000,0.000000,1,-118.15,-118.15,0,0,
08/27/2026,06:27:04:751,0.000000,0.000000,2,-121.26,-121.26,0,0,
08/27/2026,06:27:04:844,0.000000,0.000000,4,-80.99,-80.99,0,0,
08/27/2026,06:27:04:918,0.000000,0.000000,3,-120.89,-120.89,0,0,
08/27/2026,06:27:04:992,0.000000,0.000000,1,-118.73,-118.73,0,0,
08/27/2026,06:27:05:003,0.000000,0.000000,2,-124.63,-124.63,0,0,
08/27/2026,06:27:05:075,0.000000,0.000000,4,-77.68,-77.68,0,0,
08/27/2026,06:27:05:180,0.000000,0.000000,3,-123.68,-123.68,0,0,
08/27/2026,06:27:05:254,0.000000,0.000000,1,-117.83,-117.83,0,0,
08/27/2026,06:27:05:266,0.000000,0.000000,2,-123.59,-123.59,0,0,
08/27/2026,06:27:05:343,0.000000,0.000000,4,-80.8,-80.8,0,0,
08/27/2026,06:27:05:440,0.000000,0.000000,3,-124.79,-124.79,0,0,
08/27/2026,06:27:05:513,0.000000,0.000000,1,-120.28,-120.28,0,0,
08/27/2026,06:27:05:531,0.000000,0.000000,2,-124.95,-124.95,0,0,
08/27/2026,06:27:05:601,0.000000,0.000000,4,-79.74,-79.74,0,0,
08/27/2026,06:27:05:702,0.000000,0.000000,3,-121.53,-121.53,0,0,
08/27/2026,06:27:05:782,0.000000,0.000000,1,-118.93,-118.93,0,0,
08/27/2026,06:27:05:788,0.000000,0.000000,2,-123.77,-123.77,0,0,
08/27/2026,06:27:05:864,0.000000,0.000000,4,-79.8,-79.8,0,0,
08/27/2026,06:27:05:970,0.000000,0.000000,3,-122.86,-122.86,0,0,
08/27/2026,06:27:06:039,0.000000,0.000000,1,-119.34,-119.34,0,0,
08/27/2026,06:27:06:058,0.000000,0.000000,2,-122.08,-122.08,0,0,
08/27/2026,06:27:06:128,0.000000,0.000000,4,-81.58,-81.58,0,0,
08/27/2026,06:27:06:247,0.000000,0.000000,3,-123.45,-123.45,0,0,
08/27/2026,06:27:06:323,0.000000,0.000000,1,-120.09,-120.09,0,0,
08/27/2026,06:27:06:329,0.000000,0.000000,2,-122.23,-122.23,0,0,
08/27/2026,06:27:06:383,0.000000,0.000000,4,-81.17,-81.17,0,0,
08/27/2026,06:27:06:502,0.000000,0.000000,3,-123.34,-123.34,0,0,
08/27/2026,06:27:06:558,0.000000,0.000000,1,-119.38,-119.38,0,0,
08/27/2026,06:27:06:581,0.000000,0.000000,2,-124.19,-124.19,0,0,
08/27/2026,06:27:06:649,0.000000,0.000000,4,-80.63,-80.63,0,0,
08/27/2026,06:27:06:766,0.000000,0.000000,3,-122.29,-122.29,0,0,
08/27/2026,06:27:06:822,0.000000,0.000000,1,-119.57,-119.57,0,0,
08/27/2026,06:27:06:838,0.000000,0.000000,2,-125.12,-125.12,0,0,
08/27/2026,06:27:06:908,0.000000,0.000000,4,-87.44,-87.44,0,0,
08/27/2026,06:27:07:015,0.000000,0.000000,3,-125.81,-125.81,0,0,
08/27/2026,06:27:07:086,0.000000,0.000000,1,-118.21,-118.21,0,0,
08/27/2026,06:27:07:102,0.000000,0.000000,2,-124.16,-124.16,0,0,
08/27/2026,06:27:07:166,0.000000,0.000000,4,-76.8,-76.8,0,0,
08/27/2026,06:27:07:275,0.000000,0.000000,3,-121.13,-121.13,0,0,
08/27/2026,06:27:07:351,0.000000,0.000000,1,-119.23,-119.23,0,0,
08/27/2026,06:27:07:364,0.000000,0.000000,2,-120.93,-120.93,0,0,
08/27/2026,06:27:07:434,0.000000,0.000000,4,-77.82,-77.82,0,0,
08/27/2026,06:27:07:539,0.000000,0.000000,3,-120.9,-120.9,0,0,
08/27/2026,06:27:07:612,0.000000,0.000000,1,-118.25,-118.25,0,0,
08/27/2026,06:27:07:621,0.000000,0.000000,2,-124.18,-124.18,0,0,
08/27/2026,06:27:07:698,0.000000,0.000000,4,-67.37,-67.37,0,0,
08/27/2026,06:27:07:801,0.000000,0.000000,3,-122.67,-122.67,0,0,
08/27/2026,06:27:07:869,0.000000,0.000000,1,-121.72,-121.72,0,0,
08/27/2026,06:27:07:908,0.000000,0.000000,2,-123.79,-123.79,0,0,
08/27/2026,06:27:07:954,0.000000,0.000000,4,-77.61,-77.61,0,0,
08/27/2026,06:27:08:077,0.000000,0.000000,3,-122.39,-122.39,0,0,
08/27/2026,06:27:08:149,0.000000,0.000000,1,-118.99,-118.99,0,0,
08/27/2026,06:27:08:156,0.000000,0.000000,2,-124.74,-124.74,0,0,
08/27/2026,06:27:08:234,0.000000,0.000000,4,-72.92,-72.92,0,0,
08/27/2026,06:27:08:327,0.000000,0.000000,3,-124.2,-124.2,0,0,
08/27/2026,06:27:08:496,0.000000,0.000000,1,-120.31,-120.31,0,0,
08/27/2026,06:27:08:500,0.000000,0.000000,2,-124.49,-124.49,0,0,
08/27/2026,06:27:08:518,0.000000,0.000000,4,-74.08,-74.08,0,0,
08/27/2026,06:27:08:582,0.000000,0.000000,3,-122.73,-122.73,0,0,
08/27/2026,06:27:08:680,0.000000,0.000000,1,-120.13,-120.13,0,0,
08/27/2026,06:27:08:682,0.000000,0.000000,2,-124.14,-124.14,0,0,
08/27/2026,06:27:08:740,0.000000,0.000000,4,-75.54,-75.54,0,0,
08/27/2026,06:27:08:846,0.000000,0.000000,3,-122.71,-122.71,0,0,
08/27/2026,06:27:08:924,0.000000,0.000000,1,-117.75,-117.75,0,0,
08/27/2026,06:27:08:935,0.000000,0.000000,2,-123.25,-123.25,0,0,
08/27/2026,06:27:09:002,0.000000,0.000000,4,-75.76,-75.76,0,0,
08/27/2026,06:27:09:106,0.000000,0.000000,3,-124.7,-124.7,0,0,
08/27/2026,06:27:09:177,0.000000,0.000000,1,-117.72,-117.72,0,0,
08/27/2026,06:27:09:195,0.000000,0.000000,2,-123.48,-123.48,0,0,
08/27/2026,06:27:09:262,0.000000,0.000000,4,-76.58,-76.58,0,0,
08/27/2026,06:27:09:372,0.000000,0.000000,3,-124.2,-124.2,0,0,
08/27/2026,06:27:09:441,0.000000,0.000000,1,-118.56,-118.56,0,0,
08/27/2026,06:27:09:463,0.000000,0.000000,2,-125.6,-125.6,0,0,
08/27/2026,06:27:09:523,0.000000,0.000000,4,-77.03,-77.03,0,0,
08/27/2026,06:27:09:635,0.000000,0.000000,3,-124.36,-124.36,0,0,
08/27/2026,06:27:09:702,0.000000,0.000000,1,-117.38,-117.38,0,0,
08/27/2026,06:27:09:721,0.000000,0.000000,2,-125.58,-125.58,0,0,
08/27/2026,06:27:09:786,0.000000,0.000000,4,-74.7,-74.7,0,0,
08/27/2026,06:27:09:891,0.000000,0.000000,3,-124.62,-124.62,0,0,
08/27/2026,06:27:09:987,0.000000,0.000000,1,-120.01,-120.01,0,0,
08/27/2026,06:27:09:989,0.000000,0.000000,2,-123.7,-123.7,0,0,
08/27/2026,06:27:10:069,0.000000,0.000000,4,-76.68,-76.68,0,0,
08/27/2026,06:27:10:162,0.000000,0.000000,3,-125.09,-125.09,0,0,
08/27/2026,06:27:10:239,0.000000,0.000000,1,-118.72,-118.72,0,0,
08/27/2026,06:27:10:242,0.000000,0.000000,2,-123.81,-123.81,0,0,
08/27/2026,06:27:10:314,0.000000,0.000000,4,-85.8,-85.8,0,0,
08/27/2026,06:27:10:416,0.000000,0.000000,3,-123.41,-123.41,0,0,
08/27/2026,06:27:10:486,0.000000,0.000000,1,-117.95,-117.95,0,0,
08/27/2026,06:27:10:505,0.000000,0.000000,2,-124.78,-124.78,0,0,
08/27/2026,06:27:10:580,0.000000,0.000000,4,-79.7,-79.7,0,0,
08/27/2026,06:27:10:677,0.000000,0.000000,3,-123.28,-123.28,0,0,
08/27/2026,06:27:10:748,0.000000,0.000000,1,-118.09,-118.09,0,0,
08/27/2026,06:27:10:773,0.000000,0.000000,2,-124.21,-124.21,0,0,
08/27/2026,06:27:10:834,0.000000,0.000000,4,-72.57,-72.57,0,0,
08/27/2026,06:27:10:944,0.000000,0.000000,3,-124.86,-124.86,0,0,
08/27/2026,06:27:11:010,0.000000,0.000000,1,-118.27,-118.27,0,0,
08/27/2026,06:27:11:047,0.000000,0.000000,2,-125.38,-125.38,0,0,
08/27/2026,06:27:11:094,0.000000,0.000000,4,-78.23,-78.23,0,0,
08/27/2026,06:27:11:202,0.000000,0.000000,3,-124.81,-124.81,0,0,
08/27/2026,06:27:11:272,0.000000,0.000000,1,-119.04,-119.04,0,0,
08/27/2026,06:27:11:289,0.000000,0.000000,2,-124.77,-124.77,0,0,
08/27/2026,06:27:11:357,0.000000,0.000000,4,-83.51,-83.51,0,0,
08/27/2026,06:27:11:462,0.000000,0.000000,3,-123.72,-123.72,0,0,
08/27/2026,06:27:11:543,0.000000,0.000000,1,-119.45,-119.45,0,0,
08/27/2026,06:27:11:551,0.000000,0.000000,2,-124.59,-124.59,0,0,
08/27/2026,06:27:11:624,0.000000,0.000000,4,-84.83,-84.83,0,0,
08/27/2026,06:27:11:726,0.000000,0.000000,3,-122.99,-122.99,0,0,
08/27/2026,06:27:11:799,0.000000,0.000000,1,-120.38,-120.38,0,0,
08/27/2026,06:27:11:812,0.000000,0.000000,2,-124.84,-124.84,0,0,
08/27/2026,06:27:11:880,0.000000,0.000000,4,-67.87,-67.87,0,0,
08/27/2026,06:27:11:997,0.000000,0.000000,3,-123.77,-123.77,0,0,
08/27/2026,06:27:12:070,0.000000,0.000000,1,-119.16,-119.16,0,0,
08/27/2026,06:27:12:072,0.000000,0.000000,2,-123.62,-123.62,0,0,
08/27/2026,06:27:12:154,0.000000,0.000000,4,-79.66,-79.66,0,0,
08/27/2026,06:27:12:250,0.000000,0.000000,3,-123.47,-123.47,0,0,
08/27/2026,06:27:12:328,0.000000,0.000000,1,-118.94,-118.94,0,0,
08/27/2026,06:27:12:335,0.000000,0.000000,2,-123.58,-123.58,0,0,
08/27/2026,06:27:12:407,0.000000,0.000000,4,-75.04,-75.04,0,0,
08/27/2026,06:27:12:541,0.000000,0.000000,3,-121.36,-121.36,0,0,
08/27/2026,06:27:12:579,0.000000,0.000000,1,-119.78,-119.78,0,0,
08/27/2026,06:27:12:603,0.000000,0.000000,2,-123.39,-123.39,0,0,
08/27/2026,06:27:12:669,0.000000,0.000000,4,-71.61,-71.61,0,0,
08/27/2026,06:27:12:774,0.000000,0.000000,3,-124.14,-124.14,0,0,
08/27/2026,06:27:12:842,0.000000,0.000000,1,-118.53,-118.53,0,0,
08/27/2026,06:27:12:864,0.000000,0.000000,2,-123.14,-123.14,0,0,
08/27/2026,06:27:12:937,0.000000,0.000000,4,-77.15,-77.15,0,0,
08/27/2026,06:27:13:045,0.000000,0.000000,3,-123.29,-123.29,0,0,
08/27/2026,06:27:13:111,0.000000,0.000000,1,-119.04,-119.04,0,0,
08/27/2026,06:27:13:123,0.000000,0.000000,2,-121.62,-121.62,0,0,
08/27/2026,06:27:13:198,0.000000,0.000000,4,-80.45,-80.45,0,0,
08/27/2026,06:27:13:301,0.000000,0.000000,3,-121.68,-121.68,0,0,
08/27/2026,06:27:13:379,0.000000,0.000000,1,-117.3,-117.3,0,0,
08/27/2026,06:27:13:387,0.000000,0.000000,2,-121.84,-121.84,0,0,
08/27/2026,06:27:13:474,0.000000,0.000000,4,-76.38,-76.38,0,0,
08/27/2026,06:27:13:642,0.000000,0.000000,3,-123.82,-123.82,0,0,
08/27/2026,06:27:13:681,0.000000,0.000000,1,-118.31,-118.31,0,0,
08/27/2026,06:27:13:685,0.000000,0.000000,2,-123.51,-123.51,0,0,
08/27/2026,06:27:13:725,0.000000,0.000000,4,-74.53,-74.53,0,0,
08/27/2026,06:27:13:851,0.000000,0.000000,3,-120.81,-120.81,0,0,
08/27/2026,06:27:13:901,0.000000,0.000000,1,-119.12,-119.12,0,0,
08/27/2026,06:27:13:905,0.000000,0.000000,2,-124.69,-124.69,0,0,
08/27/2026,06:27:13:982,0.000000,0.000000,4,-79.8,-79.8,0,0,
08/27/2026,06:27:14:094,0.000000,0.000000,3,-126.42,-126.42,0,0,
08/27/2026,06:27:14:152,0.000000,0.000000,1,-118.31,-118.31,0,0,
08/27/2026,06:27:14:172,0.000000,0.000000,2,-124.52,-124.52,0,0,
08/27/2026,06:27:14:241,0.000000,0.000000,4,-79.18,-79.18,0,0,
08/27/2026,06:27:14:351,0.000000,0.000000,3,-121.27,-121.27,0,0,
08/27/2026,06:27:14:412,0.000000,0.000000,1,-119.28,-119.28,0,0,
08/27/2026,06:27:14:429,0.000000,0.000000,2,-122.94,-122.94,0,0,
08/27/2026,06:27:14:503,0.000000,0.000000,4,-71.43,-71.43,0,0,
08/27/2026,06:27:14:606,0.000000,0.000000,3,-121.92,-121.92,0,0,
08/27/2026,06:27:14:673,0.000000,0.000000,1,-119.26,-119.26,0,0,
08/27/2026,06:27:14:697,0.000000,0.000000,2,-121.27,-121.27,0,0,
08/27/2026,06:27:14:776,0.000000,0.000000,4,-76.87,-76.87,0,0,
08/27/2026,06:27:14:889,0.000000,0.000000,3,-120.79,-120.79,0,0,
08/27/2026,06:27:14:938,0.000000,0.000000,1,-117.4,-117.4,0,0,
08/27/2026,06:27:14:956,0.000000,0.000000,2,-120.44,-120.44,0,0,
08/27/2026,06:27:15:040,0.000000,0.000000,4,-77.22,-77.22,0,0,
08/27/2026,06:27:15:127,0.000000,0.000000,3,-123.61,-123.61,0,0,
08/27/2026,06:27:15:202,0.000000,0.000000,1,-118.43,-118.43,0,0,
08/27/2026,06:27:15:215,0.000000,0.000000,2,-124.5,-124.5,0,0,
08/27/2026,06:27:15:289,0.000000,0.000000,4,-70.52,-70.52,0,0,
08/27/2026,06:27:15:393,0.000000,0.000000,3,-123.75,-123.75,0,0,
08/27/2026,06:27:15:475,0.000000,0.000000,1,-118.12,-118.12,0,0,
08/27/2026,06:27:15:476,0.000000,0.000000,2,-121.77,-121.77,0,0,
08/27/2026,06:27:15:553,0.000000,0.000000,4,-75.16,-75.16,0,0,
08/27/2026,06:27:15:663,0.000000,0.000000,3,-122,-122,0,0,
08/27/2026,06:27:15:751,0.000000,0.000000,1,-118.3,-118.3,0,0,
08/27/2026,06:27:15:756,0.000000,0.000000,2,-123.22,-123.22,0,0,
08/27/2026,06:27:15:825,0.000000,0.000000,4,-74.26,-74.26,0,0,
08/27/2026,06:27:15:941,0.000000,0.000000,3,-124.89,-124.89,0,0,
08/27/2026,06:27:15:990,0.000000,0.000000,1,-119.22,-119.22,0,0,
08/27/2026,06:27:16:019,0.000000,0.000000,2,-123.81,-123.81,0,0,
08/27/2026,06:27:16:071,0.000000,0.000000,4,-72.36,-72.36,0,0,
08/27/2026,06:27:16:192,0.000000,0.000000,3,-122.53,-122.53,0,0,
08/27/2026,06:27:16:265,0.000000,0.000000,1,-119.58,-119.58,0,0,
08/27/2026,06:27:16:281,0.000000,0.000000,2,-122.68,-122.68,0,0,
08/27/2026,06:27:16:362,0.000000,0.000000,4,-75.72,-75.72,0,0,
08/27/2026,06:27:16:436,0.000000,0.000000,3,-120.4,-120.4,0,0,
08/27/2026,06:27:16:515,0.000000,0.000000,1,-118.54,-118.54,0,0,
08/27/2026,06:27:16:530,0.000000,0.000000,2,-124.94,-124.94,0,0,
08/27/2026,06:27:16:593,0.000000,0.000000,4,-75.05,-75.05,0,0,
08/27/2026,06:27:16:705,0.000000,0.000000,3,-122.62,-122.62,0,0,
08/27/2026,06:27:16:774,0.000000,0.000000,1,-117.89,-117.89,0,0,
08/27/2026,06:27:16:785,0.000000,0.000000,2,-122.89,-122.89,0,0,
08/27/2026,06:27:16:873,0.000000,0.000000,4,-87.01,-87.01,0,0,
08/27/2026,06:27:16:960,0.000000,0.000000,3,-123.84,-123.84,0,0,
08/27/2026,06:27:17:034,0.000000,0.000000,1,-118.23,-118.23,0,0,
08/27/2026,06:27:17:049,0.000000,0.000000,2,-124.16,-124.16,0,0,
08/27/2026,06:27:17:124,0.000000,0.000000,4,-83.35,-83.35,0,0,
08/27/2026,06:27:17:222,0.000000,0.000000,3,-120.64,-120.64,0,0,
08/27/2026,06:27:17:295,0.000000,0.000000,1,-118.78,-118.78,0,0,
08/27/2026,06:27:17:312,0.000000,0.000000,2,-122.13,-122.13,0,0,
08/27/2026,06:27:17:407,0.000000,0.000000,4,-78.48,-78.48,0,0,
08/27/2026,06:27:17:506,0.000000,0.000000,3,-119.92,-119.92,0,0,
08/27/2026,06:27:17:591,0.000000,0.000000,1,-118.67,-118.67,0,0,
08/27/2026,06:27:17:596,0.000000,0.000000,2,-121.25,-121.25,0,0,
08/27/2026,06:27:17:643,0.000000,0.000000,4,-81.49,-81.49,0,0,
08/27/2026,06:27:17:774,0.000000,0.000000,3,-120.8,-120.8,0,0,
08/27/2026,06:27:17:814,0.000000,0.000000,1,-119.77,-119.77,0,0,
08/27/2026,06:27:17:832,0.000000,0.000000,2,-123.45,-123.45,0,0,
08/27/2026,06:27:17:909,0.000000,0.000000,4,-79.45,-79.45,0,0,
08/27/2026,06:27:18:007,0.000000,0.000000,3,-119.19,-119.19,0,0,
08/27/2026,06:27:18:082,0.000000,0.000000,1,-118.99,-118.99,0,0,
08/27/2026,06:27:18:102,0.000000,0.000000,2,-125,-125,0,0,
08/27/2026,06:27:18:196,0.000000,0.000000,4,-75.57,-75.57,0,0,
08/27/2026,06:27:18:271,0.000000,0.000000,3,-124.31,-124.31,0,0,
08/27/2026,06:27:18:339,0.000000,0.000000,1,-120.03,-120.03,0,0,
08/27/2026,06:27:18:356,0.000000,0.000000,2,-125.08,-125.08,0,0,
08/27/2026,06:27:18:431,0.000000,0.000000,4,-77.26,-77.26,0,0,
08/27/2026,06:27:18:539,0.000000,0.000000,3,-123.67,-123.67,0,0,
08/27/2026,06:27:18:616,0.000000,0.000000,1,-117.45,-117.45,0,0,
08/27/2026,06:27:18:625,0.000000,0.000000,2,-123.21,-123.21,0,0,
08/27/2026,06:27:18:754,0.000000,0.000000,4,-77.96,-77.96,0,0,
08/27/2026,06:27:18:795,0.000000,0.000000,3,-123.27,-123.27,0,0,
08/27/2026,06:27:18:867,0.000000,0.000000,1,-119.07,-119.07,0,0,
08/27/2026,06:27:18:879,0.000000,0.000000,2,-122.56,-122.56,0,0,
08/27/2026,06:27:18:952,0.000000,0.000000,4,-77.42,-77.42,0,0,
08/27/2026,06:27:19:054,0.000000,0.000000,3,-122.61,-122.61,0,0,
08/27/2026,06:27:19:124,0.000000,0.000000,1,-119.16,-119.16,0,0,
08/27/2026,06:27:19:149,0.000000,0.000000,2,-125.59,-125.59,0,0,
08/27/2026,06:27:19:224,0.000000,0.000000,4,-75.68,-75.68,0,0,
08/27/2026,06:27:19:314,0.000000,0.000000,3,-122.69,-122.69,0,0,
08/27/2026,06:27:19:387,0.000000,0.000000,1,-119.4,-119.4,0,0,
08/27/2026,06:27:19:419,0.000000,0.000000,2,-124.21,-124.21,0,0,
08/27/2026,06:27:19:471,0.000000,0.000000,4,-72.6,-72.6,0,0,
08/27/2026,06:27:19:593,0.000000,0.000000,3,-122.03,-122.03,0,0,
08/27/2026,06:27:19:652,0.000000,0.000000,1,-119.64,-119.64,0,0,
08/27/2026,06:27:19:665,0.000000,0.000000,2,-124.96,-124.96,0,0,
08/27/2026,06:27:19:748,0.000000,0.000000,4,-73.02,-73.02,0,0,
08/27/2026,06:27:19:845,0.000000,0.000000,3,-122.79,-122.79,0,0,
08/27/2026,06:27:19:914,0.000000,0.000000,1,-122.72,-122.72,0,0,
08/27/2026,06:27:19:929,0.000000,0.000000,2,-124.75,-124.75,0,0,
08/27/2026,06:27:20:014,0.000000,0.000000,4,-81.33,-81.33,0,0,
08/27/2026,06:27:20:105,0.000000,0.000000,3,-122.82,-122.82,0,0,
08/27/2026,06:27:20:200,0.000000,0.000000,1,-119.59,-119.59,0,0,
08/27/2026,06:27:20:203,0.000000,0.000000,2,-122.92,-122.92,0,0,
08/27/2026,06:27:20:260,0.000000,0.000000,4,-81.34,-81.34,0,0,
08/27/2026,06:27:20:372,0.000000,0.000000,3,-123.22,-123.22,0,0,
08/27/2026,06:27:20:447,0.000000,0.000000,1,-121.1,-121.1,0,0,
08/27/2026,06:27:20:449,0.000000,0.000000,2,-119.39,-119.39,0,0,
08/27/2026,06:27:20:526,0.000000,0.000000,4,-74.23,-74.23,0,0,
08/27/2026,06:27:20:633,0.000000,0.000000,3,-123.51,-123.51,0,0,
08/27/2026,06:27:20:696,0.000000,0.000000,1,-118.52,-118.52,0,0,
08/27/2026,06:27:20:717,0.000000,0.000000,2,-120.05,-120.05,0,0,
08/27/2026,06:27:20:788,0.000000,0.000000,4,-75.67,-75.67,0,0,
08/27/2026,06:27:20:891,0.000000,0.000000,3,-121.96,-121.96,0,0,
08/27/2026,06:27:20:961,0.000000,0.000000,1,-118.2,-118.2,0,0,
08/27/2026,06:27:20:981,0.000000,0.000000,2,-122.01,-122.01,0,0,
08/27/2026,06:27:21:051,0.000000,0.000000,4,-78.66,-78.66,0,0,
08/27/2026,06:27:21:155,0.000000,0.000000,3,-124.04,-124.04,0,0,
08/27/2026,06:27:21:222,0.000000,0.000000,1,-116.52,-116.52,0,0,
08/27/2026,06:27:21:257,0.000000,0.000000,2,-123.39,-123.39,0,0,
08/27/2026,06:27:21:319,0.000000,0.000000,4,-71.71,-71.71,0,0,
08/27/2026,06:27:21:421,0.000000,0.000000,3,-123.82,-123.82,0,0,
08/27/2026,06:27:21:494,0.000000,0.000000,1,-119.52,-119.52,0,0,
08/27/2026,06:27:21:505,0.000000,0.000000,2,-122.82,-122.82,0,0,
08/27/2026,06:27:21:591,0.000000,0.000000,4,-73.99,-73.99,0,0,
08/27/2026,06:27:21:677,0.000000,0.000000,3,-121.64,-121.64,0,0,
08/27/2026,06:27:21:750,0.000000,0.000000,1,-119.07,-119.07,0,0,
08/27/2026,06:27:21:764,0.000000,0.000000,2,-121.71,-121.71,0,0,
08/27/2026,06:27:21:835,0.000000,0.000000,4,-73.48,-73.48,0,0,
08/27/2026,06:27:21:935,0.000000,0.000000,3,-123.28,-123.28,0,0,
08/27/2026,06:27:22:004,0.000000,0.000000,1,-116.66,-116.66,0,0,
08/27/2026,06:27:22:039,0.000000,0.000000,2,-123.94,-123.94,0,0,
08/27/2026,06:27:22:096,0.000000,0.000000,4,-72.28,-72.28,0,0,
08/27/2026,06:27:22:202,0.000000,0.000000,3,-120.06,-120.06,0,0,
08/27/2026,06:27:22:268,0.000000,0.000000,1,-118.69,-118.69,0,0,
08/27/2026,06:27:22:300,0.000000,0.000000,2,-120.86,-120.86,0,0,
08/27/2026,06:27:22:361,0.000000,0.000000,4,-67.81,-67.81,0,0,
08/27/2026,06:27:22:469,0.000000,0.000000,3,-123.75,-123.75,0,0,
08/27/2026,06:27:22:529,0.000000,0.000000,1,-116.79,-116.79,0,0,
08/27/2026,06:27:22:565,0.000000,0.000000,2,-121.57,-121.57,0,0,
08/27/2026,06:27:22:621,0.000000,0.000000,4,-73.16,-73.16,0,0,
08/27/2026,06:27:22:767,0.000000,0.000000,3,-117.71,-117.71,0,0,
08/27/2026,06:27:22:793,0.000000,0.000000,1,-119.53,-119.53,0,0,
08/27/2026,06:27:22:827,0.000000,0.000000,2,-124.2,-124.2,0,0,
08/27/2026,06:27:22:886,0.000000,0.000000,4,-71.12,-71.12,0,0,
08/27/2026,06:27:22:995,0.000000,0.000000,3,-121.59,-121.59,0,0,
08/27/2026,06:27:23:075,0.000000,0.000000,1,-118.83,-118.83,0,0,
08/27/2026,06:27:23:078,0.000000,0.000000,2,-121.19,-121.19,0,0,
08/27/2026,06:27:23:159,0.000000,0.000000,4,-85.07,-85.07,0,0,
08/27/2026,06:27:23:246,0.000000,0.000000,3,-124.24,-124.24,0,0,
08/27/2026,06:27:23:329,0.000000,0.000000,1,-119.14,-119.14,0,0,
08/27/2026,06:27:23:333,0.000000,0.000000,2,-120.71,-120.71,0,0,
08/27/2026,06:27:23:404,0.000000,0.000000,4,-78.17,-78.17,0,0,
08/27/2026,06:27:23:513,0.000000,0.000000,3,-122.45,-122.45,0,0,
08/27/2026,06:27:23:584,0.000000,0.000000,1,-118.63,-118.63,0,0,
08/27/2026,06:27:23:595,0.000000,0.000000,2,-122.93,-122.93,0,0,
08/27/2026,06:27:23:673,0.000000,0.000000,4,-74.14,-74.14,0,0,
08/27/2026,06:27:23:771,0.000000,0.000000,3,-120.82,-120.82,0,0,
08/27/2026,06:27:23:906,0.000000,0.000000,1,-117.28,-117.28,0,0,
08/27/2026,06:27:23:910,0.000000,0.000000,2,-122.31,-122.31,0,0,
08/27/2026,06:27:23:942,0.000000,0.000000,4,-73.25,-73.25,0,0,
08/27/2026,06:27:24:046,0.000000,0.000000,3,-121.69,-121.69,0,0,
08/27/2026,06:27:24:107,0.000000,0.000000,1,-119.6,-119.6,0,0,
08/27/2026,06:27:24:120,0.000000,0.000000,2,-121.67,-121.67,0,0,
08/27/2026,06:27:24:186,0.000000,0.000000,4,-69.43,-69.43,0,0,
08/27/2026,06:27:24:314,0.000000,0.000000,3,-124.27,-124.27,0,0,
08/27/2026,06:27:24:361,0.000000,0.000000,1,-116.11,-116.11,0,0,
08/27/2026,06:27:24:383,0.000000,0.000000,2,-121.33,-121.33,0,0,
08/27/2026,06:27:24:456,0.000000,0.000000,4,-74.27,-74.27,0,0,
08/27/2026,06:27:24:556,0.000000,0.000000,3,-120.17,-120.17,0,0,
08/27/2026,06:27:24:622,0.000000,0.000000,1,-118.23,-118.23,0,0,
08/27/2026,06:27:24:640,0.000000,0.000000,2,-126.22,-126.22,0,0,
08/27/2026,06:27:24:710,0.000000,0.000000,4,-74.77,-74.77,0,0,
08/27/2026,06:27:24:816,0.000000,0.000000,3,-122.55,-122.55,0,0,
08/27/2026,06:27:24:885,0.000000,0.000000,1,-120.65,-120.65,0,0,
08/27/2026,06:27:24:903,0.000000,0.000000,2,-124.07,-124.07,0,0,
08/27/2026,06:27:24:986,0.000000,0.000000,4,-70.15,-70.15,0,0,
08/27/2026,06:27:25:080,0.000000,0.000000,3,-121.76,-121.76,0,0,
08/27/2026,06:27:25:160,0.000000,0.000000,1,-117.23,-117.23,0,0,
08/27/2026,06:27:25:163,0.000000,0.000000,2,-122.85,-122.85,0,0,
08/27/2026,06:27:25:241,0.000000,0.000000,4,-71.97,-71.97,0,0,
08/27/2026,06:27:25:341,0.000000,0.000000,3,-121.18,-121.18,0,0,
08/27/2026,06:27:25:415,0.000000,0.000000,1,-117.77,-117.77,0,0,
08/27/2026,06:27:25:424,0.000000,0.000000,2,-120.03,-120.03,0,0,
08/27/2026,06:27:25:497,0.000000,0.000000,4,-75.77,-75.77,0,0,
08/27/2026,06:27:25:603,0.000000,0.000000,3,-122.78,-122.78,0,0,
08/27/2026,06:27:25:678,0.000000,0.000000,1,-118.39,-118.39,0,0,
08/27/2026,06:27:25:693,0.000000,0.000000,2,-120.28,-120.28,0,0,
08/27/2026,06:27:25:765,0.000000,0.000000,4,-76.5,-76.5,0,0,
08/27/2026,06:27:25:873,0.000000,0.000000,3,-122.18,-122.18,0,0,
08/27/2026,06:27:25:932,0.000000,0.000000,1,-118.18,-118.18,0,0,
08/27/2026,06:27:25:948,0.000000,0.000000,2,-122.61,-122.61,0,0,
08/27/2026,06:27:26:022,0.000000,0.000000,4,-75.14,-75.14,0,0,
08/27/2026,06:27:26:128,0.000000,0.000000,3,-119.2,-119.2,0,0,
08/27/2026,06:27:26:204,0.000000,0.000000,1,-116.44,-116.44,0,0,
08/27/2026,06:27:26:210,0.000000,0.000000,2,-121.43,-121.43,0,0,
08/27/2026,06:27:26:285,0.000000,0.000000,4,-74.42,-74.42,0,0,
08/27/2026,06:27:26:407,0.000000,0.000000,3,-121.24,-121.24,0,0,
08/27/2026,06:27:26:460,0.000000,0.000000,1,-119.73,-119.73,0,0,
08/27/2026,06:27:26:474,0.000000,0.000000,2,-120.71,-120.71,0,0,
08/27/2026,06:27:26:549,0.000000,0.000000,4,-78.68,-78.68,0,0,
08/27/2026,06:27:26:652,0.000000,0.000000,3,-119.64,-119.64,0,0,
08/27/2026,06:27:26:723,0.000000,0.000000,1,-120.56,-120.56,0,0,
08/27/2026,06:27:26:754,0.000000,0.000000,2,-120.18,-120.18,0,0,
08/27/2026,06:27:26:828,0.000000,0.000000,4,-81.74,-81.74,0,0,
08/27/2026,06:27:26:910,0.000000,0.000000,3,-119.05,-119.05,0,0,
08/27/2026,06:27:26:998,0.000000,0.000000,1,-117.86,-117.86,0,0,
08/27/2026,06:27:27:001,0.000000,0.000000,2,-124.53,-124.53,0,0,
08/27/2026,06:27:27:074,0.000000,0.000000,4,-70.45,-70.45,0,0,
08/27/2026,06:27:27:177,0.000000,0.000000,3,-124.02,-124.02,0,0,
08/27/2026,06:27:27:241,0.000000,0.000000,1,-117.72,-117.72,0,0,
08/27/2026,06:27:27:264,0.000000,0.000000,2,-124.06,-124.06,0,0,
08/27/2026,06:27:27:327,0.000000,0.000000,4,-61.37,-61.37,0,0,
08/27/2026,06:27:27:434,0.000000,0.000000,3,-126.93,-126.93,0,0,
08/27/2026,06:27:27:504,0.000000,0.000000,1,-117.97,-117.97,0,0,
08/27/2026,06:27:27:521,0.000000,0.000000,2,-124.21,-124.21,0,0,
08/27/2026,06:27:27:595,0.000000,0.000000,4,-63.74,-63.74,0,0,
08/27/2026,06:27:27:700,0.000000,0.000000,3,-118.59,-118.59,0,0,
08/27/2026,06:27:27:765,0.000000,0.000000,1,-117.73,-117.73,0,0,
08/27/2026,06:27:27:785,0.000000,0.000000,2,-120.49,-120.49,0,0,
08/27/2026,06:27:27:887,0.000000,0.000000,4,-65.39,-65.39,0,0,
08/27/2026,06:27:27:963,0.000000,0.000000,3,-119.16,-119.16,0,0,
08/27/2026,06:27:28:032,0.000000,0.000000,1,-116.38,-116.38,0,0,
08/27/2026,06:27:28:046,0.000000,0.000000,2,-123.24,-123.24,0,0,
08/27/2026,06:27:28:113,0.000000,0.000000,4,-64.27,-64.27,0,0,
08/27/2026,06:27:28:220,0.000000,0.000000,3,-118.91,-118.91,0,0,
08/27/2026,06:27:28:298,0.000000,0.000000,1,-118.56,-118.56,0,0,
08/27/2026,06:27:28:304,0.000000,0.000000,2,-118.89,-118.89,0,0,
08/27/2026,06:27:28:378,0.000000,0.000000,4,-73.97,-73.97,0,0,
08/27/2026,06:27:28:497,0.000000,0.000000,3,-119.35,-119.35,0,0,
08/27/2026,06:27:28:567,0.000000,0.000000,1,-116.96,-116.96,0,0,
08/27/2026,06:27:28:571,0.000000,0.000000,2,-122.54,-122.54,0,0,
08/27/2026,06:27:28:653,0.000000,0.000000,4,-74.8,-74.8,0,0,
08/27/2026,06:27:28:743,0.000000,0.000000,3,-120.22,-120.22,0,0,
08/27/2026,06:27:28:813,0.000000,0.000000,1,-116.67,-116.67,0,0,
08/27/2026,06:27:28:843,0.000000,0.000000,2,-118.54,-118.54,0,0,
08/27/2026,06:27:28:915,0.000000,0.000000,4,-58.89,-58.89,0,0,
08/27/2026,06:27:29:051,0.000000,0.000000,3,-114.98,-114.98,0,0,
08/27/2026,06:27:29:092,0.000000,0.000000,1,-115,-115,0,0,
08/27/2026,06:27:29:098,0.000000,0.000000,2,-116.12,-116.12,0,0,
08/27/2026,06:27:29:160,0.000000,0.000000,4,-58.75,-58.75,0,0,
08/27/2026,06:27:29:265,0.000000,0.000000,3,-121.16,-121.16,0,0,
08/27/2026,06:27:29:335,0.000000,0.000000,1,-118.38,-118.38,0,0,
08/27/2026,06:27:29:357,0.000000,0.000000,2,-114.43,-114.43,0,0,
08/27/2026,06:27:29:421,0.000000,0.000000,4,-68.63,-68.63,0,0,
08/27/2026,06:27:29:527,0.000000,0.000000,3,-120.48,-120.48,0,0,
08/27/2026,06:27:29:600,0.000000,0.000000,1,-114.29,-114.29,0,0,
08/27/2026,06:27:29:614,0.000000,0.000000,2,-118.65,-118.65,0,0,
08/27/2026,06:27:29:684,0.000000,0.000000,4,-70.53,-70.53,0,0,
08/27/2026,06:27:29:789,0.000000,0.000000,3,-113.6,-113.6,0,0,
08/27/2026,06:27:29:858,0.000000,0.000000,1,-115.84,-115.84,0,0,
08/27/2026,06:27:29:884,0.000000,0.000000,2,-115.85,-115.85,0,0,
08/27/2026,06:27:29:952,0.000000,0.000000,4,-75.62,-75.62,0,0,
08/27/2026,06:27:30:054,0.000000,0.000000,3,-122.11,-122.11,0,0,
08/27/2026,06:27:30:123,0.000000,0.000000,1,-112.56,-112.56,0,0,
08/27/2026,06:27:30:143,0.000000,0.000000,2,-118.28,-118.28,0,0,
08/27/2026,06:27:30:208,0.000000,0.000000,4,-73.79,-73.79,0,0,
08/27/2026,06:27:30:316,0.000000,0.000000,3,-115.75,-115.75,0,0,
08/27/2026,06:27:30:386,0.000000,0.000000,1,-113.73,-113.73,0,0,
08/27/2026,06:27:30:399,0.000000,0.000000,2,-117.05,-117.05,0,0,
08/27/2026,06:27:30:479,0.000000,0.000000,4,-71.38,-71.38,0,0,
08/27/2026,06:27:30:597,0.000000,0.000000,3,-119.57,-119.57,0,0,
08/27/2026,06:27:30:659,0.000000,0.000000,1,-114.74,-114.74,0,0,
08/27/2026,06:27:30:662,0.000000,0.000000,2,-122.7,-122.7,0,0,
08/27/2026,06:27:30:737,0.000000,0.000000,4,-74.49,-74.49,0,0,
08/27/2026,06:27:30:858,0.000000,0.000000,3,-118.68,-118.68,0,0,
08/27/2026,06:27:30:907,0.000000,0.000000,1,-116.53,-116.53,0,0,
08/27/2026,06:27:30:929,0.000000,0.000000,2,-119.26,-119.26,0,0,
08/27/2026,06:27:30:994,0.000000,0.000000,4,-84.92,-84.92,0,0,
08/27/2026,06:27:31:102,0.000000,0.000000,3,-118.9,-118.9,0,0,
08/27/2026,06:27:31:191,0.000000,0.000000,1,-118.93,-118.93,0,0,
08/27/2026,06:27:31:199,0.000000,0.000000,2,-121.27,-121.27,0,0,
08/27/2026,06:27:31:254,0.000000,0.000000,4,-81.58,-81.58,0,0,
08/27/2026,06:27:31:366,0.000000,0.000000,3,-121.04,-121.04,0,0,
08/27/2026,06:27:31:434,0.000000,0.000000,1,-119.37,-119.37,0,0,
08/27/2026,06:27:31:450,0.000000,0.000000,2,-121.78,-121.78,0,0,
08/27/2026,06:27:31:534,0.000000,0.000000,4,-85.64,-85.64,0,0,
08/27/2026,06:27:31:625,0.000000,0.000000,3,-123.99,-123.99,0,0,
08/27/2026,06:27:31:729,0.000000,0.000000,1,-118.32,-118.32,0,0,
08/27/2026,06:27:31:732,0.000000,0.000000,2,-125.93,-125.93,0,0,
08/27/2026,06:27:31:780,0.000000,0.000000,4,-82.45,-82.45,0,0,
08/27/2026,06:27:31:884,0.000000,0.000000,3,-120.4,-120.4,0,0,
08/27/2026,06:27:31:966,0.000000,0.000000,1,-118.53,-118.53,0,0,
08/27/2026,06:27:31:978,0.000000,0.000000,2,-124.32,-124.32,0,0,
08/27/2026,06:27:32:043,0.000000,0.000000,4,-88.96,-88.96,0,0,
08/27/2026,06:27:32:157,0.000000,0.000000,3,-121.71,-121.71,0,0,
08/27/2026,06:27:32:231,0.000000,0.000000,1,-120.53,-120.53,0,0,
08/27/2026,06:27:32:233,0.000000,0.000000,2,-121.43,-121.43,0,0,
08/27/2026,06:27:32:322,0.000000,0.000000,4,-80.73,-80.73,0,0,
08/27/2026,06:27:32:417,0.000000,0.000000,3,-123.11,-123.11,0,0,
08/27/2026,06:27:32:492,0.000000,0.000000,1,-118.67,-118.67,0,0,
08/27/2026,06:27:32:499,0.000000,0.000000,2,-124.29,-124.29,0,0,
08/27/2026,06:27:32:563,0.000000,0.000000,4,-76.45,-76.45,0,0,
08/27/2026,06:27:32:669,0.000000,0.000000,3,-123.65,-123.65,0,0,
08/27/2026,06:27:32:755,0.000000,0.000000,1,-121.17,-121.17,0,0,
08/27/2026,06:27:32:757,0.000000,0.000000,2,-122.24,-122.24,0,0,
08/27/2026,06:27:32:836,0.000000,0.000000,4,-82.16,-82.16,0,0,
08/27/2026,06:27:32:935,0.000000,0.000000,3,-123.5,-123.5,0,0,
08/27/2026,06:27:33:000,0.000000,0.000000,1,-117.83,-117.83,0,0,
08/27/2026,06:27:33:023,0.000000,0.000000,2,-124.45,-124.45,0,0,
08/27/2026,06:27:33:087,0.000000,0.000000,4,-82.74,-82.74,0,0,
08/27/2026,06:27:33:206,0.000000,0.000000,3,-123.05,-123.05,0,0,
08/27/2026,06:27:33:267,0.000000,0.000000,1,-118.92,-118.92,0,0,
08/27/2026,06:27:33:289,0.000000,0.000000,2,-124.62,-124.62,0,0,
08/27/2026,06:27:33:349,0.000000,0.000000,4,-87.79,-87.79,0,0,
08/27/2026,06:27:33:454,0.000000,0.000000,3,-123.23,-123.23,0,0,
08/27/2026,06:27:33:542,0.000000,0.000000,1,-121.56,-121.56,0,0,
08/27/2026,06:27:33:550,0.000000,0.000000,2,-125.48,-125.48,0,0,
08/27/2026,06:27:33:614,0.000000,0.000000,4,-77.89,-77.89,0,0,
08/27/2026,06:27:33:735,0.000000,0.000000,3,-125.48,-125.48,0,0,
08/27/2026,06:27:33:788,0.000000,0.000000,1,-119.9,-119.9,0,0,
08/27/2026,06:27:33:814,0.000000,0.000000,2,-122.5,-122.5,0,0,
08/27/2026,06:27:33:878,0.000000,0.000000,4,-81.26,-81.26,0,0,
08/27/2026,06:27:34:004,0.000000,0.000000,3,-122.06,-122.06,0,0,
08/27/2026,06:27:34:083,0.000000,0.000000,1,-120.43,-120.43,0,0,
08/27/2026,06:27:34:085,0.000000,0.000000,2,-124.11,-124.11,0,0,
08/27/2026,06:27:34:236,0.000000,0.000000,4,-83.48,-83.48,0,0,
08/27/2026,06:27:34:301,0.000000,0.000000,3,-125.45,-125.45,0,0,
08/27/2026,06:27:34:341,0.000000,0.000000,1,-119.42,-119.42,0,0,
08/27/2026,06:27:34:344,0.000000,0.000000,2,-123.3,-123.3,0,0,
08/27/2026,06:27:34:402,0.000000,0.000000,4,-91.73,-91.73,0,0,
08/27/2026,06:27:34:501,0.000000,0.000000,3,-123.98,-123.98,0,0,
08/27/2026,06:27:34:579,0.000000,0.000000,1,-118.67,-118.67,0,0,
08/27/2026,06:27:34:591,0.000000,0.000000,2,-124.08,-124.08,0,0,
08/27/2026,06:27:34:660,0.000000,0.000000,4,-89.97,-89.97,0,0,
08/27/2026,06:27:34:767,0.000000,0.000000,3,-124.99,-124.99,0,0,
08/27/2026,06:27:34:863,0.000000,0.000000,1,-120.42,-120.42,0,0,
08/27/2026,06:27:34:867,0.000000,0.000000,2,-123.56,-123.56,0,0,
08/27/2026,06:27:34:923,0.000000,0.000000,4,-87.26,-87.26,0,0,
08/27/2026,06:27:35:024,0.000000,0.000000,3,-126.04,-126.04,0,0,
08/27/2026,06:27:35:103,0.000000,0.000000,1,-119.99,-119.99,0,0,
08/27/2026,06:27:35:123,0.000000,0.000000,2,-126.31,-126.31,0,0,
08/27/2026,06:27:35:180,0.000000,0.000000,4,-84.01,-84.01,0,0,
08/27/2026,06:27:35:299,0.000000,0.000000,3,-123.91,-123.91,0,0,
08/27/2026,06:27:35:368,0.000000,0.000000,1,-117.89,-117.89,0,0,
08/27/2026,06:27:35:373,0.000000,0.000000,2,-123.8,-123.8,0,0,
08/27/2026,06:27:35:453,0.000000,0.000000,4,-78.63,-78.63,0,0,
08/27/2026,06:27:35:577,0.000000,0.000000,3,-125.72,-125.72,0,0,
08/27/2026,06:27:35:619,0.000000,0.000000,1,-120.07,-120.07,0,0,
08/27/2026,06:27:35:640,0.000000,0.000000,2,-121.7,-121.7,0,0,
08/27/2026,06:27:35:710,0.000000,0.000000,4,-79.52,-79.52,0,0,
08/27/2026,06:27:35:817,0.000000,0.000000,3,-125.29,-125.29,0,0,
08/27/2026,06:27:35:895,0.000000,0.000000,1,-117.99,-117.99,0,0,
08/27/2026,06:27:35:899,0.000000,0.000000,2,-123.82,-123.82,0,0,
08/27/2026,06:27:35:983,0.000000,0.000000,4,-80.28,-80.28,0,0,
08/27/2026,06:27:36:086,0.000000,0.000000,3,-122.41,-122.41,0,0,
08/27/2026,06:27:36:158,0.000000,0.000000,1,-118.99,-118.99,0,0,
08/27/2026,06:27:36:172,0.000000,0.000000,2,-123.85,-123.85,0,0,
08/27/2026,06:27:36:234,0.000000,0.000000,4,-80.35,-80.35,0,0,
08/27/2026,06:27:36:335,0.000000,0.000000,3,-122.97,-122.97,0,0,
08/27/2026,06:27:36:429,0.000000,0.000000,1,-118.53,-118.53,0,0,
08/27/2026,06:27:36:437,0.000000,0.000000,2,-123.22,-123.22,0,0,
08/27/2026,06:27:36:505,0.000000,0.000000,4,-83.66,-83.66,0,0,
08/27/2026,06:27:36:652,0.000000,0.000000,3,-123.42,-123.42,0,0,
08/27/2026,06:27:36:665,0.000000,0.000000,1,-119.89,-119.89,0,0,
08/27/2026,06:27:36:702,0.000000,0.000000,2,-123.56,-123.56,0,0,
08/27/2026,06:27:36:773,0.000000,0.000000,4,-80.16,-80.16,0,0,
08/27/2026,06:27:36:859,0.000000,0.000000,3,-125.95,-125.95,0,0,
08/27/2026,06:27:36:929,0.000000,0.000000,1,-120.29,-120.29,0,0,
08/27/2026,06:27:36:949,0.000000,0.000000,2,-124.72,-124.72,0,0,
08/27/2026,06:27:37:015,0.000000,0.000000,4,-80.62,-80.62,0,0,
08/27/2026,06:27:37:136,0.000000,0.000000,3,-123.11,-123.11,0,0,
08/27/2026,06:27:37:198,0.000000,0.000000,1,-119.1,-119.1,0,0,
08/27/2026,06:27:37:211,0.000000,0.000000,2,-123,-123,0,0,
08/27/2026,06:27:37:305,0.000000,0.000000,4,-86.41,-86.41,0,0,
08/27/2026,06:27:37:389,0.000000,0.000000,3,-125.35,-125.35,0,0,
08/27/2026,06:27:37:451,0.000000,0.000000,1,-119.31,-119.31,0,0,
08/27/2026,06:27:37:472,0.000000,0.000000,2,-124.55,-124.55,0,0,
08/27/2026,06:27:37:539,0.000000,0.000000,4,-84.6,-84.6,0,0,
08/27/2026,06:27:37:645,0.000000,0.000000,3,-123.09,-123.09,0,0,
08/27/2026,06:27:37:740,0.000000,0.000000,1,-118.73,-118.73,0,0,
08/27/2026,06:27:37:743,0.000000,0.000000,2,-124.92,-124.92,0,0,
08/27/2026,06:27:37:812,0.000000,0.000000,4,-97.43,-97.43,0,0,
08/27/2026,06:27:37:923,0.000000,0.000000,3,-123.89,-123.89,0,0,
08/27/2026,06:27:37:975,0.000000,0.000000,1,-118.33,-118.33,0,0,
08/27/2026,06:27:38:002,0.000000,0.000000,2,-123.72,-123.72,0,0,
08/27/2026,06:27:38:083,0.000000,0.000000,4,-82.28,-82.28,0,0,
08/27/2026,06:27:38:167,0.000000,0.000000,3,-123.73,-123.73,0,0,
08/27/2026,06:27:38:235,0.000000,0.000000,1,-118.59,-118.59,0,0,
08/27/2026,06:27:38:265,0.000000,0.000000,2,-122.98,-122.98,0,0,
08/27/2026,06:27:38:334,0.000000,0.000000,4,-91.85,-91.85,0,0,
08/27/2026,06:27:38:450,0.000000,0.000000,3,-123.51,-123.51,0,0,
08/27/2026,06:27:38:518,0.000000,0.000000,1,-119.66,-119.66,0,0,
08/27/2026,06:27:38:524,0.000000,0.000000,2,-126.5,-126.5,0,0,
08/27/2026,06:27:38:586,0.000000,0.000000,4,-97.04,-97.04,0,0,
08/27/2026,06:27:38:691,0.000000,0.000000,3,-124.11,-124.11,0,0,
08/27/2026,06:27:38:760,0.000000,0.000000,1,-119.61,-119.61,0,0,
08/27/2026,06:27:38:787,0.000000,0.000000,2,-124.87,-124.87,0,0,
08/27/2026,06:27:38:871,0.000000,0.000000,4,-96.91,-96.91,0,0,
08/27/2026,06:27:38:972,0.000000,0.000000,3,-123.7,-123.7,0,0,
08/27/2026,06:27:39:044,0.000000,0.000000,1,-120.4,-120.4,0,0,
08/27/2026,06:27:39:057,0.000000,0.000000,2,-123.89,-123.89,0,0,
08/27/2026,06:27:39:113,0.000000,0.000000,4,-96.76,-96.76,0,0,
08/27/2026,06:27:39:220,0.000000,0.000000,3,-122.62,-122.62,0,0,
08/27/2026,06:27:39:332,0.000000,0.000000,1,-120.43,-120.43,0,0,
08/27/2026,06:27:39:335,0.000000,0.000000,2,-124.65,-124.65,0,0,
08/27/2026,06:27:39:413,0.000000,0.000000,4,-100.58,-100.58,0,0,
08/27/2026,06:27:39:480,0.000000,0.000000,3,-125.33,-125.33,0,0,
08/27/2026,06:27:39:551,0.000000,0.000000,1,-120.42,-120.42,0,0,
08/27/2026,06:27:39:581,0.000000,0.000000,2,-124.04,-124.04,0,0,
08/27/2026,06:27:39:669,0.000000,0.000000,4,-92.98,-92.98,0,0,
08/27/2026,06:27:39:747,0.000000,0.000000,3,-125.21,-125.21,0,0,
08/27/2026,06:27:39:827,0.000000,0.000000,1,-120.01,-120.01,0,0,
08/27/2026,06:27:39:830,0.000000,0.000000,2,-124.81,-124.81,0,0,
08/27/2026,06:27:40:018,0.000000,0.000000,4,-84.99,-84.99,0,0,
08/27/2026,06:27:40:138,0.000000,0.000000,3,-123.41,-123.41,0,0,
08/27/2026,06:27:40:153,0.000000,0.000000,1,-120.36,-120.36,0,0,
08/27/2026,06:27:40:163,0.000000,0.000000,2,-125.06,-125.06,0,0,
08/27/2026,06:27:40:192,0.000000,0.000000,4,-91.55,-91.55,0,0,
08/27/2026,06:27:40:264,0.000000,0.000000,3,-125.35,-125.35,0,0,
08/27/2026,06:27:40:343,0.000000,0.000000,1,-118.17,-118.17,0,0,
08/27/2026,06:27:40:351,0.000000,0.000000,2,-123.11,-123.11,0,0,
08/27/2026,06:27:40:448,0.000000,0.000000,4,-93.38,-93.38,0,0,
08/27/2026,06:27:40:528,0.000000,0.000000,3,-124.06,-124.06,0,0,
08/27/2026,06:27:40:615,0.000000,0.000000,1,-119.76,-119.76,0,0,
08/27/2026,06:27:40:621,0.000000,0.000000,2,-124.86,-124.86,0,0,
08/27/2026,06:27:40:736,0.000000,0.000000,4,-94.62,-94.62,0,0,
08/27/2026,06:27:40:813,0.000000,0.000000,3,-122.22,-122.22,0,0,
08/27/2026,06:27:40:854,0.000000,0.000000,1,-122.14,-122.14,0,0,
08/27/2026,06:27:40:881,0.000000,0.000000,2,-125.07,-125.07,0,0,
08/27/2026,06:27:40:941,0.000000,0.000000,4,-98.92,-98.92,0,0,
08/27/2026,06:27:41:051,0.000000,0.000000,3,-122.8,-122.8,0,0,
08/27/2026,06:27:41:115,0.000000,0.000000,1,-120.62,-120.62,0,0,
08/27/2026,06:27:41:136,0.000000,0.000000,2,-123.22,-123.22,0,0,
08/27/2026,06:27:41:206,0.000000,0.000000,4,-96.21,-96.21,0,0,
