Date,Time,Latitude,Longitude,Channel,RSSI,Adjusted Value,Antenna Gain,Cable Loss
06/10/2026,09:43:10:104,38.840557,-76.975367,1,-119.48,-119.48,0,0,
06/10/2026,09:43:10:166,38.840557,-76.975367,2,-122.06,-122.06,0,0,
06/10/2026,09:43:10:236,38.840557,-76.975367,3,-83.13,-83.13,0,0,
06/10/2026,09:43:10:277,38.840557,-76.975367,4,-120.07,-120.07,0,0,
06/10/2026,09:43:10:297,38.840557,-76.975367,1,-119.48,-119.48,0,0,
06/10/2026,09:43:10:376,38.840557,-76.975367,2,-121.24,-121.24,0,0,
06/10/2026,09:43:10:469,38.840557,-76.975367,3,-90.09,-90.09,0,0,
06/10/2026,09:43:10:490,38.840557,-76.975367,4,-118.7,-118.7,0,0,
06/10/2026,09:43:10:526,38.840557,-76.975367,1,-119.21,-119.21,0,0,
06/10/2026,09:43:10:579,38.840557,-76.975367,2,-121.78,-121.78,0,0,
06/10/2026,09:43:10:648,38.840557,-76.975367,3,-84.42,-84.42,0,0,
06/10/2026,09:43:10:710,38.840557,-76.975367,4,-118.87,-118.87,0,0,
06/10/2026,09:43:10:715,38.840557,-76.975367,1,-121.07,-121.07,0,0,
06/10/2026,09:43:10:796,38.840557,-76.975367,2,-119.79,-119.79,0,0,
06/10/2026,09:43:10:900,38.840557,-76.975367,3,-81.83,-81.83,0,0,
06/10/2026,09:43:10:951,38.840557,-76.975367,4,-119.67,-119.67,0,0,
06/10/2026,09:43:10:997,38.840557,-76.975367,1,-117.99,-117.99,0,0,
06/10/2026,09:43:11:062,38.840557,-76.975367,2,-119.13,-119.13,0,0,
06/10/2026,09:43:11:113,38.840557,-76.975367,3,-84.15,-84.15,0,0,
06/10/2026,09:43:11:161,38.840557,-76.975367,4,-119.04,-119.04,0,0,
06/10/2026,09:43:11:165,38.840557,-76.975367,1,-117.42,-117.42,0,0,
06/10/2026,09:43:11:213,38.840557,-76.975367,2,-121.13,-121.13,0,0,
06/10/2026,09:43:11:277,38.840557,-76.975367,3,-79.22,-79.22,0,0,
06/10/2026,09:43:11:344,38.840557,-76.975367,4,-119.33,-119.33,0,0,
06/10/2026,09:43:11:360,38.840557,-76.975367,1,-119.98,-119.98,0,0,
06/10/2026,09:43:11:417,38.840557,-76.975367,2,-113.72,-113.72,0,0,
06/10/2026,09:43:11:484,38.840557,-76.975367,3,-88.62,-88.62,0,0,
06/10/2026,09:43:11:541,38.840557,-76.975367,4,-121.2,-121.2,0,0,
06/10/2026,09:43:11:552,38.840557,-76.975367,1,-118.43,-118.43,0,0,
06/10/2026,09:43:11:622,38.840557,-76.975367,2,-114.82,-114.82,0,0,
06/10/2026,09:43:11:697,38.840557,-76.975367,3,-87.23,-87.23,0,0,
06/10/2026,09:43:11:757,38.840557,-76.975367,4,-120.54,-120.54,0,0,
06/10/2026,09:43:11:762,38.840557,-76.975367,1,-118.91,-118.91,0,0,
06/10/2026,09:43:11:833,38.840557,-76.975367,2,-117.88,-117.88,0,0,
06/10/2026,09:43:11:904,38.840557,-76.975367,3,-89.87,-89.87,0,0,
06/10/2026,09:43:11:956,38.840557,-76.975367,4,-118.33,-118.33,0,0,
06/10/2026,09:43:11:976,38.840557,-76.975367,1,-115.19,-115.19,0,0,
06/10/2026,09:43:12:078,38.840557,-76.975367,2,-112.08,-112.08,0,0,
06/10/2026,09:43:12:112,38.840557,-76.975367,3,-77.66,-77.66,0,0,
06/10/2026,09:43:12:165,38.840557,-76.975367,4,-118.01,-118.01,0,0,
06/10/2026,09:43:12:183,38.840557,-76.975367,1,-112.36,-112.36,0,0,
06/10/2026,09:43:12:264,38.840557,-76.975367,2,-117.12,-117.12,0,0,
06/10/2026,09:43:12:321,38.840557,-76.975367,3,-81.33,-81.33,0,0,
06/10/2026,09:43:12:385,38.840557,-76.975367,4,-119.3,-119.3,0,0,
06/10/2026,09:43:12:393,38.840557,-76.975367,1,-118.39,-118.39,0,0,
06/10/2026,09:43:12:462,38.840557,-76.975367,2,-114.77,-114.77,0,0,
06/10/2026,09:43:12:547,38.840557,-76.975367,3,-81.34,-81.34,0,0,
06/10/2026,09:43:12:716,38.840557,-76.975367,4,-118.77,-118.77,0,0,
06/10/2026,09:43:12:729,38.840557,-76.975367,1,-116.81,-116.81,0,0,
06/10/2026,09:43:12:827,38.840557,-76.975367,2,-118.27,-118.27,0,0,
06/10/2026,09:43:12:894,38.840557,-76.975367,3,-88.22,-88.22,0,0,
06/10/2026,09:43:12:921,38.840557,-76.975367,4,-119.74,-119.74,0,0,
06/10/2026,09:43:12:928,38.840557,-76.975367,1,-116.93,-116.93,0,0,
06/10/2026,09:43:12:958,38.840557,-76.975367,2,-118.16,-118.16,0,0,
06/10/2026,09:43:13:003,38.840557,-76.975367,3,-83.01,-83.01,0,0,
06/10/2026,09:43:13:046,38.840557,-76.975367,4,-118.95,-118.95,0,0,
06/10/2026,09:43:13:051,38.840557,-76.975367,1,-117.65,-117.65,0,0,
06/10/2026,09:43:13:090,38.840557,-76.975367,2,-117.79,-117.79,0,0,
06/10/2026,09:43:13:177,38.840557,-76.975367,3,-81.66,-81.66,0,0,
06/10/2026,09:43:13:229,38.840557,-76.975367,4,-120.08,-120.08,0,0,
06/10/2026,09:43:13:230,38.840557,-76.975367,1,-117.19,-117.19,0,0,
06/10/2026,09:43:13:312,38.840557,-76.975367,2,-113.77,-113.77,0,0,
06/10/2026,09:43:13:369,38.840557,-76.975367,3,-81.02,-81.02,0,0,
06/10/2026,09:43:13:439,38.840557,-76.975367,4,-118.32,-118.32,0,0,
06/10/2026,09:43:13:444,38.840557,-76.975367,1,-121.59,-121.59,0,0,
06/10/2026,09:43:13:544,38.840557,-76.975367,2,-118.17,-118.17,0,0,
06/10/2026,09:43:13:581,38.840557,-76.975367,3,-98.6,-98.6,0,0,
06/10/2026,09:43:13:658,38.840557,-76.975367,4,-118.55,-118.55,0,0,
06/10/2026,09:43:13:667,38.840557,-76.975367,1,-121.35,-121.35,0,0,
06/10/2026,09:43:13:742,38.840557,-76.975367,2,-113.77,-113.77,0,0,
06/10/2026,09:43:13:805,38.840557,-76.975367,3,-82.56,-82.56,0,0,
06/10/2026,09:43:13:846,38.840557,-76.975367,4,-117.81,-117.81,0,0,
06/10/2026,09:43:13:872,38.840557,-76.975367,1,-121.74,-121.74,0,0,
06/10/2026,09:43:13:942,38.840557,-76.975367,2,-117.48,-117.48,0,0,
06/10/2026,09:43:14:008,38.840557,-76.975367,3,-78.16,-78.16,0,0,
06/10/2026,09:43:14:059,38.840557,-76.975367,4,-119.6,-119.6,0,0,
06/10/2026,09:43:14:078,38.840557,-76.975367,1,-120.4,-120.4,0,0,
06/10/2026,09:43:14:140,38.840557,-76.975367,2,-121.22,-121.22,0,0,
06/10/2026,09:43:14:220,38.840557,-76.975367,3,-80.81,-80.81,0,0,
06/10/2026,09:43:14:319,38.840557,-76.975367,4,-119.72,-119.72,0,0,
06/10/2026,09:43:14:325,38.840557,-76.975367,1,-118.14,-118.14,0,0,
06/10/2026,09:43:14:386,38.840557,-76.975367,2,-113.63,-113.63,0,0,
06/10/2026,09:43:14:597,38.840557,-76.975367,3,-80.01,-80.01,0,0,
06/10/2026,09:43:14:615,38.840557,-76.975367,4,-119.9,-119.9,0,0,
06/10/2026,09:43:14:622,38.840557,-76.975367,1,-119.52,-119.52,0,0,
06/10/2026,09:43:14:706,38.840557,-76.975367,2,-116.58,-116.58,0,0,
06/10/2026,09:43:14:753,38.840557,-76.975367,3,-83.37,-83.37,0,0,
06/10/2026,09:43:14:801,38.840557,-76.975367,4,-116.87,-116.87,0,0,
06/10/2026,09:43:14:809,38.840557,-76.975367,1,-122.65,-122.65,0,0,
06/10/2026,09:43:14:847,38.840557,-76.975367,2,-115.77,-115.77,0,0,
06/10/2026,09:43:14:874,38.840557,-76.975367,3,-82.99,-82.99,0,0,
06/10/2026,09:43:14:895,38.840557,-76.975367,4,-120.14,-120.14,0,0,
06/10/2026,09:43:14:921,38.840557,-76.975367,1,-121.44,-121.44,0,0,
06/10/2026,09:43:14:989,38.840557,-76.975367,2,-116.02,-116.02,0,0,
06/10/2026,09:43:15:048,38.840557,-76.975367,3,-83.12,-83.12,0,0,
06/10/2026,09:43:15:318,38.840557,-76.975367,4,-120.01,-120.01,0,0,
06/10/2026,09:43:15:320,38.840557,-76.975367,1,-122.83,-122.83,0,0,
06/10/2026,09:43:15:348,38.840557,-76.975367,2,-121.2,-121.2,0,0,
06/10/2026,09:43:15:382,38.840557,-76.975367,3,-79.72,-79.72,0,0,
06/10/2026,09:43:15:400,38.840557,-76.975367,4,-121.39,-121.39,0,0,
06/10/2026,09:43:15:403,38.840557,-76.975367,1,-120.18,-120.18,0,0,
06/10/2026,09:43:15:433,38.840557,-76.975367,2,-115.9,-115.9,0,0,
06/10/2026,09:43:15:499,38.840557,-76.975367,3,-78.08,-78.08,0,0,
06/10/2026,09:43:15:519,38.840557,-76.975367,4,-118.45,-118.45,0,0,
06/10/2026,09:43:15:539,38.840557,-76.975367,1,-120.53,-120.53,0,0,
06/10/2026,09:43:15:616,38.840557,-76.975367,2,-116.97,-116.97,0,0,
06/10/2026,09:43:15:692,38.840557,-76.975367,3,-77.02,-77.02,0,0,
06/10/2026,09:43:15:735,38.840557,-76.975367,4,-118.81,-118.81,0,0,
06/10/2026,09:43:15:755,38.840557,-76.975367,1,-122.15,-122.15,0,0,
06/10/2026,09:43:15:819,38.840557,-76.975367,2,-110.27,-110.27,0,0,
06/10/2026,09:43:15:892,38.840557,-76.975367,3,-87.33,-87.33,0,0,
06/10/2026,09:43:15:941,38.840557,-76.975367,4,-118.61,-118.61,0,0,
06/10/2026,09:43:15:957,38.840557,-76.975367,1,-114.72,-114.72,0,0,
06/10/2026,09:43:16:029,38.840557,-76.975367,2,-106.53,-106.53,0,0,
06/10/2026,09:43:16:104,38.840557,-76.975367,3,-79.49,-79.49,0,0,
06/10/2026,09:43:16:156,38.840557,-76.975367,4,-121.24,-121.24,0,0,
06/10/2026,09:43:16:167,38.840557,-76.975367,1,-119.05,-119.05,0,0,
06/10/2026,09:43:16:238,38.840557,-76.975367,2,-111.42,-111.42,0,0,
06/10/2026,09:43:16:331,38.840557,-76.975367,3,-77.76,-77.76,0,0,
06/10/2026,09:43:16:408,38.840557,-76.975367,4,-120.37,-120.37,0,0,
06/10/2026,09:43:16:427,38.840557,-76.975367,1,-118.7,-118.7,0,0,
06/10/2026,09:43:16:467,38.840557,-76.975367,2,-112.11,-112.11,0,0,
06/10/2026,09:43:16:527,38.840557,-76.975367,3,-80.06,-80.06,0,0,
06/10/2026,09:43:16:577,38.840557,-76.975367,4,-119.67,-119.67,0,0,
06/10/2026,09:43:16:618,38.840557,-76.975367,1,-119.05,-119.05,0,0,
06/10/2026,09:43:16:682,38.840557,-76.975367,2,-117.28,-117.28,0,0,
06/10/2026,09:43:16:730,38.840557,-76.975367,3,-80.6,-80.6,0,0,
06/10/2026,09:43:16:784,38.840557,-76.975367,4,-117.02,-117.02,0,0,
06/10/2026,09:43:16:800,38.840557,-76.975367,1,-120.01,-120.01,0,0,
06/10/2026,09:43:16:880,38.840557,-76.975367,2,-112.75,-112.75,0,0,
06/10/2026,09:43:16:939,38.840557,-76.975367,3,-71.86,-71.86,0,0,
06/10/2026,09:43:16:991,38.840557,-76.975367,4,-118.4,-118.4,0,0,
06/10/2026,09:43:17:006,38.840557,-76.975367,1,-120.13,-120.13,0,0,
06/10/2026,09:43:17:080,38.840557,-76.975367,2,-118.99,-118.99,0,0,
06/10/2026,09:43:17:147,38.840557,-76.975367,3,-75.34,-75.34,0,0,
06/10/2026,09:43:17:198,38.840557,-76.975367,4,-119.31,-119.31,0,0,
06/10/2026,09:43:17:216,38.840557,-76.975367,1,-119.42,-119.42,0,0,
06/10/2026,09:43:17:289,38.840557,-76.975367,2,-116.57,-116.57,0,0,
06/10/2026,09:43:17:355,38.840557,-76.975367,3,-75.78,-75.78,0,0,
06/10/2026,09:43:17:406,38.840557,-76.975367,4,-118.37,-118.37,0,0,
06/10/2026,09:43:17:427,38.840557,-76.975367,1,-118.86,-118.86,0,0,
06/10/2026,09:43:17:514,38.840557,-76.975367,2,-107.03,-107.03,0,0,
06/10/2026,09:43:17:566,38.840557,-76.975367,3,-78.22,-78.22,0,0,
06/10/2026,09:43:17:624,38.840557,-76.975367,4,-118.71,-118.71,0,0,
06/10/2026,09:43:17:637,38.840557,-76.975367,1,-118.76,-118.76,0,0,
06/10/2026,09:43:17:703,38.840557,-76.975367,2,-111.65,-111.65,0,0,
06/10/2026,09:43:17:774,38.840557,-76.975367,3,-71.93,-71.93,0,0,
06/10/2026,09:43:17:830,38.840557,-76.975367,4,-118.66,-118.66,0,0,
06/10/2026,09:43:17:844,38.840557,-76.975367,1,-120.76,-120.76,0,0,
06/10/2026,09:43:17:914,38.840557,-76.975367,2,-111.08,-111.08,0,0,
06/10/2026,09:43:17:991,38.840557,-76.975367,3,-83.2,-83.2,0,0,
06/10/2026,09:43:18:039,38.840557,-76.975367,4,-120.08,-120.08,0,0,
06/10/2026,09:43:18:054,38.840557,-76.975367,1,-117.41,-117.41,0,0,
06/10/2026,09:43:18:265,38.840557,-76.975367,2,-114.76,-114.76,0,0,
06/10/2026,09:43:18:341,38.840557,-76.975367,3,-70.67,-70.67,0,0,
06/10/2026,09:43:18:386,38.840557,-76.975367,4,-119.13,-119.13,0,0,
06/10/2026,09:43:18:427,38.840557,-76.975367,1,-118.07,-118.07,0,0,
06/10/2026,09:43:18:483,38.840557,-76.975367,2,-110.84,-110.84,0,0,
06/10/2026,09:43:18:595,38.840557,-76.975367,3,-75.02,-75.02,0,0,
06/10/2026,09:43:18:614,38.840557,-76.975367,4,-116.67,-116.67,0,0,
06/10/2026,09:43:18:619,38.840557,-76.975367,1,-118.29,-118.29,0,0,
06/10/2026,09:43:18:646,38.840557,-76.975367,2,-110.39,-110.39,0,0,
06/10/2026,09:43:18:681,38.840557,-76.975367,3,-66.32,-66.32,0,0,
06/10/2026,09:43:18:697,38.840557,-76.975367,4,-114.78,-114.78,0,0,
06/10/2026,09:43:18:715,38.840557,-76.975367,1,-116.83,-116.83,0,0,
06/10/2026,09:43:18:756,38.840557,-76.975367,2,-104.46,-104.46,0,0,
06/10/2026,09:43:18:839,38.840557,-76.975367,3,-64.56,-64.56,0,0,
06/10/2026,09:43:18:876,38.840557,-76.975367,4,-120.04,-120.04,0,0,
06/10/2026,09:43:18:892,38.840557,-76.975367,1,-115.47,-115.47,0,0,
06/10/2026,09:43:18:962,38.840557,-76.975367,2,-100.66,-100.66,0,0,
06/10/2026,09:43:19:030,38.840557,-76.975367,3,-62.58,-62.58,0,0,
06/10/2026,09:43:19:083,38.840557,-76.975367,4,-113.16,-113.16,0,0,
06/10/2026,09:43:19:108,38.840557,-76.975367,1,-110.82,-110.82,0,0,
06/10/2026,09:43:19:178,38.840557,-76.975367,2,-97.97,-97.97,0,0,
06/10/2026,09:43:19:246,38.840557,-76.975367,3,-71.56,-71.56,0,0,
06/10/2026,09:43:19:294,38.840557,-76.975367,4,-102.13,-102.13,0,0,
06/10/2026,09:43:19:316,38.840557,-76.975367,1,-98.11,-98.11,0,0,
06/10/2026,09:43:19:382,38.840557,-76.975367,2,-108.97,-108.97,0,0,
06/10/2026,09:43:19:452,38.840557,-76.975367,3,-61.53,-61.53,0,0,
06/10/2026,09:43:19:503,38.840557,-76.975367,4,-104.42,-104.42,0,0,
06/10/2026,09:43:19:525,38.840557,-76.975367,1,-102.96,-102.96,0,0,
06/10/2026,09:43:19:591,38.840557,-76.975367,2,-95.95,-95.95,0,0,
06/10/2026,09:43:19:662,38.840557,-76.975367,3,-60.75,-60.75,0,0,
06/10/2026,09:43:19:713,38.840557,-76.975367,4,-108.98,-108.98,0,0,
06/10/2026,09:43:19:734,38.840557,-76.975367,1,-117.47,-117.47,0,0,
06/10/2026,09:43:19:800,38.840557,-76.975367,2,-112.81,-112.81,0,0,
06/10/2026,09:43:19:869,38.840557,-76.975367,3,-72.15,-72.15,0,0,
06/10/2026,09:43:19:940,38.840557,-76.975367,4,-117.96,-117.96,0,0,
06/10/2026,09:43:19:942,38.840557,-76.975367,1,-121.48,-121.48,0,0,
06/10/2026,09:43:20:022,38.840557,-76.975367,2,-121.78,-121.78,0,0,
06/10/2026,09:43:20:145,38.840557,-76.975367,3,-93.47,-93.47,0,0,
06/10/2026,09:43:20:178,38.840557,-76.975367,4,-122.02,-122.02,0,0,
06/10/2026,09:43:20:184,38.840557,-76.975367,1,-120.96,-120.96,0,0,
06/10/2026,09:43:20:231,38.840557,-76.975367,2,-121.28,-121.28,0,0,
06/10/2026,09:43:20:289,38.840557,-76.975367,3,-85.14,-85.14,0,0,
06/10/2026,09:43:20:754,38.840557,-76.975367,4,-120.24,-120.24,0,0,
06/10/2026,09:43:20:755,38.840557,-76.975367,1,-119.76,-119.76,0,0,
06/10/2026,09:43:20:781,38.840557,-76.975367,2,-115.96,-115.96,0,0,
06/10/2026,09:43:20:805,38.840557,-76.975367,3,-81.47,-81.47,0,0,
06/10/2026,09:43:20:823,38.840557,-76.975367,4,-118.65,-118.65,0,0,
06/10/2026,09:43:20:827,38.840557,-76.975367,1,-120.27,-120.27,0,0,
06/10/2026,09:43:20:861,38.840557,-76.975367,2,-114.02,-114.02,0,0,
06/10/2026,09:43:20:902,38.840557,-76.975367,3,-83.45,-83.45,0,0,
06/10/2026,09:43:20:913,38.840557,-76.975367,4,-119.79,-119.79,0,0,
06/10/2026,09:43:20:918,38.840557,-76.975367,1,-120.11,-120.11,0,0,
06/10/2026,09:43:20:936,38.840557,-76.975367,2,-121.54,-121.54,0,0,
06/10/2026,09:43:20:955,38.840557,-76.975367,3,-76.23,-76.23,0,0,
06/10/2026,09:43:20:975,38.840557,-76.975367,4,-119.8,-119.8,0,0,
06/10/2026,09:43:20:993,38.840557,-76.975367,1,-118.17,-118.17,0,0,
06/10/2026,09:43:21:059,38.840557,-76.975367,2,-116.99,-116.99,0,0,
06/10/2026,09:43:21:128,38.840557,-76.975367,3,-77.99,-77.99,0,0,
06/10/2026,09:43:21:187,38.840557,-76.975367,4,-117.21,-117.21,0,0,
06/10/2026,09:43:21:198,38.840557,-76.975367,1,-122.02,-122.02,0,0,
06/10/2026,09:43:21:268,38.840557,-76.975367,2,-114.61,-114.61,0,0,
06/10/2026,09:43:21:338,38.840557,-76.975367,3,-68.58,-68.58,0,0,
06/10/2026,09:43:21:391,38.840557,-76.975367,4,-116.83,-116.83,0,0,
06/10/2026,09:43:21:410,38.840557,-76.975367,1,-119.13,-119.13,0,0,
06/10/2026,09:43:21:490,38.840557,-76.975367,2,-111.87,-111.87,0,0,
06/10/2026,09:43:21:549,38.840557,-76.975367,3,-65.79,-65.79,0,0,
06/10/2026,09:43:21:605,38.840557,-76.975367,4,-116.49,-116.49,0,0,
06/10/2026,09:43:21:625,38.840557,-76.975367,1,-118.92,-118.92,0,0,
06/10/2026,09:43:21:694,38.840557,-76.975367,2,-118.5,-118.5,0,0,
06/10/2026,09:43:21:756,38.840557,-76.975367,3,-84.38,-84.38,0,0,
06/10/2026,09:43:21:834,38.840557,-76.975367,4,-117.96,-117.96,0,0,
06/10/2026,09:43:21:839,38.840557,-76.975367,1,-119.72,-119.72,0,0,
06/10/2026,09:43:21:951,38.840557,-76.975367,2,-112.86,-112.86,0,0,
06/10/2026,09:43:22:006,38.840557,-76.975367,3,-89.62,-89.62,0,0,
06/10/2026,09:43:22:020,38.840557,-76.975367,4,-119.13,-119.13,0,0,
06/10/2026,09:43:22:064,38.840557,-76.975367,1,-122.81,-122.81,0,0,
06/10/2026,09:43:22:120,38.840557,-76.975367,2,-112.75,-112.75,0,0,
06/10/2026,09:43:22:179,38.840557,-76.975367,3,-73.95,-73.95,0,0,
06/10/2026,09:43:22:233,38.840557,-76.975367,4,-120.89,-120.89,0,0,
06/10/2026,09:43:22:248,38.840557,-76.975367,1,-119.88,-119.88,0,0,
06/10/2026,09:43:22:323,38.840557,-76.975367,2,-118.78,-118.78,0,0,
06/10/2026,09:43:22:388,38.840557,-76.975367,3,-76.29,-76.29,0,0,
06/10/2026,09:43:22:440,38.840557,-76.975367,4,-119.17,-119.17,0,0,
06/10/2026,09:43:22:469,38.840557,-76.975367,1,-118.7,-118.7,0,0,
06/10/2026,09:43:22:529,38.840557,-76.975367,2,-110.38,-110.38,0,0,
06/10/2026,09:43:22:601,38.840557,-76.975367,3,-62.31,-62.31,0,0,
06/10/2026,09:43:22:652,38.840557,-76.975367,4,-118.48,-118.48,0,0,
06/10/2026,09:43:22:669,38.840557,-76.975367,1,-117.89,-117.89,0,0,
06/10/2026,09:43:22:736,38.840557,-76.975367,2,-115.91,-115.91,0,0,
06/10/2026,09:43:22:810,38.840557,-76.975367,3,-74.87,-74.87,0,0,
06/10/2026,09:43:22:858,38.840557,-76.975367,4,-118.83,-118.83,0,0,
06/10/2026,09:43:22:877,38.840557,-76.975367,1,-122.3,-122.3,0,0,
06/10/2026,09:43:22:948,38.840557,-76.975367,2,-120.68,-120.68,0,0,
06/10/2026,09:43:23:017,38.840557,-76.975367,3,-79.72,-79.72,0,0,
06/10/2026,09:43:23:069,38.840557,-76.975367,4,-118.77,-118.77,0,0,
06/10/2026,09:43:23:085,38.840557,-76.975367,1,-120.88,-120.88,0,0,
06/10/2026,09:43:23:154,38.840557,-76.975367,2,-116.77,-116.77,0,0,
06/10/2026,09:43:23:225,38.840557,-76.975367,3,-79.47,-79.47,0,0,
06/10/2026,09:43:23:278,38.840557,-76.975367,4,-118.96,-118.96,0,0,
06/10/2026,09:43:23:295,38.840557,-76.975367,1,-120.87,-120.87,0,0,
06/10/2026,09:43:23:364,38.840557,-76.975367,2,-113.9,-113.9,0,0,
06/10/2026,09:43:23:442,38.840557,-76.975367,3,-72.92,-72.92,0,0,
06/10/2026,09:43:23:486,38.840557,-76.975367,4,-121.51,-121.51,0,0,
06/10/2026,09:43:23:507,38.840557,-76.975367,1,-116.32,-116.32,0,0,
06/10/2026,09:43:23:636,38.840557,-76.975367,2,-112.07,-112.07,0,0,
06/10/2026,09:43:23:655,38.840557,-76.975367,3,-74.46,-74.46,0,0,
06/10/2026,09:43:23:702,38.840557,-76.975367,4,-118.82,-118.82,0,0,
06/10/2026,09:43:23:763,38.840557,-76.975367,1,-114.14,-114.14,0,0,
06/10/2026,09:43:23:782,38.840557,-76.975367,2,-117.97,-117.97,0,0,
06/10/2026,09:43:23:885,38.840557,-76.975367,3,-77.6,-77.6,0,0,
06/10/2026,09:43:23:917,38.840557,-76.975367,4,-120.43,-120.43,0,0,
06/10/2026,09:43:23:923,38.840557,-76.975367,1,-119,-119,0,0,
06/10/2026,09:43:23:993,38.840557,-76.975367,2,-117.96,-117.96,0,0,
06/10/2026,09:43:24:065,38.840557,-76.975367,3,-79.67,-79.67,0,0,
06/10/2026,09:43:24:116,38.840557,-76.975367,4,-119.17,-119.17,0,0,
06/10/2026,09:43:24:135,38.840557,-76.975367,1,-117.28,-117.28,0,0,
06/10/2026,09:43:24:207,38.840557,-76.975367,2,-114.14,-114.14,0,0,
06/10/2026,09:43:24:272,38.840557,-76.975367,3,-73,-73,0,0,
06/10/2026,09:43:24:328,38.840557,-76.975367,4,-119.61,-119.61,0,0,
06/10/2026,09:43:24:342,38.840557,-76.975367,1,-120.51,-120.51,0,0,
06/10/2026,09:43:24:412,38.840557,-76.975367,2,-118.68,-118.68,0,0,
06/10/2026,09:43:24:481,38.840557,-76.975367,3,-74.03,-74.03,0,0,
06/10/2026,09:43:24:562,38.840557,-76.975367,4,-118.75,-118.75,0,0,
06/10/2026,09:43:24:566,38.840557,-76.975367,1,-113.22,-113.22,0,0,
06/10/2026,09:43:24:638,38.840557,-76.975367,2,-108.77,-108.77,0,0,
06/10/2026,09:43:24:713,38.840557,-76.975367,3,-78.93,-78.93,0,0,
06/10/2026,09:43:24:745,38.840557,-76.975367,4,-119.52,-119.52,0,0,
06/10/2026,09:43:24:764,38.840557,-76.975367,1,-106.24,-106.24,0,0,
06/10/2026,09:43:24:832,38.840557,-76.975367,2,-112.98,-112.98,0,0,
06/10/2026,09:43:24:902,38.840557,-76.975367,3,-70.43,-70.43,0,0,
06/10/2026,09:43:24:954,38.840557,-76.975367,4,-119.08,-119.08,0,0,
06/10/2026,09:43:24:971,38.840557,-76.975367,1,-116.81,-116.81,0,0,
06/10/2026,09:43:25:041,38.840557,-76.975367,2,-115.44,-115.44,0,0,
06/10/2026,09:43:25:110,38.840557,-76.975367,3,-84.96,-84.96,0,0,
06/10/2026,09:43:25:165,38.840557,-76.975367,4,-119.62,-119.62,0,0,
06/10/2026,09:43:25:183,38.840557,-76.975367,1,-115.89,-115.89,0,0,
06/10/2026,09:43:25:251,38.840557,-76.975367,2,-106.23,-106.23,0,0,
06/10/2026,09:43:25:326,38.840557,-76.975367,3,-74.59,-74.59,0,0,
06/10/2026,09:43:25:373,38.840557,-76.975367,4,-119.97,-119.97,0,0,
06/10/2026,09:43:25:392,38.840557,-76.975367,1,-112.59,-112.59,0,0,
06/10/2026,09:43:25:511,38.840557,-76.975367,2,-119.49,-119.49,0,0,
06/10/2026,09:43:25:558,38.840557,-76.975367,3,-71.08,-71.08,0,0,
06/10/2026,09:43:25:628,38.840557,-76.975367,4,-118.87,-118.87,0,0,
06/10/2026,09:43:25:664,38.840557,-76.975367,1,-116.78,-116.78,0,0,
06/10/2026,09:43:25:729,38.840557,-76.975367,2,-116.92,-116.92,0,0,
06/10/2026,09:43:25:780,38.840557,-76.975367,3,-83.02,-83.02,0,0,
06/10/2026,09:43:26:215,38.840557,-76.975367,4,-118.05,-118.05,0,0,
06/10/2026,09:43:26:222,38.840557,-76.975367,1,-118.08,-118.08,0,0,
06/10/2026,09:43:26:237,38.840557,-76.975367,2,-117.15,-117.15,0,0,
06/10/2026,09:43:26:262,38.840557,-76.975367,3,-87.77,-87.77,0,0,
06/10/2026,09:43:26:301,38.840557,-76.975367,4,-120.69,-120.69,0,0,
06/10/2026,09:43:26:304,38.840557,-76.975367,1,-122.24,-122.24,0,0,
06/10/2026,09:43:26:327,38.840557,-76.975367,2,-112.2,-112.2,0,0,
06/10/2026,09:43:26:347,38.840557,-76.975367,3,-74.87,-74.87,0,0,
06/10/2026,09:43:26:376,38.840557,-76.975367,4,-118.6,-118.6,0,0,
06/10/2026,09:43:26:389,38.840557,-76.975367,1,-111.94,-111.94,0,0,
06/10/2026,09:43:26:408,38.840557,-76.975367,2,-118.47,-118.47,0,0,
06/10/2026,09:43:26:435,38.840557,-76.975367,3,-80.87,-80.87,0,0,
06/10/2026,09:43:26:455,38.840557,-76.975367,4,-118.93,-118.93,0,0,
06/10/2026,09:43:26:459,38.840557,-76.975367,1,-120.02,-120.02,0,0,
06/10/2026,09:43:26:512,38.840557,-76.975367,2,-119.47,-119.47,0,0,
06/10/2026,09:43:26:578,38.840557,-76.975367,3,-89.87,-89.87,0,0,
06/10/2026,09:43:26:632,38.840557,-76.975367,4,-117.2,-117.2,0,0,
06/10/2026,09:43:26:654,38.840557,-76.975367,1,-120.25,-120.25,0,0,
06/10/2026,09:43:26:723,38.840557,-76.975367,2,-119.41,-119.41,0,0,
06/10/2026,09:43:26:794,38.840557,-76.975367,3,-86.55,-86.55,0,0,
06/10/2026,09:43:26:841,38.840557,-76.975367,4,-119.23,-119.23,0,0,
06/10/2026,09:43:26:862,38.840557,-76.975367,1,-114.57,-114.57,0,0,
06/10/2026,09:43:26:930,38.840557,-76.975367,2,-112.18,-112.18,0,0,
06/10/2026,09:43:26:997,38.840557,-76.975367,3,-76.69,-76.69,0,0,
06/10/2026,09:43:27:059,38.840557,-76.975367,4,-118.38,-118.38,0,0,
06/10/2026,09:43:27:069,38.840557,-76.975367,1,-112.97,-112.97,0,0,
06/10/2026,09:43:27:139,38.840557,-76.975367,2,-118.11,-118.11,0,0,
06/10/2026,09:43:27:218,38.840557,-76.975367,3,-73.87,-73.87,0,0,
06/10/2026,09:43:27:260,38.840557,-76.975367,4,-120.4,-120.4,0,0,
06/10/2026,09:43:27:283,38.840557,-76.975367,1,-120.4,-120.4,0,0,
06/10/2026,09:43:27:374,38.840557,-76.975367,2,-114.82,-114.82,0,0,
06/10/2026,09:43:27:430,38.840557,-76.975367,3,-86.7,-86.7,0,0,
06/10/2026,09:43:27:516,38.840557,-76.975367,4,-119.55,-119.55,0,0,
06/10/2026,09:43:27:520,38.840557,-76.975367,1,-120.93,-120.93,0,0,
06/10/2026,09:43:27:566,38.840557,-76.975367,2,-112.81,-112.81,0,0,
06/10/2026,09:43:27:677,38.840557,-76.975367,3,-85.42,-85.42,0,0,
06/10/2026,09:43:27:699,38.840557,-76.975367,4,-118.72,-118.72,0,0,
06/10/2026,09:43:27:711,38.840557,-76.975367,1,-119.15,-119.15,0,0,
06/10/2026,09:43:27:775,38.840557,-76.975367,2,-114.44,-114.44,0,0,
06/10/2026,09:43:27:835,38.840557,-76.975367,3,-75.52,-75.52,0,0,
06/10/2026,09:43:27:897,38.840557,-76.975367,4,-119.52,-119.52,0,0,
06/10/2026,09:43:27:917,38.840557,-76.975367,1,-120.19,-120.19,0,0,
06/10/2026,09:43:27:977,38.840557,-76.975367,2,-117.86,-117.86,0,0,
06/10/2026,09:43:28:048,38.840557,-76.975367,3,-84.54,-84.54,0,0,
06/10/2026,09:43:28:100,38.840557,-76.975367,4,-119.91,-119.91,0,0,
06/10/2026,09:43:28:118,38.840557,-76.975367,1,-120.9,-120.9,0,0,
06/10/2026,09:43:28:188,38.840557,-76.975367,2,-121.68,-121.68,0,0,
06/10/2026,09:43:28:265,38.840557,-76.975367,3,-77.01,-77.01,0,0,
06/10/2026,09:43:28:315,38.840557,-76.975367,4,-119.97,-119.97,0,0,
06/10/2026,09:43:28:327,38.840557,-76.975367,1,-119.04,-119.04,0,0,
06/10/2026,09:43:28:396,38.840557,-76.975367,2,-117.65,-117.65,0,0,
06/10/2026,09:43:28:489,38.840557,-76.975367,3,-88.48,-88.48,0,0,
06/10/2026,09:43:28:518,38.840557,-76.975367,4,-120.61,-120.61,0,0,
06/10/2026,09:43:28:537,38.840557,-76.975367,1,-115.28,-115.28,0,0,
06/10/2026,09:43:28:613,38.840557,-76.975367,2,-115.6,-115.6,0,0,
06/10/2026,09:43:28:676,38.840557,-76.975367,3,-78.76,-78.76,0,0,
06/10/2026,09:43:28:734,38.840557,-76.975367,4,-114.5,-114.5,0,0,
06/10/2026,09:43:28:747,38.840557,-76.975367,1,-115.06,-115.06,0,0,
06/10/2026,09:43:28:814,38.840557,-76.975367,2,-117.65,-117.65,0,0,
06/10/2026,09:43:28:893,38.840557,-76.975367,3,-84.86,-84.86,0,0,
06/10/2026,09:43:28:950,38.840557,-76.975367,4,-118.4,-118.4,0,0,
06/10/2026,09:43:28:966,38.840557,-76.975367,1,-117.76,-117.76,0,0,
06/10/2026,09:43:29:038,38.840557,-76.975367,2,-117.46,-117.46,0,0,
06/10/2026,09:43:29:096,38.840557,-76.975367,3,-79.16,-79.16,0,0,
06/10/2026,09:43:29:149,38.840557,-76.975367,4,-118.29,-118.29,0,0,
06/10/2026,09:43:29:169,38.840557,-76.975367,1,-116,-116,0,0,
06/10/2026,09:43:29:235,38.840557,-76.975367,2,-117.2,-117.2,0,0,
06/10/2026,09:43:29:309,38.840557,-76.975367,3,-83.04,-83.04,0,0,
06/10/2026,09:43:29:361,38.840557,-76.975367,4,-118.91,-118.91,0,0,
06/10/2026,09:43:29:385,38.840557,-76.975367,1,-118.7,-118.7,0,0,
06/10/2026,09:43:29:461,38.840557,-76.975367,2,-120.03,-120.03,0,0,
06/10/2026,09:43:29:545,38.840557,-76.975367,3,-77.93,-77.93,0,0,
06/10/2026,09:43:29:583,38.840557,-76.975367,4,-119.78,-119.78,0,0,
06/10/2026,09:43:29:589,38.840557,-76.975367,1,-118.94,-118.94,0,0,
06/10/2026,09:43:29:735,38.840557,-76.975367,2,-119.02,-119.02,0,0,
06/10/2026,09:43:29:764,38.840557,-76.975367,3,-75.81,-75.81,0,0,
06/10/2026,09:43:29:785,38.840557,-76.975367,4,-119.28,-119.28,0,0,
06/10/2026,09:43:29:799,38.840557,-76.975367,1,-117.97,-117.97,0,0,
06/10/2026,09:43:29:876,38.840557,-76.975367,2,-119.89,-119.89,0,0,
06/10/2026,09:43:29:934,38.840557,-76.975367,3,-88.95,-88.95,0,0,
06/10/2026,09:43:29:986,38.840557,-76.975367,4,-118.67,-118.67,0,0,
06/10/2026,09:43:30:006,38.840557,-76.975367,1,-118.77,-118.77,0,0,
06/10/2026,09:43:30:072,38.840557,-76.975367,2,-113.55,-113.55,0,0,
06/10/2026,09:43:30:148,38.840557,-76.975367,3,-74.38,-74.38,0,0,
06/10/2026,09:43:30:197,38.840557,-76.975367,4,-119.31,-119.31,0,0,
06/10/2026,09:43:30:230,38.840557,-76.975367,1,-120.54,-120.54,0,0,
06/10/2026,09:43:30:287,38.840557,-76.975367,2,-119.91,-119.91,0,0,
06/10/2026,09:43:30:353,38.840557,-76.975367,3,-77.97,-77.97,0,0,
06/10/2026,09:43:30:404,38.840557,-76.975367,4,-117.61,-117.61,0,0,
06/10/2026,09:43:30:427,38.840557,-76.975367,1,-115.83,-115.83,0,0,
06/10/2026,09:43:30:499,38.840557,-76.975367,2,-121.65,-121.65,0,0,
06/10/2026,09:43:30:563,38.840557,-76.975367,3,-81.47,-81.47,0,0,
06/10/2026,09:43:30:617,38.840557,-76.975367,4,-119.13,-119.13,0,0,
06/10/2026,09:43:30:636,38.840557,-76.975367,1,-115.66,-115.66,0,0,
06/10/2026,09:43:30:702,38.840557,-76.975367,2,-110.11,-110.11,0,0,
06/10/2026,09:43:30:773,38.840557,-76.975367,3,-87.54,-87.54,0,0,
06/10/2026,09:43:30:828,38.840557,-76.975367,4,-120.12,-120.12,0,0,
06/10/2026,09:43:30:844,38.840557,-76.975367,1,-115.22,-115.22,0,0,
06/10/2026,09:43:30:930,38.840557,-76.975367,2,-111.82,-111.82,0,0,
06/10/2026,09:43:30:981,38.840557,-76.975367,3,-78.33,-78.33,0,0,
06/10/2026,09:43:31:037,38.840557,-76.975367,4,-121,-121,0,0,
06/10/2026,09:43:31:051,38.840557,-76.975367,1,-108.54,-108.54,0,0,
06/10/2026,09:43:31:120,38.840557,-76.975367,2,-114.18,-114.18,0,0,
06/10/2026,09:43:31:196,38.840557,-76.975367,3,-86.04,-86.04,0,0,
06/10/2026,09:43:31:251,38.840557,-76.975367,4,-116.61,-116.61,0,0,
06/10/2026,09:43:31:287,38.840557,-76.975367,1,-115.66,-115.66,0,0,
06/10/2026,09:43:31:336,38.840557,-76.975367,2,-109.79,-109.79,0,0,
06/10/2026,09:43:31:410,38.840557,-76.975367,3,-78.95,-78.95,0,0,
06/10/2026,09:43:31:460,38.840557,-76.975367,4,-118.64,-118.64,0,0,
06/10/2026,09:43:31:470,38.840557,-76.975367,1,-108.64,-108.64,0,0,
06/10/2026,09:43:31:540,38.840557,-76.975367,2,-108.97,-108.97,0,0,
06/10/2026,09:43:31:625,38.840557,-76.975367,3,-78.6,-78.6,0,0,
06/10/2026,09:43:31:665,38.840557,-76.975367,4,-120.55,-120.55,0,0,
06/10/2026,09:43:31:686,38.840557,-76.975367,1,-119.72,-119.72,0,0,
06/10/2026,09:43:31:755,38.840557,-76.975367,2,-110.84,-110.84,0,0,
06/10/2026,09:43:31:820,38.840557,-76.975367,3,-70.57,-70.57,0,0,
06/10/2026,09:43:31:873,38.840557,-76.975367,4,-116.36,-116.36,0,0,
06/10/2026,09:43:31:900,38.840557,-76.975367,1,-116,-116,0,0,
06/10/2026,09:43:31:963,38.840557,-76.975367,2,-116.39,-116.39,0,0,
06/10/2026,09:43:32:035,38.840557,-76.975367,3,-66.11,-66.11,0,0,
06/10/2026,09:43:32:082,38.840557,-76.975367,4,-117.92,-117.92,0,0,
06/10/2026,09:43:32:105,38.840557,-76.975367,1,-117.91,-117.91,0,0,
06/10/2026,09:43:32:171,38.840557,-76.975367,2,-118.7,-118.7,0,0,
06/10/2026,09:43:32:241,38.840557,-76.975367,3,-77.49,-77.49,0,0,
06/10/2026,09:43:32:292,38.840557,-76.975367,4,-119.12,-119.12,0,0,
06/10/2026,09:43:32:312,38.840557,-76.975367,1,-119.63,-119.63,0,0,
06/10/2026,09:43:32:382,38.840557,-76.975367,2,-119.38,-119.38,0,0,
06/10/2026,09:43:32:448,38.840557,-76.975367,3,-80.73,-80.73,0,0,
06/10/2026,09:43:32:506,38.840557,-76.975367,4,-117.65,-117.65,0,0,
06/10/2026,09:43:32:521,38.840557,-76.975367,1,-121.03,-121.03,0,0,
06/10/2026,09:43:32:592,38.840557,-76.975367,2,-119.86,-119.86,0,0,
06/10/2026,09:43:32:662,38.840557,-76.975367,3,-89.02,-89.02,0,0,
06/10/2026,09:43:32:711,38.840557,-76.975367,4,-119.84,-119.84,0,0,
06/10/2026,09:43:32:731,38.840557,-76.975367,1,-120.12,-120.12,0,0,
06/10/2026,09:43:32:797,38.840557,-76.975367,2,-121.24,-121.24,0,0,
06/10/2026,09:43:32:876,38.840557,-76.975367,3,-91.67,-91.67,0,0,
06/10/2026,09:43:32:930,38.840557,-76.975367,4,-119.86,-119.86,0,0,
06/10/2026,09:43:32:937,38.840557,-76.975367,1,-121.02,-121.02,0,0,
06/10/2026,09:43:33:013,38.840557,-76.975367,2,-123.65,-123.65,0,0,
06/10/2026,09:43:33:078,38.840557,-76.975367,3,-102.97,-102.97,0,0,
06/10/2026,09:43:33:140,38.840557,-76.975367,4,-120.82,-120.82,0,0,
06/10/2026,09:43:33:161,38.840557,-76.975367,1,-123.32,-123.32,0,0,
06/10/2026,09:43:33:269,38.840557,-76.975367,2,-120.42,-120.42,0,0,
06/10/2026,09:43:33:326,38.840557,-76.975367,3,-100.55,-100.55,0,0,
06/10/2026,09:43:33:375,38.840557,-76.975367,4,-118.83,-118.83,0,0,
06/10/2026,09:43:33:376,38.840557,-76.975367,1,-121.88,-121.88,0,0,
06/10/2026,09:43:33:431,38.840557,-76.975367,2,-121.97,-121.97,0,0,
06/10/2026,09:43:33:509,38.840557,-76.975367,3,-104.69,-104.69,0,0,
06/10/2026,09:43:33:578,38.840557,-76.975367,4,-120.71,-120.71,0,0,
06/10/2026,09:43:33:598,38.840557,-76.975367,1,-121.06,-121.06,0,0,
06/10/2026,09:43:33:639,38.840557,-76.975367,2,-121.23,-121.23,0,0,
06/10/2026,09:43:33:708,38.840557,-76.975367,3,-104.06,-104.06,0,0,
06/10/2026,09:43:33:760,38.840557,-76.975367,4,-120.39,-120.39,0,0,
06/10/2026,09:43:33:780,38.840557,-76.975367,1,-122.38,-122.38,0,0,
06/10/2026,09:43:33:852,38.840557,-76.975367,2,-121.3,-121.3,0,0,
06/10/2026,09:43:33:920,38.840557,-76.975367,3,-101.7,-101.7,0,0,
06/10/2026,09:43:33:971,38.840557,-76.975367,4,-122.11,-122.11,0,0,
06/10/2026,09:43:33:994,38.840557,-76.975367,1,-123.26,-123.26,0,0,
06/10/2026,09:43:34:073,38.840557,-76.975367,2,-121.39,-121.39,0,0,
06/10/2026,09:43:34:131,38.840557,-76.975367,3,-99.54,-99.54,0,0,
06/10/2026,09:43:34:178,38.840557,-76.975367,4,-119.57,-119.57,0,0,
06/10/2026,09:43:34:199,38.840557,-76.975367,1,-120.4,-120.4,0,0,
06/10/2026,09:43:34:266,38.840557,-76.975367,2,-122.16,-122.16,0,0,
06/10/2026,09:43:34:342,38.840557,-76.975367,3,-104.49,-104.49,0,0,
06/10/2026,09:43:34:392,38.840557,-76.975367,4,-120.31,-120.31,0,0,
06/10/2026,09:43:34:409,38.840557,-76.975367,1,-122.5,-122.5,0,0,
06/10/2026,09:43:34:483,38.840557,-76.975367,2,-122.89,-122.89,0,0,
06/10/2026,09:43:34:548,38.840557,-76.975367,3,-99.88,-99.88,0,0,
06/10/2026,09:43:34:605,38.840557,-76.975367,4,-119.02,-119.02,0,0,
06/10/2026,09:43:34:616,38.840557,-76.975367,1,-122.56,-122.56,0,0,
06/10/2026,09:43:34:685,38.840557,-76.975367,2,-122.68,-122.68,0,0,
06/10/2026,09:43:34:782,38.840557,-76.975367,3,-108.53,-108.53,0,0,
06/10/2026,09:43:34:860,38.840557,-76.975367,4,-120.75,-120.75,0,0,
06/10/2026,09:43:34:866,38.840557,-76.975367,1,-122.06,-122.06,0,0,
06/10/2026,09:43:34:912,38.840557,-76.975367,2,-123.63,-123.63,0,0,
06/10/2026,09:43:34:998,38.840557,-76.975367,3,-102.8,-102.8,0,0,
06/10/2026,09:43:35:034,38.840557,-76.975367,4,-119.56,-119.56,0,0,
06/10/2026,09:43:35:037,38.840557,-76.975367,1,-122.57,-122.57,0,0,
06/10/2026,09:43:35:119,38.840557,-76.975367,2,-122.7,-122.7,0,0,
06/10/2026,09:43:35:182,38.840557,-76.975367,3,-101.99,-101.99,0,0,
06/10/2026,09:43:35:236,38.840557,-76.975367,4,-120.55,-120.55,0,0,
06/10/2026,09:43:35:248,38.840557,-76.975367,1,-119.59,-119.59,0,0,
06/10/2026,09:43:35:314,38.840557,-76.975367,2,-121.11,-121.11,0,0,
06/10/2026,09:43:35:384,38.840557,-76.975367,3,-101.49,-101.49,0,0,
06/10/2026,09:43:35:439,38.840557,-76.975367,4,-117.94,-117.94,0,0,
06/10/2026,09:43:35:454,38.840557,-76.975367,1,-123.54,-123.54,0,0,
06/10/2026,09:43:35:524,38.840557,-76.975367,2,-122.54,-122.54,0,0,
06/10/2026,09:43:35:606,38.840557,-76.975367,3,-99.08,-99.08,0,0,
06/10/2026,09:43:35:655,38.840557,-76.975367,4,-122.79,-122.79,0,0,
06/10/2026,09:43:35:676,38.840557,-76.975367,1,-122.32,-122.32,0,0,
06/10/2026,09:43:35:736,38.840557,-76.975367,2,-123.68,-123.68,0,0,
06/10/2026,09:43:35:805,38.840557,-76.975367,3,-93.16,-93.16,0,0,
06/10/2026,09:43:35:859,38.840557,-76.975367,4,-119.94,-119.94,0,0,
06/10/2026,09:43:35:875,38.840557,-76.975367,1,-121.56,-121.56,0,0,
06/10/2026,09:43:35:954,38.840557,-76.975367,2,-122,-122,0,0,
06/10/2026,09:43:36:013,38.840557,-76.975367,3,-88.29,-88.29,0,0,
06/10/2026,09:43:36:066,38.840557,-76.975367,4,-119.65,-119.65,0,0,
06/10/2026,09:43:36:084,38.840557,-76.975367,1,-120.59,-120.59,0,0,
06/10/2026,09:43:36:155,38.840557,-76.975367,2,-121.07,-121.07,0,0,
06/10/2026,09:43:36:225,38.840557,-76.975367,3,-91.6,-91.6,0,0,
06/10/2026,09:43:36:295,38.840557,-76.975367,4,-119.49,-119.49,0,0,
06/10/2026,09:43:36:296,38.840557,-76.975367,1,-119.57,-119.57,0,0,
06/10/2026,09:43:36:364,38.840557,-76.975367,2,-124.34,-124.34,0,0,
06/10/2026,09:43:36:442,38.840557,-76.975367,3,-101.03,-101.03,0,0,
06/10/2026,09:43:36:487,38.840557,-76.975367,4,-120.5,-120.5,0,0,
06/10/2026,09:43:36:503,38.840557,-76.975367,1,-124,-124,0,0,
06/10/2026,09:43:36:574,38.840557,-76.975367,2,-122.51,-122.51,0,0,
06/10/2026,09:43:36:642,38.840557,-76.975367,3,-97.8,-97.8,0,0,
06/10/2026,09:43:36:721,38.840557,-76.975367,4,-119.44,-119.44,0,0,
06/10/2026,09:43:36:726,38.840557,-76.975367,1,-121.68,-121.68,0,0,
06/10/2026,09:43:36:829,38.840557,-76.975367,2,-119.97,-119.97,0,0,
06/10/2026,09:43:36:905,38.840557,-76.975367,3,-112.67,-112.67,0,0,
06/10/2026,09:43:36:962,38.840557,-76.975367,4,-118.44,-118.44,0,0,
06/10/2026,09:43:36:971,38.840557,-76.975367,1,-119.77,-119.77,0,0,
06/10/2026,09:43:37:025,38.840557,-76.975367,2,-120.32,-120.32,0,0,
06/10/2026,09:43:37:061,38.840557,-76.975367,3,-105.04,-105.04,0,0,
06/10/2026,09:43:37:115,38.840557,-76.975367,4,-118.57,-118.57,0,0,
06/10/2026,09:43:37:133,38.840557,-76.975367,1,-120.55,-120.55,0,0,
06/10/2026,09:43:37:207,38.840557,-76.975367,2,-122.31,-122.31,0,0,
06/10/2026,09:43:37:272,38.840557,-76.975367,3,-105.7,-105.7,0,0,
06/10/2026,09:43:37:340,38.840557,-76.975367,4,-118.47,-118.47,0,0,
06/10/2026,09:43:37:343,38.840557,-76.975367,1,-112.17,-112.17,0,0,
06/10/2026,09:43:37:420,38.840557,-76.975367,2,-123.08,-123.08,0,0,
06/10/2026,09:43:37:480,38.840557,-76.975367,3,-89.73,-89.73,0,0,
06/10/2026,09:43:37:536,38.840557,-76.975367,4,-120.71,-120.71,0,0,
06/10/2026,09:43:37:553,38.840557,-76.975367,1,-120.35,-120.35,0,0,
06/10/2026,09:43:37:621,38.840557,-76.975367,2,-123.03,-123.03,0,0,
06/10/2026,09:43:37:693,38.840557,-76.975367,3,-102.83,-102.83,0,0,
06/10/2026,09:43:37:751,38.840557,-76.975367,4,-117.77,-117.77,0,0,
06/10/2026,09:43:37:760,38.840557,-76.975367,1,-121.68,-121.68,0,0,
06/10/2026,09:43:37:831,38.840557,-76.975367,2,-120.97,-120.97,0,0,
06/10/2026,09:43:37:903,38.840557,-76.975367,3,-103.5,-103.5,0,0,
06/10/2026,09:43:37:953,38.840557,-76.975367,4,-118.6,-118.6,0,0,
06/10/2026,09:43:37:977,38.840557,-76.975367,1,-119.86,-119.86,0,0,
06/10/2026,09:43:38:043,38.840557,-76.975367,2,-120.76,-120.76,0,0,
06/10/2026,09:43:38:114,38.840557,-76.975367,3,-98.54,-98.54,0,0,
06/10/2026,09:43:38:165,38.840557,-76.975367,4,-121.24,-121.24,0,0,
06/10/2026,09:43:38:181,38.840557,-76.975367,1,-122.24,-122.24,0,0,
06/10/2026,09:43:38:251,38.840557,-76.975367,2,-122.02,-122.02,0,0,
06/10/2026,09:43:38:320,38.840557,-76.975367,3,-111.13,-111.13,0,0,
06/10/2026,09:43:38:374,38.840557,-76.975367,4,-120.41,-120.41,0,0,
06/10/2026,09:43:38:394,38.840557,-76.975367,1,-123.49,-123.49,0,0,
06/10/2026,09:43:38:461,38.840557,-76.975367,2,-121.28,-121.28,0,0,
06/10/2026,09:43:38:542,38.840557,-76.975367,3,-103.01,-103.01,0,0,
06/10/2026,09:43:38:606,38.840557,-76.975367,4,-120,-120,0,0,
06/10/2026,09:43:38:612,38.840557,-76.975367,1,-120.67,-120.67,0,0,
06/10/2026,09:43:38:703,38.840557,-76.975367,2,-121.15,-121.15,0,0,
06/10/2026,09:43:38:748,38.840557,-76.975367,3,-97.72,-97.72,0,0,
06/10/2026,09:43:38:799,38.840557,-76.975367,4,-119.93,-119.93,0,0,
06/10/2026,09:43:38:810,38.840557,-76.975367,1,-121.38,-121.38,0,0,
06/10/2026,09:43:38:955,38.840557,-76.975367,2,-123.66,-123.66,0,0,
06/10/2026,09:43:39:003,38.840557,-76.975367,3,-99.1,-99.1,0,0,
06/10/2026,09:43:39:015,38.840557,-76.975367,4,-120.92,-120.92,0,0,
06/10/2026,09:43:39:020,38.840557,-76.975367,1,-118.96,-118.96,0,0,
06/10/2026,09:43:39:092,38.840557,-76.975367,2,-121.55,-121.55,0,0,
06/10/2026,09:43:39:159,38.840557,-76.975367,3,-104.42,-104.42,0,0,
06/10/2026,09:43:39:226,38.840557,-76.975367,4,-119.57,-119.57,0,0,
06/10/2026,09:43:39:235,38.840557,-76.975367,1,-120.05,-120.05,0,0,
06/10/2026,09:43:39:303,38.840557,-76.975367,2,-123.37,-123.37,0,0,
06/10/2026,09:43:39:372,38.840557,-76.975367,3,-99.25,-99.25,0,0,
06/10/2026,09:43:39:423,38.840557,-76.975367,4,-119.01,-119.01,0,0,
06/10/2026,09:43:39:441,38.840557,-76.975367,1,-126.06,-126.06,0,0,
06/10/2026,09:43:39:509,38.840557,-76.975367,2,-122.25,-122.25,0,0,
06/10/2026,09:43:39:578,38.840557,-76.975367,3,-105.7,-105.7,0,0,
06/10/2026,09:43:39:632,38.840557,-76.975367,4,-119.03,-119.03,0,0,
06/10/2026,09:43:39:653,38.840557,-76.975367,1,-121.24,-121.24,0,0,
06/10/2026,09:43:39:728,38.840557,-76.975367,2,-122.24,-122.24,0,0,
06/10/2026,09:43:39:790,38.840557,-76.975367,3,-102.1,-102.1,0,0,
06/10/2026,09:43:39:846,38.840557,-76.975367,4,-119.15,-119.15,0,0,
06/10/2026,09:43:39:858,38.840557,-76.975367,1,-121.21,-121.21,0,0,
06/10/2026,09:43:39:930,38.840557,-76.975367,2,-121.45,-121.45,0,0,
06/10/2026,09:43:40:015,38.840557,-76.975367,3,-95.1,-95.1,0,0,
06/10/2026,09:43:40:050,38.840557,-76.975367,4,-117.99,-117.99,0,0,
06/10/2026,09:43:40:070,38.840557,-76.975367,1,-124.03,-124.03,0,0,
06/10/2026,09:43:40:139,38.840557,-76.975367,2,-121.78,-121.78,0,0,
06/10/2026,09:43:40:208,38.840557,-76.975367,3,-93.6,-93.6,0,0,
06/10/2026,09:43:40:259,38.840557,-76.975367,4,-120.4,-120.4,0,0,
06/10/2026,09:43:40:283,38.840557,-76.975367,1,-120.86,-120.86,0,0,
06/10/2026,09:43:40:349,38.840557,-76.975367,2,-121.79,-121.79,0,0,
06/10/2026,09:43:40:416,38.840557,-76.975367,3,-101.5,-101.5,0,0,
06/10/2026,09:43:40:470,38.840557,-76.975367,4,-120.69,-120.69,0,0,
06/10/2026,09:43:40:489,38.840557,-76.975367,1,-122.62,-122.62,0,0,
06/10/2026,09:43:40:647,38.840557,-76.975367,2,-122.53,-122.53,0,0,
06/10/2026,09:43:40:705,38.840557,-76.975367,3,-103.39,-103.39,0,0,
06/10/2026,09:43:40:763,38.840557,-76.975367,4,-118.69,-118.69,0,0,
06/10/2026,09:43:40:767,38.840557,-76.975367,1,-122.48,-122.48,0,0,
06/10/2026,09:43:40:812,38.840557,-76.975367,2,-121.61,-121.61,0,0,
06/10/2026,09:43:40:864,38.840557,-76.975367,3,-100.9,-100.9,0,0,
06/10/2026,09:43:40:926,38.840557,-76.975367,4,-122.26,-122.26,0,0,
06/10/2026,09:43:40:939,38.840557,-76.975367,1,-121.1,-121.1,0,0,
06/10/2026,09:43:40:991,38.840557,-76.975367,2,-122.86,-122.86,0,0,
06/10/2026,09:43:41:048,38.840557,-76.975367,3,-99.24,-99.24,0,0,
06/10/2026,09:43:41:099,38.840557,-76.975367,4,-120.76,-120.76,0,0,
06/10/2026,09:43:41:119,38.840557,-76.975367,1,-120.24,-120.24,0,0,
06/10/2026,09:43:41:187,38.840557,-76.975367,2,-122.7,-122.7,0,0,
06/10/2026,09:43:41:255,38.840557,-76.975367,3,-93.32,-93.32,0,0,
06/10/2026,09:43:41:314,38.840557,-76.975367,4,-120.25,-120.25,0,0,
06/10/2026,09:43:41:335,38.840557,-76.975367,1,-123.24,-123.24,0,0,
06/10/2026,09:43:41:401,38.840557,-76.975367,2,-123.09,-123.09,0,0,
06/10/2026,09:43:41:468,38.840557,-76.975367,3,-92.33,-92.33,0,0,
06/10/2026,09:43:41:522,38.840557,-76.975367,4,-120.81,-120.81,0,0,
06/10/2026,09:43:41:540,38.840557,-76.975367,1,-118.47,-118.47,0,0,
06/10/2026,09:43:41:608,38.840557,-76.975367,2,-122.43,-122.43,0,0,
06/10/2026,09:43:41:676,38.840557,-76.975367,3,-94.97,-94.97,0,0,
06/10/2026,09:43:41:729,38.840557,-76.975367,4,-120.64,-120.64,0,0,
06/10/2026,09:43:41:762,38.840557,-76.975367,1,-123.51,-123.51,0,0,
06/10/2026,09:43:41:836,38.840557,-76.975367,2,-121.69,-121.69,0,0,
06/10/2026,09:43:41:885,38.840557,-76.975367,3,-95.76,-95.76,0,0,
06/10/2026,09:43:41:945,38.840557,-76.975367,4,-120.15,-120.15,0,0,
06/10/2026,09:43:41:959,38.840557,-76.975367,1,-120.62,-120.62,0,0,
06/10/2026,09:43:42:045,38.840557,-76.975367,2,-122.55,-122.55,0,0,
06/10/2026,09:43:42:096,38.840557,-76.975367,3,-96.48,-96.48,0,0,
06/10/2026,09:43:42:152,38.840557,-76.975367,4,-121.5,-121.5,0,0,
06/10/2026,09:43:42:167,38.840557,-76.975367,1,-122.29,-122.29,0,0,
06/10/2026,09:43:42:237,38.840557,-76.975367,2,-122.62,-122.62,0,0,
06/10/2026,09:43:42:361,38.840557,-76.975367,3,-92.4,-92.4,0,0,
06/10/2026,09:43:42:371,38.840557,-76.975367,4,-118.72,-118.72,0,0,
06/10/2026,09:43:42:375,38.840557,-76.975367,1,-120.44,-120.44,0,0,
06/10/2026,09:43:42:489,38.840557,-76.975367,2,-122.73,-122.73,0,0,
06/10/2026,09:43:42:658,38.840557,-76.975367,3,-95.17,-95.17,0,0,
06/10/2026,09:43:42:663,38.840557,-76.975367,4,-119.03,-119.03,0,0,
06/10/2026,09:43:42:674,38.840557,-76.975367,1,-121.73,-121.73,0,0,
06/10/2026,09:43:42:701,38.840557,-76.975367,2,-123.27,-123.27,0,0,
06/10/2026,09:43:42:734,38.840557,-76.975367,3,-92.95,-92.95,0,0,
06/10/2026,09:43:42:777,38.840557,-76.975367,4,-121.14,-121.14,0,0,
06/10/2026,09:43:42:810,38.840557,-76.975367,1,-121.94,-121.94,0,0,
06/10/2026,09:43:42:866,38.840557,-76.975367,2,-121.25,-121.25,0,0,
06/10/2026,09:43:42:934,38.840557,-76.975367,3,-101.86,-101.86,0,0,
06/10/2026,09:43:42:990,38.840557,-76.975367,4,-120.91,-120.91,0,0,
06/10/2026,09:43:43:013,38.840557,-76.975367,1,-124.01,-124.01,0,0,
06/10/2026,09:43:43:074,38.840557,-76.975367,2,-123.74,-123.74,0,0,
06/10/2026,09:43:43:152,38.840557,-76.975367,3,-100.22,-100.22,0,0,
06/10/2026,09:43:43:195,38.840557,-76.975367,4,-120.72,-120.72,0,0,
06/10/2026,09:43:43:214,38.840557,-76.975367,1,-122.72,-122.72,0,0,
06/10/2026,09:43:43:287,38.840557,-76.975367,2,-121.06,-121.06,0,0,
06/10/2026,09:43:43:353,38.840557,-76.975367,3,-92.4,-92.4,0,0,
06/10/2026,09:43:43:410,38.840557,-76.975367,4,-124.6,-124.6,0,0,
06/10/2026,09:43:43:422,38.840557,-76.975367,1,-122.17,-122.17,0,0,
06/10/2026,09:43:43:495,38.840557,-76.975367,2,-122.66,-122.66,0,0,
06/10/2026,09:43:43:571,38.840557,-76.975367,3,-96.54,-96.54,0,0,
06/10/2026,09:43:43:619,38.840557,-76.975367,4,-119.28,-119.28,0,0,
06/10/2026,09:43:43:632,38.840557,-76.975367,1,-122.18,-122.18,0,0,
06/10/2026,09:43:43:702,38.840557,-76.975367,2,-125.14,-125.14,0,0,
06/10/2026,09:43:43:772,38.840557,-76.975367,3,-93.54,-93.54,0,0,
06/10/2026,09:43:43:825,38.840557,-76.975367,4,-121.77,-121.77,0,0,
06/10/2026,09:43:43:844,38.840557,-76.975367,1,-122.06,-122.06,0,0,
06/10/2026,09:43:43:916,38.840557,-76.975367,2,-122.8,-122.8,0,0,
06/10/2026,09:43:43:981,38.840557,-76.975367,3,-96.34,-96.34,0,0,
06/10/2026,09:43:44:035,38.840557,-76.975367,4,-119.54,-119.54,0,0,
06/10/2026,09:43:44:066,38.840557,-76.975367,1,-121.88,-121.88,0,0,
06/10/2026,09:43:44:120,38.840557,-76.975367,2,-123.1,-123.1,0,0,
06/10/2026,09:43:44:205,38.840557,-76.975367,3,-101.34,-101.34,0,0,
06/10/2026,09:43:44:248,38.840557,-76.975367,4,-121.31,-121.31,0,0,
06/10/2026,09:43:44:370,38.840557,-76.975367,1,-123.09,-123.09,0,0,
06/10/2026,09:43:44:380,38.840557,-76.975367,2,-121.27,-121.27,0,0,
06/10/2026,09:43:44:406,38.840557,-76.975367,3,-106.55,-106.55,0,0,
06/10/2026,09:43:44:458,38.840557,-76.975367,4,-120.21,-120.21,0,0,
06/10/2026,09:43:44:470,38.840557,-76.975367,1,-121.85,-121.85,0,0,
06/10/2026,09:43:44:545,38.840557,-76.975367,2,-121.06,-121.06,0,0,
06/10/2026,09:43:44:615,38.840557,-76.975367,3,-109.91,-109.91,0,0,
06/10/2026,09:43:44:666,38.840557,-76.975367,4,-120.38,-120.38,0,0,
06/10/2026,09:43:44:685,38.840557,-76.975367,1,-123.49,-123.49,0,0,
06/10/2026,09:43:44:752,38.840557,-76.975367,2,-121.19,-121.19,0,0,
06/10/2026,09:43:44:821,38.840557,-76.975367,3,-91.37,-91.37,0,0,
06/10/2026,09:43:44:881,38.840557,-76.975367,4,-119.36,-119.36,0,0,
06/10/2026,09:43:44:893,38.840557,-76.975367,1,-122.84,-122.84,0,0,
06/10/2026,09:43:44:965,38.840557,-76.975367,2,-122.23,-122.23,0,0,
06/10/2026,09:43:45:031,38.840557,-76.975367,3,-94.16,-94.16,0,0,
06/10/2026,09:43:45:082,38.840557,-76.975367,4,-119.55,-119.55,0,0,
06/10/2026,09:43:45:101,38.840557,-76.975367,1,-123.84,-123.84,0,0,
06/10/2026,09:43:45:170,38.840557,-76.975367,2,-122.22,-122.22,0,0,
06/10/2026,09:43:45:239,38.840557,-76.975367,3,-90.12,-90.12,0,0,
06/10/2026,09:43:45:292,38.840557,-76.975367,4,-120.94,-120.94,0,0,
06/10/2026,09:43:45:310,38.840557,-76.975367,1,-121.78,-121.78,0,0,
06/10/2026,09:43:45:380,38.840557,-76.975367,2,-122.53,-122.53,0,0,
06/10/2026,09:43:45:450,38.840557,-76.975367,3,-95.63,-95.63,0,0,
06/10/2026,09:43:45:501,38.840557,-76.975367,4,-121.34,-121.34,0,0,
06/10/2026,09:43:45:518,38.840557,-76.975367,1,-126.36,-126.36,0,0,
06/10/2026,09:43:45:590,38.840557,-76.975367,2,-124.45,-124.45,0,0,
06/10/2026,09:43:45:660,38.840557,-76.975367,3,-97.44,-97.44,0,0,
06/10/2026,09:43:45:711,38.840557,-76.975367,4,-117.84,-117.84,0,0,
06/10/2026,09:43:45:731,38.840557,-76.975367,1,-124.26,-124.26,0,0,
06/10/2026,09:43:45:802,38.840557,-76.975367,2,-121.49,-121.49,0,0,
06/10/2026,09:43:45:868,38.840557,-76.975367,3,-93.64,-93.64,0,0,
06/10/2026,09:43:45:925,38.840557,-76.975367,4,-120.04,-120.04,0,0,
06/10/2026,09:43:45:939,38.840557,-76.975367,1,-121.73,-121.73,0,0,
06/10/2026,09:43:46:017,38.840557,-76.975367,2,-121.88,-121.88,0,0,
06/10/2026,09:43:46:094,38.840557,-76.975367,3,-87.36,-87.36,0,0,
06/10/2026,09:43:46:161,38.840557,-76.975367,4,-118.41,-118.41,0,0,
06/10/2026,09:43:46:169,38.840557,-76.975367,1,-123.68,-123.68,0,0,
06/10/2026,09:43:46:249,38.840557,-76.975367,2,-121.29,-121.29,0,0,
06/10/2026,09:43:46:321,38.840557,-76.975367,3,-89.6,-89.6,0,0,
06/10/2026,09:43:46:364,38.840557,-76.975367,4,-121.88,-121.88,0,0,
06/10/2026,09:43:46:367,38.840557,-76.975367,1,-123.95,-123.95,0,0,
06/10/2026,09:43:46:805,38.840557,-76.975367,2,-122.88,-122.88,0,0,
06/10/2026,09:43:46:823,38.840557,-76.975367,3,-89.88,-89.88,0,0,
06/10/2026,09:43:46:843,38.840557,-76.975367,4,-122.43,-122.43,0,0,
06/10/2026,09:43:46:846,38.840557,-76.975367,1,-123.49,-123.49,0,0,
06/10/2026,09:43:46:873,38.840557,-76.975367,2,-120.72,-120.72,0,0,
06/10/2026,09:43:46:899,38.840557,-76.975367,3,-105.54,-105.54,0,0,
06/10/2026,09:43:46:909,38.840557,-76.975367,4,-120.06,-120.06,0,0,
06/10/2026,09:43:46:913,38.840557,-76.975367,1,-125.16,-125.16,0,0,
06/10/2026,09:43:46:936,38.840557,-76.975367,2,-121.42,-121.42,0,0,
06/10/2026,09:43:46:962,38.840557,-76.975367,3,-95.07,-95.07,0,0,
06/10/2026,09:43:46:973,38.840557,-76.975367,4,-118.89,-118.89,0,0,
06/10/2026,09:43:46:990,38.840557,-76.975367,1,-123.46,-123.46,0,0,
06/10/2026,09:43:47:058,38.840557,-76.975367,2,-120.46,-120.46,0,0,
06/10/2026,09:43:47:133,38.840557,-76.975367,3,-89.91,-89.91,0,0,
06/10/2026,09:43:47:180,38.840557,-76.975367,4,-119.23,-119.23,0,0,
06/10/2026,09:43:47:197,38.840557,-76.975367,1,-123.09,-123.09,0,0,
06/10/2026,09:43:47:268,38.840557,-76.975367,2,-119.99,-119.99,0,0,
06/10/2026,09:43:47:345,38.840557,-76.975367,3,-87.9,-87.9,0,0,
06/10/2026,09:43:47:393,38.840557,-76.975367,4,-121.08,-121.08,0,0,
06/10/2026,09:43:47:406,38.840557,-76.975367,1,-122.25,-122.25,0,0,
06/10/2026,09:43:47:477,38.840557,-76.975367,2,-121.66,-121.66,0,0,
06/10/2026,09:43:47:547,38.840557,-76.975367,3,-86.09,-86.09,0,0,
06/10/2026,09:43:47:600,38.840557,-76.975367,4,-119.9,-119.9,0,0,
06/10/2026,09:43:47:616,38.840557,-76.975367,1,-121.98,-121.98,0,0,
06/10/2026,09:43:47:684,38.840557,-76.975367,2,-120.27,-120.27,0,0,
06/10/2026,09:43:47:754,38.840557,-76.975367,3,-86.85,-86.85,0,0,
06/10/2026,09:43:47:811,38.840557,-76.975367,4,-121.06,-121.06,0,0,
06/10/2026,09:43:47:827,38.840557,-76.975367,1,-121.49,-121.49,0,0,
06/10/2026,09:43:47:899,38.840557,-76.975367,2,-122.63,-122.63,0,0,
06/10/2026,09:43:47:965,38.840557,-76.975367,3,-104.68,-104.68,0,0,
06/10/2026,09:43:48:059,38.840557,-76.975367,4,-122.42,-122.42,0,0,
06/10/2026,09:43:48:066,38.840557,-76.975367,1,-122.53,-122.53,0,0,
06/10/2026,09:43:48:150,38.840557,-76.975367,2,-123.97,-123.97,0,0,
06/10/2026,09:43:48:197,38.840557,-76.975367,3,-94.66,-94.66,0,0,
06/10/2026,09:43:48:274,38.840557,-76.975367,4,-119.66,-119.66,0,0,
06/10/2026,09:43:48:275,38.840557,-76.975367,1,-121.35,-121.35,0,0,
06/10/2026,09:43:48:326,38.840557,-76.975367,2,-120.34,-120.34,0,0,
06/10/2026,09:43:48:384,38.840557,-76.975367,3,-89.51,-89.51,0,0,
06/10/2026,09:43:48:439,38.840557,-76.975367,4,-119.68,-119.68,0,0,
06/10/2026,09:43:48:454,38.840557,-76.975367,1,-119.79,-119.79,0,0,
06/10/2026,09:43:48:525,38.840557,-76.975367,2,-119.54,-119.54,0,0,
06/10/2026,09:43:48:598,38.840557,-76.975367,3,-96,-96,0,0,
06/10/2026,09:43:48:645,38.840557,-76.975367,4,-119.91,-119.91,0,0,
06/10/2026,09:43:48:665,38.840557,-76.975367,1,-123.13,-123.13,0,0,
06/10/2026,09:43:48:733,38.840557,-76.975367,2,-121.34,-121.34,0,0,
06/10/2026,09:43:48:806,38.840557,-76.975367,3,-89.81,-89.81,0,0,
06/10/2026,09:43:48:866,38.840557,-76.975367,4,-120.36,-120.36,0,0,
06/10/2026,09:43:48:877,38.840557,-76.975367,1,-122.29,-122.29,0,0,
06/10/2026,09:43:48:945,38.840557,-76.975367,2,-122.81,-122.81,0,0,
06/10/2026,09:43:49:014,38.840557,-76.975367,3,-87.46,-87.46,0,0,
06/10/2026,09:43:49:067,38.840557,-76.975367,4,-120.41,-120.41,0,0,
06/10/2026,09:43:49:084,38.840557,-76.975367,1,-121.63,-121.63,0,0,
06/10/2026,09:43:49:156,38.840557,-76.975367,2,-122.32,-122.32,0,0,
06/10/2026,09:43:49:229,38.840557,-76.975367,3,-96.91,-96.91,0,0,
06/10/2026,09:43:49:276,38.840557,-76.975367,4,-121.23,-121.23,0,0,
06/10/2026,09:43:49:297,38.840557,-76.975367,1,-122.67,-122.67,0,0,
06/10/2026,09:43:49:364,38.840557,-76.975367,2,-121.57,-121.57,0,0,
06/10/2026,09:43:49:434,38.840557,-76.975367,3,-89.75,-89.75,0,0,
06/10/2026,09:43:49:486,38.840557,-76.975367,4,-119.02,-119.02,0,0,
06/10/2026,09:43:49:512,38.840557,-76.975367,1,-123.31,-123.31,0,0,
06/10/2026,09:43:49:576,38.840557,-76.975367,2,-121.16,-121.16,0,0,
06/10/2026,09:43:49:646,38.840557,-76.975367,3,-88.08,-88.08,0,0,
06/10/2026,09:43:49:700,38.840557,-76.975367,4,-121.17,-121.17,0,0,
06/10/2026,09:43:49:713,38.840557,-76.975367,1,-122.14,-122.14,0,0,
06/10/2026,09:43:49:840,38.840557,-76.975367,2,-123.41,-123.41,0,0,
06/10/2026,09:43:49:854,38.840557,-76.975367,3,-87.43,-87.43,0,0,
06/10/2026,09:43:49:935,38.840557,-76.975367,4,-119.2,-119.2,0,0,
06/10/2026,09:43:49:938,38.840557,-76.975367,1,-120.56,-120.56,0,0,
06/10/2026,09:43:50:047,38.840557,-76.975367,2,-122.98,-122.98,0,0,
06/10/2026,09:43:50:108,38.840557,-76.975367,3,-92.42,-92.42,0,0,
06/10/2026,09:43:50:119,38.840557,-76.975367,4,-120.35,-120.35,0,0,
06/10/2026,09:43:50:146,38.840557,-76.975367,1,-120.22,-120.22,0,0,
06/10/2026,09:43:50:204,38.840557,-76.975367,2,-120.72,-120.72,0,0,
06/10/2026,09:43:50:272,38.840557,-76.975367,3,-93.22,-93.22,0,0,
06/10/2026,09:43:50:326,38.840557,-76.975367,4,-116.96,-116.96,0,0,
06/10/2026,09:43:50:343,38.840557,-76.975367,1,-122.78,-122.78,0,0,
06/10/2026,09:43:50:414,38.840557,-76.975367,2,-123.48,-123.48,0,0,
06/10/2026,09:43:50:489,38.840557,-76.975367,3,-89.39,-89.39,0,0,
06/10/2026,09:43:50:535,38.840557,-76.975367,4,-120.82,-120.82,0,0,
06/10/2026,09:43:50:552,38.840557,-76.975367,1,-119.04,-119.04,0,0,
06/10/2026,09:43:50:625,38.840557,-76.975367,2,-118.91,-118.91,0,0,
06/10/2026,09:43:50:692,38.840557,-76.975367,3,-77.97,-77.97,0,0,
06/10/2026,09:43:50:746,38.840557,-76.975367,4,-120.5,-120.5,0,0,
06/10/2026,09:43:50:763,38.840557,-76.975367,1,-117.87,-117.87,0,0,
06/10/2026,09:43:50:832,38.840557,-76.975367,2,-117.26,-117.26,0,0,
06/10/2026,09:43:50:906,38.840557,-76.975367,3,-84.8,-84.8,0,0,
06/10/2026,09:43:50:955,38.840557,-76.975367,4,-120.61,-120.61,0,0,
06/10/2026,09:43:50:975,38.840557,-76.975367,1,-120.23,-120.23,0,0,
06/10/2026,09:43:51:044,38.840557,-76.975367,2,-120.58,-120.58,0,0,
06/10/2026,09:43:51:115,38.840557,-76.975367,3,-85.96,-85.96,0,0,
06/10/2026,09:43:51:169,38.840557,-76.975367,4,-120.32,-120.32,0,0,
06/10/2026,09:43:51:181,38.840557,-76.975367,1,-122.77,-122.77,0,0,
06/10/2026,09:43:51:253,38.840557,-76.975367,2,-122.06,-122.06,0,0,
06/10/2026,09:43:51:321,38.840557,-76.975367,3,-93.14,-93.14,0,0,
06/10/2026,09:43:51:374,38.840557,-76.975367,4,-121.23,-121.23,0,0,
06/10/2026,09:43:51:420,38.840557,-76.975367,1,-121.24,-121.24,0,0,
06/10/2026,09:43:51:462,38.840557,-76.975367,2,-122.37,-122.37,0,0,
06/10/2026,09:43:51:530,38.840557,-76.975367,3,-93.06,-93.06,0,0,
06/10/2026,09:43:51:585,38.840557,-76.975367,4,-120.6,-120.6,0,0,
06/10/2026,09:43:51:617,38.840557,-76.975367,1,-118.39,-118.39,0,0,
06/10/2026,09:43:51:724,38.840557,-76.975367,2,-123.08,-123.08,0,0,
06/10/2026,09:43:51:745,38.840557,-76.975367,3,-85.21,-85.21,0,0,
06/10/2026,09:43:51:843,38.840557,-76.975367,4,-122.93,-122.93,0,0,
06/10/2026,09:43:51:844,38.840557,-76.975367,1,-120.8,-120.8,0,0,
06/10/2026,09:43:52:266,38.840557,-76.975367,2,-122.14,-122.14,0,0,
06/10/2026,09:43:52:286,38.840557,-76.975367,3,-89.56,-89.56,0,0,
06/10/2026,09:43:52:299,38.840557,-76.975367,4,-121.14,-121.14,0,0,
06/10/2026,09:43:52:302,38.840557,-76.975367,1,-123.24,-123.24,0,0,
06/10/2026,09:43:52:334,38.840557,-76.975367,2,-121.6,-121.6,0,0,
06/10/2026,09:43:52:355,38.840557,-76.975367,3,-87.39,-87.39,0,0,
06/10/2026,09:43:52:366,38.840557,-76.975367,4,-121.88,-121.88,0,0,
06/10/2026,09:43:52:373,38.840557,-76.975367,1,-121.92,-121.92,0,0,
06/10/2026,09:43:52:399,38.840557,-76.975367,2,-121.62,-121.62,0,0,
06/10/2026,09:43:52:446,38.840557,-76.975367,3,-86.69,-86.69,0,0,
06/10/2026,09:43:52:468,38.840557,-76.975367,4,-121.56,-121.56,0,0,
06/10/2026,09:43:52:479,38.840557,-76.975367,1,-121.36,-121.36,0,0,
06/10/2026,09:43:52:514,38.840557,-76.975367,2,-121.74,-121.74,0,0,
06/10/2026,09:43:52:581,38.840557,-76.975367,3,-85.56,-85.56,0,0,
06/10/2026,09:43:52:633,38.840557,-76.975367,4,-121.66,-121.66,0,0,
06/10/2026,09:43:52:651,38.840557,-76.975367,1,-118.26,-118.26,0,0,
06/10/2026,09:43:52:720,38.840557,-76.975367,2,-121.58,-121.58,0,0,
06/10/2026,09:43:52:793,38.840557,-76.975367,3,-103.38,-103.38,0,0,
06/10/2026,09:43:52:840,38.840557,-76.975367,4,-119.88,-119.88,0,0,
06/10/2026,09:43:52:859,38.840557,-76.975367,1,-120.61,-120.61,0,0,
06/10/2026,09:43:52:931,38.840557,-76.975367,2,-122.06,-122.06,0,0,
06/10/2026,09:43:52:998,38.840557,-76.975367,3,-84.69,-84.69,0,0,
06/10/2026,09:43:53:050,38.840557,-76.975367,4,-119.79,-119.79,0,0,
06/10/2026,09:43:53:069,38.840557,-76.975367,1,-119.48,-119.48,0,0,
06/10/2026,09:43:53:139,38.840557,-76.975367,2,-121.73,-121.73,0,0,
06/10/2026,09:43:53:221,38.840557,-76.975367,3,-87.88,-87.88,0,0,
06/10/2026,09:43:53:260,38.840557,-76.975367,4,-121.45,-121.45,0,0,
06/10/2026,09:43:53:279,38.840557,-76.975367,1,-121.48,-121.48,0,0,
06/10/2026,09:43:53:347,38.840557,-76.975367,2,-122.33,-122.33,0,0,
06/10/2026,09:43:53:417,38.840557,-76.975367,3,-95.52,-95.52,0,0,
06/10/2026,09:43:53:470,38.840557,-76.975367,4,-120.81,-120.81,0,0,
06/10/2026,09:43:53:489,38.840557,-76.975367,1,-122.23,-122.23,0,0,
06/10/2026,09:43:53:590,38.840557,-76.975367,2,-124.42,-124.42,0,0,
06/10/2026,09:43:53:672,38.840557,-76.975367,3,-94.56,-94.56,0,0,
06/10/2026,09:43:53:713,38.840557,-76.975367,4,-118.74,-118.74,0,0,
06/10/2026,09:43:53:717,38.840557,-76.975367,1,-124.66,-124.66,0,0,
06/10/2026,09:43:53:792,38.840557,-76.975367,2,-123.65,-123.65,0,0,
06/10/2026,09:43:53:841,38.840557,-76.975367,3,-84.53,-84.53,0,0,
06/10/2026,09:43:53:891,38.840557,-76.975367,4,-121.64,-121.64,0,0,
06/10/2026,09:43:53:907,38.840557,-76.975367,1,-122.5,-122.5,0,0,
06/10/2026,09:43:53:975,38.840557,-76.975367,2,-122.72,-122.72,0,0,
06/10/2026,09:43:54:045,38.840557,-76.975367,3,-91.47,-91.47,0,0,
06/10/2026,09:43:54:101,38.840557,-76.975367,4,-122.36,-122.36,0,0,
06/10/2026,09:43:54:117,38.840557,-76.975367,1,-121.7,-121.7,0,0,
06/10/2026,09:43:54:192,38.840557,-76.975367,2,-123.88,-123.88,0,0,
06/10/2026,09:43:54:257,38.840557,-76.975367,3,-92.54,-92.54,0,0,
06/10/2026,09:43:54:314,38.840557,-76.975367,4,-119.2,-119.2,0,0,
06/10/2026,09:43:54:326,38.840557,-76.975367,1,-122.55,-122.55,0,0,
06/10/2026,09:43:54:396,38.840557,-76.975367,2,-121.64,-121.64,0,0,
06/10/2026,09:43:54:473,38.840557,-76.975367,3,-84.16,-84.16,0,0,
06/10/2026,09:43:54:523,38.840557,-76.975367,4,-119.78,-119.78,0,0,
06/10/2026,09:43:54:544,38.840557,-76.975367,1,-121.54,-121.54,0,0,
06/10/2026,09:43:54:608,38.840557,-76.975367,2,-120.24,-120.24,0,0,
06/10/2026,09:43:54:680,38.840557,-76.975367,3,-90.75,-90.75,0,0,
06/10/2026,09:43:54:727,38.840557,-76.975367,4,-120.41,-120.41,0,0,
06/10/2026,09:43:54:746,38.840557,-76.975367,1,-122.28,-122.28,0,0,
06/10/2026,09:43:54:815,38.840557,-76.975367,2,-122.4,-122.4,0,0,
06/10/2026,09:43:54:885,38.840557,-76.975367,3,-86.94,-86.94,0,0,
06/10/2026,09:43:54:937,38.840557,-76.975367,4,-121.49,-121.49,0,0,
06/10/2026,09:43:54:957,38.840557,-76.975367,1,-122.62,-122.62,0,0,
06/10/2026,09:43:55:026,38.840557,-76.975367,2,-124.65,-124.65,0,0,
06/10/2026,09:43:55:096,38.840557,-76.975367,3,-84.38,-84.38,0,0,
06/10/2026,09:43:55:149,38.840557,-76.975367,4,-119.37,-119.37,0,0,
06/10/2026,09:43:55:174,38.840557,-76.975367,1,-122.4,-122.4,0,0,
06/10/2026,09:43:55:253,38.840557,-76.975367,2,-123.1,-123.1,0,0,
06/10/2026,09:43:55:340,38.840557,-76.975367,3,-82.85,-82.85,0,0,
06/10/2026,09:43:55:415,38.840557,-76.975367,4,-120.81,-120.81,0,0,
06/10/2026,09:43:55:429,38.840557,-76.975367,1,-121.95,-121.95,0,0,
06/10/2026,09:43:55:544,38.840557,-76.975367,2,-121.89,-121.89,0,0,
06/10/2026,09:43:55:588,38.840557,-76.975367,3,-89.96,-89.96,0,0,
06/10/2026,09:43:55:598,38.840557,-76.975367,4,-120.02,-120.02,0,0,
06/10/2026,09:43:55:619,38.840557,-76.975367,1,-121.44,-121.44,0,0,
06/10/2026,09:43:55:662,38.840557,-76.975367,2,-118.9,-118.9,0,0,
06/10/2026,09:43:55:728,38.840557,-76.975367,3,-82.08,-82.08,0,0,
06/10/2026,09:43:55:777,38.840557,-76.975367,4,-121.94,-121.94,0,0,
06/10/2026,09:43:55:794,38.840557,-76.975367,1,-124.28,-124.28,0,0,
06/10/2026,09:43:55:863,38.840557,-76.975367,2,-120.43,-120.43,0,0,
06/10/2026,09:43:55:937,38.840557,-76.975367,3,-94.29,-94.29,0,0,
06/10/2026,09:43:55:987,38.840557,-76.975367,4,-118.39,-118.39,0,0,
06/10/2026,09:43:56:003,38.840557,-76.975367,1,-122.55,-122.55,0,0,
06/10/2026,09:43:56:073,38.840557,-76.975367,2,-118.79,-118.79,0,0,
06/10/2026,09:43:56:145,38.840557,-76.975367,3,-84.25,-84.25,0,0,
06/10/2026,09:43:56:198,38.840557,-76.975367,4,-121.04,-121.04,0,0,
06/10/2026,09:43:56:213,38.840557,-76.975367,1,-123.81,-123.81,0,0,
06/10/2026,09:43:56:283,38.840557,-76.975367,2,-122,-122,0,0,
06/10/2026,09:43:56:352,38.840557,-76.975367,3,-84.4,-84.4,0,0,
06/10/2026,09:43:56:405,38.840557,-76.975367,4,-120.7,-120.7,0,0,
06/10/2026,09:43:56:427,38.840557,-76.975367,1,-121.7,-121.7,0,0,
06/10/2026,09:43:56:494,38.840557,-76.975367,2,-119.66,-119.66,0,0,
06/10/2026,09:43:56:563,38.840557,-76.975367,3,-84.57,-84.57,0,0,
06/10/2026,09:43:56:614,38.840557,-76.975367,4,-120.21,-120.21,0,0,
06/10/2026,09:43:56:631,38.840557,-76.975367,1,-122.34,-122.34,0,0,
06/10/2026,09:43:56:706,38.840557,-76.975367,2,-120.22,-120.22,0,0,
06/10/2026,09:43:56:772,38.840557,-76.975367,3,-78.47,-78.47,0,0,
06/10/2026,09:43:56:825,38.840557,-76.975367,4,-119.72,-119.72,0,0,
06/10/2026,09:43:56:850,38.840557,-76.975367,1,-121.66,-121.66,0,0,
06/10/2026,09:43:56:913,38.840557,-76.975367,2,-124.3,-124.3,0,0,
06/10/2026,09:43:56:985,38.840557,-76.975367,3,-92.68,-92.68,0,0,
06/10/2026,09:43:57:033,38.840557,-76.975367,4,-121.88,-121.88,0,0,
06/10/2026,09:43:57:063,38.840557,-76.975367,1,-120.91,-120.91,0,0,
06/10/2026,09:43:57:130,38.840557,-76.975367,2,-120.3,-120.3,0,0,
06/10/2026,09:43:57:192,38.840557,-76.975367,3,-86.23,-86.23,0,0,
06/10/2026,09:43:57:244,38.840557,-76.975367,4,-120.16,-120.16,0,0,
06/10/2026,09:43:57:262,38.840557,-76.975367,1,-121.96,-121.96,0,0,
06/10/2026,09:43:57:717,38.840557,-76.975367,2,-123.35,-123.35,0,0,
06/10/2026,09:43:57:736,38.840557,-76.975367,3,-81.7,-81.7,0,0,
06/10/2026,09:43:57:754,38.840557,-76.975367,4,-123.53,-123.53,0,0,
06/10/2026,09:43:57:759,38.840557,-76.975367,1,-119.42,-119.42,0,0,
06/10/2026,09:43:57:781,38.840557,-76.975367,2,-120.76,-120.76,0,0,
06/10/2026,09:43:57:819,38.840557,-76.975367,3,-88.44,-88.44,0,0,
06/10/2026,09:43:57:838,38.840557,-76.975367,4,-120.52,-120.52,0,0,
06/10/2026,09:43:57:868,38.840557,-76.975367,1,-120.87,-120.87,0,0,
06/10/2026,09:43:57:895,38.840557,-76.975367,2,-116.74,-116.74,0,0,
06/10/2026,09:43:57:909,38.840557,-76.975367,3,-84.36,-84.36,0,0,
06/10/2026,09:43:57:925,38.840557,-76.975367,4,-120.47,-120.47,0,0,
06/10/2026,09:43:57:932,38.840557,-76.975367,1,-123.06,-123.06,0,0,
06/10/2026,09:43:57:962,38.840557,-76.975367,2,-120.23,-120.23,0,0,
06/10/2026,09:43:58:032,38.840557,-76.975367,3,-87,-87,0,0,
06/10/2026,09:43:58:083,38.840557,-76.975367,4,-120.86,-120.86,0,0,
06/10/2026,09:43:58:103,38.840557,-76.975367,1,-122.15,-122.15,0,0,
06/10/2026,09:43:58:169,38.840557,-76.975367,2,-117.68,-117.68,0,0,
06/10/2026,09:43:58:241,38.840557,-76.975367,3,-78.97,-78.97,0,0,
06/10/2026,09:43:58:292,38.840557,-76.975367,4,-119.95,-119.95,0,0,
06/10/2026,09:43:58:314,38.840557,-76.975367,1,-121.96,-121.96,0,0,
06/10/2026,09:43:58:385,38.840557,-76.975367,2,-116.83,-116.83,0,0,
06/10/2026,09:43:58:450,38.840557,-76.975367,3,-86.93,-86.93,0,0,
06/10/2026,09:43:58:502,38.840557,-76.975367,4,-119.54,-119.54,0,0,
06/10/2026,09:43:58:519,38.840557,-76.975367,1,-120.01,-120.01,0,0,
06/10/2026,09:43:58:595,38.840557,-76.975367,2,-120.19,-120.19,0,0,
06/10/2026,09:43:58:665,38.840557,-76.975367,3,-80.16,-80.16,0,0,
06/10/2026,09:43:58:723,38.840557,-76.975367,4,-121.17,-121.17,0,0,
06/10/2026,09:43:58:729,38.840557,-76.975367,1,-117.44,-117.44,0,0,
06/10/2026,09:43:58:801,38.840557,-76.975367,2,-121.44,-121.44,0,0,
06/10/2026,09:43:58:870,38.840557,-76.975367,3,-75.47,-75.47,0,0,
06/10/2026,09:43:58:928,38.840557,-76.975367,4,-118.77,-118.77,0,0,
06/10/2026,09:43:58:940,38.840557,-76.975367,1,-118.79,-118.79,0,0,
06/10/2026,09:43:59:011,38.840557,-76.975367,2,-118.57,-118.57,0,0,
06/10/2026,09:43:59:097,38.840557,-76.975367,3,-84.53,-84.53,0,0,
06/10/2026,09:43:59:168,38.840557,-76.975367,4,-120.57,-120.57,0,0,
06/10/2026,09:43:59:174,38.840557,-76.975367,1,-120.05,-120.05,0,0,
06/10/2026,09:43:59:244,38.840557,-76.975367,2,-118.5,-118.5,0,0,
06/10/2026,09:43:59:315,38.840557,-76.975367,3,-80.94,-80.94,0,0,
06/10/2026,09:43:59:385,38.840557,-76.975367,4,-118.91,-118.91,0,0,
06/10/2026,09:43:59:386,38.840557,-76.975367,1,-119.77,-119.77,0,0,
06/10/2026,09:43:59:462,38.840557,-76.975367,2,-115.29,-115.29,0,0,
06/10/2026,09:43:59:499,38.840557,-76.975367,3,-77.47,-77.47,0,0,
06/10/2026,09:43:59:552,38.840557,-76.975367,4,-120.51,-120.51,0,0,
06/10/2026,09:43:59:570,38.840557,-76.975367,1,-117.73,-117.73,0,0,
06/10/2026,09:43:59:639,38.840557,-76.975367,2,-118.88,-118.88,0,0,
06/10/2026,09:43:59:710,38.840557,-76.975367,3,-77.66,-77.66,0,0,
06/10/2026,09:43:59:770,38.840557,-76.975367,4,-120.38,-120.38,0,0,
06/10/2026,09:43:59:779,38.840557,-76.975367,1,-115.07,-115.07,0,0,
06/10/2026,09:43:59:849,38.840557,-76.975367,2,-117.67,-117.67,0,0,
06/10/2026,09:43:59:920,38.840557,-76.975367,3,-75.76,-75.76,0,0,
06/10/2026,09:43:59:972,38.840557,-76.975367,4,-120.54,-120.54,0,0,
06/10/2026,09:43:59:991,38.840557,-76.975367,1,-121.94,-121.94,0,0,
06/10/2026,09:44:00:060,38.840557,-76.975367,2,-118.77,-118.77,0,0,
06/10/2026,09:44:00:127,38.840557,-76.975367,3,-76.48,-76.48,0,0,
06/10/2026,09:44:00:180,38.840557,-76.975367,4,-117.51,-117.51,0,0,
06/10/2026,09:44:00:205,38.840557,-76.975367,1,-108.27,-108.27,0,0,
06/10/2026,09:44:00:269,38.840557,-76.975367,2,-110.99,-110.99,0,0,
06/10/2026,09:44:00:338,38.840557,-76.975367,3,-75.36,-75.36,0,0,
06/10/2026,09:44:00:389,38.840557,-76.975367,4,-118.24,-118.24,0,0,
06/10/2026,09:44:00:409,38.840557,-76.975367,1,-119.02,-119.02,0,0,
06/10/2026,09:44:00:478,38.840557,-76.975367,2,-115.87,-115.87,0,0,
06/10/2026,09:44:00:550,38.840557,-76.975367,3,-72.27,-72.27,0,0,
06/10/2026,09:44:00:606,38.840557,-76.975367,4,-113.81,-113.81,0,0,
06/10/2026,09:44:00:617,38.840557,-76.975367,1,-108.36,-108.36,0,0,
06/10/2026,09:44:00:687,38.840557,-76.975367,2,-105.04,-105.04,0,0,
06/10/2026,09:44:00:759,38.840557,-76.975367,3,-72.71,-72.71,0,0,
06/10/2026,09:44:00:809,38.840557,-76.975367,4,-117.03,-117.03,0,0,
06/10/2026,09:44:00:826,38.840557,-76.975367,1,-112.8,-112.8,0,0,
06/10/2026,09:44:00:901,38.840557,-76.975367,2,-113.48,-113.48,0,0,
06/10/2026,09:44:01:022,38.840557,-76.975367,3,-79.49,-79.49,0,0,
06/10/2026,09:44:01:040,38.840557,-76.975367,4,-118.39,-118.39,0,0,
06/10/2026,09:44:01:043,38.840557,-76.975367,1,-111.97,-111.97,0,0,
06/10/2026,09:44:01:144,38.840557,-76.975367,2,-117.78,-117.78,0,0,
06/10/2026,09:44:01:197,38.840557,-76.975367,3,-76.54,-76.54,0,0,
06/10/2026,09:44:01:274,38.840557,-76.975367,4,-121.45,-121.45,0,0,
06/10/2026,09:44:01:277,38.840557,-76.975367,1,-112.66,-112.66,0,0,
06/10/2026,09:44:01:316,38.840557,-76.975367,2,-114.27,-114.27,0,0,
06/10/2026,09:44:01:386,38.840557,-76.975367,3,-76.66,-76.66,0,0,
06/10/2026,09:44:01:439,38.840557,-76.975367,4,-119.05,-119.05,0,0,
06/10/2026,09:44:01:456,38.840557,-76.975367,1,-113.32,-113.32,0,0,
06/10/2026,09:44:01:526,38.840557,-76.975367,2,-110.44,-110.44,0,0,
06/10/2026,09:44:01:596,38.840557,-76.975367,3,-66.03,-66.03,0,0,
06/10/2026,09:44:01:669,38.840557,-76.975367,4,-115.38,-115.38,0,0,
06/10/2026,09:44:01:671,38.840557,-76.975367,1,-109.46,-109.46,0,0,
06/10/2026,09:44:01:735,38.840557,-76.975367,2,-106.05,-106.05,0,0,
06/10/2026,09:44:01:805,38.840557,-76.975367,3,-60.15,-60.15,0,0,
06/10/2026,09:44:01:859,38.840557,-76.975367,4,-112.04,-112.04,0,0,
06/10/2026,09:44:01:880,38.840557,-76.975367,1,-95.14,-95.14,0,0,
06/10/2026,09:44:01:948,38.840557,-76.975367,2,-107.68,-107.68,0,0,
06/10/2026,09:44:02:015,38.840557,-76.975367,3,-75.44,-75.44,0,0,
06/10/2026,09:44:02:068,38.840557,-76.975367,4,-120.21,-120.21,0,0,
06/10/2026,09:44:02:095,38.840557,-76.975367,1,-109.2,-109.2,0,0,
06/10/2026,09:44:02:155,38.840557,-76.975367,2,-113.7,-113.7,0,0,
06/10/2026,09:44:02:225,38.840557,-76.975367,3,-68.4,-68.4,0,0,
06/10/2026,09:44:02:277,38.840557,-76.975367,4,-119.84,-119.84,0,0,
06/10/2026,09:44:02:296,38.840557,-76.975367,1,-113.06,-113.06,0,0,
06/10/2026,09:44:02:366,38.840557,-76.975367,2,-112.36,-112.36,0,0,
06/10/2026,09:44:02:437,38.840557,-76.975367,3,-77.9,-77.9,0,0,
06/10/2026,09:44:02:493,38.840557,-76.975367,4,-119.61,-119.61,0,0,
06/10/2026,09:44:02:505,38.840557,-76.975367,1,-113.03,-113.03,0,0,
06/10/2026,09:44:02:578,38.840557,-76.975367,2,-118.82,-118.82,0,0,
06/10/2026,09:44:02:646,38.840557,-76.975367,3,-78,-78,0,0,
06/10/2026,09:44:02:698,38.840557,-76.975367,4,-118.94,-118.94,0,0,
06/10/2026,09:44:02:714,38.840557,-76.975367,1,-111.48,-111.48,0,0,
06/10/2026,09:44:03:174,38.840557,-76.975367,2,-122.78,-122.78,0,0,
06/10/2026,09:44:03:188,38.840557,-76.975367,3,-73.06,-73.06,0,0,
06/10/2026,09:44:03:203,38.840557,-76.975367,4,-121.77,-121.77,0,0,
06/10/2026,09:44:03:207,38.840557,-76.975367,1,-114.16,-114.16,0,0,
06/10/2026,09:44:03:221,38.840557,-76.975367,2,-122.41,-122.41,0,0,
06/10/2026,09:44:03:248,38.840557,-76.975367,3,-72.11,-72.11,0,0,
06/10/2026,09:44:03:263,38.840557,-76.975367,4,-118.54,-118.54,0,0,
06/10/2026,09:44:03:266,38.840557,-76.975367,1,-117.06,-117.06,0,0,
06/10/2026,09:44:03:281,38.840557,-76.975367,2,-123.23,-123.23,0,0,
06/10/2026,09:44:03:304,38.840557,-76.975367,3,-79.93,-79.93,0,0,
06/10/2026,09:44:03:325,38.840557,-76.975367,4,-120.24,-120.24,0,0,
06/10/2026,09:44:03:344,38.840557,-76.975367,1,-119.9,-119.9,0,0,
06/10/2026,09:44:03:412,38.840557,-76.975367,2,-121.37,-121.37,0,0,
06/10/2026,09:44:03:486,38.840557,-76.975367,3,-73.28,-73.28,0,0,
06/10/2026,09:44:03:536,38.840557,-76.975367,4,-120.26,-120.26,0,0,
06/10/2026,09:44:03:554,38.840557,-76.975367,1,-116.05,-116.05,0,0,
06/10/2026,09:44:03:623,38.840557,-76.975367,2,-121.57,-121.57,0,0,
06/10/2026,09:44:03:692,38.840557,-76.975367,3,-68.79,-68.79,0,0,
06/10/2026,09:44:03:754,38.840557,-76.975367,4,-121.79,-121.79,0,0,
06/10/2026,09:44:03:763,38.840557,-76.975367,1,-117.68,-117.68,0,0,
06/10/2026,09:44:03:833,38.840557,-76.975367,2,-124.64,-124.64,0,0,
06/10/2026,09:44:03:904,38.840557,-76.975367,3,-84.97,-84.97,0,0,
06/10/2026,09:44:03:955,38.840557,-76.975367,4,-120.52,-120.52,0,0,
06/10/2026,09:44:03:974,38.840557,-76.975367,1,-119.51,-119.51,0,0,
06/10/2026,09:44:04:042,38.840557,-76.975367,2,-122.33,-122.33,0,0,
06/10/2026,09:44:04:118,38.840557,-76.975367,3,-78.65,-78.65,0,0,
06/10/2026,09:44:04:165,38.840557,-76.975367,4,-122.65,-122.65,0,0,
06/10/2026,09:44:04:184,38.840557,-76.975367,1,-119.5,-119.5,0,0,
06/10/2026,09:44:04:253,38.840557,-76.975367,2,-121.85,-121.85,0,0,
06/10/2026,09:44:04:320,38.840557,-76.975367,3,-77.87,-77.87,0,0,
06/10/2026,09:44:04:375,38.840557,-76.975367,4,-119.57,-119.57,0,0,
06/10/2026,09:44:04:394,38.840557,-76.975367,1,-115.75,-115.75,0,0,
06/10/2026,09:44:04:462,38.840557,-76.975367,2,-120.72,-120.72,0,0,
06/10/2026,09:44:04:535,38.840557,-76.975367,3,-81.84,-81.84,0,0,
06/10/2026,09:44:04:585,38.840557,-76.975367,4,-119.24,-119.24,0,0,
06/10/2026,09:44:04:601,38.840557,-76.975367,1,-116.99,-116.99,0,0,
06/10/2026,09:44:04:689,38.840557,-76.975367,2,-121.92,-121.92,0,0,
06/10/2026,09:44:04:769,38.840557,-76.975367,3,-78.92,-78.92,0,0,
06/10/2026,09:44:04:804,38.840557,-76.975367,4,-117.88,-117.88,0,0,
06/10/2026,09:44:04:811,38.840557,-76.975367,1,-117.75,-117.75,0,0,
06/10/2026,09:44:04:881,38.840557,-76.975367,2,-123.42,-123.42,0,0,
06/10/2026,09:44:04:951,38.840557,-76.975367,3,-73.54,-73.54,0,0,
06/10/2026,09:44:05:013,38.840557,-76.975367,4,-121.46,-121.46,0,0,
06/10/2026,09:44:05:021,38.840557,-76.975367,1,-121.29,-121.29,0,0,
06/10/2026,09:44:05:095,38.840557,-76.975367,2,-124.34,-124.34,0,0,
06/10/2026,09:44:05:160,38.840557,-76.975367,3,-88.23,-88.23,0,0,
06/10/2026,09:44:05:224,38.840557,-76.975367,4,-121.14,-121.14,0,0,
06/10/2026,09:44:05:235,38.840557,-76.975367,1,-114.92,-114.92,0,0,
06/10/2026,09:44:05:302,38.840557,-76.975367,2,-121.63,-121.63,0,0,
06/10/2026,09:44:05:370,38.840557,-76.975367,3,-80.21,-80.21,0,0,
06/10/2026,09:44:05:421,38.840557,-76.975367,4,-119.51,-119.51,0,0,
06/10/2026,09:44:05:440,38.840557,-76.975367,1,-120.04,-120.04,0,0,
06/10/2026,09:44:05:515,38.840557,-76.975367,2,-122.52,-122.52,0,0,
06/10/2026,09:44:05:585,38.840557,-76.975367,3,-83.96,-83.96,0,0,
06/10/2026,09:44:05:632,38.840557,-76.975367,4,-117.89,-117.89,0,0,
06/10/2026,09:44:05:649,38.840557,-76.975367,1,-125.08,-125.08,0,0,
06/10/2026,09:44:05:720,38.840557,-76.975367,2,-124.02,-124.02,0,0,
06/10/2026,09:44:05:789,38.840557,-76.975367,3,-82.31,-82.31,0,0,
06/10/2026,09:44:05:842,38.840557,-76.975367,4,-122.22,-122.22,0,0,
06/10/2026,09:44:05:861,38.840557,-76.975367,1,-121.73,-121.73,0,0,
06/10/2026,09:44:05:930,38.840557,-76.975367,2,-124.62,-124.62,0,0,
06/10/2026,09:44:06:002,38.840557,-76.975367,3,-71.98,-71.98,0,0,
06/10/2026,09:44:06:051,38.840557,-76.975367,4,-119.24,-119.24,0,0,
06/10/2026,09:44:06:072,38.840557,-76.975367,1,-122.02,-122.02,0,0,
06/10/2026,09:44:06:140,38.840557,-76.975367,2,-120.21,-120.21,0,0,
06/10/2026,09:44:06:210,38.840557,-76.975367,3,-75.39,-75.39,0,0,
06/10/2026,09:44:06:261,38.840557,-76.975367,4,-117.43,-117.43,0,0,
06/10/2026,09:44:06:280,38.840557,-76.975367,1,-122.37,-122.37,0,0,
06/10/2026,09:44:06:349,38.840557,-76.975367,2,-121.08,-121.08,0,0,
06/10/2026,09:44:06:420,38.840557,-76.975367,3,-80.26,-80.26,0,0,
06/10/2026,09:44:06:485,38.840557,-76.975367,4,-119.58,-119.58,0,0,
06/10/2026,09:44:06:489,38.840557,-76.975367,1,-124.54,-124.54,0,0,
06/10/2026,09:44:06:565,38.840557,-76.975367,2,-123.4,-123.4,0,0,
06/10/2026,09:44:06:680,38.840557,-76.975367,3,-77.95,-77.95,0,0,
06/10/2026,09:44:06:697,38.840557,-76.975367,4,-120.68,-120.68,0,0,
06/10/2026,09:44:06:699,38.840557,-76.975367,1,-121.65,-121.65,0,0,
06/10/2026,09:44:06:776,38.840557,-76.975367,2,-123.4,-123.4,0,0,
06/10/2026,09:44:06:842,38.840557,-76.975367,3,-70.71,-70.71,0,0,
06/10/2026,09:44:06:896,38.840557,-76.975367,4,-121.45,-121.45,0,0,
06/10/2026,09:44:06:910,38.840557,-76.975367,1,-122.49,-122.49,0,0,
06/10/2026,09:44:06:977,38.840557,-76.975367,2,-123.17,-123.17,0,0,
06/10/2026,09:44:07:051,38.840557,-76.975367,3,-74.85,-74.85,0,0,
06/10/2026,09:44:07:102,38.840557,-76.975367,4,-118.56,-118.56,0,0,
06/10/2026,09:44:07:118,38.840557,-76.975367,1,-122.5,-122.5,0,0,
06/10/2026,09:44:07:187,38.840557,-76.975367,2,-123.31,-123.31,0,0,
06/10/2026,09:44:07:259,38.840557,-76.975367,3,-86.4,-86.4,0,0,
06/10/2026,09:44:07:310,38.840557,-76.975367,4,-120.82,-120.82,0,0,
06/10/2026,09:44:07:335,38.840557,-76.975367,1,-123.55,-123.55,0,0,
06/10/2026,09:44:07:400,38.840557,-76.975367,2,-121.55,-121.55,0,0,
06/10/2026,09:44:07:466,38.840557,-76.975367,3,-72.73,-72.73,0,0,
06/10/2026,09:44:07:525,38.840557,-76.975367,4,-119.19,-119.19,0,0,
06/10/2026,09:44:07:542,38.840557,-76.975367,1,-121.22,-121.22,0,0,
06/10/2026,09:44:07:609,38.840557,-76.975367,2,-123.49,-123.49,0,0,
06/10/2026,09:44:07:677,38.840557,-76.975367,3,-81.63,-81.63,0,0,
06/10/2026,09:44:07:731,38.840557,-76.975367,4,-121.8,-121.8,0,0,
06/10/2026,09:44:07:748,38.840557,-76.975367,1,-123.44,-123.44,0,0,
06/10/2026,09:44:07:817,38.840557,-76.975367,2,-121.69,-121.69,0,0,
06/10/2026,09:44:07:888,38.840557,-76.975367,3,-71.84,-71.84,0,0,
06/10/2026,09:44:07:938,38.840557,-76.975367,4,-120.55,-120.55,0,0,
06/10/2026,09:44:07:957,38.840557,-76.975367,1,-119.95,-119.95,0,0,
06/10/2026,09:44:08:026,38.840557,-76.975367,2,-122.5,-122.5,0,0,
06/10/2026,09:44:08:100,38.840557,-76.975367,3,-81.07,-81.07,0,0,
06/10/2026,09:44:08:148,38.840557,-76.975367,4,-121.05,-121.05,0,0,
06/10/2026,09:44:08:167,38.840557,-76.975367,1,-122.2,-122.2,0,0,
06/10/2026,09:44:08:238,38.840557,-76.975367,2,-124.1,-124.1,0,0,
06/10/2026,09:44:08:311,38.840557,-76.975367,3,-75.17,-75.17,0,0,
06/10/2026,09:44:08:359,38.840557,-76.975367,4,-120.18,-120.18,0,0,
06/10/2026,09:44:08:378,38.840557,-76.975367,1,-122.7,-122.7,0,0,
06/10/2026,09:44:08:446,38.840557,-76.975367,2,-121.57,-121.57,0,0,
06/10/2026,09:44:08:517,38.840557,-76.975367,3,-67.55,-67.55,0,0,
06/10/2026,09:44:08:589,38.840557,-76.975367,4,-120.19,-120.19,0,0,
06/10/2026,09:44:08:598,38.840557,-76.975367,1,-120.16,-120.16,0,0,
06/10/2026,09:44:08:675,38.840557,-76.975367,2,-122.52,-122.52,0,0,
06/10/2026,09:44:08:757,38.840557,-76.975367,3,-78.38,-78.38,0,0,
06/10/2026,09:44:08:818,38.840557,-76.975367,4,-120.46,-120.46,0,0,
06/10/2026,09:44:08:819,38.840557,-76.975367,1,-122.83,-122.83,0,0,
06/10/2026,09:44:08:865,38.840557,-76.975367,2,-121.48,-121.48,0,0,
06/10/2026,09:44:08:939,38.840557,-76.975367,3,-91.8,-91.8,0,0,
06/10/2026,09:44:08:989,38.840557,-76.975367,4,-120.09,-120.09,0,0,
06/10/2026,09:44:09:022,38.840557,-76.975367,1,-122.97,-122.97,0,0,
06/10/2026,09:44:09:075,38.840557,-76.975367,2,-120.9,-120.9,0,0,
06/10/2026,09:44:09:150,38.840557,-76.975367,3,-99.5,-99.5,0,0,
06/10/2026,09:44:09:197,38.840557,-76.975367,4,-120.5,-120.5,0,0,
06/10/2026,09:44:09:216,38.840557,-76.975367,1,-122.23,-122.23,0,0,
06/10/2026,09:44:09:284,38.840557,-76.975367,2,-123.35,-123.35,0,0,
06/10/2026,09:44:09:355,38.840557,-76.975367,3,-98.1,-98.1,0,0,
06/10/2026,09:44:09:411,38.840557,-76.975367,4,-119.32,-119.32,0,0,
06/10/2026,09:44:09:423,38.840557,-76.975367,1,-120.76,-120.76,0,0,
06/10/2026,09:44:09:494,38.840557,-76.975367,2,-121.62,-121.62,0,0,
06/10/2026,09:44:09:563,38.840557,-76.975367,3,-107.61,-107.61,0,0,
06/10/2026,09:44:09:625,38.840557,-76.975367,4,-121.15,-121.15,0,0,
06/10/2026,09:44:09:636,38.840557,-76.975367,1,-122.63,-122.63,0,0,
06/10/2026,09:44:09:706,38.840557,-76.975367,2,-121.37,-121.37,0,0,
06/10/2026,09:44:09:775,38.840557,-76.975367,3,-104.72,-104.72,0,0,
06/10/2026,09:44:09:828,38.840557,-76.975367,4,-121.8,-121.8,0,0,
06/10/2026,09:44:09:844,38.840557,-76.975367,1,-123.58,-123.58,0,0,
06/10/2026,09:44:09:914,38.840557,-76.975367,2,-122.48,-122.48,0,0,
06/10/2026,09:44:09:986,38.840557,-76.975367,3,-109.16,-109.16,0,0,
06/10/2026,09:44:10:040,38.840557,-76.975367,4,-122.55,-122.55,0,0,
06/10/2026,09:44:10:055,38.840557,-76.975367,1,-122.25,-122.25,0,0,
06/10/2026,09:44:10:127,38.840557,-76.975367,2,-124.29,-124.29,0,0,
06/10/2026,09:44:10:223,38.840557,-76.975367,3,-105.48,-105.48,0,0,
06/10/2026,09:44:10:244,38.840557,-76.975367,4,-120.1,-120.1,0,0,
06/10/2026,09:44:10:299,38.840557,-76.975367,1,-124.31,-124.31,0,0,
06/10/2026,09:44:10:381,38.840557,-76.975367,2,-121.98,-121.98,0,0,
06/10/2026,09:44:10:437,38.840557,-76.975367,3,-109.93,-109.93,0,0,
06/10/2026,09:44:10:455,38.840557,-76.975367,4,-120.19,-120.19,0,0,
06/10/2026,09:44:10:516,38.840557,-76.975367,1,-121.11,-121.11,0,0,
06/10/2026,09:44:10:559,38.840557,-76.975367,2,-121.19,-121.19,0,0,
06/10/2026,09:44:10:631,38.840557,-76.975367,3,-103.51,-103.51,0,0,
06/10/2026,09:44:10:691,38.840557,-76.975367,4,-120.22,-120.22,0,0,
06/10/2026,09:44:10:692,38.840557,-76.975367,1,-122.59,-122.59,0,0,
06/10/2026,09:44:10:761,38.840557,-76.975367,2,-121.02,-121.02,0,0,
06/10/2026,09:44:10:822,38.840557,-76.975367,3,-109.42,-109.42,0,0,
06/10/2026,09:44:10:874,38.840557,-76.975367,4,-120.31,-120.31,0,0,
06/10/2026,09:44:10:893,38.840557,-76.975367,1,-122.18,-122.18,0,0,
06/10/2026,09:44:10:961,38.840557,-76.975367,2,-122.52,-122.52,0,0,
06/10/2026,09:44:11:036,38.840557,-76.975367,3,-100.39,-100.39,0,0,
06/10/2026,09:44:11:096,38.840557,-76.975367,4,-119.44,-119.44,0,0,
06/10/2026,09:44:11:100,38.840557,-76.975367,1,-121.8,-121.8,0,0,
06/10/2026,09:44:11:179,38.840557,-76.975367,2,-122.69,-122.69,0,0,
06/10/2026,09:44:11:241,38.840557,-76.975367,3,-100.82,-100.82,0,0,
06/10/2026,09:44:11:295,38.840557,-76.975367,4,-121.17,-121.17,0,0,
06/10/2026,09:44:11:315,38.840557,-76.975367,1,-122.28,-122.28,0,0,
06/10/2026,09:44:11:394,38.840557,-76.975367,2,-120.39,-120.39,0,0,
06/10/2026,09:44:11:451,38.840557,-76.975367,3,-106.5,-106.5,0,0,
06/10/2026,09:44:11:506,38.840557,-76.975367,4,-120.36,-120.36,0,0,
06/10/2026,09:44:11:520,38.840557,-76.975367,1,-124.53,-124.53,0,0,
06/10/2026,09:44:11:597,38.840557,-76.975367,2,-123.54,-123.54,0,0,
06/10/2026,09:44:11:659,38.840557,-76.975367,3,-106.05,-106.05,0,0,
06/10/2026,09:44:11:713,38.840557,-76.975367,4,-118.04,-118.04,0,0,
06/10/2026,09:44:11:730,38.840557,-76.975367,1,-124.74,-124.74,0,0,
06/10/2026,09:44:11:802,38.840557,-76.975367,2,-123.26,-123.26,0,0,
06/10/2026,09:44:11:894,38.840557,-76.975367,3,-101.19,-101.19,0,0,
06/10/2026,09:44:11:922,38.840557,-76.975367,4,-119.84,-119.84,0,0,
06/10/2026,09:44:11:941,38.840557,-76.975367,1,-121.86,-121.86,0,0,
06/10/2026,09:44:12:020,38.840557,-76.975367,2,-122.5,-122.5,0,0,
06/10/2026,09:44:12:101,38.840557,-76.975367,3,-104.94,-104.94,0,0,
06/10/2026,09:44:12:145,38.840557,-76.975367,4,-118.59,-118.59,0,0,
06/10/2026,09:44:12:154,38.840557,-76.975367,1,-123.88,-123.88,0,0,
06/10/2026,09:44:12:238,38.840557,-76.975367,2,-120.66,-120.66,0,0,
06/10/2026,09:44:12:319,38.840557,-76.975367,3,-96.65,-96.65,0,0,
06/10/2026,09:44:12:370,38.840557,-76.975367,4,-120.29,-120.29,0,0,
06/10/2026,09:44:12:373,38.840557,-76.975367,1,-121.95,-121.95,0,0,
06/10/2026,09:44:12:429,38.840557,-76.975367,2,-121.22,-121.22,0,0,
06/10/2026,09:44:12:497,38.840557,-76.975367,3,-103.34,-103.34,0,0,
06/10/2026,09:44:12:551,38.840557,-76.975367,4,-120.39,-120.39,0,0,
06/10/2026,09:44:12:569,38.840557,-76.975367,1,-124.82,-124.82,0,0,
06/10/2026,09:44:12:641,38.840557,-76.975367,2,-122.89,-122.89,0,0,
06/10/2026,09:44:12:711,38.840557,-76.975367,3,-103.91,-103.91,0,0,
06/10/2026,09:44:12:765,38.840557,-76.975367,4,-118.12,-118.12,0,0,
06/10/2026,09:44:12:781,38.840557,-76.975367,1,-120.49,-120.49,0,0,
06/10/2026,09:44:12:851,38.840557,-76.975367,2,-124.24,-124.24,0,0,
06/10/2026,09:44:12:921,38.840557,-76.975367,3,-99.25,-99.25,0,0,
06/10/2026,09:44:12:973,38.840557,-76.975367,4,-122.22,-122.22,0,0,
06/10/2026,09:44:12:988,38.840557,-76.975367,1,-123.09,-123.09,0,0,
06/10/2026,09:44:13:058,38.840557,-76.975367,2,-122.7,-122.7,0,0,
06/10/2026,09:44:13:137,38.840557,-76.975367,3,-107.61,-107.61,0,0,
06/10/2026,09:44:13:188,38.840557,-76.975367,4,-122.34,-122.34,0,0,
06/10/2026,09:44:13:197,38.840557,-76.975367,1,-121.14,-121.14,0,0,
06/10/2026,09:44:13:267,38.840557,-76.975367,2,-122.54,-122.54,0,0,
06/10/2026,09:44:13:338,38.840557,-76.975367,3,-101.21,-101.21,0,0,
06/10/2026,09:44:13:391,38.840557,-76.975367,4,-119.65,-119.65,0,0,
06/10/2026,09:44:13:406,38.840557,-76.975367,1,-122.24,-122.24,0,0,
06/10/2026,09:44:13:479,38.840557,-76.975367,2,-121.96,-121.96,0,0,
06/10/2026,09:44:13:548,38.840557,-76.975367,3,-105.86,-105.86,0,0,
06/10/2026,09:44:13:601,38.840557,-76.975367,4,-122.63,-122.63,0,0,
06/10/2026,09:44:13:617,38.840557,-76.975367,1,-123.51,-123.51,0,0,
06/10/2026,09:44:13:695,38.840557,-76.975367,2,-122.05,-122.05,0,0,
06/10/2026,09:44:13:756,38.840557,-76.975367,3,-94.31,-94.31,0,0,
06/10/2026,09:44:13:808,38.840557,-76.975367,4,-120.24,-120.24,0,0,
06/10/2026,09:44:13:828,38.840557,-76.975367,1,-121.19,-121.19,0,0,
06/10/2026,09:44:13:895,38.840557,-76.975367,2,-121.66,-121.66,0,0,
06/10/2026,09:44:13:966,38.840557,-76.975367,3,-97.52,-97.52,0,0,
06/10/2026,09:44:14:056,38.840557,-76.975367,4,-120.42,-120.42,0,0,
06/10/2026,09:44:14:059,38.840557,-76.975367,1,-122.53,-122.53,0,0,
06/10/2026,09:44:14:106,38.840557,-76.975367,2,-124.34,-124.34,0,0,
06/10/2026,09:44:14:228,38.840557,-76.975367,3,-95.57,-95.57,0,0,
06/10/2026,09:44:14:244,38.840557,-76.975367,4,-118.62,-118.62,0,0,
06/10/2026,09:44:14:246,38.840557,-76.975367,1,-124.72,-124.72,0,0,
06/10/2026,09:44:14:323,38.840557,-76.975367,2,-121.95,-121.95,0,0,
06/10/2026,09:44:14:385,38.840557,-76.975367,3,-97.98,-97.98,0,0,
06/10/2026,09:44:14:458,38.840557,-76.975367,4,-117.68,-117.68,0,0,
06/10/2026,09:44:14:462,38.840557,-76.975367,1,-121.5,-121.5,0,0,
06/10/2026,09:44:14:525,38.840557,-76.975367,2,-123.58,-123.58,0,0,
06/10/2026,09:44:14:594,38.840557,-76.975367,3,-97.26,-97.26,0,0,
06/10/2026,09:44:14:652,38.840557,-76.975367,4,-120.84,-120.84,0,0,
06/10/2026,09:44:14:679,38.840557,-76.975367,1,-121.8,-121.8,0,0,
06/10/2026,09:44:14:735,38.840557,-76.975367,2,-123.39,-123.39,0,0,
06/10/2026,09:44:14:805,38.840557,-76.975367,3,-100.22,-100.22,0,0,
06/10/2026,09:44:14:856,38.840557,-76.975367,4,-119.54,-119.54,0,0,
06/10/2026,09:44:14:880,38.840557,-76.975367,1,-124.19,-124.19,0,0,
06/10/2026,09:44:14:945,38.840557,-76.975367,2,-124.06,-124.06,0,0,
06/10/2026,09:44:15:014,38.840557,-76.975367,3,-102.48,-102.48,0,0,
06/10/2026,09:44:15:071,38.840557,-76.975367,4,-121.35,-121.35,0,0,
06/10/2026,09:44:15:092,38.840557,-76.975367,1,-121.47,-121.47,0,0,
06/10/2026,09:44:15:157,38.840557,-76.975367,2,-122.03,-122.03,0,0,
06/10/2026,09:44:15:227,38.840557,-76.975367,3,-101.56,-101.56,0,0,
06/10/2026,09:44:15:281,38.840557,-76.975367,4,-120.1,-120.1,0,0,
06/10/2026,09:44:15:294,38.840557,-76.975367,1,-121.04,-121.04,0,0,
06/10/2026,09:44:15:364,38.840557,-76.975367,2,-120.21,-120.21,0,0,
06/10/2026,09:44:15:433,38.840557,-76.975367,3,-95.42,-95.42,0,0,
06/10/2026,09:44:15:493,38.840557,-76.975367,4,-118.95,-118.95,0,0,
06/10/2026,09:44:15:504,38.840557,-76.975367,1,-122.3,-122.3,0,0,
06/10/2026,09:44:15:576,38.840557,-76.975367,2,-121.18,-121.18,0,0,
06/10/2026,09:44:15:646,38.840557,-76.975367,3,-96.71,-96.71,0,0,
06/10/2026,09:44:15:700,38.840557,-76.975367,4,-119.51,-119.51,0,0,
06/10/2026,09:44:15:740,38.840557,-76.975367,1,-122,-122,0,0,
06/10/2026,09:44:15:787,38.840557,-76.975367,2,-122.88,-122.88,0,0,
06/10/2026,09:44:15:874,38.840557,-76.975367,3,-99.04,-99.04,0,0,
06/10/2026,09:44:15:925,38.840557,-76.975367,4,-122.73,-122.73,0,0,
06/10/2026,09:44:15:934,38.840557,-76.975367,1,-122.33,-122.33,0,0,
06/10/2026,09:44:16:009,38.840557,-76.975367,2,-122.85,-122.85,0,0,
06/10/2026,09:44:16:065,38.840557,-76.975367,3,-97.01,-97.01,0,0,
06/10/2026,09:44:16:142,38.840557,-76.975367,4,-125.4,-125.4,0,0,
06/10/2026,09:44:16:143,38.840557,-76.975367,1,-119.51,-119.51,0,0,
06/10/2026,09:44:16:202,38.840557,-76.975367,2,-121.69,-121.69,0,0,
06/10/2026,09:44:16:271,38.840557,-76.975367,3,-94.92,-94.92,0,0,
06/10/2026,09:44:16:326,38.840557,-76.975367,4,-119.83,-119.83,0,0,
06/10/2026,09:44:16:342,38.840557,-76.975367,1,-122.16,-122.16,0,0,
06/10/2026,09:44:16:412,38.840557,-76.975367,2,-121.43,-121.43,0,0,
06/10/2026,09:44:16:486,38.840557,-76.975367,3,-95.78,-95.78,0,0,
06/10/2026,09:44:16:534,38.840557,-76.975367,4,-122.49,-122.49,0,0,
06/10/2026,09:44:16:552,38.840557,-76.975367,1,-122.24,-122.24,0,0,
06/10/2026,09:44:16:622,38.840557,-76.975367,2,-123.15,-123.15,0,0,
06/10/2026,09:44:16:695,38.840557,-76.975367,3,-95.71,-95.71,0,0,
06/10/2026,09:44:16:743,38.840557,-76.975367,4,-123.53,-123.53,0,0,
06/10/2026,09:44:16:765,38.840557,-76.975367,1,-122.33,-122.33,0,0,
06/10/2026,09:44:16:831,38.840557,-76.975367,2,-122.08,-122.08,0,0,
06/10/2026,09:44:16:903,38.840557,-76.975367,3,-94.37,-94.37,0,0,
06/10/2026,09:44:16:953,38.840557,-76.975367,4,-120.97,-120.97,0,0,
06/10/2026,09:44:16:976,38.840557,-76.975367,1,-121.83,-121.83,0,0,
06/10/2026,09:44:17:040,38.840557,-76.975367,2,-123.79,-123.79,0,0,
06/10/2026,09:44:17:114,38.840557,-76.975367,3,-91.26,-91.26,0,0,
06/10/2026,09:44:17:163,38.840557,-76.975367,4,-120.64,-120.64,0,0,
06/10/2026,09:44:17:188,38.840557,-76.975367,1,-120.5,-120.5,0,0,
06/10/2026,09:44:17:251,38.840557,-76.975367,2,-122.42,-122.42,0,0,
06/10/2026,09:44:17:324,38.840557,-76.975367,3,-91.02,-91.02,0,0,
06/10/2026,09:44:17:372,38.840557,-76.975367,4,-121.64,-121.64,0,0,
06/10/2026,09:44:17:389,38.840557,-76.975367,1,-125.25,-125.25,0,0,
06/10/2026,09:44:17:465,38.840557,-76.975367,2,-122.67,-122.67,0,0,
06/10/2026,09:44:17:531,38.840557,-76.975367,3,-96.31,-96.31,0,0,
06/10/2026,09:44:17:586,38.840557,-76.975367,4,-119.01,-119.01,0,0,
06/10/2026,09:44:17:606,38.840557,-76.975367,1,-123.45,-123.45,0,0,
06/10/2026,09:44:17:672,38.840557,-76.975367,2,-124.1,-124.1,0,0,
06/10/2026,09:44:17:770,38.840557,-76.975367,3,-97.03,-97.03,0,0,
06/10/2026,09:44:17:844,38.840557,-76.975367,4,-120.73,-120.73,0,0,
06/10/2026,09:44:17:846,38.840557,-76.975367,1,-121.43,-121.43,0,0,
06/10/2026,09:44:17:902,38.840557,-76.975367,2,-126.01,-126.01,0,0,
06/10/2026,09:44:17:979,38.840557,-76.975367,3,-97.06,-97.06,0,0,
06/10/2026,09:44:18:034,38.840557,-76.975367,4,-120.01,-120.01,0,0,
06/10/2026,09:44:18:038,38.840557,-76.975367,1,-125.12,-125.12,0,0,
06/10/2026,09:44:18:090,38.840557,-76.975367,2,-121.14,-121.14,0,0,
06/10/2026,09:44:18:161,38.840557,-76.975367,3,-97.16,-97.16,0,0,
06/10/2026,09:44:18:210,38.840557,-76.975367,4,-120.87,-120.87,0,0,
06/10/2026,09:44:18:229,38.840557,-76.975367,1,-121.72,-121.72,0,0,
06/10/2026,09:44:18:713,38.840557,-76.975367,2,-121.18,-121.18,0,0,
06/10/2026,09:44:18:736,38.840557,-76.975367,3,-99.05,-99.05,0,0,
06/10/2026,09:44:18:758,38.840557,-76.975367,4,-118.21,-118.21,0,0,
06/10/2026,09:44:18:762,38.840557,-76.975367,1,-120.41,-120.41,0,0,
06/10/2026,09:44:18:785,38.840557,-76.975367,2,-123.18,-123.18,0,0,
06/10/2026,09:44:18:818,38.840557,-76.975367,3,-93.22,-93.22,0,0,
06/10/2026,09:44:18:829,38.840557,-76.975367,4,-118.94,-118.94,0,0,
06/10/2026,09:44:18:836,38.840557,-76.975367,1,-119.75,-119.75,0,0,
06/10/2026,09:44:18:861,38.840557,-76.975367,2,-121.81,-121.81,0,0,
06/10/2026,09:44:18:894,38.840557,-76.975367,3,-88.96,-88.96,0,0,
06/10/2026,09:44:18:909,38.840557,-76.975367,4,-118.87,-118.87,0,0,
06/10/2026,09:44:18:912,38.840557,-76.975367,1,-120.63,-120.63,0,0,
06/10/2026,09:44:18:926,38.840557,-76.975367,2,-120.9,-120.9,0,0,
06/10/2026,09:44:18:997,38.840557,-76.975367,3,-100.74,-100.74,0,0,
06/10/2026,09:44:19:050,38.840557,-76.975367,4,-121.12,-121.12,0,0,
06/10/2026,09:44:19:068,38.840557,-76.975367,1,-121.58,-121.58,0,0,
06/10/2026,09:44:19:136,38.840557,-76.975367,2,-120.49,-120.49,0,0,
06/10/2026,09:44:19:205,38.840557,-76.975367,3,-98.99,-98.99,0,0,
06/10/2026,09:44:19:268,38.840557,-76.975367,4,-119.56,-119.56,0,0,
06/10/2026,09:44:19:275,38.840557,-76.975367,1,-121.77,-121.77,0,0,
06/10/2026,09:44:19:356,38.840557,-76.975367,2,-122.19,-122.19,0,0,
06/10/2026,09:44:19:417,38.840557,-76.975367,3,-95.74,-95.74,0,0,
06/10/2026,09:44:19:493,38.840557,-76.975367,4,-122.21,-122.21,0,0,
06/10/2026,09:44:19:496,38.840557,-76.975367,1,-119.99,-119.99,0,0,
06/10/2026,09:44:19:555,38.840557,-76.975367,2,-122.53,-122.53,0,0,
06/10/2026,09:44:19:643,38.840557,-76.975367,3,-87.24,-87.24,0,0,
06/10/2026,09:44:19:684,38.840557,-76.975367,4,-119.53,-119.53,0,0,
06/10/2026,09:44:19:748,38.840557,-76.975367,1,-120.88,-120.88,0,0,
06/10/2026,09:44:19:805,38.840557,-76.975367,2,-120.75,-120.75,0,0,
06/10/2026,09:44:19:855,38.840557,-76.975367,3,-98.07,-98.07,0,0,
06/10/2026,09:44:19:887,38.840557,-76.975367,4,-120.38,-120.38,0,0,
06/10/2026,09:44:19:905,38.840557,-76.975367,1,-120.83,-120.83,0,0,
06/10/2026,09:44:19:974,38.840557,-76.975367,2,-121.15,-121.15,0,0,
06/10/2026,09:44:20:048,38.840557,-76.975367,3,-86.74,-86.74,0,0,
06/10/2026,09:44:20:107,38.840557,-76.975367,4,-119.69,-119.69,0,0,
06/10/2026,09:44:20:119,38.840557,-76.975367,1,-121.5,-121.5,0,0,
06/10/2026,09:44:20:185,38.840557,-76.975367,2,-121.61,-121.61,0,0,
06/10/2026,09:44:20:254,38.840557,-76.975367,3,-92.59,-92.59,0,0,
06/10/2026,09:44:20:313,38.840557,-76.975367,4,-121.8,-121.8,0,0,
06/10/2026,09:44:20:330,38.840557,-76.975367,1,-122.81,-122.81,0,0,
06/10/2026,09:44:20:398,38.840557,-76.975367,2,-121.2,-121.2,0,0,
06/10/2026,09:44:20:465,38.840557,-76.975367,3,-95.35,-95.35,0,0,
06/10/2026,09:44:20:520,38.840557,-76.975367,4,-119.31,-119.31,0,0,
06/10/2026,09:44:20:533,38.840557,-76.975367,1,-120.59,-120.59,0,0,
06/10/2026,09:44:20:604,38.840557,-76.975367,2,-120.34,-120.34,0,0,
06/10/2026,09:44:20:674,38.840557,-76.975367,3,-91.05,-91.05,0,0,
06/10/2026,09:44:20:734,38.840557,-76.975367,4,-120,-120,0,0,
06/10/2026,09:44:20:744,38.840557,-76.975367,1,-118.96,-118.96,0,0,
06/10/2026,09:44:20:822,38.840557,-76.975367,2,-123.48,-123.48,0,0,
06/10/2026,09:44:20:889,38.840557,-76.975367,3,-93.5,-93.5,0,0,
06/10/2026,09:44:20:939,38.840557,-76.975367,4,-121.17,-121.17,0,0,
06/10/2026,09:44:20:955,38.840557,-76.975367,1,-121.76,-121.76,0,0,
06/10/2026,09:44:21:026,38.840557,-76.975367,2,-121.49,-121.49,0,0,
06/10/2026,09:44:21:094,38.840557,-76.975367,3,-90.33,-90.33,0,0,
06/10/2026,09:44:21:150,38.840557,-76.975367,4,-120.59,-120.59,0,0,
06/10/2026,09:44:21:175,38.840557,-76.975367,1,-122.16,-122.16,0,0,
06/10/2026,09:44:21:232,38.840557,-76.975367,2,-124.16,-124.16,0,0,
06/10/2026,09:44:21:349,38.840557,-76.975367,3,-92.13,-92.13,0,0,
06/10/2026,09:44:21:359,38.840557,-76.975367,4,-120.43,-120.43,0,0,
06/10/2026,09:44:21:421,38.840557,-76.975367,1,-126.02,-126.02,0,0,
06/10/2026,09:44:21:442,38.840557,-76.975367,2,-123.26,-123.26,0,0,
06/10/2026,09:44:21:557,38.840557,-76.975367,3,-94.36,-94.36,0,0,
06/10/2026,09:44:21:573,38.840557,-76.975367,4,-120.61,-120.61,0,0,
06/10/2026,09:44:21:611,38.840557,-76.975367,1,-122.94,-122.94,0,0,
06/10/2026,09:44:21:661,38.840557,-76.975367,2,-122.05,-122.05,0,0,
06/10/2026,09:44:21:724,38.840557,-76.975367,3,-91.17,-91.17,0,0,
06/10/2026,09:44:21:775,38.840557,-76.975367,4,-120.83,-120.83,0,0,
06/10/2026,09:44:21:797,38.840557,-76.975367,1,-123.04,-123.04,0,0,
06/10/2026,09:44:21:862,38.840557,-76.975367,2,-118.83,-118.83,0,0,
06/10/2026,09:44:21:933,38.840557,-76.975367,3,-96.14,-96.14,0,0,
06/10/2026,09:44:21:986,38.840557,-76.975367,4,-122.11,-122.11,0,0,
06/10/2026,09:44:22:002,38.840557,-76.975367,1,-124,-124,0,0,
06/10/2026,09:44:22:077,38.840557,-76.975367,2,-122.02,-122.02,0,0,
06/10/2026,09:44:22:141,38.840557,-76.975367,3,-85.7,-85.7,0,0,
06/10/2026,09:44:22:208,38.840557,-76.975367,4,-120.16,-120.16,0,0,
06/10/2026,09:44:22:213,38.840557,-76.975367,1,-123.99,-123.99,0,0,
06/10/2026,09:44:22:280,38.840557,-76.975367,2,-120.94,-120.94,0,0,
06/10/2026,09:44:22:356,38.840557,-76.975367,3,-84.07,-84.07,0,0,
06/10/2026,09:44:22:404,38.840557,-76.975367,4,-120.73,-120.73,0,0,
06/10/2026,09:44:22:422,38.840557,-76.975367,1,-120.25,-120.25,0,0,
06/10/2026,09:44:22:490,38.840557,-76.975367,2,-120.83,-120.83,0,0,
06/10/2026,09:44:22:560,38.840557,-76.975367,3,-98.38,-98.38,0,0,
06/10/2026,09:44:22:614,38.840557,-76.975367,4,-118.83,-118.83,0,0,
06/10/2026,09:44:22:633,38.840557,-76.975367,1,-122.31,-122.31,0,0,
06/10/2026,09:44:22:703,38.840557,-76.975367,2,-122.07,-122.07,0,0,
06/10/2026,09:44:22:775,38.840557,-76.975367,3,-91.63,-91.63,0,0,
06/10/2026,09:44:22:825,38.840557,-76.975367,4,-123.08,-123.08,0,0,
06/10/2026,09:44:22:842,38.840557,-76.975367,1,-123.19,-123.19,0,0,
06/10/2026,09:44:22:912,38.840557,-76.975367,2,-120.45,-120.45,0,0,
06/10/2026,09:44:22:982,38.840557,-76.975367,3,-91.87,-91.87,0,0,
06/10/2026,09:44:23:033,38.840557,-76.975367,4,-118.89,-118.89,0,0,
06/10/2026,09:44:23:054,38.840557,-76.975367,1,-118.85,-118.85,0,0,
06/10/2026,09:44:23:123,38.840557,-76.975367,2,-116.89,-116.89,0,0,
06/10/2026,09:44:23:190,38.840557,-76.975367,3,-83.94,-83.94,0,0,
06/10/2026,09:44:23:242,38.840557,-76.975367,4,-122.06,-122.06,0,0,
06/10/2026,09:44:23:262,38.840557,-76.975367,1,-117.3,-117.3,0,0,
06/10/2026,09:44:23:334,38.840557,-76.975367,2,-116.21,-116.21,0,0,
06/10/2026,09:44:23:416,38.840557,-76.975367,3,-75.66,-75.66,0,0,
06/10/2026,09:44:23:489,38.840557,-76.975367,4,-119.03,-119.03,0,0,
06/10/2026,09:44:23:491,38.840557,-76.975367,1,-120.44,-120.44,0,0,
06/10/2026,09:44:23:576,38.840557,-76.975367,2,-124.19,-124.19,0,0,
06/10/2026,09:44:23:617,38.840557,-76.975367,3,-81.82,-81.82,0,0,
06/10/2026,09:44:23:694,38.840557,-76.975367,4,-119.5,-119.5,0,0,
06/10/2026,09:44:23:698,38.840557,-76.975367,1,-122.17,-122.17,0,0,
06/10/2026,09:44:23:751,38.840557,-76.975367,2,-124.39,-124.39,0,0,
06/10/2026,09:44:24:193,38.840557,-76.975367,3,-80.78,-80.78,0,0,
06/10/2026,09:44:24:210,38.840557,-76.975367,4,-121.81,-121.81,0,0,
06/10/2026,09:44:24:215,38.840557,-76.975367,1,-120.95,-120.95,0,0,
06/10/2026,09:44:24:234,38.840557,-76.975367,2,-121.73,-121.73,0,0,
06/10/2026,09:44:24:248,38.840557,-76.975367,3,-89.68,-89.68,0,0,
06/10/2026,09:44:24:263,38.840557,-76.975367,4,-120.02,-120.02,0,0,
06/10/2026,09:44:24:269,38.840557,-76.975367,1,-120.35,-120.35,0,0,
06/10/2026,09:44:24:290,38.840557,-76.975367,2,-123.16,-123.16,0,0,
06/10/2026,09:44:24:305,38.840557,-76.975367,3,-80.32,-80.32,0,0,
06/10/2026,09:44:24:324,38.840557,-76.975367,4,-120.46,-120.46,0,0,
06/10/2026,09:44:24:328,38.840557,-76.975367,1,-119.68,-119.68,0,0,
06/10/2026,09:44:24:380,38.840557,-76.975367,2,-120.53,-120.53,0,0,
06/10/2026,09:44:24:453,38.840557,-76.975367,3,-78.99,-78.99,0,0,
06/10/2026,09:44:24:502,38.840557,-76.975367,4,-116.9,-116.9,0,0,
06/10/2026,09:44:24:518,38.840557,-76.975367,1,-120.54,-120.54,0,0,
06/10/2026,09:44:24:593,38.840557,-76.975367,2,-122.56,-122.56,0,0,
06/10/2026,09:44:24:658,38.840557,-76.975367,3,-84.32,-84.32,0,0,
06/10/2026,09:44:24:717,38.840557,-76.975367,4,-118.6,-118.6,0,0,
06/10/2026,09:44:24:735,38.840557,-76.975367,1,-120.72,-120.72,0,0,
06/10/2026,09:44:24:798,38.840557,-76.975367,2,-122.29,-122.29,0,0,
06/10/2026,09:44:24:868,38.840557,-76.975367,3,-84.55,-84.55,0,0,
06/10/2026,09:44:24:920,38.840557,-76.975367,4,-118.61,-118.61,0,0,
06/10/2026,09:44:24:937,38.840557,-76.975367,1,-120.5,-120.5,0,0,
06/10/2026,09:44:25:009,38.840557,-76.975367,2,-122.66,-122.66,0,0,
06/10/2026,09:44:25:083,38.840557,-76.975367,3,-86.47,-86.47,0,0,
06/10/2026,09:44:25:130,38.840557,-76.975367,4,-118.84,-118.84,0,0,
06/10/2026,09:44:25:149,38.840557,-76.975367,1,-117.45,-117.45,0,0,
06/10/2026,09:44:25:216,38.840557,-76.975367,2,-124.02,-124.02,0,0,
06/10/2026,09:44:25:308,38.840557,-76.975367,3,-83.21,-83.21,0,0,
06/10/2026,09:44:25:350,38.840557,-76.975367,4,-121.04,-121.04,0,0,
06/10/2026,09:44:25:360,38.840557,-76.975367,1,-120.97,-120.97,0,0,
06/10/2026,09:44:25:466,38.840557,-76.975367,2,-123.44,-123.44,0,0,
06/10/2026,09:44:25:525,38.840557,-76.975367,3,-86.59,-86.59,0,0,
06/10/2026,09:44:25:560,38.840557,-76.975367,4,-119.47,-119.47,0,0,
06/10/2026,09:44:25:579,38.840557,-76.975367,1,-120.6,-120.6,0,0,
06/10/2026,09:44:25:648,38.840557,-76.975367,2,-122.46,-122.46,0,0,
06/10/2026,09:44:25:709,38.840557,-76.975367,3,-83.99,-83.99,0,0,
06/10/2026,09:44:25:759,38.840557,-76.975367,4,-116.36,-116.36,0,0,
06/10/2026,09:44:25:778,38.840557,-76.975367,1,-119.8,-119.8,0,0,
06/10/2026,09:44:25:848,38.840557,-76.975367,2,-119.2,-119.2,0,0,
06/10/2026,09:44:25:921,38.840557,-76.975367,3,-78.92,-78.92,0,0,
06/10/2026,09:44:25:979,38.840557,-76.975367,4,-118.52,-118.52,0,0,
06/10/2026,09:44:25:989,38.840557,-76.975367,1,-122.8,-122.8,0,0,
06/10/2026,09:44:26:059,38.840557,-76.975367,2,-121.25,-121.25,0,0,
06/10/2026,09:44:26:125,38.840557,-76.975367,3,-77.82,-77.82,0,0,
06/10/2026,09:44:26:177,38.840557,-76.975367,4,-120.05,-120.05,0,0,
06/10/2026,09:44:26:196,38.840557,-76.975367,1,-121.26,-121.26,0,0,
06/10/2026,09:44:26:271,38.840557,-76.975367,2,-122.77,-122.77,0,0,
06/10/2026,09:44:26:339,38.840557,-76.975367,3,-75.99,-75.99,0,0,
06/10/2026,09:44:26:388,38.840557,-76.975367,4,-117.81,-117.81,0,0,
06/10/2026,09:44:26:413,38.840557,-76.975367,1,-122.05,-122.05,0,0,
06/10/2026,09:44:26:486,38.840557,-76.975367,2,-122.61,-122.61,0,0,
06/10/2026,09:44:26:552,38.840557,-76.975367,3,-87.92,-87.92,0,0,
06/10/2026,09:44:26:602,38.840557,-76.975367,4,-117.89,-117.89,0,0,
06/10/2026,09:44:26:618,38.840557,-76.975367,1,-121.55,-121.55,0,0,
06/10/2026,09:44:26:688,38.840557,-76.975367,2,-121.47,-121.47,0,0,
06/10/2026,09:44:26:757,38.840557,-76.975367,3,-85.25,-85.25,0,0,
06/10/2026,09:44:26:818,38.840557,-76.975367,4,-118.57,-118.57,0,0,
06/10/2026,09:44:26:831,38.840557,-76.975367,1,-120.43,-120.43,0,0,
06/10/2026,09:44:26:899,38.840557,-76.975367,2,-122.17,-122.17,0,0,
06/10/2026,09:44:26:965,38.840557,-76.975367,3,-86.59,-86.59,0,0,
06/10/2026,09:44:27:025,38.840557,-76.975367,4,-120.6,-120.6,0,0,
06/10/2026,09:44:27:032,38.840557,-76.975367,1,-122.18,-122.18,0,0,
06/10/2026,09:44:27:196,38.840557,-76.975367,2,-121.32,-121.32,0,0,
06/10/2026,09:44:27:212,38.840557,-76.975367,3,-85.77,-85.77,0,0,
06/10/2026,09:44:27:250,38.840557,-76.975367,4,-118.53,-118.53,0,0,
06/10/2026,09:44:27:253,38.840557,-76.975367,1,-116.96,-116.96,0,0,
06/10/2026,09:44:27:405,38.840557,-76.975367,2,-116.89,-116.89,0,0,
06/10/2026,09:44:27:429,38.840557,-76.975367,3,-84,-84,0,0,
06/10/2026,09:44:27:453,38.840557,-76.975367,4,-118.11,-118.11,0,0,
06/10/2026,09:44:27:457,38.840557,-76.975367,1,-118.52,-118.52,0,0,
06/10/2026,09:44:27:522,38.840557,-76.975367,2,-121.11,-121.11,0,0,
06/10/2026,09:44:27:598,38.840557,-76.975367,3,-82.76,-82.76,0,0,
06/10/2026,09:44:27:648,38.840557,-76.975367,4,-117.86,-117.86,0,0,
06/10/2026,09:44:27:675,38.840557,-76.975367,1,-115.26,-115.26,0,0,
06/10/2026,09:44:27:732,38.840557,-76.975367,2,-120.9,-120.9,0,0,
06/10/2026,09:44:27:802,38.840557,-76.975367,3,-78.12,-78.12,0,0,
06/10/2026,09:44:27:863,38.840557,-76.975367,4,-115.31,-115.31,0,0,
06/10/2026,09:44:27:876,38.840557,-76.975367,1,-118.88,-118.88,0,0,
06/10/2026,09:44:27:945,38.840557,-76.975367,2,-114.7,-114.7,0,0,
06/10/2026,09:44:28:013,38.840557,-76.975367,3,-74.25,-74.25,0,0,
06/10/2026,09:44:28:064,38.840557,-76.975367,4,-114.32,-114.32,0,0,
06/10/2026,09:44:28:084,38.840557,-76.975367,1,-118.29,-118.29,0,0,
06/10/2026,09:44:28:153,38.840557,-76.975367,2,-114.74,-114.74,0,0,
06/10/2026,09:44:28:224,38.840557,-76.975367,3,-72.22,-72.22,0,0,
06/10/2026,09:44:28:275,38.840557,-76.975367,4,-118.94,-118.94,0,0,
06/10/2026,09:44:28:293,38.840557,-76.975367,1,-119.41,-119.41,0,0,
06/10/2026,09:44:28:362,38.840557,-76.975367,2,-121.08,-121.08,0,0,
06/10/2026,09:44:28:440,38.840557,-76.975367,3,-74.41,-74.41,0,0,
06/10/2026,09:44:28:483,38.840557,-76.975367,4,-115.37,-115.37,0,0,
06/10/2026,09:44:28:507,38.840557,-76.975367,1,-113.87,-113.87,0,0,
06/10/2026,09:44:28:572,38.840557,-76.975367,2,-109.73,-109.73,0,0,
06/10/2026,09:44:28:646,38.840557,-76.975367,3,-76.01,-76.01,0,0,
06/10/2026,09:44:28:738,38.840557,-76.975367,4,-119.51,-119.51,0,0,
06/10/2026,09:44:28:741,38.840557,-76.975367,1,-115.76,-115.76,0,0,
06/10/2026,09:44:28:815,38.840557,-76.975367,2,-115.86,-115.86,0,0,
06/10/2026,09:44:28:872,38.840557,-76.975367,3,-72.36,-72.36,0,0,
06/10/2026,09:44:28:925,38.840557,-76.975367,4,-116.44,-116.44,0,0,
06/10/2026,09:44:28:928,38.840557,-76.975367,1,-117.06,-117.06,0,0,
06/10/2026,09:44:29:050,38.840557,-76.975367,2,-108.21,-108.21,0,0,
06/10/2026,09:44:29:066,38.840557,-76.975367,3,-78.26,-78.26,0,0,
06/10/2026,09:44:29:123,38.840557,-76.975367,4,-113.95,-113.95,0,0,
06/10/2026,09:44:29:131,38.840557,-76.975367,1,-111.03,-111.03,0,0,
06/10/2026,09:44:29:202,38.840557,-76.975367,2,-101.51,-101.51,0,0,
06/10/2026,09:44:29:649,38.840557,-76.975367,3,-71.12,-71.12,0,0,
06/10/2026,09:44:29:662,38.840557,-76.975367,4,-115.21,-115.21,0,0,
06/10/2026,09:44:29:664,38.840557,-76.975367,1,-118.23,-118.23,0,0,
06/10/2026,09:44:29:688,38.840557,-76.975367,2,-114.02,-114.02,0,0,
06/10/2026,09:44:29:723,38.840557,-76.975367,3,-61.98,-61.98,0,0,
06/10/2026,09:44:29:744,38.840557,-76.975367,4,-109.94,-109.94,0,0,
06/10/2026,09:44:29:751,38.840557,-76.975367,1,-105.98,-105.98,0,0,
06/10/2026,09:44:29:770,38.840557,-76.975367,2,-114.3,-114.3,0,0,
06/10/2026,09:44:29:837,38.840557,-76.975367,3,-62.66,-62.66,0,0,
06/10/2026,09:44:29:848,38.840557,-76.975367,4,-112.48,-112.48,0,0,
06/10/2026,09:44:29:852,38.840557,-76.975367,1,-108.05,-108.05,0,0,
06/10/2026,09:44:29:902,38.840557,-76.975367,2,-105.94,-105.94,0,0,
06/10/2026,09:44:29:921,38.840557,-76.975367,3,-72.79,-72.79,0,0,
06/10/2026,09:44:29:954,38.840557,-76.975367,4,-112.94,-112.94,0,0,
06/10/2026,09:44:29:974,38.840557,-76.975367,1,-101.2,-101.2,0,0,
06/10/2026,09:44:30:039,38.840557,-76.975367,2,-112.62,-112.62,0,0,
06/10/2026,09:44:30:113,38.840557,-76.975367,3,-68.93,-68.93,0,0,
06/10/2026,09:44:30:162,38.840557,-76.975367,4,-114.09,-114.09,0,0,
06/10/2026,09:44:30:181,38.840557,-76.975367,1,-116.98,-116.98,0,0,
06/10/2026,09:44:30:250,38.840557,-76.975367,2,-115.82,-115.82,0,0,
06/10/2026,09:44:30:321,38.840557,-76.975367,3,-76.83,-76.83,0,0,
06/10/2026,09:44:30:372,38.840557,-76.975367,4,-112.04,-112.04,0,0,
06/10/2026,09:44:30:389,38.840557,-76.975367,1,-118.61,-118.61,0,0,
06/10/2026,09:44:30:458,38.840557,-76.975367,2,-111.74,-111.74,0,0,
06/10/2026,09:44:30:528,38.840557,-76.975367,3,-58.87,-58.87,0,0,
06/10/2026,09:44:30:581,38.840557,-76.975367,4,-98.16,-98.16,0,0,
06/10/2026,09:44:30:600,38.840557,-76.975367,1,-105.27,-105.27,0,0,
06/10/2026,09:44:30:675,38.840557,-76.975367,2,-103.51,-103.51,0,0,
06/10/2026,09:44:30:738,38.840557,-76.975367,3,-57.26,-57.26,0,0,
06/10/2026,09:44:30:828,38.840557,-76.975367,4,-104.56,-104.56,0,0,
06/10/2026,09:44:30:834,38.840557,-76.975367,1,-99.32,-99.32,0,0,
06/10/2026,09:44:30:924,38.840557,-76.975367,2,-91.33,-91.33,0,0,
06/10/2026,09:44:30:968,38.840557,-76.975367,3,-42.55,-42.55,0,0,
06/10/2026,09:44:31:021,38.840557,-76.975367,4,-92.05,-92.05,0,0,
06/10/2026,09:44:31:025,38.840557,-76.975367,1,-90.38,-90.38,0,0,
06/10/2026,09:44:31:176,38.840557,-76.975367,2,-101.23,-101.23,0,0,
06/10/2026,09:44:31:197,38.840557,-76.975367,3,-58.54,-58.54,0,0,
06/10/2026,09:44:31:213,38.840557,-76.975367,4,-102.46,-102.46,0,0,
06/10/2026,09:44:31:233,38.840557,-76.975367,1,-103.47,-103.47,0,0,
06/10/2026,09:44:31:298,38.840557,-76.975367,2,-111.16,-111.16,0,0,
06/10/2026,09:44:31:368,38.840557,-76.975367,3,-76.06,-76.06,0,0,
06/10/2026,09:44:31:424,38.840557,-76.975367,4,-113.91,-113.91,0,0,
06/10/2026,09:44:31:436,38.840557,-76.975367,1,-102.32,-102.32,0,0,
06/10/2026,09:44:31:507,38.840557,-76.975367,2,-108.09,-108.09,0,0,
06/10/2026,09:44:31:580,38.840557,-76.975367,3,-66.94,-66.94,0,0,
06/10/2026,09:44:31:642,38.840557,-76.975367,4,-114.19,-114.19,0,0,
06/10/2026,09:44:31:648,38.840557,-76.975367,1,-106.34,-106.34,0,0,
06/10/2026,09:44:31:718,38.840557,-76.975367,2,-116.95,-116.95,0,0,
06/10/2026,09:44:31:787,38.840557,-76.975367,3,-70.43,-70.43,0,0,
06/10/2026,09:44:31:840,38.840557,-76.975367,4,-116.32,-116.32,0,0,
06/10/2026,09:44:31:856,38.840557,-76.975367,1,-118.09,-118.09,0,0,
06/10/2026,09:44:31:926,38.840557,-76.975367,2,-119.56,-119.56,0,0,
06/10/2026,09:44:32:000,38.840557,-76.975367,3,-71.81,-71.81,0,0,
06/10/2026,09:44:32:051,38.840557,-76.975367,4,-119.29,-119.29,0,0,
06/10/2026,09:44:32:071,38.840557,-76.975367,1,-121.65,-121.65,0,0,
06/10/2026,09:44:32:137,38.840557,-76.975367,2,-116.79,-116.79,0,0,
06/10/2026,09:44:32:215,38.840557,-76.975367,3,-91.12,-91.12,0,0,
06/10/2026,09:44:32:257,38.840557,-76.975367,4,-115.99,-115.99,0,0,
06/10/2026,09:44:32:278,38.840557,-76.975367,1,-121.11,-121.11,0,0,
06/10/2026,09:44:32:347,38.840557,-76.975367,2,-117.24,-117.24,0,0,
06/10/2026,09:44:32:423,38.840557,-76.975367,3,-74.2,-74.2,0,0,
06/10/2026,09:44:32:469,38.840557,-76.975367,4,-119.54,-119.54,0,0,
06/10/2026,09:44:32:488,38.840557,-76.975367,1,-118.37,-118.37,0,0,
06/10/2026,09:44:32:563,38.840557,-76.975367,2,-107.87,-107.87,0,0,
06/10/2026,09:44:32:673,38.840557,-76.975367,3,-64.67,-64.67,0,0,
06/10/2026,09:44:32:685,38.840557,-76.975367,4,-115.93,-115.93,0,0,
06/10/2026,09:44:32:797,38.840557,-76.975367,1,-107.46,-107.46,0,0,
06/10/2026,09:44:32:849,38.840557,-76.975367,2,-104.16,-104.16,0,0,
06/10/2026,09:44:32:866,38.840557,-76.975367,3,-60.81,-60.81,0,0,
06/10/2026,09:44:32:980,38.840557,-76.975367,4,-108.29,-108.29,0,0,
06/10/2026,09:44:32:987,38.840557,-76.975367,1,-109.04,-109.04,0,0,
06/10/2026,09:44:33:006,38.840557,-76.975367,2,-101.87,-101.87,0,0,
06/10/2026,09:44:33:052,38.840557,-76.975367,3,-60.78,-60.78,0,0,
06/10/2026,09:44:33:100,38.840557,-76.975367,4,-108.21,-108.21,0,0,
06/10/2026,09:44:33:116,38.840557,-76.975367,1,-101.39,-101.39,0,0,
06/10/2026,09:44:33:184,38.840557,-76.975367,2,-105.26,-105.26,0,0,
06/10/2026,09:44:33:270,38.840557,-76.975367,3,-61.17,-61.17,0,0,
06/10/2026,09:44:33:332,38.840557,-76.975367,4,-108.35,-108.35,0,0,
06/10/2026,09:44:33:334,38.840557,-76.975367,1,-117.66,-117.66,0,0,
06/10/2026,09:44:33:404,38.840557,-76.975367,2,-99.97,-99.97,0,0,
06/10/2026,09:44:33:464,38.840557,-76.975367,3,-60.72,-60.72,0,0,
06/10/2026,09:44:33:516,38.840557,-76.975367,4,-118.44,-118.44,0,0,
06/10/2026,09:44:33:542,38.840557,-76.975367,1,-106.99,-106.99,0,0,
06/10/2026,09:44:33:608,38.840557,-76.975367,2,-116.46,-116.46,0,0,
06/10/2026,09:44:33:689,38.840557,-76.975367,3,-64.5,-64.5,0,0,
06/10/2026,09:44:33:728,38.840557,-76.975367,4,-112.15,-112.15,0,0,
06/10/2026,09:44:33:749,38.840557,-76.975367,1,-111.16,-111.16,0,0,
06/10/2026,09:44:33:825,38.840557,-76.975367,2,-107.74,-107.74,0,0,
06/10/2026,09:44:33:885,38.840557,-76.975367,3,-68.72,-68.72,0,0,
06/10/2026,09:44:33:939,38.840557,-76.975367,4,-118.73,-118.73,0,0,
06/10/2026,09:44:33:960,38.840557,-76.975367,1,-111.19,-111.19,0,0,
06/10/2026,09:44:34:026,38.840557,-76.975367,2,-107.27,-107.27,0,0,
06/10/2026,09:44:34:094,38.840557,-76.975367,3,-65.46,-65.46,0,0,
06/10/2026,09:44:34:146,38.840557,-76.975367,4,-111.59,-111.59,0,0,
06/10/2026,09:44:34:164,38.840557,-76.975367,1,-113.47,-113.47,0,0,
06/10/2026,09:44:34:232,38.840557,-76.975367,2,-103.48,-103.48,0,0,
06/10/2026,09:44:34:304,38.840557,-76.975367,3,-74.79,-74.79,0,0,
06/10/2026,09:44:34:424,38.840557,-76.975367,4,-113.86,-113.86,0,0,
06/10/2026,09:44:34:426,38.840557,-76.975367,1,-119.69,-119.69,0,0,
06/10/2026,09:44:34:475,38.840557,-76.975367,2,-110.55,-110.55,0,0,
06/10/2026,09:44:34:559,38.840557,-76.975367,3,-77.69,-77.69,0,0,
06/10/2026,09:44:34:571,38.840557,-76.975367,4,-115.86,-115.86,0,0,
06/10/2026,09:44:34:632,38.840557,-76.975367,1,-111.46,-111.46,0,0,
06/10/2026,09:44:34:656,38.840557,-76.975367,2,-110.13,-110.13,0,0,
06/10/2026,09:44:34:722,38.840557,-76.975367,3,-69.62,-69.62,0,0,
06/10/2026,09:44:34:776,38.840557,-76.975367,4,-118.12,-118.12,0,0,
06/10/2026,09:44:34:796,38.840557,-76.975367,1,-111.25,-111.25,0,0,
06/10/2026,09:44:34:861,38.840557,-76.975367,2,-112.92,-112.92,0,0,
06/10/2026,09:44:34:951,38.840557,-76.975367,3,-68.21,-68.21,0,0,
06/10/2026,09:44:34:986,38.840557,-76.975367,4,-115.45,-115.45,0,0,
06/10/2026,09:44:35:004,38.840557,-76.975367,1,-113.47,-113.47,0,0,
06/10/2026,09:44:35:075,38.840557,-76.975367,2,-110.9,-110.9,0,0,
06/10/2026,09:44:35:143,38.840557,-76.975367,3,-78.87,-78.87,0,0,
06/10/2026,09:44:35:195,38.840557,-76.975367,4,-117.36,-117.36,0,0,
06/10/2026,09:44:35:214,38.840557,-76.975367,1,-116.69,-116.69,0,0,
06/10/2026,09:44:35:283,38.840557,-76.975367,2,-118.3,-118.3,0,0,
06/10/2026,09:44:35:351,38.840557,-76.975367,3,-85.36,-85.36,0,0,
06/10/2026,09:44:35:406,38.840557,-76.975367,4,-118.69,-118.69,0,0,
06/10/2026,09:44:35:426,38.840557,-76.975367,1,-115.07,-115.07,0,0,
06/10/2026,09:44:35:491,38.840557,-76.975367,2,-112.56,-112.56,0,0,
06/10/2026,09:44:35:562,38.840557,-76.975367,3,-73.53,-73.53,0,0,
06/10/2026,09:44:35:618,38.840557,-76.975367,4,-117.12,-117.12,0,0,
06/10/2026,09:44:35:631,38.840557,-76.975367,1,-120.25,-120.25,0,0,
06/10/2026,09:44:35:701,38.840557,-76.975367,2,-115.31,-115.31,0,0,
06/10/2026,09:44:35:775,38.840557,-76.975367,3,-77.53,-77.53,0,0,
06/10/2026,09:44:35:839,38.840557,-76.975367,4,-117.47,-117.47,0,0,
06/10/2026,09:44:35:846,38.840557,-76.975367,1,-117.92,-117.92,0,0,
06/10/2026,09:44:35:934,38.840557,-76.975367,2,-116.54,-116.54,0,0,
06/10/2026,09:44:35:985,38.840557,-76.975367,3,-79.88,-79.88,0,0,
06/10/2026,09:44:36:032,38.840557,-76.975367,4,-119,-119,0,0,
06/10/2026,09:44:36:057,38.840557,-76.975367,1,-114.86,-114.86,0,0,
06/10/2026,09:44:36:120,38.840557,-76.975367,2,-117.01,-117.01,0,0,
06/10/2026,09:44:36:218,38.840557,-76.975367,3,-85.06,-85.06,0,0,
06/10/2026,09:44:36:242,38.840557,-76.975367,4,-118.03,-118.03,0,0,
06/10/2026,09:44:36:262,38.840557,-76.975367,1,-113.44,-113.44,0,0,
06/10/2026,09:44:36:332,38.840557,-76.975367,2,-110.27,-110.27,0,0,
06/10/2026,09:44:36:417,38.840557,-76.975367,3,-69.12,-69.12,0,0,
06/10/2026,09:44:36:469,38.840557,-76.975367,4,-119.96,-119.96,0,0,
06/10/2026,09:44:36:478,38.840557,-76.975367,1,-119.54,-119.54,0,0,
06/10/2026,09:44:36:555,38.840557,-76.975367,2,-115.37,-115.37,0,0,
06/10/2026,09:44:36:662,38.840557,-76.975367,3,-73.84,-73.84,0,0,
06/10/2026,09:44:36:711,38.840557,-76.975367,4,-119.95,-119.95,0,0,
06/10/2026,09:44:36:726,38.840557,-76.975367,1,-121.25,-121.25,0,0,
06/10/2026,09:44:36:766,38.840557,-76.975367,2,-121.22,-121.22,0,0,
06/10/2026,09:44:36:823,38.840557,-76.975367,3,-78.43,-78.43,0,0,
06/10/2026,09:44:36:871,38.840557,-76.975367,4,-118.78,-118.78,0,0,
06/10/2026,09:44:36:890,38.840557,-76.975367,1,-122.42,-122.42,0,0,
06/10/2026,09:44:36:959,38.840557,-76.975367,2,-116.25,-116.25,0,0,
06/10/2026,09:44:37:029,38.840557,-76.975367,3,-77.2,-77.2,0,0,
06/10/2026,09:44:37:081,38.840557,-76.975367,4,-118.16,-118.16,0,0,
06/10/2026,09:44:37:101,38.840557,-76.975367,1,-117.27,-117.27,0,0,
06/10/2026,09:44:37:173,38.840557,-76.975367,2,-116.01,-116.01,0,0,
06/10/2026,09:44:37:240,38.840557,-76.975367,3,-73.32,-73.32,0,0,
06/10/2026,09:44:37:290,38.840557,-76.975367,4,-117,-117,0,0,
06/10/2026,09:44:37:313,38.840557,-76.975367,1,-120.2,-120.2,0,0,
06/10/2026,09:44:37:378,38.840557,-76.975367,2,-117.42,-117.42,0,0,
06/10/2026,09:44:37:452,38.840557,-76.975367,3,-80.92,-80.92,0,0,
06/10/2026,09:44:37:503,38.840557,-76.975367,4,-119.2,-119.2,0,0,
06/10/2026,09:44:37:519,38.840557,-76.975367,1,-118.54,-118.54,0,0,
06/10/2026,09:44:37:587,38.840557,-76.975367,2,-118.9,-118.9,0,0,
06/10/2026,09:44:37:657,38.840557,-76.975367,3,-78.23,-78.23,0,0,
06/10/2026,09:44:37:712,38.840557,-76.975367,4,-121.08,-121.08,0,0,
06/10/2026,09:44:37:726,38.840557,-76.975367,1,-117.3,-117.3,0,0,
06/10/2026,09:44:37:805,38.840557,-76.975367,2,-118.94,-118.94,0,0,
06/10/2026,09:44:37:871,38.840557,-76.975367,3,-76.44,-76.44,0,0,
06/10/2026,09:44:37:941,38.840557,-76.975367,4,-117.62,-117.62,0,0,
06/10/2026,09:44:37:959,38.840557,-76.975367,1,-122.63,-122.63,0,0,
06/10/2026,09:44:38:010,38.840557,-76.975367,2,-120.37,-120.37,0,0,
06/10/2026,09:44:38:077,38.840557,-76.975367,3,-78.77,-78.77,0,0,
06/10/2026,09:44:38:143,38.840557,-76.975367,4,-120.89,-120.89,0,0,
06/10/2026,09:44:38:186,38.840557,-76.975367,1,-121.87,-121.87,0,0,
06/10/2026,09:44:38:259,38.840557,-76.975367,2,-121.85,-121.85,0,0,
