Date,Time,Latitude,Longitude,Channel,RSSI,Adjusted Value,Antenna Gain,Cable Loss
06/10/2026,09:59:41:967,38.978498,-76.928127,1,-120.03,-120.03,0,0,
06/10/2026,09:59:42:015,38.978498,-76.928127,2,-121.6,-121.6,0,0,
06/10/2026,09:59:42:068,38.978498,-76.928127,3,-121.06,-121.06,0,0,
06/10/2026,09:59:42:091,38.978498,-76.928127,1,-119.62,-119.62,0,0,
06/10/2026,09:59:42:120,38.978498,-76.928127,4,-80.24,-80.24,0,0,
06/10/2026,09:59:42:157,38.978498,-76.928127,2,-121.07,-121.07,0,0,
06/10/2026,09:59:42:243,38.978498,-76.928127,3,-120.21,-120.21,0,0,
06/10/2026,09:59:42:257,38.978498,-76.928127,1,-120.38,-120.38,0,0,
06/10/2026,09:59:42:313,38.978499,-76.928127,4,-82.81,-82.81,0,0,
06/10/2026,09:59:42:365,38.978500,-76.928127,2,-120.64,-120.64,0,0,
06/10/2026,09:59:42:464,38.978501,-76.928127,3,-120.08,-120.08,0,0,
06/10/2026,09:59:42:469,38.978502,-76.928127,1,-119.91,-119.91,0,0,
06/10/2026,09:59:42:529,38.978503,-76.928127,4,-83.58,-83.58,0,0,
06/10/2026,09:59:42:575,38.978504,-76.928127,2,-120.21,-120.21,0,0,
06/10/2026,09:59:42:663,38.978505,-76.928127,3,-120.99,-120.99,0,0,
06/10/2026,09:59:42:680,38.978506,-76.928127,1,-122.59,-122.59,0,0,
06/10/2026,09:59:42:733,38.978507,-76.928127,4,-80.04,-80.04,0,0,
06/10/2026,09:59:42:785,38.978507,-76.928127,2,-121.33,-121.33,0,0,
06/10/2026,09:59:42:875,38.978508,-76.928127,3,-121.16,-121.16,0,0,
06/10/2026,09:59:42:891,38.978509,-76.928127,1,-120.16,-120.16,0,0,
06/10/2026,09:59:42:943,38.978510,-76.928127,4,-79.33,-79.33,0,0,
06/10/2026,09:59:43:000,38.978511,-76.928127,2,-120.93,-120.93,0,0,
06/10/2026,09:59:43:087,38.978511,-76.928127,3,-123.12,-123.12,0,0,
06/10/2026,09:59:43:102,38.978512,-76.928127,1,-121.44,-121.44,0,0,
06/10/2026,09:59:43:155,38.978513,-76.928127,4,-84.77,-84.77,0,0,
06/10/2026,09:59:43:234,38.978514,-76.928127,2,-120.23,-120.23,0,0,
06/10/2026,09:59:43:327,38.978514,-76.928127,3,-121.38,-121.38,0,0,
06/10/2026,09:59:43:338,38.978515,-76.928127,1,-120.11,-120.11,0,0,
06/10/2026,09:59:43:379,38.978516,-76.928127,4,-81.68,-81.68,0,0,
06/10/2026,09:59:43:450,38.978517,-76.928127,2,-122.46,-122.46,0,0,
06/10/2026,09:59:43:516,38.978517,-76.928127,3,-118.84,-118.84,0,0,
06/10/2026,09:59:43:529,38.978518,-76.928127,1,-121.08,-121.08,0,0,
06/10/2026,09:59:43:576,38.978519,-76.928127,4,-81.38,-81.38,0,0,
06/10/2026,09:59:43:630,38.978520,-76.928127,2,-118.65,-118.65,0,0,
06/10/2026,09:59:43:744,38.978520,-76.928127,3,-120.48,-120.48,0,0,
06/10/2026,09:59:43:748,38.978522,-76.928126,1,-119.93,-119.93,0,0,
06/10/2026,09:59:43:789,38.978523,-76.928125,4,-80.44,-80.44,0,0,
06/10/2026,09:59:43:841,38.978525,-76.928124,2,-121.74,-121.74,0,0,
06/10/2026,09:59:43:928,38.978526,-76.928124,3,-119.5,-119.5,0,0,
06/10/2026,09:59:43:947,38.978528,-76.928123,1,-118.34,-118.34,0,0,
06/10/2026,09:59:44:003,38.978529,-76.928122,4,-85.75,-85.75,0,0,
06/10/2026,09:59:44:053,38.978531,-76.928121,2,-121.33,-121.33,0,0,
06/10/2026,09:59:44:138,38.978532,-76.928120,3,-122.26,-122.26,0,0,
06/10/2026,09:59:44:157,38.978534,-76.928119,1,-120.03,-120.03,0,0,
06/10/2026,09:59:44:208,38.978535,-76.928118,4,-85.45,-85.45,0,0,
06/10/2026,09:59:44:263,38.978536,-76.928117,2,-120.94,-120.94,0,0,
06/10/2026,09:59:44:350,38.978538,-76.928116,3,-120.29,-120.29,0,0,
06/10/2026,09:59:44:370,38.978539,-76.928115,1,-121.11,-121.11,0,0,
06/10/2026,09:59:44:426,38.978541,-76.928114,4,-82.53,-82.53,0,0,
06/10/2026,09:59:44:475,38.978542,-76.928113,2,-118.66,-118.66,0,0,
06/10/2026,09:59:44:561,38.978544,-76.928112,3,-120.53,-120.53,0,0,
06/10/2026,09:59:44:580,38.978545,-76.928111,1,-119.51,-119.51,0,0,
06/10/2026,09:59:44:632,38.978547,-76.928110,4,-92.58,-92.58,0,0,
06/10/2026,09:59:44:685,38.978548,-76.928109,2,-120.56,-120.56,0,0,
06/10/2026,09:59:44:772,38.978550,-76.928109,3,-122.41,-122.41,0,0,
06/10/2026,09:59:44:793,38.978553,-76.928108,1,-119.6,-119.6,0,0,
06/10/2026,09:59:44:845,38.978555,-76.928108,4,-83.18,-83.18,0,0,
06/10/2026,09:59:44:901,38.978557,-76.928107,2,-119.15,-119.15,0,0,
06/10/2026,09:59:44:986,38.978559,-76.928107,3,-118.55,-118.55,0,0,
06/10/2026,09:59:45:015,38.978562,-76.928106,1,-119.06,-119.06,0,0,
06/10/2026,09:59:45:053,38.978564,-76.928106,4,-77.09,-77.09,0,0,
06/10/2026,09:59:45:118,38.978566,-76.928105,2,-121.04,-121.04,0,0,
06/10/2026,09:59:45:205,38.978569,-76.928105,3,-120.2,-120.2,0,0,
06/10/2026,09:59:45:211,38.978571,-76.928104,1,-118.12,-118.12,0,0,
06/10/2026,09:59:45:289,38.978573,-76.928104,4,-83.72,-83.72,0,0,
06/10/2026,09:59:45:344,38.978575,-76.928104,2,-120.88,-120.88,0,0,
06/10/2026,09:59:45:418,38.978578,-76.928103,3,-121.25,-121.25,0,0,
06/10/2026,09:59:45:421,38.978580,-76.928103,1,-121.03,-121.03,0,0,
06/10/2026,09:59:45:476,38.978582,-76.928102,4,-85.26,-85.26,0,0,
06/10/2026,09:59:45:530,38.978585,-76.928102,2,-120.56,-120.56,0,0,
06/10/2026,09:59:45:616,38.978587,-76.928101,3,-120.93,-120.93,0,0,
06/10/2026,09:59:45:633,38.978589,-76.928101,1,-121.26,-121.26,0,0,
06/10/2026,09:59:45:687,38.978592,-76.928100,4,-92.01,-92.01,0,0,
06/10/2026,09:59:45:738,38.978594,-76.928100,2,-119.47,-119.47,0,0,
06/10/2026,09:59:45:826,38.978597,-76.928099,3,-122.06,-122.06,0,0,
06/10/2026,09:59:45:846,38.978600,-76.928098,1,-121.75,-121.75,0,0,
06/10/2026,09:59:45:896,38.978604,-76.928097,4,-83.23,-83.23,0,0,
06/10/2026,09:59:45:952,38.978607,-76.928096,2,-122.31,-122.31,0,0,
06/10/2026,09:59:46:038,38.978610,-76.928094,3,-119.97,-119.97,0,0,
06/10/2026,09:59:46:055,38.978613,-76.928093,1,-121.03,-121.03,0,0,
06/10/2026,09:59:46:107,38.978616,-76.928092,4,-83.37,-83.37,0,0,
06/10/2026,09:59:46:161,38.978620,-76.928091,2,-122.34,-122.34,0,0,
06/10/2026,09:59:46:260,38.978623,-76.928090,3,-120.57,-120.57,0,0,
06/10/2026,09:59:46:266,38.978626,-76.928089,1,-118.21,-118.21,0,0,
06/10/2026,09:59:46:317,38.978629,-76.928088,4,-86.86,-86.86,0,0,
06/10/2026,09:59:46:373,38.978633,-76.928087,2,-121.35,-121.35,0,0,
06/10/2026,09:59:46:461,38.978636,-76.928086,3,-120.37,-120.37,0,0,
06/10/2026,09:59:46:475,38.978639,-76.928085,1,-119.6,-119.6,0,0,
06/10/2026,09:59:46:531,38.978642,-76.928084,4,-87.6,-87.6,0,0,
06/10/2026,09:59:46:581,38.978646,-76.928083,2,-120.55,-120.55,0,0,
06/10/2026,09:59:46:671,38.978649,-76.928082,3,-122.25,-122.25,0,0,
06/10/2026,09:59:46:687,38.978652,-76.928081,1,-121.65,-121.65,0,0,
06/10/2026,09:59:46:739,38.978655,-76.928080,4,-81.46,-81.46,0,0,
06/10/2026,09:59:46:796,38.978658,-76.928079,2,-120.12,-120.12,0,0,
06/10/2026,09:59:46:885,38.978662,-76.928078,3,-121.64,-121.64,0,0,
06/10/2026,09:59:46:898,38.978665,-76.928077,1,-119.89,-119.89,0,0,
06/10/2026,09:59:46:950,38.978668,-76.928076,4,-96.61,-96.61,0,0,
06/10/2026,09:59:47:064,38.978671,-76.928075,2,-121.13,-121.13,0,0,
06/10/2026,09:59:47:150,38.978674,-76.928074,3,-120.79,-120.79,0,0,
06/10/2026,09:59:47:157,38.978678,-76.928073,1,-120.24,-120.24,0,0,
06/10/2026,09:59:47:336,38.978681,-76.928072,4,-86.9,-86.9,0,0,
06/10/2026,09:59:47:343,38.978684,-76.928071,2,-119.7,-119.7,0,0,
06/10/2026,09:59:47:367,38.978687,-76.928071,3,-121.59,-121.59,0,0,
06/10/2026,09:59:47:371,38.978691,-76.928070,1,-119.65,-119.65,0,0,
06/10/2026,09:59:47:382,38.978694,-76.928069,4,-92.8,-92.8,0,0,
06/10/2026,09:59:47:425,38.978697,-76.928068,2,-121.34,-121.34,0,0,
06/10/2026,09:59:47:519,38.978700,-76.928067,3,-123.65,-123.65,0,0,
06/10/2026,09:59:47:531,38.978703,-76.928066,1,-121.76,-121.76,0,0,
06/10/2026,09:59:47:583,38.978707,-76.928065,4,-88.14,-88.14,0,0,
06/10/2026,09:59:47:648,38.978710,-76.928064,2,-121.27,-121.27,0,0,
06/10/2026,09:59:47:724,38.978713,-76.928063,3,-119.82,-119.82,0,0,
06/10/2026,09:59:47:743,38.978717,-76.928062,1,-120.18,-120.18,0,0,
06/10/2026,09:59:47:794,38.978721,-76.928061,4,-89.35,-89.35,0,0,
06/10/2026,09:59:47:848,38.978725,-76.928060,2,-119.79,-119.79,0,0,
06/10/2026,09:59:47:935,38.978729,-76.928060,3,-120.83,-120.83,0,0,
06/10/2026,09:59:47:957,38.978732,-76.928059,1,-120.5,-120.5,0,0,
06/10/2026,09:59:48:004,38.978736,-76.928058,4,-99.79,-99.79,0,0,
06/10/2026,09:59:48:059,38.978740,-76.928057,2,-119.62,-119.62,0,0,
06/10/2026,09:59:48:147,38.978744,-76.928056,3,-121.94,-121.94,0,0,
06/10/2026,09:59:48:166,38.978748,-76.928055,1,-122.59,-122.59,0,0,
06/10/2026,09:59:48:216,38.978752,-76.928054,4,-80.03,-80.03,0,0,
06/10/2026,09:59:48:269,38.978756,-76.928053,2,-120.69,-120.69,0,0,
06/10/2026,09:59:48:358,38.978760,-76.928052,3,-119.34,-119.34,0,0,
06/10/2026,09:59:48:374,38.978764,-76.928051,1,-122.17,-122.17,0,0,
06/10/2026,09:59:48:431,38.978768,-76.928050,4,-83.63,-83.63,0,0,
06/10/2026,09:59:48:481,38.978771,-76.928049,2,-119.99,-119.99,0,0,
06/10/2026,09:59:48:567,38.978775,-76.928049,3,-120.29,-120.29,0,0,
06/10/2026,09:59:48:592,38.978779,-76.928048,1,-121.54,-121.54,0,0,
06/10/2026,09:59:48:638,38.978783,-76.928047,4,-80.9,-80.9,0,0,
06/10/2026,09:59:48:690,38.978787,-76.928046,2,-122.51,-122.51,0,0,
06/10/2026,09:59:48:782,38.978791,-76.928045,3,-119.43,-119.43,0,0,
06/10/2026,09:59:48:819,38.978796,-76.928043,1,-119.88,-119.88,0,0,
06/10/2026,09:59:48:883,38.978801,-76.928042,4,-90.11,-90.11,0,0,
06/10/2026,09:59:48:961,38.978805,-76.928040,2,-119.49,-119.49,0,0,
06/10/2026,09:59:49:040,38.978810,-76.928039,3,-119.88,-119.88,0,0,
06/10/2026,09:59:49:042,38.978815,-76.928037,1,-121.14,-121.14,0,0,
06/10/2026,09:59:49:059,38.978820,-76.928036,4,-90.82,-90.82,0,0,
06/10/2026,09:59:49:111,38.978825,-76.928034,2,-121.56,-121.56,0,0,
06/10/2026,09:59:49:206,38.978830,-76.928033,3,-119.93,-119.93,0,0,
06/10/2026,09:59:49:220,38.978834,-76.928031,1,-118.29,-118.29,0,0,
06/10/2026,09:59:49:269,38.978839,-76.928030,4,-86.16,-86.16,0,0,
06/10/2026,09:59:49:326,38.978844,-76.928028,2,-119.94,-119.94,0,0,
06/10/2026,09:59:49:412,38.978849,-76.928027,3,-122.8,-122.8,0,0,
06/10/2026,09:59:49:428,38.978854,-76.928025,1,-123.04,-123.04,0,0,
06/10/2026,09:59:49:481,38.978859,-76.928023,4,-79.94,-79.94,0,0,
06/10/2026,09:59:49:534,38.978863,-76.928022,2,-121.12,-121.12,0,0,
06/10/2026,09:59:49:623,38.978868,-76.928020,3,-119.11,-119.11,0,0,
06/10/2026,09:59:49:639,38.978873,-76.928019,1,-119.61,-119.61,0,0,
06/10/2026,09:59:49:693,38.978878,-76.928017,4,-83.87,-83.87,0,0,
06/10/2026,09:59:49:746,38.978884,-76.928015,2,-118.53,-118.53,0,0,
06/10/2026,09:59:49:834,38.978889,-76.928013,3,-121.91,-121.91,0,0,
06/10/2026,09:59:49:851,38.978895,-76.928011,1,-121.37,-121.37,0,0,
06/10/2026,09:59:49:903,38.978900,-76.928009,4,-88.59,-88.59,0,0,
06/10/2026,09:59:49:956,38.978906,-76.928007,2,-121.5,-121.5,0,0,
06/10/2026,09:59:50:044,38.978912,-76.928005,3,-121.71,-121.71,0,0,
06/10/2026,09:59:50:064,38.978917,-76.928003,1,-121.1,-121.1,0,0,
06/10/2026,09:59:50:138,38.978923,-76.928001,4,-84.33,-84.33,0,0,
06/10/2026,09:59:50:167,38.978928,-76.927999,2,-120.27,-120.27,0,0,
06/10/2026,09:59:50:258,38.978934,-76.927997,3,-121.33,-121.33,0,0,
06/10/2026,09:59:50:274,38.978940,-76.927995,1,-119.27,-119.27,0,0,
06/10/2026,09:59:50:325,38.978945,-76.927993,4,-79.23,-79.23,0,0,
06/10/2026,09:59:50:379,38.978951,-76.927991,2,-121.1,-121.1,0,0,
06/10/2026,09:59:50:466,38.978956,-76.927989,3,-120.04,-120.04,0,0,
06/10/2026,09:59:50:485,38.978962,-76.927987,1,-122.16,-122.16,0,0,
06/10/2026,09:59:50:536,38.978968,-76.927985,4,-86.95,-86.95,0,0,
06/10/2026,09:59:50:625,38.978973,-76.927983,2,-119.26,-119.26,0,0,
06/10/2026,09:59:50:718,38.978979,-76.927981,3,-122.39,-122.39,0,0,
06/10/2026,09:59:50:723,38.978984,-76.927979,1,-122.32,-122.32,0,0,
06/10/2026,09:59:50:757,38.978990,-76.927977,4,-82.68,-82.68,0,0,
06/10/2026,09:59:50:841,38.978995,-76.927975,2,-120.67,-120.67,0,0,
06/10/2026,09:59:50:899,38.979001,-76.927973,3,-120.92,-120.92,0,0,
06/10/2026,09:59:50:903,38.979006,-76.927972,1,-119.38,-119.38,0,0,
06/10/2026,09:59:50:958,38.979012,-76.927970,4,-90.65,-90.65,0,0,
06/10/2026,09:59:51:010,38.979017,-76.927968,2,-119.56,-119.56,0,0,
06/10/2026,09:59:51:104,38.979023,-76.927966,3,-121.66,-121.66,0,0,
06/10/2026,09:59:51:116,38.979028,-76.927964,1,-122.58,-122.58,0,0,
06/10/2026,09:59:51:169,38.979034,-76.927962,4,-86.2,-86.2,0,0,
06/10/2026,09:59:51:222,38.979039,-76.927961,2,-120.32,-120.32,0,0,
06/10/2026,09:59:51:309,38.979045,-76.927959,3,-121.83,-121.83,0,0,
06/10/2026,09:59:51:325,38.979050,-76.927957,1,-116.73,-116.73,0,0,
06/10/2026,09:59:51:381,38.979056,-76.927955,4,-88,-88,0,0,
06/10/2026,09:59:51:434,38.979061,-76.927953,2,-119.65,-119.65,0,0,
06/10/2026,09:59:51:524,38.979067,-76.927951,3,-121.01,-121.01,0,0,
06/10/2026,09:59:51:536,38.979072,-76.927950,1,-119.78,-119.78,0,0,
06/10/2026,09:59:51:599,38.979078,-76.927948,4,-81.26,-81.26,0,0,
06/10/2026,09:59:51:643,38.979083,-76.927946,2,-120.86,-120.86,0,0,
06/10/2026,09:59:51:732,38.979089,-76.927944,3,-120.5,-120.5,0,0,
06/10/2026,09:59:51:748,38.979095,-76.927942,1,-122.4,-122.4,0,0,
06/10/2026,09:59:51:801,38.979100,-76.927939,4,-76.2,-76.2,0,0,
06/10/2026,09:59:51:856,38.979106,-76.927937,2,-121.31,-121.31,0,0,
06/10/2026,09:59:51:943,38.979112,-76.927934,3,-121.08,-121.08,0,0,
06/10/2026,09:59:51:958,38.979118,-76.927932,1,-119.62,-119.62,0,0,
06/10/2026,09:59:52:020,38.979124,-76.927930,4,-80.64,-80.64,0,0,
06/10/2026,09:59:52:064,38.979129,-76.927927,2,-120.16,-120.16,0,0,
06/10/2026,09:59:52:152,38.979135,-76.927925,3,-121.4,-121.4,0,0,
06/10/2026,09:59:52:171,38.979141,-76.927922,1,-119.62,-119.62,0,0,
06/10/2026,09:59:52:223,38.979147,-76.927920,4,-79.87,-79.87,0,0,
06/10/2026,09:59:52:276,38.979153,-76.927917,2,-119.87,-119.87,0,0,
06/10/2026,09:59:52:373,38.979158,-76.927915,3,-122.68,-122.68,0,0,
06/10/2026,09:59:52:823,38.979164,-76.927913,1,-119.97,-119.97,0,0,
06/10/2026,09:59:52:834,38.979170,-76.927910,4,-80.39,-80.39,0,0,
06/10/2026,09:59:52:876,38.979176,-76.927908,2,-120.47,-120.47,0,0,
06/10/2026,09:59:52:911,38.979181,-76.927905,3,-121.12,-121.12,0,0,
06/10/2026,09:59:52:914,38.979187,-76.927903,1,-121.72,-121.72,0,0,
06/10/2026,09:59:52:924,38.979193,-76.927901,4,-82.85,-82.85,0,0,
06/10/2026,09:59:52:944,38.979199,-76.927898,2,-119.85,-119.85,0,0,
06/10/2026,09:59:52:966,38.979205,-76.927896,3,-119.39,-119.39,0,0,
06/10/2026,09:59:52:974,38.979212,-76.927893,1,-120.6,-120.6,0,0,
06/10/2026,09:59:52:985,38.979218,-76.927891,4,-79.28,-79.28,0,0,
06/10/2026,09:59:53:007,38.979225,-76.927889,2,-118.39,-118.39,0,0,
06/10/2026,09:59:53:034,38.979231,-76.927886,3,-122.45,-122.45,0,0,
06/10/2026,09:59:53:037,38.979238,-76.927884,1,-121.6,-121.6,0,0,
06/10/2026,09:59:53:064,38.979244,-76.927881,4,-85.98,-85.98,0,0,
06/10/2026,09:59:53:124,38.979251,-76.927879,2,-120.61,-120.61,0,0,
06/10/2026,09:59:53:208,38.979257,-76.927876,3,-120.94,-120.94,0,0,
06/10/2026,09:59:53:224,38.979264,-76.927874,1,-122.1,-122.1,0,0,
06/10/2026,09:59:53:279,38.979271,-76.927872,4,-87.95,-87.95,0,0,
06/10/2026,09:59:53:330,38.979277,-76.927869,2,-119.86,-119.86,0,0,
06/10/2026,09:59:53:420,38.979284,-76.927867,3,-122.39,-122.39,0,0,
06/10/2026,09:59:53:436,38.979290,-76.927864,1,-122.12,-122.12,0,0,
06/10/2026,09:59:53:493,38.979297,-76.927862,4,-86.12,-86.12,0,0,
06/10/2026,09:59:53:542,38.979303,-76.927860,2,-118.4,-118.4,0,0,
06/10/2026,09:59:53:629,38.979310,-76.927857,3,-120.02,-120.02,0,0,
06/10/2026,09:59:53:648,38.979316,-76.927855,1,-118.91,-118.91,0,0,
06/10/2026,09:59:53:699,38.979323,-76.927852,4,-90.63,-90.63,0,0,
06/10/2026,09:59:53:751,38.979330,-76.927849,2,-120.96,-120.96,0,0,
06/10/2026,09:59:53:848,38.979338,-76.927846,3,-121.51,-121.51,0,0,
06/10/2026,09:59:53:871,38.979345,-76.927842,1,-124.1,-124.1,0,0,
06/10/2026,09:59:53:908,38.979353,-76.927839,4,-85.73,-85.73,0,0,
06/10/2026,09:59:53:982,38.979360,-76.927835,2,-120.11,-120.11,0,0,
06/10/2026,09:59:54:051,38.979367,-76.927832,3,-119.19,-119.19,0,0,
06/10/2026,09:59:54:073,38.979375,-76.927829,1,-120.6,-120.6,0,0,
06/10/2026,09:59:54:120,38.979382,-76.927825,4,-84.43,-84.43,0,0,
06/10/2026,09:59:54:174,38.979390,-76.927822,2,-120.77,-120.77,0,0,
06/10/2026,09:59:54:282,38.979397,-76.927819,3,-119.69,-119.69,0,0,
06/10/2026,09:59:54:285,38.979405,-76.927815,1,-119.29,-119.29,0,0,
06/10/2026,09:59:54:355,38.979412,-76.927812,4,-80.71,-80.71,0,0,
06/10/2026,09:59:54:403,38.979420,-76.927808,2,-120.23,-120.23,0,0,
06/10/2026,09:59:54:534,38.979427,-76.927805,3,-121.21,-121.21,0,0,
06/10/2026,09:59:54:535,38.979435,-76.927802,1,-121.06,-121.06,0,0,
06/10/2026,09:59:54:547,38.979442,-76.927798,4,-93.34,-93.34,0,0,
06/10/2026,09:59:54:604,38.979450,-76.927795,2,-121.11,-121.11,0,0,
06/10/2026,09:59:54:684,38.979457,-76.927792,3,-119.98,-119.98,0,0,
06/10/2026,09:59:54:702,38.979465,-76.927788,1,-123.2,-123.2,0,0,
06/10/2026,09:59:54:752,38.979472,-76.927786,4,-81.98,-81.98,0,0,
06/10/2026,09:59:54:805,38.979480,-76.927783,2,-120.07,-120.07,0,0,
06/10/2026,09:59:54:893,38.979488,-76.927781,3,-119.19,-119.19,0,0,
06/10/2026,09:59:54:913,38.979496,-76.927779,1,-122.87,-122.87,0,0,
06/10/2026,09:59:54:963,38.979503,-76.927776,4,-86.65,-86.65,0,0,
06/10/2026,09:59:55:016,38.979511,-76.927774,2,-120.45,-120.45,0,0,
06/10/2026,09:59:55:106,38.979519,-76.927771,3,-120.95,-120.95,0,0,
06/10/2026,09:59:55:124,38.979526,-76.927769,1,-120.06,-120.06,0,0,
06/10/2026,09:59:55:174,38.979534,-76.927766,4,-92.88,-92.88,0,0,
06/10/2026,09:59:55:226,38.979542,-76.927764,2,-120.43,-120.43,0,0,
06/10/2026,09:59:55:329,38.979550,-76.927762,3,-119.7,-119.7,0,0,
06/10/2026,09:59:55:333,38.979557,-76.927759,1,-119.59,-119.59,0,0,
06/10/2026,09:59:55:385,38.979565,-76.927757,4,-81.58,-81.58,0,0,
06/10/2026,09:59:55:437,38.979573,-76.927754,2,-120.12,-120.12,0,0,
06/10/2026,09:59:55:528,38.979581,-76.927752,3,-121.29,-121.29,0,0,
06/10/2026,09:59:55:543,38.979588,-76.927750,1,-119.33,-119.33,0,0,
06/10/2026,09:59:55:596,38.979596,-76.927747,4,-87.59,-87.59,0,0,
06/10/2026,09:59:55:650,38.979604,-76.927745,2,-120.39,-120.39,0,0,
06/10/2026,09:59:55:740,38.979611,-76.927742,3,-118.6,-118.6,0,0,
06/10/2026,09:59:55:753,38.979620,-76.927739,1,-119.27,-119.27,0,0,
06/10/2026,09:59:55:818,38.979628,-76.927737,4,-84.36,-84.36,0,0,
06/10/2026,09:59:55:861,38.979636,-76.927734,2,-120.93,-120.93,0,0,
06/10/2026,09:59:55:948,38.979644,-76.927731,3,-121.31,-121.31,0,0,
06/10/2026,09:59:55:972,38.979652,-76.927728,1,-119.79,-119.79,0,0,
06/10/2026,09:59:56:021,38.979661,-76.927725,4,-79.11,-79.11,0,0,
06/10/2026,09:59:56:071,38.979669,-76.927722,2,-119.58,-119.58,0,0,
06/10/2026,09:59:56:158,38.979677,-76.927719,3,-121.22,-121.22,0,0,
06/10/2026,09:59:56:177,38.979685,-76.927716,1,-120.96,-120.96,0,0,
06/10/2026,09:59:56:232,38.979693,-76.927713,4,-85.58,-85.58,0,0,
06/10/2026,09:59:56:299,38.979702,-76.927710,2,-120.87,-120.87,0,0,
06/10/2026,09:59:56:384,38.979710,-76.927708,3,-118.75,-118.75,0,0,
06/10/2026,09:59:56:388,38.979718,-76.927705,1,-117.29,-117.29,0,0,
06/10/2026,09:59:56:447,38.979726,-76.927702,4,-77.05,-77.05,0,0,
06/10/2026,09:59:56:521,38.979734,-76.927699,2,-120.16,-120.16,0,0,
06/10/2026,09:59:56:614,38.979743,-76.927696,3,-122.78,-122.78,0,0,
06/10/2026,09:59:56:616,38.979751,-76.927693,1,-124.03,-124.03,0,0,
06/10/2026,09:59:56:650,38.979759,-76.927690,4,-80.79,-80.79,0,0,
06/10/2026,09:59:56:704,38.979767,-76.927687,2,-120.33,-120.33,0,0,
06/10/2026,09:59:56:793,38.979776,-76.927685,3,-122.55,-122.55,0,0,
06/10/2026,09:59:56:809,38.979784,-76.927683,1,-120.03,-120.03,0,0,
06/10/2026,09:59:56:864,38.979793,-76.927680,4,-81.08,-81.08,0,0,
06/10/2026,09:59:56:915,38.979801,-76.927678,2,-123.48,-123.48,0,0,
06/10/2026,09:59:57:003,38.979809,-76.927675,3,-120.5,-120.5,0,0,
06/10/2026,09:59:57:021,38.979818,-76.927673,1,-120.68,-120.68,0,0,
06/10/2026,09:59:57:073,38.979826,-76.927670,4,-83.3,-83.3,0,0,
06/10/2026,09:59:57:126,38.979835,-76.927668,2,-121.04,-121.04,0,0,
06/10/2026,09:59:57:216,38.979843,-76.927666,3,-121.7,-121.7,0,0,
06/10/2026,09:59:57:229,38.979852,-76.927663,1,-118.8,-118.8,0,0,
06/10/2026,09:59:57:287,38.979860,-76.927661,4,-84.84,-84.84,0,0,
06/10/2026,09:59:57:342,38.979869,-76.927658,2,-120.95,-120.95,0,0,
06/10/2026,09:59:57:429,38.979877,-76.927656,3,-120.3,-120.3,0,0,
06/10/2026,09:59:57:445,38.979885,-76.927654,1,-121.79,-121.79,0,0,
06/10/2026,09:59:57:495,38.979894,-76.927651,4,-76.82,-76.82,0,0,
06/10/2026,09:59:57:547,38.979902,-76.927649,2,-119.56,-119.56,0,0,
06/10/2026,09:59:57:634,38.979911,-76.927646,3,-121.81,-121.81,0,0,
06/10/2026,09:59:57:657,38.979919,-76.927644,1,-120.74,-120.74,0,0,
06/10/2026,09:59:57:723,38.979928,-76.927642,4,-84.96,-84.96,0,0,
06/10/2026,09:59:57:759,38.979937,-76.927638,2,-121,-121,0,0,
06/10/2026,09:59:58:293,38.979947,-76.927634,3,-122.69,-122.69,0,0,
06/10/2026,09:59:58:295,38.979956,-76.927631,1,-120.2,-120.2,0,0,
06/10/2026,09:59:58:302,38.979965,-76.927627,4,-79.05,-79.05,0,0,
06/10/2026,09:59:58:337,38.979975,-76.927624,2,-119.67,-119.67,0,0,
06/10/2026,09:59:58:364,38.979984,-76.927620,3,-120.07,-120.07,0,0,
06/10/2026,09:59:58:370,38.979994,-76.927617,1,-120.7,-120.7,0,0,
06/10/2026,09:59:58:393,38.980003,-76.927613,4,-79.11,-79.11,0,0,
06/10/2026,09:59:58:404,38.980012,-76.927609,2,-120.3,-120.3,0,0,
06/10/2026,09:59:58:439,38.980022,-76.927606,3,-121.04,-121.04,0,0,
06/10/2026,09:59:58:441,38.980031,-76.927602,1,-120.78,-120.78,0,0,
06/10/2026,09:59:58:456,38.980041,-76.927599,4,-89.82,-89.82,0,0,
06/10/2026,09:59:58:467,38.980050,-76.927595,2,-120.2,-120.2,0,0,
06/10/2026,09:59:58:490,38.980060,-76.927592,3,-121.57,-121.57,0,0,
06/10/2026,09:59:58:497,38.980069,-76.927588,1,-120.43,-120.43,0,0,
06/10/2026,09:59:58:549,38.980078,-76.927584,4,-83.56,-83.56,0,0,
06/10/2026,09:59:58:603,38.980088,-76.927581,2,-120.17,-120.17,0,0,
06/10/2026,09:59:58:691,38.980097,-76.927577,3,-120.31,-120.31,0,0,
06/10/2026,09:59:58:707,38.980106,-76.927574,1,-119.03,-119.03,0,0,
06/10/2026,09:59:58:766,38.980114,-76.927571,4,-81.22,-81.22,0,0,
06/10/2026,09:59:58:813,38.980123,-76.927568,2,-118.01,-118.01,0,0,
06/10/2026,09:59:58:901,38.980131,-76.927564,3,-120.44,-120.44,0,0,
06/10/2026,09:59:58:926,38.980140,-76.927561,1,-122.04,-122.04,0,0,
06/10/2026,09:59:58:975,38.980148,-76.927558,4,-81.67,-81.67,0,0,
06/10/2026,09:59:59:025,38.980157,-76.927555,2,-120.13,-120.13,0,0,
06/10/2026,09:59:59:114,38.980165,-76.927552,3,-121.3,-121.3,0,0,
06/10/2026,09:59:59:129,38.980174,-76.927548,1,-117.95,-117.95,0,0,
06/10/2026,09:59:59:182,38.980182,-76.927545,4,-81.44,-81.44,0,0,
06/10/2026,09:59:59:254,38.980191,-76.927542,2,-120.03,-120.03,0,0,
06/10/2026,09:59:59:325,38.980199,-76.927539,3,-120.48,-120.48,0,0,
06/10/2026,09:59:59:351,38.980208,-76.927536,1,-120.58,-120.58,0,0,
06/10/2026,09:59:59:393,38.980216,-76.927532,4,-82.43,-82.43,0,0,
06/10/2026,09:59:59:447,38.980224,-76.927529,2,-119.91,-119.91,0,0,
06/10/2026,09:59:59:533,38.980233,-76.927526,3,-121.36,-121.36,0,0,
06/10/2026,09:59:59:554,38.980241,-76.927523,1,-120.98,-120.98,0,0,
06/10/2026,09:59:59:603,38.980250,-76.927520,4,-84.61,-84.61,0,0,
06/10/2026,09:59:59:658,38.980258,-76.927516,2,-121.4,-121.4,0,0,
06/10/2026,09:59:59:745,38.980267,-76.927513,3,-122.62,-122.62,0,0,
06/10/2026,09:59:59:762,38.980276,-76.927510,1,-119.72,-119.72,0,0,
06/10/2026,09:59:59:813,38.980285,-76.927506,4,-84.78,-84.78,0,0,
06/10/2026,09:59:59:868,38.980294,-76.927503,2,-121.44,-121.44,0,0,
06/10/2026,10:00:00:003,38.980304,-76.927500,3,-123.77,-123.77,0,0,
06/10/2026,10:00:00:009,38.980313,-76.927496,1,-121.45,-121.45,0,0,
06/10/2026,10:00:00:079,38.980322,-76.927493,4,-84.35,-84.35,0,0,
06/10/2026,10:00:00:090,38.980331,-76.927490,2,-119.98,-119.98,0,0,
06/10/2026,10:00:00:215,38.980340,-76.927486,3,-120.52,-120.52,0,0,
06/10/2026,10:00:00:219,38.980349,-76.927483,1,-122.65,-122.65,0,0,
06/10/2026,10:00:00:238,38.980359,-76.927479,4,-83.76,-83.76,0,0,
06/10/2026,10:00:00:288,38.980368,-76.927476,2,-120.07,-120.07,0,0,
06/10/2026,10:00:00:391,38.980377,-76.927473,3,-120.77,-120.77,0,0,
06/10/2026,10:00:00:393,38.980386,-76.927469,1,-120.26,-120.26,0,0,
06/10/2026,10:00:00:459,38.980395,-76.927466,4,-91.46,-91.46,0,0,
06/10/2026,10:00:00:501,38.980404,-76.927462,2,-118.79,-118.79,0,0,
06/10/2026,10:00:00:591,38.980414,-76.927459,3,-121.44,-121.44,0,0,
06/10/2026,10:00:00:605,38.980423,-76.927456,1,-121.12,-121.12,0,0,
06/10/2026,10:00:00:663,38.980432,-76.927452,4,-84.3,-84.3,0,0,
06/10/2026,10:00:00:712,38.980441,-76.927449,2,-121.36,-121.36,0,0,
06/10/2026,10:00:00:799,38.980450,-76.927446,3,-122.42,-122.42,0,0,
06/10/2026,10:00:00:825,38.980459,-76.927443,1,-121.57,-121.57,0,0,
06/10/2026,10:00:00:869,38.980469,-76.927440,4,-84.61,-84.61,0,0,
06/10/2026,10:00:00:927,38.980478,-76.927437,2,-120.28,-120.28,0,0,
06/10/2026,10:00:01:011,38.980487,-76.927435,3,-119.96,-119.96,0,0,
06/10/2026,10:00:01:027,38.980496,-76.927432,1,-119.33,-119.33,0,0,
06/10/2026,10:00:01:078,38.980505,-76.927429,4,-82.8,-82.8,0,0,
06/10/2026,10:00:01:135,38.980514,-76.927426,2,-120.48,-120.48,0,0,
06/10/2026,10:00:01:239,38.980524,-76.927423,3,-120.21,-120.21,0,0,
06/10/2026,10:00:01:244,38.980533,-76.927420,1,-121.76,-121.76,0,0,
06/10/2026,10:00:01:290,38.980542,-76.927417,4,-78.31,-78.31,0,0,
06/10/2026,10:00:01:343,38.980551,-76.927414,2,-120.42,-120.42,0,0,
06/10/2026,10:00:01:431,38.980560,-76.927411,3,-121.06,-121.06,0,0,
06/10/2026,10:00:01:459,38.980569,-76.927408,1,-120.15,-120.15,0,0,
06/10/2026,10:00:01:501,38.980579,-76.927406,4,-79.14,-79.14,0,0,
06/10/2026,10:00:01:554,38.980588,-76.927403,2,-119.66,-119.66,0,0,
06/10/2026,10:00:01:655,38.980597,-76.927400,3,-121.14,-121.14,0,0,
06/10/2026,10:00:01:665,38.980606,-76.927397,1,-120.5,-120.5,0,0,
06/10/2026,10:00:01:712,38.980615,-76.927394,4,-78.68,-78.68,0,0,
06/10/2026,10:00:01:782,38.980625,-76.927390,2,-119.27,-119.27,0,0,
06/10/2026,10:00:01:859,38.980635,-76.927387,3,-120.87,-120.87,0,0,
06/10/2026,10:00:01:922,38.980645,-76.927383,1,-119.49,-119.49,0,0,
06/10/2026,10:00:01:930,38.980655,-76.927380,4,-77.42,-77.42,0,0,
06/10/2026,10:00:02:005,38.980665,-76.927376,2,-119.9,-119.9,0,0,
06/10/2026,10:00:02:064,38.980675,-76.927373,3,-120.97,-120.97,0,0,
06/10/2026,10:00:02:083,38.980685,-76.927369,1,-120.29,-120.29,0,0,
06/10/2026,10:00:02:134,38.980695,-76.927365,4,-80.07,-80.07,0,0,
06/10/2026,10:00:02:188,38.980705,-76.927362,2,-120.44,-120.44,0,0,
06/10/2026,10:00:02:276,38.980715,-76.927358,3,-120.29,-120.29,0,0,
06/10/2026,10:00:02:292,38.980724,-76.927355,1,-119.87,-119.87,0,0,
06/10/2026,10:00:02:345,38.980734,-76.927351,4,-83.46,-83.46,0,0,
06/10/2026,10:00:02:399,38.980744,-76.927348,2,-121.24,-121.24,0,0,
06/10/2026,10:00:02:487,38.980754,-76.927344,3,-120.87,-120.87,0,0,
06/10/2026,10:00:02:502,38.980764,-76.927341,1,-120.34,-120.34,0,0,
06/10/2026,10:00:02:557,38.980774,-76.927337,4,-77.63,-77.63,0,0,
06/10/2026,10:00:02:611,38.980784,-76.927333,2,-120.17,-120.17,0,0,
06/10/2026,10:00:02:697,38.980794,-76.927330,3,-120.31,-120.31,0,0,
06/10/2026,10:00:02:715,38.980803,-76.927327,1,-119.13,-119.13,0,0,
06/10/2026,10:00:02:766,38.980813,-76.927323,4,-87.5,-87.5,0,0,
06/10/2026,10:00:02:821,38.980822,-76.927320,2,-120.19,-120.19,0,0,
06/10/2026,10:00:02:908,38.980832,-76.927317,3,-121.73,-121.73,0,0,
06/10/2026,10:00:02:937,38.980841,-76.927314,1,-119.75,-119.75,0,0,
06/10/2026,10:00:02:980,38.980850,-76.927311,4,-82.04,-82.04,0,0,
06/10/2026,10:00:03:030,38.980860,-76.927307,2,-121.31,-121.31,0,0,
06/10/2026,10:00:03:120,38.980869,-76.927304,3,-122.03,-122.03,0,0,
06/10/2026,10:00:03:135,38.980879,-76.927301,1,-120.77,-120.77,0,0,
06/10/2026,10:00:03:189,38.980888,-76.927298,4,-80.95,-80.95,0,0,
06/10/2026,10:00:03:244,38.980897,-76.927295,2,-120.22,-120.22,0,0,
06/10/2026,10:00:03:330,38.980907,-76.927291,3,-120.31,-120.31,0,0,
06/10/2026,10:00:03:352,38.980916,-76.927288,1,-121.13,-121.13,0,0,
06/10/2026,10:00:03:399,38.980926,-76.927285,4,-81.88,-81.88,0,0,
06/10/2026,10:00:03:452,38.980935,-76.927282,2,-119.62,-119.62,0,0,
06/10/2026,10:00:03:540,38.980944,-76.927278,3,-119,-119,0,0,
06/10/2026,10:00:03:560,38.980954,-76.927275,1,-120.35,-120.35,0,0,
06/10/2026,10:00:03:612,38.980963,-76.927272,4,-78.68,-78.68,0,0,
06/10/2026,10:00:03:664,38.980973,-76.927269,2,-121.2,-121.2,0,0,
06/10/2026,10:00:03:792,38.980982,-76.927266,3,-123.31,-123.31,0,0,
06/10/2026,10:00:03:794,38.980992,-76.927262,1,-120.45,-120.45,0,0,
06/10/2026,10:00:03:883,38.981002,-76.927258,4,-79.07,-79.07,0,0,
06/10/2026,10:00:03:893,38.981012,-76.927254,2,-121.62,-121.62,0,0,
06/10/2026,10:00:03:980,38.981022,-76.927250,3,-122.37,-122.37,0,0,
06/10/2026,10:00:03:984,38.981033,-76.927246,1,-118.8,-118.8,0,0,
06/10/2026,10:00:04:047,38.981043,-76.927242,4,-78.31,-78.31,0,0,
06/10/2026,10:00:04:086,38.981053,-76.927239,2,-120.61,-120.61,0,0,
06/10/2026,10:00:04:173,38.981063,-76.927235,3,-121.21,-121.21,0,0,
06/10/2026,10:00:04:190,38.981073,-76.927231,1,-120.25,-120.25,0,0,
06/10/2026,10:00:04:244,38.981083,-76.927227,4,-82.15,-82.15,0,0,
06/10/2026,10:00:04:300,38.981093,-76.927223,2,-119.89,-119.89,0,0,
06/10/2026,10:00:04:385,38.981103,-76.927219,3,-119.37,-119.37,0,0,
06/10/2026,10:00:04:402,38.981114,-76.927215,1,-120.96,-120.96,0,0,
06/10/2026,10:00:04:456,38.981124,-76.927212,4,-81.61,-81.61,0,0,
06/10/2026,10:00:04:516,38.981134,-76.927208,2,-119.93,-119.93,0,0,
06/10/2026,10:00:04:596,38.981144,-76.927204,3,-121.98,-121.98,0,0,
06/10/2026,10:00:04:611,38.981154,-76.927200,1,-119.74,-119.74,0,0,
06/10/2026,10:00:04:667,38.981164,-76.927196,4,-83.34,-83.34,0,0,
06/10/2026,10:00:04:718,38.981174,-76.927192,2,-120.05,-120.05,0,0,
06/10/2026,10:00:04:808,38.981185,-76.927188,3,-121.2,-121.2,0,0,
06/10/2026,10:00:04:825,38.981195,-76.927184,1,-120.83,-120.83,0,0,
06/10/2026,10:00:04:874,38.981206,-76.927179,4,-82,-82,0,0,
06/10/2026,10:00:04:927,38.981216,-76.927175,2,-118.4,-118.4,0,0,
06/10/2026,10:00:05:017,38.981226,-76.927171,3,-121.43,-121.43,0,0,
06/10/2026,10:00:05:036,38.981237,-76.927166,1,-120.92,-120.92,0,0,
06/10/2026,10:00:05:090,38.981247,-76.927162,4,-77.76,-77.76,0,0,
06/10/2026,10:00:05:141,38.981257,-76.927158,2,-120.86,-120.86,0,0,
06/10/2026,10:00:05:226,38.981268,-76.927153,3,-121.7,-121.7,0,0,
06/10/2026,10:00:05:244,38.981278,-76.927149,1,-118.91,-118.91,0,0,
06/10/2026,10:00:05:298,38.981289,-76.927145,4,-84.08,-84.08,0,0,
06/10/2026,10:00:05:352,38.981299,-76.927140,2,-120.84,-120.84,0,0,
06/10/2026,10:00:05:441,38.981309,-76.927136,3,-121.42,-121.42,0,0,
06/10/2026,10:00:05:456,38.981320,-76.927132,1,-120.28,-120.28,0,0,
06/10/2026,10:00:05:510,38.981330,-76.927127,4,-80.25,-80.25,0,0,
06/10/2026,10:00:05:567,38.981340,-76.927123,2,-122.61,-122.61,0,0,
06/10/2026,10:00:05:649,38.981351,-76.927118,3,-119.57,-119.57,0,0,
06/10/2026,10:00:05:667,38.981361,-76.927114,1,-120.37,-120.37,0,0,
06/10/2026,10:00:05:718,38.981372,-76.927110,4,-79.64,-79.64,0,0,
06/10/2026,10:00:05:789,38.981383,-76.927105,2,-119.61,-119.61,0,0,
06/10/2026,10:00:05:923,38.981394,-76.927101,3,-120.95,-120.95,0,0,
06/10/2026,10:00:05:927,38.981405,-76.927096,1,-122.09,-122.09,0,0,
06/10/2026,10:00:05:965,38.981416,-76.927091,4,-87.87,-87.87,0,0,
06/10/2026,10:00:05:989,38.981428,-76.927087,2,-119.31,-119.31,0,0,
06/10/2026,10:00:06:076,38.981439,-76.927082,3,-120.62,-120.62,0,0,
06/10/2026,10:00:06:092,38.981450,-76.927078,1,-118.32,-118.32,0,0,
06/10/2026,10:00:06:140,38.981461,-76.927073,4,-76.46,-76.46,0,0,
06/10/2026,10:00:06:194,38.981472,-76.927069,2,-119.29,-119.29,0,0,
06/10/2026,10:00:06:283,38.981484,-76.927064,3,-120.81,-120.81,0,0,
06/10/2026,10:00:06:300,38.981495,-76.927059,1,-120.62,-120.62,0,0,
06/10/2026,10:00:06:354,38.981506,-76.927055,4,-86.96,-86.96,0,0,
06/10/2026,10:00:06:405,38.981517,-76.927050,2,-120.38,-120.38,0,0,
06/10/2026,10:00:06:494,38.981528,-76.927046,3,-121.15,-121.15,0,0,
06/10/2026,10:00:06:510,38.981540,-76.927041,1,-120.44,-120.44,0,0,
06/10/2026,10:00:06:563,38.981551,-76.927036,4,-77.09,-77.09,0,0,
06/10/2026,10:00:06:618,38.981562,-76.927032,2,-121.13,-121.13,0,0,
06/10/2026,10:00:06:705,38.981573,-76.927027,3,-122.21,-122.21,0,0,
06/10/2026,10:00:06:721,38.981584,-76.927023,1,-121.74,-121.74,0,0,
06/10/2026,10:00:06:779,38.981594,-76.927019,4,-78.81,-78.81,0,0,
06/10/2026,10:00:06:829,38.981604,-76.927015,2,-120.04,-120.04,0,0,
06/10/2026,10:00:06:915,38.981614,-76.927011,3,-119.64,-119.64,0,0,
06/10/2026,10:00:06:931,38.981625,-76.927007,1,-120.2,-120.2,0,0,
06/10/2026,10:00:06:983,38.981635,-76.927003,4,-86.45,-86.45,0,0,
06/10/2026,10:00:07:039,38.981645,-76.926998,2,-119.6,-119.6,0,0,
06/10/2026,10:00:07:127,38.981656,-76.926994,3,-121.13,-121.13,0,0,
06/10/2026,10:00:07:143,38.981666,-76.926990,1,-122.06,-122.06,0,0,
06/10/2026,10:00:07:195,38.981676,-76.926986,4,-80.06,-80.06,0,0,
06/10/2026,10:00:07:250,38.981687,-76.926982,2,-120.77,-120.77,0,0,
06/10/2026,10:00:07:338,38.981697,-76.926978,3,-120.8,-120.8,0,0,
06/10/2026,10:00:07:360,38.981707,-76.926974,1,-119.23,-119.23,0,0,
06/10/2026,10:00:07:409,38.981718,-76.926970,4,-76.19,-76.19,0,0,
06/10/2026,10:00:07:513,38.981728,-76.926965,2,-119.83,-119.83,0,0,
06/10/2026,10:00:07:571,38.981738,-76.926961,3,-119.14,-119.14,0,0,
06/10/2026,10:00:07:580,38.981749,-76.926957,1,-120.93,-120.93,0,0,
06/10/2026,10:00:07:649,38.981759,-76.926953,4,-77.82,-77.82,0,0,
06/10/2026,10:00:07:730,38.981769,-76.926949,2,-119.77,-119.77,0,0,
06/10/2026,10:00:07:777,38.981779,-76.926945,3,-119.96,-119.96,0,0,
06/10/2026,10:00:07:780,38.981791,-76.926940,1,-119.41,-119.41,0,0,
06/10/2026,10:00:07:833,38.981803,-76.926936,4,-81.02,-81.02,0,0,
06/10/2026,10:00:07:883,38.981815,-76.926931,2,-118.61,-118.61,0,0,
06/10/2026,10:00:07:970,38.981826,-76.926926,3,-119.45,-119.45,0,0,
06/10/2026,10:00:07:991,38.981838,-76.926922,1,-119.57,-119.57,0,0,
06/10/2026,10:00:08:057,38.981850,-76.926917,4,-85.17,-85.17,0,0,
06/10/2026,10:00:08:093,38.981861,-76.926913,2,-122.55,-122.55,0,0,
06/10/2026,10:00:08:180,38.981873,-76.926908,3,-120.96,-120.96,0,0,
06/10/2026,10:00:08:199,38.981885,-76.926904,1,-119.84,-119.84,0,0,
06/10/2026,10:00:08:251,38.981897,-76.926899,4,-87.15,-87.15,0,0,
06/10/2026,10:00:08:309,38.981908,-76.926894,2,-120.39,-120.39,0,0,
06/10/2026,10:00:08:763,38.981920,-76.926890,3,-120.38,-120.38,0,0,
06/10/2026,10:00:08:768,38.981932,-76.926885,1,-120.76,-120.76,0,0,
06/10/2026,10:00:08:779,38.981943,-76.926881,4,-82.21,-82.21,0,0,
06/10/2026,10:00:08:791,38.981955,-76.926876,2,-118.77,-118.77,0,0,
06/10/2026,10:00:08:814,38.981967,-76.926871,3,-120.52,-120.52,0,0,
06/10/2026,10:00:08:817,38.981979,-76.926867,1,-119.34,-119.34,0,0,
06/10/2026,10:00:08:839,38.981990,-76.926862,4,-83.14,-83.14,0,0,
06/10/2026,10:00:08:850,38.982001,-76.926858,2,-121.1,-121.1,0,0,
06/10/2026,10:00:08:877,38.982012,-76.926853,3,-120.84,-120.84,0,0,
06/10/2026,10:00:08:884,38.982023,-76.926849,1,-118.92,-118.92,0,0,
06/10/2026,10:00:08:897,38.982033,-76.926844,4,-88.49,-88.49,0,0,
06/10/2026,10:00:08:936,38.982044,-76.926839,2,-119.64,-119.64,0,0,
06/10/2026,10:00:09:022,38.982055,-76.926835,3,-121.96,-121.96,0,0,
06/10/2026,10:00:09:042,38.982066,-76.926830,1,-119.49,-119.49,0,0,
06/10/2026,10:00:09:115,38.982076,-76.926826,4,-83.12,-83.12,0,0,
06/10/2026,10:00:09:204,38.982087,-76.926821,2,-120.1,-120.1,0,0,
06/10/2026,10:00:09:288,38.982098,-76.926816,3,-122.38,-122.38,0,0,
06/10/2026,10:00:09:297,38.982109,-76.926812,1,-121.09,-121.09,0,0,
06/10/2026,10:00:09:309,38.982120,-76.926807,4,-86.51,-86.51,0,0,
06/10/2026,10:00:09:357,38.982130,-76.926803,2,-121.66,-121.66,0,0,
06/10/2026,10:00:09:445,38.982141,-76.926798,3,-120.72,-120.72,0,0,
06/10/2026,10:00:09:466,38.982152,-76.926794,1,-118.07,-118.07,0,0,
06/10/2026,10:00:09:515,38.982163,-76.926789,4,-80.42,-80.42,0,0,
06/10/2026,10:00:09:568,38.982173,-76.926784,2,-119.62,-119.62,0,0,
06/10/2026,10:00:09:660,38.982184,-76.926780,3,-119.52,-119.52,0,0,
06/10/2026,10:00:09:675,38.982195,-76.926775,1,-119.78,-119.78,0,0,
06/10/2026,10:00:09:726,38.982206,-76.926771,4,-80.91,-80.91,0,0,
06/10/2026,10:00:09:782,38.982218,-76.926766,2,-119.98,-119.98,0,0,
06/10/2026,10:00:09:868,38.982230,-76.926760,3,-121.74,-121.74,0,0,
06/10/2026,10:00:09:883,38.982242,-76.926755,1,-119.2,-119.2,0,0,
06/10/2026,10:00:09:938,38.982255,-76.926750,4,-80.93,-80.93,0,0,
06/10/2026,10:00:09:991,38.982267,-76.926745,2,-119.27,-119.27,0,0,
06/10/2026,10:00:10:079,38.982279,-76.926740,3,-122.36,-122.36,0,0,
06/10/2026,10:00:10:096,38.982291,-76.926735,1,-122.46,-122.46,0,0,
06/10/2026,10:00:10:154,38.982304,-76.926730,4,-79.86,-79.86,0,0,
06/10/2026,10:00:10:202,38.982316,-76.926725,2,-120.87,-120.87,0,0,
06/10/2026,10:00:10:291,38.982328,-76.926720,3,-121.43,-121.43,0,0,
06/10/2026,10:00:10:307,38.982340,-76.926715,1,-119.86,-119.86,0,0,
06/10/2026,10:00:10:360,38.982352,-76.926709,4,-82.57,-82.57,0,0,
06/10/2026,10:00:10:413,38.982365,-76.926704,2,-118.3,-118.3,0,0,
06/10/2026,10:00:10:502,38.982377,-76.926699,3,-121.31,-121.31,0,0,
06/10/2026,10:00:10:517,38.982389,-76.926694,1,-121.97,-121.97,0,0,
06/10/2026,10:00:10:569,38.982401,-76.926689,4,-82.89,-82.89,0,0,
06/10/2026,10:00:10:622,38.982414,-76.926684,2,-121.2,-121.2,0,0,
06/10/2026,10:00:10:710,38.982426,-76.926679,3,-122.36,-122.36,0,0,
06/10/2026,10:00:10:734,38.982438,-76.926674,1,-119.24,-119.24,0,0,
06/10/2026,10:00:10:779,38.982449,-76.926669,4,-80.99,-80.99,0,0,
06/10/2026,10:00:10:835,38.982461,-76.926664,2,-121.4,-121.4,0,0,
06/10/2026,10:00:10:922,38.982473,-76.926660,3,-120.06,-120.06,0,0,
06/10/2026,10:00:10:940,38.982485,-76.926655,1,-121.33,-121.33,0,0,
06/10/2026,10:00:10:993,38.982497,-76.926650,4,-81.21,-81.21,0,0,
06/10/2026,10:00:11:073,38.982509,-76.926645,2,-121.5,-121.5,0,0,
06/10/2026,10:00:11:137,38.982520,-76.926640,3,-120.5,-120.5,0,0,
06/10/2026,10:00:11:202,38.982532,-76.926636,1,-119.61,-119.61,0,0,
06/10/2026,10:00:11:213,38.982544,-76.926631,4,-82.91,-82.91,0,0,
06/10/2026,10:00:11:270,38.982556,-76.926626,2,-118.2,-118.2,0,0,
06/10/2026,10:00:11:344,38.982568,-76.926621,3,-122.45,-122.45,0,0,
06/10/2026,10:00:11:361,38.982579,-76.926616,1,-121.06,-121.06,0,0,
06/10/2026,10:00:11:413,38.982591,-76.926611,4,-93.25,-93.25,0,0,
06/10/2026,10:00:11:467,38.982603,-76.926607,2,-119.56,-119.56,0,0,
06/10/2026,10:00:11:554,38.982615,-76.926602,3,-120.05,-120.05,0,0,
06/10/2026,10:00:11:577,38.982627,-76.926597,1,-119.62,-119.62,0,0,
06/10/2026,10:00:11:630,38.982639,-76.926592,4,-80.23,-80.23,0,0,
06/10/2026,10:00:11:680,38.982650,-76.926587,2,-120.7,-120.7,0,0,
06/10/2026,10:00:11:768,38.982662,-76.926583,3,-121.34,-121.34,0,0,
06/10/2026,10:00:11:784,38.982673,-76.926578,1,-120.16,-120.16,0,0,
06/10/2026,10:00:11:835,38.982684,-76.926574,4,-78.81,-78.81,0,0,
06/10/2026,10:00:11:899,38.982695,-76.926569,2,-122.58,-122.58,0,0,
06/10/2026,10:00:11:977,38.982707,-76.926564,3,-121.55,-121.55,0,0,
06/10/2026,10:00:11:993,38.982718,-76.926560,1,-120.94,-120.94,0,0,
06/10/2026,10:00:12:048,38.982729,-76.926555,4,-84.92,-84.92,0,0,
06/10/2026,10:00:12:099,38.982740,-76.926551,2,-118.47,-118.47,0,0,
06/10/2026,10:00:12:188,38.982751,-76.926546,3,-121.34,-121.34,0,0,
06/10/2026,10:00:12:204,38.982763,-76.926541,1,-120.76,-120.76,0,0,
06/10/2026,10:00:12:259,38.982774,-76.926537,4,-84.2,-84.2,0,0,
06/10/2026,10:00:12:310,38.982785,-76.926532,2,-118.12,-118.12,0,0,
06/10/2026,10:00:12:399,38.982796,-76.926528,3,-121.12,-121.12,0,0,
06/10/2026,10:00:12:414,38.982808,-76.926523,1,-120.39,-120.39,0,0,
06/10/2026,10:00:12:469,38.982819,-76.926519,4,-79.74,-79.74,0,0,
06/10/2026,10:00:12:521,38.982830,-76.926514,2,-121.5,-121.5,0,0,
06/10/2026,10:00:12:609,38.982841,-76.926509,3,-120.68,-120.68,0,0,
06/10/2026,10:00:12:628,38.982853,-76.926505,1,-120.45,-120.45,0,0,
06/10/2026,10:00:12:685,38.982864,-76.926500,4,-80.01,-80.01,0,0,
06/10/2026,10:00:12:731,38.982875,-76.926496,2,-121.74,-121.74,0,0,
06/10/2026,10:00:12:822,38.982887,-76.926490,3,-120.81,-120.81,0,0,
06/10/2026,10:00:12:836,38.982900,-76.926485,1,-119.53,-119.53,0,0,
06/10/2026,10:00:12:893,38.982912,-76.926480,4,-82.58,-82.58,0,0,
06/10/2026,10:00:12:945,38.982924,-76.926474,2,-121.85,-121.85,0,0,
06/10/2026,10:00:13:072,38.982936,-76.926469,3,-121.88,-121.88,0,0,
06/10/2026,10:00:13:076,38.982949,-76.926464,1,-119.53,-119.53,0,0,
06/10/2026,10:00:13:152,38.982961,-76.926458,4,-83.17,-83.17,0,0,
06/10/2026,10:00:13:160,38.982973,-76.926453,2,-118.75,-118.75,0,0,
06/10/2026,10:00:13:274,38.982986,-76.926448,3,-120.48,-120.48,0,0,
06/10/2026,10:00:13:277,38.982998,-76.926443,1,-121.42,-121.42,0,0,
06/10/2026,10:00:13:311,38.983010,-76.926437,4,-80.98,-80.98,0,0,
06/10/2026,10:00:13:363,38.983023,-76.926432,2,-118.63,-118.63,0,0,
06/10/2026,10:00:13:457,38.983035,-76.926427,3,-121.19,-121.19,0,0,
06/10/2026,10:00:13:471,38.983047,-76.926421,1,-120.8,-120.8,0,0,
06/10/2026,10:00:13:523,38.983060,-76.926416,4,-80.73,-80.73,0,0,
06/10/2026,10:00:13:583,38.983072,-76.926411,2,-119.13,-119.13,0,0,
06/10/2026,10:00:13:665,38.983084,-76.926405,3,-122.97,-122.97,0,0,
06/10/2026,10:00:13:682,38.983096,-76.926400,1,-120.31,-120.31,0,0,
06/10/2026,10:00:13:734,38.983109,-76.926395,4,-80.13,-80.13,0,0,
06/10/2026,10:00:13:797,38.983122,-76.926389,2,-119.57,-119.57,0,0,
06/10/2026,10:00:13:875,38.983135,-76.926384,3,-119.79,-119.79,0,0,
06/10/2026,10:00:13:893,38.983148,-76.926378,1,-118.16,-118.16,0,0,
06/10/2026,10:00:13:948,38.983161,-76.926372,4,-83.2,-83.2,0,0,
06/10/2026,10:00:14:003,38.983174,-76.926367,2,-120.01,-120.01,0,0,
06/10/2026,10:00:14:088,38.983187,-76.926361,3,-119.73,-119.73,0,0,
06/10/2026,10:00:14:102,38.983200,-76.926356,1,-120.63,-120.63,0,0,
06/10/2026,10:00:14:159,38.983213,-76.926350,4,-83.2,-83.2,0,0,
06/10/2026,10:00:14:209,38.983226,-76.926344,2,-120.16,-120.16,0,0,
06/10/2026,10:00:14:297,38.983239,-76.926339,3,-121.52,-121.52,0,0,
06/10/2026,10:00:14:314,38.983252,-76.926333,1,-120.06,-120.06,0,0,
06/10/2026,10:00:14:368,38.983265,-76.926328,4,-83.72,-83.72,0,0,
06/10/2026,10:00:14:420,38.983278,-76.926322,2,-120.04,-120.04,0,0,
06/10/2026,10:00:14:510,38.983291,-76.926316,3,-121.87,-121.87,0,0,
06/10/2026,10:00:14:526,38.983304,-76.926311,1,-122.33,-122.33,0,0,
06/10/2026,10:00:14:580,38.983317,-76.926305,4,-79.18,-79.18,0,0,
06/10/2026,10:00:14:631,38.983330,-76.926300,2,-119.79,-119.79,0,0,
06/10/2026,10:00:14:722,38.983342,-76.926294,3,-123.3,-123.3,0,0,
06/10/2026,10:00:14:739,38.983354,-76.926289,1,-120.37,-120.37,0,0,
06/10/2026,10:00:14:789,38.983366,-76.926284,4,-80.74,-80.74,0,0,
06/10/2026,10:00:14:866,38.983378,-76.926279,2,-120.7,-120.7,0,0,
06/10/2026,10:00:14:951,38.983390,-76.926274,3,-120.69,-120.69,0,0,
06/10/2026,10:00:14:954,38.983402,-76.926269,1,-120.52,-120.52,0,0,
06/10/2026,10:00:15:020,38.983414,-76.926264,4,-78.93,-78.93,0,0,
06/10/2026,10:00:15:098,38.983426,-76.926259,2,-120.03,-120.03,0,0,
06/10/2026,10:00:15:155,38.983438,-76.926254,3,-120.75,-120.75,0,0,
06/10/2026,10:00:15:160,38.983450,-76.926249,1,-122.45,-122.45,0,0,
06/10/2026,10:00:15:211,38.983462,-76.926243,4,-84.46,-84.46,0,0,
06/10/2026,10:00:15:264,38.983474,-76.926238,2,-120.77,-120.77,0,0,
06/10/2026,10:00:15:353,38.983486,-76.926233,3,-122.6,-122.6,0,0,
06/10/2026,10:00:15:367,38.983497,-76.926228,1,-120.85,-120.85,0,0,
06/10/2026,10:00:15:422,38.983509,-76.926223,4,-83.3,-83.3,0,0,
06/10/2026,10:00:15:473,38.983521,-76.926218,2,-118.72,-118.72,0,0,
06/10/2026,10:00:15:561,38.983533,-76.926213,3,-120.4,-120.4,0,0,
06/10/2026,10:00:15:581,38.983545,-76.926208,1,-118.32,-118.32,0,0,
06/10/2026,10:00:15:636,38.983557,-76.926203,4,-85.16,-85.16,0,0,
06/10/2026,10:00:15:684,38.983569,-76.926198,2,-120.45,-120.45,0,0,
06/10/2026,10:00:15:773,38.983581,-76.926193,3,-120.2,-120.2,0,0,
06/10/2026,10:00:15:790,38.983594,-76.926187,1,-121.54,-121.54,0,0,
06/10/2026,10:00:15:844,38.983606,-76.926182,4,-84.23,-84.23,0,0,
06/10/2026,10:00:15:895,38.983619,-76.926176,2,-119.44,-119.44,0,0,
06/10/2026,10:00:15:983,38.983632,-76.926171,3,-121.57,-121.57,0,0,
06/10/2026,10:00:16:002,38.983645,-76.926165,1,-121.11,-121.11,0,0,
06/10/2026,10:00:16:053,38.983657,-76.926159,4,-87.63,-87.63,0,0,
06/10/2026,10:00:16:106,38.983670,-76.926154,2,-118.83,-118.83,0,0,
06/10/2026,10:00:16:193,38.983683,-76.926148,3,-119.87,-119.87,0,0,
06/10/2026,10:00:16:216,38.983695,-76.926143,1,-120.77,-120.77,0,0,
06/10/2026,10:00:16:263,38.983708,-76.926137,4,-80.6,-80.6,0,0,
06/10/2026,10:00:16:319,38.983721,-76.926131,2,-118.71,-118.71,0,0,
06/10/2026,10:00:16:409,38.983734,-76.926126,3,-121.06,-121.06,0,0,
06/10/2026,10:00:16:424,38.983746,-76.926120,1,-121.21,-121.21,0,0,
06/10/2026,10:00:16:476,38.983759,-76.926115,4,-82.65,-82.65,0,0,
06/10/2026,10:00:16:533,38.983772,-76.926109,2,-120.73,-120.73,0,0,
06/10/2026,10:00:16:623,38.983785,-76.926103,3,-119.62,-119.62,0,0,
06/10/2026,10:00:16:634,38.983797,-76.926098,1,-121.04,-121.04,0,0,
06/10/2026,10:00:16:689,38.983810,-76.926092,4,-81.24,-81.24,0,0,
06/10/2026,10:00:16:740,38.983823,-76.926086,2,-121.46,-121.46,0,0,
06/10/2026,10:00:16:876,38.983835,-76.926081,3,-122.98,-122.98,0,0,
06/10/2026,10:00:16:879,38.983848,-76.926075,1,-120.9,-120.9,0,0,
06/10/2026,10:00:16:897,38.983860,-76.926069,4,-89.36,-89.36,0,0,
06/10/2026,10:00:16:949,38.983873,-76.926063,2,-121.74,-121.74,0,0,
06/10/2026,10:00:17:039,38.983885,-76.926057,3,-120.85,-120.85,0,0,
06/10/2026,10:00:17:059,38.983898,-76.926052,1,-118.86,-118.86,0,0,
06/10/2026,10:00:17:110,38.983910,-76.926046,4,-87.44,-87.44,0,0,
06/10/2026,10:00:17:162,38.983923,-76.926040,2,-118.57,-118.57,0,0,
06/10/2026,10:00:17:248,38.983935,-76.926034,3,-121.85,-121.85,0,0,
06/10/2026,10:00:17:265,38.983948,-76.926029,1,-121.69,-121.69,0,0,
06/10/2026,10:00:17:317,38.983961,-76.926023,4,-84.91,-84.91,0,0,
06/10/2026,10:00:17:371,38.983973,-76.926017,2,-120.68,-120.68,0,0,
06/10/2026,10:00:17:461,38.983986,-76.926011,3,-123.16,-123.16,0,0,
06/10/2026,10:00:17:476,38.983998,-76.926005,1,-120.16,-120.16,0,0,
06/10/2026,10:00:17:530,38.984011,-76.926000,4,-83.63,-83.63,0,0,
06/10/2026,10:00:17:583,38.984023,-76.925994,2,-120.38,-120.38,0,0,
06/10/2026,10:00:17:671,38.984036,-76.925988,3,-120.74,-120.74,0,0,
06/10/2026,10:00:17:688,38.984048,-76.925982,1,-121.19,-121.19,0,0,
06/10/2026,10:00:17:747,38.984061,-76.925976,4,-91.23,-91.23,0,0,
06/10/2026,10:00:17:793,38.984073,-76.925970,2,-119.88,-119.88,0,0,
06/10/2026,10:00:17:881,38.984085,-76.925963,3,-122.61,-122.61,0,0,
06/10/2026,10:00:17:899,38.984098,-76.925957,1,-120.69,-120.69,0,0,
06/10/2026,10:00:17:950,38.984110,-76.925951,4,-85.59,-85.59,0,0,
06/10/2026,10:00:18:008,38.984122,-76.925945,2,-121.68,-121.68,0,0,
06/10/2026,10:00:18:092,38.984135,-76.925938,3,-122.4,-122.4,0,0,
06/10/2026,10:00:18:114,38.984147,-76.925932,1,-119.57,-119.57,0,0,
06/10/2026,10:00:18:165,38.984159,-76.925926,4,-86.56,-86.56,0,0,
06/10/2026,10:00:18:224,38.984171,-76.925919,2,-120.35,-120.35,0,0,
06/10/2026,10:00:18:311,38.984184,-76.925913,3,-120.48,-120.48,0,0,
06/10/2026,10:00:18:321,38.984196,-76.925907,1,-118.4,-118.4,0,0,
06/10/2026,10:00:18:378,38.984208,-76.925901,4,-86.39,-86.39,0,0,
06/10/2026,10:00:18:428,38.984221,-76.925894,2,-118.05,-118.05,0,0,
06/10/2026,10:00:18:537,38.984233,-76.925888,3,-121.57,-121.57,0,0,
06/10/2026,10:00:18:541,38.984245,-76.925882,1,-120.73,-120.73,0,0,
06/10/2026,10:00:18:630,38.984258,-76.925876,4,-85.22,-85.22,0,0,
06/10/2026,10:00:18:644,38.984270,-76.925869,2,-119.85,-119.85,0,0,
06/10/2026,10:00:18:750,38.984282,-76.925863,3,-122.13,-122.13,0,0,
06/10/2026,10:00:18:755,38.984294,-76.925857,1,-119.57,-119.57,0,0,
06/10/2026,10:00:18:809,38.984307,-76.925851,4,-90.39,-90.39,0,0,
06/10/2026,10:00:19:262,38.984319,-76.925846,2,-121.39,-121.39,0,0,
06/10/2026,10:00:19:280,38.984331,-76.925840,3,-120.48,-120.48,0,0,
06/10/2026,10:00:19:284,38.984344,-76.925834,1,-120.98,-120.98,0,0,
06/10/2026,10:00:19:295,38.984356,-76.925828,4,-81.82,-81.82,0,0,
06/10/2026,10:00:19:312,38.984368,-76.925823,2,-119.05,-119.05,0,0,
06/10/2026,10:00:19:337,38.984381,-76.925817,3,-122.05,-122.05,0,0,
06/10/2026,10:00:19:341,38.984393,-76.925811,1,-119.98,-119.98,0,0,
06/10/2026,10:00:19:352,38.984405,-76.925805,4,-91.83,-91.83,0,0,
06/10/2026,10:00:19:363,38.984417,-76.925799,2,-120.24,-120.24,0,0,
06/10/2026,10:00:19:389,38.984430,-76.925794,3,-120.23,-120.23,0,0,
06/10/2026,10:00:19:392,38.984442,-76.925788,1,-120.87,-120.87,0,0,
06/10/2026,10:00:19:430,38.984454,-76.925782,4,-77.94,-77.94,0,0,
06/10/2026,10:00:19:480,38.984467,-76.925776,2,-119.98,-119.98,0,0,
06/10/2026,10:00:19:576,38.984479,-76.925770,3,-121.41,-121.41,0,0,
06/10/2026,10:00:19:586,38.984491,-76.925765,1,-120.99,-120.99,0,0,
06/10/2026,10:00:19:648,38.984504,-76.925759,4,-87.54,-87.54,0,0,
06/10/2026,10:00:19:691,38.984516,-76.925753,2,-119.64,-119.64,0,0,
06/10/2026,10:00:19:779,38.984528,-76.925747,3,-122.68,-122.68,0,0,
06/10/2026,10:00:19:799,38.984541,-76.925741,1,-119.59,-119.59,0,0,
06/10/2026,10:00:19:851,38.984554,-76.925736,4,-89.04,-89.04,0,0,
06/10/2026,10:00:19:901,38.984566,-76.925730,2,-122.1,-122.1,0,0,
06/10/2026,10:00:19:991,38.984579,-76.925724,3,-119.42,-119.42,0,0,
06/10/2026,10:00:20:008,38.984591,-76.925718,1,-119.82,-119.82,0,0,
06/10/2026,10:00:20:060,38.984604,-76.925713,4,-83.29,-83.29,0,0,
06/10/2026,10:00:20:113,38.984616,-76.925707,2,-120.82,-120.82,0,0,
06/10/2026,10:00:20:202,38.984629,-76.925701,3,-120.74,-120.74,0,0,
06/10/2026,10:00:20:218,38.984641,-76.925695,1,-119.55,-119.55,0,0,
06/10/2026,10:00:20:296,38.984654,-76.925689,4,-84.96,-84.96,0,0,
06/10/2026,10:00:20:373,38.984666,-76.925684,2,-120.81,-120.81,0,0,
06/10/2026,10:00:20:449,38.984679,-76.925678,3,-121.01,-121.01,0,0,
06/10/2026,10:00:20:454,38.984692,-76.925672,1,-119.07,-119.07,0,0,
06/10/2026,10:00:20:504,38.984704,-76.925666,4,-82.32,-82.32,0,0,
06/10/2026,10:00:20:547,38.984717,-76.925660,2,-119.11,-119.11,0,0,
06/10/2026,10:00:20:628,38.984729,-76.925655,3,-122.58,-122.58,0,0,
06/10/2026,10:00:20:641,38.984742,-76.925649,1,-119.72,-119.72,0,0,
06/10/2026,10:00:20:694,38.984754,-76.925643,4,-81.46,-81.46,0,0,
06/10/2026,10:00:20:745,38.984766,-76.925638,2,-120.86,-120.86,0,0,
06/10/2026,10:00:20:857,38.984778,-76.925633,3,-122.47,-122.47,0,0,
06/10/2026,10:00:20:860,38.984790,-76.925628,1,-119.84,-119.84,0,0,
06/10/2026,10:00:20:904,38.984802,-76.925623,4,-82.68,-82.68,0,0,
06/10/2026,10:00:20:959,38.984814,-76.925618,2,-120.05,-120.05,0,0,
06/10/2026,10:00:21:045,38.984826,-76.925613,3,-123.72,-123.72,0,0,
06/10/2026,10:00:21:061,38.984838,-76.925608,1,-123.45,-123.45,0,0,
06/10/2026,10:00:21:116,38.984850,-76.925603,4,-74.88,-74.88,0,0,
06/10/2026,10:00:21:166,38.984862,-76.925598,2,-122.26,-122.26,0,0,
06/10/2026,10:00:21:255,38.984873,-76.925593,3,-119.45,-119.45,0,0,
06/10/2026,10:00:21:272,38.984885,-76.925588,1,-119.64,-119.64,0,0,
06/10/2026,10:00:21:327,38.984897,-76.925583,4,-88.28,-88.28,0,0,
06/10/2026,10:00:21:378,38.984909,-76.925577,2,-122.08,-122.08,0,0,
06/10/2026,10:00:21:467,38.984921,-76.925572,3,-121.41,-121.41,0,0,
06/10/2026,10:00:21:484,38.984933,-76.925567,1,-119.67,-119.67,0,0,
06/10/2026,10:00:21:537,38.984945,-76.925562,4,-86.77,-86.77,0,0,
06/10/2026,10:00:21:593,38.984957,-76.925557,2,-122.31,-122.31,0,0,
06/10/2026,10:00:21:677,38.984969,-76.925552,3,-122.77,-122.77,0,0,
06/10/2026,10:00:21:696,38.984981,-76.925547,1,-121.26,-121.26,0,0,
06/10/2026,10:00:21:751,38.984993,-76.925542,4,-75.77,-75.77,0,0,
06/10/2026,10:00:21:801,38.985006,-76.925536,2,-122.17,-122.17,0,0,
06/10/2026,10:00:21:889,38.985019,-76.925530,3,-123.78,-123.78,0,0,
06/10/2026,10:00:21:909,38.985032,-76.925524,1,-119.22,-119.22,0,0,
06/10/2026,10:00:21:957,38.985046,-76.925518,4,-82.08,-82.08,0,0,
06/10/2026,10:00:22:012,38.985059,-76.925512,2,-123.55,-123.55,0,0,
06/10/2026,10:00:22:101,38.985072,-76.925506,3,-121.12,-121.12,0,0,
06/10/2026,10:00:22:134,38.985085,-76.925499,1,-120.15,-120.15,0,0,
06/10/2026,10:00:22:167,38.985099,-76.925493,4,-87.15,-87.15,0,0,
06/10/2026,10:00:22:224,38.985112,-76.925487,2,-121.24,-121.24,0,0,
06/10/2026,10:00:22:313,38.985125,-76.925481,3,-123.55,-123.55,0,0,
06/10/2026,10:00:22:382,38.985138,-76.925475,1,-121.76,-121.76,0,0,
06/10/2026,10:00:22:393,38.985152,-76.925469,4,-76.88,-76.88,0,0,
06/10/2026,10:00:22:447,38.985165,-76.925463,2,-122.33,-122.33,0,0,
06/10/2026,10:00:22:534,38.985178,-76.925457,3,-123.84,-123.84,0,0,
06/10/2026,10:00:22:538,38.985191,-76.925451,1,-121.69,-121.69,0,0,
06/10/2026,10:00:22:592,38.985204,-76.925444,4,-87.51,-87.51,0,0,
06/10/2026,10:00:22:648,38.985218,-76.925438,2,-120.11,-120.11,0,0,
06/10/2026,10:00:22:732,38.985231,-76.925432,3,-120.14,-120.14,0,0,
06/10/2026,10:00:22:751,38.985244,-76.925427,1,-119.67,-119.67,0,0,
06/10/2026,10:00:22:802,38.985256,-76.925422,4,-81,-81,0,0,
06/10/2026,10:00:22:854,38.985269,-76.925416,2,-119.71,-119.71,0,0,
06/10/2026,10:00:22:946,38.985281,-76.925411,3,-120.24,-120.24,0,0,
06/10/2026,10:00:22:959,38.985294,-76.925406,1,-119.66,-119.66,0,0,
06/10/2026,10:00:23:012,38.985306,-76.925400,4,-77.71,-77.71,0,0,
06/10/2026,10:00:23:065,38.985319,-76.925395,2,-121.55,-121.55,0,0,
06/10/2026,10:00:23:155,38.985331,-76.925390,3,-122.97,-122.97,0,0,
06/10/2026,10:00:23:170,38.985344,-76.925384,1,-119.75,-119.75,0,0,
06/10/2026,10:00:23:224,38.985356,-76.925379,4,-84,-84,0,0,
06/10/2026,10:00:23:277,38.985369,-76.925374,2,-122.78,-122.78,0,0,
06/10/2026,10:00:23:365,38.985382,-76.925368,3,-121.06,-121.06,0,0,
06/10/2026,10:00:23:381,38.985394,-76.925363,1,-121.1,-121.1,0,0,
06/10/2026,10:00:23:434,38.985407,-76.925358,4,-82.91,-82.91,0,0,
06/10/2026,10:00:23:488,38.985419,-76.925353,2,-120.21,-120.21,0,0,
06/10/2026,10:00:23:577,38.985432,-76.925347,3,-121.15,-121.15,0,0,
06/10/2026,10:00:23:591,38.985444,-76.925342,1,-118.64,-118.64,0,0,
06/10/2026,10:00:23:648,38.985457,-76.925337,4,-85.3,-85.3,0,0,
06/10/2026,10:00:23:698,38.985469,-76.925331,2,-121.09,-121.09,0,0,
06/10/2026,10:00:23:787,38.985481,-76.925326,3,-121.6,-121.6,0,0,
06/10/2026,10:00:23:805,38.985493,-76.925321,1,-121.34,-121.34,0,0,
06/10/2026,10:00:23:858,38.985504,-76.925316,4,-76.63,-76.63,0,0,
06/10/2026,10:00:23:909,38.985516,-76.925311,2,-121.86,-121.86,0,0,
06/10/2026,10:00:23:997,38.985528,-76.925306,3,-120.1,-120.1,0,0,
06/10/2026,10:00:24:050,38.985539,-76.925301,1,-120.84,-120.84,0,0,
06/10/2026,10:00:24:067,38.985551,-76.925296,4,-81.58,-81.58,0,0,
06/10/2026,10:00:24:138,38.985563,-76.925291,2,-120.47,-120.47,0,0,
06/10/2026,10:00:24:219,38.985575,-76.925286,3,-120.05,-120.05,0,0,
06/10/2026,10:00:24:225,38.985586,-76.925281,1,-120.15,-120.15,0,0,
06/10/2026,10:00:24:278,38.985598,-76.925276,4,-83.79,-83.79,0,0,
06/10/2026,10:00:24:333,38.985610,-76.925271,2,-121.38,-121.38,0,0,
06/10/2026,10:00:24:419,38.985621,-76.925266,3,-120.55,-120.55,0,0,
06/10/2026,10:00:24:435,38.985633,-76.925261,1,-121.11,-121.11,0,0,
06/10/2026,10:00:24:489,38.985645,-76.925256,4,-79.44,-79.44,0,0,
06/10/2026,10:00:24:547,38.985656,-76.925251,2,-121.88,-121.88,0,0,
06/10/2026,10:00:24:635,38.985668,-76.925246,3,-120.38,-120.38,0,0,
06/10/2026,10:00:24:648,38.985680,-76.925241,1,-118.97,-118.97,0,0,
06/10/2026,10:00:24:699,38.985691,-76.925236,4,-85.5,-85.5,0,0,
06/10/2026,10:00:24:751,38.985703,-76.925230,2,-119.33,-119.33,0,0,
06/10/2026,10:00:24:852,38.985717,-76.925225,3,-122.33,-122.33,0,0,
06/10/2026,10:00:24:857,38.985731,-76.925220,1,-121.48,-121.48,0,0,
06/10/2026,10:00:24:911,38.985744,-76.925214,4,-80.68,-80.68,0,0,
06/10/2026,10:00:24:962,38.985758,-76.925209,2,-122.7,-122.7,0,0,
06/10/2026,10:00:25:055,38.985772,-76.925204,3,-120.2,-120.2,0,0,
06/10/2026,10:00:25:071,38.985786,-76.925198,1,-120.26,-120.26,0,0,
06/10/2026,10:00:25:121,38.985799,-76.925193,4,-79.41,-79.41,0,0,
06/10/2026,10:00:25:174,38.985813,-76.925187,2,-120.74,-120.74,0,0,
06/10/2026,10:00:25:264,38.985827,-76.925182,3,-121.21,-121.21,0,0,
06/10/2026,10:00:25:279,38.985841,-76.925177,1,-121.58,-121.58,0,0,
06/10/2026,10:00:25:333,38.985854,-76.925171,4,-80,-80,0,0,
06/10/2026,10:00:25:387,38.985868,-76.925166,2,-121.62,-121.62,0,0,
06/10/2026,10:00:25:473,38.985882,-76.925160,3,-120.24,-120.24,0,0,
06/10/2026,10:00:25:491,38.985896,-76.925155,1,-119.99,-119.99,0,0,
06/10/2026,10:00:25:544,38.985909,-76.925150,4,-76.65,-76.65,0,0,
06/10/2026,10:00:25:596,38.985923,-76.925144,2,-120.1,-120.1,0,0,
06/10/2026,10:00:25:684,38.985937,-76.925139,3,-120.54,-120.54,0,0,
06/10/2026,10:00:25:703,38.985949,-76.925134,1,-119.92,-119.92,0,0,
06/10/2026,10:00:25:753,38.985961,-76.925129,4,-80.46,-80.46,0,0,
06/10/2026,10:00:25:807,38.985973,-76.925124,2,-120.13,-120.13,0,0,
06/10/2026,10:00:25:897,38.985985,-76.925119,3,-120.59,-120.59,0,0,
06/10/2026,10:00:25:939,38.985998,-76.925114,1,-120.45,-120.45,0,0,
06/10/2026,10:00:26:019,38.986010,-76.925109,4,-79.75,-79.75,0,0,
06/10/2026,10:00:26:031,38.986022,-76.925104,2,-122.18,-122.18,0,0,
06/10/2026,10:00:26:160,38.986034,-76.925098,3,-120.79,-120.79,0,0,
06/10/2026,10:00:26:162,38.986046,-76.925093,1,-121.76,-121.76,0,0,
06/10/2026,10:00:26:174,38.986058,-76.925088,4,-80.69,-80.69,0,0,
06/10/2026,10:00:26:249,38.986070,-76.925083,2,-119.21,-119.21,0,0,
06/10/2026,10:00:26:321,38.986083,-76.925078,3,-122.37,-122.37,0,0,
06/10/2026,10:00:26:335,38.986095,-76.925073,1,-120.32,-120.32,0,0,
06/10/2026,10:00:26:387,38.986107,-76.925068,4,-88.01,-88.01,0,0,
06/10/2026,10:00:26:444,38.986119,-76.925063,2,-121.14,-121.14,0,0,
06/10/2026,10:00:26:530,38.986131,-76.925058,3,-122.35,-122.35,0,0,
06/10/2026,10:00:26:544,38.986143,-76.925053,1,-121.26,-121.26,0,0,
06/10/2026,10:00:26:598,38.986155,-76.925048,4,-78.23,-78.23,0,0,
06/10/2026,10:00:26:652,38.986168,-76.925043,2,-119.61,-119.61,0,0,
06/10/2026,10:00:26:739,38.986180,-76.925038,3,-120.84,-120.84,0,0,
06/10/2026,10:00:26:755,38.986192,-76.925033,1,-121.2,-121.2,0,0,
06/10/2026,10:00:26:813,38.986204,-76.925027,4,-78.22,-78.22,0,0,
06/10/2026,10:00:26:860,38.986217,-76.925022,2,-121.74,-121.74,0,0,
06/10/2026,10:00:26:950,38.986229,-76.925017,3,-123.24,-123.24,0,0,
06/10/2026,10:00:26:967,38.986241,-76.925011,1,-119.59,-119.59,0,0,
06/10/2026,10:00:27:020,38.986254,-76.925006,4,-80.68,-80.68,0,0,
06/10/2026,10:00:27:071,38.986266,-76.925001,2,-121.95,-121.95,0,0,
06/10/2026,10:00:27:160,38.986278,-76.924996,3,-121.27,-121.27,0,0,
06/10/2026,10:00:27:179,38.986291,-76.924990,1,-121.43,-121.43,0,0,
06/10/2026,10:00:27:230,38.986303,-76.924985,4,-85.7,-85.7,0,0,
06/10/2026,10:00:27:282,38.986315,-76.924980,2,-119.54,-119.54,0,0,
06/10/2026,10:00:27:372,38.986327,-76.924974,3,-121.54,-121.54,0,0,
06/10/2026,10:00:27:390,38.986340,-76.924969,1,-120.71,-120.71,0,0,
06/10/2026,10:00:27:440,38.986352,-76.924964,4,-82.1,-82.1,0,0,
06/10/2026,10:00:27:495,38.986364,-76.924958,2,-120.59,-120.59,0,0,
06/10/2026,10:00:27:583,38.986377,-76.924953,3,-120.19,-120.19,0,0,
06/10/2026,10:00:27:600,38.986389,-76.924948,1,-121.98,-121.98,0,0,
06/10/2026,10:00:27:651,38.986401,-76.924942,4,-84.41,-84.41,0,0,
06/10/2026,10:00:27:706,38.986414,-76.924937,2,-123.34,-123.34,0,0,
06/10/2026,10:00:27:793,38.986426,-76.924932,3,-121.1,-121.1,0,0,
06/10/2026,10:00:27:810,38.986439,-76.924927,1,-121.79,-121.79,0,0,
06/10/2026,10:00:27:865,38.986452,-76.924921,4,-79.51,-79.51,0,0,
06/10/2026,10:00:27:915,38.986465,-76.924916,2,-122.78,-122.78,0,0,
06/10/2026,10:00:28:044,38.986477,-76.924911,3,-121.35,-121.35,0,0,
06/10/2026,10:00:28:049,38.986490,-76.924905,1,-121.23,-121.23,0,0,
06/10/2026,10:00:28:132,38.986503,-76.924900,4,-81.94,-81.94,0,0,
06/10/2026,10:00:28:142,38.986516,-76.924895,2,-120.42,-120.42,0,0,
06/10/2026,10:00:28:218,38.986529,-76.924889,3,-119.29,-119.29,0,0,
06/10/2026,10:00:28:254,38.986541,-76.924884,1,-119.38,-119.38,0,0,
06/10/2026,10:00:28:284,38.986554,-76.924879,4,-83.04,-83.04,0,0,
06/10/2026,10:00:28:337,38.986567,-76.924873,2,-120.67,-120.67,0,0,
06/10/2026,10:00:28:427,38.986580,-76.924868,3,-122.43,-122.43,0,0,
06/10/2026,10:00:28:443,38.986593,-76.924863,1,-119.87,-119.87,0,0,
06/10/2026,10:00:28:496,38.986605,-76.924858,4,-81.22,-81.22,0,0,
06/10/2026,10:00:28:547,38.986618,-76.924852,2,-123.14,-123.14,0,0,
06/10/2026,10:00:28:639,38.986631,-76.924847,3,-122.74,-122.74,0,0,
06/10/2026,10:00:28:655,38.986644,-76.924842,1,-119.55,-119.55,0,0,
06/10/2026,10:00:28:710,38.986656,-76.924836,4,-84.18,-84.18,0,0,
06/10/2026,10:00:28:761,38.986669,-76.924831,2,-121.8,-121.8,0,0,
06/10/2026,10:00:28:848,38.986682,-76.924825,3,-122.49,-122.49,0,0,
06/10/2026,10:00:28:864,38.986695,-76.924819,1,-120.68,-120.68,0,0,
06/10/2026,10:00:28:917,38.986708,-76.924814,4,-87.39,-87.39,0,0,
06/10/2026,10:00:28:972,38.986721,-76.924808,2,-120.73,-120.73,0,0,
06/10/2026,10:00:29:059,38.986734,-76.924803,3,-119.61,-119.61,0,0,
06/10/2026,10:00:29:076,38.986747,-76.924797,1,-119.06,-119.06,0,0,
06/10/2026,10:00:29:130,38.986760,-76.924791,4,-82.32,-82.32,0,0,
06/10/2026,10:00:29:182,38.986773,-76.924786,2,-120.6,-120.6,0,0,
06/10/2026,10:00:29:270,38.986786,-76.924780,3,-122.28,-122.28,0,0,
06/10/2026,10:00:29:288,38.986799,-76.924775,1,-123.3,-123.3,0,0,
06/10/2026,10:00:29:759,38.986812,-76.924769,4,-79.76,-79.76,0,0,
06/10/2026,10:00:29:771,38.986825,-76.924763,2,-120.37,-120.37,0,0,
06/10/2026,10:00:29:809,38.986838,-76.924758,3,-121.39,-121.39,0,0,
06/10/2026,10:00:29:832,38.986851,-76.924752,1,-120.96,-120.96,0,0,
06/10/2026,10:00:29:848,38.986864,-76.924747,4,-82.23,-82.23,0,0,
06/10/2026,10:00:29:891,38.986877,-76.924741,2,-123.14,-123.14,0,0,
06/10/2026,10:00:29:912,38.986890,-76.924735,3,-121.9,-121.9,0,0,
06/10/2026,10:00:29:938,38.986902,-76.924730,1,-119.09,-119.09,0,0,
06/10/2026,10:00:29:949,38.986914,-76.924725,4,-87.02,-87.02,0,0,
06/10/2026,10:00:29:961,38.986926,-76.924720,2,-121.72,-121.72,0,0,
06/10/2026,10:00:30:009,38.986938,-76.924715,3,-120.81,-120.81,0,0,
06/10/2026,10:00:30:013,38.986950,-76.924710,1,-119.81,-119.81,0,0,
06/10/2026,10:00:30:046,38.986962,-76.924705,4,-77.89,-77.89,0,0,
06/10/2026,10:00:30:058,38.986974,-76.924700,2,-122.26,-122.26,0,0,
06/10/2026,10:00:30:171,38.986986,-76.924695,3,-119.82,-119.82,0,0,
06/10/2026,10:00:30:176,38.986998,-76.924690,1,-120.61,-120.61,0,0,
06/10/2026,10:00:30:186,38.987009,-76.924685,4,-86.15,-86.15,0,0,
06/10/2026,10:00:30:243,38.987021,-76.924680,2,-119.92,-119.92,0,0,
06/10/2026,10:00:30:325,38.987033,-76.924675,3,-121.14,-121.14,0,0,
06/10/2026,10:00:30:345,38.987045,-76.924670,1,-120.03,-120.03,0,0,
06/10/2026,10:00:30:394,38.987057,-76.924665,4,-83.15,-83.15,0,0,
06/10/2026,10:00:30:451,38.987069,-76.924660,2,-121.14,-121.14,0,0,
06/10/2026,10:00:30:537,38.987081,-76.924655,3,-122.2,-122.2,0,0,
06/10/2026,10:00:30:553,38.987093,-76.924650,1,-120.65,-120.65,0,0,
06/10/2026,10:00:30:608,38.987105,-76.924645,4,-86.5,-86.5,0,0,
06/10/2026,10:00:30:658,38.987117,-76.924640,2,-121.45,-121.45,0,0,
06/10/2026,10:00:30:749,38.987129,-76.924635,3,-121.49,-121.49,0,0,
06/10/2026,10:00:30:762,38.987141,-76.924630,1,-122.6,-122.6,0,0,
06/10/2026,10:00:30:816,38.987154,-76.924625,4,-84.99,-84.99,0,0,
06/10/2026,10:00:30:869,38.987166,-76.924620,2,-119.78,-119.78,0,0,
06/10/2026,10:00:30:959,38.987179,-76.924615,3,-121,-121,0,0,
06/10/2026,10:00:30:986,38.987191,-76.924610,1,-120.39,-120.39,0,0,
06/10/2026,10:00:31:029,38.987204,-76.924606,4,-85.74,-85.74,0,0,
06/10/2026,10:00:31:106,38.987216,-76.924601,2,-122.38,-122.38,0,0,
06/10/2026,10:00:31:168,38.987229,-76.924596,3,-120.1,-120.1,0,0,
06/10/2026,10:00:31:184,38.987242,-76.924591,1,-121.18,-121.18,0,0,
06/10/2026,10:00:31:242,38.987254,-76.924586,4,-86.9,-86.9,0,0,
06/10/2026,10:00:31:295,38.987267,-76.924582,2,-120.92,-120.92,0,0,
06/10/2026,10:00:31:379,38.987279,-76.924577,3,-122.05,-122.05,0,0,
06/10/2026,10:00:31:396,38.987292,-76.924572,1,-120.99,-120.99,0,0,
06/10/2026,10:00:31:447,38.987304,-76.924567,4,-79,-79,0,0,
06/10/2026,10:00:31:502,38.987317,-76.924562,2,-122.18,-122.18,0,0,
06/10/2026,10:00:31:594,38.987329,-76.924557,3,-120.92,-120.92,0,0,
06/10/2026,10:00:31:606,38.987342,-76.924553,1,-121.95,-121.95,0,0,
06/10/2026,10:00:31:701,38.987354,-76.924548,4,-81.45,-81.45,0,0,
06/10/2026,10:00:31:719,38.987367,-76.924543,2,-123.07,-123.07,0,0,
06/10/2026,10:00:31:813,38.987380,-76.924538,3,-121.78,-121.78,0,0,
06/10/2026,10:00:31:823,38.987393,-76.924532,1,-122.23,-122.23,0,0,
06/10/2026,10:00:31:899,38.987405,-76.924527,4,-81.2,-81.2,0,0,
06/10/2026,10:00:31:970,38.987418,-76.924522,2,-122.07,-122.07,0,0,
06/10/2026,10:00:32:012,38.987431,-76.924516,3,-120.81,-120.81,0,0,
06/10/2026,10:00:32:031,38.987444,-76.924511,1,-122.08,-122.08,0,0,
06/10/2026,10:00:32:082,38.987456,-76.924506,4,-80.46,-80.46,0,0,
06/10/2026,10:00:32:135,38.987469,-76.924500,2,-121.23,-121.23,0,0,
06/10/2026,10:00:32:224,38.987482,-76.924495,3,-122.05,-122.05,0,0,
06/10/2026,10:00:32:239,38.987495,-76.924490,1,-123.61,-123.61,0,0,
06/10/2026,10:00:32:295,38.987508,-76.924485,4,-90.83,-90.83,0,0,
06/10/2026,10:00:32:345,38.987520,-76.924479,2,-120.49,-120.49,0,0,
06/10/2026,10:00:32:435,38.987533,-76.924474,3,-120.91,-120.91,0,0,
06/10/2026,10:00:32:453,38.987546,-76.924469,1,-122.18,-122.18,0,0,
06/10/2026,10:00:32:515,38.987559,-76.924463,4,-84.21,-84.21,0,0,
06/10/2026,10:00:32:556,38.987572,-76.924458,2,-121.85,-121.85,0,0,
06/10/2026,10:00:32:645,38.987584,-76.924453,3,-119.03,-119.03,0,0,
06/10/2026,10:00:32:663,38.987597,-76.924447,1,-120.22,-120.22,0,0,
06/10/2026,10:00:32:714,38.987610,-76.924442,4,-80.14,-80.14,0,0,
06/10/2026,10:00:32:767,38.987622,-76.924437,2,-123.37,-123.37,0,0,
06/10/2026,10:00:32:856,38.987635,-76.924431,3,-120.71,-120.71,0,0,
06/10/2026,10:00:32:872,38.987648,-76.924426,1,-120.9,-120.9,0,0,
06/10/2026,10:00:32:925,38.987660,-76.924421,4,-81.73,-81.73,0,0,
06/10/2026,10:00:32:980,38.987673,-76.924416,2,-120.64,-120.64,0,0,
06/10/2026,10:00:33:066,38.987685,-76.924410,3,-121.72,-121.72,0,0,
06/10/2026,10:00:33:083,38.987698,-76.924405,1,-118.55,-118.55,0,0,
06/10/2026,10:00:33:135,38.987710,-76.924400,4,-83.9,-83.9,0,0,
06/10/2026,10:00:33:190,38.987723,-76.924394,2,-120.58,-120.58,0,0,
06/10/2026,10:00:33:279,38.987735,-76.924389,3,-121.43,-121.43,0,0,
06/10/2026,10:00:33:295,38.987748,-76.924384,1,-120.38,-120.38,0,0,
06/10/2026,10:00:33:347,38.987760,-76.924378,4,-83.56,-83.56,0,0,
06/10/2026,10:00:33:402,38.987773,-76.924373,2,-118.67,-118.67,0,0,
06/10/2026,10:00:33:487,38.987786,-76.924368,3,-122.45,-122.45,0,0,
06/10/2026,10:00:33:550,38.987798,-76.924362,1,-123.53,-123.53,0,0,
06/10/2026,10:00:33:560,38.987811,-76.924357,4,-79.75,-79.75,0,0,
06/10/2026,10:00:33:643,38.987823,-76.924352,2,-122.45,-122.45,0,0,
06/10/2026,10:00:33:699,38.987836,-76.924347,3,-119.06,-119.06,0,0,
06/10/2026,10:00:33:745,38.987848,-76.924341,1,-120.88,-120.88,0,0,
06/10/2026,10:00:33:828,38.987861,-76.924336,4,-81.54,-81.54,0,0,
06/10/2026,10:00:33:839,38.987873,-76.924331,2,-121.43,-121.43,0,0,
06/10/2026,10:00:33:911,38.987886,-76.924325,3,-121.85,-121.85,0,0,
06/10/2026,10:00:33:927,38.987898,-76.924320,1,-120.78,-120.78,0,0,
06/10/2026,10:00:33:981,38.987911,-76.924315,4,-87.26,-87.26,0,0,
06/10/2026,10:00:34:033,38.987924,-76.924309,2,-121.79,-121.79,0,0,
06/10/2026,10:00:34:122,38.987936,-76.924304,3,-120.88,-120.88,0,0,
06/10/2026,10:00:34:137,38.987949,-76.924299,1,-121.88,-121.88,0,0,
06/10/2026,10:00:34:191,38.987961,-76.924293,4,-77.79,-77.79,0,0,
06/10/2026,10:00:34:244,38.987974,-76.924288,2,-123.42,-123.42,0,0,
06/10/2026,10:00:34:330,38.987986,-76.924283,3,-121.95,-121.95,0,0,
06/10/2026,10:00:34:347,38.987999,-76.924278,1,-119.87,-119.87,0,0,
06/10/2026,10:00:34:406,38.988011,-76.924272,4,-81.16,-81.16,0,0,
06/10/2026,10:00:34:455,38.988024,-76.924267,2,-123.94,-123.94,0,0,
06/10/2026,10:00:34:541,38.988036,-76.924262,3,-120.37,-120.37,0,0,
06/10/2026,10:00:34:560,38.988049,-76.924256,1,-120.38,-120.38,0,0,
06/10/2026,10:00:34:624,38.988061,-76.924251,4,-82.04,-82.04,0,0,
06/10/2026,10:00:34:664,38.988074,-76.924246,2,-121.09,-121.09,0,0,
06/10/2026,10:00:34:753,38.988087,-76.924240,3,-122.18,-122.18,0,0,
06/10/2026,10:00:34:781,38.988099,-76.924236,1,-125.28,-125.28,0,0,
06/10/2026,10:00:34:823,38.988112,-76.924231,4,-82.92,-82.92,0,0,
06/10/2026,10:00:34:881,38.988124,-76.924226,2,-121.82,-121.82,0,0,
06/10/2026,10:00:34:967,38.988137,-76.924221,3,-121.28,-121.28,0,0,
06/10/2026,10:00:34:982,38.988149,-76.924216,1,-122.38,-122.38,0,0,
06/10/2026,10:00:35:060,38.988162,-76.924211,4,-77.72,-77.72,0,0,
06/10/2026,10:00:35:136,38.988174,-76.924207,2,-120.57,-120.57,0,0,
06/10/2026,10:00:35:209,38.988187,-76.924202,3,-120.7,-120.7,0,0,
06/10/2026,10:00:35:214,38.988199,-76.924197,1,-120.79,-120.79,0,0,
06/10/2026,10:00:35:268,38.988212,-76.924192,4,-86.74,-86.74,0,0,
06/10/2026,10:00:35:299,38.988225,-76.924187,2,-120.82,-120.82,0,0,
06/10/2026,10:00:35:410,38.988237,-76.924183,3,-123.66,-123.66,0,0,
06/10/2026,10:00:35:411,38.988250,-76.924178,1,-121,-121,0,0,
06/10/2026,10:00:35:463,38.988262,-76.924173,4,-80.5,-80.5,0,0,
06/10/2026,10:00:35:508,38.988275,-76.924168,2,-121.73,-121.73,0,0,
06/10/2026,10:00:35:598,38.988287,-76.924163,3,-122.17,-122.17,0,0,
06/10/2026,10:00:35:612,38.988300,-76.924158,1,-119.88,-119.88,0,0,
06/10/2026,10:00:35:671,38.988312,-76.924154,4,-79.65,-79.65,0,0,
06/10/2026,10:00:35:720,38.988325,-76.924149,2,-122.03,-122.03,0,0,
06/10/2026,10:00:35:807,38.988337,-76.924143,3,-122.22,-122.22,0,0,
06/10/2026,10:00:35:825,38.988350,-76.924137,1,-122.04,-122.04,0,0,
06/10/2026,10:00:35:879,38.988363,-76.924131,4,-78.1,-78.1,0,0,
06/10/2026,10:00:35:929,38.988375,-76.924126,2,-120.46,-120.46,0,0,
06/10/2026,10:00:36:017,38.988388,-76.924120,3,-119.09,-119.09,0,0,
06/10/2026,10:00:36:037,38.988400,-76.924114,1,-120.55,-120.55,0,0,
06/10/2026,10:00:36:088,38.988413,-76.924108,4,-85.44,-85.44,0,0,
06/10/2026,10:00:36:139,38.988425,-76.924102,2,-120.4,-120.4,0,0,
06/10/2026,10:00:36:228,38.988438,-76.924097,3,-122.02,-122.02,0,0,
06/10/2026,10:00:36:246,38.988450,-76.924091,1,-119.73,-119.73,0,0,
06/10/2026,10:00:36:299,38.988463,-76.924085,4,-83.06,-83.06,0,0,
06/10/2026,10:00:36:352,38.988475,-76.924079,2,-120.53,-120.53,0,0,
06/10/2026,10:00:36:442,38.988488,-76.924073,3,-122.13,-122.13,0,0,
06/10/2026,10:00:36:459,38.988501,-76.924068,1,-121.41,-121.41,0,0,
06/10/2026,10:00:36:510,38.988513,-76.924062,4,-82.66,-82.66,0,0,
06/10/2026,10:00:36:563,38.988526,-76.924056,2,-121.2,-121.2,0,0,
06/10/2026,10:00:36:653,38.988538,-76.924050,3,-120.79,-120.79,0,0,
06/10/2026,10:00:36:676,38.988551,-76.924045,1,-122.69,-122.69,0,0,
06/10/2026,10:00:36:721,38.988563,-76.924039,4,-82.27,-82.27,0,0,
06/10/2026,10:00:36:780,38.988577,-76.924034,2,-123.23,-123.23,0,0,
06/10/2026,10:00:36:862,38.988590,-76.924029,3,-121.64,-121.64,0,0,
06/10/2026,10:00:36:882,38.988604,-76.924023,1,-121.74,-121.74,0,0,
06/10/2026,10:00:36:932,38.988617,-76.924018,4,-83.88,-83.88,0,0,
06/10/2026,10:00:36:993,38.988631,-76.924013,2,-120.86,-120.86,0,0,
06/10/2026,10:00:37:073,38.988644,-76.924008,3,-121.15,-121.15,0,0,
06/10/2026,10:00:37:090,38.988658,-76.924003,1,-120.07,-120.07,0,0,
06/10/2026,10:00:37:144,38.988671,-76.923998,4,-85.26,-85.26,0,0,
06/10/2026,10:00:37:196,38.988685,-76.923993,2,-119.19,-119.19,0,0,
06/10/2026,10:00:37:283,38.988698,-76.923988,3,-122.07,-122.07,0,0,
06/10/2026,10:00:37:303,38.988712,-76.923983,1,-119.55,-119.55,0,0,
06/10/2026,10:00:37:353,38.988725,-76.923978,4,-87.59,-87.59,0,0,
06/10/2026,10:00:37:407,38.988739,-76.923973,2,-122.45,-122.45,0,0,
06/10/2026,10:00:37:499,38.988752,-76.923967,3,-120.08,-120.08,0,0,
06/10/2026,10:00:37:512,38.988766,-76.923962,1,-120.08,-120.08,0,0,
06/10/2026,10:00:37:568,38.988779,-76.923957,4,-83.57,-83.57,0,0,
06/10/2026,10:00:37:616,38.988793,-76.923952,2,-121.96,-121.96,0,0,
06/10/2026,10:00:37:707,38.988806,-76.923947,3,-121.67,-121.67,0,0,
06/10/2026,10:00:37:723,38.988818,-76.923942,1,-120.46,-120.46,0,0,
06/10/2026,10:00:37:775,38.988830,-76.923937,4,-82.17,-82.17,0,0,
06/10/2026,10:00:37:828,38.988841,-76.923932,2,-120.57,-120.57,0,0,
06/10/2026,10:00:37:919,38.988853,-76.923927,3,-123.26,-123.26,0,0,
06/10/2026,10:00:37:946,38.988865,-76.923922,1,-122.45,-122.45,0,0,
06/10/2026,10:00:37:985,38.988876,-76.923917,4,-83.04,-83.04,0,0,
06/10/2026,10:00:38:080,38.988888,-76.923912,2,-121.16,-121.16,0,0,
06/10/2026,10:00:38:168,38.988900,-76.923907,3,-119.53,-119.53,0,0,
06/10/2026,10:00:38:169,38.988911,-76.923902,1,-120.43,-120.43,0,0,
06/10/2026,10:00:38:205,38.988923,-76.923897,4,-84.5,-84.5,0,0,
06/10/2026,10:00:38:298,38.988935,-76.923892,2,-120.05,-120.05,0,0,
06/10/2026,10:00:38:341,38.988946,-76.923887,3,-120.18,-120.18,0,0,
06/10/2026,10:00:38:362,38.988958,-76.923882,1,-119.52,-119.52,0,0,
06/10/2026,10:00:38:417,38.988970,-76.923876,4,-82.42,-82.42,0,0,
06/10/2026,10:00:38:462,38.988982,-76.923871,2,-120.02,-120.02,0,0,
06/10/2026,10:00:38:552,38.988993,-76.923866,3,-121.49,-121.49,0,0,
06/10/2026,10:00:38:573,38.989005,-76.923861,1,-121.42,-121.42,0,0,
06/10/2026,10:00:38:620,38.989017,-76.923856,4,-85.25,-85.25,0,0,
06/10/2026,10:00:38:672,38.989028,-76.923851,2,-121.74,-121.74,0,0,
06/10/2026,10:00:38:778,38.989040,-76.923846,3,-119.91,-119.91,0,0,
06/10/2026,10:00:38:779,38.989053,-76.923841,1,-119.61,-119.61,0,0,
06/10/2026,10:00:38:829,38.989066,-76.923836,4,-87.79,-87.79,0,0,
06/10/2026,10:00:38:882,38.989078,-76.923830,2,-119.74,-119.74,0,0,
06/10/2026,10:00:38:971,38.989091,-76.923825,3,-121.69,-121.69,0,0,
06/10/2026,10:00:38:990,38.989104,-76.923820,1,-120.17,-120.17,0,0,
06/10/2026,10:00:39:041,38.989117,-76.923814,4,-91.73,-91.73,0,0,
06/10/2026,10:00:39:100,38.989129,-76.923809,2,-118.41,-118.41,0,0,
06/10/2026,10:00:39:188,38.989142,-76.923804,3,-122.31,-122.31,0,0,
06/10/2026,10:00:39:198,38.989155,-76.923798,1,-121.09,-121.09,0,0,
06/10/2026,10:00:39:252,38.989168,-76.923793,4,-88.22,-88.22,0,0,
06/10/2026,10:00:39:306,38.989181,-76.923788,2,-120.95,-120.95,0,0,
06/10/2026,10:00:39:395,38.989193,-76.923783,3,-122.66,-122.66,0,0,
06/10/2026,10:00:39:418,38.989206,-76.923777,1,-122.31,-122.31,0,0,
06/10/2026,10:00:39:465,38.989219,-76.923772,4,-90.79,-90.79,0,0,
06/10/2026,10:00:39:517,38.989232,-76.923767,2,-119.71,-119.71,0,0,
06/10/2026,10:00:39:604,38.989245,-76.923761,3,-120.98,-120.98,0,0,
06/10/2026,10:00:39:622,38.989257,-76.923756,1,-118.02,-118.02,0,0,
06/10/2026,10:00:39:674,38.989270,-76.923751,4,-84.85,-84.85,0,0,
06/10/2026,10:00:39:727,38.989283,-76.923745,2,-120.3,-120.3,0,0,
06/10/2026,10:00:39:814,38.989296,-76.923740,3,-119.06,-119.06,0,0,
06/10/2026,10:00:39:833,38.989309,-76.923734,1,-119.97,-119.97,0,0,
06/10/2026,10:00:39:887,38.989323,-76.923729,4,-95.08,-95.08,0,0,
06/10/2026,10:00:39:936,38.989336,-76.923723,2,-120.53,-120.53,0,0,
06/10/2026,10:00:40:025,38.989349,-76.923717,3,-121.36,-121.36,0,0,
06/10/2026,10:00:40:064,38.989362,-76.923712,1,-119.63,-119.63,0,0,
06/10/2026,10:00:40:148,38.989376,-76.923706,4,-87.31,-87.31,0,0,
06/10/2026,10:00:40:156,38.989389,-76.923701,2,-120.59,-120.59,0,0,
06/10/2026,10:00:40:302,38.989402,-76.923695,3,-119.56,-119.56,0,0,
06/10/2026,10:00:40:303,38.989415,-76.923689,1,-120.84,-120.84,0,0,
06/10/2026,10:00:40:311,38.989429,-76.923684,4,-93.25,-93.25,0,0,
06/10/2026,10:00:40:384,38.989442,-76.923678,2,-119.29,-119.29,0,0,
06/10/2026,10:00:40:451,38.989455,-76.923673,3,-120.07,-120.07,0,0,
06/10/2026,10:00:40:464,38.989468,-76.923667,1,-121.12,-121.12,0,0,
06/10/2026,10:00:40:517,38.989482,-76.923661,4,-81.14,-81.14,0,0,
06/10/2026,10:00:40:570,38.989495,-76.923656,2,-122.11,-122.11,0,0,
06/10/2026,10:00:40:658,38.989508,-76.923650,3,-123.52,-123.52,0,0,
06/10/2026,10:00:40:681,38.989521,-76.923645,1,-121.59,-121.59,0,0,
06/10/2026,10:00:40:734,38.989534,-76.923640,4,-86.85,-86.85,0,0,
06/10/2026,10:00:40:781,38.989546,-76.923635,2,-120.9,-120.9,0,0,
06/10/2026,10:00:40:869,38.989559,-76.923630,3,-123.28,-123.28,0,0,
06/10/2026,10:00:40:887,38.989571,-76.923625,1,-122.18,-122.18,0,0,
06/10/2026,10:00:40:940,38.989584,-76.923620,4,-79.54,-79.54,0,0,
06/10/2026,10:00:40:992,38.989597,-76.923616,2,-120.99,-120.99,0,0,
06/10/2026,10:00:41:081,38.989609,-76.923611,3,-121.63,-121.63,0,0,
06/10/2026,10:00:41:102,38.989622,-76.923606,1,-121.61,-121.61,0,0,
06/10/2026,10:00:41:149,38.989634,-76.923601,4,-83.3,-83.3,0,0,
06/10/2026,10:00:41:207,38.989647,-76.923596,2,-121.22,-121.22,0,0,
06/10/2026,10:00:41:290,38.989659,-76.923591,3,-120.67,-120.67,0,0,
06/10/2026,10:00:41:336,38.989672,-76.923587,1,-119.7,-119.7,0,0,
06/10/2026,10:00:41:361,38.989684,-76.923582,4,-83.4,-83.4,0,0,
06/10/2026,10:00:41:415,38.989697,-76.923577,2,-120.75,-120.75,0,0,
06/10/2026,10:00:41:501,38.989709,-76.923572,3,-120.19,-120.19,0,0,
06/10/2026,10:00:41:521,38.989722,-76.923567,1,-122.2,-122.2,0,0,
06/10/2026,10:00:41:572,38.989735,-76.923563,4,-80.79,-80.79,0,0,
06/10/2026,10:00:41:625,38.989747,-76.923558,2,-122.48,-122.48,0,0,
06/10/2026,10:00:41:713,38.989760,-76.923553,3,-119.88,-119.88,0,0,
06/10/2026,10:00:41:731,38.989772,-76.923547,1,-121.02,-121.02,0,0,
06/10/2026,10:00:41:784,38.989783,-76.923542,4,-83.57,-83.57,0,0,
06/10/2026,10:00:41:835,38.989795,-76.923536,2,-118.86,-118.86,0,0,
06/10/2026,10:00:41:925,38.989807,-76.923531,3,-122.01,-122.01,0,0,
06/10/2026,10:00:41:942,38.989819,-76.923525,1,-119.97,-119.97,0,0,
06/10/2026,10:00:41:993,38.989831,-76.923520,4,-87.38,-87.38,0,0,
06/10/2026,10:00:42:108,38.989843,-76.923514,2,-121.15,-121.15,0,0,
06/10/2026,10:00:42:156,38.989855,-76.923509,3,-120.63,-120.63,0,0,
06/10/2026,10:00:42:160,38.989867,-76.923503,1,-121.48,-121.48,0,0,
06/10/2026,10:00:42:248,38.989879,-76.923498,4,-92.65,-92.65,0,0,
06/10/2026,10:00:42:258,38.989891,-76.923492,2,-120.3,-120.3,0,0,
06/10/2026,10:00:42:345,38.989903,-76.923487,3,-123.67,-123.67,0,0,
06/10/2026,10:00:42:361,38.989915,-76.923481,1,-119.85,-119.85,0,0,
06/10/2026,10:00:42:416,38.989926,-76.923476,4,-94.11,-94.11,0,0,
06/10/2026,10:00:42:467,38.989938,-76.923470,2,-121.47,-121.47,0,0,
06/10/2026,10:00:42:562,38.989950,-76.923465,3,-121.38,-121.38,0,0,
06/10/2026,10:00:42:573,38.989962,-76.923459,1,-120.9,-120.9,0,0,
06/10/2026,10:00:42:624,38.989974,-76.923454,4,-84.62,-84.62,0,0,
06/10/2026,10:00:42:687,38.989986,-76.923448,2,-121.69,-121.69,0,0,
06/10/2026,10:00:42:768,38.989998,-76.923443,3,-120.9,-120.9,0,0,
06/10/2026,10:00:42:784,38.990011,-76.923438,1,-121.5,-121.5,0,0,
06/10/2026,10:00:42:837,38.990024,-76.923433,4,-88.11,-88.11,0,0,
06/10/2026,10:00:42:891,38.990038,-76.923428,2,-121.73,-121.73,0,0,
06/10/2026,10:00:42:984,38.990051,-76.923422,3,-120.54,-120.54,0,0,
06/10/2026,10:00:42:995,38.990064,-76.923417,1,-119.21,-119.21,0,0,
06/10/2026,10:00:43:051,38.990077,-76.923412,4,-85.34,-85.34,0,0,
06/10/2026,10:00:43:106,38.990091,-76.923407,2,-122.04,-122.04,0,0,
06/10/2026,10:00:43:189,38.990104,-76.923402,3,-122.24,-122.24,0,0,
06/10/2026,10:00:43:205,38.990117,-76.923397,1,-121.49,-121.49,0,0,
06/10/2026,10:00:43:265,38.990130,-76.923392,4,-91.15,-91.15,0,0,
06/10/2026,10:00:43:312,38.990144,-76.923387,2,-119.64,-119.64,0,0,
06/10/2026,10:00:43:402,38.990157,-76.923382,3,-120.17,-120.17,0,0,
06/10/2026,10:00:43:418,38.990170,-76.923377,1,-123.1,-123.1,0,0,
06/10/2026,10:00:43:469,38.990183,-76.923372,4,-89.18,-89.18,0,0,
06/10/2026,10:00:43:523,38.990197,-76.923366,2,-120.45,-120.45,0,0,
06/10/2026,10:00:43:614,38.990210,-76.923361,3,-123.63,-123.63,0,0,
06/10/2026,10:00:43:628,38.990223,-76.923356,1,-119.8,-119.8,0,0,
06/10/2026,10:00:43:686,38.990236,-76.923351,4,-89.21,-89.21,0,0,
06/10/2026,10:00:43:768,38.990249,-76.923346,2,-121.27,-121.27,0,0,
06/10/2026,10:00:43:825,38.990261,-76.923342,3,-123.38,-123.38,0,0,
06/10/2026,10:00:43:898,38.990274,-76.923337,1,-120.25,-120.25,0,0,
06/10/2026,10:00:43:906,38.990287,-76.923332,4,-88.17,-88.17,0,0,
06/10/2026,10:00:43:972,38.990299,-76.923327,2,-119.93,-119.93,0,0,
06/10/2026,10:00:44:048,38.990312,-76.923322,3,-119.95,-119.95,0,0,
06/10/2026,10:00:44:055,38.990324,-76.923317,1,-121.8,-121.8,0,0,
06/10/2026,10:00:44:103,38.990337,-76.923313,4,-82.98,-82.98,0,0,
06/10/2026,10:00:44:161,38.990349,-76.923308,2,-119.06,-119.06,0,0,
06/10/2026,10:00:44:245,38.990362,-76.923303,3,-121.1,-121.1,0,0,
06/10/2026,10:00:44:262,38.990374,-76.923298,1,-118.95,-118.95,0,0,
06/10/2026,10:00:44:314,38.990387,-76.923293,4,-80.14,-80.14,0,0,
06/10/2026,10:00:44:368,38.990399,-76.923288,2,-119.55,-119.55,0,0,
06/10/2026,10:00:44:456,38.990412,-76.923284,3,-121.94,-121.94,0,0,
06/10/2026,10:00:44:476,38.990424,-76.923279,1,-119.46,-119.46,0,0,
06/10/2026,10:00:44:525,38.990437,-76.923274,4,-80.94,-80.94,0,0,
06/10/2026,10:00:44:578,38.990450,-76.923269,2,-122.02,-122.02,0,0,
06/10/2026,10:00:44:668,38.990462,-76.923264,3,-120.88,-120.88,0,0,
06/10/2026,10:00:44:681,38.990475,-76.923260,1,-120.72,-120.72,0,0,
06/10/2026,10:00:44:737,38.990487,-76.923254,4,-85.36,-85.36,0,0,
06/10/2026,10:00:44:788,38.990499,-76.923248,2,-121.07,-121.07,0,0,
06/10/2026,10:00:45:298,38.990512,-76.923242,3,-119.27,-119.27,0,0,
06/10/2026,10:00:45:299,38.990524,-76.923236,1,-119.49,-119.49,0,0,
06/10/2026,10:00:45:323,38.990536,-76.923231,4,-86.83,-86.83,0,0,
06/10/2026,10:00:45:334,38.990548,-76.923225,2,-119.57,-119.57,0,0,
06/10/2026,10:00:45:368,38.990561,-76.923219,3,-123.27,-123.27,0,0,
06/10/2026,10:00:45:372,38.990573,-76.923213,1,-119.09,-119.09,0,0,
06/10/2026,10:00:45:392,38.990585,-76.923207,4,-94.1,-94.1,0,0,
06/10/2026,10:00:45:409,38.990598,-76.923202,2,-121.01,-121.01,0,0,
06/10/2026,10:00:45:434,38.990610,-76.923196,3,-119.03,-119.03,0,0,
06/10/2026,10:00:45:438,38.990622,-76.923190,1,-121.25,-121.25,0,0,
06/10/2026,10:00:45:457,38.990635,-76.923184,4,-91.01,-91.01,0,0,
06/10/2026,10:00:45:503,38.990647,-76.923178,2,-119.03,-119.03,0,0,
06/10/2026,10:00:45:519,38.990659,-76.923173,3,-119.47,-119.47,0,0,
06/10/2026,10:00:45:526,38.990672,-76.923167,1,-121.86,-121.86,0,0,
06/10/2026,10:00:45:611,38.990684,-76.923161,4,-93.01,-93.01,0,0,
06/10/2026,10:00:45:699,38.990696,-76.923155,2,-120.26,-120.26,0,0,
06/10/2026,10:00:45:750,38.990708,-76.923150,3,-121.07,-121.07,0,0,
06/10/2026,10:00:45:754,38.990721,-76.923144,1,-119.5,-119.5,0,0,
06/10/2026,10:00:45:797,38.990734,-76.923139,4,-85.79,-85.79,0,0,
06/10/2026,10:00:45:847,38.990746,-76.923134,2,-121.21,-121.21,0,0,
06/10/2026,10:00:45:930,38.990759,-76.923128,3,-121.35,-121.35,0,0,
06/10/2026,10:00:45:950,38.990771,-76.923123,1,-122.97,-122.97,0,0,
06/10/2026,10:00:46:002,38.990784,-76.923118,4,-84.01,-84.01,0,0,
06/10/2026,10:00:46:054,38.990796,-76.923112,2,-120.31,-120.31,0,0,
06/10/2026,10:00:46:141,38.990809,-76.923107,3,-120.61,-120.61,0,0,
06/10/2026,10:00:46:159,38.990821,-76.923102,1,-119.23,-119.23,0,0,
06/10/2026,10:00:46:211,38.990834,-76.923096,4,-77.93,-77.93,0,0,
06/10/2026,10:00:46:264,38.990846,-76.923091,2,-120.92,-120.92,0,0,
06/10/2026,10:00:46:353,38.990859,-76.923086,3,-120.09,-120.09,0,0,
06/10/2026,10:00:46:371,38.990872,-76.923081,1,-119.04,-119.04,0,0,
06/10/2026,10:00:46:424,38.990884,-76.923075,4,-80.13,-80.13,0,0,
06/10/2026,10:00:46:474,38.990897,-76.923070,2,-120.8,-120.8,0,0,
06/10/2026,10:00:46:562,38.990909,-76.923065,3,-121.58,-121.58,0,0,
06/10/2026,10:00:46:582,38.990922,-76.923059,1,-118.87,-118.87,0,0,
06/10/2026,10:00:46:634,38.990934,-76.923054,4,-79.23,-79.23,0,0,
06/10/2026,10:00:46:686,38.990947,-76.923049,2,-123.97,-123.97,0,0,
06/10/2026,10:00:46:778,38.990959,-76.923044,3,-120.47,-120.47,0,0,
06/10/2026,10:00:46:793,38.990972,-76.923039,1,-120.4,-120.4,0,0,
06/10/2026,10:00:46:843,38.990984,-76.923034,4,-79.31,-79.31,0,0,
06/10/2026,10:00:46:900,38.990997,-76.923029,2,-121.46,-121.46,0,0,
06/10/2026,10:00:46:991,38.991010,-76.923025,3,-121.51,-121.51,0,0,
06/10/2026,10:00:47:002,38.991022,-76.923020,1,-120.34,-120.34,0,0,
06/10/2026,10:00:47:055,38.991035,-76.923015,4,-78.89,-78.89,0,0,
06/10/2026,10:00:47:107,38.991047,-76.923010,2,-120.75,-120.75,0,0,
06/10/2026,10:00:47:199,38.991060,-76.923005,3,-121.4,-121.4,0,0,
06/10/2026,10:00:47:214,38.991072,-76.923000,1,-120.61,-120.61,0,0,
06/10/2026,10:00:47:269,38.991085,-76.922996,4,-84.27,-84.27,0,0,
06/10/2026,10:00:47:317,38.991097,-76.922991,2,-120.67,-120.67,0,0,
06/10/2026,10:00:47:407,38.991110,-76.922986,3,-123.41,-123.41,0,0,
06/10/2026,10:00:47:424,38.991122,-76.922981,1,-121.06,-121.06,0,0,
06/10/2026,10:00:47:478,38.991135,-76.922976,4,-87.5,-87.5,0,0,
06/10/2026,10:00:47:547,38.991148,-76.922971,2,-119.74,-119.74,0,0,
06/10/2026,10:00:47:637,38.991160,-76.922967,3,-120.91,-120.91,0,0,
06/10/2026,10:00:47:640,38.991173,-76.922962,1,-119.47,-119.47,0,0,
06/10/2026,10:00:47:716,38.991185,-76.922957,4,-84.81,-84.81,0,0,
06/10/2026,10:00:47:771,38.991197,-76.922952,2,-121.09,-121.09,0,0,
06/10/2026,10:00:47:829,38.991209,-76.922947,3,-121.59,-121.59,0,0,
06/10/2026,10:00:47:847,38.991220,-76.922942,1,-120.69,-120.69,0,0,
06/10/2026,10:00:47:898,38.991232,-76.922937,4,-84.42,-84.42,0,0,
06/10/2026,10:00:47:950,38.991244,-76.922932,2,-123.44,-123.44,0,0,
06/10/2026,10:00:48:039,38.991255,-76.922927,3,-122.62,-122.62,0,0,
06/10/2026,10:00:48:057,38.991267,-76.922922,1,-121.36,-121.36,0,0,
06/10/2026,10:00:48:109,38.991279,-76.922917,4,-81.34,-81.34,0,0,
06/10/2026,10:00:48:163,38.991290,-76.922912,2,-120.09,-120.09,0,0,
06/10/2026,10:00:48:250,38.991302,-76.922907,3,-120.9,-120.9,0,0,
06/10/2026,10:00:48:266,38.991314,-76.922902,1,-121.39,-121.39,0,0,
06/10/2026,10:00:48:319,38.991325,-76.922896,4,-86.22,-86.22,0,0,
06/10/2026,10:00:48:375,38.991337,-76.922891,2,-121.88,-121.88,0,0,
06/10/2026,10:00:48:462,38.991349,-76.922886,3,-120.16,-120.16,0,0,
06/10/2026,10:00:48:478,38.991360,-76.922881,1,-120.07,-120.07,0,0,
06/10/2026,10:00:48:530,38.991372,-76.922876,4,-82.24,-82.24,0,0,
06/10/2026,10:00:48:582,38.991384,-76.922871,2,-121.87,-121.87,0,0,
06/10/2026,10:00:48:671,38.991396,-76.922866,3,-122.15,-122.15,0,0,
06/10/2026,10:00:48:690,38.991407,-76.922861,1,-120.63,-120.63,0,0,
06/10/2026,10:00:48:744,38.991419,-76.922856,4,-78.43,-78.43,0,0,
06/10/2026,10:00:48:794,38.991432,-76.922851,2,-120.06,-120.06,0,0,
06/10/2026,10:00:48:885,38.991445,-76.922845,3,-122.9,-122.9,0,0,
06/10/2026,10:00:48:902,38.991459,-76.922839,1,-119.32,-119.32,0,0,
06/10/2026,10:00:48:953,38.991472,-76.922834,4,-84.24,-84.24,0,0,
06/10/2026,10:00:49:018,38.991485,-76.922828,2,-121.17,-121.17,0,0,
06/10/2026,10:00:49:094,38.991498,-76.922823,3,-118.89,-118.89,0,0,
06/10/2026,10:00:49:110,38.991512,-76.922817,1,-118.74,-118.74,0,0,
06/10/2026,10:00:49:162,38.991525,-76.922811,4,-82.41,-82.41,0,0,
06/10/2026,10:00:49:217,38.991538,-76.922806,2,-121.06,-121.06,0,0,
06/10/2026,10:00:49:306,38.991551,-76.922800,3,-121.59,-121.59,0,0,
06/10/2026,10:00:49:329,38.991565,-76.922795,1,-118.48,-118.48,0,0,
06/10/2026,10:00:49:376,38.991578,-76.922789,4,-84.96,-84.96,0,0,
06/10/2026,10:00:49:427,38.991591,-76.922783,2,-122.49,-122.49,0,0,
06/10/2026,10:00:49:517,38.991604,-76.922778,3,-120.32,-120.32,0,0,
06/10/2026,10:00:49:582,38.991618,-76.922772,1,-123.73,-123.73,0,0,
06/10/2026,10:00:49:601,38.991631,-76.922767,4,-80.72,-80.72,0,0,
06/10/2026,10:00:49:671,38.991644,-76.922761,2,-120.55,-120.55,0,0,
06/10/2026,10:00:49:732,38.991657,-76.922755,3,-123.48,-123.48,0,0,
06/10/2026,10:00:49:788,38.991670,-76.922750,1,-121.11,-121.11,0,0,
06/10/2026,10:00:49:800,38.991682,-76.922746,4,-77.13,-77.13,0,0,
06/10/2026,10:00:49:849,38.991695,-76.922741,2,-120.46,-120.46,0,0,
06/10/2026,10:00:49:938,38.991707,-76.922736,3,-120.99,-120.99,0,0,
06/10/2026,10:00:49:963,38.991720,-76.922731,1,-120.34,-120.34,0,0,
06/10/2026,10:00:50:006,38.991733,-76.922726,4,-83.84,-83.84,0,0,
06/10/2026,10:00:50:061,38.991745,-76.922722,2,-120.3,-120.3,0,0,
06/10/2026,10:00:50:149,38.991758,-76.922717,3,-121.06,-121.06,0,0,
06/10/2026,10:00:50:166,38.991770,-76.922712,1,-120.55,-120.55,0,0,
06/10/2026,10:00:50:218,38.991783,-76.922707,4,-84.64,-84.64,0,0,
06/10/2026,10:00:50:271,38.991795,-76.922702,2,-121.57,-121.57,0,0,
06/10/2026,10:00:50:756,38.991808,-76.922697,3,-121.26,-121.26,0,0,
06/10/2026,10:00:50:760,38.991820,-76.922693,1,-121.29,-121.29,0,0,
06/10/2026,10:00:50:771,38.991833,-76.922688,4,-83.78,-83.78,0,0,
06/10/2026,10:00:50:787,38.991845,-76.922683,2,-118.23,-118.23,0,0,
06/10/2026,10:00:50:822,38.991858,-76.922678,3,-121.7,-121.7,0,0,
06/10/2026,10:00:50:825,38.991871,-76.922673,1,-120.54,-120.54,0,0,
06/10/2026,10:00:50:834,38.991883,-76.922668,4,-76.34,-76.34,0,0,
06/10/2026,10:00:50:855,38.991896,-76.922664,2,-123.06,-123.06,0,0,
06/10/2026,10:00:50:879,38.991907,-76.922659,3,-123.55,-123.55,0,0,
06/10/2026,10:00:50:885,38.991919,-76.922654,1,-120.87,-120.87,0,0,
06/10/2026,10:00:50:894,38.991931,-76.922649,4,-79.49,-79.49,0,0,
06/10/2026,10:00:50:908,38.991942,-76.922643,2,-120.09,-120.09,0,0,
06/10/2026,10:00:50:994,38.991954,-76.922638,3,-121.2,-121.2,0,0,
06/10/2026,10:00:51:009,38.991966,-76.922633,1,-120.43,-120.43,0,0,
06/10/2026,10:00:51:065,38.991977,-76.922628,4,-80.38,-80.38,0,0,
06/10/2026,10:00:51:113,38.991989,-76.922623,2,-121.64,-121.64,0,0,
06/10/2026,10:00:51:209,38.992001,-76.922618,3,-119.95,-119.95,0,0,
06/10/2026,10:00:51:223,38.992012,-76.922613,1,-121.05,-121.05,0,0,
06/10/2026,10:00:51:277,38.992024,-76.922608,4,-86.67,-86.67,0,0,
06/10/2026,10:00:51:354,38.992036,-76.922603,2,-121.71,-121.71,0,0,
06/10/2026,10:00:51:434,38.992048,-76.922598,3,-121.27,-121.27,0,0,
06/10/2026,10:00:51:438,38.992059,-76.922593,1,-121.14,-121.14,0,0,
06/10/2026,10:00:51:486,38.992071,-76.922588,4,-79.71,-79.71,0,0,
06/10/2026,10:00:51:565,38.992083,-76.922583,2,-120.67,-120.67,0,0,
06/10/2026,10:00:51:623,38.992094,-76.922578,3,-121.31,-121.31,0,0,
06/10/2026,10:00:51:683,38.992106,-76.922573,1,-118.6,-118.6,0,0,
06/10/2026,10:00:51:698,38.992118,-76.922568,4,-87.07,-87.07,0,0,
06/10/2026,10:00:51:752,38.992129,-76.922563,2,-120.31,-120.31,0,0,
06/10/2026,10:00:51:836,38.992144,-76.922557,3,-120.93,-120.93,0,0,
06/10/2026,10:00:51:854,38.992158,-76.922551,1,-120.56,-120.56,0,0,
06/10/2026,10:00:51:907,38.992172,-76.922545,4,-81.85,-81.85,0,0,
06/10/2026,10:00:51:958,38.992187,-76.922539,2,-121.51,-121.51,0,0,
06/10/2026,10:00:52:046,38.992201,-76.922533,3,-123.4,-123.4,0,0,
06/10/2026,10:00:52:065,38.992215,-76.922527,1,-118.39,-118.39,0,0,
06/10/2026,10:00:52:115,38.992229,-76.922521,4,-85.48,-85.48,0,0,
06/10/2026,10:00:52:178,38.992244,-76.922515,2,-113.8,-113.8,0,0,
06/10/2026,10:00:52:270,38.992258,-76.922509,3,-123.22,-123.22,0,0,
06/10/2026,10:00:52:286,38.992272,-76.922503,1,-121.04,-121.04,0,0,
06/10/2026,10:00:52:351,38.992287,-76.922498,4,-78.39,-78.39,0,0,
06/10/2026,10:00:52:405,38.992301,-76.922492,2,-119.07,-119.07,0,0,
06/10/2026,10:00:52:492,38.992315,-76.922486,3,-123.44,-123.44,0,0,
06/10/2026,10:00:52:507,38.992329,-76.922480,1,-122.35,-122.35,0,0,
06/10/2026,10:00:52:557,38.992344,-76.922474,4,-83.88,-83.88,0,0,
06/10/2026,10:00:52:610,38.992358,-76.922468,2,-120.03,-120.03,0,0,
06/10/2026,10:00:52:701,38.992372,-76.922462,3,-121.42,-121.42,0,0,
06/10/2026,10:00:52:715,38.992384,-76.922457,1,-120.81,-120.81,0,0,
06/10/2026,10:00:52:769,38.992396,-76.922452,4,-80.84,-80.84,0,0,
06/10/2026,10:00:52:824,38.992408,-76.922447,2,-121.91,-121.91,0,0,
06/10/2026,10:00:52:911,38.992420,-76.922442,3,-123.64,-123.64,0,0,
06/10/2026,10:00:52:926,38.992432,-76.922437,1,-122.59,-122.59,0,0,
06/10/2026,10:00:52:982,38.992444,-76.922432,4,-90.86,-90.86,0,0,
06/10/2026,10:00:53:041,38.992456,-76.922427,2,-121.74,-121.74,0,0,
06/10/2026,10:00:53:121,38.992468,-76.922422,3,-120.83,-120.83,0,0,
06/10/2026,10:00:53:139,38.992480,-76.922417,1,-121.07,-121.07,0,0,
06/10/2026,10:00:53:232,38.992491,-76.922412,4,-80.93,-80.93,0,0,
06/10/2026,10:00:53:242,38.992503,-76.922407,2,-119.55,-119.55,0,0,
06/10/2026,10:00:53:331,38.992515,-76.922401,3,-121.17,-121.17,0,0,
06/10/2026,10:00:53:368,38.992527,-76.922396,1,-120.14,-120.14,0,0,
06/10/2026,10:00:53:448,38.992539,-76.922391,4,-83.82,-83.82,0,0,
06/10/2026,10:00:53:458,38.992551,-76.922386,2,-120.06,-120.06,0,0,
06/10/2026,10:00:53:543,38.992563,-76.922381,3,-123.55,-123.55,0,0,
06/10/2026,10:00:53:561,38.992575,-76.922376,1,-119.51,-119.51,0,0,
06/10/2026,10:00:53:612,38.992587,-76.922371,4,-83.74,-83.74,0,0,
06/10/2026,10:00:53:666,38.992599,-76.922366,2,-120.1,-120.1,0,0,
06/10/2026,10:00:53:754,38.992611,-76.922361,3,-121.3,-121.3,0,0,
06/10/2026,10:00:53:773,38.992623,-76.922356,1,-119.96,-119.96,0,0,
06/10/2026,10:00:53:824,38.992636,-76.922351,4,-87.6,-87.6,0,0,
06/10/2026,10:00:53:877,38.992648,-76.922347,2,-122.15,-122.15,0,0,
06/10/2026,10:00:53:970,38.992661,-76.922342,3,-122.77,-122.77,0,0,
06/10/2026,10:00:53:981,38.992673,-76.922337,1,-119.93,-119.93,0,0,
06/10/2026,10:00:54:035,38.992686,-76.922332,4,-86.56,-86.56,0,0,
06/10/2026,10:00:54:088,38.992698,-76.922327,2,-122.48,-122.48,0,0,
06/10/2026,10:00:54:176,38.992711,-76.922323,3,-120.48,-120.48,0,0,
06/10/2026,10:00:54:193,38.992724,-76.922318,1,-120.31,-120.31,0,0,
06/10/2026,10:00:54:245,38.992736,-76.922313,4,-84.77,-84.77,0,0,
06/10/2026,10:00:54:296,38.992749,-76.922308,2,-120.94,-120.94,0,0,
06/10/2026,10:00:54:385,38.992761,-76.922303,3,-120.65,-120.65,0,0,
06/10/2026,10:00:54:404,38.992774,-76.922298,1,-121.88,-121.88,0,0,
06/10/2026,10:00:54:461,38.992786,-76.922294,4,-84.72,-84.72,0,0,
06/10/2026,10:00:54:508,38.992799,-76.922289,2,-120.34,-120.34,0,0,
06/10/2026,10:00:54:596,38.992811,-76.922284,3,-121.53,-121.53,0,0,
06/10/2026,10:00:54:618,38.992824,-76.922279,1,-120.88,-120.88,0,0,
06/10/2026,10:00:54:667,38.992836,-76.922274,4,-84.01,-84.01,0,0,
06/10/2026,10:00:54:719,38.992849,-76.922269,2,-120.14,-120.14,0,0,
06/10/2026,10:00:54:810,38.992862,-76.922264,3,-121.49,-121.49,0,0,
06/10/2026,10:00:54:839,38.992874,-76.922259,1,-120.51,-120.51,0,0,
06/10/2026,10:00:54:910,38.992887,-76.922254,4,-87.93,-87.93,0,0,
06/10/2026,10:00:54:931,38.992899,-76.922248,2,-119.75,-119.75,0,0,
06/10/2026,10:00:55:038,38.992912,-76.922243,3,-121.77,-121.77,0,0,
06/10/2026,10:00:55:051,38.992924,-76.922238,1,-120.98,-120.98,0,0,
06/10/2026,10:00:55:088,38.992937,-76.922232,4,-81.61,-81.61,0,0,
06/10/2026,10:00:55:165,38.992949,-76.922227,2,-122,-122,0,0,
06/10/2026,10:00:55:229,38.992962,-76.922222,3,-121.99,-121.99,0,0,
06/10/2026,10:00:55:247,38.992974,-76.922216,1,-120.34,-120.34,0,0,
06/10/2026,10:00:55:300,38.992987,-76.922211,4,-85.79,-85.79,0,0,
06/10/2026,10:00:55:351,38.993000,-76.922206,2,-121.25,-121.25,0,0,
06/10/2026,10:00:55:441,38.993012,-76.922200,3,-122.17,-122.17,0,0,
06/10/2026,10:00:55:456,38.993025,-76.922195,1,-120.4,-120.4,0,0,
06/10/2026,10:00:55:511,38.993037,-76.922190,4,-84.98,-84.98,0,0,
06/10/2026,10:00:55:562,38.993050,-76.922185,2,-121.22,-121.22,0,0,
06/10/2026,10:00:55:651,38.993062,-76.922179,3,-121.16,-121.16,0,0,
06/10/2026,10:00:55:674,38.993075,-76.922174,1,-120.01,-120.01,0,0,
06/10/2026,10:00:55:721,38.993087,-76.922169,4,-84.66,-84.66,0,0,
06/10/2026,10:00:55:774,38.993100,-76.922163,2,-120.83,-120.83,0,0,
06/10/2026,10:00:55:862,38.993113,-76.922157,3,-122.57,-122.57,0,0,
06/10/2026,10:00:55:881,38.993126,-76.922152,1,-120.19,-120.19,0,0,
06/10/2026,10:00:55:933,38.993139,-76.922146,4,-83.65,-83.65,0,0,
06/10/2026,10:00:55:985,38.993152,-76.922141,2,-120.58,-120.58,0,0,
06/10/2026,10:00:56:072,38.993165,-76.922135,3,-120.93,-120.93,0,0,
06/10/2026,10:00:56:102,38.993178,-76.922129,1,-119.93,-119.93,0,0,
06/10/2026,10:00:56:142,38.993191,-76.922124,4,-84.12,-84.12,0,0,
06/10/2026,10:00:56:197,38.993204,-76.922118,2,-122.48,-122.48,0,0,
06/10/2026,10:00:56:283,38.993217,-76.922113,3,-122.28,-122.28,0,0,
06/10/2026,10:00:56:302,38.993230,-76.922107,1,-121.12,-121.12,0,0,
06/10/2026,10:00:56:353,38.993243,-76.922101,4,-80.53,-80.53,0,0,
06/10/2026,10:00:56:405,38.993256,-76.922096,2,-120.22,-120.22,0,0,
06/10/2026,10:00:56:496,38.993269,-76.922090,3,-119.91,-119.91,0,0,
06/10/2026,10:00:56:512,38.993282,-76.922085,1,-121.98,-121.98,0,0,
06/10/2026,10:00:56:564,38.993295,-76.922079,4,-95.9,-95.9,0,0,
06/10/2026,10:00:56:617,38.993308,-76.922073,2,-122.28,-122.28,0,0,
06/10/2026,10:00:56:717,38.993321,-76.922068,3,-122.97,-122.97,0,0,
06/10/2026,10:00:56:735,38.993333,-76.922062,1,-120.66,-120.66,0,0,
06/10/2026,10:00:56:808,38.993345,-76.922057,4,-92.08,-92.08,0,0,
06/10/2026,10:00:56:829,38.993357,-76.922051,2,-120.54,-120.54,0,0,
06/10/2026,10:00:56:937,38.993369,-76.922046,3,-122.2,-122.2,0,0,
06/10/2026,10:00:56:952,38.993381,-76.922040,1,-121.39,-121.39,0,0,
06/10/2026,10:00:56:988,38.993393,-76.922035,4,-89.87,-89.87,0,0,
06/10/2026,10:00:57:075,38.993405,-76.922029,2,-120.8,-120.8,0,0,
06/10/2026,10:00:57:126,38.993416,-76.922024,3,-122.1,-122.1,0,0,
06/10/2026,10:00:57:144,38.993428,-76.922018,1,-121.38,-121.38,0,0,
06/10/2026,10:00:57:203,38.993440,-76.922013,4,-88.78,-88.78,0,0,
06/10/2026,10:00:57:248,38.993452,-76.922007,2,-120.16,-120.16,0,0,
06/10/2026,10:00:57:338,38.993464,-76.922002,3,-122.72,-122.72,0,0,
06/10/2026,10:00:57:357,38.993476,-76.921996,1,-122.04,-122.04,0,0,
06/10/2026,10:00:57:408,38.993488,-76.921991,4,-82.75,-82.75,0,0,
06/10/2026,10:00:57:461,38.993500,-76.921985,2,-121.54,-121.54,0,0,
06/10/2026,10:00:57:558,38.993512,-76.921980,3,-122.36,-122.36,0,0,
06/10/2026,10:00:57:566,38.993524,-76.921974,1,-123.08,-123.08,0,0,
06/10/2026,10:00:57:620,38.993536,-76.921969,4,-90.33,-90.33,0,0,
06/10/2026,10:00:57:673,38.993548,-76.921963,2,-120.55,-120.55,0,0,
06/10/2026,10:00:57:760,38.993559,-76.921958,3,-122.89,-122.89,0,0,
06/10/2026,10:00:57:779,38.993573,-76.921952,1,-122.8,-122.8,0,0,
06/10/2026,10:00:57:829,38.993586,-76.921947,4,-86.6,-86.6,0,0,
06/10/2026,10:00:57:882,38.993599,-76.921941,2,-123.61,-123.61,0,0,
06/10/2026,10:00:57:979,38.993612,-76.921935,3,-125.05,-125.05,0,0,
06/10/2026,10:00:57:989,38.993626,-76.921930,1,-120.52,-120.52,0,0,
06/10/2026,10:00:58:049,38.993639,-76.921924,4,-89.37,-89.37,0,0,
06/10/2026,10:00:58:093,38.993652,-76.921919,2,-120.71,-120.71,0,0,
06/10/2026,10:00:58:183,38.993665,-76.921913,3,-120.73,-120.73,0,0,
06/10/2026,10:00:58:198,38.993679,-76.921907,1,-120.79,-120.79,0,0,
06/10/2026,10:00:58:251,38.993692,-76.921902,4,-83.34,-83.34,0,0,
06/10/2026,10:00:58:305,38.993705,-76.921896,2,-122.27,-122.27,0,0,
06/10/2026,10:00:58:396,38.993718,-76.921891,3,-121.69,-121.69,0,0,
06/10/2026,10:00:58:411,38.993732,-76.921885,1,-124.07,-124.07,0,0,
06/10/2026,10:00:58:462,38.993745,-76.921879,4,-86.53,-86.53,0,0,
06/10/2026,10:00:58:516,38.993758,-76.921874,2,-121.71,-121.71,0,0,
06/10/2026,10:00:58:604,38.993771,-76.921868,3,-122.41,-122.41,0,0,
06/10/2026,10:00:58:623,38.993785,-76.921863,1,-121.93,-121.93,0,0,
06/10/2026,10:00:58:672,38.993798,-76.921857,4,-85.97,-85.97,0,0,
06/10/2026,10:00:58:726,38.993810,-76.921852,2,-123.22,-123.22,0,0,
06/10/2026,10:00:58:859,38.993822,-76.921848,3,-125.18,-125.18,0,0,
06/10/2026,10:00:58:863,38.993834,-76.921843,1,-122.38,-122.38,0,0,
06/10/2026,10:00:58:919,38.993846,-76.921839,4,-88.55,-88.55,0,0,
06/10/2026,10:00:58:936,38.993857,-76.921834,2,-122.61,-122.61,0,0,
06/10/2026,10:00:59:052,38.993869,-76.921829,3,-120.6,-120.6,0,0,
06/10/2026,10:00:59:059,38.993881,-76.921825,1,-122.49,-122.49,0,0,
06/10/2026,10:00:59:093,38.993893,-76.921820,4,-82.4,-82.4,0,0,
06/10/2026,10:00:59:152,38.993905,-76.921816,2,-121.94,-121.94,0,0,
06/10/2026,10:00:59:258,38.993917,-76.921811,3,-124.67,-124.67,0,0,
06/10/2026,10:00:59:263,38.993929,-76.921806,1,-121.19,-121.19,0,0,
06/10/2026,10:00:59:314,38.993941,-76.921802,4,-86.27,-86.27,0,0,
06/10/2026,10:00:59:358,38.993953,-76.921797,2,-121.5,-121.5,0,0,
06/10/2026,10:00:59:446,38.993965,-76.921793,3,-122.74,-122.74,0,0,
06/10/2026,10:00:59:463,38.993977,-76.921788,1,-123.63,-123.63,0,0,
06/10/2026,10:00:59:519,38.993989,-76.921784,4,-84.74,-84.74,0,0,
06/10/2026,10:00:59:571,38.994000,-76.921779,2,-120.41,-120.41,0,0,
06/10/2026,10:00:59:657,38.994012,-76.921774,3,-124.66,-124.66,0,0,
06/10/2026,10:00:59:674,38.994024,-76.921770,1,-122.06,-122.06,0,0,
06/10/2026,10:00:59:727,38.994036,-76.921765,4,-87.86,-87.86,0,0,
06/10/2026,10:00:59:781,38.994049,-76.921760,2,-125.34,-125.34,0,0,
06/10/2026,10:00:59:872,38.994062,-76.921754,3,-121.98,-121.98,0,0,
06/10/2026,10:00:59:887,38.994075,-76.921748,1,-122.89,-122.89,0,0,
06/10/2026,10:00:59:939,38.994088,-76.921743,4,-81.69,-81.69,0,0,
06/10/2026,10:00:59:990,38.994101,-76.921737,2,-122,-122,0,0,
06/10/2026,10:01:00:079,38.994114,-76.921732,3,-123.59,-123.59,0,0,
06/10/2026,10:01:00:098,38.994127,-76.921726,1,-123.04,-123.04,0,0,
06/10/2026,10:01:00:151,38.994140,-76.921720,4,-92.23,-92.23,0,0,
06/10/2026,10:01:00:205,38.994153,-76.921715,2,-120.26,-120.26,0,0,
06/10/2026,10:01:00:296,38.994166,-76.921709,3,-122.6,-122.6,0,0,
06/10/2026,10:01:00:311,38.994179,-76.921704,1,-122.8,-122.8,0,0,
06/10/2026,10:01:00:361,38.994192,-76.921698,4,-88.18,-88.18,0,0,
06/10/2026,10:01:00:417,38.994205,-76.921692,2,-123.11,-123.11,0,0,
06/10/2026,10:01:00:510,38.994218,-76.921687,3,-122.39,-122.39,0,0,
06/10/2026,10:01:00:539,38.994231,-76.921681,1,-120.22,-120.22,0,0,
06/10/2026,10:01:00:650,38.994244,-76.921676,4,-84.99,-84.99,0,0,
06/10/2026,10:01:00:708,38.994257,-76.921670,2,-121.84,-121.84,0,0,
06/10/2026,10:01:00:775,38.994270,-76.921664,3,-121.71,-121.71,0,0,
06/10/2026,10:01:00:778,38.994283,-76.921658,1,-121.84,-121.84,0,0,
06/10/2026,10:01:00:789,38.994296,-76.921652,4,-86.64,-86.64,0,0,
06/10/2026,10:01:01:269,38.994310,-76.921646,2,-117.82,-117.82,0,0,
06/10/2026,10:01:01:330,38.994323,-76.921640,3,-120.81,-120.81,0,0,
06/10/2026,10:01:01:333,38.994336,-76.921634,1,-118.49,-118.49,0,0,
06/10/2026,10:01:01:358,38.994349,-76.921628,4,-83.35,-83.35,0,0,
06/10/2026,10:01:01:374,38.994363,-76.921622,2,-112.78,-112.78,0,0,
06/10/2026,10:01:01:396,38.994376,-76.921616,3,-120.76,-120.76,0,0,
06/10/2026,10:01:01:401,38.994389,-76.921609,1,-111.65,-111.65,0,0,
06/10/2026,10:01:01:426,38.994402,-76.921603,4,-88.9,-88.9,0,0,
06/10/2026,10:01:01:437,38.994416,-76.921597,2,-112.64,-112.64,0,0,
06/10/2026,10:01:01:459,38.994429,-76.921591,3,-119.26,-119.26,0,0,
06/10/2026,10:01:01:464,38.994442,-76.921585,1,-112.52,-112.52,0,0,
06/10/2026,10:01:01:486,38.994455,-76.921579,4,-89.32,-89.32,0,0,
06/10/2026,10:01:01:542,38.994469,-76.921573,2,-121.22,-121.22,0,0,
06/10/2026,10:01:01:627,38.994482,-76.921567,3,-122.21,-122.21,0,0,
06/10/2026,10:01:01:648,38.994495,-76.921561,1,-122.82,-122.82,0,0,
06/10/2026,10:01:01:700,38.994508,-76.921554,4,-83.35,-83.35,0,0,
06/10/2026,10:01:01:750,38.994522,-76.921549,2,-118.59,-118.59,0,0,
06/10/2026,10:01:01:847,38.994535,-76.921544,3,-120.44,-120.44,0,0,
06/10/2026,10:01:01:854,38.994548,-76.921539,1,-120.43,-120.43,0,0,
06/10/2026,10:01:01:909,38.994561,-76.921534,4,-86.01,-86.01,0,0,
06/10/2026,10:01:01:968,38.994575,-76.921529,2,-121.56,-121.56,0,0,
06/10/2026,10:01:02:060,38.994588,-76.921524,3,-112.12,-112.12,0,0,
06/10/2026,10:01:02:076,38.994601,-76.921519,1,-119.47,-119.47,0,0,
06/10/2026,10:01:02:128,38.994614,-76.921514,4,-86.3,-86.3,0,0,
06/10/2026,10:01:02:182,38.994627,-76.921509,2,-119.17,-119.17,0,0,
06/10/2026,10:01:02:269,38.994641,-76.921503,3,-122.82,-122.82,0,0,
06/10/2026,10:01:02:286,38.994654,-76.921498,1,-122.64,-122.64,0,0,
06/10/2026,10:01:02:340,38.994667,-76.921493,4,-78.53,-78.53,0,0,
06/10/2026,10:01:02:392,38.994680,-76.921488,2,-120.6,-120.6,0,0,
06/10/2026,10:01:02:522,38.994694,-76.921483,3,-122.24,-122.24,0,0,
06/10/2026,10:01:02:530,38.994707,-76.921478,1,-119.69,-119.69,0,0,
06/10/2026,10:01:02:642,38.994720,-76.921473,4,-82.19,-82.19,0,0,
06/10/2026,10:01:02:684,38.994733,-76.921468,2,-121.92,-121.92,0,0,
06/10/2026,10:01:02:711,38.994747,-76.921463,3,-121.69,-121.69,0,0,
06/10/2026,10:01:02:741,38.994759,-76.921458,1,-121.61,-121.61,0,0,
06/10/2026,10:01:02:765,38.994770,-76.921454,4,-79.58,-79.58,0,0,
06/10/2026,10:01:02:813,38.994782,-76.921449,2,-121.69,-121.69,0,0,
06/10/2026,10:01:02:919,38.994794,-76.921444,3,-120.4,-120.4,0,0,
06/10/2026,10:01:02:923,38.994806,-76.921440,1,-120.1,-120.1,0,0,
06/10/2026,10:01:02:980,38.994818,-76.921435,4,-88.6,-88.6,0,0,
06/10/2026,10:01:03:026,38.994830,-76.921431,2,-123.32,-123.32,0,0,
06/10/2026,10:01:03:115,38.994842,-76.921426,3,-121.22,-121.22,0,0,
06/10/2026,10:01:03:129,38.994854,-76.921421,1,-119.91,-119.91,0,0,
06/10/2026,10:01:03:183,38.994866,-76.921417,4,-85.59,-85.59,0,0,
06/10/2026,10:01:03:238,38.994878,-76.921412,2,-121.04,-121.04,0,0,
06/10/2026,10:01:03:325,38.994890,-76.921408,3,-120.33,-120.33,0,0,
06/10/2026,10:01:03:342,38.994902,-76.921403,1,-119.35,-119.35,0,0,
06/10/2026,10:01:03:398,38.994913,-76.921399,4,-80.9,-80.9,0,0,
06/10/2026,10:01:03:446,38.994925,-76.921394,2,-123.45,-123.45,0,0,
06/10/2026,10:01:03:534,38.994937,-76.921389,3,-123.43,-123.43,0,0,
06/10/2026,10:01:03:553,38.994949,-76.921385,1,-121.29,-121.29,0,0,
06/10/2026,10:01:03:604,38.994961,-76.921380,4,-85.91,-85.91,0,0,
06/10/2026,10:01:03:662,38.994973,-76.921376,2,-120.41,-120.41,0,0,
06/10/2026,10:01:03:746,38.994985,-76.921371,3,-121.67,-121.67,0,0,
06/10/2026,10:01:03:761,38.994998,-76.921365,1,-120.95,-120.95,0,0,
06/10/2026,10:01:03:816,38.995010,-76.921359,4,-88.5,-88.5,0,0,
06/10/2026,10:01:03:870,38.995023,-76.921354,2,-122.5,-122.5,0,0,
06/10/2026,10:01:03:961,38.995035,-76.921348,3,-120.91,-120.91,0,0,
06/10/2026,10:01:03:974,38.995048,-76.921342,1,-118.37,-118.37,0,0,
06/10/2026,10:01:04:025,38.995060,-76.921336,4,-79.59,-79.59,0,0,
06/10/2026,10:01:04:078,38.995073,-76.921331,2,-121.3,-121.3,0,0,
06/10/2026,10:01:04:166,38.995085,-76.921325,3,-122.71,-122.71,0,0,
06/10/2026,10:01:04:184,38.995098,-76.921319,1,-118.29,-118.29,0,0,
06/10/2026,10:01:04:239,38.995110,-76.921313,4,-90.84,-90.84,0,0,
06/10/2026,10:01:04:318,38.995123,-76.921307,2,-118.73,-118.73,0,0,
06/10/2026,10:01:04:397,38.995136,-76.921302,3,-118.03,-118.03,0,0,
06/10/2026,10:01:04:405,38.995148,-76.921296,1,-118.75,-118.75,0,0,
06/10/2026,10:01:04:466,38.995161,-76.921290,4,-82.09,-82.09,0,0,
06/10/2026,10:01:04:542,38.995173,-76.921284,2,-118.58,-118.58,0,0,
06/10/2026,10:01:04:620,38.995186,-76.921278,3,-121.65,-121.65,0,0,
06/10/2026,10:01:04:626,38.995198,-76.921273,1,-120.7,-120.7,0,0,
06/10/2026,10:01:04:661,38.995211,-76.921267,4,-84.68,-84.68,0,0,
06/10/2026,10:01:04:712,38.995223,-76.921261,2,-117.57,-117.57,0,0,
06/10/2026,10:01:04:800,38.995236,-76.921256,3,-116.88,-116.88,0,0,
06/10/2026,10:01:04:818,38.995248,-76.921251,1,-111.76,-111.76,0,0,
06/10/2026,10:01:04:872,38.995261,-76.921247,4,-91.12,-91.12,0,0,
06/10/2026,10:01:04:921,38.995274,-76.921242,2,-118.49,-118.49,0,0,
06/10/2026,10:01:05:010,38.995286,-76.921237,3,-112.55,-112.55,0,0,
06/10/2026,10:01:05:031,38.995299,-76.921232,1,-116.36,-116.36,0,0,
06/10/2026,10:01:05:080,38.995311,-76.921227,4,-84.54,-84.54,0,0,
06/10/2026,10:01:05:134,38.995324,-76.921222,2,-114.71,-114.71,0,0,
06/10/2026,10:01:05:222,38.995336,-76.921218,3,-104.89,-104.89,0,0,
06/10/2026,10:01:05:238,38.995349,-76.921213,1,-114.14,-114.14,0,0,
06/10/2026,10:01:05:290,38.995361,-76.921208,4,-87.08,-87.08,0,0,
06/10/2026,10:01:05:349,38.995374,-76.921203,2,-106.99,-106.99,0,0,
06/10/2026,10:01:05:439,38.995386,-76.921198,3,-110.67,-110.67,0,0,
06/10/2026,10:01:05:449,38.995399,-76.921193,1,-112.57,-112.57,0,0,
06/10/2026,10:01:05:503,38.995412,-76.921189,4,-89.89,-89.89,0,0,
06/10/2026,10:01:05:554,38.995424,-76.921184,2,-114.42,-114.42,0,0,
06/10/2026,10:01:05:659,38.995437,-76.921179,3,-115.17,-115.17,0,0,
06/10/2026,10:01:05:664,38.995449,-76.921174,1,-118,-118,0,0,
06/10/2026,10:01:05:728,38.995462,-76.921169,4,-82.89,-82.89,0,0,
06/10/2026,10:01:05:771,38.995474,-76.921164,2,-114.23,-114.23,0,0,
06/10/2026,10:01:05:854,38.995486,-76.921159,3,-111.75,-111.75,0,0,
06/10/2026,10:01:05:870,38.995497,-76.921154,1,-118.4,-118.4,0,0,
06/10/2026,10:01:05:926,38.995509,-76.921149,4,-88.63,-88.63,0,0,
06/10/2026,10:01:05:978,38.995521,-76.921144,2,-118.29,-118.29,0,0,
06/10/2026,10:01:06:103,38.995533,-76.921139,3,-119.28,-119.28,0,0,
06/10/2026,10:01:06:109,38.995545,-76.921134,1,-120.07,-120.07,0,0,
06/10/2026,10:01:06:183,38.995557,-76.921129,4,-86.33,-86.33,0,0,
06/10/2026,10:01:06:197,38.995569,-76.921124,2,-122.1,-122.1,0,0,
06/10/2026,10:01:06:310,38.995581,-76.921119,3,-118.28,-118.28,0,0,
06/10/2026,10:01:07:138,38.995593,-76.921114,1,-115.37,-115.37,0,0,
06/10/2026,10:01:07:145,38.995605,-76.921109,4,-88.74,-88.74,0,0,
06/10/2026,10:01:07:156,38.995617,-76.921104,2,-119.97,-119.97,0,0,
06/10/2026,10:01:07:185,38.995629,-76.921099,3,-117.93,-117.93,0,0,
06/10/2026,10:01:07:197,38.995640,-76.921094,1,-119.45,-119.45,0,0,
06/10/2026,10:01:07:212,38.995652,-76.921089,4,-85.73,-85.73,0,0,
06/10/2026,10:01:07:223,38.995664,-76.921084,2,-111.75,-111.75,0,0,
06/10/2026,10:01:07:263,38.995676,-76.921079,3,-107.7,-107.7,0,0,
06/10/2026,10:01:07:283,38.995688,-76.921074,1,-109.88,-109.88,0,0,
06/10/2026,10:01:07:299,38.995700,-76.921069,4,-89.56,-89.56,0,0,
06/10/2026,10:01:07:314,38.995713,-76.921063,2,-103.02,-103.02,0,0,
06/10/2026,10:01:07:332,38.995727,-76.921058,3,-115.93,-115.93,0,0,
06/10/2026,10:01:07:335,38.995740,-76.921053,1,-104.98,-104.98,0,0,
06/10/2026,10:01:07:345,38.995753,-76.921048,4,-85.53,-85.53,0,0,
06/10/2026,10:01:07:362,38.995766,-76.921043,2,-107.13,-107.13,0,0,
06/10/2026,10:01:07:392,38.995780,-76.921038,3,-111.75,-111.75,0,0,
06/10/2026,10:01:07:398,38.995793,-76.921033,1,-99.25,-99.25,0,0,
06/10/2026,10:01:07:410,38.995806,-76.921028,4,-87.94,-87.94,0,0,
06/10/2026,10:01:07:429,38.995819,-76.921023,2,-101.71,-101.71,0,0,
06/10/2026,10:01:07:448,38.995832,-76.921018,3,-104.28,-104.28,0,0,
06/10/2026,10:01:07:455,38.995846,-76.921013,1,-104.01,-104.01,0,0,
06/10/2026,10:01:07:468,38.995859,-76.921007,4,-81.65,-81.65,0,0,
06/10/2026,10:01:07:501,38.995872,-76.921002,2,-105.62,-105.62,0,0,
06/10/2026,10:01:07:541,38.995885,-76.920997,3,-104.7,-104.7,0,0,
06/10/2026,10:01:07:560,38.995899,-76.920992,1,-98.57,-98.57,0,0,
06/10/2026,10:01:07:610,38.995912,-76.920987,4,-88.63,-88.63,0,0,
06/10/2026,10:01:07:666,38.995925,-76.920982,2,-101.49,-101.49,0,0,
06/10/2026,10:01:07:753,38.995938,-76.920977,3,-107.92,-107.92,0,0,
06/10/2026,10:01:07:768,38.995951,-76.920972,1,-103.15,-103.15,0,0,
06/10/2026,10:01:07:823,38.995963,-76.920966,4,-89.3,-89.3,0,0,
06/10/2026,10:01:07:893,38.995976,-76.920961,2,-107.32,-107.32,0,0,
06/10/2026,10:01:07:983,38.995989,-76.920956,3,-102.84,-102.84,0,0,
06/10/2026,10:01:07:986,38.996001,-76.920950,1,-104.04,-104.04,0,0,
06/10/2026,10:01:08:038,38.996014,-76.920945,4,-90.97,-90.97,0,0,
06/10/2026,10:01:08:095,38.996026,-76.920940,2,-108.21,-108.21,0,0,
06/10/2026,10:01:08:220,38.996039,-76.920934,3,-107.86,-107.86,0,0,
06/10/2026,10:01:08:221,38.996051,-76.920929,1,-114.05,-114.05,0,0,
06/10/2026,10:01:08:271,38.996064,-76.920924,4,-87.97,-87.97,0,0,
06/10/2026,10:01:08:297,38.996076,-76.920918,2,-99.53,-99.53,0,0,
06/10/2026,10:01:08:384,38.996089,-76.920913,3,-108.43,-108.43,0,0,
06/10/2026,10:01:08:403,38.996101,-76.920908,1,-105.18,-105.18,0,0,
06/10/2026,10:01:08:454,38.996114,-76.920903,4,-89.51,-89.51,0,0,
06/10/2026,10:01:08:507,38.996127,-76.920897,2,-105.65,-105.65,0,0,
06/10/2026,10:01:08:598,38.996139,-76.920892,3,-101.31,-101.31,0,0,
06/10/2026,10:01:08:612,38.996152,-76.920887,1,-111.19,-111.19,0,0,
06/10/2026,10:01:08:666,38.996164,-76.920881,4,-89.45,-89.45,0,0,
06/10/2026,10:01:08:718,38.996177,-76.920876,2,-114.85,-114.85,0,0,
06/10/2026,10:01:08:807,38.996189,-76.920871,3,-103.18,-103.18,0,0,
06/10/2026,10:01:08:827,38.996201,-76.920866,1,-109.19,-109.19,0,0,
06/10/2026,10:01:08:877,38.996214,-76.920862,4,-83.92,-83.92,0,0,
06/10/2026,10:01:08:928,38.996226,-76.920857,2,-105.65,-105.65,0,0,
06/10/2026,10:01:09:017,38.996238,-76.920852,3,-117.88,-117.88,0,0,
06/10/2026,10:01:09:036,38.996251,-76.920847,1,-116.61,-116.61,0,0,
06/10/2026,10:01:09:086,38.996263,-76.920842,4,-83.65,-83.65,0,0,
06/10/2026,10:01:09:144,38.996275,-76.920837,2,-112.29,-112.29,0,0,
06/10/2026,10:01:09:243,38.996287,-76.920833,3,-113.09,-113.09,0,0,
06/10/2026,10:01:09:267,38.996300,-76.920828,1,-113.12,-113.12,0,0,
06/10/2026,10:01:09:319,38.996312,-76.920823,4,-84.13,-84.13,0,0,
06/10/2026,10:01:09:370,38.996324,-76.920818,2,-114.54,-114.54,0,0,
06/10/2026,10:01:09:459,38.996337,-76.920813,3,-117.94,-117.94,0,0,
06/10/2026,10:01:09:499,38.996349,-76.920808,1,-119.39,-119.39,0,0,
06/10/2026,10:01:09:531,38.996361,-76.920804,4,-87.27,-87.27,0,0,
06/10/2026,10:01:09:582,38.996374,-76.920799,2,-113.48,-113.48,0,0,
06/10/2026,10:01:09:730,38.996386,-76.920794,3,-111.78,-111.78,0,0,
06/10/2026,10:01:09:731,38.996398,-76.920789,1,-114.41,-114.41,0,0,
06/10/2026,10:01:09:779,38.996411,-76.920784,4,-84.84,-84.84,0,0,
06/10/2026,10:01:09:794,38.996424,-76.920779,2,-115.18,-115.18,0,0,
06/10/2026,10:01:09:930,38.996437,-76.920774,3,-122.1,-122.1,0,0,
06/10/2026,10:01:09:932,38.996450,-76.920769,1,-120.55,-120.55,0,0,
06/10/2026,10:01:09:951,38.996463,-76.920764,4,-86.14,-86.14,0,0,
06/10/2026,10:01:10:003,38.996477,-76.920759,2,-120.95,-120.95,0,0,
06/10/2026,10:01:10:092,38.996490,-76.920754,3,-120.97,-120.97,0,0,
06/10/2026,10:01:10:109,38.996503,-76.920749,1,-123.06,-123.06,0,0,
06/10/2026,10:01:10:168,38.996516,-76.920744,4,-86.7,-86.7,0,0,
06/10/2026,10:01:10:218,38.996530,-76.920739,2,-120.95,-120.95,0,0,
06/10/2026,10:01:10:307,38.996543,-76.920733,3,-114.23,-114.23,0,0,
06/10/2026,10:01:10:325,38.996556,-76.920728,1,-115.3,-115.3,0,0,
06/10/2026,10:01:10:376,38.996569,-76.920723,4,-77.22,-77.22,0,0,
06/10/2026,10:01:10:425,38.996583,-76.920718,2,-119.88,-119.88,0,0,
06/10/2026,10:01:10:515,38.996596,-76.920713,3,-116.75,-116.75,0,0,
06/10/2026,10:01:10:531,38.996609,-76.920708,1,-114.51,-114.51,0,0,
06/10/2026,10:01:10:584,38.996622,-76.920703,4,-84,-84,0,0,
06/10/2026,10:01:10:636,38.996636,-76.920698,2,-119.26,-119.26,0,0,
06/10/2026,10:01:10:724,38.996649,-76.920693,3,-125.6,-125.6,0,0,
06/10/2026,10:01:10:743,38.996661,-76.920687,1,-123.09,-123.09,0,0,
06/10/2026,10:01:10:796,38.996674,-76.920682,4,-79.29,-79.29,0,0,
06/10/2026,10:01:10:847,38.996687,-76.920677,2,-120.79,-120.79,0,0,
06/10/2026,10:01:10:943,38.996699,-76.920671,3,-123.8,-123.8,0,0,
06/10/2026,10:01:10:954,38.996712,-76.920666,1,-122.88,-122.88,0,0,
06/10/2026,10:01:11:010,38.996724,-76.920661,4,-79.95,-79.95,0,0,
06/10/2026,10:01:11:059,38.996737,-76.920656,2,-123.91,-123.91,0,0,
06/10/2026,10:01:11:148,38.996749,-76.920650,3,-122.37,-122.37,0,0,
06/10/2026,10:01:11:163,38.996762,-76.920645,1,-121.31,-121.31,0,0,
06/10/2026,10:01:11:216,38.996774,-76.920640,4,-84.42,-84.42,0,0,
06/10/2026,10:01:11:279,38.996787,-76.920634,2,-121.65,-121.65,0,0,
06/10/2026,10:01:11:357,38.996799,-76.920629,3,-122.41,-122.41,0,0,
06/10/2026,10:01:11:376,38.996812,-76.920624,1,-123.56,-123.56,0,0,
06/10/2026,10:01:11:426,38.996824,-76.920618,4,-85.2,-85.2,0,0,
06/10/2026,10:01:11:479,38.996837,-76.920613,2,-122.85,-122.85,0,0,
06/10/2026,10:01:11:569,38.996850,-76.920608,3,-123.33,-123.33,0,0,
06/10/2026,10:01:11:587,38.996862,-76.920602,1,-122.54,-122.54,0,0,
06/10/2026,10:01:11:640,38.996875,-76.920597,4,-89.29,-89.29,0,0,
06/10/2026,10:01:11:691,38.996887,-76.920592,2,-121.76,-121.76,0,0,
06/10/2026,10:01:11:813,38.996899,-76.920587,3,-124.12,-124.12,0,0,
06/10/2026,10:01:11:818,38.996911,-76.920582,1,-121.36,-121.36,0,0,
06/10/2026,10:01:11:893,38.996922,-76.920577,4,-89.21,-89.21,0,0,
06/10/2026,10:01:11:902,38.996934,-76.920572,2,-121.06,-121.06,0,0,
06/10/2026,10:01:11:995,38.996946,-76.920567,3,-121.69,-121.69,0,0,
06/10/2026,10:01:12:030,38.996957,-76.920562,1,-122.95,-122.95,0,0,
06/10/2026,10:01:12:062,38.996969,-76.920557,4,-80.18,-80.18,0,0,
06/10/2026,10:01:12:112,38.996981,-76.920551,2,-123.95,-123.95,0,0,
06/10/2026,10:01:12:602,38.996992,-76.920546,3,-123.64,-123.64,0,0,
06/10/2026,10:01:12:605,38.997004,-76.920541,1,-121.4,-121.4,0,0,
06/10/2026,10:01:12:623,38.997016,-76.920536,4,-88.23,-88.23,0,0,
06/10/2026,10:01:12:639,38.997027,-76.920531,2,-121.13,-121.13,0,0,
06/10/2026,10:01:12:657,38.997039,-76.920526,3,-125.22,-125.22,0,0,
06/10/2026,10:01:12:661,38.997051,-76.920521,1,-122.63,-122.63,0,0,
06/10/2026,10:01:12:674,38.997063,-76.920516,4,-95.5,-95.5,0,0,
06/10/2026,10:01:12:690,38.997074,-76.920511,2,-121.56,-121.56,0,0,
06/10/2026,10:01:12:725,38.997086,-76.920506,3,-124.93,-124.93,0,0,
06/10/2026,10:01:12:732,38.997098,-76.920501,1,-122.47,-122.47,0,0,
06/10/2026,10:01:12:768,38.997109,-76.920496,4,-83.87,-83.87,0,0,
06/10/2026,10:01:12:797,38.997121,-76.920491,2,-120.68,-120.68,0,0,
06/10/2026,10:01:12:834,38.997135,-76.920485,3,-121.74,-121.74,0,0,
06/10/2026,10:01:12:851,38.997150,-76.920479,1,-121.75,-121.75,0,0,
06/10/2026,10:01:12:904,38.997164,-76.920473,4,-81.63,-81.63,0,0,
06/10/2026,10:01:12:957,38.997178,-76.920467,2,-122.8,-122.8,0,0,
06/10/2026,10:01:13:046,38.997192,-76.920461,3,-121.41,-121.41,0,0,
06/10/2026,10:01:13:062,38.997207,-76.920455,1,-120.85,-120.85,0,0,
06/10/2026,10:01:13:117,38.997221,-76.920449,4,-88.42,-88.42,0,0,
06/10/2026,10:01:13:167,38.997235,-76.920444,2,-121.85,-121.85,0,0,
06/10/2026,10:01:13:257,38.997250,-76.920438,3,-121.2,-121.2,0,0,
06/10/2026,10:01:13:273,38.997264,-76.920432,1,-121.33,-121.33,0,0,
06/10/2026,10:01:13:342,38.997278,-76.920426,4,-86.78,-86.78,0,0,
06/10/2026,10:01:13:419,38.997292,-76.920420,2,-123.19,-123.19,0,0,
06/10/2026,10:01:13:498,38.997307,-76.920414,3,-122.12,-122.12,0,0,
06/10/2026,10:01:13:502,38.997321,-76.920408,1,-120.24,-120.24,0,0,
06/10/2026,10:01:13:576,38.997335,-76.920402,4,-92.71,-92.71,0,0,
06/10/2026,10:01:13:589,38.997350,-76.920396,2,-121.11,-121.11,0,0,
06/10/2026,10:01:13:690,38.997364,-76.920390,3,-123.41,-123.41,0,0,
06/10/2026,10:01:13:693,38.997376,-76.920386,1,-119.05,-119.05,0,0,
06/10/2026,10:01:13:747,38.997387,-76.920381,4,-93.48,-93.48,0,0,
06/10/2026,10:01:13:805,38.997399,-76.920376,2,-119.92,-119.92,0,0,
06/10/2026,10:01:13:888,38.997411,-76.920372,3,-121.07,-121.07,0,0,
06/10/2026,10:01:13:907,38.997422,-76.920367,1,-120.36,-120.36,0,0,
06/10/2026,10:01:13:957,38.997434,-76.920363,4,-88.29,-88.29,0,0,
06/10/2026,10:01:14:013,38.997446,-76.920358,2,-123.97,-123.97,0,0,
06/10/2026,10:01:14:101,38.997457,-76.920353,3,-123.06,-123.06,0,0,
06/10/2026,10:01:14:116,38.997469,-76.920349,1,-123.04,-123.04,0,0,
06/10/2026,10:01:14:170,38.997481,-76.920344,4,-87.79,-87.79,0,0,
06/10/2026,10:01:14:223,38.997492,-76.920340,2,-120.72,-120.72,0,0,
06/10/2026,10:01:14:309,38.997504,-76.920335,3,-119.47,-119.47,0,0,
06/10/2026,10:01:14:328,38.997516,-76.920331,1,-121.68,-121.68,0,0,
06/10/2026,10:01:14:382,38.997528,-76.920326,4,-92.92,-92.92,0,0,
06/10/2026,10:01:14:437,38.997539,-76.920321,2,-122.74,-122.74,0,0,
06/10/2026,10:01:14:521,38.997551,-76.920317,3,-122.83,-122.83,0,0,
06/10/2026,10:01:14:540,38.997563,-76.920312,1,-120.37,-120.37,0,0,
06/10/2026,10:01:14:590,38.997574,-76.920308,4,-88.57,-88.57,0,0,
06/10/2026,10:01:14:643,38.997586,-76.920303,2,-120.94,-120.94,0,0,
06/10/2026,10:01:14:734,38.997598,-76.920298,3,-121.01,-121.01,0,0,
06/10/2026,10:01:14:751,38.997610,-76.920293,1,-119.69,-119.69,0,0,
06/10/2026,10:01:14:802,38.997623,-76.920288,4,-86.98,-86.98,0,0,
06/10/2026,10:01:14:853,38.997636,-76.920283,2,-120.09,-120.09,0,0,
06/10/2026,10:01:14:949,38.997649,-76.920277,3,-120.96,-120.96,0,0,
06/10/2026,10:01:14:959,38.997662,-76.920272,1,-118.99,-118.99,0,0,
06/10/2026,10:01:15:013,38.997674,-76.920267,4,-80.45,-80.45,0,0,
06/10/2026,10:01:15:077,38.997687,-76.920261,2,-121.55,-121.55,0,0,
06/10/2026,10:01:15:153,38.997700,-76.920256,3,-122.39,-122.39,0,0,
06/10/2026,10:01:15:171,38.997713,-76.920251,1,-121.86,-121.86,0,0,
06/10/2026,10:01:15:225,38.997726,-76.920245,4,-83.61,-83.61,0,0,
06/10/2026,10:01:15:276,38.997738,-76.920240,2,-121.56,-121.56,0,0,
06/10/2026,10:01:15:368,38.997751,-76.920235,3,-119.51,-119.51,0,0,
06/10/2026,10:01:15:383,38.997764,-76.920229,1,-122.2,-122.2,0,0,
06/10/2026,10:01:15:434,38.997777,-76.920224,4,-84.1,-84.1,0,0,
06/10/2026,10:01:15:492,38.997789,-76.920219,2,-121.82,-121.82,0,0,
06/10/2026,10:01:15:585,38.997802,-76.920214,3,-119.94,-119.94,0,0,
06/10/2026,10:01:15:614,38.997815,-76.920208,1,-120.76,-120.76,0,0,
06/10/2026,10:01:15:691,38.997828,-76.920203,4,-88.62,-88.62,0,0,
06/10/2026,10:01:15:705,38.997841,-76.920198,2,-119.22,-119.22,0,0,
06/10/2026,10:01:15:813,38.997854,-76.920193,3,-123.33,-123.33,0,0,
06/10/2026,10:01:15:814,38.997867,-76.920187,1,-120.71,-120.71,0,0,
06/10/2026,10:01:15:859,38.997880,-76.920182,4,-90.23,-90.23,0,0,
06/10/2026,10:01:15:909,38.997893,-76.920177,2,-121.38,-121.38,0,0,
06/10/2026,10:01:15:998,38.997906,-76.920172,3,-120.08,-120.08,0,0,
06/10/2026,10:01:16:021,38.997919,-76.920167,1,-118.78,-118.78,0,0,
06/10/2026,10:01:16:067,38.997932,-76.920162,4,-87.41,-87.41,0,0,
06/10/2026,10:01:16:121,38.997945,-76.920157,2,-119.66,-119.66,0,0,
06/10/2026,10:01:16:220,38.997958,-76.920152,3,-110.42,-110.42,0,0,
06/10/2026,10:01:16:236,38.997970,-76.920147,1,-123,-123,0,0,
06/10/2026,10:01:16:292,38.997983,-76.920142,4,-84.23,-84.23,0,0,
06/10/2026,10:01:16:352,38.997996,-76.920137,2,-110.25,-110.25,0,0,
06/10/2026,10:01:16:441,38.998009,-76.920131,3,-119.93,-119.93,0,0,
06/10/2026,10:01:16:455,38.998022,-76.920126,1,-120.84,-120.84,0,0,
06/10/2026,10:01:16:509,38.998035,-76.920121,4,-91.64,-91.64,0,0,
06/10/2026,10:01:16:563,38.998048,-76.920116,2,-121.37,-121.37,0,0,
06/10/2026,10:01:16:654,38.998061,-76.920111,3,-121.43,-121.43,0,0,
06/10/2026,10:01:16:674,38.998074,-76.920106,1,-121.36,-121.36,0,0,
06/10/2026,10:01:16:722,38.998087,-76.920101,4,-82.25,-82.25,0,0,
06/10/2026,10:01:16:772,38.998100,-76.920095,2,-121.83,-121.83,0,0,
06/10/2026,10:01:16:862,38.998113,-76.920090,3,-122.95,-122.95,0,0,
06/10/2026,10:01:16:879,38.998126,-76.920085,1,-122.21,-122.21,0,0,
06/10/2026,10:01:16:933,38.998138,-76.920079,4,-86.24,-86.24,0,0,
06/10/2026,10:01:16:984,38.998151,-76.920074,2,-123.91,-123.91,0,0,
06/10/2026,10:01:17:074,38.998164,-76.920069,3,-120.03,-120.03,0,0,
06/10/2026,10:01:17:090,38.998177,-76.920064,1,-118.16,-118.16,0,0,
06/10/2026,10:01:17:142,38.998189,-76.920058,4,-84.45,-84.45,0,0,
06/10/2026,10:01:17:195,38.998202,-76.920053,2,-121.86,-121.86,0,0,
06/10/2026,10:01:17:284,38.998215,-76.920048,3,-126.51,-126.51,0,0,
06/10/2026,10:01:17:301,38.998228,-76.920042,1,-121.8,-121.8,0,0,
06/10/2026,10:01:17:363,38.998241,-76.920037,4,-83.68,-83.68,0,0,
06/10/2026,10:01:17:430,38.998253,-76.920032,2,-119.94,-119.94,0,0,
06/10/2026,10:01:17:510,38.998266,-76.920026,3,-120.69,-120.69,0,0,
06/10/2026,10:01:17:515,38.998279,-76.920021,1,-119.13,-119.13,0,0,
06/10/2026,10:01:17:589,38.998292,-76.920016,4,-86.5,-86.5,0,0,
06/10/2026,10:01:17:621,38.998305,-76.920010,2,-122.51,-122.51,0,0,
06/10/2026,10:01:18:075,38.998317,-76.920005,3,-123.44,-123.44,0,0,
06/10/2026,10:01:18:080,38.998329,-76.920000,1,-121.81,-121.81,0,0,
06/10/2026,10:01:18:097,38.998341,-76.919995,4,-87.22,-87.22,0,0,
06/10/2026,10:01:18:115,38.998352,-76.919990,2,-120.97,-120.97,0,0,
06/10/2026,10:01:18:139,38.998364,-76.919985,3,-122.07,-122.07,0,0,
06/10/2026,10:01:18:144,38.998376,-76.919980,1,-120.67,-120.67,0,0,
06/10/2026,10:01:18:160,38.998387,-76.919975,4,-91.37,-91.37,0,0,
06/10/2026,10:01:18:171,38.998399,-76.919970,2,-119.61,-119.61,0,0,
06/10/2026,10:01:18:194,38.998411,-76.919965,3,-124.42,-124.42,0,0,
06/10/2026,10:01:18:200,38.998423,-76.919960,1,-118.76,-118.76,0,0,
06/10/2026,10:01:18:229,38.998434,-76.919955,4,-82.23,-82.23,0,0,
06/10/2026,10:01:18:251,38.998446,-76.919950,2,-121.97,-121.97,0,0,
06/10/2026,10:01:18:340,38.998458,-76.919945,3,-123.23,-123.23,0,0,
06/10/2026,10:01:18:355,38.998469,-76.919940,1,-123.98,-123.98,0,0,
06/10/2026,10:01:18:406,38.998481,-76.919935,4,-82.98,-82.98,0,0,
06/10/2026,10:01:18:461,38.998493,-76.919929,2,-120.07,-120.07,0,0,
06/10/2026,10:01:18:549,38.998504,-76.919924,3,-121.11,-121.11,0,0,
06/10/2026,10:01:18:565,38.998516,-76.919919,1,-122.27,-122.27,0,0,
06/10/2026,10:01:18:617,38.998528,-76.919914,4,-79,-79,0,0,
06/10/2026,10:01:18:677,38.998539,-76.919909,2,-120.75,-120.75,0,0,
06/10/2026,10:01:18:760,38.998551,-76.919904,3,-123.89,-123.89,0,0,
06/10/2026,10:01:18:777,38.998564,-76.919899,1,-122.04,-122.04,0,0,
06/10/2026,10:01:18:831,38.998576,-76.919895,4,-84.58,-84.58,0,0,
06/10/2026,10:01:18:882,38.998589,-76.919890,2,-120.86,-120.86,0,0,
06/10/2026,10:01:18:971,38.998601,-76.919885,3,-122.92,-122.92,0,0,
06/10/2026,10:01:18:995,38.998614,-76.919880,1,-121.3,-121.3,0,0,
06/10/2026,10:01:19:054,38.998626,-76.919875,4,-83.85,-83.85,0,0,
06/10/2026,10:01:19:093,38.998639,-76.919871,2,-121.04,-121.04,0,0,
06/10/2026,10:01:19:184,38.998651,-76.919866,3,-122.89,-122.89,0,0,
06/10/2026,10:01:19:207,38.998664,-76.919861,1,-120.53,-120.53,0,0,
06/10/2026,10:01:19:254,38.998677,-76.919856,4,-79.54,-79.54,0,0,
06/10/2026,10:01:19:322,38.998689,-76.919851,2,-121.9,-121.9,0,0,
06/10/2026,10:01:19:409,38.998702,-76.919846,3,-121.44,-121.44,0,0,
06/10/2026,10:01:19:414,38.998714,-76.919842,1,-120.85,-120.85,0,0,
06/10/2026,10:01:19:516,38.998727,-76.919837,4,-83.46,-83.46,0,0,
06/10/2026,10:01:19:533,38.998739,-76.919832,2,-120.67,-120.67,0,0,
06/10/2026,10:01:19:608,38.998752,-76.919827,3,-121.82,-121.82,0,0,
06/10/2026,10:01:19:628,38.998764,-76.919822,1,-119.94,-119.94,0,0,
06/10/2026,10:01:19:675,38.998777,-76.919817,4,-82.52,-82.52,0,0,
06/10/2026,10:01:19:738,38.998789,-76.919813,2,-121.42,-121.42,0,0,
06/10/2026,10:01:19:815,38.998803,-76.919807,3,-122.8,-122.8,0,0,
06/10/2026,10:01:19:834,38.998816,-76.919801,1,-121.71,-121.71,0,0,
06/10/2026,10:01:19:885,38.998829,-76.919796,4,-83.05,-83.05,0,0,
06/10/2026,10:01:19:936,38.998842,-76.919790,2,-120.2,-120.2,0,0,
06/10/2026,10:01:20:025,38.998856,-76.919785,3,-121.17,-121.17,0,0,
06/10/2026,10:01:20:043,38.998869,-76.919779,1,-122.03,-122.03,0,0,
06/10/2026,10:01:20:101,38.998882,-76.919773,4,-79.63,-79.63,0,0,
06/10/2026,10:01:20:146,38.998895,-76.919768,2,-122.34,-122.34,0,0,
06/10/2026,10:01:20:235,38.998909,-76.919762,3,-121.61,-121.61,0,0,
06/10/2026,10:01:20:255,38.998922,-76.919757,1,-120.21,-120.21,0,0,
06/10/2026,10:01:20:305,38.998935,-76.919751,4,-84.53,-84.53,0,0,
06/10/2026,10:01:20:357,38.998948,-76.919745,2,-123.28,-123.28,0,0,
06/10/2026,10:01:20:446,38.998962,-76.919740,3,-120.37,-120.37,0,0,
06/10/2026,10:01:20:466,38.998975,-76.919734,1,-120.01,-120.01,0,0,
06/10/2026,10:01:20:517,38.998988,-76.919729,4,-80.75,-80.75,0,0,
06/10/2026,10:01:20:572,38.999001,-76.919723,2,-122.32,-122.32,0,0,
06/10/2026,10:01:20:659,38.999015,-76.919717,3,-121.09,-121.09,0,0,
06/10/2026,10:01:20:675,38.999028,-76.919712,1,-121.11,-121.11,0,0,
06/10/2026,10:01:20:730,38.999040,-76.919706,4,-83.77,-83.77,0,0,
06/10/2026,10:01:20:780,38.999052,-76.919701,2,-119.81,-119.81,0,0,
06/10/2026,10:01:20:870,38.999065,-76.919696,3,-123.8,-123.8,0,0,
06/10/2026,10:01:20:886,38.999077,-76.919691,1,-122.1,-122.1,0,0,
06/10/2026,10:01:20:940,38.999089,-76.919685,4,-89.59,-89.59,0,0,
06/10/2026,10:01:21:030,38.999102,-76.919680,2,-120.37,-120.37,0,0,
06/10/2026,10:01:21:093,38.999114,-76.919675,3,-120.47,-120.47,0,0,
06/10/2026,10:01:21:096,38.999126,-76.919669,1,-121.76,-121.76,0,0,
06/10/2026,10:01:21:170,38.999139,-76.919664,4,-87.07,-87.07,0,0,
06/10/2026,10:01:21:237,38.999151,-76.919659,2,-122.27,-122.27,0,0,
06/10/2026,10:01:21:302,38.999163,-76.919653,3,-122.65,-122.65,0,0,
06/10/2026,10:01:21:308,38.999175,-76.919648,1,-123.25,-123.25,0,0,
06/10/2026,10:01:21:362,38.999188,-76.919643,4,-76.83,-76.83,0,0,
06/10/2026,10:01:21:416,38.999200,-76.919637,2,-123.04,-123.04,0,0,
06/10/2026,10:01:21:503,38.999212,-76.919632,3,-120.35,-120.35,0,0,
06/10/2026,10:01:21:519,38.999225,-76.919627,1,-120.71,-120.71,0,0,
06/10/2026,10:01:21:573,38.999237,-76.919622,4,-78.9,-78.9,0,0,
06/10/2026,10:01:21:624,38.999249,-76.919616,2,-123.1,-123.1,0,0,
06/10/2026,10:01:21:714,38.999262,-76.919611,3,-121.99,-121.99,0,0,
06/10/2026,10:01:21:730,38.999274,-76.919606,1,-121.92,-121.92,0,0,
06/10/2026,10:01:21:782,38.999287,-76.919601,4,-78.32,-78.32,0,0,
06/10/2026,10:01:21:838,38.999299,-76.919596,2,-121.26,-121.26,0,0,
06/10/2026,10:01:21:925,38.999312,-76.919592,3,-120.09,-120.09,0,0,
06/10/2026,10:01:21:940,38.999324,-76.919587,1,-121.53,-121.53,0,0,
06/10/2026,10:01:21:994,38.999337,-76.919582,4,-77.2,-77.2,0,0,
06/10/2026,10:01:22:047,38.999349,-76.919577,2,-121.24,-121.24,0,0,
06/10/2026,10:01:22:136,38.999362,-76.919572,3,-123.53,-123.53,0,0,
06/10/2026,10:01:22:151,38.999374,-76.919568,1,-120.15,-120.15,0,0,
06/10/2026,10:01:22:204,38.999387,-76.919563,4,-82.57,-82.57,0,0,
06/10/2026,10:01:22:257,38.999400,-76.919558,2,-120.9,-120.9,0,0,
06/10/2026,10:01:22:347,38.999412,-76.919553,3,-122.25,-122.25,0,0,
06/10/2026,10:01:22:367,38.999425,-76.919548,1,-121.94,-121.94,0,0,
06/10/2026,10:01:22:415,38.999437,-76.919543,4,-85.75,-85.75,0,0,
06/10/2026,10:01:22:484,38.999450,-76.919539,2,-121.83,-121.83,0,0,
06/10/2026,10:01:22:557,38.999462,-76.919534,3,-124.58,-124.58,0,0,
06/10/2026,10:01:22:579,38.999475,-76.919529,1,-122.02,-122.02,0,0,
06/10/2026,10:01:22:625,38.999487,-76.919524,4,-89.54,-89.54,0,0,
06/10/2026,10:01:22:677,38.999500,-76.919519,2,-123.78,-123.78,0,0,
06/10/2026,10:01:22:806,38.999512,-76.919514,3,-123.26,-123.26,0,0,
06/10/2026,10:01:22:808,38.999525,-76.919509,1,-120.98,-120.98,0,0,
06/10/2026,10:01:22:886,38.999538,-76.919503,4,-84.64,-84.64,0,0,
06/10/2026,10:01:22:900,38.999550,-76.919498,2,-121.83,-121.83,0,0,
06/10/2026,10:01:22:986,38.999563,-76.919493,3,-121.49,-121.49,0,0,
06/10/2026,10:01:23:025,38.999575,-76.919487,1,-120.02,-120.02,0,0,
06/10/2026,10:01:23:047,38.999588,-76.919482,4,-84.89,-84.89,0,0,
06/10/2026,10:01:23:517,38.999600,-76.919477,2,-118.64,-118.64,0,0,
06/10/2026,10:01:23:543,38.999613,-76.919471,3,-120.85,-120.85,0,0,
06/10/2026,10:01:23:547,38.999625,-76.919466,1,-120.69,-120.69,0,0,
06/10/2026,10:01:23:573,38.999638,-76.919461,4,-78.31,-78.31,0,0,
06/10/2026,10:01:23:602,38.999650,-76.919456,2,-121.19,-121.19,0,0,
06/10/2026,10:01:23:627,38.999663,-76.919450,3,-121,-121,0,0,
06/10/2026,10:01:23:631,38.999676,-76.919445,1,-121.43,-121.43,0,0,
06/10/2026,10:01:23:658,38.999688,-76.919440,4,-77.18,-77.18,0,0,
06/10/2026,10:01:23:670,38.999701,-76.919434,2,-120.3,-120.3,0,0,
06/10/2026,10:01:23:696,38.999713,-76.919429,3,-123.12,-123.12,0,0,
06/10/2026,10:01:23:710,38.999726,-76.919424,1,-121.1,-121.1,0,0,
06/10/2026,10:01:23:728,38.999738,-76.919418,4,-87.46,-87.46,0,0,
06/10/2026,10:01:23:742,38.999750,-76.919413,2,-120.61,-120.61,0,0,
06/10/2026,10:01:23:821,38.999762,-76.919408,3,-123.74,-123.74,0,0,
06/10/2026,10:01:23:838,38.999773,-76.919403,1,-122.79,-122.79,0,0,
06/10/2026,10:01:23:895,38.999785,-76.919398,4,-78.45,-78.45,0,0,
06/10/2026,10:01:23:947,38.999797,-76.919393,2,-122.19,-122.19,0,0,
06/10/2026,10:01:24:032,38.999808,-76.919388,3,-121.62,-121.62,0,0,
06/10/2026,10:01:24:049,38.999820,-76.919383,1,-120.59,-120.59,0,0,
06/10/2026,10:01:24:102,38.999832,-76.919378,4,-80.26,-80.26,0,0,
06/10/2026,10:01:24:163,38.999843,-76.919373,2,-122.18,-122.18,0,0,
06/10/2026,10:01:24:243,38.999855,-76.919368,3,-119.49,-119.49,0,0,
06/10/2026,10:01:24:269,38.999867,-76.919363,1,-121.27,-121.27,0,0,
06/10/2026,10:01:24:314,38.999879,-76.919358,4,-87.51,-87.51,0,0,
06/10/2026,10:01:24:369,38.999890,-76.919353,2,-121.54,-121.54,0,0,
06/10/2026,10:01:24:454,38.999902,-76.919348,3,-121.6,-121.6,0,0,
06/10/2026,10:01:24:474,38.999914,-76.919343,1,-120.52,-120.52,0,0,
06/10/2026,10:01:24:530,38.999925,-76.919338,4,-88.59,-88.59,0,0,
06/10/2026,10:01:24:577,38.999937,-76.919333,2,-120.52,-120.52,0,0,
06/10/2026,10:01:24:665,38.999949,-76.919328,3,-122.64,-122.64,0,0,
06/10/2026,10:01:24:689,38.999960,-76.919323,1,-120.88,-120.88,0,0,
06/10/2026,10:01:24:789,38.999972,-76.919318,4,-94.64,-94.64,0,0,
06/10/2026,10:01:24:798,38.999985,-76.919312,2,-121.36,-121.36,0,0,
06/10/2026,10:01:24:931,38.999998,-76.919306,3,-121.52,-121.52,0,0,
06/10/2026,10:01:24:933,39.000011,-76.919301,1,-120.57,-120.57,0,0,
06/10/2026,10:01:24:945,39.000024,-76.919295,4,-83.74,-83.74,0,0,
06/10/2026,10:01:25:027,39.000037,-76.919290,2,-121.87,-121.87,0,0,
06/10/2026,10:01:25:087,39.000050,-76.919284,3,-121.67,-121.67,0,0,
06/10/2026,10:01:25:106,39.000063,-76.919278,1,-119.78,-119.78,0,0,
06/10/2026,10:01:25:160,39.000076,-76.919273,4,-87.18,-87.18,0,0,
06/10/2026,10:01:25:209,39.000089,-76.919267,2,-121.76,-121.76,0,0,
06/10/2026,10:01:25:301,39.000102,-76.919262,3,-123.66,-123.66,0,0,
06/10/2026,10:01:25:316,39.000115,-76.919256,1,-122.22,-122.22,0,0,
06/10/2026,10:01:25:368,39.000128,-76.919250,4,-90.31,-90.31,0,0,
06/10/2026,10:01:25:420,39.000141,-76.919245,2,-120.71,-120.71,0,0,
06/10/2026,10:01:25:510,39.000154,-76.919239,3,-121.69,-121.69,0,0,
06/10/2026,10:01:25:529,39.000167,-76.919234,1,-118.61,-118.61,0,0,
06/10/2026,10:01:25:579,39.000180,-76.919228,4,-81.42,-81.42,0,0,
06/10/2026,10:01:25:631,39.000193,-76.919222,2,-123.88,-123.88,0,0,
06/10/2026,10:01:25:719,39.000206,-76.919217,3,-122.49,-122.49,0,0,
06/10/2026,10:01:25:739,39.000218,-76.919211,1,-122.86,-122.86,0,0,
06/10/2026,10:01:25:789,39.000230,-76.919206,4,-91.02,-91.02,0,0,
06/10/2026,10:01:25:843,39.000243,-76.919201,2,-122.27,-122.27,0,0,
06/10/2026,10:01:25:931,39.000255,-76.919196,3,-122.31,-122.31,0,0,
06/10/2026,10:01:25:947,39.000267,-76.919190,1,-121.83,-121.83,0,0,
06/10/2026,10:01:26:001,39.000280,-76.919185,4,-86.4,-86.4,0,0,
06/10/2026,10:01:26:055,39.000292,-76.919180,2,-120.27,-120.27,0,0,
06/10/2026,10:01:26:157,39.000304,-76.919174,3,-121.33,-121.33,0,0,
06/10/2026,10:01:26:160,39.000317,-76.919169,1,-123,-123,0,0,
06/10/2026,10:01:26:215,39.000329,-76.919164,4,-90.33,-90.33,0,0,
06/10/2026,10:01:26:273,39.000341,-76.919158,2,-121.16,-121.16,0,0,
06/10/2026,10:01:26:355,39.000353,-76.919153,3,-122.2,-122.2,0,0,
06/10/2026,10:01:26:370,39.000366,-76.919148,1,-120.62,-120.62,0,0,
06/10/2026,10:01:26:431,39.000378,-76.919142,4,-83.06,-83.06,0,0,
06/10/2026,10:01:26:478,39.000390,-76.919137,2,-121.36,-121.36,0,0,
06/10/2026,10:01:26:563,39.000403,-76.919132,3,-121.56,-121.56,0,0,
06/10/2026,10:01:26:582,39.000415,-76.919127,1,-121.04,-121.04,0,0,
06/10/2026,10:01:26:637,39.000427,-76.919121,4,-87.63,-87.63,0,0,
06/10/2026,10:01:26:727,39.000440,-76.919116,2,-121.6,-121.6,0,0,
06/10/2026,10:01:26:782,39.000451,-76.919111,3,-124.79,-124.79,0,0,
06/10/2026,10:01:26:789,39.000463,-76.919106,1,-122.27,-122.27,0,0,
06/10/2026,10:01:26:871,39.000475,-76.919101,4,-83.91,-83.91,0,0,
06/10/2026,10:01:26:926,39.000486,-76.919096,2,-120.49,-120.49,0,0,
06/10/2026,10:01:27:018,39.000498,-76.919091,3,-120.85,-120.85,0,0,
06/10/2026,10:01:27:037,39.000510,-76.919086,1,-121.53,-121.53,0,0,
06/10/2026,10:01:27:056,39.000521,-76.919081,4,-83.83,-83.83,0,0,
06/10/2026,10:01:27:107,39.000533,-76.919076,2,-121.35,-121.35,0,0,
06/10/2026,10:01:27:196,39.000545,-76.919071,3,-123.42,-123.42,0,0,
06/10/2026,10:01:27:219,39.000556,-76.919065,1,-121.47,-121.47,0,0,
06/10/2026,10:01:27:266,39.000568,-76.919060,4,-85.99,-85.99,0,0,
06/10/2026,10:01:27:318,39.000580,-76.919055,2,-121.51,-121.51,0,0,
06/10/2026,10:01:27:408,39.000592,-76.919050,3,-121.94,-121.94,0,0,
06/10/2026,10:01:27:425,39.000603,-76.919045,1,-120.77,-120.77,0,0,
06/10/2026,10:01:27:488,39.000615,-76.919040,4,-80.27,-80.27,0,0,
06/10/2026,10:01:27:529,39.000627,-76.919035,2,-121.64,-121.64,0,0,
06/10/2026,10:01:27:618,39.000638,-76.919030,3,-124.89,-124.89,0,0,
06/10/2026,10:01:27:638,39.000650,-76.919025,1,-120.86,-120.86,0,0,
06/10/2026,10:01:27:692,39.000662,-76.919020,4,-88.59,-88.59,0,0,
06/10/2026,10:01:27:742,39.000673,-76.919015,2,-121.44,-121.44,0,0,
06/10/2026,10:01:27:831,39.000686,-76.919009,3,-124.62,-124.62,0,0,
06/10/2026,10:01:27:846,39.000699,-76.919003,1,-121.05,-121.05,0,0,
06/10/2026,10:01:27:900,39.000712,-76.918997,4,-93.92,-93.92,0,0,
06/10/2026,10:01:27:956,39.000725,-76.918991,2,-123.42,-123.42,0,0,
06/10/2026,10:01:28:040,39.000738,-76.918984,3,-122.23,-122.23,0,0,
06/10/2026,10:01:28:062,39.000751,-76.918978,1,-119.31,-119.31,0,0,
06/10/2026,10:01:28:110,39.000764,-76.918972,4,-83.79,-83.79,0,0,
06/10/2026,10:01:28:166,39.000777,-76.918966,2,-120.21,-120.21,0,0,
06/10/2026,10:01:28:301,39.000790,-76.918960,3,-123.87,-123.87,0,0,
06/10/2026,10:01:28:306,39.000803,-76.918954,1,-120.4,-120.4,0,0,
06/10/2026,10:01:28:322,39.000816,-76.918948,4,-85.27,-85.27,0,0,
06/10/2026,10:01:28:379,39.000829,-76.918942,2,-121.21,-121.21,0,0,
06/10/2026,10:01:28:463,39.000842,-76.918936,3,-120.35,-120.35,0,0,
06/10/2026,10:01:28:494,39.000855,-76.918929,1,-121.22,-121.22,0,0,
06/10/2026,10:01:28:559,39.000868,-76.918923,4,-80.23,-80.23,0,0,
06/10/2026,10:01:28:977,39.000881,-76.918917,2,-121.25,-121.25,0,0,
06/10/2026,10:01:28:999,39.000894,-76.918911,3,-121.7,-121.7,0,0,
06/10/2026,10:01:29:008,39.000907,-76.918905,1,-122.25,-122.25,0,0,
06/10/2026,10:01:29:020,39.000919,-76.918900,4,-88.07,-88.07,0,0,
06/10/2026,10:01:29:034,39.000931,-76.918894,2,-121.84,-121.84,0,0,
06/10/2026,10:01:29:056,39.000943,-76.918889,3,-120.38,-120.38,0,0,
06/10/2026,10:01:29:061,39.000955,-76.918884,1,-118.75,-118.75,0,0,
06/10/2026,10:01:29:074,39.000967,-76.918879,4,-77.59,-77.59,0,0,
06/10/2026,10:01:29:101,39.000979,-76.918873,2,-123.21,-123.21,0,0,
06/10/2026,10:01:29:128,39.000992,-76.918868,3,-121.68,-121.68,0,0,
06/10/2026,10:01:29:131,39.001004,-76.918863,1,-120.98,-120.98,0,0,
06/10/2026,10:01:29:165,39.001016,-76.918857,4,-81.93,-81.93,0,0,
06/10/2026,10:01:29:219,39.001028,-76.918852,2,-120.48,-120.48,0,0,
06/10/2026,10:01:29:309,39.001040,-76.918847,3,-124.47,-124.47,0,0,
06/10/2026,10:01:29:323,39.001052,-76.918841,1,-119.81,-119.81,0,0,
06/10/2026,10:01:29:376,39.001064,-76.918836,4,-81.99,-81.99,0,0,
06/10/2026,10:01:29:428,39.001076,-76.918831,2,-122.68,-122.68,0,0,
06/10/2026,10:01:29:517,39.001088,-76.918825,3,-119.91,-119.91,0,0,
06/10/2026,10:01:29:533,39.001100,-76.918820,1,-120.72,-120.72,0,0,
06/10/2026,10:01:29:585,39.001112,-76.918815,4,-80.79,-80.79,0,0,
06/10/2026,10:01:29:639,39.001124,-76.918810,2,-121.82,-121.82,0,0,
06/10/2026,10:01:29:727,39.001136,-76.918804,3,-119.04,-119.04,0,0,
06/10/2026,10:01:29:744,39.001147,-76.918799,1,-121.31,-121.31,0,0,
06/10/2026,10:01:29:797,39.001158,-76.918793,4,-81.48,-81.48,0,0,
06/10/2026,10:01:29:853,39.001169,-76.918788,2,-121.58,-121.58,0,0,
06/10/2026,10:01:29:943,39.001180,-76.918782,3,-121.6,-121.6,0,0,
06/10/2026,10:01:29:966,39.001191,-76.918777,1,-121.34,-121.34,0,0,
06/10/2026,10:01:30:011,39.001202,-76.918771,4,-84.66,-84.66,0,0,
06/10/2026,10:01:30:069,39.001213,-76.918766,2,-120.43,-120.43,0,0,
06/10/2026,10:01:30:149,39.001224,-76.918760,3,-119.77,-119.77,0,0,
06/10/2026,10:01:30:170,39.001235,-76.918755,1,-118.71,-118.71,0,0,
06/10/2026,10:01:30:225,39.001246,-76.918749,4,-77.58,-77.58,0,0,
06/10/2026,10:01:30:297,39.001257,-76.918744,2,-122.65,-122.65,0,0,
06/10/2026,10:01:30:390,39.001268,-76.918738,3,-122.95,-122.95,0,0,
06/10/2026,10:01:30:394,39.001279,-76.918733,1,-120.14,-120.14,0,0,
06/10/2026,10:01:30:438,39.001290,-76.918727,4,-81.34,-81.34,0,0,
06/10/2026,10:01:30:512,39.001301,-76.918722,2,-120.35,-120.35,0,0,
06/10/2026,10:01:30:583,39.001312,-76.918716,3,-119.79,-119.79,0,0,
06/10/2026,10:01:30:587,39.001323,-76.918711,1,-121.72,-121.72,0,0,
06/10/2026,10:01:30:641,39.001334,-76.918705,4,-81.59,-81.59,0,0,
06/10/2026,10:01:30:693,39.001345,-76.918700,2,-119.96,-119.96,0,0,
06/10/2026,10:01:30:781,39.001356,-76.918694,3,-121.57,-121.57,0,0,
06/10/2026,10:01:30:799,39.001369,-76.918688,1,-122.58,-122.58,0,0,
06/10/2026,10:01:30:850,39.001381,-76.918682,4,-76.79,-76.79,0,0,
06/10/2026,10:01:30:909,39.001394,-76.918676,2,-119.49,-119.49,0,0,
06/10/2026,10:01:30:994,39.001406,-76.918670,3,-121.7,-121.7,0,0,
06/10/2026,10:01:31:016,39.001419,-76.918664,1,-121.05,-121.05,0,0,
06/10/2026,10:01:31:063,39.001431,-76.918658,4,-79.42,-79.42,0,0,
06/10/2026,10:01:31:114,39.001444,-76.918651,2,-123.05,-123.05,0,0,
06/10/2026,10:01:31:207,39.001456,-76.918645,3,-122.55,-122.55,0,0,
06/10/2026,10:01:31:219,39.001469,-76.918639,1,-121.49,-121.49,0,0,
06/10/2026,10:01:31:272,39.001481,-76.918633,4,-80.21,-80.21,0,0,
06/10/2026,10:01:31:330,39.001494,-76.918627,2,-122.83,-122.83,0,0,
06/10/2026,10:01:31:414,39.001506,-76.918621,3,-124.09,-124.09,0,0,
06/10/2026,10:01:31:436,39.001519,-76.918615,1,-121.66,-121.66,0,0,
06/10/2026,10:01:31:496,39.001531,-76.918609,4,-83,-83,0,0,
06/10/2026,10:01:31:540,39.001543,-76.918603,2,-119.89,-119.89,0,0,
06/10/2026,10:01:31:626,39.001556,-76.918596,3,-121.55,-121.55,0,0,
06/10/2026,10:01:31:650,39.001568,-76.918590,1,-122.32,-122.32,0,0,
06/10/2026,10:01:31:696,39.001581,-76.918584,4,-80.5,-80.5,0,0,
06/10/2026,10:01:31:746,39.001593,-76.918579,2,-122.37,-122.37,0,0,
06/10/2026,10:01:31:836,39.001605,-76.918573,3,-122.81,-122.81,0,0,
06/10/2026,10:01:31:853,39.001618,-76.918567,1,-119.79,-119.79,0,0,
06/10/2026,10:01:31:905,39.001630,-76.918562,4,-78.9,-78.9,0,0,
06/10/2026,10:01:31:961,39.001642,-76.918556,2,-121.1,-121.1,0,0,
06/10/2026,10:01:32:061,39.001654,-76.918551,3,-122.64,-122.64,0,0,
06/10/2026,10:01:32:064,39.001666,-76.918545,1,-122.37,-122.37,0,0,
06/10/2026,10:01:32:128,39.001679,-76.918539,4,-78.62,-78.62,0,0,
06/10/2026,10:01:32:201,39.001691,-76.918534,2,-120.69,-120.69,0,0,
06/10/2026,10:01:32:261,39.001703,-76.918528,3,-122.57,-122.57,0,0,
06/10/2026,10:01:32:323,39.001715,-76.918523,1,-122.53,-122.53,0,0,
06/10/2026,10:01:32:338,39.001728,-76.918517,4,-79.1,-79.1,0,0,
06/10/2026,10:01:32:388,39.001740,-76.918511,2,-121.01,-121.01,0,0,
06/10/2026,10:01:32:479,39.001752,-76.918506,3,-120.74,-120.74,0,0,
06/10/2026,10:01:32:490,39.001764,-76.918500,1,-123.41,-123.41,0,0,
06/10/2026,10:01:32:551,39.001776,-76.918495,4,-79.25,-79.25,0,0,
06/10/2026,10:01:32:608,39.001789,-76.918489,2,-123.72,-123.72,0,0,
06/10/2026,10:01:32:690,39.001801,-76.918483,3,-121,-121,0,0,
06/10/2026,10:01:32:704,39.001812,-76.918477,1,-119.81,-119.81,0,0,
06/10/2026,10:01:32:748,39.001824,-76.918471,4,-81.41,-81.41,0,0,
06/10/2026,10:01:32:807,39.001835,-76.918464,2,-120.84,-120.84,0,0,
06/10/2026,10:01:32:888,39.001847,-76.918458,3,-121.66,-121.66,0,0,
06/10/2026,10:01:32:908,39.001858,-76.918451,1,-119.22,-119.22,0,0,
06/10/2026,10:01:32:959,39.001870,-76.918445,4,-78.76,-78.76,0,0,
06/10/2026,10:01:33:021,39.001881,-76.918438,2,-119.66,-119.66,0,0,
06/10/2026,10:01:33:105,39.001893,-76.918432,3,-121,-121,0,0,
06/10/2026,10:01:33:118,39.001904,-76.918426,1,-119.59,-119.59,0,0,
06/10/2026,10:01:33:172,39.001915,-76.918419,4,-74.82,-74.82,0,0,
06/10/2026,10:01:33:223,39.001927,-76.918413,2,-120.82,-120.82,0,0,
06/10/2026,10:01:33:311,39.001938,-76.918406,3,-123.01,-123.01,0,0,
06/10/2026,10:01:33:327,39.001950,-76.918400,1,-119.23,-119.23,0,0,
06/10/2026,10:01:33:384,39.001961,-76.918394,4,-72.2,-72.2,0,0,
06/10/2026,10:01:33:440,39.001973,-76.918387,2,-120.54,-120.54,0,0,
06/10/2026,10:01:33:527,39.001984,-76.918381,3,-121.74,-121.74,0,0,
06/10/2026,10:01:33:542,39.001996,-76.918374,1,-122.14,-122.14,0,0,
06/10/2026,10:01:33:593,39.002007,-76.918368,4,-75.3,-75.3,0,0,
06/10/2026,10:01:33:647,39.002019,-76.918361,2,-120.84,-120.84,0,0,
06/10/2026,10:01:33:734,39.002030,-76.918355,3,-123.75,-123.75,0,0,
06/10/2026,10:01:33:751,39.002042,-76.918349,1,-122.62,-122.62,0,0,
06/10/2026,10:01:33:820,39.002055,-76.918342,4,-75.34,-75.34,0,0,
06/10/2026,10:01:33:856,39.002067,-76.918336,2,-121.38,-121.38,0,0,
06/10/2026,10:01:33:946,39.002079,-76.918330,3,-123.16,-123.16,0,0,
06/10/2026,10:01:33:963,39.002092,-76.918324,1,-119.45,-119.45,0,0,
06/10/2026,10:01:34:031,39.002104,-76.918317,4,-76.89,-76.89,0,0,
06/10/2026,10:01:34:440,39.002116,-76.918311,2,-121.33,-121.33,0,0,
06/10/2026,10:01:34:472,39.002129,-76.918305,3,-121.78,-121.78,0,0,
06/10/2026,10:01:34:479,39.002141,-76.918299,1,-120.14,-120.14,0,0,
06/10/2026,10:01:34:489,39.002153,-76.918292,4,-78.63,-78.63,0,0,
06/10/2026,10:01:34:500,39.002165,-76.918286,2,-118.44,-118.44,0,0,
06/10/2026,10:01:34:539,39.002178,-76.918280,3,-120.58,-120.58,0,0,
06/10/2026,10:01:34:543,39.002190,-76.918273,1,-123.39,-123.39,0,0,
06/10/2026,10:01:34:560,39.002202,-76.918267,4,-82.73,-82.73,0,0,
06/10/2026,10:01:34:576,39.002215,-76.918261,2,-120.87,-120.87,0,0,
06/10/2026,10:01:34:617,39.002227,-76.918255,3,-122.19,-122.19,0,0,
06/10/2026,10:01:34:620,39.002239,-76.918248,1,-122,-122,0,0,
06/10/2026,10:01:34:651,39.002252,-76.918242,4,-88.42,-88.42,0,0,
06/10/2026,10:01:34:700,39.002264,-76.918236,2,-121.25,-121.25,0,0,
06/10/2026,10:01:34:789,39.002276,-76.918230,3,-121.92,-121.92,0,0,
06/10/2026,10:01:34:809,39.002288,-76.918223,1,-121,-121,0,0,
06/10/2026,10:01:34:858,39.002301,-76.918217,4,-82.44,-82.44,0,0,
06/10/2026,10:01:34:914,39.002313,-76.918211,2,-122.53,-122.53,0,0,
06/10/2026,10:01:34:998,39.002325,-76.918204,3,-122.84,-122.84,0,0,
06/10/2026,10:01:35:019,39.002338,-76.918198,1,-119.96,-119.96,0,0,
06/10/2026,10:01:35:102,39.002350,-76.918192,4,-83.57,-83.57,0,0,
06/10/2026,10:01:35:129,39.002362,-76.918186,2,-121.58,-121.58,0,0,
06/10/2026,10:01:35:231,39.002375,-76.918179,3,-122.66,-122.66,0,0,
06/10/2026,10:01:35:235,39.002387,-76.918173,1,-119.71,-119.71,0,0,
06/10/2026,10:01:35:288,39.002399,-76.918167,4,-91.37,-91.37,0,0,
06/10/2026,10:01:35:344,39.002411,-76.918161,2,-121.14,-121.14,0,0,
06/10/2026,10:01:35:428,39.002424,-76.918154,3,-123.05,-123.05,0,0,
06/10/2026,10:01:35:440,39.002436,-76.918148,1,-122.24,-122.24,0,0,
06/10/2026,10:01:35:493,39.002448,-76.918142,4,-82.65,-82.65,0,0,
06/10/2026,10:01:35:552,39.002461,-76.918135,2,-121.85,-121.85,0,0,
06/10/2026,10:01:35:662,39.002473,-76.918129,3,-121.29,-121.29,0,0,
06/10/2026,10:01:35:664,39.002485,-76.918123,1,-121.9,-121.9,0,0,
06/10/2026,10:01:35:700,39.002498,-76.918117,4,-79.51,-79.51,0,0,
06/10/2026,10:01:35:763,39.002509,-76.918110,2,-122.37,-122.37,0,0,
06/10/2026,10:01:35:847,39.002521,-76.918104,3,-122.6,-122.6,0,0,
06/10/2026,10:01:35:858,39.002532,-76.918097,1,-120.64,-120.64,0,0,
06/10/2026,10:01:35:912,39.002543,-76.918091,4,-86.37,-86.37,0,0,
06/10/2026,10:01:35:970,39.002555,-76.918085,2,-122.14,-122.14,0,0,
06/10/2026,10:01:36:113,39.002566,-76.918078,3,-123.01,-123.01,0,0,
06/10/2026,10:01:36:117,39.002578,-76.918072,1,-121.87,-121.87,0,0,
06/10/2026,10:01:36:165,39.002589,-76.918065,4,-92.03,-92.03,0,0,
06/10/2026,10:01:36:214,39.002601,-76.918059,2,-121.59,-121.59,0,0,
06/10/2026,10:01:36:276,39.002612,-76.918052,3,-123.78,-123.78,0,0,
06/10/2026,10:01:36:282,39.002624,-76.918046,1,-121.52,-121.52,0,0,
06/10/2026,10:01:36:354,39.002635,-76.918040,4,-80.46,-80.46,0,0,
06/10/2026,10:01:36:398,39.002647,-76.918033,2,-121.87,-121.87,0,0,
06/10/2026,10:01:36:478,39.002658,-76.918027,3,-122.47,-122.47,0,0,
06/10/2026,10:01:36:503,39.002670,-76.918020,1,-122.8,-122.8,0,0,
06/10/2026,10:01:36:545,39.002681,-76.918014,4,-82.68,-82.68,0,0,
06/10/2026,10:01:36:600,39.002692,-76.918008,2,-122.19,-122.19,0,0,
06/10/2026,10:01:36:691,39.002704,-76.918001,3,-119.95,-119.95,0,0,
06/10/2026,10:01:36:707,39.002715,-76.917995,1,-123.56,-123.56,0,0,
06/10/2026,10:01:36:762,39.002727,-76.917988,4,-87.43,-87.43,0,0,
06/10/2026,10:01:36:808,39.002739,-76.917982,2,-121.24,-121.24,0,0,
06/10/2026,10:01:36:904,39.002752,-76.917975,3,-121.53,-121.53,0,0,
06/10/2026,10:01:36:916,39.002764,-76.917968,1,-122.6,-122.6,0,0,
06/10/2026,10:01:36:980,39.002777,-76.917962,4,-87.02,-87.02,0,0,
06/10/2026,10:01:37:021,39.002789,-76.917955,2,-122.53,-122.53,0,0,
06/10/2026,10:01:37:108,39.002802,-76.917949,3,-122.94,-122.94,0,0,
06/10/2026,10:01:37:134,39.002814,-76.917942,1,-120.66,-120.66,0,0,
06/10/2026,10:01:37:182,39.002827,-76.917935,4,-83.82,-83.82,0,0,
06/10/2026,10:01:37:237,39.002839,-76.917929,2,-121.29,-121.29,0,0,
06/10/2026,10:01:37:319,39.002852,-76.917922,3,-123.33,-123.33,0,0,
06/10/2026,10:01:37:338,39.002864,-76.917915,1,-122.41,-122.41,0,0,
06/10/2026,10:01:37:392,39.002877,-76.917909,4,-89.8,-89.8,0,0,
06/10/2026,10:01:37:441,39.002889,-76.917902,2,-121.1,-121.1,0,0,
06/10/2026,10:01:37:529,39.002901,-76.917896,3,-123.32,-123.32,0,0,
06/10/2026,10:01:37:561,39.002914,-76.917889,1,-122.7,-122.7,0,0,
06/10/2026,10:01:37:600,39.002926,-76.917882,4,-81.69,-81.69,0,0,
06/10/2026,10:01:37:660,39.002939,-76.917876,2,-121.04,-121.04,0,0,
06/10/2026,10:01:37:742,39.002951,-76.917869,3,-120.93,-120.93,0,0,
06/10/2026,10:01:37:815,39.002963,-76.917862,1,-123.86,-123.86,0,0,
06/10/2026,10:01:37:874,39.002975,-76.917856,4,-89.28,-89.28,0,0,
06/10/2026,10:01:37:884,39.002987,-76.917849,2,-121.23,-121.23,0,0,
06/10/2026,10:01:37:991,39.002999,-76.917842,3,-120.91,-120.91,0,0,
06/10/2026,10:01:37:996,39.003011,-76.917835,1,-121.8,-121.8,0,0,
06/10/2026,10:01:38:045,39.003022,-76.917829,4,-82.27,-82.27,0,0,
06/10/2026,10:01:38:119,39.003034,-76.917822,2,-122.16,-122.16,0,0,
06/10/2026,10:01:38:162,39.003046,-76.917815,3,-123.17,-123.17,0,0,
06/10/2026,10:01:38:179,39.003058,-76.917808,1,-119.9,-119.9,0,0,
06/10/2026,10:01:38:241,39.003070,-76.917802,4,-80.03,-80.03,0,0,
06/10/2026,10:01:38:284,39.003081,-76.917795,2,-123.34,-123.34,0,0,
06/10/2026,10:01:38:375,39.003093,-76.917788,3,-123.22,-123.22,0,0,
06/10/2026,10:01:38:391,39.003105,-76.917781,1,-120.84,-120.84,0,0,
06/10/2026,10:01:38:458,39.003117,-76.917775,4,-85.46,-85.46,0,0,
06/10/2026,10:01:38:497,39.003129,-76.917768,2,-121.89,-121.89,0,0,
06/10/2026,10:01:38:596,39.003141,-76.917761,3,-121.38,-121.38,0,0,
06/10/2026,10:01:38:612,39.003152,-76.917754,1,-123.01,-123.01,0,0,
06/10/2026,10:01:38:657,39.003164,-76.917748,4,-84.29,-84.29,0,0,
06/10/2026,10:01:38:708,39.003176,-76.917741,2,-120.53,-120.53,0,0,
06/10/2026,10:01:38:795,39.003188,-76.917734,3,-121.65,-121.65,0,0,
06/10/2026,10:01:38:818,39.003199,-76.917727,1,-120.05,-120.05,0,0,
06/10/2026,10:01:38:866,39.003211,-76.917721,4,-81.02,-81.02,0,0,
06/10/2026,10:01:38:942,39.003222,-76.917714,2,-120.44,-120.44,0,0,
06/10/2026,10:01:39:019,39.003234,-76.917707,3,-122.39,-122.39,0,0,
06/10/2026,10:01:39:024,39.003245,-76.917700,1,-120.43,-120.43,0,0,
06/10/2026,10:01:39:079,39.003257,-76.917694,4,-79.86,-79.86,0,0,
06/10/2026,10:01:39:141,39.003269,-76.917687,2,-120.59,-120.59,0,0,
06/10/2026,10:01:39:216,39.003280,-76.917680,3,-122.22,-122.22,0,0,
06/10/2026,10:01:39:234,39.003292,-76.917673,1,-121.86,-121.86,0,0,
06/10/2026,10:01:39:287,39.003303,-76.917666,4,-81.31,-81.31,0,0,
06/10/2026,10:01:39:360,39.003315,-76.917660,2,-123.11,-123.11,0,0,
06/10/2026,10:01:39:430,39.003327,-76.917653,3,-122.29,-122.29,0,0,
06/10/2026,10:01:39:449,39.003338,-76.917646,1,-120.53,-120.53,0,0,
06/10/2026,10:01:39:931,39.003350,-76.917639,4,-83.75,-83.75,0,0,
06/10/2026,10:01:39:959,39.003361,-76.917633,2,-122.85,-122.85,0,0,
06/10/2026,10:01:39:976,39.003373,-76.917626,3,-121.51,-121.51,0,0,
06/10/2026,10:01:39:979,39.003384,-76.917619,1,-120.6,-120.6,0,0,
06/10/2026,10:01:40:003,39.003396,-76.917612,4,-84.4,-84.4,0,0,
06/10/2026,10:01:40:026,39.003407,-76.917606,2,-121.9,-121.9,0,0,
06/10/2026,10:01:40:076,39.003418,-76.917599,3,-122.17,-122.17,0,0,
06/10/2026,10:01:40:080,39.003430,-76.917593,1,-122.06,-122.06,0,0,
06/10/2026,10:01:40:099,39.003441,-76.917586,4,-81.25,-81.25,0,0,
06/10/2026,10:01:40:123,39.003452,-76.917579,2,-121.76,-121.76,0,0,
06/10/2026,10:01:40:160,39.003463,-76.917573,3,-123.44,-123.44,0,0,
06/10/2026,10:01:40:170,39.003474,-76.917566,1,-120.61,-120.61,0,0,
06/10/2026,10:01:40:178,39.003486,-76.917559,4,-85.71,-85.71,0,0,
06/10/2026,10:01:40:224,39.003497,-76.917553,2,-122.54,-122.54,0,0,
06/10/2026,10:01:40:274,39.003508,-76.917546,3,-123.42,-123.42,0,0,
06/10/2026,10:01:40:297,39.003519,-76.917540,1,-121.34,-121.34,0,0,
06/10/2026,10:01:40:350,39.003530,-76.917533,4,-86.03,-86.03,0,0,
06/10/2026,10:01:40:394,39.003542,-76.917526,2,-122.4,-122.4,0,0,
06/10/2026,10:01:40:482,39.003553,-76.917520,3,-122.61,-122.61,0,0,
06/10/2026,10:01:40:503,39.003564,-76.917513,1,-122.78,-122.78,0,0,
06/10/2026,10:01:40:558,39.003575,-76.917507,4,-85.03,-85.03,0,0,
06/10/2026,10:01:40:604,39.003586,-76.917500,2,-120.64,-120.64,0,0,
06/10/2026,10:01:40:697,39.003598,-76.917493,3,-121.7,-121.7,0,0,
06/10/2026,10:01:40:715,39.003608,-76.917487,1,-121.74,-121.74,0,0,
06/10/2026,10:01:40:771,39.003617,-76.917481,4,-82.3,-82.3,0,0,
06/10/2026,10:01:40:815,39.003627,-76.917475,2,-119.98,-119.98,0,0,
06/10/2026,10:01:40:916,39.003637,-76.917469,3,-120.46,-120.46,0,0,
06/10/2026,10:01:40:926,39.003647,-76.917463,1,-121.68,-121.68,0,0,
06/10/2026,10:01:40:973,39.003657,-76.917458,4,-85.56,-85.56,0,0,
06/10/2026,10:01:41:036,39.003667,-76.917452,2,-120.74,-120.74,0,0,
06/10/2026,10:01:41:115,39.003677,-76.917446,3,-120.99,-120.99,0,0,
06/10/2026,10:01:41:133,39.003686,-76.917440,1,-121.58,-121.58,0,0,
06/10/2026,10:01:41:184,39.003696,-76.917434,4,-84.49,-84.49,0,0,
06/10/2026,10:01:41:239,39.003706,-76.917428,2,-120.92,-120.92,0,0,
06/10/2026,10:01:41:328,39.003716,-76.917422,3,-122.79,-122.79,0,0,
06/10/2026,10:01:41:346,39.003726,-76.917416,1,-119.75,-119.75,0,0,
06/10/2026,10:01:41:417,39.003736,-76.917410,4,-90.83,-90.83,0,0,
06/10/2026,10:01:41:501,39.003746,-76.917404,2,-123.61,-123.61,0,0,
06/10/2026,10:01:41:552,39.003755,-76.917398,3,-121.58,-121.58,0,0,
06/10/2026,10:01:41:620,39.003765,-76.917392,1,-121.57,-121.57,0,0,
06/10/2026,10:01:41:673,39.003775,-76.917386,4,-86.01,-86.01,0,0,
06/10/2026,10:01:41:691,39.003785,-76.917380,2,-120.05,-120.05,0,0,
06/10/2026,10:01:41:792,39.003795,-76.917374,3,-122.54,-122.54,0,0,
06/10/2026,10:01:41:797,39.003804,-76.917368,1,-119.07,-119.07,0,0,
06/10/2026,10:01:41:831,39.003814,-76.917362,4,-76.58,-76.58,0,0,
06/10/2026,10:01:41:870,39.003824,-76.917355,2,-123.32,-123.32,0,0,
06/10/2026,10:01:41:960,39.003833,-76.917349,3,-123.74,-123.74,0,0,
06/10/2026,10:01:41:982,39.003843,-76.917343,1,-120.88,-120.88,0,0,
06/10/2026,10:01:42:028,39.003853,-76.917336,4,-86.8,-86.8,0,0,
06/10/2026,10:01:42:086,39.003862,-76.917330,2,-122.02,-122.02,0,0,
06/10/2026,10:01:42:171,39.003872,-76.917324,3,-123.07,-123.07,0,0,
06/10/2026,10:01:42:200,39.003882,-76.917318,1,-122.73,-122.73,0,0,
06/10/2026,10:01:42:245,39.003891,-76.917311,4,-80.86,-80.86,0,0,
06/10/2026,10:01:42:292,39.003901,-76.917305,2,-121.48,-121.48,0,0,
06/10/2026,10:01:42:394,39.003911,-76.917299,3,-121.79,-121.79,0,0,
06/10/2026,10:01:42:399,39.003920,-76.917293,1,-120.63,-120.63,0,0,
06/10/2026,10:01:42:457,39.003930,-76.917286,4,-82.36,-82.36,0,0,
06/10/2026,10:01:42:519,39.003940,-76.917280,2,-121.64,-121.64,0,0,
06/10/2026,10:01:42:596,39.003949,-76.917274,3,-123.07,-123.07,0,0,
06/10/2026,10:01:42:612,39.003959,-76.917267,1,-122.72,-122.72,0,0,
06/10/2026,10:01:42:665,39.003968,-76.917261,4,-86.03,-86.03,0,0,
06/10/2026,10:01:42:715,39.003978,-76.917255,2,-121.71,-121.71,0,0,
06/10/2026,10:01:42:807,39.003988,-76.917248,3,-121.86,-121.86,0,0,
06/10/2026,10:01:42:824,39.003998,-76.917241,1,-121.39,-121.39,0,0,
06/10/2026,10:01:42:873,39.004008,-76.917235,4,-84.71,-84.71,0,0,
06/10/2026,10:01:42:930,39.004018,-76.917228,2,-120.96,-120.96,0,0,
06/10/2026,10:01:43:015,39.004028,-76.917221,3,-119.72,-119.72,0,0,
06/10/2026,10:01:43:032,39.004037,-76.917214,1,-121.97,-121.97,0,0,
06/10/2026,10:01:43:086,39.004047,-76.917208,4,-78.01,-78.01,0,0,
06/10/2026,10:01:43:138,39.004057,-76.917201,2,-122.7,-122.7,0,0,
06/10/2026,10:01:43:312,39.004067,-76.917194,3,-121,-121,0,0,
06/10/2026,10:01:43:313,39.004077,-76.917187,1,-121.9,-121.9,0,0,
06/10/2026,10:01:43:321,39.004087,-76.917181,4,-86.03,-86.03,0,0,
06/10/2026,10:01:43:414,39.004097,-76.917174,2,-120.69,-120.69,0,0,
06/10/2026,10:01:43:511,39.004107,-76.917167,3,-123.57,-123.57,0,0,
06/10/2026,10:01:43:514,39.004117,-76.917160,1,-122.18,-122.18,0,0,
06/10/2026,10:01:43:531,39.004127,-76.917154,4,-80.76,-80.76,0,0,
06/10/2026,10:01:43:567,39.004136,-76.917147,2,-120.9,-120.9,0,0,
06/10/2026,10:01:43:669,39.004146,-76.917140,3,-119.86,-119.86,0,0,
06/10/2026,10:01:43:672,39.004156,-76.917133,1,-121.69,-121.69,0,0,
06/10/2026,10:01:43:719,39.004166,-76.917127,4,-78.2,-78.2,0,0,
06/10/2026,10:01:43:771,39.004177,-76.917119,2,-121.81,-121.81,0,0,
06/10/2026,10:01:43:878,39.004187,-76.917112,3,-122.61,-122.61,0,0,
06/10/2026,10:01:43:882,39.004197,-76.917105,1,-122.25,-122.25,0,0,
06/10/2026,10:01:43:935,39.004208,-76.917098,4,-80.43,-80.43,0,0,
06/10/2026,10:01:43:981,39.004218,-76.917091,2,-122.15,-122.15,0,0,
06/10/2026,10:01:44:069,39.004229,-76.917084,3,-123,-123,0,0,
06/10/2026,10:01:44:085,39.004239,-76.917077,1,-119.34,-119.34,0,0,
06/10/2026,10:01:44:137,39.004250,-76.917070,4,-78.1,-78.1,0,0,
06/10/2026,10:01:44:191,39.004260,-76.917062,2,-121.92,-121.92,0,0,
06/10/2026,10:01:44:280,39.004270,-76.917055,3,-123.75,-123.75,0,0,
06/10/2026,10:01:44:300,39.004281,-76.917048,1,-122.75,-122.75,0,0,
06/10/2026,10:01:44:352,39.004291,-76.917041,4,-82.37,-82.37,0,0,
06/10/2026,10:01:44:403,39.004302,-76.917034,2,-122.97,-122.97,0,0,
06/10/2026,10:01:44:490,39.004312,-76.917027,3,-123.34,-123.34,0,0,
06/10/2026,10:01:44:509,39.004323,-76.917020,1,-120.59,-120.59,0,0,
06/10/2026,10:01:44:560,39.004333,-76.917012,4,-91,-91,0,0,
06/10/2026,10:01:44:620,39.004344,-76.917005,2,-120.57,-120.57,0,0,
06/10/2026,10:01:44:704,39.004354,-76.916998,3,-122.45,-122.45,0,0,
06/10/2026,10:01:44:727,39.004363,-76.916992,1,-122.6,-122.6,0,0,
06/10/2026,10:01:44:771,39.004373,-76.916985,4,-91.01,-91.01,0,0,
06/10/2026,10:01:44:824,39.004382,-76.916979,2,-123.05,-123.05,0,0,
06/10/2026,10:01:44:915,39.004392,-76.916973,3,-121.65,-121.65,0,0,
06/10/2026,10:01:44:936,39.004401,-76.916966,1,-120.39,-120.39,0,0,
06/10/2026,10:01:44:984,39.004410,-76.916960,4,-89.16,-89.16,0,0,
06/10/2026,10:01:45:033,39.004420,-76.916953,2,-120.44,-120.44,0,0,
06/10/2026,10:01:45:122,39.004429,-76.916947,3,-122.48,-122.48,0,0,
06/10/2026,10:01:45:144,39.004439,-76.916940,1,-120.04,-120.04,0,0,
06/10/2026,10:01:45:197,39.004448,-76.916934,4,-86.2,-86.2,0,0,
06/10/2026,10:01:45:250,39.004457,-76.916928,2,-121.56,-121.56,0,0,
06/10/2026,10:01:45:381,39.004467,-76.916921,3,-121.43,-121.43,0,0,
06/10/2026,10:01:45:386,39.004476,-76.916915,1,-121.75,-121.75,0,0,
06/10/2026,10:01:45:447,39.004486,-76.916908,4,-78.81,-78.81,0,0,
06/10/2026,10:01:45:501,39.004495,-76.916902,2,-120.08,-120.08,0,0,
06/10/2026,10:01:45:588,39.004504,-76.916896,3,-124.32,-124.32,0,0,
06/10/2026,10:01:45:593,39.004514,-76.916889,1,-120.17,-120.17,0,0,
06/10/2026,10:01:45:619,39.004523,-76.916883,4,-77.45,-77.45,0,0,
06/10/2026,10:01:45:669,39.004533,-76.916876,2,-122.58,-122.58,0,0,
06/10/2026,10:01:45:759,39.004542,-76.916870,3,-122.77,-122.77,0,0,
06/10/2026,10:01:45:772,39.004552,-76.916863,1,-120.58,-120.58,0,0,
06/10/2026,10:01:45:827,39.004561,-76.916856,4,-84.31,-84.31,0,0,
06/10/2026,10:01:45:878,39.004571,-76.916850,2,-122.1,-122.1,0,0,
06/10/2026,10:01:45:967,39.004581,-76.916843,3,-120.63,-120.63,0,0,
06/10/2026,10:01:45:986,39.004590,-76.916836,1,-121.21,-121.21,0,0,
06/10/2026,10:01:46:036,39.004600,-76.916829,4,-79.36,-79.36,0,0,
06/10/2026,10:01:46:090,39.004609,-76.916823,2,-119.88,-119.88,0,0,
06/10/2026,10:01:46:178,39.004619,-76.916816,3,-120.52,-120.52,0,0,
06/10/2026,10:01:46:194,39.004629,-76.916809,1,-120.58,-120.58,0,0,
06/10/2026,10:01:46:245,39.004638,-76.916802,4,-86.34,-86.34,0,0,
06/10/2026,10:01:46:299,39.004648,-76.916796,2,-120.95,-120.95,0,0,
06/10/2026,10:01:46:388,39.004658,-76.916789,3,-122.07,-122.07,0,0,
06/10/2026,10:01:46:406,39.004667,-76.916782,1,-124.31,-124.31,0,0,
06/10/2026,10:01:46:457,39.004677,-76.916775,4,-83.01,-83.01,0,0,
06/10/2026,10:01:46:511,39.004687,-76.916769,2,-122.6,-122.6,0,0,
06/10/2026,10:01:46:615,39.004696,-76.916762,3,-123.89,-123.89,0,0,
06/10/2026,10:01:46:618,39.004706,-76.916755,1,-123.72,-123.72,0,0,
06/10/2026,10:01:46:668,39.004716,-76.916748,4,-78.24,-78.24,0,0,
06/10/2026,10:01:46:724,39.004725,-76.916742,2,-119.52,-119.52,0,0,
06/10/2026,10:01:46:810,39.004735,-76.916734,3,-120.18,-120.18,0,0,
06/10/2026,10:01:46:830,39.004745,-76.916726,1,-120.4,-120.4,0,0,
06/10/2026,10:01:46:881,39.004755,-76.916718,4,-75.23,-75.23,0,0,
06/10/2026,10:01:46:938,39.004765,-76.916711,2,-121.27,-121.27,0,0,
06/10/2026,10:01:47:021,39.004775,-76.916703,3,-122.1,-122.1,0,0,
06/10/2026,10:01:47:042,39.004785,-76.916695,1,-120.95,-120.95,0,0,
06/10/2026,10:01:47:090,39.004795,-76.916688,4,-85.7,-85.7,0,0,
06/10/2026,10:01:47:197,39.004804,-76.916680,2,-120.66,-120.66,0,0,
06/10/2026,10:01:47:246,39.004814,-76.916672,3,-122.76,-122.76,0,0,
06/10/2026,10:01:47:249,39.004824,-76.916664,1,-122.73,-122.73,0,0,
06/10/2026,10:01:47:322,39.004834,-76.916657,4,-77.73,-77.73,0,0,
06/10/2026,10:01:47:438,39.004844,-76.916649,2,-121.43,-121.43,0,0,
06/10/2026,10:01:47:460,39.004854,-76.916641,3,-121.74,-121.74,0,0,
06/10/2026,10:01:47:464,39.004864,-76.916633,1,-120.15,-120.15,0,0,
06/10/2026,10:01:47:513,39.004874,-76.916626,4,-81.41,-81.41,0,0,
06/10/2026,10:01:47:566,39.004884,-76.916618,2,-121.84,-121.84,0,0,
06/10/2026,10:01:47:656,39.004893,-76.916610,3,-124.51,-124.51,0,0,
06/10/2026,10:01:47:670,39.004903,-76.916603,1,-120.07,-120.07,0,0,
06/10/2026,10:01:47:722,39.004913,-76.916595,4,-81.02,-81.02,0,0,
06/10/2026,10:01:47:777,39.004923,-76.916588,2,-122.28,-122.28,0,0,
06/10/2026,10:01:47:867,39.004933,-76.916580,3,-121.67,-121.67,0,0,
06/10/2026,10:01:47:895,39.004942,-76.916573,1,-122.53,-122.53,0,0,
06/10/2026,10:01:47:935,39.004952,-76.916566,4,-85.15,-85.15,0,0,
06/10/2026,10:01:47:985,39.004961,-76.916559,2,-122.18,-122.18,0,0,
06/10/2026,10:01:48:076,39.004971,-76.916551,3,-122.39,-122.39,0,0,
06/10/2026,10:01:48:093,39.004981,-76.916544,1,-122.59,-122.59,0,0,
06/10/2026,10:01:48:145,39.004990,-76.916537,4,-79.4,-79.4,0,0,
06/10/2026,10:01:48:196,39.005000,-76.916530,2,-124.42,-124.42,0,0,
06/10/2026,10:01:48:285,39.005010,-76.916523,3,-120.9,-120.9,0,0,
06/10/2026,10:01:48:307,39.005019,-76.916515,1,-122.22,-122.22,0,0,
06/10/2026,10:01:48:357,39.005029,-76.916508,4,-80.47,-80.47,0,0,
06/10/2026,10:01:48:408,39.005039,-76.916501,2,-122.21,-122.21,0,0,
06/10/2026,10:01:48:495,39.005048,-76.916494,3,-121.28,-121.28,0,0,
06/10/2026,10:01:48:518,39.005058,-76.916486,1,-120.45,-120.45,0,0,
06/10/2026,10:01:48:571,39.005068,-76.916479,4,-77.21,-77.21,0,0,
06/10/2026,10:01:48:618,39.005077,-76.916472,2,-121.3,-121.3,0,0,
06/10/2026,10:01:48:715,39.005087,-76.916465,3,-123.85,-123.85,0,0,
06/10/2026,10:01:48:723,39.005097,-76.916457,1,-123.66,-123.66,0,0,
06/10/2026,10:01:48:804,39.005106,-76.916451,4,-78.67,-78.67,0,0,
06/10/2026,10:01:48:860,39.005115,-76.916444,2,-121.67,-121.67,0,0,
06/10/2026,10:01:48:920,39.005124,-76.916437,3,-124.48,-124.48,0,0,
06/10/2026,10:01:48:978,39.005133,-76.916430,1,-121.76,-121.76,0,0,
06/10/2026,10:01:48:990,39.005142,-76.916424,4,-79.27,-79.27,0,0,
06/10/2026,10:01:49:085,39.005152,-76.916417,2,-119.72,-119.72,0,0,
06/10/2026,10:01:49:133,39.005161,-76.916410,3,-121.59,-121.59,0,0,
06/10/2026,10:01:49:147,39.005170,-76.916403,1,-122.01,-122.01,0,0,
06/10/2026,10:01:49:200,39.005179,-76.916397,4,-79.75,-79.75,0,0,
06/10/2026,10:01:49:257,39.005188,-76.916390,2,-123.22,-123.22,0,0,
06/10/2026,10:01:49:339,39.005197,-76.916383,3,-121.18,-121.18,0,0,
06/10/2026,10:01:49:362,39.005207,-76.916376,1,-120.59,-120.59,0,0,
06/10/2026,10:01:49:409,39.005216,-76.916370,4,-79.07,-79.07,0,0,
06/10/2026,10:01:49:463,39.005225,-76.916363,2,-121.66,-121.66,0,0,
06/10/2026,10:01:49:552,39.005234,-76.916356,3,-120.19,-120.19,0,0,
06/10/2026,10:01:49:567,39.005243,-76.916349,1,-123.98,-123.98,0,0,
06/10/2026,10:01:49:622,39.005252,-76.916343,4,-78.12,-78.12,0,0,
06/10/2026,10:01:49:672,39.005262,-76.916336,2,-121.49,-121.49,0,0,
06/10/2026,10:01:49:769,39.005271,-76.916329,3,-123.59,-123.59,0,0,
06/10/2026,10:01:49:783,39.005279,-76.916322,1,-123.27,-123.27,0,0,
06/10/2026,10:01:49:830,39.005288,-76.916315,4,-75.78,-75.78,0,0,
06/10/2026,10:01:49:890,39.005297,-76.916307,2,-121.49,-121.49,0,0,
06/10/2026,10:01:49:976,39.005305,-76.916300,3,-123.54,-123.54,0,0,
06/10/2026,10:01:49:992,39.005314,-76.916293,1,-122.34,-122.34,0,0,
06/10/2026,10:01:50:041,39.005323,-76.916286,4,-75.38,-75.38,0,0,
06/10/2026,10:01:50:094,39.005332,-76.916278,2,-122.51,-122.51,0,0,
06/10/2026,10:01:50:182,39.005340,-76.916271,3,-122.6,-122.6,0,0,
06/10/2026,10:01:50:202,39.005349,-76.916264,1,-120.18,-120.18,0,0,
06/10/2026,10:01:50:254,39.005358,-76.916257,4,-77.07,-77.07,0,0,
06/10/2026,10:01:50:309,39.005366,-76.916249,2,-121.43,-121.43,0,0,
06/10/2026,10:01:50:395,39.005375,-76.916242,3,-120.84,-120.84,0,0,
06/10/2026,10:01:50:412,39.005384,-76.916235,1,-120.83,-120.83,0,0,
06/10/2026,10:01:50:469,39.005392,-76.916228,4,-87.05,-87.05,0,0,
06/10/2026,10:01:50:529,39.005401,-76.916220,2,-122.18,-122.18,0,0,
06/10/2026,10:01:50:609,39.005410,-76.916213,3,-121.84,-121.84,0,0,
06/10/2026,10:01:50:622,39.005418,-76.916206,1,-122.66,-122.66,0,0,
06/10/2026,10:01:50:681,39.005427,-76.916199,4,-80.68,-80.68,0,0,
06/10/2026,10:01:50:732,39.005436,-76.916192,2,-122.42,-122.42,0,0,
06/10/2026,10:01:50:816,39.005444,-76.916185,3,-122.34,-122.34,0,0,
06/10/2026,10:01:50:860,39.005452,-76.916179,1,-120.75,-120.75,0,0,
06/10/2026,10:01:50:932,39.005460,-76.916173,4,-82.26,-82.26,0,0,
06/10/2026,10:01:50:954,39.005469,-76.916166,2,-121.45,-121.45,0,0,
06/10/2026,10:01:51:037,39.005477,-76.916160,3,-120.81,-120.81,0,0,
06/10/2026,10:01:51:042,39.005485,-76.916154,1,-120.74,-120.74,0,0,
06/10/2026,10:01:51:098,39.005493,-76.916148,4,-83.71,-83.71,0,0,
06/10/2026,10:01:51:149,39.005501,-76.916141,2,-121.44,-121.44,0,0,
06/10/2026,10:01:51:237,39.005510,-76.916135,3,-120.34,-120.34,0,0,
06/10/2026,10:01:51:256,39.005518,-76.916129,1,-120.4,-120.4,0,0,
06/10/2026,10:01:51:312,39.005526,-76.916123,4,-84.49,-84.49,0,0,
06/10/2026,10:01:51:360,39.005534,-76.916116,2,-122.78,-122.78,0,0,
06/10/2026,10:01:51:450,39.005542,-76.916110,3,-119.99,-119.99,0,0,
06/10/2026,10:01:51:464,39.005551,-76.916104,1,-121.88,-121.88,0,0,
06/10/2026,10:01:51:520,39.005559,-76.916097,4,-89.73,-89.73,0,0,
06/10/2026,10:01:51:571,39.005567,-76.916091,2,-121.99,-121.99,0,0,
06/10/2026,10:01:51:660,39.005575,-76.916085,3,-123.91,-123.91,0,0,
06/10/2026,10:01:51:676,39.005583,-76.916079,1,-121.02,-121.02,0,0,
06/10/2026,10:01:51:743,39.005592,-76.916072,4,-86.56,-86.56,0,0,
06/10/2026,10:01:51:781,39.005599,-76.916066,2,-122.4,-122.4,0,0,
06/10/2026,10:01:51:869,39.005607,-76.916060,3,-121.97,-121.97,0,0,
06/10/2026,10:01:51:888,39.005615,-76.916054,1,-121.85,-121.85,0,0,
06/10/2026,10:01:51:941,39.005622,-76.916048,4,-80.25,-80.25,0,0,
06/10/2026,10:01:51:992,39.005630,-76.916042,2,-124.29,-124.29,0,0,
06/10/2026,10:01:52:081,39.005637,-76.916036,3,-122.96,-122.96,0,0,
06/10/2026,10:01:52:102,39.005645,-76.916030,1,-121.4,-121.4,0,0,
06/10/2026,10:01:52:151,39.005653,-76.916023,4,-89.26,-89.26,0,0,
06/10/2026,10:01:52:209,39.005660,-76.916017,2,-124.13,-124.13,0,0,
06/10/2026,10:01:52:292,39.005668,-76.916011,3,-122.68,-122.68,0,0,
06/10/2026,10:01:52:310,39.005676,-76.916005,1,-120.94,-120.94,0,0,
06/10/2026,10:01:52:360,39.005683,-76.915999,4,-87.18,-87.18,0,0,
06/10/2026,10:01:52:417,39.005691,-76.915993,2,-122.11,-122.11,0,0,
06/10/2026,10:01:52:507,39.005699,-76.915987,3,-120.05,-120.05,0,0,
06/10/2026,10:01:52:519,39.005706,-76.915981,1,-122.61,-122.61,0,0,
06/10/2026,10:01:52:593,39.005714,-76.915975,4,-90.64,-90.64,0,0,
06/10/2026,10:01:52:668,39.005721,-76.915968,2,-121.09,-121.09,0,0,
06/10/2026,10:01:52:740,39.005729,-76.915962,3,-120.21,-120.21,0,0,
06/10/2026,10:01:52:744,39.005736,-76.915957,1,-120.45,-120.45,0,0,
06/10/2026,10:01:52:811,39.005743,-76.915951,4,-84.7,-84.7,0,0,
06/10/2026,10:01:52:862,39.005750,-76.915946,2,-121.23,-121.23,0,0,
06/10/2026,10:01:52:930,39.005757,-76.915940,3,-121.98,-121.98,0,0,
06/10/2026,10:01:52:945,39.005763,-76.915935,1,-120.62,-120.62,0,0,
06/10/2026,10:01:53:019,39.005770,-76.915929,4,-81.62,-81.62,0,0,
06/10/2026,10:01:53:052,39.005777,-76.915924,2,-121.84,-121.84,0,0,
06/10/2026,10:01:53:138,39.005784,-76.915918,3,-121.52,-121.52,0,0,
06/10/2026,10:01:53:155,39.005791,-76.915913,1,-124.21,-124.21,0,0,
06/10/2026,10:01:53:206,39.005798,-76.915907,4,-85.29,-85.29,0,0,
06/10/2026,10:01:53:258,39.005805,-76.915902,2,-122,-122,0,0,
06/10/2026,10:01:53:348,39.005812,-76.915896,3,-121.76,-121.76,0,0,
06/10/2026,10:01:53:363,39.005818,-76.915891,1,-119.67,-119.67,0,0,
06/10/2026,10:01:53:425,39.005825,-76.915885,4,-78.87,-78.87,0,0,
06/10/2026,10:01:53:467,39.005832,-76.915880,2,-121.51,-121.51,0,0,
06/10/2026,10:01:53:559,39.005839,-76.915874,3,-122.81,-122.81,0,0,
06/10/2026,10:01:53:574,39.005846,-76.915869,1,-120.59,-120.59,0,0,
06/10/2026,10:01:53:634,39.005853,-76.915863,4,-85.89,-85.89,0,0,
06/10/2026,10:01:53:679,39.005860,-76.915858,2,-120.84,-120.84,0,0,
06/10/2026,10:01:53:772,39.005867,-76.915852,3,-121.04,-121.04,0,0,
06/10/2026,10:01:53:790,39.005874,-76.915847,1,-121,-121,0,0,
06/10/2026,10:01:53:837,39.005881,-76.915841,4,-96.17,-96.17,0,0,
06/10/2026,10:01:53:892,39.005888,-76.915835,2,-123.06,-123.06,0,0,
06/10/2026,10:01:53:980,39.005895,-76.915829,3,-120.74,-120.74,0,0,
06/10/2026,10:01:53:997,39.005902,-76.915823,1,-120.68,-120.68,0,0,
06/10/2026,10:01:54:047,39.005909,-76.915818,4,-78.14,-78.14,0,0,
06/10/2026,10:01:54:103,39.005916,-76.915812,2,-120.68,-120.68,0,0,
06/10/2026,10:01:54:189,39.005923,-76.915806,3,-121.89,-121.89,0,0,
06/10/2026,10:01:54:208,39.005930,-76.915800,1,-119.92,-119.92,0,0,
06/10/2026,10:01:54:261,39.005937,-76.915794,4,-77.99,-77.99,0,0,
06/10/2026,10:01:54:340,39.005944,-76.915789,2,-121.1,-121.1,0,0,
06/10/2026,10:01:54:402,39.005951,-76.915783,3,-120.92,-120.92,0,0,
06/10/2026,10:01:54:417,39.005958,-76.915777,1,-121.57,-121.57,0,0,
06/10/2026,10:01:54:468,39.005965,-76.915771,4,-80.79,-80.79,0,0,
06/10/2026,10:01:54:525,39.005972,-76.915765,2,-120.92,-120.92,0,0,
06/10/2026,10:01:54:660,39.005979,-76.915760,3,-123.38,-123.38,0,0,
06/10/2026,10:01:54:666,39.005986,-76.915754,1,-122.48,-122.48,0,0,
06/10/2026,10:01:54:681,39.005993,-76.915748,4,-87.1,-87.1,0,0,
06/10/2026,10:01:54:807,39.006000,-76.915742,2,-120.5,-120.5,0,0,
06/10/2026,10:01:54:852,39.006006,-76.915737,3,-121.94,-121.94,0,0,
06/10/2026,10:01:54:856,39.006012,-76.915731,1,-122.66,-122.66,0,0,
06/10/2026,10:01:54:897,39.006018,-76.915725,4,-82.08,-82.08,0,0,
06/10/2026,10:01:54:945,39.006025,-76.915719,2,-121.32,-121.32,0,0,
06/10/2026,10:01:55:440,39.006031,-76.915713,3,-120.34,-120.34,0,0,
06/10/2026,10:01:55:441,39.006037,-76.915708,1,-120.01,-120.01,0,0,
06/10/2026,10:01:55:456,39.006043,-76.915702,4,-86.36,-86.36,0,0,
06/10/2026,10:01:55:478,39.006050,-76.915696,2,-120.78,-120.78,0,0,
06/10/2026,10:01:55:494,39.006056,-76.915690,3,-120.92,-120.92,0,0,
06/10/2026,10:01:55:500,39.006062,-76.915684,1,-121.29,-121.29,0,0,
06/10/2026,10:01:55:512,39.006069,-76.915679,4,-84.57,-84.57,0,0,
06/10/2026,10:01:55:523,39.006075,-76.915673,2,-119.93,-119.93,0,0,
06/10/2026,10:01:55:541,39.006081,-76.915667,3,-122.11,-122.11,0,0,
06/10/2026,10:01:55:546,39.006087,-76.915661,1,-121.24,-121.24,0,0,
06/10/2026,10:01:55:583,39.006094,-76.915655,4,-90.2,-90.2,0,0,
06/10/2026,10:01:55:599,39.006100,-76.915650,2,-121.32,-121.32,0,0,
06/10/2026,10:01:55:667,39.006106,-76.915644,3,-122.04,-122.04,0,0,
06/10/2026,10:01:55:688,39.006112,-76.915638,1,-120.77,-120.77,0,0,
06/10/2026,10:01:55:736,39.006119,-76.915632,4,-79.25,-79.25,0,0,
06/10/2026,10:01:55:790,39.006125,-76.915627,2,-120.58,-120.58,0,0,
06/10/2026,10:01:55:879,39.006131,-76.915622,3,-123.1,-123.1,0,0,
06/10/2026,10:01:55:893,39.006138,-76.915617,1,-119.64,-119.64,0,0,
06/10/2026,10:01:55:948,39.006144,-76.915612,4,-84.77,-84.77,0,0,
06/10/2026,10:01:56:001,39.006151,-76.915607,2,-120.65,-120.65,0,0,
06/10/2026,10:01:56:090,39.006157,-76.915602,3,-121.09,-121.09,0,0,
06/10/2026,10:01:56:107,39.006163,-76.915597,1,-119.61,-119.61,0,0,
06/10/2026,10:01:56:158,39.006170,-76.915592,4,-87.35,-87.35,0,0,
06/10/2026,10:01:56:213,39.006176,-76.915586,2,-119.93,-119.93,0,0,
06/10/2026,10:01:56:301,39.006182,-76.915581,3,-121.77,-121.77,0,0,
06/10/2026,10:01:56:316,39.006189,-76.915576,1,-119.32,-119.32,0,0,
06/10/2026,10:01:56:368,39.006195,-76.915571,4,-84.78,-84.78,0,0,
06/10/2026,10:01:56:422,39.006201,-76.915566,2,-122.27,-122.27,0,0,
06/10/2026,10:01:56:571,39.006208,-76.915561,3,-122.24,-122.24,0,0,
06/10/2026,10:01:56:577,39.006214,-76.915556,1,-121.34,-121.34,0,0,
06/10/2026,10:01:56:591,39.006221,-76.915551,4,-82.68,-82.68,0,0,
06/10/2026,10:01:56:631,39.006227,-76.915546,2,-119.87,-119.87,0,0,
06/10/2026,10:01:56:732,39.006233,-76.915541,3,-120.11,-120.11,0,0,
06/10/2026,10:01:56:761,39.006239,-76.915536,1,-121.04,-121.04,0,0,
06/10/2026,10:01:56:791,39.006244,-76.915531,4,-90.93,-90.93,0,0,
06/10/2026,10:01:56:859,39.006250,-76.915527,2,-120.86,-120.86,0,0,
06/10/2026,10:01:56:932,39.006255,-76.915522,3,-123.79,-123.79,0,0,
06/10/2026,10:01:56:950,39.006261,-76.915518,1,-120.63,-120.63,0,0,
06/10/2026,10:01:57:001,39.006266,-76.915513,4,-85.84,-85.84,0,0,
06/10/2026,10:01:57:053,39.006272,-76.915509,2,-120.95,-120.95,0,0,
06/10/2026,10:01:57:144,39.006277,-76.915504,3,-121.6,-121.6,0,0,
06/10/2026,10:01:57:160,39.006283,-76.915499,1,-121.04,-121.04,0,0,
06/10/2026,10:01:57:217,39.006288,-76.915495,4,-90.89,-90.89,0,0,
06/10/2026,10:01:57:270,39.006294,-76.915490,2,-121.62,-121.62,0,0,
06/10/2026,10:01:57:353,39.006299,-76.915486,3,-122.79,-122.79,0,0,
06/10/2026,10:01:57:372,39.006305,-76.915481,1,-120.95,-120.95,0,0,
06/10/2026,10:01:57:423,39.006310,-76.915476,4,-83.97,-83.97,0,0,
06/10/2026,10:01:57:475,39.006316,-76.915472,2,-123.26,-123.26,0,0,
06/10/2026,10:01:57:566,39.006321,-76.915467,3,-123.2,-123.2,0,0,
06/10/2026,10:01:57:588,39.006327,-76.915463,1,-120.75,-120.75,0,0,
06/10/2026,10:01:57:635,39.006332,-76.915458,4,-87.76,-87.76,0,0,
06/10/2026,10:01:57:688,39.006338,-76.915454,2,-122.62,-122.62,0,0,
06/10/2026,10:01:57:775,39.006343,-76.915449,3,-121.33,-121.33,0,0,
06/10/2026,10:01:57:793,39.006349,-76.915444,1,-121.7,-121.7,0,0,
06/10/2026,10:01:57:847,39.006354,-76.915440,4,-83.91,-83.91,0,0,
06/10/2026,10:01:57:897,39.006359,-76.915435,2,-121.23,-121.23,0,0,
06/10/2026,10:01:57:985,39.006365,-76.915431,3,-121.11,-121.11,0,0,
06/10/2026,10:01:58:005,39.006370,-76.915426,1,-121.69,-121.69,0,0,
06/10/2026,10:01:58:055,39.006375,-76.915421,4,-82.28,-82.28,0,0,
06/10/2026,10:01:58:112,39.006381,-76.915417,2,-120.99,-120.99,0,0,
06/10/2026,10:01:58:242,39.006386,-76.915412,3,-121.31,-121.31,0,0,
06/10/2026,10:01:58:243,39.006391,-76.915408,1,-121.3,-121.3,0,0,
06/10/2026,10:01:58:318,39.006397,-76.915403,4,-77.65,-77.65,0,0,
06/10/2026,10:01:58:337,39.006402,-76.915399,2,-121.69,-121.69,0,0,
06/10/2026,10:01:58:431,39.006407,-76.915394,3,-123.54,-123.54,0,0,
06/10/2026,10:01:58:450,39.006413,-76.915389,1,-120.45,-120.45,0,0,
06/10/2026,10:01:58:494,39.006418,-76.915385,4,-83.22,-83.22,0,0,
06/10/2026,10:01:58:565,39.006424,-76.915380,2,-121.3,-121.3,0,0,
06/10/2026,10:01:58:620,39.006429,-76.915376,3,-120.15,-120.15,0,0,
06/10/2026,10:01:58:636,39.006434,-76.915371,1,-120.21,-120.21,0,0,
06/10/2026,10:01:58:706,39.006440,-76.915366,4,-79.61,-79.61,0,0,
06/10/2026,10:01:58:741,39.006444,-76.915362,2,-120.14,-120.14,0,0,
06/10/2026,10:01:58:830,39.006449,-76.915358,3,-121.21,-121.21,0,0,
06/10/2026,10:01:58:847,39.006454,-76.915353,1,-121.29,-121.29,0,0,
06/10/2026,10:01:58:901,39.006459,-76.915349,4,-86.32,-86.32,0,0,
06/10/2026,10:01:58:952,39.006464,-76.915345,2,-120.59,-120.59,0,0,
06/10/2026,10:01:59:040,39.006469,-76.915340,3,-122.54,-122.54,0,0,
06/10/2026,10:01:59:059,39.006473,-76.915336,1,-121.74,-121.74,0,0,
06/10/2026,10:01:59:115,39.006478,-76.915332,4,-81.98,-81.98,0,0,
06/10/2026,10:01:59:162,39.006483,-76.915327,2,-121.59,-121.59,0,0,
06/10/2026,10:01:59:261,39.006488,-76.915323,3,-123.95,-123.95,0,0,
06/10/2026,10:01:59:268,39.006493,-76.915319,1,-119.5,-119.5,0,0,
06/10/2026,10:01:59:328,39.006497,-76.915314,4,-83.31,-83.31,0,0,
06/10/2026,10:01:59:376,39.006502,-76.915310,2,-120.47,-120.47,0,0,
06/10/2026,10:01:59:463,39.006507,-76.915306,3,-121.47,-121.47,0,0,
06/10/2026,10:01:59:486,39.006512,-76.915301,1,-120.33,-120.33,0,0,
06/10/2026,10:01:59:533,39.006517,-76.915297,4,-82.58,-82.58,0,0,
06/10/2026,10:01:59:585,39.006522,-76.915293,2,-119.79,-119.79,0,0,
06/10/2026,10:01:59:674,39.006526,-76.915288,3,-121.32,-121.32,0,0,
06/10/2026,10:01:59:691,39.006531,-76.915284,1,-123.57,-123.57,0,0,
06/10/2026,10:01:59:741,39.006536,-76.915280,4,-84.09,-84.09,0,0,
06/10/2026,10:01:59:796,39.006541,-76.915275,2,-122.41,-122.41,0,0,
06/10/2026,10:01:59:885,39.006546,-76.915271,3,-121.52,-121.52,0,0,
06/10/2026,10:01:59:906,39.006551,-76.915267,1,-121.31,-121.31,0,0,
06/10/2026,10:01:59:957,39.006555,-76.915262,4,-85.74,-85.74,0,0,
06/10/2026,10:02:00:009,39.006560,-76.915258,2,-125.14,-125.14,0,0,
06/10/2026,10:02:00:095,39.006565,-76.915254,3,-124.13,-124.13,0,0,
06/10/2026,10:02:00:157,39.006570,-76.915249,1,-120.68,-120.68,0,0,
06/10/2026,10:02:00:166,39.006575,-76.915245,4,-73.76,-73.76,0,0,
06/10/2026,10:02:00:242,39.006579,-76.915241,2,-121.78,-121.78,0,0,
06/10/2026,10:02:00:326,39.006584,-76.915236,3,-122.31,-122.31,0,0,
06/10/2026,10:02:00:328,39.006589,-76.915232,1,-119.55,-119.55,0,0,
06/10/2026,10:02:00:385,39.006594,-76.915227,4,-79.48,-79.48,0,0,
06/10/2026,10:02:00:430,39.006599,-76.915223,2,-121.98,-121.98,0,0,
06/10/2026,10:02:00:905,39.006604,-76.915219,3,-119.95,-119.95,0,0,
06/10/2026,10:02:00:909,39.006608,-76.915214,1,-122.37,-122.37,0,0,
06/10/2026,10:02:00:918,39.006613,-76.915210,4,-76.13,-76.13,0,0,
06/10/2026,10:02:00:931,39.006618,-76.915206,2,-121.82,-121.82,0,0,
06/10/2026,10:02:00:954,39.006623,-76.915201,3,-122.94,-122.94,0,0,
06/10/2026,10:02:00:958,39.006627,-76.915198,1,-119.47,-119.47,0,0,
06/10/2026,10:02:00:976,39.006632,-76.915194,4,-79.84,-79.84,0,0,
06/10/2026,10:02:00:988,39.006636,-76.915190,2,-120.82,-120.82,0,0,
06/10/2026,10:02:01:020,39.006640,-76.915186,3,-122.48,-122.48,0,0,
06/10/2026,10:02:01:028,39.006645,-76.915182,1,-120.61,-120.61,0,0,
06/10/2026,10:02:01:039,39.006649,-76.915178,4,-84.52,-84.52,0,0,
06/10/2026,10:02:01:061,39.006653,-76.915174,2,-121.18,-121.18,0,0,
06/10/2026,10:02:01:149,39.006658,-76.915171,3,-121.99,-121.99,0,0,
06/10/2026,10:02:01:166,39.006662,-76.915167,1,-124.38,-124.38,0,0,
06/10/2026,10:02:01:219,39.006666,-76.915163,4,-80.77,-80.77,0,0,
06/10/2026,10:02:01:272,39.006671,-76.915159,2,-121.22,-121.22,0,0,
06/10/2026,10:02:01:370,39.006675,-76.915155,3,-122.05,-122.05,0,0,
06/10/2026,10:02:01:380,39.006679,-76.915151,1,-122.14,-122.14,0,0,
06/10/2026,10:02:01:431,39.006684,-76.915147,4,-79.2,-79.2,0,0,
06/10/2026,10:02:01:484,39.006688,-76.915144,2,-119.76,-119.76,0,0,
06/10/2026,10:02:01:571,39.006692,-76.915140,3,-123.97,-123.97,0,0,
06/10/2026,10:02:01:589,39.006697,-76.915136,1,-122.26,-122.26,0,0,
06/10/2026,10:02:01:643,39.006701,-76.915132,4,-83.2,-83.2,0,0,
06/10/2026,10:02:01:692,39.006705,-76.915128,2,-122.08,-122.08,0,0,
06/10/2026,10:02:01:783,39.006710,-76.915124,3,-122.14,-122.14,0,0,
06/10/2026,10:02:01:798,39.006715,-76.915119,1,-121.81,-121.81,0,0,
06/10/2026,10:02:01:853,39.006720,-76.915115,4,-79.89,-79.89,0,0,
06/10/2026,10:02:01:906,39.006725,-76.915111,2,-121.33,-121.33,0,0,
06/10/2026,10:02:01:994,39.006730,-76.915106,3,-123.14,-123.14,0,0,
06/10/2026,10:02:02:056,39.006734,-76.915102,1,-121.28,-121.28,0,0,
06/10/2026,10:02:02:067,39.006739,-76.915098,4,-88.68,-88.68,0,0,
06/10/2026,10:02:02:140,39.006744,-76.915093,2,-121.23,-121.23,0,0,
06/10/2026,10:02:02:220,39.006749,-76.915089,3,-122.08,-122.08,0,0,
06/10/2026,10:02:02:225,39.006754,-76.915085,1,-120.41,-120.41,0,0,
06/10/2026,10:02:02:294,39.006758,-76.915080,4,-84.08,-84.08,0,0,
06/10/2026,10:02:02:324,39.006763,-76.915076,2,-121.51,-121.51,0,0,
06/10/2026,10:02:02:418,39.006768,-76.915072,3,-122.53,-122.53,0,0,
06/10/2026,10:02:02:432,39.006773,-76.915067,1,-121.84,-121.84,0,0,
06/10/2026,10:02:02:486,39.006778,-76.915063,4,-80.59,-80.59,0,0,
06/10/2026,10:02:02:537,39.006783,-76.915059,2,-121.39,-121.39,0,0,
06/10/2026,10:02:02:626,39.006787,-76.915054,3,-121.13,-121.13,0,0,
06/10/2026,10:02:02:644,39.006792,-76.915050,1,-123.7,-123.7,0,0,
06/10/2026,10:02:02:696,39.006797,-76.915046,4,-89.24,-89.24,0,0,
06/10/2026,10:02:02:747,39.006801,-76.915042,2,-122.58,-122.58,0,0,
06/10/2026,10:02:02:841,39.006806,-76.915038,3,-121.06,-121.06,0,0,
06/10/2026,10:02:02:855,39.006810,-76.915035,1,-119.46,-119.46,0,0,
06/10/2026,10:02:02:907,39.006815,-76.915031,4,-77.74,-77.74,0,0,
06/10/2026,10:02:02:961,39.006819,-76.915027,2,-121.45,-121.45,0,0,
06/10/2026,10:02:03:048,39.006823,-76.915024,3,-125.03,-125.03,0,0,
06/10/2026,10:02:03:064,39.006828,-76.915020,1,-121.94,-121.94,0,0,
06/10/2026,10:02:03:117,39.006832,-76.915016,4,-82.41,-82.41,0,0,
06/10/2026,10:02:03:171,39.006836,-76.915013,2,-123.24,-123.24,0,0,
06/10/2026,10:02:03:260,39.006841,-76.915009,3,-123.6,-123.6,0,0,
06/10/2026,10:02:03:277,39.006845,-76.915005,1,-121.27,-121.27,0,0,
06/10/2026,10:02:03:341,39.006849,-76.915002,4,-79.57,-79.57,0,0,
06/10/2026,10:02:03:382,39.006854,-76.914998,2,-121.14,-121.14,0,0,
06/10/2026,10:02:03:469,39.006858,-76.914994,3,-120.72,-120.72,0,0,
06/10/2026,10:02:03:487,39.006862,-76.914991,1,-120.23,-120.23,0,0,
06/10/2026,10:02:03:539,39.006867,-76.914987,4,-78.11,-78.11,0,0,
06/10/2026,10:02:03:594,39.006871,-76.914983,2,-119.22,-119.22,0,0,
06/10/2026,10:02:03:682,39.006875,-76.914980,3,-122.89,-122.89,0,0,
06/10/2026,10:02:03:698,39.006880,-76.914976,1,-121.8,-121.8,0,0,
06/10/2026,10:02:03:752,39.006884,-76.914972,4,-80.79,-80.79,0,0,
06/10/2026,10:02:03:804,39.006889,-76.914968,2,-118.97,-118.97,0,0,
06/10/2026,10:02:03:942,39.006893,-76.914963,3,-123.2,-123.2,0,0,
06/10/2026,10:02:03:958,39.006898,-76.914959,1,-119.62,-119.62,0,0,
06/10/2026,10:02:04:005,39.006903,-76.914954,4,-79.91,-79.91,0,0,
06/10/2026,10:02:04:022,39.006907,-76.914949,2,-121.4,-121.4,0,0,
06/10/2026,10:02:04:102,39.006912,-76.914945,3,-123.22,-123.22,0,0,
06/10/2026,10:02:04:121,39.006916,-76.914940,1,-120.38,-120.38,0,0,
06/10/2026,10:02:04:172,39.006921,-76.914936,4,-81.28,-81.28,0,0,
06/10/2026,10:02:04:225,39.006925,-76.914931,2,-120.94,-120.94,0,0,
06/10/2026,10:02:04:316,39.006930,-76.914926,3,-123.69,-123.69,0,0,
06/10/2026,10:02:04:328,39.006935,-76.914922,1,-119.64,-119.64,0,0,
06/10/2026,10:02:04:387,39.006939,-76.914917,4,-82.09,-82.09,0,0,
06/10/2026,10:02:04:438,39.006944,-76.914913,2,-119.28,-119.28,0,0,
06/10/2026,10:02:04:541,39.006948,-76.914908,3,-123.46,-123.46,0,0,
06/10/2026,10:02:04:549,39.006953,-76.914904,1,-121.91,-121.91,0,0,
06/10/2026,10:02:04:594,39.006958,-76.914899,4,-77.88,-77.88,0,0,
06/10/2026,10:02:04:647,39.006962,-76.914894,2,-120.83,-120.83,0,0,
06/10/2026,10:02:04:734,39.006967,-76.914890,3,-122,-122,0,0,
06/10/2026,10:02:04:753,39.006971,-76.914886,1,-120.63,-120.63,0,0,
06/10/2026,10:02:04:805,39.006976,-76.914882,4,-85.5,-85.5,0,0,
06/10/2026,10:02:04:856,39.006980,-76.914878,2,-122.89,-122.89,0,0,
06/10/2026,10:02:04:946,39.006985,-76.914874,3,-121.36,-121.36,0,0,
06/10/2026,10:02:04:965,39.006990,-76.914870,1,-120.38,-120.38,0,0,
06/10/2026,10:02:05:017,39.006994,-76.914867,4,-83.43,-83.43,0,0,
06/10/2026,10:02:05:068,39.006999,-76.914863,2,-122.57,-122.57,0,0,
06/10/2026,10:02:05:156,39.007003,-76.914859,3,-119.74,-119.74,0,0,
06/10/2026,10:02:05:179,39.007008,-76.914855,1,-122.3,-122.3,0,0,
06/10/2026,10:02:05:227,39.007013,-76.914851,4,-78.48,-78.48,0,0,
06/10/2026,10:02:05:280,39.007017,-76.914847,2,-121.71,-121.71,0,0,
06/10/2026,10:02:05:368,39.007022,-76.914843,3,-122.62,-122.62,0,0,
06/10/2026,10:02:05:385,39.007026,-76.914840,1,-121.26,-121.26,0,0,
06/10/2026,10:02:05:436,39.007031,-76.914836,4,-79.36,-79.36,0,0,
06/10/2026,10:02:05:491,39.007035,-76.914832,2,-120.49,-120.49,0,0,
06/10/2026,10:02:05:617,39.007040,-76.914828,3,-122.87,-122.87,0,0,
06/10/2026,10:02:05:619,39.007045,-76.914824,1,-122.06,-122.06,0,0,
06/10/2026,10:02:05:695,39.007049,-76.914820,4,-78.58,-78.58,0,0,
06/10/2026,10:02:05:708,39.007054,-76.914816,2,-121.2,-121.2,0,0,
06/10/2026,10:02:05:796,39.007058,-76.914812,3,-122.19,-122.19,0,0,
06/10/2026,10:02:05:837,39.007062,-76.914808,1,-119.73,-119.73,0,0,
06/10/2026,10:02:05:895,39.007067,-76.914804,4,-83.43,-83.43,0,0,
06/10/2026,10:02:05:914,39.007071,-76.914800,2,-122.44,-122.44,0,0,
06/10/2026,10:02:06:003,39.007076,-76.914796,3,-123.35,-123.35,0,0,
06/10/2026,10:02:06:035,39.007080,-76.914792,1,-121.49,-121.49,0,0,
06/10/2026,10:02:06:069,39.007084,-76.914788,4,-87.41,-87.41,0,0,
06/10/2026,10:02:06:124,39.007089,-76.914783,2,-120.11,-120.11,0,0,
06/10/2026,10:02:06:212,39.007093,-76.914779,3,-123.43,-123.43,0,0,
06/10/2026,10:02:06:229,39.007097,-76.914775,1,-119.87,-119.87,0,0,
06/10/2026,10:02:06:282,39.007102,-76.914771,4,-85.12,-85.12,0,0,
06/10/2026,10:02:06:333,39.007106,-76.914767,2,-121.02,-121.02,0,0,
06/10/2026,10:02:06:423,39.007110,-76.914763,3,-121.86,-121.86,0,0,
06/10/2026,10:02:06:440,39.007115,-76.914759,1,-120.08,-120.08,0,0,
06/10/2026,10:02:06:494,39.007119,-76.914755,4,-81.11,-81.11,0,0,
06/10/2026,10:02:06:547,39.007123,-76.914750,2,-121.95,-121.95,0,0,
06/10/2026,10:02:06:633,39.007128,-76.914746,3,-121.66,-121.66,0,0,
06/10/2026,10:02:06:649,39.007132,-76.914742,1,-122.81,-122.81,0,0,
06/10/2026,10:02:06:704,39.007137,-76.914738,4,-80.14,-80.14,0,0,
06/10/2026,10:02:06:759,39.007141,-76.914734,2,-120.35,-120.35,0,0,
06/10/2026,10:02:06:844,39.007146,-76.914729,3,-122.08,-122.08,0,0,
06/10/2026,10:02:06:862,39.007151,-76.914724,1,-121.91,-121.91,0,0,
06/10/2026,10:02:06:914,39.007156,-76.914719,4,-81.4,-81.4,0,0,
06/10/2026,10:02:06:966,39.007161,-76.914714,2,-123.64,-123.64,0,0,
06/10/2026,10:02:07:058,39.007166,-76.914710,3,-120.94,-120.94,0,0,
06/10/2026,10:02:07:073,39.007172,-76.914705,1,-120.04,-120.04,0,0,
06/10/2026,10:02:07:126,39.007177,-76.914700,4,-90.3,-90.3,0,0,
06/10/2026,10:02:07:178,39.007182,-76.914695,2,-121.49,-121.49,0,0,
06/10/2026,10:02:07:264,39.007187,-76.914690,3,-123.48,-123.48,0,0,
06/10/2026,10:02:07:283,39.007192,-76.914685,1,-121.13,-121.13,0,0,
06/10/2026,10:02:07:334,39.007197,-76.914681,4,-88.7,-88.7,0,0,
06/10/2026,10:02:07:389,39.007202,-76.914676,2,-121.44,-121.44,0,0,
06/10/2026,10:02:07:476,39.007207,-76.914671,3,-120.46,-120.46,0,0,
06/10/2026,10:02:07:493,39.007213,-76.914666,1,-123.04,-123.04,0,0,
06/10/2026,10:02:07:545,39.007218,-76.914661,4,-82.74,-82.74,0,0,
06/10/2026,10:02:07:598,39.007223,-76.914656,2,-123.02,-123.02,0,0,
06/10/2026,10:02:07:711,39.007228,-76.914651,3,-124.58,-124.58,0,0,
06/10/2026,10:02:07:714,39.007232,-76.914648,1,-121.44,-121.44,0,0,
06/10/2026,10:02:07:772,39.007236,-76.914645,4,-77.77,-77.77,0,0,
06/10/2026,10:02:07:850,39.007240,-76.914642,2,-122.3,-122.3,0,0,
06/10/2026,10:02:07:910,39.007244,-76.914639,3,-123.03,-123.03,0,0,
06/10/2026,10:02:07:914,39.007247,-76.914635,1,-119.87,-119.87,0,0,
06/10/2026,10:02:07:982,39.007251,-76.914632,4,-77.98,-77.98,0,0,
06/10/2026,10:02:08:021,39.007255,-76.914629,2,-121.58,-121.58,0,0,
06/10/2026,10:02:08:111,39.007259,-76.914626,3,-123.61,-123.61,0,0,
06/10/2026,10:02:08:127,39.007263,-76.914623,1,-121.87,-121.87,0,0,
06/10/2026,10:02:08:178,39.007267,-76.914619,4,-80.68,-80.68,0,0,
06/10/2026,10:02:08:230,39.007271,-76.914616,2,-122.59,-122.59,0,0,
06/10/2026,10:02:08:321,39.007275,-76.914613,3,-119.1,-119.1,0,0,
06/10/2026,10:02:08:349,39.007279,-76.914610,1,-121.51,-121.51,0,0,
06/10/2026,10:02:08:390,39.007283,-76.914606,4,-78.77,-78.77,0,0,
06/10/2026,10:02:08:451,39.007286,-76.914603,2,-123.2,-123.2,0,0,
06/10/2026,10:02:08:532,39.007290,-76.914600,3,-122.13,-122.13,0,0,
06/10/2026,10:02:08:546,39.007294,-76.914597,1,-119.21,-119.21,0,0,
06/10/2026,10:02:08:600,39.007298,-76.914594,4,-76.56,-76.56,0,0,
06/10/2026,10:02:08:653,39.007302,-76.914590,2,-120.8,-120.8,0,0,
06/10/2026,10:02:08:746,39.007306,-76.914587,3,-122,-122,0,0,
06/10/2026,10:02:08:758,39.007310,-76.914584,1,-121.02,-121.02,0,0,
06/10/2026,10:02:08:812,39.007314,-76.914580,4,-81.68,-81.68,0,0,
06/10/2026,10:02:08:863,39.007318,-76.914577,2,-121.41,-121.41,0,0,
06/10/2026,10:02:08:952,39.007322,-76.914574,3,-123.61,-123.61,0,0,
06/10/2026,10:02:08:970,39.007326,-76.914570,1,-120.92,-120.92,0,0,
06/10/2026,10:02:09:024,39.007330,-76.914567,4,-74.61,-74.61,0,0,
06/10/2026,10:02:09:074,39.007335,-76.914564,2,-120.97,-120.97,0,0,
06/10/2026,10:02:09:163,39.007339,-76.914560,3,-122.06,-122.06,0,0,
06/10/2026,10:02:09:181,39.007343,-76.914557,1,-121.44,-121.44,0,0,
06/10/2026,10:02:09:231,39.007347,-76.914553,4,-81.65,-81.65,0,0,
06/10/2026,10:02:09:287,39.007351,-76.914550,2,-122.19,-122.19,0,0,
06/10/2026,10:02:09:373,39.007355,-76.914547,3,-121.66,-121.66,0,0,
06/10/2026,10:02:09:391,39.007359,-76.914543,1,-121.75,-121.75,0,0,
06/10/2026,10:02:09:443,39.007363,-76.914540,4,-75.18,-75.18,0,0,
06/10/2026,10:02:09:547,39.007367,-76.914537,2,-121.55,-121.55,0,0,
06/10/2026,10:02:09:611,39.007372,-76.914533,3,-122.28,-122.28,0,0,
06/10/2026,10:02:09:613,39.007376,-76.914530,1,-124.22,-124.22,0,0,
06/10/2026,10:02:09:663,39.007380,-76.914526,4,-77.51,-77.51,0,0,
06/10/2026,10:02:09:745,39.007384,-76.914523,2,-122.07,-122.07,0,0,
06/10/2026,10:02:09:845,39.007388,-76.914520,3,-120.35,-120.35,0,0,
06/10/2026,10:02:09:848,39.007392,-76.914516,1,-120.55,-120.55,0,0,
06/10/2026,10:02:09:865,39.007395,-76.914513,4,-84.95,-84.95,0,0,
06/10/2026,10:02:09:918,39.007399,-76.914510,2,-120.1,-120.1,0,0,
06/10/2026,10:02:10:009,39.007403,-76.914506,3,-124.07,-124.07,0,0,
06/10/2026,10:02:10:024,39.007407,-76.914503,1,-122.21,-122.21,0,0,
06/10/2026,10:02:10:080,39.007411,-76.914499,4,-74.88,-74.88,0,0,
06/10/2026,10:02:10:129,39.007415,-76.914496,2,-120.45,-120.45,0,0,
06/10/2026,10:02:10:218,39.007419,-76.914493,3,-122.56,-122.56,0,0,
06/10/2026,10:02:10:234,39.007422,-76.914489,1,-121.99,-121.99,0,0,
06/10/2026,10:02:10:287,39.007426,-76.914486,4,-84.87,-84.87,0,0,
06/10/2026,10:02:10:341,39.007430,-76.914483,2,-120.16,-120.16,0,0,
06/10/2026,10:02:10:430,39.007434,-76.914479,3,-123.19,-123.19,0,0,
06/10/2026,10:02:10:444,39.007438,-76.914476,1,-121.09,-121.09,0,0,
06/10/2026,10:02:10:500,39.007442,-76.914472,4,-72.93,-72.93,0,0,
06/10/2026,10:02:10:552,39.007446,-76.914469,2,-121.94,-121.94,0,0,
06/10/2026,10:02:10:639,39.007449,-76.914466,3,-116.5,-116.5,0,0,
06/10/2026,10:02:10:656,39.007453,-76.914462,1,-120,-120,0,0,
06/10/2026,10:02:10:710,39.007457,-76.914459,4,-75.54,-75.54,0,0,
06/10/2026,10:02:10:761,39.007460,-76.914455,2,-120.71,-120.71,0,0,
06/10/2026,10:02:10:850,39.007464,-76.914452,3,-122.61,-122.61,0,0,
06/10/2026,10:02:10:867,39.007467,-76.914448,1,-121.38,-121.38,0,0,
06/10/2026,10:02:10:935,39.007470,-76.914445,4,-84.56,-84.56,0,0,
06/10/2026,10:02:10:972,39.007474,-76.914441,2,-118.77,-118.77,0,0,
06/10/2026,10:02:11:064,39.007477,-76.914437,3,-121.78,-121.78,0,0,
06/10/2026,10:02:11:078,39.007480,-76.914434,1,-120.05,-120.05,0,0,
06/10/2026,10:02:11:131,39.007484,-76.914430,4,-79.99,-79.99,0,0,
06/10/2026,10:02:11:184,39.007487,-76.914427,2,-120.78,-120.78,0,0,
06/10/2026,10:02:11:306,39.007490,-76.914423,3,-122.93,-122.93,0,0,
06/10/2026,10:02:11:311,39.007494,-76.914420,1,-121.37,-121.37,0,0,
06/10/2026,10:02:11:370,39.007497,-76.914416,4,-77.65,-77.65,0,0,
06/10/2026,10:02:11:458,39.007500,-76.914413,2,-120.88,-120.88,0,0,
06/10/2026,10:02:11:499,39.007503,-76.914409,3,-122.85,-122.85,0,0,
06/10/2026,10:02:11:501,39.007507,-76.914405,1,-121.72,-121.72,0,0,
06/10/2026,10:02:11:553,39.007510,-76.914402,4,-77.92,-77.92,0,0,
06/10/2026,10:02:11:604,39.007513,-76.914398,2,-121.21,-121.21,0,0,
06/10/2026,10:02:11:694,39.007517,-76.914395,3,-121.97,-121.97,0,0,
06/10/2026,10:02:11:711,39.007520,-76.914392,1,-121.51,-121.51,0,0,
06/10/2026,10:02:11:764,39.007523,-76.914389,4,-83.61,-83.61,0,0,
06/10/2026,10:02:11:816,39.007526,-76.914386,2,-122.68,-122.68,0,0,
06/10/2026,10:02:11:906,39.007529,-76.914384,3,-122.17,-122.17,0,0,
06/10/2026,10:02:11:923,39.007532,-76.914381,1,-120.65,-120.65,0,0,
06/10/2026,10:02:11:975,39.007535,-76.914378,4,-74.38,-74.38,0,0,
06/10/2026,10:02:12:028,39.007538,-76.914375,2,-122.04,-122.04,0,0,
06/10/2026,10:02:12:117,39.007541,-76.914373,3,-116.77,-116.77,0,0,
06/10/2026,10:02:12:132,39.007544,-76.914370,1,-120.78,-120.78,0,0,
06/10/2026,10:02:12:184,39.007547,-76.914367,4,-81.86,-81.86,0,0,
06/10/2026,10:02:12:241,39.007550,-76.914364,2,-123.68,-123.68,0,0,
06/10/2026,10:02:12:326,39.007552,-76.914362,3,-124.6,-124.6,0,0,
06/10/2026,10:02:12:345,39.007555,-76.914359,1,-121.49,-121.49,0,0,
06/10/2026,10:02:12:397,39.007558,-76.914356,4,-85.08,-85.08,0,0,
06/10/2026,10:02:12:447,39.007561,-76.914353,2,-120.26,-120.26,0,0,
06/10/2026,10:02:12:539,39.007564,-76.914351,3,-123.5,-123.5,0,0,
06/10/2026,10:02:12:555,39.007567,-76.914348,1,-120.74,-120.74,0,0,
06/10/2026,10:02:12:607,39.007570,-76.914345,4,-85.71,-85.71,0,0,
06/10/2026,10:02:12:660,39.007573,-76.914342,2,-123.37,-123.37,0,0,
06/10/2026,10:02:12:753,39.007576,-76.914340,3,-123.37,-123.37,0,0,
06/10/2026,10:02:12:765,39.007579,-76.914337,1,-123.52,-123.52,0,0,
06/10/2026,10:02:12:819,39.007582,-76.914335,4,-84.99,-84.99,0,0,
06/10/2026,10:02:12:872,39.007584,-76.914332,2,-123.54,-123.54,0,0,
06/10/2026,10:02:12:958,39.007587,-76.914330,3,-121.79,-121.79,0,0,
06/10/2026,10:02:12:978,39.007590,-76.914328,1,-121.8,-121.8,0,0,
06/10/2026,10:02:13:029,39.007592,-76.914325,4,-82.51,-82.51,0,0,
06/10/2026,10:02:13:082,39.007595,-76.914323,2,-120.03,-120.03,0,0,
06/10/2026,10:02:13:220,39.007598,-76.914320,3,-123.01,-123.01,0,0,
06/10/2026,10:02:13:222,39.007600,-76.914318,1,-120.96,-120.96,0,0,
06/10/2026,10:02:13:298,39.007603,-76.914316,4,-80.38,-80.38,0,0,
06/10/2026,10:02:13:307,39.007606,-76.914313,2,-123.71,-123.71,0,0,
06/10/2026,10:02:13:386,39.007608,-76.914311,3,-124.17,-124.17,0,0,
06/10/2026,10:02:13:397,39.007611,-76.914308,1,-123.23,-123.23,0,0,
06/10/2026,10:02:13:451,39.007613,-76.914306,4,-79.44,-79.44,0,0,
06/10/2026,10:02:13:509,39.007616,-76.914304,2,-123.09,-123.09,0,0,
06/10/2026,10:02:13:593,39.007619,-76.914301,3,-120.57,-120.57,0,0,
06/10/2026,10:02:13:608,39.007621,-76.914299,1,-124.56,-124.56,0,0,
06/10/2026,10:02:13:662,39.007624,-76.914296,4,-75.56,-75.56,0,0,
06/10/2026,10:02:13:718,39.007627,-76.914294,2,-121.02,-121.02,0,0,
06/10/2026,10:02:13:802,39.007629,-76.914292,3,-122.54,-122.54,0,0,
06/10/2026,10:02:13:819,39.007632,-76.914290,1,-120.96,-120.96,0,0,
06/10/2026,10:02:13:875,39.007634,-76.914288,4,-77.7,-77.7,0,0,
06/10/2026,10:02:13:927,39.007636,-76.914286,2,-120.84,-120.84,0,0,
06/10/2026,10:02:14:013,39.007639,-76.914284,3,-123.01,-123.01,0,0,
06/10/2026,10:02:14:029,39.007641,-76.914282,1,-121.38,-121.38,0,0,
06/10/2026,10:02:14:092,39.007644,-76.914280,4,-72.72,-72.72,0,0,
06/10/2026,10:02:14:137,39.007646,-76.914278,2,-122.21,-122.21,0,0,
06/10/2026,10:02:14:224,39.007648,-76.914277,3,-121.64,-121.64,0,0,
06/10/2026,10:02:14:246,39.007651,-76.914275,1,-120.06,-120.06,0,0,
06/10/2026,10:02:14:295,39.007653,-76.914273,4,-84.47,-84.47,0,0,
06/10/2026,10:02:14:347,39.007656,-76.914271,2,-119.54,-119.54,0,0,
06/10/2026,10:02:14:434,39.007658,-76.914269,3,-123.66,-123.66,0,0,
06/10/2026,10:02:14:459,39.007661,-76.914267,1,-120.4,-120.4,0,0,
06/10/2026,10:02:14:504,39.007663,-76.914265,4,-77.26,-77.26,0,0,
06/10/2026,10:02:14:560,39.007665,-76.914263,2,-122.07,-122.07,0,0,
06/10/2026,10:02:14:646,39.007668,-76.914261,3,-123.94,-123.94,0,0,
06/10/2026,10:02:14:663,39.007670,-76.914259,1,-122.84,-122.84,0,0,
06/10/2026,10:02:14:717,39.007673,-76.914257,4,-78.4,-78.4,0,0,
06/10/2026,10:02:14:781,39.007675,-76.914255,2,-123.85,-123.85,0,0,
06/10/2026,10:02:14:856,39.007676,-76.914253,3,-124.32,-124.32,0,0,
06/10/2026,10:02:14:874,39.007678,-76.914251,1,-120.24,-120.24,0,0,
06/10/2026,10:02:14:926,39.007680,-76.914249,4,-80.78,-80.78,0,0,
06/10/2026,10:02:15:030,39.007682,-76.914248,2,-119.7,-119.7,0,0,
06/10/2026,10:02:15:116,39.007684,-76.914246,3,-124.64,-124.64,0,0,
06/10/2026,10:02:15:117,39.007686,-76.914244,1,-119.78,-119.78,0,0,
06/10/2026,10:02:15:197,39.007688,-76.914242,4,-74.74,-74.74,0,0,
06/10/2026,10:02:15:213,39.007690,-76.914240,2,-121.84,-121.84,0,0,
06/10/2026,10:02:15:280,39.007692,-76.914238,3,-121.29,-121.29,0,0,
06/10/2026,10:02:15:297,39.007694,-76.914236,1,-122.28,-122.28,0,0,
06/10/2026,10:02:15:349,39.007696,-76.914234,4,-76.8,-76.8,0,0,
06/10/2026,10:02:15:402,39.007698,-76.914232,2,-121.1,-121.1,0,0,
06/10/2026,10:02:15:489,39.007700,-76.914230,3,-124.22,-124.22,0,0,
06/10/2026,10:02:15:508,39.007702,-76.914228,1,-121.61,-121.61,0,0,
06/10/2026,10:02:15:560,39.007703,-76.914226,4,-75.82,-75.82,0,0,
06/10/2026,10:02:15:612,39.007705,-76.914224,2,-123.75,-123.75,0,0,
06/10/2026,10:02:15:700,39.007707,-76.914222,3,-122.06,-122.06,0,0,
06/10/2026,10:02:15:720,39.007709,-76.914221,1,-125.4,-125.4,0,0,
06/10/2026,10:02:15:769,39.007710,-76.914217,4,-89.39,-89.39,0,0,
06/10/2026,10:02:15:824,39.007712,-76.914213,2,-120.36,-120.36,0,0,
06/10/2026,10:02:15:910,39.007713,-76.914210,3,-123.9,-123.9,0,0,
06/10/2026,10:02:15:929,39.007714,-76.914206,1,-120.56,-120.56,0,0,
06/10/2026,10:02:15:981,39.007715,-76.914203,4,-75.68,-75.68,0,0,
06/10/2026,10:04:11:897,39.007716,-76.914199,3,-120.74,-120.74,0,0,
06/10/2026,10:04:11:913,39.007718,-76.914195,1,-118.69,-118.69,0,0,
06/10/2026,10:04:11:967,39.007719,-76.914192,4,-77.02,-77.02,0,0,
06/10/2026,10:04:12:018,39.007720,-76.914188,2,-117.53,-117.53,0,0,
06/10/2026,10:04:12:107,39.007721,-76.914185,3,-120.23,-120.23,0,0,
06/10/2026,10:04:12:124,39.007722,-76.914181,1,-119.16,-119.16,0,0,
06/10/2026,10:04:12:179,39.007724,-76.914177,4,-73.04,-73.04,0,0,
06/10/2026,10:04:12:230,39.007725,-76.914174,2,-118.45,-118.45,0,0,
06/10/2026,10:04:12:326,39.007726,-76.914170,3,-117.44,-117.44,0,0,
06/10/2026,10:04:12:338,39.007727,-76.914167,1,-107.56,-107.56,0,0,
06/10/2026,10:04:12:386,39.007728,-76.914163,4,-72.89,-72.89,0,0,
06/10/2026,10:04:12:445,39.007730,-76.914160,2,-119.64,-119.64,0,0,
06/10/2026,10:04:12:542,39.007731,-76.914156,3,-117.56,-117.56,0,0,
06/10/2026,10:04:12:546,39.007732,-76.914152,1,-118.15,-118.15,0,0,
06/10/2026,10:04:12:610,39.007733,-76.914149,4,-82.61,-82.61,0,0,
06/10/2026,10:04:12:651,39.007734,-76.914145,2,-119.03,-119.03,0,0,
06/10/2026,10:04:12:745,39.007736,-76.914142,3,-121.07,-121.07,0,0,
06/10/2026,10:04:12:760,39.007737,-76.914138,1,-120.43,-120.43,0,0,
06/10/2026,10:04:12:811,39.007739,-76.914137,4,-72.88,-72.88,0,0,
06/10/2026,10:04:12:863,39.007741,-76.914135,2,-120.6,-120.6,0,0,
06/10/2026,10:04:12:952,39.007743,-76.914134,3,-119.55,-119.55,0,0,
06/10/2026,10:04:12:967,39.007744,-76.914132,1,-119.96,-119.96,0,0,
06/10/2026,10:04:13:022,39.007746,-76.914131,4,-72.91,-72.91,0,0,
06/10/2026,10:04:13:076,39.007748,-76.914129,2,-119.37,-119.37,0,0,
06/10/2026,10:04:13:211,39.007750,-76.914128,3,-118.82,-118.82,0,0,
06/10/2026,10:04:13:215,39.007752,-76.914126,1,-119.25,-119.25,0,0,
06/10/2026,10:04:13:289,39.007754,-76.914125,4,-79.61,-79.61,0,0,
06/10/2026,10:04:13:297,39.007756,-76.914124,2,-118.93,-118.93,0,0,
06/10/2026,10:04:13:375,39.007758,-76.914122,3,-119.37,-119.37,0,0,
06/10/2026,10:04:13:407,39.007760,-76.914121,1,-121.2,-121.2,0,0,
06/10/2026,10:04:13:443,39.007762,-76.914119,4,-79.29,-79.29,0,0,
06/10/2026,10:04:13:496,39.007764,-76.914118,2,-118.47,-118.47,0,0,
06/10/2026,10:04:13:584,39.007766,-76.914116,3,-118.45,-118.45,0,0,
06/10/2026,10:04:13:598,39.007768,-76.914115,1,-117.39,-117.39,0,0,
06/10/2026,10:04:13:655,39.007770,-76.914113,4,-78.94,-78.94,0,0,
06/10/2026,10:04:13:705,39.007771,-76.914112,2,-119.84,-119.84,0,0,
06/10/2026,10:04:13:820,39.007773,-76.914111,3,-118.2,-118.2,0,0,
06/10/2026,10:04:13:825,39.007776,-76.914108,1,-117.65,-117.65,0,0,
06/10/2026,10:04:13:871,39.007778,-76.914106,4,-79.53,-79.53,0,0,
06/10/2026,10:04:13:918,39.007781,-76.914103,2,-118.47,-118.47,0,0,
06/10/2026,10:04:14:004,39.007783,-76.914101,3,-119.36,-119.36,0,0,
06/10/2026,10:04:14:024,39.007785,-76.914098,1,-118.56,-118.56,0,0,
06/10/2026,10:04:14:076,39.007788,-76.914096,4,-70.58,-70.58,0,0,
06/10/2026,10:04:14:127,39.007790,-76.914094,2,-118.24,-118.24,0,0,
06/10/2026,10:04:14:215,39.007793,-76.914091,3,-119.25,-119.25,0,0,
06/10/2026,10:04:14:234,39.007795,-76.914089,1,-119.77,-119.77,0,0,
06/10/2026,10:04:14:296,39.007798,-76.914086,4,-74.91,-74.91,0,0,
06/10/2026,10:04:14:342,39.007800,-76.914084,2,-119.85,-119.85,0,0,
06/10/2026,10:04:14:428,39.007802,-76.914082,3,-120.58,-120.58,0,0,
06/10/2026,10:04:14:443,39.007805,-76.914079,1,-117.71,-117.71,0,0,
06/10/2026,10:04:14:498,39.007807,-76.914077,4,-82.31,-82.31,0,0,
06/10/2026,10:04:14:551,39.007810,-76.914074,2,-117.57,-117.57,0,0,
06/10/2026,10:04:14:639,39.007812,-76.914072,3,-119.9,-119.9,0,0,
06/10/2026,10:04:14:654,39.007814,-76.914070,1,-119.02,-119.02,0,0,
06/10/2026,10:04:14:707,39.007817,-76.914067,4,-76.5,-76.5,0,0,
06/10/2026,10:04:14:763,39.007819,-76.914065,2,-118.91,-118.91,0,0,
06/10/2026,10:04:14:849,39.007822,-76.914062,3,-119.28,-119.28,0,0,
06/10/2026,10:04:14:867,39.007825,-76.914060,1,-118.11,-118.11,0,0,
06/10/2026,10:04:14:924,39.007828,-76.914057,4,-76.15,-76.15,0,0,
06/10/2026,10:04:15:005,39.007831,-76.914055,2,-119.38,-119.38,0,0,
06/10/2026,10:04:15:060,39.007834,-76.914053,3,-116.46,-116.46,0,0,
06/10/2026,10:04:15:142,39.007837,-76.914050,1,-118.84,-118.84,0,0,
06/10/2026,10:04:15:199,39.007840,-76.914048,4,-74.84,-74.84,0,0,
06/10/2026,10:04:15:209,39.007842,-76.914045,2,-120.73,-120.73,0,0,
06/10/2026,10:04:15:275,39.007845,-76.914043,3,-119.13,-119.13,0,0,
06/10/2026,10:04:15:287,39.007848,-76.914041,1,-118.2,-118.2,0,0,
06/10/2026,10:04:15:340,39.007851,-76.914038,4,-71.17,-71.17,0,0,
06/10/2026,10:04:15:397,39.007854,-76.914036,2,-118.49,-118.49,0,0,
06/10/2026,10:04:15:484,39.007857,-76.914033,3,-118.53,-118.53,0,0,
06/10/2026,10:04:15:499,39.007860,-76.914031,1,-116.76,-116.76,0,0,
06/10/2026,10:04:15:551,39.007863,-76.914029,4,-73.35,-73.35,0,0,
06/10/2026,10:04:15:604,39.007866,-76.914026,2,-117.85,-117.85,0,0,
06/10/2026,10:04:15:693,39.007868,-76.914024,3,-119.85,-119.85,0,0,
06/10/2026,10:04:15:709,39.007871,-76.914021,1,-119.64,-119.64,0,0,
06/10/2026,10:04:15:762,39.007874,-76.914019,4,-73.97,-73.97,0,0,
06/10/2026,10:04:15:821,39.007878,-76.914016,2,-118.3,-118.3,0,0,
06/10/2026,10:04:15:905,39.007881,-76.914013,3,-120.03,-120.03,0,0,
06/10/2026,10:04:15:920,39.007885,-76.914010,1,-117.72,-117.72,0,0,
06/10/2026,10:04:15:973,39.007889,-76.914007,4,-81.39,-81.39,0,0,
06/10/2026,10:04:16:027,39.007892,-76.914004,2,-118.48,-118.48,0,0,
06/10/2026,10:04:16:115,39.007896,-76.914001,3,-118.51,-118.51,0,0,
06/10/2026,10:04:16:135,39.007899,-76.913997,1,-119.39,-119.39,0,0,
06/10/2026,10:04:16:183,39.007903,-76.913994,4,-80.04,-80.04,0,0,
06/10/2026,10:04:16:238,39.007906,-76.913991,2,-119.7,-119.7,0,0,
06/10/2026,10:04:16:324,39.007910,-76.913988,3,-120.27,-120.27,0,0,
06/10/2026,10:04:16:345,39.007913,-76.913985,1,-119.09,-119.09,0,0,
06/10/2026,10:04:16:395,39.007917,-76.913982,4,-72.96,-72.96,0,0,
06/10/2026,10:04:16:447,39.007921,-76.913979,2,-119.85,-119.85,0,0,
06/10/2026,10:04:16:540,39.007924,-76.913976,3,-119.59,-119.59,0,0,
06/10/2026,10:04:16:554,39.007928,-76.913973,1,-117.8,-117.8,0,0,
06/10/2026,10:04:16:605,39.007931,-76.913970,4,-91.11,-91.11,0,0,
06/10/2026,10:04:16:659,39.007935,-76.913967,2,-118.51,-118.51,0,0,
06/10/2026,10:04:16:747,39.007938,-76.913964,3,-119.61,-119.61,0,0,
06/10/2026,10:04:16:763,39.007942,-76.913961,1,-119.43,-119.43,0,0,
06/10/2026,10:04:16:815,39.007946,-76.913957,4,-72.68,-72.68,0,0,
06/10/2026,10:04:16:896,39.007949,-76.913954,2,-119.35,-119.35,0,0,
06/10/2026,10:04:16:965,39.007953,-76.913951,3,-119.77,-119.77,0,0,
06/10/2026,10:04:17:034,39.007957,-76.913948,1,-118.3,-118.3,0,0,
06/10/2026,10:04:17:040,39.007960,-76.913945,4,-82.18,-82.18,0,0,
06/10/2026,10:04:17:089,39.007964,-76.913941,2,-118.43,-118.43,0,0,
06/10/2026,10:04:17:169,39.007968,-76.913938,3,-118.98,-118.98,0,0,
06/10/2026,10:04:17:186,39.007971,-76.913935,1,-119.52,-119.52,0,0,
06/10/2026,10:04:17:239,39.007975,-76.913932,4,-77.59,-77.59,0,0,
06/10/2026,10:04:17:292,39.007979,-76.913929,2,-121.71,-121.71,0,0,
06/10/2026,10:04:17:382,39.007982,-76.913925,3,-120.42,-120.42,0,0,
06/10/2026,10:04:17:395,39.007986,-76.913922,1,-120.24,-120.24,0,0,
06/10/2026,10:04:17:447,39.007990,-76.913919,4,-75.3,-75.3,0,0,
06/10/2026,10:04:17:502,39.007993,-76.913916,2,-121.56,-121.56,0,0,
06/10/2026,10:04:17:591,39.007997,-76.913913,3,-121.47,-121.47,0,0,
06/10/2026,10:04:17:607,39.008001,-76.913909,1,-119.02,-119.02,0,0,
06/10/2026,10:04:17:659,39.008004,-76.913906,4,-75.84,-75.84,0,0,
06/10/2026,10:04:17:712,39.008008,-76.913903,2,-119.91,-119.91,0,0,
06/10/2026,10:04:17:801,39.008012,-76.913900,3,-120.31,-120.31,0,0,
06/10/2026,10:04:17:817,39.008016,-76.913896,1,-118.93,-118.93,0,0,
06/10/2026,10:04:17:871,39.008020,-76.913892,4,-79.39,-79.39,0,0,
06/10/2026,10:04:17:923,39.008025,-76.913888,2,-117.42,-117.42,0,0,
06/10/2026,10:04:18:012,39.008029,-76.913884,3,-120.5,-120.5,0,0,
06/10/2026,10:04:18:029,39.008033,-76.913880,1,-118.24,-118.24,0,0,
06/10/2026,10:04:18:083,39.008038,-76.913877,4,-78.84,-78.84,0,0,
06/10/2026,10:04:18:136,39.008042,-76.913873,2,-118.61,-118.61,0,0,
06/10/2026,10:04:18:226,39.008047,-76.913869,3,-119.05,-119.05,0,0,
06/10/2026,10:04:18:240,39.008051,-76.913865,1,-118.76,-118.76,0,0,
06/10/2026,10:04:18:291,39.008055,-76.913861,4,-75.08,-75.08,0,0,
06/10/2026,10:04:18:349,39.008060,-76.913857,2,-118.46,-118.46,0,0,
06/10/2026,10:04:18:432,39.008064,-76.913853,3,-120.06,-120.06,0,0,
06/10/2026,10:04:18:451,39.008068,-76.913850,1,-119.85,-119.85,0,0,
06/10/2026,10:04:18:550,39.008073,-76.913846,4,-75.96,-75.96,0,0,
06/10/2026,10:04:18:557,39.008077,-76.913842,2,-118.9,-118.9,0,0,
06/10/2026,10:04:18:693,39.008081,-76.913838,3,-118.87,-118.87,0,0,
06/10/2026,10:04:18:694,39.008086,-76.913834,1,-118.86,-118.86,0,0,
06/10/2026,10:04:18:754,39.008090,-76.913830,4,-72.29,-72.29,0,0,
06/10/2026,10:04:18:767,39.008094,-76.913826,2,-120.85,-120.85,0,0,
06/10/2026,10:04:18:855,39.008099,-76.913822,3,-122.8,-122.8,0,0,
06/10/2026,10:04:18:873,39.008104,-76.913818,1,-118.68,-118.68,0,0,
06/10/2026,10:04:18:934,39.008109,-76.913813,4,-71.03,-71.03,0,0,
06/10/2026,10:04:18:977,39.008114,-76.913809,2,-120.62,-120.62,0,0,
06/10/2026,10:04:19:066,39.008118,-76.913805,3,-118.89,-118.89,0,0,
06/10/2026,10:04:19:082,39.008123,-76.913800,1,-119.94,-119.94,0,0,
06/10/2026,10:04:19:138,39.008128,-76.913796,4,-82.6,-82.6,0,0,
06/10/2026,10:04:19:190,39.008133,-76.913792,2,-119.16,-119.16,0,0,
06/10/2026,10:04:19:278,39.008138,-76.913787,3,-119.47,-119.47,0,0,
06/10/2026,10:04:19:292,39.008143,-76.913783,1,-120.39,-120.39,0,0,
06/10/2026,10:04:19:347,39.008147,-76.913779,4,-84.41,-84.41,0,0,
06/10/2026,10:04:19:407,39.008152,-76.913774,2,-117.82,-117.82,0,0,
06/10/2026,10:04:19:490,39.008157,-76.913770,3,-120.25,-120.25,0,0,
06/10/2026,10:04:19:507,39.008162,-76.913766,1,-118.05,-118.05,0,0,
06/10/2026,10:04:19:562,39.008167,-76.913761,4,-81.16,-81.16,0,0,
06/10/2026,10:04:19:611,39.008171,-76.913757,2,-119.95,-119.95,0,0,
06/10/2026,10:04:19:697,39.008176,-76.913753,3,-117.75,-117.75,0,0,
06/10/2026,10:04:19:719,39.008181,-76.913748,1,-118.93,-118.93,0,0,
06/10/2026,10:04:19:768,39.008186,-76.913744,4,-70.8,-70.8,0,0,
06/10/2026,10:04:19:822,39.008192,-76.913739,2,-118.5,-118.5,0,0,
06/10/2026,10:04:19:910,39.008197,-76.913735,3,-120.97,-120.97,0,0,
06/10/2026,10:04:19:927,39.008203,-76.913730,1,-119.6,-119.6,0,0,
06/10/2026,10:04:19:979,39.008208,-76.913726,4,-80.24,-80.24,0,0,
06/10/2026,10:04:20:033,39.008214,-76.913721,2,-117.27,-117.27,0,0,
06/10/2026,10:04:20:120,39.008220,-76.913716,3,-118.89,-118.89,0,0,
06/10/2026,10:04:20:138,39.008225,-76.913712,1,-119.88,-119.88,0,0,
06/10/2026,10:04:20:191,39.008231,-76.913707,4,-75.53,-75.53,0,0,
06/10/2026,10:04:20:250,39.008236,-76.913703,2,-117.67,-117.67,0,0,
06/10/2026,10:04:20:335,39.008242,-76.913698,3,-118.32,-118.32,0,0,
06/10/2026,10:04:20:349,39.008248,-76.913693,1,-119.38,-119.38,0,0,
06/10/2026,10:04:20:401,39.008253,-76.913689,4,-72.2,-72.2,0,0,
06/10/2026,10:04:20:474,39.008259,-76.913684,2,-117.72,-117.72,0,0,
06/10/2026,10:04:20:541,39.008264,-76.913680,3,-118.36,-118.36,0,0,
06/10/2026,10:04:20:609,39.008270,-76.913675,1,-118.07,-118.07,0,0,
06/10/2026,10:04:20:619,39.008276,-76.913670,4,-84.12,-84.12,0,0,
06/10/2026,10:04:20:681,39.008281,-76.913666,2,-117.26,-117.26,0,0,
06/10/2026,10:04:20:752,39.008287,-76.913661,3,-119.14,-119.14,0,0,
06/10/2026,10:04:20:771,39.008292,-76.913657,1,-120.59,-120.59,0,0,
06/10/2026,10:04:20:829,39.008298,-76.913652,4,-82.09,-82.09,0,0,
06/10/2026,10:04:20:876,39.008303,-76.913648,2,-117.7,-117.7,0,0,
06/10/2026,10:04:20:966,39.008309,-76.913643,3,-121.52,-121.52,0,0,
06/10/2026,10:04:20:980,39.008314,-76.913638,1,-118.37,-118.37,0,0,
06/10/2026,10:04:21:037,39.008320,-76.913634,4,-86.22,-86.22,0,0,
06/10/2026,10:04:21:085,39.008325,-76.913629,2,-120.04,-120.04,0,0,
06/10/2026,10:04:21:182,39.008331,-76.913625,3,-120.91,-120.91,0,0,
06/10/2026,10:04:21:192,39.008336,-76.913620,1,-119.13,-119.13,0,0,
06/10/2026,10:04:21:246,39.008342,-76.913615,4,-83.89,-83.89,0,0,
06/10/2026,10:04:21:297,39.008347,-76.913611,2,-120.18,-120.18,0,0,
06/10/2026,10:04:21:387,39.008353,-76.913606,3,-118.78,-118.78,0,0,
06/10/2026,10:04:21:406,39.008358,-76.913602,1,-119.91,-119.91,0,0,
06/10/2026,10:04:21:457,39.008364,-76.913597,4,-85.33,-85.33,0,0,
06/10/2026,10:04:21:508,39.008369,-76.913593,2,-118.54,-118.54,0,0,
06/10/2026,10:04:21:596,39.008375,-76.913588,3,-118.61,-118.61,0,0,
06/10/2026,10:04:21:612,39.008380,-76.913583,1,-118.99,-118.99,0,0,
06/10/2026,10:04:21:673,39.008386,-76.913579,4,-86.4,-86.4,0,0,
06/10/2026,10:04:21:720,39.008391,-76.913574,2,-118.55,-118.55,0,0,
06/10/2026,10:04:21:808,39.008397,-76.913570,3,-119.69,-119.69,0,0,
06/10/2026,10:04:21:824,39.008403,-76.913564,1,-120.12,-120.12,0,0,
06/10/2026,10:04:21:877,39.008409,-76.913558,4,-79.99,-79.99,0,0,
06/10/2026,10:04:21:931,39.008415,-76.913553,2,-119.34,-119.34,0,0,
06/10/2026,10:04:22:018,39.008421,-76.913547,3,-121.02,-121.02,0,0,
06/10/2026,10:04:22:040,39.008427,-76.913542,1,-120.12,-120.12,0,0,
06/10/2026,10:04:22:093,39.008433,-76.913536,4,-75.29,-75.29,0,0,
06/10/2026,10:04:22:141,39.008440,-76.913530,2,-120.93,-120.93,0,0,
06/10/2026,10:04:22:229,39.008446,-76.913525,3,-121.37,-121.37,0,0,
06/10/2026,10:04:22:249,39.008452,-76.913519,1,-119.48,-119.48,0,0,
06/10/2026,10:04:22:301,39.008458,-76.913514,4,-85.47,-85.47,0,0,
06/10/2026,10:04:22:354,39.008464,-76.913508,2,-120.86,-120.86,0,0,
06/10/2026,10:04:22:479,39.008470,-76.913502,3,-120.57,-120.57,0,0,
06/10/2026,10:04:22:481,39.008476,-76.913497,1,-119.52,-119.52,0,0,
06/10/2026,10:04:22:569,39.008482,-76.913491,4,-88.23,-88.23,0,0,
06/10/2026,10:04:22:608,39.008488,-76.913486,2,-122.3,-122.3,0,0,
06/10/2026,10:04:22:655,39.008495,-76.913480,3,-121.07,-121.07,0,0,
06/10/2026,10:04:22:668,39.008501,-76.913474,1,-120.46,-120.46,0,0,
06/10/2026,10:04:22:720,39.008507,-76.913469,4,-74.24,-74.24,0,0,
06/10/2026,10:04:22:779,39.008513,-76.913463,2,-122.74,-122.74,0,0,
06/10/2026,10:04:22:861,39.008520,-76.913457,3,-121.76,-121.76,0,0,
06/10/2026,10:04:22:881,39.008526,-76.913450,1,-120.78,-120.78,0,0,
06/10/2026,10:04:22:934,39.008532,-76.913444,4,-75.24,-75.24,0,0,
06/10/2026,10:04:22:985,39.008539,-76.913438,2,-123.23,-123.23,0,0,
06/10/2026,10:04:23:073,39.008545,-76.913432,3,-121.11,-121.11,0,0,
06/10/2026,10:04:23:091,39.008551,-76.913426,1,-121.27,-121.27,0,0,
06/10/2026,10:04:23:144,39.008558,-76.913420,4,-78.88,-78.88,0,0,
06/10/2026,10:04:23:197,39.008564,-76.913414,2,-121.32,-121.32,0,0,
06/10/2026,10:04:23:289,39.008570,-76.913408,3,-122.37,-122.37,0,0,
06/10/2026,10:04:23:301,39.008577,-76.913402,1,-123.23,-123.23,0,0,
06/10/2026,10:04:23:354,39.008583,-76.913395,4,-77.59,-77.59,0,0,
06/10/2026,10:04:23:407,39.008590,-76.913389,2,-119.96,-119.96,0,0,
06/10/2026,10:04:23:498,39.008596,-76.913383,3,-122.79,-122.79,0,0,
06/10/2026,10:04:23:512,39.008602,-76.913377,1,-119.55,-119.55,0,0,
06/10/2026,10:04:23:564,39.008609,-76.913371,4,-80.76,-80.76,0,0,
06/10/2026,10:04:23:619,39.008615,-76.913365,2,-122.45,-122.45,0,0,
06/10/2026,10:04:23:707,39.008621,-76.913359,3,-122.39,-122.39,0,0,
06/10/2026,10:04:23:727,39.008628,-76.913353,1,-118.05,-118.05,0,0,
06/10/2026,10:04:23:776,39.008634,-76.913348,4,-80.05,-80.05,0,0,
06/10/2026,10:04:23:831,39.008641,-76.913342,2,-122.18,-122.18,0,0,
06/10/2026,10:04:23:917,39.008647,-76.913337,3,-123.38,-123.38,0,0,
06/10/2026,10:04:23:935,39.008653,-76.913331,1,-122.12,-122.12,0,0,
06/10/2026,10:04:23:987,39.008660,-76.913326,4,-78.04,-78.04,0,0,
06/10/2026,10:04:24:056,39.008666,-76.913320,2,-121.49,-121.49,0,0,
06/10/2026,10:04:24:128,39.008673,-76.913315,3,-122.85,-122.85,0,0,
06/10/2026,10:04:24:147,39.008679,-76.913309,1,-120.66,-120.66,0,0,
06/10/2026,10:04:24:196,39.008686,-76.913304,4,-85.44,-85.44,0,0,
06/10/2026,10:04:24:256,39.008692,-76.913298,2,-121.94,-121.94,0,0,
06/10/2026,10:04:24:343,39.008698,-76.913293,3,-121.45,-121.45,0,0,
06/10/2026,10:04:24:366,39.008705,-76.913287,1,-121.8,-121.8,0,0,
06/10/2026,10:04:24:436,39.008711,-76.913282,4,-80.67,-80.67,0,0,
06/10/2026,10:04:24:499,39.008718,-76.913276,2,-121.77,-121.77,0,0,
06/10/2026,10:04:24:550,39.008724,-76.913271,3,-122.05,-122.05,0,0,
06/10/2026,10:04:24:565,39.008730,-76.913265,1,-123.56,-123.56,0,0,
06/10/2026,10:04:24:620,39.008737,-76.913260,4,-81.41,-81.41,0,0,
06/10/2026,10:04:24:674,39.008743,-76.913254,2,-121.39,-121.39,0,0,
06/10/2026,10:04:24:761,39.008750,-76.913249,3,-124.09,-124.09,0,0,
06/10/2026,10:04:24:779,39.008756,-76.913243,1,-120.44,-120.44,0,0,
06/10/2026,10:04:24:831,39.008762,-76.913237,4,-76.12,-76.12,0,0,
06/10/2026,10:04:24:881,39.008769,-76.913231,2,-120.24,-120.24,0,0,
06/10/2026,10:04:24:976,39.008775,-76.913226,3,-124.55,-124.55,0,0,
06/10/2026,10:04:24:986,39.008781,-76.913220,1,-122.36,-122.36,0,0,
06/10/2026,10:04:25:043,39.008787,-76.913214,4,-78.88,-78.88,0,0,
06/10/2026,10:04:25:093,39.008794,-76.913208,2,-121.36,-121.36,0,0,
06/10/2026,10:04:25:183,39.008800,-76.913202,3,-124.33,-124.33,0,0,
06/10/2026,10:04:25:197,39.008806,-76.913197,1,-124.37,-124.37,0,0,
06/10/2026,10:04:25:251,39.008812,-76.913191,4,-88.25,-88.25,0,0,
06/10/2026,10:04:25:304,39.008819,-76.913185,2,-123.31,-123.31,0,0,
06/10/2026,10:04:25:394,39.008825,-76.913179,3,-124.77,-124.77,0,0,
06/10/2026,10:04:25:409,39.008831,-76.913174,1,-124.7,-124.7,0,0,
06/10/2026,10:04:25:462,39.008838,-76.913168,4,-87.74,-87.74,0,0,
06/10/2026,10:04:25:513,39.008844,-76.913162,2,-122.92,-122.92,0,0,
06/10/2026,10:04:25:603,39.008850,-76.913156,3,-126.13,-126.13,0,0,
06/10/2026,10:04:25:619,39.008856,-76.913150,1,-122.92,-122.92,0,0,
06/10/2026,10:04:25:674,39.008863,-76.913145,4,-81.82,-81.82,0,0,
06/10/2026,10:04:25:727,39.008869,-76.913139,2,-123.39,-123.39,0,0,
06/10/2026,10:04:25:816,39.008875,-76.913132,3,-124.34,-124.34,0,0,
06/10/2026,10:04:25:831,39.008881,-76.913126,1,-123.77,-123.77,0,0,
06/10/2026,10:04:25:887,39.008887,-76.913120,4,-82.67,-82.67,0,0,
06/10/2026,10:04:25:940,39.008894,-76.913113,2,-124.32,-124.32,0,0,
06/10/2026,10:04:26:024,39.008900,-76.913107,3,-125.31,-125.31,0,0,
06/10/2026,10:04:26:045,39.008906,-76.913100,1,-125.18,-125.18,0,0,
06/10/2026,10:04:26:098,39.008912,-76.913094,4,-84.37,-84.37,0,0,
06/10/2026,10:04:26:191,39.008918,-76.913087,2,-123.5,-123.5,0,0,
06/10/2026,10:04:26:641,39.008925,-76.913081,3,-124.59,-124.59,0,0,
06/10/2026,10:04:26:642,39.008931,-76.913075,1,-123.44,-123.44,0,0,
06/10/2026,10:04:26:651,39.008937,-76.913068,4,-80.56,-80.56,0,0,
06/10/2026,10:04:26:666,39.008943,-76.913062,2,-125.31,-125.31,0,0,
06/10/2026,10:04:26:701,39.008949,-76.913055,3,-124.27,-124.27,0,0,
06/10/2026,10:04:26:703,39.008956,-76.913049,1,-124.1,-124.1,0,0,
06/10/2026,10:04:26:712,39.008962,-76.913043,4,-74.4,-74.4,0,0,
06/10/2026,10:04:26:720,39.008968,-76.913036,2,-121.86,-121.86,0,0,
06/10/2026,10:04:26:737,39.008974,-76.913030,3,-125.74,-125.74,0,0,
06/10/2026,10:04:26:739,39.008980,-76.913023,1,-123.17,-123.17,0,0,
06/10/2026,10:04:26:753,39.008986,-76.913017,4,-72.69,-72.69,0,0,
06/10/2026,10:04:26:780,39.008993,-76.913010,2,-127.08,-127.08,0,0,
06/10/2026,10:04:26:869,39.008999,-76.913005,3,-123.16,-123.16,0,0,
06/10/2026,10:04:26:892,39.009006,-76.912999,1,-124.04,-124.04,0,0,
06/10/2026,10:04:26:938,39.009013,-76.912993,4,-79.68,-79.68,0,0,
06/10/2026,10:04:26:991,39.009020,-76.912987,2,-122.43,-122.43,0,0,
06/10/2026,10:04:27:079,39.009026,-76.912982,3,-125.63,-125.63,0,0,
06/10/2026,10:04:27:098,39.009033,-76.912976,1,-124.11,-124.11,0,0,
06/10/2026,10:04:27:150,39.009040,-76.912970,4,-73.43,-73.43,0,0,
06/10/2026,10:04:27:203,39.009047,-76.912964,2,-123.43,-123.43,0,0,
06/10/2026,10:04:27:292,39.009053,-76.912958,3,-123.76,-123.76,0,0,
06/10/2026,10:04:27:313,39.009060,-76.912953,1,-123.84,-123.84,0,0,
06/10/2026,10:04:27:361,39.009067,-76.912947,4,-79.01,-79.01,0,0,
06/10/2026,10:04:27:413,39.009074,-76.912941,2,-124.93,-124.93,0,0,
06/10/2026,10:04:27:500,39.009080,-76.912935,3,-126.66,-126.66,0,0,
06/10/2026,10:04:27:517,39.009087,-76.912929,1,-124.44,-124.44,0,0,
06/10/2026,10:04:27:575,39.009094,-76.912924,4,-76.31,-76.31,0,0,
06/10/2026,10:04:27:624,39.009101,-76.912918,2,-124.72,-124.72,0,0,
06/10/2026,10:04:27:713,39.009108,-76.912912,3,-125.61,-125.61,0,0,
06/10/2026,10:04:27:728,39.009114,-76.912906,1,-124,-124,0,0,
06/10/2026,10:04:27:784,39.009121,-76.912900,4,-78.26,-78.26,0,0,
06/10/2026,10:04:27:836,39.009128,-76.912894,2,-123.84,-123.84,0,0,
06/10/2026,10:04:27:927,39.009135,-76.912887,3,-124.59,-124.59,0,0,
06/10/2026,10:04:27:939,39.009142,-76.912881,1,-125.76,-125.76,0,0,
06/10/2026,10:04:27:994,39.009149,-76.912874,4,-74.91,-74.91,0,0,
06/10/2026,10:04:28:051,39.009155,-76.912867,2,-125.81,-125.81,0,0,
06/10/2026,10:04:28:136,39.009162,-76.912861,3,-125.63,-125.63,0,0,
06/10/2026,10:04:28:174,39.009169,-76.912854,1,-123.02,-123.02,0,0,
06/10/2026,10:04:28:227,39.009176,-76.912847,4,-72.22,-72.22,0,0,
06/10/2026,10:04:28:287,39.009183,-76.912841,2,-124.98,-124.98,0,0,
06/10/2026,10:04:28:346,39.009190,-76.912834,3,-126.1,-126.1,0,0,
06/10/2026,10:04:28:361,39.009197,-76.912828,1,-126.25,-126.25,0,0,
06/10/2026,10:04:28:417,39.009204,-76.912821,4,-76.11,-76.11,0,0,
06/10/2026,10:04:28:468,39.009210,-76.912814,2,-124.54,-124.54,0,0,
06/10/2026,10:04:28:558,39.009217,-76.912808,3,-126.85,-126.85,0,0,
06/10/2026,10:04:28:574,39.009224,-76.912801,1,-124.59,-124.59,0,0,
06/10/2026,10:04:28:625,39.009231,-76.912795,4,-75.59,-75.59,0,0,
06/10/2026,10:04:28:678,39.009238,-76.912788,2,-125.44,-125.44,0,0,
06/10/2026,10:04:28:767,39.009245,-76.912781,3,-122.73,-122.73,0,0,
06/10/2026,10:04:28:786,39.009251,-76.912776,1,-125.22,-125.22,0,0,
06/10/2026,10:04:28:843,39.009257,-76.912771,4,-73.59,-73.59,0,0,
06/10/2026,10:04:28:894,39.009263,-76.912765,2,-124.18,-124.18,0,0,
06/10/2026,10:04:28:979,39.009269,-76.912760,3,-124.75,-124.75,0,0,
06/10/2026,10:04:28:995,39.009275,-76.912755,1,-123.16,-123.16,0,0,
06/10/2026,10:04:29:046,39.009281,-76.912749,4,-73.08,-73.08,0,0,
06/10/2026,10:04:29:101,39.009287,-76.912744,2,-125.09,-125.09,0,0,
06/10/2026,10:04:29:187,39.009293,-76.912739,3,-124.62,-124.62,0,0,
06/10/2026,10:04:29:207,39.009299,-76.912734,1,-122.88,-122.88,0,0,
06/10/2026,10:04:29:259,39.009305,-76.912728,4,-79.92,-79.92,0,0,
06/10/2026,10:04:29:310,39.009311,-76.912723,2,-122.4,-122.4,0,0,
06/10/2026,10:04:29:400,39.009317,-76.912718,3,-124.24,-124.24,0,0,
06/10/2026,10:04:29:419,39.009323,-76.912712,1,-123.46,-123.46,0,0,
06/10/2026,10:04:29:470,39.009329,-76.912707,4,-81.38,-81.38,0,0,
06/10/2026,10:04:29:523,39.009335,-76.912702,2,-123.29,-123.29,0,0,
06/10/2026,10:04:29:614,39.009341,-76.912696,3,-125.32,-125.32,0,0,
06/10/2026,10:04:29:628,39.009347,-76.912691,1,-125.68,-125.68,0,0,
06/10/2026,10:04:29:681,39.009353,-76.912686,4,-77.09,-77.09,0,0,
06/10/2026,10:04:29:733,39.009359,-76.912680,2,-124.03,-124.03,0,0,
06/10/2026,10:04:29:820,39.009365,-76.912675,3,-124.73,-124.73,0,0,
06/10/2026,10:04:29:838,39.009370,-76.912670,1,-124.84,-124.84,0,0,
06/10/2026,10:04:29:927,39.009376,-76.912665,4,-76.09,-76.09,0,0,
06/10/2026,10:04:29:943,39.009381,-76.912660,2,-124.33,-124.33,0,0,
06/10/2026,10:04:30:039,39.009387,-76.912655,3,-122.75,-122.75,0,0,
06/10/2026,10:04:30:051,39.009392,-76.912650,1,-124.76,-124.76,0,0,
06/10/2026,10:04:30:113,39.009398,-76.912645,4,-80.73,-80.73,0,0,
06/10/2026,10:04:30:178,39.009403,-76.912640,2,-124.7,-124.7,0,0,
06/10/2026,10:04:30:243,39.009409,-76.912635,3,-122.33,-122.33,0,0,
06/10/2026,10:04:30:261,39.009414,-76.912630,1,-124.5,-124.5,0,0,
06/10/2026,10:04:30:314,39.009420,-76.912625,4,-79.27,-79.27,0,0,
06/10/2026,10:04:30:366,39.009425,-76.912620,2,-124.7,-124.7,0,0,
06/10/2026,10:04:30:457,39.009431,-76.912615,3,-123.85,-123.85,0,0,
06/10/2026,10:04:30:471,39.009436,-76.912610,1,-123.44,-123.44,0,0,
06/10/2026,10:04:30:529,39.009442,-76.912605,4,-74.65,-74.65,0,0,
06/10/2026,10:04:30:576,39.009447,-76.912600,2,-123.17,-123.17,0,0,
06/10/2026,10:04:30:668,39.009453,-76.912595,3,-124.03,-124.03,0,0,
06/10/2026,10:04:30:680,39.009458,-76.912590,1,-123.78,-123.78,0,0,
06/10/2026,10:04:30:736,39.009464,-76.912585,4,-75.17,-75.17,0,0,
06/10/2026,10:04:30:790,39.009469,-76.912580,2,-122.66,-122.66,0,0,
06/10/2026,10:04:30:875,39.009475,-76.912574,3,-124.46,-124.46,0,0,
06/10/2026,10:04:30:894,39.009481,-76.912569,1,-122.59,-122.59,0,0,
06/10/2026,10:04:30:945,39.009487,-76.912564,4,-86.51,-86.51,0,0,
06/10/2026,10:04:30:997,39.009493,-76.912559,2,-121.69,-121.69,0,0,
06/10/2026,10:04:31:089,39.009499,-76.912554,3,-124.36,-124.36,0,0,
06/10/2026,10:04:31:106,39.009505,-76.912549,1,-122.2,-122.2,0,0,
06/10/2026,10:04:31:159,39.009510,-76.912544,4,-73.56,-73.56,0,0,
06/10/2026,10:04:31:210,39.009516,-76.912539,2,-122.06,-122.06,0,0,
06/10/2026,10:04:31:298,39.009522,-76.912534,3,-123.22,-123.22,0,0,
06/10/2026,10:04:31:321,39.009528,-76.912529,1,-125.09,-125.09,0,0,
06/10/2026,10:04:31:367,39.009534,-76.912524,4,-77.73,-77.73,0,0,
06/10/2026,10:04:31:421,39.009540,-76.912518,2,-123.18,-123.18,0,0,
06/10/2026,10:04:31:508,39.009546,-76.912513,3,-126.39,-126.39,0,0,
06/10/2026,10:04:31:527,39.009551,-76.912508,1,-122.65,-122.65,0,0,
06/10/2026,10:04:31:579,39.009557,-76.912503,4,-83.48,-83.48,0,0,
06/10/2026,10:04:31:631,39.009563,-76.912498,2,-123.99,-123.99,0,0,
06/10/2026,10:04:31:737,39.009569,-76.912493,3,-123.63,-123.63,0,0,
06/10/2026,10:04:31:741,39.009575,-76.912488,1,-124.41,-124.41,0,0,
06/10/2026,10:04:31:791,39.009580,-76.912483,4,-70.76,-70.76,0,0,
06/10/2026,10:04:31:883,39.009584,-76.912478,2,-125.35,-125.35,0,0,
06/10/2026,10:04:31:936,39.009589,-76.912473,3,-125.97,-125.97,0,0,
06/10/2026,10:04:31:947,39.009594,-76.912469,1,-122.65,-122.65,0,0,
06/10/2026,10:04:32:016,39.009599,-76.912464,4,-77.6,-77.6,0,0,
06/10/2026,10:04:32:086,39.009604,-76.912459,2,-124.2,-124.2,0,0,
06/10/2026,10:04:32:142,39.009609,-76.912454,3,-123.52,-123.52,0,0,
06/10/2026,10:04:32:161,39.009613,-76.912449,1,-125.56,-125.56,0,0,
06/10/2026,10:04:32:213,39.009618,-76.912444,4,-77.33,-77.33,0,0,
06/10/2026,10:04:32:265,39.009623,-76.912440,2,-122.88,-122.88,0,0,
06/10/2026,10:04:32:353,39.009628,-76.912435,3,-122.38,-122.38,0,0,
06/10/2026,10:04:32:370,39.009633,-76.912430,1,-125.1,-125.1,0,0,
06/10/2026,10:04:32:423,39.009638,-76.912425,4,-77.88,-77.88,0,0,
06/10/2026,10:04:32:474,39.009642,-76.912420,2,-124.93,-124.93,0,0,
06/10/2026,10:04:32:563,39.009647,-76.912416,3,-122.7,-122.7,0,0,
06/10/2026,10:04:32:581,39.009652,-76.912411,1,-121.57,-121.57,0,0,
06/10/2026,10:04:32:637,39.009657,-76.912406,4,-87.03,-87.03,0,0,
06/10/2026,10:04:32:689,39.009662,-76.912401,2,-122.61,-122.61,0,0,
06/10/2026,10:04:32:775,39.009666,-76.912396,3,-123.02,-123.02,0,0,
06/10/2026,10:04:32:791,39.009671,-76.912392,1,-122.15,-122.15,0,0,
06/10/2026,10:04:32:843,39.009675,-76.912388,4,-83.94,-83.94,0,0,
06/10/2026,10:04:32:899,39.009680,-76.912384,2,-122.93,-122.93,0,0,
06/10/2026,10:04:32:985,39.009684,-76.912380,3,-124.83,-124.83,0,0,
06/10/2026,10:04:33:015,39.009688,-76.912376,1,-122.32,-122.32,0,0,
06/10/2026,10:04:33:058,39.009693,-76.912371,4,-76.43,-76.43,0,0,
06/10/2026,10:04:33:106,39.009697,-76.912367,2,-122.49,-122.49,0,0,
06/10/2026,10:04:33:198,39.009701,-76.912363,3,-125.15,-125.15,0,0,
06/10/2026,10:04:33:213,39.009706,-76.912359,1,-123.51,-123.51,0,0,
06/10/2026,10:04:33:265,39.009710,-76.912355,4,-76.23,-76.23,0,0,
06/10/2026,10:04:33:320,39.009714,-76.912351,2,-123.56,-123.56,0,0,
06/10/2026,10:04:33:407,39.009719,-76.912347,3,-125.15,-125.15,0,0,
06/10/2026,10:04:33:423,39.009723,-76.912343,1,-124.48,-124.48,0,0,
06/10/2026,10:04:33:480,39.009727,-76.912338,4,-76.39,-76.39,0,0,
06/10/2026,10:04:33:529,39.009732,-76.912334,2,-123.28,-123.28,0,0,
06/10/2026,10:04:33:616,39.009736,-76.912330,3,-124.04,-124.04,0,0,
06/10/2026,10:04:33:639,39.009740,-76.912326,1,-123.31,-123.31,0,0,
06/10/2026,10:04:33:716,39.009745,-76.912322,4,-78.89,-78.89,0,0,
06/10/2026,10:04:33:784,39.009749,-76.912318,2,-124.17,-124.17,0,0,
06/10/2026,10:04:33:868,39.009754,-76.912314,3,-122.82,-122.82,0,0,
06/10/2026,10:04:33:870,39.009758,-76.912310,1,-123.23,-123.23,0,0,
06/10/2026,10:04:33:942,39.009763,-76.912306,4,-89.45,-89.45,0,0,
06/10/2026,10:04:33:949,39.009767,-76.912302,2,-124.66,-124.66,0,0,
06/10/2026,10:04:34:041,39.009772,-76.912297,3,-123.56,-123.56,0,0,
06/10/2026,10:04:34:056,39.009776,-76.912293,1,-124.74,-124.74,0,0,
06/10/2026,10:04:34:109,39.009781,-76.912289,4,-77.74,-77.74,0,0,
06/10/2026,10:04:34:161,39.009786,-76.912285,2,-122.74,-122.74,0,0,
06/10/2026,10:04:34:250,39.009790,-76.912281,3,-123.39,-123.39,0,0,
06/10/2026,10:04:34:270,39.009795,-76.912277,1,-124.44,-124.44,0,0,
06/10/2026,10:04:34:320,39.009799,-76.912273,4,-79.52,-79.52,0,0,
06/10/2026,10:04:34:372,39.009804,-76.912269,2,-121.06,-121.06,0,0,
06/10/2026,10:04:34:463,39.009809,-76.912265,3,-124.36,-124.36,0,0,
06/10/2026,10:04:34:479,39.009813,-76.912261,1,-122.04,-122.04,0,0,
06/10/2026,10:04:34:532,39.009818,-76.912257,4,-77.91,-77.91,0,0,
06/10/2026,10:04:34:582,39.009822,-76.912253,2,-124.3,-124.3,0,0,
06/10/2026,10:04:34:672,39.009827,-76.912249,3,-124.22,-124.22,0,0,
06/10/2026,10:04:34:689,39.009831,-76.912244,1,-123.32,-123.32,0,0,
06/10/2026,10:04:34:744,39.009836,-76.912240,4,-75.41,-75.41,0,0,
06/10/2026,10:04:34:798,39.009840,-76.912237,2,-123.97,-123.97,0,0,
06/10/2026,10:04:34:883,39.009844,-76.912233,3,-123.25,-123.25,0,0,
06/10/2026,10:04:34:899,39.009848,-76.912229,1,-122.13,-122.13,0,0,
06/10/2026,10:04:34:954,39.009852,-76.912225,4,-74.36,-74.36,0,0,
06/10/2026,10:04:35:006,39.009857,-76.912221,2,-124.27,-124.27,0,0,
06/10/2026,10:04:35:093,39.009861,-76.912217,3,-124.28,-124.28,0,0,
06/10/2026,10:04:35:113,39.009865,-76.912213,1,-123.61,-123.61,0,0,
06/10/2026,10:04:35:164,39.009869,-76.912210,4,-79.02,-79.02,0,0,
06/10/2026,10:04:35:217,39.009873,-76.912206,2,-125.33,-125.33,0,0,
06/10/2026,10:04:35:308,39.009877,-76.912202,3,-124.54,-124.54,0,0,
06/10/2026,10:04:35:321,39.009881,-76.912198,1,-122.52,-122.52,0,0,
06/10/2026,10:04:35:374,39.009885,-76.912194,4,-74.44,-74.44,0,0,
06/10/2026,10:04:35:427,39.009889,-76.912190,2,-121.71,-121.71,0,0,
06/10/2026,10:04:35:533,39.009893,-76.912186,3,-122.23,-122.23,0,0,
06/10/2026,10:04:35:535,39.009898,-76.912182,1,-123.1,-123.1,0,0,
06/10/2026,10:04:35:614,39.009902,-76.912179,4,-79.06,-79.06,0,0,
06/10/2026,10:04:35:695,39.009906,-76.912175,2,-122.58,-122.58,0,0,
06/10/2026,10:04:35:772,39.009910,-76.912171,3,-122.81,-122.81,0,0,
06/10/2026,10:04:35:776,39.009914,-76.912167,1,-124.13,-124.13,0,0,
06/10/2026,10:04:35:813,39.009918,-76.912164,4,-76.45,-76.45,0,0,
06/10/2026,10:04:35:852,39.009923,-76.912160,2,-124.23,-124.23,0,0,
06/10/2026,10:04:35:938,39.009927,-76.912157,3,-122.2,-122.2,0,0,
06/10/2026,10:04:35:953,39.009931,-76.912154,1,-122.72,-122.72,0,0,
06/10/2026,10:04:36:009,39.009936,-76.912150,4,-72.89,-72.89,0,0,
06/10/2026,10:04:36:061,39.009940,-76.912147,2,-122.04,-122.04,0,0,
06/10/2026,10:04:36:157,39.009944,-76.912143,3,-122.48,-122.48,0,0,
06/10/2026,10:04:36:166,39.009949,-76.912140,1,-122.76,-122.76,0,0,
06/10/2026,10:04:36:221,39.009953,-76.912137,4,-74.12,-74.12,0,0,
06/10/2026,10:04:36:270,39.009957,-76.912133,2,-121.58,-121.58,0,0,
06/10/2026,10:04:36:360,39.009962,-76.912130,3,-121.25,-121.25,0,0,
06/10/2026,10:04:36:375,39.009966,-76.912127,1,-121.96,-121.96,0,0,
06/10/2026,10:04:36:430,39.009970,-76.912123,4,-81.41,-81.41,0,0,
06/10/2026,10:04:36:482,39.009975,-76.912120,2,-122.38,-122.38,0,0,
06/10/2026,10:04:36:571,39.009979,-76.912116,3,-120.02,-120.02,0,0,
06/10/2026,10:04:36:587,39.009983,-76.912113,1,-120.63,-120.63,0,0,
06/10/2026,10:04:36:640,39.009988,-76.912110,4,-75.07,-75.07,0,0,
06/10/2026,10:04:36:692,39.009992,-76.912106,2,-122.26,-122.26,0,0,
06/10/2026,10:04:36:781,39.009996,-76.912103,3,-122.74,-122.74,0,0,
06/10/2026,10:04:36:797,39.010001,-76.912099,1,-121.01,-121.01,0,0,
06/10/2026,10:04:36:860,39.010005,-76.912095,4,-71.81,-71.81,0,0,
06/10/2026,10:04:36:903,39.010009,-76.912091,2,-121.15,-121.15,0,0,
06/10/2026,10:04:36:991,39.010013,-76.912087,3,-123.03,-123.03,0,0,
06/10/2026,10:04:37:011,39.010017,-76.912084,1,-123.29,-123.29,0,0,
06/10/2026,10:04:37:064,39.010021,-76.912080,4,-74.94,-74.94,0,0,
06/10/2026,10:04:37:116,39.010025,-76.912076,2,-123.67,-123.67,0,0,
06/10/2026,10:04:37:203,39.010029,-76.912072,3,-124.32,-124.32,0,0,
06/10/2026,10:04:37:219,39.010033,-76.912068,1,-124.9,-124.9,0,0,
06/10/2026,10:04:37:271,39.010038,-76.912064,4,-79.49,-79.49,0,0,
06/10/2026,10:04:37:338,39.010042,-76.912060,2,-123.17,-123.17,0,0,
06/10/2026,10:04:37:413,39.010046,-76.912057,3,-122.65,-122.65,0,0,
06/10/2026,10:04:37:472,39.010050,-76.912053,1,-121.63,-121.63,0,0,
06/10/2026,10:04:37:482,39.010054,-76.912049,4,-75.77,-75.77,0,0,
06/10/2026,10:04:37:546,39.010058,-76.912045,2,-123.28,-123.28,0,0,
06/10/2026,10:04:37:625,39.010062,-76.912041,3,-122.16,-122.16,0,0,
06/10/2026,10:04:37:641,39.010066,-76.912037,1,-123.5,-123.5,0,0,
06/10/2026,10:04:37:698,39.010070,-76.912033,4,-83.62,-83.62,0,0,
06/10/2026,10:04:37:747,39.010074,-76.912030,2,-122.86,-122.86,0,0,
06/10/2026,10:04:37:836,39.010078,-76.912026,3,-123.75,-123.75,0,0,
06/10/2026,10:04:37:852,39.010082,-76.912023,1,-122.28,-122.28,0,0,
06/10/2026,10:04:37:905,39.010085,-76.912019,4,-73.23,-73.23,0,0,
06/10/2026,10:04:37:958,39.010089,-76.912016,2,-121.38,-121.38,0,0,
06/10/2026,10:04:38:047,39.010093,-76.912013,3,-122.33,-122.33,0,0,
06/10/2026,10:04:38:063,39.010096,-76.912009,1,-122.63,-122.63,0,0,
06/10/2026,10:04:38:139,39.010100,-76.912006,4,-80.74,-80.74,0,0,
06/10/2026,10:04:38:170,39.010103,-76.912003,2,-122.52,-122.52,0,0,
06/10/2026,10:04:38:259,39.010107,-76.911999,3,-124.28,-124.28,0,0,
06/10/2026,10:04:38:273,39.010111,-76.911996,1,-123.16,-123.16,0,0,
06/10/2026,10:04:38:327,39.010114,-76.911992,4,-79.53,-79.53,0,0,
06/10/2026,10:04:38:379,39.010118,-76.911989,2,-122.74,-122.74,0,0,
06/10/2026,10:04:38:468,39.010121,-76.911986,3,-124.15,-124.15,0,0,
06/10/2026,10:04:38:487,39.010125,-76.911982,1,-121.13,-121.13,0,0,
06/10/2026,10:04:38:541,39.010129,-76.911979,4,-81.24,-81.24,0,0,
06/10/2026,10:04:38:593,39.010132,-76.911976,2,-121.79,-121.79,0,0,
06/10/2026,10:04:38:680,39.010136,-76.911972,3,-121.89,-121.89,0,0,
06/10/2026,10:04:38:696,39.010140,-76.911969,1,-124.1,-124.1,0,0,
06/10/2026,10:04:38:747,39.010143,-76.911965,4,-76.71,-76.71,0,0,
06/10/2026,10:04:38:800,39.010147,-76.911962,2,-119.87,-119.87,0,0,
06/10/2026,10:04:38:889,39.010150,-76.911959,3,-124.7,-124.7,0,0,
06/10/2026,10:04:38:908,39.010153,-76.911955,1,-120.99,-120.99,0,0,
06/10/2026,10:04:38:975,39.010157,-76.911952,4,-75.36,-75.36,0,0,
06/10/2026,10:04:39:017,39.010160,-76.911948,2,-122.56,-122.56,0,0,
06/10/2026,10:04:39:101,39.010163,-76.911945,3,-120.84,-120.84,0,0,
06/10/2026,10:04:39:165,39.010167,-76.911942,1,-123.33,-123.33,0,0,
06/10/2026,10:04:39:170,39.010170,-76.911938,4,-72.37,-72.37,0,0,
06/10/2026,10:04:39:233,39.010174,-76.911935,2,-121.05,-121.05,0,0,
06/10/2026,10:04:39:313,39.010177,-76.911932,3,-123.31,-123.31,0,0,
06/10/2026,10:04:39:327,39.010180,-76.911928,1,-122.2,-122.2,0,0,
06/10/2026,10:04:39:380,39.010184,-76.911925,4,-81.09,-81.09,0,0,
06/10/2026,10:04:39:433,39.010187,-76.911921,2,-121.45,-121.45,0,0,
06/10/2026,10:04:39:524,39.010190,-76.911918,3,-125.15,-125.15,0,0,
06/10/2026,10:04:39:539,39.010194,-76.911915,1,-122.57,-122.57,0,0,
06/10/2026,10:04:39:591,39.010197,-76.911911,4,-87.32,-87.32,0,0,
06/10/2026,10:04:39:650,39.010201,-76.911908,2,-123.5,-123.5,0,0,
06/10/2026,10:04:39:735,39.010204,-76.911905,3,-124.97,-124.97,0,0,
06/10/2026,10:04:39:752,39.010207,-76.911901,1,-122.38,-122.38,0,0,
06/10/2026,10:04:39:803,39.010210,-76.911898,4,-74.97,-74.97,0,0,
06/10/2026,10:04:39:855,39.010214,-76.911895,2,-121.54,-121.54,0,0,
06/10/2026,10:04:39:945,39.010217,-76.911893,3,-122.81,-122.81,0,0,
06/10/2026,10:04:39:960,39.010220,-76.911890,1,-123.2,-123.2,0,0,
06/10/2026,10:04:40:021,39.010223,-76.911887,4,-72.12,-72.12,0,0,
06/10/2026,10:04:40:069,39.010226,-76.911884,2,-121.31,-121.31,0,0,
06/10/2026,10:04:40:157,39.010229,-76.911881,3,-123.5,-123.5,0,0,
06/10/2026,10:04:40:174,39.010232,-76.911878,1,-120.75,-120.75,0,0,
06/10/2026,10:04:40:227,39.010236,-76.911875,4,-98.18,-98.18,0,0,
06/10/2026,10:04:40:277,39.010239,-76.911872,2,-123.43,-123.43,0,0,
06/10/2026,10:04:40:367,39.010242,-76.911869,3,-122.98,-122.98,0,0,
06/10/2026,10:04:40:385,39.010245,-76.911866,1,-121.97,-121.97,0,0,
06/10/2026,10:04:40:440,39.010248,-76.911864,4,-76.43,-76.43,0,0,
06/10/2026,10:04:40:489,39.010251,-76.911861,2,-124.34,-124.34,0,0,
06/10/2026,10:04:40:578,39.010254,-76.911858,3,-122.58,-122.58,0,0,
06/10/2026,10:04:40:594,39.010258,-76.911855,1,-123.09,-123.09,0,0,
06/10/2026,10:04:40:646,39.010261,-76.911852,4,-73.77,-73.77,0,0,
06/10/2026,10:04:40:699,39.010264,-76.911849,2,-124.09,-124.09,0,0,
06/10/2026,10:04:40:788,39.010267,-76.911846,3,-121.39,-121.39,0,0,
06/10/2026,10:04:40:806,39.010270,-76.911843,1,-119.95,-119.95,0,0,
06/10/2026,10:04:40:856,39.010273,-76.911840,4,-70.25,-70.25,0,0,
06/10/2026,10:04:40:912,39.010276,-76.911838,2,-122.17,-122.17,0,0,
06/10/2026,10:04:41:000,39.010279,-76.911835,3,-121.94,-121.94,0,0,
06/10/2026,10:04:41:016,39.010283,-76.911832,1,-124.26,-124.26,0,0,
06/10/2026,10:04:41:125,39.010286,-76.911829,4,-86.58,-86.58,0,0,
06/10/2026,10:04:41:130,39.010289,-76.911826,2,-124.47,-124.47,0,0,
06/10/2026,10:04:41:209,39.010292,-76.911823,3,-123.66,-123.66,0,0,
06/10/2026,10:04:41:273,39.010295,-76.911820,1,-121.83,-121.83,0,0,
06/10/2026,10:04:41:280,39.010298,-76.911817,4,-74.5,-74.5,0,0,
06/10/2026,10:04:41:333,39.010301,-76.911814,2,-121.91,-121.91,0,0,
06/10/2026,10:04:41:420,39.010305,-76.911811,3,-126.8,-126.8,0,0,
06/10/2026,10:04:41:439,39.010308,-76.911809,1,-120.15,-120.15,0,0,
06/10/2026,10:04:41:492,39.010311,-76.911806,4,-68.95,-68.95,0,0,
06/10/2026,10:04:41:543,39.010314,-76.911803,2,-121.09,-121.09,0,0,
06/10/2026,10:04:41:634,39.010317,-76.911800,3,-122.67,-122.67,0,0,
06/10/2026,10:04:41:649,39.010320,-76.911797,1,-123.26,-123.26,0,0,
06/10/2026,10:04:41:701,39.010323,-76.911794,4,-74.57,-74.57,0,0,
06/10/2026,10:04:42:180,39.010327,-76.911791,2,-121.24,-121.24,0,0,
06/10/2026,10:04:42:189,39.010330,-76.911789,3,-123.45,-123.45,0,0,
06/10/2026,10:04:42:191,39.010333,-76.911786,1,-123.99,-123.99,0,0,
06/10/2026,10:04:42:198,39.010337,-76.911784,4,-73.49,-73.49,0,0,
06/10/2026,10:04:42:211,39.010340,-76.911782,2,-120.72,-120.72,0,0,
06/10/2026,10:04:42:226,39.010343,-76.911779,3,-121.78,-121.78,0,0,
06/10/2026,10:04:42:230,39.010347,-76.911777,1,-122.83,-122.83,0,0,
06/10/2026,10:04:42:239,39.010350,-76.911774,4,-72.43,-72.43,0,0,
06/10/2026,10:04:42:249,39.010354,-76.911772,2,-121.78,-121.78,0,0,
06/10/2026,10:04:42:268,39.010357,-76.911769,3,-120.65,-120.65,0,0,
06/10/2026,10:04:42:281,39.010360,-76.911767,1,-120.5,-120.5,0,0,
06/10/2026,10:04:42:335,39.010364,-76.911765,4,-70.47,-70.47,0,0,
06/10/2026,10:04:42:386,39.010367,-76.911762,2,-120.01,-120.01,0,0,
06/10/2026,10:04:42:483,39.010370,-76.911760,3,-121.6,-121.6,0,0,
06/10/2026,10:04:42:496,39.010374,-76.911757,1,-123.84,-123.84,0,0,
06/10/2026,10:04:42:551,39.010377,-76.911755,4,-76.86,-76.86,0,0,
06/10/2026,10:04:42:600,39.010381,-76.911753,2,-122.91,-122.91,0,0,
06/10/2026,10:04:42:691,39.010384,-76.911750,3,-122.17,-122.17,0,0,
06/10/2026,10:04:42:702,39.010387,-76.911748,1,-121.9,-121.9,0,0,
06/10/2026,10:04:42:760,39.010391,-76.911745,4,-75.39,-75.39,0,0,
06/10/2026,10:04:42:808,39.010394,-76.911742,2,-124.83,-124.83,0,0,
06/10/2026,10:04:42:898,39.010397,-76.911738,3,-123.84,-123.84,0,0,
06/10/2026,10:04:42:912,39.010400,-76.911735,1,-123.32,-123.32,0,0,
06/10/2026,10:04:43:001,39.010403,-76.911731,4,-77.05,-77.05,0,0,
06/10/2026,10:04:43:021,39.010406,-76.911728,2,-119.68,-119.68,0,0,
06/10/2026,10:04:43:176,39.010409,-76.911724,3,-123.79,-123.79,0,0,
06/10/2026,10:04:43:177,39.010412,-76.911720,1,-121.82,-121.82,0,0,
06/10/2026,10:04:43:188,39.010415,-76.911717,4,-81.46,-81.46,0,0,
06/10/2026,10:04:43:236,39.010418,-76.911713,2,-121.43,-121.43,0,0,
06/10/2026,10:04:43:350,39.010421,-76.911710,3,-122.47,-122.47,0,0,
06/10/2026,10:04:43:351,39.010424,-76.911706,1,-122.42,-122.42,0,0,
06/10/2026,10:04:43:388,39.010427,-76.911703,4,-74.95,-74.95,0,0,
06/10/2026,10:04:43:439,39.010430,-76.911699,2,-120.98,-120.98,0,0,
06/10/2026,10:04:43:529,39.010433,-76.911695,3,-122.23,-122.23,0,0,
06/10/2026,10:04:43:546,39.010437,-76.911692,1,-121.6,-121.6,0,0,
06/10/2026,10:04:43:601,39.010440,-76.911688,4,-73.9,-73.9,0,0,
06/10/2026,10:04:43:656,39.010443,-76.911685,2,-120.46,-120.46,0,0,
06/10/2026,10:04:43:742,39.010446,-76.911681,3,-123.75,-123.75,0,0,
06/10/2026,10:04:43:757,39.010449,-76.911678,1,-122.57,-122.57,0,0,
06/10/2026,10:04:43:811,39.010452,-76.911676,4,-77.98,-77.98,0,0,
06/10/2026,10:04:43:864,39.010455,-76.911673,2,-120.46,-120.46,0,0,
06/10/2026,10:04:43:953,39.010459,-76.911670,3,-122.4,-122.4,0,0,
06/10/2026,10:04:43:970,39.010462,-76.911667,1,-121.62,-121.62,0,0,
06/10/2026,10:04:44:020,39.010465,-76.911665,4,-73.17,-73.17,0,0,
06/10/2026,10:04:44:073,39.010468,-76.911662,2,-122.69,-122.69,0,0,
06/10/2026,10:04:44:161,39.010471,-76.911659,3,-123.47,-123.47,0,0,
06/10/2026,10:04:44:184,39.010475,-76.911656,1,-121.88,-121.88,0,0,
06/10/2026,10:04:44:233,39.010478,-76.911654,4,-78.43,-78.43,0,0,
06/10/2026,10:04:44:286,39.010481,-76.911651,2,-121.17,-121.17,0,0,
06/10/2026,10:04:44:372,39.010484,-76.911648,3,-123.84,-123.84,0,0,
06/10/2026,10:04:44:391,39.010487,-76.911645,1,-121.84,-121.84,0,0,
06/10/2026,10:04:44:445,39.010491,-76.911643,4,-76.59,-76.59,0,0,
06/10/2026,10:04:44:497,39.010494,-76.911640,2,-122.79,-122.79,0,0,
06/10/2026,10:04:44:633,39.010497,-76.911637,3,-123.63,-123.63,0,0,
06/10/2026,10:04:44:634,39.010500,-76.911634,1,-123.29,-123.29,0,0,
06/10/2026,10:04:44:699,39.010503,-76.911632,4,-81.45,-81.45,0,0,
06/10/2026,10:04:44:709,39.010507,-76.911629,2,-122.06,-122.06,0,0,
06/10/2026,10:04:44:838,39.010510,-76.911626,3,-121.19,-121.19,0,0,
06/10/2026,10:04:44:839,39.010513,-76.911623,1,-125.69,-125.69,0,0,
06/10/2026,10:04:44:865,39.010516,-76.911620,4,-71.16,-71.16,0,0,
06/10/2026,10:04:44:918,39.010519,-76.911618,2,-121.64,-121.64,0,0,
06/10/2026,10:04:45:005,39.010522,-76.911615,3,-121.2,-121.2,0,0,
06/10/2026,10:04:45:023,39.010526,-76.911612,1,-123.28,-123.28,0,0,
06/10/2026,10:04:45:076,39.010529,-76.911609,4,-76.97,-76.97,0,0,
06/10/2026,10:04:45:130,39.010532,-76.911606,2,-122.14,-122.14,0,0,
06/10/2026,10:04:45:222,39.010535,-76.911603,3,-121.95,-121.95,0,0,
06/10/2026,10:04:45:232,39.010538,-76.911600,1,-121.57,-121.57,0,0,
06/10/2026,10:04:45:286,39.010541,-76.911597,4,-74.1,-74.1,0,0,
06/10/2026,10:04:45:340,39.010544,-76.911594,2,-120.87,-120.87,0,0,
06/10/2026,10:04:45:428,39.010547,-76.911591,3,-122.14,-122.14,0,0,
06/10/2026,10:04:45:448,39.010551,-76.911589,1,-122.71,-122.71,0,0,
06/10/2026,10:04:45:499,39.010554,-76.911586,4,-82.18,-82.18,0,0,
06/10/2026,10:04:45:551,39.010557,-76.911583,2,-124.58,-124.58,0,0,
06/10/2026,10:04:45:639,39.010560,-76.911580,3,-125.62,-125.62,0,0,
06/10/2026,10:04:45:660,39.010563,-76.911577,1,-121.48,-121.48,0,0,
06/10/2026,10:04:45:707,39.010566,-76.911574,4,-78.02,-78.02,0,0,
06/10/2026,10:04:45:778,39.010569,-76.911571,2,-122.69,-122.69,0,0,
06/10/2026,10:04:45:850,39.010573,-76.911568,3,-123.08,-123.08,0,0,
06/10/2026,10:04:45:867,39.010576,-76.911564,1,-121.7,-121.7,0,0,
06/10/2026,10:04:45:918,39.010580,-76.911561,4,-81.42,-81.42,0,0,
06/10/2026,10:04:45:972,39.010583,-76.911558,2,-122.85,-122.85,0,0,
06/10/2026,10:04:46:061,39.010586,-76.911554,3,-125.6,-125.6,0,0,
06/10/2026,10:04:46:078,39.010590,-76.911551,1,-120.9,-120.9,0,0,
06/10/2026,10:04:46:129,39.010593,-76.911548,4,-74.7,-74.7,0,0,
06/10/2026,10:04:46:184,39.010596,-76.911544,2,-120.16,-120.16,0,0,
06/10/2026,10:04:46:270,39.010600,-76.911541,3,-122.52,-122.52,0,0,
06/10/2026,10:04:46:288,39.010603,-76.911537,1,-122.23,-122.23,0,0,
06/10/2026,10:04:46:341,39.010607,-76.911534,4,-85.95,-85.95,0,0,
06/10/2026,10:04:46:392,39.010610,-76.911531,2,-123.09,-123.09,0,0,
06/10/2026,10:04:46:491,39.010613,-76.911527,3,-121.18,-121.18,0,0,
06/10/2026,10:04:46:501,39.010617,-76.911524,1,-121.23,-121.23,0,0,
06/10/2026,10:04:46:599,39.010620,-76.911521,4,-72.53,-72.53,0,0,
06/10/2026,10:04:46:603,39.010623,-76.911517,2,-125.23,-125.23,0,0,
06/10/2026,10:04:46:760,39.010627,-76.911514,3,-122.9,-122.9,0,0,
06/10/2026,10:04:46:761,39.010630,-76.911510,1,-122.06,-122.06,0,0,
06/10/2026,10:04:46:773,39.010634,-76.911507,4,-84.64,-84.64,0,0,
06/10/2026,10:04:46:818,39.010637,-76.911504,2,-123.16,-123.16,0,0,
06/10/2026,10:04:46:906,39.010641,-76.911501,3,-121.52,-121.52,0,0,
06/10/2026,10:04:46:921,39.010644,-76.911498,1,-123.09,-123.09,0,0,
06/10/2026,10:04:46:975,39.010648,-76.911495,4,-75.9,-75.9,0,0,
06/10/2026,10:04:47:028,39.010651,-76.911492,2,-124.48,-124.48,0,0,
06/10/2026,10:04:47:117,39.010655,-76.911489,3,-121.81,-121.81,0,0,
06/10/2026,10:04:47:132,39.010659,-76.911486,1,-120.8,-120.8,0,0,
06/10/2026,10:04:47:192,39.010662,-76.911483,4,-83.45,-83.45,0,0,
06/10/2026,10:04:47:640,39.010666,-76.911480,2,-122.79,-122.79,0,0,
06/10/2026,10:04:47:651,39.010669,-76.911476,3,-123.06,-123.06,0,0,
06/10/2026,10:04:47:654,39.010673,-76.911473,1,-123.77,-123.77,0,0,
06/10/2026,10:04:47:663,39.010676,-76.911470,4,-77.5,-77.5,0,0,
06/10/2026,10:04:47:673,39.010680,-76.911467,2,-122.08,-122.08,0,0,
06/10/2026,10:04:47:687,39.010684,-76.911464,3,-124.33,-124.33,0,0,
06/10/2026,10:04:47:689,39.010687,-76.911461,1,-122.79,-122.79,0,0,
06/10/2026,10:04:47:699,39.010691,-76.911458,4,-89.12,-89.12,0,0,
06/10/2026,10:04:47:709,39.010694,-76.911455,2,-125.23,-125.23,0,0,
06/10/2026,10:04:47:748,39.010698,-76.911452,3,-123.15,-123.15,0,0,
06/10/2026,10:04:47:766,39.010701,-76.911449,1,-122.77,-122.77,0,0,
06/10/2026,10:04:47:817,39.010704,-76.911447,4,-91.53,-91.53,0,0,
06/10/2026,10:04:47:871,39.010707,-76.911444,2,-122.46,-122.46,0,0,
06/10/2026,10:04:47:960,39.010711,-76.911441,3,-124.36,-124.36,0,0,
06/10/2026,10:04:47:975,39.010714,-76.911438,1,-121.23,-121.23,0,0,
06/10/2026,10:04:48:029,39.010717,-76.911436,4,-76.75,-76.75,0,0,
06/10/2026,10:04:48:080,39.010720,-76.911433,2,-120.06,-120.06,0,0,
06/10/2026,10:04:48:175,39.010723,-76.911430,3,-124.57,-124.57,0,0,
06/10/2026,10:04:48:188,39.010727,-76.911427,1,-121.84,-121.84,0,0,
06/10/2026,10:04:48:241,39.010730,-76.911425,4,-75.13,-75.13,0,0,
06/10/2026,10:04:48:293,39.010733,-76.911422,2,-121.57,-121.57,0,0,
06/10/2026,10:04:48:381,39.010736,-76.911419,3,-121.68,-121.68,0,0,
06/10/2026,10:04:48:456,39.010740,-76.911416,1,-123.46,-123.46,0,0,
06/10/2026,10:04:48:465,39.010743,-76.911414,4,-72.31,-72.31,0,0,
06/10/2026,10:04:48:541,39.010746,-76.911411,2,-121,-121,0,0,
06/10/2026,10:04:48:597,39.010749,-76.911408,3,-122.51,-122.51,0,0,
06/10/2026,10:04:48:649,39.010752,-76.911405,1,-120.9,-120.9,0,0,
06/10/2026,10:04:48:662,39.010756,-76.911403,4,-79.17,-79.17,0,0,
06/10/2026,10:04:48:718,39.010759,-76.911400,2,-121.33,-121.33,0,0,
06/10/2026,10:04:48:802,39.010762,-76.911397,3,-124.1,-124.1,0,0,
06/10/2026,10:04:48:823,39.010765,-76.911394,1,-122.51,-122.51,0,0,
06/10/2026,10:04:48:873,39.010768,-76.911391,4,-89.4,-89.4,0,0,
06/10/2026,10:04:48:931,39.010771,-76.911388,2,-122.13,-122.13,0,0,
06/10/2026,10:04:49:015,39.010774,-76.911385,3,-125.61,-125.61,0,0,
06/10/2026,10:04:49:030,39.010777,-76.911382,1,-122.19,-122.19,0,0,
06/10/2026,10:04:49:085,39.010780,-76.911379,4,-81.43,-81.43,0,0,
06/10/2026,10:04:49:138,39.010783,-76.911376,2,-121.68,-121.68,0,0,
06/10/2026,10:04:49:227,39.010786,-76.911373,3,-123.5,-123.5,0,0,
06/10/2026,10:04:49:243,39.010789,-76.911370,1,-124.33,-124.33,0,0,
06/10/2026,10:04:49:294,39.010793,-76.911366,4,-79.47,-79.47,0,0,
06/10/2026,10:04:49:347,39.010796,-76.911363,2,-121.93,-121.93,0,0,
06/10/2026,10:04:49:440,39.010799,-76.911360,3,-124.35,-124.35,0,0,
06/10/2026,10:04:49:454,39.010802,-76.911357,1,-122.89,-122.89,0,0,
06/10/2026,10:04:49:507,39.010805,-76.911354,4,-84.54,-84.54,0,0,
06/10/2026,10:04:49:560,39.010808,-76.911351,2,-125.29,-125.29,0,0,
06/10/2026,10:04:49:654,39.010811,-76.911348,3,-121.85,-121.85,0,0,
06/10/2026,10:04:49:664,39.010814,-76.911345,1,-122.3,-122.3,0,0,
06/10/2026,10:04:49:731,39.010817,-76.911342,4,-78.98,-78.98,0,0,
06/10/2026,10:04:49:770,39.010820,-76.911339,2,-121.97,-121.97,0,0,
06/10/2026,10:04:49:857,39.010823,-76.911337,3,-122.82,-122.82,0,0,
06/10/2026,10:04:49:876,39.010826,-76.911334,1,-124.39,-124.39,0,0,
06/10/2026,10:04:49:926,39.010829,-76.911332,4,-83.01,-83.01,0,0,
06/10/2026,10:04:49:984,39.010832,-76.911329,2,-122.9,-122.9,0,0,
06/10/2026,10:04:50:069,39.010835,-76.911327,3,-122.75,-122.75,0,0,
06/10/2026,10:04:50:088,39.010838,-76.911324,1,-121.97,-121.97,0,0,
06/10/2026,10:04:50:138,39.010841,-76.911322,4,-83.43,-83.43,0,0,
06/10/2026,10:04:50:192,39.010844,-76.911319,2,-121.88,-121.88,0,0,
06/10/2026,10:04:50:295,39.010848,-76.911317,3,-124.42,-124.42,0,0,
06/10/2026,10:04:50:296,39.010851,-76.911314,1,-120.12,-120.12,0,0,
06/10/2026,10:04:50:372,39.010854,-76.911311,4,-78.23,-78.23,0,0,
06/10/2026,10:04:50:448,39.010857,-76.911309,2,-109.92,-109.92,0,0,
06/10/2026,10:04:50:527,39.010860,-76.911306,3,-109.1,-109.1,0,0,
06/10/2026,10:04:50:538,39.010863,-76.911304,1,-110.26,-110.26,0,0,
06/10/2026,10:04:50:601,39.010866,-76.911301,4,-76.95,-76.95,0,0,
06/10/2026,10:04:50:665,39.010869,-76.911299,2,-112.43,-112.43,0,0,
06/10/2026,10:04:50:754,39.010872,-76.911296,3,-121.17,-121.17,0,0,
06/10/2026,10:04:50:770,39.010875,-76.911294,1,-122.76,-122.76,0,0,
06/10/2026,10:04:50:828,39.010879,-76.911292,4,-83.85,-83.85,0,0,
06/10/2026,10:04:50:884,39.010882,-76.911290,2,-110.78,-110.78,0,0,
06/10/2026,10:04:50:984,39.010885,-76.911288,3,-111.28,-111.28,0,0,
06/10/2026,10:04:51:007,39.010889,-76.911286,1,-122.22,-122.22,0,0,
06/10/2026,10:04:51:055,39.010892,-76.911284,4,-82.78,-82.78,0,0,
06/10/2026,10:04:51:107,39.010895,-76.911282,2,-120.94,-120.94,0,0,
06/10/2026,10:04:51:206,39.010898,-76.911280,3,-112.75,-112.75,0,0,
06/10/2026,10:04:51:235,39.010902,-76.911278,1,-110.41,-110.41,0,0,
06/10/2026,10:04:51:297,39.010905,-76.911276,4,-73.94,-73.94,0,0,
06/10/2026,10:04:51:348,39.010908,-76.911274,2,-123.03,-123.03,0,0,
06/10/2026,10:04:51:436,39.010912,-76.911272,3,-120.9,-120.9,0,0,
06/10/2026,10:04:51:461,39.010915,-76.911270,1,-111.77,-111.77,0,0,
06/10/2026,10:04:51:518,39.010918,-76.911268,4,-81.91,-81.91,0,0,
06/10/2026,10:04:51:569,39.010922,-76.911266,2,-122.2,-122.2,0,0,
06/10/2026,10:04:51:669,39.010925,-76.911264,3,-114.32,-114.32,0,0,
06/10/2026,10:04:51:693,39.010928,-76.911262,1,-113.65,-113.65,0,0,
06/10/2026,10:04:51:747,39.010932,-76.911259,4,-93.1,-93.1,0,0,
06/10/2026,10:04:51:801,39.010934,-76.911257,2,-121.6,-121.6,0,0,
06/10/2026,10:04:51:886,39.010936,-76.911255,3,-122.52,-122.52,0,0,
06/10/2026,10:04:51:905,39.010938,-76.911253,1,-122.05,-122.05,0,0,
06/10/2026,10:04:51:959,39.010941,-76.911251,4,-80.94,-80.94,0,0,
06/10/2026,10:04:52:009,39.010943,-76.911249,2,-125.02,-125.02,0,0,
06/10/2026,10:04:52:101,39.010945,-76.911247,3,-123.27,-123.27,0,0,
06/10/2026,10:04:52:115,39.010948,-76.911245,1,-123.52,-123.52,0,0,
06/10/2026,10:04:52:168,39.010950,-76.911243,4,-81,-81,0,0,
06/10/2026,10:04:52:220,39.010952,-76.911241,2,-123.43,-123.43,0,0,
06/10/2026,10:04:52:322,39.010954,-76.911239,3,-120.59,-120.59,0,0,
06/10/2026,10:04:52:326,39.010957,-76.911237,1,-124.48,-124.48,0,0,
06/10/2026,10:04:52:394,39.010959,-76.911235,4,-77.38,-77.38,0,0,
06/10/2026,10:04:52:473,39.010961,-76.911233,2,-122.18,-122.18,0,0,
06/10/2026,10:04:52:545,39.010964,-76.911231,3,-111.92,-111.92,0,0,
06/10/2026,10:04:52:560,39.010966,-76.911229,1,-112.29,-112.29,0,0,
06/10/2026,10:04:52:620,39.010968,-76.911227,4,-83.23,-83.23,0,0,
06/10/2026,10:04:52:676,39.010971,-76.911225,2,-123.03,-123.03,0,0,
06/10/2026,10:04:52:766,39.010973,-76.911223,3,-121.79,-121.79,0,0,
06/10/2026,10:04:52:778,39.010975,-76.911221,1,-122.65,-122.65,0,0,
06/10/2026,10:04:52:845,39.010978,-76.911220,4,-76.35,-76.35,0,0,
06/10/2026,10:04:52:895,39.010980,-76.911218,2,-121.53,-121.53,0,0,
06/10/2026,10:04:52:984,39.010982,-76.911217,3,-122.43,-122.43,0,0,
06/10/2026,10:04:53:001,39.010985,-76.911216,1,-122.56,-122.56,0,0,
06/10/2026,10:04:53:054,39.010987,-76.911214,4,-82.42,-82.42,0,0,
06/10/2026,10:04:53:105,39.010990,-76.911213,2,-121.16,-121.16,0,0,
06/10/2026,10:04:53:199,39.010992,-76.911211,3,-122.67,-122.67,0,0,
06/10/2026,10:04:53:211,39.010995,-76.911210,1,-123.16,-123.16,0,0,
06/10/2026,10:04:53:275,39.010997,-76.911208,4,-81.07,-81.07,0,0,
06/10/2026,10:04:53:329,39.010999,-76.911207,2,-120.73,-120.73,0,0,
06/10/2026,10:04:53:415,39.011002,-76.911205,3,-121.77,-121.77,0,0,
06/10/2026,10:04:53:434,39.011004,-76.911204,1,-122.5,-122.5,0,0,
06/10/2026,10:04:53:497,39.011007,-76.911203,4,-81.66,-81.66,0,0,
06/10/2026,10:04:53:539,39.011009,-76.911201,2,-122.08,-122.08,0,0,
06/10/2026,10:04:53:626,39.011011,-76.911200,3,-122.26,-122.26,0,0,
06/10/2026,10:04:53:642,39.011014,-76.911198,1,-122.78,-122.78,0,0,
06/10/2026,10:04:53:702,39.011016,-76.911197,4,-74.76,-74.76,0,0,
06/10/2026,10:04:53:750,39.011019,-76.911195,2,-121.1,-121.1,0,0,
06/10/2026,10:04:53:839,39.011020,-76.911193,3,-121.66,-121.66,0,0,
06/10/2026,10:04:53:853,39.011022,-76.911191,1,-124.33,-124.33,0,0,
06/10/2026,10:04:53:905,39.011024,-76.911190,4,-81.3,-81.3,0,0,
06/10/2026,10:04:53:961,39.011025,-76.911188,2,-120.83,-120.83,0,0,
06/10/2026,10:04:54:049,39.011027,-76.911186,3,-118.21,-118.21,0,0,
06/10/2026,10:04:54:113,39.011029,-76.911184,1,-122.52,-122.52,0,0,
06/10/2026,10:04:54:120,39.011030,-76.911182,4,-74.73,-74.73,0,0,
06/10/2026,10:04:54:186,39.011032,-76.911180,2,-121.5,-121.5,0,0,
06/10/2026,10:04:54:272,39.011034,-76.911178,3,-122.18,-122.18,0,0,
06/10/2026,10:04:54:276,39.011036,-76.911176,1,-121.41,-121.41,0,0,
06/10/2026,10:04:54:331,39.011037,-76.911174,4,-77.04,-77.04,0,0,
06/10/2026,10:04:54:382,39.011039,-76.911172,2,-120.07,-120.07,0,0,
06/10/2026,10:04:54:473,39.011041,-76.911170,3,-122.56,-122.56,0,0,
06/10/2026,10:04:54:488,39.011042,-76.911168,1,-121.67,-121.67,0,0,
06/10/2026,10:04:54:540,39.011044,-76.911166,4,-95.79,-95.79,0,0,
06/10/2026,10:04:54:596,39.011046,-76.911164,2,-121.73,-121.73,0,0,
06/10/2026,10:04:54:680,39.011047,-76.911163,3,-121.01,-121.01,0,0,
06/10/2026,10:04:54:701,39.011049,-76.911161,1,-121.09,-121.09,0,0,
06/10/2026,10:04:54:775,39.011051,-76.911159,4,-78.04,-78.04,0,0,
06/10/2026,10:04:54:802,39.011053,-76.911158,2,-122.23,-122.23,0,0,
06/10/2026,10:04:54:892,39.011055,-76.911158,3,-122.75,-122.75,0,0,
06/10/2026,10:04:54:908,39.011057,-76.911157,1,-122.38,-122.38,0,0,
06/10/2026,10:04:54:964,39.011059,-76.911157,4,-81.41,-81.41,0,0,
06/10/2026,10:04:55:013,39.011061,-76.911156,2,-121.28,-121.28,0,0,
06/10/2026,10:04:55:104,39.011063,-76.911156,3,-119.51,-119.51,0,0,
06/10/2026,10:04:55:120,39.011065,-76.911155,1,-123.39,-123.39,0,0,
06/10/2026,10:04:55:172,39.011067,-76.911155,4,-86.92,-86.92,0,0,
06/10/2026,10:04:55:227,39.011069,-76.911154,2,-122.02,-122.02,0,0,
06/10/2026,10:04:55:313,39.011071,-76.911154,3,-124.02,-124.02,0,0,
06/10/2026,10:04:55:329,39.011073,-76.911153,1,-120.82,-120.82,0,0,
06/10/2026,10:04:55:383,39.011075,-76.911153,4,-82.59,-82.59,0,0,
06/10/2026,10:04:55:436,39.011077,-76.911152,2,-120.74,-120.74,0,0,
06/10/2026,10:04:55:525,39.011079,-76.911152,3,-121.16,-121.16,0,0,
06/10/2026,10:04:55:541,39.011081,-76.911151,1,-121.57,-121.57,0,0,
06/10/2026,10:04:55:593,39.011083,-76.911151,4,-76.59,-76.59,0,0,
06/10/2026,10:04:55:648,39.011085,-76.911150,2,-124.08,-124.08,0,0,
06/10/2026,10:04:55:735,39.011087,-76.911149,3,-122.31,-122.31,0,0,
06/10/2026,10:04:55:751,39.011089,-76.911149,1,-121.83,-121.83,0,0,
06/10/2026,10:04:55:807,39.011090,-76.911148,4,-75.69,-75.69,0,0,
06/10/2026,10:04:55:861,39.011091,-76.911147,2,-122.69,-122.69,0,0,
06/10/2026,10:04:55:949,39.011092,-76.911146,3,-122.36,-122.36,0,0,
06/10/2026,10:04:55:963,39.011093,-76.911145,1,-121.52,-121.52,0,0,
06/10/2026,10:04:56:047,39.011094,-76.911144,4,-76.28,-76.28,0,0,
06/10/2026,10:04:56:115,39.011095,-76.911143,2,-123.82,-123.82,0,0,
06/10/2026,10:04:56:175,39.011097,-76.911142,3,-123.34,-123.34,0,0,
06/10/2026,10:04:56:177,39.011098,-76.911141,1,-121.62,-121.62,0,0,
06/10/2026,10:04:56:255,39.011099,-76.911140,4,-86.44,-86.44,0,0,
06/10/2026,10:04:56:328,39.011100,-76.911139,2,-122.94,-122.94,0,0,
06/10/2026,10:04:56:366,39.011101,-76.911138,3,-121.93,-121.93,0,0,
06/10/2026,10:04:56:385,39.011102,-76.911138,1,-122.97,-122.97,0,0,
06/10/2026,10:04:56:440,39.011103,-76.911137,4,-81.7,-81.7,0,0,
06/10/2026,10:04:56:489,39.011105,-76.911136,2,-122.43,-122.43,0,0,
06/10/2026,10:04:56:579,39.011106,-76.911135,3,-126.26,-126.26,0,0,
06/10/2026,10:04:56:595,39.011107,-76.911134,1,-121.6,-121.6,0,0,
06/10/2026,10:04:56:649,39.011108,-76.911133,4,-96.43,-96.43,0,0,
06/10/2026,10:04:56:702,39.011109,-76.911132,2,-119.61,-119.61,0,0,
06/10/2026,10:04:56:790,39.011110,-76.911131,3,-122.43,-122.43,0,0,
06/10/2026,10:04:56:805,39.011111,-76.911129,1,-121.07,-121.07,0,0,
06/10/2026,10:04:56:858,39.011113,-76.911127,4,-82.91,-82.91,0,0,
06/10/2026,10:04:56:910,39.011114,-76.911126,2,-123.36,-123.36,0,0,
06/10/2026,10:04:57:005,39.011115,-76.911124,3,-122.47,-122.47,0,0,
06/10/2026,10:04:57:020,39.011116,-76.911122,1,-123.58,-123.58,0,0,
06/10/2026,10:04:57:072,39.011117,-76.911120,4,-76.88,-76.88,0,0,
06/10/2026,10:04:57:123,39.011118,-76.911118,2,-121,-121,0,0,
06/10/2026,10:04:57:213,39.011119,-76.911116,3,-124.77,-124.77,0,0,
06/10/2026,10:04:57:232,39.011121,-76.911115,1,-123.74,-123.74,0,0,
06/10/2026,10:04:57:281,39.011122,-76.911113,4,-80.25,-80.25,0,0,
06/10/2026,10:04:57:338,39.011123,-76.911111,2,-122.39,-122.39,0,0,
06/10/2026,10:04:57:420,39.011124,-76.911109,3,-124.02,-124.02,0,0,
06/10/2026,10:04:57:439,39.011125,-76.911107,1,-122.84,-122.84,0,0,
06/10/2026,10:04:57:492,39.011126,-76.911105,4,-73.9,-73.9,0,0,
06/10/2026,10:04:57:544,39.011128,-76.911104,2,-120.38,-120.38,0,0,
06/10/2026,10:04:57:661,39.011129,-76.911102,3,-122.4,-122.4,0,0,
06/10/2026,10:04:57:662,39.011130,-76.911100,1,-122.84,-122.84,0,0,
06/10/2026,10:04:57:734,39.011131,-76.911098,4,-75.22,-75.22,0,0,
06/10/2026,10:04:58:144,39.011132,-76.911096,2,-118.22,-118.22,0,0,
06/10/2026,10:04:58:161,39.011133,-76.911094,3,-122.03,-122.03,0,0,
06/10/2026,10:04:58:164,39.011134,-76.911094,1,-121.51,-121.51,0,0,
06/10/2026,10:04:58:172,39.011136,-76.911093,4,-77.35,-77.35,0,0,
06/10/2026,10:04:58:183,39.011137,-76.911093,2,-120.33,-120.33,0,0,
06/10/2026,10:04:58:208,39.011138,-76.911092,3,-111.73,-111.73,0,0,
06/10/2026,10:04:58:212,39.011139,-76.911092,1,-111.35,-111.35,0,0,
06/10/2026,10:04:58:221,39.011140,-76.911091,4,-81.16,-81.16,0,0,
06/10/2026,10:04:58:229,39.011141,-76.911090,2,-115.85,-115.85,0,0,
06/10/2026,10:04:58:309,39.011142,-76.911090,3,-122.83,-122.83,0,0,
06/10/2026,10:04:58:323,39.011144,-76.911089,1,-120.99,-120.99,0,0,
06/10/2026,10:04:58:374,39.011145,-76.911089,4,-87.29,-87.29,0,0,
06/10/2026,10:04:58:438,39.011146,-76.911088,2,-113.03,-113.03,0,0,
06/10/2026,10:04:58:529,39.011147,-76.911088,3,-122.34,-122.34,0,0,
06/10/2026,10:04:58:545,39.011148,-76.911087,1,-121.89,-121.89,0,0,
06/10/2026,10:04:58:618,39.011149,-76.911086,4,-73.57,-73.57,0,0,
06/10/2026,10:04:58:649,39.011150,-76.911086,2,-120.93,-120.93,0,0,
06/10/2026,10:04:58:748,39.011152,-76.911085,3,-113.24,-113.24,0,0,
