Date,Time,Latitude,Longitude,Channel,RSSI,Adjusted Value,Antenna Gain,Cable Loss
09/24/2026,09:45:22:987,0.000000,0.000000,1,-120.85,-120.85,0,0,
09/24/2026,09:45:23:025,0.000000,0.000000,2,-116.37,-116.37,0,0,
09/24/2026,09:45:23:080,0.000000,0.000000,3,-70.8,-70.8,0,0,
09/24/2026,09:45:23:135,0.000000,0.000000,4,-106.18,-106.18,0,0,
09/24/2026,09:45:23:203,0.000000,0.000000,1,-108.64,-108.64,0,0,
09/24/2026,09:45:23:253,0.000000,0.000000,2,-106.69,-106.69,0,0,
09/24/2026,09:45:23:289,0.000000,0.000000,3,-74.85,-74.85,0,0,
09/24/2026,09:45:23:357,0.000000,0.000000,4,-108.42,-108.42,0,0,
09/24/2026,09:45:23:412,0.000000,0.000000,1,-116.24,-116.24,0,0,
09/24/2026,09:45:23:459,0.000000,0.000000,2,-115.88,-115.88,0,0,
09/24/2026,09:45:23:505,0.000000,0.000000,3,-80.73,-80.73,0,0,
09/24/2026,09:45:23:556,0.000000,0.000000,4,-119.77,-119.77,0,0,
09/24/2026,09:45:23:611,0.000000,0.000000,1,-114.84,-114.84,0,0,
09/24/2026,09:45:23:672,0.000000,0.000000,2,-115.26,-115.26,0,0,
09/24/2026,09:45:23:799,0.000000,0.000000,3,-75.98,-75.98,0,0,
09/24/2026,09:45:23:877,0.000000,0.000000,4,-120.23,-120.23,0,0,
09/24/2026,09:45:23:934,0.000000,0.000000,1,-108.2,-108.2,0,0,
09/24/2026,09:45:23:977,0.000000,0.000000,2,-104.26,-104.26,0,0,
09/24/2026,09:45:24:065,0.000000,0.000000,3,-73.09,-73.09,0,0,
09/24/2026,09:45:24:074,0.000000,0.000000,4,-122.26,-122.26,0,0,
09/24/2026,09:45:24:099,0.000000,0.000000,1,-112.07,-112.07,0,0,
09/24/2026,09:45:24:111,0.000000,0.000000,2,-117.52,-117.52,0,0,
09/24/2026,09:45:24:143,0.000000,0.000000,3,-100.52,-100.52,0,0,
09/24/2026,09:45:24:192,0.000000,0.000000,4,-114.13,-114.13,0,0,
09/24/2026,09:45:24:239,0.000000,0.000000,1,-117.4,-117.4,0,0,
09/24/2026,09:45:24:293,0.000000,0.000000,2,-119.17,-119.17,0,0,
09/24/2026,09:45:24:347,0.000000,0.000000,3,-84.29,-84.29,0,0,
09/24/2026,09:45:24:398,0.000000,0.000000,4,-115.57,-115.57,0,0,
09/24/2026,09:45:24:454,0.000000,0.000000,1,-121.45,-121.45,0,0,
09/24/2026,09:45:24:543,0.000000,0.000000,2,-118.74,-118.74,0,0,
09/24/2026,09:45:24:568,0.000000,0.000000,3,-84.36,-84.36,0,0,
09/24/2026,09:45:24:626,0.000000,0.000000,4,-122.77,-122.77,0,0,
09/24/2026,09:45:24:666,0.000000,0.000000,1,-114.76,-114.76,0,0,
09/24/2026,09:45:24:716,0.000000,0.000000,2,-118.24,-118.24,0,0,
09/24/2026,09:45:24:770,0.000000,0.000000,3,-85.8,-85.8,0,0,
09/24/2026,09:45:24:820,0.000000,0.000000,4,-120.07,-120.07,0,0,
09/24/2026,09:45:24:878,0.000000,0.000000,1,-115.6,-115.6,0,0,
09/24/2026,09:45:24:929,0.000000,0.000000,2,-118.12,-118.12,0,0,
09/24/2026,09:45:24:976,0.000000,0.000000,3,-97.9,-97.9,0,0,
09/24/2026,09:45:25:030,0.000000,0.000000,4,-115.81,-115.81,0,0,
09/24/2026,09:45:25:086,0.000000,0.000000,1,-120.48,-120.48,0,0,
09/24/2026,09:45:25:142,0.000000,0.000000,2,-118.34,-118.34,0,0,
09/24/2026,09:45:25:206,0.000000,0.000000,3,-105.94,-105.94,0,0,
09/24/2026,09:45:25:244,0.000000,0.000000,4,-125.93,-125.93,0,0,
09/24/2026,09:45:25:292,0.000000,0.000000,1,-122.1,-122.1,0,0,
09/24/2026,09:45:25:346,0.000000,0.000000,2,-119.26,-119.26,0,0,
09/24/2026,09:45:25:399,0.000000,0.000000,3,-82.53,-82.53,0,0,
09/24/2026,09:45:25:504,0.000000,0.000000,4,-115.49,-115.49,0,0,
09/24/2026,09:45:25:514,0.000000,0.000000,1,-119.24,-119.24,0,0,
09/24/2026,09:45:25:592,0.000000,0.000000,2,-118.16,-118.16,0,0,
09/24/2026,09:45:25:639,0.000000,0.000000,3,-85.4,-85.4,0,0,
09/24/2026,09:45:25:680,0.000000,0.000000,4,-115.02,-115.02,0,0,
09/24/2026,09:45:25:813,0.000000,0.000000,1,-117.63,-117.63,0,0,
09/24/2026,09:45:25:865,0.000000,0.000000,2,-118.06,-118.06,0,0,
09/24/2026,09:45:25:877,0.000000,0.000000,3,-81.95,-81.95,0,0,
09/24/2026,09:45:25:901,0.000000,0.000000,4,-124.34,-124.34,0,0,
09/24/2026,09:45:25:949,0.000000,0.000000,1,-114.78,-114.78,0,0,
09/24/2026,09:45:26:012,0.000000,0.000000,2,-114.7,-114.7,0,0,
09/24/2026,09:45:26:056,0.000000,0.000000,3,-85.62,-85.62,0,0,
09/24/2026,09:45:26:105,0.000000,0.000000,4,-123.93,-123.93,0,0,
09/24/2026,09:45:26:146,0.000000,0.000000,1,-108.06,-108.06,0,0,
09/24/2026,09:45:26:225,0.000000,0.000000,2,-106.62,-106.62,0,0,
09/24/2026,09:45:26:272,0.000000,0.000000,3,-106.6,-106.6,0,0,
09/24/2026,09:45:26:303,0.000000,0.000000,4,-122.9,-122.9,0,0,
09/24/2026,09:45:26:415,0.000000,0.000000,1,-115.4,-115.4,0,0,
09/24/2026,09:45:26:468,0.000000,0.000000,2,-113.24,-113.24,0,0,
09/24/2026,09:45:26:485,0.000000,0.000000,3,-76.18,-76.18,0,0,
09/24/2026,09:45:26:505,0.000000,0.000000,4,-120.96,-120.96,0,0,
09/24/2026,09:45:26:590,0.000000,0.000000,1,-121.24,-121.24,0,0,
09/24/2026,09:45:26:613,0.000000,0.000000,2,-117.16,-117.16,0,0,
09/24/2026,09:45:26:673,0.000000,0.000000,3,-78,-78,0,0,
09/24/2026,09:45:26:731,0.000000,0.000000,4,-111.29,-111.29,0,0,
09/24/2026,09:45:26:776,0.000000,0.000000,1,-114.37,-114.37,0,0,
09/24/2026,09:45:26:827,0.000000,0.000000,2,-113.06,-113.06,0,0,
09/24/2026,09:45:26:881,0.000000,0.000000,3,-90.06,-90.06,0,0,
09/24/2026,09:45:26:945,0.000000,0.000000,4,-123.1,-123.1,0,0,
09/24/2026,09:45:26:980,0.000000,0.000000,1,-118.85,-118.85,0,0,
09/24/2026,09:45:27:031,0.000000,0.000000,2,-111.83,-111.83,0,0,
09/24/2026,09:45:27:094,0.000000,0.000000,3,-90.31,-90.31,0,0,
09/24/2026,09:45:27:144,0.000000,0.000000,4,-113.78,-113.78,0,0,
09/24/2026,09:45:27:191,0.000000,0.000000,1,-119.94,-119.94,0,0,
09/24/2026,09:45:27:258,0.000000,0.000000,2,-115.84,-115.84,0,0,
09/24/2026,09:45:27:301,0.000000,0.000000,3,-80.38,-80.38,0,0,
09/24/2026,09:45:27:382,0.000000,0.000000,4,-114.76,-114.76,0,0,
09/24/2026,09:45:27:424,0.000000,0.000000,1,-122.21,-122.21,0,0,
09/24/2026,09:45:27:475,0.000000,0.000000,2,-118.32,-118.32,0,0,
09/24/2026,09:45:27:512,0.000000,0.000000,3,-76.92,-76.92,0,0,
09/24/2026,09:45:27:561,0.000000,0.000000,4,-117.82,-117.82,0,0,
09/24/2026,09:45:27:644,0.000000,0.000000,1,-108.9,-108.9,0,0,
09/24/2026,09:45:27:686,0.000000,0.000000,2,-116.14,-116.14,0,0,
09/24/2026,09:45:27:725,0.000000,0.000000,3,-84.24,-84.24,0,0,
09/24/2026,09:45:27:772,0.000000,0.000000,4,-110.24,-110.24,0,0,
09/24/2026,09:45:27:836,0.000000,0.000000,1,-111.26,-111.26,0,0,
09/24/2026,09:45:27:876,0.000000,0.000000,2,-110.32,-110.32,0,0,
09/24/2026,09:45:27:939,0.000000,0.000000,3,-85.81,-85.81,0,0,
09/24/2026,09:45:28:430,0.000000,0.000000,4,-115.89,-115.89,0,0,
09/24/2026,09:45:28:444,0.000000,0.000000,1,-109.31,-109.31,0,0,
09/24/2026,09:45:28:455,0.000000,0.000000,2,-110.3,-110.3,0,0,
09/24/2026,09:45:28:474,0.000000,0.000000,3,-99.61,-99.61,0,0,
09/24/2026,09:45:28:488,0.000000,0.000000,4,-117.57,-117.57,0,0,
09/24/2026,09:45:28:503,0.000000,0.000000,1,-114.01,-114.01,0,0,
09/24/2026,09:45:28:532,0.000000,0.000000,2,-111.08,-111.08,0,0,
09/24/2026,09:45:28:542,0.000000,0.000000,3,-88,-88,0,0,
09/24/2026,09:45:28:566,0.000000,0.000000,4,-116.76,-116.76,0,0,
09/24/2026,09:45:28:581,0.000000,0.000000,1,-115.7,-115.7,0,0,
09/24/2026,09:45:28:597,0.000000,0.000000,2,-105.91,-105.91,0,0,
09/24/2026,09:45:28:620,0.000000,0.000000,3,-83.49,-83.49,0,0,
09/24/2026,09:45:28:632,0.000000,0.000000,4,-118.41,-118.41,0,0,
09/24/2026,09:45:28:682,0.000000,0.000000,1,-106.54,-106.54,0,0,
09/24/2026,09:45:28:726,0.000000,0.000000,2,-102.91,-102.91,0,0,
09/24/2026,09:45:28:774,0.000000,0.000000,3,-96.04,-96.04,0,0,
09/24/2026,09:45:28:830,0.000000,0.000000,4,-117.62,-117.62,0,0,
09/24/2026,09:45:28:883,0.000000,0.000000,1,-104.76,-104.76,0,0,
09/24/2026,09:45:28:938,0.000000,0.000000,2,-109.41,-109.41,0,0,
09/24/2026,09:45:28:990,0.000000,0.000000,3,-78.32,-78.32,0,0,
09/24/2026,09:45:29:043,0.000000,0.000000,4,-111.68,-111.68,0,0,
09/24/2026,09:45:29:105,0.000000,0.000000,1,-108.57,-108.57,0,0,
09/24/2026,09:45:29:149,0.000000,0.000000,2,-107.41,-107.41,0,0,
09/24/2026,09:45:29:194,0.000000,0.000000,3,-77.08,-77.08,0,0,
09/24/2026,09:45:29:326,0.000000,0.000000,4,-108.38,-108.38,0,0,
09/24/2026,09:45:29:336,0.000000,0.000000,1,-108.58,-108.58,0,0,
09/24/2026,09:45:29:372,0.000000,0.000000,2,-111.8,-111.8,0,0,
09/24/2026,09:45:29:421,0.000000,0.000000,3,-84.99,-84.99,0,0,
09/24/2026,09:45:29:468,0.000000,0.000000,4,-112.36,-112.36,0,0,
09/24/2026,09:45:29:511,0.000000,0.000000,1,-103.75,-103.75,0,0,
09/24/2026,09:45:29:564,0.000000,0.000000,2,-112.92,-112.92,0,0,
09/24/2026,09:45:29:617,0.000000,0.000000,3,-72.19,-72.19,0,0,
09/24/2026,09:45:29:678,0.000000,0.000000,4,-113.91,-113.91,0,0,
09/24/2026,09:45:29:726,0.000000,0.000000,1,-111.99,-111.99,0,0,
09/24/2026,09:45:29:780,0.000000,0.000000,2,-101.64,-101.64,0,0,
09/24/2026,09:45:29:830,0.000000,0.000000,3,-88.43,-88.43,0,0,
09/24/2026,09:45:29:887,0.000000,0.000000,4,-110.88,-110.88,0,0,
09/24/2026,09:45:29:945,0.000000,0.000000,1,-107.1,-107.1,0,0,
09/24/2026,09:45:29:988,0.000000,0.000000,2,-93.5,-93.5,0,0,
09/24/2026,09:45:30:044,0.000000,0.000000,3,-71.03,-71.03,0,0,
09/24/2026,09:45:30:093,0.000000,0.000000,4,-94.19,-94.19,0,0,
09/24/2026,09:45:30:162,0.000000,0.000000,1,-105.73,-105.73,0,0,
09/24/2026,09:45:30:198,0.000000,0.000000,2,-102.97,-102.97,0,0,
09/24/2026,09:45:30:252,0.000000,0.000000,3,-78.16,-78.16,0,0,
09/24/2026,09:45:30:302,0.000000,0.000000,4,-112.59,-112.59,0,0,
09/24/2026,09:45:30:359,0.000000,0.000000,1,-95.85,-95.85,0,0,
09/24/2026,09:45:30:408,0.000000,0.000000,2,-89.87,-89.87,0,0,
09/24/2026,09:45:30:464,0.000000,0.000000,3,-68.08,-68.08,0,0,
09/24/2026,09:45:30:519,0.000000,0.000000,4,-108.44,-108.44,0,0,
09/24/2026,09:45:30:571,0.000000,0.000000,1,-92.76,-92.76,0,0,
09/24/2026,09:45:30:634,0.000000,0.000000,2,-95.52,-95.52,0,0,
09/24/2026,09:45:30:681,0.000000,0.000000,3,-76.57,-76.57,0,0,
09/24/2026,09:45:30:724,0.000000,0.000000,4,-111.73,-111.73,0,0,
09/24/2026,09:45:30:786,0.000000,0.000000,1,-105.37,-105.37,0,0,
09/24/2026,09:45:30:830,0.000000,0.000000,2,-92.26,-92.26,0,0,
09/24/2026,09:45:30:893,0.000000,0.000000,3,-79.57,-79.57,0,0,
09/24/2026,09:45:30:938,0.000000,0.000000,4,-113.22,-113.22,0,0,
09/24/2026,09:45:31:018,0.000000,0.000000,1,-108.4,-108.4,0,0,
09/24/2026,09:45:31:053,0.000000,0.000000,2,-103.54,-103.54,0,0,
09/24/2026,09:45:31:120,0.000000,0.000000,3,-90.16,-90.16,0,0,
09/24/2026,09:45:31:158,0.000000,0.000000,4,-115.07,-115.07,0,0,
09/24/2026,09:45:31:201,0.000000,0.000000,1,-89.43,-89.43,0,0,
09/24/2026,09:45:31:273,0.000000,0.000000,2,-79.46,-79.46,0,0,
09/24/2026,09:45:31:320,0.000000,0.000000,3,-67.6,-67.6,0,0,
09/24/2026,09:45:31:361,0.000000,0.000000,4,-104.15,-104.15,0,0,
09/24/2026,09:45:31:417,0.000000,0.000000,1,-91.69,-91.69,0,0,
09/24/2026,09:45:31:468,0.000000,0.000000,2,-98.16,-98.16,0,0,
09/24/2026,09:45:31:578,0.000000,0.000000,3,-89.69,-89.69,0,0,
09/24/2026,09:45:31:604,0.000000,0.000000,4,-97.2,-97.2,0,0,
09/24/2026,09:45:31:645,0.000000,0.000000,1,-86.02,-86.02,0,0,
09/24/2026,09:45:31:680,0.000000,0.000000,2,-83.18,-83.18,0,0,
09/24/2026,09:45:31:727,0.000000,0.000000,3,-76.86,-76.86,0,0,
09/24/2026,09:45:31:783,0.000000,0.000000,4,-100.32,-100.32,0,0,
09/24/2026,09:45:31:834,0.000000,0.000000,1,-86.05,-86.05,0,0,
09/24/2026,09:45:31:888,0.000000,0.000000,2,-86.65,-86.65,0,0,
09/24/2026,09:45:31:939,0.000000,0.000000,3,-77.39,-77.39,0,0,
09/24/2026,09:45:32:039,0.000000,0.000000,4,-105.52,-105.52,0,0,
09/24/2026,09:45:32:070,0.000000,0.000000,1,-96.61,-96.61,0,0,
09/24/2026,09:45:32:103,0.000000,0.000000,2,-87.56,-87.56,0,0,
09/24/2026,09:45:32:152,0.000000,0.000000,3,-71.7,-71.7,0,0,
09/24/2026,09:45:32:229,0.000000,0.000000,4,-104.3,-104.3,0,0,
09/24/2026,09:45:32:256,0.000000,0.000000,1,-92.12,-92.12,0,0,
09/24/2026,09:45:32:308,0.000000,0.000000,2,-85.09,-85.09,0,0,
09/24/2026,09:45:32:369,0.000000,0.000000,3,-66.6,-66.6,0,0,
09/24/2026,09:45:32:410,0.000000,0.000000,4,-103.62,-103.62,0,0,
09/24/2026,09:45:32:470,0.000000,0.000000,1,-99.23,-99.23,0,0,
09/24/2026,09:45:32:517,0.000000,0.000000,2,-106.58,-106.58,0,0,
09/24/2026,09:45:32:579,0.000000,0.000000,3,-85.42,-85.42,0,0,
09/24/2026,09:45:32:622,0.000000,0.000000,4,-106.8,-106.8,0,0,
09/24/2026,09:45:32:676,0.000000,0.000000,1,-92.97,-92.97,0,0,
09/24/2026,09:45:32:736,0.000000,0.000000,2,-89.38,-89.38,0,0,
09/24/2026,09:45:32:811,0.000000,0.000000,3,-77.31,-77.31,0,0,
09/24/2026,09:45:32:836,0.000000,0.000000,4,-105.56,-105.56,0,0,
09/24/2026,09:45:32:890,0.000000,0.000000,1,-98.62,-98.62,0,0,
09/24/2026,09:45:32:970,0.000000,0.000000,2,-101.58,-101.58,0,0,
09/24/2026,09:45:33:056,0.000000,0.000000,3,-81.92,-81.92,0,0,
09/24/2026,09:45:33:070,0.000000,0.000000,4,-110.97,-110.97,0,0,
09/24/2026,09:45:33:149,0.000000,0.000000,1,-92.61,-92.61,0,0,
09/24/2026,09:45:33:159,0.000000,0.000000,2,-89.47,-89.47,0,0,
09/24/2026,09:45:33:247,0.000000,0.000000,3,-79.9,-79.9,0,0,
09/24/2026,09:45:33:288,0.000000,0.000000,4,-105.26,-105.26,0,0,
09/24/2026,09:45:33:336,0.000000,0.000000,1,-107.27,-107.27,0,0,
09/24/2026,09:45:33:382,0.000000,0.000000,2,-89.71,-89.71,0,0,
09/24/2026,09:45:33:413,0.000000,0.000000,3,-91.06,-91.06,0,0,
09/24/2026,09:45:33:575,0.000000,0.000000,4,-111.05,-111.05,0,0,
09/24/2026,09:45:33:591,0.000000,0.000000,1,-100.85,-100.85,0,0,
09/24/2026,09:45:33:601,0.000000,0.000000,2,-92.68,-92.68,0,0,
09/24/2026,09:45:33:626,0.000000,0.000000,3,-72.53,-72.53,0,0,
09/24/2026,09:45:33:687,0.000000,0.000000,4,-108.89,-108.89,0,0,
09/24/2026,09:45:33:729,0.000000,0.000000,1,-97.7,-97.7,0,0,
09/24/2026,09:45:33:785,0.000000,0.000000,2,-94.91,-94.91,0,0,
09/24/2026,09:45:33:838,0.000000,0.000000,3,-70.8,-70.8,0,0,
09/24/2026,09:45:33:888,0.000000,0.000000,4,-109.38,-109.38,0,0,
09/24/2026,09:45:33:956,0.000000,0.000000,1,-95.91,-95.91,0,0,
09/24/2026,09:45:33:996,0.000000,0.000000,2,-91.56,-91.56,0,0,
09/24/2026,09:45:34:048,0.000000,0.000000,3,-78.3,-78.3,0,0,
09/24/2026,09:45:34:108,0.000000,0.000000,4,-118.59,-118.59,0,0,
09/24/2026,09:45:34:150,0.000000,0.000000,1,-99.73,-99.73,0,0,
09/24/2026,09:45:34:203,0.000000,0.000000,2,-96.3,-96.3,0,0,
09/24/2026,09:45:34:265,0.000000,0.000000,3,-78.56,-78.56,0,0,
09/24/2026,09:45:34:314,0.000000,0.000000,4,-119,-119,0,0,
09/24/2026,09:45:34:367,0.000000,0.000000,1,-100.01,-100.01,0,0,
09/24/2026,09:45:34:416,0.000000,0.000000,2,-112.22,-112.22,0,0,
09/24/2026,09:45:34:468,0.000000,0.000000,3,-78.7,-78.7,0,0,
09/24/2026,09:45:34:519,0.000000,0.000000,4,-105.32,-105.32,0,0,
09/24/2026,09:45:34:578,0.000000,0.000000,1,-103.52,-103.52,0,0,
09/24/2026,09:45:34:637,0.000000,0.000000,2,-110.26,-110.26,0,0,
09/24/2026,09:45:34:684,0.000000,0.000000,3,-89.29,-89.29,0,0,
09/24/2026,09:45:34:831,0.000000,0.000000,4,-106.74,-106.74,0,0,
09/24/2026,09:45:34:872,0.000000,0.000000,1,-108.53,-108.53,0,0,
09/24/2026,09:45:34:913,0.000000,0.000000,2,-113.91,-113.91,0,0,
09/24/2026,09:45:34:993,0.000000,0.000000,3,-76.83,-76.83,0,0,
09/24/2026,09:45:35:002,0.000000,0.000000,4,-105.06,-105.06,0,0,
09/24/2026,09:45:35:041,0.000000,0.000000,1,-93.12,-93.12,0,0,
09/24/2026,09:45:35:077,0.000000,0.000000,2,-100.87,-100.87,0,0,
09/24/2026,09:45:35:123,0.000000,0.000000,3,-78.29,-78.29,0,0,
09/24/2026,09:45:35:159,0.000000,0.000000,4,-103.94,-103.94,0,0,
09/24/2026,09:45:35:206,0.000000,0.000000,1,-109.05,-109.05,0,0,
09/24/2026,09:45:35:259,0.000000,0.000000,2,-99.87,-99.87,0,0,
09/24/2026,09:45:35:311,0.000000,0.000000,3,-68.75,-68.75,0,0,
09/24/2026,09:45:35:386,0.000000,0.000000,4,-104.95,-104.95,0,0,
09/24/2026,09:45:35:441,0.000000,0.000000,1,-98.59,-98.59,0,0,
09/24/2026,09:45:35:471,0.000000,0.000000,2,-87.56,-87.56,0,0,
09/24/2026,09:45:35:528,0.000000,0.000000,3,-86.97,-86.97,0,0,
09/24/2026,09:45:35:581,0.000000,0.000000,4,-107.47,-107.47,0,0,
09/24/2026,09:45:35:633,0.000000,0.000000,1,-86.85,-86.85,0,0,
09/24/2026,09:45:35:692,0.000000,0.000000,2,-93.36,-93.36,0,0,
09/24/2026,09:45:35:735,0.000000,0.000000,3,-84.25,-84.25,0,0,
09/24/2026,09:45:35:792,0.000000,0.000000,4,-95.77,-95.77,0,0,
09/24/2026,09:45:35:838,0.000000,0.000000,1,-81.16,-81.16,0,0,
09/24/2026,09:45:35:891,0.000000,0.000000,2,-84.6,-84.6,0,0,
09/24/2026,09:45:35:946,0.000000,0.000000,3,-71.04,-71.04,0,0,
09/24/2026,09:45:36:002,0.000000,0.000000,4,-95.58,-95.58,0,0,
09/24/2026,09:45:36:058,0.000000,0.000000,1,-82.84,-82.84,0,0,
09/24/2026,09:45:36:121,0.000000,0.000000,2,-81.55,-81.55,0,0,
09/24/2026,09:45:36:164,0.000000,0.000000,3,-73.36,-73.36,0,0,
09/24/2026,09:45:36:211,0.000000,0.000000,4,-105.43,-105.43,0,0,
09/24/2026,09:45:36:278,0.000000,0.000000,1,-77.19,-77.19,0,0,
09/24/2026,09:45:36:315,0.000000,0.000000,2,-86.34,-86.34,0,0,
09/24/2026,09:45:36:378,0.000000,0.000000,3,-58.56,-58.56,0,0,
09/24/2026,09:45:36:423,0.000000,0.000000,4,-91.16,-91.16,0,0,
09/24/2026,09:45:36:479,0.000000,0.000000,1,-99.73,-99.73,0,0,
09/24/2026,09:45:36:530,0.000000,0.000000,2,-96.51,-96.51,0,0,
09/24/2026,09:45:36:587,0.000000,0.000000,3,-74.81,-74.81,0,0,
09/24/2026,09:45:36:639,0.000000,0.000000,4,-92.09,-92.09,0,0,
09/24/2026,09:45:36:706,0.000000,0.000000,1,-109.45,-109.45,0,0,
09/24/2026,09:45:36:772,0.000000,0.000000,2,-110.94,-110.94,0,0,
09/24/2026,09:45:36:809,0.000000,0.000000,3,-66.67,-66.67,0,0,
09/24/2026,09:45:36:846,0.000000,0.000000,4,-100.22,-100.22,0,0,
09/24/2026,09:45:36:900,0.000000,0.000000,1,-113.26,-113.26,0,0,
09/24/2026,09:45:36:945,0.000000,0.000000,2,-110.55,-110.55,0,0,
09/24/2026,09:45:37:013,0.000000,0.000000,3,-83.66,-83.66,0,0,
09/24/2026,09:45:37:056,0.000000,0.000000,4,-98.92,-98.92,0,0,
09/24/2026,09:45:37:109,0.000000,0.000000,1,-113.97,-113.97,0,0,
09/24/2026,09:45:37:159,0.000000,0.000000,2,-106.24,-106.24,0,0,
09/24/2026,09:45:37:221,0.000000,0.000000,3,-77.02,-77.02,0,0,
09/24/2026,09:45:37:264,0.000000,0.000000,4,-108.42,-108.42,0,0,
09/24/2026,09:45:37:332,0.000000,0.000000,1,-119.94,-119.94,0,0,
09/24/2026,09:45:37:374,0.000000,0.000000,2,-113.14,-113.14,0,0,
09/24/2026,09:45:37:446,0.000000,0.000000,3,-78.56,-78.56,0,0,
09/24/2026,09:45:37:481,0.000000,0.000000,4,-115.31,-115.31,0,0,
09/24/2026,09:45:37:528,0.000000,0.000000,1,-117.2,-117.2,0,0,
09/24/2026,09:45:37:579,0.000000,0.000000,2,-109.05,-109.05,0,0,
09/24/2026,09:45:37:646,0.000000,0.000000,3,-91.77,-91.77,0,0,
09/24/2026,09:45:37:689,0.000000,0.000000,4,-111.48,-111.48,0,0,
09/24/2026,09:45:37:750,0.000000,0.000000,1,-119.53,-119.53,0,0,
09/24/2026,09:45:37:790,0.000000,0.000000,2,-113.92,-113.92,0,0,
09/24/2026,09:45:37:843,0.000000,0.000000,3,-120.82,-120.82,0,0,
09/24/2026,09:45:37:949,0.000000,0.000000,4,-116.96,-116.96,0,0,
09/24/2026,09:45:37:961,0.000000,0.000000,1,-118.77,-118.77,0,0,
09/24/2026,09:45:38:004,0.000000,0.000000,2,-116.5,-116.5,0,0,
09/24/2026,09:45:38:063,0.000000,0.000000,3,-77.04,-77.04,0,0,
09/24/2026,09:45:38:119,0.000000,0.000000,4,-122.4,-122.4,0,0,
09/24/2026,09:45:38:162,0.000000,0.000000,1,-121.13,-121.13,0,0,
09/24/2026,09:45:38:213,0.000000,0.000000,2,-118.06,-118.06,0,0,
09/24/2026,09:45:38:267,0.000000,0.000000,3,-78.54,-78.54,0,0,
09/24/2026,09:45:38:320,0.000000,0.000000,4,-123.62,-123.62,0,0,
09/24/2026,09:45:38:372,0.000000,0.000000,1,-117.86,-117.86,0,0,
09/24/2026,09:45:38:431,0.000000,0.000000,2,-115.72,-115.72,0,0,
09/24/2026,09:45:38:479,0.000000,0.000000,3,-82.85,-82.85,0,0,
09/24/2026,09:45:38:538,0.000000,0.000000,4,-120.92,-120.92,0,0,
09/24/2026,09:45:38:585,0.000000,0.000000,1,-118.38,-118.38,0,0,
09/24/2026,09:45:38:716,0.000000,0.000000,2,-116.62,-116.62,0,0,
09/24/2026,09:45:38:758,0.000000,0.000000,3,-95.5,-95.5,0,0,
09/24/2026,09:45:38:798,0.000000,0.000000,4,-123.22,-123.22,0,0,
09/24/2026,09:45:38:812,0.000000,0.000000,1,-117.08,-117.08,0,0,
09/24/2026,09:45:38:846,0.000000,0.000000,2,-118.85,-118.85,0,0,
09/24/2026,09:45:38:906,0.000000,0.000000,3,-89.66,-89.66,0,0,
09/24/2026,09:45:38:949,0.000000,0.000000,4,-124.41,-124.41,0,0,
09/24/2026,09:45:39:006,0.000000,0.000000,1,-119.31,-119.31,0,0,
09/24/2026,09:45:39:062,0.000000,0.000000,2,-115.49,-115.49,0,0,
09/24/2026,09:45:39:110,0.000000,0.000000,3,-88.72,-88.72,0,0,
09/24/2026,09:45:39:169,0.000000,0.000000,4,-122.65,-122.65,0,0,
09/24/2026,09:45:39:214,0.000000,0.000000,1,-117.57,-117.57,0,0,
09/24/2026,09:45:39:270,0.000000,0.000000,2,-117.9,-117.9,0,0,
09/24/2026,09:45:39:319,0.000000,0.000000,3,-93.72,-93.72,0,0,
09/24/2026,09:45:39:385,0.000000,0.000000,4,-124.15,-124.15,0,0,
09/24/2026,09:45:39:425,0.000000,0.000000,1,-118.96,-118.96,0,0,
09/24/2026,09:45:39:480,0.000000,0.000000,2,-117.16,-117.16,0,0,
09/24/2026,09:45:39:533,0.000000,0.000000,3,-84.01,-84.01,0,0,
09/24/2026,09:45:39:588,0.000000,0.000000,4,-123.45,-123.45,0,0,
09/24/2026,09:45:39:638,0.000000,0.000000,1,-124.02,-124.02,0,0,
09/24/2026,09:45:39:697,0.000000,0.000000,2,-118.15,-118.15,0,0,
09/24/2026,09:45:39:756,0.000000,0.000000,3,-84.68,-84.68,0,0,
09/24/2026,09:45:39:816,0.000000,0.000000,4,-122.63,-122.63,0,0,
09/24/2026,09:45:39:857,0.000000,0.000000,1,-121.1,-121.1,0,0,
09/24/2026,09:45:39:901,0.000000,0.000000,2,-118.8,-118.8,0,0,
09/24/2026,09:45:39:957,0.000000,0.000000,3,-82.4,-82.4,0,0,
09/24/2026,09:45:40:018,0.000000,0.000000,4,-120.2,-120.2,0,0,
09/24/2026,09:45:40:063,0.000000,0.000000,1,-118.81,-118.81,0,0,
09/24/2026,09:45:40:111,0.000000,0.000000,2,-118.69,-118.69,0,0,
09/24/2026,09:45:40:162,0.000000,0.000000,3,-120.88,-120.88,0,0,
09/24/2026,09:45:40:241,0.000000,0.000000,4,-121.53,-121.53,0,0,
09/24/2026,09:45:40:282,0.000000,0.000000,1,-116.18,-116.18,0,0,
09/24/2026,09:45:40:324,0.000000,0.000000,2,-115.93,-115.93,0,0,
09/24/2026,09:45:40:373,0.000000,0.000000,3,-80.33,-80.33,0,0,
09/24/2026,09:45:40:435,0.000000,0.000000,4,-123.87,-123.87,0,0,
09/24/2026,09:45:40:501,0.000000,0.000000,1,-122.08,-122.08,0,0,
09/24/2026,09:45:40:530,0.000000,0.000000,2,-117.89,-117.89,0,0,
09/24/2026,09:45:40:592,0.000000,0.000000,3,-79.72,-79.72,0,0,
09/24/2026,09:45:40:637,0.000000,0.000000,4,-124.25,-124.25,0,0,
09/24/2026,09:45:40:694,0.000000,0.000000,1,-121.74,-121.74,0,0,
09/24/2026,09:45:40:754,0.000000,0.000000,2,-120.31,-120.31,0,0,
09/24/2026,09:45:40:798,0.000000,0.000000,3,-100.29,-100.29,0,0,
09/24/2026,09:45:40:847,0.000000,0.000000,4,-124.91,-124.91,0,0,
09/24/2026,09:45:40:902,0.000000,0.000000,1,-118.63,-118.63,0,0,
09/24/2026,09:45:40:960,0.000000,0.000000,2,-117.25,-117.25,0,0,
09/24/2026,09:45:41:015,0.000000,0.000000,3,-81.92,-81.92,0,0,
09/24/2026,09:45:41:072,0.000000,0.000000,4,-123.8,-123.8,0,0,
09/24/2026,09:45:41:112,0.000000,0.000000,1,-118.83,-118.83,0,0,
09/24/2026,09:45:41:188,0.000000,0.000000,2,-116.49,-116.49,0,0,
09/24/2026,09:45:41:218,0.000000,0.000000,3,-85.22,-85.22,0,0,
09/24/2026,09:45:41:270,0.000000,0.000000,4,-122.08,-122.08,0,0,
09/24/2026,09:45:41:331,0.000000,0.000000,1,-117.02,-117.02,0,0,
09/24/2026,09:45:41:377,0.000000,0.000000,2,-115.99,-115.99,0,0,
09/24/2026,09:45:41:433,0.000000,0.000000,3,-83.5,-83.5,0,0,
09/24/2026,09:45:41:480,0.000000,0.000000,4,-121.93,-121.93,0,0,
09/24/2026,09:45:41:549,0.000000,0.000000,1,-116.82,-116.82,0,0,
09/24/2026,09:45:41:591,0.000000,0.000000,2,-118.86,-118.86,0,0,
09/24/2026,09:45:41:641,0.000000,0.000000,3,-77.49,-77.49,0,0,
09/24/2026,09:45:41:693,0.000000,0.000000,4,-120.73,-120.73,0,0,
09/24/2026,09:45:41:782,0.000000,0.000000,1,-120.99,-120.99,0,0,
09/24/2026,09:45:41:797,0.000000,0.000000,2,-117.86,-117.86,0,0,
09/24/2026,09:45:41:861,0.000000,0.000000,3,-101.96,-101.96,0,0,
09/24/2026,09:45:41:910,0.000000,0.000000,4,-124.04,-124.04,0,0,
09/24/2026,09:45:41:964,0.000000,0.000000,1,-118.15,-118.15,0,0,
09/24/2026,09:45:42:009,0.000000,0.000000,2,-117.78,-117.78,0,0,
09/24/2026,09:45:42:066,0.000000,0.000000,3,-87.56,-87.56,0,0,
09/24/2026,09:45:42:133,0.000000,0.000000,4,-124.73,-124.73,0,0,
09/24/2026,09:45:42:170,0.000000,0.000000,1,-121.55,-121.55,0,0,
09/24/2026,09:45:42:244,0.000000,0.000000,2,-116.94,-116.94,0,0,
09/24/2026,09:45:42:291,0.000000,0.000000,3,-88.83,-88.83,0,0,
09/24/2026,09:45:42:328,0.000000,0.000000,4,-122.43,-122.43,0,0,
09/24/2026,09:45:42:379,0.000000,0.000000,1,-118.38,-118.38,0,0,
09/24/2026,09:45:42:453,0.000000,0.000000,2,-118.15,-118.15,0,0,
09/24/2026,09:45:42:505,0.000000,0.000000,3,-100.98,-100.98,0,0,
09/24/2026,09:45:42:544,0.000000,0.000000,4,-122.64,-122.64,0,0,
09/24/2026,09:45:42:587,0.000000,0.000000,1,-116.96,-116.96,0,0,
09/24/2026,09:45:42:641,0.000000,0.000000,2,-118.85,-118.85,0,0,
09/24/2026,09:45:42:695,0.000000,0.000000,3,-83.78,-83.78,0,0,
09/24/2026,09:45:42:747,0.000000,0.000000,4,-121.59,-121.59,0,0,
09/24/2026,09:45:42:800,0.000000,0.000000,1,-114.51,-114.51,0,0,
09/24/2026,09:45:42:854,0.000000,0.000000,2,-116.59,-116.59,0,0,
09/24/2026,09:45:42:916,0.000000,0.000000,3,-78.67,-78.67,0,0,
09/24/2026,09:45:42:958,0.000000,0.000000,4,-121.57,-121.57,0,0,
09/24/2026,09:45:43:018,0.000000,0.000000,1,-117.17,-117.17,0,0,
09/24/2026,09:45:43:065,0.000000,0.000000,2,-117.18,-117.18,0,0,
09/24/2026,09:45:43:118,0.000000,0.000000,3,-80.33,-80.33,0,0,
09/24/2026,09:45:43:178,0.000000,0.000000,4,-120.05,-120.05,0,0,
09/24/2026,09:45:43:230,0.000000,0.000000,1,-125.06,-125.06,0,0,
09/24/2026,09:45:43:292,0.000000,0.000000,2,-117.43,-117.43,0,0,
09/24/2026,09:45:43:325,0.000000,0.000000,3,-80.83,-80.83,0,0,
09/24/2026,09:45:43:392,0.000000,0.000000,4,-122.51,-122.51,0,0,
09/24/2026,09:45:43:441,0.000000,0.000000,1,-118.03,-118.03,0,0,
09/24/2026,09:45:43:490,0.000000,0.000000,2,-118.38,-118.38,0,0,
09/24/2026,09:45:43:537,0.000000,0.000000,3,-98.76,-98.76,0,0,
09/24/2026,09:45:43:589,0.000000,0.000000,4,-119.6,-119.6,0,0,
09/24/2026,09:45:43:652,0.000000,0.000000,1,-118.34,-118.34,0,0,
09/24/2026,09:45:43:694,0.000000,0.000000,2,-116.14,-116.14,0,0,
09/24/2026,09:45:43:860,0.000000,0.000000,3,-88.92,-88.92,0,0,
09/24/2026,09:45:43:871,0.000000,0.000000,4,-122.05,-122.05,0,0,
09/24/2026,09:45:43:882,0.000000,0.000000,1,-117.52,-117.52,0,0,
09/24/2026,09:45:43:905,0.000000,0.000000,2,-118.06,-118.06,0,0,
09/24/2026,09:45:43:973,0.000000,0.000000,3,-93.63,-93.63,0,0,
09/24/2026,09:45:44:024,0.000000,0.000000,4,-111.66,-111.66,0,0,
09/24/2026,09:45:44:071,0.000000,0.000000,1,-114.8,-114.8,0,0,
09/24/2026,09:45:44:117,0.000000,0.000000,2,-115.7,-115.7,0,0,
09/24/2026,09:45:44:185,0.000000,0.000000,3,-84.54,-84.54,0,0,
09/24/2026,09:45:44:233,0.000000,0.000000,4,-121.12,-121.12,0,0,
09/24/2026,09:45:44:276,0.000000,0.000000,1,-118.3,-118.3,0,0,
09/24/2026,09:45:44:329,0.000000,0.000000,2,-117.67,-117.67,0,0,
09/24/2026,09:45:44:382,0.000000,0.000000,3,-78.8,-78.8,0,0,
09/24/2026,09:45:44:436,0.000000,0.000000,4,-120.55,-120.55,0,0,
09/24/2026,09:45:44:490,0.000000,0.000000,1,-117.7,-117.7,0,0,
09/24/2026,09:45:44:548,0.000000,0.000000,2,-118.49,-118.49,0,0,
09/24/2026,09:45:44:607,0.000000,0.000000,3,-78,-78,0,0,
09/24/2026,09:45:44:649,0.000000,0.000000,4,-80.15,-80.15,0,0,
09/24/2026,09:45:44:701,0.000000,0.000000,1,-117.55,-117.55,0,0,
09/24/2026,09:45:44:780,0.000000,0.000000,2,-118.85,-118.85,0,0,
09/24/2026,09:45:44:802,0.000000,0.000000,3,-93.58,-93.58,0,0,
09/24/2026,09:45:44:858,0.000000,0.000000,4,-93.52,-93.52,0,0,
09/24/2026,09:45:44:919,0.000000,0.000000,1,-118.07,-118.07,0,0,
09/24/2026,09:45:44:966,0.000000,0.000000,2,-117.81,-117.81,0,0,
09/24/2026,09:45:45:035,0.000000,0.000000,3,-90.75,-90.75,0,0,
09/24/2026,09:45:45:075,0.000000,0.000000,4,-82.04,-82.04,0,0,
09/24/2026,09:45:45:118,0.000000,0.000000,1,-117.99,-117.99,0,0,
09/24/2026,09:45:45:171,0.000000,0.000000,2,-118.96,-118.96,0,0,
09/24/2026,09:45:45:238,0.000000,0.000000,3,-83.99,-83.99,0,0,
09/24/2026,09:45:45:296,0.000000,0.000000,4,-83.62,-83.62,0,0,
09/24/2026,09:45:45:329,0.000000,0.000000,1,-117.66,-117.66,0,0,
09/24/2026,09:45:45:384,0.000000,0.000000,2,-117.6,-117.6,0,0,
09/24/2026,09:45:45:435,0.000000,0.000000,3,-90.74,-90.74,0,0,
09/24/2026,09:45:45:495,0.000000,0.000000,4,-101.59,-101.59,0,0,
09/24/2026,09:45:45:543,0.000000,0.000000,1,-118.7,-118.7,0,0,
09/24/2026,09:45:45:617,0.000000,0.000000,2,-115.33,-115.33,0,0,
09/24/2026,09:45:45:656,0.000000,0.000000,3,-83.81,-83.81,0,0,
09/24/2026,09:45:45:705,0.000000,0.000000,4,-84.32,-84.32,0,0,
09/24/2026,09:45:45:758,0.000000,0.000000,1,-122.96,-122.96,0,0,
09/24/2026,09:45:45:833,0.000000,0.000000,2,-117.17,-117.17,0,0,
09/24/2026,09:45:45:878,0.000000,0.000000,3,-90.24,-90.24,0,0,
09/24/2026,09:45:45:933,0.000000,0.000000,4,-95.39,-95.39,0,0,
09/24/2026,09:45:45:981,0.000000,0.000000,1,-118.66,-118.66,0,0,
09/24/2026,09:45:46:062,0.000000,0.000000,2,-117.23,-117.23,0,0,
09/24/2026,09:45:46:116,0.000000,0.000000,3,-97.36,-97.36,0,0,
09/24/2026,09:45:46:158,0.000000,0.000000,4,-97,-97,0,0,
09/24/2026,09:45:46:190,0.000000,0.000000,1,-120.47,-120.47,0,0,
09/24/2026,09:45:46:232,0.000000,0.000000,2,-119.32,-119.32,0,0,
09/24/2026,09:45:46:293,0.000000,0.000000,3,-81.72,-81.72,0,0,
09/24/2026,09:45:46:341,0.000000,0.000000,4,-90.42,-90.42,0,0,
09/24/2026,09:45:46:386,0.000000,0.000000,1,-120.25,-120.25,0,0,
09/24/2026,09:45:46:447,0.000000,0.000000,2,-118.46,-118.46,0,0,
09/24/2026,09:45:46:494,0.000000,0.000000,3,-79.1,-79.1,0,0,
09/24/2026,09:45:46:546,0.000000,0.000000,4,-88.1,-88.1,0,0,
09/24/2026,09:45:46:599,0.000000,0.000000,1,-118.08,-118.08,0,0,
09/24/2026,09:45:46:656,0.000000,0.000000,2,-116.2,-116.2,0,0,
09/24/2026,09:45:46:708,0.000000,0.000000,3,-89.78,-89.78,0,0,
09/24/2026,09:45:46:753,0.000000,0.000000,4,-81.96,-81.96,0,0,
09/24/2026,09:45:46:811,0.000000,0.000000,1,-119.26,-119.26,0,0,
09/24/2026,09:45:46:906,0.000000,0.000000,2,-117.96,-117.96,0,0,
09/24/2026,09:45:46:926,0.000000,0.000000,3,-95.38,-95.38,0,0,
09/24/2026,09:45:46:964,0.000000,0.000000,4,-97.57,-97.57,0,0,
09/24/2026,09:45:47:022,0.000000,0.000000,1,-121.59,-121.59,0,0,
09/24/2026,09:45:47:090,0.000000,0.000000,2,-119.63,-119.63,0,0,
09/24/2026,09:45:47:132,0.000000,0.000000,3,-86.7,-86.7,0,0,
09/24/2026,09:45:47:176,0.000000,0.000000,4,-92.96,-92.96,0,0,
09/24/2026,09:45:47:236,0.000000,0.000000,1,-119.85,-119.85,0,0,
09/24/2026,09:45:47:287,0.000000,0.000000,2,-117.92,-117.92,0,0,
09/24/2026,09:45:47:344,0.000000,0.000000,3,-80.99,-80.99,0,0,
09/24/2026,09:45:47:396,0.000000,0.000000,4,-86.69,-86.69,0,0,
09/24/2026,09:45:47:446,0.000000,0.000000,1,-120.89,-120.89,0,0,
09/24/2026,09:45:47:509,0.000000,0.000000,2,-117.85,-117.85,0,0,
09/24/2026,09:45:47:577,0.000000,0.000000,3,-93.69,-93.69,0,0,
09/24/2026,09:45:47:620,0.000000,0.000000,4,-92.51,-92.51,0,0,
09/24/2026,09:45:47:683,0.000000,0.000000,1,-118.33,-118.33,0,0,
09/24/2026,09:45:47:718,0.000000,0.000000,2,-120.54,-120.54,0,0,
09/24/2026,09:45:47:769,0.000000,0.000000,3,-88.17,-88.17,0,0,
09/24/2026,09:45:47:808,0.000000,0.000000,4,-90.26,-90.26,0,0,
09/24/2026,09:45:47:890,0.000000,0.000000,1,-119.66,-119.66,0,0,
09/24/2026,09:45:47:933,0.000000,0.000000,2,-119.52,-119.52,0,0,
09/24/2026,09:45:47:974,0.000000,0.000000,3,-95.5,-95.5,0,0,
09/24/2026,09:45:48:024,0.000000,0.000000,4,-89.61,-89.61,0,0,
09/24/2026,09:45:48:072,0.000000,0.000000,1,-119.99,-119.99,0,0,
09/24/2026,09:45:48:133,0.000000,0.000000,2,-119.57,-119.57,0,0,
09/24/2026,09:45:48:191,0.000000,0.000000,3,-93.99,-93.99,0,0,
09/24/2026,09:45:48:237,0.000000,0.000000,4,-83.38,-83.38,0,0,
09/24/2026,09:45:48:282,0.000000,0.000000,1,-115.47,-115.47,0,0,
09/24/2026,09:45:48:341,0.000000,0.000000,2,-118.65,-118.65,0,0,
09/24/2026,09:45:48:388,0.000000,0.000000,3,-118.11,-118.11,0,0,
09/24/2026,09:45:48:441,0.000000,0.000000,4,-75.91,-75.91,0,0,
09/24/2026,09:45:48:494,0.000000,0.000000,1,-106.35,-106.35,0,0,
09/24/2026,09:45:48:553,0.000000,0.000000,2,-111.18,-111.18,0,0,
09/24/2026,09:45:48:620,0.000000,0.000000,3,-74.32,-74.32,0,0,
09/24/2026,09:45:48:654,0.000000,0.000000,4,-82.24,-82.24,0,0,
09/24/2026,09:45:48:705,0.000000,0.000000,1,-114.39,-114.39,0,0,
09/24/2026,09:45:48:767,0.000000,0.000000,2,-113.91,-113.91,0,0,
09/24/2026,09:45:48:815,0.000000,0.000000,3,-66.88,-66.88,0,0,
09/24/2026,09:45:48:871,0.000000,0.000000,4,-67.22,-67.22,0,0,
09/24/2026,09:45:49:003,0.000000,0.000000,1,-103.19,-103.19,0,0,
09/24/2026,09:45:49:016,0.000000,0.000000,2,-108.55,-108.55,0,0,
09/24/2026,09:45:49:039,0.000000,0.000000,3,-70.65,-70.65,0,0,
09/24/2026,09:45:49:075,0.000000,0.000000,4,-69.61,-69.61,0,0,
09/24/2026,09:45:49:138,0.000000,0.000000,1,-104.18,-104.18,0,0,
09/24/2026,09:45:49:181,0.000000,0.000000,2,-106.1,-106.1,0,0,
09/24/2026,09:45:49:234,0.000000,0.000000,3,-69.71,-69.71,0,0,
09/24/2026,09:45:49:286,0.000000,0.000000,4,-70.83,-70.83,0,0,
09/24/2026,09:45:49:344,0.000000,0.000000,1,-117.93,-117.93,0,0,
09/24/2026,09:45:49:411,0.000000,0.000000,2,-115.47,-115.47,0,0,
09/24/2026,09:45:49:462,0.000000,0.000000,3,-71.41,-71.41,0,0,
09/24/2026,09:45:49:503,0.000000,0.000000,4,-70.62,-70.62,0,0,
09/24/2026,09:45:49:562,0.000000,0.000000,1,-112.13,-112.13,0,0,
09/24/2026,09:45:49:603,0.000000,0.000000,2,-106.89,-106.89,0,0,
09/24/2026,09:45:49:677,0.000000,0.000000,3,-72.44,-72.44,0,0,
09/24/2026,09:45:49:720,0.000000,0.000000,4,-69.21,-69.21,0,0,
09/24/2026,09:45:49:760,0.000000,0.000000,1,-111.97,-111.97,0,0,
09/24/2026,09:45:49:818,0.000000,0.000000,2,-107.41,-107.41,0,0,
09/24/2026,09:45:49:867,0.000000,0.000000,3,-82.25,-82.25,0,0,
09/24/2026,09:45:49:918,0.000000,0.000000,4,-72.13,-72.13,0,0,
09/24/2026,09:45:49:971,0.000000,0.000000,1,-110.37,-110.37,0,0,
09/24/2026,09:45:50:040,0.000000,0.000000,2,-110.18,-110.18,0,0,
09/24/2026,09:45:50:076,0.000000,0.000000,3,-74.13,-74.13,0,0,
09/24/2026,09:45:50:136,0.000000,0.000000,4,-72.33,-72.33,0,0,
09/24/2026,09:45:50:185,0.000000,0.000000,1,-105.82,-105.82,0,0,
09/24/2026,09:45:50:240,0.000000,0.000000,2,-115.29,-115.29,0,0,
09/24/2026,09:45:50:287,0.000000,0.000000,3,-64.37,-64.37,0,0,
09/24/2026,09:45:50:348,0.000000,0.000000,4,-71.6,-71.6,0,0,
09/24/2026,09:45:50:396,0.000000,0.000000,1,-108.67,-108.67,0,0,
09/24/2026,09:45:50:444,0.000000,0.000000,2,-109.19,-109.19,0,0,
09/24/2026,09:45:50:498,0.000000,0.000000,3,-70.36,-70.36,0,0,
09/24/2026,09:45:50:555,0.000000,0.000000,4,-70.64,-70.64,0,0,
09/24/2026,09:45:50:617,0.000000,0.000000,1,-105.36,-105.36,0,0,
09/24/2026,09:45:50:656,0.000000,0.000000,2,-109.8,-109.8,0,0,
09/24/2026,09:45:50:723,0.000000,0.000000,3,-70.76,-70.76,0,0,
09/24/2026,09:45:50:780,0.000000,0.000000,4,-76.27,-76.27,0,0,
09/24/2026,09:45:50:826,0.000000,0.000000,1,-111.31,-111.31,0,0,
09/24/2026,09:45:50:877,0.000000,0.000000,2,-115.54,-115.54,0,0,
09/24/2026,09:45:50:929,0.000000,0.000000,3,-73.1,-73.1,0,0,
09/24/2026,09:45:50:973,0.000000,0.000000,4,-75.52,-75.52,0,0,
09/24/2026,09:45:51:034,0.000000,0.000000,1,-106.99,-106.99,0,0,
09/24/2026,09:45:51:085,0.000000,0.000000,2,-115.8,-115.8,0,0,
09/24/2026,09:45:51:136,0.000000,0.000000,3,-77.44,-77.44,0,0,
09/24/2026,09:45:51:190,0.000000,0.000000,4,-74.45,-74.45,0,0,
09/24/2026,09:45:51:274,0.000000,0.000000,1,-116.03,-116.03,0,0,
09/24/2026,09:45:51:291,0.000000,0.000000,2,-117.15,-117.15,0,0,
09/24/2026,09:45:51:366,0.000000,0.000000,3,-116.88,-116.88,0,0,
09/24/2026,09:45:51:403,0.000000,0.000000,4,-76.87,-76.87,0,0,
09/24/2026,09:45:51:448,0.000000,0.000000,1,-113.32,-113.32,0,0,
09/24/2026,09:45:51:534,0.000000,0.000000,2,-111.06,-111.06,0,0,
09/24/2026,09:45:51:581,0.000000,0.000000,3,-84.27,-84.27,0,0,
09/24/2026,09:45:51:632,0.000000,0.000000,4,-72.7,-72.7,0,0,
09/24/2026,09:45:51:662,0.000000,0.000000,1,-113.91,-113.91,0,0,
09/24/2026,09:45:51:713,0.000000,0.000000,2,-112.45,-112.45,0,0,
09/24/2026,09:45:51:767,0.000000,0.000000,3,-76.85,-76.85,0,0,
09/24/2026,09:45:51:824,0.000000,0.000000,4,-73.49,-73.49,0,0,
09/24/2026,09:45:51:873,0.000000,0.000000,1,-108.1,-108.1,0,0,
09/24/2026,09:45:51:931,0.000000,0.000000,2,-116.65,-116.65,0,0,
09/24/2026,09:45:51:978,0.000000,0.000000,3,-68.39,-68.39,0,0,
09/24/2026,09:45:52:035,0.000000,0.000000,4,-78.05,-78.05,0,0,
09/24/2026,09:45:52:082,0.000000,0.000000,1,-117.08,-117.08,0,0,
09/24/2026,09:45:52:140,0.000000,0.000000,2,-115.89,-115.89,0,0,
09/24/2026,09:45:52:192,0.000000,0.000000,3,-77.16,-77.16,0,0,
09/24/2026,09:45:52:251,0.000000,0.000000,4,-83.44,-83.44,0,0,
09/24/2026,09:45:52:294,0.000000,0.000000,1,-108.98,-108.98,0,0,
09/24/2026,09:45:52:357,0.000000,0.000000,2,-116.11,-116.11,0,0,
09/24/2026,09:45:52:415,0.000000,0.000000,3,-63.36,-63.36,0,0,
09/24/2026,09:45:52:456,0.000000,0.000000,4,-75.53,-75.53,0,0,
09/24/2026,09:45:52:509,0.000000,0.000000,1,-112.19,-112.19,0,0,
09/24/2026,09:45:52:554,0.000000,0.000000,2,-113.63,-113.63,0,0,
09/24/2026,09:45:52:617,0.000000,0.000000,3,-83.92,-83.92,0,0,
09/24/2026,09:45:52:666,0.000000,0.000000,4,-77.16,-77.16,0,0,
09/24/2026,09:45:52:721,0.000000,0.000000,1,-112.27,-112.27,0,0,
09/24/2026,09:45:52:770,0.000000,0.000000,2,-116.14,-116.14,0,0,
09/24/2026,09:45:52:819,0.000000,0.000000,3,-69.44,-69.44,0,0,
09/24/2026,09:45:52:888,0.000000,0.000000,4,-76.94,-76.94,0,0,
09/24/2026,09:45:52:932,0.000000,0.000000,1,-113.9,-113.9,0,0,
09/24/2026,09:45:52:989,0.000000,0.000000,2,-116.11,-116.11,0,0,
09/24/2026,09:45:53:036,0.000000,0.000000,3,-73.64,-73.64,0,0,
09/24/2026,09:45:53:084,0.000000,0.000000,4,-76.44,-76.44,0,0,
09/24/2026,09:45:53:137,0.000000,0.000000,1,-113.05,-113.05,0,0,
09/24/2026,09:45:53:190,0.000000,0.000000,2,-118.13,-118.13,0,0,
09/24/2026,09:45:53:250,0.000000,0.000000,3,-73.77,-73.77,0,0,
09/24/2026,09:45:53:294,0.000000,0.000000,4,-81.81,-81.81,0,0,
09/24/2026,09:45:53:349,0.000000,0.000000,1,-120.64,-120.64,0,0,
09/24/2026,09:45:53:417,0.000000,0.000000,2,-120.18,-120.18,0,0,
09/24/2026,09:45:53:463,0.000000,0.000000,3,-71.52,-71.52,0,0,
09/24/2026,09:45:53:506,0.000000,0.000000,4,-89.8,-89.8,0,0,
09/24/2026,09:45:53:587,0.000000,0.000000,1,-115.24,-115.24,0,0,
09/24/2026,09:45:53:642,0.000000,0.000000,2,-118.21,-118.21,0,0,
09/24/2026,09:45:53:676,0.000000,0.000000,3,-87.29,-87.29,0,0,
09/24/2026,09:45:53:725,0.000000,0.000000,4,-102.06,-102.06,0,0,
09/24/2026,09:45:53:768,0.000000,0.000000,1,-116.01,-116.01,0,0,
09/24/2026,09:45:53:824,0.000000,0.000000,2,-118.55,-118.55,0,0,
09/24/2026,09:45:53:873,0.000000,0.000000,3,-119.53,-119.53,0,0,
09/24/2026,09:45:53:975,0.000000,0.000000,4,-89.73,-89.73,0,0,
09/24/2026,09:45:53:988,0.000000,0.000000,1,-121.25,-121.25,0,0,
09/24/2026,09:45:54:141,0.000000,0.000000,2,-118.83,-118.83,0,0,
09/24/2026,09:45:54:160,0.000000,0.000000,3,-93.91,-93.91,0,0,
09/24/2026,09:45:54:190,0.000000,0.000000,4,-85.41,-85.41,0,0,
09/24/2026,09:45:54:208,0.000000,0.000000,1,-115.38,-115.38,0,0,
09/24/2026,09:45:54:254,0.000000,0.000000,2,-118.12,-118.12,0,0,
09/24/2026,09:45:54:299,0.000000,0.000000,3,-81.59,-81.59,0,0,
09/24/2026,09:45:54:348,0.000000,0.000000,4,-83.03,-83.03,0,0,
09/24/2026,09:45:54:406,0.000000,0.000000,1,-116.74,-116.74,0,0,
09/24/2026,09:45:54:454,0.000000,0.000000,2,-118.09,-118.09,0,0,
09/24/2026,09:45:54:512,0.000000,0.000000,3,-72.67,-72.67,0,0,
09/24/2026,09:45:54:565,0.000000,0.000000,4,-91.37,-91.37,0,0,
09/24/2026,09:45:54:614,0.000000,0.000000,1,-118.31,-118.31,0,0,
09/24/2026,09:45:54:671,0.000000,0.000000,2,-117.62,-117.62,0,0,
09/24/2026,09:45:54:724,0.000000,0.000000,3,-94.34,-94.34,0,0,
09/24/2026,09:45:54:778,0.000000,0.000000,4,-82.5,-82.5,0,0,
09/24/2026,09:45:54:825,0.000000,0.000000,1,-114.08,-114.08,0,0,
09/24/2026,09:45:54:884,0.000000,0.000000,2,-115.14,-115.14,0,0,
09/24/2026,09:45:54:968,0.000000,0.000000,3,-91.19,-91.19,0,0,
09/24/2026,09:45:54:994,0.000000,0.000000,4,-76.89,-76.89,0,0,
09/24/2026,09:45:55:034,0.000000,0.000000,1,-117.18,-117.18,0,0,
09/24/2026,09:45:55:089,0.000000,0.000000,2,-115.62,-115.62,0,0,
09/24/2026,09:45:55:144,0.000000,0.000000,3,-73.32,-73.32,0,0,
09/24/2026,09:45:55:204,0.000000,0.000000,4,-81.83,-81.83,0,0,
09/24/2026,09:45:55:248,0.000000,0.000000,1,-113.05,-113.05,0,0,
09/24/2026,09:45:55:296,0.000000,0.000000,2,-112.26,-112.26,0,0,
09/24/2026,09:45:55:380,0.000000,0.000000,3,-78.41,-78.41,0,0,
09/24/2026,09:45:55:417,0.000000,0.000000,4,-81.22,-81.22,0,0,
09/24/2026,09:45:55:457,0.000000,0.000000,1,-115.06,-115.06,0,0,
09/24/2026,09:45:55:535,0.000000,0.000000,2,-110.19,-110.19,0,0,
09/24/2026,09:45:55:582,0.000000,0.000000,3,-76.95,-76.95,0,0,
09/24/2026,09:45:55:616,0.000000,0.000000,4,-75.59,-75.59,0,0,
09/24/2026,09:45:55:666,0.000000,0.000000,1,-114.95,-114.95,0,0,
09/24/2026,09:45:55:720,0.000000,0.000000,2,-111.22,-111.22,0,0,
09/24/2026,09:45:55:778,0.000000,0.000000,3,-74.2,-74.2,0,0,
09/24/2026,09:45:55:847,0.000000,0.000000,4,-76.5,-76.5,0,0,
09/24/2026,09:45:55:880,0.000000,0.000000,1,-102.87,-102.87,0,0,
09/24/2026,09:45:55:940,0.000000,0.000000,2,-111.57,-111.57,0,0,
09/24/2026,09:45:55:982,0.000000,0.000000,3,-74.02,-74.02,0,0,
09/24/2026,09:45:56:038,0.000000,0.000000,4,-70.91,-70.91,0,0,
09/24/2026,09:45:56:094,0.000000,0.000000,1,-117.37,-117.37,0,0,
09/24/2026,09:45:56:155,0.000000,0.000000,2,-114.56,-114.56,0,0,
09/24/2026,09:45:56:197,0.000000,0.000000,3,-80.24,-80.24,0,0,
09/24/2026,09:45:56:253,0.000000,0.000000,4,-76.23,-76.23,0,0,
09/24/2026,09:45:56:297,0.000000,0.000000,1,-114.48,-114.48,0,0,
09/24/2026,09:45:56:355,0.000000,0.000000,2,-112.88,-112.88,0,0,
09/24/2026,09:45:56:407,0.000000,0.000000,3,-69.33,-69.33,0,0,
09/24/2026,09:45:56:476,0.000000,0.000000,4,-90.52,-90.52,0,0,
09/24/2026,09:45:56:540,0.000000,0.000000,1,-110.79,-110.79,0,0,
09/24/2026,09:45:56:562,0.000000,0.000000,2,-115.67,-115.67,0,0,
09/24/2026,09:45:56:615,0.000000,0.000000,3,-73.18,-73.18,0,0,
09/24/2026,09:45:56:672,0.000000,0.000000,4,-90.39,-90.39,0,0,
09/24/2026,09:45:56:734,0.000000,0.000000,1,-115,-115,0,0,
09/24/2026,09:45:56:787,0.000000,0.000000,2,-116.77,-116.77,0,0,
09/24/2026,09:45:56:840,0.000000,0.000000,3,-74.04,-74.04,0,0,
09/24/2026,09:45:56:885,0.000000,0.000000,4,-74.76,-74.76,0,0,
09/24/2026,09:45:56:942,0.000000,0.000000,1,-112.09,-112.09,0,0,
09/24/2026,09:45:56:984,0.000000,0.000000,2,-112.67,-112.67,0,0,
09/24/2026,09:45:57:070,0.000000,0.000000,3,-91.49,-91.49,0,0,
09/24/2026,09:45:57:115,0.000000,0.000000,4,-80.6,-80.6,0,0,
09/24/2026,09:45:57:161,0.000000,0.000000,1,-119.51,-119.51,0,0,
09/24/2026,09:45:57:199,0.000000,0.000000,2,-114.45,-114.45,0,0,
09/24/2026,09:45:57:253,0.000000,0.000000,3,-68.77,-68.77,0,0,
09/24/2026,09:45:57:334,0.000000,0.000000,4,-80.77,-80.77,0,0,
09/24/2026,09:45:57:384,0.000000,0.000000,1,-115.28,-115.28,0,0,
09/24/2026,09:45:57:421,0.000000,0.000000,2,-117.33,-117.33,0,0,
09/24/2026,09:45:57:461,0.000000,0.000000,3,-70.36,-70.36,0,0,
09/24/2026,09:45:57:518,0.000000,0.000000,4,-80.46,-80.46,0,0,
09/24/2026,09:45:57:569,0.000000,0.000000,1,-109.26,-109.26,0,0,
09/24/2026,09:45:57:621,0.000000,0.000000,2,-119.21,-119.21,0,0,
09/24/2026,09:45:57:675,0.000000,0.000000,3,-78.75,-78.75,0,0,
09/24/2026,09:45:57:726,0.000000,0.000000,4,-83.96,-83.96,0,0,
09/24/2026,09:45:57:778,0.000000,0.000000,1,-110.99,-110.99,0,0,
09/24/2026,09:45:57:833,0.000000,0.000000,2,-113.14,-113.14,0,0,
09/24/2026,09:45:57:893,0.000000,0.000000,3,-90.34,-90.34,0,0,
09/24/2026,09:45:57:933,0.000000,0.000000,4,-83.43,-83.43,0,0,
09/24/2026,09:45:57:989,0.000000,0.000000,1,-113.61,-113.61,0,0,
09/24/2026,09:45:58:050,0.000000,0.000000,2,-117.07,-117.07,0,0,
09/24/2026,09:45:58:093,0.000000,0.000000,3,-69.36,-69.36,0,0,
09/24/2026,09:45:58:143,0.000000,0.000000,4,-75.74,-75.74,0,0,
09/24/2026,09:45:58:197,0.000000,0.000000,1,-114.45,-114.45,0,0,
09/24/2026,09:45:58:254,0.000000,0.000000,2,-113.35,-113.35,0,0,
09/24/2026,09:45:58:313,0.000000,0.000000,3,-85.64,-85.64,0,0,
09/24/2026,09:45:58:368,0.000000,0.000000,4,-86.29,-86.29,0,0,
09/24/2026,09:45:58:421,0.000000,0.000000,1,-118.63,-118.63,0,0,
09/24/2026,09:45:58:477,0.000000,0.000000,2,-118.02,-118.02,0,0,
09/24/2026,09:45:58:527,0.000000,0.000000,3,-82.31,-82.31,0,0,
09/24/2026,09:45:58:569,0.000000,0.000000,4,-79.34,-79.34,0,0,
09/24/2026,09:45:58:621,0.000000,0.000000,1,-118.48,-118.48,0,0,
09/24/2026,09:45:58:670,0.000000,0.000000,2,-117.05,-117.05,0,0,
09/24/2026,09:45:58:737,0.000000,0.000000,3,-78.59,-78.59,0,0,
09/24/2026,09:45:58:777,0.000000,0.000000,4,-76.21,-76.21,0,0,
09/24/2026,09:45:58:840,0.000000,0.000000,1,-111.6,-111.6,0,0,
09/24/2026,09:45:58:887,0.000000,0.000000,2,-114.28,-114.28,0,0,
09/24/2026,09:45:58:942,0.000000,0.000000,3,-88.23,-88.23,0,0,
09/24/2026,09:45:58:995,0.000000,0.000000,4,-95.39,-95.39,0,0,
09/24/2026,09:45:59:057,0.000000,0.000000,1,-113.97,-113.97,0,0,
09/24/2026,09:45:59:117,0.000000,0.000000,2,-116.37,-116.37,0,0,
09/24/2026,09:45:59:163,0.000000,0.000000,3,-75.31,-75.31,0,0,
09/24/2026,09:45:59:289,0.000000,0.000000,4,-78.28,-78.28,0,0,
09/24/2026,09:45:59:324,0.000000,0.000000,1,-117.36,-117.36,0,0,
09/24/2026,09:45:59:338,0.000000,0.000000,2,-114.99,-114.99,0,0,
09/24/2026,09:45:59:389,0.000000,0.000000,3,-82.44,-82.44,0,0,
09/24/2026,09:45:59:422,0.000000,0.000000,4,-80.12,-80.12,0,0,
09/24/2026,09:45:59:463,0.000000,0.000000,1,-117.04,-117.04,0,0,
09/24/2026,09:45:59:517,0.000000,0.000000,2,-117.39,-117.39,0,0,
09/24/2026,09:45:59:582,0.000000,0.000000,3,-93.91,-93.91,0,0,
09/24/2026,09:45:59:622,0.000000,0.000000,4,-90.84,-90.84,0,0,
09/24/2026,09:45:59:683,0.000000,0.000000,1,-118.82,-118.82,0,0,
09/24/2026,09:45:59:740,0.000000,0.000000,2,-114.07,-114.07,0,0,
09/24/2026,09:45:59:781,0.000000,0.000000,3,-80.71,-80.71,0,0,
09/24/2026,09:45:59:836,0.000000,0.000000,4,-77.08,-77.08,0,0,
09/24/2026,09:45:59:883,0.000000,0.000000,1,-114.31,-114.31,0,0,
09/24/2026,09:45:59:941,0.000000,0.000000,2,-114.39,-114.39,0,0,
09/24/2026,09:46:00:004,0.000000,0.000000,3,-121.41,-121.41,0,0,
09/24/2026,09:46:00:044,0.000000,0.000000,4,-82.27,-82.27,0,0,
09/24/2026,09:46:00:117,0.000000,0.000000,1,-117.05,-117.05,0,0,
09/24/2026,09:46:00:156,0.000000,0.000000,2,-116.65,-116.65,0,0,
09/24/2026,09:46:00:210,0.000000,0.000000,3,-84.51,-84.51,0,0,
09/24/2026,09:46:00:261,0.000000,0.000000,4,-78.89,-78.89,0,0,
09/24/2026,09:46:00:307,0.000000,0.000000,1,-118.37,-118.37,0,0,
09/24/2026,09:46:00:383,0.000000,0.000000,2,-116.83,-116.83,0,0,
09/24/2026,09:46:00:418,0.000000,0.000000,3,-84.77,-84.77,0,0,
09/24/2026,09:46:00:469,0.000000,0.000000,4,-87.02,-87.02,0,0,
09/24/2026,09:46:00:525,0.000000,0.000000,1,-115.39,-115.39,0,0,
09/24/2026,09:46:00:596,0.000000,0.000000,2,-115.44,-115.44,0,0,
09/24/2026,09:46:00:696,0.000000,0.000000,3,-76.15,-76.15,0,0,
09/24/2026,09:46:00:738,0.000000,0.000000,4,-78.51,-78.51,0,0,
09/24/2026,09:46:00:776,0.000000,0.000000,1,-117.12,-117.12,0,0,
09/24/2026,09:46:00:818,0.000000,0.000000,2,-115.09,-115.09,0,0,
09/24/2026,09:46:00:833,0.000000,0.000000,3,-75.49,-75.49,0,0,
09/24/2026,09:46:00:901,0.000000,0.000000,4,-80.28,-80.28,0,0,
09/24/2026,09:46:00:983,0.000000,0.000000,1,-119.48,-119.48,0,0,
09/24/2026,09:46:00:997,0.000000,0.000000,2,-117.87,-117.87,0,0,
09/24/2026,09:46:01:048,0.000000,0.000000,3,-84.82,-84.82,0,0,
09/24/2026,09:46:01:108,0.000000,0.000000,4,-79.24,-79.24,0,0,
09/24/2026,09:46:01:160,0.000000,0.000000,1,-112.26,-112.26,0,0,
09/24/2026,09:46:01:214,0.000000,0.000000,2,-117.11,-117.11,0,0,
09/24/2026,09:46:01:262,0.000000,0.000000,3,-79.46,-79.46,0,0,
09/24/2026,09:46:01:309,0.000000,0.000000,4,-86.1,-86.1,0,0,
09/24/2026,09:46:01:361,0.000000,0.000000,1,-120.39,-120.39,0,0,
09/24/2026,09:46:01:416,0.000000,0.000000,2,-118.16,-118.16,0,0,
09/24/2026,09:46:01:476,0.000000,0.000000,3,-80.5,-80.5,0,0,
09/24/2026,09:46:01:531,0.000000,0.000000,4,-83.25,-83.25,0,0,
09/24/2026,09:46:01:574,0.000000,0.000000,1,-112.16,-112.16,0,0,
09/24/2026,09:46:01:628,0.000000,0.000000,2,-115.63,-115.63,0,0,
09/24/2026,09:46:01:677,0.000000,0.000000,3,-77.01,-77.01,0,0,
09/24/2026,09:46:01:754,0.000000,0.000000,4,-84.15,-84.15,0,0,
09/24/2026,09:46:01:787,0.000000,0.000000,1,-116.55,-116.55,0,0,
09/24/2026,09:46:01:834,0.000000,0.000000,2,-114.94,-114.94,0,0,
09/24/2026,09:46:01:896,0.000000,0.000000,3,-80.87,-80.87,0,0,
09/24/2026,09:46:01:959,0.000000,0.000000,4,-95.25,-95.25,0,0,
09/24/2026,09:46:01:992,0.000000,0.000000,1,-117.36,-117.36,0,0,
09/24/2026,09:46:02:047,0.000000,0.000000,2,-117.2,-117.2,0,0,
09/24/2026,09:46:02:098,0.000000,0.000000,3,-83.32,-83.32,0,0,
09/24/2026,09:46:02:170,0.000000,0.000000,4,-86.94,-86.94,0,0,
09/24/2026,09:46:02:212,0.000000,0.000000,1,-119.91,-119.91,0,0,
09/24/2026,09:46:02:271,0.000000,0.000000,2,-115.43,-115.43,0,0,
09/24/2026,09:46:02:310,0.000000,0.000000,3,-81.29,-81.29,0,0,
09/24/2026,09:46:02:366,0.000000,0.000000,4,-81.17,-81.17,0,0,
09/24/2026,09:46:02:425,0.000000,0.000000,1,-119.46,-119.46,0,0,
09/24/2026,09:46:02:469,0.000000,0.000000,2,-115.16,-115.16,0,0,
09/24/2026,09:46:02:520,0.000000,0.000000,3,-103.27,-103.27,0,0,
09/24/2026,09:46:02:577,0.000000,0.000000,4,-80.27,-80.27,0,0,
09/24/2026,09:46:02:627,0.000000,0.000000,1,-121.01,-121.01,0,0,
09/24/2026,09:46:02:682,0.000000,0.000000,2,-116.79,-116.79,0,0,
09/24/2026,09:46:02:731,0.000000,0.000000,3,-77.13,-77.13,0,0,
09/24/2026,09:46:02:812,0.000000,0.000000,4,-80.31,-80.31,0,0,
09/24/2026,09:46:02:858,0.000000,0.000000,1,-119.37,-119.37,0,0,
09/24/2026,09:46:02:895,0.000000,0.000000,2,-118.21,-118.21,0,0,
09/24/2026,09:46:02:947,0.000000,0.000000,3,-85.3,-85.3,0,0,
09/24/2026,09:46:03:024,0.000000,0.000000,4,-92.15,-92.15,0,0,
09/24/2026,09:46:03:065,0.000000,0.000000,1,-120.38,-120.38,0,0,
09/24/2026,09:46:03:111,0.000000,0.000000,2,-116.47,-116.47,0,0,
09/24/2026,09:46:03:157,0.000000,0.000000,3,-92.72,-92.72,0,0,
09/24/2026,09:46:03:212,0.000000,0.000000,4,-88.58,-88.58,0,0,
09/24/2026,09:46:03:258,0.000000,0.000000,1,-119.56,-119.56,0,0,
09/24/2026,09:46:03:319,0.000000,0.000000,2,-117.47,-117.47,0,0,
09/24/2026,09:46:03:369,0.000000,0.000000,3,-122.43,-122.43,0,0,
09/24/2026,09:46:03:421,0.000000,0.000000,4,-90.99,-90.99,0,0,
09/24/2026,09:46:03:473,0.000000,0.000000,1,-119.94,-119.94,0,0,
09/24/2026,09:46:03:536,0.000000,0.000000,2,-117.7,-117.7,0,0,
09/24/2026,09:46:03:579,0.000000,0.000000,3,-96.27,-96.27,0,0,
09/24/2026,09:46:03:633,0.000000,0.000000,4,-85.58,-85.58,0,0,
09/24/2026,09:46:03:692,0.000000,0.000000,1,-121.56,-121.56,0,0,
09/24/2026,09:46:03:749,0.000000,0.000000,2,-120.14,-120.14,0,0,
09/24/2026,09:46:03:816,0.000000,0.000000,3,-85.21,-85.21,0,0,
09/24/2026,09:46:03:840,0.000000,0.000000,4,-81.7,-81.7,0,0,
09/24/2026,09:46:03:894,0.000000,0.000000,1,-120.91,-120.91,0,0,
09/24/2026,09:46:03:945,0.000000,0.000000,2,-119.03,-119.03,0,0,
09/24/2026,09:46:04:008,0.000000,0.000000,3,-80.87,-80.87,0,0,
09/24/2026,09:46:04:055,0.000000,0.000000,4,-89.35,-89.35,0,0,
09/24/2026,09:46:04:126,0.000000,0.000000,1,-119.72,-119.72,0,0,
09/24/2026,09:46:04:158,0.000000,0.000000,2,-120.12,-120.12,0,0,
09/24/2026,09:46:04:218,0.000000,0.000000,3,-92.32,-92.32,0,0,
09/24/2026,09:46:04:261,0.000000,0.000000,4,-89.04,-89.04,0,0,
09/24/2026,09:46:04:431,0.000000,0.000000,1,-120.45,-120.45,0,0,
09/24/2026,09:46:04:440,0.000000,0.000000,2,-119.57,-119.57,0,0,
09/24/2026,09:46:04:453,0.000000,0.000000,3,-82.1,-82.1,0,0,
09/24/2026,09:46:04:494,0.000000,0.000000,4,-92.92,-92.92,0,0,
09/24/2026,09:46:04:528,0.000000,0.000000,1,-119.88,-119.88,0,0,
09/24/2026,09:46:04:601,0.000000,0.000000,2,-119.73,-119.73,0,0,
09/24/2026,09:46:04:649,0.000000,0.000000,3,-82.77,-82.77,0,0,
09/24/2026,09:46:04:693,0.000000,0.000000,4,-82.21,-82.21,0,0,
09/24/2026,09:46:04:742,0.000000,0.000000,1,-113.91,-113.91,0,0,
09/24/2026,09:46:04:819,0.000000,0.000000,2,-116.36,-116.36,0,0,
09/24/2026,09:46:04:892,0.000000,0.000000,3,-85.24,-85.24,0,0,
09/24/2026,09:46:04:911,0.000000,0.000000,4,-77.12,-77.12,0,0,
09/24/2026,09:46:04:958,0.000000,0.000000,1,-121.65,-121.65,0,0,
09/24/2026,09:46:05:004,0.000000,0.000000,2,-116.43,-116.43,0,0,
09/24/2026,09:46:05:063,0.000000,0.000000,3,-77.91,-77.91,0,0,
09/24/2026,09:46:05:113,0.000000,0.000000,4,-84.15,-84.15,0,0,
09/24/2026,09:46:05:161,0.000000,0.000000,1,-118.48,-118.48,0,0,
09/24/2026,09:46:05:211,0.000000,0.000000,2,-118.04,-118.04,0,0,
09/24/2026,09:46:05:264,0.000000,0.000000,3,-85.6,-85.6,0,0,
09/24/2026,09:46:05:328,0.000000,0.000000,4,-97.61,-97.61,0,0,
09/24/2026,09:46:05:372,0.000000,0.000000,1,-119.8,-119.8,0,0,
09/24/2026,09:46:05:441,0.000000,0.000000,2,-116.69,-116.69,0,0,
09/24/2026,09:46:05:493,0.000000,0.000000,3,-102.65,-102.65,0,0,
09/24/2026,09:46:05:534,0.000000,0.000000,4,-85.39,-85.39,0,0,
09/24/2026,09:46:05:591,0.000000,0.000000,1,-119.01,-119.01,0,0,
09/24/2026,09:46:05:637,0.000000,0.000000,2,-117.89,-117.89,0,0,
09/24/2026,09:46:05:696,0.000000,0.000000,3,-84,-84,0,0,
09/24/2026,09:46:05:743,0.000000,0.000000,4,-89.23,-89.23,0,0,
09/24/2026,09:46:05:793,0.000000,0.000000,1,-119.16,-119.16,0,0,
09/24/2026,09:46:05:850,0.000000,0.000000,2,-117.73,-117.73,0,0,
09/24/2026,09:46:05:899,0.000000,0.000000,3,-91.62,-91.62,0,0,
09/24/2026,09:46:05:953,0.000000,0.000000,4,-97.42,-97.42,0,0,
09/24/2026,09:46:06:000,0.000000,0.000000,1,-117.67,-117.67,0,0,
09/24/2026,09:46:06:057,0.000000,0.000000,2,-118.25,-118.25,0,0,
09/24/2026,09:46:06:113,0.000000,0.000000,3,-95.95,-95.95,0,0,
09/24/2026,09:46:06:164,0.000000,0.000000,4,-93.1,-93.1,0,0,
09/24/2026,09:46:06:222,0.000000,0.000000,1,-117.86,-117.86,0,0,
09/24/2026,09:46:06:287,0.000000,0.000000,2,-117.97,-117.97,0,0,
09/24/2026,09:46:06:336,0.000000,0.000000,3,-85.01,-85.01,0,0,
09/24/2026,09:46:06:380,0.000000,0.000000,4,-121.97,-121.97,0,0,
09/24/2026,09:46:06:477,0.000000,0.000000,1,-118.89,-118.89,0,0,
09/24/2026,09:46:06:525,0.000000,0.000000,2,-117.59,-117.59,0,0,
09/24/2026,09:46:06:564,0.000000,0.000000,3,-101.85,-101.85,0,0,
09/24/2026,09:46:06:603,0.000000,0.000000,4,-121.8,-121.8,0,0,
09/24/2026,09:46:06:643,0.000000,0.000000,1,-121.31,-121.31,0,0,
09/24/2026,09:46:06:689,0.000000,0.000000,2,-117.96,-117.96,0,0,
09/24/2026,09:46:06:747,0.000000,0.000000,3,-79.99,-79.99,0,0,
09/24/2026,09:46:06:794,0.000000,0.000000,4,-120.36,-120.36,0,0,
09/24/2026,09:46:06:849,0.000000,0.000000,1,-118.71,-118.71,0,0,
09/24/2026,09:46:06:897,0.000000,0.000000,2,-116.87,-116.87,0,0,
09/24/2026,09:46:06:973,0.000000,0.000000,3,-89.35,-89.35,0,0,
09/24/2026,09:46:07:019,0.000000,0.000000,4,-120.98,-120.98,0,0,
09/24/2026,09:46:07:060,0.000000,0.000000,1,-118.89,-118.89,0,0,
09/24/2026,09:46:07:109,0.000000,0.000000,2,-117.19,-117.19,0,0,
09/24/2026,09:46:07:175,0.000000,0.000000,3,-84.7,-84.7,0,0,
09/24/2026,09:46:07:228,0.000000,0.000000,4,-122.66,-122.66,0,0,
09/24/2026,09:46:07:268,0.000000,0.000000,1,-117.92,-117.92,0,0,
09/24/2026,09:46:07:321,0.000000,0.000000,2,-115.53,-115.53,0,0,
09/24/2026,09:46:07:383,0.000000,0.000000,3,-91.46,-91.46,0,0,
09/24/2026,09:46:07:426,0.000000,0.000000,4,-121.86,-121.86,0,0,
09/24/2026,09:46:07:489,0.000000,0.000000,1,-120.15,-120.15,0,0,
09/24/2026,09:46:07:532,0.000000,0.000000,2,-119.02,-119.02,0,0,
09/24/2026,09:46:07:587,0.000000,0.000000,3,-83.58,-83.58,0,0,
09/24/2026,09:46:07:645,0.000000,0.000000,4,-120.16,-120.16,0,0,
09/24/2026,09:46:07:695,0.000000,0.000000,1,-116.94,-116.94,0,0,
09/24/2026,09:46:07:748,0.000000,0.000000,2,-117.55,-117.55,0,0,
09/24/2026,09:46:07:803,0.000000,0.000000,3,-96.95,-96.95,0,0,
09/24/2026,09:46:07:852,0.000000,0.000000,4,-122.18,-122.18,0,0,
09/24/2026,09:46:07:914,0.000000,0.000000,1,-122.77,-122.77,0,0,
09/24/2026,09:46:07:956,0.000000,0.000000,2,-118.25,-118.25,0,0,
09/24/2026,09:46:08:009,0.000000,0.000000,3,-85.1,-85.1,0,0,
09/24/2026,09:46:08:092,0.000000,0.000000,4,-121.99,-121.99,0,0,
09/24/2026,09:46:08:153,0.000000,0.000000,1,-121.25,-121.25,0,0,
09/24/2026,09:46:08:197,0.000000,0.000000,2,-118.1,-118.1,0,0,
09/24/2026,09:46:08:247,0.000000,0.000000,3,-95.64,-95.64,0,0,
09/24/2026,09:46:08:305,0.000000,0.000000,4,-124.2,-124.2,0,0,
09/24/2026,09:46:08:394,0.000000,0.000000,1,-119.19,-119.19,0,0,
09/24/2026,09:46:08:435,0.000000,0.000000,2,-117.25,-117.25,0,0,
09/24/2026,09:46:08:472,0.000000,0.000000,3,-78.55,-78.55,0,0,
09/24/2026,09:46:08:513,0.000000,0.000000,4,-121.45,-121.45,0,0,
09/24/2026,09:46:08:532,0.000000,0.000000,1,-118.44,-118.44,0,0,
09/24/2026,09:46:08:590,0.000000,0.000000,2,-114.01,-114.01,0,0,
09/24/2026,09:46:08:678,0.000000,0.000000,3,-85.95,-85.95,0,0,
09/24/2026,09:46:08:708,0.000000,0.000000,4,-120.7,-120.7,0,0,
09/24/2026,09:46:08:764,0.000000,0.000000,1,-117.36,-117.36,0,0,
09/24/2026,09:46:08:803,0.000000,0.000000,2,-113.58,-113.58,0,0,
09/24/2026,09:46:08:859,0.000000,0.000000,3,-101.73,-101.73,0,0,
09/24/2026,09:46:08:902,0.000000,0.000000,4,-119.45,-119.45,0,0,
09/24/2026,09:46:08:961,0.000000,0.000000,1,-118.47,-118.47,0,0,
09/24/2026,09:46:09:016,0.000000,0.000000,2,-115,-115,0,0,
09/24/2026,09:46:09:063,0.000000,0.000000,3,-82.41,-82.41,0,0,
09/24/2026,09:46:09:122,0.000000,0.000000,4,-124.37,-124.37,0,0,
09/24/2026,09:46:09:184,0.000000,0.000000,1,-117.84,-117.84,0,0,
09/24/2026,09:46:09:238,0.000000,0.000000,2,-116.16,-116.16,0,0,
09/24/2026,09:46:09:282,0.000000,0.000000,3,-89.24,-89.24,0,0,
09/24/2026,09:46:09:340,0.000000,0.000000,4,-122.21,-122.21,0,0,
09/24/2026,09:46:09:382,0.000000,0.000000,1,-118.28,-118.28,0,0,
09/24/2026,09:46:09:428,0.000000,0.000000,2,-117.7,-117.7,0,0,
09/24/2026,09:46:09:579,0.000000,0.000000,3,-87.84,-87.84,0,0,
09/24/2026,09:46:09:648,0.000000,0.000000,4,-122.91,-122.91,0,0,
09/24/2026,09:46:09:679,0.000000,0.000000,1,-121.47,-121.47,0,0,
09/24/2026,09:46:09:742,0.000000,0.000000,2,-118.02,-118.02,0,0,
09/24/2026,09:46:09:838,0.000000,0.000000,3,-83.52,-83.52,0,0,
09/24/2026,09:46:10:120,0.000000,0.000000,4,-119.23,-119.23,0,0,
09/24/2026,09:46:10:195,0.000000,0.000000,1,-118.44,-118.44,0,0,
09/24/2026,09:46:10:248,0.000000,0.000000,2,-117.44,-117.44,0,0,
09/24/2026,09:46:10:290,0.000000,0.000000,3,-91.87,-91.87,0,0,
09/24/2026,09:46:10:305,0.000000,0.000000,4,-124.85,-124.85,0,0,
09/24/2026,09:46:10:319,0.000000,0.000000,1,-119.23,-119.23,0,0,
09/24/2026,09:46:10:340,0.000000,0.000000,2,-116.22,-116.22,0,0,
09/24/2026,09:46:10:350,0.000000,0.000000,3,-82.02,-82.02,0,0,
09/24/2026,09:46:10:362,0.000000,0.000000,4,-121.33,-121.33,0,0,
09/24/2026,09:46:10:374,0.000000,0.000000,1,-118.07,-118.07,0,0,
09/24/2026,09:46:10:397,0.000000,0.000000,2,-117.97,-117.97,0,0,
09/24/2026,09:46:10:429,0.000000,0.000000,3,-85.64,-85.64,0,0,
09/24/2026,09:46:10:443,0.000000,0.000000,4,-123.47,-123.47,0,0,
09/24/2026,09:46:10:459,0.000000,0.000000,1,-120.38,-120.38,0,0,
09/24/2026,09:46:10:483,0.000000,0.000000,2,-119.36,-119.36,0,0,
09/24/2026,09:46:10:542,0.000000,0.000000,3,-95.67,-95.67,0,0,
09/24/2026,09:46:10:613,0.000000,0.000000,4,-125.19,-125.19,0,0,
09/24/2026,09:46:10:646,0.000000,0.000000,1,-123.4,-123.4,0,0,
09/24/2026,09:46:10:696,0.000000,0.000000,2,-120.67,-120.67,0,0,
09/24/2026,09:46:10:746,0.000000,0.000000,3,-105.67,-105.67,0,0,
09/24/2026,09:46:10:799,0.000000,0.000000,4,-122.96,-122.96,0,0,
09/24/2026,09:46:10:860,0.000000,0.000000,1,-118.75,-118.75,0,0,
09/24/2026,09:46:10:925,0.000000,0.000000,2,-120.3,-120.3,0,0,
09/24/2026,09:46:10:959,0.000000,0.000000,3,-95.8,-95.8,0,0,
09/24/2026,09:46:11:018,0.000000,0.000000,4,-120.73,-120.73,0,0,
09/24/2026,09:46:11:064,0.000000,0.000000,1,-122.08,-122.08,0,0,
09/24/2026,09:46:11:121,0.000000,0.000000,2,-119.69,-119.69,0,0,
09/24/2026,09:46:11:170,0.000000,0.000000,3,-84.45,-84.45,0,0,
09/24/2026,09:46:11:225,0.000000,0.000000,4,-125.06,-125.06,0,0,
09/24/2026,09:46:11:275,0.000000,0.000000,1,-119.12,-119.12,0,0,
09/24/2026,09:46:11:333,0.000000,0.000000,2,-119.37,-119.37,0,0,
09/24/2026,09:46:11:384,0.000000,0.000000,3,-80.27,-80.27,0,0,
09/24/2026,09:46:11:436,0.000000,0.000000,4,-123.1,-123.1,0,0,
09/24/2026,09:46:11:486,0.000000,0.000000,1,-121.16,-121.16,0,0,
09/24/2026,09:46:11:542,0.000000,0.000000,2,-118.59,-118.59,0,0,
09/24/2026,09:46:11:595,0.000000,0.000000,3,-88.15,-88.15,0,0,
09/24/2026,09:46:11:649,0.000000,0.000000,4,-124.41,-124.41,0,0,
09/24/2026,09:46:11:696,0.000000,0.000000,1,-117.72,-117.72,0,0,
09/24/2026,09:46:11:765,0.000000,0.000000,2,-118,-118,0,0,
09/24/2026,09:46:11:807,0.000000,0.000000,3,-87.18,-87.18,0,0,
09/24/2026,09:46:11:864,0.000000,0.000000,4,-123.8,-123.8,0,0,
09/24/2026,09:46:11:919,0.000000,0.000000,1,-118.9,-118.9,0,0,
09/24/2026,09:46:11:960,0.000000,0.000000,2,-119.66,-119.66,0,0,
09/24/2026,09:46:12:033,0.000000,0.000000,3,-88.79,-88.79,0,0,
09/24/2026,09:46:12:078,0.000000,0.000000,4,-123.91,-123.91,0,0,
09/24/2026,09:46:12:118,0.000000,0.000000,1,-120.36,-120.36,0,0,
09/24/2026,09:46:12:205,0.000000,0.000000,2,-119.54,-119.54,0,0,
09/24/2026,09:46:12:247,0.000000,0.000000,3,-91.78,-91.78,0,0,
09/24/2026,09:46:12:290,0.000000,0.000000,4,-126.18,-126.18,0,0,
09/24/2026,09:46:12:331,0.000000,0.000000,1,-124.24,-124.24,0,0,
09/24/2026,09:46:12:388,0.000000,0.000000,2,-120.12,-120.12,0,0,
09/24/2026,09:46:12:444,0.000000,0.000000,3,-87.13,-87.13,0,0,
09/24/2026,09:46:12:487,0.000000,0.000000,4,-122.26,-122.26,0,0,
09/24/2026,09:46:12:539,0.000000,0.000000,1,-121.48,-121.48,0,0,
09/24/2026,09:46:12:594,0.000000,0.000000,2,-118.93,-118.93,0,0,
09/24/2026,09:46:12:645,0.000000,0.000000,3,-94.52,-94.52,0,0,
09/24/2026,09:46:12:728,0.000000,0.000000,4,-124.45,-124.45,0,0,
09/24/2026,09:46:12:754,0.000000,0.000000,1,-120.65,-120.65,0,0,
09/24/2026,09:46:12:805,0.000000,0.000000,2,-120.15,-120.15,0,0,
09/24/2026,09:46:12:863,0.000000,0.000000,3,-88.18,-88.18,0,0,
09/24/2026,09:46:12:913,0.000000,0.000000,4,-124.02,-124.02,0,0,
09/24/2026,09:46:12:969,0.000000,0.000000,1,-122.37,-122.37,0,0,
09/24/2026,09:46:13:023,0.000000,0.000000,2,-120.55,-120.55,0,0,
09/24/2026,09:46:13:075,0.000000,0.000000,3,-93.8,-93.8,0,0,
09/24/2026,09:46:13:135,0.000000,0.000000,4,-121.24,-121.24,0,0,
09/24/2026,09:46:13:187,0.000000,0.000000,1,-119.46,-119.46,0,0,
09/24/2026,09:46:13:231,0.000000,0.000000,2,-116.63,-116.63,0,0,
09/24/2026,09:46:13:281,0.000000,0.000000,3,-84.11,-84.11,0,0,
09/24/2026,09:46:13:338,0.000000,0.000000,4,-121.1,-121.1,0,0,
09/24/2026,09:46:13:396,0.000000,0.000000,1,-119.79,-119.79,0,0,
09/24/2026,09:46:13:439,0.000000,0.000000,2,-115.82,-115.82,0,0,
09/24/2026,09:46:13:511,0.000000,0.000000,3,-99.52,-99.52,0,0,
09/24/2026,09:46:13:541,0.000000,0.000000,4,-122.53,-122.53,0,0,
09/24/2026,09:46:13:601,0.000000,0.000000,1,-119.08,-119.08,0,0,
09/24/2026,09:46:13:662,0.000000,0.000000,2,-117.85,-117.85,0,0,
09/24/2026,09:46:13:701,0.000000,0.000000,3,-94.21,-94.21,0,0,
09/24/2026,09:46:13:792,0.000000,0.000000,4,-122.01,-122.01,0,0,
09/24/2026,09:46:13:830,0.000000,0.000000,1,-119.93,-119.93,0,0,
09/24/2026,09:46:13:877,0.000000,0.000000,2,-118.39,-118.39,0,0,
09/24/2026,09:46:13:923,0.000000,0.000000,3,-97.09,-97.09,0,0,
09/24/2026,09:46:13:966,0.000000,0.000000,4,-124.57,-124.57,0,0,
09/24/2026,09:46:14:018,0.000000,0.000000,1,-119.27,-119.27,0,0,
09/24/2026,09:46:14:080,0.000000,0.000000,2,-118.97,-118.97,0,0,
09/24/2026,09:46:14:124,0.000000,0.000000,3,-91.21,-91.21,0,0,
09/24/2026,09:46:14:186,0.000000,0.000000,4,-125.95,-125.95,0,0,
09/24/2026,09:46:14:230,0.000000,0.000000,1,-122.77,-122.77,0,0,
09/24/2026,09:46:14:291,0.000000,0.000000,2,-119.18,-119.18,0,0,
09/24/2026,09:46:14:333,0.000000,0.000000,3,-87.6,-87.6,0,0,
09/24/2026,09:46:14:386,0.000000,0.000000,4,-124.09,-124.09,0,0,
09/24/2026,09:46:14:454,0.000000,0.000000,1,-118.94,-118.94,0,0,
09/24/2026,09:46:14:494,0.000000,0.000000,2,-118.27,-118.27,0,0,
09/24/2026,09:46:14:548,0.000000,0.000000,3,-83.71,-83.71,0,0,
09/24/2026,09:46:14:597,0.000000,0.000000,4,-124.09,-124.09,0,0,
09/24/2026,09:46:14:719,0.000000,0.000000,1,-121.6,-121.6,0,0,
09/24/2026,09:46:14:735,0.000000,0.000000,2,-115.04,-115.04,0,0,
09/24/2026,09:46:14:757,0.000000,0.000000,3,-85.07,-85.07,0,0,
09/24/2026,09:46:14:808,0.000000,0.000000,4,-122.7,-122.7,0,0,
09/24/2026,09:46:14:863,0.000000,0.000000,1,-119.4,-119.4,0,0,
09/24/2026,09:46:14:924,0.000000,0.000000,2,-116.58,-116.58,0,0,
09/24/2026,09:46:14:968,0.000000,0.000000,3,-124.38,-124.38,0,0,
09/24/2026,09:46:15:036,0.000000,0.000000,4,-122.88,-122.88,0,0,
09/24/2026,09:46:15:082,0.000000,0.000000,1,-119.38,-119.38,0,0,
09/24/2026,09:46:15:135,0.000000,0.000000,2,-116.96,-116.96,0,0,
09/24/2026,09:46:15:178,0.000000,0.000000,3,-92.81,-92.81,0,0,
09/24/2026,09:46:15:258,0.000000,0.000000,4,-122.88,-122.88,0,0,
09/24/2026,09:46:15:291,0.000000,0.000000,1,-119.02,-119.02,0,0,
09/24/2026,09:46:15:335,0.000000,0.000000,2,-115.69,-115.69,0,0,
09/24/2026,09:46:15:388,0.000000,0.000000,3,-96.2,-96.2,0,0,
09/24/2026,09:46:15:445,0.000000,0.000000,4,-122,-122,0,0,
09/24/2026,09:46:15:558,0.000000,0.000000,1,-120.12,-120.12,0,0,
09/24/2026,09:46:15:602,0.000000,0.000000,2,-118.52,-118.52,0,0,
09/24/2026,09:46:15:613,0.000000,0.000000,3,-121.36,-121.36,0,0,
09/24/2026,09:46:15:654,0.000000,0.000000,4,-124.97,-124.97,0,0,
09/24/2026,09:46:15:745,0.000000,0.000000,1,-121.91,-121.91,0,0,
09/24/2026,09:46:15:785,0.000000,0.000000,2,-120.39,-120.39,0,0,
09/24/2026,09:46:15:830,0.000000,0.000000,3,-96.9,-96.9,0,0,
09/24/2026,09:46:15:883,0.000000,0.000000,4,-124.12,-124.12,0,0,
09/24/2026,09:46:15:923,0.000000,0.000000,1,-120.66,-120.66,0,0,
09/24/2026,09:46:15:973,0.000000,0.000000,2,-119.14,-119.14,0,0,
09/24/2026,09:46:16:023,0.000000,0.000000,3,-97.46,-97.46,0,0,
09/24/2026,09:46:16:075,0.000000,0.000000,4,-123.49,-123.49,0,0,
09/24/2026,09:46:16:135,0.000000,0.000000,1,-120.32,-120.32,0,0,
09/24/2026,09:46:16:183,0.000000,0.000000,2,-118.36,-118.36,0,0,
09/24/2026,09:46:16:236,0.000000,0.000000,3,-84.34,-84.34,0,0,
09/24/2026,09:46:16:286,0.000000,0.000000,4,-122.82,-122.82,0,0,
09/24/2026,09:46:16:340,0.000000,0.000000,1,-121.96,-121.96,0,0,
09/24/2026,09:46:16:392,0.000000,0.000000,2,-119.06,-119.06,0,0,
09/24/2026,09:46:16:442,0.000000,0.000000,3,-92.71,-92.71,0,0,
09/24/2026,09:46:16:496,0.000000,0.000000,4,-122.31,-122.31,0,0,
09/24/2026,09:46:16:555,0.000000,0.000000,1,-119.95,-119.95,0,0,
09/24/2026,09:46:16:605,0.000000,0.000000,2,-116.48,-116.48,0,0,
09/24/2026,09:46:16:662,0.000000,0.000000,3,-104.04,-104.04,0,0,
09/24/2026,09:46:16:714,0.000000,0.000000,4,-122.84,-122.84,0,0,
09/24/2026,09:46:16:766,0.000000,0.000000,1,-118.27,-118.27,0,0,
09/24/2026,09:46:16:815,0.000000,0.000000,2,-119.59,-119.59,0,0,
09/24/2026,09:46:16:874,0.000000,0.000000,3,-86.2,-86.2,0,0,
09/24/2026,09:46:16:917,0.000000,0.000000,4,-124.62,-124.62,0,0,
09/24/2026,09:46:16:970,0.000000,0.000000,1,-119.26,-119.26,0,0,
09/24/2026,09:46:17:022,0.000000,0.000000,2,-116.22,-116.22,0,0,
09/24/2026,09:46:17:077,0.000000,0.000000,3,-84.16,-84.16,0,0,
09/24/2026,09:46:17:135,0.000000,0.000000,4,-124.03,-124.03,0,0,
09/24/2026,09:46:17:183,0.000000,0.000000,1,-119.85,-119.85,0,0,
09/24/2026,09:46:17:243,0.000000,0.000000,2,-116.29,-116.29,0,0,
09/24/2026,09:46:17:287,0.000000,0.000000,3,-90.76,-90.76,0,0,
09/24/2026,09:46:17:352,0.000000,0.000000,4,-125.1,-125.1,0,0,
09/24/2026,09:46:17:393,0.000000,0.000000,1,-123.55,-123.55,0,0,
09/24/2026,09:46:17:452,0.000000,0.000000,2,-114.16,-114.16,0,0,
09/24/2026,09:46:17:501,0.000000,0.000000,3,-91.9,-91.9,0,0,
09/24/2026,09:46:17:578,0.000000,0.000000,4,-121.14,-121.14,0,0,
09/24/2026,09:46:17:628,0.000000,0.000000,1,-119.58,-119.58,0,0,
09/24/2026,09:46:17:667,0.000000,0.000000,2,-115.08,-115.08,0,0,
09/24/2026,09:46:17:713,0.000000,0.000000,3,-104.04,-104.04,0,0,
09/24/2026,09:46:17:770,0.000000,0.000000,4,-121.04,-121.04,0,0,
09/24/2026,09:46:17:822,0.000000,0.000000,1,-117.07,-117.07,0,0,
09/24/2026,09:46:17:872,0.000000,0.000000,2,-116.54,-116.54,0,0,
09/24/2026,09:46:17:920,0.000000,0.000000,3,-95.72,-95.72,0,0,
09/24/2026,09:46:17:978,0.000000,0.000000,4,-121.8,-121.8,0,0,
09/24/2026,09:46:18:029,0.000000,0.000000,1,-118.92,-118.92,0,0,
09/24/2026,09:46:18:077,0.000000,0.000000,2,-117.52,-117.52,0,0,
09/24/2026,09:46:18:135,0.000000,0.000000,3,-94.71,-94.71,0,0,
09/24/2026,09:46:18:186,0.000000,0.000000,4,-124.96,-124.96,0,0,
09/24/2026,09:46:18:240,0.000000,0.000000,1,-118.89,-118.89,0,0,
09/24/2026,09:46:18:297,0.000000,0.000000,2,-117.36,-117.36,0,0,
09/24/2026,09:46:18:343,0.000000,0.000000,3,-100.29,-100.29,0,0,
09/24/2026,09:46:18:394,0.000000,0.000000,4,-122.92,-122.92,0,0,
09/24/2026,09:46:18:449,0.000000,0.000000,1,-121.55,-121.55,0,0,
09/24/2026,09:46:18:504,0.000000,0.000000,2,-118.32,-118.32,0,0,
09/24/2026,09:46:18:554,0.000000,0.000000,3,-84.4,-84.4,0,0,
09/24/2026,09:46:18:608,0.000000,0.000000,4,-125.73,-125.73,0,0,
09/24/2026,09:46:18:658,0.000000,0.000000,1,-119.02,-119.02,0,0,
09/24/2026,09:46:18:715,0.000000,0.000000,2,-117.72,-117.72,0,0,
09/24/2026,09:46:18:769,0.000000,0.000000,3,-87.29,-87.29,0,0,
09/24/2026,09:46:18:823,0.000000,0.000000,4,-124.11,-124.11,0,0,
09/24/2026,09:46:18:910,0.000000,0.000000,1,-119.91,-119.91,0,0,
09/24/2026,09:46:18:920,0.000000,0.000000,2,-117.44,-117.44,0,0,
09/24/2026,09:46:18:981,0.000000,0.000000,3,-92.57,-92.57,0,0,
09/24/2026,09:46:19:029,0.000000,0.000000,4,-122.74,-122.74,0,0,
09/24/2026,09:46:19:088,0.000000,0.000000,1,-118.7,-118.7,0,0,
09/24/2026,09:46:19:133,0.000000,0.000000,2,-114.47,-114.47,0,0,
09/24/2026,09:46:19:204,0.000000,0.000000,3,-98.16,-98.16,0,0,
09/24/2026,09:46:19:245,0.000000,0.000000,4,-124.3,-124.3,0,0,
09/24/2026,09:46:19:298,0.000000,0.000000,1,-120.26,-120.26,0,0,
09/24/2026,09:46:19:345,0.000000,0.000000,2,-115.87,-115.87,0,0,
09/24/2026,09:46:19:398,0.000000,0.000000,3,-91.41,-91.41,0,0,
09/24/2026,09:46:19:457,0.000000,0.000000,4,-123.91,-123.91,0,0,
09/24/2026,09:46:19:518,0.000000,0.000000,1,-119.91,-119.91,0,0,
09/24/2026,09:46:19:574,0.000000,0.000000,2,-120.48,-120.48,0,0,
09/24/2026,09:46:19:612,0.000000,0.000000,3,-86.92,-86.92,0,0,
09/24/2026,09:46:19:667,0.000000,0.000000,4,-124.62,-124.62,0,0,
09/24/2026,09:46:19:859,0.000000,0.000000,1,-118.46,-118.46,0,0,
09/24/2026,09:46:20:335,0.000000,0.000000,2,-120.03,-120.03,0,0,
09/24/2026,09:46:20:343,0.000000,0.000000,3,-91.03,-91.03,0,0,
09/24/2026,09:46:20:370,0.000000,0.000000,4,-121.14,-121.14,0,0,
09/24/2026,09:46:20:381,0.000000,0.000000,1,-122.96,-122.96,0,0,
09/24/2026,09:46:20:395,0.000000,0.000000,2,-118.62,-118.62,0,0,
09/24/2026,09:46:20:420,0.000000,0.000000,3,-94.8,-94.8,0,0,
09/24/2026,09:46:20:431,0.000000,0.000000,4,-124.53,-124.53,0,0,
09/24/2026,09:46:20:443,0.000000,0.000000,1,-119.79,-119.79,0,0,
09/24/2026,09:46:20:455,0.000000,0.000000,2,-122.2,-122.2,0,0,
09/24/2026,09:46:20:481,0.000000,0.000000,3,-96.92,-96.92,0,0,
09/24/2026,09:46:20:509,0.000000,0.000000,4,-124,-124,0,0,
09/24/2026,09:46:20:546,0.000000,0.000000,1,-124.33,-124.33,0,0,
09/24/2026,09:46:20:555,0.000000,0.000000,2,-121.68,-121.68,0,0,
09/24/2026,09:46:20:571,0.000000,0.000000,3,-94.03,-94.03,0,0,
09/24/2026,09:46:20:582,0.000000,0.000000,4,-125.65,-125.65,0,0,
09/24/2026,09:46:20:594,0.000000,0.000000,1,-121.62,-121.62,0,0,
09/24/2026,09:46:20:608,0.000000,0.000000,2,-119.43,-119.43,0,0,
09/24/2026,09:46:20:662,0.000000,0.000000,3,-96.72,-96.72,0,0,
09/24/2026,09:46:20:713,0.000000,0.000000,4,-124.95,-124.95,0,0,
09/24/2026,09:46:20:767,0.000000,0.000000,1,-119.41,-119.41,0,0,
09/24/2026,09:46:20:826,0.000000,0.000000,2,-118.33,-118.33,0,0,
09/24/2026,09:46:20:873,0.000000,0.000000,3,-104.75,-104.75,0,0,
09/24/2026,09:46:20:925,0.000000,0.000000,4,-124.65,-124.65,0,0,
09/24/2026,09:46:20:980,0.000000,0.000000,1,-120.03,-120.03,0,0,
09/24/2026,09:46:21:032,0.000000,0.000000,2,-116.61,-116.61,0,0,
09/24/2026,09:46:21:087,0.000000,0.000000,3,-84.39,-84.39,0,0,
09/24/2026,09:46:21:145,0.000000,0.000000,4,-122.71,-122.71,0,0,
09/24/2026,09:46:21:190,0.000000,0.000000,1,-118.66,-118.66,0,0,
09/24/2026,09:46:21:241,0.000000,0.000000,2,-117.62,-117.62,0,0,
09/24/2026,09:46:21:351,0.000000,0.000000,3,-88.65,-88.65,0,0,
09/24/2026,09:46:21:389,0.000000,0.000000,4,-123.4,-123.4,0,0,
09/24/2026,09:46:21:402,0.000000,0.000000,1,-119.96,-119.96,0,0,
09/24/2026,09:46:21:475,0.000000,0.000000,2,-115.19,-115.19,0,0,
09/24/2026,09:46:21:525,0.000000,0.000000,3,-92.67,-92.67,0,0,
09/24/2026,09:46:21:560,0.000000,0.000000,4,-121.7,-121.7,0,0,
09/24/2026,09:46:21:639,0.000000,0.000000,1,-120.2,-120.2,0,0,
09/24/2026,09:46:21:667,0.000000,0.000000,2,-116.96,-116.96,0,0,
09/24/2026,09:46:21:719,0.000000,0.000000,3,-85.45,-85.45,0,0,
09/24/2026,09:46:21:769,0.000000,0.000000,4,-124.95,-124.95,0,0,
09/24/2026,09:46:21:827,0.000000,0.000000,1,-119.37,-119.37,0,0,
09/24/2026,09:46:21:880,0.000000,0.000000,2,-113.98,-113.98,0,0,
09/24/2026,09:46:21:926,0.000000,0.000000,3,-93,-93,0,0,
09/24/2026,09:46:21:979,0.000000,0.000000,4,-122.24,-122.24,0,0,
09/24/2026,09:46:22:066,0.000000,0.000000,1,-117.63,-117.63,0,0,
09/24/2026,09:46:22:091,0.000000,0.000000,2,-116.64,-116.64,0,0,
09/24/2026,09:46:22:143,0.000000,0.000000,3,-85.66,-85.66,0,0,
09/24/2026,09:46:22:197,0.000000,0.000000,4,-123.51,-123.51,0,0,
09/24/2026,09:46:22:254,0.000000,0.000000,1,-119.4,-119.4,0,0,
09/24/2026,09:46:22:298,0.000000,0.000000,2,-116.66,-116.66,0,0,
09/24/2026,09:46:22:348,0.000000,0.000000,3,-83.45,-83.45,0,0,
09/24/2026,09:46:22:401,0.000000,0.000000,4,-122.22,-122.22,0,0,
09/24/2026,09:46:22:456,0.000000,0.000000,1,-119.24,-119.24,0,0,
09/24/2026,09:46:22:510,0.000000,0.000000,2,-115.01,-115.01,0,0,
09/24/2026,09:46:22:559,0.000000,0.000000,3,-97.39,-97.39,0,0,
09/24/2026,09:46:22:611,0.000000,0.000000,4,-122.18,-122.18,0,0,
09/24/2026,09:46:22:676,0.000000,0.000000,1,-119.14,-119.14,0,0,
09/24/2026,09:46:22:725,0.000000,0.000000,2,-114.11,-114.11,0,0,
09/24/2026,09:46:22:782,0.000000,0.000000,3,-92.85,-92.85,0,0,
09/24/2026,09:46:22:828,0.000000,0.000000,4,-123.76,-123.76,0,0,
09/24/2026,09:46:22:879,0.000000,0.000000,1,-117.95,-117.95,0,0,
09/24/2026,09:46:23:041,0.000000,0.000000,2,-115.87,-115.87,0,0,
09/24/2026,09:46:23:086,0.000000,0.000000,3,-91.91,-91.91,0,0,
09/24/2026,09:46:23:096,0.000000,0.000000,4,-122.7,-122.7,0,0,
09/24/2026,09:46:23:175,0.000000,0.000000,1,-118.11,-118.11,0,0,
09/24/2026,09:46:23:213,0.000000,0.000000,2,-113.75,-113.75,0,0,
09/24/2026,09:46:23:230,0.000000,0.000000,3,-98.4,-98.4,0,0,
09/24/2026,09:46:23:270,0.000000,0.000000,4,-124.29,-124.29,0,0,
09/24/2026,09:46:23:311,0.000000,0.000000,1,-120.7,-120.7,0,0,
09/24/2026,09:46:23:362,0.000000,0.000000,2,-116.46,-116.46,0,0,
09/24/2026,09:46:23:419,0.000000,0.000000,3,-84.3,-84.3,0,0,
09/24/2026,09:46:23:456,0.000000,0.000000,4,-123.42,-123.42,0,0,
09/24/2026,09:46:23:512,0.000000,0.000000,1,-120.21,-120.21,0,0,
09/24/2026,09:46:23:564,0.000000,0.000000,2,-117.07,-117.07,0,0,
09/24/2026,09:46:23:619,0.000000,0.000000,3,-96.18,-96.18,0,0,
09/24/2026,09:46:23:687,0.000000,0.000000,4,-123.69,-123.69,0,0,
09/24/2026,09:46:23:724,0.000000,0.000000,1,-117.83,-117.83,0,0,
09/24/2026,09:46:23:778,0.000000,0.000000,2,-116.05,-116.05,0,0,
09/24/2026,09:46:23:825,0.000000,0.000000,3,-89.77,-89.77,0,0,
09/24/2026,09:46:23:880,0.000000,0.000000,4,-124.7,-124.7,0,0,
09/24/2026,09:46:23:932,0.000000,0.000000,1,-116.97,-116.97,0,0,
09/24/2026,09:46:24:025,0.000000,0.000000,2,-118.13,-118.13,0,0,
09/24/2026,09:46:24:050,0.000000,0.000000,3,-83.29,-83.29,0,0,
09/24/2026,09:46:24:094,0.000000,0.000000,4,-122.86,-122.86,0,0,
09/24/2026,09:46:24:152,0.000000,0.000000,1,-117.8,-117.8,0,0,
09/24/2026,09:46:24:194,0.000000,0.000000,2,-118.03,-118.03,0,0,
09/24/2026,09:46:24:259,0.000000,0.000000,3,-90.21,-90.21,0,0,
09/24/2026,09:46:24:313,0.000000,0.000000,4,-125.04,-125.04,0,0,
09/24/2026,09:46:24:353,0.000000,0.000000,1,-119.06,-119.06,0,0,
09/24/2026,09:46:24:409,0.000000,0.000000,2,-117.05,-117.05,0,0,
09/24/2026,09:46:24:463,0.000000,0.000000,3,-87.36,-87.36,0,0,
09/24/2026,09:46:24:516,0.000000,0.000000,4,-125.12,-125.12,0,0,
09/24/2026,09:46:24:578,0.000000,0.000000,1,-121.24,-121.24,0,0,
09/24/2026,09:46:24:627,0.000000,0.000000,2,-117.46,-117.46,0,0,
09/24/2026,09:46:24:697,0.000000,0.000000,3,-99.93,-99.93,0,0,
09/24/2026,09:46:24:727,0.000000,0.000000,4,-122.75,-122.75,0,0,
09/24/2026,09:46:24:773,0.000000,0.000000,1,-116.88,-116.88,0,0,
09/24/2026,09:46:24:830,0.000000,0.000000,2,-117.94,-117.94,0,0,
09/24/2026,09:46:24:886,0.000000,0.000000,3,-77.49,-77.49,0,0,
09/24/2026,09:46:24:938,0.000000,0.000000,4,-126.6,-126.6,0,0,
09/24/2026,09:46:25:010,0.000000,0.000000,1,-118.03,-118.03,0,0,
09/24/2026,09:46:25:057,0.000000,0.000000,2,-115.77,-115.77,0,0,
09/24/2026,09:46:25:096,0.000000,0.000000,3,-71.23,-71.23,0,0,
09/24/2026,09:46:25:170,0.000000,0.000000,4,-121.91,-121.91,0,0,
09/24/2026,09:46:25:218,0.000000,0.000000,1,-112.94,-112.94,0,0,
09/24/2026,09:46:25:259,0.000000,0.000000,2,-112.47,-112.47,0,0,
09/24/2026,09:46:25:306,0.000000,0.000000,3,-66.94,-66.94,0,0,
09/24/2026,09:46:25:356,0.000000,0.000000,4,-113.65,-113.65,0,0,
09/24/2026,09:46:26:412,0.000000,0.000000,1,-101.05,-101.05,0,0,
09/24/2026,09:46:26:435,0.000000,0.000000,2,-109.31,-109.31,0,0,
09/24/2026,09:46:26:450,0.000000,0.000000,3,-62.28,-62.28,0,0,
09/24/2026,09:46:26:471,0.000000,0.000000,4,-111.23,-111.23,0,0,
09/24/2026,09:46:26:493,0.000000,0.000000,1,-104.62,-104.62,0,0,
09/24/2026,09:46:26:508,0.000000,0.000000,2,-115.06,-115.06,0,0,
09/24/2026,09:46:26:532,0.000000,0.000000,3,-74.71,-74.71,0,0,
09/24/2026,09:46:26:585,0.000000,0.000000,4,-105.44,-105.44,0,0,
09/24/2026,09:46:26:606,0.000000,0.000000,1,-104.59,-104.59,0,0,
09/24/2026,09:46:26:628,0.000000,0.000000,2,-111.31,-111.31,0,0,
09/24/2026,09:46:26:643,0.000000,0.000000,3,-55.73,-55.73,0,0,
09/24/2026,09:46:26:661,0.000000,0.000000,4,-118.02,-118.02,0,0,
09/24/2026,09:46:26:671,0.000000,0.000000,1,-108.86,-108.86,0,0,
09/24/2026,09:46:26:684,0.000000,0.000000,2,-113.64,-113.64,0,0,
09/24/2026,09:46:26:698,0.000000,0.000000,3,-62.88,-62.88,0,0,
09/24/2026,09:46:26:744,0.000000,0.000000,4,-121.66,-121.66,0,0,
09/24/2026,09:46:26:755,0.000000,0.000000,1,-95.49,-95.49,0,0,
09/24/2026,09:46:26:766,0.000000,0.000000,2,-110.65,-110.65,0,0,
09/24/2026,09:46:26:785,0.000000,0.000000,3,-119.74,-119.74,0,0,
09/24/2026,09:46:26:809,0.000000,0.000000,4,-121.29,-121.29,0,0,
09/24/2026,09:46:26:833,0.000000,0.000000,1,-104.01,-104.01,0,0,
09/24/2026,09:46:26:845,0.000000,0.000000,2,-111.52,-111.52,0,0,
09/24/2026,09:46:26:869,0.000000,0.000000,3,-73.64,-73.64,0,0,
09/24/2026,09:46:26:905,0.000000,0.000000,4,-117.85,-117.85,0,0,
09/24/2026,09:46:26:945,0.000000,0.000000,1,-98.25,-98.25,0,0,
09/24/2026,09:46:26:988,0.000000,0.000000,2,-110.64,-110.64,0,0,
09/24/2026,09:46:27:000,0.000000,0.000000,3,-84.48,-84.48,0,0,
09/24/2026,09:46:27:042,0.000000,0.000000,4,-117.24,-117.24,0,0,
09/24/2026,09:46:27:090,0.000000,0.000000,1,-98.52,-98.52,0,0,
09/24/2026,09:46:27:132,0.000000,0.000000,2,-105.52,-105.52,0,0,
09/24/2026,09:46:27:170,0.000000,0.000000,3,-72.41,-72.41,0,0,
09/24/2026,09:46:27:212,0.000000,0.000000,4,-118.59,-118.59,0,0,
09/24/2026,09:46:27:254,0.000000,0.000000,1,-99.75,-99.75,0,0,
09/24/2026,09:46:27:297,0.000000,0.000000,2,-110.76,-110.76,0,0,
09/24/2026,09:46:27:356,0.000000,0.000000,3,-60.11,-60.11,0,0,
09/24/2026,09:46:27:371,0.000000,0.000000,4,-102.12,-102.12,0,0,
09/24/2026,09:46:27:397,0.000000,0.000000,1,-101.3,-101.3,0,0,
09/24/2026,09:46:27:415,0.000000,0.000000,2,-114.85,-114.85,0,0,
09/24/2026,09:46:27:438,0.000000,0.000000,3,-57.51,-57.51,0,0,
09/24/2026,09:46:27:464,0.000000,0.000000,4,-110.01,-110.01,0,0,
09/24/2026,09:46:27:523,0.000000,0.000000,1,-92.45,-92.45,0,0,
09/24/2026,09:46:27:576,0.000000,0.000000,2,-105.39,-105.39,0,0,
09/24/2026,09:46:27:627,0.000000,0.000000,3,-58.95,-58.95,0,0,
09/24/2026,09:46:27:677,0.000000,0.000000,4,-116.38,-116.38,0,0,
09/24/2026,09:46:27:732,0.000000,0.000000,1,-101.78,-101.78,0,0,
09/24/2026,09:46:27:784,0.000000,0.000000,2,-105.36,-105.36,0,0,
09/24/2026,09:46:27:864,0.000000,0.000000,3,-70.35,-70.35,0,0,
09/24/2026,09:46:27:887,0.000000,0.000000,4,-99.01,-99.01,0,0,
09/24/2026,09:46:27:944,0.000000,0.000000,1,-103.31,-103.31,0,0,
09/24/2026,09:46:27:993,0.000000,0.000000,2,-108.32,-108.32,0,0,
09/24/2026,09:46:28:053,0.000000,0.000000,3,-60.64,-60.64,0,0,
09/24/2026,09:46:28:125,0.000000,0.000000,4,-111.1,-111.1,0,0,
09/24/2026,09:46:28:148,0.000000,0.000000,1,-104.57,-104.57,0,0,
09/24/2026,09:46:28:213,0.000000,0.000000,2,-113.2,-113.2,0,0,
09/24/2026,09:46:28:257,0.000000,0.000000,3,-70.25,-70.25,0,0,
09/24/2026,09:46:28:315,0.000000,0.000000,4,-114.73,-114.73,0,0,
09/24/2026,09:46:28:360,0.000000,0.000000,1,-108.51,-108.51,0,0,
09/24/2026,09:46:28:428,0.000000,0.000000,2,-111.34,-111.34,0,0,
09/24/2026,09:46:28:471,0.000000,0.000000,3,-57.73,-57.73,0,0,
09/24/2026,09:46:28:534,0.000000,0.000000,4,-112.39,-112.39,0,0,
09/24/2026,09:46:28:587,0.000000,0.000000,1,-111.11,-111.11,0,0,
09/24/2026,09:46:28:634,0.000000,0.000000,2,-108.77,-108.77,0,0,
09/24/2026,09:46:28:681,0.000000,0.000000,3,-66.36,-66.36,0,0,
09/24/2026,09:46:28:736,0.000000,0.000000,4,-113.54,-113.54,0,0,
09/24/2026,09:46:28:789,0.000000,0.000000,1,-111.46,-111.46,0,0,
09/24/2026,09:46:28:834,0.000000,0.000000,2,-119.21,-119.21,0,0,
09/24/2026,09:46:28:907,0.000000,0.000000,3,-80.25,-80.25,0,0,
09/24/2026,09:46:28:955,0.000000,0.000000,4,-121.59,-121.59,0,0,
09/24/2026,09:46:28:999,0.000000,0.000000,1,-106.14,-106.14,0,0,
09/24/2026,09:46:29:056,0.000000,0.000000,2,-113.52,-113.52,0,0,
09/24/2026,09:46:29:118,0.000000,0.000000,3,-57.16,-57.16,0,0,
09/24/2026,09:46:29:158,0.000000,0.000000,4,-110.56,-110.56,0,0,
09/24/2026,09:46:29:207,0.000000,0.000000,1,-103.66,-103.66,0,0,
09/24/2026,09:46:29:262,0.000000,0.000000,2,-111.99,-111.99,0,0,
09/24/2026,09:46:29:315,0.000000,0.000000,3,-73.82,-73.82,0,0,
09/24/2026,09:46:29:377,0.000000,0.000000,4,-116.08,-116.08,0,0,
09/24/2026,09:46:29:421,0.000000,0.000000,1,-107.64,-107.64,0,0,
09/24/2026,09:46:29:472,0.000000,0.000000,2,-110.56,-110.56,0,0,
09/24/2026,09:46:29:528,0.000000,0.000000,3,-103.91,-103.91,0,0,
09/24/2026,09:46:29:582,0.000000,0.000000,4,-112.49,-112.49,0,0,
09/24/2026,09:46:29:633,0.000000,0.000000,1,-108.75,-108.75,0,0,
09/24/2026,09:46:29:682,0.000000,0.000000,2,-118.41,-118.41,0,0,
09/24/2026,09:46:29:732,0.000000,0.000000,3,-72.61,-72.61,0,0,
09/24/2026,09:46:29:816,0.000000,0.000000,4,-120.13,-120.13,0,0,
09/24/2026,09:46:29:841,0.000000,0.000000,1,-106.39,-106.39,0,0,
09/24/2026,09:46:29:900,0.000000,0.000000,2,-115.09,-115.09,0,0,
09/24/2026,09:46:29:944,0.000000,0.000000,3,-67.45,-67.45,0,0,
09/24/2026,09:46:30:000,0.000000,0.000000,4,-116.06,-116.06,0,0,
09/24/2026,09:46:30:049,0.000000,0.000000,1,-111.84,-111.84,0,0,
09/24/2026,09:46:30:104,0.000000,0.000000,2,-119.14,-119.14,0,0,
09/24/2026,09:46:30:157,0.000000,0.000000,3,-63.81,-63.81,0,0,
09/24/2026,09:46:30:214,0.000000,0.000000,4,-111.48,-111.48,0,0,
09/24/2026,09:46:30:267,0.000000,0.000000,1,-117.45,-117.45,0,0,
09/24/2026,09:46:30:314,0.000000,0.000000,2,-115.72,-115.72,0,0,
09/24/2026,09:46:30:372,0.000000,0.000000,3,-67.89,-67.89,0,0,
09/24/2026,09:46:30:445,0.000000,0.000000,4,-115.77,-115.77,0,0,
09/24/2026,09:46:30:485,0.000000,0.000000,1,-115.73,-115.73,0,0,
09/24/2026,09:46:30:540,0.000000,0.000000,2,-116.46,-116.46,0,0,
09/24/2026,09:46:30:581,0.000000,0.000000,3,-69.04,-69.04,0,0,
09/24/2026,09:46:30:628,0.000000,0.000000,4,-122.51,-122.51,0,0,
09/24/2026,09:46:30:712,0.000000,0.000000,1,-121.24,-121.24,0,0,
09/24/2026,09:46:30:743,0.000000,0.000000,2,-118.53,-118.53,0,0,
09/24/2026,09:46:30:790,0.000000,0.000000,3,-77.34,-77.34,0,0,
09/24/2026,09:46:30:847,0.000000,0.000000,4,-122.12,-122.12,0,0,
09/24/2026,09:46:30:890,0.000000,0.000000,1,-111.15,-111.15,0,0,
09/24/2026,09:46:30:956,0.000000,0.000000,2,-114.46,-114.46,0,0,
09/24/2026,09:46:30:999,0.000000,0.000000,3,-121.47,-121.47,0,0,
09/24/2026,09:46:31:060,0.000000,0.000000,4,-121.87,-121.87,0,0,
09/24/2026,09:46:31:119,0.000000,0.000000,1,-118.72,-118.72,0,0,
09/24/2026,09:46:31:156,0.000000,0.000000,2,-114.45,-114.45,0,0,
09/24/2026,09:46:31:210,0.000000,0.000000,3,-79.24,-79.24,0,0,
09/24/2026,09:46:31:270,0.000000,0.000000,4,-120.36,-120.36,0,0,
09/24/2026,09:46:31:328,0.000000,0.000000,1,-116.88,-116.88,0,0,
09/24/2026,09:46:31:366,0.000000,0.000000,2,-113.58,-113.58,0,0,
09/24/2026,09:46:31:425,0.000000,0.000000,3,-78.4,-78.4,0,0,
09/24/2026,09:46:31:552,0.000000,0.000000,4,-120.29,-120.29,0,0,
09/24/2026,09:46:31:567,0.000000,0.000000,1,-109.25,-109.25,0,0,
09/24/2026,09:46:31:593,0.000000,0.000000,2,-117.57,-117.57,0,0,
09/24/2026,09:46:31:635,0.000000,0.000000,3,-72.33,-72.33,0,0,
09/24/2026,09:46:31:694,0.000000,0.000000,4,-119.1,-119.1,0,0,
09/24/2026,09:46:31:737,0.000000,0.000000,1,-115.73,-115.73,0,0,
09/24/2026,09:46:31:791,0.000000,0.000000,2,-114.13,-114.13,0,0,
09/24/2026,09:46:31:842,0.000000,0.000000,3,-61.03,-61.03,0,0,
09/24/2026,09:46:31:913,0.000000,0.000000,4,-116.27,-116.27,0,0,
09/24/2026,09:46:31:950,0.000000,0.000000,1,-115.73,-115.73,0,0,
09/24/2026,09:46:31:998,0.000000,0.000000,2,-116.48,-116.48,0,0,
09/24/2026,09:46:32:053,0.000000,0.000000,3,-74.09,-74.09,0,0,
09/24/2026,09:46:32:110,0.000000,0.000000,4,-121.64,-121.64,0,0,
09/24/2026,09:46:32:158,0.000000,0.000000,1,-110.09,-110.09,0,0,
09/24/2026,09:46:32:209,0.000000,0.000000,2,-115.92,-115.92,0,0,
09/24/2026,09:46:32:267,0.000000,0.000000,3,-77.59,-77.59,0,0,
09/24/2026,09:46:32:316,0.000000,0.000000,4,-122.45,-122.45,0,0,
09/24/2026,09:46:32:372,0.000000,0.000000,1,-110.67,-110.67,0,0,
09/24/2026,09:46:32:451,0.000000,0.000000,2,-114.15,-114.15,0,0,
09/24/2026,09:46:32:505,0.000000,0.000000,3,-65.65,-65.65,0,0,
09/24/2026,09:46:32:547,0.000000,0.000000,4,-121.4,-121.4,0,0,
09/24/2026,09:46:32:583,0.000000,0.000000,1,-109.6,-109.6,0,0,
09/24/2026,09:46:32:685,0.000000,0.000000,2,-116.31,-116.31,0,0,
09/24/2026,09:46:32:718,0.000000,0.000000,3,-84.15,-84.15,0,0,
09/24/2026,09:46:32:773,0.000000,0.000000,4,-121.49,-121.49,0,0,
09/24/2026,09:46:32:790,0.000000,0.000000,1,-109.93,-109.93,0,0,
09/24/2026,09:46:32:846,0.000000,0.000000,2,-115.62,-115.62,0,0,
09/24/2026,09:46:32:899,0.000000,0.000000,3,-73.57,-73.57,0,0,
09/24/2026,09:46:32:985,0.000000,0.000000,4,-122.5,-122.5,0,0,
09/24/2026,09:46:33:004,0.000000,0.000000,1,-108.79,-108.79,0,0,
09/24/2026,09:46:33:060,0.000000,0.000000,2,-113.55,-113.55,0,0,
09/24/2026,09:46:33:122,0.000000,0.000000,3,-87.22,-87.22,0,0,
09/24/2026,09:46:33:165,0.000000,0.000000,4,-121.72,-121.72,0,0,
09/24/2026,09:46:33:220,0.000000,0.000000,1,-110.61,-110.61,0,0,
09/24/2026,09:46:33:274,0.000000,0.000000,2,-113.05,-113.05,0,0,
09/24/2026,09:46:33:326,0.000000,0.000000,3,-71.74,-71.74,0,0,
09/24/2026,09:46:33:391,0.000000,0.000000,4,-119.68,-119.68,0,0,
09/24/2026,09:46:33:424,0.000000,0.000000,1,-117.23,-117.23,0,0,
09/24/2026,09:46:33:485,0.000000,0.000000,2,-110.81,-110.81,0,0,
09/24/2026,09:46:33:537,0.000000,0.000000,3,-75.1,-75.1,0,0,
09/24/2026,09:46:33:581,0.000000,0.000000,4,-124.23,-124.23,0,0,
09/24/2026,09:46:33:655,0.000000,0.000000,1,-120.56,-120.56,0,0,
09/24/2026,09:46:33:690,0.000000,0.000000,2,-112.75,-112.75,0,0,
09/24/2026,09:46:33:740,0.000000,0.000000,3,-84.52,-84.52,0,0,
09/24/2026,09:46:33:795,0.000000,0.000000,4,-122.4,-122.4,0,0,
09/24/2026,09:46:33:844,0.000000,0.000000,1,-119.62,-119.62,0,0,
09/24/2026,09:46:33:899,0.000000,0.000000,2,-113.94,-113.94,0,0,
09/24/2026,09:46:33:959,0.000000,0.000000,3,-71.24,-71.24,0,0,
09/24/2026,09:46:34:006,0.000000,0.000000,4,-123.75,-123.75,0,0,
09/24/2026,09:46:34:055,0.000000,0.000000,1,-111.64,-111.64,0,0,
09/24/2026,09:46:34:109,0.000000,0.000000,2,-115.55,-115.55,0,0,
09/24/2026,09:46:34:200,0.000000,0.000000,3,-76.27,-76.27,0,0,
09/24/2026,09:46:34:240,0.000000,0.000000,4,-122.95,-122.95,0,0,
09/24/2026,09:46:34:285,0.000000,0.000000,1,-115.9,-115.9,0,0,
09/24/2026,09:46:34:335,0.000000,0.000000,2,-115.7,-115.7,0,0,
09/24/2026,09:46:34:384,0.000000,0.000000,3,-73.23,-73.23,0,0,
09/24/2026,09:46:34:433,0.000000,0.000000,4,-122.99,-122.99,0,0,
09/24/2026,09:46:34:492,0.000000,0.000000,1,-113.93,-113.93,0,0,
09/24/2026,09:46:34:539,0.000000,0.000000,2,-112.2,-112.2,0,0,
09/24/2026,09:46:34:583,0.000000,0.000000,3,-68.75,-68.75,0,0,
09/24/2026,09:46:34:640,0.000000,0.000000,4,-122.24,-122.24,0,0,
09/24/2026,09:46:34:691,0.000000,0.000000,1,-111.18,-111.18,0,0,
09/24/2026,09:46:34:749,0.000000,0.000000,2,-115.28,-115.28,0,0,
09/24/2026,09:46:34:809,0.000000,0.000000,3,-72,-72,0,0,
09/24/2026,09:46:34:851,0.000000,0.000000,4,-122.33,-122.33,0,0,
09/24/2026,09:46:34:899,0.000000,0.000000,1,-116.47,-116.47,0,0,
09/24/2026,09:46:34:951,0.000000,0.000000,2,-116.47,-116.47,0,0,
09/24/2026,09:46:35:023,0.000000,0.000000,3,-80.82,-80.82,0,0,
09/24/2026,09:46:35:072,0.000000,0.000000,4,-122.55,-122.55,0,0,
09/24/2026,09:46:35:115,0.000000,0.000000,1,-112.18,-112.18,0,0,
09/24/2026,09:46:35:167,0.000000,0.000000,2,-117.59,-117.59,0,0,
09/24/2026,09:46:35:221,0.000000,0.000000,3,-76.29,-76.29,0,0,
09/24/2026,09:46:35:279,0.000000,0.000000,4,-122.69,-122.69,0,0,
09/24/2026,09:46:35:325,0.000000,0.000000,1,-113.36,-113.36,0,0,
09/24/2026,09:46:35:378,0.000000,0.000000,2,-116.77,-116.77,0,0,
09/24/2026,09:46:35:429,0.000000,0.000000,3,-89.94,-89.94,0,0,
09/24/2026,09:46:35:479,0.000000,0.000000,4,-121.72,-121.72,0,0,
09/24/2026,09:46:35:553,0.000000,0.000000,1,-112.27,-112.27,0,0,
09/24/2026,09:46:35:584,0.000000,0.000000,2,-115.97,-115.97,0,0,
09/24/2026,09:46:35:638,0.000000,0.000000,3,-82.81,-82.81,0,0,
09/24/2026,09:46:35:701,0.000000,0.000000,4,-123.8,-123.8,0,0,
09/24/2026,09:46:35:745,0.000000,0.000000,1,-115.83,-115.83,0,0,
09/24/2026,09:46:35:795,0.000000,0.000000,2,-116.09,-116.09,0,0,
09/24/2026,09:46:35:850,0.000000,0.000000,3,-78.5,-78.5,0,0,
09/24/2026,09:46:35:902,0.000000,0.000000,4,-123.65,-123.65,0,0,
09/24/2026,09:46:35:956,0.000000,0.000000,1,-118.09,-118.09,0,0,
09/24/2026,09:46:36:017,0.000000,0.000000,2,-115.39,-115.39,0,0,
09/24/2026,09:46:36:059,0.000000,0.000000,3,-122.11,-122.11,0,0,
09/24/2026,09:46:36:130,0.000000,0.000000,4,-124.01,-124.01,0,0,
09/24/2026,09:46:36:181,0.000000,0.000000,1,-111.09,-111.09,0,0,
09/24/2026,09:46:36:222,0.000000,0.000000,2,-113.41,-113.41,0,0,
09/24/2026,09:46:36:272,0.000000,0.000000,3,-81.24,-81.24,0,0,
09/24/2026,09:46:36:353,0.000000,0.000000,4,-123.1,-123.1,0,0,
09/24/2026,09:46:36:398,0.000000,0.000000,1,-117.64,-117.64,0,0,
09/24/2026,09:46:36:427,0.000000,0.000000,2,-107.23,-107.23,0,0,
09/24/2026,09:46:36:481,0.000000,0.000000,3,-81.77,-81.77,0,0,
09/24/2026,09:46:36:544,0.000000,0.000000,4,-121.34,-121.34,0,0,
09/24/2026,09:46:36:688,0.000000,0.000000,1,-117.45,-117.45,0,0,
09/24/2026,09:46:36:731,0.000000,0.000000,2,-116.08,-116.08,0,0,
09/24/2026,09:46:36:747,0.000000,0.000000,3,-81,-81,0,0,
09/24/2026,09:46:36:806,0.000000,0.000000,4,-121.29,-121.29,0,0,
09/24/2026,09:46:36:832,0.000000,0.000000,1,-108.9,-108.9,0,0,
09/24/2026,09:46:36:850,0.000000,0.000000,2,-112.13,-112.13,0,0,
09/24/2026,09:46:36:903,0.000000,0.000000,3,-70.79,-70.79,0,0,
09/24/2026,09:46:36:969,0.000000,0.000000,4,-121.2,-121.2,0,0,
09/24/2026,09:46:37:008,0.000000,0.000000,1,-111.93,-111.93,0,0,
09/24/2026,09:46:37:063,0.000000,0.000000,2,-112.45,-112.45,0,0,
09/24/2026,09:46:37:112,0.000000,0.000000,3,-79.58,-79.58,0,0,
09/24/2026,09:46:37:172,0.000000,0.000000,4,-121.6,-121.6,0,0,
09/24/2026,09:46:37:223,0.000000,0.000000,1,-112.23,-112.23,0,0,
09/24/2026,09:46:37:281,0.000000,0.000000,2,-112.22,-112.22,0,0,
09/24/2026,09:46:37:323,0.000000,0.000000,3,-72.24,-72.24,0,0,
09/24/2026,09:46:37:381,0.000000,0.000000,4,-125.04,-125.04,0,0,
09/24/2026,09:46:37:437,0.000000,0.000000,1,-113.82,-113.82,0,0,
09/24/2026,09:46:37:505,0.000000,0.000000,2,-116.32,-116.32,0,0,
09/24/2026,09:46:37:538,0.000000,0.000000,3,-68.97,-68.97,0,0,
09/24/2026,09:46:37:603,0.000000,0.000000,4,-123.17,-123.17,0,0,
09/24/2026,09:46:37:645,0.000000,0.000000,1,-109.1,-109.1,0,0,
09/24/2026,09:46:37:693,0.000000,0.000000,2,-111.59,-111.59,0,0,
09/24/2026,09:46:37:748,0.000000,0.000000,3,-68.67,-68.67,0,0,
09/24/2026,09:46:37:808,0.000000,0.000000,4,-117.79,-117.79,0,0,
09/24/2026,09:46:37:886,0.000000,0.000000,1,-108.13,-108.13,0,0,
09/24/2026,09:46:37:926,0.000000,0.000000,2,-115.92,-115.92,0,0,
09/24/2026,09:46:37:968,0.000000,0.000000,3,-72.84,-72.84,0,0,
09/24/2026,09:46:38:015,0.000000,0.000000,4,-121.23,-121.23,0,0,
09/24/2026,09:46:38:083,0.000000,0.000000,1,-113.02,-113.02,0,0,
09/24/2026,09:46:38:127,0.000000,0.000000,2,-116.07,-116.07,0,0,
09/24/2026,09:46:38:173,0.000000,0.000000,3,-74.73,-74.73,0,0,
09/24/2026,09:46:38:219,0.000000,0.000000,4,-124.42,-124.42,0,0,
09/24/2026,09:46:38:273,0.000000,0.000000,1,-110.85,-110.85,0,0,
09/24/2026,09:46:38:327,0.000000,0.000000,2,-112.77,-112.77,0,0,
09/24/2026,09:46:38:377,0.000000,0.000000,3,-78.44,-78.44,0,0,
09/24/2026,09:46:38:433,0.000000,0.000000,4,-125.45,-125.45,0,0,
09/24/2026,09:46:38:499,0.000000,0.000000,1,-116.16,-116.16,0,0,
09/24/2026,09:46:38:541,0.000000,0.000000,2,-111.2,-111.2,0,0,
09/24/2026,09:46:38:591,0.000000,0.000000,3,-73.83,-73.83,0,0,
09/24/2026,09:46:38:642,0.000000,0.000000,4,-124.35,-124.35,0,0,
09/24/2026,09:46:38:708,0.000000,0.000000,1,-118.28,-118.28,0,0,
09/24/2026,09:46:38:775,0.000000,0.000000,2,-116.31,-116.31,0,0,
09/24/2026,09:46:38:804,0.000000,0.000000,3,-91.89,-91.89,0,0,
09/24/2026,09:46:38:855,0.000000,0.000000,4,-119.93,-119.93,0,0,
09/24/2026,09:46:38:921,0.000000,0.000000,1,-119.83,-119.83,0,0,
09/24/2026,09:46:38:965,0.000000,0.000000,2,-115.05,-115.05,0,0,
09/24/2026,09:46:39:018,0.000000,0.000000,3,-88.44,-88.44,0,0,
09/24/2026,09:46:39:063,0.000000,0.000000,4,-123.7,-123.7,0,0,
09/24/2026,09:46:39:117,0.000000,0.000000,1,-118.24,-118.24,0,0,
09/24/2026,09:46:39:168,0.000000,0.000000,2,-113.79,-113.79,0,0,
09/24/2026,09:46:39:228,0.000000,0.000000,3,-120.03,-120.03,0,0,
09/24/2026,09:46:39:275,0.000000,0.000000,4,-123.68,-123.68,0,0,
09/24/2026,09:46:39:328,0.000000,0.000000,1,-113.26,-113.26,0,0,
09/24/2026,09:46:39:388,0.000000,0.000000,2,-114.05,-114.05,0,0,
09/24/2026,09:46:39:446,0.000000,0.000000,3,-83.7,-83.7,0,0,
09/24/2026,09:46:39:486,0.000000,0.000000,4,-124.17,-124.17,0,0,
09/24/2026,09:46:39:538,0.000000,0.000000,1,-116.96,-116.96,0,0,
09/24/2026,09:46:39:594,0.000000,0.000000,2,-115.02,-115.02,0,0,
09/24/2026,09:46:39:655,0.000000,0.000000,3,-83.67,-83.67,0,0,
09/24/2026,09:46:39:730,0.000000,0.000000,4,-121.76,-121.76,0,0,
09/24/2026,09:46:39:768,0.000000,0.000000,1,-109.42,-109.42,0,0,
09/24/2026,09:46:39:807,0.000000,0.000000,2,-113.32,-113.32,0,0,
09/24/2026,09:46:39:856,0.000000,0.000000,3,-81.42,-81.42,0,0,
09/24/2026,09:46:39:924,0.000000,0.000000,4,-125.13,-125.13,0,0,
09/24/2026,09:46:39:970,0.000000,0.000000,1,-116.66,-116.66,0,0,
09/24/2026,09:46:40:013,0.000000,0.000000,2,-116.8,-116.8,0,0,
09/24/2026,09:46:40:088,0.000000,0.000000,3,-75.07,-75.07,0,0,
09/24/2026,09:46:40:125,0.000000,0.000000,4,-125.23,-125.23,0,0,
09/24/2026,09:46:40:173,0.000000,0.000000,1,-116.72,-116.72,0,0,
09/24/2026,09:46:40:224,0.000000,0.000000,2,-109.17,-109.17,0,0,
09/24/2026,09:46:40:281,0.000000,0.000000,3,-80.43,-80.43,0,0,
09/24/2026,09:46:40:333,0.000000,0.000000,4,-122.73,-122.73,0,0,
09/24/2026,09:46:40:386,0.000000,0.000000,1,-117.32,-117.32,0,0,
09/24/2026,09:46:40:439,0.000000,0.000000,2,-116.29,-116.29,0,0,
09/24/2026,09:46:40:496,0.000000,0.000000,3,-76.39,-76.39,0,0,
09/24/2026,09:46:40:546,0.000000,0.000000,4,-123.92,-123.92,0,0,
09/24/2026,09:46:40:597,0.000000,0.000000,1,-118.21,-118.21,0,0,
09/24/2026,09:46:40:648,0.000000,0.000000,2,-116.83,-116.83,0,0,
09/24/2026,09:46:40:703,0.000000,0.000000,3,-78.07,-78.07,0,0,
09/24/2026,09:46:40:765,0.000000,0.000000,4,-123.93,-123.93,0,0,
09/24/2026,09:46:40:812,0.000000,0.000000,1,-113.76,-113.76,0,0,
09/24/2026,09:46:40:863,0.000000,0.000000,2,-116.06,-116.06,0,0,
09/24/2026,09:46:40:915,0.000000,0.000000,3,-78.84,-78.84,0,0,
09/24/2026,09:46:40:972,0.000000,0.000000,4,-123.32,-123.32,0,0,
09/24/2026,09:46:41:016,0.000000,0.000000,1,-115.86,-115.86,0,0,
09/24/2026,09:46:41:077,0.000000,0.000000,2,-115.53,-115.53,0,0,
09/24/2026,09:46:41:121,0.000000,0.000000,3,-100.09,-100.09,0,0,
09/24/2026,09:46:41:186,0.000000,0.000000,4,-120.42,-120.42,0,0,
09/24/2026,09:46:41:228,0.000000,0.000000,1,-120.05,-120.05,0,0,
09/24/2026,09:46:41:281,0.000000,0.000000,2,-118.54,-118.54,0,0,
09/24/2026,09:46:41:342,0.000000,0.000000,3,-82.13,-82.13,0,0,
09/24/2026,09:46:41:387,0.000000,0.000000,4,-122.07,-122.07,0,0,
09/24/2026,09:46:41:438,0.000000,0.000000,1,-118.81,-118.81,0,0,
09/24/2026,09:46:41:495,0.000000,0.000000,2,-117.88,-117.88,0,0,
09/24/2026,09:46:41:565,0.000000,0.000000,3,-86.74,-86.74,0,0,
09/24/2026,09:46:41:609,0.000000,0.000000,4,-124.5,-124.5,0,0,
09/24/2026,09:46:41:654,0.000000,0.000000,1,-115.97,-115.97,0,0,
09/24/2026,09:46:41:708,0.000000,0.000000,2,-116.23,-116.23,0,0,
09/24/2026,09:46:42:301,0.000000,0.000000,3,-80.54,-80.54,0,0,
09/24/2026,09:46:42:312,0.000000,0.000000,4,-122.59,-122.59,0,0,
09/24/2026,09:46:42:335,0.000000,0.000000,1,-114.63,-114.63,0,0,
09/24/2026,09:46:42:350,0.000000,0.000000,2,-116.22,-116.22,0,0,
09/24/2026,09:46:42:361,0.000000,0.000000,3,-87.56,-87.56,0,0,
09/24/2026,09:46:42:377,0.000000,0.000000,4,-121.4,-121.4,0,0,
09/24/2026,09:46:42:389,0.000000,0.000000,1,-119.25,-119.25,0,0,
09/24/2026,09:46:42:404,0.000000,0.000000,2,-116.68,-116.68,0,0,
09/24/2026,09:46:42:431,0.000000,0.000000,3,-80.79,-80.79,0,0,
09/24/2026,09:46:42:443,0.000000,0.000000,4,-123.77,-123.77,0,0,
09/24/2026,09:46:42:453,0.000000,0.000000,1,-118.39,-118.39,0,0,
09/24/2026,09:46:42:466,0.000000,0.000000,2,-116.71,-116.71,0,0,
09/24/2026,09:46:42:483,0.000000,0.000000,3,-77.55,-77.55,0,0,
09/24/2026,09:46:42:491,0.000000,0.000000,4,-123.27,-123.27,0,0,
09/24/2026,09:46:42:516,0.000000,0.000000,1,-116.51,-116.51,0,0,
09/24/2026,09:46:42:555,0.000000,0.000000,2,-113.26,-113.26,0,0,
09/24/2026,09:46:42:616,0.000000,0.000000,3,-73.93,-73.93,0,0,
09/24/2026,09:46:42:655,0.000000,0.000000,4,-122.07,-122.07,0,0,
09/24/2026,09:46:42:707,0.000000,0.000000,1,-111.79,-111.79,0,0,
09/24/2026,09:46:42:756,0.000000,0.000000,2,-111.3,-111.3,0,0,
09/24/2026,09:46:42:807,0.000000,0.000000,3,-75.71,-75.71,0,0,
09/24/2026,09:46:42:864,0.000000,0.000000,4,-123.75,-123.75,0,0,
09/24/2026,09:46:42:920,0.000000,0.000000,1,-116.04,-116.04,0,0,
09/24/2026,09:46:42:972,0.000000,0.000000,2,-114.64,-114.64,0,0,
09/24/2026,09:46:43:029,0.000000,0.000000,3,-76.47,-76.47,0,0,
09/24/2026,09:46:43:077,0.000000,0.000000,4,-124.77,-124.77,0,0,
09/24/2026,09:46:43:127,0.000000,0.000000,1,-114.55,-114.55,0,0,
09/24/2026,09:46:43:199,0.000000,0.000000,2,-116.09,-116.09,0,0,
09/24/2026,09:46:43:238,0.000000,0.000000,3,-87.23,-87.23,0,0,
09/24/2026,09:46:43:283,0.000000,0.000000,4,-123.98,-123.98,0,0,
09/24/2026,09:46:43:341,0.000000,0.000000,1,-115.79,-115.79,0,0,
09/24/2026,09:46:43:402,0.000000,0.000000,2,-116.2,-116.2,0,0,
09/24/2026,09:46:43:445,0.000000,0.000000,3,-88.17,-88.17,0,0,
09/24/2026,09:46:43:492,0.000000,0.000000,4,-123.7,-123.7,0,0,
09/24/2026,09:46:43:551,0.000000,0.000000,1,-116.29,-116.29,0,0,
09/24/2026,09:46:43:599,0.000000,0.000000,2,-114.79,-114.79,0,0,
09/24/2026,09:46:43:673,0.000000,0.000000,3,-75.81,-75.81,0,0,
09/24/2026,09:46:43:713,0.000000,0.000000,4,-122.31,-122.31,0,0,
09/24/2026,09:46:43:760,0.000000,0.000000,1,-113.28,-113.28,0,0,
09/24/2026,09:46:43:835,0.000000,0.000000,2,-112.27,-112.27,0,0,
09/24/2026,09:46:43:886,0.000000,0.000000,3,-77.44,-77.44,0,0,
09/24/2026,09:46:43:929,0.000000,0.000000,4,-124.33,-124.33,0,0,
09/24/2026,09:46:43:972,0.000000,0.000000,1,-118.25,-118.25,0,0,
09/24/2026,09:46:44:023,0.000000,0.000000,2,-113.32,-113.32,0,0,
09/24/2026,09:46:44:084,0.000000,0.000000,3,-87.65,-87.65,0,0,
09/24/2026,09:46:44:130,0.000000,0.000000,4,-123.81,-123.81,0,0,
09/24/2026,09:46:44:189,0.000000,0.000000,1,-116.58,-116.58,0,0,
09/24/2026,09:46:44:236,0.000000,0.000000,2,-113.99,-113.99,0,0,
09/24/2026,09:46:44:286,0.000000,0.000000,3,-95.92,-95.92,0,0,
09/24/2026,09:46:44:340,0.000000,0.000000,4,-124.02,-124.02,0,0,
09/24/2026,09:46:44:391,0.000000,0.000000,1,-113.71,-113.71,0,0,
09/24/2026,09:46:44:451,0.000000,0.000000,2,-111.45,-111.45,0,0,
09/24/2026,09:46:44:500,0.000000,0.000000,3,-76.91,-76.91,0,0,
09/24/2026,09:46:44:550,0.000000,0.000000,4,-123.49,-123.49,0,0,
09/24/2026,09:46:44:602,0.000000,0.000000,1,-115.72,-115.72,0,0,
09/24/2026,09:46:44:657,0.000000,0.000000,2,-114.9,-114.9,0,0,
09/24/2026,09:46:44:711,0.000000,0.000000,3,-86.82,-86.82,0,0,
09/24/2026,09:46:44:765,0.000000,0.000000,4,-121.27,-121.27,0,0,
09/24/2026,09:46:44:813,0.000000,0.000000,1,-115.47,-115.47,0,0,
09/24/2026,09:46:44:873,0.000000,0.000000,2,-114.62,-114.62,0,0,
09/24/2026,09:46:44:918,0.000000,0.000000,3,-98.01,-98.01,0,0,
09/24/2026,09:46:44:976,0.000000,0.000000,4,-123.46,-123.46,0,0,
09/24/2026,09:46:45:028,0.000000,0.000000,1,-115.74,-115.74,0,0,
09/24/2026,09:46:45:078,0.000000,0.000000,2,-114.84,-114.84,0,0,
09/24/2026,09:46:45:129,0.000000,0.000000,3,-86.23,-86.23,0,0,
09/24/2026,09:46:45:187,0.000000,0.000000,4,-122.64,-122.64,0,0,
09/24/2026,09:46:45:240,0.000000,0.000000,1,-115.7,-115.7,0,0,
09/24/2026,09:46:45:301,0.000000,0.000000,2,-114.07,-114.07,0,0,
09/24/2026,09:46:45:352,0.000000,0.000000,3,-83.17,-83.17,0,0,
09/24/2026,09:46:45:399,0.000000,0.000000,4,-122.89,-122.89,0,0,
09/24/2026,09:46:45:478,0.000000,0.000000,1,-114.09,-114.09,0,0,
09/24/2026,09:46:45:518,0.000000,0.000000,2,-112.8,-112.8,0,0,
09/24/2026,09:46:45:565,0.000000,0.000000,3,-120.44,-120.44,0,0,
09/24/2026,09:46:45:604,0.000000,0.000000,4,-121.51,-121.51,0,0,
09/24/2026,09:46:45:659,0.000000,0.000000,1,-119.39,-119.39,0,0,
09/24/2026,09:46:45:710,0.000000,0.000000,2,-114.92,-114.92,0,0,
09/24/2026,09:46:45:781,0.000000,0.000000,3,-87.72,-87.72,0,0,
09/24/2026,09:46:45:820,0.000000,0.000000,4,-123.35,-123.35,0,0,
09/24/2026,09:46:45:869,0.000000,0.000000,1,-113.62,-113.62,0,0,
09/24/2026,09:46:45:927,0.000000,0.000000,2,-113.41,-113.41,0,0,
09/24/2026,09:46:45:982,0.000000,0.000000,3,-95.01,-95.01,0,0,
09/24/2026,09:46:46:032,0.000000,0.000000,4,-122.13,-122.13,0,0,
09/24/2026,09:46:46:082,0.000000,0.000000,1,-115.79,-115.79,0,0,
09/24/2026,09:46:46:141,0.000000,0.000000,2,-114.43,-114.43,0,0,
09/24/2026,09:46:46:191,0.000000,0.000000,3,-85.08,-85.08,0,0,
09/24/2026,09:46:46:242,0.000000,0.000000,4,-125.57,-125.57,0,0,
09/24/2026,09:46:46:290,0.000000,0.000000,1,-118.28,-118.28,0,0,
09/24/2026,09:46:46:345,0.000000,0.000000,2,-113.48,-113.48,0,0,
09/24/2026,09:46:46:396,0.000000,0.000000,3,-89.64,-89.64,0,0,
09/24/2026,09:46:46:457,0.000000,0.000000,4,-121.61,-121.61,0,0,
09/24/2026,09:46:46:501,0.000000,0.000000,1,-118.67,-118.67,0,0,
09/24/2026,09:46:46:555,0.000000,0.000000,2,-114.72,-114.72,0,0,
09/24/2026,09:46:46:615,0.000000,0.000000,3,-93.25,-93.25,0,0,
09/24/2026,09:46:46:667,0.000000,0.000000,4,-124.39,-124.39,0,0,
09/24/2026,09:46:46:720,0.000000,0.000000,1,-112.57,-112.57,0,0,
09/24/2026,09:46:46:768,0.000000,0.000000,2,-115.48,-115.48,0,0,
09/24/2026,09:46:46:820,0.000000,0.000000,3,-85.19,-85.19,0,0,
09/24/2026,09:46:46:884,0.000000,0.000000,4,-122.69,-122.69,0,0,
09/24/2026,09:46:46:923,0.000000,0.000000,1,-111.7,-111.7,0,0,
09/24/2026,09:46:46:976,0.000000,0.000000,2,-113.82,-113.82,0,0,
09/24/2026,09:46:47:060,0.000000,0.000000,3,-85.28,-85.28,0,0,
09/24/2026,09:46:47:081,0.000000,0.000000,4,-124.32,-124.32,0,0,
09/24/2026,09:46:47:135,0.000000,0.000000,1,-120.52,-120.52,0,0,
09/24/2026,09:46:47:189,0.000000,0.000000,2,-114.45,-114.45,0,0,
09/24/2026,09:46:47:241,0.000000,0.000000,3,-74.49,-74.49,0,0,
09/24/2026,09:46:47:294,0.000000,0.000000,4,-123.25,-123.25,0,0,
09/24/2026,09:46:47:445,0.000000,0.000000,1,-111.64,-111.64,0,0,
09/24/2026,09:46:47:481,0.000000,0.000000,2,-116.89,-116.89,0,0,
09/24/2026,09:46:47:516,0.000000,0.000000,3,-93.01,-93.01,0,0,
09/24/2026,09:46:47:531,0.000000,0.000000,4,-123.01,-123.01,0,0,
09/24/2026,09:46:47:566,0.000000,0.000000,1,-116.51,-116.51,0,0,
09/24/2026,09:46:47:607,0.000000,0.000000,2,-118.07,-118.07,0,0,
09/24/2026,09:46:47:661,0.000000,0.000000,3,-83.67,-83.67,0,0,
09/24/2026,09:46:47:738,0.000000,0.000000,4,-125.31,-125.31,0,0,
09/24/2026,09:46:47:768,0.000000,0.000000,1,-115.53,-115.53,0,0,
09/24/2026,09:46:47:819,0.000000,0.000000,2,-116.73,-116.73,0,0,
09/24/2026,09:46:47:871,0.000000,0.000000,3,-68.92,-68.92,0,0,
09/24/2026,09:46:47:927,0.000000,0.000000,4,-124.24,-124.24,0,0,
09/24/2026,09:46:47:983,0.000000,0.000000,1,-103.92,-103.92,0,0,
09/24/2026,09:46:48:033,0.000000,0.000000,2,-107.05,-107.05,0,0,
09/24/2026,09:46:48:092,0.000000,0.000000,3,-82.18,-82.18,0,0,
09/24/2026,09:46:48:142,0.000000,0.000000,4,-122.03,-122.03,0,0,
09/24/2026,09:46:48:197,0.000000,0.000000,1,-104.14,-104.14,0,0,
09/24/2026,09:46:48:254,0.000000,0.000000,2,-113.95,-113.95,0,0,
09/24/2026,09:46:48:294,0.000000,0.000000,3,-67.06,-67.06,0,0,
09/24/2026,09:46:48:356,0.000000,0.000000,4,-121.57,-121.57,0,0,
09/24/2026,09:46:48:398,0.000000,0.000000,1,-111.43,-111.43,0,0,
09/24/2026,09:46:48:452,0.000000,0.000000,2,-111.95,-111.95,0,0,
09/24/2026,09:46:48:512,0.000000,0.000000,3,-84.65,-84.65,0,0,
09/24/2026,09:46:48:558,0.000000,0.000000,4,-122.49,-122.49,0,0,
09/24/2026,09:46:48:622,0.000000,0.000000,1,-108.93,-108.93,0,0,
09/24/2026,09:46:48:664,0.000000,0.000000,2,-116.86,-116.86,0,0,
09/24/2026,09:46:48:719,0.000000,0.000000,3,-80.63,-80.63,0,0,
09/24/2026,09:46:48:774,0.000000,0.000000,4,-123.52,-123.52,0,0,
09/24/2026,09:46:48:821,0.000000,0.000000,1,-118.7,-118.7,0,0,
09/24/2026,09:46:48:879,0.000000,0.000000,2,-115.55,-115.55,0,0,
09/24/2026,09:46:48:927,0.000000,0.000000,3,-82.78,-82.78,0,0,
09/24/2026,09:46:48:978,0.000000,0.000000,4,-122.98,-122.98,0,0,
09/24/2026,09:46:49:032,0.000000,0.000000,1,-117.3,-117.3,0,0,
09/24/2026,09:46:49:094,0.000000,0.000000,2,-114.61,-114.61,0,0,
09/24/2026,09:46:49:139,0.000000,0.000000,3,-94.1,-94.1,0,0,
09/24/2026,09:46:49:209,0.000000,0.000000,4,-124.79,-124.79,0,0,
09/24/2026,09:46:49:250,0.000000,0.000000,1,-113.74,-113.74,0,0,
09/24/2026,09:46:49:301,0.000000,0.000000,2,-118.38,-118.38,0,0,
09/24/2026,09:46:49:351,0.000000,0.000000,3,-108.38,-108.38,0,0,
09/24/2026,09:46:49:399,0.000000,0.000000,4,-123.13,-123.13,0,0,
09/24/2026,09:46:49:455,0.000000,0.000000,1,-113.98,-113.98,0,0,
09/24/2026,09:46:49:515,0.000000,0.000000,2,-113.99,-113.99,0,0,
09/24/2026,09:46:49:567,0.000000,0.000000,3,-77.52,-77.52,0,0,
09/24/2026,09:46:49:614,0.000000,0.000000,4,-124.13,-124.13,0,0,
09/24/2026,09:46:49:667,0.000000,0.000000,1,-114.83,-114.83,0,0,
09/24/2026,09:46:49:718,0.000000,0.000000,2,-114.89,-114.89,0,0,
09/24/2026,09:46:49:769,0.000000,0.000000,3,-72.59,-72.59,0,0,
09/24/2026,09:46:49:824,0.000000,0.000000,4,-122.3,-122.3,0,0,
09/24/2026,09:46:49:874,0.000000,0.000000,1,-112.81,-112.81,0,0,
09/24/2026,09:46:49:931,0.000000,0.000000,2,-112.62,-112.62,0,0,
09/24/2026,09:46:49:988,0.000000,0.000000,3,-79.55,-79.55,0,0,
09/24/2026,09:46:50:034,0.000000,0.000000,4,-123.59,-123.59,0,0,
09/24/2026,09:46:50:089,0.000000,0.000000,1,-117.34,-117.34,0,0,
09/24/2026,09:46:50:141,0.000000,0.000000,2,-113.52,-113.52,0,0,
09/24/2026,09:46:50:203,0.000000,0.000000,3,-76.85,-76.85,0,0,
09/24/2026,09:46:50:243,0.000000,0.000000,4,-122.87,-122.87,0,0,
09/24/2026,09:46:50:301,0.000000,0.000000,1,-119.27,-119.27,0,0,
09/24/2026,09:46:50:354,0.000000,0.000000,2,-116.21,-116.21,0,0,
09/24/2026,09:46:50:407,0.000000,0.000000,3,-81.08,-81.08,0,0,
09/24/2026,09:46:50:462,0.000000,0.000000,4,-122.4,-122.4,0,0,
09/24/2026,09:46:50:511,0.000000,0.000000,1,-116.77,-116.77,0,0,
09/24/2026,09:46:50:567,0.000000,0.000000,2,-114.39,-114.39,0,0,
09/24/2026,09:46:50:626,0.000000,0.000000,3,-94.34,-94.34,0,0,
09/24/2026,09:46:50:673,0.000000,0.000000,4,-121.91,-121.91,0,0,
09/24/2026,09:46:50:722,0.000000,0.000000,1,-115.36,-115.36,0,0,
09/24/2026,09:46:50:778,0.000000,0.000000,2,-114.67,-114.67,0,0,
09/24/2026,09:46:50:823,0.000000,0.000000,3,-81.99,-81.99,0,0,
09/24/2026,09:46:50:894,0.000000,0.000000,4,-122.64,-122.64,0,0,
09/24/2026,09:46:50:933,0.000000,0.000000,1,-119.56,-119.56,0,0,
09/24/2026,09:46:50:987,0.000000,0.000000,2,-114.75,-114.75,0,0,
09/24/2026,09:46:51:062,0.000000,0.000000,3,-79.1,-79.1,0,0,
09/24/2026,09:46:51:107,0.000000,0.000000,4,-119.38,-119.38,0,0,
09/24/2026,09:46:51:150,0.000000,0.000000,1,-111.01,-111.01,0,0,
09/24/2026,09:46:51:199,0.000000,0.000000,2,-110.59,-110.59,0,0,
09/24/2026,09:46:51:248,0.000000,0.000000,3,-77.08,-77.08,0,0,
09/24/2026,09:46:51:297,0.000000,0.000000,4,-121.23,-121.23,0,0,
09/24/2026,09:46:51:366,0.000000,0.000000,1,-117.29,-117.29,0,0,
09/24/2026,09:46:51:403,0.000000,0.000000,2,-115.18,-115.18,0,0,
09/24/2026,09:46:51:458,0.000000,0.000000,3,-98.4,-98.4,0,0,
09/24/2026,09:46:51:515,0.000000,0.000000,4,-123.18,-123.18,0,0,
09/24/2026,09:46:51:575,0.000000,0.000000,1,-113.72,-113.72,0,0,
09/24/2026,09:46:51:625,0.000000,0.000000,2,-114.13,-114.13,0,0,
09/24/2026,09:46:51:677,0.000000,0.000000,3,-87.59,-87.59,0,0,
09/24/2026,09:46:51:737,0.000000,0.000000,4,-121.06,-121.06,0,0,
09/24/2026,09:46:51:784,0.000000,0.000000,1,-118.77,-118.77,0,0,
09/24/2026,09:46:51:826,0.000000,0.000000,2,-114.06,-114.06,0,0,
09/24/2026,09:46:51:892,0.000000,0.000000,3,-89.95,-89.95,0,0,
09/24/2026,09:46:51:938,0.000000,0.000000,4,-121.19,-121.19,0,0,
09/24/2026,09:46:51:990,0.000000,0.000000,1,-113.21,-113.21,0,0,
09/24/2026,09:46:52:050,0.000000,0.000000,2,-111.58,-111.58,0,0,
09/24/2026,09:46:52:096,0.000000,0.000000,3,-77.34,-77.34,0,0,
09/24/2026,09:46:52:178,0.000000,0.000000,4,-120.2,-120.2,0,0,
09/24/2026,09:46:52:199,0.000000,0.000000,1,-116.48,-116.48,0,0,
09/24/2026,09:46:52:251,0.000000,0.000000,2,-113.91,-113.91,0,0,
09/24/2026,09:46:52:308,0.000000,0.000000,3,-92.78,-92.78,0,0,
09/24/2026,09:46:52:352,0.000000,0.000000,4,-121.99,-121.99,0,0,
09/24/2026,09:46:52:407,0.000000,0.000000,1,-116.87,-116.87,0,0,
09/24/2026,09:46:52:461,0.000000,0.000000,2,-114.33,-114.33,0,0,
09/24/2026,09:46:52:585,0.000000,0.000000,3,-83.46,-83.46,0,0,
09/24/2026,09:46:52:601,0.000000,0.000000,4,-119.2,-119.2,0,0,
09/24/2026,09:46:52:621,0.000000,0.000000,1,-117.93,-117.93,0,0,
09/24/2026,09:46:52:676,0.000000,0.000000,2,-116.89,-116.89,0,0,
09/24/2026,09:46:52:723,0.000000,0.000000,3,-89.76,-89.76,0,0,
09/24/2026,09:46:52:779,0.000000,0.000000,4,-122.31,-122.31,0,0,
09/24/2026,09:46:52:853,0.000000,0.000000,1,-121.17,-121.17,0,0,
09/24/2026,09:46:52:892,0.000000,0.000000,2,-117.69,-117.69,0,0,
09/24/2026,09:46:52:936,0.000000,0.000000,3,-82.33,-82.33,0,0,
09/24/2026,09:46:53:013,0.000000,0.000000,4,-124.56,-124.56,0,0,
09/24/2026,09:46:53:055,0.000000,0.000000,1,-118.86,-118.86,0,0,
09/24/2026,09:46:53:098,0.000000,0.000000,2,-117.16,-117.16,0,0,
09/24/2026,09:46:53:146,0.000000,0.000000,3,-86.02,-86.02,0,0,
09/24/2026,09:46:53:219,0.000000,0.000000,4,-126.64,-126.64,0,0,
09/24/2026,09:46:53:254,0.000000,0.000000,1,-122.35,-122.35,0,0,
09/24/2026,09:46:53:303,0.000000,0.000000,2,-115.61,-115.61,0,0,
09/24/2026,09:46:53:355,0.000000,0.000000,3,-89.16,-89.16,0,0,
09/24/2026,09:46:53:411,0.000000,0.000000,4,-123.06,-123.06,0,0,
09/24/2026,09:46:53:467,0.000000,0.000000,1,-119.25,-119.25,0,0,
09/24/2026,09:46:53:518,0.000000,0.000000,2,-116.19,-116.19,0,0,
09/24/2026,09:46:53:574,0.000000,0.000000,3,-90.95,-90.95,0,0,
09/24/2026,09:46:53:628,0.000000,0.000000,4,-124.33,-124.33,0,0,
09/24/2026,09:46:53:678,0.000000,0.000000,1,-119.8,-119.8,0,0,
09/24/2026,09:46:53:725,0.000000,0.000000,2,-119.6,-119.6,0,0,
09/24/2026,09:46:53:782,0.000000,0.000000,3,-89.54,-89.54,0,0,
09/24/2026,09:46:53:831,0.000000,0.000000,4,-123.66,-123.66,0,0,
09/24/2026,09:46:53:884,0.000000,0.000000,1,-117.29,-117.29,0,0,
09/24/2026,09:46:53:935,0.000000,0.000000,2,-116.27,-116.27,0,0,
09/24/2026,09:46:53:988,0.000000,0.000000,3,-90.17,-90.17,0,0,
09/24/2026,09:46:54:043,0.000000,0.000000,4,-122.38,-122.38,0,0,
09/24/2026,09:46:54:103,0.000000,0.000000,1,-120.5,-120.5,0,0,
09/24/2026,09:46:54:146,0.000000,0.000000,2,-114.06,-114.06,0,0,
09/24/2026,09:46:54:203,0.000000,0.000000,3,-91.83,-91.83,0,0,
09/24/2026,09:46:54:254,0.000000,0.000000,4,-122.56,-122.56,0,0,
09/24/2026,09:46:54:303,0.000000,0.000000,1,-117.86,-117.86,0,0,
09/24/2026,09:46:54:369,0.000000,0.000000,2,-116.87,-116.87,0,0,
09/24/2026,09:46:54:416,0.000000,0.000000,3,-100.84,-100.84,0,0,
09/24/2026,09:46:54:467,0.000000,0.000000,4,-123.59,-123.59,0,0,
09/24/2026,09:46:54:521,0.000000,0.000000,1,-119.13,-119.13,0,0,
09/24/2026,09:46:54:573,0.000000,0.000000,2,-115.21,-115.21,0,0,
09/24/2026,09:46:54:620,0.000000,0.000000,3,-88.6,-88.6,0,0,
09/24/2026,09:46:54:676,0.000000,0.000000,4,-123.53,-123.53,0,0,
09/24/2026,09:46:54:753,0.000000,0.000000,1,-121.06,-121.06,0,0,
09/24/2026,09:46:54:792,0.000000,0.000000,2,-115.39,-115.39,0,0,
09/24/2026,09:46:54:830,0.000000,0.000000,3,-91.33,-91.33,0,0,
09/24/2026,09:46:54:904,0.000000,0.000000,4,-121.89,-121.89,0,0,
09/24/2026,09:46:54:955,0.000000,0.000000,1,-119.19,-119.19,0,0,
09/24/2026,09:46:54:999,0.000000,0.000000,2,-116.46,-116.46,0,0,
09/24/2026,09:46:55:042,0.000000,0.000000,3,-106.53,-106.53,0,0,
09/24/2026,09:46:55:105,0.000000,0.000000,4,-123.31,-123.31,0,0,
09/24/2026,09:46:55:148,0.000000,0.000000,1,-119.54,-119.54,0,0,
09/24/2026,09:46:55:203,0.000000,0.000000,2,-114.98,-114.98,0,0,
09/24/2026,09:46:55:257,0.000000,0.000000,3,-97.23,-97.23,0,0,
09/24/2026,09:46:55:306,0.000000,0.000000,4,-122.96,-122.96,0,0,
09/24/2026,09:46:55:361,0.000000,0.000000,1,-118.31,-118.31,0,0,
09/24/2026,09:46:55:425,0.000000,0.000000,2,-114.2,-114.2,0,0,
09/24/2026,09:46:55:464,0.000000,0.000000,3,-86.52,-86.52,0,0,
09/24/2026,09:46:55:520,0.000000,0.000000,4,-120.05,-120.05,0,0,
09/24/2026,09:46:55:578,0.000000,0.000000,1,-117.51,-117.51,0,0,
09/24/2026,09:46:55:622,0.000000,0.000000,2,-115.99,-115.99,0,0,
09/24/2026,09:46:55:675,0.000000,0.000000,3,-90.53,-90.53,0,0,
09/24/2026,09:46:55:728,0.000000,0.000000,4,-122.57,-122.57,0,0,
09/24/2026,09:46:55:783,0.000000,0.000000,1,-119.26,-119.26,0,0,
09/24/2026,09:46:55:851,0.000000,0.000000,2,-116.83,-116.83,0,0,
09/24/2026,09:46:55:890,0.000000,0.000000,3,-103.38,-103.38,0,0,
09/24/2026,09:46:55:950,0.000000,0.000000,4,-123.57,-123.57,0,0,
09/24/2026,09:46:55:994,0.000000,0.000000,1,-119.5,-119.5,0,0,
09/24/2026,09:46:56:045,0.000000,0.000000,2,-116.97,-116.97,0,0,
09/24/2026,09:46:56:101,0.000000,0.000000,3,-90.83,-90.83,0,0,
09/24/2026,09:46:56:160,0.000000,0.000000,4,-120.58,-120.58,0,0,
09/24/2026,09:46:56:213,0.000000,0.000000,1,-120.26,-120.26,0,0,
09/24/2026,09:46:56:264,0.000000,0.000000,2,-115.25,-115.25,0,0,
09/24/2026,09:46:56:316,0.000000,0.000000,3,-87.95,-87.95,0,0,
09/24/2026,09:46:56:365,0.000000,0.000000,4,-123.8,-123.8,0,0,
09/24/2026,09:46:56:413,0.000000,0.000000,1,-121.5,-121.5,0,0,
09/24/2026,09:46:56:475,0.000000,0.000000,2,-116.13,-116.13,0,0,
09/24/2026,09:46:56:522,0.000000,0.000000,3,-103.59,-103.59,0,0,
09/24/2026,09:46:56:575,0.000000,0.000000,4,-122.54,-122.54,0,0,
09/24/2026,09:46:56:641,0.000000,0.000000,1,-121.62,-121.62,0,0,
09/24/2026,09:46:56:684,0.000000,0.000000,2,-119,-119,0,0,
09/24/2026,09:46:56:745,0.000000,0.000000,3,-96.46,-96.46,0,0,
09/24/2026,09:46:56:789,0.000000,0.000000,4,-123.15,-123.15,0,0,
09/24/2026,09:46:56:879,0.000000,0.000000,1,-120.67,-120.67,0,0,
09/24/2026,09:46:57:004,0.000000,0.000000,2,-116.88,-116.88,0,0,
09/24/2026,09:46:57:055,0.000000,0.000000,3,-86.51,-86.51,0,0,
09/24/2026,09:46:57:087,0.000000,0.000000,4,-122.57,-122.57,0,0,
09/24/2026,09:46:57:129,0.000000,0.000000,1,-121.01,-121.01,0,0,
09/24/2026,09:46:57:151,0.000000,0.000000,2,-118.1,-118.1,0,0,
09/24/2026,09:46:57:167,0.000000,0.000000,3,-90.09,-90.09,0,0,
09/24/2026,09:46:57:206,0.000000,0.000000,4,-120.83,-120.83,0,0,
09/24/2026,09:46:57:261,0.000000,0.000000,1,-117.8,-117.8,0,0,
09/24/2026,09:46:57:314,0.000000,0.000000,2,-119.12,-119.12,0,0,
09/24/2026,09:46:57:366,0.000000,0.000000,3,-89.05,-89.05,0,0,
09/24/2026,09:46:57:418,0.000000,0.000000,4,-121.63,-121.63,0,0,
09/24/2026,09:46:57:469,0.000000,0.000000,1,-119.84,-119.84,0,0,
09/24/2026,09:46:57:552,0.000000,0.000000,2,-113.36,-113.36,0,0,
09/24/2026,09:46:57:572,0.000000,0.000000,3,-91.56,-91.56,0,0,
09/24/2026,09:46:57:728,0.000000,0.000000,4,-119.6,-119.6,0,0,
09/24/2026,09:46:57:741,0.000000,0.000000,1,-118.54,-118.54,0,0,
09/24/2026,09:46:57:762,0.000000,0.000000,2,-115.67,-115.67,0,0,
09/24/2026,09:46:57:795,0.000000,0.000000,3,-85.99,-85.99,0,0,
09/24/2026,09:46:57:844,0.000000,0.000000,4,-118.57,-118.57,0,0,
09/24/2026,09:46:57:888,0.000000,0.000000,1,-120.67,-120.67,0,0,
09/24/2026,09:46:57:943,0.000000,0.000000,2,-113.22,-113.22,0,0,
09/24/2026,09:46:57:997,0.000000,0.000000,3,-87.38,-87.38,0,0,
09/24/2026,09:46:58:049,0.000000,0.000000,4,-120.79,-120.79,0,0,
09/24/2026,09:46:58:110,0.000000,0.000000,1,-117.18,-117.18,0,0,
09/24/2026,09:46:58:152,0.000000,0.000000,2,-114.38,-114.38,0,0,
09/24/2026,09:46:58:206,0.000000,0.000000,3,-87.52,-87.52,0,0,
