Date,Time,Latitude,Longitude,Channel,RSSI,Adjusted Value,Antenna Gain,Cable Loss
09/21/2026,11:10:29:143,0.000000,0.000000,1,-123.48,-123.48,0,0,
09/21/2026,11:10:29:186,0.000000,0.000000,2,-121.13,-121.13,0,0,
09/21/2026,11:10:29:239,0.000000,0.000000,3,-119.09,-119.09,0,0,
09/21/2026,11:10:29:290,0.000000,0.000000,4,-69.88,-69.88,0,0,
09/21/2026,11:10:29:388,0.000000,0.000000,1,-121.8,-121.8,0,0,
09/21/2026,11:10:29:429,0.000000,0.000000,2,-124,-124,0,0,
09/21/2026,11:10:29:518,0.000000,0.000000,3,-119.45,-119.45,0,0,
09/21/2026,11:10:29:568,0.000000,0.000000,4,-69.67,-69.67,0,0,
09/21/2026,11:10:29:640,0.000000,0.000000,1,-123.43,-123.43,0,0,
09/21/2026,11:10:29:711,0.000000,0.000000,2,-122.78,-122.78,0,0,
09/21/2026,11:10:29:802,0.000000,0.000000,3,-120.66,-120.66,0,0,
09/21/2026,11:10:29:847,0.000000,0.000000,4,-69.65,-69.65,0,0,
09/21/2026,11:10:29:926,0.000000,0.000000,1,-121.91,-121.91,0,0,
09/21/2026,11:10:30:001,0.000000,0.000000,2,-121.33,-121.33,0,0,
09/21/2026,11:10:30:079,0.000000,0.000000,3,-118.14,-118.14,0,0,
09/21/2026,11:10:30:127,0.000000,0.000000,4,-68.41,-68.41,0,0,
09/21/2026,11:10:30:198,0.000000,0.000000,1,-122,-122,0,0,
09/21/2026,11:10:30:268,0.000000,0.000000,2,-122.13,-122.13,0,0,
09/21/2026,11:10:30:356,0.000000,0.000000,3,-118.49,-118.49,0,0,
09/21/2026,11:10:30:405,0.000000,0.000000,4,-67.09,-67.09,0,0,
09/21/2026,11:10:30:479,0.000000,0.000000,1,-125.25,-125.25,0,0,
09/21/2026,11:10:30:597,0.000000,0.000000,2,-125.43,-125.43,0,0,
09/21/2026,11:10:30:689,0.000000,0.000000,3,-117.51,-117.51,0,0,
09/21/2026,11:10:30:700,0.000000,0.000000,4,-66.93,-66.93,0,0,
09/21/2026,11:10:30:806,0.000000,0.000000,1,-122.3,-122.3,0,0,
09/21/2026,11:10:30:858,0.000000,0.000000,2,-121.52,-121.52,0,0,
09/21/2026,11:10:30:914,0.000000,0.000000,3,-118.43,-118.43,0,0,
09/21/2026,11:10:30:962,0.000000,0.000000,4,-69.98,-69.98,0,0,
09/21/2026,11:10:31:042,0.000000,0.000000,1,-126.21,-126.21,0,0,
09/21/2026,11:10:31:112,0.000000,0.000000,2,-122.82,-122.82,0,0,
09/21/2026,11:10:31:198,0.000000,0.000000,3,-119.84,-119.84,0,0,
09/21/2026,11:10:31:243,0.000000,0.000000,4,-71.06,-71.06,0,0,
09/21/2026,11:10:31:315,0.000000,0.000000,1,-124.17,-124.17,0,0,
09/21/2026,11:10:31:385,0.000000,0.000000,2,-122.4,-122.4,0,0,
09/21/2026,11:10:31:472,0.000000,0.000000,3,-120.09,-120.09,0,0,
09/21/2026,11:10:31:521,0.000000,0.000000,4,-65.49,-65.49,0,0,
09/21/2026,11:10:31:595,0.000000,0.000000,1,-119.59,-119.59,0,0,
09/21/2026,11:10:31:673,0.000000,0.000000,2,-122.12,-122.12,0,0,
09/21/2026,11:10:31:756,0.000000,0.000000,3,-118.95,-118.95,0,0,
09/21/2026,11:10:31:820,0.000000,0.000000,4,-73.92,-73.92,0,0,
09/21/2026,11:10:31:877,0.000000,0.000000,1,-121.19,-121.19,0,0,
09/21/2026,11:10:31:949,0.000000,0.000000,2,-126.67,-126.67,0,0,
09/21/2026,11:10:32:032,0.000000,0.000000,3,-118.64,-118.64,0,0,
09/21/2026,11:10:32:083,0.000000,0.000000,4,-68.04,-68.04,0,0,
09/21/2026,11:10:32:148,0.000000,0.000000,1,-124.76,-124.76,0,0,
09/21/2026,11:10:32:222,0.000000,0.000000,2,-123.3,-123.3,0,0,
09/21/2026,11:10:32:319,0.000000,0.000000,3,-119.17,-119.17,0,0,
09/21/2026,11:10:32:423,0.000000,0.000000,4,-68.42,-68.42,0,0,
09/21/2026,11:10:32:442,0.000000,0.000000,1,-120.27,-120.27,0,0,
09/21/2026,11:10:32:547,0.000000,0.000000,2,-122.89,-122.89,0,0,
09/21/2026,11:10:32:621,0.000000,0.000000,3,-120.04,-120.04,0,0,
09/21/2026,11:10:32:643,0.000000,0.000000,4,-69.35,-69.35,0,0,
09/21/2026,11:10:32:712,0.000000,0.000000,1,-121.79,-121.79,0,0,
09/21/2026,11:10:32:774,0.000000,0.000000,2,-121.94,-121.94,0,0,
09/21/2026,11:10:32:864,0.000000,0.000000,3,-119.8,-119.8,0,0,
09/21/2026,11:10:32:915,0.000000,0.000000,4,-67.16,-67.16,0,0,
09/21/2026,11:10:32:986,0.000000,0.000000,1,-122.32,-122.32,0,0,
09/21/2026,11:10:33:056,0.000000,0.000000,2,-120.12,-120.12,0,0,
09/21/2026,11:10:33:142,0.000000,0.000000,3,-119.29,-119.29,0,0,
09/21/2026,11:10:33:232,0.000000,0.000000,4,-64.9,-64.9,0,0,
09/21/2026,11:10:33:263,0.000000,0.000000,1,-126.46,-126.46,0,0,
09/21/2026,11:10:33:333,0.000000,0.000000,2,-122.45,-122.45,0,0,
09/21/2026,11:10:33:424,0.000000,0.000000,3,-117.46,-117.46,0,0,
09/21/2026,11:10:33:478,0.000000,0.000000,4,-61.25,-61.25,0,0,
09/21/2026,11:10:33:544,0.000000,0.000000,1,-121.8,-121.8,0,0,
09/21/2026,11:10:33:621,0.000000,0.000000,2,-123.19,-123.19,0,0,
09/21/2026,11:10:33:700,0.000000,0.000000,3,-118.53,-118.53,0,0,
09/21/2026,11:10:33:753,0.000000,0.000000,4,-64.12,-64.12,0,0,
09/21/2026,11:10:33:822,0.000000,0.000000,1,-123.43,-123.43,0,0,
09/21/2026,11:10:33:891,0.000000,0.000000,2,-121.06,-121.06,0,0,
09/21/2026,11:10:33:983,0.000000,0.000000,3,-120.51,-120.51,0,0,
09/21/2026,11:10:34:032,0.000000,0.000000,4,-67.16,-67.16,0,0,
09/21/2026,11:10:34:109,0.000000,0.000000,1,-123.24,-123.24,0,0,
09/21/2026,11:10:34:190,0.000000,0.000000,2,-121.39,-121.39,0,0,
09/21/2026,11:10:34:643,0.000000,0.000000,3,-117.67,-117.67,0,0,
09/21/2026,11:10:34:661,0.000000,0.000000,4,-65.85,-65.85,0,0,
09/21/2026,11:10:34:679,0.000000,0.000000,1,-122.62,-122.62,0,0,
09/21/2026,11:10:34:693,0.000000,0.000000,2,-123.74,-123.74,0,0,
09/21/2026,11:10:34:727,0.000000,0.000000,3,-120.2,-120.2,0,0,
09/21/2026,11:10:34:750,0.000000,0.000000,4,-69.66,-69.66,0,0,
09/21/2026,11:10:34:780,0.000000,0.000000,1,-121.05,-121.05,0,0,
09/21/2026,11:10:34:798,0.000000,0.000000,2,-123.51,-123.51,0,0,
09/21/2026,11:10:34:841,0.000000,0.000000,3,-118.76,-118.76,0,0,
09/21/2026,11:10:34:871,0.000000,0.000000,4,-63.12,-63.12,0,0,
09/21/2026,11:10:34:935,0.000000,0.000000,1,-121.81,-121.81,0,0,
09/21/2026,11:10:35:005,0.000000,0.000000,2,-121.85,-121.85,0,0,
09/21/2026,11:10:35:095,0.000000,0.000000,3,-118.94,-118.94,0,0,
09/21/2026,11:10:35:145,0.000000,0.000000,4,-64.52,-64.52,0,0,
09/21/2026,11:10:35:215,0.000000,0.000000,1,-123.58,-123.58,0,0,
09/21/2026,11:10:35:289,0.000000,0.000000,2,-122.6,-122.6,0,0,
09/21/2026,11:10:35:375,0.000000,0.000000,3,-118.78,-118.78,0,0,
09/21/2026,11:10:35:430,0.000000,0.000000,4,-68.09,-68.09,0,0,
09/21/2026,11:10:35:499,0.000000,0.000000,1,-122.52,-122.52,0,0,
09/21/2026,11:10:35:568,0.000000,0.000000,2,-123.94,-123.94,0,0,
09/21/2026,11:10:35:652,0.000000,0.000000,3,-121.49,-121.49,0,0,
09/21/2026,11:10:35:705,0.000000,0.000000,4,-68.36,-68.36,0,0,
09/21/2026,11:10:35:775,0.000000,0.000000,1,-123.12,-123.12,0,0,
09/21/2026,11:10:35:859,0.000000,0.000000,2,-122.18,-122.18,0,0,
09/21/2026,11:10:35:963,0.000000,0.000000,3,-119.71,-119.71,0,0,
09/21/2026,11:10:36:052,0.000000,0.000000,4,-62.74,-62.74,0,0,
09/21/2026,11:10:36:061,0.000000,0.000000,1,-123.27,-123.27,0,0,
09/21/2026,11:10:36:150,0.000000,0.000000,2,-123.81,-123.81,0,0,
09/21/2026,11:10:36:210,0.000000,0.000000,3,-120.37,-120.37,0,0,
09/21/2026,11:10:36:263,0.000000,0.000000,4,-67.71,-67.71,0,0,
09/21/2026,11:10:36:340,0.000000,0.000000,1,-123.6,-123.6,0,0,
09/21/2026,11:10:36:401,0.000000,0.000000,2,-122.3,-122.3,0,0,
09/21/2026,11:10:36:505,0.000000,0.000000,3,-118.74,-118.74,0,0,
09/21/2026,11:10:36:545,0.000000,0.000000,4,-66.52,-66.52,0,0,
09/21/2026,11:10:36:614,0.000000,0.000000,1,-122.7,-122.7,0,0,
09/21/2026,11:10:36:681,0.000000,0.000000,2,-117.28,-117.28,0,0,
09/21/2026,11:10:36:777,0.000000,0.000000,3,-118.83,-118.83,0,0,
09/21/2026,11:10:36:825,0.000000,0.000000,4,-59.73,-59.73,0,0,
09/21/2026,11:10:36:888,0.000000,0.000000,1,-126.31,-126.31,0,0,
09/21/2026,11:10:36:959,0.000000,0.000000,2,-124.14,-124.14,0,0,
09/21/2026,11:10:37:059,0.000000,0.000000,3,-120.28,-120.28,0,0,
09/21/2026,11:10:37:111,0.000000,0.000000,4,-63.31,-63.31,0,0,
09/21/2026,11:10:37:176,0.000000,0.000000,1,-121.88,-121.88,0,0,
09/21/2026,11:10:37:252,0.000000,0.000000,2,-118.72,-118.72,0,0,
09/21/2026,11:10:37:325,0.000000,0.000000,3,-116.29,-116.29,0,0,
09/21/2026,11:10:37:382,0.000000,0.000000,4,-68.56,-68.56,0,0,
09/21/2026,11:10:37:449,0.000000,0.000000,1,-115.48,-115.48,0,0,
09/21/2026,11:10:37:516,0.000000,0.000000,2,-121.32,-121.32,0,0,
09/21/2026,11:10:37:607,0.000000,0.000000,3,-118.27,-118.27,0,0,
09/21/2026,11:10:37:655,0.000000,0.000000,4,-69.08,-69.08,0,0,
09/21/2026,11:10:37:726,0.000000,0.000000,1,-124.34,-124.34,0,0,
09/21/2026,11:10:37:811,0.000000,0.000000,2,-122.52,-122.52,0,0,
09/21/2026,11:10:37:892,0.000000,0.000000,3,-117.61,-117.61,0,0,
09/21/2026,11:10:37:964,0.000000,0.000000,4,-72.71,-72.71,0,0,
09/21/2026,11:10:38:031,0.000000,0.000000,1,-124.36,-124.36,0,0,
09/21/2026,11:10:38:094,0.000000,0.000000,2,-122.04,-122.04,0,0,
09/21/2026,11:10:38:163,0.000000,0.000000,3,-116.45,-116.45,0,0,
09/21/2026,11:10:38:213,0.000000,0.000000,4,-68.97,-68.97,0,0,
09/21/2026,11:10:38:283,0.000000,0.000000,1,-125.48,-125.48,0,0,
09/21/2026,11:10:38:352,0.000000,0.000000,2,-119.31,-119.31,0,0,
09/21/2026,11:10:38:442,0.000000,0.000000,3,-116.55,-116.55,0,0,
09/21/2026,11:10:38:494,0.000000,0.000000,4,-67.44,-67.44,0,0,
09/21/2026,11:10:38:563,0.000000,0.000000,1,-122.32,-122.32,0,0,
09/21/2026,11:10:38:634,0.000000,0.000000,2,-119.79,-119.79,0,0,
09/21/2026,11:10:38:721,0.000000,0.000000,3,-118.49,-118.49,0,0,
09/21/2026,11:10:38:796,0.000000,0.000000,4,-67.33,-67.33,0,0,
09/21/2026,11:10:38:841,0.000000,0.000000,1,-120.11,-120.11,0,0,
09/21/2026,11:10:38:911,0.000000,0.000000,2,-121.59,-121.59,0,0,
09/21/2026,11:10:38:998,0.000000,0.000000,3,-120.68,-120.68,0,0,
09/21/2026,11:10:39:053,0.000000,0.000000,4,-70.16,-70.16,0,0,
09/21/2026,11:10:39:124,0.000000,0.000000,1,-121.7,-121.7,0,0,
09/21/2026,11:10:39:192,0.000000,0.000000,2,-124.14,-124.14,0,0,
09/21/2026,11:10:39:280,0.000000,0.000000,3,-119.47,-119.47,0,0,
09/21/2026,11:10:39:329,0.000000,0.000000,4,-67.21,-67.21,0,0,
09/21/2026,11:10:39:401,0.000000,0.000000,1,-123.14,-123.14,0,0,
09/21/2026,11:10:39:473,0.000000,0.000000,2,-112.9,-112.9,0,0,
09/21/2026,11:10:39:558,0.000000,0.000000,3,-114.26,-114.26,0,0,
09/21/2026,11:10:39:620,0.000000,0.000000,4,-66.62,-66.62,0,0,
09/21/2026,11:10:39:684,0.000000,0.000000,1,-118.42,-118.42,0,0,
09/21/2026,11:10:39:747,0.000000,0.000000,2,-112.59,-112.59,0,0,
09/21/2026,11:10:39:874,0.000000,0.000000,3,-115.54,-115.54,0,0,
09/21/2026,11:10:39:887,0.000000,0.000000,4,-75.79,-75.79,0,0,
09/21/2026,11:10:39:960,0.000000,0.000000,1,-120.6,-120.6,0,0,
09/21/2026,11:10:40:044,0.000000,0.000000,2,-124.27,-124.27,0,0,
09/21/2026,11:10:40:119,0.000000,0.000000,3,-116.57,-116.57,0,0,
09/21/2026,11:10:40:169,0.000000,0.000000,4,-68.97,-68.97,0,0,
09/21/2026,11:10:40:240,0.000000,0.000000,1,-119.14,-119.14,0,0,
09/21/2026,11:10:40:304,0.000000,0.000000,2,-122.02,-122.02,0,0,
09/21/2026,11:10:40:393,0.000000,0.000000,3,-118.27,-118.27,0,0,
09/21/2026,11:10:40:452,0.000000,0.000000,4,-77.07,-77.07,0,0,
09/21/2026,11:10:40:514,0.000000,0.000000,1,-120.42,-120.42,0,0,
09/21/2026,11:10:40:585,0.000000,0.000000,2,-119.76,-119.76,0,0,
09/21/2026,11:10:40:673,0.000000,0.000000,3,-121.14,-121.14,0,0,
09/21/2026,11:10:40:723,0.000000,0.000000,4,-78.24,-78.24,0,0,
09/21/2026,11:10:40:797,0.000000,0.000000,1,-120.19,-120.19,0,0,
09/21/2026,11:10:40:863,0.000000,0.000000,2,-120.12,-120.12,0,0,
09/21/2026,11:10:40:951,0.000000,0.000000,3,-118.53,-118.53,0,0,
09/21/2026,11:10:41:012,0.000000,0.000000,4,-73.35,-73.35,0,0,
09/21/2026,11:10:41:073,0.000000,0.000000,1,-121.16,-121.16,0,0,
09/21/2026,11:10:41:151,0.000000,0.000000,2,-119.25,-119.25,0,0,
09/21/2026,11:10:41:234,0.000000,0.000000,3,-117.49,-117.49,0,0,
09/21/2026,11:10:41:285,0.000000,0.000000,4,-70.33,-70.33,0,0,
09/21/2026,11:10:41:354,0.000000,0.000000,1,-115.82,-115.82,0,0,
09/21/2026,11:10:41:423,0.000000,0.000000,2,-115.59,-115.59,0,0,
09/21/2026,11:10:41:595,0.000000,0.000000,3,-114.62,-114.62,0,0,
09/21/2026,11:10:41:615,0.000000,0.000000,4,-69.48,-69.48,0,0,
09/21/2026,11:10:41:662,0.000000,0.000000,1,-112.12,-112.12,0,0,
09/21/2026,11:10:41:703,0.000000,0.000000,2,-114.47,-114.47,0,0,
09/21/2026,11:10:41:832,0.000000,0.000000,3,-114.71,-114.71,0,0,
09/21/2026,11:10:41:860,0.000000,0.000000,4,-70.28,-70.28,0,0,
09/21/2026,11:10:41:907,0.000000,0.000000,1,-112.04,-112.04,0,0,
09/21/2026,11:10:41:978,0.000000,0.000000,2,-115.62,-115.62,0,0,
09/21/2026,11:10:42:069,0.000000,0.000000,3,-109.67,-109.67,0,0,
09/21/2026,11:10:42:120,0.000000,0.000000,4,-70.6,-70.6,0,0,
09/21/2026,11:10:42:189,0.000000,0.000000,1,-124.63,-124.63,0,0,
09/21/2026,11:10:42:258,0.000000,0.000000,2,-115.4,-115.4,0,0,
09/21/2026,11:10:42:346,0.000000,0.000000,3,-110.25,-110.25,0,0,
09/21/2026,11:10:42:400,0.000000,0.000000,4,-71.25,-71.25,0,0,
09/21/2026,11:10:42:468,0.000000,0.000000,1,-119.85,-119.85,0,0,
09/21/2026,11:10:42:540,0.000000,0.000000,2,-123.95,-123.95,0,0,
09/21/2026,11:10:42:631,0.000000,0.000000,3,-118.73,-118.73,0,0,
09/21/2026,11:10:42:675,0.000000,0.000000,4,-67.69,-67.69,0,0,
09/21/2026,11:10:42:751,0.000000,0.000000,1,-120.75,-120.75,0,0,
09/21/2026,11:10:42:825,0.000000,0.000000,2,-121.8,-121.8,0,0,
09/21/2026,11:10:42:908,0.000000,0.000000,3,-117.59,-117.59,0,0,
09/21/2026,11:10:42:955,0.000000,0.000000,4,-77.63,-77.63,0,0,
09/21/2026,11:10:43:025,0.000000,0.000000,1,-123.41,-123.41,0,0,
09/21/2026,11:10:43:097,0.000000,0.000000,2,-111.59,-111.59,0,0,
09/21/2026,11:10:43:185,0.000000,0.000000,3,-115.7,-115.7,0,0,
09/21/2026,11:10:43:246,0.000000,0.000000,4,-75.04,-75.04,0,0,
09/21/2026,11:10:43:319,0.000000,0.000000,1,-122.28,-122.28,0,0,
09/21/2026,11:10:43:395,0.000000,0.000000,2,-121.88,-121.88,0,0,
09/21/2026,11:10:43:464,0.000000,0.000000,3,-119.71,-119.71,0,0,
09/21/2026,11:10:43:517,0.000000,0.000000,4,-67.37,-67.37,0,0,
09/21/2026,11:10:43:601,0.000000,0.000000,1,-123.45,-123.45,0,0,
09/21/2026,11:10:43:654,0.000000,0.000000,2,-119.75,-119.75,0,0,
09/21/2026,11:10:43:741,0.000000,0.000000,3,-119.75,-119.75,0,0,
09/21/2026,11:10:43:791,0.000000,0.000000,4,-75.27,-75.27,0,0,
09/21/2026,11:10:43:865,0.000000,0.000000,1,-122.28,-122.28,0,0,
09/21/2026,11:10:43:932,0.000000,0.000000,2,-122.88,-122.88,0,0,
09/21/2026,11:10:44:028,0.000000,0.000000,3,-120.88,-120.88,0,0,
09/21/2026,11:10:44:069,0.000000,0.000000,4,-68.02,-68.02,0,0,
09/21/2026,11:10:44:140,0.000000,0.000000,1,-123.34,-123.34,0,0,
09/21/2026,11:10:44:211,0.000000,0.000000,2,-122.33,-122.33,0,0,
09/21/2026,11:10:44:298,0.000000,0.000000,3,-119.98,-119.98,0,0,
09/21/2026,11:10:44:349,0.000000,0.000000,4,-68.11,-68.11,0,0,
09/21/2026,11:10:44:424,0.000000,0.000000,1,-123.64,-123.64,0,0,
09/21/2026,11:10:44:493,0.000000,0.000000,2,-118.98,-118.98,0,0,
09/21/2026,11:10:44:576,0.000000,0.000000,3,-120.07,-120.07,0,0,
09/21/2026,11:10:44:630,0.000000,0.000000,4,-64.98,-64.98,0,0,
09/21/2026,11:10:44:706,0.000000,0.000000,1,-119.46,-119.46,0,0,
09/21/2026,11:10:45:192,0.000000,0.000000,2,-122.34,-122.34,0,0,
09/21/2026,11:10:45:275,0.000000,0.000000,3,-118.79,-118.79,0,0,
09/21/2026,11:10:45:333,0.000000,0.000000,4,-72.51,-72.51,0,0,
09/21/2026,11:10:45:346,0.000000,0.000000,1,-124.54,-124.54,0,0,
09/21/2026,11:10:45:388,0.000000,0.000000,2,-119.47,-119.47,0,0,
09/21/2026,11:10:45:458,0.000000,0.000000,3,-118.82,-118.82,0,0,
09/21/2026,11:10:45:508,0.000000,0.000000,4,-71.04,-71.04,0,0,
09/21/2026,11:10:45:539,0.000000,0.000000,1,-123.19,-123.19,0,0,
09/21/2026,11:10:45:562,0.000000,0.000000,2,-122.86,-122.86,0,0,
09/21/2026,11:10:45:585,0.000000,0.000000,3,-118.85,-118.85,0,0,
09/21/2026,11:10:45:601,0.000000,0.000000,4,-66.75,-66.75,0,0,
09/21/2026,11:10:45:628,0.000000,0.000000,1,-123.36,-123.36,0,0,
09/21/2026,11:10:45:645,0.000000,0.000000,2,-124.58,-124.58,0,0,
09/21/2026,11:10:45:697,0.000000,0.000000,3,-119.3,-119.3,0,0,
09/21/2026,11:10:45:744,0.000000,0.000000,4,-68.49,-68.49,0,0,
09/21/2026,11:10:45:812,0.000000,0.000000,1,-123.84,-123.84,0,0,
09/21/2026,11:10:45:882,0.000000,0.000000,2,-121.71,-121.71,0,0,
09/21/2026,11:10:45:973,0.000000,0.000000,3,-119.4,-119.4,0,0,
09/21/2026,11:10:46:022,0.000000,0.000000,4,-67.27,-67.27,0,0,
09/21/2026,11:10:46:092,0.000000,0.000000,1,-125.95,-125.95,0,0,
09/21/2026,11:10:46:161,0.000000,0.000000,2,-121.5,-121.5,0,0,
09/21/2026,11:10:46:251,0.000000,0.000000,3,-120.14,-120.14,0,0,
09/21/2026,11:10:46:302,0.000000,0.000000,4,-65.91,-65.91,0,0,
09/21/2026,11:10:46:371,0.000000,0.000000,1,-123.81,-123.81,0,0,
09/21/2026,11:10:46:440,0.000000,0.000000,2,-120.99,-120.99,0,0,
09/21/2026,11:10:46:528,0.000000,0.000000,3,-120.6,-120.6,0,0,
09/21/2026,11:10:46:582,0.000000,0.000000,4,-66.68,-66.68,0,0,
09/21/2026,11:10:46:650,0.000000,0.000000,1,-124.57,-124.57,0,0,
09/21/2026,11:10:46:720,0.000000,0.000000,2,-123.43,-123.43,0,0,
09/21/2026,11:10:46:808,0.000000,0.000000,3,-118.84,-118.84,0,0,
09/21/2026,11:10:46:860,0.000000,0.000000,4,-67.57,-67.57,0,0,
09/21/2026,11:10:46:930,0.000000,0.000000,1,-123.82,-123.82,0,0,
09/21/2026,11:10:47:000,0.000000,0.000000,2,-121.59,-121.59,0,0,
09/21/2026,11:10:47:091,0.000000,0.000000,3,-118.93,-118.93,0,0,
09/21/2026,11:10:47:139,0.000000,0.000000,4,-68.62,-68.62,0,0,
09/21/2026,11:10:47:236,0.000000,0.000000,1,-122.3,-122.3,0,0,
09/21/2026,11:10:47:317,0.000000,0.000000,2,-124.01,-124.01,0,0,
09/21/2026,11:10:47:397,0.000000,0.000000,3,-119.17,-119.17,0,0,
09/21/2026,11:10:47:445,0.000000,0.000000,4,-73.41,-73.41,0,0,
09/21/2026,11:10:47:499,0.000000,0.000000,1,-122.2,-122.2,0,0,
09/21/2026,11:10:47:585,0.000000,0.000000,2,-123.37,-123.37,0,0,
09/21/2026,11:10:47:645,0.000000,0.000000,3,-118.49,-118.49,0,0,
09/21/2026,11:10:47:696,0.000000,0.000000,4,-68.78,-68.78,0,0,
09/21/2026,11:10:47:764,0.000000,0.000000,1,-123.34,-123.34,0,0,
09/21/2026,11:10:47:840,0.000000,0.000000,2,-124.18,-124.18,0,0,
09/21/2026,11:10:47:929,0.000000,0.000000,3,-117.42,-117.42,0,0,
09/21/2026,11:10:47:977,0.000000,0.000000,4,-62.93,-62.93,0,0,
09/21/2026,11:10:48:046,0.000000,0.000000,1,-121.48,-121.48,0,0,
09/21/2026,11:10:48:113,0.000000,0.000000,2,-123.17,-123.17,0,0,
09/21/2026,11:10:48:202,0.000000,0.000000,3,-120.06,-120.06,0,0,
09/21/2026,11:10:48:256,0.000000,0.000000,4,-68.78,-68.78,0,0,
09/21/2026,11:10:48:324,0.000000,0.000000,1,-123.33,-123.33,0,0,
09/21/2026,11:10:48:396,0.000000,0.000000,2,-122.95,-122.95,0,0,
09/21/2026,11:10:48:486,0.000000,0.000000,3,-119.19,-119.19,0,0,
09/21/2026,11:10:48:534,0.000000,0.000000,4,-63.13,-63.13,0,0,
09/21/2026,11:10:48:601,0.000000,0.000000,1,-122.07,-122.07,0,0,
09/21/2026,11:10:48:672,0.000000,0.000000,2,-122.56,-122.56,0,0,
09/21/2026,11:10:48:760,0.000000,0.000000,3,-119.6,-119.6,0,0,
09/21/2026,11:10:48:812,0.000000,0.000000,4,-71.16,-71.16,0,0,
09/21/2026,11:10:48:903,0.000000,0.000000,1,-124.68,-124.68,0,0,
09/21/2026,11:10:48:987,0.000000,0.000000,2,-123.27,-123.27,0,0,
09/21/2026,11:10:49:039,0.000000,0.000000,3,-117.37,-117.37,0,0,
09/21/2026,11:10:49:168,0.000000,0.000000,4,-68.09,-68.09,0,0,
09/21/2026,11:10:49:206,0.000000,0.000000,1,-123.84,-123.84,0,0,
09/21/2026,11:10:49:245,0.000000,0.000000,2,-122.8,-122.8,0,0,
09/21/2026,11:10:49:319,0.000000,0.000000,3,-121.17,-121.17,0,0,
09/21/2026,11:10:49:369,0.000000,0.000000,4,-70.63,-70.63,0,0,
09/21/2026,11:10:49:440,0.000000,0.000000,1,-123.66,-123.66,0,0,
09/21/2026,11:10:49:512,0.000000,0.000000,2,-121.85,-121.85,0,0,
09/21/2026,11:10:49:601,0.000000,0.000000,3,-119.5,-119.5,0,0,
09/21/2026,11:10:49:651,0.000000,0.000000,4,-66.86,-66.86,0,0,
09/21/2026,11:10:49:722,0.000000,0.000000,1,-123.71,-123.71,0,0,
09/21/2026,11:10:49:789,0.000000,0.000000,2,-121.43,-121.43,0,0,
09/21/2026,11:10:49:876,0.000000,0.000000,3,-118.37,-118.37,0,0,
09/21/2026,11:10:49:927,0.000000,0.000000,4,-70.78,-70.78,0,0,
09/21/2026,11:10:49:998,0.000000,0.000000,1,-122.44,-122.44,0,0,
09/21/2026,11:10:50:072,0.000000,0.000000,2,-121.9,-121.9,0,0,
09/21/2026,11:10:50:159,0.000000,0.000000,3,-118.49,-118.49,0,0,
09/21/2026,11:10:50:205,0.000000,0.000000,4,-67.37,-67.37,0,0,
09/21/2026,11:10:50:280,0.000000,0.000000,1,-127.1,-127.1,0,0,
09/21/2026,11:10:50:344,0.000000,0.000000,2,-122.23,-122.23,0,0,
09/21/2026,11:10:50:433,0.000000,0.000000,3,-120.02,-120.02,0,0,
09/21/2026,11:10:50:484,0.000000,0.000000,4,-71.31,-71.31,0,0,
09/21/2026,11:10:50:555,0.000000,0.000000,1,-122.94,-122.94,0,0,
09/21/2026,11:10:50:623,0.000000,0.000000,2,-123.42,-123.42,0,0,
09/21/2026,11:10:50:712,0.000000,0.000000,3,-120.27,-120.27,0,0,
09/21/2026,11:10:50:763,0.000000,0.000000,4,-72.85,-72.85,0,0,
09/21/2026,11:10:50:835,0.000000,0.000000,1,-124.39,-124.39,0,0,
09/21/2026,11:10:50:937,0.000000,0.000000,2,-123.1,-123.1,0,0,
09/21/2026,11:10:51:015,0.000000,0.000000,3,-118.28,-118.28,0,0,
09/21/2026,11:10:51:093,0.000000,0.000000,4,-70.13,-70.13,0,0,
09/21/2026,11:10:51:113,0.000000,0.000000,1,-126.39,-126.39,0,0,
09/21/2026,11:10:51:182,0.000000,0.000000,2,-122.64,-122.64,0,0,
09/21/2026,11:10:51:275,0.000000,0.000000,3,-118.91,-118.91,0,0,
09/21/2026,11:10:51:321,0.000000,0.000000,4,-70.03,-70.03,0,0,
09/21/2026,11:10:51:390,0.000000,0.000000,1,-121.9,-121.9,0,0,
09/21/2026,11:10:51:461,0.000000,0.000000,2,-124.86,-124.86,0,0,
09/21/2026,11:10:51:548,0.000000,0.000000,3,-119.48,-119.48,0,0,
09/21/2026,11:10:51:603,0.000000,0.000000,4,-71.5,-71.5,0,0,
09/21/2026,11:10:51:674,0.000000,0.000000,1,-124.34,-124.34,0,0,
09/21/2026,11:10:51:738,0.000000,0.000000,2,-122.92,-122.92,0,0,
09/21/2026,11:10:51:830,0.000000,0.000000,3,-118.83,-118.83,0,0,
09/21/2026,11:10:51:880,0.000000,0.000000,4,-69.83,-69.83,0,0,
09/21/2026,11:10:51:950,0.000000,0.000000,1,-124.53,-124.53,0,0,
09/21/2026,11:10:52:019,0.000000,0.000000,2,-123.27,-123.27,0,0,
09/21/2026,11:10:52:110,0.000000,0.000000,3,-120.26,-120.26,0,0,
09/21/2026,11:10:52:161,0.000000,0.000000,4,-72,-72,0,0,
09/21/2026,11:10:52:227,0.000000,0.000000,1,-124.21,-124.21,0,0,
09/21/2026,11:10:52:299,0.000000,0.000000,2,-125.02,-125.02,0,0,
09/21/2026,11:10:52:384,0.000000,0.000000,3,-117.34,-117.34,0,0,
09/21/2026,11:10:52:435,0.000000,0.000000,4,-79.41,-79.41,0,0,
09/21/2026,11:10:52:506,0.000000,0.000000,1,-125.63,-125.63,0,0,
09/21/2026,11:10:52:577,0.000000,0.000000,2,-124.83,-124.83,0,0,
09/21/2026,11:10:52:695,0.000000,0.000000,3,-118.16,-118.16,0,0,
09/21/2026,11:10:52:717,0.000000,0.000000,4,-70.17,-70.17,0,0,
09/21/2026,11:10:52:817,0.000000,0.000000,1,-124.16,-124.16,0,0,
09/21/2026,11:10:52:884,0.000000,0.000000,2,-122.34,-122.34,0,0,
09/21/2026,11:10:52:951,0.000000,0.000000,3,-118.87,-118.87,0,0,
09/21/2026,11:10:53:025,0.000000,0.000000,4,-77.99,-77.99,0,0,
09/21/2026,11:10:53:063,0.000000,0.000000,1,-122.01,-122.01,0,0,
09/21/2026,11:10:53:136,0.000000,0.000000,2,-122.92,-122.92,0,0,
09/21/2026,11:10:53:221,0.000000,0.000000,3,-117.67,-117.67,0,0,
09/21/2026,11:10:53:281,0.000000,0.000000,4,-78.84,-78.84,0,0,
09/21/2026,11:10:53:342,0.000000,0.000000,1,-122.5,-122.5,0,0,
09/21/2026,11:10:53:415,0.000000,0.000000,2,-122.12,-122.12,0,0,
09/21/2026,11:10:53:501,0.000000,0.000000,3,-118.62,-118.62,0,0,
09/21/2026,11:10:53:553,0.000000,0.000000,4,-72.68,-72.68,0,0,
09/21/2026,11:10:53:622,0.000000,0.000000,1,-123.46,-123.46,0,0,
09/21/2026,11:10:53:699,0.000000,0.000000,2,-121.52,-121.52,0,0,
09/21/2026,11:10:53:782,0.000000,0.000000,3,-117.33,-117.33,0,0,
09/21/2026,11:10:53:839,0.000000,0.000000,4,-78.49,-78.49,0,0,
09/21/2026,11:10:53:900,0.000000,0.000000,1,-123.54,-123.54,0,0,
09/21/2026,11:10:53:969,0.000000,0.000000,2,-123.09,-123.09,0,0,
09/21/2026,11:10:54:060,0.000000,0.000000,3,-118.94,-118.94,0,0,
09/21/2026,11:10:54:114,0.000000,0.000000,4,-72.81,-72.81,0,0,
09/21/2026,11:10:54:184,0.000000,0.000000,1,-123.92,-123.92,0,0,
09/21/2026,11:10:54:251,0.000000,0.000000,2,-123.67,-123.67,0,0,
09/21/2026,11:10:54:348,0.000000,0.000000,3,-117.86,-117.86,0,0,
09/21/2026,11:10:54:388,0.000000,0.000000,4,-66.65,-66.65,0,0,
09/21/2026,11:10:54:459,0.000000,0.000000,1,-123.93,-123.93,0,0,
09/21/2026,11:10:54:538,0.000000,0.000000,2,-123.87,-123.87,0,0,
09/21/2026,11:10:54:661,0.000000,0.000000,3,-120.38,-120.38,0,0,
09/21/2026,11:10:54:668,0.000000,0.000000,4,-74.55,-74.55,0,0,
09/21/2026,11:10:54:743,0.000000,0.000000,1,-121.21,-121.21,0,0,
09/21/2026,11:10:54:821,0.000000,0.000000,2,-120.76,-120.76,0,0,
09/21/2026,11:10:54:900,0.000000,0.000000,3,-118.43,-118.43,0,0,
09/21/2026,11:10:54:946,0.000000,0.000000,4,-77.78,-77.78,0,0,
09/21/2026,11:10:55:022,0.000000,0.000000,1,-123.52,-123.52,0,0,
09/21/2026,11:10:55:085,0.000000,0.000000,2,-124.05,-124.05,0,0,
09/21/2026,11:10:55:173,0.000000,0.000000,3,-119.91,-119.91,0,0,
09/21/2026,11:10:55:227,0.000000,0.000000,4,-70.6,-70.6,0,0,
09/21/2026,11:10:55:304,0.000000,0.000000,1,-125.72,-125.72,0,0,
09/21/2026,11:10:55:370,0.000000,0.000000,2,-121.13,-121.13,0,0,
09/21/2026,11:10:55:454,0.000000,0.000000,3,-119.53,-119.53,0,0,
09/21/2026,11:10:55:504,0.000000,0.000000,4,-78.84,-78.84,0,0,
09/21/2026,11:10:55:575,0.000000,0.000000,1,-122.49,-122.49,0,0,
09/21/2026,11:10:55:644,0.000000,0.000000,2,-122.9,-122.9,0,0,
09/21/2026,11:10:55:730,0.000000,0.000000,3,-117.74,-117.74,0,0,
09/21/2026,11:10:55:782,0.000000,0.000000,4,-71.57,-71.57,0,0,
09/21/2026,11:10:55:854,0.000000,0.000000,1,-123.29,-123.29,0,0,
09/21/2026,11:10:55:924,0.000000,0.000000,2,-123.43,-123.43,0,0,
09/21/2026,11:10:56:015,0.000000,0.000000,3,-118.01,-118.01,0,0,
09/21/2026,11:10:56:061,0.000000,0.000000,4,-73.48,-73.48,0,0,
09/21/2026,11:10:56:132,0.000000,0.000000,1,-125.98,-125.98,0,0,
09/21/2026,11:10:56:207,0.000000,0.000000,2,-126.03,-126.03,0,0,
09/21/2026,11:10:56:289,0.000000,0.000000,3,-120.03,-120.03,0,0,
09/21/2026,11:10:56:438,0.000000,0.000000,4,-73.15,-73.15,0,0,
09/21/2026,11:10:56:532,0.000000,0.000000,1,-123.95,-123.95,0,0,
09/21/2026,11:10:56:610,0.000000,0.000000,2,-123.76,-123.76,0,0,
09/21/2026,11:10:56:638,0.000000,0.000000,3,-118.18,-118.18,0,0,
09/21/2026,11:10:56:651,0.000000,0.000000,4,-72.12,-72.12,0,0,
09/21/2026,11:10:56:690,0.000000,0.000000,1,-122.54,-122.54,0,0,
09/21/2026,11:10:56:757,0.000000,0.000000,2,-124.51,-124.51,0,0,
09/21/2026,11:10:56:848,0.000000,0.000000,3,-119.07,-119.07,0,0,
09/21/2026,11:10:56:900,0.000000,0.000000,4,-73.11,-73.11,0,0,
09/21/2026,11:10:56:971,0.000000,0.000000,1,-125.13,-125.13,0,0,
09/21/2026,11:10:57:041,0.000000,0.000000,2,-121.62,-121.62,0,0,
09/21/2026,11:10:57:128,0.000000,0.000000,3,-120.11,-120.11,0,0,
09/21/2026,11:10:57:178,0.000000,0.000000,4,-69.94,-69.94,0,0,
09/21/2026,11:10:57:246,0.000000,0.000000,1,-123.57,-123.57,0,0,
09/21/2026,11:10:57:321,0.000000,0.000000,2,-123.16,-123.16,0,0,
09/21/2026,11:10:57:406,0.000000,0.000000,3,-120.28,-120.28,0,0,
09/21/2026,11:10:57:455,0.000000,0.000000,4,-74.48,-74.48,0,0,
09/21/2026,11:10:57:537,0.000000,0.000000,1,-122.66,-122.66,0,0,
09/21/2026,11:10:57:594,0.000000,0.000000,2,-125.14,-125.14,0,0,
09/21/2026,11:10:57:683,0.000000,0.000000,3,-120.81,-120.81,0,0,
09/21/2026,11:10:57:735,0.000000,0.000000,4,-76.12,-76.12,0,0,
09/21/2026,11:10:57:810,0.000000,0.000000,1,-123.88,-123.88,0,0,
09/21/2026,11:10:57:878,0.000000,0.000000,2,-123.66,-123.66,0,0,
09/21/2026,11:10:57:964,0.000000,0.000000,3,-118.98,-118.98,0,0,
09/21/2026,11:10:58:013,0.000000,0.000000,4,-84.26,-84.26,0,0,
09/21/2026,11:10:58:083,0.000000,0.000000,1,-124.85,-124.85,0,0,
09/21/2026,11:10:58:153,0.000000,0.000000,2,-124.39,-124.39,0,0,
09/21/2026,11:10:58:245,0.000000,0.000000,3,-118.66,-118.66,0,0,
09/21/2026,11:10:58:302,0.000000,0.000000,4,-70.4,-70.4,0,0,
09/21/2026,11:10:58:363,0.000000,0.000000,1,-123.48,-123.48,0,0,
09/21/2026,11:10:58:465,0.000000,0.000000,2,-125.96,-125.96,0,0,
09/21/2026,11:10:58:566,0.000000,0.000000,3,-118.03,-118.03,0,0,
09/21/2026,11:10:58:576,0.000000,0.000000,4,-77,-77,0,0,
09/21/2026,11:10:58:652,0.000000,0.000000,1,-121.95,-121.95,0,0,
09/21/2026,11:10:58:733,0.000000,0.000000,2,-123.71,-123.71,0,0,
09/21/2026,11:10:58:818,0.000000,0.000000,3,-121.35,-121.35,0,0,
09/21/2026,11:10:58:851,0.000000,0.000000,4,-74.15,-74.15,0,0,
09/21/2026,11:10:58:921,0.000000,0.000000,1,-125.76,-125.76,0,0,
09/21/2026,11:10:58:990,0.000000,0.000000,2,-126.52,-126.52,0,0,
09/21/2026,11:10:59:081,0.000000,0.000000,3,-120.17,-120.17,0,0,
09/21/2026,11:10:59:130,0.000000,0.000000,4,-77.41,-77.41,0,0,
09/21/2026,11:10:59:198,0.000000,0.000000,1,-125.13,-125.13,0,0,
09/21/2026,11:10:59:282,0.000000,0.000000,2,-122.35,-122.35,0,0,
09/21/2026,11:10:59:359,0.000000,0.000000,3,-119.78,-119.78,0,0,
09/21/2026,11:10:59:407,0.000000,0.000000,4,-71.89,-71.89,0,0,
09/21/2026,11:10:59:477,0.000000,0.000000,1,-122.9,-122.9,0,0,
09/21/2026,11:10:59:549,0.000000,0.000000,2,-123.92,-123.92,0,0,
09/21/2026,11:10:59:647,0.000000,0.000000,3,-120.31,-120.31,0,0,
09/21/2026,11:10:59:687,0.000000,0.000000,4,-80.04,-80.04,0,0,
09/21/2026,11:10:59:757,0.000000,0.000000,1,-123.65,-123.65,0,0,
09/21/2026,11:10:59:831,0.000000,0.000000,2,-123.74,-123.74,0,0,
09/21/2026,11:10:59:914,0.000000,0.000000,3,-117.83,-117.83,0,0,
09/21/2026,11:10:59:965,0.000000,0.000000,4,-75.53,-75.53,0,0,
09/21/2026,11:11:00:038,0.000000,0.000000,1,-124,-124,0,0,
09/21/2026,11:11:00:105,0.000000,0.000000,2,-125.03,-125.03,0,0,
09/21/2026,11:11:00:205,0.000000,0.000000,3,-119.24,-119.24,0,0,
09/21/2026,11:11:00:273,0.000000,0.000000,4,-75.25,-75.25,0,0,
09/21/2026,11:11:00:692,0.000000,0.000000,1,-124.51,-124.51,0,0,
09/21/2026,11:11:00:719,0.000000,0.000000,2,-122.96,-122.96,0,0,
09/21/2026,11:11:00:752,0.000000,0.000000,3,-118.73,-118.73,0,0,
09/21/2026,11:11:00:778,0.000000,0.000000,4,-73.31,-73.31,0,0,
09/21/2026,11:11:00:809,0.000000,0.000000,1,-125.99,-125.99,0,0,
09/21/2026,11:11:00:835,0.000000,0.000000,2,-123.99,-123.99,0,0,
09/21/2026,11:11:00:880,0.000000,0.000000,3,-119.92,-119.92,0,0,
09/21/2026,11:11:00:899,0.000000,0.000000,4,-78.94,-78.94,0,0,
09/21/2026,11:11:00:917,0.000000,0.000000,1,-125.46,-125.46,0,0,
09/21/2026,11:11:00:942,0.000000,0.000000,2,-123.73,-123.73,0,0,
09/21/2026,11:11:01:040,0.000000,0.000000,3,-120.43,-120.43,0,0,
09/21/2026,11:11:01:087,0.000000,0.000000,4,-78.61,-78.61,0,0,
09/21/2026,11:11:01:152,0.000000,0.000000,1,-125.52,-125.52,0,0,
09/21/2026,11:11:01:224,0.000000,0.000000,2,-122.68,-122.68,0,0,
09/21/2026,11:11:01:383,0.000000,0.000000,3,-120.88,-120.88,0,0,
09/21/2026,11:11:01:412,0.000000,0.000000,4,-78.72,-78.72,0,0,
09/21/2026,11:11:01:430,0.000000,0.000000,1,-124.66,-124.66,0,0,
09/21/2026,11:11:01:510,0.000000,0.000000,2,-125.73,-125.73,0,0,
09/21/2026,11:11:01:610,0.000000,0.000000,3,-117.75,-117.75,0,0,
09/21/2026,11:11:01:651,0.000000,0.000000,4,-80.68,-80.68,0,0,
09/21/2026,11:11:01:710,0.000000,0.000000,1,-121.9,-121.9,0,0,
09/21/2026,11:11:01:777,0.000000,0.000000,2,-123.64,-123.64,0,0,
09/21/2026,11:11:01:867,0.000000,0.000000,3,-119.14,-119.14,0,0,
09/21/2026,11:11:01:917,0.000000,0.000000,4,-76.52,-76.52,0,0,
09/21/2026,11:11:01:989,0.000000,0.000000,1,-123.89,-123.89,0,0,
09/21/2026,11:11:02:056,0.000000,0.000000,2,-123.11,-123.11,0,0,
09/21/2026,11:11:02:147,0.000000,0.000000,3,-120.59,-120.59,0,0,
09/21/2026,11:11:02:195,0.000000,0.000000,4,-72.65,-72.65,0,0,
09/21/2026,11:11:02:272,0.000000,0.000000,1,-123.34,-123.34,0,0,
09/21/2026,11:11:02:340,0.000000,0.000000,2,-126.38,-126.38,0,0,
09/21/2026,11:11:02:423,0.000000,0.000000,3,-121.17,-121.17,0,0,
09/21/2026,11:11:02:475,0.000000,0.000000,4,-82.36,-82.36,0,0,
09/21/2026,11:11:02:545,0.000000,0.000000,1,-122.9,-122.9,0,0,
09/21/2026,11:11:02:615,0.000000,0.000000,2,-125.67,-125.67,0,0,
09/21/2026,11:11:02:724,0.000000,0.000000,3,-118.5,-118.5,0,0,
09/21/2026,11:11:02:755,0.000000,0.000000,4,-78.56,-78.56,0,0,
09/21/2026,11:11:02:823,0.000000,0.000000,1,-122.57,-122.57,0,0,
09/21/2026,11:11:02:893,0.000000,0.000000,2,-123.64,-123.64,0,0,
09/21/2026,11:11:02:983,0.000000,0.000000,3,-119.3,-119.3,0,0,
09/21/2026,11:11:03:034,0.000000,0.000000,4,-85.55,-85.55,0,0,
09/21/2026,11:11:03:112,0.000000,0.000000,1,-121.21,-121.21,0,0,
09/21/2026,11:11:03:172,0.000000,0.000000,2,-119.79,-119.79,0,0,
09/21/2026,11:11:03:264,0.000000,0.000000,3,-120.48,-120.48,0,0,
09/21/2026,11:11:03:313,0.000000,0.000000,4,-83.22,-83.22,0,0,
09/21/2026,11:11:03:382,0.000000,0.000000,1,-122.79,-122.79,0,0,
09/21/2026,11:11:03:451,0.000000,0.000000,2,-121.2,-121.2,0,0,
09/21/2026,11:11:03:546,0.000000,0.000000,3,-118.38,-118.38,0,0,
09/21/2026,11:11:03:591,0.000000,0.000000,4,-78.57,-78.57,0,0,
09/21/2026,11:11:03:660,0.000000,0.000000,1,-119.1,-119.1,0,0,
09/21/2026,11:11:03:735,0.000000,0.000000,2,-124.29,-124.29,0,0,
09/21/2026,11:11:03:822,0.000000,0.000000,3,-118.41,-118.41,0,0,
09/21/2026,11:11:03:901,0.000000,0.000000,4,-77.98,-77.98,0,0,
09/21/2026,11:11:03:974,0.000000,0.000000,1,-123.96,-123.96,0,0,
09/21/2026,11:11:04:134,0.000000,0.000000,2,-122.39,-122.39,0,0,
09/21/2026,11:11:04:318,0.000000,0.000000,3,-122.11,-122.11,0,0,
09/21/2026,11:11:04:376,0.000000,0.000000,4,-81.45,-81.45,0,0,
09/21/2026,11:11:04:440,0.000000,0.000000,1,-121.56,-121.56,0,0,
09/21/2026,11:11:04:498,0.000000,0.000000,2,-123.82,-123.82,0,0,
09/21/2026,11:11:04:585,0.000000,0.000000,3,-121.17,-121.17,0,0,
09/21/2026,11:11:04:596,0.000000,0.000000,4,-76.44,-76.44,0,0,
09/21/2026,11:11:04:656,0.000000,0.000000,1,-121.89,-121.89,0,0,
09/21/2026,11:11:04:715,0.000000,0.000000,2,-123.92,-123.92,0,0,
09/21/2026,11:11:04:780,0.000000,0.000000,3,-121.21,-121.21,0,0,
09/21/2026,11:11:04:802,0.000000,0.000000,4,-79.58,-79.58,0,0,
09/21/2026,11:11:04:823,0.000000,0.000000,1,-122.43,-122.43,0,0,
09/21/2026,11:11:04:846,0.000000,0.000000,2,-125.21,-125.21,0,0,
09/21/2026,11:11:04:935,0.000000,0.000000,3,-119.86,-119.86,0,0,
09/21/2026,11:11:04:985,0.000000,0.000000,4,-75.25,-75.25,0,0,
09/21/2026,11:11:05:056,0.000000,0.000000,1,-120.3,-120.3,0,0,
09/21/2026,11:11:05:125,0.000000,0.000000,2,-124.15,-124.15,0,0,
09/21/2026,11:11:05:224,0.000000,0.000000,3,-118.81,-118.81,0,0,
09/21/2026,11:11:05:263,0.000000,0.000000,4,-78.94,-78.94,0,0,
09/21/2026,11:11:05:347,0.000000,0.000000,1,-124.19,-124.19,0,0,
09/21/2026,11:11:05:407,0.000000,0.000000,2,-124.45,-124.45,0,0,
09/21/2026,11:11:05:495,0.000000,0.000000,3,-119.09,-119.09,0,0,
09/21/2026,11:11:05:544,0.000000,0.000000,4,-84.3,-84.3,0,0,
09/21/2026,11:11:05:611,0.000000,0.000000,1,-120.1,-120.1,0,0,
09/21/2026,11:11:05:686,0.000000,0.000000,2,-124.56,-124.56,0,0,
09/21/2026,11:11:05:783,0.000000,0.000000,3,-117.14,-117.14,0,0,
09/21/2026,11:11:05:851,0.000000,0.000000,4,-83.78,-83.78,0,0,
09/21/2026,11:11:05:936,0.000000,0.000000,1,-120.83,-120.83,0,0,
09/21/2026,11:11:06:004,0.000000,0.000000,2,-124.93,-124.93,0,0,
09/21/2026,11:11:06:075,0.000000,0.000000,3,-119.36,-119.36,0,0,
09/21/2026,11:11:06:100,0.000000,0.000000,4,-73.03,-73.03,0,0,
09/21/2026,11:11:06:175,0.000000,0.000000,1,-122.49,-122.49,0,0,
09/21/2026,11:11:06:240,0.000000,0.000000,2,-122.09,-122.09,0,0,
09/21/2026,11:11:06:328,0.000000,0.000000,3,-120.48,-120.48,0,0,
09/21/2026,11:11:06:383,0.000000,0.000000,4,-77.92,-77.92,0,0,
09/21/2026,11:11:06:450,0.000000,0.000000,1,-124.7,-124.7,0,0,
09/21/2026,11:11:06:525,0.000000,0.000000,2,-123.5,-123.5,0,0,
09/21/2026,11:11:06:610,0.000000,0.000000,3,-116.74,-116.74,0,0,
09/21/2026,11:11:06:658,0.000000,0.000000,4,-80.53,-80.53,0,0,
09/21/2026,11:11:06:727,0.000000,0.000000,1,-121.63,-121.63,0,0,
09/21/2026,11:11:06:798,0.000000,0.000000,2,-122.85,-122.85,0,0,
09/21/2026,11:11:06:886,0.000000,0.000000,3,-118.62,-118.62,0,0,
09/21/2026,11:11:06:939,0.000000,0.000000,4,-81.19,-81.19,0,0,
09/21/2026,11:11:07:007,0.000000,0.000000,1,-126.07,-126.07,0,0,
09/21/2026,11:11:07:080,0.000000,0.000000,2,-124.21,-124.21,0,0,
09/21/2026,11:11:07:168,0.000000,0.000000,3,-120.36,-120.36,0,0,
09/21/2026,11:11:07:215,0.000000,0.000000,4,-85.25,-85.25,0,0,
09/21/2026,11:11:07:287,0.000000,0.000000,1,-121.48,-121.48,0,0,
09/21/2026,11:11:07:355,0.000000,0.000000,2,-122.56,-122.56,0,0,
09/21/2026,11:11:07:447,0.000000,0.000000,3,-119.63,-119.63,0,0,
09/21/2026,11:11:07:495,0.000000,0.000000,4,-76.11,-76.11,0,0,
09/21/2026,11:11:07:566,0.000000,0.000000,1,-124.07,-124.07,0,0,
09/21/2026,11:11:07:633,0.000000,0.000000,2,-123.36,-123.36,0,0,
09/21/2026,11:11:07:724,0.000000,0.000000,3,-118.36,-118.36,0,0,
09/21/2026,11:11:07:782,0.000000,0.000000,4,-75.49,-75.49,0,0,
09/21/2026,11:11:07:863,0.000000,0.000000,1,-122.35,-122.35,0,0,
09/21/2026,11:11:07:945,0.000000,0.000000,2,-124.09,-124.09,0,0,
09/21/2026,11:11:08:021,0.000000,0.000000,3,-120,-120,0,0,
09/21/2026,11:11:08:099,0.000000,0.000000,4,-80.17,-80.17,0,0,
09/21/2026,11:11:08:136,0.000000,0.000000,1,-122.87,-122.87,0,0,
09/21/2026,11:11:08:193,0.000000,0.000000,2,-125.86,-125.86,0,0,
09/21/2026,11:11:08:284,0.000000,0.000000,3,-119.82,-119.82,0,0,
09/21/2026,11:11:08:331,0.000000,0.000000,4,-78.64,-78.64,0,0,
09/21/2026,11:11:08:401,0.000000,0.000000,1,-122.94,-122.94,0,0,
09/21/2026,11:11:08:471,0.000000,0.000000,2,-123.41,-123.41,0,0,
09/21/2026,11:11:08:562,0.000000,0.000000,3,-120.61,-120.61,0,0,
09/21/2026,11:11:08:612,0.000000,0.000000,4,-76.68,-76.68,0,0,
09/21/2026,11:11:08:685,0.000000,0.000000,1,-122.52,-122.52,0,0,
09/21/2026,11:11:08:750,0.000000,0.000000,2,-125.22,-125.22,0,0,
09/21/2026,11:11:08:837,0.000000,0.000000,3,-118.02,-118.02,0,0,
09/21/2026,11:11:08:889,0.000000,0.000000,4,-85.8,-85.8,0,0,
09/21/2026,11:11:08:968,0.000000,0.000000,1,-120.51,-120.51,0,0,
09/21/2026,11:11:09:056,0.000000,0.000000,2,-123.6,-123.6,0,0,
09/21/2026,11:11:09:118,0.000000,0.000000,3,-118.61,-118.61,0,0,
09/21/2026,11:11:09:168,0.000000,0.000000,4,-74.64,-74.64,0,0,
09/21/2026,11:11:09:238,0.000000,0.000000,1,-122.76,-122.76,0,0,
09/21/2026,11:11:09:309,0.000000,0.000000,2,-122.42,-122.42,0,0,
09/21/2026,11:11:09:395,0.000000,0.000000,3,-119.21,-119.21,0,0,
09/21/2026,11:11:09:451,0.000000,0.000000,4,-86.29,-86.29,0,0,
09/21/2026,11:11:09:515,0.000000,0.000000,1,-122.5,-122.5,0,0,
09/21/2026,11:11:09:587,0.000000,0.000000,2,-124.52,-124.52,0,0,
09/21/2026,11:11:09:713,0.000000,0.000000,3,-119.3,-119.3,0,0,
09/21/2026,11:11:09:730,0.000000,0.000000,4,-80.44,-80.44,0,0,
09/21/2026,11:11:09:839,0.000000,0.000000,1,-122.21,-122.21,0,0,
09/21/2026,11:11:09:919,0.000000,0.000000,2,-122.19,-122.19,0,0,
09/21/2026,11:11:09:968,0.000000,0.000000,3,-119.04,-119.04,0,0,
09/21/2026,11:11:10:004,0.000000,0.000000,4,-75.01,-75.01,0,0,
09/21/2026,11:11:10:074,0.000000,0.000000,1,-125.28,-125.28,0,0,
09/21/2026,11:11:10:144,0.000000,0.000000,2,-123.34,-123.34,0,0,
09/21/2026,11:11:10:236,0.000000,0.000000,3,-118.6,-118.6,0,0,
09/21/2026,11:11:10:283,0.000000,0.000000,4,-72.92,-72.92,0,0,
09/21/2026,11:11:10:361,0.000000,0.000000,1,-123.75,-123.75,0,0,
09/21/2026,11:11:10:426,0.000000,0.000000,2,-123.68,-123.68,0,0,
09/21/2026,11:11:10:510,0.000000,0.000000,3,-119.32,-119.32,0,0,
09/21/2026,11:11:10:561,0.000000,0.000000,4,-78.23,-78.23,0,0,
09/21/2026,11:11:10:633,0.000000,0.000000,1,-123.98,-123.98,0,0,
09/21/2026,11:11:10:702,0.000000,0.000000,2,-121.59,-121.59,0,0,
09/21/2026,11:11:10:799,0.000000,0.000000,3,-118.2,-118.2,0,0,
09/21/2026,11:11:10:840,0.000000,0.000000,4,-72.81,-72.81,0,0,
09/21/2026,11:11:10:914,0.000000,0.000000,1,-123.4,-123.4,0,0,
09/21/2026,11:11:10:980,0.000000,0.000000,2,-122.78,-122.78,0,0,
09/21/2026,11:11:11:067,0.000000,0.000000,3,-118.76,-118.76,0,0,
09/21/2026,11:11:11:120,0.000000,0.000000,4,-79.73,-79.73,0,0,
09/21/2026,11:11:11:190,0.000000,0.000000,1,-122.35,-122.35,0,0,
09/21/2026,11:11:11:291,0.000000,0.000000,2,-124.14,-124.14,0,0,
09/21/2026,11:11:11:347,0.000000,0.000000,3,-118.87,-118.87,0,0,
09/21/2026,11:11:11:400,0.000000,0.000000,4,-85.72,-85.72,0,0,
09/21/2026,11:11:11:468,0.000000,0.000000,1,-121.73,-121.73,0,0,
09/21/2026,11:11:11:546,0.000000,0.000000,2,-123.69,-123.69,0,0,
09/21/2026,11:11:11:626,0.000000,0.000000,3,-117.91,-117.91,0,0,
09/21/2026,11:11:11:702,0.000000,0.000000,4,-83.44,-83.44,0,0,
09/21/2026,11:11:11:751,0.000000,0.000000,1,-123.7,-123.7,0,0,
09/21/2026,11:11:11:826,0.000000,0.000000,2,-125.16,-125.16,0,0,
09/21/2026,11:11:11:913,0.000000,0.000000,3,-117.66,-117.66,0,0,
09/21/2026,11:11:11:956,0.000000,0.000000,4,-72.33,-72.33,0,0,
09/21/2026,11:11:12:032,0.000000,0.000000,1,-121.33,-121.33,0,0,
09/21/2026,11:11:12:097,0.000000,0.000000,2,-124.5,-124.5,0,0,
09/21/2026,11:11:12:185,0.000000,0.000000,3,-118.49,-118.49,0,0,
09/21/2026,11:11:12:235,0.000000,0.000000,4,-75.89,-75.89,0,0,
09/21/2026,11:11:12:304,0.000000,0.000000,1,-122.88,-122.88,0,0,
09/21/2026,11:11:12:376,0.000000,0.000000,2,-122.16,-122.16,0,0,
09/21/2026,11:11:12:463,0.000000,0.000000,3,-118.09,-118.09,0,0,
09/21/2026,11:11:12:516,0.000000,0.000000,4,-72.75,-72.75,0,0,
09/21/2026,11:11:12:587,0.000000,0.000000,1,-122.59,-122.59,0,0,
09/21/2026,11:11:12:652,0.000000,0.000000,2,-121.63,-121.63,0,0,
09/21/2026,11:11:12:745,0.000000,0.000000,3,-117.89,-117.89,0,0,
09/21/2026,11:11:12:794,0.000000,0.000000,4,-72.01,-72.01,0,0,
09/21/2026,11:11:12:864,0.000000,0.000000,1,-124.44,-124.44,0,0,
09/21/2026,11:11:12:931,0.000000,0.000000,2,-122.3,-122.3,0,0,
09/21/2026,11:11:13:021,0.000000,0.000000,3,-118.04,-118.04,0,0,
09/21/2026,11:11:13:072,0.000000,0.000000,4,-72.94,-72.94,0,0,
09/21/2026,11:11:13:143,0.000000,0.000000,1,-120.85,-120.85,0,0,
09/21/2026,11:11:13:212,0.000000,0.000000,2,-120.59,-120.59,0,0,
09/21/2026,11:11:13:300,0.000000,0.000000,3,-119.24,-119.24,0,0,
09/21/2026,11:11:13:480,0.000000,0.000000,4,-74.45,-74.45,0,0,
09/21/2026,11:11:13:497,0.000000,0.000000,1,-124.81,-124.81,0,0,
09/21/2026,11:11:13:545,0.000000,0.000000,2,-121.59,-121.59,0,0,
09/21/2026,11:11:13:591,0.000000,0.000000,3,-118.78,-118.78,0,0,
09/21/2026,11:11:13:667,0.000000,0.000000,4,-64.59,-64.59,0,0,
09/21/2026,11:11:13:699,0.000000,0.000000,1,-124.47,-124.47,0,0,
09/21/2026,11:11:13:776,0.000000,0.000000,2,-123.44,-123.44,0,0,
09/21/2026,11:11:13:859,0.000000,0.000000,3,-117.84,-117.84,0,0,
09/21/2026,11:11:13:915,0.000000,0.000000,4,-66.38,-66.38,0,0,
09/21/2026,11:11:13:979,0.000000,0.000000,1,-123.14,-123.14,0,0,
09/21/2026,11:11:14:048,0.000000,0.000000,2,-120.85,-120.85,0,0,
09/21/2026,11:11:14:140,0.000000,0.000000,3,-118.85,-118.85,0,0,
09/21/2026,11:11:14:186,0.000000,0.000000,4,-66.88,-66.88,0,0,
09/21/2026,11:11:14:256,0.000000,0.000000,1,-124.46,-124.46,0,0,
09/21/2026,11:11:14:326,0.000000,0.000000,2,-122.18,-122.18,0,0,
09/21/2026,11:11:14:424,0.000000,0.000000,3,-119.04,-119.04,0,0,
09/21/2026,11:11:14:485,0.000000,0.000000,4,-70.6,-70.6,0,0,
09/21/2026,11:11:14:540,0.000000,0.000000,1,-123.5,-123.5,0,0,
09/21/2026,11:11:14:605,0.000000,0.000000,2,-124.28,-124.28,0,0,
09/21/2026,11:11:14:695,0.000000,0.000000,3,-119.45,-119.45,0,0,
09/21/2026,11:11:14:752,0.000000,0.000000,4,-63.75,-63.75,0,0,
09/21/2026,11:11:14:814,0.000000,0.000000,1,-118.84,-118.84,0,0,
09/21/2026,11:11:14:885,0.000000,0.000000,2,-116.65,-116.65,0,0,
09/21/2026,11:11:14:973,0.000000,0.000000,3,-120.57,-120.57,0,0,
09/21/2026,11:11:15:023,0.000000,0.000000,4,-64.85,-64.85,0,0,
09/21/2026,11:11:15:107,0.000000,0.000000,1,-123.1,-123.1,0,0,
09/21/2026,11:11:15:214,0.000000,0.000000,2,-123.08,-123.08,0,0,
09/21/2026,11:11:15:283,0.000000,0.000000,3,-119.6,-119.6,0,0,
09/21/2026,11:11:15:356,0.000000,0.000000,4,-63.95,-63.95,0,0,
09/21/2026,11:11:15:373,0.000000,0.000000,1,-125.05,-125.05,0,0,
09/21/2026,11:11:15:463,0.000000,0.000000,2,-122.34,-122.34,0,0,
09/21/2026,11:11:15:534,0.000000,0.000000,3,-120.51,-120.51,0,0,
09/21/2026,11:11:15:583,0.000000,0.000000,4,-59.78,-59.78,0,0,
09/21/2026,11:11:15:653,0.000000,0.000000,1,-124.82,-124.82,0,0,
09/21/2026,11:11:15:722,0.000000,0.000000,2,-122.6,-122.6,0,0,
09/21/2026,11:11:15:813,0.000000,0.000000,3,-120.69,-120.69,0,0,
09/21/2026,11:11:15:864,0.000000,0.000000,4,-65.42,-65.42,0,0,
09/21/2026,11:11:15:931,0.000000,0.000000,1,-124.34,-124.34,0,0,
09/21/2026,11:11:16:000,0.000000,0.000000,2,-121.97,-121.97,0,0,
09/21/2026,11:11:16:090,0.000000,0.000000,3,-118.97,-118.97,0,0,
09/21/2026,11:11:16:139,0.000000,0.000000,4,-65.35,-65.35,0,0,
09/21/2026,11:11:16:209,0.000000,0.000000,1,-119.47,-119.47,0,0,
09/21/2026,11:11:16:279,0.000000,0.000000,2,-123.55,-123.55,0,0,
09/21/2026,11:11:16:371,0.000000,0.000000,3,-118.56,-118.56,0,0,
09/21/2026,11:11:16:424,0.000000,0.000000,4,-69.02,-69.02,0,0,
09/21/2026,11:11:16:489,0.000000,0.000000,1,-119.81,-119.81,0,0,
09/21/2026,11:11:16:560,0.000000,0.000000,2,-122.75,-122.75,0,0,
09/21/2026,11:11:16:648,0.000000,0.000000,3,-117.94,-117.94,0,0,
09/21/2026,11:11:16:725,0.000000,0.000000,4,-70.99,-70.99,0,0,
09/21/2026,11:11:16:778,0.000000,0.000000,1,-121.18,-121.18,0,0,
09/21/2026,11:11:16:845,0.000000,0.000000,2,-123.02,-123.02,0,0,
09/21/2026,11:11:16:949,0.000000,0.000000,3,-118.87,-118.87,0,0,
09/21/2026,11:11:17:030,0.000000,0.000000,4,-72.22,-72.22,0,0,
09/21/2026,11:11:17:047,0.000000,0.000000,1,-121.42,-121.42,0,0,
09/21/2026,11:11:17:155,0.000000,0.000000,2,-122.54,-122.54,0,0,
09/21/2026,11:11:17:219,0.000000,0.000000,3,-119.97,-119.97,0,0,
09/21/2026,11:11:17:257,0.000000,0.000000,4,-70.39,-70.39,0,0,
09/21/2026,11:11:17:325,0.000000,0.000000,1,-120.78,-120.78,0,0,
09/21/2026,11:11:17:395,0.000000,0.000000,2,-122.45,-122.45,0,0,
09/21/2026,11:11:17:482,0.000000,0.000000,3,-123.21,-123.21,0,0,
09/21/2026,11:11:17:533,0.000000,0.000000,4,-69.89,-69.89,0,0,
09/21/2026,11:11:17:605,0.000000,0.000000,1,-122.59,-122.59,0,0,
09/21/2026,11:11:17:672,0.000000,0.000000,2,-123.21,-123.21,0,0,
09/21/2026,11:11:17:764,0.000000,0.000000,3,-118.26,-118.26,0,0,
09/21/2026,11:11:17:812,0.000000,0.000000,4,-76.31,-76.31,0,0,
09/21/2026,11:11:17:886,0.000000,0.000000,1,-121.37,-121.37,0,0,
09/21/2026,11:11:17:952,0.000000,0.000000,2,-123.67,-123.67,0,0,
09/21/2026,11:11:18:042,0.000000,0.000000,3,-118.9,-118.9,0,0,
09/21/2026,11:11:18:093,0.000000,0.000000,4,-71.4,-71.4,0,0,
09/21/2026,11:11:18:163,0.000000,0.000000,1,-123.53,-123.53,0,0,
09/21/2026,11:11:18:233,0.000000,0.000000,2,-124.4,-124.4,0,0,
09/21/2026,11:11:18:321,0.000000,0.000000,3,-119.78,-119.78,0,0,
09/21/2026,11:11:18:370,0.000000,0.000000,4,-69.34,-69.34,0,0,
09/21/2026,11:11:18:440,0.000000,0.000000,1,-121.16,-121.16,0,0,
09/21/2026,11:11:18:523,0.000000,0.000000,2,-121.03,-121.03,0,0,
09/21/2026,11:11:18:598,0.000000,0.000000,3,-119.26,-119.26,0,0,
09/21/2026,11:11:18:649,0.000000,0.000000,4,-78.5,-78.5,0,0,
09/21/2026,11:11:18:723,0.000000,0.000000,1,-122.99,-122.99,0,0,
09/21/2026,11:11:18:824,0.000000,0.000000,2,-125.86,-125.86,0,0,
09/21/2026,11:11:18:925,0.000000,0.000000,3,-118.98,-118.98,0,0,
09/21/2026,11:11:18:936,0.000000,0.000000,4,-80.03,-80.03,0,0,
09/21/2026,11:11:19:017,0.000000,0.000000,1,-124.95,-124.95,0,0,
09/21/2026,11:11:19:093,0.000000,0.000000,2,-122.86,-122.86,0,0,
09/21/2026,11:11:19:161,0.000000,0.000000,3,-118.18,-118.18,0,0,
09/21/2026,11:11:19:207,0.000000,0.000000,4,-73.51,-73.51,0,0,
09/21/2026,11:11:19:295,0.000000,0.000000,1,-122.63,-122.63,0,0,
09/21/2026,11:11:19:348,0.000000,0.000000,2,-126.51,-126.51,0,0,
09/21/2026,11:11:19:441,0.000000,0.000000,3,-120.09,-120.09,0,0,
09/21/2026,11:11:19:488,0.000000,0.000000,4,-81.82,-81.82,0,0,
09/21/2026,11:11:19:554,0.000000,0.000000,1,-124.44,-124.44,0,0,
09/21/2026,11:11:19:624,0.000000,0.000000,2,-123.22,-123.22,0,0,
09/21/2026,11:11:19:713,0.000000,0.000000,3,-119.18,-119.18,0,0,
09/21/2026,11:11:19:771,0.000000,0.000000,4,-75.44,-75.44,0,0,
09/21/2026,11:11:19:835,0.000000,0.000000,1,-122.33,-122.33,0,0,
09/21/2026,11:11:19:903,0.000000,0.000000,2,-123.35,-123.35,0,0,
09/21/2026,11:11:19:994,0.000000,0.000000,3,-118.28,-118.28,0,0,
09/21/2026,11:11:20:043,0.000000,0.000000,4,-80.81,-80.81,0,0,
09/21/2026,11:11:20:115,0.000000,0.000000,1,-123.73,-123.73,0,0,
09/21/2026,11:11:20:185,0.000000,0.000000,2,-121.82,-121.82,0,0,
09/21/2026,11:11:20:272,0.000000,0.000000,3,-118.65,-118.65,0,0,
09/21/2026,11:11:20:322,0.000000,0.000000,4,-70.04,-70.04,0,0,
09/21/2026,11:11:20:392,0.000000,0.000000,1,-125.29,-125.29,0,0,
09/21/2026,11:11:20:463,0.000000,0.000000,2,-121.75,-121.75,0,0,
09/21/2026,11:11:20:556,0.000000,0.000000,3,-119.12,-119.12,0,0,
09/21/2026,11:11:20:603,0.000000,0.000000,4,-77.78,-77.78,0,0,
09/21/2026,11:11:20:671,0.000000,0.000000,1,-120.95,-120.95,0,0,
09/21/2026,11:11:20:745,0.000000,0.000000,2,-125.56,-125.56,0,0,
09/21/2026,11:11:20:853,0.000000,0.000000,3,-119.47,-119.47,0,0,
09/21/2026,11:11:21:267,0.000000,0.000000,4,-75.69,-75.69,0,0,
09/21/2026,11:11:21:294,0.000000,0.000000,1,-120.6,-120.6,0,0,
09/21/2026,11:11:21:328,0.000000,0.000000,2,-125.41,-125.41,0,0,
09/21/2026,11:11:21:361,0.000000,0.000000,3,-119.73,-119.73,0,0,
09/21/2026,11:11:21:372,0.000000,0.000000,4,-78.01,-78.01,0,0,
09/21/2026,11:11:21:394,0.000000,0.000000,1,-121.98,-121.98,0,0,
09/21/2026,11:11:21:414,0.000000,0.000000,2,-122.2,-122.2,0,0,
09/21/2026,11:11:21:436,0.000000,0.000000,3,-119.45,-119.45,0,0,
09/21/2026,11:11:21:455,0.000000,0.000000,4,-76.22,-76.22,0,0,
09/21/2026,11:11:21:510,0.000000,0.000000,1,-123.8,-123.8,0,0,
09/21/2026,11:11:21:575,0.000000,0.000000,2,-120.93,-120.93,0,0,
09/21/2026,11:11:21:665,0.000000,0.000000,3,-118.13,-118.13,0,0,
09/21/2026,11:11:21:718,0.000000,0.000000,4,-75.05,-75.05,0,0,
09/21/2026,11:11:21:787,0.000000,0.000000,1,-122.69,-122.69,0,0,
09/21/2026,11:11:21:871,0.000000,0.000000,2,-124.34,-124.34,0,0,
09/21/2026,11:11:21:945,0.000000,0.000000,3,-119.59,-119.59,0,0,
09/21/2026,11:11:21:996,0.000000,0.000000,4,-68.77,-68.77,0,0,
09/21/2026,11:11:22:065,0.000000,0.000000,1,-120.36,-120.36,0,0,
09/21/2026,11:11:22:135,0.000000,0.000000,2,-123.34,-123.34,0,0,
09/21/2026,11:11:22:223,0.000000,0.000000,3,-118.18,-118.18,0,0,
09/21/2026,11:11:22:274,0.000000,0.000000,4,-78,-78,0,0,
09/21/2026,11:11:22:344,0.000000,0.000000,1,-123.64,-123.64,0,0,
09/21/2026,11:11:22:414,0.000000,0.000000,2,-124.17,-124.17,0,0,
09/21/2026,11:11:22:500,0.000000,0.000000,3,-118.26,-118.26,0,0,
09/21/2026,11:11:22:556,0.000000,0.000000,4,-82.15,-82.15,0,0,
09/21/2026,11:11:22:635,0.000000,0.000000,1,-119.42,-119.42,0,0,
09/21/2026,11:11:22:700,0.000000,0.000000,2,-121.67,-121.67,0,0,
09/21/2026,11:11:22:813,0.000000,0.000000,3,-120.35,-120.35,0,0,
09/21/2026,11:11:22:880,0.000000,0.000000,4,-75.13,-75.13,0,0,
09/21/2026,11:11:22:959,0.000000,0.000000,1,-123.36,-123.36,0,0,
09/21/2026,11:11:22:973,0.000000,0.000000,2,-122.62,-122.62,0,0,
09/21/2026,11:11:23:091,0.000000,0.000000,3,-119.39,-119.39,0,0,
09/21/2026,11:11:23:109,0.000000,0.000000,4,-79.64,-79.64,0,0,
09/21/2026,11:11:23:179,0.000000,0.000000,1,-122.24,-122.24,0,0,
09/21/2026,11:11:23:254,0.000000,0.000000,2,-123.12,-123.12,0,0,
09/21/2026,11:11:23:339,0.000000,0.000000,3,-117.49,-117.49,0,0,
09/21/2026,11:11:23:390,0.000000,0.000000,4,-72.74,-72.74,0,0,
09/21/2026,11:11:23:459,0.000000,0.000000,1,-124.36,-124.36,0,0,
09/21/2026,11:11:23:531,0.000000,0.000000,2,-120.69,-120.69,0,0,
09/21/2026,11:11:23:622,0.000000,0.000000,3,-117.58,-117.58,0,0,
09/21/2026,11:11:23:667,0.000000,0.000000,4,-76.61,-76.61,0,0,
09/21/2026,11:11:23:740,0.000000,0.000000,1,-121.88,-121.88,0,0,
09/21/2026,11:11:23:809,0.000000,0.000000,2,-120.78,-120.78,0,0,
09/21/2026,11:11:23:905,0.000000,0.000000,3,-117.73,-117.73,0,0,
09/21/2026,11:11:23:947,0.000000,0.000000,4,-74.36,-74.36,0,0,
09/21/2026,11:11:24:025,0.000000,0.000000,1,-124.88,-124.88,0,0,
09/21/2026,11:11:24:088,0.000000,0.000000,2,-123.61,-123.61,0,0,
09/21/2026,11:11:24:175,0.000000,0.000000,3,-119.04,-119.04,0,0,
09/21/2026,11:11:24:226,0.000000,0.000000,4,-68.46,-68.46,0,0,
09/21/2026,11:11:24:295,0.000000,0.000000,1,-123.62,-123.62,0,0,
09/21/2026,11:11:24:366,0.000000,0.000000,2,-121.44,-121.44,0,0,
09/21/2026,11:11:24:454,0.000000,0.000000,3,-119.26,-119.26,0,0,
09/21/2026,11:11:24:506,0.000000,0.000000,4,-72.27,-72.27,0,0,
09/21/2026,11:11:24:624,0.000000,0.000000,1,-121.59,-121.59,0,0,
09/21/2026,11:11:24:644,0.000000,0.000000,2,-123.49,-123.49,0,0,
09/21/2026,11:11:24:819,0.000000,0.000000,3,-118.48,-118.48,0,0,
09/21/2026,11:11:24:858,0.000000,0.000000,4,-75.23,-75.23,0,0,
09/21/2026,11:11:24:917,0.000000,0.000000,1,-122.46,-122.46,0,0,
09/21/2026,11:11:24:937,0.000000,0.000000,2,-124.97,-124.97,0,0,
09/21/2026,11:11:25:011,0.000000,0.000000,3,-118.93,-118.93,0,0,
09/21/2026,11:11:25:062,0.000000,0.000000,4,-76.29,-76.29,0,0,
09/21/2026,11:11:25:132,0.000000,0.000000,1,-123.8,-123.8,0,0,
09/21/2026,11:11:25:202,0.000000,0.000000,2,-123.77,-123.77,0,0,
09/21/2026,11:11:25:290,0.000000,0.000000,3,-119.37,-119.37,0,0,
09/21/2026,11:11:25:347,0.000000,0.000000,4,-68.55,-68.55,0,0,
09/21/2026,11:11:25:410,0.000000,0.000000,1,-123.69,-123.69,0,0,
09/21/2026,11:11:25:481,0.000000,0.000000,2,-122.76,-122.76,0,0,
09/21/2026,11:11:25:573,0.000000,0.000000,3,-120.68,-120.68,0,0,
09/21/2026,11:11:25:623,0.000000,0.000000,4,-73.74,-73.74,0,0,
09/21/2026,11:11:25:698,0.000000,0.000000,1,-124.76,-124.76,0,0,
09/21/2026,11:11:25:762,0.000000,0.000000,2,-123.7,-123.7,0,0,
09/21/2026,11:11:25:847,0.000000,0.000000,3,-118.36,-118.36,0,0,
09/21/2026,11:11:25:900,0.000000,0.000000,4,-75.94,-75.94,0,0,
09/21/2026,11:11:25:969,0.000000,0.000000,1,-124.63,-124.63,0,0,
09/21/2026,11:11:26:042,0.000000,0.000000,2,-122.96,-122.96,0,0,
09/21/2026,11:11:26:126,0.000000,0.000000,3,-117.64,-117.64,0,0,
09/21/2026,11:11:26:179,0.000000,0.000000,4,-80.01,-80.01,0,0,
09/21/2026,11:11:26:277,0.000000,0.000000,1,-122.57,-122.57,0,0,
09/21/2026,11:11:26:336,0.000000,0.000000,2,-124.17,-124.17,0,0,
09/21/2026,11:11:26:423,0.000000,0.000000,3,-120.05,-120.05,0,0,
09/21/2026,11:11:26:472,0.000000,0.000000,4,-76.29,-76.29,0,0,
09/21/2026,11:11:26:557,0.000000,0.000000,1,-122.3,-122.3,0,0,
09/21/2026,11:11:26:605,0.000000,0.000000,2,-122.82,-122.82,0,0,
09/21/2026,11:11:26:686,0.000000,0.000000,3,-118.54,-118.54,0,0,
09/21/2026,11:11:26:735,0.000000,0.000000,4,-72.25,-72.25,0,0,
09/21/2026,11:11:26:807,0.000000,0.000000,1,-123.91,-123.91,0,0,
09/21/2026,11:11:26:876,0.000000,0.000000,2,-125.12,-125.12,0,0,
09/21/2026,11:11:26:982,0.000000,0.000000,3,-119.2,-119.2,0,0,
09/21/2026,11:11:27:016,0.000000,0.000000,4,-77.12,-77.12,0,0,
09/21/2026,11:11:27:084,0.000000,0.000000,1,-122.69,-122.69,0,0,
09/21/2026,11:11:27:154,0.000000,0.000000,2,-125.5,-125.5,0,0,
09/21/2026,11:11:27:243,0.000000,0.000000,3,-120.27,-120.27,0,0,
09/21/2026,11:11:27:298,0.000000,0.000000,4,-80.44,-80.44,0,0,
09/21/2026,11:11:27:363,0.000000,0.000000,1,-123.17,-123.17,0,0,
09/21/2026,11:11:27:432,0.000000,0.000000,2,-123.84,-123.84,0,0,
09/21/2026,11:11:27:521,0.000000,0.000000,3,-118.62,-118.62,0,0,
09/21/2026,11:11:27:576,0.000000,0.000000,4,-81.36,-81.36,0,0,
09/21/2026,11:11:27:642,0.000000,0.000000,1,-123.14,-123.14,0,0,
09/21/2026,11:11:27:713,0.000000,0.000000,2,-123.06,-123.06,0,0,
09/21/2026,11:11:27:800,0.000000,0.000000,3,-116.41,-116.41,0,0,
09/21/2026,11:11:27:859,0.000000,0.000000,4,-77.47,-77.47,0,0,
09/21/2026,11:11:27:928,0.000000,0.000000,1,-122.44,-122.44,0,0,
09/21/2026,11:11:27:992,0.000000,0.000000,2,-122.34,-122.34,0,0,
09/21/2026,11:11:28:077,0.000000,0.000000,3,-119.9,-119.9,0,0,
09/21/2026,11:11:28:128,0.000000,0.000000,4,-79.58,-79.58,0,0,
09/21/2026,11:11:28:200,0.000000,0.000000,1,-122.17,-122.17,0,0,
09/21/2026,11:11:28:272,0.000000,0.000000,2,-122.16,-122.16,0,0,
09/21/2026,11:11:28:357,0.000000,0.000000,3,-118.84,-118.84,0,0,
09/21/2026,11:11:28:434,0.000000,0.000000,4,-78.21,-78.21,0,0,
09/21/2026,11:11:28:486,0.000000,0.000000,1,-124.93,-124.93,0,0,
09/21/2026,11:11:28:596,0.000000,0.000000,2,-126.63,-126.63,0,0,
09/21/2026,11:11:28:653,0.000000,0.000000,3,-119.19,-119.19,0,0,
09/21/2026,11:11:28:694,0.000000,0.000000,4,-80.03,-80.03,0,0,
09/21/2026,11:11:28:760,0.000000,0.000000,1,-125.54,-125.54,0,0,
09/21/2026,11:11:28:825,0.000000,0.000000,2,-122.72,-122.72,0,0,
09/21/2026,11:11:28:915,0.000000,0.000000,3,-119.69,-119.69,0,0,
09/21/2026,11:11:28:966,0.000000,0.000000,4,-82.43,-82.43,0,0,
09/21/2026,11:11:29:035,0.000000,0.000000,1,-126.37,-126.37,0,0,
09/21/2026,11:11:29:104,0.000000,0.000000,2,-123.1,-123.1,0,0,
09/21/2026,11:11:29:195,0.000000,0.000000,3,-119.8,-119.8,0,0,
09/21/2026,11:11:29:243,0.000000,0.000000,4,-77.15,-77.15,0,0,
09/21/2026,11:11:29:315,0.000000,0.000000,1,-123.62,-123.62,0,0,
09/21/2026,11:11:29:391,0.000000,0.000000,2,-124.55,-124.55,0,0,
09/21/2026,11:11:29:472,0.000000,0.000000,3,-118.67,-118.67,0,0,
09/21/2026,11:11:29:539,0.000000,0.000000,4,-79.39,-79.39,0,0,
09/21/2026,11:11:29:594,0.000000,0.000000,1,-122.84,-122.84,0,0,
09/21/2026,11:11:29:662,0.000000,0.000000,2,-122.78,-122.78,0,0,
09/21/2026,11:11:29:756,0.000000,0.000000,3,-118.83,-118.83,0,0,
09/21/2026,11:11:29:807,0.000000,0.000000,4,-77.95,-77.95,0,0,
09/21/2026,11:11:29:873,0.000000,0.000000,1,-123.52,-123.52,0,0,
09/21/2026,11:11:29:946,0.000000,0.000000,2,-125.8,-125.8,0,0,
09/21/2026,11:11:30:030,0.000000,0.000000,3,-118.27,-118.27,0,0,
09/21/2026,11:11:30:083,0.000000,0.000000,4,-75.51,-75.51,0,0,
09/21/2026,11:11:30:156,0.000000,0.000000,1,-127.82,-127.82,0,0,
09/21/2026,11:11:30:257,0.000000,0.000000,2,-122.44,-122.44,0,0,
09/21/2026,11:11:30:337,0.000000,0.000000,3,-119.4,-119.4,0,0,
09/21/2026,11:11:30:403,0.000000,0.000000,4,-79.84,-79.84,0,0,
09/21/2026,11:11:30:492,0.000000,0.000000,1,-123.92,-123.92,0,0,
09/21/2026,11:11:30:503,0.000000,0.000000,2,-123.76,-123.76,0,0,
09/21/2026,11:11:30:589,0.000000,0.000000,3,-118.36,-118.36,0,0,
09/21/2026,11:11:30:640,0.000000,0.000000,4,-77.44,-77.44,0,0,
09/21/2026,11:11:30:708,0.000000,0.000000,1,-123.25,-123.25,0,0,
09/21/2026,11:11:30:777,0.000000,0.000000,2,-123.09,-123.09,0,0,
09/21/2026,11:11:30:866,0.000000,0.000000,3,-119.64,-119.64,0,0,
09/21/2026,11:11:30:918,0.000000,0.000000,4,-72.27,-72.27,0,0,
09/21/2026,11:11:30:986,0.000000,0.000000,1,-123.09,-123.09,0,0,
09/21/2026,11:11:31:056,0.000000,0.000000,2,-121.8,-121.8,0,0,
09/21/2026,11:11:31:146,0.000000,0.000000,3,-118.74,-118.74,0,0,
09/21/2026,11:11:31:197,0.000000,0.000000,4,-81.94,-81.94,0,0,
09/21/2026,11:11:31:273,0.000000,0.000000,1,-122.4,-122.4,0,0,
09/21/2026,11:11:31:334,0.000000,0.000000,2,-125.41,-125.41,0,0,
09/21/2026,11:11:31:776,0.000000,0.000000,3,-118.36,-118.36,0,0,
09/21/2026,11:11:31:802,0.000000,0.000000,4,-72.3,-72.3,0,0,
09/21/2026,11:11:31:816,0.000000,0.000000,1,-123.03,-123.03,0,0,
09/21/2026,11:11:31:841,0.000000,0.000000,2,-123.61,-123.61,0,0,
09/21/2026,11:11:31:865,0.000000,0.000000,3,-119.15,-119.15,0,0,
09/21/2026,11:11:31:875,0.000000,0.000000,4,-80.13,-80.13,0,0,
09/21/2026,11:11:31:898,0.000000,0.000000,1,-122.07,-122.07,0,0,
09/21/2026,11:11:31:921,0.000000,0.000000,2,-124.37,-124.37,0,0,
09/21/2026,11:11:31:985,0.000000,0.000000,3,-119.87,-119.87,0,0,
09/21/2026,11:11:32:090,0.000000,0.000000,4,-73.23,-73.23,0,0,
09/21/2026,11:11:32:139,0.000000,0.000000,1,-124.34,-124.34,0,0,
09/21/2026,11:11:32:215,0.000000,0.000000,2,-121.84,-121.84,0,0,
09/21/2026,11:11:32:291,0.000000,0.000000,3,-119.19,-119.19,0,0,
09/21/2026,11:11:32:363,0.000000,0.000000,4,-75.9,-75.9,0,0,
09/21/2026,11:11:32:380,0.000000,0.000000,1,-125.26,-125.26,0,0,
09/21/2026,11:11:32:451,0.000000,0.000000,2,-123.64,-123.64,0,0,
09/21/2026,11:11:32:552,0.000000,0.000000,3,-119.91,-119.91,0,0,
09/21/2026,11:11:32:592,0.000000,0.000000,4,-70.79,-70.79,0,0,
09/21/2026,11:11:32:661,0.000000,0.000000,1,-124.69,-124.69,0,0,
09/21/2026,11:11:32:734,0.000000,0.000000,2,-123.6,-123.6,0,0,
09/21/2026,11:11:32:820,0.000000,0.000000,3,-119.37,-119.37,0,0,
09/21/2026,11:11:32:870,0.000000,0.000000,4,-75.44,-75.44,0,0,
09/21/2026,11:11:32:940,0.000000,0.000000,1,-123.24,-123.24,0,0,
09/21/2026,11:11:33:010,0.000000,0.000000,2,-125.04,-125.04,0,0,
09/21/2026,11:11:33:099,0.000000,0.000000,3,-119.69,-119.69,0,0,
09/21/2026,11:11:33:154,0.000000,0.000000,4,-82.61,-82.61,0,0,
09/21/2026,11:11:33:217,0.000000,0.000000,1,-121.54,-121.54,0,0,
09/21/2026,11:11:33:294,0.000000,0.000000,2,-123.29,-123.29,0,0,
09/21/2026,11:11:33:380,0.000000,0.000000,3,-119.6,-119.6,0,0,
09/21/2026,11:11:33:427,0.000000,0.000000,4,-75,-75,0,0,
09/21/2026,11:11:33:513,0.000000,0.000000,1,-125.54,-125.54,0,0,
09/21/2026,11:11:33:566,0.000000,0.000000,2,-126.08,-126.08,0,0,
09/21/2026,11:11:33:662,0.000000,0.000000,3,-120.88,-120.88,0,0,
09/21/2026,11:11:33:710,0.000000,0.000000,4,-71.79,-71.79,0,0,
09/21/2026,11:11:33:778,0.000000,0.000000,1,-122.79,-122.79,0,0,
09/21/2026,11:11:33:855,0.000000,0.000000,2,-123.68,-123.68,0,0,
09/21/2026,11:11:33:967,0.000000,0.000000,3,-119.63,-119.63,0,0,
09/21/2026,11:11:33:985,0.000000,0.000000,4,-68.39,-68.39,0,0,
09/21/2026,11:11:34:074,0.000000,0.000000,1,-124.84,-124.84,0,0,
09/21/2026,11:11:34:137,0.000000,0.000000,2,-123.32,-123.32,0,0,
09/21/2026,11:11:34:216,0.000000,0.000000,3,-119.8,-119.8,0,0,
09/21/2026,11:11:34:275,0.000000,0.000000,4,-72.53,-72.53,0,0,
09/21/2026,11:11:34:336,0.000000,0.000000,1,-124.48,-124.48,0,0,
09/21/2026,11:11:34:424,0.000000,0.000000,2,-123.87,-123.87,0,0,
09/21/2026,11:11:34:491,0.000000,0.000000,3,-120.03,-120.03,0,0,
09/21/2026,11:11:34:558,0.000000,0.000000,4,-76.77,-76.77,0,0,
09/21/2026,11:11:34:614,0.000000,0.000000,1,-126.72,-126.72,0,0,
09/21/2026,11:11:34:681,0.000000,0.000000,2,-124.21,-124.21,0,0,
09/21/2026,11:11:34:778,0.000000,0.000000,3,-119.47,-119.47,0,0,
09/21/2026,11:11:34:826,0.000000,0.000000,4,-80.67,-80.67,0,0,
09/21/2026,11:11:34:897,0.000000,0.000000,1,-122.83,-122.83,0,0,
09/21/2026,11:11:34:960,0.000000,0.000000,2,-121.76,-121.76,0,0,
09/21/2026,11:11:35:054,0.000000,0.000000,3,-118.31,-118.31,0,0,
09/21/2026,11:11:35:113,0.000000,0.000000,4,-71.22,-71.22,0,0,
09/21/2026,11:11:35:172,0.000000,0.000000,1,-123.34,-123.34,0,0,
09/21/2026,11:11:35:241,0.000000,0.000000,2,-125.67,-125.67,0,0,
09/21/2026,11:11:35:328,0.000000,0.000000,3,-120.44,-120.44,0,0,
09/21/2026,11:11:35:379,0.000000,0.000000,4,-75.52,-75.52,0,0,
09/21/2026,11:11:35:448,0.000000,0.000000,1,-124.34,-124.34,0,0,
09/21/2026,11:11:35:518,0.000000,0.000000,2,-124.42,-124.42,0,0,
09/21/2026,11:11:35:607,0.000000,0.000000,3,-118.04,-118.04,0,0,
09/21/2026,11:11:35:664,0.000000,0.000000,4,-77.37,-77.37,0,0,
09/21/2026,11:11:35:732,0.000000,0.000000,1,-121.91,-121.91,0,0,
09/21/2026,11:11:35:828,0.000000,0.000000,2,-124.28,-124.28,0,0,
09/21/2026,11:11:35:908,0.000000,0.000000,3,-119.8,-119.8,0,0,
09/21/2026,11:11:35:955,0.000000,0.000000,4,-69.99,-69.99,0,0,
09/21/2026,11:11:36:087,0.000000,0.000000,1,-122.47,-122.47,0,0,
09/21/2026,11:11:36:101,0.000000,0.000000,2,-124.16,-124.16,0,0,
09/21/2026,11:11:36:165,0.000000,0.000000,3,-117.19,-117.19,0,0,
09/21/2026,11:11:36:215,0.000000,0.000000,4,-70.99,-70.99,0,0,
09/21/2026,11:11:36:286,0.000000,0.000000,1,-124.33,-124.33,0,0,
09/21/2026,11:11:36:356,0.000000,0.000000,2,-122.72,-122.72,0,0,
09/21/2026,11:11:36:445,0.000000,0.000000,3,-117.92,-117.92,0,0,
09/21/2026,11:11:36:498,0.000000,0.000000,4,-79.09,-79.09,0,0,
09/21/2026,11:11:36:568,0.000000,0.000000,1,-123.59,-123.59,0,0,
09/21/2026,11:11:36:633,0.000000,0.000000,2,-123.2,-123.2,0,0,
09/21/2026,11:11:36:722,0.000000,0.000000,3,-118.43,-118.43,0,0,
09/21/2026,11:11:36:778,0.000000,0.000000,4,-70.9,-70.9,0,0,
09/21/2026,11:11:37:230,0.000000,0.000000,1,-124,-124,0,0,
09/21/2026,11:11:37:254,0.000000,0.000000,2,-124.01,-124.01,0,0,
09/21/2026,11:11:37:277,0.000000,0.000000,3,-118.25,-118.25,0,0,
09/21/2026,11:11:37:287,0.000000,0.000000,4,-64.09,-64.09,0,0,
09/21/2026,11:11:37:303,0.000000,0.000000,1,-126.39,-126.39,0,0,
09/21/2026,11:11:37:317,0.000000,0.000000,2,-124.07,-124.07,0,0,
09/21/2026,11:11:37:342,0.000000,0.000000,3,-120.25,-120.25,0,0,
09/21/2026,11:11:37:354,0.000000,0.000000,4,-74.34,-74.34,0,0,
09/21/2026,11:11:37:407,0.000000,0.000000,1,-124.87,-124.87,0,0,
09/21/2026,11:11:37:470,0.000000,0.000000,2,-124.9,-124.9,0,0,
09/21/2026,11:11:37:564,0.000000,0.000000,3,-119.05,-119.05,0,0,
09/21/2026,11:11:37:636,0.000000,0.000000,4,-70.16,-70.16,0,0,
09/21/2026,11:11:37:711,0.000000,0.000000,1,-123.94,-123.94,0,0,
09/21/2026,11:11:37:789,0.000000,0.000000,2,-123.03,-123.03,0,0,
09/21/2026,11:11:37:842,0.000000,0.000000,3,-119.82,-119.82,0,0,
09/21/2026,11:11:37:915,0.000000,0.000000,4,-66.04,-66.04,0,0,
09/21/2026,11:11:37:961,0.000000,0.000000,1,-123.7,-123.7,0,0,
09/21/2026,11:11:38:034,0.000000,0.000000,2,-124.75,-124.75,0,0,
09/21/2026,11:11:38:129,0.000000,0.000000,3,-118.7,-118.7,0,0,
09/21/2026,11:11:38:167,0.000000,0.000000,4,-75.2,-75.2,0,0,
09/21/2026,11:11:38:237,0.000000,0.000000,1,-123.57,-123.57,0,0,
09/21/2026,11:11:38:308,0.000000,0.000000,2,-122.9,-122.9,0,0,
09/21/2026,11:11:38:395,0.000000,0.000000,3,-118.02,-118.02,0,0,
09/21/2026,11:11:38:446,0.000000,0.000000,4,-73.82,-73.82,0,0,
09/21/2026,11:11:38:521,0.000000,0.000000,1,-123.73,-123.73,0,0,
09/21/2026,11:11:38:587,0.000000,0.000000,2,-122.4,-122.4,0,0,
09/21/2026,11:11:38:673,0.000000,0.000000,3,-117.91,-117.91,0,0,
09/21/2026,11:11:38:726,0.000000,0.000000,4,-72.29,-72.29,0,0,
09/21/2026,11:11:38:795,0.000000,0.000000,1,-122.19,-122.19,0,0,
09/21/2026,11:11:38:865,0.000000,0.000000,2,-124.55,-124.55,0,0,
09/21/2026,11:11:38:953,0.000000,0.000000,3,-118.72,-118.72,0,0,
09/21/2026,11:11:39:005,0.000000,0.000000,4,-73.01,-73.01,0,0,
09/21/2026,11:11:39:074,0.000000,0.000000,1,-123.4,-123.4,0,0,
09/21/2026,11:11:39:145,0.000000,0.000000,2,-126.16,-126.16,0,0,
09/21/2026,11:11:39:240,0.000000,0.000000,3,-119.95,-119.95,0,0,
09/21/2026,11:11:39:297,0.000000,0.000000,4,-68.55,-68.55,0,0,
09/21/2026,11:11:39:358,0.000000,0.000000,1,-125.28,-125.28,0,0,
09/21/2026,11:11:39:439,0.000000,0.000000,2,-121.67,-121.67,0,0,
09/21/2026,11:11:39:560,0.000000,0.000000,3,-117.98,-117.98,0,0,
09/21/2026,11:11:39:616,0.000000,0.000000,4,-68.95,-68.95,0,0,
09/21/2026,11:11:39:671,0.000000,0.000000,1,-125.76,-125.76,0,0,
09/21/2026,11:11:39:775,0.000000,0.000000,2,-124.93,-124.93,0,0,
09/21/2026,11:11:39:859,0.000000,0.000000,3,-118.52,-118.52,0,0,
09/21/2026,11:11:39:899,0.000000,0.000000,4,-67.84,-67.84,0,0,
09/21/2026,11:11:39:922,0.000000,0.000000,1,-125.52,-125.52,0,0,
09/21/2026,11:11:39:984,0.000000,0.000000,2,-121.85,-121.85,0,0,
09/21/2026,11:11:40:077,0.000000,0.000000,3,-120.75,-120.75,0,0,
09/21/2026,11:11:40:121,0.000000,0.000000,4,-64.4,-64.4,0,0,
09/21/2026,11:11:40:199,0.000000,0.000000,1,-124.65,-124.65,0,0,
09/21/2026,11:11:40:257,0.000000,0.000000,2,-124.9,-124.9,0,0,
09/21/2026,11:11:40:352,0.000000,0.000000,3,-117.38,-117.38,0,0,
09/21/2026,11:11:40:403,0.000000,0.000000,4,-71,-71,0,0,
09/21/2026,11:11:40:473,0.000000,0.000000,1,-123.85,-123.85,0,0,
09/21/2026,11:11:40:540,0.000000,0.000000,2,-124.89,-124.89,0,0,
09/21/2026,11:11:40:632,0.000000,0.000000,3,-119.59,-119.59,0,0,
09/21/2026,11:11:40:692,0.000000,0.000000,4,-67.07,-67.07,0,0,
09/21/2026,11:11:40:747,0.000000,0.000000,1,-123.87,-123.87,0,0,
09/21/2026,11:11:40:829,0.000000,0.000000,2,-125.11,-125.11,0,0,
09/21/2026,11:11:40:911,0.000000,0.000000,3,-118.52,-118.52,0,0,
09/21/2026,11:11:40:963,0.000000,0.000000,4,-69.06,-69.06,0,0,
09/21/2026,11:11:41:027,0.000000,0.000000,1,-125.08,-125.08,0,0,
09/21/2026,11:11:41:095,0.000000,0.000000,2,-123.84,-123.84,0,0,
09/21/2026,11:11:41:186,0.000000,0.000000,3,-116.71,-116.71,0,0,
09/21/2026,11:11:41:237,0.000000,0.000000,4,-68.48,-68.48,0,0,
09/21/2026,11:11:41:328,0.000000,0.000000,1,-125.15,-125.15,0,0,
09/21/2026,11:11:41:411,0.000000,0.000000,2,-123.28,-123.28,0,0,
09/21/2026,11:11:41:527,0.000000,0.000000,3,-119.86,-119.86,0,0,
09/21/2026,11:11:41:669,0.000000,0.000000,4,-67.62,-67.62,0,0,
09/21/2026,11:11:41:722,0.000000,0.000000,1,-122.09,-122.09,0,0,
09/21/2026,11:11:41:763,0.000000,0.000000,2,-123.64,-123.64,0,0,
09/21/2026,11:11:41:800,0.000000,0.000000,3,-119.85,-119.85,0,0,
09/21/2026,11:11:41:831,0.000000,0.000000,4,-72.79,-72.79,0,0,
09/21/2026,11:11:41:877,0.000000,0.000000,1,-121.29,-121.29,0,0,
09/21/2026,11:11:41:932,0.000000,0.000000,2,-121.58,-121.58,0,0,
09/21/2026,11:11:42:022,0.000000,0.000000,3,-118.02,-118.02,0,0,
09/21/2026,11:11:42:095,0.000000,0.000000,4,-73.63,-73.63,0,0,
09/21/2026,11:11:42:140,0.000000,0.000000,1,-124.13,-124.13,0,0,
09/21/2026,11:11:42:210,0.000000,0.000000,2,-123.8,-123.8,0,0,
09/21/2026,11:11:42:688,0.000000,0.000000,3,-117.55,-117.55,0,0,
09/21/2026,11:11:42:703,0.000000,0.000000,4,-71.54,-71.54,0,0,
09/21/2026,11:11:42:745,0.000000,0.000000,1,-125.37,-125.37,0,0,
09/21/2026,11:11:42:770,0.000000,0.000000,2,-122.42,-122.42,0,0,
09/21/2026,11:11:42:840,0.000000,0.000000,3,-118.11,-118.11,0,0,
09/21/2026,11:11:42:897,0.000000,0.000000,4,-71.25,-71.25,0,0,
09/21/2026,11:11:42:975,0.000000,0.000000,1,-127.67,-127.67,0,0,
09/21/2026,11:11:43:012,0.000000,0.000000,2,-122.9,-122.9,0,0,
09/21/2026,11:11:43:053,0.000000,0.000000,3,-119.84,-119.84,0,0,
09/21/2026,11:11:43:080,0.000000,0.000000,4,-66.98,-66.98,0,0,
09/21/2026,11:11:43:099,0.000000,0.000000,1,-123.79,-123.79,0,0,
09/21/2026,11:11:43:134,0.000000,0.000000,2,-122.65,-122.65,0,0,
09/21/2026,11:11:43:181,0.000000,0.000000,3,-118.01,-118.01,0,0,
09/21/2026,11:11:43:240,0.000000,0.000000,4,-71.01,-71.01,0,0,
09/21/2026,11:11:43:268,0.000000,0.000000,1,-122.12,-122.12,0,0,
09/21/2026,11:11:43:346,0.000000,0.000000,2,-122.6,-122.6,0,0,
09/21/2026,11:11:43:444,0.000000,0.000000,3,-116.14,-116.14,0,0,
09/21/2026,11:11:43:530,0.000000,0.000000,4,-69.82,-69.82,0,0,
09/21/2026,11:11:43:586,0.000000,0.000000,1,-126.33,-126.33,0,0,
09/21/2026,11:11:43:676,0.000000,0.000000,2,-122.98,-122.98,0,0,
09/21/2026,11:11:43:744,0.000000,0.000000,3,-118.41,-118.41,0,0,
09/21/2026,11:11:43:805,0.000000,0.000000,4,-69.93,-69.93,0,0,
09/21/2026,11:11:43:839,0.000000,0.000000,1,-124.31,-124.31,0,0,
09/21/2026,11:11:43:885,0.000000,0.000000,2,-123.47,-123.47,0,0,
09/21/2026,11:11:43:973,0.000000,0.000000,3,-119.92,-119.92,0,0,
09/21/2026,11:11:44:024,0.000000,0.000000,4,-72.16,-72.16,0,0,
09/21/2026,11:11:44:095,0.000000,0.000000,1,-124.74,-124.74,0,0,
09/21/2026,11:11:44:162,0.000000,0.000000,2,-122.52,-122.52,0,0,
09/21/2026,11:11:44:255,0.000000,0.000000,3,-119.68,-119.68,0,0,
09/21/2026,11:11:44:320,0.000000,0.000000,4,-79.95,-79.95,0,0,
09/21/2026,11:11:44:374,0.000000,0.000000,1,-124.41,-124.41,0,0,
09/21/2026,11:11:44:443,0.000000,0.000000,2,-123.01,-123.01,0,0,
09/21/2026,11:11:44:534,0.000000,0.000000,3,-118.63,-118.63,0,0,
09/21/2026,11:11:44:586,0.000000,0.000000,4,-64.99,-64.99,0,0,
09/21/2026,11:11:44:650,0.000000,0.000000,1,-125.1,-125.1,0,0,
09/21/2026,11:11:44:725,0.000000,0.000000,2,-122.85,-122.85,0,0,
09/21/2026,11:11:44:815,0.000000,0.000000,3,-117.74,-117.74,0,0,
09/21/2026,11:11:44:889,0.000000,0.000000,4,-67.5,-67.5,0,0,
09/21/2026,11:11:44:938,0.000000,0.000000,1,-124.88,-124.88,0,0,
09/21/2026,11:11:45:051,0.000000,0.000000,2,-122.15,-122.15,0,0,
09/21/2026,11:11:45:135,0.000000,0.000000,3,-120.4,-120.4,0,0,
09/21/2026,11:11:45:180,0.000000,0.000000,4,-65.96,-65.96,0,0,
09/21/2026,11:11:45:240,0.000000,0.000000,1,-125.45,-125.45,0,0,
09/21/2026,11:11:45:340,0.000000,0.000000,2,-124.21,-124.21,0,0,
09/21/2026,11:11:45:406,0.000000,0.000000,3,-120.31,-120.31,0,0,
09/21/2026,11:11:45:424,0.000000,0.000000,4,-66.28,-66.28,0,0,
09/21/2026,11:11:45:498,0.000000,0.000000,1,-123.13,-123.13,0,0,
09/21/2026,11:11:45:576,0.000000,0.000000,2,-123.07,-123.07,0,0,
09/21/2026,11:11:45:649,0.000000,0.000000,3,-119.52,-119.52,0,0,
09/21/2026,11:11:45:699,0.000000,0.000000,4,-72.08,-72.08,0,0,
09/21/2026,11:11:45:778,0.000000,0.000000,1,-124.02,-124.02,0,0,
09/21/2026,11:11:45:836,0.000000,0.000000,2,-125.3,-125.3,0,0,
09/21/2026,11:11:45:951,0.000000,0.000000,3,-119.37,-119.37,0,0,
09/21/2026,11:11:45:976,0.000000,0.000000,4,-68.66,-68.66,0,0,
09/21/2026,11:11:46:044,0.000000,0.000000,1,-124.24,-124.24,0,0,
09/21/2026,11:11:46:119,0.000000,0.000000,2,-125.18,-125.18,0,0,
09/21/2026,11:11:46:205,0.000000,0.000000,3,-120.05,-120.05,0,0,
09/21/2026,11:11:46:254,0.000000,0.000000,4,-66.54,-66.54,0,0,
09/21/2026,11:11:46:352,0.000000,0.000000,1,-123.37,-123.37,0,0,
09/21/2026,11:11:46:444,0.000000,0.000000,2,-122.18,-122.18,0,0,
09/21/2026,11:11:46:513,0.000000,0.000000,3,-118.92,-118.92,0,0,
09/21/2026,11:11:46:537,0.000000,0.000000,4,-59.78,-59.78,0,0,
09/21/2026,11:11:46:603,0.000000,0.000000,1,-124.38,-124.38,0,0,
09/21/2026,11:11:46:672,0.000000,0.000000,2,-124.59,-124.59,0,0,
09/21/2026,11:11:46:772,0.000000,0.000000,3,-120.54,-120.54,0,0,
09/21/2026,11:11:46:822,0.000000,0.000000,4,-64.08,-64.08,0,0,
09/21/2026,11:11:46:885,0.000000,0.000000,1,-124.89,-124.89,0,0,
09/21/2026,11:11:46:996,0.000000,0.000000,2,-124.11,-124.11,0,0,
09/21/2026,11:11:47:211,0.000000,0.000000,3,-120.66,-120.66,0,0,
09/21/2026,11:11:47:226,0.000000,0.000000,4,-56.63,-56.63,0,0,
09/21/2026,11:11:47:321,0.000000,0.000000,1,-125.61,-125.61,0,0,
09/21/2026,11:11:47:366,0.000000,0.000000,2,-123.71,-123.71,0,0,
09/21/2026,11:11:47:426,0.000000,0.000000,3,-119.07,-119.07,0,0,
09/21/2026,11:11:47:467,0.000000,0.000000,4,-63.29,-63.29,0,0,
09/21/2026,11:11:47:504,0.000000,0.000000,1,-122.89,-122.89,0,0,
09/21/2026,11:11:47:572,0.000000,0.000000,2,-122.68,-122.68,0,0,
09/21/2026,11:11:47:618,0.000000,0.000000,3,-118.62,-118.62,0,0,
09/21/2026,11:11:47:648,0.000000,0.000000,4,-62.66,-62.66,0,0,
09/21/2026,11:11:47:722,0.000000,0.000000,1,-125.62,-125.62,0,0,
09/21/2026,11:11:47:788,0.000000,0.000000,2,-126.09,-126.09,0,0,
09/21/2026,11:11:47:881,0.000000,0.000000,3,-118.54,-118.54,0,0,
09/21/2026,11:11:47:928,0.000000,0.000000,4,-63.13,-63.13,0,0,
09/21/2026,11:11:48:005,0.000000,0.000000,1,-125.41,-125.41,0,0,
09/21/2026,11:11:48:077,0.000000,0.000000,2,-125.3,-125.3,0,0,
09/21/2026,11:11:48:160,0.000000,0.000000,3,-118.71,-118.71,0,0,
09/21/2026,11:11:48:206,0.000000,0.000000,4,-66.04,-66.04,0,0,
09/21/2026,11:11:48:278,0.000000,0.000000,1,-122.65,-122.65,0,0,
09/21/2026,11:11:48:348,0.000000,0.000000,2,-125.96,-125.96,0,0,
09/21/2026,11:11:48:434,0.000000,0.000000,3,-119.85,-119.85,0,0,
09/21/2026,11:11:48:487,0.000000,0.000000,4,-64.09,-64.09,0,0,
09/21/2026,11:11:48:560,0.000000,0.000000,1,-124.91,-124.91,0,0,
09/21/2026,11:11:48:651,0.000000,0.000000,2,-123.77,-123.77,0,0,
09/21/2026,11:11:48:725,0.000000,0.000000,3,-119.65,-119.65,0,0,
09/21/2026,11:11:48:784,0.000000,0.000000,4,-63.6,-63.6,0,0,
09/21/2026,11:11:48:835,0.000000,0.000000,1,-123.97,-123.97,0,0,
09/21/2026,11:11:48:991,0.000000,0.000000,2,-122.34,-122.34,0,0,
09/21/2026,11:11:49:143,0.000000,0.000000,3,-119.27,-119.27,0,0,
09/21/2026,11:11:49:196,0.000000,0.000000,4,-60.89,-60.89,0,0,
09/21/2026,11:11:49:309,0.000000,0.000000,1,-122.37,-122.37,0,0,
09/21/2026,11:11:49:334,0.000000,0.000000,2,-121.91,-121.91,0,0,
09/21/2026,11:11:49:406,0.000000,0.000000,3,-118.77,-118.77,0,0,
09/21/2026,11:11:49:428,0.000000,0.000000,4,-66.22,-66.22,0,0,
09/21/2026,11:11:49:475,0.000000,0.000000,1,-125.14,-125.14,0,0,
09/21/2026,11:11:49:534,0.000000,0.000000,2,-125.83,-125.83,0,0,
09/21/2026,11:11:49:582,0.000000,0.000000,3,-119.46,-119.46,0,0,
09/21/2026,11:11:49:634,0.000000,0.000000,4,-68.54,-68.54,0,0,
09/21/2026,11:11:49:669,0.000000,0.000000,1,-122.53,-122.53,0,0,
09/21/2026,11:11:49:768,0.000000,0.000000,2,-126.34,-126.34,0,0,
09/21/2026,11:11:49:832,0.000000,0.000000,3,-119.25,-119.25,0,0,
09/21/2026,11:11:49:880,0.000000,0.000000,4,-66.18,-66.18,0,0,
09/21/2026,11:11:49:950,0.000000,0.000000,1,-124.15,-124.15,0,0,
09/21/2026,11:11:50:033,0.000000,0.000000,2,-122.32,-122.32,0,0,
09/21/2026,11:11:50:116,0.000000,0.000000,3,-120.48,-120.48,0,0,
09/21/2026,11:11:50:163,0.000000,0.000000,4,-66.65,-66.65,0,0,
09/21/2026,11:11:50:228,0.000000,0.000000,1,-125.36,-125.36,0,0,
09/21/2026,11:11:50:303,0.000000,0.000000,2,-121.72,-121.72,0,0,
09/21/2026,11:11:50:386,0.000000,0.000000,3,-118.24,-118.24,0,0,
09/21/2026,11:11:50:460,0.000000,0.000000,4,-69.28,-69.28,0,0,
09/21/2026,11:11:50:518,0.000000,0.000000,1,-124.11,-124.11,0,0,
09/21/2026,11:11:50:585,0.000000,0.000000,2,-121.71,-121.71,0,0,
09/21/2026,11:11:50:702,0.000000,0.000000,3,-119.6,-119.6,0,0,
09/21/2026,11:11:50:761,0.000000,0.000000,4,-70.21,-70.21,0,0,
09/21/2026,11:11:50:932,0.000000,0.000000,1,-123.35,-123.35,0,0,
09/21/2026,11:11:50:994,0.000000,0.000000,2,-123.92,-123.92,0,0,
09/21/2026,11:11:51:045,0.000000,0.000000,3,-121.38,-121.38,0,0,
09/21/2026,11:11:51:067,0.000000,0.000000,4,-63.78,-63.78,0,0,
09/21/2026,11:11:51:122,0.000000,0.000000,1,-123.9,-123.9,0,0,
09/21/2026,11:11:51:149,0.000000,0.000000,2,-125.02,-125.02,0,0,
09/21/2026,11:11:51:221,0.000000,0.000000,3,-121,-121,0,0,
09/21/2026,11:11:51:296,0.000000,0.000000,4,-66.61,-66.61,0,0,
09/21/2026,11:11:51:347,0.000000,0.000000,1,-123.57,-123.57,0,0,
09/21/2026,11:11:51:425,0.000000,0.000000,2,-125.08,-125.08,0,0,
09/21/2026,11:11:51:541,0.000000,0.000000,3,-119.95,-119.95,0,0,
09/21/2026,11:11:51:573,0.000000,0.000000,4,-64.23,-64.23,0,0,
09/21/2026,11:11:51:636,0.000000,0.000000,1,-121.92,-121.92,0,0,
09/21/2026,11:11:51:697,0.000000,0.000000,2,-124.16,-124.16,0,0,
09/21/2026,11:11:51:779,0.000000,0.000000,3,-118.95,-118.95,0,0,
09/21/2026,11:11:51:846,0.000000,0.000000,4,-73.61,-73.61,0,0,
09/21/2026,11:11:51:911,0.000000,0.000000,1,-124.36,-124.36,0,0,
09/21/2026,11:11:51:970,0.000000,0.000000,2,-126.95,-126.95,0,0,
09/21/2026,11:11:52:067,0.000000,0.000000,3,-119.26,-119.26,0,0,
09/21/2026,11:11:52:113,0.000000,0.000000,4,-73.92,-73.92,0,0,
09/21/2026,11:11:52:191,0.000000,0.000000,1,-123.64,-123.64,0,0,
09/21/2026,11:11:52:256,0.000000,0.000000,2,-122.09,-122.09,0,0,
09/21/2026,11:11:52:337,0.000000,0.000000,3,-119.31,-119.31,0,0,
09/21/2026,11:11:52:389,0.000000,0.000000,4,-71.16,-71.16,0,0,
09/21/2026,11:11:52:509,0.000000,0.000000,1,-122.33,-122.33,0,0,
09/21/2026,11:11:52:621,0.000000,0.000000,2,-122.69,-122.69,0,0,
09/21/2026,11:11:52:690,0.000000,0.000000,3,-119.26,-119.26,0,0,
09/21/2026,11:11:52:738,0.000000,0.000000,4,-62.6,-62.6,0,0,
09/21/2026,11:11:53:184,0.000000,0.000000,1,-126.67,-126.67,0,0,
09/21/2026,11:11:54:042,0.000000,0.000000,2,-124.44,-124.44,0,0,
09/21/2026,11:11:54:094,0.000000,0.000000,3,-119.6,-119.6,0,0,
09/21/2026,11:11:54:121,0.000000,0.000000,4,-63.47,-63.47,0,0,
09/21/2026,11:11:54:144,0.000000,0.000000,1,-123.3,-123.3,0,0,
09/21/2026,11:11:54:170,0.000000,0.000000,2,-124.7,-124.7,0,0,
09/21/2026,11:11:54:223,0.000000,0.000000,3,-119.33,-119.33,0,0,
09/21/2026,11:11:54:233,0.000000,0.000000,4,-57.32,-57.32,0,0,
09/21/2026,11:11:54:294,0.000000,0.000000,1,-121.89,-121.89,0,0,
09/21/2026,11:11:54:334,0.000000,0.000000,2,-125.78,-125.78,0,0,
09/21/2026,11:11:54:359,0.000000,0.000000,3,-118.8,-118.8,0,0,
09/21/2026,11:11:54:392,0.000000,0.000000,4,-65.32,-65.32,0,0,
09/21/2026,11:11:54:425,0.000000,0.000000,1,-123.65,-123.65,0,0,
09/21/2026,11:11:54:453,0.000000,0.000000,2,-123.77,-123.77,0,0,
09/21/2026,11:11:54:557,0.000000,0.000000,3,-120.48,-120.48,0,0,
09/21/2026,11:11:54:608,0.000000,0.000000,4,-61.85,-61.85,0,0,
09/21/2026,11:11:54:655,0.000000,0.000000,1,-124.51,-124.51,0,0,
09/21/2026,11:11:54:722,0.000000,0.000000,2,-124.12,-124.12,0,0,
09/21/2026,11:11:54:819,0.000000,0.000000,3,-118.5,-118.5,0,0,
09/21/2026,11:11:54:838,0.000000,0.000000,4,-57.79,-57.79,0,0,
09/21/2026,11:11:54:880,0.000000,0.000000,1,-124.88,-124.88,0,0,
09/21/2026,11:11:54:928,0.000000,0.000000,2,-120.91,-120.91,0,0,
09/21/2026,11:11:54:977,0.000000,0.000000,3,-118.42,-118.42,0,0,
09/21/2026,11:11:55:008,0.000000,0.000000,4,-58.7,-58.7,0,0,
09/21/2026,11:11:55:039,0.000000,0.000000,1,-122.17,-122.17,0,0,
09/21/2026,11:11:55:059,0.000000,0.000000,2,-122.99,-122.99,0,0,
09/21/2026,11:11:55:152,0.000000,0.000000,3,-119.88,-119.88,0,0,
09/21/2026,11:11:55:161,0.000000,0.000000,4,-62.28,-62.28,0,0,
09/21/2026,11:11:55:212,0.000000,0.000000,1,-123.21,-123.21,0,0,
09/21/2026,11:11:55:240,0.000000,0.000000,2,-121.77,-121.77,0,0,
09/21/2026,11:11:55:271,0.000000,0.000000,3,-119.39,-119.39,0,0,
09/21/2026,11:11:55:288,0.000000,0.000000,4,-59.05,-59.05,0,0,
09/21/2026,11:11:55:315,0.000000,0.000000,1,-123.73,-123.73,0,0,
09/21/2026,11:11:55:344,0.000000,0.000000,2,-122.96,-122.96,0,0,
09/21/2026,11:11:55:393,0.000000,0.000000,3,-121.74,-121.74,0,0,
09/21/2026,11:11:55:408,0.000000,0.000000,4,-58.82,-58.82,0,0,
09/21/2026,11:11:55:460,0.000000,0.000000,1,-124.98,-124.98,0,0,
09/21/2026,11:11:55:513,0.000000,0.000000,2,-123.72,-123.72,0,0,
09/21/2026,11:11:55:563,0.000000,0.000000,3,-121.17,-121.17,0,0,
09/21/2026,11:11:55:576,0.000000,0.000000,4,-70.72,-70.72,0,0,
09/21/2026,11:11:55:616,0.000000,0.000000,1,-124.11,-124.11,0,0,
09/21/2026,11:11:55:645,0.000000,0.000000,2,-121.53,-121.53,0,0,
09/21/2026,11:11:55:691,0.000000,0.000000,3,-119.62,-119.62,0,0,
09/21/2026,11:11:55:743,0.000000,0.000000,4,-67.43,-67.43,0,0,
09/21/2026,11:11:55:805,0.000000,0.000000,1,-124.96,-124.96,0,0,
09/21/2026,11:11:55:883,0.000000,0.000000,2,-129.24,-129.24,0,0,
09/21/2026,11:11:55:964,0.000000,0.000000,3,-119.71,-119.71,0,0,
09/21/2026,11:11:56:015,0.000000,0.000000,4,-62.56,-62.56,0,0,
09/21/2026,11:11:56:153,0.000000,0.000000,1,-122.01,-122.01,0,0,
09/21/2026,11:11:56:229,0.000000,0.000000,2,-122.38,-122.38,0,0,
09/21/2026,11:11:56:312,0.000000,0.000000,3,-117.85,-117.85,0,0,
09/21/2026,11:11:56:395,0.000000,0.000000,4,-69.99,-69.99,0,0,
09/21/2026,11:11:56:452,0.000000,0.000000,1,-123.39,-123.39,0,0,
09/21/2026,11:11:56:500,0.000000,0.000000,2,-124.31,-124.31,0,0,
09/21/2026,11:11:56:575,0.000000,0.000000,3,-119.01,-119.01,0,0,
09/21/2026,11:11:56:599,0.000000,0.000000,4,-62.08,-62.08,0,0,
09/21/2026,11:11:56:669,0.000000,0.000000,1,-124.2,-124.2,0,0,
09/21/2026,11:11:56:712,0.000000,0.000000,2,-124.15,-124.15,0,0,
09/21/2026,11:11:56:801,0.000000,0.000000,3,-119.72,-119.72,0,0,
09/21/2026,11:11:56:858,0.000000,0.000000,4,-58.82,-58.82,0,0,
09/21/2026,11:11:56:920,0.000000,0.000000,1,-126.1,-126.1,0,0,
09/21/2026,11:11:56:995,0.000000,0.000000,2,-122.92,-122.92,0,0,
09/21/2026,11:11:57:078,0.000000,0.000000,3,-121.2,-121.2,0,0,
09/21/2026,11:11:57:135,0.000000,0.000000,4,-62.18,-62.18,0,0,
09/21/2026,11:11:57:204,0.000000,0.000000,1,-121.06,-121.06,0,0,
09/21/2026,11:11:57:284,0.000000,0.000000,2,-123.47,-123.47,0,0,
09/21/2026,11:11:57:357,0.000000,0.000000,3,-118.27,-118.27,0,0,
09/21/2026,11:11:57:408,0.000000,0.000000,4,-62.91,-62.91,0,0,
09/21/2026,11:11:57:477,0.000000,0.000000,1,-122.8,-122.8,0,0,
09/21/2026,11:11:57:547,0.000000,0.000000,2,-123.93,-123.93,0,0,
09/21/2026,11:11:57:635,0.000000,0.000000,3,-118.85,-118.85,0,0,
09/21/2026,11:11:57:690,0.000000,0.000000,4,-58.83,-58.83,0,0,
09/21/2026,11:11:57:760,0.000000,0.000000,1,-125.18,-125.18,0,0,
09/21/2026,11:11:57:834,0.000000,0.000000,2,-122.1,-122.1,0,0,
09/21/2026,11:11:57:921,0.000000,0.000000,3,-118.01,-118.01,0,0,
09/21/2026,11:11:57:967,0.000000,0.000000,4,-58.86,-58.86,0,0,
09/21/2026,11:11:58:036,0.000000,0.000000,1,-122.73,-122.73,0,0,
09/21/2026,11:11:58:105,0.000000,0.000000,2,-124.3,-124.3,0,0,
09/21/2026,11:11:58:238,0.000000,0.000000,3,-120.36,-120.36,0,0,
09/21/2026,11:11:58:291,0.000000,0.000000,4,-59.9,-59.9,0,0,
09/21/2026,11:11:58:341,0.000000,0.000000,1,-121.28,-121.28,0,0,
09/21/2026,11:11:58:469,0.000000,0.000000,2,-122.52,-122.52,0,0,
09/21/2026,11:11:58:533,0.000000,0.000000,3,-117.83,-117.83,0,0,
09/21/2026,11:11:58:599,0.000000,0.000000,4,-64.25,-64.25,0,0,
09/21/2026,11:11:58:629,0.000000,0.000000,1,-120.57,-120.57,0,0,
09/21/2026,11:11:58:672,0.000000,0.000000,2,-118.85,-118.85,0,0,
09/21/2026,11:11:58:752,0.000000,0.000000,3,-123.03,-123.03,0,0,
09/21/2026,11:11:58:806,0.000000,0.000000,4,-71.26,-71.26,0,0,
09/21/2026,11:11:58:877,0.000000,0.000000,1,-123.61,-123.61,0,0,
09/21/2026,11:11:58:945,0.000000,0.000000,2,-122.41,-122.41,0,0,
09/21/2026,11:11:59:042,0.000000,0.000000,3,-119.64,-119.64,0,0,
09/21/2026,11:11:59:496,0.000000,0.000000,4,-67.23,-67.23,0,0,
09/21/2026,11:11:59:566,0.000000,0.000000,1,-123.59,-123.59,0,0,
09/21/2026,11:11:59:617,0.000000,0.000000,2,-122.33,-122.33,0,0,
09/21/2026,11:11:59:671,0.000000,0.000000,3,-116.53,-116.53,0,0,
09/21/2026,11:11:59:687,0.000000,0.000000,4,-64.86,-64.86,0,0,
09/21/2026,11:11:59:717,0.000000,0.000000,1,-124.08,-124.08,0,0,
09/21/2026,11:11:59:774,0.000000,0.000000,2,-122.59,-122.59,0,0,
09/21/2026,11:11:59:829,0.000000,0.000000,3,-117.83,-117.83,0,0,
09/21/2026,11:11:59:863,0.000000,0.000000,4,-62.5,-62.5,0,0,
09/21/2026,11:11:59:932,0.000000,0.000000,1,-123.89,-123.89,0,0,
09/21/2026,11:11:59:987,0.000000,0.000000,2,-123.69,-123.69,0,0,
09/21/2026,11:12:00:152,0.000000,0.000000,3,-121.01,-121.01,0,0,
09/21/2026,11:12:00:210,0.000000,0.000000,4,-66.22,-66.22,0,0,
09/21/2026,11:12:00:283,0.000000,0.000000,1,-122.34,-122.34,0,0,
09/21/2026,11:12:00:374,0.000000,0.000000,2,-123.02,-123.02,0,0,
09/21/2026,11:12:00:411,0.000000,0.000000,3,-119.74,-119.74,0,0,
09/21/2026,11:12:00:451,0.000000,0.000000,4,-59.76,-59.76,0,0,
09/21/2026,11:12:00:519,0.000000,0.000000,1,-125.4,-125.4,0,0,
09/21/2026,11:12:00:556,0.000000,0.000000,2,-122.4,-122.4,0,0,
09/21/2026,11:12:00:615,0.000000,0.000000,3,-120.08,-120.08,0,0,
09/21/2026,11:12:00:652,0.000000,0.000000,4,-67.34,-67.34,0,0,
09/21/2026,11:12:00:689,0.000000,0.000000,1,-124.66,-124.66,0,0,
09/21/2026,11:12:00:750,0.000000,0.000000,2,-127.3,-127.3,0,0,
09/21/2026,11:12:00:803,0.000000,0.000000,3,-120.44,-120.44,0,0,
09/21/2026,11:12:00:852,0.000000,0.000000,4,-62.08,-62.08,0,0,
09/21/2026,11:12:00:886,0.000000,0.000000,1,-122.06,-122.06,0,0,
09/21/2026,11:12:00:934,0.000000,0.000000,2,-123.23,-123.23,0,0,
09/21/2026,11:12:00:992,0.000000,0.000000,3,-119.29,-119.29,0,0,
09/21/2026,11:12:01:038,0.000000,0.000000,4,-64.82,-64.82,0,0,
09/21/2026,11:12:01:108,0.000000,0.000000,1,-124.52,-124.52,0,0,
09/21/2026,11:12:01:174,0.000000,0.000000,2,-122.9,-122.9,0,0,
09/21/2026,11:12:01:261,0.000000,0.000000,3,-119.19,-119.19,0,0,
09/21/2026,11:12:01:312,0.000000,0.000000,4,-60.82,-60.82,0,0,
09/21/2026,11:12:01:397,0.000000,0.000000,1,-123.79,-123.79,0,0,
09/21/2026,11:12:01:451,0.000000,0.000000,2,-122.78,-122.78,0,0,
09/21/2026,11:12:01:561,0.000000,0.000000,3,-120.48,-120.48,0,0,
09/21/2026,11:12:01:606,0.000000,0.000000,4,-63.97,-63.97,0,0,
09/21/2026,11:12:01:665,0.000000,0.000000,1,-122.53,-122.53,0,0,
09/21/2026,11:12:01:731,0.000000,0.000000,2,-123.34,-123.34,0,0,
09/21/2026,11:12:01:819,0.000000,0.000000,3,-120.08,-120.08,0,0,
09/21/2026,11:12:01:874,0.000000,0.000000,4,-69.12,-69.12,0,0,
09/21/2026,11:12:01:951,0.000000,0.000000,1,-122.68,-122.68,0,0,
09/21/2026,11:12:02:045,0.000000,0.000000,2,-124.53,-124.53,0,0,
09/21/2026,11:12:02:203,0.000000,0.000000,3,-119.99,-119.99,0,0,
09/21/2026,11:12:02:242,0.000000,0.000000,4,-64.17,-64.17,0,0,
09/21/2026,11:12:02:380,0.000000,0.000000,1,-124,-124,0,0,
09/21/2026,11:12:02:415,0.000000,0.000000,2,-123.61,-123.61,0,0,
09/21/2026,11:12:02:501,0.000000,0.000000,3,-122.26,-122.26,0,0,
09/21/2026,11:12:02:526,0.000000,0.000000,4,-69.81,-69.81,0,0,
09/21/2026,11:12:02:617,0.000000,0.000000,1,-123.67,-123.67,0,0,
09/21/2026,11:12:02:651,0.000000,0.000000,2,-123.24,-123.24,0,0,
09/21/2026,11:12:02:719,0.000000,0.000000,3,-120.22,-120.22,0,0,
09/21/2026,11:12:02:747,0.000000,0.000000,4,-70.3,-70.3,0,0,
09/21/2026,11:12:02:818,0.000000,0.000000,1,-124.16,-124.16,0,0,
09/21/2026,11:12:02:870,0.000000,0.000000,2,-122.5,-122.5,0,0,
09/21/2026,11:12:02:966,0.000000,0.000000,3,-120.22,-120.22,0,0,
09/21/2026,11:12:03:011,0.000000,0.000000,4,-73.46,-73.46,0,0,
09/21/2026,11:12:03:060,0.000000,0.000000,1,-124.25,-124.25,0,0,
09/21/2026,11:12:03:124,0.000000,0.000000,2,-124.88,-124.88,0,0,
09/21/2026,11:12:03:215,0.000000,0.000000,3,-118.88,-118.88,0,0,
09/21/2026,11:12:03:274,0.000000,0.000000,4,-82.84,-82.84,0,0,
09/21/2026,11:12:03:342,0.000000,0.000000,1,-122.68,-122.68,0,0,
09/21/2026,11:12:03:425,0.000000,0.000000,2,-124.75,-124.75,0,0,
09/21/2026,11:12:03:502,0.000000,0.000000,3,-119.62,-119.62,0,0,
09/21/2026,11:12:03:546,0.000000,0.000000,4,-73.87,-73.87,0,0,
09/21/2026,11:12:03:618,0.000000,0.000000,1,-121.69,-121.69,0,0,
09/21/2026,11:12:03:736,0.000000,0.000000,2,-123.73,-123.73,0,0,
09/21/2026,11:12:03:794,0.000000,0.000000,3,-118.37,-118.37,0,0,
09/21/2026,11:12:03:834,0.000000,0.000000,4,-81.89,-81.89,0,0,
09/21/2026,11:12:03:909,0.000000,0.000000,1,-124.29,-124.29,0,0,
09/21/2026,11:12:03:978,0.000000,0.000000,2,-126.13,-126.13,0,0,
09/21/2026,11:12:04:050,0.000000,0.000000,3,-119.36,-119.36,0,0,
09/21/2026,11:12:04:102,0.000000,0.000000,4,-71.73,-71.73,0,0,
09/21/2026,11:12:04:178,0.000000,0.000000,1,-122.31,-122.31,0,0,
09/21/2026,11:12:04:240,0.000000,0.000000,2,-123.2,-123.2,0,0,
09/21/2026,11:12:04:328,0.000000,0.000000,3,-119.58,-119.58,0,0,
09/21/2026,11:12:04:384,0.000000,0.000000,4,-62.23,-62.23,0,0,
09/21/2026,11:12:04:450,0.000000,0.000000,1,-126.51,-126.51,0,0,
09/21/2026,11:12:04:522,0.000000,0.000000,2,-124.12,-124.12,0,0,
09/21/2026,11:12:04:962,0.000000,0.000000,3,-118.67,-118.67,0,0,
09/21/2026,11:12:04:980,0.000000,0.000000,4,-72.51,-72.51,0,0,
09/21/2026,11:12:05:000,0.000000,0.000000,1,-124.01,-124.01,0,0,
09/21/2026,11:12:05:018,0.000000,0.000000,2,-123.92,-123.92,0,0,
09/21/2026,11:12:05:044,0.000000,0.000000,3,-120.43,-120.43,0,0,
09/21/2026,11:12:05:072,0.000000,0.000000,4,-63.14,-63.14,0,0,
09/21/2026,11:12:05:090,0.000000,0.000000,1,-124.14,-124.14,0,0,
09/21/2026,11:12:05:105,0.000000,0.000000,2,-124.24,-124.24,0,0,
09/21/2026,11:12:05:170,0.000000,0.000000,3,-118.46,-118.46,0,0,
09/21/2026,11:12:05:217,0.000000,0.000000,4,-59.88,-59.88,0,0,
09/21/2026,11:12:05:288,0.000000,0.000000,1,-121.8,-121.8,0,0,
09/21/2026,11:12:05:421,0.000000,0.000000,2,-125.31,-125.31,0,0,
09/21/2026,11:12:05:472,0.000000,0.000000,3,-119.06,-119.06,0,0,
09/21/2026,11:12:05:524,0.000000,0.000000,4,-72.21,-72.21,0,0,
09/21/2026,11:12:05:568,0.000000,0.000000,1,-121.39,-121.39,0,0,
09/21/2026,11:12:05:644,0.000000,0.000000,2,-122.75,-122.75,0,0,
09/21/2026,11:12:05:727,0.000000,0.000000,3,-118.54,-118.54,0,0,
09/21/2026,11:12:05:775,0.000000,0.000000,4,-73.63,-73.63,0,0,
09/21/2026,11:12:05:848,0.000000,0.000000,1,-122.94,-122.94,0,0,
09/21/2026,11:12:05:918,0.000000,0.000000,2,-121.58,-121.58,0,0,
09/21/2026,11:12:06:016,0.000000,0.000000,3,-118.54,-118.54,0,0,
09/21/2026,11:12:06:058,0.000000,0.000000,4,-77.16,-77.16,0,0,
09/21/2026,11:12:06:126,0.000000,0.000000,1,-122.17,-122.17,0,0,
09/21/2026,11:12:06:197,0.000000,0.000000,2,-123.4,-123.4,0,0,
09/21/2026,11:12:06:285,0.000000,0.000000,3,-119.02,-119.02,0,0,
09/21/2026,11:12:06:332,0.000000,0.000000,4,-71.25,-71.25,0,0,
09/21/2026,11:12:06:410,0.000000,0.000000,1,-122.27,-122.27,0,0,
09/21/2026,11:12:06:474,0.000000,0.000000,2,-126.39,-126.39,0,0,
09/21/2026,11:12:06:559,0.000000,0.000000,3,-119.76,-119.76,0,0,
09/21/2026,11:12:06:614,0.000000,0.000000,4,-66.98,-66.98,0,0,
09/21/2026,11:12:06:696,0.000000,0.000000,1,-123.32,-123.32,0,0,
09/21/2026,11:12:06:750,0.000000,0.000000,2,-123.82,-123.82,0,0,
09/21/2026,11:12:06:839,0.000000,0.000000,3,-121.63,-121.63,0,0,
09/21/2026,11:12:06:891,0.000000,0.000000,4,-72.17,-72.17,0,0,
09/21/2026,11:12:06:961,0.000000,0.000000,1,-123.68,-123.68,0,0,
09/21/2026,11:12:07:030,0.000000,0.000000,2,-123.4,-123.4,0,0,
09/21/2026,11:12:07:123,0.000000,0.000000,3,-118.17,-118.17,0,0,
09/21/2026,11:12:07:168,0.000000,0.000000,4,-71.19,-71.19,0,0,
09/21/2026,11:12:07:239,0.000000,0.000000,1,-123.98,-123.98,0,0,
09/21/2026,11:12:07:310,0.000000,0.000000,2,-123.96,-123.96,0,0,
09/21/2026,11:12:07:436,0.000000,0.000000,3,-119.4,-119.4,0,0,
09/21/2026,11:12:07:447,0.000000,0.000000,4,-70.28,-70.28,0,0,
09/21/2026,11:12:07:565,0.000000,0.000000,1,-126.81,-126.81,0,0,
09/21/2026,11:12:07:634,0.000000,0.000000,2,-122.61,-122.61,0,0,
09/21/2026,11:12:07:681,0.000000,0.000000,3,-119.32,-119.32,0,0,
09/21/2026,11:12:07:726,0.000000,0.000000,4,-65.89,-65.89,0,0,
09/21/2026,11:12:07:801,0.000000,0.000000,1,-126.03,-126.03,0,0,
09/21/2026,11:12:07:867,0.000000,0.000000,2,-123.2,-123.2,0,0,
09/21/2026,11:12:07:966,0.000000,0.000000,3,-119.64,-119.64,0,0,
09/21/2026,11:12:08:020,0.000000,0.000000,4,-63.66,-63.66,0,0,
09/21/2026,11:12:08:075,0.000000,0.000000,1,-123.45,-123.45,0,0,
09/21/2026,11:12:08:144,0.000000,0.000000,2,-122.43,-122.43,0,0,
09/21/2026,11:12:08:260,0.000000,0.000000,3,-119.17,-119.17,0,0,
09/21/2026,11:12:08:284,0.000000,0.000000,4,-76.37,-76.37,0,0,
09/21/2026,11:12:08:356,0.000000,0.000000,1,-124.39,-124.39,0,0,
09/21/2026,11:12:08:432,0.000000,0.000000,2,-122.37,-122.37,0,0,
09/21/2026,11:12:08:515,0.000000,0.000000,3,-119.11,-119.11,0,0,
09/21/2026,11:12:08:563,0.000000,0.000000,4,-65.7,-65.7,0,0,
09/21/2026,11:12:08:632,0.000000,0.000000,1,-123.34,-123.34,0,0,
09/21/2026,11:12:08:703,0.000000,0.000000,2,-123.33,-123.33,0,0,
09/21/2026,11:12:08:789,0.000000,0.000000,3,-121.28,-121.28,0,0,
09/21/2026,11:12:08:843,0.000000,0.000000,4,-71.35,-71.35,0,0,
09/21/2026,11:12:08:916,0.000000,0.000000,1,-124.77,-124.77,0,0,
09/21/2026,11:12:08:983,0.000000,0.000000,2,-120.57,-120.57,0,0,
09/21/2026,11:12:09:071,0.000000,0.000000,3,-123.06,-123.06,0,0,
09/21/2026,11:12:09:123,0.000000,0.000000,4,-64.88,-64.88,0,0,
09/21/2026,11:12:09:191,0.000000,0.000000,1,-124.75,-124.75,0,0,
09/21/2026,11:12:09:304,0.000000,0.000000,2,-122.61,-122.61,0,0,
09/21/2026,11:12:09:376,0.000000,0.000000,3,-119.01,-119.01,0,0,
09/21/2026,11:12:09:440,0.000000,0.000000,4,-61.47,-61.47,0,0,
09/21/2026,11:12:09:512,0.000000,0.000000,1,-126.57,-126.57,0,0,
09/21/2026,11:12:09:557,0.000000,0.000000,2,-123.03,-123.03,0,0,
09/21/2026,11:12:09:632,0.000000,0.000000,3,-117.38,-117.38,0,0,
09/21/2026,11:12:09:682,0.000000,0.000000,4,-66.78,-66.78,0,0,
09/21/2026,11:12:09:747,0.000000,0.000000,1,-121.78,-121.78,0,0,
09/21/2026,11:12:09:817,0.000000,0.000000,2,-125.27,-125.27,0,0,
09/21/2026,11:12:09:909,0.000000,0.000000,3,-118.16,-118.16,0,0,
09/21/2026,11:12:09:962,0.000000,0.000000,4,-76.68,-76.68,0,0,
09/21/2026,11:12:10:025,0.000000,0.000000,1,-126.92,-126.92,0,0,
09/21/2026,11:12:10:096,0.000000,0.000000,2,-121.53,-121.53,0,0,
09/21/2026,11:12:10:184,0.000000,0.000000,3,-119.05,-119.05,0,0,
09/21/2026,11:12:10:240,0.000000,0.000000,4,-69.67,-69.67,0,0,
09/21/2026,11:12:10:306,0.000000,0.000000,1,-123.6,-123.6,0,0,
09/21/2026,11:12:10:375,0.000000,0.000000,2,-122.49,-122.49,0,0,
09/21/2026,11:12:10:464,0.000000,0.000000,3,-117.53,-117.53,0,0,
09/21/2026,11:12:10:520,0.000000,0.000000,4,-71.22,-71.22,0,0,
09/21/2026,11:12:10:586,0.000000,0.000000,1,-124.45,-124.45,0,0,
09/21/2026,11:12:10:660,0.000000,0.000000,2,-122.79,-122.79,0,0,
09/21/2026,11:12:10:744,0.000000,0.000000,3,-120.18,-120.18,0,0,
09/21/2026,11:12:10:806,0.000000,0.000000,4,-75.51,-75.51,0,0,
09/21/2026,11:12:10:866,0.000000,0.000000,1,-126,-126,0,0,
09/21/2026,11:12:10:933,0.000000,0.000000,2,-123.65,-123.65,0,0,
09/21/2026,11:12:11:024,0.000000,0.000000,3,-119.75,-119.75,0,0,
09/21/2026,11:12:11:074,0.000000,0.000000,4,-67.59,-67.59,0,0,
09/21/2026,11:12:11:143,0.000000,0.000000,1,-124.43,-124.43,0,0,
09/21/2026,11:12:11:257,0.000000,0.000000,2,-123.17,-123.17,0,0,
09/21/2026,11:12:11:334,0.000000,0.000000,3,-118.23,-118.23,0,0,
09/21/2026,11:12:11:384,0.000000,0.000000,4,-82.46,-82.46,0,0,
09/21/2026,11:12:11:458,0.000000,0.000000,1,-124.04,-124.04,0,0,
09/21/2026,11:12:11:493,0.000000,0.000000,2,-123.45,-123.45,0,0,
09/21/2026,11:12:11:592,0.000000,0.000000,3,-117.34,-117.34,0,0,
09/21/2026,11:12:11:630,0.000000,0.000000,4,-67.52,-67.52,0,0,
09/21/2026,11:12:11:699,0.000000,0.000000,1,-125.88,-125.88,0,0,
09/21/2026,11:12:11:778,0.000000,0.000000,2,-125.6,-125.6,0,0,
09/21/2026,11:12:11:860,0.000000,0.000000,3,-118.84,-118.84,0,0,
09/21/2026,11:12:11:910,0.000000,0.000000,4,-65.97,-65.97,0,0,
09/21/2026,11:12:11:978,0.000000,0.000000,1,-124.6,-124.6,0,0,
09/21/2026,11:12:12:049,0.000000,0.000000,2,-125.72,-125.72,0,0,
09/21/2026,11:12:12:137,0.000000,0.000000,3,-118.51,-118.51,0,0,
09/21/2026,11:12:12:187,0.000000,0.000000,4,-69.91,-69.91,0,0,
09/21/2026,11:12:12:257,0.000000,0.000000,1,-124.46,-124.46,0,0,
09/21/2026,11:12:12:327,0.000000,0.000000,2,-124.33,-124.33,0,0,
09/21/2026,11:12:12:418,0.000000,0.000000,3,-118.88,-118.88,0,0,
09/21/2026,11:12:12:468,0.000000,0.000000,4,-61.84,-61.84,0,0,
09/21/2026,11:12:12:537,0.000000,0.000000,1,-123.54,-123.54,0,0,
09/21/2026,11:12:12:608,0.000000,0.000000,2,-123.21,-123.21,0,0,
09/21/2026,11:12:12:694,0.000000,0.000000,3,-119.08,-119.08,0,0,
09/21/2026,11:12:12:744,0.000000,0.000000,4,-72.14,-72.14,0,0,
09/21/2026,11:12:12:819,0.000000,0.000000,1,-126.06,-126.06,0,0,
09/21/2026,11:12:12:903,0.000000,0.000000,2,-122.03,-122.03,0,0,
09/21/2026,11:12:12:984,0.000000,0.000000,3,-119.19,-119.19,0,0,
09/21/2026,11:12:13:031,0.000000,0.000000,4,-67.37,-67.37,0,0,
09/21/2026,11:12:13:141,0.000000,0.000000,1,-125.16,-125.16,0,0,
09/21/2026,11:12:13:169,0.000000,0.000000,2,-123.39,-123.39,0,0,
09/21/2026,11:12:13:253,0.000000,0.000000,3,-117.75,-117.75,0,0,
09/21/2026,11:12:13:303,0.000000,0.000000,4,-62.69,-62.69,0,0,
09/21/2026,11:12:13:372,0.000000,0.000000,1,-122.59,-122.59,0,0,
09/21/2026,11:12:13:442,0.000000,0.000000,2,-122.98,-122.98,0,0,
09/21/2026,11:12:13:530,0.000000,0.000000,3,-118.2,-118.2,0,0,
09/21/2026,11:12:13:583,0.000000,0.000000,4,-64.12,-64.12,0,0,
09/21/2026,11:12:13:652,0.000000,0.000000,1,-124.65,-124.65,0,0,
09/21/2026,11:12:13:728,0.000000,0.000000,2,-123.24,-123.24,0,0,
09/21/2026,11:12:13:811,0.000000,0.000000,3,-118.25,-118.25,0,0,
09/21/2026,11:12:13:859,0.000000,0.000000,4,-71.43,-71.43,0,0,
09/21/2026,11:12:13:930,0.000000,0.000000,1,-125.16,-125.16,0,0,
09/21/2026,11:12:14:016,0.000000,0.000000,2,-123.77,-123.77,0,0,
09/21/2026,11:12:14:088,0.000000,0.000000,3,-118.68,-118.68,0,0,
09/21/2026,11:12:14:141,0.000000,0.000000,4,-63.35,-63.35,0,0,
09/21/2026,11:12:14:216,0.000000,0.000000,1,-122.66,-122.66,0,0,
09/21/2026,11:12:14:292,0.000000,0.000000,2,-122.32,-122.32,0,0,
09/21/2026,11:12:14:390,0.000000,0.000000,3,-118.06,-118.06,0,0,
09/21/2026,11:12:14:443,0.000000,0.000000,4,-72.67,-72.67,0,0,
09/21/2026,11:12:14:502,0.000000,0.000000,1,-123.2,-123.2,0,0,
09/21/2026,11:12:14:557,0.000000,0.000000,2,-121.86,-121.86,0,0,
09/21/2026,11:12:14:647,0.000000,0.000000,3,-117.98,-117.98,0,0,
09/21/2026,11:12:14:737,0.000000,0.000000,4,-62.11,-62.11,0,0,
09/21/2026,11:12:14:828,0.000000,0.000000,1,-122.2,-122.2,0,0,
09/21/2026,11:12:14:880,0.000000,0.000000,2,-120.96,-120.96,0,0,
09/21/2026,11:12:14:929,0.000000,0.000000,3,-120.02,-120.02,0,0,
09/21/2026,11:12:15:004,0.000000,0.000000,4,-72.67,-72.67,0,0,
09/21/2026,11:12:15:070,0.000000,0.000000,1,-121.86,-121.86,0,0,
09/21/2026,11:12:15:119,0.000000,0.000000,2,-123.02,-123.02,0,0,
09/21/2026,11:12:15:204,0.000000,0.000000,3,-119.03,-119.03,0,0,
09/21/2026,11:12:15:257,0.000000,0.000000,4,-60.99,-60.99,0,0,
09/21/2026,11:12:15:327,0.000000,0.000000,1,-124.64,-124.64,0,0,
09/21/2026,11:12:15:395,0.000000,0.000000,2,-123.33,-123.33,0,0,
09/21/2026,11:12:15:483,0.000000,0.000000,3,-121.05,-121.05,0,0,
09/21/2026,11:12:15:540,0.000000,0.000000,4,-63.05,-63.05,0,0,
09/21/2026,11:12:15:620,0.000000,0.000000,1,-126.94,-126.94,0,0,
09/21/2026,11:12:15:673,0.000000,0.000000,2,-121.18,-121.18,0,0,
09/21/2026,11:12:15:762,0.000000,0.000000,3,-118.06,-118.06,0,0,
09/21/2026,11:12:15:812,0.000000,0.000000,4,-61.48,-61.48,0,0,
09/21/2026,11:12:15:882,0.000000,0.000000,1,-123.31,-123.31,0,0,
09/21/2026,11:12:15:951,0.000000,0.000000,2,-122.74,-122.74,0,0,
09/21/2026,11:12:16:044,0.000000,0.000000,3,-118.23,-118.23,0,0,
09/21/2026,11:12:16:091,0.000000,0.000000,4,-69.32,-69.32,0,0,
09/21/2026,11:12:16:167,0.000000,0.000000,1,-124.25,-124.25,0,0,
09/21/2026,11:12:16:236,0.000000,0.000000,2,-124.59,-124.59,0,0,
09/21/2026,11:12:16:320,0.000000,0.000000,3,-118.54,-118.54,0,0,
09/21/2026,11:12:16:369,0.000000,0.000000,4,-58.8,-58.8,0,0,
09/21/2026,11:12:16:439,0.000000,0.000000,1,-125.37,-125.37,0,0,
09/21/2026,11:12:16:509,0.000000,0.000000,2,-123.43,-123.43,0,0,
09/21/2026,11:12:16:596,0.000000,0.000000,3,-119.76,-119.76,0,0,
09/21/2026,11:12:16:700,0.000000,0.000000,4,-64.55,-64.55,0,0,
09/21/2026,11:12:16:750,0.000000,0.000000,1,-123.71,-123.71,0,0,
09/21/2026,11:12:16:822,0.000000,0.000000,2,-122.55,-122.55,0,0,
09/21/2026,11:12:16:879,0.000000,0.000000,3,-118.97,-118.97,0,0,
09/21/2026,11:12:16:956,0.000000,0.000000,4,-76.02,-76.02,0,0,
09/21/2026,11:12:16:998,0.000000,0.000000,1,-124.54,-124.54,0,0,
09/21/2026,11:12:17:069,0.000000,0.000000,2,-126.25,-126.25,0,0,
09/21/2026,11:12:17:156,0.000000,0.000000,3,-118.47,-118.47,0,0,
09/21/2026,11:12:17:207,0.000000,0.000000,4,-62.68,-62.68,0,0,
09/21/2026,11:12:17:278,0.000000,0.000000,1,-124.03,-124.03,0,0,
09/21/2026,11:12:17:353,0.000000,0.000000,2,-121.08,-121.08,0,0,
09/21/2026,11:12:17:435,0.000000,0.000000,3,-118.83,-118.83,0,0,
09/21/2026,11:12:17:485,0.000000,0.000000,4,-62.75,-62.75,0,0,
09/21/2026,11:12:17:566,0.000000,0.000000,1,-123.05,-123.05,0,0,
09/21/2026,11:12:17:625,0.000000,0.000000,2,-125.16,-125.16,0,0,
09/21/2026,11:12:17:715,0.000000,0.000000,3,-119.01,-119.01,0,0,
09/21/2026,11:12:17:765,0.000000,0.000000,4,-64.88,-64.88,0,0,
09/21/2026,11:12:17:838,0.000000,0.000000,1,-124.15,-124.15,0,0,
09/21/2026,11:12:17:907,0.000000,0.000000,2,-123.74,-123.74,0,0,
09/21/2026,11:12:17:994,0.000000,0.000000,3,-119.31,-119.31,0,0,
09/21/2026,11:12:18:044,0.000000,0.000000,4,-65.7,-65.7,0,0,
09/21/2026,11:12:18:112,0.000000,0.000000,1,-124.13,-124.13,0,0,
09/21/2026,11:12:18:211,0.000000,0.000000,2,-123.29,-123.29,0,0,
09/21/2026,11:12:18:276,0.000000,0.000000,3,-118.74,-118.74,0,0,
09/21/2026,11:12:18:321,0.000000,0.000000,4,-70.04,-70.04,0,0,
09/21/2026,11:12:18:394,0.000000,0.000000,1,-124.19,-124.19,0,0,
09/21/2026,11:12:18:463,0.000000,0.000000,2,-121.97,-121.97,0,0,
09/21/2026,11:12:18:550,0.000000,0.000000,3,-118.31,-118.31,0,0,
09/21/2026,11:12:18:599,0.000000,0.000000,4,-69.09,-69.09,0,0,
09/21/2026,11:12:18:700,0.000000,0.000000,1,-123.79,-123.79,0,0,
09/21/2026,11:12:18:759,0.000000,0.000000,2,-123.52,-123.52,0,0,
09/21/2026,11:12:18:852,0.000000,0.000000,3,-118.22,-118.22,0,0,
09/21/2026,11:12:18:889,0.000000,0.000000,4,-83.84,-83.84,0,0,
09/21/2026,11:12:18:977,0.000000,0.000000,1,-122.58,-122.58,0,0,
09/21/2026,11:12:19:029,0.000000,0.000000,2,-124.6,-124.6,0,0,
09/21/2026,11:12:19:114,0.000000,0.000000,3,-119.85,-119.85,0,0,
09/21/2026,11:12:19:157,0.000000,0.000000,4,-64.1,-64.1,0,0,
09/21/2026,11:12:19:228,0.000000,0.000000,1,-124.35,-124.35,0,0,
09/21/2026,11:12:19:299,0.000000,0.000000,2,-124.15,-124.15,0,0,
09/21/2026,11:12:19:386,0.000000,0.000000,3,-117.29,-117.29,0,0,
09/21/2026,11:12:19:456,0.000000,0.000000,4,-66.56,-66.56,0,0,
09/21/2026,11:12:19:514,0.000000,0.000000,1,-121.82,-121.82,0,0,
09/21/2026,11:12:19:576,0.000000,0.000000,2,-123.5,-123.5,0,0,
09/21/2026,11:12:19:665,0.000000,0.000000,3,-117.27,-117.27,0,0,
09/21/2026,11:12:19:716,0.000000,0.000000,4,-60.08,-60.08,0,0,
09/21/2026,11:12:19:785,0.000000,0.000000,1,-126.44,-126.44,0,0,
09/21/2026,11:12:19:859,0.000000,0.000000,2,-124.47,-124.47,0,0,
09/21/2026,11:12:19:946,0.000000,0.000000,3,-118.34,-118.34,0,0,
