Date,Time,Latitude,Longitude,Channel,RSSI,Adjusted Value,Antenna Gain,Cable Loss
09/21/2026,11:10:28:902,0.000000,0.000000,1,-123.99,-123.99,0,0,
09/21/2026,11:10:28:982,0.000000,0.000000,2,-125.98,-125.98,0,0,
09/21/2026,11:10:29:001,0.000000,0.000000,1,-125.09,-125.09,0,0,
09/21/2026,11:10:29:035,0.000000,0.000000,3,-124.6,-124.6,0,0,
09/21/2026,11:10:29:085,0.000000,0.000000,4,-94.45,-94.45,0,0,
09/21/2026,11:10:29:119,0.000000,0.000000,2,-126.01,-126.01,0,0,
09/21/2026,11:10:29:159,0.000000,0.000000,1,-124.09,-124.09,0,0,
09/21/2026,11:10:29:206,0.000000,0.000000,3,-126.35,-126.35,0,0,
09/21/2026,11:10:29:271,0.000000,0.000000,4,-95.18,-95.18,0,0,
09/21/2026,11:10:29:324,0.000000,0.000000,2,-124.94,-124.94,0,0,
09/21/2026,11:10:29:390,0.000000,0.000000,1,-124.92,-124.92,0,0,
09/21/2026,11:10:29:464,0.000000,0.000000,3,-125.17,-125.17,0,0,
09/21/2026,11:10:29:553,0.000000,0.000000,4,-103.69,-103.69,0,0,
09/21/2026,11:10:29:602,0.000000,0.000000,2,-124.73,-124.73,0,0,
09/21/2026,11:10:29:655,0.000000,0.000000,1,-125.11,-125.11,0,0,
09/21/2026,11:10:29:745,0.000000,0.000000,3,-125.37,-125.37,0,0,
09/21/2026,11:10:29:831,0.000000,0.000000,4,-103.65,-103.65,0,0,
09/21/2026,11:10:29:880,0.000000,0.000000,2,-127.65,-127.65,0,0,
09/21/2026,11:10:29:950,0.000000,0.000000,1,-125.47,-125.47,0,0,
09/21/2026,11:10:30:023,0.000000,0.000000,3,-125.7,-125.7,0,0,
09/21/2026,11:10:30:122,0.000000,0.000000,4,-98.06,-98.06,0,0,
09/21/2026,11:10:30:160,0.000000,0.000000,2,-124.94,-124.94,0,0,
09/21/2026,11:10:30:214,0.000000,0.000000,1,-125.29,-125.29,0,0,
09/21/2026,11:10:30:308,0.000000,0.000000,3,-124.62,-124.62,0,0,
09/21/2026,11:10:30:392,0.000000,0.000000,4,-105.01,-105.01,0,0,
09/21/2026,11:10:30:440,0.000000,0.000000,2,-125.33,-125.33,0,0,
09/21/2026,11:10:30:520,0.000000,0.000000,1,-125.49,-125.49,0,0,
09/21/2026,11:10:30:602,0.000000,0.000000,3,-125.19,-125.19,0,0,
09/21/2026,11:10:30:694,0.000000,0.000000,4,-108.94,-108.94,0,0,
09/21/2026,11:10:30:730,0.000000,0.000000,2,-125.25,-125.25,0,0,
09/21/2026,11:10:30:817,0.000000,0.000000,1,-125.17,-125.17,0,0,
09/21/2026,11:10:30:872,0.000000,0.000000,3,-126.48,-126.48,0,0,
09/21/2026,11:10:30:952,0.000000,0.000000,4,-100.64,-100.64,0,0,
09/21/2026,11:10:30:997,0.000000,0.000000,2,-123.07,-123.07,0,0,
09/21/2026,11:10:31:053,0.000000,0.000000,1,-123.73,-123.73,0,0,
09/21/2026,11:10:31:143,0.000000,0.000000,3,-126.12,-126.12,0,0,
09/21/2026,11:10:31:230,0.000000,0.000000,4,-104.55,-104.55,0,0,
09/21/2026,11:10:31:279,0.000000,0.000000,2,-126.24,-126.24,0,0,
09/21/2026,11:10:31:329,0.000000,0.000000,1,-127.03,-127.03,0,0,
09/21/2026,11:10:31:435,0.000000,0.000000,3,-124.48,-124.48,0,0,
09/21/2026,11:10:31:503,0.000000,0.000000,4,-106.17,-106.17,0,0,
09/21/2026,11:10:31:577,0.000000,0.000000,2,-124.84,-124.84,0,0,
09/21/2026,11:10:31:611,0.000000,0.000000,1,-128.7,-128.7,0,0,
09/21/2026,11:10:31:701,0.000000,0.000000,3,-125.5,-125.5,0,0,
09/21/2026,11:10:31:819,0.000000,0.000000,4,-105.75,-105.75,0,0,
09/21/2026,11:10:31:841,0.000000,0.000000,2,-124.27,-124.27,0,0,
09/21/2026,11:10:31:893,0.000000,0.000000,1,-128.74,-128.74,0,0,
09/21/2026,11:10:31:973,0.000000,0.000000,3,-127.12,-127.12,0,0,
09/21/2026,11:10:32:061,0.000000,0.000000,4,-102.19,-102.19,0,0,
09/21/2026,11:10:32:123,0.000000,0.000000,2,-126.36,-126.36,0,0,
09/21/2026,11:10:32:179,0.000000,0.000000,1,-126.67,-126.67,0,0,
09/21/2026,11:10:32:260,0.000000,0.000000,3,-122.95,-122.95,0,0,
09/21/2026,11:10:32:376,0.000000,0.000000,4,-99.87,-99.87,0,0,
09/21/2026,11:10:32:434,0.000000,0.000000,2,-125.18,-125.18,0,0,
09/21/2026,11:10:32:473,0.000000,0.000000,1,-126.11,-126.11,0,0,
09/21/2026,11:10:32:556,0.000000,0.000000,3,-122.83,-122.83,0,0,
09/21/2026,11:10:32:641,0.000000,0.000000,4,-100.98,-100.98,0,0,
09/21/2026,11:10:32:675,0.000000,0.000000,2,-126.41,-126.41,0,0,
09/21/2026,11:10:32:723,0.000000,0.000000,1,-127.04,-127.04,0,0,
09/21/2026,11:10:32:819,0.000000,0.000000,3,-125.96,-125.96,0,0,
09/21/2026,11:10:32:899,0.000000,0.000000,4,-103.53,-103.53,0,0,
09/21/2026,11:10:32:948,0.000000,0.000000,2,-124.52,-124.52,0,0,
09/21/2026,11:10:33:002,0.000000,0.000000,1,-126.09,-126.09,0,0,
09/21/2026,11:10:33:094,0.000000,0.000000,3,-122.8,-122.8,0,0,
09/21/2026,11:10:33:192,0.000000,0.000000,4,-94.77,-94.77,0,0,
09/21/2026,11:10:33:239,0.000000,0.000000,2,-125.72,-125.72,0,0,
09/21/2026,11:10:33:287,0.000000,0.000000,1,-127.92,-127.92,0,0,
09/21/2026,11:10:33:371,0.000000,0.000000,3,-124.04,-124.04,0,0,
09/21/2026,11:10:33:456,0.000000,0.000000,4,-97.74,-97.74,0,0,
09/21/2026,11:10:33:507,0.000000,0.000000,2,-125.62,-125.62,0,0,
09/21/2026,11:10:33:562,0.000000,0.000000,1,-124.47,-124.47,0,0,
09/21/2026,11:10:33:649,0.000000,0.000000,3,-125.69,-125.69,0,0,
09/21/2026,11:10:33:734,0.000000,0.000000,4,-93.57,-93.57,0,0,
09/21/2026,11:10:33:787,0.000000,0.000000,2,-126.23,-126.23,0,0,
09/21/2026,11:10:33:840,0.000000,0.000000,1,-123.92,-123.92,0,0,
09/21/2026,11:10:33:930,0.000000,0.000000,3,-126.86,-126.86,0,0,
09/21/2026,11:10:34:013,0.000000,0.000000,4,-99.81,-99.81,0,0,
09/21/2026,11:10:34:067,0.000000,0.000000,2,-126.2,-126.2,0,0,
09/21/2026,11:10:34:117,0.000000,0.000000,1,-124.27,-124.27,0,0,
09/21/2026,11:10:34:258,0.000000,0.000000,3,-125.1,-125.1,0,0,
09/21/2026,11:10:34:656,0.000000,0.000000,4,-96.28,-96.28,0,0,
09/21/2026,11:10:34:671,0.000000,0.000000,2,-127.61,-127.61,0,0,
09/21/2026,11:10:34:683,0.000000,0.000000,1,-125.1,-125.1,0,0,
09/21/2026,11:10:34:712,0.000000,0.000000,3,-126.41,-126.41,0,0,
09/21/2026,11:10:34:735,0.000000,0.000000,4,-99.69,-99.69,0,0,
09/21/2026,11:10:34:760,0.000000,0.000000,2,-126.35,-126.35,0,0,
09/21/2026,11:10:34:782,0.000000,0.000000,1,-122.5,-122.5,0,0,
09/21/2026,11:10:34:820,0.000000,0.000000,3,-125.42,-125.42,0,0,
09/21/2026,11:10:34:856,0.000000,0.000000,4,-98.81,-98.81,0,0,
09/21/2026,11:10:34:901,0.000000,0.000000,2,-124.79,-124.79,0,0,
09/21/2026,11:10:34:956,0.000000,0.000000,1,-124.08,-124.08,0,0,
09/21/2026,11:10:35:043,0.000000,0.000000,3,-124.59,-124.59,0,0,
09/21/2026,11:10:35:129,0.000000,0.000000,4,-100.38,-100.38,0,0,
09/21/2026,11:10:35:179,0.000000,0.000000,2,-124.57,-124.57,0,0,
09/21/2026,11:10:35:234,0.000000,0.000000,1,-126.18,-126.18,0,0,
09/21/2026,11:10:35:321,0.000000,0.000000,3,-125.26,-125.26,0,0,
09/21/2026,11:10:35:407,0.000000,0.000000,4,-99.13,-99.13,0,0,
09/21/2026,11:10:35:460,0.000000,0.000000,2,-125.44,-125.44,0,0,
09/21/2026,11:10:35:510,0.000000,0.000000,1,-124.52,-124.52,0,0,
09/21/2026,11:10:35:599,0.000000,0.000000,3,-125.34,-125.34,0,0,
09/21/2026,11:10:35:688,0.000000,0.000000,4,-99.59,-99.59,0,0,
09/21/2026,11:10:35:769,0.000000,0.000000,2,-126.86,-126.86,0,0,
09/21/2026,11:10:35:844,0.000000,0.000000,1,-125.13,-125.13,0,0,
09/21/2026,11:10:35:912,0.000000,0.000000,3,-125.29,-125.29,0,0,
09/21/2026,11:10:35:969,0.000000,0.000000,4,-95.06,-95.06,0,0,
09/21/2026,11:10:36:055,0.000000,0.000000,2,-125.52,-125.52,0,0,
09/21/2026,11:10:36:068,0.000000,0.000000,1,-125.95,-125.95,0,0,
09/21/2026,11:10:36:162,0.000000,0.000000,3,-125.56,-125.56,0,0,
09/21/2026,11:10:36:251,0.000000,0.000000,4,-103.13,-103.13,0,0,
09/21/2026,11:10:36:301,0.000000,0.000000,2,-126.99,-126.99,0,0,
09/21/2026,11:10:36:350,0.000000,0.000000,1,-127.31,-127.31,0,0,
09/21/2026,11:10:36:448,0.000000,0.000000,3,-125.43,-125.43,0,0,
09/21/2026,11:10:36:524,0.000000,0.000000,4,-95.68,-95.68,0,0,
09/21/2026,11:10:36:575,0.000000,0.000000,2,-127.03,-127.03,0,0,
09/21/2026,11:10:36:627,0.000000,0.000000,1,-125.9,-125.9,0,0,
09/21/2026,11:10:36:718,0.000000,0.000000,3,-125.54,-125.54,0,0,
09/21/2026,11:10:36:806,0.000000,0.000000,4,-95.73,-95.73,0,0,
09/21/2026,11:10:36:854,0.000000,0.000000,2,-126.14,-126.14,0,0,
09/21/2026,11:10:36:908,0.000000,0.000000,1,-125.54,-125.54,0,0,
09/21/2026,11:10:37:001,0.000000,0.000000,3,-123.66,-123.66,0,0,
09/21/2026,11:10:37:080,0.000000,0.000000,4,-94.63,-94.63,0,0,
09/21/2026,11:10:37:143,0.000000,0.000000,2,-124.11,-124.11,0,0,
09/21/2026,11:10:37:184,0.000000,0.000000,1,-124.97,-124.97,0,0,
09/21/2026,11:10:37:279,0.000000,0.000000,3,-124.76,-124.76,0,0,
09/21/2026,11:10:37:359,0.000000,0.000000,4,-102.23,-102.23,0,0,
09/21/2026,11:10:37:412,0.000000,0.000000,2,-121.57,-121.57,0,0,
09/21/2026,11:10:37:478,0.000000,0.000000,1,-123.24,-123.24,0,0,
09/21/2026,11:10:37:555,0.000000,0.000000,3,-126.82,-126.82,0,0,
09/21/2026,11:10:37:640,0.000000,0.000000,4,-98.72,-98.72,0,0,
09/21/2026,11:10:37:700,0.000000,0.000000,2,-118.79,-118.79,0,0,
09/21/2026,11:10:37:744,0.000000,0.000000,1,-123.87,-123.87,0,0,
09/21/2026,11:10:37:881,0.000000,0.000000,3,-125.95,-125.95,0,0,
09/21/2026,11:10:37:960,0.000000,0.000000,4,-109.47,-109.47,0,0,
09/21/2026,11:10:37:975,0.000000,0.000000,2,-126.09,-126.09,0,0,
09/21/2026,11:10:38:036,0.000000,0.000000,1,-123.29,-123.29,0,0,
09/21/2026,11:10:38:113,0.000000,0.000000,3,-124.37,-124.37,0,0,
09/21/2026,11:10:38:196,0.000000,0.000000,4,-107.62,-107.62,0,0,
09/21/2026,11:10:38:246,0.000000,0.000000,2,-123.75,-123.75,0,0,
09/21/2026,11:10:38:302,0.000000,0.000000,1,-124.01,-124.01,0,0,
09/21/2026,11:10:38:393,0.000000,0.000000,3,-126.36,-126.36,0,0,
09/21/2026,11:10:38:475,0.000000,0.000000,4,-97.19,-97.19,0,0,
09/21/2026,11:10:38:528,0.000000,0.000000,2,-125.49,-125.49,0,0,
09/21/2026,11:10:38:578,0.000000,0.000000,1,-122.68,-122.68,0,0,
09/21/2026,11:10:38:676,0.000000,0.000000,3,-126.16,-126.16,0,0,
09/21/2026,11:10:38:762,0.000000,0.000000,4,-99.97,-99.97,0,0,
09/21/2026,11:10:38:805,0.000000,0.000000,2,-115.74,-115.74,0,0,
09/21/2026,11:10:38:858,0.000000,0.000000,1,-124.77,-124.77,0,0,
09/21/2026,11:10:38:951,0.000000,0.000000,3,-122.12,-122.12,0,0,
09/21/2026,11:10:39:032,0.000000,0.000000,4,-94.74,-94.74,0,0,
09/21/2026,11:10:39:086,0.000000,0.000000,2,-124.4,-124.4,0,0,
09/21/2026,11:10:39:136,0.000000,0.000000,1,-125.08,-125.08,0,0,
09/21/2026,11:10:39:226,0.000000,0.000000,3,-124.79,-124.79,0,0,
09/21/2026,11:10:39:312,0.000000,0.000000,4,-94.06,-94.06,0,0,
09/21/2026,11:10:39:364,0.000000,0.000000,2,-124.96,-124.96,0,0,
09/21/2026,11:10:39:417,0.000000,0.000000,1,-123.93,-123.93,0,0,
09/21/2026,11:10:39:504,0.000000,0.000000,3,-125.48,-125.48,0,0,
09/21/2026,11:10:39:620,0.000000,0.000000,4,-101.16,-101.16,0,0,
09/21/2026,11:10:39:642,0.000000,0.000000,2,-125.65,-125.65,0,0,
09/21/2026,11:10:39:698,0.000000,0.000000,1,-125.5,-125.5,0,0,
09/21/2026,11:10:39:799,0.000000,0.000000,3,-123.01,-123.01,0,0,
09/21/2026,11:10:39:882,0.000000,0.000000,4,-93.81,-93.81,0,0,
09/21/2026,11:10:39:951,0.000000,0.000000,2,-124.57,-124.57,0,0,
09/21/2026,11:10:40:025,0.000000,0.000000,1,-125.45,-125.45,0,0,
09/21/2026,11:10:40:080,0.000000,0.000000,3,-127.68,-127.68,0,0,
09/21/2026,11:10:40:150,0.000000,0.000000,4,-102.37,-102.37,0,0,
09/21/2026,11:10:40:200,0.000000,0.000000,2,-123.97,-123.97,0,0,
09/21/2026,11:10:40:257,0.000000,0.000000,1,-125.97,-125.97,0,0,
09/21/2026,11:10:40:341,0.000000,0.000000,3,-124.08,-124.08,0,0,
09/21/2026,11:10:40:427,0.000000,0.000000,4,-94.84,-94.84,0,0,
09/21/2026,11:10:40:480,0.000000,0.000000,2,-124.63,-124.63,0,0,
09/21/2026,11:10:40:535,0.000000,0.000000,1,-127.4,-127.4,0,0,
09/21/2026,11:10:40:629,0.000000,0.000000,3,-125.75,-125.75,0,0,
09/21/2026,11:10:40:709,0.000000,0.000000,4,-95.86,-95.86,0,0,
09/21/2026,11:10:40:757,0.000000,0.000000,2,-125.06,-125.06,0,0,
09/21/2026,11:10:40:816,0.000000,0.000000,1,-126.02,-126.02,0,0,
09/21/2026,11:10:40:904,0.000000,0.000000,3,-127.72,-127.72,0,0,
09/21/2026,11:10:40:997,0.000000,0.000000,4,-98.57,-98.57,0,0,
09/21/2026,11:10:41:042,0.000000,0.000000,2,-124.28,-124.28,0,0,
09/21/2026,11:10:41:094,0.000000,0.000000,1,-125.77,-125.77,0,0,
09/21/2026,11:10:41:179,0.000000,0.000000,3,-124.89,-124.89,0,0,
09/21/2026,11:10:41:274,0.000000,0.000000,4,-95.64,-95.64,0,0,
09/21/2026,11:10:41:322,0.000000,0.000000,2,-123.12,-123.12,0,0,
09/21/2026,11:10:41:368,0.000000,0.000000,1,-123.6,-123.6,0,0,
09/21/2026,11:10:41:542,0.000000,0.000000,3,-124.58,-124.58,0,0,
09/21/2026,11:10:41:609,0.000000,0.000000,4,-96.39,-96.39,0,0,
09/21/2026,11:10:41:648,0.000000,0.000000,2,-124.33,-124.33,0,0,
09/21/2026,11:10:41:670,0.000000,0.000000,1,-123.36,-123.36,0,0,
09/21/2026,11:10:41:773,0.000000,0.000000,3,-125.71,-125.71,0,0,
09/21/2026,11:10:41:847,0.000000,0.000000,4,-100.14,-100.14,0,0,
09/21/2026,11:10:41:874,0.000000,0.000000,2,-125.1,-125.1,0,0,
09/21/2026,11:10:41:928,0.000000,0.000000,1,-124.82,-124.82,0,0,
09/21/2026,11:10:42:016,0.000000,0.000000,3,-114.24,-114.24,0,0,
09/21/2026,11:10:42:101,0.000000,0.000000,4,-97.82,-97.82,0,0,
09/21/2026,11:10:42:184,0.000000,0.000000,2,-125.13,-125.13,0,0,
09/21/2026,11:10:42:211,0.000000,0.000000,1,-125.82,-125.82,0,0,
09/21/2026,11:10:42:294,0.000000,0.000000,3,-124.94,-124.94,0,0,
09/21/2026,11:10:42:388,0.000000,0.000000,4,-97.34,-97.34,0,0,
09/21/2026,11:10:42:431,0.000000,0.000000,2,-125.23,-125.23,0,0,
09/21/2026,11:10:42:484,0.000000,0.000000,1,-125.04,-125.04,0,0,
09/21/2026,11:10:42:572,0.000000,0.000000,3,-129.15,-129.15,0,0,
09/21/2026,11:10:42:660,0.000000,0.000000,4,-108.62,-108.62,0,0,
09/21/2026,11:10:42:715,0.000000,0.000000,2,-122.9,-122.9,0,0,
09/21/2026,11:10:42:763,0.000000,0.000000,1,-123.69,-123.69,0,0,
09/21/2026,11:10:42:853,0.000000,0.000000,3,-124.31,-124.31,0,0,
09/21/2026,11:10:42:939,0.000000,0.000000,4,-104.89,-104.89,0,0,
09/21/2026,11:10:42:991,0.000000,0.000000,2,-124.52,-124.52,0,0,
09/21/2026,11:10:43:043,0.000000,0.000000,1,-123.68,-123.68,0,0,
09/21/2026,11:10:43:131,0.000000,0.000000,3,-127.48,-127.48,0,0,
09/21/2026,11:10:43:215,0.000000,0.000000,4,-98.21,-98.21,0,0,
09/21/2026,11:10:43:312,0.000000,0.000000,2,-124.02,-124.02,0,0,
09/21/2026,11:10:43:323,0.000000,0.000000,1,-126.93,-126.93,0,0,
09/21/2026,11:10:43:409,0.000000,0.000000,3,-125.41,-125.41,0,0,
09/21/2026,11:10:43:506,0.000000,0.000000,4,-102.37,-102.37,0,0,
09/21/2026,11:10:43:589,0.000000,0.000000,2,-124.41,-124.41,0,0,
09/21/2026,11:10:43:604,0.000000,0.000000,1,-125.54,-125.54,0,0,
09/21/2026,11:10:43:687,0.000000,0.000000,3,-122.23,-122.23,0,0,
09/21/2026,11:10:43:777,0.000000,0.000000,4,-99.81,-99.81,0,0,
09/21/2026,11:10:43:824,0.000000,0.000000,2,-126.23,-126.23,0,0,
09/21/2026,11:10:43:880,0.000000,0.000000,1,-125.54,-125.54,0,0,
09/21/2026,11:10:43:967,0.000000,0.000000,3,-126.81,-126.81,0,0,
09/21/2026,11:10:44:056,0.000000,0.000000,4,-95.08,-95.08,0,0,
09/21/2026,11:10:44:102,0.000000,0.000000,2,-124.89,-124.89,0,0,
09/21/2026,11:10:44:159,0.000000,0.000000,1,-125.09,-125.09,0,0,
09/21/2026,11:10:44:247,0.000000,0.000000,3,-126.5,-126.5,0,0,
09/21/2026,11:10:44:334,0.000000,0.000000,4,-102.83,-102.83,0,0,
09/21/2026,11:10:44:382,0.000000,0.000000,2,-124.16,-124.16,0,0,
09/21/2026,11:10:44:436,0.000000,0.000000,1,-125.04,-125.04,0,0,
09/21/2026,11:10:44:526,0.000000,0.000000,3,-126.77,-126.77,0,0,
09/21/2026,11:10:44:610,0.000000,0.000000,4,-99.98,-99.98,0,0,
09/21/2026,11:10:44:661,0.000000,0.000000,2,-124.75,-124.75,0,0,
09/21/2026,11:10:45:143,0.000000,0.000000,1,-125.77,-125.77,0,0,
09/21/2026,11:10:45:229,0.000000,0.000000,3,-126.42,-126.42,0,0,
09/21/2026,11:10:45:289,0.000000,0.000000,4,-101.82,-101.82,0,0,
09/21/2026,11:10:45:338,0.000000,0.000000,2,-126,-126,0,0,
09/21/2026,11:10:45:350,0.000000,0.000000,1,-124.65,-124.65,0,0,
09/21/2026,11:10:45:398,0.000000,0.000000,3,-126.63,-126.63,0,0,
09/21/2026,11:10:45:503,0.000000,0.000000,4,-100.19,-100.19,0,0,
09/21/2026,11:10:45:514,0.000000,0.000000,2,-124.83,-124.83,0,0,
09/21/2026,11:10:45:545,0.000000,0.000000,1,-125.47,-125.47,0,0,
09/21/2026,11:10:45:571,0.000000,0.000000,3,-125.74,-125.74,0,0,
09/21/2026,11:10:45:596,0.000000,0.000000,4,-104.43,-104.43,0,0,
09/21/2026,11:10:45:616,0.000000,0.000000,2,-125.3,-125.3,0,0,
09/21/2026,11:10:45:631,0.000000,0.000000,1,-124.54,-124.54,0,0,
09/21/2026,11:10:45:660,0.000000,0.000000,3,-124.38,-124.38,0,0,
09/21/2026,11:10:45:726,0.000000,0.000000,4,-103.37,-103.37,0,0,
09/21/2026,11:10:45:777,0.000000,0.000000,2,-124.5,-124.5,0,0,
09/21/2026,11:10:45:833,0.000000,0.000000,1,-125.49,-125.49,0,0,
09/21/2026,11:10:45:927,0.000000,0.000000,3,-125.3,-125.3,0,0,
09/21/2026,11:10:46:009,0.000000,0.000000,4,-99.99,-99.99,0,0,
09/21/2026,11:10:46:057,0.000000,0.000000,2,-126.56,-126.56,0,0,
09/21/2026,11:10:46:109,0.000000,0.000000,1,-126.22,-126.22,0,0,
09/21/2026,11:10:46:197,0.000000,0.000000,3,-125.76,-125.76,0,0,
09/21/2026,11:10:46:285,0.000000,0.000000,4,-98.76,-98.76,0,0,
09/21/2026,11:10:46:336,0.000000,0.000000,2,-125.23,-125.23,0,0,
09/21/2026,11:10:46:403,0.000000,0.000000,1,-125.93,-125.93,0,0,
09/21/2026,11:10:46:486,0.000000,0.000000,3,-124.49,-124.49,0,0,
09/21/2026,11:10:46:563,0.000000,0.000000,4,-100.18,-100.18,0,0,
09/21/2026,11:10:46:614,0.000000,0.000000,2,-124.77,-124.77,0,0,
09/21/2026,11:10:46:668,0.000000,0.000000,1,-128.13,-128.13,0,0,
09/21/2026,11:10:46:754,0.000000,0.000000,3,-124.63,-124.63,0,0,
09/21/2026,11:10:46:846,0.000000,0.000000,4,-103.74,-103.74,0,0,
09/21/2026,11:10:46:894,0.000000,0.000000,2,-126.18,-126.18,0,0,
09/21/2026,11:10:46:950,0.000000,0.000000,1,-124.96,-124.96,0,0,
09/21/2026,11:10:47:035,0.000000,0.000000,3,-126.04,-126.04,0,0,
09/21/2026,11:10:47:124,0.000000,0.000000,4,-101.97,-101.97,0,0,
09/21/2026,11:10:47:173,0.000000,0.000000,2,-125.56,-125.56,0,0,
09/21/2026,11:10:47:237,0.000000,0.000000,1,-124.95,-124.95,0,0,
09/21/2026,11:10:47:329,0.000000,0.000000,3,-124.33,-124.33,0,0,
09/21/2026,11:10:47:407,0.000000,0.000000,4,-100.86,-100.86,0,0,
09/21/2026,11:10:47:453,0.000000,0.000000,2,-127.44,-127.44,0,0,
09/21/2026,11:10:47:504,0.000000,0.000000,1,-126.68,-126.68,0,0,
09/21/2026,11:10:47:616,0.000000,0.000000,3,-124.56,-124.56,0,0,
09/21/2026,11:10:47:678,0.000000,0.000000,4,-101.76,-101.76,0,0,
09/21/2026,11:10:47:729,0.000000,0.000000,2,-127.42,-127.42,0,0,
09/21/2026,11:10:47:783,0.000000,0.000000,1,-125.2,-125.2,0,0,
09/21/2026,11:10:47:873,0.000000,0.000000,3,-127.18,-127.18,0,0,
09/21/2026,11:10:47:958,0.000000,0.000000,4,-105.25,-105.25,0,0,
09/21/2026,11:10:48:019,0.000000,0.000000,2,-126.87,-126.87,0,0,
09/21/2026,11:10:48:061,0.000000,0.000000,1,-125.34,-125.34,0,0,
09/21/2026,11:10:48:150,0.000000,0.000000,3,-123.74,-123.74,0,0,
09/21/2026,11:10:48:236,0.000000,0.000000,4,-107.69,-107.69,0,0,
09/21/2026,11:10:48:287,0.000000,0.000000,2,-126.26,-126.26,0,0,
09/21/2026,11:10:48:339,0.000000,0.000000,1,-125.61,-125.61,0,0,
09/21/2026,11:10:48:427,0.000000,0.000000,3,-125.2,-125.2,0,0,
09/21/2026,11:10:48:516,0.000000,0.000000,4,-103.1,-103.1,0,0,
09/21/2026,11:10:48:586,0.000000,0.000000,2,-126.65,-126.65,0,0,
09/21/2026,11:10:48:620,0.000000,0.000000,1,-125.5,-125.5,0,0,
09/21/2026,11:10:48:707,0.000000,0.000000,3,-126.96,-126.96,0,0,
09/21/2026,11:10:48:795,0.000000,0.000000,4,-103.26,-103.26,0,0,
09/21/2026,11:10:48:845,0.000000,0.000000,2,-124.88,-124.88,0,0,
09/21/2026,11:10:48:907,0.000000,0.000000,1,-125.49,-125.49,0,0,
09/21/2026,11:10:49:000,0.000000,0.000000,3,-125.93,-125.93,0,0,
09/21/2026,11:10:49:164,0.000000,0.000000,4,-101.18,-101.18,0,0,
09/21/2026,11:10:49:176,0.000000,0.000000,2,-126.08,-126.08,0,0,
09/21/2026,11:10:49:209,0.000000,0.000000,1,-124.8,-124.8,0,0,
09/21/2026,11:10:49:265,0.000000,0.000000,3,-126.82,-126.82,0,0,
09/21/2026,11:10:49:356,0.000000,0.000000,4,-98.2,-98.2,0,0,
09/21/2026,11:10:49:405,0.000000,0.000000,2,-124.22,-124.22,0,0,
09/21/2026,11:10:49:455,0.000000,0.000000,1,-125.61,-125.61,0,0,
09/21/2026,11:10:49:543,0.000000,0.000000,3,-125.87,-125.87,0,0,
09/21/2026,11:10:49:635,0.000000,0.000000,4,-95.46,-95.46,0,0,
09/21/2026,11:10:49:681,0.000000,0.000000,2,-124.24,-124.24,0,0,
09/21/2026,11:10:49:734,0.000000,0.000000,1,-125.6,-125.6,0,0,
09/21/2026,11:10:49:821,0.000000,0.000000,3,-122.95,-122.95,0,0,
09/21/2026,11:10:49:912,0.000000,0.000000,4,-102.27,-102.27,0,0,
09/21/2026,11:10:49:960,0.000000,0.000000,2,-126.97,-126.97,0,0,
09/21/2026,11:10:50:013,0.000000,0.000000,1,-125.58,-125.58,0,0,
09/21/2026,11:10:50:100,0.000000,0.000000,3,-125.85,-125.85,0,0,
09/21/2026,11:10:50:189,0.000000,0.000000,4,-97.75,-97.75,0,0,
09/21/2026,11:10:50:239,0.000000,0.000000,2,-125.6,-125.6,0,0,
09/21/2026,11:10:50:294,0.000000,0.000000,1,-125.15,-125.15,0,0,
09/21/2026,11:10:50:383,0.000000,0.000000,3,-126.64,-126.64,0,0,
09/21/2026,11:10:50:467,0.000000,0.000000,4,-95.61,-95.61,0,0,
09/21/2026,11:10:50:520,0.000000,0.000000,2,-126.61,-126.61,0,0,
09/21/2026,11:10:50:573,0.000000,0.000000,1,-125.32,-125.32,0,0,
09/21/2026,11:10:50:662,0.000000,0.000000,3,-125.99,-125.99,0,0,
09/21/2026,11:10:50:746,0.000000,0.000000,4,-97.23,-97.23,0,0,
09/21/2026,11:10:50:799,0.000000,0.000000,2,-127.14,-127.14,0,0,
09/21/2026,11:10:50:850,0.000000,0.000000,1,-122.49,-122.49,0,0,
09/21/2026,11:10:50:949,0.000000,0.000000,3,-125.3,-125.3,0,0,
09/21/2026,11:10:51:027,0.000000,0.000000,4,-100.37,-100.37,0,0,
09/21/2026,11:10:51:101,0.000000,0.000000,2,-125.6,-125.6,0,0,
09/21/2026,11:10:51:161,0.000000,0.000000,1,-125.78,-125.78,0,0,
09/21/2026,11:10:51:223,0.000000,0.000000,3,-126.68,-126.68,0,0,
09/21/2026,11:10:51:305,0.000000,0.000000,4,-99.64,-99.64,0,0,
09/21/2026,11:10:51:354,0.000000,0.000000,2,-124.78,-124.78,0,0,
09/21/2026,11:10:51:408,0.000000,0.000000,1,-125.6,-125.6,0,0,
09/21/2026,11:10:51:502,0.000000,0.000000,3,-123.59,-123.59,0,0,
09/21/2026,11:10:51:593,0.000000,0.000000,4,-93.51,-93.51,0,0,
09/21/2026,11:10:51:636,0.000000,0.000000,2,-126.6,-126.6,0,0,
09/21/2026,11:10:51:685,0.000000,0.000000,1,-126.99,-126.99,0,0,
09/21/2026,11:10:51:775,0.000000,0.000000,3,-124.87,-124.87,0,0,
09/21/2026,11:10:51:860,0.000000,0.000000,4,-100.05,-100.05,0,0,
09/21/2026,11:10:51:913,0.000000,0.000000,2,-126.26,-126.26,0,0,
09/21/2026,11:10:51:965,0.000000,0.000000,1,-126.2,-126.2,0,0,
09/21/2026,11:10:52:053,0.000000,0.000000,3,-125.21,-125.21,0,0,
09/21/2026,11:10:52:141,0.000000,0.000000,4,-98.12,-98.12,0,0,
09/21/2026,11:10:52:191,0.000000,0.000000,2,-125.88,-125.88,0,0,
09/21/2026,11:10:52:243,0.000000,0.000000,1,-125.46,-125.46,0,0,
09/21/2026,11:10:52:333,0.000000,0.000000,3,-124.9,-124.9,0,0,
09/21/2026,11:10:52:420,0.000000,0.000000,4,-95.74,-95.74,0,0,
09/21/2026,11:10:52:473,0.000000,0.000000,2,-123.15,-123.15,0,0,
09/21/2026,11:10:52:525,0.000000,0.000000,1,-125.6,-125.6,0,0,
09/21/2026,11:10:52:611,0.000000,0.000000,3,-126.99,-126.99,0,0,
09/21/2026,11:10:52:704,0.000000,0.000000,4,-99.76,-99.76,0,0,
09/21/2026,11:10:52:748,0.000000,0.000000,2,-125.12,-125.12,0,0,
09/21/2026,11:10:52:819,0.000000,0.000000,1,-124.38,-124.38,0,0,
09/21/2026,11:10:52:929,0.000000,0.000000,3,-127.09,-127.09,0,0,
09/21/2026,11:10:52:983,0.000000,0.000000,4,-108.27,-108.27,0,0,
09/21/2026,11:10:53:041,0.000000,0.000000,2,-125.31,-125.31,0,0,
09/21/2026,11:10:53:080,0.000000,0.000000,1,-124.39,-124.39,0,0,
09/21/2026,11:10:53:169,0.000000,0.000000,3,-127.48,-127.48,0,0,
09/21/2026,11:10:53:255,0.000000,0.000000,4,-102.65,-102.65,0,0,
09/21/2026,11:10:53:306,0.000000,0.000000,2,-126.24,-126.24,0,0,
09/21/2026,11:10:53:360,0.000000,0.000000,1,-127.01,-127.01,0,0,
09/21/2026,11:10:53:447,0.000000,0.000000,3,-125.04,-125.04,0,0,
09/21/2026,11:10:53:533,0.000000,0.000000,4,-105.36,-105.36,0,0,
09/21/2026,11:10:53:587,0.000000,0.000000,2,-125.7,-125.7,0,0,
09/21/2026,11:10:53:641,0.000000,0.000000,1,-126.61,-126.61,0,0,
09/21/2026,11:10:53:726,0.000000,0.000000,3,-124.69,-124.69,0,0,
09/21/2026,11:10:53:812,0.000000,0.000000,4,-105.15,-105.15,0,0,
09/21/2026,11:10:53:865,0.000000,0.000000,2,-126.67,-126.67,0,0,
09/21/2026,11:10:53:916,0.000000,0.000000,1,-123.6,-123.6,0,0,
09/21/2026,11:10:54:012,0.000000,0.000000,3,-126.62,-126.62,0,0,
09/21/2026,11:10:54:091,0.000000,0.000000,4,-107.06,-107.06,0,0,
09/21/2026,11:10:54:157,0.000000,0.000000,2,-124.73,-124.73,0,0,
09/21/2026,11:10:54:203,0.000000,0.000000,1,-126.93,-126.93,0,0,
09/21/2026,11:10:54:286,0.000000,0.000000,3,-125.01,-125.01,0,0,
09/21/2026,11:10:54:381,0.000000,0.000000,4,-100.95,-100.95,0,0,
09/21/2026,11:10:54:421,0.000000,0.000000,2,-126.58,-126.58,0,0,
09/21/2026,11:10:54:474,0.000000,0.000000,1,-125.46,-125.46,0,0,
09/21/2026,11:10:54:583,0.000000,0.000000,3,-123.04,-123.04,0,0,
09/21/2026,11:10:54:664,0.000000,0.000000,4,-98.4,-98.4,0,0,
09/21/2026,11:10:54:729,0.000000,0.000000,2,-125.94,-125.94,0,0,
09/21/2026,11:10:54:808,0.000000,0.000000,1,-124.79,-124.79,0,0,
09/21/2026,11:10:54:878,0.000000,0.000000,3,-123.95,-123.95,0,0,
09/21/2026,11:10:54:928,0.000000,0.000000,4,-97.4,-97.4,0,0,
09/21/2026,11:10:54:980,0.000000,0.000000,2,-125.13,-125.13,0,0,
09/21/2026,11:10:55:037,0.000000,0.000000,1,-126.61,-126.61,0,0,
09/21/2026,11:10:55:123,0.000000,0.000000,3,-124.08,-124.08,0,0,
09/21/2026,11:10:55:226,0.000000,0.000000,4,-103.72,-103.72,0,0,
09/21/2026,11:10:55:259,0.000000,0.000000,2,-127.42,-127.42,0,0,
09/21/2026,11:10:55:310,0.000000,0.000000,1,-124.5,-124.5,0,0,
09/21/2026,11:10:55:400,0.000000,0.000000,3,-126.59,-126.59,0,0,
09/21/2026,11:10:55:486,0.000000,0.000000,4,-96.57,-96.57,0,0,
09/21/2026,11:10:55:547,0.000000,0.000000,2,-127.2,-127.2,0,0,
09/21/2026,11:10:55:592,0.000000,0.000000,1,-125.52,-125.52,0,0,
09/21/2026,11:10:55:678,0.000000,0.000000,3,-123.1,-123.1,0,0,
09/21/2026,11:10:55:771,0.000000,0.000000,4,-99.47,-99.47,0,0,
09/21/2026,11:10:55:816,0.000000,0.000000,2,-126.62,-126.62,0,0,
09/21/2026,11:10:55:873,0.000000,0.000000,1,-125.92,-125.92,0,0,
09/21/2026,11:10:55:959,0.000000,0.000000,3,-126.01,-126.01,0,0,
09/21/2026,11:10:56:046,0.000000,0.000000,4,-108.6,-108.6,0,0,
09/21/2026,11:10:56:096,0.000000,0.000000,2,-125.72,-125.72,0,0,
09/21/2026,11:10:56:155,0.000000,0.000000,1,-125.29,-125.29,0,0,
09/21/2026,11:10:56:281,0.000000,0.000000,3,-124.94,-124.94,0,0,
09/21/2026,11:10:56:433,0.000000,0.000000,4,-100.42,-100.42,0,0,
09/21/2026,11:10:56:478,0.000000,0.000000,2,-127.09,-127.09,0,0,
09/21/2026,11:10:56:538,0.000000,0.000000,1,-125.44,-125.44,0,0,
09/21/2026,11:10:56:630,0.000000,0.000000,3,-124.87,-124.87,0,0,
09/21/2026,11:10:56:647,0.000000,0.000000,4,-106.38,-106.38,0,0,
09/21/2026,11:10:56:662,0.000000,0.000000,2,-127.61,-127.61,0,0,
09/21/2026,11:10:56:713,0.000000,0.000000,1,-126.55,-126.55,0,0,
09/21/2026,11:10:56:794,0.000000,0.000000,3,-124.96,-124.96,0,0,
09/21/2026,11:10:56:883,0.000000,0.000000,4,-109.66,-109.66,0,0,
09/21/2026,11:10:56:938,0.000000,0.000000,2,-125.13,-125.13,0,0,
09/21/2026,11:10:56:985,0.000000,0.000000,1,-127.48,-127.48,0,0,
09/21/2026,11:10:57:074,0.000000,0.000000,3,-124.99,-124.99,0,0,
09/21/2026,11:10:57:165,0.000000,0.000000,4,-101.64,-101.64,0,0,
09/21/2026,11:10:57:231,0.000000,0.000000,2,-127.95,-127.95,0,0,
09/21/2026,11:10:57:265,0.000000,0.000000,1,-125.12,-125.12,0,0,
09/21/2026,11:10:57:352,0.000000,0.000000,3,-124.22,-124.22,0,0,
09/21/2026,11:10:57:448,0.000000,0.000000,4,-98.03,-98.03,0,0,
09/21/2026,11:10:57:494,0.000000,0.000000,2,-125.65,-125.65,0,0,
09/21/2026,11:10:57:541,0.000000,0.000000,1,-127.64,-127.64,0,0,
09/21/2026,11:10:57:632,0.000000,0.000000,3,-125.58,-125.58,0,0,
09/21/2026,11:10:57:718,0.000000,0.000000,4,-97.5,-97.5,0,0,
09/21/2026,11:10:57:770,0.000000,0.000000,2,-125.79,-125.79,0,0,
09/21/2026,11:10:57:821,0.000000,0.000000,1,-126.24,-126.24,0,0,
09/21/2026,11:10:57:909,0.000000,0.000000,3,-124.16,-124.16,0,0,
09/21/2026,11:10:58:001,0.000000,0.000000,4,-94.93,-94.93,0,0,
09/21/2026,11:10:58:050,0.000000,0.000000,2,-123.68,-123.68,0,0,
09/21/2026,11:10:58:107,0.000000,0.000000,1,-124.52,-124.52,0,0,
09/21/2026,11:10:58:189,0.000000,0.000000,3,-127.23,-127.23,0,0,
09/21/2026,11:10:58:274,0.000000,0.000000,4,-100,-100,0,0,
09/21/2026,11:10:58:327,0.000000,0.000000,2,-123.67,-123.67,0,0,
09/21/2026,11:10:58:382,0.000000,0.000000,1,-126,-126,0,0,
09/21/2026,11:10:58:496,0.000000,0.000000,3,-126.22,-126.22,0,0,
09/21/2026,11:10:58:571,0.000000,0.000000,4,-99.21,-99.21,0,0,
09/21/2026,11:10:58:645,0.000000,0.000000,2,-126.83,-126.83,0,0,
09/21/2026,11:10:58:719,0.000000,0.000000,1,-126.23,-126.23,0,0,
09/21/2026,11:10:58:746,0.000000,0.000000,3,-123.65,-123.65,0,0,
09/21/2026,11:10:58:834,0.000000,0.000000,4,-97.21,-97.21,0,0,
09/21/2026,11:10:58:886,0.000000,0.000000,2,-123.35,-123.35,0,0,
09/21/2026,11:10:58:937,0.000000,0.000000,1,-124.81,-124.81,0,0,
09/21/2026,11:10:59:035,0.000000,0.000000,3,-125.83,-125.83,0,0,
09/21/2026,11:10:59:114,0.000000,0.000000,4,-100.26,-100.26,0,0,
09/21/2026,11:10:59:166,0.000000,0.000000,2,-123.42,-123.42,0,0,
09/21/2026,11:10:59:217,0.000000,0.000000,1,-125.86,-125.86,0,0,
09/21/2026,11:10:59:309,0.000000,0.000000,3,-123.96,-123.96,0,0,
09/21/2026,11:10:59:393,0.000000,0.000000,4,-101.78,-101.78,0,0,
09/21/2026,11:10:59:442,0.000000,0.000000,2,-126.53,-126.53,0,0,
09/21/2026,11:10:59:495,0.000000,0.000000,1,-123.02,-123.02,0,0,
09/21/2026,11:10:59:585,0.000000,0.000000,3,-127.14,-127.14,0,0,
09/21/2026,11:10:59:671,0.000000,0.000000,4,-103.57,-103.57,0,0,
09/21/2026,11:10:59:720,0.000000,0.000000,2,-125.94,-125.94,0,0,
09/21/2026,11:10:59:773,0.000000,0.000000,1,-125.89,-125.89,0,0,
09/21/2026,11:10:59:864,0.000000,0.000000,3,-125.7,-125.7,0,0,
09/21/2026,11:10:59:956,0.000000,0.000000,4,-109.55,-109.55,0,0,
09/21/2026,11:11:00:001,0.000000,0.000000,2,-122.87,-122.87,0,0,
09/21/2026,11:11:00:057,0.000000,0.000000,1,-124.54,-124.54,0,0,
09/21/2026,11:11:00:145,0.000000,0.000000,3,-126.38,-126.38,0,0,
09/21/2026,11:11:00:270,0.000000,0.000000,4,-99.12,-99.12,0,0,
09/21/2026,11:11:00:684,0.000000,0.000000,2,-127.59,-127.59,0,0,
09/21/2026,11:11:00:703,0.000000,0.000000,1,-126.1,-126.1,0,0,
09/21/2026,11:11:00:739,0.000000,0.000000,3,-124.87,-124.87,0,0,
09/21/2026,11:11:00:775,0.000000,0.000000,4,-106.18,-106.18,0,0,
09/21/2026,11:11:00:798,0.000000,0.000000,2,-124.52,-124.52,0,0,
09/21/2026,11:11:00:812,0.000000,0.000000,1,-126.55,-126.55,0,0,
09/21/2026,11:11:00:847,0.000000,0.000000,3,-124.04,-124.04,0,0,
09/21/2026,11:11:00:891,0.000000,0.000000,4,-98.82,-98.82,0,0,
09/21/2026,11:11:00:911,0.000000,0.000000,2,-126.43,-126.43,0,0,
09/21/2026,11:11:00:921,0.000000,0.000000,1,-128.33,-128.33,0,0,
09/21/2026,11:11:00:979,0.000000,0.000000,3,-122.77,-122.77,0,0,
09/21/2026,11:11:01:064,0.000000,0.000000,4,-101.96,-101.96,0,0,
09/21/2026,11:11:01:132,0.000000,0.000000,2,-126.56,-126.56,0,0,
09/21/2026,11:11:01:203,0.000000,0.000000,1,-124.95,-124.95,0,0,
09/21/2026,11:11:01:264,0.000000,0.000000,3,-123.04,-123.04,0,0,
09/21/2026,11:11:01:400,0.000000,0.000000,4,-98.35,-98.35,0,0,
09/21/2026,11:11:01:418,0.000000,0.000000,2,-126.25,-126.25,0,0,
09/21/2026,11:11:01:452,0.000000,0.000000,1,-123.94,-123.94,0,0,
09/21/2026,11:11:01:556,0.000000,0.000000,3,-125.85,-125.85,0,0,
09/21/2026,11:11:01:648,0.000000,0.000000,4,-103.9,-103.9,0,0,
09/21/2026,11:11:01:696,0.000000,0.000000,2,-125.66,-125.66,0,0,
09/21/2026,11:11:01:729,0.000000,0.000000,1,-125.2,-125.2,0,0,
09/21/2026,11:11:01:823,0.000000,0.000000,3,-126.61,-126.61,0,0,
09/21/2026,11:11:01:900,0.000000,0.000000,4,-103.8,-103.8,0,0,
09/21/2026,11:11:01:951,0.000000,0.000000,2,-125.35,-125.35,0,0,
09/21/2026,11:11:02:011,0.000000,0.000000,1,-125.38,-125.38,0,0,
09/21/2026,11:11:02:102,0.000000,0.000000,3,-125.01,-125.01,0,0,
09/21/2026,11:11:02:183,0.000000,0.000000,4,-95.54,-95.54,0,0,
09/21/2026,11:11:02:228,0.000000,0.000000,2,-126.22,-126.22,0,0,
09/21/2026,11:11:02:282,0.000000,0.000000,1,-126.25,-126.25,0,0,
09/21/2026,11:11:02:374,0.000000,0.000000,3,-123.75,-123.75,0,0,
09/21/2026,11:11:02:466,0.000000,0.000000,4,-103.71,-103.71,0,0,
09/21/2026,11:11:02:509,0.000000,0.000000,2,-125.58,-125.58,0,0,
09/21/2026,11:11:02:562,0.000000,0.000000,1,-126.23,-126.23,0,0,
09/21/2026,11:11:02:658,0.000000,0.000000,3,-126.6,-126.6,0,0,
09/21/2026,11:11:02:738,0.000000,0.000000,4,-103.95,-103.95,0,0,
09/21/2026,11:11:02:789,0.000000,0.000000,2,-126.14,-126.14,0,0,
09/21/2026,11:11:02:841,0.000000,0.000000,1,-125.26,-125.26,0,0,
09/21/2026,11:11:02:929,0.000000,0.000000,3,-124.29,-124.29,0,0,
09/21/2026,11:11:03:016,0.000000,0.000000,4,-101.18,-101.18,0,0,
09/21/2026,11:11:03:067,0.000000,0.000000,2,-125.35,-125.35,0,0,
09/21/2026,11:11:03:122,0.000000,0.000000,1,-126.21,-126.21,0,0,
09/21/2026,11:11:03:212,0.000000,0.000000,3,-125.29,-125.29,0,0,
09/21/2026,11:11:03:295,0.000000,0.000000,4,-97.31,-97.31,0,0,
09/21/2026,11:11:03:355,0.000000,0.000000,2,-124.94,-124.94,0,0,
09/21/2026,11:11:03:398,0.000000,0.000000,1,-127.55,-127.55,0,0,
09/21/2026,11:11:03:487,0.000000,0.000000,3,-122.88,-122.88,0,0,
09/21/2026,11:11:03:574,0.000000,0.000000,4,-98.67,-98.67,0,0,
09/21/2026,11:11:03:625,0.000000,0.000000,2,-124.13,-124.13,0,0,
09/21/2026,11:11:03:677,0.000000,0.000000,1,-125.3,-125.3,0,0,
09/21/2026,11:11:03:768,0.000000,0.000000,3,-125.67,-125.67,0,0,
09/21/2026,11:11:03:853,0.000000,0.000000,4,-93.62,-93.62,0,0,
09/21/2026,11:11:03:909,0.000000,0.000000,2,-125.51,-125.51,0,0,
09/21/2026,11:11:03:977,0.000000,0.000000,1,-123.18,-123.18,0,0,
09/21/2026,11:11:04:287,0.000000,0.000000,3,-124.95,-124.95,0,0,
09/21/2026,11:11:04:366,0.000000,0.000000,4,-99.88,-99.88,0,0,
09/21/2026,11:11:04:424,0.000000,0.000000,2,-124.88,-124.88,0,0,
09/21/2026,11:11:04:476,0.000000,0.000000,1,-124.85,-124.85,0,0,
09/21/2026,11:11:04:543,0.000000,0.000000,3,-126.85,-126.85,0,0,
09/21/2026,11:11:04:591,0.000000,0.000000,4,-98.07,-98.07,0,0,
09/21/2026,11:11:04:606,0.000000,0.000000,2,-125.32,-125.32,0,0,
09/21/2026,11:11:04:673,0.000000,0.000000,1,-124.95,-124.95,0,0,
09/21/2026,11:11:04:743,0.000000,0.000000,3,-125.87,-125.87,0,0,
09/21/2026,11:11:04:797,0.000000,0.000000,4,-95.36,-95.36,0,0,
09/21/2026,11:11:04:815,0.000000,0.000000,2,-125.45,-125.45,0,0,
09/21/2026,11:11:04:826,0.000000,0.000000,1,-126.29,-126.29,0,0,
09/21/2026,11:11:04:882,0.000000,0.000000,3,-125.64,-125.64,0,0,
09/21/2026,11:11:04:970,0.000000,0.000000,4,-96.67,-96.67,0,0,
09/21/2026,11:11:05:018,0.000000,0.000000,2,-124.82,-124.82,0,0,
09/21/2026,11:11:05:075,0.000000,0.000000,1,-127.37,-127.37,0,0,
09/21/2026,11:11:05:161,0.000000,0.000000,3,-124.34,-124.34,0,0,
09/21/2026,11:11:05:247,0.000000,0.000000,4,-95.83,-95.83,0,0,
09/21/2026,11:11:05:299,0.000000,0.000000,2,-125.95,-125.95,0,0,
09/21/2026,11:11:05:352,0.000000,0.000000,1,-127.14,-127.14,0,0,
09/21/2026,11:11:05:441,0.000000,0.000000,3,-123.96,-123.96,0,0,
09/21/2026,11:11:05:525,0.000000,0.000000,4,-101.07,-101.07,0,0,
09/21/2026,11:11:05:583,0.000000,0.000000,2,-123.41,-123.41,0,0,
09/21/2026,11:11:05:629,0.000000,0.000000,1,-125.67,-125.67,0,0,
09/21/2026,11:11:05:722,0.000000,0.000000,3,-124.82,-124.82,0,0,
09/21/2026,11:11:05:850,0.000000,0.000000,4,-99.04,-99.04,0,0,
09/21/2026,11:11:05:860,0.000000,0.000000,2,-126.36,-126.36,0,0,
09/21/2026,11:11:05:938,0.000000,0.000000,1,-126.8,-126.8,0,0,
09/21/2026,11:11:06:009,0.000000,0.000000,3,-126.18,-126.18,0,0,
09/21/2026,11:11:06:082,0.000000,0.000000,4,-94.64,-94.64,0,0,
09/21/2026,11:11:06:140,0.000000,0.000000,2,-128.06,-128.06,0,0,
09/21/2026,11:11:06:185,0.000000,0.000000,1,-124.78,-124.78,0,0,
09/21/2026,11:11:06:274,0.000000,0.000000,3,-125.55,-125.55,0,0,
09/21/2026,11:11:06:370,0.000000,0.000000,4,-100.28,-100.28,0,0,
09/21/2026,11:11:06:416,0.000000,0.000000,2,-122.72,-122.72,0,0,
09/21/2026,11:11:06:470,0.000000,0.000000,1,-125.3,-125.3,0,0,
09/21/2026,11:11:06:555,0.000000,0.000000,3,-127.36,-127.36,0,0,
09/21/2026,11:11:06:641,0.000000,0.000000,4,-91.44,-91.44,0,0,
09/21/2026,11:11:06:692,0.000000,0.000000,2,-123.55,-123.55,0,0,
09/21/2026,11:11:06:750,0.000000,0.000000,1,-124.29,-124.29,0,0,
09/21/2026,11:11:06:835,0.000000,0.000000,3,-126.12,-126.12,0,0,
09/21/2026,11:11:06:919,0.000000,0.000000,4,-84.85,-84.85,0,0,
09/21/2026,11:11:06:976,0.000000,0.000000,2,-124.11,-124.11,0,0,
09/21/2026,11:11:07:029,0.000000,0.000000,1,-124.47,-124.47,0,0,
09/21/2026,11:11:07:120,0.000000,0.000000,3,-124.95,-124.95,0,0,
09/21/2026,11:11:07:199,0.000000,0.000000,4,-88.78,-88.78,0,0,
09/21/2026,11:11:07:252,0.000000,0.000000,2,-126.67,-126.67,0,0,
09/21/2026,11:11:07:306,0.000000,0.000000,1,-124.59,-124.59,0,0,
09/21/2026,11:11:07:391,0.000000,0.000000,3,-122.72,-122.72,0,0,
09/21/2026,11:11:07:476,0.000000,0.000000,4,-90.66,-90.66,0,0,
09/21/2026,11:11:07:536,0.000000,0.000000,2,-125.7,-125.7,0,0,
09/21/2026,11:11:07:583,0.000000,0.000000,1,-124.3,-124.3,0,0,
09/21/2026,11:11:07:674,0.000000,0.000000,3,-126.09,-126.09,0,0,
09/21/2026,11:11:07:776,0.000000,0.000000,4,-93.01,-93.01,0,0,
09/21/2026,11:11:07:859,0.000000,0.000000,2,-125.57,-125.57,0,0,
09/21/2026,11:11:07:867,0.000000,0.000000,1,-124.88,-124.88,0,0,
09/21/2026,11:11:07:952,0.000000,0.000000,3,-122.98,-122.98,0,0,
09/21/2026,11:11:08:086,0.000000,0.000000,4,-96.32,-96.32,0,0,
09/21/2026,11:11:08:106,0.000000,0.000000,2,-124.03,-124.03,0,0,
09/21/2026,11:11:08:139,0.000000,0.000000,1,-127.54,-127.54,0,0,
09/21/2026,11:11:08:235,0.000000,0.000000,3,-126.46,-126.46,0,0,
09/21/2026,11:11:08:318,0.000000,0.000000,4,-92.62,-92.62,0,0,
09/21/2026,11:11:08:364,0.000000,0.000000,2,-123.3,-123.3,0,0,
09/21/2026,11:11:08:419,0.000000,0.000000,1,-122.44,-122.44,0,0,
09/21/2026,11:11:08:512,0.000000,0.000000,3,-125.79,-125.79,0,0,
09/21/2026,11:11:08:593,0.000000,0.000000,4,-97.06,-97.06,0,0,
09/21/2026,11:11:08:646,0.000000,0.000000,2,-124.04,-124.04,0,0,
09/21/2026,11:11:08:696,0.000000,0.000000,1,-127,-127,0,0,
09/21/2026,11:11:08:784,0.000000,0.000000,3,-124.63,-124.63,0,0,
09/21/2026,11:11:08:874,0.000000,0.000000,4,-93.76,-93.76,0,0,
09/21/2026,11:11:08:923,0.000000,0.000000,2,-125.04,-125.04,0,0,
09/21/2026,11:11:08:975,0.000000,0.000000,1,-122.95,-122.95,0,0,
09/21/2026,11:11:09:063,0.000000,0.000000,3,-127.53,-127.53,0,0,
09/21/2026,11:11:09:150,0.000000,0.000000,4,-99,-99,0,0,
09/21/2026,11:11:09:201,0.000000,0.000000,2,-125.43,-125.43,0,0,
09/21/2026,11:11:09:257,0.000000,0.000000,1,-124.06,-124.06,0,0,
09/21/2026,11:11:09:343,0.000000,0.000000,3,-127.58,-127.58,0,0,
09/21/2026,11:11:09:429,0.000000,0.000000,4,-100.67,-100.67,0,0,
09/21/2026,11:11:09:480,0.000000,0.000000,2,-126.63,-126.63,0,0,
09/21/2026,11:11:09:534,0.000000,0.000000,1,-126.7,-126.7,0,0,
09/21/2026,11:11:09:642,0.000000,0.000000,3,-124.77,-124.77,0,0,
09/21/2026,11:11:09:726,0.000000,0.000000,4,-99.3,-99.3,0,0,
09/21/2026,11:11:09:772,0.000000,0.000000,2,-124.23,-124.23,0,0,
09/21/2026,11:11:09:843,0.000000,0.000000,1,-127.02,-127.02,0,0,
09/21/2026,11:11:09:923,0.000000,0.000000,3,-125,-125,0,0,
09/21/2026,11:11:09:987,0.000000,0.000000,4,-98.15,-98.15,0,0,
09/21/2026,11:11:10:038,0.000000,0.000000,2,-123.41,-123.41,0,0,
09/21/2026,11:11:10:091,0.000000,0.000000,1,-124.57,-124.57,0,0,
09/21/2026,11:11:10:182,0.000000,0.000000,3,-121.78,-121.78,0,0,
09/21/2026,11:11:10:265,0.000000,0.000000,4,-101.76,-101.76,0,0,
09/21/2026,11:11:10:325,0.000000,0.000000,2,-125.7,-125.7,0,0,
09/21/2026,11:11:10:376,0.000000,0.000000,1,-125.61,-125.61,0,0,
09/21/2026,11:11:10:457,0.000000,0.000000,3,-125.44,-125.44,0,0,
09/21/2026,11:11:10:548,0.000000,0.000000,4,-99.91,-99.91,0,0,
09/21/2026,11:11:10:594,0.000000,0.000000,2,-125.48,-125.48,0,0,
09/21/2026,11:11:10:649,0.000000,0.000000,1,-125.06,-125.06,0,0,
09/21/2026,11:11:10:742,0.000000,0.000000,3,-127.2,-127.2,0,0,
09/21/2026,11:11:10:824,0.000000,0.000000,4,-99.46,-99.46,0,0,
09/21/2026,11:11:10:880,0.000000,0.000000,2,-124.13,-124.13,0,0,
09/21/2026,11:11:10:931,0.000000,0.000000,1,-124.59,-124.59,0,0,
09/21/2026,11:11:11:017,0.000000,0.000000,3,-124.22,-124.22,0,0,
09/21/2026,11:11:11:102,0.000000,0.000000,4,-108.98,-108.98,0,0,
09/21/2026,11:11:11:156,0.000000,0.000000,2,-125.62,-125.62,0,0,
09/21/2026,11:11:11:206,0.000000,0.000000,1,-123.57,-123.57,0,0,
09/21/2026,11:11:11:294,0.000000,0.000000,3,-124.32,-124.32,0,0,
09/21/2026,11:11:11:381,0.000000,0.000000,4,-97.64,-97.64,0,0,
09/21/2026,11:11:11:434,0.000000,0.000000,2,-125.06,-125.06,0,0,
09/21/2026,11:11:11:485,0.000000,0.000000,1,-123.17,-123.17,0,0,
09/21/2026,11:11:11:616,0.000000,0.000000,3,-127.43,-127.43,0,0,
09/21/2026,11:11:11:697,0.000000,0.000000,4,-104.46,-104.46,0,0,
09/21/2026,11:11:11:715,0.000000,0.000000,2,-124.94,-124.94,0,0,
09/21/2026,11:11:11:814,0.000000,0.000000,1,-124.23,-124.23,0,0,
09/21/2026,11:11:11:875,0.000000,0.000000,3,-126.86,-126.86,0,0,
09/21/2026,11:11:11:940,0.000000,0.000000,4,-97.6,-97.6,0,0,
09/21/2026,11:11:11:990,0.000000,0.000000,2,-124.91,-124.91,0,0,
09/21/2026,11:11:12:042,0.000000,0.000000,1,-123.97,-123.97,0,0,
09/21/2026,11:11:12:133,0.000000,0.000000,3,-125.52,-125.52,0,0,
09/21/2026,11:11:12:221,0.000000,0.000000,4,-97.77,-97.77,0,0,
09/21/2026,11:11:12:276,0.000000,0.000000,2,-125.17,-125.17,0,0,
09/21/2026,11:11:12:322,0.000000,0.000000,1,-124.94,-124.94,0,0,
09/21/2026,11:11:12:412,0.000000,0.000000,3,-126.49,-126.49,0,0,
09/21/2026,11:11:12:498,0.000000,0.000000,4,-99.18,-99.18,0,0,
09/21/2026,11:11:12:551,0.000000,0.000000,2,-124.57,-124.57,0,0,
09/21/2026,11:11:12:602,0.000000,0.000000,1,-124.9,-124.9,0,0,
09/21/2026,11:11:12:688,0.000000,0.000000,3,-124.73,-124.73,0,0,
09/21/2026,11:11:12:774,0.000000,0.000000,4,-96.89,-96.89,0,0,
09/21/2026,11:11:12:839,0.000000,0.000000,2,-125.08,-125.08,0,0,
09/21/2026,11:11:12:915,0.000000,0.000000,1,-125.7,-125.7,0,0,
09/21/2026,11:11:12:967,0.000000,0.000000,3,-125.06,-125.06,0,0,
09/21/2026,11:11:13:055,0.000000,0.000000,4,-94.15,-94.15,0,0,
09/21/2026,11:11:13:110,0.000000,0.000000,2,-126.23,-126.23,0,0,
09/21/2026,11:11:13:159,0.000000,0.000000,1,-126.6,-126.6,0,0,
09/21/2026,11:11:13:247,0.000000,0.000000,3,-125.45,-125.45,0,0,
09/21/2026,11:11:13:437,0.000000,0.000000,4,-100.85,-100.85,0,0,
09/21/2026,11:11:13:489,0.000000,0.000000,2,-124.42,-124.42,0,0,
09/21/2026,11:11:13:500,0.000000,0.000000,1,-124.72,-124.72,0,0,
09/21/2026,11:11:13:553,0.000000,0.000000,3,-127.15,-127.15,0,0,
09/21/2026,11:11:13:662,0.000000,0.000000,4,-99.09,-99.09,0,0,
09/21/2026,11:11:13:677,0.000000,0.000000,2,-125.57,-125.57,0,0,
09/21/2026,11:11:13:721,0.000000,0.000000,1,-123.5,-123.5,0,0,
09/21/2026,11:11:13:805,0.000000,0.000000,3,-127.51,-127.51,0,0,
09/21/2026,11:11:13:891,0.000000,0.000000,4,-92.61,-92.61,0,0,
09/21/2026,11:11:13:943,0.000000,0.000000,2,-123.49,-123.49,0,0,
09/21/2026,11:11:14:000,0.000000,0.000000,1,-126.24,-126.24,0,0,
09/21/2026,11:11:14:110,0.000000,0.000000,3,-123.31,-123.31,0,0,
09/21/2026,11:11:14:181,0.000000,0.000000,4,-96.11,-96.11,0,0,
09/21/2026,11:11:14:222,0.000000,0.000000,2,-123.76,-123.76,0,0,
09/21/2026,11:11:14:286,0.000000,0.000000,1,-125.47,-125.47,0,0,
09/21/2026,11:11:14:366,0.000000,0.000000,3,-126,-126,0,0,
09/21/2026,11:11:14:448,0.000000,0.000000,4,-102.65,-102.65,0,0,
09/21/2026,11:11:14:503,0.000000,0.000000,2,-126.65,-126.65,0,0,
09/21/2026,11:11:14:554,0.000000,0.000000,1,-124.99,-124.99,0,0,
09/21/2026,11:11:14:668,0.000000,0.000000,3,-126.2,-126.2,0,0,
09/21/2026,11:11:14:738,0.000000,0.000000,4,-97.66,-97.66,0,0,
09/21/2026,11:11:14:785,0.000000,0.000000,2,-124.49,-124.49,0,0,
09/21/2026,11:11:14:835,0.000000,0.000000,1,-123.08,-123.08,0,0,
09/21/2026,11:11:14:921,0.000000,0.000000,3,-125.73,-125.73,0,0,
09/21/2026,11:11:15:007,0.000000,0.000000,4,-96.99,-96.99,0,0,
09/21/2026,11:11:15:064,0.000000,0.000000,2,-126.31,-126.31,0,0,
09/21/2026,11:11:15:109,0.000000,0.000000,1,-124.71,-124.71,0,0,
09/21/2026,11:11:15:218,0.000000,0.000000,3,-125.79,-125.79,0,0,
09/21/2026,11:11:15:290,0.000000,0.000000,4,-97.03,-97.03,0,0,
09/21/2026,11:11:15:367,0.000000,0.000000,2,-125.73,-125.73,0,0,
09/21/2026,11:11:15:411,0.000000,0.000000,1,-126.3,-126.3,0,0,
09/21/2026,11:11:15:479,0.000000,0.000000,3,-124.04,-124.04,0,0,
09/21/2026,11:11:15:573,0.000000,0.000000,4,-93.47,-93.47,0,0,
09/21/2026,11:11:15:616,0.000000,0.000000,2,-125.29,-125.29,0,0,
09/21/2026,11:11:15:669,0.000000,0.000000,1,-124.66,-124.66,0,0,
09/21/2026,11:11:15:762,0.000000,0.000000,3,-126.08,-126.08,0,0,
09/21/2026,11:11:15:844,0.000000,0.000000,4,-97.58,-97.58,0,0,
09/21/2026,11:11:15:895,0.000000,0.000000,2,-125.52,-125.52,0,0,
09/21/2026,11:11:15:948,0.000000,0.000000,1,-123.43,-123.43,0,0,
09/21/2026,11:11:16:036,0.000000,0.000000,3,-124.87,-124.87,0,0,
09/21/2026,11:11:16:123,0.000000,0.000000,4,-100.13,-100.13,0,0,
09/21/2026,11:11:16:173,0.000000,0.000000,2,-124.87,-124.87,0,0,
09/21/2026,11:11:16:228,0.000000,0.000000,1,-120.82,-120.82,0,0,
09/21/2026,11:11:16:320,0.000000,0.000000,3,-115.12,-115.12,0,0,
09/21/2026,11:11:16:401,0.000000,0.000000,4,-98.13,-98.13,0,0,
09/21/2026,11:11:16:459,0.000000,0.000000,2,-126.14,-126.14,0,0,
09/21/2026,11:11:16:503,0.000000,0.000000,1,-124.28,-124.28,0,0,
09/21/2026,11:11:16:593,0.000000,0.000000,3,-125.25,-125.25,0,0,
09/21/2026,11:11:16:680,0.000000,0.000000,4,-99.14,-99.14,0,0,
09/21/2026,11:11:16:739,0.000000,0.000000,2,-128.59,-128.59,0,0,
09/21/2026,11:11:16:783,0.000000,0.000000,1,-125.16,-125.16,0,0,
09/21/2026,11:11:16:874,0.000000,0.000000,3,-126.24,-126.24,0,0,
09/21/2026,11:11:16:959,0.000000,0.000000,4,-101.66,-101.66,0,0,
09/21/2026,11:11:17:039,0.000000,0.000000,2,-125.51,-125.51,0,0,
09/21/2026,11:11:17:086,0.000000,0.000000,1,-125.38,-125.38,0,0,
09/21/2026,11:11:17:207,0.000000,0.000000,3,-124.27,-124.27,0,0,
09/21/2026,11:11:17:254,0.000000,0.000000,4,-95.36,-95.36,0,0,
09/21/2026,11:11:17:296,0.000000,0.000000,2,-124.73,-124.73,0,0,
09/21/2026,11:11:17:342,0.000000,0.000000,1,-126.28,-126.28,0,0,
09/21/2026,11:11:17:429,0.000000,0.000000,3,-125.96,-125.96,0,0,
09/21/2026,11:11:17:518,0.000000,0.000000,4,-99.65,-99.65,0,0,
09/21/2026,11:11:17:569,0.000000,0.000000,2,-126.22,-126.22,0,0,
09/21/2026,11:11:17:619,0.000000,0.000000,1,-126.43,-126.43,0,0,
09/21/2026,11:11:17:708,0.000000,0.000000,3,-125.14,-125.14,0,0,
09/21/2026,11:11:17:796,0.000000,0.000000,4,-96.4,-96.4,0,0,
09/21/2026,11:11:17:848,0.000000,0.000000,2,-125.13,-125.13,0,0,
09/21/2026,11:11:17:898,0.000000,0.000000,1,-126.74,-126.74,0,0,
09/21/2026,11:11:17:989,0.000000,0.000000,3,-125.97,-125.97,0,0,
09/21/2026,11:11:18:076,0.000000,0.000000,4,-98.59,-98.59,0,0,
09/21/2026,11:11:18:127,0.000000,0.000000,2,-126.95,-126.95,0,0,
09/21/2026,11:11:18:177,0.000000,0.000000,1,-124.19,-124.19,0,0,
09/21/2026,11:11:18:266,0.000000,0.000000,3,-126.04,-126.04,0,0,
09/21/2026,11:11:18:356,0.000000,0.000000,4,-101.57,-101.57,0,0,
09/21/2026,11:11:18:405,0.000000,0.000000,2,-126.78,-126.78,0,0,
09/21/2026,11:11:18:458,0.000000,0.000000,1,-125.09,-125.09,0,0,
09/21/2026,11:11:18:546,0.000000,0.000000,3,-124.33,-124.33,0,0,
09/21/2026,11:11:18:634,0.000000,0.000000,4,-96.02,-96.02,0,0,
09/21/2026,11:11:18:683,0.000000,0.000000,2,-123.91,-123.91,0,0,
09/21/2026,11:11:18:739,0.000000,0.000000,1,-124.91,-124.91,0,0,
09/21/2026,11:11:18:884,0.000000,0.000000,3,-124.57,-124.57,0,0,
09/21/2026,11:11:18:934,0.000000,0.000000,4,-98.74,-98.74,0,0,
09/21/2026,11:11:19:008,0.000000,0.000000,2,-127.09,-127.09,0,0,
09/21/2026,11:11:19:021,0.000000,0.000000,1,-127.63,-127.63,0,0,
09/21/2026,11:11:19:101,0.000000,0.000000,3,-124.22,-124.22,0,0,
09/21/2026,11:11:19:192,0.000000,0.000000,4,-95.46,-95.46,0,0,
09/21/2026,11:11:19:246,0.000000,0.000000,2,-124.94,-124.94,0,0,
09/21/2026,11:11:19:304,0.000000,0.000000,1,-125.29,-125.29,0,0,
09/21/2026,11:11:19:381,0.000000,0.000000,3,-126.13,-126.13,0,0,
09/21/2026,11:11:19:469,0.000000,0.000000,4,-100.15,-100.15,0,0,
09/21/2026,11:11:19:520,0.000000,0.000000,2,-124.06,-124.06,0,0,
09/21/2026,11:11:19:574,0.000000,0.000000,1,-124.91,-124.91,0,0,
09/21/2026,11:11:19:665,0.000000,0.000000,3,-124.47,-124.47,0,0,
09/21/2026,11:11:19:751,0.000000,0.000000,4,-95.36,-95.36,0,0,
09/21/2026,11:11:19:799,0.000000,0.000000,2,-126.05,-126.05,0,0,
09/21/2026,11:11:19:864,0.000000,0.000000,1,-122.97,-122.97,0,0,
09/21/2026,11:11:19:939,0.000000,0.000000,3,-124.46,-124.46,0,0,
09/21/2026,11:11:20:028,0.000000,0.000000,4,-104.57,-104.57,0,0,
09/21/2026,11:11:20:077,0.000000,0.000000,2,-125.26,-125.26,0,0,
09/21/2026,11:11:20:130,0.000000,0.000000,1,-124.42,-124.42,0,0,
09/21/2026,11:11:20:219,0.000000,0.000000,3,-124.47,-124.47,0,0,
09/21/2026,11:11:20:307,0.000000,0.000000,4,-95.33,-95.33,0,0,
09/21/2026,11:11:20:358,0.000000,0.000000,2,-123.5,-123.5,0,0,
09/21/2026,11:11:20:409,0.000000,0.000000,1,-124.04,-124.04,0,0,
09/21/2026,11:11:20:499,0.000000,0.000000,3,-124.68,-124.68,0,0,
09/21/2026,11:11:20:600,0.000000,0.000000,4,-93.39,-93.39,0,0,
09/21/2026,11:11:20:635,0.000000,0.000000,2,-124.25,-124.25,0,0,
09/21/2026,11:11:20:687,0.000000,0.000000,1,-125.27,-125.27,0,0,
09/21/2026,11:11:20:777,0.000000,0.000000,3,-125.25,-125.25,0,0,
09/21/2026,11:11:21:263,0.000000,0.000000,4,-93.3,-93.3,0,0,
09/21/2026,11:11:21:274,0.000000,0.000000,2,-125.61,-125.61,0,0,
09/21/2026,11:11:21:298,0.000000,0.000000,1,-124.48,-124.48,0,0,
09/21/2026,11:11:21:345,0.000000,0.000000,3,-125.22,-125.22,0,0,
09/21/2026,11:11:21:368,0.000000,0.000000,4,-96.27,-96.27,0,0,
09/21/2026,11:11:21:383,0.000000,0.000000,2,-124.46,-124.46,0,0,
09/21/2026,11:11:21:399,0.000000,0.000000,1,-123.55,-123.55,0,0,
09/21/2026,11:11:21:421,0.000000,0.000000,3,-122.51,-122.51,0,0,
09/21/2026,11:11:21:443,0.000000,0.000000,4,-94.26,-94.26,0,0,
09/21/2026,11:11:21:471,0.000000,0.000000,2,-122.22,-122.22,0,0,
09/21/2026,11:11:21:524,0.000000,0.000000,1,-124.47,-124.47,0,0,
09/21/2026,11:11:21:612,0.000000,0.000000,3,-127.33,-127.33,0,0,
09/21/2026,11:11:21:706,0.000000,0.000000,4,-94.3,-94.3,0,0,
09/21/2026,11:11:21:752,0.000000,0.000000,2,-125.05,-125.05,0,0,
09/21/2026,11:11:21:804,0.000000,0.000000,1,-125.3,-125.3,0,0,
09/21/2026,11:11:21:895,0.000000,0.000000,3,-125.44,-125.44,0,0,
09/21/2026,11:11:21:978,0.000000,0.000000,4,-92.08,-92.08,0,0,
09/21/2026,11:11:22:033,0.000000,0.000000,2,-125.29,-125.29,0,0,
09/21/2026,11:11:22:088,0.000000,0.000000,1,-127.78,-127.78,0,0,
09/21/2026,11:11:22:170,0.000000,0.000000,3,-125.57,-125.57,0,0,
09/21/2026,11:11:22:264,0.000000,0.000000,4,-95.11,-95.11,0,0,
09/21/2026,11:11:22:316,0.000000,0.000000,2,-123.77,-123.77,0,0,
09/21/2026,11:11:22:363,0.000000,0.000000,1,-127.44,-127.44,0,0,
09/21/2026,11:11:22:449,0.000000,0.000000,3,-125.74,-125.74,0,0,
09/21/2026,11:11:22:537,0.000000,0.000000,4,-90.82,-90.82,0,0,
09/21/2026,11:11:22:586,0.000000,0.000000,2,-125.67,-125.67,0,0,
09/21/2026,11:11:22:641,0.000000,0.000000,1,-124.77,-124.77,0,0,
09/21/2026,11:11:22:728,0.000000,0.000000,3,-125.24,-125.24,0,0,
09/21/2026,11:11:22:819,0.000000,0.000000,4,-95.16,-95.16,0,0,
09/21/2026,11:11:22:889,0.000000,0.000000,2,-127.19,-127.19,0,0,
09/21/2026,11:11:22:961,0.000000,0.000000,1,-125.48,-125.48,0,0,
09/21/2026,11:11:23:033,0.000000,0.000000,3,-128.1,-128.1,0,0,
09/21/2026,11:11:23:101,0.000000,0.000000,4,-93.47,-93.47,0,0,
09/21/2026,11:11:23:145,0.000000,0.000000,2,-125.28,-125.28,0,0,
09/21/2026,11:11:23:206,0.000000,0.000000,1,-124.77,-124.77,0,0,
09/21/2026,11:11:23:288,0.000000,0.000000,3,-126.95,-126.95,0,0,
09/21/2026,11:11:23:375,0.000000,0.000000,4,-92.93,-92.93,0,0,
09/21/2026,11:11:23:423,0.000000,0.000000,2,-125.91,-125.91,0,0,
09/21/2026,11:11:23:476,0.000000,0.000000,1,-124.47,-124.47,0,0,
09/21/2026,11:11:23:565,0.000000,0.000000,3,-126.67,-126.67,0,0,
09/21/2026,11:11:23:655,0.000000,0.000000,4,-96.19,-96.19,0,0,
09/21/2026,11:11:23:705,0.000000,0.000000,2,-124.4,-124.4,0,0,
09/21/2026,11:11:23:758,0.000000,0.000000,1,-127.27,-127.27,0,0,
09/21/2026,11:11:23:845,0.000000,0.000000,3,-123.64,-123.64,0,0,
09/21/2026,11:11:23:938,0.000000,0.000000,4,-97.8,-97.8,0,0,
09/21/2026,11:11:23:983,0.000000,0.000000,2,-126.39,-126.39,0,0,
09/21/2026,11:11:24:033,0.000000,0.000000,1,-124.89,-124.89,0,0,
09/21/2026,11:11:24:122,0.000000,0.000000,3,-124.46,-124.46,0,0,
09/21/2026,11:11:24:210,0.000000,0.000000,4,-94.41,-94.41,0,0,
09/21/2026,11:11:24:260,0.000000,0.000000,2,-124.18,-124.18,0,0,
09/21/2026,11:11:24:313,0.000000,0.000000,1,-125.05,-125.05,0,0,
09/21/2026,11:11:24:422,0.000000,0.000000,3,-127.15,-127.15,0,0,
09/21/2026,11:11:24:496,0.000000,0.000000,4,-89.97,-89.97,0,0,
09/21/2026,11:11:24:538,0.000000,0.000000,2,-124.79,-124.79,0,0,
09/21/2026,11:11:24:626,0.000000,0.000000,1,-123.78,-123.78,0,0,
09/21/2026,11:11:24:679,0.000000,0.000000,3,-125.03,-125.03,0,0,
09/21/2026,11:11:24:830,0.000000,0.000000,4,-90.94,-90.94,0,0,
09/21/2026,11:11:24:906,0.000000,0.000000,2,-127.29,-127.29,0,0,
09/21/2026,11:11:24:921,0.000000,0.000000,1,-125.54,-125.54,0,0,
09/21/2026,11:11:24:959,0.000000,0.000000,3,-126.13,-126.13,0,0,
09/21/2026,11:11:25:045,0.000000,0.000000,4,-94.99,-94.99,0,0,
09/21/2026,11:11:25:096,0.000000,0.000000,2,-124.76,-124.76,0,0,
09/21/2026,11:11:25:154,0.000000,0.000000,1,-124.3,-124.3,0,0,
09/21/2026,11:11:25:238,0.000000,0.000000,3,-125.45,-125.45,0,0,
09/21/2026,11:11:25:323,0.000000,0.000000,4,-94.8,-94.8,0,0,
09/21/2026,11:11:25:376,0.000000,0.000000,2,-124.68,-124.68,0,0,
09/21/2026,11:11:25:427,0.000000,0.000000,1,-126.86,-126.86,0,0,
09/21/2026,11:11:25:528,0.000000,0.000000,3,-126.94,-126.94,0,0,
09/21/2026,11:11:25:616,0.000000,0.000000,4,-104.9,-104.9,0,0,
09/21/2026,11:11:25:653,0.000000,0.000000,2,-126.27,-126.27,0,0,
09/21/2026,11:11:25:706,0.000000,0.000000,1,-125.12,-125.12,0,0,
09/21/2026,11:11:25:797,0.000000,0.000000,3,-126.37,-126.37,0,0,
09/21/2026,11:11:25:882,0.000000,0.000000,4,-95.93,-95.93,0,0,
09/21/2026,11:11:25:940,0.000000,0.000000,2,-122.6,-122.6,0,0,
09/21/2026,11:11:25:987,0.000000,0.000000,1,-124.69,-124.69,0,0,
09/21/2026,11:11:26:074,0.000000,0.000000,3,-122.76,-122.76,0,0,
09/21/2026,11:11:26:160,0.000000,0.000000,4,-96.31,-96.31,0,0,
09/21/2026,11:11:26:212,0.000000,0.000000,2,-125.21,-125.21,0,0,
09/21/2026,11:11:26:278,0.000000,0.000000,1,-125.67,-125.67,0,0,
09/21/2026,11:11:26:409,0.000000,0.000000,3,-125.55,-125.55,0,0,
09/21/2026,11:11:26:465,0.000000,0.000000,4,-97.37,-97.37,0,0,
09/21/2026,11:11:26:542,0.000000,0.000000,2,-126.07,-126.07,0,0,
09/21/2026,11:11:26:560,0.000000,0.000000,1,-122.65,-122.65,0,0,
09/21/2026,11:11:26:631,0.000000,0.000000,3,-126.85,-126.85,0,0,
09/21/2026,11:11:26:720,0.000000,0.000000,4,-92.43,-92.43,0,0,
09/21/2026,11:11:26:771,0.000000,0.000000,2,-124.93,-124.93,0,0,
09/21/2026,11:11:26:820,0.000000,0.000000,1,-124.46,-124.46,0,0,
09/21/2026,11:11:26:910,0.000000,0.000000,3,-125.01,-125.01,0,0,
09/21/2026,11:11:27:002,0.000000,0.000000,4,-93.84,-93.84,0,0,
09/21/2026,11:11:27:049,0.000000,0.000000,2,-125.29,-125.29,0,0,
09/21/2026,11:11:27:098,0.000000,0.000000,1,-125.33,-125.33,0,0,
09/21/2026,11:11:27:188,0.000000,0.000000,3,-125.92,-125.92,0,0,
09/21/2026,11:11:27:276,0.000000,0.000000,4,-101.39,-101.39,0,0,
09/21/2026,11:11:27:335,0.000000,0.000000,2,-129.23,-129.23,0,0,
09/21/2026,11:11:27:378,0.000000,0.000000,1,-123.54,-123.54,0,0,
09/21/2026,11:11:27:467,0.000000,0.000000,3,-124.3,-124.3,0,0,
09/21/2026,11:11:27:554,0.000000,0.000000,4,-98.47,-98.47,0,0,
09/21/2026,11:11:27:605,0.000000,0.000000,2,-124,-124,0,0,
09/21/2026,11:11:27:666,0.000000,0.000000,1,-125.46,-125.46,0,0,
09/21/2026,11:11:27:747,0.000000,0.000000,3,-127.73,-127.73,0,0,
09/21/2026,11:11:27:839,0.000000,0.000000,4,-92.14,-92.14,0,0,
09/21/2026,11:11:27:889,0.000000,0.000000,2,-125.35,-125.35,0,0,
09/21/2026,11:11:27:941,0.000000,0.000000,1,-123.59,-123.59,0,0,
09/21/2026,11:11:28:026,0.000000,0.000000,3,-125.17,-125.17,0,0,
09/21/2026,11:11:28:112,0.000000,0.000000,4,-100.56,-100.56,0,0,
09/21/2026,11:11:28:167,0.000000,0.000000,2,-123.4,-123.4,0,0,
09/21/2026,11:11:28:216,0.000000,0.000000,1,-126.19,-126.19,0,0,
09/21/2026,11:11:28:310,0.000000,0.000000,3,-125.64,-125.64,0,0,
09/21/2026,11:11:28:426,0.000000,0.000000,4,-96.45,-96.45,0,0,
09/21/2026,11:11:28:442,0.000000,0.000000,2,-127.02,-127.02,0,0,
09/21/2026,11:11:28:499,0.000000,0.000000,1,-124.49,-124.49,0,0,
09/21/2026,11:11:28:603,0.000000,0.000000,3,-126.28,-126.28,0,0,
09/21/2026,11:11:28:670,0.000000,0.000000,4,-93.18,-93.18,0,0,
09/21/2026,11:11:28:721,0.000000,0.000000,2,-126.72,-126.72,0,0,
09/21/2026,11:11:28:775,0.000000,0.000000,1,-124.88,-124.88,0,0,
09/21/2026,11:11:28:862,0.000000,0.000000,3,-126.1,-126.1,0,0,
09/21/2026,11:11:28:949,0.000000,0.000000,4,-103.51,-103.51,0,0,
09/21/2026,11:11:28:999,0.000000,0.000000,2,-124.14,-124.14,0,0,
09/21/2026,11:11:29:052,0.000000,0.000000,1,-124.25,-124.25,0,0,
09/21/2026,11:11:29:141,0.000000,0.000000,3,-125.32,-125.32,0,0,
09/21/2026,11:11:29:229,0.000000,0.000000,4,-101.75,-101.75,0,0,
09/21/2026,11:11:29:281,0.000000,0.000000,2,-125.56,-125.56,0,0,
09/21/2026,11:11:29:331,0.000000,0.000000,1,-123.45,-123.45,0,0,
09/21/2026,11:11:29:419,0.000000,0.000000,3,-124.82,-124.82,0,0,
09/21/2026,11:11:29:507,0.000000,0.000000,4,-96.86,-96.86,0,0,
09/21/2026,11:11:29:559,0.000000,0.000000,2,-125.34,-125.34,0,0,
09/21/2026,11:11:29:618,0.000000,0.000000,1,-126.91,-126.91,0,0,
09/21/2026,11:11:29:699,0.000000,0.000000,3,-125.51,-125.51,0,0,
09/21/2026,11:11:29:790,0.000000,0.000000,4,-100.35,-100.35,0,0,
09/21/2026,11:11:29:836,0.000000,0.000000,2,-124.68,-124.68,0,0,
09/21/2026,11:11:29:888,0.000000,0.000000,1,-124.89,-124.89,0,0,
09/21/2026,11:11:29:999,0.000000,0.000000,3,-125.16,-125.16,0,0,
09/21/2026,11:11:30:064,0.000000,0.000000,4,-96.5,-96.5,0,0,
09/21/2026,11:11:30:116,0.000000,0.000000,2,-126.7,-126.7,0,0,
09/21/2026,11:11:30:191,0.000000,0.000000,1,-125.85,-125.85,0,0,
09/21/2026,11:11:30:262,0.000000,0.000000,3,-126.38,-126.38,0,0,
09/21/2026,11:11:30:342,0.000000,0.000000,4,-98.51,-98.51,0,0,
09/21/2026,11:11:30:413,0.000000,0.000000,2,-126.32,-126.32,0,0,
09/21/2026,11:11:30:496,0.000000,0.000000,1,-126.36,-126.36,0,0,
09/21/2026,11:11:30:544,0.000000,0.000000,3,-123.1,-123.1,0,0,
09/21/2026,11:11:30:621,0.000000,0.000000,4,-93.42,-93.42,0,0,
09/21/2026,11:11:30:672,0.000000,0.000000,2,-124.05,-124.05,0,0,
09/21/2026,11:11:30:727,0.000000,0.000000,1,-125.23,-125.23,0,0,
09/21/2026,11:11:30:818,0.000000,0.000000,3,-124.13,-124.13,0,0,
09/21/2026,11:11:30:900,0.000000,0.000000,4,-90.61,-90.61,0,0,
09/21/2026,11:11:30:953,0.000000,0.000000,2,-125.63,-125.63,0,0,
09/21/2026,11:11:31:006,0.000000,0.000000,1,-123.29,-123.29,0,0,
09/21/2026,11:11:31:106,0.000000,0.000000,3,-126.34,-126.34,0,0,
09/21/2026,11:11:31:180,0.000000,0.000000,4,-92.12,-92.12,0,0,
09/21/2026,11:11:31:231,0.000000,0.000000,2,-125.79,-125.79,0,0,
09/21/2026,11:11:31:282,0.000000,0.000000,1,-123.34,-123.34,0,0,
09/21/2026,11:11:31:766,0.000000,0.000000,3,-124.22,-124.22,0,0,
09/21/2026,11:11:31:781,0.000000,0.000000,4,-93.04,-93.04,0,0,
09/21/2026,11:11:31:808,0.000000,0.000000,2,-125.41,-125.41,0,0,
09/21/2026,11:11:31:820,0.000000,0.000000,1,-123.95,-123.95,0,0,
09/21/2026,11:11:31:849,0.000000,0.000000,3,-122.91,-122.91,0,0,
09/21/2026,11:11:31:873,0.000000,0.000000,4,-97.12,-97.12,0,0,
09/21/2026,11:11:31:885,0.000000,0.000000,2,-125.89,-125.89,0,0,
09/21/2026,11:11:31:902,0.000000,0.000000,1,-124.73,-124.73,0,0,
09/21/2026,11:11:31:929,0.000000,0.000000,3,-126.16,-126.16,0,0,
09/21/2026,11:11:32:022,0.000000,0.000000,4,-89.12,-89.12,0,0,
09/21/2026,11:11:32:107,0.000000,0.000000,2,-127.76,-127.76,0,0,
09/21/2026,11:11:32:140,0.000000,0.000000,1,-127.23,-127.23,0,0,
09/21/2026,11:11:32:222,0.000000,0.000000,3,-124.7,-124.7,0,0,
09/21/2026,11:11:32:299,0.000000,0.000000,4,-90.12,-90.12,0,0,
09/21/2026,11:11:32:368,0.000000,0.000000,2,-125.58,-125.58,0,0,
09/21/2026,11:11:32:401,0.000000,0.000000,1,-126.35,-126.35,0,0,
09/21/2026,11:11:32:485,0.000000,0.000000,3,-124.19,-124.19,0,0,
09/21/2026,11:11:32:573,0.000000,0.000000,4,-89.6,-89.6,0,0,
09/21/2026,11:11:32:626,0.000000,0.000000,2,-126.04,-126.04,0,0,
09/21/2026,11:11:32:676,0.000000,0.000000,1,-126.01,-126.01,0,0,
09/21/2026,11:11:32:765,0.000000,0.000000,3,-125.85,-125.85,0,0,
09/21/2026,11:11:32:854,0.000000,0.000000,4,-94.07,-94.07,0,0,
09/21/2026,11:11:32:905,0.000000,0.000000,2,-125.36,-125.36,0,0,
09/21/2026,11:11:32:956,0.000000,0.000000,1,-125.98,-125.98,0,0,
09/21/2026,11:11:33:045,0.000000,0.000000,3,-126.02,-126.02,0,0,
09/21/2026,11:11:33:133,0.000000,0.000000,4,-94.66,-94.66,0,0,
09/21/2026,11:11:33:183,0.000000,0.000000,2,-123.75,-123.75,0,0,
09/21/2026,11:11:33:239,0.000000,0.000000,1,-124.93,-124.93,0,0,
09/21/2026,11:11:33:333,0.000000,0.000000,3,-124.11,-124.11,0,0,
09/21/2026,11:11:33:410,0.000000,0.000000,4,-95.48,-95.48,0,0,
09/21/2026,11:11:33:462,0.000000,0.000000,2,-123.98,-123.98,0,0,
09/21/2026,11:11:33:525,0.000000,0.000000,1,-123.88,-123.88,0,0,
09/21/2026,11:11:33:602,0.000000,0.000000,3,-125.98,-125.98,0,0,
09/21/2026,11:11:33:689,0.000000,0.000000,4,-99.96,-99.96,0,0,
09/21/2026,11:11:33:740,0.000000,0.000000,2,-124.5,-124.5,0,0,
09/21/2026,11:11:33:839,0.000000,0.000000,1,-127.17,-127.17,0,0,
09/21/2026,11:11:33:893,0.000000,0.000000,3,-124.86,-124.86,0,0,
09/21/2026,11:11:33:978,0.000000,0.000000,4,-89.08,-89.08,0,0,
09/21/2026,11:11:34:028,0.000000,0.000000,2,-125.08,-125.08,0,0,
09/21/2026,11:11:34:087,0.000000,0.000000,1,-123.27,-123.27,0,0,
09/21/2026,11:11:34:180,0.000000,0.000000,3,-125.74,-125.74,0,0,
09/21/2026,11:11:34:257,0.000000,0.000000,4,-87.6,-87.6,0,0,
09/21/2026,11:11:34:316,0.000000,0.000000,2,-127.28,-127.28,0,0,
09/21/2026,11:11:34:362,0.000000,0.000000,1,-122.79,-122.79,0,0,
09/21/2026,11:11:34:452,0.000000,0.000000,3,-126.25,-126.25,0,0,
09/21/2026,11:11:34:550,0.000000,0.000000,4,-93.65,-93.65,0,0,
09/21/2026,11:11:34:576,0.000000,0.000000,2,-123.84,-123.84,0,0,
09/21/2026,11:11:34:628,0.000000,0.000000,1,-124.32,-124.32,0,0,
09/21/2026,11:11:34:722,0.000000,0.000000,3,-125.88,-125.88,0,0,
09/21/2026,11:11:34:805,0.000000,0.000000,4,-89.97,-89.97,0,0,
09/21/2026,11:11:34:857,0.000000,0.000000,2,-127.14,-127.14,0,0,
09/21/2026,11:11:34:907,0.000000,0.000000,1,-124.08,-124.08,0,0,
09/21/2026,11:11:34:995,0.000000,0.000000,3,-125.79,-125.79,0,0,
09/21/2026,11:11:35:083,0.000000,0.000000,4,-92.03,-92.03,0,0,
09/21/2026,11:11:35:134,0.000000,0.000000,2,-124.17,-124.17,0,0,
09/21/2026,11:11:35:189,0.000000,0.000000,1,-124.77,-124.77,0,0,
09/21/2026,11:11:35:275,0.000000,0.000000,3,-126.3,-126.3,0,0,
09/21/2026,11:11:35:363,0.000000,0.000000,4,-98.05,-98.05,0,0,
09/21/2026,11:11:35:419,0.000000,0.000000,2,-126.23,-126.23,0,0,
09/21/2026,11:11:35:473,0.000000,0.000000,1,-125.84,-125.84,0,0,
09/21/2026,11:11:35:552,0.000000,0.000000,3,-125.32,-125.32,0,0,
09/21/2026,11:11:35:640,0.000000,0.000000,4,-97.91,-97.91,0,0,
09/21/2026,11:11:35:693,0.000000,0.000000,2,-126.78,-126.78,0,0,
09/21/2026,11:11:35:744,0.000000,0.000000,1,-125.94,-125.94,0,0,
09/21/2026,11:11:35:835,0.000000,0.000000,3,-127.09,-127.09,0,0,
09/21/2026,11:11:35:919,0.000000,0.000000,4,-87.11,-87.11,0,0,
09/21/2026,11:11:36:082,0.000000,0.000000,2,-124.49,-124.49,0,0,
09/21/2026,11:11:36:089,0.000000,0.000000,1,-125.36,-125.36,0,0,
09/21/2026,11:11:36:133,0.000000,0.000000,3,-128.2,-128.2,0,0,
09/21/2026,11:11:36:198,0.000000,0.000000,4,-89.53,-89.53,0,0,
09/21/2026,11:11:36:250,0.000000,0.000000,2,-123.57,-123.57,0,0,
09/21/2026,11:11:36:303,0.000000,0.000000,1,-124.67,-124.67,0,0,
09/21/2026,11:11:36:395,0.000000,0.000000,3,-124.98,-124.98,0,0,
09/21/2026,11:11:36:480,0.000000,0.000000,4,-93.39,-93.39,0,0,
09/21/2026,11:11:36:529,0.000000,0.000000,2,-124.16,-124.16,0,0,
09/21/2026,11:11:36:583,0.000000,0.000000,1,-124.62,-124.62,0,0,
09/21/2026,11:11:36:679,0.000000,0.000000,3,-123.35,-123.35,0,0,
09/21/2026,11:11:36:757,0.000000,0.000000,4,-85.41,-85.41,0,0,
09/21/2026,11:11:37:225,0.000000,0.000000,2,-124.21,-124.21,0,0,
09/21/2026,11:11:37:233,0.000000,0.000000,1,-124.96,-124.96,0,0,
09/21/2026,11:11:37:261,0.000000,0.000000,3,-127.02,-127.02,0,0,
09/21/2026,11:11:37:283,0.000000,0.000000,4,-86.44,-86.44,0,0,
09/21/2026,11:11:37:294,0.000000,0.000000,2,-124.98,-124.98,0,0,
09/21/2026,11:11:37:307,0.000000,0.000000,1,-123.97,-123.97,0,0,
09/21/2026,11:11:37:325,0.000000,0.000000,3,-125.05,-125.05,0,0,
09/21/2026,11:11:37:352,0.000000,0.000000,4,-94.3,-94.3,0,0,
09/21/2026,11:11:37:388,0.000000,0.000000,2,-125.89,-125.89,0,0,
09/21/2026,11:11:37:418,0.000000,0.000000,1,-125.43,-125.43,0,0,
09/21/2026,11:11:37:506,0.000000,0.000000,3,-122.9,-122.9,0,0,
09/21/2026,11:11:37:634,0.000000,0.000000,4,-88.36,-88.36,0,0,
09/21/2026,11:11:37:648,0.000000,0.000000,2,-125.19,-125.19,0,0,
09/21/2026,11:11:37:715,0.000000,0.000000,1,-124.54,-124.54,0,0,
09/21/2026,11:11:37:795,0.000000,0.000000,3,-126.53,-126.53,0,0,
09/21/2026,11:11:37:911,0.000000,0.000000,4,-95.94,-95.94,0,0,
09/21/2026,11:11:37:922,0.000000,0.000000,2,-125.25,-125.25,0,0,
09/21/2026,11:11:37:979,0.000000,0.000000,1,-124.44,-124.44,0,0,
09/21/2026,11:11:38:066,0.000000,0.000000,3,-124.8,-124.8,0,0,
09/21/2026,11:11:38:151,0.000000,0.000000,4,-92.24,-92.24,0,0,
09/21/2026,11:11:38:201,0.000000,0.000000,2,-123.9,-123.9,0,0,
09/21/2026,11:11:38:260,0.000000,0.000000,1,-125.23,-125.23,0,0,
09/21/2026,11:11:38:344,0.000000,0.000000,3,-126.31,-126.31,0,0,
09/21/2026,11:11:38:430,0.000000,0.000000,4,-90.28,-90.28,0,0,
09/21/2026,11:11:38:498,0.000000,0.000000,2,-126.73,-126.73,0,0,
09/21/2026,11:11:38:538,0.000000,0.000000,1,-125.08,-125.08,0,0,
09/21/2026,11:11:38:622,0.000000,0.000000,3,-124.89,-124.89,0,0,
09/21/2026,11:11:38:708,0.000000,0.000000,4,-87.37,-87.37,0,0,
09/21/2026,11:11:38:759,0.000000,0.000000,2,-124.07,-124.07,0,0,
09/21/2026,11:11:38:815,0.000000,0.000000,1,-123.08,-123.08,0,0,
09/21/2026,11:11:38:899,0.000000,0.000000,3,-125.29,-125.29,0,0,
09/21/2026,11:11:38:986,0.000000,0.000000,4,-93.35,-93.35,0,0,
09/21/2026,11:11:39:040,0.000000,0.000000,2,-124.35,-124.35,0,0,
09/21/2026,11:11:39:095,0.000000,0.000000,1,-125.95,-125.95,0,0,
09/21/2026,11:11:39:178,0.000000,0.000000,3,-125.31,-125.31,0,0,
09/21/2026,11:11:39:268,0.000000,0.000000,4,-90.92,-90.92,0,0,
09/21/2026,11:11:39:318,0.000000,0.000000,2,-127.32,-127.32,0,0,
09/21/2026,11:11:39:371,0.000000,0.000000,1,-124.95,-124.95,0,0,
09/21/2026,11:11:39:508,0.000000,0.000000,3,-123.09,-123.09,0,0,
09/21/2026,11:11:39:581,0.000000,0.000000,4,-93.04,-93.04,0,0,
09/21/2026,11:11:39:626,0.000000,0.000000,2,-126.83,-126.83,0,0,
09/21/2026,11:11:39:686,0.000000,0.000000,1,-126.69,-126.69,0,0,
09/21/2026,11:11:39:784,0.000000,0.000000,3,-122.77,-122.77,0,0,
09/21/2026,11:11:39:881,0.000000,0.000000,4,-88.84,-88.84,0,0,
09/21/2026,11:11:39:910,0.000000,0.000000,2,-127.54,-127.54,0,0,
09/21/2026,11:11:39:927,0.000000,0.000000,1,-125.25,-125.25,0,0,
09/21/2026,11:11:40:016,0.000000,0.000000,3,-127.29,-127.29,0,0,
09/21/2026,11:11:40:106,0.000000,0.000000,4,-99.54,-99.54,0,0,
09/21/2026,11:11:40:157,0.000000,0.000000,2,-126.3,-126.3,0,0,
09/21/2026,11:11:40:208,0.000000,0.000000,1,-123.71,-123.71,0,0,
09/21/2026,11:11:40:299,0.000000,0.000000,3,-125.48,-125.48,0,0,
09/21/2026,11:11:40:385,0.000000,0.000000,4,-91.97,-91.97,0,0,
09/21/2026,11:11:40:447,0.000000,0.000000,2,-126.28,-126.28,0,0,
09/21/2026,11:11:40:488,0.000000,0.000000,1,-123.73,-123.73,0,0,
09/21/2026,11:11:40:577,0.000000,0.000000,3,-124.53,-124.53,0,0,
09/21/2026,11:11:40:664,0.000000,0.000000,4,-86.77,-86.77,0,0,
09/21/2026,11:11:40:720,0.000000,0.000000,2,-126.08,-126.08,0,0,
09/21/2026,11:11:40:763,0.000000,0.000000,1,-124.26,-124.26,0,0,
09/21/2026,11:11:40:854,0.000000,0.000000,3,-124.93,-124.93,0,0,
09/21/2026,11:11:40:941,0.000000,0.000000,4,-99.17,-99.17,0,0,
09/21/2026,11:11:40:994,0.000000,0.000000,2,-124.3,-124.3,0,0,
09/21/2026,11:11:41:060,0.000000,0.000000,1,-124.45,-124.45,0,0,
09/21/2026,11:11:41:133,0.000000,0.000000,3,-126.54,-126.54,0,0,
09/21/2026,11:11:41:232,0.000000,0.000000,4,-93.49,-93.49,0,0,
09/21/2026,11:11:41:270,0.000000,0.000000,2,-125.35,-125.35,0,0,
09/21/2026,11:11:41:363,0.000000,0.000000,1,-124.46,-124.46,0,0,
09/21/2026,11:11:41:426,0.000000,0.000000,3,-127.49,-127.49,0,0,
09/21/2026,11:11:41:663,0.000000,0.000000,4,-91.32,-91.32,0,0,
09/21/2026,11:11:41:716,0.000000,0.000000,2,-126.42,-126.42,0,0,
09/21/2026,11:11:41:727,0.000000,0.000000,1,-126.98,-126.98,0,0,
09/21/2026,11:11:41:778,0.000000,0.000000,3,-127.13,-127.13,0,0,
09/21/2026,11:11:41:826,0.000000,0.000000,4,-89.38,-89.38,0,0,
09/21/2026,11:11:41:842,0.000000,0.000000,2,-125.46,-125.46,0,0,
09/21/2026,11:11:41:901,0.000000,0.000000,1,-125.77,-125.77,0,0,
09/21/2026,11:11:41:972,0.000000,0.000000,3,-126.34,-126.34,0,0,
09/21/2026,11:11:42:055,0.000000,0.000000,4,-93.33,-93.33,0,0,
09/21/2026,11:11:42:111,0.000000,0.000000,2,-126.32,-126.32,0,0,
09/21/2026,11:11:42:159,0.000000,0.000000,1,-125.56,-125.56,0,0,
09/21/2026,11:11:42:268,0.000000,0.000000,3,-124.27,-124.27,0,0,
09/21/2026,11:11:42:700,0.000000,0.000000,4,-89.78,-89.78,0,0,
09/21/2026,11:11:42:718,0.000000,0.000000,2,-125.9,-125.9,0,0,
09/21/2026,11:11:42:752,0.000000,0.000000,1,-126.71,-126.71,0,0,
09/21/2026,11:11:42:798,0.000000,0.000000,3,-123.36,-123.36,0,0,
09/21/2026,11:11:42:879,0.000000,0.000000,4,-90.21,-90.21,0,0,
09/21/2026,11:11:42:925,0.000000,0.000000,2,-124.86,-124.86,0,0,
09/21/2026,11:11:42:982,0.000000,0.000000,1,-123.97,-123.97,0,0,
09/21/2026,11:11:43:019,0.000000,0.000000,3,-126.76,-126.76,0,0,
09/21/2026,11:11:43:068,0.000000,0.000000,4,-96.83,-96.83,0,0,
09/21/2026,11:11:43:087,0.000000,0.000000,2,-126.46,-126.46,0,0,
09/21/2026,11:11:43:101,0.000000,0.000000,1,-123.91,-123.91,0,0,
09/21/2026,11:11:43:152,0.000000,0.000000,3,-125,-125,0,0,
09/21/2026,11:11:43:219,0.000000,0.000000,4,-90.94,-90.94,0,0,
09/21/2026,11:11:43:258,0.000000,0.000000,2,-125.56,-125.56,0,0,
09/21/2026,11:11:43:291,0.000000,0.000000,1,-123.45,-123.45,0,0,
09/21/2026,11:11:43:400,0.000000,0.000000,3,-125.67,-125.67,0,0,
09/21/2026,11:11:43:451,0.000000,0.000000,4,-88.8,-88.8,0,0,
09/21/2026,11:11:43:576,0.000000,0.000000,2,-126.4,-126.4,0,0,
09/21/2026,11:11:43:629,0.000000,0.000000,1,-125.01,-125.01,0,0,
09/21/2026,11:11:43:684,0.000000,0.000000,3,-125.03,-125.03,0,0,
09/21/2026,11:11:43:793,0.000000,0.000000,4,-87.36,-87.36,0,0,
09/21/2026,11:11:43:823,0.000000,0.000000,2,-125.36,-125.36,0,0,
09/21/2026,11:11:43:845,0.000000,0.000000,1,-123.52,-123.52,0,0,
09/21/2026,11:11:43:928,0.000000,0.000000,3,-123.77,-123.77,0,0,
09/21/2026,11:11:44:005,0.000000,0.000000,4,-88.98,-88.98,0,0,
09/21/2026,11:11:44:059,0.000000,0.000000,2,-123.42,-123.42,0,0,
09/21/2026,11:11:44:119,0.000000,0.000000,1,-127.77,-127.77,0,0,
09/21/2026,11:11:44:206,0.000000,0.000000,3,-126.37,-126.37,0,0,
09/21/2026,11:11:44:291,0.000000,0.000000,4,-84.95,-84.95,0,0,
09/21/2026,11:11:44:345,0.000000,0.000000,2,-124.69,-124.69,0,0,
09/21/2026,11:11:44:390,0.000000,0.000000,1,-123.45,-123.45,0,0,
09/21/2026,11:11:44:483,0.000000,0.000000,3,-125,-125,0,0,
09/21/2026,11:11:44:565,0.000000,0.000000,4,-84.78,-84.78,0,0,
09/21/2026,11:11:44:627,0.000000,0.000000,2,-126.3,-126.3,0,0,
09/21/2026,11:11:44:667,0.000000,0.000000,1,-123.42,-123.42,0,0,
09/21/2026,11:11:44:764,0.000000,0.000000,3,-124.13,-124.13,0,0,
09/21/2026,11:11:44:854,0.000000,0.000000,4,-86.1,-86.1,0,0,
09/21/2026,11:11:44:910,0.000000,0.000000,2,-126.85,-126.85,0,0,
09/21/2026,11:11:44:951,0.000000,0.000000,1,-124.34,-124.34,0,0,
09/21/2026,11:11:45:055,0.000000,0.000000,3,-126.21,-126.21,0,0,
09/21/2026,11:11:45:142,0.000000,0.000000,4,-85.92,-85.92,0,0,
09/21/2026,11:11:45:193,0.000000,0.000000,2,-126.72,-126.72,0,0,
09/21/2026,11:11:45:256,0.000000,0.000000,1,-125.33,-125.33,0,0,
09/21/2026,11:11:45:357,0.000000,0.000000,3,-124.68,-124.68,0,0,
09/21/2026,11:11:45:420,0.000000,0.000000,4,-84.08,-84.08,0,0,
09/21/2026,11:11:45:453,0.000000,0.000000,2,-126,-126,0,0,
09/21/2026,11:11:45:522,0.000000,0.000000,1,-124.33,-124.33,0,0,
09/21/2026,11:11:45:608,0.000000,0.000000,3,-123.57,-123.57,0,0,
09/21/2026,11:11:45:680,0.000000,0.000000,4,-80.44,-80.44,0,0,
09/21/2026,11:11:45:738,0.000000,0.000000,2,-125.47,-125.47,0,0,
09/21/2026,11:11:45:787,0.000000,0.000000,1,-123.8,-123.8,0,0,
09/21/2026,11:11:45:872,0.000000,0.000000,3,-121.24,-121.24,0,0,
09/21/2026,11:11:45:968,0.000000,0.000000,4,-95.71,-95.71,0,0,
09/21/2026,11:11:46:008,0.000000,0.000000,2,-121.77,-121.77,0,0,
09/21/2026,11:11:46:076,0.000000,0.000000,1,-123.17,-123.17,0,0,
09/21/2026,11:11:46:177,0.000000,0.000000,3,-124.75,-124.75,0,0,
09/21/2026,11:11:46:243,0.000000,0.000000,4,-86.21,-86.21,0,0,
09/21/2026,11:11:46:306,0.000000,0.000000,2,-126.78,-126.78,0,0,
09/21/2026,11:11:46:364,0.000000,0.000000,1,-123.62,-123.62,0,0,
09/21/2026,11:11:46:449,0.000000,0.000000,3,-126.64,-126.64,0,0,
09/21/2026,11:11:46:532,0.000000,0.000000,4,-85.28,-85.28,0,0,
09/21/2026,11:11:46:567,0.000000,0.000000,2,-126.12,-126.12,0,0,
09/21/2026,11:11:46:644,0.000000,0.000000,1,-124.48,-124.48,0,0,
09/21/2026,11:11:46:708,0.000000,0.000000,3,-124.59,-124.59,0,0,
09/21/2026,11:11:46:794,0.000000,0.000000,4,-87.03,-87.03,0,0,
09/21/2026,11:11:46:852,0.000000,0.000000,2,-125.95,-125.95,0,0,
09/21/2026,11:11:46:906,0.000000,0.000000,1,-124.05,-124.05,0,0,
09/21/2026,11:11:47:001,0.000000,0.000000,3,-125.16,-125.16,0,0,
09/21/2026,11:11:47:219,0.000000,0.000000,4,-84.85,-84.85,0,0,
09/21/2026,11:11:47:278,0.000000,0.000000,2,-127.17,-127.17,0,0,
09/21/2026,11:11:47:325,0.000000,0.000000,1,-125.92,-125.92,0,0,
09/21/2026,11:11:47:385,0.000000,0.000000,3,-123.51,-123.51,0,0,
09/21/2026,11:11:47:459,0.000000,0.000000,4,-89.75,-89.75,0,0,
09/21/2026,11:11:47:475,0.000000,0.000000,2,-127.62,-127.62,0,0,
09/21/2026,11:11:47:512,0.000000,0.000000,1,-122.66,-122.66,0,0,
09/21/2026,11:11:47:590,0.000000,0.000000,3,-126.8,-126.8,0,0,
09/21/2026,11:11:47:630,0.000000,0.000000,4,-86.58,-86.58,0,0,
09/21/2026,11:11:47:691,0.000000,0.000000,2,-124.63,-124.63,0,0,
09/21/2026,11:11:47:735,0.000000,0.000000,1,-123.15,-123.15,0,0,
09/21/2026,11:11:47:824,0.000000,0.000000,3,-124.94,-124.94,0,0,
09/21/2026,11:11:47:912,0.000000,0.000000,4,-89.6,-89.6,0,0,
09/21/2026,11:11:47:961,0.000000,0.000000,2,-120.4,-120.4,0,0,
09/21/2026,11:11:48:015,0.000000,0.000000,1,-125.22,-125.22,0,0,
09/21/2026,11:11:48:103,0.000000,0.000000,3,-123.86,-123.86,0,0,
09/21/2026,11:11:48:188,0.000000,0.000000,4,-94.47,-94.47,0,0,
09/21/2026,11:11:48:244,0.000000,0.000000,2,-125.61,-125.61,0,0,
09/21/2026,11:11:48:293,0.000000,0.000000,1,-123.35,-123.35,0,0,
09/21/2026,11:11:48:383,0.000000,0.000000,3,-125.78,-125.78,0,0,
09/21/2026,11:11:48:474,0.000000,0.000000,4,-85.7,-85.7,0,0,
09/21/2026,11:11:48:532,0.000000,0.000000,2,-124.04,-124.04,0,0,
09/21/2026,11:11:48:572,0.000000,0.000000,1,-114.36,-114.36,0,0,
09/21/2026,11:11:48:659,0.000000,0.000000,3,-124.84,-124.84,0,0,
09/21/2026,11:11:48:752,0.000000,0.000000,4,-91.82,-91.82,0,0,
09/21/2026,11:11:48:802,0.000000,0.000000,2,-126.72,-126.72,0,0,
09/21/2026,11:11:48:857,0.000000,0.000000,1,-126.83,-126.83,0,0,
09/21/2026,11:11:49:027,0.000000,0.000000,3,-125.35,-125.35,0,0,
09/21/2026,11:11:49:155,0.000000,0.000000,4,-90.33,-90.33,0,0,
09/21/2026,11:11:49:286,0.000000,0.000000,2,-125.7,-125.7,0,0,
09/21/2026,11:11:49:312,0.000000,0.000000,1,-125.18,-125.18,0,0,
09/21/2026,11:11:49:365,0.000000,0.000000,3,-127.03,-127.03,0,0,
09/21/2026,11:11:49:413,0.000000,0.000000,4,-92.07,-92.07,0,0,
09/21/2026,11:11:49:455,0.000000,0.000000,2,-123.88,-123.88,0,0,
09/21/2026,11:11:49:504,0.000000,0.000000,1,-126.29,-126.29,0,0,
09/21/2026,11:11:49:557,0.000000,0.000000,3,-124.55,-124.55,0,0,
09/21/2026,11:11:49:618,0.000000,0.000000,4,-95.61,-95.61,0,0,
09/21/2026,11:11:49:646,0.000000,0.000000,2,-124.82,-124.82,0,0,
09/21/2026,11:11:49:690,0.000000,0.000000,1,-126.24,-126.24,0,0,
09/21/2026,11:11:49:776,0.000000,0.000000,3,-125.74,-125.74,0,0,
09/21/2026,11:11:49:862,0.000000,0.000000,4,-93.78,-93.78,0,0,
09/21/2026,11:11:49:923,0.000000,0.000000,2,-123.52,-123.52,0,0,
09/21/2026,11:11:49:966,0.000000,0.000000,1,-125.04,-125.04,0,0,
09/21/2026,11:11:50:055,0.000000,0.000000,3,-124.01,-124.01,0,0,
09/21/2026,11:11:50:140,0.000000,0.000000,4,-89.29,-89.29,0,0,
09/21/2026,11:11:50:209,0.000000,0.000000,2,-122.87,-122.87,0,0,
09/21/2026,11:11:50:244,0.000000,0.000000,1,-126.93,-126.93,0,0,
09/21/2026,11:11:50:337,0.000000,0.000000,3,-124.15,-124.15,0,0,
09/21/2026,11:11:50:420,0.000000,0.000000,4,-88.07,-88.07,0,0,
09/21/2026,11:11:50:508,0.000000,0.000000,2,-117.09,-117.09,0,0,
09/21/2026,11:11:50:523,0.000000,0.000000,1,-114.74,-114.74,0,0,
09/21/2026,11:11:50:646,0.000000,0.000000,3,-116.19,-116.19,0,0,
09/21/2026,11:11:50:754,0.000000,0.000000,4,-88.29,-88.29,0,0,
09/21/2026,11:11:50:826,0.000000,0.000000,2,-125.42,-125.42,0,0,
09/21/2026,11:11:50:937,0.000000,0.000000,1,-126.2,-126.2,0,0,
09/21/2026,11:11:51:025,0.000000,0.000000,3,-125.88,-125.88,0,0,
09/21/2026,11:11:51:055,0.000000,0.000000,4,-90.53,-90.53,0,0,
09/21/2026,11:11:51:089,0.000000,0.000000,2,-125.88,-125.88,0,0,
09/21/2026,11:11:51:127,0.000000,0.000000,1,-123.95,-123.95,0,0,
09/21/2026,11:11:51:170,0.000000,0.000000,3,-124.7,-124.7,0,0,
09/21/2026,11:11:51:257,0.000000,0.000000,4,-82.14,-82.14,0,0,
09/21/2026,11:11:51:305,0.000000,0.000000,2,-126.7,-126.7,0,0,
09/21/2026,11:11:51:362,0.000000,0.000000,1,-125.79,-125.79,0,0,
09/21/2026,11:11:51:449,0.000000,0.000000,3,-115.96,-115.96,0,0,
09/21/2026,11:11:51:569,0.000000,0.000000,4,-86.53,-86.53,0,0,
09/21/2026,11:11:51:591,0.000000,0.000000,2,-124.94,-124.94,0,0,
09/21/2026,11:11:51:649,0.000000,0.000000,1,-125.12,-125.12,0,0,
09/21/2026,11:11:51:726,0.000000,0.000000,3,-123.11,-123.11,0,0,
09/21/2026,11:11:51:813,0.000000,0.000000,4,-85.21,-85.21,0,0,
09/21/2026,11:11:51:863,0.000000,0.000000,2,-125.57,-125.57,0,0,
09/21/2026,11:11:51:920,0.000000,0.000000,1,-121.71,-121.71,0,0,
09/21/2026,11:11:52:004,0.000000,0.000000,3,-123.59,-123.59,0,0,
09/21/2026,11:11:52:102,0.000000,0.000000,4,-80.98,-80.98,0,0,
09/21/2026,11:11:52:146,0.000000,0.000000,2,-125.21,-125.21,0,0,
09/21/2026,11:11:52:196,0.000000,0.000000,1,-125.48,-125.48,0,0,
09/21/2026,11:11:52:289,0.000000,0.000000,3,-127.32,-127.32,0,0,
09/21/2026,11:11:52:371,0.000000,0.000000,4,-77.44,-77.44,0,0,
09/21/2026,11:11:52:450,0.000000,0.000000,2,-126.98,-126.98,0,0,
09/21/2026,11:11:52:569,0.000000,0.000000,1,-124.59,-124.59,0,0,
09/21/2026,11:11:52:637,0.000000,0.000000,3,-124.91,-124.91,0,0,
09/21/2026,11:11:52:732,0.000000,0.000000,4,-84.93,-84.93,0,0,
09/21/2026,11:11:52:746,0.000000,0.000000,2,-124.13,-124.13,0,0,
09/21/2026,11:11:53:185,0.000000,0.000000,1,-126.52,-126.52,0,0,
09/21/2026,11:11:54:049,0.000000,0.000000,3,-117.41,-117.41,0,0,
09/21/2026,11:11:54:114,0.000000,0.000000,4,-83.48,-83.48,0,0,
09/21/2026,11:11:54:135,0.000000,0.000000,2,-125.43,-125.43,0,0,
09/21/2026,11:11:54:148,0.000000,0.000000,1,-125.98,-125.98,0,0,
09/21/2026,11:11:54:196,0.000000,0.000000,3,-123.43,-123.43,0,0,
09/21/2026,11:11:54:230,0.000000,0.000000,4,-81.55,-81.55,0,0,
09/21/2026,11:11:54:263,0.000000,0.000000,2,-124.04,-124.04,0,0,
09/21/2026,11:11:54:297,0.000000,0.000000,1,-125.54,-125.54,0,0,
09/21/2026,11:11:54:342,0.000000,0.000000,3,-125.36,-125.36,0,0,
09/21/2026,11:11:54:381,0.000000,0.000000,4,-84.54,-84.54,0,0,
09/21/2026,11:11:54:414,0.000000,0.000000,2,-122.86,-122.86,0,0,
09/21/2026,11:11:54:433,0.000000,0.000000,1,-126.17,-126.17,0,0,
09/21/2026,11:11:54:503,0.000000,0.000000,3,-124.72,-124.72,0,0,
09/21/2026,11:11:54:577,0.000000,0.000000,4,-87.35,-87.35,0,0,
09/21/2026,11:11:54:621,0.000000,0.000000,2,-125.71,-125.71,0,0,
09/21/2026,11:11:54:677,0.000000,0.000000,1,-126.45,-126.45,0,0,
09/21/2026,11:11:54:777,0.000000,0.000000,3,-125.93,-125.93,0,0,
09/21/2026,11:11:54:836,0.000000,0.000000,4,-83.99,-83.99,0,0,
09/21/2026,11:11:54:869,0.000000,0.000000,2,-125.14,-125.14,0,0,
09/21/2026,11:11:54:893,0.000000,0.000000,1,-126.53,-126.53,0,0,
09/21/2026,11:11:54:956,0.000000,0.000000,3,-123.24,-123.24,0,0,
09/21/2026,11:11:55:003,0.000000,0.000000,4,-91.15,-91.15,0,0,
09/21/2026,11:11:55:029,0.000000,0.000000,2,-124.36,-124.36,0,0,
09/21/2026,11:11:55:042,0.000000,0.000000,1,-126.11,-126.11,0,0,
09/21/2026,11:11:55:088,0.000000,0.000000,3,-125.7,-125.7,0,0,
09/21/2026,11:11:55:158,0.000000,0.000000,4,-93.98,-93.98,0,0,
09/21/2026,11:11:55:186,0.000000,0.000000,2,-125.17,-125.17,0,0,
09/21/2026,11:11:55:221,0.000000,0.000000,1,-123.06,-123.06,0,0,
09/21/2026,11:11:55:247,0.000000,0.000000,3,-125.74,-125.74,0,0,
09/21/2026,11:11:55:280,0.000000,0.000000,4,-81.71,-81.71,0,0,
09/21/2026,11:11:55:299,0.000000,0.000000,2,-124.94,-124.94,0,0,
09/21/2026,11:11:55:319,0.000000,0.000000,1,-125.96,-125.96,0,0,
09/21/2026,11:11:55:356,0.000000,0.000000,3,-124.09,-124.09,0,0,
09/21/2026,11:11:55:405,0.000000,0.000000,4,-82.26,-82.26,0,0,
09/21/2026,11:11:55:420,0.000000,0.000000,2,-123.81,-123.81,0,0,
09/21/2026,11:11:55:464,0.000000,0.000000,1,-124.06,-124.06,0,0,
09/21/2026,11:11:55:532,0.000000,0.000000,3,-126.37,-126.37,0,0,
09/21/2026,11:11:55:574,0.000000,0.000000,4,-89.98,-89.98,0,0,
09/21/2026,11:11:55:605,0.000000,0.000000,2,-125.34,-125.34,0,0,
09/21/2026,11:11:55:619,0.000000,0.000000,1,-125.78,-125.78,0,0,
09/21/2026,11:11:55:673,0.000000,0.000000,3,-125.71,-125.71,0,0,
09/21/2026,11:11:55:719,0.000000,0.000000,4,-89.61,-89.61,0,0,
09/21/2026,11:11:55:768,0.000000,0.000000,2,-124.88,-124.88,0,0,
09/21/2026,11:11:55:826,0.000000,0.000000,1,-127.04,-127.04,0,0,
09/21/2026,11:11:55:911,0.000000,0.000000,3,-123.26,-123.26,0,0,
09/21/2026,11:11:56:000,0.000000,0.000000,4,-100.46,-100.46,0,0,
09/21/2026,11:11:56:102,0.000000,0.000000,2,-124.69,-124.69,0,0,
09/21/2026,11:11:56:163,0.000000,0.000000,1,-124.78,-124.78,0,0,
09/21/2026,11:11:56:265,0.000000,0.000000,3,-125.25,-125.25,0,0,
09/21/2026,11:11:56:331,0.000000,0.000000,4,-90.9,-90.9,0,0,
09/21/2026,11:11:56:416,0.000000,0.000000,2,-125.16,-125.16,0,0,
09/21/2026,11:11:56:454,0.000000,0.000000,1,-126.35,-126.35,0,0,
09/21/2026,11:11:56:527,0.000000,0.000000,3,-125.09,-125.09,0,0,
09/21/2026,11:11:56:597,0.000000,0.000000,4,-82.97,-82.97,0,0,
09/21/2026,11:11:56:617,0.000000,0.000000,2,-124.14,-124.14,0,0,
09/21/2026,11:11:56:675,0.000000,0.000000,1,-125.77,-125.77,0,0,
09/21/2026,11:11:56:746,0.000000,0.000000,3,-125.74,-125.74,0,0,
09/21/2026,11:11:56:833,0.000000,0.000000,4,-85.8,-85.8,0,0,
09/21/2026,11:11:56:882,0.000000,0.000000,2,-126.97,-126.97,0,0,
09/21/2026,11:11:56:937,0.000000,0.000000,1,-125.66,-125.66,0,0,
09/21/2026,11:11:57:027,0.000000,0.000000,3,-118.25,-118.25,0,0,
09/21/2026,11:11:57:132,0.000000,0.000000,4,-82.28,-82.28,0,0,
09/21/2026,11:11:57:161,0.000000,0.000000,2,-124.95,-124.95,0,0,
09/21/2026,11:11:57:230,0.000000,0.000000,1,-125.33,-125.33,0,0,
09/21/2026,11:11:57:304,0.000000,0.000000,3,-125.68,-125.68,0,0,
09/21/2026,11:11:57:395,0.000000,0.000000,4,-75.98,-75.98,0,0,
09/21/2026,11:11:57:443,0.000000,0.000000,2,-125.45,-125.45,0,0,
09/21/2026,11:11:57:497,0.000000,0.000000,1,-124.69,-124.69,0,0,
09/21/2026,11:11:57:592,0.000000,0.000000,3,-124.34,-124.34,0,0,
09/21/2026,11:11:57:685,0.000000,0.000000,4,-77,-77,0,0,
09/21/2026,11:11:57:725,0.000000,0.000000,2,-126.91,-126.91,0,0,
09/21/2026,11:11:57:787,0.000000,0.000000,1,-122.62,-122.62,0,0,
09/21/2026,11:11:57:870,0.000000,0.000000,3,-123.83,-123.83,0,0,
09/21/2026,11:11:57:966,0.000000,0.000000,4,-78.96,-78.96,0,0,
09/21/2026,11:11:58:001,0.000000,0.000000,2,-125.13,-125.13,0,0,
09/21/2026,11:11:58:054,0.000000,0.000000,1,-124.71,-124.71,0,0,
09/21/2026,11:11:58:187,0.000000,0.000000,3,-125.92,-125.92,0,0,
09/21/2026,11:11:58:247,0.000000,0.000000,4,-81.79,-81.79,0,0,
09/21/2026,11:11:58:299,0.000000,0.000000,2,-126.07,-126.07,0,0,
09/21/2026,11:11:58:345,0.000000,0.000000,1,-124.14,-124.14,0,0,
09/21/2026,11:11:58:484,0.000000,0.000000,3,-124.62,-124.62,0,0,
09/21/2026,11:11:58:587,0.000000,0.000000,4,-86.89,-86.89,0,0,
09/21/2026,11:11:58:622,0.000000,0.000000,2,-122.37,-122.37,0,0,
09/21/2026,11:11:58:643,0.000000,0.000000,1,-127.34,-127.34,0,0,
09/21/2026,11:11:58:699,0.000000,0.000000,3,-125.27,-125.27,0,0,
09/21/2026,11:11:58:792,0.000000,0.000000,4,-85.53,-85.53,0,0,
09/21/2026,11:11:58:837,0.000000,0.000000,2,-125.95,-125.95,0,0,
09/21/2026,11:11:58:890,0.000000,0.000000,1,-125.46,-125.46,0,0,
09/21/2026,11:11:58:989,0.000000,0.000000,3,-124.7,-124.7,0,0,
09/21/2026,11:11:59:483,0.000000,0.000000,4,-86.62,-86.62,0,0,
09/21/2026,11:11:59:548,0.000000,0.000000,2,-125.73,-125.73,0,0,
09/21/2026,11:11:59:590,0.000000,0.000000,1,-125.58,-125.58,0,0,
09/21/2026,11:11:59:631,0.000000,0.000000,3,-124.77,-124.77,0,0,
09/21/2026,11:11:59:684,0.000000,0.000000,4,-86.17,-86.17,0,0,
09/21/2026,11:11:59:702,0.000000,0.000000,2,-126.62,-126.62,0,0,
09/21/2026,11:11:59:731,0.000000,0.000000,1,-124.59,-124.59,0,0,
09/21/2026,11:11:59:792,0.000000,0.000000,3,-125.49,-125.49,0,0,
09/21/2026,11:11:59:842,0.000000,0.000000,4,-83.33,-83.33,0,0,
09/21/2026,11:11:59:878,0.000000,0.000000,2,-125.99,-125.99,0,0,
09/21/2026,11:11:59:946,0.000000,0.000000,1,-124.17,-124.17,0,0,
09/21/2026,11:12:00:106,0.000000,0.000000,3,-124.73,-124.73,0,0,
09/21/2026,11:12:00:200,0.000000,0.000000,4,-85.05,-85.05,0,0,
09/21/2026,11:12:00:257,0.000000,0.000000,2,-125.78,-125.78,0,0,
09/21/2026,11:12:00:324,0.000000,0.000000,1,-125.35,-125.35,0,0,
09/21/2026,11:12:00:396,0.000000,0.000000,3,-125.39,-125.39,0,0,
09/21/2026,11:12:00:449,0.000000,0.000000,4,-86.26,-86.26,0,0,
09/21/2026,11:12:00:486,0.000000,0.000000,2,-126.97,-126.97,0,0,
09/21/2026,11:12:00:528,0.000000,0.000000,1,-124.01,-124.01,0,0,
09/21/2026,11:12:00:581,0.000000,0.000000,3,-125.81,-125.81,0,0,
09/21/2026,11:12:00:641,0.000000,0.000000,4,-91.75,-91.75,0,0,
09/21/2026,11:12:00:682,0.000000,0.000000,2,-124.86,-124.86,0,0,
09/21/2026,11:12:00:734,0.000000,0.000000,1,-123.9,-123.9,0,0,
09/21/2026,11:12:00:790,0.000000,0.000000,3,-123.14,-123.14,0,0,
09/21/2026,11:12:00:846,0.000000,0.000000,4,-85.27,-85.27,0,0,
09/21/2026,11:12:00:860,0.000000,0.000000,2,-124.61,-124.61,0,0,
09/21/2026,11:12:00:896,0.000000,0.000000,1,-125.11,-125.11,0,0,
09/21/2026,11:12:00:947,0.000000,0.000000,3,-125.22,-125.22,0,0,
09/21/2026,11:12:01:015,0.000000,0.000000,4,-82.28,-82.28,0,0,
09/21/2026,11:12:01:068,0.000000,0.000000,2,-125.25,-125.25,0,0,
09/21/2026,11:12:01:127,0.000000,0.000000,1,-124.45,-124.45,0,0,
09/21/2026,11:12:01:210,0.000000,0.000000,3,-123.12,-123.12,0,0,
09/21/2026,11:12:01:296,0.000000,0.000000,4,-88.14,-88.14,0,0,
09/21/2026,11:12:01:351,0.000000,0.000000,2,-124.59,-124.59,0,0,
09/21/2026,11:12:01:399,0.000000,0.000000,1,-126.18,-126.18,0,0,
09/21/2026,11:12:01:490,0.000000,0.000000,3,-127.12,-127.12,0,0,
09/21/2026,11:12:01:595,0.000000,0.000000,4,-83.75,-83.75,0,0,
09/21/2026,11:12:01:630,0.000000,0.000000,2,-123.1,-123.1,0,0,
09/21/2026,11:12:01:677,0.000000,0.000000,1,-125.73,-125.73,0,0,
09/21/2026,11:12:01:766,0.000000,0.000000,3,-124.32,-124.32,0,0,
09/21/2026,11:12:01:854,0.000000,0.000000,4,-81.22,-81.22,0,0,
09/21/2026,11:12:01:915,0.000000,0.000000,2,-124.68,-124.68,0,0,
09/21/2026,11:12:01:958,0.000000,0.000000,1,-127.32,-127.32,0,0,
09/21/2026,11:12:02:150,0.000000,0.000000,3,-122.41,-122.41,0,0,
09/21/2026,11:12:02:235,0.000000,0.000000,4,-87.58,-87.58,0,0,
09/21/2026,11:12:02:354,0.000000,0.000000,2,-125.26,-125.26,0,0,
09/21/2026,11:12:02:390,0.000000,0.000000,1,-123.84,-123.84,0,0,
09/21/2026,11:12:02:453,0.000000,0.000000,3,-125.54,-125.54,0,0,
09/21/2026,11:12:02:512,0.000000,0.000000,4,-86.65,-86.65,0,0,
09/21/2026,11:12:02:557,0.000000,0.000000,2,-125.88,-125.88,0,0,
09/21/2026,11:12:02:630,0.000000,0.000000,1,-124.88,-124.88,0,0,
09/21/2026,11:12:02:675,0.000000,0.000000,3,-125.11,-125.11,0,0,
09/21/2026,11:12:02:734,0.000000,0.000000,4,-83.05,-83.05,0,0,
09/21/2026,11:12:02:782,0.000000,0.000000,2,-116.86,-116.86,0,0,
09/21/2026,11:12:02:821,0.000000,0.000000,1,-124.64,-124.64,0,0,
09/21/2026,11:12:02:894,0.000000,0.000000,3,-125.64,-125.64,0,0,
09/21/2026,11:12:02:998,0.000000,0.000000,4,-91.64,-91.64,0,0,
09/21/2026,11:12:03:041,0.000000,0.000000,2,-126.72,-126.72,0,0,
09/21/2026,11:12:03:071,0.000000,0.000000,1,-125.45,-125.45,0,0,
09/21/2026,11:12:03:163,0.000000,0.000000,3,-123.95,-123.95,0,0,
09/21/2026,11:12:03:258,0.000000,0.000000,4,-92.2,-92.2,0,0,
09/21/2026,11:12:03:297,0.000000,0.000000,2,-125.12,-125.12,0,0,
09/21/2026,11:12:03:362,0.000000,0.000000,1,-123.76,-123.76,0,0,
09/21/2026,11:12:03:440,0.000000,0.000000,3,-126.03,-126.03,0,0,
09/21/2026,11:12:03:538,0.000000,0.000000,4,-91.3,-91.3,0,0,
09/21/2026,11:12:03:584,0.000000,0.000000,2,-124.87,-124.87,0,0,
09/21/2026,11:12:03:634,0.000000,0.000000,1,-126.23,-126.23,0,0,
09/21/2026,11:12:03:751,0.000000,0.000000,3,-124.48,-124.48,0,0,
09/21/2026,11:12:03:809,0.000000,0.000000,4,-91.78,-91.78,0,0,
09/21/2026,11:12:03:902,0.000000,0.000000,2,-125.56,-125.56,0,0,
09/21/2026,11:12:03:912,0.000000,0.000000,1,-124.28,-124.28,0,0,
09/21/2026,11:12:04:029,0.000000,0.000000,3,-125.62,-125.62,0,0,
09/21/2026,11:12:04:100,0.000000,0.000000,4,-99.6,-99.6,0,0,
09/21/2026,11:12:04:136,0.000000,0.000000,2,-122.92,-122.92,0,0,
09/21/2026,11:12:04:187,0.000000,0.000000,1,-122.66,-122.66,0,0,
09/21/2026,11:12:04:274,0.000000,0.000000,3,-123.72,-123.72,0,0,
09/21/2026,11:12:04:362,0.000000,0.000000,4,-96.46,-96.46,0,0,
09/21/2026,11:12:04:416,0.000000,0.000000,2,-127.03,-127.03,0,0,
09/21/2026,11:12:04:467,0.000000,0.000000,1,-124.21,-124.21,0,0,
09/21/2026,11:12:04:944,0.000000,0.000000,3,-125.61,-125.61,0,0,
09/21/2026,11:12:04:977,0.000000,0.000000,4,-93.92,-93.92,0,0,
09/21/2026,11:12:04:992,0.000000,0.000000,2,-124.89,-124.89,0,0,
09/21/2026,11:12:05:004,0.000000,0.000000,1,-124.86,-124.86,0,0,
09/21/2026,11:12:05:025,0.000000,0.000000,3,-124.03,-124.03,0,0,
09/21/2026,11:12:05:069,0.000000,0.000000,4,-97.52,-97.52,0,0,
09/21/2026,11:12:05:083,0.000000,0.000000,2,-125.2,-125.2,0,0,
09/21/2026,11:12:05:094,0.000000,0.000000,1,-122.13,-122.13,0,0,
09/21/2026,11:12:05:111,0.000000,0.000000,3,-123.48,-123.48,0,0,
09/21/2026,11:12:05:208,0.000000,0.000000,4,-96.17,-96.17,0,0,
09/21/2026,11:12:05:250,0.000000,0.000000,2,-125.29,-125.29,0,0,
09/21/2026,11:12:05:312,0.000000,0.000000,1,-126.21,-126.21,0,0,
09/21/2026,11:12:05:429,0.000000,0.000000,3,-123.64,-123.64,0,0,
09/21/2026,11:12:05:520,0.000000,0.000000,4,-90.05,-90.05,0,0,
09/21/2026,11:12:05:560,0.000000,0.000000,2,-123.98,-123.98,0,0,
09/21/2026,11:12:05:635,0.000000,0.000000,1,-124.02,-124.02,0,0,
09/21/2026,11:12:05:712,0.000000,0.000000,3,-126.73,-126.73,0,0,
09/21/2026,11:12:05:770,0.000000,0.000000,4,-90.88,-90.88,0,0,
09/21/2026,11:12:05:813,0.000000,0.000000,2,-126.12,-126.12,0,0,
09/21/2026,11:12:05:859,0.000000,0.000000,1,-122.68,-122.68,0,0,
09/21/2026,11:12:05:948,0.000000,0.000000,3,-125.7,-125.7,0,0,
09/21/2026,11:12:06:040,0.000000,0.000000,4,-96.2,-96.2,0,0,
09/21/2026,11:12:06:087,0.000000,0.000000,2,-123.75,-123.75,0,0,
09/21/2026,11:12:06:140,0.000000,0.000000,1,-123.92,-123.92,0,0,
09/21/2026,11:12:06:227,0.000000,0.000000,3,-126.61,-126.61,0,0,
09/21/2026,11:12:06:315,0.000000,0.000000,4,-102.13,-102.13,0,0,
09/21/2026,11:12:06:366,0.000000,0.000000,2,-123.1,-123.1,0,0,
09/21/2026,11:12:06:420,0.000000,0.000000,1,-125.13,-125.13,0,0,
09/21/2026,11:12:06:531,0.000000,0.000000,3,-125.25,-125.25,0,0,
09/21/2026,11:12:06:593,0.000000,0.000000,4,-88.95,-88.95,0,0,
09/21/2026,11:12:06:684,0.000000,0.000000,2,-124.86,-124.86,0,0,
09/21/2026,11:12:06:701,0.000000,0.000000,1,-122.39,-122.39,0,0,
09/21/2026,11:12:06:786,0.000000,0.000000,3,-124.92,-124.92,0,0,
09/21/2026,11:12:06:872,0.000000,0.000000,4,-99.74,-99.74,0,0,
09/21/2026,11:12:06:931,0.000000,0.000000,2,-126.15,-126.15,0,0,
09/21/2026,11:12:06:983,0.000000,0.000000,1,-125.3,-125.3,0,0,
09/21/2026,11:12:07:068,0.000000,0.000000,3,-126.42,-126.42,0,0,
09/21/2026,11:12:07:155,0.000000,0.000000,4,-90.48,-90.48,0,0,
09/21/2026,11:12:07:206,0.000000,0.000000,2,-126.73,-126.73,0,0,
09/21/2026,11:12:07:256,0.000000,0.000000,1,-124.29,-124.29,0,0,
09/21/2026,11:12:07:356,0.000000,0.000000,3,-126.39,-126.39,0,0,
09/21/2026,11:12:07:442,0.000000,0.000000,4,-89.66,-89.66,0,0,
09/21/2026,11:12:07:498,0.000000,0.000000,2,-126.8,-126.8,0,0,
09/21/2026,11:12:07:566,0.000000,0.000000,1,-123.25,-123.25,0,0,
09/21/2026,11:12:07:642,0.000000,0.000000,3,-127.87,-127.87,0,0,
09/21/2026,11:12:07:711,0.000000,0.000000,4,-92.73,-92.73,0,0,
09/21/2026,11:12:07:760,0.000000,0.000000,2,-124.21,-124.21,0,0,
09/21/2026,11:12:07:813,0.000000,0.000000,1,-125.04,-125.04,0,0,
09/21/2026,11:12:07:902,0.000000,0.000000,3,-125.47,-125.47,0,0,
09/21/2026,11:12:07:991,0.000000,0.000000,4,-97.6,-97.6,0,0,
09/21/2026,11:12:08:038,0.000000,0.000000,2,-125.82,-125.82,0,0,
09/21/2026,11:12:08:094,0.000000,0.000000,1,-125.77,-125.77,0,0,
09/21/2026,11:12:08:203,0.000000,0.000000,3,-125.18,-125.18,0,0,
09/21/2026,11:12:08:267,0.000000,0.000000,4,-90.21,-90.21,0,0,
09/21/2026,11:12:08:321,0.000000,0.000000,2,-126.02,-126.02,0,0,
09/21/2026,11:12:08:375,0.000000,0.000000,1,-126.14,-126.14,0,0,
09/21/2026,11:12:08:459,0.000000,0.000000,3,-125.1,-125.1,0,0,
09/21/2026,11:12:08:545,0.000000,0.000000,4,-96.89,-96.89,0,0,
09/21/2026,11:12:08:597,0.000000,0.000000,2,-126.51,-126.51,0,0,
09/21/2026,11:12:08:655,0.000000,0.000000,1,-123.57,-123.57,0,0,
09/21/2026,11:12:08:742,0.000000,0.000000,3,-124.21,-124.21,0,0,
09/21/2026,11:12:08:824,0.000000,0.000000,4,-90.83,-90.83,0,0,
09/21/2026,11:12:08:877,0.000000,0.000000,2,-124.18,-124.18,0,0,
09/21/2026,11:12:08:928,0.000000,0.000000,1,-126.91,-126.91,0,0,
09/21/2026,11:12:09:020,0.000000,0.000000,3,-128.42,-128.42,0,0,
09/21/2026,11:12:09:105,0.000000,0.000000,4,-98.73,-98.73,0,0,
09/21/2026,11:12:09:153,0.000000,0.000000,2,-123.29,-123.29,0,0,
09/21/2026,11:12:09:239,0.000000,0.000000,1,-124.07,-124.07,0,0,
09/21/2026,11:12:09:309,0.000000,0.000000,3,-125.7,-125.7,0,0,
09/21/2026,11:12:09:383,0.000000,0.000000,4,-90.72,-90.72,0,0,
09/21/2026,11:12:09:448,0.000000,0.000000,2,-125.9,-125.9,0,0,
09/21/2026,11:12:09:514,0.000000,0.000000,1,-125.44,-125.44,0,0,
09/21/2026,11:12:09:575,0.000000,0.000000,3,-126.24,-126.24,0,0,
09/21/2026,11:12:09:680,0.000000,0.000000,4,-101.37,-101.37,0,0,
09/21/2026,11:12:09:716,0.000000,0.000000,2,-125.98,-125.98,0,0,
09/21/2026,11:12:09:769,0.000000,0.000000,1,-124.59,-124.59,0,0,
09/21/2026,11:12:09:853,0.000000,0.000000,3,-124.83,-124.83,0,0,
09/21/2026,11:12:09:942,0.000000,0.000000,4,-99.9,-99.9,0,0,
09/21/2026,11:12:09:990,0.000000,0.000000,2,-126.4,-126.4,0,0,
09/21/2026,11:12:10:045,0.000000,0.000000,1,-123.68,-123.68,0,0,
09/21/2026,11:12:10:135,0.000000,0.000000,3,-122.66,-122.66,0,0,
09/21/2026,11:12:10:226,0.000000,0.000000,4,-92.35,-92.35,0,0,
09/21/2026,11:12:10:272,0.000000,0.000000,2,-125.44,-125.44,0,0,
09/21/2026,11:12:10:329,0.000000,0.000000,1,-124.69,-124.69,0,0,
09/21/2026,11:12:10:411,0.000000,0.000000,3,-124.96,-124.96,0,0,
09/21/2026,11:12:10:519,0.000000,0.000000,4,-99.22,-99.22,0,0,
09/21/2026,11:12:10:553,0.000000,0.000000,2,-126.09,-126.09,0,0,
09/21/2026,11:12:10:600,0.000000,0.000000,1,-124.16,-124.16,0,0,
09/21/2026,11:12:10:695,0.000000,0.000000,3,-125.75,-125.75,0,0,
09/21/2026,11:12:10:783,0.000000,0.000000,4,-97.34,-97.34,0,0,
09/21/2026,11:12:10:828,0.000000,0.000000,2,-125.03,-125.03,0,0,
09/21/2026,11:12:10:881,0.000000,0.000000,1,-124.82,-124.82,0,0,
09/21/2026,11:12:10:968,0.000000,0.000000,3,-123.43,-123.43,0,0,
09/21/2026,11:12:11:055,0.000000,0.000000,4,-102.07,-102.07,0,0,
09/21/2026,11:12:11:106,0.000000,0.000000,2,-129.42,-129.42,0,0,
09/21/2026,11:12:11:178,0.000000,0.000000,1,-125.34,-125.34,0,0,
09/21/2026,11:12:11:265,0.000000,0.000000,3,-124.87,-124.87,0,0,
09/21/2026,11:12:11:350,0.000000,0.000000,4,-95.22,-95.22,0,0,
09/21/2026,11:12:11:390,0.000000,0.000000,2,-125.51,-125.51,0,0,
09/21/2026,11:12:11:463,0.000000,0.000000,1,-124.42,-124.42,0,0,
09/21/2026,11:12:11:529,0.000000,0.000000,3,-128.01,-128.01,0,0,
09/21/2026,11:12:11:617,0.000000,0.000000,4,-96.22,-96.22,0,0,
09/21/2026,11:12:11:664,0.000000,0.000000,2,-124.16,-124.16,0,0,
09/21/2026,11:12:11:718,0.000000,0.000000,1,-125.82,-125.82,0,0,
09/21/2026,11:12:11:806,0.000000,0.000000,3,-125.22,-125.22,0,0,
09/21/2026,11:12:11:894,0.000000,0.000000,4,-100.79,-100.79,0,0,
09/21/2026,11:12:11:946,0.000000,0.000000,2,-126.58,-126.58,0,0,
09/21/2026,11:12:12:001,0.000000,0.000000,1,-124.17,-124.17,0,0,
09/21/2026,11:12:12:094,0.000000,0.000000,3,-126.31,-126.31,0,0,
09/21/2026,11:12:12:171,0.000000,0.000000,4,-107.33,-107.33,0,0,
09/21/2026,11:12:12:231,0.000000,0.000000,2,-125.69,-125.69,0,0,
09/21/2026,11:12:12:276,0.000000,0.000000,1,-125.21,-125.21,0,0,
09/21/2026,11:12:12:373,0.000000,0.000000,3,-126.02,-126.02,0,0,
09/21/2026,11:12:12:453,0.000000,0.000000,4,-95.8,-95.8,0,0,
09/21/2026,11:12:12:507,0.000000,0.000000,2,-125.44,-125.44,0,0,
09/21/2026,11:12:12:553,0.000000,0.000000,1,-127.33,-127.33,0,0,
09/21/2026,11:12:12:642,0.000000,0.000000,3,-125.5,-125.5,0,0,
09/21/2026,11:12:12:729,0.000000,0.000000,4,-95.72,-95.72,0,0,
09/21/2026,11:12:12:813,0.000000,0.000000,2,-127.57,-127.57,0,0,
09/21/2026,11:12:12:886,0.000000,0.000000,1,-126.12,-126.12,0,0,
09/21/2026,11:12:12:963,0.000000,0.000000,3,-123.12,-123.12,0,0,
09/21/2026,11:12:13:027,0.000000,0.000000,4,-95.34,-95.34,0,0,
09/21/2026,11:12:13:068,0.000000,0.000000,2,-126.11,-126.11,0,0,
09/21/2026,11:12:13:146,0.000000,0.000000,1,-127.74,-127.74,0,0,
09/21/2026,11:12:13:209,0.000000,0.000000,3,-123.85,-123.85,0,0,
09/21/2026,11:12:13:287,0.000000,0.000000,4,-92.41,-92.41,0,0,
09/21/2026,11:12:13:341,0.000000,0.000000,2,-123.92,-123.92,0,0,
09/21/2026,11:12:13:391,0.000000,0.000000,1,-125.22,-125.22,0,0,
09/21/2026,11:12:13:484,0.000000,0.000000,3,-123.9,-123.9,0,0,
09/21/2026,11:12:13:568,0.000000,0.000000,4,-91.29,-91.29,0,0,
09/21/2026,11:12:13:620,0.000000,0.000000,2,-127.51,-127.51,0,0,
09/21/2026,11:12:13:669,0.000000,0.000000,1,-125.45,-125.45,0,0,
09/21/2026,11:12:13:757,0.000000,0.000000,3,-124.96,-124.96,0,0,
09/21/2026,11:12:13:845,0.000000,0.000000,4,-92.3,-92.3,0,0,
09/21/2026,11:12:13:895,0.000000,0.000000,2,-126.23,-126.23,0,0,
09/21/2026,11:12:13:949,0.000000,0.000000,1,-124.85,-124.85,0,0,
09/21/2026,11:12:14:048,0.000000,0.000000,3,-127.9,-127.9,0,0,
09/21/2026,11:12:14:137,0.000000,0.000000,4,-95.85,-95.85,0,0,
09/21/2026,11:12:14:191,0.000000,0.000000,2,-124.93,-124.93,0,0,
09/21/2026,11:12:14:253,0.000000,0.000000,1,-125.03,-125.03,0,0,
09/21/2026,11:12:14:330,0.000000,0.000000,3,-126.04,-126.04,0,0,
09/21/2026,11:12:14:437,0.000000,0.000000,4,-92.3,-92.3,0,0,
09/21/2026,11:12:14:459,0.000000,0.000000,2,-124.94,-124.94,0,0,
09/21/2026,11:12:14:507,0.000000,0.000000,1,-124.89,-124.89,0,0,
09/21/2026,11:12:14:627,0.000000,0.000000,3,-127.68,-127.68,0,0,
09/21/2026,11:12:14:712,0.000000,0.000000,4,-95.43,-95.43,0,0,
09/21/2026,11:12:14:821,0.000000,0.000000,2,-126.47,-126.47,0,0,
09/21/2026,11:12:14:831,0.000000,0.000000,1,-124.89,-124.89,0,0,
09/21/2026,11:12:14:887,0.000000,0.000000,3,-125.67,-125.67,0,0,
09/21/2026,11:12:15:000,0.000000,0.000000,4,-88.26,-88.26,0,0,
09/21/2026,11:12:15:064,0.000000,0.000000,2,-126.02,-126.02,0,0,
09/21/2026,11:12:15:073,0.000000,0.000000,1,-124.26,-124.26,0,0,
09/21/2026,11:12:15:151,0.000000,0.000000,3,-123.33,-123.33,0,0,
09/21/2026,11:12:15:237,0.000000,0.000000,4,-99.52,-99.52,0,0,
09/21/2026,11:12:15:291,0.000000,0.000000,2,-128,-128,0,0,
09/21/2026,11:12:15:341,0.000000,0.000000,1,-124.85,-124.85,0,0,
09/21/2026,11:12:15:430,0.000000,0.000000,3,-124.2,-124.2,0,0,
09/21/2026,11:12:15:518,0.000000,0.000000,4,-92.8,-92.8,0,0,
09/21/2026,11:12:15:568,0.000000,0.000000,2,-127.9,-127.9,0,0,
09/21/2026,11:12:15:622,0.000000,0.000000,1,-126.54,-126.54,0,0,
09/21/2026,11:12:15:708,0.000000,0.000000,3,-125.39,-125.39,0,0,
09/21/2026,11:12:15:799,0.000000,0.000000,4,-93.69,-93.69,0,0,
09/21/2026,11:12:15:846,0.000000,0.000000,2,-125.2,-125.2,0,0,
09/21/2026,11:12:15:903,0.000000,0.000000,1,-125.48,-125.48,0,0,
09/21/2026,11:12:15:991,0.000000,0.000000,3,-125.59,-125.59,0,0,
09/21/2026,11:12:16:084,0.000000,0.000000,4,-93.56,-93.56,0,0,
09/21/2026,11:12:16:127,0.000000,0.000000,2,-125.52,-125.52,0,0,
09/21/2026,11:12:16:181,0.000000,0.000000,1,-123.97,-123.97,0,0,
09/21/2026,11:12:16:276,0.000000,0.000000,3,-127.92,-127.92,0,0,
09/21/2026,11:12:16:352,0.000000,0.000000,4,-96.69,-96.69,0,0,
09/21/2026,11:12:16:405,0.000000,0.000000,2,-124.38,-124.38,0,0,
09/21/2026,11:12:16:462,0.000000,0.000000,1,-126.49,-126.49,0,0,
09/21/2026,11:12:16:545,0.000000,0.000000,3,-124.39,-124.39,0,0,
09/21/2026,11:12:16:631,0.000000,0.000000,4,-90.6,-90.6,0,0,
09/21/2026,11:12:16:714,0.000000,0.000000,2,-125.35,-125.35,0,0,
09/21/2026,11:12:16:753,0.000000,0.000000,1,-122.63,-122.63,0,0,
09/21/2026,11:12:16:830,0.000000,0.000000,3,-124.72,-124.72,0,0,
09/21/2026,11:12:16:942,0.000000,0.000000,4,-89.06,-89.06,0,0,
09/21/2026,11:12:16:992,0.000000,0.000000,2,-122.93,-122.93,0,0,
09/21/2026,11:12:17:053,0.000000,0.000000,1,-127.43,-127.43,0,0,
09/21/2026,11:12:17:102,0.000000,0.000000,3,-123.68,-123.68,0,0,
09/21/2026,11:12:17:189,0.000000,0.000000,4,-90.93,-90.93,0,0,
09/21/2026,11:12:17:250,0.000000,0.000000,2,-124.37,-124.37,0,0,
09/21/2026,11:12:17:294,0.000000,0.000000,1,-126.56,-126.56,0,0,
09/21/2026,11:12:17:398,0.000000,0.000000,3,-126.32,-126.32,0,0,
09/21/2026,11:12:17:473,0.000000,0.000000,4,-97.96,-97.96,0,0,
09/21/2026,11:12:17:524,0.000000,0.000000,2,-125.71,-125.71,0,0,
09/21/2026,11:12:17:572,0.000000,0.000000,1,-126.86,-126.86,0,0,
09/21/2026,11:12:17:659,0.000000,0.000000,3,-125.28,-125.28,0,0,
09/21/2026,11:12:17:747,0.000000,0.000000,4,-102.36,-102.36,0,0,
09/21/2026,11:12:17:805,0.000000,0.000000,2,-124.22,-124.22,0,0,
09/21/2026,11:12:17:853,0.000000,0.000000,1,-123.57,-123.57,0,0,
09/21/2026,11:12:17:943,0.000000,0.000000,3,-124.9,-124.9,0,0,
09/21/2026,11:12:18:028,0.000000,0.000000,4,-91.03,-91.03,0,0,
09/21/2026,11:12:18:077,0.000000,0.000000,2,-125.68,-125.68,0,0,
09/21/2026,11:12:18:132,0.000000,0.000000,1,-123.76,-123.76,0,0,
09/21/2026,11:12:18:218,0.000000,0.000000,3,-122.84,-122.84,0,0,
09/21/2026,11:12:18:307,0.000000,0.000000,4,-94.86,-94.86,0,0,
09/21/2026,11:12:18:355,0.000000,0.000000,2,-125.84,-125.84,0,0,
09/21/2026,11:12:18:416,0.000000,0.000000,1,-125.54,-125.54,0,0,
09/21/2026,11:12:18:504,0.000000,0.000000,3,-124.83,-124.83,0,0,
09/21/2026,11:12:18:585,0.000000,0.000000,4,-100.62,-100.62,0,0,
09/21/2026,11:12:18:635,0.000000,0.000000,2,-125.17,-125.17,0,0,
09/21/2026,11:12:18:705,0.000000,0.000000,1,-124.1,-124.1,0,0,
09/21/2026,11:12:18:833,0.000000,0.000000,3,-123.63,-123.63,0,0,
09/21/2026,11:12:18:884,0.000000,0.000000,4,-95.15,-95.15,0,0,
09/21/2026,11:12:18:975,0.000000,0.000000,2,-125.96,-125.96,0,0,
09/21/2026,11:12:18:981,0.000000,0.000000,1,-124.71,-124.71,0,0,
09/21/2026,11:12:19:057,0.000000,0.000000,3,-124.46,-124.46,0,0,
09/21/2026,11:12:19:155,0.000000,0.000000,4,-91.15,-91.15,0,0,
09/21/2026,11:12:19:193,0.000000,0.000000,2,-127.26,-127.26,0,0,
09/21/2026,11:12:19:249,0.000000,0.000000,1,-125.35,-125.35,0,0,
09/21/2026,11:12:19:335,0.000000,0.000000,3,-125.65,-125.65,0,0,
09/21/2026,11:12:19:419,0.000000,0.000000,4,-89.41,-89.41,0,0,
09/21/2026,11:12:19:473,0.000000,0.000000,2,-124.52,-124.52,0,0,
09/21/2026,11:12:19:524,0.000000,0.000000,1,-123.88,-123.88,0,0,
09/21/2026,11:12:19:615,0.000000,0.000000,3,-127.7,-127.7,0,0,
09/21/2026,11:12:19:701,0.000000,0.000000,4,-96.39,-96.39,0,0,
09/21/2026,11:12:19:749,0.000000,0.000000,2,-124.38,-124.38,0,0,
09/21/2026,11:12:19:808,0.000000,0.000000,1,-128.31,-128.31,0,0,
09/21/2026,11:12:19:890,0.000000,0.000000,3,-124.76,-124.76,0,0,
09/21/2026,11:12:19:976,0.000000,0.000000,4,-98.31,-98.31,0,0,
