Date,Time,Latitude,Longitude,Channel,RSSI,Adjusted Value,Antenna Gain,Cable Loss
08/27/2026,08:03:08:476,0.000000,0.000000,1,-124.48,-124.48,0,0,
08/27/2026,08:03:08:614,0.000000,0.000000,2,-124.63,-124.63,0,0,
08/27/2026,08:03:08:662,0.000000,0.000000,3,-126.76,-126.76,0,0,
08/27/2026,08:03:08:695,0.000000,0.000000,1,-121.59,-121.59,0,0,
08/27/2026,08:03:08:698,0.000000,0.000000,4,-93.17,-93.17,0,0,
08/27/2026,08:03:08:772,0.000000,0.000000,2,-122.59,-122.59,0,0,
08/27/2026,08:03:08:848,0.000000,0.000000,3,-123.87,-123.87,0,0,
08/27/2026,08:03:08:895,0.000000,0.000000,1,-123.95,-123.95,0,0,
08/27/2026,08:03:08:900,0.000000,0.000000,4,-91.19,-91.19,0,0,
08/27/2026,08:03:09:027,0.000000,0.000000,2,-120.97,-120.97,0,0,
08/27/2026,08:03:09:133,0.000000,0.000000,3,-124.33,-124.33,0,0,
08/27/2026,08:03:09:164,0.000000,0.000000,1,-123.74,-123.74,0,0,
08/27/2026,08:03:09:178,0.000000,0.000000,4,-90.46,-90.46,0,0,
08/27/2026,08:03:09:302,0.000000,0.000000,2,-123.09,-123.09,0,0,
08/27/2026,08:03:09:410,0.000000,0.000000,3,-126.64,-126.64,0,0,
08/27/2026,08:03:09:460,0.000000,0.000000,1,-123.34,-123.34,0,0,
08/27/2026,08:03:09:463,0.000000,0.000000,4,-93.28,-93.28,0,0,
08/27/2026,08:03:09:582,0.000000,0.000000,2,-122.57,-122.57,0,0,
08/27/2026,08:03:09:686,0.000000,0.000000,3,-125.62,-125.62,0,0,
08/27/2026,08:03:09:717,0.000000,0.000000,1,-123.77,-123.77,0,0,
08/27/2026,08:03:09:731,0.000000,0.000000,4,-93.79,-93.79,0,0,
08/27/2026,08:03:09:856,0.000000,0.000000,2,-121.54,-121.54,0,0,
08/27/2026,08:03:09:962,0.000000,0.000000,3,-126.85,-126.85,0,0,
08/27/2026,08:03:10:004,0.000000,0.000000,1,-125.32,-125.32,0,0,
08/27/2026,08:03:10:012,0.000000,0.000000,4,-93.5,-93.5,0,0,
08/27/2026,08:03:10:136,0.000000,0.000000,2,-120.42,-120.42,0,0,
08/27/2026,08:03:10:231,0.000000,0.000000,3,-124.34,-124.34,0,0,
08/27/2026,08:03:10:266,0.000000,0.000000,1,-123.84,-123.84,0,0,
08/27/2026,08:03:10:283,0.000000,0.000000,4,-88.91,-88.91,0,0,
08/27/2026,08:03:10:421,0.000000,0.000000,2,-123.23,-123.23,0,0,
08/27/2026,08:03:10:526,0.000000,0.000000,3,-124.93,-124.93,0,0,
08/27/2026,08:03:10:571,0.000000,0.000000,1,-121.07,-121.07,0,0,
08/27/2026,08:03:10:607,0.000000,0.000000,4,-87.47,-87.47,0,0,
08/27/2026,08:03:10:693,0.000000,0.000000,2,-120.73,-120.73,0,0,
08/27/2026,08:03:10:789,0.000000,0.000000,3,-125.73,-125.73,0,0,
08/27/2026,08:03:10:824,0.000000,0.000000,1,-123.3,-123.3,0,0,
08/27/2026,08:03:10:836,0.000000,0.000000,4,-90.13,-90.13,0,0,
08/27/2026,08:03:10:957,0.000000,0.000000,2,-122.55,-122.55,0,0,
08/27/2026,08:03:11:085,0.000000,0.000000,3,-122.49,-122.49,0,0,
08/27/2026,08:03:11:093,0.000000,0.000000,1,-122.78,-122.78,0,0,
08/27/2026,08:03:11:112,0.000000,0.000000,4,-91.91,-91.91,0,0,
08/27/2026,08:03:11:237,0.000000,0.000000,2,-122.5,-122.5,0,0,
08/27/2026,08:03:11:349,0.000000,0.000000,3,-126.5,-126.5,0,0,
08/27/2026,08:03:11:372,0.000000,0.000000,1,-119.54,-119.54,0,0,
08/27/2026,08:03:11:401,0.000000,0.000000,4,-88.95,-88.95,0,0,
08/27/2026,08:03:11:513,0.000000,0.000000,2,-125.45,-125.45,0,0,
08/27/2026,08:03:11:619,0.000000,0.000000,3,-125.83,-125.83,0,0,
08/27/2026,08:03:13:553,0.000000,0.000000,3,-125.91,-125.91,0,0,
08/27/2026,08:03:13:582,0.000000,0.000000,1,-122.98,-122.98,0,0,
08/27/2026,08:03:13:605,0.000000,0.000000,4,-87.82,-87.82,0,0,
08/27/2026,08:03:13:724,0.000000,0.000000,2,-125.24,-125.24,0,0,
08/27/2026,08:03:13:827,0.000000,0.000000,3,-126.1,-126.1,0,0,
08/27/2026,08:03:14:183,0.000000,0.000000,1,-122.77,-122.77,0,0,
08/27/2026,08:03:14:221,0.000000,0.000000,4,-94.27,-94.27,0,0,
08/27/2026,08:03:14:384,0.000000,0.000000,2,-122.68,-122.68,0,0,
08/27/2026,08:03:14:433,0.000000,0.000000,3,-124.14,-124.14,0,0,
08/27/2026,08:03:14:475,0.000000,0.000000,1,-124.82,-124.82,0,0,
08/27/2026,08:03:14:478,0.000000,0.000000,4,-94.78,-94.78,0,0,
08/27/2026,08:03:14:531,0.000000,0.000000,2,-122.24,-122.24,0,0,
08/27/2026,08:03:14:582,0.000000,0.000000,3,-124.59,-124.59,0,0,
08/27/2026,08:03:14:590,0.000000,0.000000,1,-125.25,-125.25,0,0,
08/27/2026,08:03:14:598,0.000000,0.000000,4,-85.18,-85.18,0,0,
08/27/2026,08:03:14:645,0.000000,0.000000,2,-123.58,-123.58,0,0,
08/27/2026,08:03:14:734,0.000000,0.000000,3,-125.48,-125.48,0,0,
08/27/2026,08:03:14:749,0.000000,0.000000,1,-123.23,-123.23,0,0,
08/27/2026,08:03:14:767,0.000000,0.000000,4,-93.34,-93.34,0,0,
08/27/2026,08:03:14:857,0.000000,0.000000,2,-126.74,-126.74,0,0,
08/27/2026,08:03:14:982,0.000000,0.000000,3,-126.67,-126.67,0,0,
08/27/2026,08:03:14:996,0.000000,0.000000,1,-121.99,-121.99,0,0,
08/27/2026,08:03:15:015,0.000000,0.000000,4,-94.24,-94.24,0,0,
08/27/2026,08:03:15:129,0.000000,0.000000,2,-123.35,-123.35,0,0,
08/27/2026,08:03:15:221,0.000000,0.000000,3,-124.17,-124.17,0,0,
08/27/2026,08:03:15:242,0.000000,0.000000,1,-123.19,-123.19,0,0,
08/27/2026,08:03:15:263,0.000000,0.000000,4,-86.52,-86.52,0,0,
08/27/2026,08:03:15:391,0.000000,0.000000,2,-122.66,-122.66,0,0,
08/27/2026,08:03:15:495,0.000000,0.000000,3,-125.35,-125.35,0,0,
08/27/2026,08:03:15:522,0.000000,0.000000,1,-123.13,-123.13,0,0,
08/27/2026,08:03:15:533,0.000000,0.000000,4,-90.55,-90.55,0,0,
08/27/2026,08:03:15:669,0.000000,0.000000,2,-123.35,-123.35,0,0,
08/27/2026,08:03:15:800,0.000000,0.000000,3,-123.74,-123.74,0,0,
08/27/2026,08:03:15:836,0.000000,0.000000,1,-123.26,-123.26,0,0,
08/27/2026,08:03:15:840,0.000000,0.000000,4,-98.15,-98.15,0,0,
08/27/2026,08:03:15:929,0.000000,0.000000,2,-122.15,-122.15,0,0,
08/27/2026,08:03:16:086,0.000000,0.000000,3,-126.15,-126.15,0,0,
08/27/2026,08:03:16:117,0.000000,0.000000,1,-124.45,-124.45,0,0,
08/27/2026,08:03:16:126,0.000000,0.000000,4,-100.97,-100.97,0,0,
08/27/2026,08:03:16:225,0.000000,0.000000,2,-121.87,-121.87,0,0,
08/27/2026,08:03:16:330,0.000000,0.000000,3,-125.09,-125.09,0,0,
08/27/2026,08:03:16:345,0.000000,0.000000,1,-123.37,-123.37,0,0,
08/27/2026,08:03:16:366,0.000000,0.000000,4,-90.55,-90.55,0,0,
08/27/2026,08:03:16:514,0.000000,0.000000,2,-120.44,-120.44,0,0,
08/27/2026,08:03:16:598,0.000000,0.000000,3,-126.37,-126.37,0,0,
08/27/2026,08:03:16:645,0.000000,0.000000,1,-121.38,-121.38,0,0,
08/27/2026,08:03:16:647,0.000000,0.000000,4,-94.96,-94.96,0,0,
08/27/2026,08:03:16:787,0.000000,0.000000,2,-124.27,-124.27,0,0,
08/27/2026,08:03:16:881,0.000000,0.000000,3,-126.71,-126.71,0,0,
08/27/2026,08:03:16:901,0.000000,0.000000,1,-123.83,-123.83,0,0,
08/27/2026,08:03:16:918,0.000000,0.000000,4,-88.85,-88.85,0,0,
08/27/2026,08:03:17:039,0.000000,0.000000,2,-124.37,-124.37,0,0,
08/27/2026,08:03:17:163,0.000000,0.000000,3,-125.09,-125.09,0,0,
08/27/2026,08:03:17:173,0.000000,0.000000,1,-123.3,-123.3,0,0,
08/27/2026,08:03:17:197,0.000000,0.000000,4,-91.76,-91.76,0,0,
08/27/2026,08:03:17:322,0.000000,0.000000,2,-122.47,-122.47,0,0,
08/27/2026,08:03:17:433,0.000000,0.000000,3,-126.11,-126.11,0,0,
08/27/2026,08:03:17:456,0.000000,0.000000,1,-123.62,-123.62,0,0,
08/27/2026,08:03:17:490,0.000000,0.000000,4,-85.76,-85.76,0,0,
08/27/2026,08:03:17:595,0.000000,0.000000,2,-123.68,-123.68,0,0,
08/27/2026,08:03:17:793,0.000000,0.000000,3,-125.6,-125.6,0,0,
08/27/2026,08:03:17:840,0.000000,0.000000,1,-123.38,-123.38,0,0,
08/27/2026,08:03:17:872,0.000000,0.000000,4,-95.85,-95.85,0,0,
08/27/2026,08:03:17:930,0.000000,0.000000,2,-120.61,-120.61,0,0,
08/27/2026,08:03:18:005,0.000000,0.000000,3,-125.63,-125.63,0,0,
08/27/2026,08:03:18:020,0.000000,0.000000,1,-123.76,-123.76,0,0,
08/27/2026,08:03:18:023,0.000000,0.000000,4,-87.63,-87.63,0,0,
08/27/2026,08:03:18:141,0.000000,0.000000,2,-122.54,-122.54,0,0,
08/27/2026,08:03:18:250,0.000000,0.000000,3,-126.2,-126.2,0,0,
08/27/2026,08:03:18:295,0.000000,0.000000,1,-123.24,-123.24,0,0,
08/27/2026,08:03:18:303,0.000000,0.000000,4,-100.47,-100.47,0,0,
08/27/2026,08:03:18:425,0.000000,0.000000,2,-123.55,-123.55,0,0,
08/27/2026,08:03:18:532,0.000000,0.000000,3,-127.26,-127.26,0,0,
08/27/2026,08:03:18:566,0.000000,0.000000,1,-122.9,-122.9,0,0,
08/27/2026,08:03:18:584,0.000000,0.000000,4,-93.96,-93.96,0,0,
08/27/2026,08:03:18:722,0.000000,0.000000,2,-121.54,-121.54,0,0,
08/27/2026,08:03:18:807,0.000000,0.000000,3,-125.31,-125.31,0,0,
08/27/2026,08:03:18:835,0.000000,0.000000,1,-124.16,-124.16,0,0,
08/27/2026,08:03:18:850,0.000000,0.000000,4,-88.66,-88.66,0,0,
08/27/2026,08:03:19:003,0.000000,0.000000,2,-121.59,-121.59,0,0,
08/27/2026,08:03:19:091,0.000000,0.000000,3,-126.55,-126.55,0,0,
08/27/2026,08:03:19:148,0.000000,0.000000,1,-124.43,-124.43,0,0,
08/27/2026,08:03:19:151,0.000000,0.000000,4,-93.02,-93.02,0,0,
08/27/2026,08:03:19:347,0.000000,0.000000,2,-122.47,-122.47,0,0,
08/27/2026,08:03:19:416,0.000000,0.000000,3,-125.27,-125.27,0,0,
08/27/2026,08:03:19:423,0.000000,0.000000,1,-122.85,-122.85,0,0,
08/27/2026,08:03:19:431,0.000000,0.000000,4,-90.1,-90.1,0,0,
08/27/2026,08:03:19:532,0.000000,0.000000,2,-122.24,-122.24,0,0,
08/27/2026,08:03:19:652,0.000000,0.000000,3,-127.48,-127.48,0,0,
08/27/2026,08:03:19:665,0.000000,0.000000,1,-120.93,-120.93,0,0,
08/27/2026,08:03:19:698,0.000000,0.000000,4,-94.84,-94.84,0,0,
08/27/2026,08:03:19:828,0.000000,0.000000,2,-122.27,-122.27,0,0,
08/27/2026,08:03:19:957,0.000000,0.000000,3,-125.6,-125.6,0,0,
08/27/2026,08:03:19:994,0.000000,0.000000,1,-124.72,-124.72,0,0,
08/27/2026,08:03:20:030,0.000000,0.000000,4,-92.94,-92.94,0,0,
08/27/2026,08:03:20:133,0.000000,0.000000,2,-124.37,-124.37,0,0,
08/27/2026,08:03:20:187,0.000000,0.000000,3,-124.71,-124.71,0,0,
08/27/2026,08:03:20:217,0.000000,0.000000,1,-122.47,-122.47,0,0,
08/27/2026,08:03:20:234,0.000000,0.000000,4,-95.04,-95.04,0,0,
08/27/2026,08:03:20:358,0.000000,0.000000,2,-123.42,-123.42,0,0,
08/27/2026,08:03:20:496,0.000000,0.000000,3,-125.78,-125.78,0,0,
08/27/2026,08:03:20:511,0.000000,0.000000,1,-126.2,-126.2,0,0,
08/27/2026,08:03:20:536,0.000000,0.000000,4,-88.97,-88.97,0,0,
08/27/2026,08:03:20:630,0.000000,0.000000,2,-124.42,-124.42,0,0,
08/27/2026,08:03:20:751,0.000000,0.000000,3,-123.44,-123.44,0,0,
08/27/2026,08:03:20:791,0.000000,0.000000,1,-124.08,-124.08,0,0,
08/27/2026,08:03:20:814,0.000000,0.000000,4,-101.27,-101.27,0,0,
08/27/2026,08:03:20:904,0.000000,0.000000,2,-123.69,-123.69,0,0,
08/27/2026,08:03:21:016,0.000000,0.000000,3,-125.19,-125.19,0,0,
08/27/2026,08:03:21:060,0.000000,0.000000,1,-121.44,-121.44,0,0,
08/27/2026,08:03:21:062,0.000000,0.000000,4,-100.57,-100.57,0,0,
08/27/2026,08:03:21:189,0.000000,0.000000,2,-124.01,-124.01,0,0,
08/27/2026,08:03:21:286,0.000000,0.000000,3,-126.31,-126.31,0,0,
08/27/2026,08:03:21:321,0.000000,0.000000,1,-122.07,-122.07,0,0,
08/27/2026,08:03:21:338,0.000000,0.000000,4,-104.23,-104.23,0,0,
08/27/2026,08:03:21:475,0.000000,0.000000,2,-124.3,-124.3,0,0,
08/27/2026,08:03:21:589,0.000000,0.000000,3,-125.14,-125.14,0,0,
08/27/2026,08:03:21:597,0.000000,0.000000,1,-122,-122,0,0,
08/27/2026,08:03:21:625,0.000000,0.000000,4,-90.25,-90.25,0,0,
08/27/2026,08:03:21:765,0.000000,0.000000,2,-125.22,-125.22,0,0,
08/27/2026,08:03:21:856,0.000000,0.000000,3,-127.02,-127.02,0,0,
08/27/2026,08:03:21:899,0.000000,0.000000,1,-121.87,-121.87,0,0,
08/27/2026,08:03:21:905,0.000000,0.000000,4,-91.44,-91.44,0,0,
08/27/2026,08:03:22:015,0.000000,0.000000,2,-125.35,-125.35,0,0,
08/27/2026,08:03:22:122,0.000000,0.000000,3,-126.09,-126.09,0,0,
08/27/2026,08:03:22:153,0.000000,0.000000,1,-123.93,-123.93,0,0,
08/27/2026,08:03:22:170,0.000000,0.000000,4,-98.87,-98.87,0,0,
08/27/2026,08:03:22:294,0.000000,0.000000,2,-123.78,-123.78,0,0,
08/27/2026,08:03:22:398,0.000000,0.000000,3,-125.98,-125.98,0,0,
08/27/2026,08:03:22:428,0.000000,0.000000,1,-124.17,-124.17,0,0,
08/27/2026,08:03:22:480,0.000000,0.000000,4,-95.79,-95.79,0,0,
08/27/2026,08:03:22:566,0.000000,0.000000,2,-123.34,-123.34,0,0,
08/27/2026,08:03:22:682,0.000000,0.000000,3,-123.9,-123.9,0,0,
08/27/2026,08:03:22:716,0.000000,0.000000,1,-122.54,-122.54,0,0,
08/27/2026,08:03:22:721,0.000000,0.000000,4,-100.34,-100.34,0,0,
08/27/2026,08:03:22:841,0.000000,0.000000,2,-122.45,-122.45,0,0,
08/27/2026,08:03:22:960,0.000000,0.000000,3,-125.54,-125.54,0,0,
08/27/2026,08:03:22:984,0.000000,0.000000,1,-124.28,-124.28,0,0,
08/27/2026,08:03:23:001,0.000000,0.000000,4,-101.9,-101.9,0,0,
08/27/2026,08:03:23:124,0.000000,0.000000,2,-122.41,-122.41,0,0,
08/27/2026,08:03:23:237,0.000000,0.000000,3,-125.11,-125.11,0,0,
08/27/2026,08:03:23:292,0.000000,0.000000,1,-123.83,-123.83,0,0,
08/27/2026,08:03:23:300,0.000000,0.000000,4,-104.23,-104.23,0,0,
08/27/2026,08:03:23:392,0.000000,0.000000,2,-123.23,-123.23,0,0,
08/27/2026,08:03:23:505,0.000000,0.000000,3,-123.52,-123.52,0,0,
08/27/2026,08:03:23:549,0.000000,0.000000,1,-123.7,-123.7,0,0,
08/27/2026,08:03:23:553,0.000000,0.000000,4,-101.44,-101.44,0,0,
08/27/2026,08:03:23:675,0.000000,0.000000,2,-122.91,-122.91,0,0,
08/27/2026,08:03:23:779,0.000000,0.000000,3,-126.58,-126.58,0,0,
08/27/2026,08:03:23:819,0.000000,0.000000,1,-121.99,-121.99,0,0,
08/27/2026,08:03:23:824,0.000000,0.000000,4,-108.28,-108.28,0,0,
08/27/2026,08:03:23:946,0.000000,0.000000,2,-126.01,-126.01,0,0,
08/27/2026,08:03:24:055,0.000000,0.000000,3,-126.68,-126.68,0,0,
08/27/2026,08:03:24:089,0.000000,0.000000,1,-125.84,-125.84,0,0,
08/27/2026,08:03:24:108,0.000000,0.000000,4,-104.04,-104.04,0,0,
08/27/2026,08:03:24:224,0.000000,0.000000,2,-122.07,-122.07,0,0,
08/27/2026,08:03:24:333,0.000000,0.000000,3,-125.03,-125.03,0,0,
08/27/2026,08:03:24:470,0.000000,0.000000,1,-123.48,-123.48,0,0,
08/27/2026,08:03:24:474,0.000000,0.000000,4,-99.54,-99.54,0,0,
08/27/2026,08:03:24:509,0.000000,0.000000,2,-122.54,-122.54,0,0,
08/27/2026,08:03:24:607,0.000000,0.000000,3,-124.38,-124.38,0,0,
08/27/2026,08:03:24:646,0.000000,0.000000,1,-124.12,-124.12,0,0,
08/27/2026,08:03:24:672,0.000000,0.000000,4,-96.9,-96.9,0,0,
08/27/2026,08:03:24:781,0.000000,0.000000,2,-121.75,-121.75,0,0,
08/27/2026,08:03:24:885,0.000000,0.000000,3,-127.8,-127.8,0,0,
08/27/2026,08:03:24:923,0.000000,0.000000,1,-124.28,-124.28,0,0,
08/27/2026,08:03:24:931,0.000000,0.000000,4,-96.98,-96.98,0,0,
08/27/2026,08:03:25:061,0.000000,0.000000,2,-122.88,-122.88,0,0,
08/27/2026,08:03:25:167,0.000000,0.000000,3,-126.48,-126.48,0,0,
08/27/2026,08:03:25:205,0.000000,0.000000,1,-123.74,-123.74,0,0,
08/27/2026,08:03:25:208,0.000000,0.000000,4,-94.99,-94.99,0,0,
08/27/2026,08:03:25:341,0.000000,0.000000,2,-120.99,-120.99,0,0,
08/27/2026,08:03:25:447,0.000000,0.000000,3,-123.81,-123.81,0,0,
08/27/2026,08:03:25:482,0.000000,0.000000,1,-124.37,-124.37,0,0,
08/27/2026,08:03:25:486,0.000000,0.000000,4,-101.53,-101.53,0,0,
08/27/2026,08:03:25:604,0.000000,0.000000,2,-122.37,-122.37,0,0,
08/27/2026,08:03:25:714,0.000000,0.000000,3,-124.14,-124.14,0,0,
08/27/2026,08:03:25:745,0.000000,0.000000,1,-123.84,-123.84,0,0,
08/27/2026,08:03:25:759,0.000000,0.000000,4,-91.7,-91.7,0,0,
08/27/2026,08:03:25:906,0.000000,0.000000,2,-120.82,-120.82,0,0,
08/27/2026,08:03:25:988,0.000000,0.000000,3,-125.06,-125.06,0,0,
08/27/2026,08:03:26:022,0.000000,0.000000,1,-121.74,-121.74,0,0,
08/27/2026,08:03:26:046,0.000000,0.000000,4,-102.49,-102.49,0,0,
08/27/2026,08:03:26:156,0.000000,0.000000,2,-121.37,-121.37,0,0,
08/27/2026,08:03:26:266,0.000000,0.000000,3,-123.03,-123.03,0,0,
08/27/2026,08:03:26:310,0.000000,0.000000,1,-123.65,-123.65,0,0,
08/27/2026,08:03:26:316,0.000000,0.000000,4,-93.32,-93.32,0,0,
08/27/2026,08:03:26:453,0.000000,0.000000,2,-121.51,-121.51,0,0,
08/27/2026,08:03:26:540,0.000000,0.000000,3,-127.43,-127.43,0,0,
08/27/2026,08:03:26:575,0.000000,0.000000,1,-121.66,-121.66,0,0,
08/27/2026,08:03:26:589,0.000000,0.000000,4,-93.25,-93.25,0,0,
08/27/2026,08:03:26:709,0.000000,0.000000,2,-123.93,-123.93,0,0,
08/27/2026,08:03:26:813,0.000000,0.000000,3,-125.5,-125.5,0,0,
08/27/2026,08:03:26:848,0.000000,0.000000,1,-125.52,-125.52,0,0,
08/27/2026,08:03:26:866,0.000000,0.000000,4,-94.58,-94.58,0,0,
08/27/2026,08:03:26:989,0.000000,0.000000,2,-122.73,-122.73,0,0,
08/27/2026,08:03:27:090,0.000000,0.000000,3,-125.1,-125.1,0,0,
08/27/2026,08:03:27:133,0.000000,0.000000,1,-121.19,-121.19,0,0,
08/27/2026,08:03:27:140,0.000000,0.000000,4,-95.76,-95.76,0,0,
08/27/2026,08:03:27:311,0.000000,0.000000,2,-123.85,-123.85,0,0,
08/27/2026,08:03:27:445,0.000000,0.000000,3,-125.23,-125.23,0,0,
08/27/2026,08:03:27:484,0.000000,0.000000,1,-123.35,-123.35,0,0,
08/27/2026,08:03:27:486,0.000000,0.000000,4,-101.92,-101.92,0,0,
08/27/2026,08:03:27:634,0.000000,0.000000,2,-122.32,-122.32,0,0,
08/27/2026,08:03:27:665,0.000000,0.000000,3,-125.24,-125.24,0,0,
08/27/2026,08:03:27:685,0.000000,0.000000,1,-124.58,-124.58,0,0,
08/27/2026,08:03:27:725,0.000000,0.000000,4,-97.67,-97.67,0,0,
08/27/2026,08:03:27:817,0.000000,0.000000,2,-123.15,-123.15,0,0,
08/27/2026,08:03:27:919,0.000000,0.000000,3,-125.09,-125.09,0,0,
08/27/2026,08:03:27:959,0.000000,0.000000,1,-121.97,-121.97,0,0,
08/27/2026,08:03:27:978,0.000000,0.000000,4,-98.08,-98.08,0,0,
08/27/2026,08:03:28:101,0.000000,0.000000,2,-120.62,-120.62,0,0,
08/27/2026,08:03:28:197,0.000000,0.000000,3,-124.14,-124.14,0,0,
08/27/2026,08:03:28:244,0.000000,0.000000,1,-124.41,-124.41,0,0,
08/27/2026,08:03:28:248,0.000000,0.000000,4,-97.37,-97.37,0,0,
08/27/2026,08:03:28:369,0.000000,0.000000,2,-124.34,-124.34,0,0,
08/27/2026,08:03:28:472,0.000000,0.000000,3,-124.57,-124.57,0,0,
08/27/2026,08:03:28:513,0.000000,0.000000,1,-121.35,-121.35,0,0,
08/27/2026,08:03:28:522,0.000000,0.000000,4,-101.64,-101.64,0,0,
08/27/2026,08:03:28:662,0.000000,0.000000,2,-122.62,-122.62,0,0,
08/27/2026,08:03:28:752,0.000000,0.000000,3,-126.22,-126.22,0,0,
08/27/2026,08:03:28:812,0.000000,0.000000,1,-124.1,-124.1,0,0,
08/27/2026,08:03:28:820,0.000000,0.000000,4,-97.37,-97.37,0,0,
08/27/2026,08:03:28:922,0.000000,0.000000,2,-124.01,-124.01,0,0,
08/27/2026,08:03:29:053,0.000000,0.000000,3,-126.1,-126.1,0,0,
08/27/2026,08:03:29:063,0.000000,0.000000,1,-122.17,-122.17,0,0,
08/27/2026,08:03:29:092,0.000000,0.000000,4,-100.46,-100.46,0,0,
08/27/2026,08:03:29:215,0.000000,0.000000,2,-120.87,-120.87,0,0,
08/27/2026,08:03:29:302,0.000000,0.000000,3,-125.33,-125.33,0,0,
08/27/2026,08:03:29:344,0.000000,0.000000,1,-123.55,-123.55,0,0,
08/27/2026,08:03:29:352,0.000000,0.000000,4,-103.95,-103.95,0,0,
08/27/2026,08:03:29:480,0.000000,0.000000,2,-121.55,-121.55,0,0,
08/27/2026,08:03:29:621,0.000000,0.000000,3,-125.88,-125.88,0,0,
08/27/2026,08:03:29:642,0.000000,0.000000,1,-123.22,-123.22,0,0,
08/27/2026,08:03:29:644,0.000000,0.000000,4,-100.66,-100.66,0,0,
08/27/2026,08:03:29:756,0.000000,0.000000,2,-121.69,-121.69,0,0,
08/27/2026,08:03:29:857,0.000000,0.000000,3,-127.94,-127.94,0,0,
08/27/2026,08:03:29:899,0.000000,0.000000,1,-122.73,-122.73,0,0,
08/27/2026,08:03:29:906,0.000000,0.000000,4,-98.5,-98.5,0,0,
08/27/2026,08:03:30:029,0.000000,0.000000,2,-122.96,-122.96,0,0,
08/27/2026,08:03:30:164,0.000000,0.000000,3,-126.89,-126.89,0,0,
08/27/2026,08:03:30:200,0.000000,0.000000,1,-125.78,-125.78,0,0,
08/27/2026,08:03:30:204,0.000000,0.000000,4,-99.28,-99.28,0,0,
08/27/2026,08:03:30:313,0.000000,0.000000,2,-123.89,-123.89,0,0,
08/27/2026,08:03:30:409,0.000000,0.000000,3,-124.99,-124.99,0,0,
08/27/2026,08:03:30:441,0.000000,0.000000,1,-122.38,-122.38,0,0,
08/27/2026,08:03:30:458,0.000000,0.000000,4,-104.48,-104.48,0,0,
08/27/2026,08:03:30:581,0.000000,0.000000,2,-124.88,-124.88,0,0,
08/27/2026,08:03:30:687,0.000000,0.000000,3,-127.44,-127.44,0,0,
08/27/2026,08:03:30:725,0.000000,0.000000,1,-122.71,-122.71,0,0,
08/27/2026,08:03:30:755,0.000000,0.000000,4,-97.91,-97.91,0,0,
08/27/2026,08:03:30:880,0.000000,0.000000,2,-122.47,-122.47,0,0,
08/27/2026,08:03:30:966,0.000000,0.000000,3,-126.86,-126.86,0,0,
08/27/2026,08:03:31:003,0.000000,0.000000,1,-122.56,-122.56,0,0,
08/27/2026,08:03:31:011,0.000000,0.000000,4,-110.45,-110.45,0,0,
08/27/2026,08:03:31:131,0.000000,0.000000,2,-121.95,-121.95,0,0,
08/27/2026,08:03:31:239,0.000000,0.000000,3,-126.62,-126.62,0,0,
08/27/2026,08:03:31:270,0.000000,0.000000,1,-124.84,-124.84,0,0,
08/27/2026,08:03:31:299,0.000000,0.000000,4,-105.06,-105.06,0,0,
08/27/2026,08:03:31:429,0.000000,0.000000,2,-122.4,-122.4,0,0,
08/27/2026,08:03:31:522,0.000000,0.000000,3,-124.18,-124.18,0,0,
08/27/2026,08:03:31:562,0.000000,0.000000,1,-123.59,-123.59,0,0,
08/27/2026,08:03:31:567,0.000000,0.000000,4,-106.2,-106.2,0,0,
08/27/2026,08:03:31:710,0.000000,0.000000,2,-122.67,-122.67,0,0,
08/27/2026,08:03:31:790,0.000000,0.000000,3,-123.78,-123.78,0,0,
08/27/2026,08:03:31:829,0.000000,0.000000,1,-124.12,-124.12,0,0,
08/27/2026,08:03:31:856,0.000000,0.000000,4,-101.11,-101.11,0,0,
08/27/2026,08:03:31:960,0.000000,0.000000,2,-121.1,-121.1,0,0,
08/27/2026,08:03:32:071,0.000000,0.000000,3,-124.14,-124.14,0,0,
08/27/2026,08:03:32:099,0.000000,0.000000,1,-122.44,-122.44,0,0,
08/27/2026,08:03:32:118,0.000000,0.000000,4,-104.06,-104.06,0,0,
08/27/2026,08:03:32:241,0.000000,0.000000,2,-122.42,-122.42,0,0,
08/27/2026,08:03:32:343,0.000000,0.000000,3,-124.91,-124.91,0,0,
08/27/2026,08:03:32:377,0.000000,0.000000,1,-121.43,-121.43,0,0,
08/27/2026,08:03:32:403,0.000000,0.000000,4,-108.93,-108.93,0,0,
08/27/2026,08:03:32:520,0.000000,0.000000,2,-123.55,-123.55,0,0,
08/27/2026,08:03:32:618,0.000000,0.000000,3,-126.55,-126.55,0,0,
08/27/2026,08:03:32:656,0.000000,0.000000,1,-123.35,-123.35,0,0,
08/27/2026,08:03:32:757,0.000000,0.000000,4,-100.71,-100.71,0,0,
08/27/2026,08:03:32:862,0.000000,0.000000,2,-122.11,-122.11,0,0,
08/27/2026,08:03:32:984,0.000000,0.000000,3,-123.88,-123.88,0,0,
08/27/2026,08:03:33:001,0.000000,0.000000,1,-122.89,-122.89,0,0,
08/27/2026,08:03:33:004,0.000000,0.000000,4,-106.58,-106.58,0,0,
08/27/2026,08:03:33:091,0.000000,0.000000,2,-122.96,-122.96,0,0,
08/27/2026,08:03:33:171,0.000000,0.000000,3,-124.97,-124.97,0,0,
08/27/2026,08:03:33:220,0.000000,0.000000,1,-121.88,-121.88,0,0,
08/27/2026,08:03:33:222,0.000000,0.000000,4,-93.72,-93.72,0,0,
08/27/2026,08:03:33:350,0.000000,0.000000,2,-125.1,-125.1,0,0,
08/27/2026,08:03:33:459,0.000000,0.000000,3,-125.35,-125.35,0,0,
08/27/2026,08:03:33:480,0.000000,0.000000,1,-121.33,-121.33,0,0,
08/27/2026,08:03:33:514,0.000000,0.000000,4,-101.9,-101.9,0,0,
08/27/2026,08:03:33:622,0.000000,0.000000,2,-122.55,-122.55,0,0,
08/27/2026,08:03:33:731,0.000000,0.000000,3,-124,-124,0,0,
08/27/2026,08:03:33:756,0.000000,0.000000,1,-124.37,-124.37,0,0,
08/27/2026,08:03:33:791,0.000000,0.000000,4,-97.84,-97.84,0,0,
08/27/2026,08:03:33:897,0.000000,0.000000,2,-122.8,-122.8,0,0,
08/27/2026,08:03:34:004,0.000000,0.000000,3,-126.6,-126.6,0,0,
08/27/2026,08:03:34:033,0.000000,0.000000,1,-124.33,-124.33,0,0,
08/27/2026,08:03:34:062,0.000000,0.000000,4,-92.12,-92.12,0,0,
08/27/2026,08:03:34:181,0.000000,0.000000,2,-121.73,-121.73,0,0,
08/27/2026,08:03:34:278,0.000000,0.000000,3,-126.78,-126.78,0,0,
08/27/2026,08:03:34:326,0.000000,0.000000,1,-125.07,-125.07,0,0,
08/27/2026,08:03:34:334,0.000000,0.000000,4,-94.22,-94.22,0,0,
08/27/2026,08:03:34:485,0.000000,0.000000,2,-123.75,-123.75,0,0,
08/27/2026,08:03:34:626,0.000000,0.000000,3,-124.02,-124.02,0,0,
08/27/2026,08:03:34:657,0.000000,0.000000,1,-121.5,-121.5,0,0,
08/27/2026,08:03:34:745,0.000000,0.000000,4,-98.17,-98.17,0,0,
08/27/2026,08:03:34:805,0.000000,0.000000,2,-123.82,-123.82,0,0,
08/27/2026,08:03:34:851,0.000000,0.000000,3,-125.76,-125.76,0,0,
08/27/2026,08:03:34:911,0.000000,0.000000,1,-120.81,-120.81,0,0,
08/27/2026,08:03:34:920,0.000000,0.000000,4,-101.61,-101.61,0,0,
08/27/2026,08:03:35:010,0.000000,0.000000,2,-124.6,-124.6,0,0,
08/27/2026,08:03:35:105,0.000000,0.000000,3,-124.47,-124.47,0,0,
08/27/2026,08:03:35:153,0.000000,0.000000,1,-121.88,-121.88,0,0,
08/27/2026,08:03:35:169,0.000000,0.000000,4,-99.14,-99.14,0,0,
08/27/2026,08:03:35:284,0.000000,0.000000,2,-122.29,-122.29,0,0,
08/27/2026,08:03:35:400,0.000000,0.000000,3,-126.25,-126.25,0,0,
08/27/2026,08:03:35:424,0.000000,0.000000,1,-124.74,-124.74,0,0,
08/27/2026,08:03:35:431,0.000000,0.000000,4,-104.1,-104.1,0,0,
08/27/2026,08:03:35:557,0.000000,0.000000,2,-125.3,-125.3,0,0,
08/27/2026,08:03:35:659,0.000000,0.000000,3,-124.82,-124.82,0,0,
08/27/2026,08:03:35:710,0.000000,0.000000,1,-123.51,-123.51,0,0,
08/27/2026,08:03:35:722,0.000000,0.000000,4,-102.74,-102.74,0,0,
08/27/2026,08:03:35:838,0.000000,0.000000,2,-121.97,-121.97,0,0,
08/27/2026,08:03:35:961,0.000000,0.000000,3,-125.97,-125.97,0,0,
08/27/2026,08:03:35:972,0.000000,0.000000,1,-119.21,-119.21,0,0,
08/27/2026,08:03:35:990,0.000000,0.000000,4,-101.27,-101.27,0,0,
08/27/2026,08:03:36:112,0.000000,0.000000,2,-123.43,-123.43,0,0,
08/27/2026,08:03:36:227,0.000000,0.000000,3,-126.11,-126.11,0,0,
08/27/2026,08:03:36:243,0.000000,0.000000,1,-124.33,-124.33,0,0,
08/27/2026,08:03:36:270,0.000000,0.000000,4,-101.11,-101.11,0,0,
08/27/2026,08:03:36:402,0.000000,0.000000,2,-123,-123,0,0,
08/27/2026,08:03:36:571,0.000000,0.000000,3,-126.39,-126.39,0,0,
08/27/2026,08:03:36:610,0.000000,0.000000,1,-121.94,-121.94,0,0,
08/27/2026,08:03:36:621,0.000000,0.000000,4,-92.67,-92.67,0,0,
08/27/2026,08:03:36:714,0.000000,0.000000,2,-123.31,-123.31,0,0,
08/27/2026,08:03:36:767,0.000000,0.000000,3,-123.73,-123.73,0,0,
08/27/2026,08:03:36:800,0.000000,0.000000,1,-121.85,-121.85,0,0,
08/27/2026,08:03:36:832,0.000000,0.000000,4,-100.31,-100.31,0,0,
08/27/2026,08:03:36:975,0.000000,0.000000,2,-122.24,-122.24,0,0,
08/27/2026,08:03:37:047,0.000000,0.000000,3,-126.03,-126.03,0,0,
08/27/2026,08:03:37:086,0.000000,0.000000,1,-125.86,-125.86,0,0,
08/27/2026,08:03:37:091,0.000000,0.000000,4,-100.55,-100.55,0,0,
08/27/2026,08:03:37:263,0.000000,0.000000,2,-123.34,-123.34,0,0,
08/27/2026,08:03:37:374,0.000000,0.000000,3,-126.86,-126.86,0,0,
08/27/2026,08:03:37:386,0.000000,0.000000,1,-124.63,-124.63,0,0,
08/27/2026,08:03:37:389,0.000000,0.000000,4,-97.63,-97.63,0,0,
08/27/2026,08:03:37:492,0.000000,0.000000,2,-124.6,-124.6,0,0,
08/27/2026,08:03:37:606,0.000000,0.000000,3,-123.58,-123.58,0,0,
08/27/2026,08:03:37:632,0.000000,0.000000,1,-121.41,-121.41,0,0,
08/27/2026,08:03:37:645,0.000000,0.000000,4,-98.9,-98.9,0,0,
08/27/2026,08:03:37:765,0.000000,0.000000,2,-121.69,-121.69,0,0,
08/27/2026,08:03:37:894,0.000000,0.000000,3,-126.44,-126.44,0,0,
08/27/2026,08:03:37:905,0.000000,0.000000,1,-120.83,-120.83,0,0,
08/27/2026,08:03:37:928,0.000000,0.000000,4,-98.76,-98.76,0,0,
08/27/2026,08:03:38:040,0.000000,0.000000,2,-123,-123,0,0,
08/27/2026,08:03:38:149,0.000000,0.000000,3,-125.92,-125.92,0,0,
08/27/2026,08:03:38:187,0.000000,0.000000,1,-126.37,-126.37,0,0,
08/27/2026,08:03:38:214,0.000000,0.000000,4,-101.13,-101.13,0,0,
08/27/2026,08:03:38:321,0.000000,0.000000,2,-121.53,-121.53,0,0,
08/27/2026,08:03:38:452,0.000000,0.000000,3,-123.78,-123.78,0,0,
08/27/2026,08:03:38:491,0.000000,0.000000,1,-121.51,-121.51,0,0,
08/27/2026,08:03:38:494,0.000000,0.000000,4,-94.7,-94.7,0,0,
08/27/2026,08:03:38:643,0.000000,0.000000,2,-122.33,-122.33,0,0,
08/27/2026,08:03:38:700,0.000000,0.000000,3,-125.36,-125.36,0,0,
08/27/2026,08:03:38:735,0.000000,0.000000,1,-123.7,-123.7,0,0,
08/27/2026,08:03:38:758,0.000000,0.000000,4,-105,-105,0,0,
08/27/2026,08:03:38:869,0.000000,0.000000,2,-124.99,-124.99,0,0,
08/27/2026,08:03:38:978,0.000000,0.000000,3,-122.73,-122.73,0,0,
08/27/2026,08:03:39:011,0.000000,0.000000,1,-123.06,-123.06,0,0,
08/27/2026,08:03:39:032,0.000000,0.000000,4,-90.32,-90.32,0,0,
08/27/2026,08:03:39:148,0.000000,0.000000,2,-122.76,-122.76,0,0,
08/27/2026,08:03:39:276,0.000000,0.000000,3,-124.47,-124.47,0,0,
08/27/2026,08:03:39:287,0.000000,0.000000,1,-124.4,-124.4,0,0,
08/27/2026,08:03:39:306,0.000000,0.000000,4,-97.54,-97.54,0,0,
08/27/2026,08:03:39:438,0.000000,0.000000,2,-119.32,-119.32,0,0,
08/27/2026,08:03:39:531,0.000000,0.000000,3,-122.43,-122.43,0,0,
08/27/2026,08:03:39:569,0.000000,0.000000,1,-124.4,-124.4,0,0,
08/27/2026,08:03:39:585,0.000000,0.000000,4,-100.03,-100.03,0,0,
08/27/2026,08:03:39:703,0.000000,0.000000,2,-121.88,-121.88,0,0,
08/27/2026,08:03:39:890,0.000000,0.000000,3,-125.05,-125.05,0,0,
08/27/2026,08:03:39:941,0.000000,0.000000,1,-122.7,-122.7,0,0,
08/27/2026,08:03:39:947,0.000000,0.000000,4,-97.83,-97.83,0,0,
08/27/2026,08:03:40:015,0.000000,0.000000,2,-123.44,-123.44,0,0,
08/27/2026,08:03:40:099,0.000000,0.000000,3,-125.48,-125.48,0,0,
08/27/2026,08:03:40:149,0.000000,0.000000,1,-122.15,-122.15,0,0,
08/27/2026,08:03:40:150,0.000000,0.000000,4,-102.95,-102.95,0,0,
08/27/2026,08:03:40:291,0.000000,0.000000,2,-122.36,-122.36,0,0,
08/27/2026,08:03:40:370,0.000000,0.000000,3,-125.24,-125.24,0,0,
08/27/2026,08:03:40:410,0.000000,0.000000,1,-124.35,-124.35,0,0,
08/27/2026,08:03:40:416,0.000000,0.000000,4,-106.22,-106.22,0,0,
08/27/2026,08:03:40:570,0.000000,0.000000,2,-123.46,-123.46,0,0,
08/27/2026,08:03:40:642,0.000000,0.000000,3,-126.07,-126.07,0,0,
08/27/2026,08:03:40:686,0.000000,0.000000,1,-121.68,-121.68,0,0,
08/27/2026,08:03:40:692,0.000000,0.000000,4,-99.67,-99.67,0,0,
08/27/2026,08:03:40:818,0.000000,0.000000,2,-122.79,-122.79,0,0,
08/27/2026,08:03:40:924,0.000000,0.000000,3,-124.45,-124.45,0,0,
08/27/2026,08:03:40:954,0.000000,0.000000,1,-123.84,-123.84,0,0,
08/27/2026,08:03:40:970,0.000000,0.000000,4,-93.74,-93.74,0,0,
08/27/2026,08:03:41:093,0.000000,0.000000,2,-123.09,-123.09,0,0,
08/27/2026,08:03:41:200,0.000000,0.000000,3,-126.9,-126.9,0,0,
08/27/2026,08:03:41:237,0.000000,0.000000,1,-122.1,-122.1,0,0,
08/27/2026,08:03:41:245,0.000000,0.000000,4,-100.3,-100.3,0,0,
08/27/2026,08:03:41:370,0.000000,0.000000,2,-120.63,-120.63,0,0,
08/27/2026,08:03:41:485,0.000000,0.000000,3,-125.46,-125.46,0,0,
08/27/2026,08:03:41:509,0.000000,0.000000,1,-122.02,-122.02,0,0,
08/27/2026,08:03:41:530,0.000000,0.000000,4,-97.26,-97.26,0,0,
08/27/2026,08:03:41:718,0.000000,0.000000,2,-122.34,-122.34,0,0,
08/27/2026,08:03:41:768,0.000000,0.000000,3,-126.35,-126.35,0,0,
08/27/2026,08:03:41:806,0.000000,0.000000,1,-124.85,-124.85,0,0,
08/27/2026,08:03:41:809,0.000000,0.000000,4,-95.99,-95.99,0,0,
08/27/2026,08:03:41:923,0.000000,0.000000,2,-123.45,-123.45,0,0,
08/27/2026,08:03:42:058,0.000000,0.000000,3,-126.84,-126.84,0,0,
08/27/2026,08:03:42:065,0.000000,0.000000,1,-122.33,-122.33,0,0,
08/27/2026,08:03:42:100,0.000000,0.000000,4,-97.63,-97.63,0,0,
08/27/2026,08:03:42:219,0.000000,0.000000,2,-123.32,-123.32,0,0,
08/27/2026,08:03:42:309,0.000000,0.000000,3,-127.82,-127.82,0,0,
08/27/2026,08:03:42:363,0.000000,0.000000,1,-124.9,-124.9,0,0,
08/27/2026,08:03:42:366,0.000000,0.000000,4,-97.49,-97.49,0,0,
08/27/2026,08:03:42:477,0.000000,0.000000,2,-120.77,-120.77,0,0,
08/27/2026,08:03:42:577,0.000000,0.000000,3,-124.04,-124.04,0,0,
08/27/2026,08:03:42:609,0.000000,0.000000,1,-123.36,-123.36,0,0,
08/27/2026,08:03:42:639,0.000000,0.000000,4,-95.9,-95.9,0,0,
08/27/2026,08:03:42:756,0.000000,0.000000,2,-123.48,-123.48,0,0,
08/27/2026,08:03:42:862,0.000000,0.000000,3,-123.41,-123.41,0,0,
08/27/2026,08:03:42:888,0.000000,0.000000,1,-122.98,-122.98,0,0,
08/27/2026,08:03:42:952,0.000000,0.000000,4,-98.65,-98.65,0,0,
08/27/2026,08:03:43:045,0.000000,0.000000,2,-125.11,-125.11,0,0,
08/27/2026,08:03:43:151,0.000000,0.000000,3,-125.12,-125.12,0,0,
08/27/2026,08:03:43:178,0.000000,0.000000,1,-120.86,-120.86,0,0,
08/27/2026,08:03:43:209,0.000000,0.000000,4,-88.03,-88.03,0,0,
08/27/2026,08:03:43:312,0.000000,0.000000,2,-124.49,-124.49,0,0,
08/27/2026,08:03:43:423,0.000000,0.000000,3,-125.2,-125.2,0,0,
08/27/2026,08:03:43:457,0.000000,0.000000,1,-123.52,-123.52,0,0,
08/27/2026,08:03:43:470,0.000000,0.000000,4,-98.35,-98.35,0,0,
08/27/2026,08:03:43:589,0.000000,0.000000,2,-124.18,-124.18,0,0,
08/27/2026,08:03:43:698,0.000000,0.000000,3,-127.51,-127.51,0,0,
08/27/2026,08:03:43:732,0.000000,0.000000,1,-122.87,-122.87,0,0,
08/27/2026,08:03:43:751,0.000000,0.000000,4,-100.25,-100.25,0,0,
08/27/2026,08:03:43:889,0.000000,0.000000,2,-121.49,-121.49,0,0,
08/27/2026,08:03:43:978,0.000000,0.000000,3,-124.8,-124.8,0,0,
08/27/2026,08:03:44:016,0.000000,0.000000,1,-122.47,-122.47,0,0,
08/27/2026,08:03:44:021,0.000000,0.000000,4,-99.18,-99.18,0,0,
08/27/2026,08:03:44:199,0.000000,0.000000,2,-122.28,-122.28,0,0,
08/27/2026,08:03:44:275,0.000000,0.000000,3,-127.09,-127.09,0,0,
08/27/2026,08:03:44:287,0.000000,0.000000,1,-122,-122,0,0,
08/27/2026,08:03:44:304,0.000000,0.000000,4,-95.8,-95.8,0,0,
08/27/2026,08:03:44:417,0.000000,0.000000,2,-124.34,-124.34,0,0,
08/27/2026,08:03:44:531,0.000000,0.000000,3,-122.82,-122.82,0,0,
08/27/2026,08:03:44:558,0.000000,0.000000,1,-123.87,-123.87,0,0,
08/27/2026,08:03:44:573,0.000000,0.000000,4,-90.64,-90.64,0,0,
08/27/2026,08:03:44:693,0.000000,0.000000,2,-122.2,-122.2,0,0,
08/27/2026,08:03:44:798,0.000000,0.000000,3,-128.18,-128.18,0,0,
08/27/2026,08:03:44:831,0.000000,0.000000,1,-122.91,-122.91,0,0,
08/27/2026,08:03:44:859,0.000000,0.000000,4,-91,-91,0,0,
08/27/2026,08:03:45:049,0.000000,0.000000,2,-123.54,-123.54,0,0,
08/27/2026,08:03:45:074,0.000000,0.000000,3,-125.84,-125.84,0,0,
08/27/2026,08:03:45:112,0.000000,0.000000,1,-122.88,-122.88,0,0,
08/27/2026,08:03:45:132,0.000000,0.000000,4,-90.5,-90.5,0,0,
08/27/2026,08:03:45:254,0.000000,0.000000,2,-122.92,-122.92,0,0,
08/27/2026,08:03:45:366,0.000000,0.000000,3,-123.54,-123.54,0,0,
08/27/2026,08:03:45:393,0.000000,0.000000,1,-121.57,-121.57,0,0,
08/27/2026,08:03:45:408,0.000000,0.000000,4,-97.57,-97.57,0,0,
08/27/2026,08:03:45:546,0.000000,0.000000,2,-123.69,-123.69,0,0,
08/27/2026,08:03:45:650,0.000000,0.000000,3,-126.86,-126.86,0,0,
08/27/2026,08:03:45:662,0.000000,0.000000,1,-122.67,-122.67,0,0,
08/27/2026,08:03:45:748,0.000000,0.000000,4,-96.81,-96.81,0,0,
08/27/2026,08:03:45:849,0.000000,0.000000,2,-120.98,-120.98,0,0,
08/27/2026,08:03:45:938,0.000000,0.000000,3,-124.66,-124.66,0,0,
08/27/2026,08:03:45:973,0.000000,0.000000,1,-121.79,-121.79,0,0,
08/27/2026,08:03:45:983,0.000000,0.000000,4,-92.15,-92.15,0,0,
08/27/2026,08:03:46:101,0.000000,0.000000,2,-121.39,-121.39,0,0,
08/27/2026,08:03:46:186,0.000000,0.000000,3,-125.82,-125.82,0,0,
08/27/2026,08:03:46:219,0.000000,0.000000,1,-125.61,-125.61,0,0,
08/27/2026,08:03:46:230,0.000000,0.000000,4,-86.93,-86.93,0,0,
08/27/2026,08:03:46:354,0.000000,0.000000,2,-124.81,-124.81,0,0,
08/27/2026,08:03:46:463,0.000000,0.000000,3,-125.69,-125.69,0,0,
08/27/2026,08:03:46:492,0.000000,0.000000,1,-121.83,-121.83,0,0,
08/27/2026,08:03:46:515,0.000000,0.000000,4,-89.16,-89.16,0,0,
08/27/2026,08:03:46:629,0.000000,0.000000,2,-122.15,-122.15,0,0,
08/27/2026,08:03:46:741,0.000000,0.000000,3,-123.92,-123.92,0,0,
08/27/2026,08:03:46:768,0.000000,0.000000,1,-122.52,-122.52,0,0,
08/27/2026,08:03:46:787,0.000000,0.000000,4,-96.28,-96.28,0,0,
08/27/2026,08:03:46:926,0.000000,0.000000,2,-123.33,-123.33,0,0,
08/27/2026,08:03:47:031,0.000000,0.000000,3,-124.77,-124.77,0,0,
08/27/2026,08:03:47:052,0.000000,0.000000,1,-123.46,-123.46,0,0,
08/27/2026,08:03:47:059,0.000000,0.000000,4,-89.79,-89.79,0,0,
08/27/2026,08:03:47:187,0.000000,0.000000,2,-123.85,-123.85,0,0,
08/27/2026,08:03:47:291,0.000000,0.000000,3,-126.62,-126.62,0,0,
08/27/2026,08:03:47:322,0.000000,0.000000,1,-124.39,-124.39,0,0,
08/27/2026,08:03:47:350,0.000000,0.000000,4,-103.95,-103.95,0,0,
08/27/2026,08:03:47:466,0.000000,0.000000,2,-123.24,-123.24,0,0,
08/27/2026,08:03:47:596,0.000000,0.000000,3,-123.17,-123.17,0,0,
08/27/2026,08:03:47:601,0.000000,0.000000,1,-121.48,-121.48,0,0,
08/27/2026,08:03:47:634,0.000000,0.000000,4,-91.38,-91.38,0,0,
08/27/2026,08:03:47:733,0.000000,0.000000,2,-124.67,-124.67,0,0,
08/27/2026,08:03:47:842,0.000000,0.000000,3,-124.5,-124.5,0,0,
08/27/2026,08:03:47:877,0.000000,0.000000,1,-123.96,-123.96,0,0,
08/27/2026,08:03:47:917,0.000000,0.000000,4,-95.62,-95.62,0,0,
08/27/2026,08:03:48:017,0.000000,0.000000,2,-122.26,-122.26,0,0,
08/27/2026,08:03:48:148,0.000000,0.000000,3,-122.86,-122.86,0,0,
08/27/2026,08:03:48:205,0.000000,0.000000,1,-123.81,-123.81,0,0,
08/27/2026,08:03:48:213,0.000000,0.000000,4,-86.92,-86.92,0,0,
08/27/2026,08:03:48:297,0.000000,0.000000,2,-121.92,-121.92,0,0,
08/27/2026,08:03:48:394,0.000000,0.000000,3,-125.32,-125.32,0,0,
08/27/2026,08:03:48:441,0.000000,0.000000,1,-123.08,-123.08,0,0,
08/27/2026,08:03:48:444,0.000000,0.000000,4,-89.19,-89.19,0,0,
08/27/2026,08:03:48:563,0.000000,0.000000,2,-122.47,-122.47,0,0,
08/27/2026,08:03:48:672,0.000000,0.000000,3,-123.99,-123.99,0,0,
08/27/2026,08:03:48:722,0.000000,0.000000,1,-123.98,-123.98,0,0,
08/27/2026,08:03:48:726,0.000000,0.000000,4,-92.67,-92.67,0,0,
08/27/2026,08:03:48:840,0.000000,0.000000,2,-121.32,-121.32,0,0,
08/27/2026,08:03:48:950,0.000000,0.000000,3,-123.98,-123.98,0,0,
08/27/2026,08:03:48:982,0.000000,0.000000,1,-123.44,-123.44,0,0,
08/27/2026,08:03:48:995,0.000000,0.000000,4,-86.85,-86.85,0,0,
08/27/2026,08:03:49:114,0.000000,0.000000,2,-122.88,-122.88,0,0,
08/27/2026,08:03:49:219,0.000000,0.000000,3,-123.66,-123.66,0,0,
08/27/2026,08:03:49:255,0.000000,0.000000,1,-124.01,-124.01,0,0,
08/27/2026,08:03:49:278,0.000000,0.000000,4,-86.07,-86.07,0,0,
08/27/2026,08:03:49:392,0.000000,0.000000,2,-121.04,-121.04,0,0,
08/27/2026,08:03:49:496,0.000000,0.000000,3,-126.55,-126.55,0,0,
08/27/2026,08:03:49:534,0.000000,0.000000,1,-124.58,-124.58,0,0,
08/27/2026,08:03:49:575,0.000000,0.000000,4,-83.92,-83.92,0,0,
08/27/2026,08:03:49:719,0.000000,0.000000,2,-122.76,-122.76,0,0,
08/27/2026,08:03:49:809,0.000000,0.000000,3,-125.54,-125.54,0,0,
08/27/2026,08:03:49:919,0.000000,0.000000,1,-121.16,-121.16,0,0,
08/27/2026,08:03:49:924,0.000000,0.000000,4,-89.66,-89.66,0,0,
08/27/2026,08:03:49:974,0.000000,0.000000,2,-122.76,-122.76,0,0,
08/27/2026,08:03:50:056,0.000000,0.000000,3,-126.17,-126.17,0,0,
08/27/2026,08:03:50:176,0.000000,0.000000,1,-123.17,-123.17,0,0,
08/27/2026,08:03:50:178,0.000000,0.000000,4,-93.05,-93.05,0,0,
08/27/2026,08:03:50:225,0.000000,0.000000,2,-122.46,-122.46,0,0,
08/27/2026,08:03:50:330,0.000000,0.000000,3,-125.54,-125.54,0,0,
08/27/2026,08:03:50:368,0.000000,0.000000,1,-123.8,-123.8,0,0,
08/27/2026,08:03:50:380,0.000000,0.000000,4,-88.52,-88.52,0,0,
08/27/2026,08:03:50:500,0.000000,0.000000,2,-121.01,-121.01,0,0,
08/27/2026,08:03:50:601,0.000000,0.000000,3,-124.81,-124.81,0,0,
08/27/2026,08:03:50:648,0.000000,0.000000,1,-125.11,-125.11,0,0,
08/27/2026,08:03:50:653,0.000000,0.000000,4,-82.45,-82.45,0,0,
08/27/2026,08:03:50:777,0.000000,0.000000,2,-120.91,-120.91,0,0,
08/27/2026,08:03:50:879,0.000000,0.000000,3,-123.78,-123.78,0,0,
08/27/2026,08:03:50:925,0.000000,0.000000,1,-122.94,-122.94,0,0,
08/27/2026,08:03:50:932,0.000000,0.000000,4,-87.12,-87.12,0,0,
08/27/2026,08:03:51:053,0.000000,0.000000,2,-122.57,-122.57,0,0,
08/27/2026,08:03:51:204,0.000000,0.000000,3,-126.17,-126.17,0,0,
08/27/2026,08:03:51:241,0.000000,0.000000,1,-123.47,-123.47,0,0,
08/27/2026,08:03:51:249,0.000000,0.000000,4,-97.83,-97.83,0,0,
08/27/2026,08:03:51:334,0.000000,0.000000,2,-121.19,-121.19,0,0,
08/27/2026,08:03:51:446,0.000000,0.000000,3,-125.49,-125.49,0,0,
08/27/2026,08:03:51:488,0.000000,0.000000,1,-123.98,-123.98,0,0,
08/27/2026,08:03:51:493,0.000000,0.000000,4,-96.99,-96.99,0,0,
08/27/2026,08:03:51:613,0.000000,0.000000,2,-122.37,-122.37,0,0,
08/27/2026,08:03:51:709,0.000000,0.000000,3,-122.84,-122.84,0,0,
08/27/2026,08:03:51:751,0.000000,0.000000,1,-121.82,-121.82,0,0,
08/27/2026,08:03:51:763,0.000000,0.000000,4,-95.61,-95.61,0,0,
08/27/2026,08:03:51:888,0.000000,0.000000,2,-122.33,-122.33,0,0,
08/27/2026,08:03:51:986,0.000000,0.000000,3,-126.74,-126.74,0,0,
08/27/2026,08:03:52:049,0.000000,0.000000,1,-122.23,-122.23,0,0,
08/27/2026,08:03:52:053,0.000000,0.000000,4,-92.75,-92.75,0,0,
08/27/2026,08:03:52:158,0.000000,0.000000,2,-122.53,-122.53,0,0,
08/27/2026,08:03:52:264,0.000000,0.000000,3,-125.48,-125.48,0,0,
08/27/2026,08:03:52:300,0.000000,0.000000,1,-121.66,-121.66,0,0,
08/27/2026,08:03:52:314,0.000000,0.000000,4,-84.3,-84.3,0,0,
08/27/2026,08:03:52:440,0.000000,0.000000,2,-122.22,-122.22,0,0,
08/27/2026,08:03:52:555,0.000000,0.000000,3,-124.74,-124.74,0,0,
08/27/2026,08:03:52:570,0.000000,0.000000,1,-122.84,-122.84,0,0,
08/27/2026,08:03:52:591,0.000000,0.000000,4,-89.82,-89.82,0,0,
08/27/2026,08:03:52:718,0.000000,0.000000,2,-121.95,-121.95,0,0,
08/27/2026,08:03:52:813,0.000000,0.000000,3,-125.86,-125.86,0,0,
08/27/2026,08:03:52:846,0.000000,0.000000,1,-124.06,-124.06,0,0,
08/27/2026,08:03:52:866,0.000000,0.000000,4,-85.02,-85.02,0,0,
08/27/2026,08:03:52:994,0.000000,0.000000,2,-122.98,-122.98,0,0,
08/27/2026,08:03:53:100,0.000000,0.000000,3,-127.54,-127.54,0,0,
08/27/2026,08:03:53:124,0.000000,0.000000,1,-122.66,-122.66,0,0,
08/27/2026,08:03:53:142,0.000000,0.000000,4,-89.64,-89.64,0,0,
08/27/2026,08:03:53:288,0.000000,0.000000,2,-122.68,-122.68,0,0,
08/27/2026,08:03:53:405,0.000000,0.000000,3,-125.18,-125.18,0,0,
08/27/2026,08:03:53:410,0.000000,0.000000,1,-123.25,-123.25,0,0,
08/27/2026,08:03:53:446,0.000000,0.000000,4,-92.05,-92.05,0,0,
08/27/2026,08:03:53:554,0.000000,0.000000,2,-121.82,-121.82,0,0,
08/27/2026,08:03:53:653,0.000000,0.000000,3,-127.14,-127.14,0,0,
08/27/2026,08:03:53:688,0.000000,0.000000,1,-123.06,-123.06,0,0,
08/27/2026,08:03:53:703,0.000000,0.000000,4,-85.07,-85.07,0,0,
08/27/2026,08:03:53:823,0.000000,0.000000,2,-121.47,-121.47,0,0,
08/27/2026,08:03:53:943,0.000000,0.000000,3,-122.87,-122.87,0,0,
08/27/2026,08:03:53:963,0.000000,0.000000,1,-122.7,-122.7,0,0,
08/27/2026,08:03:53:980,0.000000,0.000000,4,-88.3,-88.3,0,0,
08/27/2026,08:03:54:120,0.000000,0.000000,2,-121.14,-121.14,0,0,
08/27/2026,08:03:54:212,0.000000,0.000000,3,-125.94,-125.94,0,0,
08/27/2026,08:03:54:249,0.000000,0.000000,1,-122.84,-122.84,0,0,
08/27/2026,08:03:54:255,0.000000,0.000000,4,-88.53,-88.53,0,0,
08/27/2026,08:03:54:387,0.000000,0.000000,2,-120.96,-120.96,0,0,
08/27/2026,08:03:54:483,0.000000,0.000000,3,-125.63,-125.63,0,0,
08/27/2026,08:03:54:525,0.000000,0.000000,1,-121.89,-121.89,0,0,
08/27/2026,08:03:54:532,0.000000,0.000000,4,-95.61,-95.61,0,0,
08/27/2026,08:03:54:655,0.000000,0.000000,2,-123.05,-123.05,0,0,
08/27/2026,08:03:54:761,0.000000,0.000000,3,-126.71,-126.71,0,0,
08/27/2026,08:03:54:805,0.000000,0.000000,1,-122.98,-122.98,0,0,
08/27/2026,08:03:54:816,0.000000,0.000000,4,-91.57,-91.57,0,0,
08/27/2026,08:03:54:936,0.000000,0.000000,2,-122.82,-122.82,0,0,
08/27/2026,08:03:55:055,0.000000,0.000000,3,-126.53,-126.53,0,0,
08/27/2026,08:03:55:099,0.000000,0.000000,1,-122.71,-122.71,0,0,
08/27/2026,08:03:55:101,0.000000,0.000000,4,-89.57,-89.57,0,0,
08/27/2026,08:03:55:219,0.000000,0.000000,2,-121.74,-121.74,0,0,
08/27/2026,08:03:55:352,0.000000,0.000000,3,-115.89,-115.89,0,0,
08/27/2026,08:03:55:360,0.000000,0.000000,1,-122.93,-122.93,0,0,
08/27/2026,08:03:55:400,0.000000,0.000000,4,-86.14,-86.14,0,0,
08/27/2026,08:03:55:502,0.000000,0.000000,2,-122.25,-122.25,0,0,
08/27/2026,08:03:55:619,0.000000,0.000000,3,-124.95,-124.95,0,0,
08/27/2026,08:03:55:641,0.000000,0.000000,1,-123.71,-123.71,0,0,
08/27/2026,08:03:55:666,0.000000,0.000000,4,-90.42,-90.42,0,0,
08/27/2026,08:03:55:785,0.000000,0.000000,2,-124.3,-124.3,0,0,
08/27/2026,08:03:55:893,0.000000,0.000000,3,-126.67,-126.67,0,0,
08/27/2026,08:03:55:918,0.000000,0.000000,1,-121.24,-121.24,0,0,
08/27/2026,08:03:55:949,0.000000,0.000000,4,-92.37,-92.37,0,0,
08/27/2026,08:03:56:064,0.000000,0.000000,2,-122.32,-122.32,0,0,
08/27/2026,08:03:56:160,0.000000,0.000000,3,-124.68,-124.68,0,0,
08/27/2026,08:03:56:198,0.000000,0.000000,1,-123.39,-123.39,0,0,
08/27/2026,08:03:56:219,0.000000,0.000000,4,-86.37,-86.37,0,0,
08/27/2026,08:03:56:339,0.000000,0.000000,2,-122.81,-122.81,0,0,
08/27/2026,08:03:56:440,0.000000,0.000000,3,-127.02,-127.02,0,0,
08/27/2026,08:03:56:474,0.000000,0.000000,1,-124.78,-124.78,0,0,
08/27/2026,08:03:56:495,0.000000,0.000000,4,-83.78,-83.78,0,0,
08/27/2026,08:03:56:611,0.000000,0.000000,2,-121.57,-121.57,0,0,
08/27/2026,08:03:56:716,0.000000,0.000000,3,-125.92,-125.92,0,0,
08/27/2026,08:03:56:780,0.000000,0.000000,1,-123.42,-123.42,0,0,
08/27/2026,08:03:56:785,0.000000,0.000000,4,-82.69,-82.69,0,0,
08/27/2026,08:03:56:925,0.000000,0.000000,2,-124.95,-124.95,0,0,
08/27/2026,08:03:57:111,0.000000,0.000000,3,-124.3,-124.3,0,0,
08/27/2026,08:03:57:119,0.000000,0.000000,1,-121.51,-121.51,0,0,
08/27/2026,08:03:57:206,0.000000,0.000000,4,-87.26,-87.26,0,0,
08/27/2026,08:03:57:327,0.000000,0.000000,2,-119.38,-119.38,0,0,
08/27/2026,08:03:57:392,0.000000,0.000000,3,-126.45,-126.45,0,0,
08/27/2026,08:03:57:404,0.000000,0.000000,1,-123.14,-123.14,0,0,
08/27/2026,08:03:57:408,0.000000,0.000000,4,-94.72,-94.72,0,0,
08/27/2026,08:03:57:469,0.000000,0.000000,2,-122.87,-122.87,0,0,
08/27/2026,08:03:57:595,0.000000,0.000000,3,-125.9,-125.9,0,0,
08/27/2026,08:03:57:609,0.000000,0.000000,1,-124.38,-124.38,0,0,
08/27/2026,08:03:57:613,0.000000,0.000000,4,-83.48,-83.48,0,0,
08/27/2026,08:03:57:719,0.000000,0.000000,2,-120.94,-120.94,0,0,
08/27/2026,08:03:57:817,0.000000,0.000000,3,-125.14,-125.14,0,0,
08/27/2026,08:03:57:854,0.000000,0.000000,1,-122.44,-122.44,0,0,
08/27/2026,08:03:57:879,0.000000,0.000000,4,-89.44,-89.44,0,0,
08/27/2026,08:03:57:998,0.000000,0.000000,2,-120.91,-120.91,0,0,
08/27/2026,08:03:58:103,0.000000,0.000000,3,-123.97,-123.97,0,0,
08/27/2026,08:03:58:145,0.000000,0.000000,1,-124.27,-124.27,0,0,
08/27/2026,08:03:58:175,0.000000,0.000000,4,-89.28,-89.28,0,0,
08/27/2026,08:03:58:288,0.000000,0.000000,2,-121.93,-121.93,0,0,
08/27/2026,08:03:58:379,0.000000,0.000000,3,-125.27,-125.27,0,0,
08/27/2026,08:03:58:413,0.000000,0.000000,1,-124.87,-124.87,0,0,
08/27/2026,08:03:58:459,0.000000,0.000000,4,-89.88,-89.88,0,0,
08/27/2026,08:03:58:552,0.000000,0.000000,2,-123.07,-123.07,0,0,
08/27/2026,08:03:58:674,0.000000,0.000000,3,-123.35,-123.35,0,0,
08/27/2026,08:03:58:713,0.000000,0.000000,1,-124.71,-124.71,0,0,
08/27/2026,08:03:58:718,0.000000,0.000000,4,-86.45,-86.45,0,0,
08/27/2026,08:03:58:838,0.000000,0.000000,2,-121.51,-121.51,0,0,
08/27/2026,08:03:58:927,0.000000,0.000000,3,-124.39,-124.39,0,0,
08/27/2026,08:03:58:959,0.000000,0.000000,1,-124.94,-124.94,0,0,
08/27/2026,08:03:58:975,0.000000,0.000000,4,-91.18,-91.18,0,0,
08/27/2026,08:03:59:098,0.000000,0.000000,2,-123.34,-123.34,0,0,
08/27/2026,08:03:59:215,0.000000,0.000000,3,-125.21,-125.21,0,0,
08/27/2026,08:03:59:238,0.000000,0.000000,1,-125.05,-125.05,0,0,
08/27/2026,08:03:59:256,0.000000,0.000000,4,-86.88,-86.88,0,0,
08/27/2026,08:03:59:375,0.000000,0.000000,2,-121.89,-121.89,0,0,
08/27/2026,08:03:59:486,0.000000,0.000000,3,-124.75,-124.75,0,0,
08/27/2026,08:03:59:531,0.000000,0.000000,1,-122.93,-122.93,0,0,
08/27/2026,08:03:59:533,0.000000,0.000000,4,-82.7,-82.7,0,0,
08/27/2026,08:03:59:649,0.000000,0.000000,2,-123.25,-123.25,0,0,
08/27/2026,08:03:59:758,0.000000,0.000000,3,-124.02,-124.02,0,0,
08/27/2026,08:03:59:786,0.000000,0.000000,1,-123.22,-123.22,0,0,
08/27/2026,08:03:59:816,0.000000,0.000000,4,-85.94,-85.94,0,0,
08/27/2026,08:03:59:936,0.000000,0.000000,2,-122.13,-122.13,0,0,
08/27/2026,08:04:00:036,0.000000,0.000000,3,-123.54,-123.54,0,0,
08/27/2026,08:04:00:063,0.000000,0.000000,1,-122.8,-122.8,0,0,
08/27/2026,08:04:00:086,0.000000,0.000000,4,-89.67,-89.67,0,0,
08/27/2026,08:04:00:206,0.000000,0.000000,2,-122.8,-122.8,0,0,
08/27/2026,08:04:00:305,0.000000,0.000000,3,-125.27,-125.27,0,0,
08/27/2026,08:04:00:343,0.000000,0.000000,1,-123.87,-123.87,0,0,
08/27/2026,08:04:00:463,0.000000,0.000000,4,-82.61,-82.61,0,0,
08/27/2026,08:04:00:502,0.000000,0.000000,2,-121.04,-121.04,0,0,
08/27/2026,08:04:00:583,0.000000,0.000000,3,-124.9,-124.9,0,0,
08/27/2026,08:04:00:615,0.000000,0.000000,1,-124.18,-124.18,0,0,
08/27/2026,08:04:00:634,0.000000,0.000000,4,-82.59,-82.59,0,0,
08/27/2026,08:04:00:765,0.000000,0.000000,2,-120.67,-120.67,0,0,
08/27/2026,08:04:00:896,0.000000,0.000000,3,-126.41,-126.41,0,0,
08/27/2026,08:04:00:934,0.000000,0.000000,1,-123.04,-123.04,0,0,
08/27/2026,08:04:00:981,0.000000,0.000000,4,-87.2,-87.2,0,0,
08/27/2026,08:04:01:075,0.000000,0.000000,2,-123.76,-123.76,0,0,
08/27/2026,08:04:01:144,0.000000,0.000000,3,-125.12,-125.12,0,0,
08/27/2026,08:04:01:170,0.000000,0.000000,1,-121.66,-121.66,0,0,
08/27/2026,08:04:01:186,0.000000,0.000000,4,-93.43,-93.43,0,0,
08/27/2026,08:04:01:306,0.000000,0.000000,2,-126.48,-126.48,0,0,
08/27/2026,08:04:01:413,0.000000,0.000000,3,-124.97,-124.97,0,0,
08/27/2026,08:04:01:449,0.000000,0.000000,1,-124.25,-124.25,0,0,
08/27/2026,08:04:01:461,0.000000,0.000000,4,-94.57,-94.57,0,0,
08/27/2026,08:04:01:587,0.000000,0.000000,2,-124.07,-124.07,0,0,
08/27/2026,08:04:01:698,0.000000,0.000000,3,-124.67,-124.67,0,0,
08/27/2026,08:04:01:728,0.000000,0.000000,1,-125.3,-125.3,0,0,
08/27/2026,08:04:01:753,0.000000,0.000000,4,-93.84,-93.84,0,0,
08/27/2026,08:04:01:859,0.000000,0.000000,2,-121.26,-121.26,0,0,
08/27/2026,08:04:01:962,0.000000,0.000000,3,-126.83,-126.83,0,0,
08/27/2026,08:04:02:003,0.000000,0.000000,1,-121.18,-121.18,0,0,
08/27/2026,08:04:02:013,0.000000,0.000000,4,-94.56,-94.56,0,0,
08/27/2026,08:04:02:152,0.000000,0.000000,2,-120.38,-120.38,0,0,
08/27/2026,08:04:02:241,0.000000,0.000000,3,-124.12,-124.12,0,0,
08/27/2026,08:04:02:344,0.000000,0.000000,1,-124.52,-124.52,0,0,
08/27/2026,08:04:02:373,0.000000,0.000000,4,-91.29,-91.29,0,0,
08/27/2026,08:04:02:461,0.000000,0.000000,2,-121.06,-121.06,0,0,
08/27/2026,08:04:02:546,0.000000,0.000000,3,-124.32,-124.32,0,0,
08/27/2026,08:04:02:586,0.000000,0.000000,1,-123.06,-123.06,0,0,
08/27/2026,08:04:02:588,0.000000,0.000000,4,-94.35,-94.35,0,0,
08/27/2026,08:04:02:711,0.000000,0.000000,2,-122.16,-122.16,0,0,
08/27/2026,08:04:02:794,0.000000,0.000000,3,-127.77,-127.77,0,0,
08/27/2026,08:04:02:840,0.000000,0.000000,1,-121.09,-121.09,0,0,
08/27/2026,08:04:02:881,0.000000,0.000000,4,-87.81,-87.81,0,0,
08/27/2026,08:04:02:969,0.000000,0.000000,2,-123.01,-123.01,0,0,
08/27/2026,08:04:03:092,0.000000,0.000000,3,-126.45,-126.45,0,0,
08/27/2026,08:04:03:102,0.000000,0.000000,1,-122.2,-122.2,0,0,
08/27/2026,08:04:03:121,0.000000,0.000000,4,-87.55,-87.55,0,0,
08/27/2026,08:04:03:241,0.000000,0.000000,2,-124.41,-124.41,0,0,
08/27/2026,08:04:03:348,0.000000,0.000000,3,-124.78,-124.78,0,0,
08/27/2026,08:04:03:392,0.000000,0.000000,1,-123.21,-123.21,0,0,
08/27/2026,08:04:03:400,0.000000,0.000000,4,-97.75,-97.75,0,0,
08/27/2026,08:04:03:518,0.000000,0.000000,2,-123.82,-123.82,0,0,
08/27/2026,08:04:03:622,0.000000,0.000000,3,-126.72,-126.72,0,0,
08/27/2026,08:04:03:662,0.000000,0.000000,1,-123.01,-123.01,0,0,
08/27/2026,08:04:03:687,0.000000,0.000000,4,-87.71,-87.71,0,0,
08/27/2026,08:04:03:827,0.000000,0.000000,2,-124.67,-124.67,0,0,
08/27/2026,08:04:03:898,0.000000,0.000000,3,-125.53,-125.53,0,0,
08/27/2026,08:04:03:932,0.000000,0.000000,1,-123.45,-123.45,0,0,
08/27/2026,08:04:03:956,0.000000,0.000000,4,-85.18,-85.18,0,0,
08/27/2026,08:04:04:071,0.000000,0.000000,2,-122.86,-122.86,0,0,
08/27/2026,08:04:04:174,0.000000,0.000000,3,-126.84,-126.84,0,0,
08/27/2026,08:04:04:209,0.000000,0.000000,1,-124.07,-124.07,0,0,
08/27/2026,08:04:04:235,0.000000,0.000000,4,-87.49,-87.49,0,0,
08/27/2026,08:04:04:370,0.000000,0.000000,2,-123.32,-123.32,0,0,
08/27/2026,08:04:04:462,0.000000,0.000000,3,-126.64,-126.64,0,0,
08/27/2026,08:04:04:494,0.000000,0.000000,1,-124.08,-124.08,0,0,
08/27/2026,08:04:04:500,0.000000,0.000000,4,-91.56,-91.56,0,0,
08/27/2026,08:04:04:660,0.000000,0.000000,2,-122.66,-122.66,0,0,
08/27/2026,08:04:04:776,0.000000,0.000000,3,-128.23,-128.23,0,0,
08/27/2026,08:04:04:791,0.000000,0.000000,1,-123.28,-123.28,0,0,
08/27/2026,08:04:04:807,0.000000,0.000000,4,-94.49,-94.49,0,0,
08/27/2026,08:04:04:915,0.000000,0.000000,2,-120.87,-120.87,0,0,
08/27/2026,08:04:05:013,0.000000,0.000000,3,-123.6,-123.6,0,0,
08/27/2026,08:04:05:070,0.000000,0.000000,1,-121.21,-121.21,0,0,
08/27/2026,08:04:05:077,0.000000,0.000000,4,-87.93,-87.93,0,0,
08/27/2026,08:04:05:185,0.000000,0.000000,2,-122.68,-122.68,0,0,
08/27/2026,08:04:05:297,0.000000,0.000000,3,-126.33,-126.33,0,0,
08/27/2026,08:04:05:335,0.000000,0.000000,1,-123.41,-123.41,0,0,
08/27/2026,08:04:05:339,0.000000,0.000000,4,-90.68,-90.68,0,0,
08/27/2026,08:04:05:473,0.000000,0.000000,2,-123.67,-123.67,0,0,
08/27/2026,08:04:06:139,0.000000,0.000000,3,-125.58,-125.58,0,0,
08/27/2026,08:04:06:155,0.000000,0.000000,1,-122.48,-122.48,0,0,
08/27/2026,08:04:06:162,0.000000,0.000000,4,-92.53,-92.53,0,0,
08/27/2026,08:04:06:250,0.000000,0.000000,2,-119.87,-119.87,0,0,
08/27/2026,08:04:06:317,0.000000,0.000000,3,-124.85,-124.85,0,0,
08/27/2026,08:04:06:351,0.000000,0.000000,1,-120.62,-120.62,0,0,
08/27/2026,08:04:06:398,0.000000,0.000000,4,-84.11,-84.11,0,0,
08/27/2026,08:04:06:580,0.000000,0.000000,2,-124.94,-124.94,0,0,
08/27/2026,08:04:06:636,0.000000,0.000000,3,-126.03,-126.03,0,0,
08/27/2026,08:04:06:684,0.000000,0.000000,1,-120.65,-120.65,0,0,
08/27/2026,08:04:06:695,0.000000,0.000000,4,-84.62,-84.62,0,0,
08/27/2026,08:04:06:757,0.000000,0.000000,2,-123.82,-123.82,0,0,
08/27/2026,08:04:06:793,0.000000,0.000000,3,-124.74,-124.74,0,0,
08/27/2026,08:04:06:804,0.000000,0.000000,1,-123.66,-123.66,0,0,
08/27/2026,08:04:06:808,0.000000,0.000000,4,-89.82,-89.82,0,0,
08/27/2026,08:04:06:857,0.000000,0.000000,2,-122.89,-122.89,0,0,
08/27/2026,08:04:06:896,0.000000,0.000000,3,-124.41,-124.41,0,0,
08/27/2026,08:04:06:917,0.000000,0.000000,1,-122.16,-122.16,0,0,
08/27/2026,08:04:06:920,0.000000,0.000000,4,-88.93,-88.93,0,0,
08/27/2026,08:04:07:001,0.000000,0.000000,2,-121.5,-121.5,0,0,
08/27/2026,08:04:07:031,0.000000,0.000000,3,-123.24,-123.24,0,0,
08/27/2026,08:04:07:048,0.000000,0.000000,1,-121.6,-121.6,0,0,
08/27/2026,08:04:07:051,0.000000,0.000000,4,-92.97,-92.97,0,0,
08/27/2026,08:04:07:126,0.000000,0.000000,2,-124.28,-124.28,0,0,
08/27/2026,08:04:07:223,0.000000,0.000000,3,-125.51,-125.51,0,0,
08/27/2026,08:04:07:269,0.000000,0.000000,1,-122.65,-122.65,0,0,
08/27/2026,08:04:07:285,0.000000,0.000000,4,-86.45,-86.45,0,0,
08/27/2026,08:04:07:405,0.000000,0.000000,2,-121.68,-121.68,0,0,
08/27/2026,08:04:07:500,0.000000,0.000000,3,-124.13,-124.13,0,0,
08/27/2026,08:04:07:541,0.000000,0.000000,1,-123.59,-123.59,0,0,
08/27/2026,08:04:07:551,0.000000,0.000000,4,-96.58,-96.58,0,0,
08/27/2026,08:04:07:680,0.000000,0.000000,2,-126.12,-126.12,0,0,
08/27/2026,08:04:07:791,0.000000,0.000000,3,-125.03,-125.03,0,0,
08/27/2026,08:04:07:816,0.000000,0.000000,1,-124.56,-124.56,0,0,
08/27/2026,08:04:07:844,0.000000,0.000000,4,-87.21,-87.21,0,0,
08/27/2026,08:04:07:969,0.000000,0.000000,2,-124.45,-124.45,0,0,
08/27/2026,08:04:08:103,0.000000,0.000000,3,-127.23,-127.23,0,0,
08/27/2026,08:04:08:153,0.000000,0.000000,1,-122.25,-122.25,0,0,
08/27/2026,08:04:08:156,0.000000,0.000000,4,-95.54,-95.54,0,0,
08/27/2026,08:04:08:243,0.000000,0.000000,2,-124.64,-124.64,0,0,
08/27/2026,08:04:08:358,0.000000,0.000000,3,-127.36,-127.36,0,0,
08/27/2026,08:04:08:377,0.000000,0.000000,1,-121.87,-121.87,0,0,
08/27/2026,08:04:08:406,0.000000,0.000000,4,-95.57,-95.57,0,0,
08/27/2026,08:04:08:505,0.000000,0.000000,2,-121.63,-121.63,0,0,
08/27/2026,08:04:08:613,0.000000,0.000000,3,-123.84,-123.84,0,0,
08/27/2026,08:04:08:648,0.000000,0.000000,1,-122.95,-122.95,0,0,
08/27/2026,08:04:08:657,0.000000,0.000000,4,-88.65,-88.65,0,0,
08/27/2026,08:04:08:789,0.000000,0.000000,2,-122.84,-122.84,0,0,
08/27/2026,08:04:08:888,0.000000,0.000000,3,-126.68,-126.68,0,0,
08/27/2026,08:04:08:918,0.000000,0.000000,1,-123.32,-123.32,0,0,
08/27/2026,08:04:08:940,0.000000,0.000000,4,-93.38,-93.38,0,0,
08/27/2026,08:04:09:067,0.000000,0.000000,2,-121.62,-121.62,0,0,
08/27/2026,08:04:09:165,0.000000,0.000000,3,-123.33,-123.33,0,0,
08/27/2026,08:04:09:208,0.000000,0.000000,1,-122.11,-122.11,0,0,
08/27/2026,08:04:09:227,0.000000,0.000000,4,-90.12,-90.12,0,0,
08/27/2026,08:04:09:353,0.000000,0.000000,2,-122.94,-122.94,0,0,
08/27/2026,08:04:09:443,0.000000,0.000000,3,-119.69,-119.69,0,0,
08/27/2026,08:04:09:470,0.000000,0.000000,1,-122.63,-122.63,0,0,
08/27/2026,08:04:09:489,0.000000,0.000000,4,-100.06,-100.06,0,0,
08/27/2026,08:04:09:625,0.000000,0.000000,2,-123.43,-123.43,0,0,
08/27/2026,08:04:09:755,0.000000,0.000000,3,-125.21,-125.21,0,0,
08/27/2026,08:04:09:771,0.000000,0.000000,1,-123.56,-123.56,0,0,
08/27/2026,08:04:09:803,0.000000,0.000000,4,-91.31,-91.31,0,0,
08/27/2026,08:04:09:905,0.000000,0.000000,2,-124.13,-124.13,0,0,
08/27/2026,08:04:10:026,0.000000,0.000000,3,-125.45,-125.45,0,0,
08/27/2026,08:04:10:034,0.000000,0.000000,1,-123.27,-123.27,0,0,
08/27/2026,08:04:10:069,0.000000,0.000000,4,-96.45,-96.45,0,0,
08/27/2026,08:04:10:161,0.000000,0.000000,2,-124.58,-124.58,0,0,
08/27/2026,08:04:10:266,0.000000,0.000000,3,-126.16,-126.16,0,0,
08/27/2026,08:04:10:323,0.000000,0.000000,1,-123.14,-123.14,0,0,
08/27/2026,08:04:10:324,0.000000,0.000000,4,-93.45,-93.45,0,0,
08/27/2026,08:04:10:445,0.000000,0.000000,2,-122.64,-122.64,0,0,
08/27/2026,08:04:10:557,0.000000,0.000000,3,-125.21,-125.21,0,0,
08/27/2026,08:04:10:575,0.000000,0.000000,1,-127.42,-127.42,0,0,
08/27/2026,08:04:10:591,0.000000,0.000000,4,-92.2,-92.2,0,0,
08/27/2026,08:04:10:713,0.000000,0.000000,2,-122.63,-122.63,0,0,
08/27/2026,08:04:10:834,0.000000,0.000000,3,-124.45,-124.45,0,0,
08/27/2026,08:04:10:871,0.000000,0.000000,1,-122.83,-122.83,0,0,
08/27/2026,08:04:10:877,0.000000,0.000000,4,-91.25,-91.25,0,0,
08/27/2026,08:04:11:012,0.000000,0.000000,2,-125.14,-125.14,0,0,
08/27/2026,08:04:11:102,0.000000,0.000000,3,-123.4,-123.4,0,0,
08/27/2026,08:04:11:217,0.000000,0.000000,1,-123.2,-123.2,0,0,
08/27/2026,08:04:11:218,0.000000,0.000000,4,-94.42,-94.42,0,0,
08/27/2026,08:04:11:289,0.000000,0.000000,2,-120.8,-120.8,0,0,
08/27/2026,08:04:11:375,0.000000,0.000000,3,-125.54,-125.54,0,0,
08/27/2026,08:04:11:408,0.000000,0.000000,1,-123.79,-123.79,0,0,
08/27/2026,08:04:11:430,0.000000,0.000000,4,-93.07,-93.07,0,0,
08/27/2026,08:04:11:583,0.000000,0.000000,2,-121.95,-121.95,0,0,
08/27/2026,08:04:11:653,0.000000,0.000000,3,-124.9,-124.9,0,0,
08/27/2026,08:04:11:718,0.000000,0.000000,1,-123.56,-123.56,0,0,
08/27/2026,08:04:11:722,0.000000,0.000000,4,-92.82,-92.82,0,0,
08/27/2026,08:04:11:819,0.000000,0.000000,2,-122.23,-122.23,0,0,
08/27/2026,08:04:11:939,0.000000,0.000000,3,-125.56,-125.56,0,0,
08/27/2026,08:04:11:973,0.000000,0.000000,1,-122.37,-122.37,0,0,
08/27/2026,08:04:11:976,0.000000,0.000000,4,-85.88,-85.88,0,0,
08/27/2026,08:04:12:098,0.000000,0.000000,2,-122,-122,0,0,
08/27/2026,08:04:12:202,0.000000,0.000000,3,-126.34,-126.34,0,0,
08/27/2026,08:04:12:241,0.000000,0.000000,1,-121.99,-121.99,0,0,
08/27/2026,08:04:12:253,0.000000,0.000000,4,-87.51,-87.51,0,0,
08/27/2026,08:04:12:389,0.000000,0.000000,2,-123.44,-123.44,0,0,
08/27/2026,08:04:12:481,0.000000,0.000000,3,-125.79,-125.79,0,0,
08/27/2026,08:04:12:539,0.000000,0.000000,1,-121.7,-121.7,0,0,
08/27/2026,08:04:12:542,0.000000,0.000000,4,-88.89,-88.89,0,0,
08/27/2026,08:04:12:650,0.000000,0.000000,2,-122.09,-122.09,0,0,
08/27/2026,08:04:12:752,0.000000,0.000000,3,-126.02,-126.02,0,0,
08/27/2026,08:04:12:786,0.000000,0.000000,1,-120.92,-120.92,0,0,
08/27/2026,08:04:12:824,0.000000,0.000000,4,-87.84,-87.84,0,0,
08/27/2026,08:04:12:931,0.000000,0.000000,2,-124.42,-124.42,0,0,
08/27/2026,08:04:13:035,0.000000,0.000000,3,-127.44,-127.44,0,0,
08/27/2026,08:04:13:065,0.000000,0.000000,1,-122.56,-122.56,0,0,
08/27/2026,08:04:13:084,0.000000,0.000000,4,-83.01,-83.01,0,0,
08/27/2026,08:04:13:203,0.000000,0.000000,2,-122.98,-122.98,0,0,
08/27/2026,08:04:13:305,0.000000,0.000000,3,-125.52,-125.52,0,0,
08/27/2026,08:04:13:344,0.000000,0.000000,1,-121.88,-121.88,0,0,
08/27/2026,08:04:13:374,0.000000,0.000000,4,-86.6,-86.6,0,0,
08/27/2026,08:04:13:526,0.000000,0.000000,2,-121.86,-121.86,0,0,
08/27/2026,08:04:13:592,0.000000,0.000000,3,-124.77,-124.77,0,0,
08/27/2026,08:04:13:619,0.000000,0.000000,1,-121.07,-121.07,0,0,
08/27/2026,08:04:13:662,0.000000,0.000000,4,-84.03,-84.03,0,0,
08/27/2026,08:04:13:805,0.000000,0.000000,2,-121.92,-121.92,0,0,
08/27/2026,08:04:13:882,0.000000,0.000000,3,-124.82,-124.82,0,0,
08/27/2026,08:04:13:893,0.000000,0.000000,1,-122.98,-122.98,0,0,
08/27/2026,08:04:13:926,0.000000,0.000000,4,-87.64,-87.64,0,0,
08/27/2026,08:04:14:052,0.000000,0.000000,2,-123.09,-123.09,0,0,
08/27/2026,08:04:14:137,0.000000,0.000000,3,-126.82,-126.82,0,0,
08/27/2026,08:04:14:170,0.000000,0.000000,1,-122.27,-122.27,0,0,
08/27/2026,08:04:14:185,0.000000,0.000000,4,-93.07,-93.07,0,0,
08/27/2026,08:04:14:307,0.000000,0.000000,2,-123.55,-123.55,0,0,
08/27/2026,08:04:14:425,0.000000,0.000000,3,-125.7,-125.7,0,0,
08/27/2026,08:04:14:449,0.000000,0.000000,1,-122.09,-122.09,0,0,
08/27/2026,08:04:14:471,0.000000,0.000000,4,-85.1,-85.1,0,0,
08/27/2026,08:04:14:590,0.000000,0.000000,2,-121.79,-121.79,0,0,
08/27/2026,08:04:14:693,0.000000,0.000000,3,-126.04,-126.04,0,0,
08/27/2026,08:04:14:721,0.000000,0.000000,1,-123.59,-123.59,0,0,
08/27/2026,08:04:14:741,0.000000,0.000000,4,-91.01,-91.01,0,0,
08/27/2026,08:04:14:870,0.000000,0.000000,2,-124.4,-124.4,0,0,
08/27/2026,08:04:15:001,0.000000,0.000000,3,-125.05,-125.05,0,0,
08/27/2026,08:04:15:037,0.000000,0.000000,1,-123.22,-123.22,0,0,
08/27/2026,08:04:15:049,0.000000,0.000000,4,-87.11,-87.11,0,0,
08/27/2026,08:04:15:151,0.000000,0.000000,2,-123.51,-123.51,0,0,
08/27/2026,08:04:15:243,0.000000,0.000000,3,-124.08,-124.08,0,0,
08/27/2026,08:04:15:276,0.000000,0.000000,1,-124.65,-124.65,0,0,
08/27/2026,08:04:15:292,0.000000,0.000000,4,-89.88,-89.88,0,0,
08/27/2026,08:04:15:429,0.000000,0.000000,2,-123.81,-123.81,0,0,
08/27/2026,08:04:15:516,0.000000,0.000000,3,-126.93,-126.93,0,0,
08/27/2026,08:04:15:550,0.000000,0.000000,1,-123.53,-123.53,0,0,
08/27/2026,08:04:15:586,0.000000,0.000000,4,-83.55,-83.55,0,0,
08/27/2026,08:04:15:701,0.000000,0.000000,2,-121.55,-121.55,0,0,
08/27/2026,08:04:15:795,0.000000,0.000000,3,-124.23,-124.23,0,0,
08/27/2026,08:04:15:829,0.000000,0.000000,1,-122.5,-122.5,0,0,
08/27/2026,08:04:15:847,0.000000,0.000000,4,-92.24,-92.24,0,0,
08/27/2026,08:04:15:974,0.000000,0.000000,2,-125.53,-125.53,0,0,
08/27/2026,08:04:16:074,0.000000,0.000000,3,-125.43,-125.43,0,0,
08/27/2026,08:04:16:102,0.000000,0.000000,1,-122.66,-122.66,0,0,
08/27/2026,08:04:16:123,0.000000,0.000000,4,-95.4,-95.4,0,0,
08/27/2026,08:04:16:359,0.000000,0.000000,2,-125.55,-125.55,0,0,
08/27/2026,08:04:16:444,0.000000,0.000000,3,-127.55,-127.55,0,0,
08/27/2026,08:04:16:476,0.000000,0.000000,1,-121.52,-121.52,0,0,
08/27/2026,08:04:16:481,0.000000,0.000000,4,-99.3,-99.3,0,0,
08/27/2026,08:04:16:526,0.000000,0.000000,2,-123.81,-123.81,0,0,
08/27/2026,08:04:16:630,0.000000,0.000000,3,-124.28,-124.28,0,0,
08/27/2026,08:04:16:655,0.000000,0.000000,1,-126,-126,0,0,
08/27/2026,08:04:16:673,0.000000,0.000000,4,-92.07,-92.07,0,0,
08/27/2026,08:04:16:801,0.000000,0.000000,2,-126.6,-126.6,0,0,
08/27/2026,08:04:16:910,0.000000,0.000000,3,-127.75,-127.75,0,0,
08/27/2026,08:04:16:936,0.000000,0.000000,1,-123.03,-123.03,0,0,
08/27/2026,08:04:16:949,0.000000,0.000000,4,-87.57,-87.57,0,0,
08/27/2026,08:04:17:077,0.000000,0.000000,2,-122.68,-122.68,0,0,
08/27/2026,08:04:17:194,0.000000,0.000000,3,-127.18,-127.18,0,0,
08/27/2026,08:04:17:240,0.000000,0.000000,1,-120.22,-120.22,0,0,
08/27/2026,08:04:17:244,0.000000,0.000000,4,-91.21,-91.21,0,0,
08/27/2026,08:04:17:371,0.000000,0.000000,2,-122.46,-122.46,0,0,
08/27/2026,08:04:17:460,0.000000,0.000000,3,-123.96,-123.96,0,0,
08/27/2026,08:04:17:512,0.000000,0.000000,1,-122.78,-122.78,0,0,
08/27/2026,08:04:17:517,0.000000,0.000000,4,-88.78,-88.78,0,0,
08/27/2026,08:04:17:649,0.000000,0.000000,2,-124.4,-124.4,0,0,
08/27/2026,08:04:17:738,0.000000,0.000000,3,-124.02,-124.02,0,0,
08/27/2026,08:04:17:760,0.000000,0.000000,1,-124.19,-124.19,0,0,
08/27/2026,08:04:17:793,0.000000,0.000000,4,-92.36,-92.36,0,0,
08/27/2026,08:04:17:899,0.000000,0.000000,2,-124.37,-124.37,0,0,
08/27/2026,08:04:18:006,0.000000,0.000000,3,-125.38,-125.38,0,0,
08/27/2026,08:04:18:038,0.000000,0.000000,1,-124.07,-124.07,0,0,
08/27/2026,08:04:18:064,0.000000,0.000000,4,-88.65,-88.65,0,0,
08/27/2026,08:04:18:180,0.000000,0.000000,2,-122.38,-122.38,0,0,
08/27/2026,08:04:18:281,0.000000,0.000000,3,-123.37,-123.37,0,0,
08/27/2026,08:04:18:317,0.000000,0.000000,1,-124.53,-124.53,0,0,
08/27/2026,08:04:18:337,0.000000,0.000000,4,-88.8,-88.8,0,0,
08/27/2026,08:04:18:451,0.000000,0.000000,2,-123.17,-123.17,0,0,
08/27/2026,08:04:18:558,0.000000,0.000000,3,-123.99,-123.99,0,0,
08/27/2026,08:04:18:601,0.000000,0.000000,1,-120.74,-120.74,0,0,
08/27/2026,08:04:18:606,0.000000,0.000000,4,-84.83,-84.83,0,0,
08/27/2026,08:04:18:729,0.000000,0.000000,2,-124.98,-124.98,0,0,
08/27/2026,08:04:18:834,0.000000,0.000000,3,-125.18,-125.18,0,0,
08/27/2026,08:04:18:869,0.000000,0.000000,1,-121.96,-121.96,0,0,
08/27/2026,08:04:18:886,0.000000,0.000000,4,-101.85,-101.85,0,0,
08/27/2026,08:04:19:008,0.000000,0.000000,2,-121.54,-121.54,0,0,
08/27/2026,08:04:19:139,0.000000,0.000000,3,-126.48,-126.48,0,0,
08/27/2026,08:04:19:180,0.000000,0.000000,1,-123.03,-123.03,0,0,
08/27/2026,08:04:19:184,0.000000,0.000000,4,-87.29,-87.29,0,0,
08/27/2026,08:04:19:330,0.000000,0.000000,2,-123.71,-123.71,0,0,
08/27/2026,08:04:19:411,0.000000,0.000000,3,-124.19,-124.19,0,0,
08/27/2026,08:04:19:419,0.000000,0.000000,1,-122.7,-122.7,0,0,
08/27/2026,08:04:19:454,0.000000,0.000000,4,-89.28,-89.28,0,0,
08/27/2026,08:04:19:571,0.000000,0.000000,2,-121.76,-121.76,0,0,
08/27/2026,08:04:19:663,0.000000,0.000000,3,-126.31,-126.31,0,0,
08/27/2026,08:04:19:695,0.000000,0.000000,1,-123.16,-123.16,0,0,
08/27/2026,08:04:19:728,0.000000,0.000000,4,-89.76,-89.76,0,0,
08/27/2026,08:04:19:840,0.000000,0.000000,2,-124.07,-124.07,0,0,
08/27/2026,08:04:19:966,0.000000,0.000000,3,-127.06,-127.06,0,0,
08/27/2026,08:04:19:971,0.000000,0.000000,1,-123.15,-123.15,0,0,
08/27/2026,08:04:19:995,0.000000,0.000000,4,-90.38,-90.38,0,0,
08/27/2026,08:04:20:109,0.000000,0.000000,2,-121.67,-121.67,0,0,
08/27/2026,08:04:20:218,0.000000,0.000000,3,-126.68,-126.68,0,0,
08/27/2026,08:04:20:248,0.000000,0.000000,1,-122.75,-122.75,0,0,
08/27/2026,08:04:20:287,0.000000,0.000000,4,-89.04,-89.04,0,0,
08/27/2026,08:04:20:390,0.000000,0.000000,2,-121.94,-121.94,0,0,
08/27/2026,08:04:20:497,0.000000,0.000000,3,-126.35,-126.35,0,0,
08/27/2026,08:04:20:523,0.000000,0.000000,1,-122.72,-122.72,0,0,
08/27/2026,08:04:20:551,0.000000,0.000000,4,-88.85,-88.85,0,0,
08/27/2026,08:04:20:679,0.000000,0.000000,2,-123.53,-123.53,0,0,
08/27/2026,08:04:20:767,0.000000,0.000000,3,-125.4,-125.4,0,0,
08/27/2026,08:04:20:817,0.000000,0.000000,1,-123.87,-123.87,0,0,
08/27/2026,08:04:20:825,0.000000,0.000000,4,-84.36,-84.36,0,0,
08/27/2026,08:04:20:942,0.000000,0.000000,2,-123.3,-123.3,0,0,
08/27/2026,08:04:21:072,0.000000,0.000000,3,-126.99,-126.99,0,0,
08/27/2026,08:04:21:078,0.000000,0.000000,1,-122.87,-122.87,0,0,
08/27/2026,08:04:21:112,0.000000,0.000000,4,-84.92,-84.92,0,0,
08/27/2026,08:04:21:235,0.000000,0.000000,2,-125.01,-125.01,0,0,
08/27/2026,08:04:21:366,0.000000,0.000000,3,-127.47,-127.47,0,0,
08/27/2026,08:04:21:397,0.000000,0.000000,1,-124.11,-124.11,0,0,
08/27/2026,08:04:21:495,0.000000,0.000000,4,-94.11,-94.11,0,0,
08/27/2026,08:04:21:567,0.000000,0.000000,2,-124.51,-124.51,0,0,
08/27/2026,08:04:21:636,0.000000,0.000000,3,-126.39,-126.39,0,0,
08/27/2026,08:04:21:648,0.000000,0.000000,1,-122.05,-122.05,0,0,
08/27/2026,08:04:21:651,0.000000,0.000000,4,-89.47,-89.47,0,0,
08/27/2026,08:04:21:771,0.000000,0.000000,2,-123.63,-123.63,0,0,
08/27/2026,08:04:21:911,0.000000,0.000000,3,-125.59,-125.59,0,0,
08/27/2026,08:04:21:948,0.000000,0.000000,1,-123.99,-123.99,0,0,
08/27/2026,08:04:21:952,0.000000,0.000000,4,-85.51,-85.51,0,0,
08/27/2026,08:04:22:089,0.000000,0.000000,2,-122.1,-122.1,0,0,
08/27/2026,08:04:22:164,0.000000,0.000000,3,-123.71,-123.71,0,0,
08/27/2026,08:04:22:182,0.000000,0.000000,1,-126.2,-126.2,0,0,
08/27/2026,08:04:22:212,0.000000,0.000000,4,-88.54,-88.54,0,0,
08/27/2026,08:04:22:334,0.000000,0.000000,2,-123.37,-123.37,0,0,
08/27/2026,08:04:22:425,0.000000,0.000000,3,-123.3,-123.3,0,0,
08/27/2026,08:04:22:485,0.000000,0.000000,1,-122.09,-122.09,0,0,
08/27/2026,08:04:22:487,0.000000,0.000000,4,-89.58,-89.58,0,0,
08/27/2026,08:04:22:615,0.000000,0.000000,2,-120.63,-120.63,0,0,
08/27/2026,08:04:22:723,0.000000,0.000000,3,-125.7,-125.7,0,0,
08/27/2026,08:04:22:776,0.000000,0.000000,1,-122.33,-122.33,0,0,
08/27/2026,08:04:22:810,0.000000,0.000000,4,-91.04,-91.04,0,0,
08/27/2026,08:04:22:936,0.000000,0.000000,2,-123.12,-123.12,0,0,
08/27/2026,08:04:23:024,0.000000,0.000000,3,-125.29,-125.29,0,0,
08/27/2026,08:04:23:035,0.000000,0.000000,1,-123.8,-123.8,0,0,
08/27/2026,08:04:23:038,0.000000,0.000000,4,-92.38,-92.38,0,0,
08/27/2026,08:04:23:178,0.000000,0.000000,2,-121.04,-121.04,0,0,
08/27/2026,08:04:23:305,0.000000,0.000000,3,-125.93,-125.93,0,0,
08/27/2026,08:04:23:360,0.000000,0.000000,1,-124.08,-124.08,0,0,
08/27/2026,08:04:23:381,0.000000,0.000000,4,-90.81,-90.81,0,0,
08/27/2026,08:04:23:469,0.000000,0.000000,2,-124.85,-124.85,0,0,
08/27/2026,08:04:23:530,0.000000,0.000000,3,-124.28,-124.28,0,0,
08/27/2026,08:04:23:569,0.000000,0.000000,1,-124.14,-124.14,0,0,
08/27/2026,08:04:23:581,0.000000,0.000000,4,-88.92,-88.92,0,0,
08/27/2026,08:04:23:707,0.000000,0.000000,2,-122.67,-122.67,0,0,
08/27/2026,08:04:23:813,0.000000,0.000000,3,-127.66,-127.66,0,0,
08/27/2026,08:04:23:841,0.000000,0.000000,1,-124.2,-124.2,0,0,
08/27/2026,08:04:23:862,0.000000,0.000000,4,-90.57,-90.57,0,0,
08/27/2026,08:04:23:978,0.000000,0.000000,2,-125.76,-125.76,0,0,
08/27/2026,08:04:24:086,0.000000,0.000000,3,-126.03,-126.03,0,0,
08/27/2026,08:04:24:127,0.000000,0.000000,1,-121.58,-121.58,0,0,
08/27/2026,08:04:24:135,0.000000,0.000000,4,-88.71,-88.71,0,0,
08/27/2026,08:04:24:256,0.000000,0.000000,2,-123.29,-123.29,0,0,
08/27/2026,08:04:24:358,0.000000,0.000000,3,-125.64,-125.64,0,0,
08/27/2026,08:04:24:392,0.000000,0.000000,1,-124.24,-124.24,0,0,
08/27/2026,08:04:24:414,0.000000,0.000000,4,-90.59,-90.59,0,0,
08/27/2026,08:04:24:532,0.000000,0.000000,2,-120.96,-120.96,0,0,
08/27/2026,08:04:24:641,0.000000,0.000000,3,-125.23,-125.23,0,0,
08/27/2026,08:04:24:672,0.000000,0.000000,1,-123.3,-123.3,0,0,
08/27/2026,08:04:24:695,0.000000,0.000000,4,-93.74,-93.74,0,0,
08/27/2026,08:04:24:851,0.000000,0.000000,2,-122.89,-122.89,0,0,
08/27/2026,08:04:24:947,0.000000,0.000000,3,-126.62,-126.62,0,0,
08/27/2026,08:04:24:987,0.000000,0.000000,1,-122.58,-122.58,0,0,
08/27/2026,08:04:24:990,0.000000,0.000000,4,-84.62,-84.62,0,0,
08/27/2026,08:04:25:103,0.000000,0.000000,2,-121.9,-121.9,0,0,
08/27/2026,08:04:25:198,0.000000,0.000000,3,-123.57,-123.57,0,0,
08/27/2026,08:04:25:229,0.000000,0.000000,1,-123.19,-123.19,0,0,
08/27/2026,08:04:25:240,0.000000,0.000000,4,-85.86,-85.86,0,0,
08/27/2026,08:04:25:360,0.000000,0.000000,2,-122.59,-122.59,0,0,
08/27/2026,08:04:25:473,0.000000,0.000000,3,-124.33,-124.33,0,0,
08/27/2026,08:04:25:499,0.000000,0.000000,1,-123.62,-123.62,0,0,
08/27/2026,08:04:25:524,0.000000,0.000000,4,-93.82,-93.82,0,0,
08/27/2026,08:04:25:656,0.000000,0.000000,2,-121.93,-121.93,0,0,
08/27/2026,08:04:25:754,0.000000,0.000000,3,-126.1,-126.1,0,0,
08/27/2026,08:04:25:796,0.000000,0.000000,1,-120.89,-120.89,0,0,
08/27/2026,08:04:25:813,0.000000,0.000000,4,-88.75,-88.75,0,0,
08/27/2026,08:04:25:922,0.000000,0.000000,2,-123.74,-123.74,0,0,
08/27/2026,08:04:26:040,0.000000,0.000000,3,-125.24,-125.24,0,0,
08/27/2026,08:04:26:053,0.000000,0.000000,1,-121.95,-121.95,0,0,
08/27/2026,08:04:26:072,0.000000,0.000000,4,-83.18,-83.18,0,0,
08/27/2026,08:04:26:190,0.000000,0.000000,2,-120.87,-120.87,0,0,
08/27/2026,08:04:26:367,0.000000,0.000000,3,-123.79,-123.79,0,0,
08/27/2026,08:04:26:380,0.000000,0.000000,1,-121.74,-121.74,0,0,
08/27/2026,08:04:26:385,0.000000,0.000000,4,-85.52,-85.52,0,0,
08/27/2026,08:04:26:480,0.000000,0.000000,2,-121.79,-121.79,0,0,
08/27/2026,08:04:26:678,0.000000,0.000000,3,-127.83,-127.83,0,0,
08/27/2026,08:04:26:719,0.000000,0.000000,1,-123.75,-123.75,0,0,
08/27/2026,08:04:26:726,0.000000,0.000000,4,-95.04,-95.04,0,0,
08/27/2026,08:04:26:806,0.000000,0.000000,2,-123.2,-123.2,0,0,
08/27/2026,08:04:26:891,0.000000,0.000000,3,-124.87,-124.87,0,0,
08/27/2026,08:04:26:940,0.000000,0.000000,1,-124.14,-124.14,0,0,
08/27/2026,08:04:26:942,0.000000,0.000000,4,-89.63,-89.63,0,0,
08/27/2026,08:04:27:051,0.000000,0.000000,2,-123.6,-123.6,0,0,
08/27/2026,08:04:27:150,0.000000,0.000000,3,-125.09,-125.09,0,0,
08/27/2026,08:04:27:165,0.000000,0.000000,1,-123.72,-123.72,0,0,
08/27/2026,08:04:27:185,0.000000,0.000000,4,-83.9,-83.9,0,0,
08/27/2026,08:04:27:298,0.000000,0.000000,2,-123.57,-123.57,0,0,
08/27/2026,08:04:27:398,0.000000,0.000000,3,-125.63,-125.63,0,0,
08/27/2026,08:04:27:442,0.000000,0.000000,1,-124.26,-124.26,0,0,
08/27/2026,08:04:27:464,0.000000,0.000000,4,-90.24,-90.24,0,0,
08/27/2026,08:04:27:642,0.000000,0.000000,2,-123.5,-123.5,0,0,
08/27/2026,08:04:27:689,0.000000,0.000000,3,-125.24,-125.24,0,0,
08/27/2026,08:04:27:710,0.000000,0.000000,1,-123.6,-123.6,0,0,
08/27/2026,08:04:27:732,0.000000,0.000000,4,-86.62,-86.62,0,0,
08/27/2026,08:04:27:853,0.000000,0.000000,2,-119.93,-119.93,0,0,
08/27/2026,08:04:27:958,0.000000,0.000000,3,-126.76,-126.76,0,0,
08/27/2026,08:04:27:996,0.000000,0.000000,1,-124.73,-124.73,0,0,
08/27/2026,08:04:28:002,0.000000,0.000000,4,-90.31,-90.31,0,0,
08/27/2026,08:04:28:125,0.000000,0.000000,2,-122.6,-122.6,0,0,
08/27/2026,08:04:28:227,0.000000,0.000000,3,-125.55,-125.55,0,0,
08/27/2026,08:04:28:264,0.000000,0.000000,1,-122.48,-122.48,0,0,
08/27/2026,08:04:28:294,0.000000,0.000000,4,-84.2,-84.2,0,0,
08/27/2026,08:04:28:402,0.000000,0.000000,2,-122.58,-122.58,0,0,
08/27/2026,08:04:28:513,0.000000,0.000000,3,-125.23,-125.23,0,0,
08/27/2026,08:04:28:562,0.000000,0.000000,1,-122.08,-122.08,0,0,
08/27/2026,08:04:28:565,0.000000,0.000000,4,-83.88,-83.88,0,0,
08/27/2026,08:04:28:697,0.000000,0.000000,2,-122.9,-122.9,0,0,
08/27/2026,08:04:28:813,0.000000,0.000000,3,-126.63,-126.63,0,0,
08/27/2026,08:04:28:827,0.000000,0.000000,1,-121.96,-121.96,0,0,
08/27/2026,08:04:28:854,0.000000,0.000000,4,-83.77,-83.77,0,0,
08/27/2026,08:04:28:954,0.000000,0.000000,2,-123.64,-123.64,0,0,
08/27/2026,08:04:29:063,0.000000,0.000000,3,-125.77,-125.77,0,0,
08/27/2026,08:04:29:097,0.000000,0.000000,1,-122.23,-122.23,0,0,
08/27/2026,08:04:29:109,0.000000,0.000000,4,-94.76,-94.76,0,0,
08/27/2026,08:04:29:236,0.000000,0.000000,2,-122.67,-122.67,0,0,
08/27/2026,08:04:29:340,0.000000,0.000000,3,-125.74,-125.74,0,0,
08/27/2026,08:04:29:377,0.000000,0.000000,1,-124.11,-124.11,0,0,
08/27/2026,08:04:29:385,0.000000,0.000000,4,-90.27,-90.27,0,0,
08/27/2026,08:04:29:505,0.000000,0.000000,2,-122.68,-122.68,0,0,
08/27/2026,08:04:29:610,0.000000,0.000000,3,-123.97,-123.97,0,0,
08/27/2026,08:04:29:643,0.000000,0.000000,1,-122.33,-122.33,0,0,
08/27/2026,08:04:29:666,0.000000,0.000000,4,-83.79,-83.79,0,0,
08/27/2026,08:04:29:789,0.000000,0.000000,2,-123.22,-123.22,0,0,
08/27/2026,08:04:29:906,0.000000,0.000000,3,-126.65,-126.65,0,0,
08/27/2026,08:04:29:921,0.000000,0.000000,1,-125.16,-125.16,0,0,
08/27/2026,08:04:29:951,0.000000,0.000000,4,-85.85,-85.85,0,0,
08/27/2026,08:04:30:066,0.000000,0.000000,2,-122.96,-122.96,0,0,
08/27/2026,08:04:30:170,0.000000,0.000000,3,-123.27,-123.27,0,0,
08/27/2026,08:04:30:198,0.000000,0.000000,1,-123.85,-123.85,0,0,
08/27/2026,08:04:30:224,0.000000,0.000000,4,-89.29,-89.29,0,0,
08/27/2026,08:04:30:422,0.000000,0.000000,2,-122.87,-122.87,0,0,
08/27/2026,08:04:30:481,0.000000,0.000000,3,-126.89,-126.89,0,0,
08/27/2026,08:04:30:519,0.000000,0.000000,1,-126.31,-126.31,0,0,
08/27/2026,08:04:30:555,0.000000,0.000000,4,-85.28,-85.28,0,0,
08/27/2026,08:04:30:611,0.000000,0.000000,2,-121.98,-121.98,0,0,
08/27/2026,08:04:30:732,0.000000,0.000000,3,-124.35,-124.35,0,0,
08/27/2026,08:04:30:755,0.000000,0.000000,1,-122.32,-122.32,0,0,
08/27/2026,08:04:30:773,0.000000,0.000000,4,-86.88,-86.88,0,0,
08/27/2026,08:04:30:898,0.000000,0.000000,2,-121.85,-121.85,0,0,
08/27/2026,08:04:31:009,0.000000,0.000000,3,-125.78,-125.78,0,0,
08/27/2026,08:04:31:030,0.000000,0.000000,1,-123.05,-123.05,0,0,
08/27/2026,08:04:31:046,0.000000,0.000000,4,-93.3,-93.3,0,0,
08/27/2026,08:04:31:165,0.000000,0.000000,2,-121.94,-121.94,0,0,
08/27/2026,08:04:31:271,0.000000,0.000000,3,-126.84,-126.84,0,0,
08/27/2026,08:04:31:301,0.000000,0.000000,1,-122.78,-122.78,0,0,
08/27/2026,08:04:31:337,0.000000,0.000000,4,-92.82,-92.82,0,0,
08/27/2026,08:04:31:449,0.000000,0.000000,2,-120.09,-120.09,0,0,
08/27/2026,08:04:31:545,0.000000,0.000000,3,-124.54,-124.54,0,0,
08/27/2026,08:04:31:593,0.000000,0.000000,1,-123.16,-123.16,0,0,
08/27/2026,08:04:31:596,0.000000,0.000000,4,-87.56,-87.56,0,0,
08/27/2026,08:04:31:788,0.000000,0.000000,2,-123.89,-123.89,0,0,
08/27/2026,08:04:31:822,0.000000,0.000000,3,-124.93,-124.93,0,0,
08/27/2026,08:04:31:865,0.000000,0.000000,1,-121.8,-121.8,0,0,
08/27/2026,08:04:31:872,0.000000,0.000000,4,-89.06,-89.06,0,0,
08/27/2026,08:04:32:007,0.000000,0.000000,2,-123.23,-123.23,0,0,
08/27/2026,08:04:32:110,0.000000,0.000000,3,-125.79,-125.79,0,0,
08/27/2026,08:04:32:135,0.000000,0.000000,1,-121.88,-121.88,0,0,
08/27/2026,08:04:32:157,0.000000,0.000000,4,-91.46,-91.46,0,0,
08/27/2026,08:04:32:384,0.000000,0.000000,2,-122.19,-122.19,0,0,
08/27/2026,08:04:32:479,0.000000,0.000000,3,-124.95,-124.95,0,0,
08/27/2026,08:04:32:485,0.000000,0.000000,1,-122.15,-122.15,0,0,
08/27/2026,08:04:32:488,0.000000,0.000000,4,-88.3,-88.3,0,0,
08/27/2026,08:04:32:593,0.000000,0.000000,2,-124.23,-124.23,0,0,
08/27/2026,08:04:32:663,0.000000,0.000000,3,-125.23,-125.23,0,0,
08/27/2026,08:04:32:684,0.000000,0.000000,1,-124.38,-124.38,0,0,
08/27/2026,08:04:32:715,0.000000,0.000000,4,-93.26,-93.26,0,0,
08/27/2026,08:04:32:823,0.000000,0.000000,2,-121.06,-121.06,0,0,
08/27/2026,08:04:32:945,0.000000,0.000000,3,-125.88,-125.88,0,0,
08/27/2026,08:04:32:959,0.000000,0.000000,1,-119.91,-119.91,0,0,
08/27/2026,08:04:33:004,0.000000,0.000000,4,-89.13,-89.13,0,0,
08/27/2026,08:04:33:115,0.000000,0.000000,2,-122.94,-122.94,0,0,
08/27/2026,08:04:33:213,0.000000,0.000000,3,-124.18,-124.18,0,0,
08/27/2026,08:04:33:242,0.000000,0.000000,1,-123.27,-123.27,0,0,
08/27/2026,08:04:33:263,0.000000,0.000000,4,-94.96,-94.96,0,0,
08/27/2026,08:04:33:377,0.000000,0.000000,2,-121.24,-121.24,0,0,
08/27/2026,08:04:33:504,0.000000,0.000000,3,-125.21,-125.21,0,0,
08/27/2026,08:04:33:518,0.000000,0.000000,1,-125.06,-125.06,0,0,
08/27/2026,08:04:33:546,0.000000,0.000000,4,-90.79,-90.79,0,0,
08/27/2026,08:04:33:653,0.000000,0.000000,2,-120.63,-120.63,0,0,
08/27/2026,08:04:33:762,0.000000,0.000000,3,-125.43,-125.43,0,0,
08/27/2026,08:04:33:792,0.000000,0.000000,1,-124.9,-124.9,0,0,
08/27/2026,08:04:33:815,0.000000,0.000000,4,-89.38,-89.38,0,0,
08/27/2026,08:04:33:936,0.000000,0.000000,2,-121.73,-121.73,0,0,
08/27/2026,08:04:34:036,0.000000,0.000000,3,-125.98,-125.98,0,0,
08/27/2026,08:04:34:071,0.000000,0.000000,1,-123.67,-123.67,0,0,
08/27/2026,08:04:34:093,0.000000,0.000000,4,-85.06,-85.06,0,0,
08/27/2026,08:04:34:242,0.000000,0.000000,2,-123,-123,0,0,
08/27/2026,08:04:34:338,0.000000,0.000000,3,-125.07,-125.07,0,0,
08/27/2026,08:04:34:344,0.000000,0.000000,1,-122.04,-122.04,0,0,
08/27/2026,08:04:34:376,0.000000,0.000000,4,-85.58,-85.58,0,0,
08/27/2026,08:04:34:556,0.000000,0.000000,2,-121.39,-121.39,0,0,
08/27/2026,08:04:34:586,0.000000,0.000000,3,-124.59,-124.59,0,0,
08/27/2026,08:04:34:638,0.000000,0.000000,1,-122.86,-122.86,0,0,
08/27/2026,08:04:34:641,0.000000,0.000000,4,-90.16,-90.16,0,0,
08/27/2026,08:04:34:759,0.000000,0.000000,2,-121.56,-121.56,0,0,
08/27/2026,08:04:34:862,0.000000,0.000000,3,-125.47,-125.47,0,0,
08/27/2026,08:04:34:902,0.000000,0.000000,1,-121.34,-121.34,0,0,
08/27/2026,08:04:34:922,0.000000,0.000000,4,-82.42,-82.42,0,0,
08/27/2026,08:04:35:034,0.000000,0.000000,2,-121.46,-121.46,0,0,
08/27/2026,08:04:35:147,0.000000,0.000000,3,-125.75,-125.75,0,0,
08/27/2026,08:04:35:188,0.000000,0.000000,1,-123.29,-123.29,0,0,
08/27/2026,08:04:35:194,0.000000,0.000000,4,-83.2,-83.2,0,0,
08/27/2026,08:04:35:329,0.000000,0.000000,2,-121.95,-121.95,0,0,
08/27/2026,08:04:35:422,0.000000,0.000000,3,-125.61,-125.61,0,0,
08/27/2026,08:04:35:453,0.000000,0.000000,1,-125.26,-125.26,0,0,
08/27/2026,08:04:35:473,0.000000,0.000000,4,-90.15,-90.15,0,0,
08/27/2026,08:04:35:590,0.000000,0.000000,2,-125.11,-125.11,0,0,
08/27/2026,08:04:35:696,0.000000,0.000000,3,-125.34,-125.34,0,0,
08/27/2026,08:04:35:732,0.000000,0.000000,1,-122.48,-122.48,0,0,
08/27/2026,08:04:35:743,0.000000,0.000000,4,-88.16,-88.16,0,0,
08/27/2026,08:04:35:879,0.000000,0.000000,2,-122.12,-122.12,0,0,
08/27/2026,08:04:35:969,0.000000,0.000000,3,-126.39,-126.39,0,0,
08/27/2026,08:04:36:007,0.000000,0.000000,1,-123.43,-123.43,0,0,
08/27/2026,08:04:36:042,0.000000,0.000000,4,-91.56,-91.56,0,0,
08/27/2026,08:04:36:177,0.000000,0.000000,2,-122.18,-122.18,0,0,
08/27/2026,08:04:36:254,0.000000,0.000000,3,-125.65,-125.65,0,0,
08/27/2026,08:04:36:296,0.000000,0.000000,1,-122.75,-122.75,0,0,
08/27/2026,08:04:36:298,0.000000,0.000000,4,-84.11,-84.11,0,0,
08/27/2026,08:04:36:454,0.000000,0.000000,2,-121.83,-121.83,0,0,
08/27/2026,08:04:36:546,0.000000,0.000000,3,-123.79,-123.79,0,0,
08/27/2026,08:04:36:564,0.000000,0.000000,1,-121.28,-121.28,0,0,
08/27/2026,08:04:36:571,0.000000,0.000000,4,-82.4,-82.4,0,0,
08/27/2026,08:04:36:724,0.000000,0.000000,2,-124.51,-124.51,0,0,
08/27/2026,08:04:36:805,0.000000,0.000000,3,-124.45,-124.45,0,0,
08/27/2026,08:04:36:942,0.000000,0.000000,1,-122.68,-122.68,0,0,
08/27/2026,08:04:36:949,0.000000,0.000000,4,-91.2,-91.2,0,0,
08/27/2026,08:04:36:997,0.000000,0.000000,2,-122.11,-122.11,0,0,
08/27/2026,08:04:37:073,0.000000,0.000000,3,-124.57,-124.57,0,0,
08/27/2026,08:04:37:106,0.000000,0.000000,1,-123.67,-123.67,0,0,
08/27/2026,08:04:37:137,0.000000,0.000000,4,-89.61,-89.61,0,0,
08/27/2026,08:04:37:245,0.000000,0.000000,2,-123.38,-123.38,0,0,
08/27/2026,08:04:37:354,0.000000,0.000000,3,-124.16,-124.16,0,0,
08/27/2026,08:04:37:394,0.000000,0.000000,1,-123.15,-123.15,0,0,
08/27/2026,08:04:37:399,0.000000,0.000000,4,-86.72,-86.72,0,0,
08/27/2026,08:04:37:535,0.000000,0.000000,2,-121.06,-121.06,0,0,
08/27/2026,08:04:37:629,0.000000,0.000000,3,-124.92,-124.92,0,0,
08/27/2026,08:04:37:670,0.000000,0.000000,1,-124.83,-124.83,0,0,
08/27/2026,08:04:37:689,0.000000,0.000000,4,-89.9,-89.9,0,0,
08/27/2026,08:04:37:865,0.000000,0.000000,2,-122.17,-122.17,0,0,
08/27/2026,08:04:38:066,0.000000,0.000000,3,-125.86,-125.86,0,0,
08/27/2026,08:04:38:072,0.000000,0.000000,1,-122.91,-122.91,0,0,
08/27/2026,08:04:38:075,0.000000,0.000000,4,-89.84,-89.84,0,0,
08/27/2026,08:04:38:167,0.000000,0.000000,2,-122.21,-122.21,0,0,
08/27/2026,08:04:38:216,0.000000,0.000000,3,-125.68,-125.68,0,0,
08/27/2026,08:04:38:235,0.000000,0.000000,1,-123.65,-123.65,0,0,
08/27/2026,08:04:38:254,0.000000,0.000000,4,-85.22,-85.22,0,0,
08/27/2026,08:04:38:354,0.000000,0.000000,2,-120.3,-120.3,0,0,
08/27/2026,08:04:38:464,0.000000,0.000000,3,-123.29,-123.29,0,0,
08/27/2026,08:04:38:490,0.000000,0.000000,1,-122.55,-122.55,0,0,
08/27/2026,08:04:38:508,0.000000,0.000000,4,-91.58,-91.58,0,0,
08/27/2026,08:04:38:628,0.000000,0.000000,2,-122.26,-122.26,0,0,
08/27/2026,08:04:38:733,0.000000,0.000000,3,-126.85,-126.85,0,0,
08/27/2026,08:04:38:765,0.000000,0.000000,1,-123.31,-123.31,0,0,
08/27/2026,08:04:38:794,0.000000,0.000000,4,-89.45,-89.45,0,0,
08/27/2026,08:04:38:909,0.000000,0.000000,2,-122.55,-122.55,0,0,
08/27/2026,08:04:39:008,0.000000,0.000000,3,-125.5,-125.5,0,0,
08/27/2026,08:04:39:042,0.000000,0.000000,1,-122.22,-122.22,0,0,
08/27/2026,08:04:39:070,0.000000,0.000000,4,-89.01,-89.01,0,0,
08/27/2026,08:04:39:193,0.000000,0.000000,2,-122.54,-122.54,0,0,
08/27/2026,08:04:39:311,0.000000,0.000000,3,-125.7,-125.7,0,0,
08/27/2026,08:04:39:321,0.000000,0.000000,1,-122.8,-122.8,0,0,
08/27/2026,08:04:39:359,0.000000,0.000000,4,-88.52,-88.52,0,0,
08/27/2026,08:04:39:455,0.000000,0.000000,2,-121.32,-121.32,0,0,
08/27/2026,08:04:39:565,0.000000,0.000000,3,-126.29,-126.29,0,0,
08/27/2026,08:04:39:601,0.000000,0.000000,1,-123,-123,0,0,
08/27/2026,08:04:39:611,0.000000,0.000000,4,-92.37,-92.37,0,0,
08/27/2026,08:04:39:754,0.000000,0.000000,2,-120.7,-120.7,0,0,
08/27/2026,08:04:39:915,0.000000,0.000000,3,-124.35,-124.35,0,0,
08/27/2026,08:04:39:953,0.000000,0.000000,1,-123.91,-123.91,0,0,
08/27/2026,08:04:39:960,0.000000,0.000000,4,-94.29,-94.29,0,0,
08/27/2026,08:04:40:040,0.000000,0.000000,2,-121.67,-121.67,0,0,
08/27/2026,08:04:40:136,0.000000,0.000000,3,-125.75,-125.75,0,0,
08/27/2026,08:04:40:164,0.000000,0.000000,1,-124.41,-124.41,0,0,
08/27/2026,08:04:40:167,0.000000,0.000000,4,-90.14,-90.14,0,0,
08/27/2026,08:04:40:287,0.000000,0.000000,2,-122.19,-122.19,0,0,
08/27/2026,08:04:40:388,0.000000,0.000000,3,-127.03,-127.03,0,0,
08/27/2026,08:04:40:422,0.000000,0.000000,1,-124.64,-124.64,0,0,
08/27/2026,08:04:40:445,0.000000,0.000000,4,-90.6,-90.6,0,0,
08/27/2026,08:04:40:583,0.000000,0.000000,2,-123.41,-123.41,0,0,
08/27/2026,08:04:40:683,0.000000,0.000000,3,-126.68,-126.68,0,0,
08/27/2026,08:04:40:708,0.000000,0.000000,1,-121.66,-121.66,0,0,
08/27/2026,08:04:40:716,0.000000,0.000000,4,-98.36,-98.36,0,0,
08/27/2026,08:04:40:840,0.000000,0.000000,2,-121.04,-121.04,0,0,
08/27/2026,08:04:40:941,0.000000,0.000000,3,-121.83,-121.83,0,0,
08/27/2026,08:04:40:992,0.000000,0.000000,1,-123.91,-123.91,0,0,
08/27/2026,08:04:40:998,0.000000,0.000000,4,-87.12,-87.12,0,0,
08/27/2026,08:04:41:134,0.000000,0.000000,2,-122.25,-122.25,0,0,
08/27/2026,08:04:41:224,0.000000,0.000000,3,-125.89,-125.89,0,0,
08/27/2026,08:04:41:252,0.000000,0.000000,1,-123.51,-123.51,0,0,
08/27/2026,08:04:41:269,0.000000,0.000000,4,-93.78,-93.78,0,0,
08/27/2026,08:04:41:393,0.000000,0.000000,2,-122,-122,0,0,
08/27/2026,08:04:41:500,0.000000,0.000000,3,-125.09,-125.09,0,0,
08/27/2026,08:04:41:529,0.000000,0.000000,1,-120.37,-120.37,0,0,
08/27/2026,08:04:41:565,0.000000,0.000000,4,-93.05,-93.05,0,0,
08/27/2026,08:04:41:698,0.000000,0.000000,2,-124.48,-124.48,0,0,
08/27/2026,08:04:41:775,0.000000,0.000000,3,-125.07,-125.07,0,0,
08/27/2026,08:04:41:861,0.000000,0.000000,1,-122.2,-122.2,0,0,
08/27/2026,08:04:41:869,0.000000,0.000000,4,-97.35,-97.35,0,0,
08/27/2026,08:04:41:970,0.000000,0.000000,2,-120.76,-120.76,0,0,
08/27/2026,08:04:42:146,0.000000,0.000000,3,-125.44,-125.44,0,0,
08/27/2026,08:04:42:164,0.000000,0.000000,1,-120.69,-120.69,0,0,
08/27/2026,08:04:42:182,0.000000,0.000000,4,-85.9,-85.9,0,0,
08/27/2026,08:04:42:224,0.000000,0.000000,2,-122.12,-122.12,0,0,
08/27/2026,08:04:42:326,0.000000,0.000000,3,-126.59,-126.59,0,0,
08/27/2026,08:04:42:361,0.000000,0.000000,1,-122.54,-122.54,0,0,
08/27/2026,08:04:42:375,0.000000,0.000000,4,-91.32,-91.32,0,0,
08/27/2026,08:04:42:528,0.000000,0.000000,2,-121.61,-121.61,0,0,
08/27/2026,08:04:42:619,0.000000,0.000000,3,-126.41,-126.41,0,0,
08/27/2026,08:04:42:637,0.000000,0.000000,1,-122.86,-122.86,0,0,
08/27/2026,08:04:42:664,0.000000,0.000000,4,-89.27,-89.27,0,0,
08/27/2026,08:04:42:777,0.000000,0.000000,2,-122.99,-122.99,0,0,
08/27/2026,08:04:42:888,0.000000,0.000000,3,-126.41,-126.41,0,0,
08/27/2026,08:04:42:910,0.000000,0.000000,1,-121.62,-121.62,0,0,
08/27/2026,08:04:42:940,0.000000,0.000000,4,-92.51,-92.51,0,0,
08/27/2026,08:04:43:061,0.000000,0.000000,2,-121.44,-121.44,0,0,
08/27/2026,08:04:43:169,0.000000,0.000000,3,-124.45,-124.45,0,0,
08/27/2026,08:04:43:192,0.000000,0.000000,1,-125.17,-125.17,0,0,
08/27/2026,08:04:43:207,0.000000,0.000000,4,-88.43,-88.43,0,0,
08/27/2026,08:04:43:388,0.000000,0.000000,2,-121.92,-121.92,0,0,
08/27/2026,08:04:43:480,0.000000,0.000000,3,-125.71,-125.71,0,0,
08/27/2026,08:04:43:486,0.000000,0.000000,1,-122.35,-122.35,0,0,
08/27/2026,08:04:43:524,0.000000,0.000000,4,-94.67,-94.67,0,0,
08/27/2026,08:04:43:646,0.000000,0.000000,2,-123.03,-123.03,0,0,
08/27/2026,08:04:43:710,0.000000,0.000000,3,-124.71,-124.71,0,0,
08/27/2026,08:04:43:747,0.000000,0.000000,1,-121.39,-121.39,0,0,
08/27/2026,08:04:43:762,0.000000,0.000000,4,-82.02,-82.02,0,0,
08/27/2026,08:04:43:880,0.000000,0.000000,2,-121.64,-121.64,0,0,
08/27/2026,08:04:43:988,0.000000,0.000000,3,-125.97,-125.97,0,0,
08/27/2026,08:04:44:016,0.000000,0.000000,1,-122.25,-122.25,0,0,
08/27/2026,08:04:44:043,0.000000,0.000000,4,-84.92,-84.92,0,0,
08/27/2026,08:04:44:158,0.000000,0.000000,2,-123.47,-123.47,0,0,
08/27/2026,08:04:44:260,0.000000,0.000000,3,-125.05,-125.05,0,0,
08/27/2026,08:04:44:306,0.000000,0.000000,1,-121.68,-121.68,0,0,
08/27/2026,08:04:44:312,0.000000,0.000000,4,-88.91,-88.91,0,0,
08/27/2026,08:04:44:435,0.000000,0.000000,2,-121.94,-121.94,0,0,
08/27/2026,08:04:44:537,0.000000,0.000000,3,-123.79,-123.79,0,0,
08/27/2026,08:04:44:572,0.000000,0.000000,1,-122.8,-122.8,0,0,
08/27/2026,08:04:44:586,0.000000,0.000000,4,-90.37,-90.37,0,0,
08/27/2026,08:04:44:706,0.000000,0.000000,2,-121.78,-121.78,0,0,
08/27/2026,08:04:44:811,0.000000,0.000000,3,-125.54,-125.54,0,0,
08/27/2026,08:04:44:847,0.000000,0.000000,1,-123.67,-123.67,0,0,
08/27/2026,08:04:44:865,0.000000,0.000000,4,-90.2,-90.2,0,0,
08/27/2026,08:04:44:992,0.000000,0.000000,2,-122.86,-122.86,0,0,
08/27/2026,08:04:45:095,0.000000,0.000000,3,-125.66,-125.66,0,0,
08/27/2026,08:04:45:127,0.000000,0.000000,1,-121.9,-121.9,0,0,
08/27/2026,08:04:45:147,0.000000,0.000000,4,-86.92,-86.92,0,0,
08/27/2026,08:04:45:260,0.000000,0.000000,2,-123.73,-123.73,0,0,
08/27/2026,08:04:45:408,0.000000,0.000000,3,-126.61,-126.61,0,0,
08/27/2026,08:04:45:417,0.000000,0.000000,1,-122.31,-122.31,0,0,
08/27/2026,08:04:45:421,0.000000,0.000000,4,-90.93,-90.93,0,0,
08/27/2026,08:04:45:551,0.000000,0.000000,2,-123.21,-123.21,0,0,
08/27/2026,08:04:45:641,0.000000,0.000000,3,-126.39,-126.39,0,0,
08/27/2026,08:04:45:676,0.000000,0.000000,1,-123,-123,0,0,
08/27/2026,08:04:45:730,0.000000,0.000000,4,-90.53,-90.53,0,0,
08/27/2026,08:04:45:833,0.000000,0.000000,2,-122.22,-122.22,0,0,
08/27/2026,08:04:45:916,0.000000,0.000000,3,-126.63,-126.63,0,0,
08/27/2026,08:04:45:966,0.000000,0.000000,1,-123.06,-123.06,0,0,
08/27/2026,08:04:45:970,0.000000,0.000000,4,-91.98,-91.98,0,0,
08/27/2026,08:04:46:092,0.000000,0.000000,2,-122.47,-122.47,0,0,
08/27/2026,08:04:46:210,0.000000,0.000000,3,-122.89,-122.89,0,0,
08/27/2026,08:04:46:229,0.000000,0.000000,1,-123.43,-123.43,0,0,
08/27/2026,08:04:46:250,0.000000,0.000000,4,-97.41,-97.41,0,0,
08/27/2026,08:04:46:374,0.000000,0.000000,2,-122.07,-122.07,0,0,
08/27/2026,08:04:46:480,0.000000,0.000000,3,-125.45,-125.45,0,0,
08/27/2026,08:04:46:513,0.000000,0.000000,1,-125.6,-125.6,0,0,
08/27/2026,08:04:46:523,0.000000,0.000000,4,-96.31,-96.31,0,0,
08/27/2026,08:04:46:657,0.000000,0.000000,2,-121.68,-121.68,0,0,
08/27/2026,08:04:46:746,0.000000,0.000000,3,-124.21,-124.21,0,0,
08/27/2026,08:04:46:780,0.000000,0.000000,1,-123.4,-123.4,0,0,
08/27/2026,08:04:46:802,0.000000,0.000000,4,-85.37,-85.37,0,0,
08/27/2026,08:04:46:920,0.000000,0.000000,2,-121.98,-121.98,0,0,
08/27/2026,08:04:47:040,0.000000,0.000000,3,-124.73,-124.73,0,0,
08/27/2026,08:04:47:084,0.000000,0.000000,1,-122.69,-122.69,0,0,
08/27/2026,08:04:47:086,0.000000,0.000000,4,-93.72,-93.72,0,0,
08/27/2026,08:04:48:623,0.000000,0.000000,2,-122.19,-122.19,0,0,
08/27/2026,08:04:48:655,0.000000,0.000000,3,-126.08,-126.08,0,0,
08/27/2026,08:04:48:666,0.000000,0.000000,1,-122.14,-122.14,0,0,
08/27/2026,08:04:48:670,0.000000,0.000000,4,-86.14,-86.14,0,0,
08/27/2026,08:04:48:701,0.000000,0.000000,2,-125.9,-125.9,0,0,
08/27/2026,08:04:48:723,0.000000,0.000000,3,-123.75,-123.75,0,0,
08/27/2026,08:04:48:732,0.000000,0.000000,1,-121.13,-121.13,0,0,
08/27/2026,08:04:48:736,0.000000,0.000000,4,-89.66,-89.66,0,0,
08/27/2026,08:04:48:787,0.000000,0.000000,2,-111.94,-111.94,0,0,
08/27/2026,08:04:48:812,0.000000,0.000000,3,-114.62,-114.62,0,0,
08/27/2026,08:04:48:822,0.000000,0.000000,1,-115.84,-115.84,0,0,
08/27/2026,08:04:48:826,0.000000,0.000000,4,-90.69,-90.69,0,0,
08/27/2026,08:04:48:894,0.000000,0.000000,2,-111.77,-111.77,0,0,
08/27/2026,08:04:48:953,0.000000,0.000000,3,-122.81,-122.81,0,0,
08/27/2026,08:04:48:963,0.000000,0.000000,1,-121.25,-121.25,0,0,
08/27/2026,08:04:48:968,0.000000,0.000000,4,-92.35,-92.35,0,0,
08/27/2026,08:04:49:042,0.000000,0.000000,2,-124.36,-124.36,0,0,
08/27/2026,08:04:49:087,0.000000,0.000000,3,-124.75,-124.75,0,0,
08/27/2026,08:04:49:122,0.000000,0.000000,1,-112.61,-112.61,0,0,
08/27/2026,08:04:49:134,0.000000,0.000000,4,-91.64,-91.64,0,0,
08/27/2026,08:04:49:289,0.000000,0.000000,2,-121.9,-121.9,0,0,
08/27/2026,08:04:49:345,0.000000,0.000000,3,-124.85,-124.85,0,0,
08/27/2026,08:04:49:382,0.000000,0.000000,1,-124.75,-124.75,0,0,
08/27/2026,08:04:49:386,0.000000,0.000000,4,-92.3,-92.3,0,0,
08/27/2026,08:04:49:479,0.000000,0.000000,2,-123.12,-123.12,0,0,
08/27/2026,08:04:49:548,0.000000,0.000000,3,-124.04,-124.04,0,0,
08/27/2026,08:04:49:555,0.000000,0.000000,1,-125.78,-125.78,0,0,
08/27/2026,08:04:49:563,0.000000,0.000000,4,-90.73,-90.73,0,0,
08/27/2026,08:04:49:590,0.000000,0.000000,2,-113.79,-113.79,0,0,
08/27/2026,08:04:49:651,0.000000,0.000000,3,-118.15,-118.15,0,0,
08/27/2026,08:04:49:659,0.000000,0.000000,1,-112.9,-112.9,0,0,
08/27/2026,08:04:49:662,0.000000,0.000000,4,-89.93,-89.93,0,0,
08/27/2026,08:04:49:705,0.000000,0.000000,2,-112.93,-112.93,0,0,
08/27/2026,08:04:49:740,0.000000,0.000000,3,-118.4,-118.4,0,0,
08/27/2026,08:04:49:749,0.000000,0.000000,1,-125.88,-125.88,0,0,
08/27/2026,08:04:49:767,0.000000,0.000000,4,-96.33,-96.33,0,0,
08/27/2026,08:04:49:827,0.000000,0.000000,2,-122.41,-122.41,0,0,
08/27/2026,08:04:49:914,0.000000,0.000000,3,-125.57,-125.57,0,0,
08/27/2026,08:04:49:949,0.000000,0.000000,1,-123.4,-123.4,0,0,
08/27/2026,08:04:49:958,0.000000,0.000000,4,-91.23,-91.23,0,0,
08/27/2026,08:04:50:094,0.000000,0.000000,2,-119.07,-119.07,0,0,
08/27/2026,08:04:50:203,0.000000,0.000000,3,-125.58,-125.58,0,0,
08/27/2026,08:04:50:251,0.000000,0.000000,1,-114.44,-114.44,0,0,
08/27/2026,08:04:50:267,0.000000,0.000000,4,-86.12,-86.12,0,0,
08/27/2026,08:04:50:383,0.000000,0.000000,2,-121.36,-121.36,0,0,
08/27/2026,08:04:50:490,0.000000,0.000000,3,-125.3,-125.3,0,0,
08/27/2026,08:04:50:517,0.000000,0.000000,1,-124.96,-124.96,0,0,
08/27/2026,08:04:50:557,0.000000,0.000000,4,-93.99,-93.99,0,0,
08/27/2026,08:04:50:658,0.000000,0.000000,2,-122.2,-122.2,0,0,
08/27/2026,08:04:50:761,0.000000,0.000000,3,-126.12,-126.12,0,0,
08/27/2026,08:04:50:797,0.000000,0.000000,1,-124.6,-124.6,0,0,
08/27/2026,08:04:50:809,0.000000,0.000000,4,-85.07,-85.07,0,0,
08/27/2026,08:04:50:937,0.000000,0.000000,2,-122.15,-122.15,0,0,
08/27/2026,08:04:51:038,0.000000,0.000000,3,-124.62,-124.62,0,0,
08/27/2026,08:04:51:073,0.000000,0.000000,1,-123.1,-123.1,0,0,
08/27/2026,08:04:51:116,0.000000,0.000000,4,-96.47,-96.47,0,0,
08/27/2026,08:04:51:209,0.000000,0.000000,2,-122.69,-122.69,0,0,
08/27/2026,08:04:51:311,0.000000,0.000000,3,-124.66,-124.66,0,0,
08/27/2026,08:04:51:345,0.000000,0.000000,1,-122.33,-122.33,0,0,
08/27/2026,08:04:51:368,0.000000,0.000000,4,-94.71,-94.71,0,0,
08/27/2026,08:04:51:497,0.000000,0.000000,2,-121.42,-121.42,0,0,
08/27/2026,08:04:51:590,0.000000,0.000000,3,-124.15,-124.15,0,0,
08/27/2026,08:04:51:622,0.000000,0.000000,1,-122.68,-122.68,0,0,
08/27/2026,08:04:51:645,0.000000,0.000000,4,-91.85,-91.85,0,0,
08/27/2026,08:04:51:776,0.000000,0.000000,2,-123.37,-123.37,0,0,
08/27/2026,08:04:51:891,0.000000,0.000000,3,-126.5,-126.5,0,0,
08/27/2026,08:04:51:900,0.000000,0.000000,1,-123.35,-123.35,0,0,
08/27/2026,08:04:51:926,0.000000,0.000000,4,-87.86,-87.86,0,0,
08/27/2026,08:04:52:041,0.000000,0.000000,2,-123.75,-123.75,0,0,
08/27/2026,08:04:52:146,0.000000,0.000000,3,-122.48,-122.48,0,0,
08/27/2026,08:04:52:176,0.000000,0.000000,1,-121.58,-121.58,0,0,
08/27/2026,08:04:52:208,0.000000,0.000000,4,-88.57,-88.57,0,0,
08/27/2026,08:04:52:319,0.000000,0.000000,2,-122.44,-122.44,0,0,
08/27/2026,08:04:52:418,0.000000,0.000000,3,-126.89,-126.89,0,0,
08/27/2026,08:04:52:456,0.000000,0.000000,1,-125.53,-125.53,0,0,
08/27/2026,08:04:52:474,0.000000,0.000000,4,-85.52,-85.52,0,0,
08/27/2026,08:04:52:589,0.000000,0.000000,2,-121.54,-121.54,0,0,
08/27/2026,08:04:52:717,0.000000,0.000000,3,-125.98,-125.98,0,0,
08/27/2026,08:04:52:727,0.000000,0.000000,1,-122.26,-122.26,0,0,
08/27/2026,08:04:52:755,0.000000,0.000000,4,-94.94,-94.94,0,0,
08/27/2026,08:04:52:884,0.000000,0.000000,2,-121.4,-121.4,0,0,
08/27/2026,08:04:52:974,0.000000,0.000000,3,-125.19,-125.19,0,0,
08/27/2026,08:04:53:015,0.000000,0.000000,1,-125.26,-125.26,0,0,
08/27/2026,08:04:53:025,0.000000,0.000000,4,-91.51,-91.51,0,0,
08/27/2026,08:04:53:145,0.000000,0.000000,2,-123.77,-123.77,0,0,
08/27/2026,08:04:53:250,0.000000,0.000000,3,-124.82,-124.82,0,0,
08/27/2026,08:04:53:291,0.000000,0.000000,1,-121.95,-121.95,0,0,
08/27/2026,08:04:53:304,0.000000,0.000000,4,-92.74,-92.74,0,0,
08/27/2026,08:04:53:418,0.000000,0.000000,2,-123.86,-123.86,0,0,
08/27/2026,08:04:53:535,0.000000,0.000000,3,-124.52,-124.52,0,0,
08/27/2026,08:04:53:565,0.000000,0.000000,1,-122.65,-122.65,0,0,
08/27/2026,08:04:53:577,0.000000,0.000000,4,-88.76,-88.76,0,0,
08/27/2026,08:04:53:778,0.000000,0.000000,2,-124.44,-124.44,0,0,
08/27/2026,08:04:53:810,0.000000,0.000000,3,-122.61,-122.61,0,0,
08/27/2026,08:04:53:833,0.000000,0.000000,1,-122.49,-122.49,0,0,
08/27/2026,08:04:53:850,0.000000,0.000000,4,-88.96,-88.96,0,0,
08/27/2026,08:04:53:975,0.000000,0.000000,2,-122.52,-122.52,0,0,
08/27/2026,08:04:54:079,0.000000,0.000000,3,-124.71,-124.71,0,0,
08/27/2026,08:04:54:110,0.000000,0.000000,1,-122.44,-122.44,0,0,
08/27/2026,08:04:54:134,0.000000,0.000000,4,-87.36,-87.36,0,0,
08/27/2026,08:04:54:253,0.000000,0.000000,2,-121.53,-121.53,0,0,
08/27/2026,08:04:54:365,0.000000,0.000000,3,-126.47,-126.47,0,0,
08/27/2026,08:04:54:393,0.000000,0.000000,1,-122.91,-122.91,0,0,
08/27/2026,08:04:54:402,0.000000,0.000000,4,-95.96,-95.96,0,0,
08/27/2026,08:04:54:561,0.000000,0.000000,2,-123.41,-123.41,0,0,
08/27/2026,08:04:54:653,0.000000,0.000000,3,-125.88,-125.88,0,0,
08/27/2026,08:04:54:691,0.000000,0.000000,1,-123.03,-123.03,0,0,
08/27/2026,08:04:54:697,0.000000,0.000000,4,-83.07,-83.07,0,0,
08/27/2026,08:04:54:817,0.000000,0.000000,2,-121.17,-121.17,0,0,
08/27/2026,08:04:54:904,0.000000,0.000000,3,-126.19,-126.19,0,0,
08/27/2026,08:04:54:941,0.000000,0.000000,1,-124.44,-124.44,0,0,
08/27/2026,08:04:54:984,0.000000,0.000000,4,-90.09,-90.09,0,0,
08/27/2026,08:04:55:084,0.000000,0.000000,2,-122.91,-122.91,0,0,
08/27/2026,08:04:55:186,0.000000,0.000000,3,-125.96,-125.96,0,0,
08/27/2026,08:04:55:234,0.000000,0.000000,1,-124.02,-124.02,0,0,
08/27/2026,08:04:55:238,0.000000,0.000000,4,-88.53,-88.53,0,0,
08/27/2026,08:04:55:352,0.000000,0.000000,2,-123.04,-123.04,0,0,
08/27/2026,08:04:55:458,0.000000,0.000000,3,-124.65,-124.65,0,0,
08/27/2026,08:04:55:493,0.000000,0.000000,1,-122.31,-122.31,0,0,
08/27/2026,08:04:55:520,0.000000,0.000000,4,-95.15,-95.15,0,0,
08/27/2026,08:04:55:629,0.000000,0.000000,2,-121.6,-121.6,0,0,
08/27/2026,08:04:55:745,0.000000,0.000000,3,-123.01,-123.01,0,0,
08/27/2026,08:04:55:777,0.000000,0.000000,1,-122.25,-122.25,0,0,
08/27/2026,08:04:55:788,0.000000,0.000000,4,-90.64,-90.64,0,0,
08/27/2026,08:04:55:930,0.000000,0.000000,2,-122.21,-122.21,0,0,
08/27/2026,08:04:56:012,0.000000,0.000000,3,-125.6,-125.6,0,0,
08/27/2026,08:04:56:059,0.000000,0.000000,1,-122.93,-122.93,0,0,
08/27/2026,08:04:56:065,0.000000,0.000000,4,-94.03,-94.03,0,0,
08/27/2026,08:04:56:187,0.000000,0.000000,2,-120.64,-120.64,0,0,
08/27/2026,08:04:56:298,0.000000,0.000000,3,-126.3,-126.3,0,0,
08/27/2026,08:04:56:347,0.000000,0.000000,1,-122.47,-122.47,0,0,
08/27/2026,08:04:56:359,0.000000,0.000000,4,-96.34,-96.34,0,0,
08/27/2026,08:04:56:468,0.000000,0.000000,2,-122.63,-122.63,0,0,
08/27/2026,08:04:56:562,0.000000,0.000000,3,-125.57,-125.57,0,0,
08/27/2026,08:04:56:606,0.000000,0.000000,1,-123.42,-123.42,0,0,
08/27/2026,08:04:56:637,0.000000,0.000000,4,-91.03,-91.03,0,0,
08/27/2026,08:04:56:734,0.000000,0.000000,2,-122.03,-122.03,0,0,
08/27/2026,08:04:56:850,0.000000,0.000000,3,-124.42,-124.42,0,0,
08/27/2026,08:04:56:881,0.000000,0.000000,1,-122.36,-122.36,0,0,
08/27/2026,08:04:56:894,0.000000,0.000000,4,-106.8,-106.8,0,0,
08/27/2026,08:04:57:020,0.000000,0.000000,2,-122.84,-122.84,0,0,
08/27/2026,08:04:57:119,0.000000,0.000000,3,-122.9,-122.9,0,0,
08/27/2026,08:04:57:151,0.000000,0.000000,1,-122.16,-122.16,0,0,
08/27/2026,08:04:57:165,0.000000,0.000000,4,-91.69,-91.69,0,0,
08/27/2026,08:04:57:286,0.000000,0.000000,2,-121.33,-121.33,0,0,
08/27/2026,08:04:57:395,0.000000,0.000000,3,-125.46,-125.46,0,0,
08/27/2026,08:04:57:432,0.000000,0.000000,1,-123.61,-123.61,0,0,
08/27/2026,08:04:57:463,0.000000,0.000000,4,-90.66,-90.66,0,0,
08/27/2026,08:04:57:563,0.000000,0.000000,2,-122.21,-122.21,0,0,
08/27/2026,08:04:57:675,0.000000,0.000000,3,-124.95,-124.95,0,0,
08/27/2026,08:04:57:702,0.000000,0.000000,1,-122.13,-122.13,0,0,
08/27/2026,08:04:57:734,0.000000,0.000000,4,-96.47,-96.47,0,0,
08/27/2026,08:04:57:840,0.000000,0.000000,2,-121.8,-121.8,0,0,
08/27/2026,08:04:57:947,0.000000,0.000000,3,-124.57,-124.57,0,0,
08/27/2026,08:04:57:984,0.000000,0.000000,1,-123.37,-123.37,0,0,
08/27/2026,08:04:58:002,0.000000,0.000000,4,-88.65,-88.65,0,0,
08/27/2026,08:04:58:126,0.000000,0.000000,2,-123.5,-123.5,0,0,
08/27/2026,08:04:58:224,0.000000,0.000000,3,-125.54,-125.54,0,0,
08/27/2026,08:04:58:253,0.000000,0.000000,1,-123.85,-123.85,0,0,
08/27/2026,08:04:58:287,0.000000,0.000000,4,-94.47,-94.47,0,0,
08/27/2026,08:04:58:401,0.000000,0.000000,2,-123.39,-123.39,0,0,
08/27/2026,08:04:58:517,0.000000,0.000000,3,-124.74,-124.74,0,0,
08/27/2026,08:04:58:553,0.000000,0.000000,1,-123,-123,0,0,
08/27/2026,08:04:58:556,0.000000,0.000000,4,-84.69,-84.69,0,0,
08/27/2026,08:04:58:684,0.000000,0.000000,2,-122.81,-122.81,0,0,
08/27/2026,08:04:58:790,0.000000,0.000000,3,-122.81,-122.81,0,0,
08/27/2026,08:04:58:908,0.000000,0.000000,1,-121.47,-121.47,0,0,
08/27/2026,08:04:58:911,0.000000,0.000000,4,-88.36,-88.36,0,0,
08/27/2026,08:04:58:945,0.000000,0.000000,2,-123.16,-123.16,0,0,
08/27/2026,08:04:59:052,0.000000,0.000000,3,-126.1,-126.1,0,0,
08/27/2026,08:04:59:089,0.000000,0.000000,1,-121.34,-121.34,0,0,
08/27/2026,08:04:59:106,0.000000,0.000000,4,-89.99,-89.99,0,0,
08/27/2026,08:04:59:232,0.000000,0.000000,2,-122.52,-122.52,0,0,
08/27/2026,08:04:59:327,0.000000,0.000000,3,-123.72,-123.72,0,0,
08/27/2026,08:04:59:360,0.000000,0.000000,1,-120.97,-120.97,0,0,
08/27/2026,08:04:59:380,0.000000,0.000000,4,-93.5,-93.5,0,0,
08/27/2026,08:04:59:501,0.000000,0.000000,2,-122.81,-122.81,0,0,
08/27/2026,08:04:59:603,0.000000,0.000000,3,-127.39,-127.39,0,0,
08/27/2026,08:04:59:650,0.000000,0.000000,1,-122.11,-122.11,0,0,
08/27/2026,08:04:59:654,0.000000,0.000000,4,-88.52,-88.52,0,0,
08/27/2026,08:04:59:794,0.000000,0.000000,2,-122.35,-122.35,0,0,
08/27/2026,08:04:59:890,0.000000,0.000000,3,-121.76,-121.76,0,0,
08/27/2026,08:04:59:918,0.000000,0.000000,1,-121.36,-121.36,0,0,
08/27/2026,08:04:59:929,0.000000,0.000000,4,-89.76,-89.76,0,0,
08/27/2026,08:05:00:050,0.000000,0.000000,2,-122.12,-122.12,0,0,
08/27/2026,08:05:00:155,0.000000,0.000000,3,-125.95,-125.95,0,0,
08/27/2026,08:05:00:199,0.000000,0.000000,1,-123.11,-123.11,0,0,
08/27/2026,08:05:00:240,0.000000,0.000000,4,-88.01,-88.01,0,0,
08/27/2026,08:05:00:338,0.000000,0.000000,2,-123.08,-123.08,0,0,
08/27/2026,08:05:00:457,0.000000,0.000000,3,-126.49,-126.49,0,0,
08/27/2026,08:05:00:505,0.000000,0.000000,1,-121.62,-121.62,0,0,
08/27/2026,08:05:00:508,0.000000,0.000000,4,-86.3,-86.3,0,0,
08/27/2026,08:05:00:605,0.000000,0.000000,2,-122.52,-122.52,0,0,
08/27/2026,08:05:00:724,0.000000,0.000000,3,-124.02,-124.02,0,0,
08/27/2026,08:05:00:747,0.000000,0.000000,1,-121.57,-121.57,0,0,
08/27/2026,08:05:00:760,0.000000,0.000000,4,-92.42,-92.42,0,0,
08/27/2026,08:05:00:888,0.000000,0.000000,2,-122.99,-122.99,0,0,
08/27/2026,08:05:00:989,0.000000,0.000000,3,-125.53,-125.53,0,0,
08/27/2026,08:05:01:037,0.000000,0.000000,1,-122.29,-122.29,0,0,
08/27/2026,08:05:01:040,0.000000,0.000000,4,-88.82,-88.82,0,0,
08/27/2026,08:05:01:166,0.000000,0.000000,2,-122.03,-122.03,0,0,
08/27/2026,08:05:01:260,0.000000,0.000000,3,-125.6,-125.6,0,0,
08/27/2026,08:05:01:293,0.000000,0.000000,1,-123.44,-123.44,0,0,
08/27/2026,08:05:01:322,0.000000,0.000000,4,-85.6,-85.6,0,0,
08/27/2026,08:05:01:443,0.000000,0.000000,2,-122.11,-122.11,0,0,
08/27/2026,08:05:01:556,0.000000,0.000000,3,-126.34,-126.34,0,0,
08/27/2026,08:05:01:581,0.000000,0.000000,1,-123.14,-123.14,0,0,
08/27/2026,08:05:01:588,0.000000,0.000000,4,-91.47,-91.47,0,0,
08/27/2026,08:05:01:708,0.000000,0.000000,2,-121.68,-121.68,0,0,
08/27/2026,08:05:01:823,0.000000,0.000000,3,-123.06,-123.06,0,0,
08/27/2026,08:05:01:852,0.000000,0.000000,1,-124.48,-124.48,0,0,
08/27/2026,08:05:01:864,0.000000,0.000000,4,-93.3,-93.3,0,0,
08/27/2026,08:05:02:000,0.000000,0.000000,2,-121.25,-121.25,0,0,
08/27/2026,08:05:02:095,0.000000,0.000000,3,-126.38,-126.38,0,0,
08/27/2026,08:05:02:131,0.000000,0.000000,1,-125.15,-125.15,0,0,
08/27/2026,08:05:02:181,0.000000,0.000000,4,-86.38,-86.38,0,0,
08/27/2026,08:05:02:263,0.000000,0.000000,2,-122.42,-122.42,0,0,
08/27/2026,08:05:02:366,0.000000,0.000000,3,-126.51,-126.51,0,0,
08/27/2026,08:05:02:407,0.000000,0.000000,1,-124.1,-124.1,0,0,
08/27/2026,08:05:02:417,0.000000,0.000000,4,-87.14,-87.14,0,0,
08/27/2026,08:05:02:545,0.000000,0.000000,2,-121.87,-121.87,0,0,
08/27/2026,08:05:02:646,0.000000,0.000000,3,-124.91,-124.91,0,0,
08/27/2026,08:05:02:679,0.000000,0.000000,1,-122.65,-122.65,0,0,
08/27/2026,08:05:02:693,0.000000,0.000000,4,-92.18,-92.18,0,0,
08/27/2026,08:05:02:833,0.000000,0.000000,2,-120.17,-120.17,0,0,
08/27/2026,08:05:02:929,0.000000,0.000000,3,-124.95,-124.95,0,0,
08/27/2026,08:05:02:961,0.000000,0.000000,1,-123.27,-123.27,0,0,
08/27/2026,08:05:02:981,0.000000,0.000000,4,-89.27,-89.27,0,0,
08/27/2026,08:05:03:101,0.000000,0.000000,2,-121.01,-121.01,0,0,
08/27/2026,08:05:03:198,0.000000,0.000000,3,-125.24,-125.24,0,0,
08/27/2026,08:05:03:228,0.000000,0.000000,1,-122.13,-122.13,0,0,
08/27/2026,08:05:03:251,0.000000,0.000000,4,-95.68,-95.68,0,0,
08/27/2026,08:05:03:370,0.000000,0.000000,2,-123.57,-123.57,0,0,
08/27/2026,08:05:03:475,0.000000,0.000000,3,-125.05,-125.05,0,0,
08/27/2026,08:05:03:523,0.000000,0.000000,1,-123.27,-123.27,0,0,
08/27/2026,08:05:03:527,0.000000,0.000000,4,-91.93,-91.93,0,0,
08/27/2026,08:05:03:643,0.000000,0.000000,2,-121.73,-121.73,0,0,
08/27/2026,08:05:03:758,0.000000,0.000000,3,-123.36,-123.36,0,0,
08/27/2026,08:05:03:786,0.000000,0.000000,1,-122.89,-122.89,0,0,
08/27/2026,08:05:03:826,0.000000,0.000000,4,-84.59,-84.59,0,0,
08/27/2026,08:05:03:958,0.000000,0.000000,2,-124.12,-124.12,0,0,
08/27/2026,08:05:04:082,0.000000,0.000000,3,-125.15,-125.15,0,0,
08/27/2026,08:05:04:089,0.000000,0.000000,1,-123.08,-123.08,0,0,
08/27/2026,08:05:04:118,0.000000,0.000000,4,-88.03,-88.03,0,0,
08/27/2026,08:05:04:204,0.000000,0.000000,2,-121.8,-121.8,0,0,
08/27/2026,08:05:04:313,0.000000,0.000000,3,-124.76,-124.76,0,0,
08/27/2026,08:05:04:343,0.000000,0.000000,1,-125.43,-125.43,0,0,
08/27/2026,08:05:04:351,0.000000,0.000000,4,-94.83,-94.83,0,0,
08/27/2026,08:05:04:483,0.000000,0.000000,2,-121.96,-121.96,0,0,
08/27/2026,08:05:04:588,0.000000,0.000000,3,-125.85,-125.85,0,0,
08/27/2026,08:05:04:617,0.000000,0.000000,1,-124.05,-124.05,0,0,
08/27/2026,08:05:04:634,0.000000,0.000000,4,-93.23,-93.23,0,0,
08/27/2026,08:05:04:759,0.000000,0.000000,2,-121.02,-121.02,0,0,
08/27/2026,08:05:04:887,0.000000,0.000000,3,-124.15,-124.15,0,0,
08/27/2026,08:05:04:894,0.000000,0.000000,1,-121.38,-121.38,0,0,
08/27/2026,08:05:04:904,0.000000,0.000000,4,-85.66,-85.66,0,0,
08/27/2026,08:05:05:030,0.000000,0.000000,2,-121.15,-121.15,0,0,
08/27/2026,08:05:05:143,0.000000,0.000000,3,-125.47,-125.47,0,0,
08/27/2026,08:05:05:171,0.000000,0.000000,1,-123.22,-123.22,0,0,
08/27/2026,08:05:05:180,0.000000,0.000000,4,-95.79,-95.79,0,0,
08/27/2026,08:05:05:300,0.000000,0.000000,2,-121.93,-121.93,0,0,
08/27/2026,08:05:05:411,0.000000,0.000000,3,-126.93,-126.93,0,0,
08/27/2026,08:05:05:452,0.000000,0.000000,1,-123.69,-123.69,0,0,
08/27/2026,08:05:05:456,0.000000,0.000000,4,-93.89,-93.89,0,0,
08/27/2026,08:05:05:593,0.000000,0.000000,2,-121.58,-121.58,0,0,
08/27/2026,08:05:05:727,0.000000,0.000000,3,-123.26,-123.26,0,0,
08/27/2026,08:05:05:766,0.000000,0.000000,1,-124.51,-124.51,0,0,
08/27/2026,08:05:05:770,0.000000,0.000000,4,-90.53,-90.53,0,0,
08/27/2026,08:05:05:863,0.000000,0.000000,2,-121.62,-121.62,0,0,
08/27/2026,08:05:05:964,0.000000,0.000000,3,-125.93,-125.93,0,0,
08/27/2026,08:05:05:998,0.000000,0.000000,1,-122.55,-122.55,0,0,
08/27/2026,08:05:06:016,0.000000,0.000000,4,-89.7,-89.7,0,0,
08/27/2026,08:05:06:144,0.000000,0.000000,2,-121.82,-121.82,0,0,
08/27/2026,08:05:06:237,0.000000,0.000000,3,-125.58,-125.58,0,0,
08/27/2026,08:05:06:286,0.000000,0.000000,1,-124.14,-124.14,0,0,
08/27/2026,08:05:06:289,0.000000,0.000000,4,-90.89,-90.89,0,0,
08/27/2026,08:05:06:409,0.000000,0.000000,2,-122.25,-122.25,0,0,
08/27/2026,08:05:06:514,0.000000,0.000000,3,-127.02,-127.02,0,0,
08/27/2026,08:05:06:545,0.000000,0.000000,1,-121.75,-121.75,0,0,
08/27/2026,08:05:06:568,0.000000,0.000000,4,-90.21,-90.21,0,0,
08/27/2026,08:05:06:689,0.000000,0.000000,2,-120.82,-120.82,0,0,
08/27/2026,08:05:06:801,0.000000,0.000000,3,-125.51,-125.51,0,0,
08/27/2026,08:05:06:827,0.000000,0.000000,1,-122.69,-122.69,0,0,
08/27/2026,08:05:06:841,0.000000,0.000000,4,-91.17,-91.17,0,0,
08/27/2026,08:05:06:959,0.000000,0.000000,2,-120.85,-120.85,0,0,
08/27/2026,08:05:07:069,0.000000,0.000000,3,-124.66,-124.66,0,0,
08/27/2026,08:05:07:128,0.000000,0.000000,1,-121.52,-121.52,0,0,
08/27/2026,08:05:07:135,0.000000,0.000000,4,-86.47,-86.47,0,0,
08/27/2026,08:05:07:254,0.000000,0.000000,2,-122.68,-122.68,0,0,
08/27/2026,08:05:07:342,0.000000,0.000000,3,-123.87,-123.87,0,0,
08/27/2026,08:05:07:373,0.000000,0.000000,1,-123.9,-123.9,0,0,
08/27/2026,08:05:07:405,0.000000,0.000000,4,-89.56,-89.56,0,0,
08/27/2026,08:05:07:515,0.000000,0.000000,2,-122.1,-122.1,0,0,
08/27/2026,08:05:07:621,0.000000,0.000000,3,-123.06,-123.06,0,0,
08/27/2026,08:05:07:653,0.000000,0.000000,1,-122.66,-122.66,0,0,
08/27/2026,08:05:07:703,0.000000,0.000000,4,-96.01,-96.01,0,0,
08/27/2026,08:05:07:792,0.000000,0.000000,2,-122.32,-122.32,0,0,
08/27/2026,08:05:07:913,0.000000,0.000000,3,-124.12,-124.12,0,0,
08/27/2026,08:05:07:948,0.000000,0.000000,1,-125.17,-125.17,0,0,
08/27/2026,08:05:07:951,0.000000,0.000000,4,-94.86,-94.86,0,0,
08/27/2026,08:05:08:074,0.000000,0.000000,2,-124.54,-124.54,0,0,
08/27/2026,08:05:08:170,0.000000,0.000000,3,-126.04,-126.04,0,0,
08/27/2026,08:05:08:207,0.000000,0.000000,1,-123.92,-123.92,0,0,
08/27/2026,08:05:08:222,0.000000,0.000000,4,-87.57,-87.57,0,0,
08/27/2026,08:05:08:342,0.000000,0.000000,2,-124.1,-124.1,0,0,
08/27/2026,08:05:08:465,0.000000,0.000000,3,-124.54,-124.54,0,0,
08/27/2026,08:05:08:483,0.000000,0.000000,1,-123.68,-123.68,0,0,
08/27/2026,08:05:08:504,0.000000,0.000000,4,-95.96,-95.96,0,0,
08/27/2026,08:05:08:623,0.000000,0.000000,2,-121.57,-121.57,0,0,
08/27/2026,08:05:08:727,0.000000,0.000000,3,-124.67,-124.67,0,0,
08/27/2026,08:05:08:756,0.000000,0.000000,1,-121.47,-121.47,0,0,
08/27/2026,08:05:08:788,0.000000,0.000000,4,-84.69,-84.69,0,0,
08/27/2026,08:05:08:895,0.000000,0.000000,2,-123.52,-123.52,0,0,
08/27/2026,08:05:09:006,0.000000,0.000000,3,-125.64,-125.64,0,0,
08/27/2026,08:05:09:037,0.000000,0.000000,1,-124.83,-124.83,0,0,
08/27/2026,08:05:09:056,0.000000,0.000000,4,-88.76,-88.76,0,0,
08/27/2026,08:05:09:203,0.000000,0.000000,2,-122.92,-122.92,0,0,
08/27/2026,08:05:09:277,0.000000,0.000000,3,-125.3,-125.3,0,0,
08/27/2026,08:05:09:314,0.000000,0.000000,1,-125.36,-125.36,0,0,
08/27/2026,08:05:09:366,0.000000,0.000000,4,-103.1,-103.1,0,0,
08/27/2026,08:05:09:455,0.000000,0.000000,2,-122.63,-122.63,0,0,
08/27/2026,08:05:09:582,0.000000,0.000000,3,-124.54,-124.54,0,0,
08/27/2026,08:05:09:589,0.000000,0.000000,1,-125.21,-125.21,0,0,
08/27/2026,08:05:09:621,0.000000,0.000000,4,-94.02,-94.02,0,0,
08/27/2026,08:05:09:728,0.000000,0.000000,2,-122.97,-122.97,0,0,
08/27/2026,08:05:09:831,0.000000,0.000000,3,-125.76,-125.76,0,0,
08/27/2026,08:05:09:863,0.000000,0.000000,1,-122.17,-122.17,0,0,
08/27/2026,08:05:09:882,0.000000,0.000000,4,-92.66,-92.66,0,0,
08/27/2026,08:05:10:007,0.000000,0.000000,2,-123.25,-123.25,0,0,
08/27/2026,08:05:10:130,0.000000,0.000000,3,-126.9,-126.9,0,0,
08/27/2026,08:05:10:153,0.000000,0.000000,1,-122.87,-122.87,0,0,
08/27/2026,08:05:10:157,0.000000,0.000000,4,-89.09,-89.09,0,0,
08/27/2026,08:05:10:274,0.000000,0.000000,2,-121.9,-121.9,0,0,
08/27/2026,08:05:10:380,0.000000,0.000000,3,-124.43,-124.43,0,0,
08/27/2026,08:05:10:415,0.000000,0.000000,1,-122.51,-122.51,0,0,
08/27/2026,08:05:10:440,0.000000,0.000000,4,-91.87,-91.87,0,0,
08/27/2026,08:05:10:566,0.000000,0.000000,2,-122.35,-122.35,0,0,
08/27/2026,08:05:10:667,0.000000,0.000000,3,-124.88,-124.88,0,0,
08/27/2026,08:05:10:709,0.000000,0.000000,1,-121.86,-121.86,0,0,
08/27/2026,08:05:10:729,0.000000,0.000000,4,-94.25,-94.25,0,0,
08/27/2026,08:05:10:844,0.000000,0.000000,2,-121.5,-121.5,0,0,
08/27/2026,08:05:10:947,0.000000,0.000000,3,-123.97,-123.97,0,0,
08/27/2026,08:05:10:985,0.000000,0.000000,1,-124.08,-124.08,0,0,
08/27/2026,08:05:11:010,0.000000,0.000000,4,-94.84,-94.84,0,0,
08/27/2026,08:05:11:121,0.000000,0.000000,2,-123.74,-123.74,0,0,
08/27/2026,08:05:11:224,0.000000,0.000000,3,-125.76,-125.76,0,0,
08/27/2026,08:05:11:266,0.000000,0.000000,1,-122.75,-122.75,0,0,
08/27/2026,08:05:11:273,0.000000,0.000000,4,-83.56,-83.56,0,0,
08/27/2026,08:05:11:431,0.000000,0.000000,2,-121.86,-121.86,0,0,
08/27/2026,08:05:11:602,0.000000,0.000000,3,-123.8,-123.8,0,0,
08/27/2026,08:05:11:606,0.000000,0.000000,1,-125.27,-125.27,0,0,
08/27/2026,08:05:11:609,0.000000,0.000000,4,-90.52,-90.52,0,0,
08/27/2026,08:05:11:689,0.000000,0.000000,2,-123.35,-123.35,0,0,
08/27/2026,08:05:11:789,0.000000,0.000000,3,-123.28,-123.28,0,0,
08/27/2026,08:05:11:817,0.000000,0.000000,1,-125.15,-125.15,0,0,
08/27/2026,08:05:11:848,0.000000,0.000000,4,-83.82,-83.82,0,0,
08/27/2026,08:05:11:967,0.000000,0.000000,2,-119.49,-119.49,0,0,
08/27/2026,08:05:12:060,0.000000,0.000000,3,-125.31,-125.31,0,0,
08/27/2026,08:05:12:112,0.000000,0.000000,1,-126.03,-126.03,0,0,
08/27/2026,08:05:12:119,0.000000,0.000000,4,-88.82,-88.82,0,0,
08/27/2026,08:05:12:240,0.000000,0.000000,2,-122.16,-122.16,0,0,
08/27/2026,08:05:12:354,0.000000,0.000000,3,-125.91,-125.91,0,0,
08/27/2026,08:05:12:374,0.000000,0.000000,1,-122.89,-122.89,0,0,
08/27/2026,08:05:12:388,0.000000,0.000000,4,-84.51,-84.51,0,0,
08/27/2026,08:05:12:507,0.000000,0.000000,2,-121.38,-121.38,0,0,
08/27/2026,08:05:12:617,0.000000,0.000000,3,-126.07,-126.07,0,0,
08/27/2026,08:05:12:655,0.000000,0.000000,1,-121.76,-121.76,0,0,
08/27/2026,08:05:12:718,0.000000,0.000000,4,-86.18,-86.18,0,0,
08/27/2026,08:05:12:796,0.000000,0.000000,2,-119.53,-119.53,0,0,
08/27/2026,08:05:12:889,0.000000,0.000000,3,-125.47,-125.47,0,0,
08/27/2026,08:05:12:929,0.000000,0.000000,1,-122.93,-122.93,0,0,
08/27/2026,08:05:12:950,0.000000,0.000000,4,-88.48,-88.48,0,0,
08/27/2026,08:05:13:065,0.000000,0.000000,2,-122.42,-122.42,0,0,
08/27/2026,08:05:13:170,0.000000,0.000000,3,-124.26,-124.26,0,0,
08/27/2026,08:05:13:204,0.000000,0.000000,1,-124.65,-124.65,0,0,
08/27/2026,08:05:13:223,0.000000,0.000000,4,-92.3,-92.3,0,0,
08/27/2026,08:05:13:348,0.000000,0.000000,2,-122.31,-122.31,0,0,
08/27/2026,08:05:13:515,0.000000,0.000000,3,-124.13,-124.13,0,0,
08/27/2026,08:05:13:525,0.000000,0.000000,1,-122.88,-122.88,0,0,
08/27/2026,08:05:13:527,0.000000,0.000000,4,-81.72,-81.72,0,0,
08/27/2026,08:05:13:615,0.000000,0.000000,2,-122.1,-122.1,0,0,
08/27/2026,08:05:13:731,0.000000,0.000000,3,-123.82,-123.82,0,0,
08/27/2026,08:05:13:752,0.000000,0.000000,1,-123.11,-123.11,0,0,
08/27/2026,08:05:13:773,0.000000,0.000000,4,-77.58,-77.58,0,0,
08/27/2026,08:05:13:894,0.000000,0.000000,2,-124.68,-124.68,0,0,
08/27/2026,08:05:14:003,0.000000,0.000000,3,-124.85,-124.85,0,0,
08/27/2026,08:05:14:033,0.000000,0.000000,1,-124.39,-124.39,0,0,
08/27/2026,08:05:14:045,0.000000,0.000000,4,-85.22,-85.22,0,0,
08/27/2026,08:05:14:185,0.000000,0.000000,2,-125.03,-125.03,0,0,
08/27/2026,08:05:14:342,0.000000,0.000000,3,-125.17,-125.17,0,0,
08/27/2026,08:05:14:349,0.000000,0.000000,1,-122.81,-122.81,0,0,
08/27/2026,08:05:14:352,0.000000,0.000000,4,-86.8,-86.8,0,0,
08/27/2026,08:05:14:445,0.000000,0.000000,2,-125.02,-125.02,0,0,
08/27/2026,08:05:14:554,0.000000,0.000000,3,-124.1,-124.1,0,0,
08/27/2026,08:05:14:581,0.000000,0.000000,1,-125.18,-125.18,0,0,
08/27/2026,08:05:14:605,0.000000,0.000000,4,-83.01,-83.01,0,0,
08/27/2026,08:05:14:726,0.000000,0.000000,2,-122.08,-122.08,0,0,
08/27/2026,08:05:14:854,0.000000,0.000000,3,-124.92,-124.92,0,0,
08/27/2026,08:05:14:907,0.000000,0.000000,1,-124.71,-124.71,0,0,
08/27/2026,08:05:14:908,0.000000,0.000000,4,-74.68,-74.68,0,0,
08/27/2026,08:05:15:004,0.000000,0.000000,2,-121.78,-121.78,0,0,
08/27/2026,08:05:15:125,0.000000,0.000000,3,-124.82,-124.82,0,0,
08/27/2026,08:05:15:164,0.000000,0.000000,1,-122.52,-122.52,0,0,
08/27/2026,08:05:15:168,0.000000,0.000000,4,-81.78,-81.78,0,0,
08/27/2026,08:05:15:272,0.000000,0.000000,2,-123.16,-123.16,0,0,
08/27/2026,08:05:15:382,0.000000,0.000000,3,-126.5,-126.5,0,0,
08/27/2026,08:05:15:418,0.000000,0.000000,1,-122.38,-122.38,0,0,
08/27/2026,08:05:15:428,0.000000,0.000000,4,-73.96,-73.96,0,0,
08/27/2026,08:05:15:565,0.000000,0.000000,2,-121.01,-121.01,0,0,
08/27/2026,08:05:15:653,0.000000,0.000000,3,-123.57,-123.57,0,0,
08/27/2026,08:05:15:690,0.000000,0.000000,1,-124.62,-124.62,0,0,
08/27/2026,08:05:15:704,0.000000,0.000000,4,-83.59,-83.59,0,0,
08/27/2026,08:05:15:825,0.000000,0.000000,2,-123.54,-123.54,0,0,
08/27/2026,08:05:15:933,0.000000,0.000000,3,-124.4,-124.4,0,0,
08/27/2026,08:05:15:967,0.000000,0.000000,1,-122.51,-122.51,0,0,
08/27/2026,08:05:15:986,0.000000,0.000000,4,-81.37,-81.37,0,0,
08/27/2026,08:05:16:102,0.000000,0.000000,2,-120.93,-120.93,0,0,
08/27/2026,08:05:16:206,0.000000,0.000000,3,-122.44,-122.44,0,0,
08/27/2026,08:05:16:244,0.000000,0.000000,1,-120.68,-120.68,0,0,
08/27/2026,08:05:16:257,0.000000,0.000000,4,-78.93,-78.93,0,0,
08/27/2026,08:05:16:413,0.000000,0.000000,2,-123.09,-123.09,0,0,
08/27/2026,08:05:16:486,0.000000,0.000000,3,-125.2,-125.2,0,0,
08/27/2026,08:05:16:530,0.000000,0.000000,1,-123.66,-123.66,0,0,
08/27/2026,08:05:16:535,0.000000,0.000000,4,-76.25,-76.25,0,0,
08/27/2026,08:05:16:671,0.000000,0.000000,2,-121.38,-121.38,0,0,
08/27/2026,08:05:16:776,0.000000,0.000000,3,-123.91,-123.91,0,0,
08/27/2026,08:05:16:816,0.000000,0.000000,1,-122.52,-122.52,0,0,
08/27/2026,08:05:16:824,0.000000,0.000000,4,-80.39,-80.39,0,0,
08/27/2026,08:05:16:970,0.000000,0.000000,2,-121.56,-121.56,0,0,
08/27/2026,08:05:17:062,0.000000,0.000000,3,-123.98,-123.98,0,0,
08/27/2026,08:05:17:103,0.000000,0.000000,1,-122.04,-122.04,0,0,
08/27/2026,08:05:17:117,0.000000,0.000000,4,-73.27,-73.27,0,0,
08/27/2026,08:05:17:215,0.000000,0.000000,2,-121.23,-121.23,0,0,
08/27/2026,08:05:17:313,0.000000,0.000000,3,-124.51,-124.51,0,0,
08/27/2026,08:05:17:348,0.000000,0.000000,1,-122.71,-122.71,0,0,
08/27/2026,08:05:17:369,0.000000,0.000000,4,-79.25,-79.25,0,0,
08/27/2026,08:05:17:490,0.000000,0.000000,2,-122.76,-122.76,0,0,
08/27/2026,08:05:17:606,0.000000,0.000000,3,-124.49,-124.49,0,0,
08/27/2026,08:05:17:621,0.000000,0.000000,1,-124.59,-124.59,0,0,
08/27/2026,08:05:17:640,0.000000,0.000000,4,-75.68,-75.68,0,0,
08/27/2026,08:05:17:760,0.000000,0.000000,2,-123.83,-123.83,0,0,
08/27/2026,08:05:17:870,0.000000,0.000000,3,-124.8,-124.8,0,0,
08/27/2026,08:05:17:898,0.000000,0.000000,1,-122.22,-122.22,0,0,
08/27/2026,08:05:17:958,0.000000,0.000000,4,-86.96,-86.96,0,0,
08/27/2026,08:05:18:043,0.000000,0.000000,2,-121.58,-121.58,0,0,
08/27/2026,08:05:18:143,0.000000,0.000000,3,-125.16,-125.16,0,0,
08/27/2026,08:05:18:187,0.000000,0.000000,1,-123.4,-123.4,0,0,
08/27/2026,08:05:18:207,0.000000,0.000000,4,-76.8,-76.8,0,0,
08/27/2026,08:05:18:316,0.000000,0.000000,2,-123.09,-123.09,0,0,
08/27/2026,08:05:18:417,0.000000,0.000000,3,-126.6,-126.6,0,0,
08/27/2026,08:05:18:453,0.000000,0.000000,1,-121.63,-121.63,0,0,
08/27/2026,08:05:18:473,0.000000,0.000000,4,-82.08,-82.08,0,0,
08/27/2026,08:05:18:595,0.000000,0.000000,2,-123.6,-123.6,0,0,
08/27/2026,08:05:18:699,0.000000,0.000000,3,-124.22,-124.22,0,0,
08/27/2026,08:05:18:729,0.000000,0.000000,1,-122.5,-122.5,0,0,
08/27/2026,08:05:18:754,0.000000,0.000000,4,-85.08,-85.08,0,0,
08/27/2026,08:05:18:923,0.000000,0.000000,2,-121.73,-121.73,0,0,
08/27/2026,08:05:19:016,0.000000,0.000000,3,-122.73,-122.73,0,0,
08/27/2026,08:05:19:023,0.000000,0.000000,1,-125.91,-125.91,0,0,
08/27/2026,08:05:19:052,0.000000,0.000000,4,-88.76,-88.76,0,0,
08/27/2026,08:05:19:153,0.000000,0.000000,2,-121.66,-121.66,0,0,
08/27/2026,08:05:19:247,0.000000,0.000000,3,-125.21,-125.21,0,0,
08/27/2026,08:05:19:297,0.000000,0.000000,1,-122.03,-122.03,0,0,
08/27/2026,08:05:19:305,0.000000,0.000000,4,-78.01,-78.01,0,0,
08/27/2026,08:05:19:477,0.000000,0.000000,2,-122.69,-122.69,0,0,
08/27/2026,08:05:19:537,0.000000,0.000000,3,-124.39,-124.39,0,0,
08/27/2026,08:05:19:561,0.000000,0.000000,1,-123.23,-123.23,0,0,
08/27/2026,08:05:19:592,0.000000,0.000000,4,-78.4,-78.4,0,0,
08/27/2026,08:05:19:708,0.000000,0.000000,2,-123.12,-123.12,0,0,
08/27/2026,08:05:19:801,0.000000,0.000000,3,-124.37,-124.37,0,0,
08/27/2026,08:05:19:854,0.000000,0.000000,1,-124.73,-124.73,0,0,
08/27/2026,08:05:19:857,0.000000,0.000000,4,-83.11,-83.11,0,0,
08/27/2026,08:05:19:972,0.000000,0.000000,2,-121.83,-121.83,0,0,
08/27/2026,08:05:20:080,0.000000,0.000000,3,-124.44,-124.44,0,0,
08/27/2026,08:05:20:120,0.000000,0.000000,1,-125.55,-125.55,0,0,
08/27/2026,08:05:20:127,0.000000,0.000000,4,-86.67,-86.67,0,0,
08/27/2026,08:05:20:251,0.000000,0.000000,2,-121.38,-121.38,0,0,
08/27/2026,08:05:20:366,0.000000,0.000000,3,-124.93,-124.93,0,0,
08/27/2026,08:05:20:400,0.000000,0.000000,1,-124.91,-124.91,0,0,
08/27/2026,08:05:20:406,0.000000,0.000000,4,-78.38,-78.38,0,0,
08/27/2026,08:05:20:578,0.000000,0.000000,2,-121.98,-121.98,0,0,
08/27/2026,08:05:20:632,0.000000,0.000000,3,-123.9,-123.9,0,0,
08/27/2026,08:05:20:663,0.000000,0.000000,1,-124.35,-124.35,0,0,
08/27/2026,08:05:20:707,0.000000,0.000000,4,-84.86,-84.86,0,0,
08/27/2026,08:05:20:834,0.000000,0.000000,2,-121.51,-121.51,0,0,
08/27/2026,08:05:20:906,0.000000,0.000000,3,-125.31,-125.31,0,0,
08/27/2026,08:05:20:937,0.000000,0.000000,1,-121.55,-121.55,0,0,
08/27/2026,08:05:20:962,0.000000,0.000000,4,-77.71,-77.71,0,0,
08/27/2026,08:05:21:084,0.000000,0.000000,2,-121.39,-121.39,0,0,
08/27/2026,08:05:21:188,0.000000,0.000000,3,-123.53,-123.53,0,0,
08/27/2026,08:05:21:219,0.000000,0.000000,1,-121.47,-121.47,0,0,
08/27/2026,08:05:21:233,0.000000,0.000000,4,-79.96,-79.96,0,0,
08/27/2026,08:05:21:353,0.000000,0.000000,2,-121.36,-121.36,0,0,
08/27/2026,08:05:21:461,0.000000,0.000000,3,-125.88,-125.88,0,0,
08/27/2026,08:05:21:517,0.000000,0.000000,1,-125.33,-125.33,0,0,
08/27/2026,08:05:21:528,0.000000,0.000000,4,-82.75,-82.75,0,0,
08/27/2026,08:05:21:654,0.000000,0.000000,2,-121.69,-121.69,0,0,
08/27/2026,08:05:21:734,0.000000,0.000000,3,-124.24,-124.24,0,0,
08/27/2026,08:05:21:773,0.000000,0.000000,1,-122.29,-122.29,0,0,
08/27/2026,08:05:21:784,0.000000,0.000000,4,-79.5,-79.5,0,0,
08/27/2026,08:05:21:920,0.000000,0.000000,2,-123,-123,0,0,
08/27/2026,08:05:22:012,0.000000,0.000000,3,-124.16,-124.16,0,0,
08/27/2026,08:05:22:046,0.000000,0.000000,1,-124.12,-124.12,0,0,
08/27/2026,08:05:22:061,0.000000,0.000000,4,-78.77,-78.77,0,0,
08/27/2026,08:05:22:196,0.000000,0.000000,2,-121.93,-121.93,0,0,
08/27/2026,08:05:22:286,0.000000,0.000000,3,-124.45,-124.45,0,0,
08/27/2026,08:05:22:334,0.000000,0.000000,1,-122.1,-122.1,0,0,
08/27/2026,08:05:22:341,0.000000,0.000000,4,-78.18,-78.18,0,0,
08/27/2026,08:05:22:460,0.000000,0.000000,2,-122.82,-122.82,0,0,
08/27/2026,08:05:22:582,0.000000,0.000000,3,-122.89,-122.89,0,0,
08/27/2026,08:05:22:629,0.000000,0.000000,1,-123.02,-123.02,0,0,
08/27/2026,08:05:22:633,0.000000,0.000000,4,-90.82,-90.82,0,0,
08/27/2026,08:05:22:761,0.000000,0.000000,2,-123.03,-123.03,0,0,
08/27/2026,08:05:22:839,0.000000,0.000000,3,-125.07,-125.07,0,0,
08/27/2026,08:05:22:879,0.000000,0.000000,1,-124.98,-124.98,0,0,
08/27/2026,08:05:22:891,0.000000,0.000000,4,-83.63,-83.63,0,0,
08/27/2026,08:05:23:010,0.000000,0.000000,2,-122.1,-122.1,0,0,
08/27/2026,08:05:23:114,0.000000,0.000000,3,-125.01,-125.01,0,0,
08/27/2026,08:05:23:160,0.000000,0.000000,1,-123.98,-123.98,0,0,
08/27/2026,08:05:23:165,0.000000,0.000000,4,-90.67,-90.67,0,0,
08/27/2026,08:05:23:286,0.000000,0.000000,2,-121.51,-121.51,0,0,
08/27/2026,08:05:23:397,0.000000,0.000000,3,-125.73,-125.73,0,0,
08/27/2026,08:05:23:425,0.000000,0.000000,1,-123.77,-123.77,0,0,
08/27/2026,08:05:23:441,0.000000,0.000000,4,-80.2,-80.2,0,0,
08/27/2026,08:05:23:573,0.000000,0.000000,2,-121.76,-121.76,0,0,
08/27/2026,08:05:23:671,0.000000,0.000000,3,-124.58,-124.58,0,0,
08/27/2026,08:05:23:711,0.000000,0.000000,1,-125.32,-125.32,0,0,
08/27/2026,08:05:23:719,0.000000,0.000000,4,-84.1,-84.1,0,0,
08/27/2026,08:05:23:840,0.000000,0.000000,2,-124.07,-124.07,0,0,
08/27/2026,08:05:23:944,0.000000,0.000000,3,-126.62,-126.62,0,0,
08/27/2026,08:05:23:997,0.000000,0.000000,1,-122.32,-122.32,0,0,
08/27/2026,08:05:23:999,0.000000,0.000000,4,-83.1,-83.1,0,0,
08/27/2026,08:05:24:126,0.000000,0.000000,2,-120.29,-120.29,0,0,
08/27/2026,08:05:24:221,0.000000,0.000000,3,-126.98,-126.98,0,0,
08/27/2026,08:05:24:264,0.000000,0.000000,1,-122.72,-122.72,0,0,
08/27/2026,08:05:24:272,0.000000,0.000000,4,-79.53,-79.53,0,0,
08/27/2026,08:05:24:400,0.000000,0.000000,2,-123.57,-123.57,0,0,
08/27/2026,08:05:24:512,0.000000,0.000000,3,-124.23,-124.23,0,0,
08/27/2026,08:05:24:611,0.000000,0.000000,1,-121.6,-121.6,0,0,
08/27/2026,08:05:24:615,0.000000,0.000000,4,-74.93,-74.93,0,0,
08/27/2026,08:05:24:675,0.000000,0.000000,2,-122.21,-122.21,0,0,
08/27/2026,08:05:24:777,0.000000,0.000000,3,-127.19,-127.19,0,0,
08/27/2026,08:05:24:816,0.000000,0.000000,1,-123.51,-123.51,0,0,
08/27/2026,08:05:24:828,0.000000,0.000000,4,-86.78,-86.78,0,0,
08/27/2026,08:05:24:979,0.000000,0.000000,2,-122.15,-122.15,0,0,
08/27/2026,08:05:25:055,0.000000,0.000000,3,-123.01,-123.01,0,0,
08/27/2026,08:05:25:092,0.000000,0.000000,1,-123.27,-123.27,0,0,
08/27/2026,08:05:25:106,0.000000,0.000000,4,-84.88,-84.88,0,0,
08/27/2026,08:05:25:251,0.000000,0.000000,2,-121.34,-121.34,0,0,
08/27/2026,08:05:25:325,0.000000,0.000000,3,-124.46,-124.46,0,0,
08/27/2026,08:05:25:411,0.000000,0.000000,1,-124.57,-124.57,0,0,
08/27/2026,08:05:25:414,0.000000,0.000000,4,-79.82,-79.82,0,0,
08/27/2026,08:05:25:525,0.000000,0.000000,2,-122.08,-122.08,0,0,
08/27/2026,08:05:25:606,0.000000,0.000000,3,-123.43,-123.43,0,0,
08/27/2026,08:05:25:642,0.000000,0.000000,1,-122.22,-122.22,0,0,
08/27/2026,08:05:25:656,0.000000,0.000000,4,-83.35,-83.35,0,0,
08/27/2026,08:05:25:779,0.000000,0.000000,2,-121.75,-121.75,0,0,
08/27/2026,08:05:25:877,0.000000,0.000000,3,-125.83,-125.83,0,0,
08/27/2026,08:05:25:920,0.000000,0.000000,1,-122.82,-122.82,0,0,
08/27/2026,08:05:25:929,0.000000,0.000000,4,-87.41,-87.41,0,0,
08/27/2026,08:05:26:053,0.000000,0.000000,2,-122.5,-122.5,0,0,
08/27/2026,08:05:26:189,0.000000,0.000000,3,-123.98,-123.98,0,0,
08/27/2026,08:05:26:197,0.000000,0.000000,1,-122.98,-122.98,0,0,
08/27/2026,08:05:26:279,0.000000,0.000000,4,-93.01,-93.01,0,0,
08/27/2026,08:05:26:360,0.000000,0.000000,2,-122.69,-122.69,0,0,
08/27/2026,08:05:26:440,0.000000,0.000000,3,-125.87,-125.87,0,0,
08/27/2026,08:05:26:490,0.000000,0.000000,1,-122.63,-122.63,0,0,
08/27/2026,08:05:26:493,0.000000,0.000000,4,-80.63,-80.63,0,0,
08/27/2026,08:05:26:646,0.000000,0.000000,2,-121.48,-121.48,0,0,
08/27/2026,08:05:26:770,0.000000,0.000000,3,-123.76,-123.76,0,0,
08/27/2026,08:05:26:781,0.000000,0.000000,1,-122.74,-122.74,0,0,
08/27/2026,08:05:26:785,0.000000,0.000000,4,-86.38,-86.38,0,0,
08/27/2026,08:05:26:879,0.000000,0.000000,2,-121.24,-121.24,0,0,
08/27/2026,08:05:26:983,0.000000,0.000000,3,-125.08,-125.08,0,0,
08/27/2026,08:05:27:017,0.000000,0.000000,1,-123.91,-123.91,0,0,
08/27/2026,08:05:27:041,0.000000,0.000000,4,-87.4,-87.4,0,0,
08/27/2026,08:05:27:168,0.000000,0.000000,2,-122.54,-122.54,0,0,
08/27/2026,08:05:27:260,0.000000,0.000000,3,-125.59,-125.59,0,0,
08/27/2026,08:05:27:294,0.000000,0.000000,1,-121.9,-121.9,0,0,
08/27/2026,08:05:27:331,0.000000,0.000000,4,-91.74,-91.74,0,0,
08/27/2026,08:05:27:433,0.000000,0.000000,2,-120.47,-120.47,0,0,
08/27/2026,08:05:27:538,0.000000,0.000000,3,-124.6,-124.6,0,0,
08/27/2026,08:05:27:570,0.000000,0.000000,1,-121.86,-121.86,0,0,
08/27/2026,08:05:27:593,0.000000,0.000000,4,-98.26,-98.26,0,0,
08/27/2026,08:05:27:712,0.000000,0.000000,2,-122.07,-122.07,0,0,
08/27/2026,08:05:27:819,0.000000,0.000000,3,-125.02,-125.02,0,0,
08/27/2026,08:05:27:848,0.000000,0.000000,1,-121.3,-121.3,0,0,
08/27/2026,08:05:27:881,0.000000,0.000000,4,-93.25,-93.25,0,0,
08/27/2026,08:05:27:987,0.000000,0.000000,2,-119.6,-119.6,0,0,
08/27/2026,08:05:28:149,0.000000,0.000000,3,-124.93,-124.93,0,0,
08/27/2026,08:05:28:234,0.000000,0.000000,1,-124.52,-124.52,0,0,
08/27/2026,08:05:28:240,0.000000,0.000000,4,-96.85,-96.85,0,0,
08/27/2026,08:05:28:419,0.000000,0.000000,2,-120.44,-120.44,0,0,
08/27/2026,08:05:28:455,0.000000,0.000000,3,-121.32,-121.32,0,0,
08/27/2026,08:05:28:470,0.000000,0.000000,1,-124.38,-124.38,0,0,
08/27/2026,08:05:28:473,0.000000,0.000000,4,-87.26,-87.26,0,0,
08/27/2026,08:05:28:547,0.000000,0.000000,2,-122.8,-122.8,0,0,
08/27/2026,08:05:28:656,0.000000,0.000000,3,-125,-125,0,0,
08/27/2026,08:05:28:689,0.000000,0.000000,1,-122,-122,0,0,
08/27/2026,08:05:28:718,0.000000,0.000000,4,-89.91,-89.91,0,0,
08/27/2026,08:05:28:833,0.000000,0.000000,2,-123.67,-123.67,0,0,
08/27/2026,08:05:28:956,0.000000,0.000000,3,-112.11,-112.11,0,0,
08/27/2026,08:05:28:984,0.000000,0.000000,1,-124.11,-124.11,0,0,
08/27/2026,08:05:29:004,0.000000,0.000000,4,-92.99,-92.99,0,0,
08/27/2026,08:05:29:120,0.000000,0.000000,2,-121.04,-121.04,0,0,
08/27/2026,08:05:29:225,0.000000,0.000000,3,-121.87,-121.87,0,0,
08/27/2026,08:05:29:266,0.000000,0.000000,1,-122.57,-122.57,0,0,
08/27/2026,08:05:29:278,0.000000,0.000000,4,-98.66,-98.66,0,0,
08/27/2026,08:05:29:405,0.000000,0.000000,2,-121.49,-121.49,0,0,
08/27/2026,08:05:29:512,0.000000,0.000000,3,-125.17,-125.17,0,0,
08/27/2026,08:05:29:549,0.000000,0.000000,1,-123.18,-123.18,0,0,
08/27/2026,08:05:29:579,0.000000,0.000000,4,-98.54,-98.54,0,0,
08/27/2026,08:05:29:762,0.000000,0.000000,2,-122.28,-122.28,0,0,
08/27/2026,08:05:29:795,0.000000,0.000000,3,-122.8,-122.8,0,0,
08/27/2026,08:05:29:824,0.000000,0.000000,1,-122.51,-122.51,0,0,
08/27/2026,08:05:29:833,0.000000,0.000000,4,-90.64,-90.64,0,0,
08/27/2026,08:05:29:952,0.000000,0.000000,2,-123.45,-123.45,0,0,
08/27/2026,08:05:30:054,0.000000,0.000000,3,-123.56,-123.56,0,0,
08/27/2026,08:05:30:121,0.000000,0.000000,1,-118.62,-118.62,0,0,
08/27/2026,08:05:30:131,0.000000,0.000000,4,-89.41,-89.41,0,0,
08/27/2026,08:05:30:259,0.000000,0.000000,2,-122.03,-122.03,0,0,
08/27/2026,08:05:30:350,0.000000,0.000000,3,-123.44,-123.44,0,0,
08/27/2026,08:05:30:407,0.000000,0.000000,1,-113.44,-113.44,0,0,
08/27/2026,08:05:30:415,0.000000,0.000000,4,-87.78,-87.78,0,0,
08/27/2026,08:05:30:536,0.000000,0.000000,2,-122.75,-122.75,0,0,
08/27/2026,08:05:30:649,0.000000,0.000000,3,-124.2,-124.2,0,0,
08/27/2026,08:05:30:692,0.000000,0.000000,1,-115,-115,0,0,
08/27/2026,08:05:30:693,0.000000,0.000000,4,-94.3,-94.3,0,0,
08/27/2026,08:05:30:824,0.000000,0.000000,2,-121.11,-121.11,0,0,
08/27/2026,08:05:30:923,0.000000,0.000000,3,-123.51,-123.51,0,0,
08/27/2026,08:05:30:967,0.000000,0.000000,1,-125.97,-125.97,0,0,
08/27/2026,08:05:30:972,0.000000,0.000000,4,-86.7,-86.7,0,0,
08/27/2026,08:05:31:085,0.000000,0.000000,2,-120.99,-120.99,0,0,
08/27/2026,08:05:31:198,0.000000,0.000000,3,-123.95,-123.95,0,0,
08/27/2026,08:05:31:233,0.000000,0.000000,1,-122.78,-122.78,0,0,
08/27/2026,08:05:31:247,0.000000,0.000000,4,-88.98,-88.98,0,0,
08/27/2026,08:05:31:363,0.000000,0.000000,2,-120.6,-120.6,0,0,
08/27/2026,08:05:31:467,0.000000,0.000000,3,-124.82,-124.82,0,0,
08/27/2026,08:05:31:509,0.000000,0.000000,1,-123.12,-123.12,0,0,
08/27/2026,08:05:31:524,0.000000,0.000000,4,-80.65,-80.65,0,0,
08/27/2026,08:05:31:639,0.000000,0.000000,2,-122.53,-122.53,0,0,
08/27/2026,08:05:31:769,0.000000,0.000000,3,-124.4,-124.4,0,0,
08/27/2026,08:05:31:776,0.000000,0.000000,1,-123.39,-123.39,0,0,
08/27/2026,08:05:31:796,0.000000,0.000000,4,-97.24,-97.24,0,0,
08/27/2026,08:05:31:943,0.000000,0.000000,2,-122.04,-122.04,0,0,
08/27/2026,08:05:32:061,0.000000,0.000000,3,-123.99,-123.99,0,0,
08/27/2026,08:05:32:107,0.000000,0.000000,1,-122.18,-122.18,0,0,
08/27/2026,08:05:32:108,0.000000,0.000000,4,-89.57,-89.57,0,0,
08/27/2026,08:05:32:192,0.000000,0.000000,2,-121.22,-121.22,0,0,
08/27/2026,08:05:32:329,0.000000,0.000000,3,-124.43,-124.43,0,0,
08/27/2026,08:05:32:342,0.000000,0.000000,1,-123,-123,0,0,
08/27/2026,08:05:32:357,0.000000,0.000000,4,-85.53,-85.53,0,0,
08/27/2026,08:05:32:477,0.000000,0.000000,2,-122.65,-122.65,0,0,
08/27/2026,08:05:32:595,0.000000,0.000000,3,-122.94,-122.94,0,0,
08/27/2026,08:05:32:611,0.000000,0.000000,1,-123.72,-123.72,0,0,
08/27/2026,08:05:32:628,0.000000,0.000000,4,-89.42,-89.42,0,0,
08/27/2026,08:05:32:754,0.000000,0.000000,2,-121.33,-121.33,0,0,
08/27/2026,08:05:32:859,0.000000,0.000000,3,-125.63,-125.63,0,0,
08/27/2026,08:05:32:899,0.000000,0.000000,1,-122.51,-122.51,0,0,
08/27/2026,08:05:32:901,0.000000,0.000000,4,-85.87,-85.87,0,0,
08/27/2026,08:05:33:050,0.000000,0.000000,2,-123.39,-123.39,0,0,
08/27/2026,08:05:33:128,0.000000,0.000000,3,-126.43,-126.43,0,0,
08/27/2026,08:05:33:178,0.000000,0.000000,1,-122.04,-122.04,0,0,
08/27/2026,08:05:33:181,0.000000,0.000000,4,-87.75,-87.75,0,0,
08/27/2026,08:05:33:308,0.000000,0.000000,2,-121.39,-121.39,0,0,
08/27/2026,08:05:33:401,0.000000,0.000000,3,-123.31,-123.31,0,0,
08/27/2026,08:05:33:447,0.000000,0.000000,1,-122.44,-122.44,0,0,
08/27/2026,08:05:33:456,0.000000,0.000000,4,-86.6,-86.6,0,0,
08/27/2026,08:05:33:606,0.000000,0.000000,2,-122.01,-122.01,0,0,
08/27/2026,08:05:33:705,0.000000,0.000000,3,-123.6,-123.6,0,0,
08/27/2026,08:05:33:797,0.000000,0.000000,1,-124.45,-124.45,0,0,
08/27/2026,08:05:33:837,0.000000,0.000000,4,-78.98,-78.98,0,0,
08/27/2026,08:05:33:959,0.000000,0.000000,2,-121.23,-121.23,0,0,
08/27/2026,08:05:34:004,0.000000,0.000000,3,-125.4,-125.4,0,0,
08/27/2026,08:05:34:010,0.000000,0.000000,1,-125.12,-125.12,0,0,
08/27/2026,08:05:34:014,0.000000,0.000000,4,-84.45,-84.45,0,0,
08/27/2026,08:05:34:140,0.000000,0.000000,2,-126.51,-126.51,0,0,
08/27/2026,08:05:34:257,0.000000,0.000000,3,-115.16,-115.16,0,0,
08/27/2026,08:05:34:324,0.000000,0.000000,1,-110.21,-110.21,0,0,
08/27/2026,08:05:34:326,0.000000,0.000000,4,-85.77,-85.77,0,0,
08/27/2026,08:05:34:449,0.000000,0.000000,2,-122.34,-122.34,0,0,
08/27/2026,08:05:34:547,0.000000,0.000000,3,-124.13,-124.13,0,0,
08/27/2026,08:05:34:597,0.000000,0.000000,1,-116.08,-116.08,0,0,
08/27/2026,08:05:34:610,0.000000,0.000000,4,-85.08,-85.08,0,0,
08/27/2026,08:05:34:744,0.000000,0.000000,2,-112.56,-112.56,0,0,
08/27/2026,08:05:34:934,0.000000,0.000000,3,-123.27,-123.27,0,0,
08/27/2026,08:05:34:942,0.000000,0.000000,1,-123.06,-123.06,0,0,
08/27/2026,08:05:34:945,0.000000,0.000000,4,-80.51,-80.51,0,0,
08/27/2026,08:05:35:035,0.000000,0.000000,2,-122.63,-122.63,0,0,
08/27/2026,08:05:35:137,0.000000,0.000000,3,-124.44,-124.44,0,0,
08/27/2026,08:05:35:172,0.000000,0.000000,1,-124.09,-124.09,0,0,
08/27/2026,08:05:35:185,0.000000,0.000000,4,-86.8,-86.8,0,0,
08/27/2026,08:05:35:305,0.000000,0.000000,2,-121.23,-121.23,0,0,
08/27/2026,08:05:35:440,0.000000,0.000000,3,-126.39,-126.39,0,0,
08/27/2026,08:05:35:448,0.000000,0.000000,1,-121.76,-121.76,0,0,
08/27/2026,08:05:35:483,0.000000,0.000000,4,-81.13,-81.13,0,0,
08/27/2026,08:05:35:657,0.000000,0.000000,2,-119.88,-119.88,0,0,
08/27/2026,08:05:35:713,0.000000,0.000000,3,-121.66,-121.66,0,0,
08/27/2026,08:05:35:748,0.000000,0.000000,1,-123.84,-123.84,0,0,
08/27/2026,08:05:35:751,0.000000,0.000000,4,-77.37,-77.37,0,0,
08/27/2026,08:05:35:899,0.000000,0.000000,2,-115.57,-115.57,0,0,
08/27/2026,08:05:35:975,0.000000,0.000000,3,-118.95,-118.95,0,0,
08/27/2026,08:05:36:005,0.000000,0.000000,1,-121.19,-121.19,0,0,
08/27/2026,08:05:36:051,0.000000,0.000000,4,-89.23,-89.23,0,0,
08/27/2026,08:05:36:153,0.000000,0.000000,2,-119.81,-119.81,0,0,
08/27/2026,08:05:36:257,0.000000,0.000000,3,-122.79,-122.79,0,0,
08/27/2026,08:05:36:293,0.000000,0.000000,1,-120.47,-120.47,0,0,
08/27/2026,08:05:36:313,0.000000,0.000000,4,-82.93,-82.93,0,0,
08/27/2026,08:05:36:433,0.000000,0.000000,2,-121.79,-121.79,0,0,
08/27/2026,08:05:36:576,0.000000,0.000000,3,-122.82,-122.82,0,0,
08/27/2026,08:05:36:595,0.000000,0.000000,1,-122.56,-122.56,0,0,
08/27/2026,08:05:36:602,0.000000,0.000000,4,-81.73,-81.73,0,0,
08/27/2026,08:05:36:723,0.000000,0.000000,2,-122.2,-122.2,0,0,
08/27/2026,08:05:36:811,0.000000,0.000000,3,-123.08,-123.08,0,0,
08/27/2026,08:05:36:848,0.000000,0.000000,1,-122.3,-122.3,0,0,
08/27/2026,08:05:36:878,0.000000,0.000000,4,-85.13,-85.13,0,0,
08/27/2026,08:05:37:003,0.000000,0.000000,2,-122.67,-122.67,0,0,
08/27/2026,08:05:37:086,0.000000,0.000000,3,-122.34,-122.34,0,0,
08/27/2026,08:05:37:127,0.000000,0.000000,1,-122.65,-122.65,0,0,
08/27/2026,08:05:37:154,0.000000,0.000000,4,-85.39,-85.39,0,0,
08/27/2026,08:05:37:276,0.000000,0.000000,2,-120.53,-120.53,0,0,
08/27/2026,08:05:37:378,0.000000,0.000000,3,-125.18,-125.18,0,0,
08/27/2026,08:05:37:415,0.000000,0.000000,1,-124.64,-124.64,0,0,
08/27/2026,08:05:37:427,0.000000,0.000000,4,-85,-85,0,0,
08/27/2026,08:05:37:560,0.000000,0.000000,2,-122.99,-122.99,0,0,
08/27/2026,08:05:37:675,0.000000,0.000000,3,-126.02,-126.02,0,0,
08/27/2026,08:05:37:688,0.000000,0.000000,1,-123.72,-123.72,0,0,
08/27/2026,08:05:37:724,0.000000,0.000000,4,-78.24,-78.24,0,0,
08/27/2026,08:05:37:839,0.000000,0.000000,2,-123.14,-123.14,0,0,
08/27/2026,08:05:37:929,0.000000,0.000000,3,-123.04,-123.04,0,0,
08/27/2026,08:05:37:964,0.000000,0.000000,1,-124.43,-124.43,0,0,
08/27/2026,08:05:37:982,0.000000,0.000000,4,-78.93,-78.93,0,0,
08/27/2026,08:05:38:146,0.000000,0.000000,2,-113.35,-113.35,0,0,
08/27/2026,08:05:38:224,0.000000,0.000000,3,-114.42,-114.42,0,0,
08/27/2026,08:05:38:288,0.000000,0.000000,1,-113.68,-113.68,0,0,
08/27/2026,08:05:38:294,0.000000,0.000000,4,-77.33,-77.33,0,0,
08/27/2026,08:05:38:422,0.000000,0.000000,2,-122.8,-122.8,0,0,
08/27/2026,08:05:38:548,0.000000,0.000000,3,-125.4,-125.4,0,0,
08/27/2026,08:05:38:557,0.000000,0.000000,1,-122.71,-122.71,0,0,
08/27/2026,08:05:38:569,0.000000,0.000000,4,-74.43,-74.43,0,0,
08/27/2026,08:05:38:691,0.000000,0.000000,2,-121.2,-121.2,0,0,
08/27/2026,08:05:38:806,0.000000,0.000000,3,-126.04,-126.04,0,0,
08/27/2026,08:05:38:834,0.000000,0.000000,1,-123.35,-123.35,0,0,
08/27/2026,08:05:38:846,0.000000,0.000000,4,-82.49,-82.49,0,0,
08/27/2026,08:05:38:974,0.000000,0.000000,2,-122.63,-122.63,0,0,
08/27/2026,08:05:39:104,0.000000,0.000000,3,-123.21,-123.21,0,0,
08/27/2026,08:05:39:115,0.000000,0.000000,1,-122.87,-122.87,0,0,
08/27/2026,08:05:39:159,0.000000,0.000000,4,-83.94,-83.94,0,0,
08/27/2026,08:05:39:286,0.000000,0.000000,2,-122.29,-122.29,0,0,
08/27/2026,08:05:39:357,0.000000,0.000000,3,-124.41,-124.41,0,0,
08/27/2026,08:05:39:398,0.000000,0.000000,1,-125.39,-125.39,0,0,
08/27/2026,08:05:39:445,0.000000,0.000000,4,-82.79,-82.79,0,0,
08/27/2026,08:05:39:539,0.000000,0.000000,2,-123.06,-123.06,0,0,
08/27/2026,08:05:39:650,0.000000,0.000000,3,-114.61,-114.61,0,0,
08/27/2026,08:05:39:676,0.000000,0.000000,1,-122.01,-122.01,0,0,
08/27/2026,08:05:39:705,0.000000,0.000000,4,-81.15,-81.15,0,0,
08/27/2026,08:05:39:818,0.000000,0.000000,2,-120.94,-120.94,0,0,
08/27/2026,08:05:40:038,0.000000,0.000000,3,-118.48,-118.48,0,0,
08/27/2026,08:05:40:042,0.000000,0.000000,1,-123.61,-123.61,0,0,
08/27/2026,08:05:40:065,0.000000,0.000000,4,-86.17,-86.17,0,0,
08/27/2026,08:05:40:114,0.000000,0.000000,2,-122.42,-122.42,0,0,
08/27/2026,08:05:40:214,0.000000,0.000000,3,-123.24,-123.24,0,0,
08/27/2026,08:05:40:243,0.000000,0.000000,1,-122.63,-122.63,0,0,
08/27/2026,08:05:40:260,0.000000,0.000000,4,-88.77,-88.77,0,0,
08/27/2026,08:05:40:397,0.000000,0.000000,2,-120.72,-120.72,0,0,
08/27/2026,08:05:40:491,0.000000,0.000000,3,-123.55,-123.55,0,0,
08/27/2026,08:05:40:518,0.000000,0.000000,1,-125.37,-125.37,0,0,
08/27/2026,08:05:40:543,0.000000,0.000000,4,-80.48,-80.48,0,0,
08/27/2026,08:05:40:657,0.000000,0.000000,2,-122.09,-122.09,0,0,
08/27/2026,08:05:40:779,0.000000,0.000000,3,-122.2,-122.2,0,0,
08/27/2026,08:05:40:847,0.000000,0.000000,1,-124.27,-124.27,0,0,
08/27/2026,08:05:40:855,0.000000,0.000000,4,-82.18,-82.18,0,0,
08/27/2026,08:05:40:947,0.000000,0.000000,2,-123.05,-123.05,0,0,
08/27/2026,08:05:41:074,0.000000,0.000000,3,-124.52,-124.52,0,0,
08/27/2026,08:05:41:100,0.000000,0.000000,1,-122.59,-122.59,0,0,
08/27/2026,08:05:41:103,0.000000,0.000000,4,-93.36,-93.36,0,0,
08/27/2026,08:05:41:246,0.000000,0.000000,2,-121.49,-121.49,0,0,
08/27/2026,08:05:41:331,0.000000,0.000000,3,-124.18,-124.18,0,0,
08/27/2026,08:05:41:364,0.000000,0.000000,1,-126.29,-126.29,0,0,
08/27/2026,08:05:41:406,0.000000,0.000000,4,-80.92,-80.92,0,0,
08/27/2026,08:05:41:518,0.000000,0.000000,2,-122.4,-122.4,0,0,
08/27/2026,08:05:41:608,0.000000,0.000000,3,-125.19,-125.19,0,0,
08/27/2026,08:05:41:651,0.000000,0.000000,1,-125.01,-125.01,0,0,
08/27/2026,08:05:41:653,0.000000,0.000000,4,-90.05,-90.05,0,0,
08/27/2026,08:05:41:787,0.000000,0.000000,2,-111.46,-111.46,0,0,
08/27/2026,08:05:41:887,0.000000,0.000000,3,-125.43,-125.43,0,0,
08/27/2026,08:05:41:926,0.000000,0.000000,1,-123.26,-123.26,0,0,
08/27/2026,08:05:41:943,0.000000,0.000000,4,-79.46,-79.46,0,0,
08/27/2026,08:05:42:064,0.000000,0.000000,2,-121.16,-121.16,0,0,
08/27/2026,08:05:42:172,0.000000,0.000000,3,-124.98,-124.98,0,0,
08/27/2026,08:05:42:207,0.000000,0.000000,1,-123.26,-123.26,0,0,
08/27/2026,08:05:42:227,0.000000,0.000000,4,-85.56,-85.56,0,0,
08/27/2026,08:05:42:335,0.000000,0.000000,2,-120.49,-120.49,0,0,
08/27/2026,08:05:42:444,0.000000,0.000000,3,-125.75,-125.75,0,0,
08/27/2026,08:05:42:475,0.000000,0.000000,1,-123.36,-123.36,0,0,
08/27/2026,08:05:42:499,0.000000,0.000000,4,-83.48,-83.48,0,0,
08/27/2026,08:05:42:622,0.000000,0.000000,2,-122.86,-122.86,0,0,
08/27/2026,08:05:42:719,0.000000,0.000000,3,-123.58,-123.58,0,0,
08/27/2026,08:05:42:758,0.000000,0.000000,1,-123.23,-123.23,0,0,
08/27/2026,08:05:42:768,0.000000,0.000000,4,-84.48,-84.48,0,0,
08/27/2026,08:05:42:902,0.000000,0.000000,2,-112.45,-112.45,0,0,
08/27/2026,08:05:43:028,0.000000,0.000000,3,-114.84,-114.84,0,0,
08/27/2026,08:05:43:071,0.000000,0.000000,1,-112.23,-112.23,0,0,
08/27/2026,08:05:43:097,0.000000,0.000000,4,-82.73,-82.73,0,0,
08/27/2026,08:05:43:197,0.000000,0.000000,2,-122.67,-122.67,0,0,
08/27/2026,08:05:43:312,0.000000,0.000000,3,-111.5,-111.5,0,0,
08/27/2026,08:05:43:353,0.000000,0.000000,1,-124.66,-124.66,0,0,
08/27/2026,08:05:43:408,0.000000,0.000000,4,-81.78,-81.78,0,0,
08/27/2026,08:05:43:501,0.000000,0.000000,2,-123.13,-123.13,0,0,
08/27/2026,08:05:43:601,0.000000,0.000000,3,-113.15,-113.15,0,0,
08/27/2026,08:05:43:648,0.000000,0.000000,1,-118.69,-118.69,0,0,
08/27/2026,08:05:43:650,0.000000,0.000000,4,-79.51,-79.51,0,0,
08/27/2026,08:05:43:774,0.000000,0.000000,2,-122.48,-122.48,0,0,
08/27/2026,08:05:43:911,0.000000,0.000000,3,-109.73,-109.73,0,0,
08/27/2026,08:05:43:934,0.000000,0.000000,1,-115.62,-115.62,0,0,
08/27/2026,08:05:43:942,0.000000,0.000000,4,-76.72,-76.72,0,0,
08/27/2026,08:05:44:075,0.000000,0.000000,2,-121.95,-121.95,0,0,
08/27/2026,08:05:44:173,0.000000,0.000000,3,-123.38,-123.38,0,0,
08/27/2026,08:05:44:222,0.000000,0.000000,1,-113.1,-113.1,0,0,
08/27/2026,08:05:44:241,0.000000,0.000000,4,-82.72,-82.72,0,0,
08/27/2026,08:05:44:374,0.000000,0.000000,2,-119.33,-119.33,0,0,
08/27/2026,08:05:44:480,0.000000,0.000000,3,-126.22,-126.22,0,0,
08/27/2026,08:05:44:517,0.000000,0.000000,1,-121.98,-121.98,0,0,
08/27/2026,08:05:44:548,0.000000,0.000000,4,-93.12,-93.12,0,0,
08/27/2026,08:05:44:761,0.000000,0.000000,2,-117.71,-117.71,0,0,
08/27/2026,08:05:44:820,0.000000,0.000000,3,-123.52,-123.52,0,0,
08/27/2026,08:05:44:851,0.000000,0.000000,1,-121.97,-121.97,0,0,
08/27/2026,08:05:44:892,0.000000,0.000000,4,-81.45,-81.45,0,0,
08/27/2026,08:05:45:054,0.000000,0.000000,2,-122.78,-122.78,0,0,
08/27/2026,08:05:45:192,0.000000,0.000000,3,-123.03,-123.03,0,0,
08/27/2026,08:05:45:203,0.000000,0.000000,1,-122.55,-122.55,0,0,
08/27/2026,08:05:45:206,0.000000,0.000000,4,-87.37,-87.37,0,0,
08/27/2026,08:05:45:295,0.000000,0.000000,2,-123.92,-123.92,0,0,
08/27/2026,08:05:45:330,0.000000,0.000000,3,-125.59,-125.59,0,0,
08/27/2026,08:05:45:354,0.000000,0.000000,1,-122.61,-122.61,0,0,
08/27/2026,08:05:45:366,0.000000,0.000000,4,-80.33,-80.33,0,0,
08/27/2026,08:05:45:505,0.000000,0.000000,2,-111.86,-111.86,0,0,
08/27/2026,08:05:45:614,0.000000,0.000000,3,-123.04,-123.04,0,0,
08/27/2026,08:05:45:640,0.000000,0.000000,1,-124.47,-124.47,0,0,
08/27/2026,08:05:45:692,0.000000,0.000000,4,-82.61,-82.61,0,0,
08/27/2026,08:05:45:775,0.000000,0.000000,2,-123.25,-123.25,0,0,
08/27/2026,08:05:45:888,0.000000,0.000000,3,-125.03,-125.03,0,0,
08/27/2026,08:05:45:916,0.000000,0.000000,1,-122.15,-122.15,0,0,
08/27/2026,08:05:45:933,0.000000,0.000000,4,-77.45,-77.45,0,0,
08/27/2026,08:05:46:048,0.000000,0.000000,2,-124.48,-124.48,0,0,
08/27/2026,08:05:46:158,0.000000,0.000000,3,-124.46,-124.46,0,0,
08/27/2026,08:05:46:193,0.000000,0.000000,1,-121.86,-121.86,0,0,
08/27/2026,08:05:46:203,0.000000,0.000000,4,-80.55,-80.55,0,0,
08/27/2026,08:05:46:338,0.000000,0.000000,2,-120.57,-120.57,0,0,
08/27/2026,08:05:46:456,0.000000,0.000000,3,-123.57,-123.57,0,0,
08/27/2026,08:05:46:482,0.000000,0.000000,1,-122.2,-122.2,0,0,
08/27/2026,08:05:46:490,0.000000,0.000000,4,-75.84,-75.84,0,0,
08/27/2026,08:05:46:632,0.000000,0.000000,2,-120.26,-120.26,0,0,
08/27/2026,08:05:46:801,0.000000,0.000000,3,-124.18,-124.18,0,0,
08/27/2026,08:05:46:889,0.000000,0.000000,1,-123.38,-123.38,0,0,
08/27/2026,08:05:46:896,0.000000,0.000000,4,-77.13,-77.13,0,0,
08/27/2026,08:05:46:938,0.000000,0.000000,2,-125.05,-125.05,0,0,
08/27/2026,08:05:46:989,0.000000,0.000000,3,-125.43,-125.43,0,0,
08/27/2026,08:05:47:021,0.000000,0.000000,1,-122.66,-122.66,0,0,
08/27/2026,08:05:47:055,0.000000,0.000000,4,-77.77,-77.77,0,0,
08/27/2026,08:05:47:170,0.000000,0.000000,2,-121.87,-121.87,0,0,
08/27/2026,08:05:47:268,0.000000,0.000000,3,-125.03,-125.03,0,0,
08/27/2026,08:05:47:305,0.000000,0.000000,1,-125.73,-125.73,0,0,
08/27/2026,08:05:47:314,0.000000,0.000000,4,-80.82,-80.82,0,0,
08/27/2026,08:05:47:431,0.000000,0.000000,2,-121.93,-121.93,0,0,
08/27/2026,08:05:47:547,0.000000,0.000000,3,-125.22,-125.22,0,0,
08/27/2026,08:05:47:576,0.000000,0.000000,1,-125.18,-125.18,0,0,
08/27/2026,08:05:47:608,0.000000,0.000000,4,-81.48,-81.48,0,0,
08/27/2026,08:05:47:727,0.000000,0.000000,2,-123.43,-123.43,0,0,
08/27/2026,08:05:47:812,0.000000,0.000000,3,-124.57,-124.57,0,0,
08/27/2026,08:05:47:851,0.000000,0.000000,1,-124.07,-124.07,0,0,
08/27/2026,08:05:47:868,0.000000,0.000000,4,-80.94,-80.94,0,0,
08/27/2026,08:05:47:985,0.000000,0.000000,2,-121.59,-121.59,0,0,
08/27/2026,08:05:48:088,0.000000,0.000000,3,-127.07,-127.07,0,0,
08/27/2026,08:05:48:138,0.000000,0.000000,1,-123.21,-123.21,0,0,
08/27/2026,08:05:48:142,0.000000,0.000000,4,-77.88,-77.88,0,0,
08/27/2026,08:05:48:263,0.000000,0.000000,2,-123.12,-123.12,0,0,
08/27/2026,08:05:48:371,0.000000,0.000000,3,-127.12,-127.12,0,0,
08/27/2026,08:05:48:431,0.000000,0.000000,1,-125.69,-125.69,0,0,
08/27/2026,08:05:48:434,0.000000,0.000000,4,-75.23,-75.23,0,0,
08/27/2026,08:05:48:578,0.000000,0.000000,2,-125.07,-125.07,0,0,
08/27/2026,08:05:48:658,0.000000,0.000000,3,-125.85,-125.85,0,0,
08/27/2026,08:05:48:694,0.000000,0.000000,1,-121.83,-121.83,0,0,
08/27/2026,08:05:48:700,0.000000,0.000000,4,-76.97,-76.97,0,0,
08/27/2026,08:05:48:861,0.000000,0.000000,2,-122.16,-122.16,0,0,
08/27/2026,08:05:48:922,0.000000,0.000000,3,-125.56,-125.56,0,0,
08/27/2026,08:05:48:962,0.000000,0.000000,1,-123.84,-123.84,0,0,
08/27/2026,08:05:48:968,0.000000,0.000000,4,-76.75,-76.75,0,0,
08/27/2026,08:05:49:135,0.000000,0.000000,2,-121.89,-121.89,0,0,
08/27/2026,08:05:49:204,0.000000,0.000000,3,-124.94,-124.94,0,0,
08/27/2026,08:05:49:239,0.000000,0.000000,1,-123.94,-123.94,0,0,
08/27/2026,08:05:49:253,0.000000,0.000000,4,-79.49,-79.49,0,0,
08/27/2026,08:05:49:374,0.000000,0.000000,2,-124.14,-124.14,0,0,
08/27/2026,08:05:49:470,0.000000,0.000000,3,-125.76,-125.76,0,0,
08/27/2026,08:05:49:509,0.000000,0.000000,1,-123.16,-123.16,0,0,
08/27/2026,08:05:49:556,0.000000,0.000000,4,-80.79,-80.79,0,0,
08/27/2026,08:05:49:691,0.000000,0.000000,2,-121.65,-121.65,0,0,
08/27/2026,08:05:49:758,0.000000,0.000000,3,-123.78,-123.78,0,0,
08/27/2026,08:05:49:806,0.000000,0.000000,1,-121.99,-121.99,0,0,
08/27/2026,08:05:49:813,0.000000,0.000000,4,-78.73,-78.73,0,0,
08/27/2026,08:05:49:922,0.000000,0.000000,2,-120.26,-120.26,0,0,
08/27/2026,08:05:50:028,0.000000,0.000000,3,-124.79,-124.79,0,0,
08/27/2026,08:05:50:061,0.000000,0.000000,1,-122.25,-122.25,0,0,
08/27/2026,08:05:50:082,0.000000,0.000000,4,-78.37,-78.37,0,0,
08/27/2026,08:05:50:201,0.000000,0.000000,2,-122.44,-122.44,0,0,
08/27/2026,08:05:50:386,0.000000,0.000000,3,-125.26,-125.26,0,0,
08/27/2026,08:05:50:391,0.000000,0.000000,1,-122.16,-122.16,0,0,
08/27/2026,08:05:50:394,0.000000,0.000000,4,-81.27,-81.27,0,0,
08/27/2026,08:05:50:489,0.000000,0.000000,2,-120.8,-120.8,0,0,
08/27/2026,08:05:50:576,0.000000,0.000000,3,-124.36,-124.36,0,0,
08/27/2026,08:05:50:620,0.000000,0.000000,1,-122.18,-122.18,0,0,
08/27/2026,08:05:50:661,0.000000,0.000000,4,-82.8,-82.8,0,0,
08/27/2026,08:05:50:747,0.000000,0.000000,2,-120.93,-120.93,0,0,
08/27/2026,08:05:50:856,0.000000,0.000000,3,-124.01,-124.01,0,0,
08/27/2026,08:05:50:899,0.000000,0.000000,1,-121.73,-121.73,0,0,
08/27/2026,08:05:50:911,0.000000,0.000000,4,-86.88,-86.88,0,0,
08/27/2026,08:05:51:027,0.000000,0.000000,2,-122.98,-122.98,0,0,
08/27/2026,08:05:51:128,0.000000,0.000000,3,-122.56,-122.56,0,0,
08/27/2026,08:05:51:184,0.000000,0.000000,1,-121.72,-121.72,0,0,
08/27/2026,08:05:51:194,0.000000,0.000000,4,-92.44,-92.44,0,0,
08/27/2026,08:05:51:304,0.000000,0.000000,2,-120.12,-120.12,0,0,
08/27/2026,08:05:51:427,0.000000,0.000000,3,-122.23,-122.23,0,0,
08/27/2026,08:05:51:440,0.000000,0.000000,1,-122.12,-122.12,0,0,
08/27/2026,08:05:51:457,0.000000,0.000000,4,-84.42,-84.42,0,0,
08/27/2026,08:05:51:576,0.000000,0.000000,2,-122.54,-122.54,0,0,
08/27/2026,08:05:51:686,0.000000,0.000000,3,-124.6,-124.6,0,0,
08/27/2026,08:05:51:718,0.000000,0.000000,1,-125.52,-125.52,0,0,
08/27/2026,08:05:51:761,0.000000,0.000000,4,-89.58,-89.58,0,0,
08/27/2026,08:05:51:861,0.000000,0.000000,2,-121.01,-121.01,0,0,
08/27/2026,08:05:51:974,0.000000,0.000000,3,-122.75,-122.75,0,0,
08/27/2026,08:05:51:995,0.000000,0.000000,1,-124.3,-124.3,0,0,
08/27/2026,08:05:52:007,0.000000,0.000000,4,-87.39,-87.39,0,0,
08/27/2026,08:05:52:169,0.000000,0.000000,2,-123.12,-123.12,0,0,
08/27/2026,08:05:52:304,0.000000,0.000000,3,-125.23,-125.23,0,0,
08/27/2026,08:05:52:346,0.000000,0.000000,1,-123.85,-123.85,0,0,
08/27/2026,08:05:52:379,0.000000,0.000000,4,-89.01,-89.01,0,0,
08/27/2026,08:05:52:441,0.000000,0.000000,2,-121.08,-121.08,0,0,
08/27/2026,08:05:52:525,0.000000,0.000000,3,-123.15,-123.15,0,0,
08/27/2026,08:05:52:555,0.000000,0.000000,1,-120.58,-120.58,0,0,
08/27/2026,08:05:52:562,0.000000,0.000000,4,-87.33,-87.33,0,0,
08/27/2026,08:05:52:696,0.000000,0.000000,2,-122.91,-122.91,0,0,
08/27/2026,08:05:52:802,0.000000,0.000000,3,-112.42,-112.42,0,0,
08/27/2026,08:05:52:836,0.000000,0.000000,1,-121.8,-121.8,0,0,
08/27/2026,08:05:52:873,0.000000,0.000000,4,-83.02,-83.02,0,0,
08/27/2026,08:05:52:987,0.000000,0.000000,2,-122.89,-122.89,0,0,
08/27/2026,08:05:53:084,0.000000,0.000000,3,-125.75,-125.75,0,0,
08/27/2026,08:05:53:134,0.000000,0.000000,1,-121.58,-121.58,0,0,
08/27/2026,08:05:53:145,0.000000,0.000000,4,-87.33,-87.33,0,0,
08/27/2026,08:05:53:280,0.000000,0.000000,2,-112.57,-112.57,0,0,
08/27/2026,08:05:53:390,0.000000,0.000000,3,-113.06,-113.06,0,0,
08/27/2026,08:05:53:429,0.000000,0.000000,1,-112.19,-112.19,0,0,
08/27/2026,08:05:53:464,0.000000,0.000000,4,-83.81,-83.81,0,0,
08/27/2026,08:05:53:587,0.000000,0.000000,2,-100.21,-100.21,0,0,
08/27/2026,08:05:53:696,0.000000,0.000000,3,-115.56,-115.56,0,0,
08/27/2026,08:05:53:749,0.000000,0.000000,1,-112.61,-112.61,0,0,
08/27/2026,08:05:53:759,0.000000,0.000000,4,-85.14,-85.14,0,0,
08/27/2026,08:05:53:880,0.000000,0.000000,2,-122.42,-122.42,0,0,
08/27/2026,08:05:53:984,0.000000,0.000000,3,-125.11,-125.11,0,0,
08/27/2026,08:05:54:017,0.000000,0.000000,1,-123.11,-123.11,0,0,
08/27/2026,08:05:54:067,0.000000,0.000000,4,-83.36,-83.36,0,0,
08/27/2026,08:05:54:163,0.000000,0.000000,2,-122.09,-122.09,0,0,
08/27/2026,08:05:54:274,0.000000,0.000000,3,-123.29,-123.29,0,0,
08/27/2026,08:05:54:312,0.000000,0.000000,1,-121.38,-121.38,0,0,
08/27/2026,08:05:54:315,0.000000,0.000000,4,-81.21,-81.21,0,0,
08/27/2026,08:05:54:430,0.000000,0.000000,2,-120.75,-120.75,0,0,
08/27/2026,08:05:54:566,0.000000,0.000000,3,-111.53,-111.53,0,0,
08/27/2026,08:05:54:597,0.000000,0.000000,1,-93.28,-93.28,0,0,
08/27/2026,08:05:54:622,0.000000,0.000000,4,-81.6,-81.6,0,0,
08/27/2026,08:05:54:746,0.000000,0.000000,2,-121.83,-121.83,0,0,
08/27/2026,08:05:54:858,0.000000,0.000000,3,-117.69,-117.69,0,0,
08/27/2026,08:05:54:924,0.000000,0.000000,1,-115.01,-115.01,0,0,
08/27/2026,08:05:54:928,0.000000,0.000000,4,-84.8,-84.8,0,0,
08/27/2026,08:05:55:047,0.000000,0.000000,2,-124.19,-124.19,0,0,
08/27/2026,08:05:55:153,0.000000,0.000000,3,-125.83,-125.83,0,0,
08/27/2026,08:05:55:203,0.000000,0.000000,1,-112.16,-112.16,0,0,
08/27/2026,08:05:55:233,0.000000,0.000000,4,-86.86,-86.86,0,0,
08/27/2026,08:05:55:485,0.000000,0.000000,2,-113.54,-113.54,0,0,
08/27/2026,08:05:55:521,0.000000,0.000000,3,-101.96,-101.96,0,0,
08/27/2026,08:05:55:537,0.000000,0.000000,1,-103.63,-103.63,0,0,
08/27/2026,08:05:55:542,0.000000,0.000000,4,-85.48,-85.48,0,0,
08/27/2026,08:05:55:680,0.000000,0.000000,2,-112.96,-112.96,0,0,
08/27/2026,08:05:55:774,0.000000,0.000000,3,-124.07,-124.07,0,0,
08/27/2026,08:05:55:809,0.000000,0.000000,1,-125.83,-125.83,0,0,
08/27/2026,08:05:55:834,0.000000,0.000000,4,-83.94,-83.94,0,0,
08/27/2026,08:05:55:970,0.000000,0.000000,2,-123.45,-123.45,0,0,
08/27/2026,08:05:56:110,0.000000,0.000000,3,-125.71,-125.71,0,0,
08/27/2026,08:05:56:124,0.000000,0.000000,1,-121.45,-121.45,0,0,
08/27/2026,08:05:56:156,0.000000,0.000000,4,-82.66,-82.66,0,0,
08/27/2026,08:05:56:245,0.000000,0.000000,2,-123.28,-123.28,0,0,
08/27/2026,08:05:56:329,0.000000,0.000000,3,-124.62,-124.62,0,0,
08/27/2026,08:05:56:361,0.000000,0.000000,1,-122.2,-122.2,0,0,
08/27/2026,08:05:56:388,0.000000,0.000000,4,-87.04,-87.04,0,0,
08/27/2026,08:05:56:499,0.000000,0.000000,2,-122.47,-122.47,0,0,
08/27/2026,08:05:56:611,0.000000,0.000000,3,-125.78,-125.78,0,0,
08/27/2026,08:05:56:648,0.000000,0.000000,1,-121.98,-121.98,0,0,
08/27/2026,08:05:56:669,0.000000,0.000000,4,-83.61,-83.61,0,0,
08/27/2026,08:05:56:776,0.000000,0.000000,2,-121.12,-121.12,0,0,
08/27/2026,08:05:56:880,0.000000,0.000000,3,-124.33,-124.33,0,0,
08/27/2026,08:05:56:915,0.000000,0.000000,1,-123.13,-123.13,0,0,
08/27/2026,08:05:56:945,0.000000,0.000000,4,-83.68,-83.68,0,0,
08/27/2026,08:05:57:055,0.000000,0.000000,2,-122.26,-122.26,0,0,
08/27/2026,08:05:57:158,0.000000,0.000000,3,-124.75,-124.75,0,0,
08/27/2026,08:05:57:191,0.000000,0.000000,1,-122.78,-122.78,0,0,
08/27/2026,08:05:57:209,0.000000,0.000000,4,-84.21,-84.21,0,0,
08/27/2026,08:05:57:345,0.000000,0.000000,2,-121.73,-121.73,0,0,
08/27/2026,08:05:57:439,0.000000,0.000000,3,-124.25,-124.25,0,0,
08/27/2026,08:05:57:521,0.000000,0.000000,1,-122.1,-122.1,0,0,
08/27/2026,08:05:57:535,0.000000,0.000000,4,-82.03,-82.03,0,0,
08/27/2026,08:05:57:630,0.000000,0.000000,2,-124.73,-124.73,0,0,
08/27/2026,08:05:57:736,0.000000,0.000000,3,-124.58,-124.58,0,0,
08/27/2026,08:05:57:744,0.000000,0.000000,1,-122.9,-122.9,0,0,
08/27/2026,08:05:57:760,0.000000,0.000000,4,-85.46,-85.46,0,0,
08/27/2026,08:05:57:892,0.000000,0.000000,2,-121.54,-121.54,0,0,
08/27/2026,08:05:57:990,0.000000,0.000000,3,-124.68,-124.68,0,0,
08/27/2026,08:05:58:025,0.000000,0.000000,1,-124,-124,0,0,
08/27/2026,08:05:58:075,0.000000,0.000000,4,-84.2,-84.2,0,0,
08/27/2026,08:05:58:165,0.000000,0.000000,2,-120.09,-120.09,0,0,
08/27/2026,08:05:58:264,0.000000,0.000000,3,-123.17,-123.17,0,0,
08/27/2026,08:05:58:300,0.000000,0.000000,1,-124.49,-124.49,0,0,
08/27/2026,08:05:58:316,0.000000,0.000000,4,-83.4,-83.4,0,0,
08/27/2026,08:05:58:445,0.000000,0.000000,2,-122,-122,0,0,
08/27/2026,08:05:58:543,0.000000,0.000000,3,-124.19,-124.19,0,0,
08/27/2026,08:05:58:576,0.000000,0.000000,1,-122.18,-122.18,0,0,
08/27/2026,08:05:58:588,0.000000,0.000000,4,-86.76,-86.76,0,0,
08/27/2026,08:05:58:714,0.000000,0.000000,2,-124.55,-124.55,0,0,
08/27/2026,08:05:58:820,0.000000,0.000000,3,-124.95,-124.95,0,0,
08/27/2026,08:05:58:873,0.000000,0.000000,1,-124.87,-124.87,0,0,
08/27/2026,08:05:58:877,0.000000,0.000000,4,-83.39,-83.39,0,0,
08/27/2026,08:05:58:986,0.000000,0.000000,2,-123.29,-123.29,0,0,
08/27/2026,08:05:59:098,0.000000,0.000000,3,-123.81,-123.81,0,0,
08/27/2026,08:05:59:140,0.000000,0.000000,1,-123.08,-123.08,0,0,
08/27/2026,08:05:59:143,0.000000,0.000000,4,-84.38,-84.38,0,0,
08/27/2026,08:05:59:269,0.000000,0.000000,2,-121.61,-121.61,0,0,
08/27/2026,08:06:00:819,0.000000,0.000000,3,-111.78,-111.78,0,0,
08/27/2026,08:06:00:821,0.000000,0.000000,1,-123.28,-123.28,0,0,
08/27/2026,08:06:00:822,0.000000,0.000000,4,-88.35,-88.35,0,0,
08/27/2026,08:06:00:923,0.000000,0.000000,2,-122.75,-122.75,0,0,
08/27/2026,08:06:00:927,0.000000,0.000000,3,-124.29,-124.29,0,0,
08/27/2026,08:06:00:929,0.000000,0.000000,1,-124.06,-124.06,0,0,
08/27/2026,08:06:00:930,0.000000,0.000000,4,-90.45,-90.45,0,0,
08/27/2026,08:06:00:937,0.000000,0.000000,2,-124.32,-124.32,0,0,
08/27/2026,08:06:00:939,0.000000,0.000000,3,-125.85,-125.85,0,0,
08/27/2026,08:06:00:941,0.000000,0.000000,1,-124.9,-124.9,0,0,
08/27/2026,08:06:00:941,0.000000,0.000000,4,-81.75,-81.75,0,0,
08/27/2026,08:06:00:945,0.000000,0.000000,2,-124.92,-124.92,0,0,
08/27/2026,08:06:00:947,0.000000,0.000000,3,-125.36,-125.36,0,0,
08/27/2026,08:06:00:947,0.000000,0.000000,1,-123.42,-123.42,0,0,
08/27/2026,08:06:00:948,0.000000,0.000000,4,-86.71,-86.71,0,0,
08/27/2026,08:06:00:950,0.000000,0.000000,2,-122.32,-122.32,0,0,
08/27/2026,08:06:00:958,0.000000,0.000000,3,-116.36,-116.36,0,0,
08/27/2026,08:06:00:961,0.000000,0.000000,1,-124.37,-124.37,0,0,
08/27/2026,08:06:00:962,0.000000,0.000000,4,-85.66,-85.66,0,0,
08/27/2026,08:06:00:965,0.000000,0.000000,2,-123.02,-123.02,0,0,
08/27/2026,08:06:00:968,0.000000,0.000000,3,-125.23,-125.23,0,0,
08/27/2026,08:06:00:968,0.000000,0.000000,1,-122.37,-122.37,0,0,
08/27/2026,08:06:00:968,0.000000,0.000000,4,-84.85,-84.85,0,0,
08/27/2026,08:06:00:972,0.000000,0.000000,2,-124.98,-124.98,0,0,
08/27/2026,08:06:01:049,0.000000,0.000000,3,-123.61,-123.61,0,0,
08/27/2026,08:06:01:080,0.000000,0.000000,1,-121.21,-121.21,0,0,
08/27/2026,08:06:01:096,0.000000,0.000000,4,-87.8,-87.8,0,0,
08/27/2026,08:06:01:241,0.000000,0.000000,2,-123.57,-123.57,0,0,
08/27/2026,08:06:01:326,0.000000,0.000000,3,-127.37,-127.37,0,0,
08/27/2026,08:06:01:356,0.000000,0.000000,1,-123.05,-123.05,0,0,
08/27/2026,08:06:01:380,0.000000,0.000000,4,-87.71,-87.71,0,0,
08/27/2026,08:06:01:502,0.000000,0.000000,2,-121,-121,0,0,
08/27/2026,08:06:01:628,0.000000,0.000000,3,-122.61,-122.61,0,0,
08/27/2026,08:06:01:707,0.000000,0.000000,1,-122.07,-122.07,0,0,
08/27/2026,08:06:01:714,0.000000,0.000000,4,-87.31,-87.31,0,0,
08/27/2026,08:06:01:854,0.000000,0.000000,2,-120.97,-120.97,0,0,
08/27/2026,08:06:01:938,0.000000,0.000000,3,-127.11,-127.11,0,0,
08/27/2026,08:06:01:946,0.000000,0.000000,1,-123.28,-123.28,0,0,
08/27/2026,08:06:01:952,0.000000,0.000000,4,-87.79,-87.79,0,0,
08/27/2026,08:06:02:048,0.000000,0.000000,2,-123.59,-123.59,0,0,
08/27/2026,08:06:02:152,0.000000,0.000000,3,-124.13,-124.13,0,0,
08/27/2026,08:06:02:203,0.000000,0.000000,1,-121.98,-121.98,0,0,
08/27/2026,08:06:02:210,0.000000,0.000000,4,-85.93,-85.93,0,0,
08/27/2026,08:06:02:336,0.000000,0.000000,2,-123.41,-123.41,0,0,
08/27/2026,08:06:02:432,0.000000,0.000000,3,-125.87,-125.87,0,0,
08/27/2026,08:06:02:483,0.000000,0.000000,1,-123.67,-123.67,0,0,
08/27/2026,08:06:02:489,0.000000,0.000000,4,-86.96,-86.96,0,0,
08/27/2026,08:06:02:613,0.000000,0.000000,2,-123.36,-123.36,0,0,
08/27/2026,08:06:02:724,0.000000,0.000000,3,-124.93,-124.93,0,0,
08/27/2026,08:06:02:736,0.000000,0.000000,1,-121.65,-121.65,0,0,
08/27/2026,08:06:02:754,0.000000,0.000000,4,-81.99,-81.99,0,0,
08/27/2026,08:06:02:876,0.000000,0.000000,2,-122.44,-122.44,0,0,
08/27/2026,08:06:02:980,0.000000,0.000000,3,-124.85,-124.85,0,0,
08/27/2026,08:06:03:033,0.000000,0.000000,1,-124.8,-124.8,0,0,
08/27/2026,08:06:03:035,0.000000,0.000000,4,-85.89,-85.89,0,0,
08/27/2026,08:06:03:172,0.000000,0.000000,2,-123.82,-123.82,0,0,
08/27/2026,08:06:03:310,0.000000,0.000000,3,-126.14,-126.14,0,0,
08/27/2026,08:06:03:344,0.000000,0.000000,1,-122.55,-122.55,0,0,
08/27/2026,08:06:03:350,0.000000,0.000000,4,-85.75,-85.75,0,0,
08/27/2026,08:06:03:436,0.000000,0.000000,2,-122.21,-122.21,0,0,
08/27/2026,08:06:03:540,0.000000,0.000000,3,-123.87,-123.87,0,0,
08/27/2026,08:06:03:577,0.000000,0.000000,1,-123.71,-123.71,0,0,
08/27/2026,08:06:03:583,0.000000,0.000000,4,-84.39,-84.39,0,0,
08/27/2026,08:06:03:809,0.000000,0.000000,2,-121.98,-121.98,0,0,
08/27/2026,08:06:03:886,0.000000,0.000000,3,-126.06,-126.06,0,0,
08/27/2026,08:06:03:893,0.000000,0.000000,1,-122.5,-122.5,0,0,
08/27/2026,08:06:03:895,0.000000,0.000000,4,-86.92,-86.92,0,0,
08/27/2026,08:06:03:992,0.000000,0.000000,2,-122.22,-122.22,0,0,
08/27/2026,08:06:04:086,0.000000,0.000000,3,-126.76,-126.76,0,0,
08/27/2026,08:06:04:134,0.000000,0.000000,1,-124.15,-124.15,0,0,
08/27/2026,08:06:04:144,0.000000,0.000000,4,-85.13,-85.13,0,0,
08/27/2026,08:06:04:266,0.000000,0.000000,2,-124.61,-124.61,0,0,
08/27/2026,08:06:04:374,0.000000,0.000000,3,-126.7,-126.7,0,0,
08/27/2026,08:06:04:412,0.000000,0.000000,1,-122.81,-122.81,0,0,
08/27/2026,08:06:04:415,0.000000,0.000000,4,-86.62,-86.62,0,0,
08/27/2026,08:06:04:534,0.000000,0.000000,2,-121.09,-121.09,0,0,
08/27/2026,08:06:04:645,0.000000,0.000000,3,-125.13,-125.13,0,0,
08/27/2026,08:06:04:696,0.000000,0.000000,1,-123.33,-123.33,0,0,
08/27/2026,08:06:04:703,0.000000,0.000000,4,-92.32,-92.32,0,0,
08/27/2026,08:06:04:812,0.000000,0.000000,2,-127.83,-127.83,0,0,
08/27/2026,08:06:04:917,0.000000,0.000000,3,-127.36,-127.36,0,0,
08/27/2026,08:06:04:952,0.000000,0.000000,1,-123.34,-123.34,0,0,
08/27/2026,08:06:04:971,0.000000,0.000000,4,-91.71,-91.71,0,0,
08/27/2026,08:06:05:087,0.000000,0.000000,2,-122.07,-122.07,0,0,
08/27/2026,08:06:05:191,0.000000,0.000000,3,-126.12,-126.12,0,0,
08/27/2026,08:06:05:250,0.000000,0.000000,1,-123.02,-123.02,0,0,
08/27/2026,08:06:05:256,0.000000,0.000000,4,-85.79,-85.79,0,0,
08/27/2026,08:06:05:371,0.000000,0.000000,2,-121.72,-121.72,0,0,
08/27/2026,08:06:05:498,0.000000,0.000000,3,-126.73,-126.73,0,0,
08/27/2026,08:06:05:507,0.000000,0.000000,1,-120.56,-120.56,0,0,
08/27/2026,08:06:05:538,0.000000,0.000000,4,-83.77,-83.77,0,0,
08/27/2026,08:06:05:654,0.000000,0.000000,2,-122.82,-122.82,0,0,
08/27/2026,08:06:05:785,0.000000,0.000000,3,-121.83,-121.83,0,0,
08/27/2026,08:06:05:801,0.000000,0.000000,1,-124.48,-124.48,0,0,
08/27/2026,08:06:05:803,0.000000,0.000000,4,-85.08,-85.08,0,0,
08/27/2026,08:06:05:929,0.000000,0.000000,2,-123.82,-123.82,0,0,
08/27/2026,08:06:06:019,0.000000,0.000000,3,-123.91,-123.91,0,0,
08/27/2026,08:06:06:053,0.000000,0.000000,1,-124.64,-124.64,0,0,
08/27/2026,08:06:06:145,0.000000,0.000000,4,-85.78,-85.78,0,0,
08/27/2026,08:06:06:197,0.000000,0.000000,2,-124.21,-124.21,0,0,
08/27/2026,08:06:06:328,0.000000,0.000000,3,-122.28,-122.28,0,0,
08/27/2026,08:06:06:337,0.000000,0.000000,1,-123.5,-123.5,0,0,
08/27/2026,08:06:06:350,0.000000,0.000000,4,-83.91,-83.91,0,0,
08/27/2026,08:06:06:477,0.000000,0.000000,2,-123.93,-123.93,0,0,
08/27/2026,08:06:06:576,0.000000,0.000000,3,-125.37,-125.37,0,0,
08/27/2026,08:06:06:605,0.000000,0.000000,1,-122.55,-122.55,0,0,
08/27/2026,08:06:06:639,0.000000,0.000000,4,-86.1,-86.1,0,0,
08/27/2026,08:06:06:745,0.000000,0.000000,2,-121.33,-121.33,0,0,
08/27/2026,08:06:06:848,0.000000,0.000000,3,-124.75,-124.75,0,0,
08/27/2026,08:06:06:891,0.000000,0.000000,1,-123.67,-123.67,0,0,
08/27/2026,08:06:06:909,0.000000,0.000000,4,-85.53,-85.53,0,0,
08/27/2026,08:06:07:069,0.000000,0.000000,2,-123.38,-123.38,0,0,
08/27/2026,08:06:07:158,0.000000,0.000000,3,-125.59,-125.59,0,0,
08/27/2026,08:06:07:199,0.000000,0.000000,1,-122.94,-122.94,0,0,
08/27/2026,08:06:07:203,0.000000,0.000000,4,-82.53,-82.53,0,0,
08/27/2026,08:06:07:331,0.000000,0.000000,2,-122.65,-122.65,0,0,
08/27/2026,08:06:07:409,0.000000,0.000000,3,-123.63,-123.63,0,0,
08/27/2026,08:06:07:437,0.000000,0.000000,1,-123.92,-123.92,0,0,
08/27/2026,08:06:07:462,0.000000,0.000000,4,-88.74,-88.74,0,0,
08/27/2026,08:06:07:589,0.000000,0.000000,2,-122.02,-122.02,0,0,
08/27/2026,08:06:07:677,0.000000,0.000000,3,-124.97,-124.97,0,0,
08/27/2026,08:06:07:741,0.000000,0.000000,1,-123.9,-123.9,0,0,
08/27/2026,08:06:07:745,0.000000,0.000000,4,-82.61,-82.61,0,0,
08/27/2026,08:06:07:850,0.000000,0.000000,2,-124.1,-124.1,0,0,
08/27/2026,08:06:07:973,0.000000,0.000000,3,-126,-126,0,0,
08/27/2026,08:06:07:994,0.000000,0.000000,1,-123.93,-123.93,0,0,
08/27/2026,08:06:08:010,0.000000,0.000000,4,-82.59,-82.59,0,0,
08/27/2026,08:06:08:143,0.000000,0.000000,2,-122.72,-122.72,0,0,
08/27/2026,08:06:08:253,0.000000,0.000000,3,-123.84,-123.84,0,0,
08/27/2026,08:06:08:267,0.000000,0.000000,1,-119.3,-119.3,0,0,
08/27/2026,08:06:08:311,0.000000,0.000000,4,-82.31,-82.31,0,0,
08/27/2026,08:06:08:444,0.000000,0.000000,2,-122.39,-122.39,0,0,
08/27/2026,08:06:08:512,0.000000,0.000000,3,-125.6,-125.6,0,0,
08/27/2026,08:06:08:540,0.000000,0.000000,1,-123.05,-123.05,0,0,
08/27/2026,08:06:08:567,0.000000,0.000000,4,-84.36,-84.36,0,0,
08/27/2026,08:06:08:682,0.000000,0.000000,2,-124.12,-124.12,0,0,
08/27/2026,08:06:08:800,0.000000,0.000000,3,-126.29,-126.29,0,0,
08/27/2026,08:06:08:826,0.000000,0.000000,1,-122.54,-122.54,0,0,
08/27/2026,08:06:08:839,0.000000,0.000000,4,-83.98,-83.98,0,0,
08/27/2026,08:06:09:004,0.000000,0.000000,2,-122.41,-122.41,0,0,
08/27/2026,08:06:09:147,0.000000,0.000000,3,-125.75,-125.75,0,0,
08/27/2026,08:06:09:151,0.000000,0.000000,1,-121.98,-121.98,0,0,
08/27/2026,08:06:09:190,0.000000,0.000000,4,-82.59,-82.59,0,0,
08/27/2026,08:06:09:247,0.000000,0.000000,2,-121.29,-121.29,0,0,
08/27/2026,08:06:09:370,0.000000,0.000000,3,-126.02,-126.02,0,0,
08/27/2026,08:06:09:415,0.000000,0.000000,1,-123.13,-123.13,0,0,
08/27/2026,08:06:09:432,0.000000,0.000000,4,-83.23,-83.23,0,0,
08/27/2026,08:06:09:513,0.000000,0.000000,2,-121.58,-121.58,0,0,
08/27/2026,08:06:09:635,0.000000,0.000000,3,-124.99,-124.99,0,0,
08/27/2026,08:06:09:653,0.000000,0.000000,1,-124.86,-124.86,0,0,
08/27/2026,08:06:09:663,0.000000,0.000000,4,-83.07,-83.07,0,0,
08/27/2026,08:06:09:793,0.000000,0.000000,2,-121.6,-121.6,0,0,
08/27/2026,08:06:09:888,0.000000,0.000000,3,-124.78,-124.78,0,0,
08/27/2026,08:06:09:921,0.000000,0.000000,1,-121.29,-121.29,0,0,
08/27/2026,08:06:09:941,0.000000,0.000000,4,-80.93,-80.93,0,0,
08/27/2026,08:06:10:066,0.000000,0.000000,2,-123.43,-123.43,0,0,
08/27/2026,08:06:10:165,0.000000,0.000000,3,-124.69,-124.69,0,0,
08/27/2026,08:06:10:197,0.000000,0.000000,1,-123.39,-123.39,0,0,
08/27/2026,08:06:10:225,0.000000,0.000000,4,-80.82,-80.82,0,0,
08/27/2026,08:06:10:340,0.000000,0.000000,2,-123.49,-123.49,0,0,
08/27/2026,08:06:10:445,0.000000,0.000000,3,-124.69,-124.69,0,0,
08/27/2026,08:06:10:481,0.000000,0.000000,1,-122.81,-122.81,0,0,
08/27/2026,08:06:10:495,0.000000,0.000000,4,-81.16,-81.16,0,0,
08/27/2026,08:06:10:613,0.000000,0.000000,2,-122.27,-122.27,0,0,
08/27/2026,08:06:10:723,0.000000,0.000000,3,-124.34,-124.34,0,0,
08/27/2026,08:06:10:771,0.000000,0.000000,1,-122.76,-122.76,0,0,
08/27/2026,08:06:10:805,0.000000,0.000000,4,-80.82,-80.82,0,0,
08/27/2026,08:06:10:975,0.000000,0.000000,2,-122.2,-122.2,0,0,
08/27/2026,08:06:11:098,0.000000,0.000000,3,-127.16,-127.16,0,0,
08/27/2026,08:06:11:116,0.000000,0.000000,1,-123.79,-123.79,0,0,
08/27/2026,08:06:11:120,0.000000,0.000000,4,-83.04,-83.04,0,0,
08/27/2026,08:06:11:237,0.000000,0.000000,2,-121.26,-121.26,0,0,
08/27/2026,08:06:11:275,0.000000,0.000000,3,-123.07,-123.07,0,0,
08/27/2026,08:06:11:303,0.000000,0.000000,1,-122.05,-122.05,0,0,
08/27/2026,08:06:11:330,0.000000,0.000000,4,-75.94,-75.94,0,0,
08/27/2026,08:06:11:443,0.000000,0.000000,2,-121.64,-121.64,0,0,
08/27/2026,08:06:11:569,0.000000,0.000000,3,-124.61,-124.61,0,0,
08/27/2026,08:06:11:580,0.000000,0.000000,1,-123.31,-123.31,0,0,
08/27/2026,08:06:11:601,0.000000,0.000000,4,-83.35,-83.35,0,0,
08/27/2026,08:06:11:741,0.000000,0.000000,2,-121.79,-121.79,0,0,
08/27/2026,08:06:11:829,0.000000,0.000000,3,-124.68,-124.68,0,0,
08/27/2026,08:06:11:858,0.000000,0.000000,1,-121.96,-121.96,0,0,
08/27/2026,08:06:11:883,0.000000,0.000000,4,-81.22,-81.22,0,0,
08/27/2026,08:06:12:003,0.000000,0.000000,2,-121.6,-121.6,0,0,
08/27/2026,08:06:12:099,0.000000,0.000000,3,-122.22,-122.22,0,0,
08/27/2026,08:06:12:141,0.000000,0.000000,1,-123.35,-123.35,0,0,
08/27/2026,08:06:12:149,0.000000,0.000000,4,-82.37,-82.37,0,0,
08/27/2026,08:06:12:279,0.000000,0.000000,2,-122.23,-122.23,0,0,
08/27/2026,08:06:12:396,0.000000,0.000000,3,-125.53,-125.53,0,0,
08/27/2026,08:06:12:459,0.000000,0.000000,1,-122.55,-122.55,0,0,
08/27/2026,08:06:12:514,0.000000,0.000000,4,-79.24,-79.24,0,0,
08/27/2026,08:06:12:589,0.000000,0.000000,2,-121.79,-121.79,0,0,
08/27/2026,08:06:12:651,0.000000,0.000000,3,-123.92,-123.92,0,0,
08/27/2026,08:06:12:752,0.000000,0.000000,1,-123.02,-123.02,0,0,
08/27/2026,08:06:12:756,0.000000,0.000000,4,-81.46,-81.46,0,0,
08/27/2026,08:06:12:856,0.000000,0.000000,2,-123.08,-123.08,0,0,
08/27/2026,08:06:12:940,0.000000,0.000000,3,-125.81,-125.81,0,0,
08/27/2026,08:06:12:975,0.000000,0.000000,1,-125.12,-125.12,0,0,
08/27/2026,08:06:12:979,0.000000,0.000000,4,-79.83,-79.83,0,0,
08/27/2026,08:06:13:105,0.000000,0.000000,2,-122.65,-122.65,0,0,
08/27/2026,08:06:13:204,0.000000,0.000000,3,-126.48,-126.48,0,0,
08/27/2026,08:06:13:252,0.000000,0.000000,1,-124.19,-124.19,0,0,
08/27/2026,08:06:13:256,0.000000,0.000000,4,-86.38,-86.38,0,0,
08/27/2026,08:06:13:381,0.000000,0.000000,2,-121.95,-121.95,0,0,
08/27/2026,08:06:13:482,0.000000,0.000000,3,-126.11,-126.11,0,0,
08/27/2026,08:06:13:525,0.000000,0.000000,1,-122.88,-122.88,0,0,
08/27/2026,08:06:13:540,0.000000,0.000000,4,-80.01,-80.01,0,0,
08/27/2026,08:06:13:662,0.000000,0.000000,2,-124.01,-124.01,0,0,
08/27/2026,08:06:13:759,0.000000,0.000000,3,-125.26,-125.26,0,0,
08/27/2026,08:06:13:817,0.000000,0.000000,1,-124.15,-124.15,0,0,
08/27/2026,08:06:13:826,0.000000,0.000000,4,-80.52,-80.52,0,0,
08/27/2026,08:06:13:933,0.000000,0.000000,2,-122.99,-122.99,0,0,
08/27/2026,08:06:14:053,0.000000,0.000000,3,-125.82,-125.82,0,0,
08/27/2026,08:06:14:078,0.000000,0.000000,1,-124.48,-124.48,0,0,
08/27/2026,08:06:14:084,0.000000,0.000000,4,-77.17,-77.17,0,0,
08/27/2026,08:06:14:210,0.000000,0.000000,2,-124.14,-124.14,0,0,
08/27/2026,08:06:14:317,0.000000,0.000000,3,-126.3,-126.3,0,0,
08/27/2026,08:06:14:353,0.000000,0.000000,1,-123.62,-123.62,0,0,
08/27/2026,08:06:14:364,0.000000,0.000000,4,-75.45,-75.45,0,0,
08/27/2026,08:06:14:498,0.000000,0.000000,2,-122.42,-122.42,0,0,
08/27/2026,08:06:14:591,0.000000,0.000000,3,-124.91,-124.91,0,0,
08/27/2026,08:06:14:638,0.000000,0.000000,1,-120.74,-120.74,0,0,
08/27/2026,08:06:14:640,0.000000,0.000000,4,-81.19,-81.19,0,0,
08/27/2026,08:06:14:805,0.000000,0.000000,2,-121.42,-121.42,0,0,
08/27/2026,08:06:14:886,0.000000,0.000000,3,-126.48,-126.48,0,0,
08/27/2026,08:06:14:937,0.000000,0.000000,1,-123.45,-123.45,0,0,
08/27/2026,08:06:14:981,0.000000,0.000000,4,-77.65,-77.65,0,0,
08/27/2026,08:06:15:093,0.000000,0.000000,2,-121.83,-121.83,0,0,
08/27/2026,08:06:15:139,0.000000,0.000000,3,-123.85,-123.85,0,0,
08/27/2026,08:06:15:179,0.000000,0.000000,1,-123.92,-123.92,0,0,
08/27/2026,08:06:15:203,0.000000,0.000000,4,-76.65,-76.65,0,0,
08/27/2026,08:06:15:342,0.000000,0.000000,2,-122.69,-122.69,0,0,
08/27/2026,08:06:15:425,0.000000,0.000000,3,-124.46,-124.46,0,0,
08/27/2026,08:06:15:459,0.000000,0.000000,1,-123.63,-123.63,0,0,
08/27/2026,08:06:15:484,0.000000,0.000000,4,-83.98,-83.98,0,0,
08/27/2026,08:06:15:594,0.000000,0.000000,2,-122.65,-122.65,0,0,
08/27/2026,08:06:15:701,0.000000,0.000000,3,-125.41,-125.41,0,0,
08/27/2026,08:06:15:732,0.000000,0.000000,1,-121.44,-121.44,0,0,
08/27/2026,08:06:15:745,0.000000,0.000000,4,-81.85,-81.85,0,0,
08/27/2026,08:06:15:868,0.000000,0.000000,2,-121.37,-121.37,0,0,
08/27/2026,08:06:16:074,0.000000,0.000000,3,-123.54,-123.54,0,0,
08/27/2026,08:06:16:107,0.000000,0.000000,1,-125.66,-125.66,0,0,
08/27/2026,08:06:16:113,0.000000,0.000000,4,-75.41,-75.41,0,0,
08/27/2026,08:06:16:189,0.000000,0.000000,2,-123.49,-123.49,0,0,
08/27/2026,08:06:16:256,0.000000,0.000000,3,-123.98,-123.98,0,0,
08/27/2026,08:06:16:284,0.000000,0.000000,1,-122.75,-122.75,0,0,
08/27/2026,08:06:16:295,0.000000,0.000000,4,-83.26,-83.26,0,0,
08/27/2026,08:06:16:423,0.000000,0.000000,2,-122.05,-122.05,0,0,
08/27/2026,08:06:16:738,0.000000,0.000000,3,-126.89,-126.89,0,0,
08/27/2026,08:06:16:819,0.000000,0.000000,1,-125.98,-125.98,0,0,
08/27/2026,08:06:16:827,0.000000,0.000000,4,-85.95,-85.95,0,0,
08/27/2026,08:06:16:935,0.000000,0.000000,2,-123.66,-123.66,0,0,
08/27/2026,08:06:16:982,0.000000,0.000000,3,-126.92,-126.92,0,0,
08/27/2026,08:06:16:993,0.000000,0.000000,1,-121.95,-121.95,0,0,
08/27/2026,08:06:17:006,0.000000,0.000000,4,-80,-80,0,0,
08/27/2026,08:06:17:061,0.000000,0.000000,2,-124.12,-124.12,0,0,
08/27/2026,08:06:17:116,0.000000,0.000000,3,-126.08,-126.08,0,0,
08/27/2026,08:06:17:144,0.000000,0.000000,1,-122.79,-122.79,0,0,
08/27/2026,08:06:17:150,0.000000,0.000000,4,-82.43,-82.43,0,0,
08/27/2026,08:06:17:263,0.000000,0.000000,2,-122.75,-122.75,0,0,
08/27/2026,08:06:17:358,0.000000,0.000000,3,-125.75,-125.75,0,0,
08/27/2026,08:06:17:420,0.000000,0.000000,1,-123.61,-123.61,0,0,
08/27/2026,08:06:17:425,0.000000,0.000000,4,-88.55,-88.55,0,0,
08/27/2026,08:06:17:523,0.000000,0.000000,2,-123.7,-123.7,0,0,
08/27/2026,08:06:17:632,0.000000,0.000000,3,-126.49,-126.49,0,0,
08/27/2026,08:06:17:663,0.000000,0.000000,1,-123.27,-123.27,0,0,
08/27/2026,08:06:17:696,0.000000,0.000000,4,-83.5,-83.5,0,0,
08/27/2026,08:06:17:848,0.000000,0.000000,2,-123,-123,0,0,
08/27/2026,08:06:17:902,0.000000,0.000000,3,-123.81,-123.81,0,0,
08/27/2026,08:06:17:968,0.000000,0.000000,1,-125.97,-125.97,0,0,
08/27/2026,08:06:17:970,0.000000,0.000000,4,-81.3,-81.3,0,0,
08/27/2026,08:06:18:097,0.000000,0.000000,2,-123.51,-123.51,0,0,
08/27/2026,08:06:18:189,0.000000,0.000000,3,-125.58,-125.58,0,0,
08/27/2026,08:06:18:229,0.000000,0.000000,1,-123.94,-123.94,0,0,
08/27/2026,08:06:18:231,0.000000,0.000000,4,-76.83,-76.83,0,0,
08/27/2026,08:06:18:372,0.000000,0.000000,2,-122.29,-122.29,0,0,
08/27/2026,08:06:18:459,0.000000,0.000000,3,-126,-126,0,0,
08/27/2026,08:06:18:503,0.000000,0.000000,1,-122.92,-122.92,0,0,
08/27/2026,08:06:18:506,0.000000,0.000000,4,-79.69,-79.69,0,0,
08/27/2026,08:06:18:633,0.000000,0.000000,2,-121.46,-121.46,0,0,
08/27/2026,08:06:18:740,0.000000,0.000000,3,-124.79,-124.79,0,0,
08/27/2026,08:06:18:768,0.000000,0.000000,1,-122.07,-122.07,0,0,
08/27/2026,08:06:18:795,0.000000,0.000000,4,-78.85,-78.85,0,0,
08/27/2026,08:06:18:912,0.000000,0.000000,2,-122.38,-122.38,0,0,
08/27/2026,08:06:19:012,0.000000,0.000000,3,-125.95,-125.95,0,0,
08/27/2026,08:06:19:046,0.000000,0.000000,1,-120.91,-120.91,0,0,
08/27/2026,08:06:19:067,0.000000,0.000000,4,-81.49,-81.49,0,0,
08/27/2026,08:06:19:180,0.000000,0.000000,2,-122.28,-122.28,0,0,
08/27/2026,08:06:19:286,0.000000,0.000000,3,-126.11,-126.11,0,0,
08/27/2026,08:06:19:326,0.000000,0.000000,1,-124.14,-124.14,0,0,
08/27/2026,08:06:19:336,0.000000,0.000000,4,-79.55,-79.55,0,0,
08/27/2026,08:06:19:481,0.000000,0.000000,2,-122.9,-122.9,0,0,
08/27/2026,08:06:19:585,0.000000,0.000000,3,-124.34,-124.34,0,0,
08/27/2026,08:06:19:629,0.000000,0.000000,1,-125.11,-125.11,0,0,
08/27/2026,08:06:19:632,0.000000,0.000000,4,-81.72,-81.72,0,0,
08/27/2026,08:06:19:740,0.000000,0.000000,2,-123.69,-123.69,0,0,
08/27/2026,08:06:19:845,0.000000,0.000000,3,-124.32,-124.32,0,0,
08/27/2026,08:06:19:880,0.000000,0.000000,1,-126,-126,0,0,
08/27/2026,08:06:19:888,0.000000,0.000000,4,-83.44,-83.44,0,0,
08/27/2026,08:06:20:011,0.000000,0.000000,2,-122.37,-122.37,0,0,
08/27/2026,08:06:20:133,0.000000,0.000000,3,-125.82,-125.82,0,0,
08/27/2026,08:06:20:162,0.000000,0.000000,1,-122.1,-122.1,0,0,
08/27/2026,08:06:20:165,0.000000,0.000000,4,-81.27,-81.27,0,0,
08/27/2026,08:06:20:323,0.000000,0.000000,2,-122.49,-122.49,0,0,
08/27/2026,08:06:20:453,0.000000,0.000000,3,-124.34,-124.34,0,0,
08/27/2026,08:06:20:499,0.000000,0.000000,1,-126.65,-126.65,0,0,
08/27/2026,08:06:20:501,0.000000,0.000000,4,-79.64,-79.64,0,0,
08/27/2026,08:06:20:631,0.000000,0.000000,2,-121.06,-121.06,0,0,
08/27/2026,08:06:20:682,0.000000,0.000000,3,-125.27,-125.27,0,0,
08/27/2026,08:06:20:719,0.000000,0.000000,1,-124.52,-124.52,0,0,
08/27/2026,08:06:20:722,0.000000,0.000000,4,-80.68,-80.68,0,0,
08/27/2026,08:06:20:844,0.000000,0.000000,2,-123.07,-123.07,0,0,
08/27/2026,08:06:20:976,0.000000,0.000000,3,-123.43,-123.43,0,0,
08/27/2026,08:06:20:982,0.000000,0.000000,1,-122.27,-122.27,0,0,
08/27/2026,08:06:21:024,0.000000,0.000000,4,-76.02,-76.02,0,0,
08/27/2026,08:06:21:196,0.000000,0.000000,2,-122.09,-122.09,0,0,
08/27/2026,08:06:21:239,0.000000,0.000000,3,-125.11,-125.11,0,0,
08/27/2026,08:06:21:263,0.000000,0.000000,1,-122.8,-122.8,0,0,
08/27/2026,08:06:21:276,0.000000,0.000000,4,-75.57,-75.57,0,0,
08/27/2026,08:06:21:402,0.000000,0.000000,2,-123.69,-123.69,0,0,
08/27/2026,08:06:21:502,0.000000,0.000000,3,-125.29,-125.29,0,0,
08/27/2026,08:06:21:533,0.000000,0.000000,1,-124.06,-124.06,0,0,
08/27/2026,08:06:21:559,0.000000,0.000000,4,-79.36,-79.36,0,0,
08/27/2026,08:06:21:685,0.000000,0.000000,2,-121.73,-121.73,0,0,
08/27/2026,08:06:21:777,0.000000,0.000000,3,-125.37,-125.37,0,0,
08/27/2026,08:06:21:813,0.000000,0.000000,1,-122.89,-122.89,0,0,
08/27/2026,08:06:21:825,0.000000,0.000000,4,-76.45,-76.45,0,0,
08/27/2026,08:06:21:991,0.000000,0.000000,2,-124.45,-124.45,0,0,
08/27/2026,08:06:22:103,0.000000,0.000000,3,-124.81,-124.81,0,0,
08/27/2026,08:06:22:113,0.000000,0.000000,1,-123.32,-123.32,0,0,
08/27/2026,08:06:22:117,0.000000,0.000000,4,-71.17,-71.17,0,0,
08/27/2026,08:06:22:253,0.000000,0.000000,2,-122.79,-122.79,0,0,
08/27/2026,08:06:22:360,0.000000,0.000000,3,-125.21,-125.21,0,0,
08/27/2026,08:06:22:371,0.000000,0.000000,1,-123.7,-123.7,0,0,
08/27/2026,08:06:22:388,0.000000,0.000000,4,-74.52,-74.52,0,0,
08/27/2026,08:06:22:502,0.000000,0.000000,2,-122.64,-122.64,0,0,
08/27/2026,08:06:22:612,0.000000,0.000000,3,-125.96,-125.96,0,0,
08/27/2026,08:06:22:635,0.000000,0.000000,1,-123.33,-123.33,0,0,
08/27/2026,08:06:22:666,0.000000,0.000000,4,-73.25,-73.25,0,0,
08/27/2026,08:06:22:775,0.000000,0.000000,2,-122.48,-122.48,0,0,
08/27/2026,08:06:22:878,0.000000,0.000000,3,-125,-125,0,0,
08/27/2026,08:06:22:913,0.000000,0.000000,1,-122.98,-122.98,0,0,
08/27/2026,08:06:22:960,0.000000,0.000000,4,-76.94,-76.94,0,0,
08/27/2026,08:06:23:069,0.000000,0.000000,2,-122.98,-122.98,0,0,
08/27/2026,08:06:23:158,0.000000,0.000000,3,-123.77,-123.77,0,0,
08/27/2026,08:06:23:203,0.000000,0.000000,1,-123.04,-123.04,0,0,
08/27/2026,08:06:23:205,0.000000,0.000000,4,-79.06,-79.06,0,0,
08/27/2026,08:06:23:347,0.000000,0.000000,2,-122.32,-122.32,0,0,
08/27/2026,08:06:23:450,0.000000,0.000000,3,-124.44,-124.44,0,0,
08/27/2026,08:06:23:467,0.000000,0.000000,1,-123.2,-123.2,0,0,
08/27/2026,08:06:23:492,0.000000,0.000000,4,-76.71,-76.71,0,0,
08/27/2026,08:06:23:626,0.000000,0.000000,2,-123.1,-123.1,0,0,
08/27/2026,08:06:23:728,0.000000,0.000000,3,-124.43,-124.43,0,0,
08/27/2026,08:06:23:750,0.000000,0.000000,1,-121.95,-121.95,0,0,
08/27/2026,08:06:23:762,0.000000,0.000000,4,-75.41,-75.41,0,0,
08/27/2026,08:06:23:930,0.000000,0.000000,2,-124.42,-124.42,0,0,
08/27/2026,08:06:24:011,0.000000,0.000000,3,-126.26,-126.26,0,0,
08/27/2026,08:06:24:021,0.000000,0.000000,1,-124.08,-124.08,0,0,
08/27/2026,08:06:24:055,0.000000,0.000000,4,-89.09,-89.09,0,0,
08/27/2026,08:06:24:160,0.000000,0.000000,2,-124.89,-124.89,0,0,
08/27/2026,08:06:24:268,0.000000,0.000000,3,-125.02,-125.02,0,0,
08/27/2026,08:06:24:301,0.000000,0.000000,1,-126.04,-126.04,0,0,
08/27/2026,08:06:24:328,0.000000,0.000000,4,-77.85,-77.85,0,0,
08/27/2026,08:06:24:447,0.000000,0.000000,2,-122.4,-122.4,0,0,
08/27/2026,08:06:24:537,0.000000,0.000000,3,-121.9,-121.9,0,0,
08/27/2026,08:06:24:572,0.000000,0.000000,1,-125.48,-125.48,0,0,
08/27/2026,08:06:24:605,0.000000,0.000000,4,-83.81,-83.81,0,0,
08/27/2026,08:06:24:714,0.000000,0.000000,2,-122.74,-122.74,0,0,
08/27/2026,08:06:24:812,0.000000,0.000000,3,-125.3,-125.3,0,0,
08/27/2026,08:06:24:847,0.000000,0.000000,1,-123.22,-123.22,0,0,
08/27/2026,08:06:24:871,0.000000,0.000000,4,-81.65,-81.65,0,0,
08/27/2026,08:06:25:014,0.000000,0.000000,2,-125.87,-125.87,0,0,
08/27/2026,08:06:25:095,0.000000,0.000000,3,-125.1,-125.1,0,0,
08/27/2026,08:06:25:123,0.000000,0.000000,1,-123.86,-123.86,0,0,
08/27/2026,08:06:25:144,0.000000,0.000000,4,-81.41,-81.41,0,0,
08/27/2026,08:06:25:265,0.000000,0.000000,2,-120.9,-120.9,0,0,
08/27/2026,08:06:25:381,0.000000,0.000000,3,-126.89,-126.89,0,0,
08/27/2026,08:06:25:411,0.000000,0.000000,1,-123.74,-123.74,0,0,
08/27/2026,08:06:25:428,0.000000,0.000000,4,-79.91,-79.91,0,0,
08/27/2026,08:06:25:538,0.000000,0.000000,2,-121.67,-121.67,0,0,
08/27/2026,08:06:25:648,0.000000,0.000000,3,-125.16,-125.16,0,0,
08/27/2026,08:06:25:684,0.000000,0.000000,1,-124,-124,0,0,
08/27/2026,08:06:25:701,0.000000,0.000000,4,-78.84,-78.84,0,0,
08/27/2026,08:06:25:815,0.000000,0.000000,2,-121.95,-121.95,0,0,
08/27/2026,08:06:25:967,0.000000,0.000000,3,-127.51,-127.51,0,0,
08/27/2026,08:06:26:004,0.000000,0.000000,1,-122.24,-122.24,0,0,
08/27/2026,08:06:26:064,0.000000,0.000000,4,-76.41,-76.41,0,0,
08/27/2026,08:06:26:118,0.000000,0.000000,2,-121.43,-121.43,0,0,
08/27/2026,08:06:26:203,0.000000,0.000000,3,-126.62,-126.62,0,0,
08/27/2026,08:06:26:331,0.000000,0.000000,1,-122.28,-122.28,0,0,
08/27/2026,08:06:26:332,0.000000,0.000000,4,-77.79,-77.79,0,0,
08/27/2026,08:06:26:386,0.000000,0.000000,2,-123.94,-123.94,0,0,
08/27/2026,08:06:26:482,0.000000,0.000000,3,-123.06,-123.06,0,0,
08/27/2026,08:06:26:512,0.000000,0.000000,1,-124.43,-124.43,0,0,
08/27/2026,08:06:26:528,0.000000,0.000000,4,-74.6,-74.6,0,0,
08/27/2026,08:06:26:652,0.000000,0.000000,2,-122.82,-122.82,0,0,
08/27/2026,08:06:26:760,0.000000,0.000000,3,-125.9,-125.9,0,0,
08/27/2026,08:06:26:784,0.000000,0.000000,1,-123.33,-123.33,0,0,
08/27/2026,08:06:26:807,0.000000,0.000000,4,-75.32,-75.32,0,0,
08/27/2026,08:06:26:936,0.000000,0.000000,2,-122.71,-122.71,0,0,
08/27/2026,08:06:27:028,0.000000,0.000000,3,-122.93,-122.93,0,0,
08/27/2026,08:06:27:063,0.000000,0.000000,1,-125.61,-125.61,0,0,
08/27/2026,08:06:27:079,0.000000,0.000000,4,-77.97,-77.97,0,0,
08/27/2026,08:06:27:211,0.000000,0.000000,2,-122.66,-122.66,0,0,
08/27/2026,08:06:27:302,0.000000,0.000000,3,-124.31,-124.31,0,0,
08/27/2026,08:06:27:349,0.000000,0.000000,1,-121.62,-121.62,0,0,
08/27/2026,08:06:27:365,0.000000,0.000000,4,-78.66,-78.66,0,0,
08/27/2026,08:06:27:508,0.000000,0.000000,2,-122.36,-122.36,0,0,
08/27/2026,08:06:27:607,0.000000,0.000000,3,-125.19,-125.19,0,0,
08/27/2026,08:06:27:618,0.000000,0.000000,1,-124.01,-124.01,0,0,
08/27/2026,08:06:27:653,0.000000,0.000000,4,-80.41,-80.41,0,0,
08/27/2026,08:06:27:783,0.000000,0.000000,2,-121.52,-121.52,0,0,
08/27/2026,08:06:27:935,0.000000,0.000000,3,-125.36,-125.36,0,0,
08/27/2026,08:06:27:950,0.000000,0.000000,1,-122.04,-122.04,0,0,
08/27/2026,08:06:27:973,0.000000,0.000000,4,-78.18,-78.18,0,0,
08/27/2026,08:06:28:048,0.000000,0.000000,2,-122.55,-122.55,0,0,
08/27/2026,08:06:28:134,0.000000,0.000000,3,-125.19,-125.19,0,0,
08/27/2026,08:06:28:166,0.000000,0.000000,1,-123.74,-123.74,0,0,
08/27/2026,08:06:28:207,0.000000,0.000000,4,-82.33,-82.33,0,0,
08/27/2026,08:06:28:318,0.000000,0.000000,2,-122.83,-122.83,0,0,
08/27/2026,08:06:28:407,0.000000,0.000000,3,-126.77,-126.77,0,0,
08/27/2026,08:06:28:446,0.000000,0.000000,1,-126.21,-126.21,0,0,
08/27/2026,08:06:28:461,0.000000,0.000000,4,-78.63,-78.63,0,0,
08/27/2026,08:06:28:580,0.000000,0.000000,2,-124.33,-124.33,0,0,
08/27/2026,08:06:28:698,0.000000,0.000000,3,-126.36,-126.36,0,0,
08/27/2026,08:06:28:718,0.000000,0.000000,1,-122.37,-122.37,0,0,
08/27/2026,08:06:28:736,0.000000,0.000000,4,-75.58,-75.58,0,0,
08/27/2026,08:06:28:859,0.000000,0.000000,2,-124.4,-124.4,0,0,
08/27/2026,08:06:28:965,0.000000,0.000000,3,-126.75,-126.75,0,0,
08/27/2026,08:06:28:993,0.000000,0.000000,1,-122.54,-122.54,0,0,
08/27/2026,08:06:29:019,0.000000,0.000000,4,-73.03,-73.03,0,0,
08/27/2026,08:06:29:149,0.000000,0.000000,2,-122.51,-122.51,0,0,
08/27/2026,08:06:29:266,0.000000,0.000000,3,-123.78,-123.78,0,0,
08/27/2026,08:06:29:285,0.000000,0.000000,1,-121.94,-121.94,0,0,
08/27/2026,08:06:29:289,0.000000,0.000000,4,-74.42,-74.42,0,0,
08/27/2026,08:06:29:414,0.000000,0.000000,2,-122.11,-122.11,0,0,
08/27/2026,08:06:29:511,0.000000,0.000000,3,-125.22,-125.22,0,0,
08/27/2026,08:06:29:552,0.000000,0.000000,1,-122.19,-122.19,0,0,
08/27/2026,08:06:29:595,0.000000,0.000000,4,-75.99,-75.99,0,0,
08/27/2026,08:06:29:718,0.000000,0.000000,2,-122.42,-122.42,0,0,
08/27/2026,08:06:29:805,0.000000,0.000000,3,-124.53,-124.53,0,0,
08/27/2026,08:06:29:843,0.000000,0.000000,1,-123.41,-123.41,0,0,
08/27/2026,08:06:29:845,0.000000,0.000000,4,-80.75,-80.75,0,0,
08/27/2026,08:06:29:962,0.000000,0.000000,2,-123.72,-123.72,0,0,
08/27/2026,08:06:30:071,0.000000,0.000000,3,-126.06,-126.06,0,0,
08/27/2026,08:06:30:106,0.000000,0.000000,1,-122.73,-122.73,0,0,
08/27/2026,08:06:30:115,0.000000,0.000000,4,-76.36,-76.36,0,0,
08/27/2026,08:06:30:242,0.000000,0.000000,2,-121.42,-121.42,0,0,
08/27/2026,08:06:30:343,0.000000,0.000000,3,-123.21,-123.21,0,0,
08/27/2026,08:06:30:381,0.000000,0.000000,1,-123.11,-123.11,0,0,
08/27/2026,08:06:30:397,0.000000,0.000000,4,-80.77,-80.77,0,0,
08/27/2026,08:06:30:514,0.000000,0.000000,2,-121.6,-121.6,0,0,
08/27/2026,08:06:30:633,0.000000,0.000000,3,-124.99,-124.99,0,0,
08/27/2026,08:06:30:653,0.000000,0.000000,1,-122.42,-122.42,0,0,
08/27/2026,08:06:30:667,0.000000,0.000000,4,-76.45,-76.45,0,0,
08/27/2026,08:06:32:295,0.000000,0.000000,2,-121.84,-121.84,0,0,
08/27/2026,08:06:32:303,0.000000,0.000000,3,-122.28,-122.28,0,0,
08/27/2026,08:06:32:305,0.000000,0.000000,1,-123.85,-123.85,0,0,
08/27/2026,08:06:32:307,0.000000,0.000000,4,-75.74,-75.74,0,0,
08/27/2026,08:06:32:317,0.000000,0.000000,2,-123.43,-123.43,0,0,
08/27/2026,08:06:32:324,0.000000,0.000000,3,-125.65,-125.65,0,0,
08/27/2026,08:06:32:326,0.000000,0.000000,1,-121.59,-121.59,0,0,
08/27/2026,08:06:32:328,0.000000,0.000000,4,-77.55,-77.55,0,0,
08/27/2026,08:06:32:337,0.000000,0.000000,2,-123.18,-123.18,0,0,
08/27/2026,08:06:32:346,0.000000,0.000000,3,-125.12,-125.12,0,0,
08/27/2026,08:06:32:348,0.000000,0.000000,1,-123.45,-123.45,0,0,
08/27/2026,08:06:32:352,0.000000,0.000000,4,-77.75,-77.75,0,0,
08/27/2026,08:06:32:365,0.000000,0.000000,2,-123.5,-123.5,0,0,
08/27/2026,08:06:32:372,0.000000,0.000000,3,-124.32,-124.32,0,0,
08/27/2026,08:06:32:375,0.000000,0.000000,1,-122.99,-122.99,0,0,
08/27/2026,08:06:32:377,0.000000,0.000000,4,-81.41,-81.41,0,0,
08/27/2026,08:06:32:390,0.000000,0.000000,2,-123.43,-123.43,0,0,
08/27/2026,08:06:32:408,0.000000,0.000000,3,-126.11,-126.11,0,0,
08/27/2026,08:06:32:409,0.000000,0.000000,1,-121.66,-121.66,0,0,
08/27/2026,08:06:32:410,0.000000,0.000000,4,-78.19,-78.19,0,0,
08/27/2026,08:06:32:415,0.000000,0.000000,2,-121.92,-121.92,0,0,
08/27/2026,08:06:32:425,0.000000,0.000000,3,-124.35,-124.35,0,0,
08/27/2026,08:06:32:427,0.000000,0.000000,1,-122.02,-122.02,0,0,
08/27/2026,08:06:32:427,0.000000,0.000000,4,-77.04,-77.04,0,0,
08/27/2026,08:06:32:451,0.000000,0.000000,2,-121.7,-121.7,0,0,
08/27/2026,08:06:32:561,0.000000,0.000000,3,-123.46,-123.46,0,0,
08/27/2026,08:06:32:592,0.000000,0.000000,1,-123.42,-123.42,0,0,
08/27/2026,08:06:32:604,0.000000,0.000000,4,-78.49,-78.49,0,0,
08/27/2026,08:06:32:735,0.000000,0.000000,2,-124.3,-124.3,0,0,
08/27/2026,08:06:32:836,0.000000,0.000000,3,-125.25,-125.25,0,0,
08/27/2026,08:06:32:871,0.000000,0.000000,1,-123.27,-123.27,0,0,
08/27/2026,08:06:32:880,0.000000,0.000000,4,-75.68,-75.68,0,0,
08/27/2026,08:06:33:044,0.000000,0.000000,2,-122.74,-122.74,0,0,
08/27/2026,08:06:33:107,0.000000,0.000000,3,-124.41,-124.41,0,0,
08/27/2026,08:06:33:146,0.000000,0.000000,1,-123.61,-123.61,0,0,
08/27/2026,08:06:33:158,0.000000,0.000000,4,-79.42,-79.42,0,0,
08/27/2026,08:06:33:361,0.000000,0.000000,2,-122.75,-122.75,0,0,
08/27/2026,08:06:33:500,0.000000,0.000000,3,-126.68,-126.68,0,0,
08/27/2026,08:06:33:554,0.000000,0.000000,1,-123.43,-123.43,0,0,
08/27/2026,08:06:33:589,0.000000,0.000000,4,-77.72,-77.72,0,0,
08/27/2026,08:06:33:700,0.000000,0.000000,2,-123.62,-123.62,0,0,
08/27/2026,08:06:33:727,0.000000,0.000000,3,-125.33,-125.33,0,0,
08/27/2026,08:06:33:752,0.000000,0.000000,1,-121.03,-121.03,0,0,
08/27/2026,08:06:33:770,0.000000,0.000000,4,-79.28,-79.28,0,0,
08/27/2026,08:06:33:835,0.000000,0.000000,2,-123.45,-123.45,0,0,
08/27/2026,08:06:33:944,0.000000,0.000000,3,-126.36,-126.36,0,0,
08/27/2026,08:06:33:975,0.000000,0.000000,1,-121.6,-121.6,0,0,
08/27/2026,08:06:33:989,0.000000,0.000000,4,-78.64,-78.64,0,0,
08/27/2026,08:06:34:107,0.000000,0.000000,2,-120.54,-120.54,0,0,
08/27/2026,08:06:34:209,0.000000,0.000000,3,-122.6,-122.6,0,0,
08/27/2026,08:06:34:243,0.000000,0.000000,1,-123.76,-123.76,0,0,
08/27/2026,08:06:34:261,0.000000,0.000000,4,-80.98,-80.98,0,0,
08/27/2026,08:06:34:384,0.000000,0.000000,2,-122.32,-122.32,0,0,
08/27/2026,08:06:34:491,0.000000,0.000000,3,-124.12,-124.12,0,0,
08/27/2026,08:06:34:519,0.000000,0.000000,1,-125.21,-125.21,0,0,
08/27/2026,08:06:34:550,0.000000,0.000000,4,-79.53,-79.53,0,0,
08/27/2026,08:06:34:671,0.000000,0.000000,2,-122.33,-122.33,0,0,
08/27/2026,08:06:34:818,0.000000,0.000000,3,-125.12,-125.12,0,0,
08/27/2026,08:06:34:837,0.000000,0.000000,1,-124.68,-124.68,0,0,
08/27/2026,08:06:34:848,0.000000,0.000000,4,-73.52,-73.52,0,0,
08/27/2026,08:06:35:032,0.000000,0.000000,2,-122.3,-122.3,0,0,
08/27/2026,08:06:35:123,0.000000,0.000000,3,-126.12,-126.12,0,0,
08/27/2026,08:06:35:165,0.000000,0.000000,1,-124.27,-124.27,0,0,
08/27/2026,08:06:35:169,0.000000,0.000000,4,-78.07,-78.07,0,0,
08/27/2026,08:06:35:290,0.000000,0.000000,2,-121.92,-121.92,0,0,
08/27/2026,08:06:35:316,0.000000,0.000000,3,-124.82,-124.82,0,0,
08/27/2026,08:06:35:364,0.000000,0.000000,1,-124.78,-124.78,0,0,
08/27/2026,08:06:35:369,0.000000,0.000000,4,-79.23,-79.23,0,0,
08/27/2026,08:06:35:486,0.000000,0.000000,2,-120.84,-120.84,0,0,
08/27/2026,08:06:35:591,0.000000,0.000000,3,-125.77,-125.77,0,0,
08/27/2026,08:06:35:638,0.000000,0.000000,1,-122.19,-122.19,0,0,
08/27/2026,08:06:35:642,0.000000,0.000000,4,-76.57,-76.57,0,0,
08/27/2026,08:06:35:765,0.000000,0.000000,2,-121.76,-121.76,0,0,
08/27/2026,08:06:35:893,0.000000,0.000000,3,-125.07,-125.07,0,0,
08/27/2026,08:06:35:901,0.000000,0.000000,1,-121.16,-121.16,0,0,
08/27/2026,08:06:35:918,0.000000,0.000000,4,-75.96,-75.96,0,0,
08/27/2026,08:06:36:052,0.000000,0.000000,2,-123.03,-123.03,0,0,
08/27/2026,08:06:36:154,0.000000,0.000000,3,-123.68,-123.68,0,0,
08/27/2026,08:06:36:179,0.000000,0.000000,1,-124.89,-124.89,0,0,
08/27/2026,08:06:36:230,0.000000,0.000000,4,-74.5,-74.5,0,0,
08/27/2026,08:06:36:320,0.000000,0.000000,2,-121.46,-121.46,0,0,
08/27/2026,08:06:36:428,0.000000,0.000000,3,-126.35,-126.35,0,0,
08/27/2026,08:06:36:459,0.000000,0.000000,1,-120.51,-120.51,0,0,
08/27/2026,08:06:36:476,0.000000,0.000000,4,-75.32,-75.32,0,0,
08/27/2026,08:06:36:620,0.000000,0.000000,2,-121.59,-121.59,0,0,
08/27/2026,08:06:36:702,0.000000,0.000000,3,-122.28,-122.28,0,0,
08/27/2026,08:06:36:742,0.000000,0.000000,1,-123.12,-123.12,0,0,
08/27/2026,08:06:36:749,0.000000,0.000000,4,-78.52,-78.52,0,0,
08/27/2026,08:06:36:906,0.000000,0.000000,2,-121.79,-121.79,0,0,
08/27/2026,08:06:37:112,0.000000,0.000000,3,-124.15,-124.15,0,0,
08/27/2026,08:06:37:123,0.000000,0.000000,1,-123.67,-123.67,0,0,
08/27/2026,08:06:37:195,0.000000,0.000000,4,-75.63,-75.63,0,0,
08/27/2026,08:06:37:306,0.000000,0.000000,2,-119.71,-119.71,0,0,
08/27/2026,08:06:37:379,0.000000,0.000000,3,-123.98,-123.98,0,0,
08/27/2026,08:06:37:386,0.000000,0.000000,1,-121.51,-121.51,0,0,
08/27/2026,08:06:37:393,0.000000,0.000000,4,-77.82,-77.82,0,0,
08/27/2026,08:06:37:471,0.000000,0.000000,2,-122.93,-122.93,0,0,
08/27/2026,08:06:37:540,0.000000,0.000000,3,-125.34,-125.34,0,0,
08/27/2026,08:06:37:597,0.000000,0.000000,1,-124.29,-124.29,0,0,
08/27/2026,08:06:37:600,0.000000,0.000000,4,-81.84,-81.84,0,0,
08/27/2026,08:06:37:811,0.000000,0.000000,2,-120.53,-120.53,0,0,
08/27/2026,08:06:37:860,0.000000,0.000000,3,-125.79,-125.79,0,0,
08/27/2026,08:06:37:884,0.000000,0.000000,1,-124.81,-124.81,0,0,
08/27/2026,08:06:37:888,0.000000,0.000000,4,-80.21,-80.21,0,0,
08/27/2026,08:06:37:981,0.000000,0.000000,2,-122.07,-122.07,0,0,
08/27/2026,08:06:38:088,0.000000,0.000000,3,-127.03,-127.03,0,0,
08/27/2026,08:06:38:115,0.000000,0.000000,1,-121.86,-121.86,0,0,
08/27/2026,08:06:38:141,0.000000,0.000000,4,-84.87,-84.87,0,0,
08/27/2026,08:06:38:250,0.000000,0.000000,2,-122.48,-122.48,0,0,
08/27/2026,08:06:38:363,0.000000,0.000000,3,-126.19,-126.19,0,0,
08/27/2026,08:06:38:401,0.000000,0.000000,1,-126.14,-126.14,0,0,
08/27/2026,08:06:38:414,0.000000,0.000000,4,-78.68,-78.68,0,0,
08/27/2026,08:06:38:536,0.000000,0.000000,2,-122.46,-122.46,0,0,
08/27/2026,08:06:38:634,0.000000,0.000000,3,-125.42,-125.42,0,0,
08/27/2026,08:06:38:709,0.000000,0.000000,1,-122.54,-122.54,0,0,
08/27/2026,08:06:38:766,0.000000,0.000000,4,-80.49,-80.49,0,0,
08/27/2026,08:06:38:897,0.000000,0.000000,2,-119.8,-119.8,0,0,
08/27/2026,08:06:38:947,0.000000,0.000000,3,-123.58,-123.58,0,0,
08/27/2026,08:06:38:956,0.000000,0.000000,1,-122.19,-122.19,0,0,
08/27/2026,08:06:38:992,0.000000,0.000000,4,-77.64,-77.64,0,0,
08/27/2026,08:06:39:117,0.000000,0.000000,2,-121.57,-121.57,0,0,
08/27/2026,08:06:39:188,0.000000,0.000000,3,-126.04,-126.04,0,0,
08/27/2026,08:06:39:224,0.000000,0.000000,1,-124.8,-124.8,0,0,
08/27/2026,08:06:39:241,0.000000,0.000000,4,-75.89,-75.89,0,0,
08/27/2026,08:06:39:367,0.000000,0.000000,2,-121.88,-121.88,0,0,
08/27/2026,08:06:39:465,0.000000,0.000000,3,-126.45,-126.45,0,0,
08/27/2026,08:06:39:504,0.000000,0.000000,1,-124.48,-124.48,0,0,
08/27/2026,08:06:39:516,0.000000,0.000000,4,-79.25,-79.25,0,0,
08/27/2026,08:06:39:635,0.000000,0.000000,2,-123.24,-123.24,0,0,
08/27/2026,08:06:39:737,0.000000,0.000000,3,-126.23,-126.23,0,0,
08/27/2026,08:06:39:771,0.000000,0.000000,1,-122.9,-122.9,0,0,
08/27/2026,08:06:39:796,0.000000,0.000000,4,-81.2,-81.2,0,0,
08/27/2026,08:06:39:917,0.000000,0.000000,2,-122.1,-122.1,0,0,
08/27/2026,08:06:40:024,0.000000,0.000000,3,-123.88,-123.88,0,0,
08/27/2026,08:06:40:058,0.000000,0.000000,1,-121.48,-121.48,0,0,
08/27/2026,08:06:40:064,0.000000,0.000000,4,-78.29,-78.29,0,0,
08/27/2026,08:06:40:188,0.000000,0.000000,2,-121.09,-121.09,0,0,
08/27/2026,08:06:40:289,0.000000,0.000000,3,-124.98,-124.98,0,0,
08/27/2026,08:06:40:345,0.000000,0.000000,1,-126.15,-126.15,0,0,
08/27/2026,08:06:40:350,0.000000,0.000000,4,-74.69,-74.69,0,0,
08/27/2026,08:06:40:491,0.000000,0.000000,2,-120.02,-120.02,0,0,
08/27/2026,08:06:40:661,0.000000,0.000000,3,-124.66,-124.66,0,0,
08/27/2026,08:06:40:690,0.000000,0.000000,1,-121.46,-121.46,0,0,
08/27/2026,08:06:40:694,0.000000,0.000000,4,-81.04,-81.04,0,0,
08/27/2026,08:06:40:792,0.000000,0.000000,2,-120.98,-120.98,0,0,
08/27/2026,08:06:40:875,0.000000,0.000000,3,-124.85,-124.85,0,0,
08/27/2026,08:06:40:910,0.000000,0.000000,1,-125.37,-125.37,0,0,
08/27/2026,08:06:40:912,0.000000,0.000000,4,-77.34,-77.34,0,0,
08/27/2026,08:06:41:024,0.000000,0.000000,2,-121.61,-121.61,0,0,
08/27/2026,08:06:41:121,0.000000,0.000000,3,-125.17,-125.17,0,0,
08/27/2026,08:06:41:163,0.000000,0.000000,1,-122.85,-122.85,0,0,
08/27/2026,08:06:41:173,0.000000,0.000000,4,-88.9,-88.9,0,0,
08/27/2026,08:06:41:297,0.000000,0.000000,2,-122.61,-122.61,0,0,
08/27/2026,08:06:41:403,0.000000,0.000000,3,-125.21,-125.21,0,0,
08/27/2026,08:06:41:436,0.000000,0.000000,1,-123.68,-123.68,0,0,
08/27/2026,08:06:41:453,0.000000,0.000000,4,-76.95,-76.95,0,0,
08/27/2026,08:06:41:575,0.000000,0.000000,2,-121.63,-121.63,0,0,
08/27/2026,08:06:41:771,0.000000,0.000000,3,-124.86,-124.86,0,0,
08/27/2026,08:06:41:782,0.000000,0.000000,1,-124.89,-124.89,0,0,
08/27/2026,08:06:41:786,0.000000,0.000000,4,-78.94,-78.94,0,0,
08/27/2026,08:06:41:883,0.000000,0.000000,2,-121.56,-121.56,0,0,
08/27/2026,08:06:41:964,0.000000,0.000000,3,-125.28,-125.28,0,0,
08/27/2026,08:06:41:990,0.000000,0.000000,1,-122.09,-122.09,0,0,
08/27/2026,08:06:41:998,0.000000,0.000000,4,-76.7,-76.7,0,0,
08/27/2026,08:06:42:128,0.000000,0.000000,2,-121.27,-121.27,0,0,
08/27/2026,08:06:42:237,0.000000,0.000000,3,-124.81,-124.81,0,0,
08/27/2026,08:06:42:258,0.000000,0.000000,1,-122.72,-122.72,0,0,
08/27/2026,08:06:42:284,0.000000,0.000000,4,-84.59,-84.59,0,0,
08/27/2026,08:06:42:425,0.000000,0.000000,2,-121.03,-121.03,0,0,
08/27/2026,08:06:42:511,0.000000,0.000000,3,-126.04,-126.04,0,0,
08/27/2026,08:06:42:551,0.000000,0.000000,1,-124.25,-124.25,0,0,
08/27/2026,08:06:42:556,0.000000,0.000000,4,-84.54,-84.54,0,0,
08/27/2026,08:06:42:691,0.000000,0.000000,2,-120.93,-120.93,0,0,
08/27/2026,08:06:42:784,0.000000,0.000000,3,-125.84,-125.84,0,0,
08/27/2026,08:06:42:820,0.000000,0.000000,1,-123.35,-123.35,0,0,
08/27/2026,08:06:42:828,0.000000,0.000000,4,-83.17,-83.17,0,0,
08/27/2026,08:06:42:959,0.000000,0.000000,2,-123.12,-123.12,0,0,
08/27/2026,08:06:43:059,0.000000,0.000000,3,-123.55,-123.55,0,0,
08/27/2026,08:06:43:102,0.000000,0.000000,1,-121.26,-121.26,0,0,
08/27/2026,08:06:43:104,0.000000,0.000000,4,-81.91,-81.91,0,0,
08/27/2026,08:06:43:284,0.000000,0.000000,2,-121.52,-121.52,0,0,
08/27/2026,08:06:43:366,0.000000,0.000000,3,-124.58,-124.58,0,0,
08/27/2026,08:06:43:377,0.000000,0.000000,1,-124.12,-124.12,0,0,
08/27/2026,08:06:43:381,0.000000,0.000000,4,-82.11,-82.11,0,0,
08/27/2026,08:06:43:510,0.000000,0.000000,2,-122.65,-122.65,0,0,
08/27/2026,08:06:43:621,0.000000,0.000000,3,-121.57,-121.57,0,0,
08/27/2026,08:06:43:647,0.000000,0.000000,1,-123.41,-123.41,0,0,
08/27/2026,08:06:43:658,0.000000,0.000000,4,-78.57,-78.57,0,0,
08/27/2026,08:06:43:785,0.000000,0.000000,2,-120.99,-120.99,0,0,
08/27/2026,08:06:43:896,0.000000,0.000000,3,-124.99,-124.99,0,0,
08/27/2026,08:06:43:916,0.000000,0.000000,1,-122.45,-122.45,0,0,
08/27/2026,08:06:43:942,0.000000,0.000000,4,-83.13,-83.13,0,0,
08/27/2026,08:06:44:074,0.000000,0.000000,2,-122.37,-122.37,0,0,
08/27/2026,08:06:44:164,0.000000,0.000000,3,-123.33,-123.33,0,0,
08/27/2026,08:06:44:208,0.000000,0.000000,1,-122.54,-122.54,0,0,
08/27/2026,08:06:44:254,0.000000,0.000000,4,-80.13,-80.13,0,0,
08/27/2026,08:06:44:340,0.000000,0.000000,2,-121.9,-121.9,0,0,
08/27/2026,08:06:44:462,0.000000,0.000000,3,-126.46,-126.46,0,0,
08/27/2026,08:06:44:475,0.000000,0.000000,1,-123.86,-123.86,0,0,
08/27/2026,08:06:44:518,0.000000,0.000000,4,-83.14,-83.14,0,0,
08/27/2026,08:06:44:638,0.000000,0.000000,2,-121.18,-121.18,0,0,
08/27/2026,08:06:44:723,0.000000,0.000000,3,-125.48,-125.48,0,0,
08/27/2026,08:06:44:769,0.000000,0.000000,1,-124.27,-124.27,0,0,
08/27/2026,08:06:44:782,0.000000,0.000000,4,-85.11,-85.11,0,0,
08/27/2026,08:06:44:894,0.000000,0.000000,2,-121.79,-121.79,0,0,
08/27/2026,08:06:44:996,0.000000,0.000000,3,-125.36,-125.36,0,0,
08/27/2026,08:06:45:022,0.000000,0.000000,1,-125.03,-125.03,0,0,
08/27/2026,08:06:45:049,0.000000,0.000000,4,-82.09,-82.09,0,0,
08/27/2026,08:06:45:164,0.000000,0.000000,2,-122.31,-122.31,0,0,
08/27/2026,08:06:45:270,0.000000,0.000000,3,-125.23,-125.23,0,0,
08/27/2026,08:06:45:321,0.000000,0.000000,1,-122.16,-122.16,0,0,
08/27/2026,08:06:45:322,0.000000,0.000000,4,-80.12,-80.12,0,0,
08/27/2026,08:06:45:438,0.000000,0.000000,2,-122.87,-122.87,0,0,
08/27/2026,08:06:47:047,0.000000,0.000000,3,-124.79,-124.79,0,0,
08/27/2026,08:06:47:051,0.000000,0.000000,1,-121.69,-121.69,0,0,
08/27/2026,08:06:47:053,0.000000,0.000000,4,-79.13,-79.13,0,0,
08/27/2026,08:06:47:063,0.000000,0.000000,2,-124.66,-124.66,0,0,
08/27/2026,08:06:47:073,0.000000,0.000000,3,-124.5,-124.5,0,0,
08/27/2026,08:06:47:075,0.000000,0.000000,1,-120.02,-120.02,0,0,
08/27/2026,08:06:47:076,0.000000,0.000000,4,-82.82,-82.82,0,0,
08/27/2026,08:06:47:091,0.000000,0.000000,2,-121.66,-121.66,0,0,
08/27/2026,08:06:47:095,0.000000,0.000000,3,-123.95,-123.95,0,0,
08/27/2026,08:06:47:098,0.000000,0.000000,1,-122.43,-122.43,0,0,
08/27/2026,08:06:47:101,0.000000,0.000000,4,-84.08,-84.08,0,0,
08/27/2026,08:06:47:113,0.000000,0.000000,2,-123,-123,0,0,
08/27/2026,08:06:47:122,0.000000,0.000000,3,-123.93,-123.93,0,0,
08/27/2026,08:06:47:123,0.000000,0.000000,1,-124.18,-124.18,0,0,
08/27/2026,08:06:47:124,0.000000,0.000000,4,-83.53,-83.53,0,0,
08/27/2026,08:06:47:135,0.000000,0.000000,2,-123.84,-123.84,0,0,
08/27/2026,08:06:47:144,0.000000,0.000000,3,-124.46,-124.46,0,0,
08/27/2026,08:06:47:148,0.000000,0.000000,1,-123.71,-123.71,0,0,
08/27/2026,08:06:47:152,0.000000,0.000000,4,-85.02,-85.02,0,0,
08/27/2026,08:06:47:168,0.000000,0.000000,2,-124.51,-124.51,0,0,
08/27/2026,08:06:47:172,0.000000,0.000000,3,-125.86,-125.86,0,0,
08/27/2026,08:06:47:187,0.000000,0.000000,1,-111.23,-111.23,0,0,
08/27/2026,08:06:47:187,0.000000,0.000000,4,-80.16,-80.16,0,0,
08/27/2026,08:06:47:190,0.000000,0.000000,2,-124.68,-124.68,0,0,
08/27/2026,08:06:47:211,0.000000,0.000000,3,-124.46,-124.46,0,0,
08/27/2026,08:06:47:246,0.000000,0.000000,1,-122.05,-122.05,0,0,
08/27/2026,08:06:47:269,0.000000,0.000000,4,-84,-84,0,0,
08/27/2026,08:06:47:436,0.000000,0.000000,2,-121.78,-121.78,0,0,
08/27/2026,08:06:47:498,0.000000,0.000000,3,-126.01,-126.01,0,0,
08/27/2026,08:06:47:533,0.000000,0.000000,1,-123.53,-123.53,0,0,
08/27/2026,08:06:47:540,0.000000,0.000000,4,-88.48,-88.48,0,0,
08/27/2026,08:06:47:662,0.000000,0.000000,2,-120.74,-120.74,0,0,
08/27/2026,08:06:47:763,0.000000,0.000000,3,-126.04,-126.04,0,0,
08/27/2026,08:06:47:804,0.000000,0.000000,1,-122.94,-122.94,0,0,
08/27/2026,08:06:47:822,0.000000,0.000000,4,-83.05,-83.05,0,0,
08/27/2026,08:06:47:939,0.000000,0.000000,2,-121.38,-121.38,0,0,
08/27/2026,08:06:48:045,0.000000,0.000000,3,-126.61,-126.61,0,0,
08/27/2026,08:06:48:074,0.000000,0.000000,1,-123.38,-123.38,0,0,
08/27/2026,08:06:48:111,0.000000,0.000000,4,-83.11,-83.11,0,0,
08/27/2026,08:06:48:247,0.000000,0.000000,2,-124.14,-124.14,0,0,
08/27/2026,08:06:48:336,0.000000,0.000000,3,-127.23,-127.23,0,0,
08/27/2026,08:06:48:376,0.000000,0.000000,1,-122.54,-122.54,0,0,
08/27/2026,08:06:48:378,0.000000,0.000000,4,-85.99,-85.99,0,0,
08/27/2026,08:06:48:502,0.000000,0.000000,2,-124.34,-124.34,0,0,
08/27/2026,08:06:48:592,0.000000,0.000000,3,-124.16,-124.16,0,0,
08/27/2026,08:06:48:630,0.000000,0.000000,1,-124.56,-124.56,0,0,
08/27/2026,08:06:48:644,0.000000,0.000000,4,-79.42,-79.42,0,0,
08/27/2026,08:06:48:770,0.000000,0.000000,2,-123.87,-123.87,0,0,
08/27/2026,08:06:48:882,0.000000,0.000000,3,-125.33,-125.33,0,0,
08/27/2026,08:06:48:909,0.000000,0.000000,1,-121.92,-121.92,0,0,
08/27/2026,08:06:48:935,0.000000,0.000000,4,-82.36,-82.36,0,0,
08/27/2026,08:06:49:059,0.000000,0.000000,2,-123.08,-123.08,0,0,
08/27/2026,08:06:49:156,0.000000,0.000000,3,-124.99,-124.99,0,0,
08/27/2026,08:06:49:179,0.000000,0.000000,1,-122,-122,0,0,
08/27/2026,08:06:49:208,0.000000,0.000000,4,-84.56,-84.56,0,0,
08/27/2026,08:06:49:317,0.000000,0.000000,2,-122.94,-122.94,0,0,
08/27/2026,08:06:49:422,0.000000,0.000000,3,-124.39,-124.39,0,0,
08/27/2026,08:06:49:458,0.000000,0.000000,1,-122.76,-122.76,0,0,
08/27/2026,08:06:49:479,0.000000,0.000000,4,-79,-79,0,0,
08/27/2026,08:06:49:615,0.000000,0.000000,2,-124.53,-124.53,0,0,
08/27/2026,08:06:49:704,0.000000,0.000000,3,-125.81,-125.81,0,0,
08/27/2026,08:06:49:734,0.000000,0.000000,1,-122.46,-122.46,0,0,
08/27/2026,08:06:49:773,0.000000,0.000000,4,-83.7,-83.7,0,0,
08/27/2026,08:06:49:870,0.000000,0.000000,2,-123.14,-123.14,0,0,
08/27/2026,08:06:50:018,0.000000,0.000000,3,-125.01,-125.01,0,0,
08/27/2026,08:06:50:061,0.000000,0.000000,1,-122.31,-122.31,0,0,
08/27/2026,08:06:50:100,0.000000,0.000000,4,-91.21,-91.21,0,0,
08/27/2026,08:06:50:279,0.000000,0.000000,2,-124.01,-124.01,0,0,
08/27/2026,08:06:50:429,0.000000,0.000000,3,-125.61,-125.61,0,0,
08/27/2026,08:06:50:455,0.000000,0.000000,1,-124.12,-124.12,0,0,
08/27/2026,08:06:50:456,0.000000,0.000000,4,-81.76,-81.76,0,0,
08/27/2026,08:06:50:500,0.000000,0.000000,2,-121.04,-121.04,0,0,
08/27/2026,08:06:50:554,0.000000,0.000000,3,-124.84,-124.84,0,0,
08/27/2026,08:06:50:565,0.000000,0.000000,1,-122.95,-122.95,0,0,
08/27/2026,08:06:50:584,0.000000,0.000000,4,-91.22,-91.22,0,0,
08/27/2026,08:06:50:711,0.000000,0.000000,2,-121.61,-121.61,0,0,
08/27/2026,08:06:50:802,0.000000,0.000000,3,-125.42,-125.42,0,0,
08/27/2026,08:06:50:842,0.000000,0.000000,1,-124.2,-124.2,0,0,
08/27/2026,08:06:50:857,0.000000,0.000000,4,-83.74,-83.74,0,0,
08/27/2026,08:06:50:976,0.000000,0.000000,2,-122.64,-122.64,0,0,
08/27/2026,08:06:51:081,0.000000,0.000000,3,-124.3,-124.3,0,0,
08/27/2026,08:06:51:138,0.000000,0.000000,1,-121.45,-121.45,0,0,
08/27/2026,08:06:51:141,0.000000,0.000000,4,-81.4,-81.4,0,0,
08/27/2026,08:06:51:276,0.000000,0.000000,2,-119.91,-119.91,0,0,
08/27/2026,08:06:51:360,0.000000,0.000000,3,-124.96,-124.96,0,0,
08/27/2026,08:06:51:391,0.000000,0.000000,1,-122.2,-122.2,0,0,
08/27/2026,08:06:51:416,0.000000,0.000000,4,-82.33,-82.33,0,0,
08/27/2026,08:06:51:537,0.000000,0.000000,2,-122.34,-122.34,0,0,
08/27/2026,08:06:51:678,0.000000,0.000000,3,-124.9,-124.9,0,0,
08/27/2026,08:06:51:716,0.000000,0.000000,1,-122.98,-122.98,0,0,
08/27/2026,08:06:51:722,0.000000,0.000000,4,-77.31,-77.31,0,0,
08/27/2026,08:06:51:853,0.000000,0.000000,2,-124.38,-124.38,0,0,
08/27/2026,08:06:51:945,0.000000,0.000000,3,-126.55,-126.55,0,0,
08/27/2026,08:06:52:050,0.000000,0.000000,1,-123.42,-123.42,0,0,
08/27/2026,08:06:52:051,0.000000,0.000000,4,-79.25,-79.25,0,0,
08/27/2026,08:06:52:123,0.000000,0.000000,2,-122.42,-122.42,0,0,
08/27/2026,08:06:52:198,0.000000,0.000000,3,-124.78,-124.78,0,0,
08/27/2026,08:06:52:229,0.000000,0.000000,1,-124.41,-124.41,0,0,
08/27/2026,08:06:52:246,0.000000,0.000000,4,-85.22,-85.22,0,0,
08/27/2026,08:06:52:357,0.000000,0.000000,2,-123.34,-123.34,0,0,
08/27/2026,08:06:52:475,0.000000,0.000000,3,-123.58,-123.58,0,0,
08/27/2026,08:06:52:524,0.000000,0.000000,1,-126.08,-126.08,0,0,
08/27/2026,08:06:52:551,0.000000,0.000000,4,-94.15,-94.15,0,0,
08/27/2026,08:06:52:637,0.000000,0.000000,2,-125.59,-125.59,0,0,
08/27/2026,08:06:52:769,0.000000,0.000000,3,-125.25,-125.25,0,0,
08/27/2026,08:06:52:774,0.000000,0.000000,1,-123.66,-123.66,0,0,
08/27/2026,08:06:52:792,0.000000,0.000000,4,-91.16,-91.16,0,0,
08/27/2026,08:06:52:923,0.000000,0.000000,2,-122.37,-122.37,0,0,
08/27/2026,08:06:53:022,0.000000,0.000000,3,-125.44,-125.44,0,0,
08/27/2026,08:06:53:090,0.000000,0.000000,1,-121.64,-121.64,0,0,
08/27/2026,08:06:53:096,0.000000,0.000000,4,-88.09,-88.09,0,0,
08/27/2026,08:06:53:186,0.000000,0.000000,2,-122.34,-122.34,0,0,
08/27/2026,08:06:53:290,0.000000,0.000000,3,-125.07,-125.07,0,0,
08/27/2026,08:06:53:322,0.000000,0.000000,1,-121.64,-121.64,0,0,
08/27/2026,08:06:53:359,0.000000,0.000000,4,-88.33,-88.33,0,0,
08/27/2026,08:06:53:477,0.000000,0.000000,2,-122.39,-122.39,0,0,
08/27/2026,08:06:53:570,0.000000,0.000000,3,-124.74,-124.74,0,0,
08/27/2026,08:06:53:602,0.000000,0.000000,1,-122.64,-122.64,0,0,
08/27/2026,08:06:53:624,0.000000,0.000000,4,-91.28,-91.28,0,0,
08/27/2026,08:06:53:749,0.000000,0.000000,2,-121.28,-121.28,0,0,
08/27/2026,08:06:53:885,0.000000,0.000000,3,-123.02,-123.02,0,0,
08/27/2026,08:06:53:890,0.000000,0.000000,1,-120.93,-120.93,0,0,
08/27/2026,08:06:53:899,0.000000,0.000000,4,-81.5,-81.5,0,0,
08/27/2026,08:06:54:030,0.000000,0.000000,2,-122.88,-122.88,0,0,
08/27/2026,08:06:54:147,0.000000,0.000000,3,-125.54,-125.54,0,0,
08/27/2026,08:06:54:184,0.000000,0.000000,1,-123.28,-123.28,0,0,
08/27/2026,08:06:54:207,0.000000,0.000000,4,-83.16,-83.16,0,0,
08/27/2026,08:06:54:292,0.000000,0.000000,2,-122.31,-122.31,0,0,
08/27/2026,08:06:54:413,0.000000,0.000000,3,-123.6,-123.6,0,0,
08/27/2026,08:06:54:461,0.000000,0.000000,1,-122.66,-122.66,0,0,
08/27/2026,08:06:54:475,0.000000,0.000000,4,-87.37,-87.37,0,0,
08/27/2026,08:06:54:572,0.000000,0.000000,2,-122.92,-122.92,0,0,
08/27/2026,08:06:54:679,0.000000,0.000000,3,-125.7,-125.7,0,0,
08/27/2026,08:06:54:719,0.000000,0.000000,1,-123.15,-123.15,0,0,
08/27/2026,08:06:54:726,0.000000,0.000000,4,-86.04,-86.04,0,0,
08/27/2026,08:06:54:848,0.000000,0.000000,2,-123.2,-123.2,0,0,
08/27/2026,08:06:54:990,0.000000,0.000000,3,-125.12,-125.12,0,0,
08/27/2026,08:06:55:000,0.000000,0.000000,1,-124.49,-124.49,0,0,
08/27/2026,08:06:55:003,0.000000,0.000000,4,-84.51,-84.51,0,0,
08/27/2026,08:06:55:137,0.000000,0.000000,2,-122.49,-122.49,0,0,
08/27/2026,08:06:55:230,0.000000,0.000000,3,-124.5,-124.5,0,0,
08/27/2026,08:06:55:259,0.000000,0.000000,1,-121.54,-121.54,0,0,
08/27/2026,08:06:55:278,0.000000,0.000000,4,-81.46,-81.46,0,0,
08/27/2026,08:06:55:404,0.000000,0.000000,2,-123.71,-123.71,0,0,
08/27/2026,08:06:55:520,0.000000,0.000000,3,-124.17,-124.17,0,0,
08/27/2026,08:06:55:560,0.000000,0.000000,1,-124.15,-124.15,0,0,
08/27/2026,08:06:55:572,0.000000,0.000000,4,-81.69,-81.69,0,0,
08/27/2026,08:06:55:690,0.000000,0.000000,2,-123.07,-123.07,0,0,
08/27/2026,08:06:55:794,0.000000,0.000000,3,-124.28,-124.28,0,0,
08/27/2026,08:06:55:823,0.000000,0.000000,1,-121.79,-121.79,0,0,
08/27/2026,08:06:55:832,0.000000,0.000000,4,-81.04,-81.04,0,0,
08/27/2026,08:06:55:958,0.000000,0.000000,2,-125.24,-125.24,0,0,
08/27/2026,08:06:56:063,0.000000,0.000000,3,-124.87,-124.87,0,0,
08/27/2026,08:06:56:101,0.000000,0.000000,1,-120.76,-120.76,0,0,
08/27/2026,08:06:56:111,0.000000,0.000000,4,-83.23,-83.23,0,0,
08/27/2026,08:06:57:170,0.000000,0.000000,2,-121.18,-121.18,0,0,
08/27/2026,08:06:57:177,0.000000,0.000000,3,-125.01,-125.01,0,0,
08/27/2026,08:06:57:183,0.000000,0.000000,1,-122.32,-122.32,0,0,
08/27/2026,08:06:57:183,0.000000,0.000000,4,-86.55,-86.55,0,0,
08/27/2026,08:06:57:221,0.000000,0.000000,2,-122.16,-122.16,0,0,
08/27/2026,08:06:57:222,0.000000,0.000000,3,-123.07,-123.07,0,0,
08/27/2026,08:06:57:222,0.000000,0.000000,1,-121.93,-121.93,0,0,
08/27/2026,08:06:57:222,0.000000,0.000000,4,-79.89,-79.89,0,0,
08/27/2026,08:06:57:223,0.000000,0.000000,2,-122.42,-122.42,0,0,
08/27/2026,08:06:57:224,0.000000,0.000000,3,-126.28,-126.28,0,0,
08/27/2026,08:06:57:227,0.000000,0.000000,1,-122.79,-122.79,0,0,
08/27/2026,08:06:57:228,0.000000,0.000000,4,-82.69,-82.69,0,0,
08/27/2026,08:06:57:245,0.000000,0.000000,2,-122.25,-122.25,0,0,
08/27/2026,08:06:57:388,0.000000,0.000000,3,-123.66,-123.66,0,0,
08/27/2026,08:06:57:436,0.000000,0.000000,1,-122.4,-122.4,0,0,
08/27/2026,08:06:57:468,0.000000,0.000000,4,-85.19,-85.19,0,0,
08/27/2026,08:06:57:616,0.000000,0.000000,2,-119.67,-119.67,0,0,
08/27/2026,08:06:57:697,0.000000,0.000000,3,-126.44,-126.44,0,0,
08/27/2026,08:06:57:714,0.000000,0.000000,1,-122.72,-122.72,0,0,
08/27/2026,08:06:57:720,0.000000,0.000000,4,-79.13,-79.13,0,0,
08/27/2026,08:06:57:750,0.000000,0.000000,2,-121.71,-121.71,0,0,
08/27/2026,08:06:57:786,0.000000,0.000000,3,-126.61,-126.61,0,0,
08/27/2026,08:06:57:809,0.000000,0.000000,1,-122.43,-122.43,0,0,
08/27/2026,08:06:57:819,0.000000,0.000000,4,-79.42,-79.42,0,0,
08/27/2026,08:06:57:882,0.000000,0.000000,2,-121.22,-121.22,0,0,
08/27/2026,08:06:57:992,0.000000,0.000000,3,-125.3,-125.3,0,0,
08/27/2026,08:06:58:025,0.000000,0.000000,1,-121.77,-121.77,0,0,
08/27/2026,08:06:58:048,0.000000,0.000000,4,-82.28,-82.28,0,0,
08/27/2026,08:06:58:165,0.000000,0.000000,2,-122.62,-122.62,0,0,
08/27/2026,08:06:58:274,0.000000,0.000000,3,-125.37,-125.37,0,0,
08/27/2026,08:06:58:301,0.000000,0.000000,1,-125.22,-125.22,0,0,
08/27/2026,08:06:58:317,0.000000,0.000000,4,-80.36,-80.36,0,0,
08/27/2026,08:06:58:435,0.000000,0.000000,2,-121.68,-121.68,0,0,
08/27/2026,08:06:58:543,0.000000,0.000000,3,-124.66,-124.66,0,0,
08/27/2026,08:06:58:583,0.000000,0.000000,1,-120.94,-120.94,0,0,
08/27/2026,08:06:58:594,0.000000,0.000000,4,-83.79,-83.79,0,0,
08/27/2026,08:06:58:717,0.000000,0.000000,2,-124.11,-124.11,0,0,
08/27/2026,08:06:58:820,0.000000,0.000000,3,-123.32,-123.32,0,0,
08/27/2026,08:06:58:853,0.000000,0.000000,1,-123.72,-123.72,0,0,
08/27/2026,08:06:58:869,0.000000,0.000000,4,-91.95,-91.95,0,0,
08/27/2026,08:06:58:996,0.000000,0.000000,2,-122.37,-122.37,0,0,
08/27/2026,08:06:59:100,0.000000,0.000000,3,-125.44,-125.44,0,0,
08/27/2026,08:06:59:127,0.000000,0.000000,1,-121.45,-121.45,0,0,
08/27/2026,08:06:59:160,0.000000,0.000000,4,-79.28,-79.28,0,0,
08/27/2026,08:06:59:305,0.000000,0.000000,2,-121.64,-121.64,0,0,
08/27/2026,08:06:59:467,0.000000,0.000000,3,-124.46,-124.46,0,0,
08/27/2026,08:06:59:487,0.000000,0.000000,1,-123.14,-123.14,0,0,
08/27/2026,08:06:59:490,0.000000,0.000000,4,-78.25,-78.25,0,0,
08/27/2026,08:06:59:539,0.000000,0.000000,2,-119.78,-119.78,0,0,
08/27/2026,08:06:59:646,0.000000,0.000000,3,-124.42,-124.42,0,0,
08/27/2026,08:06:59:692,0.000000,0.000000,1,-123.11,-123.11,0,0,
08/27/2026,08:06:59:695,0.000000,0.000000,4,-77.42,-77.42,0,0,
08/27/2026,08:06:59:820,0.000000,0.000000,2,-121.99,-121.99,0,0,
08/27/2026,08:06:59:940,0.000000,0.000000,3,-122.82,-122.82,0,0,
08/27/2026,08:06:59:959,0.000000,0.000000,1,-122.77,-122.77,0,0,
08/27/2026,08:06:59:985,0.000000,0.000000,4,-77.34,-77.34,0,0,
08/27/2026,08:07:00:100,0.000000,0.000000,2,-123.44,-123.44,0,0,
08/27/2026,08:07:00:223,0.000000,0.000000,3,-125.41,-125.41,0,0,
08/27/2026,08:07:00:255,0.000000,0.000000,1,-123.11,-123.11,0,0,
08/27/2026,08:07:00:278,0.000000,0.000000,4,-72.25,-72.25,0,0,
08/27/2026,08:07:00:369,0.000000,0.000000,2,-123.15,-123.15,0,0,
08/27/2026,08:07:00:476,0.000000,0.000000,3,-125.23,-125.23,0,0,
08/27/2026,08:07:00:512,0.000000,0.000000,1,-121.95,-121.95,0,0,
08/27/2026,08:07:00:534,0.000000,0.000000,4,-78.05,-78.05,0,0,
08/27/2026,08:07:00:689,0.000000,0.000000,2,-123.58,-123.58,0,0,
08/27/2026,08:07:00:750,0.000000,0.000000,3,-124.83,-124.83,0,0,
08/27/2026,08:07:00:792,0.000000,0.000000,1,-123.48,-123.48,0,0,
08/27/2026,08:07:00:814,0.000000,0.000000,4,-79.38,-79.38,0,0,
08/27/2026,08:07:00:941,0.000000,0.000000,2,-123.22,-123.22,0,0,
08/27/2026,08:07:01:026,0.000000,0.000000,3,-123.19,-123.19,0,0,
08/27/2026,08:07:01:064,0.000000,0.000000,1,-123.09,-123.09,0,0,
08/27/2026,08:07:01:102,0.000000,0.000000,4,-78.29,-78.29,0,0,
08/27/2026,08:07:01:229,0.000000,0.000000,2,-121.84,-121.84,0,0,
08/27/2026,08:07:01:309,0.000000,0.000000,3,-124.21,-124.21,0,0,
08/27/2026,08:07:01:385,0.000000,0.000000,1,-122.82,-122.82,0,0,
08/27/2026,08:07:01:387,0.000000,0.000000,4,-75.97,-75.97,0,0,
08/27/2026,08:07:01:491,0.000000,0.000000,2,-120.94,-120.94,0,0,
08/27/2026,08:07:01:582,0.000000,0.000000,3,-121.29,-121.29,0,0,
08/27/2026,08:07:01:621,0.000000,0.000000,1,-121.79,-121.79,0,0,
08/27/2026,08:07:01:648,0.000000,0.000000,4,-83.91,-83.91,0,0,
08/27/2026,08:07:01:762,0.000000,0.000000,2,-123.93,-123.93,0,0,
08/27/2026,08:07:01:856,0.000000,0.000000,3,-122.86,-122.86,0,0,
08/27/2026,08:07:01:894,0.000000,0.000000,1,-120.98,-120.98,0,0,
08/27/2026,08:07:01:916,0.000000,0.000000,4,-77.14,-77.14,0,0,
08/27/2026,08:07:02:028,0.000000,0.000000,2,-123.31,-123.31,0,0,
08/27/2026,08:07:02:140,0.000000,0.000000,3,-124.03,-124.03,0,0,
08/27/2026,08:07:02:169,0.000000,0.000000,1,-124.29,-124.29,0,0,
08/27/2026,08:07:02:191,0.000000,0.000000,4,-78.02,-78.02,0,0,
08/27/2026,08:07:02:357,0.000000,0.000000,2,-122.92,-122.92,0,0,
08/27/2026,08:07:02:410,0.000000,0.000000,3,-124.67,-124.67,0,0,
08/27/2026,08:07:02:444,0.000000,0.000000,1,-121.11,-121.11,0,0,
08/27/2026,08:07:02:470,0.000000,0.000000,4,-82.56,-82.56,0,0,
08/27/2026,08:07:02:583,0.000000,0.000000,2,-122.78,-122.78,0,0,
