Date,Time,Latitude,Longitude,Channel,RSSI,Adjusted Value,Antenna Gain,Cable Loss
08/27/2026,08:03:08:227,0.000000,0.000000,1,-110.73,-110.73,0,0,
08/27/2026,08:03:08:306,0.000000,0.000000,2,-127.82,-127.82,0,0,
08/27/2026,08:03:08:339,0.000000,0.000000,3,-126.77,-126.77,0,0,
08/27/2026,08:03:08:342,0.000000,0.000000,1,-102.42,-102.42,0,0,
08/27/2026,08:03:08:390,0.000000,0.000000,4,-126.89,-126.89,0,0,
08/27/2026,08:03:08:429,0.000000,0.000000,2,-127.8,-127.8,0,0,
08/27/2026,08:03:08:478,0.000000,0.000000,3,-126.47,-126.47,0,0,
08/27/2026,08:03:08:526,0.000000,0.000000,1,-103.45,-103.45,0,0,
08/27/2026,08:03:08:607,0.000000,0.000000,4,-125.25,-125.25,0,0,
08/27/2026,08:03:08:656,0.000000,0.000000,2,-125.92,-125.92,0,0,
08/27/2026,08:03:08:735,0.000000,0.000000,3,-124.96,-124.96,0,0,
08/27/2026,08:03:08:742,0.000000,0.000000,1,-102.5,-102.5,0,0,
08/27/2026,08:03:08:757,0.000000,0.000000,4,-124.1,-124.1,0,0,
08/27/2026,08:03:08:801,0.000000,0.000000,2,-127.73,-127.73,0,0,
08/27/2026,08:03:08:926,0.000000,0.000000,3,-124.84,-124.84,0,0,
08/27/2026,08:03:08:957,0.000000,0.000000,1,-101.34,-101.34,0,0,
08/27/2026,08:03:08:972,0.000000,0.000000,4,-127.45,-127.45,0,0,
08/27/2026,08:03:09:062,0.000000,0.000000,2,-128.58,-128.58,0,0,
08/27/2026,08:03:09:203,0.000000,0.000000,3,-124.73,-124.73,0,0,
08/27/2026,08:03:09:212,0.000000,0.000000,1,-102.94,-102.94,0,0,
08/27/2026,08:03:09:254,0.000000,0.000000,4,-126.07,-126.07,0,0,
08/27/2026,08:03:09:335,0.000000,0.000000,2,-128.02,-128.02,0,0,
08/27/2026,08:03:09:470,0.000000,0.000000,3,-126.15,-126.15,0,0,
08/27/2026,08:03:09:492,0.000000,0.000000,1,-105.36,-105.36,0,0,
08/27/2026,08:03:09:526,0.000000,0.000000,4,-124.39,-124.39,0,0,
08/27/2026,08:03:09:628,0.000000,0.000000,2,-126.62,-126.62,0,0,
08/27/2026,08:03:09:752,0.000000,0.000000,3,-114.26,-114.26,0,0,
08/27/2026,08:03:09:765,0.000000,0.000000,1,-97.04,-97.04,0,0,
08/27/2026,08:03:09:829,0.000000,0.000000,4,-123.46,-123.46,0,0,
08/27/2026,08:03:09:888,0.000000,0.000000,2,-125.39,-125.39,0,0,
08/27/2026,08:03:10:024,0.000000,0.000000,3,-125.96,-125.96,0,0,
08/27/2026,08:03:10:048,0.000000,0.000000,1,-97.86,-97.86,0,0,
08/27/2026,08:03:10:077,0.000000,0.000000,4,-124.67,-124.67,0,0,
08/27/2026,08:03:10:159,0.000000,0.000000,2,-124.54,-124.54,0,0,
08/27/2026,08:03:10:308,0.000000,0.000000,3,-125.76,-125.76,0,0,
08/27/2026,08:03:10:340,0.000000,0.000000,1,-102.5,-102.5,0,0,
08/27/2026,08:03:10:355,0.000000,0.000000,4,-125.64,-125.64,0,0,
08/27/2026,08:03:10:463,0.000000,0.000000,2,-107.14,-107.14,0,0,
08/27/2026,08:03:10:608,0.000000,0.000000,3,-126.07,-126.07,0,0,
08/27/2026,08:03:10:645,0.000000,0.000000,1,-105.34,-105.34,0,0,
08/27/2026,08:03:10:658,0.000000,0.000000,4,-124.44,-124.44,0,0,
08/27/2026,08:03:10:718,0.000000,0.000000,2,-126.59,-126.59,0,0,
08/27/2026,08:03:10:856,0.000000,0.000000,3,-125.4,-125.4,0,0,
08/27/2026,08:03:10:869,0.000000,0.000000,1,-104.53,-104.53,0,0,
08/27/2026,08:03:10:909,0.000000,0.000000,4,-124.32,-124.32,0,0,
08/27/2026,08:03:10:992,0.000000,0.000000,2,-128.08,-128.08,0,0,
08/27/2026,08:03:11:137,0.000000,0.000000,3,-128.37,-128.37,0,0,
08/27/2026,08:03:11:153,0.000000,0.000000,1,-107.22,-107.22,0,0,
08/27/2026,08:03:11:179,0.000000,0.000000,4,-125.72,-125.72,0,0,
08/27/2026,08:03:11:275,0.000000,0.000000,2,-126.63,-126.63,0,0,
08/27/2026,08:03:11:408,0.000000,0.000000,3,-126.58,-126.58,0,0,
08/27/2026,08:03:11:427,0.000000,0.000000,1,-107.2,-107.2,0,0,
08/27/2026,08:03:11:459,0.000000,0.000000,4,-126.33,-126.33,0,0,
08/27/2026,08:03:11:545,0.000000,0.000000,2,-127.43,-127.43,0,0,
08/27/2026,08:03:13:480,0.000000,0.000000,2,-126.65,-126.65,0,0,
08/27/2026,08:03:13:617,0.000000,0.000000,3,-126.7,-126.7,0,0,
08/27/2026,08:03:13:648,0.000000,0.000000,1,-104.94,-104.94,0,0,
08/27/2026,08:03:13:676,0.000000,0.000000,4,-126.37,-126.37,0,0,
08/27/2026,08:03:13:754,0.000000,0.000000,2,-127.04,-127.04,0,0,
08/27/2026,08:03:14:224,0.000000,0.000000,3,-126.48,-126.48,0,0,
08/27/2026,08:03:14:227,0.000000,0.000000,1,-101.65,-101.65,0,0,
08/27/2026,08:03:14:303,0.000000,0.000000,4,-126.58,-126.58,0,0,
08/27/2026,08:03:14:394,0.000000,0.000000,2,-126.51,-126.51,0,0,
08/27/2026,08:03:14:480,0.000000,0.000000,3,-125.74,-125.74,0,0,
08/27/2026,08:03:14:485,0.000000,0.000000,1,-96.49,-96.49,0,0,
08/27/2026,08:03:14:516,0.000000,0.000000,4,-126.76,-126.76,0,0,
08/27/2026,08:03:14:546,0.000000,0.000000,2,-128.12,-128.12,0,0,
08/27/2026,08:03:14:608,0.000000,0.000000,3,-123.78,-123.78,0,0,
08/27/2026,08:03:14:622,0.000000,0.000000,1,-107.25,-107.25,0,0,
08/27/2026,08:03:14:630,0.000000,0.000000,4,-126.6,-126.6,0,0,
08/27/2026,08:03:14:680,0.000000,0.000000,2,-127.3,-127.3,0,0,
08/27/2026,08:03:14:787,0.000000,0.000000,3,-125.89,-125.89,0,0,
08/27/2026,08:03:14:790,0.000000,0.000000,1,-109.36,-109.36,0,0,
08/27/2026,08:03:14:837,0.000000,0.000000,4,-125.04,-125.04,0,0,
08/27/2026,08:03:14:876,0.000000,0.000000,2,-127.68,-127.68,0,0,
08/27/2026,08:03:15:031,0.000000,0.000000,3,-126.65,-126.65,0,0,
08/27/2026,08:03:15:036,0.000000,0.000000,1,-108.97,-108.97,0,0,
08/27/2026,08:03:15:057,0.000000,0.000000,4,-124.24,-124.24,0,0,
08/27/2026,08:03:15:135,0.000000,0.000000,2,-126.52,-126.52,0,0,
08/27/2026,08:03:15:297,0.000000,0.000000,3,-126.08,-126.08,0,0,
08/27/2026,08:03:15:306,0.000000,0.000000,1,-109.18,-109.18,0,0,
08/27/2026,08:03:15:335,0.000000,0.000000,4,-127.09,-127.09,0,0,
08/27/2026,08:03:15:431,0.000000,0.000000,2,-127.28,-127.28,0,0,
08/27/2026,08:03:15:563,0.000000,0.000000,3,-126.17,-126.17,0,0,
08/27/2026,08:03:15:566,0.000000,0.000000,1,-101.43,-101.43,0,0,
08/27/2026,08:03:15:604,0.000000,0.000000,4,-127.06,-127.06,0,0,
08/27/2026,08:03:15:700,0.000000,0.000000,2,-127.15,-127.15,0,0,
08/27/2026,08:03:15:843,0.000000,0.000000,3,-126.68,-126.68,0,0,
08/27/2026,08:03:15:880,0.000000,0.000000,1,-100.69,-100.69,0,0,
08/27/2026,08:03:15:889,0.000000,0.000000,4,-128.24,-128.24,0,0,
08/27/2026,08:03:15:972,0.000000,0.000000,2,-126.02,-126.02,0,0,
08/27/2026,08:03:16:131,0.000000,0.000000,3,-127.13,-127.13,0,0,
08/27/2026,08:03:16:132,0.000000,0.000000,1,-106.56,-106.56,0,0,
08/27/2026,08:03:16:167,0.000000,0.000000,4,-126.25,-126.25,0,0,
08/27/2026,08:03:16:241,0.000000,0.000000,2,-127.21,-127.21,0,0,
08/27/2026,08:03:16:380,0.000000,0.000000,3,-112.28,-112.28,0,0,
08/27/2026,08:03:16:399,0.000000,0.000000,1,-104.48,-104.48,0,0,
08/27/2026,08:03:16:435,0.000000,0.000000,4,-127.55,-127.55,0,0,
08/27/2026,08:03:16:526,0.000000,0.000000,2,-126.91,-126.91,0,0,
08/27/2026,08:03:16:669,0.000000,0.000000,3,-125.64,-125.64,0,0,
08/27/2026,08:03:16:690,0.000000,0.000000,1,-106.92,-106.92,0,0,
08/27/2026,08:03:16:711,0.000000,0.000000,4,-126.48,-126.48,0,0,
08/27/2026,08:03:16:798,0.000000,0.000000,2,-127.39,-127.39,0,0,
08/27/2026,08:03:16:932,0.000000,0.000000,3,-126.07,-126.07,0,0,
08/27/2026,08:03:16:955,0.000000,0.000000,1,-107.48,-107.48,0,0,
08/27/2026,08:03:16:985,0.000000,0.000000,4,-125.03,-125.03,0,0,
08/27/2026,08:03:17:090,0.000000,0.000000,2,-127.26,-127.26,0,0,
08/27/2026,08:03:17:215,0.000000,0.000000,3,-127.89,-127.89,0,0,
08/27/2026,08:03:17:232,0.000000,0.000000,1,-101.39,-101.39,0,0,
08/27/2026,08:03:17:273,0.000000,0.000000,4,-125.21,-125.21,0,0,
08/27/2026,08:03:17:371,0.000000,0.000000,2,-127.57,-127.57,0,0,
08/27/2026,08:03:17:494,0.000000,0.000000,3,-126.74,-126.74,0,0,
08/27/2026,08:03:17:505,0.000000,0.000000,1,-105.27,-105.27,0,0,
08/27/2026,08:03:17:546,0.000000,0.000000,4,-127.04,-127.04,0,0,
08/27/2026,08:03:17:649,0.000000,0.000000,2,-128.23,-128.23,0,0,
08/27/2026,08:03:17:884,0.000000,0.000000,3,-126.92,-126.92,0,0,
08/27/2026,08:03:17:886,0.000000,0.000000,1,-104.54,-104.54,0,0,
08/27/2026,08:03:17:915,0.000000,0.000000,4,-127.16,-127.16,0,0,
08/27/2026,08:03:17:960,0.000000,0.000000,2,-126.93,-126.93,0,0,
08/27/2026,08:03:18:053,0.000000,0.000000,3,-125.63,-125.63,0,0,
08/27/2026,08:03:18:056,0.000000,0.000000,1,-98.75,-98.75,0,0,
08/27/2026,08:03:18:092,0.000000,0.000000,4,-126.85,-126.85,0,0,
08/27/2026,08:03:18:219,0.000000,0.000000,2,-125.96,-125.96,0,0,
08/27/2026,08:03:18:327,0.000000,0.000000,3,-125.37,-125.37,0,0,
08/27/2026,08:03:18:335,0.000000,0.000000,1,-103.74,-103.74,0,0,
08/27/2026,08:03:18:364,0.000000,0.000000,4,-125.41,-125.41,0,0,
08/27/2026,08:03:18:457,0.000000,0.000000,2,-126.06,-126.06,0,0,
08/27/2026,08:03:18:590,0.000000,0.000000,3,-103.69,-103.69,0,0,
08/27/2026,08:03:18:625,0.000000,0.000000,1,-101.27,-101.27,0,0,
08/27/2026,08:03:18:649,0.000000,0.000000,4,-125.87,-125.87,0,0,
08/27/2026,08:03:18:771,0.000000,0.000000,2,-128.14,-128.14,0,0,
08/27/2026,08:03:18:874,0.000000,0.000000,3,-125.87,-125.87,0,0,
08/27/2026,08:03:18:903,0.000000,0.000000,1,-102.84,-102.84,0,0,
08/27/2026,08:03:18:951,0.000000,0.000000,4,-125.42,-125.42,0,0,
08/27/2026,08:03:19:014,0.000000,0.000000,2,-127.76,-127.76,0,0,
08/27/2026,08:03:19:155,0.000000,0.000000,3,-127.44,-127.44,0,0,
08/27/2026,08:03:19:169,0.000000,0.000000,1,-103.03,-103.03,0,0,
08/27/2026,08:03:19:204,0.000000,0.000000,4,-127.57,-127.57,0,0,
08/27/2026,08:03:19:366,0.000000,0.000000,2,-127.22,-127.22,0,0,
08/27/2026,08:03:19:443,0.000000,0.000000,3,-105.06,-105.06,0,0,
08/27/2026,08:03:19:448,0.000000,0.000000,1,-98.09,-98.09,0,0,
08/27/2026,08:03:19:474,0.000000,0.000000,4,-126.46,-126.46,0,0,
08/27/2026,08:03:19:560,0.000000,0.000000,2,-125.28,-125.28,0,0,
08/27/2026,08:03:19:703,0.000000,0.000000,3,-125.56,-125.56,0,0,
08/27/2026,08:03:19:739,0.000000,0.000000,1,-100.46,-100.46,0,0,
08/27/2026,08:03:19:746,0.000000,0.000000,4,-126.07,-126.07,0,0,
08/27/2026,08:03:19:833,0.000000,0.000000,2,-126.35,-126.35,0,0,
08/27/2026,08:03:20:034,0.000000,0.000000,3,-127.16,-127.16,0,0,
08/27/2026,08:03:20:064,0.000000,0.000000,1,-112.91,-112.91,0,0,
08/27/2026,08:03:20:080,0.000000,0.000000,4,-126.68,-126.68,0,0,
08/27/2026,08:03:20:157,0.000000,0.000000,2,-128.92,-128.92,0,0,
08/27/2026,08:03:20:249,0.000000,0.000000,3,-125.62,-125.62,0,0,
08/27/2026,08:03:20:285,0.000000,0.000000,1,-111.45,-111.45,0,0,
08/27/2026,08:03:20:299,0.000000,0.000000,4,-125.4,-125.4,0,0,
08/27/2026,08:03:20:417,0.000000,0.000000,2,-128.13,-128.13,0,0,
08/27/2026,08:03:20:540,0.000000,0.000000,3,-128.53,-128.53,0,0,
08/27/2026,08:03:20:545,0.000000,0.000000,1,-108.7,-108.7,0,0,
08/27/2026,08:03:20:575,0.000000,0.000000,4,-126.73,-126.73,0,0,
08/27/2026,08:03:20:674,0.000000,0.000000,2,-128.11,-128.11,0,0,
08/27/2026,08:03:20:824,0.000000,0.000000,3,-128.75,-128.75,0,0,
08/27/2026,08:03:20:826,0.000000,0.000000,1,-103.1,-103.1,0,0,
08/27/2026,08:03:20:862,0.000000,0.000000,4,-127.11,-127.11,0,0,
08/27/2026,08:03:20:943,0.000000,0.000000,2,-126.91,-126.91,0,0,
08/27/2026,08:03:21:098,0.000000,0.000000,3,-127.35,-127.35,0,0,
08/27/2026,08:03:21:109,0.000000,0.000000,1,-114.92,-114.92,0,0,
08/27/2026,08:03:21:129,0.000000,0.000000,4,-127.77,-127.77,0,0,
08/27/2026,08:03:21:216,0.000000,0.000000,2,-124.43,-124.43,0,0,
08/27/2026,08:03:21:359,0.000000,0.000000,3,-126.91,-126.91,0,0,
08/27/2026,08:03:21:373,0.000000,0.000000,1,-109.93,-109.93,0,0,
08/27/2026,08:03:21:417,0.000000,0.000000,4,-124.97,-124.97,0,0,
08/27/2026,08:03:21:533,0.000000,0.000000,2,-125.92,-125.92,0,0,
08/27/2026,08:03:21:630,0.000000,0.000000,3,-125.96,-125.96,0,0,
08/27/2026,08:03:21:676,0.000000,0.000000,1,-102.99,-102.99,0,0,
08/27/2026,08:03:21:685,0.000000,0.000000,4,-124.78,-124.78,0,0,
08/27/2026,08:03:21:772,0.000000,0.000000,2,-124.09,-124.09,0,0,
08/27/2026,08:03:21:909,0.000000,0.000000,3,-127.86,-127.86,0,0,
08/27/2026,08:03:21:937,0.000000,0.000000,1,-108.23,-108.23,0,0,
08/27/2026,08:03:21:961,0.000000,0.000000,4,-127.32,-127.32,0,0,
08/27/2026,08:03:22:059,0.000000,0.000000,2,-127.33,-127.33,0,0,
08/27/2026,08:03:22:182,0.000000,0.000000,3,-126.15,-126.15,0,0,
08/27/2026,08:03:22:218,0.000000,0.000000,1,-100.8,-100.8,0,0,
08/27/2026,08:03:22:237,0.000000,0.000000,4,-128.08,-128.08,0,0,
08/27/2026,08:03:22:332,0.000000,0.000000,2,-126.23,-126.23,0,0,
08/27/2026,08:03:22:486,0.000000,0.000000,3,-117.48,-117.48,0,0,
08/27/2026,08:03:22:488,0.000000,0.000000,1,-110.69,-110.69,0,0,
08/27/2026,08:03:22:521,0.000000,0.000000,4,-126.45,-126.45,0,0,
08/27/2026,08:03:22:607,0.000000,0.000000,2,-125.42,-125.42,0,0,
08/27/2026,08:03:22:737,0.000000,0.000000,3,-127.45,-127.45,0,0,
08/27/2026,08:03:22:756,0.000000,0.000000,1,-103.65,-103.65,0,0,
08/27/2026,08:03:22:802,0.000000,0.000000,4,-123.57,-123.57,0,0,
08/27/2026,08:03:22:877,0.000000,0.000000,2,-125.36,-125.36,0,0,
08/27/2026,08:03:23:016,0.000000,0.000000,3,-126.81,-126.81,0,0,
08/27/2026,08:03:23:030,0.000000,0.000000,1,-109.01,-109.01,0,0,
08/27/2026,08:03:23:064,0.000000,0.000000,4,-128.1,-128.1,0,0,
08/27/2026,08:03:23:166,0.000000,0.000000,2,-127.82,-127.82,0,0,
08/27/2026,08:03:23:338,0.000000,0.000000,3,-127.2,-127.2,0,0,
08/27/2026,08:03:23:346,0.000000,0.000000,1,-108.6,-108.6,0,0,
08/27/2026,08:03:23:376,0.000000,0.000000,4,-125.92,-125.92,0,0,
08/27/2026,08:03:23:429,0.000000,0.000000,2,-127.1,-127.1,0,0,
08/27/2026,08:03:23:585,0.000000,0.000000,3,-127.22,-127.22,0,0,
08/27/2026,08:03:23:588,0.000000,0.000000,1,-100.98,-100.98,0,0,
08/27/2026,08:03:23:621,0.000000,0.000000,4,-124.53,-124.53,0,0,
08/27/2026,08:03:23:703,0.000000,0.000000,2,-128.07,-128.07,0,0,
08/27/2026,08:03:23:874,0.000000,0.000000,3,-126.73,-126.73,0,0,
08/27/2026,08:03:23:887,0.000000,0.000000,1,-112.44,-112.44,0,0,
08/27/2026,08:03:23:894,0.000000,0.000000,4,-124.03,-124.03,0,0,
08/27/2026,08:03:23:992,0.000000,0.000000,2,-126.5,-126.5,0,0,
08/27/2026,08:03:24:118,0.000000,0.000000,3,-127.65,-127.65,0,0,
08/27/2026,08:03:24:140,0.000000,0.000000,1,-108.14,-108.14,0,0,
08/27/2026,08:03:24:175,0.000000,0.000000,4,-125.11,-125.11,0,0,
08/27/2026,08:03:24:260,0.000000,0.000000,2,-127.6,-127.6,0,0,
08/27/2026,08:03:24:478,0.000000,0.000000,3,-125.04,-125.04,0,0,
08/27/2026,08:03:24:481,0.000000,0.000000,1,-110.34,-110.34,0,0,
08/27/2026,08:03:24:498,0.000000,0.000000,4,-126.26,-126.26,0,0,
08/27/2026,08:03:24:543,0.000000,0.000000,2,-127.57,-127.57,0,0,
08/27/2026,08:03:24:680,0.000000,0.000000,3,-126.82,-126.82,0,0,
08/27/2026,08:03:24:688,0.000000,0.000000,1,-107.68,-107.68,0,0,
08/27/2026,08:03:24:738,0.000000,0.000000,4,-126.93,-126.93,0,0,
08/27/2026,08:03:24:809,0.000000,0.000000,2,-126.57,-126.57,0,0,
08/27/2026,08:03:24:947,0.000000,0.000000,3,-126.19,-126.19,0,0,
08/27/2026,08:03:24:965,0.000000,0.000000,1,-108.61,-108.61,0,0,
08/27/2026,08:03:24:999,0.000000,0.000000,4,-127.02,-127.02,0,0,
08/27/2026,08:03:25:094,0.000000,0.000000,2,-127.16,-127.16,0,0,
08/27/2026,08:03:25:250,0.000000,0.000000,3,-127.52,-127.52,0,0,
08/27/2026,08:03:25:253,0.000000,0.000000,1,-112.89,-112.89,0,0,
08/27/2026,08:03:25:292,0.000000,0.000000,4,-125.78,-125.78,0,0,
08/27/2026,08:03:25:384,0.000000,0.000000,2,-127.13,-127.13,0,0,
08/27/2026,08:03:25:524,0.000000,0.000000,3,-111.13,-111.13,0,0,
08/27/2026,08:03:25:527,0.000000,0.000000,1,-106.42,-106.42,0,0,
08/27/2026,08:03:25:555,0.000000,0.000000,4,-127.74,-127.74,0,0,
08/27/2026,08:03:25:655,0.000000,0.000000,2,-128.6,-128.6,0,0,
08/27/2026,08:03:25:780,0.000000,0.000000,3,-125.99,-125.99,0,0,
08/27/2026,08:03:25:794,0.000000,0.000000,1,-107.4,-107.4,0,0,
08/27/2026,08:03:25:826,0.000000,0.000000,4,-126.01,-126.01,0,0,
08/27/2026,08:03:25:927,0.000000,0.000000,2,-129.12,-129.12,0,0,
08/27/2026,08:03:26:054,0.000000,0.000000,3,-128.05,-128.05,0,0,
08/27/2026,08:03:26:085,0.000000,0.000000,1,-107.7,-107.7,0,0,
08/27/2026,08:03:26:102,0.000000,0.000000,4,-125.09,-125.09,0,0,
08/27/2026,08:03:26:190,0.000000,0.000000,2,-126.56,-126.56,0,0,
08/27/2026,08:03:26:331,0.000000,0.000000,3,-127.34,-127.34,0,0,
08/27/2026,08:03:26:344,0.000000,0.000000,1,-104.05,-104.05,0,0,
08/27/2026,08:03:26:378,0.000000,0.000000,4,-127.57,-127.57,0,0,
08/27/2026,08:03:26:466,0.000000,0.000000,2,-127.8,-127.8,0,0,
08/27/2026,08:03:26:612,0.000000,0.000000,3,-126.65,-126.65,0,0,
08/27/2026,08:03:26:622,0.000000,0.000000,1,-116.83,-116.83,0,0,
08/27/2026,08:03:26:658,0.000000,0.000000,4,-126.19,-126.19,0,0,
08/27/2026,08:03:26:743,0.000000,0.000000,2,-126.89,-126.89,0,0,
08/27/2026,08:03:26:886,0.000000,0.000000,3,-127.89,-127.89,0,0,
08/27/2026,08:03:26:900,0.000000,0.000000,1,-115.49,-115.49,0,0,
08/27/2026,08:03:26:933,0.000000,0.000000,4,-126.15,-126.15,0,0,
08/27/2026,08:03:27:041,0.000000,0.000000,2,-126.25,-126.25,0,0,
08/27/2026,08:03:27:165,0.000000,0.000000,3,-125.74,-125.74,0,0,
08/27/2026,08:03:27:175,0.000000,0.000000,1,-100.95,-100.95,0,0,
08/27/2026,08:03:27:225,0.000000,0.000000,4,-126.25,-126.25,0,0,
08/27/2026,08:03:27:349,0.000000,0.000000,2,-125.7,-125.7,0,0,
08/27/2026,08:03:27:498,0.000000,0.000000,3,-128.2,-128.2,0,0,
08/27/2026,08:03:27:534,0.000000,0.000000,1,-105.08,-105.08,0,0,
08/27/2026,08:03:27:607,0.000000,0.000000,4,-126.98,-126.98,0,0,
08/27/2026,08:03:27:642,0.000000,0.000000,2,-126.92,-126.92,0,0,
08/27/2026,08:03:27:735,0.000000,0.000000,3,-127.69,-127.69,0,0,
08/27/2026,08:03:27:739,0.000000,0.000000,1,-114.05,-114.05,0,0,
08/27/2026,08:03:27:765,0.000000,0.000000,4,-125.93,-125.93,0,0,
08/27/2026,08:03:27:876,0.000000,0.000000,2,-127.17,-127.17,0,0,
08/27/2026,08:03:27:985,0.000000,0.000000,3,-127.21,-127.21,0,0,
08/27/2026,08:03:28:005,0.000000,0.000000,1,-105.5,-105.5,0,0,
08/27/2026,08:03:28:045,0.000000,0.000000,4,-127.46,-127.46,0,0,
08/27/2026,08:03:28:130,0.000000,0.000000,2,-126.1,-126.1,0,0,
08/27/2026,08:03:28:266,0.000000,0.000000,3,-124.81,-124.81,0,0,
08/27/2026,08:03:28:280,0.000000,0.000000,1,-109.11,-109.11,0,0,
08/27/2026,08:03:28:316,0.000000,0.000000,4,-127.55,-127.55,0,0,
08/27/2026,08:03:28:401,0.000000,0.000000,2,-126.47,-126.47,0,0,
08/27/2026,08:03:28:548,0.000000,0.000000,3,-114.36,-114.36,0,0,
08/27/2026,08:03:28:556,0.000000,0.000000,1,-107.95,-107.95,0,0,
08/27/2026,08:03:28:589,0.000000,0.000000,4,-102.65,-102.65,0,0,
08/27/2026,08:03:28:715,0.000000,0.000000,2,-127.91,-127.91,0,0,
08/27/2026,08:03:28:823,0.000000,0.000000,3,-126.73,-126.73,0,0,
08/27/2026,08:03:28:836,0.000000,0.000000,1,-101.82,-101.82,0,0,
08/27/2026,08:03:28:879,0.000000,0.000000,4,-125.07,-125.07,0,0,
08/27/2026,08:03:28:964,0.000000,0.000000,2,-128.15,-128.15,0,0,
08/27/2026,08:03:29:094,0.000000,0.000000,3,-125.52,-125.52,0,0,
08/27/2026,08:03:29:131,0.000000,0.000000,1,-106.28,-106.28,0,0,
08/27/2026,08:03:29:174,0.000000,0.000000,4,-126.15,-126.15,0,0,
08/27/2026,08:03:29:257,0.000000,0.000000,2,-127.72,-127.72,0,0,
08/27/2026,08:03:29:376,0.000000,0.000000,3,-127.77,-127.77,0,0,
08/27/2026,08:03:29:386,0.000000,0.000000,1,-104.35,-104.35,0,0,
08/27/2026,08:03:29:428,0.000000,0.000000,4,-126.45,-126.45,0,0,
08/27/2026,08:03:29:604,0.000000,0.000000,2,-126.22,-126.22,0,0,
08/27/2026,08:03:29:651,0.000000,0.000000,3,-128.02,-128.02,0,0,
08/27/2026,08:03:29:664,0.000000,0.000000,1,-103.94,-103.94,0,0,
08/27/2026,08:03:29:706,0.000000,0.000000,4,-124.56,-124.56,0,0,
08/27/2026,08:03:29:786,0.000000,0.000000,2,-127.86,-127.86,0,0,
08/27/2026,08:03:29:923,0.000000,0.000000,3,-126.53,-126.53,0,0,
08/27/2026,08:03:29:945,0.000000,0.000000,1,-103.14,-103.14,0,0,
08/27/2026,08:03:29:984,0.000000,0.000000,4,-124.78,-124.78,0,0,
08/27/2026,08:03:30:089,0.000000,0.000000,2,-125.5,-125.5,0,0,
08/27/2026,08:03:30:213,0.000000,0.000000,3,-127.58,-127.58,0,0,
08/27/2026,08:03:30:222,0.000000,0.000000,1,-105.66,-105.66,0,0,
08/27/2026,08:03:30:253,0.000000,0.000000,4,-124.8,-124.8,0,0,
08/27/2026,08:03:30:339,0.000000,0.000000,2,-126.16,-126.16,0,0,
08/27/2026,08:03:30:481,0.000000,0.000000,3,-127.44,-127.44,0,0,
08/27/2026,08:03:30:491,0.000000,0.000000,1,-108.9,-108.9,0,0,
08/27/2026,08:03:30:537,0.000000,0.000000,4,-124.13,-124.13,0,0,
08/27/2026,08:03:30:613,0.000000,0.000000,2,-121.66,-121.66,0,0,
08/27/2026,08:03:30:757,0.000000,0.000000,3,-127.05,-127.05,0,0,
08/27/2026,08:03:30:783,0.000000,0.000000,1,-103.88,-103.88,0,0,
08/27/2026,08:03:30:810,0.000000,0.000000,4,-126.28,-126.28,0,0,
08/27/2026,08:03:30:889,0.000000,0.000000,2,-126.62,-126.62,0,0,
08/27/2026,08:03:31:034,0.000000,0.000000,3,-125.25,-125.25,0,0,
08/27/2026,08:03:31:044,0.000000,0.000000,1,-105.54,-105.54,0,0,
08/27/2026,08:03:31:093,0.000000,0.000000,4,-127.63,-127.63,0,0,
08/27/2026,08:03:31:186,0.000000,0.000000,2,-125.88,-125.88,0,0,
08/27/2026,08:03:31:303,0.000000,0.000000,3,-125.05,-125.05,0,0,
08/27/2026,08:03:31:321,0.000000,0.000000,1,-109.28,-109.28,0,0,
08/27/2026,08:03:31:363,0.000000,0.000000,4,-127.54,-127.54,0,0,
08/27/2026,08:03:31:440,0.000000,0.000000,2,-124.88,-124.88,0,0,
08/27/2026,08:03:31:584,0.000000,0.000000,3,-124.54,-124.54,0,0,
08/27/2026,08:03:31:600,0.000000,0.000000,1,-106.81,-106.81,0,0,
08/27/2026,08:03:31:641,0.000000,0.000000,4,-126.86,-126.86,0,0,
08/27/2026,08:03:31:726,0.000000,0.000000,2,-119.15,-119.15,0,0,
08/27/2026,08:03:31:862,0.000000,0.000000,3,-126.53,-126.53,0,0,
08/27/2026,08:03:31:874,0.000000,0.000000,1,-109.27,-109.27,0,0,
08/27/2026,08:03:31:907,0.000000,0.000000,4,-127.13,-127.13,0,0,
08/27/2026,08:03:31:995,0.000000,0.000000,2,-126.47,-126.47,0,0,
08/27/2026,08:03:32:141,0.000000,0.000000,3,-125.82,-125.82,0,0,
08/27/2026,08:03:32:153,0.000000,0.000000,1,-121.43,-121.43,0,0,
08/27/2026,08:03:32:190,0.000000,0.000000,4,-123.17,-123.17,0,0,
08/27/2026,08:03:32:277,0.000000,0.000000,2,-127.18,-127.18,0,0,
08/27/2026,08:03:32:408,0.000000,0.000000,3,-125.26,-125.26,0,0,
08/27/2026,08:03:32:431,0.000000,0.000000,1,-101.33,-101.33,0,0,
08/27/2026,08:03:32:461,0.000000,0.000000,4,-110.53,-110.53,0,0,
08/27/2026,08:03:32:566,0.000000,0.000000,2,-104.59,-104.59,0,0,
08/27/2026,08:03:32:805,0.000000,0.000000,3,-110.78,-110.78,0,0,
08/27/2026,08:03:32:808,0.000000,0.000000,1,-108.79,-108.79,0,0,
08/27/2026,08:03:32:816,0.000000,0.000000,4,-126.77,-126.77,0,0,
08/27/2026,08:03:32:927,0.000000,0.000000,2,-122.56,-122.56,0,0,
08/27/2026,08:03:33:009,0.000000,0.000000,3,-125.3,-125.3,0,0,
08/27/2026,08:03:33:012,0.000000,0.000000,1,-104.84,-104.84,0,0,
08/27/2026,08:03:33:027,0.000000,0.000000,4,-126.29,-126.29,0,0,
08/27/2026,08:03:33:107,0.000000,0.000000,2,-126.45,-126.45,0,0,
08/27/2026,08:03:33:243,0.000000,0.000000,3,-127.99,-127.99,0,0,
08/27/2026,08:03:33:255,0.000000,0.000000,1,-99.7,-99.7,0,0,
08/27/2026,08:03:33:289,0.000000,0.000000,4,-108.47,-108.47,0,0,
08/27/2026,08:03:33:389,0.000000,0.000000,2,-125.55,-125.55,0,0,
08/27/2026,08:03:33:519,0.000000,0.000000,3,-124.25,-124.25,0,0,
08/27/2026,08:03:33:541,0.000000,0.000000,1,-109.22,-109.22,0,0,
08/27/2026,08:03:33:570,0.000000,0.000000,4,-124.74,-124.74,0,0,
08/27/2026,08:03:33:653,0.000000,0.000000,2,-126.7,-126.7,0,0,
08/27/2026,08:03:33:792,0.000000,0.000000,3,-125.91,-125.91,0,0,
08/27/2026,08:03:33:817,0.000000,0.000000,1,-113.46,-113.46,0,0,
08/27/2026,08:03:33:856,0.000000,0.000000,4,-126.39,-126.39,0,0,
08/27/2026,08:03:33:933,0.000000,0.000000,2,-127.32,-127.32,0,0,
08/27/2026,08:03:34:078,0.000000,0.000000,3,-126.29,-126.29,0,0,
08/27/2026,08:03:34:088,0.000000,0.000000,1,-108.49,-108.49,0,0,
08/27/2026,08:03:34:130,0.000000,0.000000,4,-125.76,-125.76,0,0,
08/27/2026,08:03:34:209,0.000000,0.000000,2,-124.71,-124.71,0,0,
08/27/2026,08:03:34:381,0.000000,0.000000,3,-126.45,-126.45,0,0,
08/27/2026,08:03:34:386,0.000000,0.000000,1,-105.43,-105.43,0,0,
08/27/2026,08:03:34:404,0.000000,0.000000,4,-127.78,-127.78,0,0,
08/27/2026,08:03:34:538,0.000000,0.000000,2,-125.74,-125.74,0,0,
08/27/2026,08:03:34:770,0.000000,0.000000,3,-119.5,-119.5,0,0,
08/27/2026,08:03:34:771,0.000000,0.000000,1,-108.49,-108.49,0,0,
08/27/2026,08:03:34:794,0.000000,0.000000,4,-126.61,-126.61,0,0,
08/27/2026,08:03:34:820,0.000000,0.000000,2,-124.81,-124.81,0,0,
08/27/2026,08:03:34:928,0.000000,0.000000,3,-126.09,-126.09,0,0,
08/27/2026,08:03:34:936,0.000000,0.000000,1,-102.83,-102.83,0,0,
08/27/2026,08:03:34:956,0.000000,0.000000,4,-125.51,-125.51,0,0,
08/27/2026,08:03:35:053,0.000000,0.000000,2,-126.3,-126.3,0,0,
08/27/2026,08:03:35:173,0.000000,0.000000,3,-124.2,-124.2,0,0,
08/27/2026,08:03:35:201,0.000000,0.000000,1,-105.28,-105.28,0,0,
08/27/2026,08:03:35:235,0.000000,0.000000,4,-127.31,-127.31,0,0,
08/27/2026,08:03:35:310,0.000000,0.000000,2,-124.4,-124.4,0,0,
08/27/2026,08:03:35:455,0.000000,0.000000,3,-124.87,-124.87,0,0,
08/27/2026,08:03:35:479,0.000000,0.000000,1,-102.74,-102.74,0,0,
08/27/2026,08:03:35:517,0.000000,0.000000,4,-124.6,-124.6,0,0,
08/27/2026,08:03:35:597,0.000000,0.000000,2,-123.96,-123.96,0,0,
08/27/2026,08:03:35:726,0.000000,0.000000,3,-125.47,-125.47,0,0,
08/27/2026,08:03:35:753,0.000000,0.000000,1,-110.49,-110.49,0,0,
08/27/2026,08:03:35:781,0.000000,0.000000,4,-123.3,-123.3,0,0,
08/27/2026,08:03:35:868,0.000000,0.000000,2,-125.25,-125.25,0,0,
08/27/2026,08:03:36:010,0.000000,0.000000,3,-126.34,-126.34,0,0,
08/27/2026,08:03:36:022,0.000000,0.000000,1,-108.12,-108.12,0,0,
08/27/2026,08:03:36:057,0.000000,0.000000,4,-126.15,-126.15,0,0,
08/27/2026,08:03:36:145,0.000000,0.000000,2,-126.9,-126.9,0,0,
08/27/2026,08:03:36:278,0.000000,0.000000,3,-125.69,-125.69,0,0,
08/27/2026,08:03:36:296,0.000000,0.000000,1,-99,-99,0,0,
08/27/2026,08:03:36:331,0.000000,0.000000,4,-127.03,-127.03,0,0,
08/27/2026,08:03:36:443,0.000000,0.000000,2,-125.7,-125.7,0,0,
08/27/2026,08:03:36:662,0.000000,0.000000,3,-125.22,-125.22,0,0,
08/27/2026,08:03:36:663,0.000000,0.000000,1,-104.48,-104.48,0,0,
08/27/2026,08:03:36:669,0.000000,0.000000,4,-127.02,-127.02,0,0,
08/27/2026,08:03:36:745,0.000000,0.000000,2,-124.53,-124.53,0,0,
08/27/2026,08:03:36:835,0.000000,0.000000,3,-127.82,-127.82,0,0,
08/27/2026,08:03:36:856,0.000000,0.000000,1,-104.45,-104.45,0,0,
08/27/2026,08:03:36:886,0.000000,0.000000,4,-127.32,-127.32,0,0,
08/27/2026,08:03:36:987,0.000000,0.000000,2,-126.97,-126.97,0,0,
08/27/2026,08:03:37:113,0.000000,0.000000,3,-125.9,-125.9,0,0,
08/27/2026,08:03:37:164,0.000000,0.000000,1,-105.79,-105.79,0,0,
08/27/2026,08:03:37:218,0.000000,0.000000,4,-126.87,-126.87,0,0,
08/27/2026,08:03:37:286,0.000000,0.000000,2,-128.87,-128.87,0,0,
08/27/2026,08:03:37:401,0.000000,0.000000,3,-126.21,-126.21,0,0,
08/27/2026,08:03:37:404,0.000000,0.000000,1,-104.27,-104.27,0,0,
08/27/2026,08:03:37:434,0.000000,0.000000,4,-126.37,-126.37,0,0,
08/27/2026,08:03:37:524,0.000000,0.000000,2,-124.66,-124.66,0,0,
08/27/2026,08:03:37:660,0.000000,0.000000,3,-123.48,-123.48,0,0,
08/27/2026,08:03:37:687,0.000000,0.000000,1,-108.62,-108.62,0,0,
08/27/2026,08:03:37:716,0.000000,0.000000,4,-125.58,-125.58,0,0,
08/27/2026,08:03:37:800,0.000000,0.000000,2,-127.68,-127.68,0,0,
08/27/2026,08:03:37:963,0.000000,0.000000,3,-126.4,-126.4,0,0,
08/27/2026,08:03:37:975,0.000000,0.000000,1,-99.5,-99.5,0,0,
08/27/2026,08:03:37:993,0.000000,0.000000,4,-127.69,-127.69,0,0,
08/27/2026,08:03:38:080,0.000000,0.000000,2,-127.62,-127.62,0,0,
08/27/2026,08:03:38:224,0.000000,0.000000,3,-127.75,-127.75,0,0,
08/27/2026,08:03:38:229,0.000000,0.000000,1,-101.27,-101.27,0,0,
08/27/2026,08:03:38:270,0.000000,0.000000,4,-127.23,-127.23,0,0,
08/27/2026,08:03:38:361,0.000000,0.000000,2,-127.27,-127.27,0,0,
08/27/2026,08:03:38:499,0.000000,0.000000,3,-125.59,-125.59,0,0,
08/27/2026,08:03:38:535,0.000000,0.000000,1,-105.22,-105.22,0,0,
08/27/2026,08:03:38:585,0.000000,0.000000,4,-125.14,-125.14,0,0,
08/27/2026,08:03:38:658,0.000000,0.000000,2,-126.94,-126.94,0,0,
08/27/2026,08:03:38:764,0.000000,0.000000,3,-125.7,-125.7,0,0,
08/27/2026,08:03:38:786,0.000000,0.000000,1,-109.13,-109.13,0,0,
08/27/2026,08:03:38:823,0.000000,0.000000,4,-126.96,-126.96,0,0,
08/27/2026,08:03:38:916,0.000000,0.000000,2,-126.89,-126.89,0,0,
08/27/2026,08:03:39:044,0.000000,0.000000,3,-125.68,-125.68,0,0,
08/27/2026,08:03:39:069,0.000000,0.000000,1,-101.29,-101.29,0,0,
08/27/2026,08:03:39:122,0.000000,0.000000,4,-127.29,-127.29,0,0,
08/27/2026,08:03:39:194,0.000000,0.000000,2,-126.51,-126.51,0,0,
08/27/2026,08:03:39:317,0.000000,0.000000,3,-128.08,-128.08,0,0,
08/27/2026,08:03:39:335,0.000000,0.000000,1,-108.37,-108.37,0,0,
08/27/2026,08:03:39:394,0.000000,0.000000,4,-128.44,-128.44,0,0,
08/27/2026,08:03:39:466,0.000000,0.000000,2,-126.3,-126.3,0,0,
08/27/2026,08:03:39:604,0.000000,0.000000,3,-128.22,-128.22,0,0,
08/27/2026,08:03:39:612,0.000000,0.000000,1,-103.9,-103.9,0,0,
08/27/2026,08:03:39:649,0.000000,0.000000,4,-127.18,-127.18,0,0,
08/27/2026,08:03:39:734,0.000000,0.000000,2,-125.15,-125.15,0,0,
08/27/2026,08:03:39:958,0.000000,0.000000,3,-125.95,-125.95,0,0,
08/27/2026,08:03:39:961,0.000000,0.000000,1,-104.17,-104.17,0,0,
08/27/2026,08:03:39:974,0.000000,0.000000,4,-127.72,-127.72,0,0,
08/27/2026,08:03:40:036,0.000000,0.000000,2,-127.91,-127.91,0,0,
08/27/2026,08:03:40:165,0.000000,0.000000,3,-126.24,-126.24,0,0,
08/27/2026,08:03:40:180,0.000000,0.000000,1,-109.32,-109.32,0,0,
08/27/2026,08:03:40:242,0.000000,0.000000,4,-126,-126,0,0,
08/27/2026,08:03:40:321,0.000000,0.000000,2,-123.48,-123.48,0,0,
08/27/2026,08:03:40:445,0.000000,0.000000,3,-121.1,-121.1,0,0,
08/27/2026,08:03:40:449,0.000000,0.000000,1,-97.49,-97.49,0,0,
08/27/2026,08:03:40:484,0.000000,0.000000,4,-127.17,-127.17,0,0,
08/27/2026,08:03:40:577,0.000000,0.000000,2,-126.72,-126.72,0,0,
08/27/2026,08:03:40:716,0.000000,0.000000,3,-125.89,-125.89,0,0,
08/27/2026,08:03:40:734,0.000000,0.000000,1,-104.74,-104.74,0,0,
08/27/2026,08:03:40:767,0.000000,0.000000,4,-125.49,-125.49,0,0,
08/27/2026,08:03:40:860,0.000000,0.000000,2,-125.95,-125.95,0,0,
08/27/2026,08:03:40:988,0.000000,0.000000,3,-126.1,-126.1,0,0,
08/27/2026,08:03:41:021,0.000000,0.000000,1,-99.61,-99.61,0,0,
08/27/2026,08:03:41:038,0.000000,0.000000,4,-125.74,-125.74,0,0,
08/27/2026,08:03:41:128,0.000000,0.000000,2,-125.55,-125.55,0,0,
08/27/2026,08:03:41:268,0.000000,0.000000,3,-126.53,-126.53,0,0,
08/27/2026,08:03:41:292,0.000000,0.000000,1,-101.11,-101.11,0,0,
08/27/2026,08:03:41:328,0.000000,0.000000,4,-125.68,-125.68,0,0,
08/27/2026,08:03:41:405,0.000000,0.000000,2,-123.99,-123.99,0,0,
08/27/2026,08:03:41:540,0.000000,0.000000,3,-125.64,-125.64,0,0,
08/27/2026,08:03:41:558,0.000000,0.000000,1,-98.01,-98.01,0,0,
08/27/2026,08:03:41:589,0.000000,0.000000,4,-127.88,-127.88,0,0,
08/27/2026,08:03:41:725,0.000000,0.000000,2,-125.22,-125.22,0,0,
08/27/2026,08:03:41:814,0.000000,0.000000,3,-125.23,-125.23,0,0,
08/27/2026,08:03:41:839,0.000000,0.000000,1,-113.28,-113.28,0,0,
08/27/2026,08:03:41:868,0.000000,0.000000,4,-127.07,-127.07,0,0,
08/27/2026,08:03:41:955,0.000000,0.000000,2,-126.61,-126.61,0,0,
08/27/2026,08:03:42:101,0.000000,0.000000,3,-126,-126,0,0,
08/27/2026,08:03:42:108,0.000000,0.000000,1,-106.03,-106.03,0,0,
08/27/2026,08:03:42:173,0.000000,0.000000,4,-126.2,-126.2,0,0,
08/27/2026,08:03:42:233,0.000000,0.000000,2,-126.56,-126.56,0,0,
08/27/2026,08:03:42:391,0.000000,0.000000,3,-125.39,-125.39,0,0,
08/27/2026,08:03:42:395,0.000000,0.000000,1,-103.35,-103.35,0,0,
08/27/2026,08:03:42:418,0.000000,0.000000,4,-126.09,-126.09,0,0,
08/27/2026,08:03:42:508,0.000000,0.000000,2,-126.05,-126.05,0,0,
08/27/2026,08:03:42:652,0.000000,0.000000,3,-128.44,-128.44,0,0,
08/27/2026,08:03:42:669,0.000000,0.000000,1,-104.1,-104.1,0,0,
08/27/2026,08:03:42:705,0.000000,0.000000,4,-125.13,-125.13,0,0,
08/27/2026,08:03:42:787,0.000000,0.000000,2,-126.73,-126.73,0,0,
08/27/2026,08:03:42:953,0.000000,0.000000,3,-125.97,-125.97,0,0,
08/27/2026,08:03:42:954,0.000000,0.000000,1,-108.01,-108.01,0,0,
08/27/2026,08:03:42:985,0.000000,0.000000,4,-124.72,-124.72,0,0,
08/27/2026,08:03:43:086,0.000000,0.000000,2,-125.63,-125.63,0,0,
08/27/2026,08:03:43:212,0.000000,0.000000,3,-127.51,-127.51,0,0,
08/27/2026,08:03:43:234,0.000000,0.000000,1,-103.41,-103.41,0,0,
08/27/2026,08:03:43:266,0.000000,0.000000,4,-113.64,-113.64,0,0,
08/27/2026,08:03:43:348,0.000000,0.000000,2,-127.11,-127.11,0,0,
08/27/2026,08:03:43:485,0.000000,0.000000,3,-127.73,-127.73,0,0,
08/27/2026,08:03:43:503,0.000000,0.000000,1,-104.63,-104.63,0,0,
08/27/2026,08:03:43:538,0.000000,0.000000,4,-125.57,-125.57,0,0,
08/27/2026,08:03:43:624,0.000000,0.000000,2,-127.65,-127.65,0,0,
08/27/2026,08:03:43:760,0.000000,0.000000,3,-126.01,-126.01,0,0,
08/27/2026,08:03:43:787,0.000000,0.000000,1,-105.06,-105.06,0,0,
08/27/2026,08:03:43:816,0.000000,0.000000,4,-126.75,-126.75,0,0,
08/27/2026,08:03:43:906,0.000000,0.000000,2,-122.69,-122.69,0,0,
08/27/2026,08:03:44:070,0.000000,0.000000,3,-127.71,-127.71,0,0,
08/27/2026,08:03:44:116,0.000000,0.000000,1,-100.13,-100.13,0,0,
08/27/2026,08:03:44:151,0.000000,0.000000,4,-125.18,-125.18,0,0,
08/27/2026,08:03:44:248,0.000000,0.000000,2,-125.74,-125.74,0,0,
08/27/2026,08:03:44:316,0.000000,0.000000,3,-127.36,-127.36,0,0,
08/27/2026,08:03:44:374,0.000000,0.000000,1,-110.52,-110.52,0,0,
08/27/2026,08:03:44:398,0.000000,0.000000,4,-127.75,-127.75,0,0,
08/27/2026,08:03:44:457,0.000000,0.000000,2,-125.35,-125.35,0,0,
08/27/2026,08:03:44:599,0.000000,0.000000,3,-126.31,-126.31,0,0,
08/27/2026,08:03:44:616,0.000000,0.000000,1,-105.63,-105.63,0,0,
08/27/2026,08:03:44:642,0.000000,0.000000,4,-125.98,-125.98,0,0,
08/27/2026,08:03:44:739,0.000000,0.000000,2,-126.79,-126.79,0,0,
08/27/2026,08:03:44:865,0.000000,0.000000,3,-125.67,-125.67,0,0,
08/27/2026,08:03:44:903,0.000000,0.000000,1,-104.04,-104.04,0,0,
08/27/2026,08:03:45:032,0.000000,0.000000,4,-124.14,-124.14,0,0,
08/27/2026,08:03:45:057,0.000000,0.000000,2,-127.1,-127.1,0,0,
08/27/2026,08:03:45:146,0.000000,0.000000,3,-125.51,-125.51,0,0,
08/27/2026,08:03:45:159,0.000000,0.000000,1,-103.47,-103.47,0,0,
08/27/2026,08:03:45:201,0.000000,0.000000,4,-124.79,-124.79,0,0,
08/27/2026,08:03:45:283,0.000000,0.000000,2,-126.35,-126.35,0,0,
08/27/2026,08:03:45:421,0.000000,0.000000,3,-126.82,-126.82,0,0,
08/27/2026,08:03:45:452,0.000000,0.000000,1,-101.09,-101.09,0,0,
08/27/2026,08:03:45:475,0.000000,0.000000,4,-124.77,-124.77,0,0,
08/27/2026,08:03:45:557,0.000000,0.000000,2,-127.85,-127.85,0,0,
08/27/2026,08:03:45:751,0.000000,0.000000,3,-127.16,-127.16,0,0,
08/27/2026,08:03:45:781,0.000000,0.000000,1,-101.31,-101.31,0,0,
08/27/2026,08:03:45:797,0.000000,0.000000,4,-127.6,-127.6,0,0,
08/27/2026,08:03:45:885,0.000000,0.000000,2,-127.68,-127.68,0,0,
08/27/2026,08:03:45:987,0.000000,0.000000,3,-126.54,-126.54,0,0,
08/27/2026,08:03:45:990,0.000000,0.000000,1,-100.63,-100.63,0,0,
08/27/2026,08:03:46:022,0.000000,0.000000,4,-126.96,-126.96,0,0,
08/27/2026,08:03:46:119,0.000000,0.000000,2,-128.38,-128.38,0,0,
08/27/2026,08:03:46:252,0.000000,0.000000,3,-127.77,-127.77,0,0,
08/27/2026,08:03:46:266,0.000000,0.000000,1,-104.32,-104.32,0,0,
08/27/2026,08:03:46:321,0.000000,0.000000,4,-127.02,-127.02,0,0,
08/27/2026,08:03:46:395,0.000000,0.000000,2,-127.61,-127.61,0,0,
08/27/2026,08:03:46:527,0.000000,0.000000,3,-126.16,-126.16,0,0,
08/27/2026,08:03:46:544,0.000000,0.000000,1,-98.86,-98.86,0,0,
08/27/2026,08:03:46:576,0.000000,0.000000,4,-123.94,-123.94,0,0,
08/27/2026,08:03:46:664,0.000000,0.000000,2,-126.68,-126.68,0,0,
08/27/2026,08:03:46:810,0.000000,0.000000,3,-127.09,-127.09,0,0,
08/27/2026,08:03:46:821,0.000000,0.000000,1,-100.98,-100.98,0,0,
08/27/2026,08:03:46:853,0.000000,0.000000,4,-128.3,-128.3,0,0,
08/27/2026,08:03:46:958,0.000000,0.000000,2,-126.22,-126.22,0,0,
08/27/2026,08:03:47:092,0.000000,0.000000,3,-127.87,-127.87,0,0,
08/27/2026,08:03:47:099,0.000000,0.000000,1,-105.27,-105.27,0,0,
08/27/2026,08:03:47:143,0.000000,0.000000,4,-125.56,-125.56,0,0,
08/27/2026,08:03:47:218,0.000000,0.000000,2,-125.23,-125.23,0,0,
08/27/2026,08:03:47:354,0.000000,0.000000,3,-125.77,-125.77,0,0,
08/27/2026,08:03:47:372,0.000000,0.000000,1,-107.98,-107.98,0,0,
08/27/2026,08:03:47:406,0.000000,0.000000,4,-124.27,-124.27,0,0,
08/27/2026,08:03:47:493,0.000000,0.000000,2,-127.15,-127.15,0,0,
08/27/2026,08:03:47:637,0.000000,0.000000,3,-127.05,-127.05,0,0,
08/27/2026,08:03:47:676,0.000000,0.000000,1,-106.73,-106.73,0,0,
08/27/2026,08:03:47:692,0.000000,0.000000,4,-127.06,-127.06,0,0,
08/27/2026,08:03:47:770,0.000000,0.000000,2,-126.55,-126.55,0,0,
08/27/2026,08:03:47:939,0.000000,0.000000,3,-124.37,-124.37,0,0,
08/27/2026,08:03:47:950,0.000000,0.000000,1,-105.85,-105.85,0,0,
08/27/2026,08:03:47:981,0.000000,0.000000,4,-125.51,-125.51,0,0,
08/27/2026,08:03:48:043,0.000000,0.000000,2,-127.45,-127.45,0,0,
08/27/2026,08:03:48:220,0.000000,0.000000,3,-125.98,-125.98,0,0,
08/27/2026,08:03:48:224,0.000000,0.000000,1,-101.04,-101.04,0,0,
08/27/2026,08:03:48:242,0.000000,0.000000,4,-125.58,-125.58,0,0,
08/27/2026,08:03:48:327,0.000000,0.000000,2,-126.47,-126.47,0,0,
08/27/2026,08:03:48:496,0.000000,0.000000,3,-125.97,-125.97,0,0,
08/27/2026,08:03:48:498,0.000000,0.000000,1,-109.34,-109.34,0,0,
08/27/2026,08:03:48:515,0.000000,0.000000,4,-126.26,-126.26,0,0,
08/27/2026,08:03:48:596,0.000000,0.000000,2,-125.22,-125.22,0,0,
08/27/2026,08:03:48:739,0.000000,0.000000,3,-127.13,-127.13,0,0,
08/27/2026,08:03:48:765,0.000000,0.000000,1,-106.44,-106.44,0,0,
08/27/2026,08:03:48:790,0.000000,0.000000,4,-128.12,-128.12,0,0,
08/27/2026,08:03:48:873,0.000000,0.000000,2,-126.45,-126.45,0,0,
08/27/2026,08:03:49:021,0.000000,0.000000,3,-127.93,-127.93,0,0,
08/27/2026,08:03:49:038,0.000000,0.000000,1,-108.23,-108.23,0,0,
08/27/2026,08:03:49:066,0.000000,0.000000,4,-126.08,-126.08,0,0,
08/27/2026,08:03:49:152,0.000000,0.000000,2,-126.18,-126.18,0,0,
08/27/2026,08:03:49:288,0.000000,0.000000,3,-127.05,-127.05,0,0,
08/27/2026,08:03:49:313,0.000000,0.000000,1,-99.46,-99.46,0,0,
08/27/2026,08:03:49:361,0.000000,0.000000,4,-125.34,-125.34,0,0,
08/27/2026,08:03:49:426,0.000000,0.000000,2,-126.83,-126.83,0,0,
08/27/2026,08:03:49:576,0.000000,0.000000,3,-127.42,-127.42,0,0,
08/27/2026,08:03:49:581,0.000000,0.000000,1,-101.55,-101.55,0,0,
08/27/2026,08:03:49:623,0.000000,0.000000,4,-125.04,-125.04,0,0,
08/27/2026,08:03:49:761,0.000000,0.000000,2,-127.81,-127.81,0,0,
08/27/2026,08:03:49:929,0.000000,0.000000,3,-126.18,-126.18,0,0,
08/27/2026,08:03:49:941,0.000000,0.000000,1,-96.42,-96.42,0,0,
08/27/2026,08:03:49:956,0.000000,0.000000,4,-123,-123,0,0,
08/27/2026,08:03:49:985,0.000000,0.000000,2,-126.55,-126.55,0,0,
08/27/2026,08:03:50:184,0.000000,0.000000,3,-98.57,-98.57,0,0,
08/27/2026,08:03:50:187,0.000000,0.000000,1,-95.81,-95.81,0,0,
08/27/2026,08:03:50:201,0.000000,0.000000,4,-122.46,-122.46,0,0,
08/27/2026,08:03:50:265,0.000000,0.000000,2,-126.91,-126.91,0,0,
08/27/2026,08:03:50:408,0.000000,0.000000,3,-125.59,-125.59,0,0,
08/27/2026,08:03:50:410,0.000000,0.000000,1,-102.93,-102.93,0,0,
08/27/2026,08:03:50:444,0.000000,0.000000,4,-124.62,-124.62,0,0,
08/27/2026,08:03:50:537,0.000000,0.000000,2,-127.2,-127.2,0,0,
08/27/2026,08:03:50:686,0.000000,0.000000,3,-126.17,-126.17,0,0,
08/27/2026,08:03:50:689,0.000000,0.000000,1,-99.17,-99.17,0,0,
08/27/2026,08:03:50:724,0.000000,0.000000,4,-126.35,-126.35,0,0,
08/27/2026,08:03:50:807,0.000000,0.000000,2,-127.59,-127.59,0,0,
08/27/2026,08:03:50:952,0.000000,0.000000,3,-125.65,-125.65,0,0,
08/27/2026,08:03:50:967,0.000000,0.000000,1,-102.22,-102.22,0,0,
08/27/2026,08:03:50:997,0.000000,0.000000,4,-125.13,-125.13,0,0,
08/27/2026,08:03:51:087,0.000000,0.000000,2,-126.92,-126.92,0,0,
08/27/2026,08:03:51:250,0.000000,0.000000,3,-127.68,-127.68,0,0,
08/27/2026,08:03:51:278,0.000000,0.000000,1,-98.22,-98.22,0,0,
08/27/2026,08:03:51:296,0.000000,0.000000,4,-126.73,-126.73,0,0,
08/27/2026,08:03:51:371,0.000000,0.000000,2,-126.89,-126.89,0,0,
08/27/2026,08:03:51:522,0.000000,0.000000,3,-127.63,-127.63,0,0,
08/27/2026,08:03:51:529,0.000000,0.000000,1,-102.14,-102.14,0,0,
08/27/2026,08:03:51:548,0.000000,0.000000,4,-126.9,-126.9,0,0,
08/27/2026,08:03:51:637,0.000000,0.000000,2,-126.8,-126.8,0,0,
08/27/2026,08:03:51:776,0.000000,0.000000,3,-125.76,-125.76,0,0,
08/27/2026,08:03:51:798,0.000000,0.000000,1,-95.03,-95.03,0,0,
08/27/2026,08:03:51:830,0.000000,0.000000,4,-125.37,-125.37,0,0,
08/27/2026,08:03:51:919,0.000000,0.000000,2,-120.43,-120.43,0,0,
08/27/2026,08:03:52:060,0.000000,0.000000,3,-120.13,-120.13,0,0,
08/27/2026,08:03:52:073,0.000000,0.000000,1,-109,-109,0,0,
08/27/2026,08:03:52:123,0.000000,0.000000,4,-126.22,-126.22,0,0,
08/27/2026,08:03:52:198,0.000000,0.000000,2,-127.08,-127.08,0,0,
08/27/2026,08:03:52:327,0.000000,0.000000,3,-125.38,-125.38,0,0,
08/27/2026,08:03:52:347,0.000000,0.000000,1,-102.36,-102.36,0,0,
08/27/2026,08:03:52:383,0.000000,0.000000,4,-124.76,-124.76,0,0,
08/27/2026,08:03:52:477,0.000000,0.000000,2,-128.01,-128.01,0,0,
08/27/2026,08:03:52:604,0.000000,0.000000,3,-125.73,-125.73,0,0,
08/27/2026,08:03:52:633,0.000000,0.000000,1,-96.58,-96.58,0,0,
08/27/2026,08:03:52:668,0.000000,0.000000,4,-124.52,-124.52,0,0,
08/27/2026,08:03:52:746,0.000000,0.000000,2,-127.46,-127.46,0,0,
08/27/2026,08:03:52:893,0.000000,0.000000,3,-126.26,-126.26,0,0,
08/27/2026,08:03:52:901,0.000000,0.000000,1,-108.32,-108.32,0,0,
08/27/2026,08:03:52:933,0.000000,0.000000,4,-127.4,-127.4,0,0,
08/27/2026,08:03:53:024,0.000000,0.000000,2,-126.74,-126.74,0,0,
08/27/2026,08:03:53:165,0.000000,0.000000,3,-125.42,-125.42,0,0,
08/27/2026,08:03:53:198,0.000000,0.000000,1,-100.96,-100.96,0,0,
08/27/2026,08:03:53:239,0.000000,0.000000,4,-126.47,-126.47,0,0,
08/27/2026,08:03:53:330,0.000000,0.000000,2,-126.74,-126.74,0,0,
08/27/2026,08:03:53:448,0.000000,0.000000,3,-119.89,-119.89,0,0,
08/27/2026,08:03:53:497,0.000000,0.000000,1,-106.46,-106.46,0,0,
08/27/2026,08:03:53:501,0.000000,0.000000,4,-121.03,-121.03,0,0,
08/27/2026,08:03:53:588,0.000000,0.000000,2,-126.55,-126.55,0,0,
08/27/2026,08:03:53:725,0.000000,0.000000,3,-126.09,-126.09,0,0,
08/27/2026,08:03:53:738,0.000000,0.000000,1,-99.36,-99.36,0,0,
08/27/2026,08:03:53:772,0.000000,0.000000,4,-127.26,-127.26,0,0,
08/27/2026,08:03:53:868,0.000000,0.000000,2,-127.56,-127.56,0,0,
08/27/2026,08:03:54:013,0.000000,0.000000,3,-124.81,-124.81,0,0,
08/27/2026,08:03:54:020,0.000000,0.000000,1,-94.99,-94.99,0,0,
08/27/2026,08:03:54:083,0.000000,0.000000,4,-125.81,-125.81,0,0,
08/27/2026,08:03:54:135,0.000000,0.000000,2,-128.97,-128.97,0,0,
08/27/2026,08:03:54:282,0.000000,0.000000,3,-125.64,-125.64,0,0,
08/27/2026,08:03:54:289,0.000000,0.000000,1,-107.86,-107.86,0,0,
08/27/2026,08:03:54:335,0.000000,0.000000,4,-126.27,-126.27,0,0,
08/27/2026,08:03:54:418,0.000000,0.000000,2,-126.44,-126.44,0,0,
08/27/2026,08:03:54:557,0.000000,0.000000,3,-126.71,-126.71,0,0,
08/27/2026,08:03:54:565,0.000000,0.000000,1,-101.11,-101.11,0,0,
08/27/2026,08:03:54:611,0.000000,0.000000,4,-126.19,-126.19,0,0,
08/27/2026,08:03:54:692,0.000000,0.000000,2,-127.21,-127.21,0,0,
08/27/2026,08:03:54:859,0.000000,0.000000,3,-126.08,-126.08,0,0,
08/27/2026,08:03:54:861,0.000000,0.000000,1,-94.13,-94.13,0,0,
08/27/2026,08:03:54:880,0.000000,0.000000,4,-125.74,-125.74,0,0,
08/27/2026,08:03:54:974,0.000000,0.000000,2,-126.79,-126.79,0,0,
08/27/2026,08:03:55:105,0.000000,0.000000,3,-126.49,-126.49,0,0,
08/27/2026,08:03:55:141,0.000000,0.000000,1,-105.03,-105.03,0,0,
08/27/2026,08:03:55:178,0.000000,0.000000,4,-125.55,-125.55,0,0,
08/27/2026,08:03:55:323,0.000000,0.000000,2,-127.44,-127.44,0,0,
08/27/2026,08:03:55:406,0.000000,0.000000,3,-126.88,-126.88,0,0,
08/27/2026,08:03:55:415,0.000000,0.000000,1,-99.35,-99.35,0,0,
08/27/2026,08:03:55:482,0.000000,0.000000,4,-126.64,-126.64,0,0,
08/27/2026,08:03:55:537,0.000000,0.000000,2,-126.4,-126.4,0,0,
08/27/2026,08:03:55:680,0.000000,0.000000,3,-125.59,-125.59,0,0,
08/27/2026,08:03:55:692,0.000000,0.000000,1,-100.52,-100.52,0,0,
08/27/2026,08:03:55:726,0.000000,0.000000,4,-125.83,-125.83,0,0,
08/27/2026,08:03:55:816,0.000000,0.000000,2,-125.83,-125.83,0,0,
08/27/2026,08:03:55:951,0.000000,0.000000,3,-127.63,-127.63,0,0,
08/27/2026,08:03:55:968,0.000000,0.000000,1,-98.48,-98.48,0,0,
08/27/2026,08:03:56:002,0.000000,0.000000,4,-126.85,-126.85,0,0,
08/27/2026,08:03:56:095,0.000000,0.000000,2,-127.12,-127.12,0,0,
08/27/2026,08:03:56:228,0.000000,0.000000,3,-127.68,-127.68,0,0,
08/27/2026,08:03:56:247,0.000000,0.000000,1,-99.59,-99.59,0,0,
08/27/2026,08:03:56:279,0.000000,0.000000,4,-126.85,-126.85,0,0,
08/27/2026,08:03:56:365,0.000000,0.000000,2,-127.68,-127.68,0,0,
08/27/2026,08:03:56:505,0.000000,0.000000,3,-125.95,-125.95,0,0,
08/27/2026,08:03:56:525,0.000000,0.000000,1,-99.3,-99.3,0,0,
08/27/2026,08:03:56:564,0.000000,0.000000,4,-126.83,-126.83,0,0,
08/27/2026,08:03:56:651,0.000000,0.000000,2,-124.6,-124.6,0,0,
08/27/2026,08:03:56:801,0.000000,0.000000,3,-128.62,-128.62,0,0,
08/27/2026,08:03:56:813,0.000000,0.000000,1,-95.53,-95.53,0,0,
08/27/2026,08:03:56:847,0.000000,0.000000,4,-127.67,-127.67,0,0,
08/27/2026,08:03:56:973,0.000000,0.000000,2,-126.14,-126.14,0,0,
08/27/2026,08:03:57:241,0.000000,0.000000,3,-125.53,-125.53,0,0,
08/27/2026,08:03:57:253,0.000000,0.000000,1,-93.65,-93.65,0,0,
08/27/2026,08:03:57:260,0.000000,0.000000,4,-122.15,-122.15,0,0,
08/27/2026,08:03:57:337,0.000000,0.000000,2,-123.33,-123.33,0,0,
08/27/2026,08:03:57:411,0.000000,0.000000,3,-121.4,-121.4,0,0,
08/27/2026,08:03:57:415,0.000000,0.000000,1,-98.9,-98.9,0,0,
08/27/2026,08:03:57:459,0.000000,0.000000,4,-122.93,-122.93,0,0,
08/27/2026,08:03:57:538,0.000000,0.000000,2,-127.61,-127.61,0,0,
08/27/2026,08:03:57:616,0.000000,0.000000,3,-126.3,-126.3,0,0,
08/27/2026,08:03:57:666,0.000000,0.000000,1,-98.35,-98.35,0,0,
08/27/2026,08:03:57:669,0.000000,0.000000,4,-124.25,-124.25,0,0,
08/27/2026,08:03:57:758,0.000000,0.000000,2,-125.61,-125.61,0,0,
08/27/2026,08:03:57:894,0.000000,0.000000,3,-124.84,-124.84,0,0,
08/27/2026,08:03:57:902,0.000000,0.000000,1,-98.69,-98.69,0,0,
08/27/2026,08:03:57:947,0.000000,0.000000,4,-124.75,-124.75,0,0,
08/27/2026,08:03:58:026,0.000000,0.000000,2,-126.93,-126.93,0,0,
08/27/2026,08:03:58:180,0.000000,0.000000,3,-123.85,-123.85,0,0,
08/27/2026,08:03:58:181,0.000000,0.000000,1,-99.84,-99.84,0,0,
08/27/2026,08:03:58:244,0.000000,0.000000,4,-127.47,-127.47,0,0,
08/27/2026,08:03:58:322,0.000000,0.000000,2,-128.06,-128.06,0,0,
08/27/2026,08:03:58:465,0.000000,0.000000,3,-125.75,-125.75,0,0,
08/27/2026,08:03:58:470,0.000000,0.000000,1,-102.2,-102.2,0,0,
08/27/2026,08:03:58:499,0.000000,0.000000,4,-128.53,-128.53,0,0,
08/27/2026,08:03:58:592,0.000000,0.000000,2,-125.38,-125.38,0,0,
08/27/2026,08:03:58:721,0.000000,0.000000,3,-125.11,-125.11,0,0,
08/27/2026,08:03:58:754,0.000000,0.000000,1,-104.15,-104.15,0,0,
08/27/2026,08:03:58:800,0.000000,0.000000,4,-127.98,-127.98,0,0,
08/27/2026,08:03:58:853,0.000000,0.000000,2,-126.79,-126.79,0,0,
08/27/2026,08:03:59:000,0.000000,0.000000,3,-125.5,-125.5,0,0,
08/27/2026,08:03:59:009,0.000000,0.000000,1,-107.08,-107.08,0,0,
08/27/2026,08:03:59:044,0.000000,0.000000,4,-127.18,-127.18,0,0,
08/27/2026,08:03:59:139,0.000000,0.000000,2,-127.42,-127.42,0,0,
08/27/2026,08:03:59:272,0.000000,0.000000,3,-125.79,-125.79,0,0,
08/27/2026,08:03:59:289,0.000000,0.000000,1,-100.84,-100.84,0,0,
08/27/2026,08:03:59:321,0.000000,0.000000,4,-124.93,-124.93,0,0,
08/27/2026,08:03:59:425,0.000000,0.000000,2,-125.11,-125.11,0,0,
08/27/2026,08:03:59:551,0.000000,0.000000,3,-127.01,-127.01,0,0,
08/27/2026,08:03:59:565,0.000000,0.000000,1,-102.45,-102.45,0,0,
08/27/2026,08:03:59:614,0.000000,0.000000,4,-126.34,-126.34,0,0,
08/27/2026,08:03:59:691,0.000000,0.000000,2,-125.88,-125.88,0,0,
08/27/2026,08:03:59:824,0.000000,0.000000,3,-126.13,-126.13,0,0,
08/27/2026,08:03:59:845,0.000000,0.000000,1,-106.06,-106.06,0,0,
08/27/2026,08:03:59:877,0.000000,0.000000,4,-126.68,-126.68,0,0,
08/27/2026,08:03:59:963,0.000000,0.000000,2,-125.52,-125.52,0,0,
08/27/2026,08:04:00:103,0.000000,0.000000,3,-126.52,-126.52,0,0,
08/27/2026,08:04:00:114,0.000000,0.000000,1,-99.06,-99.06,0,0,
08/27/2026,08:04:00:155,0.000000,0.000000,4,-125.62,-125.62,0,0,
08/27/2026,08:04:00:240,0.000000,0.000000,2,-126.53,-126.53,0,0,
08/27/2026,08:04:00:467,0.000000,0.000000,3,-123.12,-123.12,0,0,
08/27/2026,08:04:00:469,0.000000,0.000000,1,-95.26,-95.26,0,0,
08/27/2026,08:04:00:480,0.000000,0.000000,4,-125.72,-125.72,0,0,
08/27/2026,08:04:00:511,0.000000,0.000000,2,-125.88,-125.88,0,0,
08/27/2026,08:04:00:655,0.000000,0.000000,3,-124.67,-124.67,0,0,
08/27/2026,08:04:00:683,0.000000,0.000000,1,-93.22,-93.22,0,0,
08/27/2026,08:04:00:725,0.000000,0.000000,4,-125.66,-125.66,0,0,
08/27/2026,08:04:00:806,0.000000,0.000000,2,-126.47,-126.47,0,0,
08/27/2026,08:04:00:986,0.000000,0.000000,3,-123.05,-123.05,0,0,
08/27/2026,08:04:01:030,0.000000,0.000000,1,-93.77,-93.77,0,0,
08/27/2026,08:04:01:059,0.000000,0.000000,4,-125.88,-125.88,0,0,
08/27/2026,08:04:01:118,0.000000,0.000000,2,-126.69,-126.69,0,0,
08/27/2026,08:04:01:203,0.000000,0.000000,3,-125.36,-125.36,0,0,
08/27/2026,08:04:01:224,0.000000,0.000000,1,-98.23,-98.23,0,0,
08/27/2026,08:04:01:261,0.000000,0.000000,4,-125.43,-125.43,0,0,
08/27/2026,08:04:01:357,0.000000,0.000000,2,-120.85,-120.85,0,0,
08/27/2026,08:04:01:492,0.000000,0.000000,3,-125.73,-125.73,0,0,
08/27/2026,08:04:01:495,0.000000,0.000000,1,-100.25,-100.25,0,0,
08/27/2026,08:04:01:534,0.000000,0.000000,4,-126.23,-126.23,0,0,
08/27/2026,08:04:01:625,0.000000,0.000000,2,-125.91,-125.91,0,0,
08/27/2026,08:04:01:756,0.000000,0.000000,3,-121.12,-121.12,0,0,
08/27/2026,08:04:01:771,0.000000,0.000000,1,-96.45,-96.45,0,0,
08/27/2026,08:04:01:804,0.000000,0.000000,4,-126.81,-126.81,0,0,
08/27/2026,08:04:01:899,0.000000,0.000000,2,-125.14,-125.14,0,0,
08/27/2026,08:04:02:038,0.000000,0.000000,3,-124.34,-124.34,0,0,
08/27/2026,08:04:02:054,0.000000,0.000000,1,-102.7,-102.7,0,0,
08/27/2026,08:04:02:099,0.000000,0.000000,4,-124.01,-124.01,0,0,
08/27/2026,08:04:02:169,0.000000,0.000000,2,-126.42,-126.42,0,0,
08/27/2026,08:04:02:379,0.000000,0.000000,3,-127.37,-127.37,0,0,
08/27/2026,08:04:02:399,0.000000,0.000000,1,-104.68,-104.68,0,0,
08/27/2026,08:04:02:415,0.000000,0.000000,4,-127.02,-127.02,0,0,
08/27/2026,08:04:02:469,0.000000,0.000000,2,-124.71,-124.71,0,0,
08/27/2026,08:04:02:592,0.000000,0.000000,3,-126.39,-126.39,0,0,
08/27/2026,08:04:02:628,0.000000,0.000000,1,-102.68,-102.68,0,0,
08/27/2026,08:04:02:667,0.000000,0.000000,4,-125.73,-125.73,0,0,
08/27/2026,08:04:02:722,0.000000,0.000000,2,-124.46,-124.46,0,0,
08/27/2026,08:04:02:892,0.000000,0.000000,3,-126.5,-126.5,0,0,
08/27/2026,08:04:02:897,0.000000,0.000000,1,-93.5,-93.5,0,0,
08/27/2026,08:04:02:917,0.000000,0.000000,4,-125.62,-125.62,0,0,
08/27/2026,08:04:03:003,0.000000,0.000000,2,-124.86,-124.86,0,0,
08/27/2026,08:04:03:165,0.000000,0.000000,3,-128.11,-128.11,0,0,
08/27/2026,08:04:03:167,0.000000,0.000000,1,-99.96,-99.96,0,0,
08/27/2026,08:04:03:191,0.000000,0.000000,4,-124.88,-124.88,0,0,
08/27/2026,08:04:03:291,0.000000,0.000000,2,-127.43,-127.43,0,0,
08/27/2026,08:04:03:435,0.000000,0.000000,3,-123.03,-123.03,0,0,
08/27/2026,08:04:03:439,0.000000,0.000000,1,-105.07,-105.07,0,0,
08/27/2026,08:04:03:463,0.000000,0.000000,4,-125.89,-125.89,0,0,
08/27/2026,08:04:03:571,0.000000,0.000000,2,-127.56,-127.56,0,0,
08/27/2026,08:04:03:692,0.000000,0.000000,3,-125.23,-125.23,0,0,
08/27/2026,08:04:03:713,0.000000,0.000000,1,-100.24,-100.24,0,0,
08/27/2026,08:04:03:742,0.000000,0.000000,4,-126.6,-126.6,0,0,
08/27/2026,08:04:03:844,0.000000,0.000000,2,-127.01,-127.01,0,0,
08/27/2026,08:04:03:965,0.000000,0.000000,3,-126.97,-126.97,0,0,
08/27/2026,08:04:03:986,0.000000,0.000000,1,-102.2,-102.2,0,0,
08/27/2026,08:04:04:026,0.000000,0.000000,4,-125.81,-125.81,0,0,
08/27/2026,08:04:04:116,0.000000,0.000000,2,-125.57,-125.57,0,0,
08/27/2026,08:04:04:241,0.000000,0.000000,3,-127.52,-127.52,0,0,
08/27/2026,08:04:04:269,0.000000,0.000000,1,-106.49,-106.49,0,0,
08/27/2026,08:04:04:303,0.000000,0.000000,4,-124.48,-124.48,0,0,
08/27/2026,08:04:04:379,0.000000,0.000000,2,-127.21,-127.21,0,0,
08/27/2026,08:04:04:527,0.000000,0.000000,3,-125.46,-125.46,0,0,
08/27/2026,08:04:04:564,0.000000,0.000000,1,-97.58,-97.58,0,0,
08/27/2026,08:04:04:614,0.000000,0.000000,4,-125.85,-125.85,0,0,
08/27/2026,08:04:04:705,0.000000,0.000000,2,-125.64,-125.64,0,0,
08/27/2026,08:04:04:810,0.000000,0.000000,3,-125.94,-125.94,0,0,
08/27/2026,08:04:04:842,0.000000,0.000000,1,-107.05,-107.05,0,0,
08/27/2026,08:04:04:855,0.000000,0.000000,4,-124.37,-124.37,0,0,
08/27/2026,08:04:04:942,0.000000,0.000000,2,-126.79,-126.79,0,0,
08/27/2026,08:04:05:101,0.000000,0.000000,3,-125.42,-125.42,0,0,
08/27/2026,08:04:05:107,0.000000,0.000000,1,-98.94,-98.94,0,0,
08/27/2026,08:04:05:149,0.000000,0.000000,4,-125.15,-125.15,0,0,
08/27/2026,08:04:05:239,0.000000,0.000000,2,-123.49,-123.49,0,0,
08/27/2026,08:04:05:365,0.000000,0.000000,3,-126.41,-126.41,0,0,
08/27/2026,08:04:05:373,0.000000,0.000000,1,-99.9,-99.9,0,0,
08/27/2026,08:04:05:418,0.000000,0.000000,4,-124.49,-124.49,0,0,
08/27/2026,08:04:06:080,0.000000,0.000000,2,-126.24,-126.24,0,0,
08/27/2026,08:04:06:190,0.000000,0.000000,3,-126.12,-126.12,0,0,
08/27/2026,08:04:06:201,0.000000,0.000000,1,-95.61,-95.61,0,0,
08/27/2026,08:04:06:213,0.000000,0.000000,4,-122.91,-122.91,0,0,
08/27/2026,08:04:06:295,0.000000,0.000000,2,-124.65,-124.65,0,0,
08/27/2026,08:04:06:402,0.000000,0.000000,3,-126.49,-126.49,0,0,
08/27/2026,08:04:06:409,0.000000,0.000000,1,-98.68,-98.68,0,0,
08/27/2026,08:04:06:438,0.000000,0.000000,4,-124.42,-124.42,0,0,
08/27/2026,08:04:06:622,0.000000,0.000000,2,-122.82,-122.82,0,0,
08/27/2026,08:04:06:712,0.000000,0.000000,3,-126.72,-126.72,0,0,
08/27/2026,08:04:06:715,0.000000,0.000000,1,-98.2,-98.2,0,0,
08/27/2026,08:04:06:727,0.000000,0.000000,4,-126.93,-126.93,0,0,
08/27/2026,08:04:06:765,0.000000,0.000000,2,-126.04,-126.04,0,0,
08/27/2026,08:04:06:815,0.000000,0.000000,3,-126.86,-126.86,0,0,
08/27/2026,08:04:06:835,0.000000,0.000000,1,-96.69,-96.69,0,0,
08/27/2026,08:04:06:843,0.000000,0.000000,4,-127.28,-127.28,0,0,
08/27/2026,08:04:06:865,0.000000,0.000000,2,-126.92,-126.92,0,0,
08/27/2026,08:04:06:935,0.000000,0.000000,3,-126.07,-126.07,0,0,
08/27/2026,08:04:06:950,0.000000,0.000000,1,-94.21,-94.21,0,0,
08/27/2026,08:04:06:978,0.000000,0.000000,4,-124.62,-124.62,0,0,
08/27/2026,08:04:07:008,0.000000,0.000000,2,-124.96,-124.96,0,0,
08/27/2026,08:04:07:059,0.000000,0.000000,3,-126.11,-126.11,0,0,
08/27/2026,08:04:07:063,0.000000,0.000000,1,-99.02,-99.02,0,0,
08/27/2026,08:04:07:086,0.000000,0.000000,4,-126.04,-126.04,0,0,
08/27/2026,08:04:07:158,0.000000,0.000000,2,-126.91,-126.91,0,0,
08/27/2026,08:04:07:297,0.000000,0.000000,3,-127.04,-127.04,0,0,
08/27/2026,08:04:07:315,0.000000,0.000000,1,-95.32,-95.32,0,0,
08/27/2026,08:04:07:343,0.000000,0.000000,4,-124.61,-124.61,0,0,
08/27/2026,08:04:07:436,0.000000,0.000000,2,-123.21,-123.21,0,0,
08/27/2026,08:04:07:570,0.000000,0.000000,3,-127.35,-127.35,0,0,
08/27/2026,08:04:07:593,0.000000,0.000000,1,-93.56,-93.56,0,0,
08/27/2026,08:04:07:637,0.000000,0.000000,4,-124.48,-124.48,0,0,
08/27/2026,08:04:07:733,0.000000,0.000000,2,-124.75,-124.75,0,0,
08/27/2026,08:04:07:848,0.000000,0.000000,3,-125.36,-125.36,0,0,
08/27/2026,08:04:07:865,0.000000,0.000000,1,-94.95,-94.95,0,0,
08/27/2026,08:04:07:917,0.000000,0.000000,4,-125.85,-125.85,0,0,
08/27/2026,08:04:07:990,0.000000,0.000000,2,-126.92,-126.92,0,0,
08/27/2026,08:04:08:164,0.000000,0.000000,3,-127.1,-127.1,0,0,
08/27/2026,08:04:08:194,0.000000,0.000000,1,-98.63,-98.63,0,0,
08/27/2026,08:04:08:199,0.000000,0.000000,4,-124.5,-124.5,0,0,
08/27/2026,08:04:08:283,0.000000,0.000000,2,-126.18,-126.18,0,0,
08/27/2026,08:04:08:412,0.000000,0.000000,3,-123.84,-123.84,0,0,
08/27/2026,08:04:08:415,0.000000,0.000000,1,-100.47,-100.47,0,0,
08/27/2026,08:04:08:454,0.000000,0.000000,4,-126.2,-126.2,0,0,
08/27/2026,08:04:08:551,0.000000,0.000000,2,-126.72,-126.72,0,0,
08/27/2026,08:04:08:701,0.000000,0.000000,3,-124.05,-124.05,0,0,
08/27/2026,08:04:08:709,0.000000,0.000000,1,-98.68,-98.68,0,0,
08/27/2026,08:04:08:745,0.000000,0.000000,4,-126.69,-126.69,0,0,
08/27/2026,08:04:08:819,0.000000,0.000000,2,-125.3,-125.3,0,0,
08/27/2026,08:04:08:955,0.000000,0.000000,3,-125.94,-125.94,0,0,
08/27/2026,08:04:08:973,0.000000,0.000000,1,-95.97,-95.97,0,0,
08/27/2026,08:04:09:006,0.000000,0.000000,4,-126.53,-126.53,0,0,
08/27/2026,08:04:09:092,0.000000,0.000000,2,-124.75,-124.75,0,0,
08/27/2026,08:04:09:252,0.000000,0.000000,3,-125.35,-125.35,0,0,
08/27/2026,08:04:09:280,0.000000,0.000000,1,-104.64,-104.64,0,0,
08/27/2026,08:04:09:311,0.000000,0.000000,4,-125.78,-125.78,0,0,
08/27/2026,08:04:09:385,0.000000,0.000000,2,-124.99,-124.99,0,0,
08/27/2026,08:04:09:511,0.000000,0.000000,3,-124.73,-124.73,0,0,
08/27/2026,08:04:09:522,0.000000,0.000000,1,-93.59,-93.59,0,0,
08/27/2026,08:04:09:570,0.000000,0.000000,4,-124.81,-124.81,0,0,
08/27/2026,08:04:09:649,0.000000,0.000000,2,-126.73,-126.73,0,0,
08/27/2026,08:04:09:806,0.000000,0.000000,3,-126.18,-126.18,0,0,
08/27/2026,08:04:09:849,0.000000,0.000000,1,-97.17,-97.17,0,0,
08/27/2026,08:04:09:890,0.000000,0.000000,4,-124.02,-124.02,0,0,
08/27/2026,08:04:09:948,0.000000,0.000000,2,-126.62,-126.62,0,0,
08/27/2026,08:04:10:116,0.000000,0.000000,3,-125.87,-125.87,0,0,
08/27/2026,08:04:10:118,0.000000,0.000000,1,-96.82,-96.82,0,0,
08/27/2026,08:04:10:147,0.000000,0.000000,4,-125.91,-125.91,0,0,
08/27/2026,08:04:10:206,0.000000,0.000000,2,-125.68,-125.68,0,0,
08/27/2026,08:04:10:337,0.000000,0.000000,3,-123.66,-123.66,0,0,
08/27/2026,08:04:10:362,0.000000,0.000000,1,-100.2,-100.2,0,0,
08/27/2026,08:04:10:394,0.000000,0.000000,4,-125.4,-125.4,0,0,
08/27/2026,08:04:10:476,0.000000,0.000000,2,-126.38,-126.38,0,0,
08/27/2026,08:04:10:613,0.000000,0.000000,3,-127.21,-127.21,0,0,
08/27/2026,08:04:10:629,0.000000,0.000000,1,-100.37,-100.37,0,0,
08/27/2026,08:04:10:665,0.000000,0.000000,4,-127.15,-127.15,0,0,
08/27/2026,08:04:10:748,0.000000,0.000000,2,-125.5,-125.5,0,0,
08/27/2026,08:04:10:895,0.000000,0.000000,3,-126.51,-126.51,0,0,
08/27/2026,08:04:10:901,0.000000,0.000000,1,-95.98,-95.98,0,0,
08/27/2026,08:04:10:958,0.000000,0.000000,4,-125.01,-125.01,0,0,
08/27/2026,08:04:11:024,0.000000,0.000000,2,-126.75,-126.75,0,0,
08/27/2026,08:04:11:251,0.000000,0.000000,3,-127.61,-127.61,0,0,
08/27/2026,08:04:11:255,0.000000,0.000000,1,-92.79,-92.79,0,0,
08/27/2026,08:04:11:266,0.000000,0.000000,4,-127.34,-127.34,0,0,
08/27/2026,08:04:11:300,0.000000,0.000000,2,-126.33,-126.33,0,0,
08/27/2026,08:04:11:437,0.000000,0.000000,3,-127.34,-127.34,0,0,
08/27/2026,08:04:11:462,0.000000,0.000000,1,-94.95,-94.95,0,0,
08/27/2026,08:04:11:488,0.000000,0.000000,4,-126.51,-126.51,0,0,
08/27/2026,08:04:11:587,0.000000,0.000000,2,-127.81,-127.81,0,0,
08/27/2026,08:04:11:725,0.000000,0.000000,3,-125.01,-125.01,0,0,
08/27/2026,08:04:11:731,0.000000,0.000000,1,-99.85,-99.85,0,0,
08/27/2026,08:04:11:768,0.000000,0.000000,4,-126.98,-126.98,0,0,
08/27/2026,08:04:11:860,0.000000,0.000000,2,-127.07,-127.07,0,0,
08/27/2026,08:04:12:002,0.000000,0.000000,3,-126.69,-126.69,0,0,
08/27/2026,08:04:12:007,0.000000,0.000000,1,-101.93,-101.93,0,0,
08/27/2026,08:04:12:049,0.000000,0.000000,4,-123.79,-123.79,0,0,
08/27/2026,08:04:12:146,0.000000,0.000000,2,-127.49,-127.49,0,0,
08/27/2026,08:04:12:275,0.000000,0.000000,3,-128.34,-128.34,0,0,
08/27/2026,08:04:12:289,0.000000,0.000000,1,-94.2,-94.2,0,0,
08/27/2026,08:04:12:319,0.000000,0.000000,4,-127.03,-127.03,0,0,
08/27/2026,08:04:12:410,0.000000,0.000000,2,-128.01,-128.01,0,0,
08/27/2026,08:04:12:547,0.000000,0.000000,3,-125.02,-125.02,0,0,
08/27/2026,08:04:12:572,0.000000,0.000000,1,-94.21,-94.21,0,0,
08/27/2026,08:04:12:597,0.000000,0.000000,4,-124.73,-124.73,0,0,
08/27/2026,08:04:12:682,0.000000,0.000000,2,-126.83,-126.83,0,0,
08/27/2026,08:04:12:825,0.000000,0.000000,3,-128.07,-128.07,0,0,
08/27/2026,08:04:12:838,0.000000,0.000000,1,-100.94,-100.94,0,0,
08/27/2026,08:04:12:871,0.000000,0.000000,4,-126.49,-126.49,0,0,
08/27/2026,08:04:12:966,0.000000,0.000000,2,-125.79,-125.79,0,0,
08/27/2026,08:04:13:104,0.000000,0.000000,3,-125.05,-125.05,0,0,
08/27/2026,08:04:13:117,0.000000,0.000000,1,-89.73,-89.73,0,0,
08/27/2026,08:04:13:147,0.000000,0.000000,4,-125.82,-125.82,0,0,
08/27/2026,08:04:13:239,0.000000,0.000000,2,-127.27,-127.27,0,0,
08/27/2026,08:04:13:383,0.000000,0.000000,3,-127.56,-127.56,0,0,
08/27/2026,08:04:13:390,0.000000,0.000000,1,-99.54,-99.54,0,0,
08/27/2026,08:04:13:424,0.000000,0.000000,4,-126.41,-126.41,0,0,
08/27/2026,08:04:13:542,0.000000,0.000000,2,-128.26,-128.26,0,0,
08/27/2026,08:04:13:704,0.000000,0.000000,3,-126.24,-126.24,0,0,
08/27/2026,08:04:13:736,0.000000,0.000000,1,-88.92,-88.92,0,0,
08/27/2026,08:04:13:759,0.000000,0.000000,4,-125.62,-125.62,0,0,
08/27/2026,08:04:13:812,0.000000,0.000000,2,-128.08,-128.08,0,0,
08/27/2026,08:04:13:928,0.000000,0.000000,3,-127.59,-127.59,0,0,
08/27/2026,08:04:13:970,0.000000,0.000000,1,-97.34,-97.34,0,0,
08/27/2026,08:04:13:976,0.000000,0.000000,4,-125.67,-125.67,0,0,
08/27/2026,08:04:14:063,0.000000,0.000000,2,-125.73,-125.73,0,0,
08/27/2026,08:04:14:204,0.000000,0.000000,3,-125.08,-125.08,0,0,
08/27/2026,08:04:14:225,0.000000,0.000000,1,-91.82,-91.82,0,0,
08/27/2026,08:04:14:258,0.000000,0.000000,4,-126.73,-126.73,0,0,
08/27/2026,08:04:14:341,0.000000,0.000000,2,-125.97,-125.97,0,0,
08/27/2026,08:04:14:479,0.000000,0.000000,3,-126.46,-126.46,0,0,
08/27/2026,08:04:14:503,0.000000,0.000000,1,-97.01,-97.01,0,0,
08/27/2026,08:04:14:528,0.000000,0.000000,4,-124.99,-124.99,0,0,
08/27/2026,08:04:14:616,0.000000,0.000000,2,-124.88,-124.88,0,0,
08/27/2026,08:04:14:765,0.000000,0.000000,3,-127.03,-127.03,0,0,
08/27/2026,08:04:14:776,0.000000,0.000000,1,-100.21,-100.21,0,0,
08/27/2026,08:04:14:812,0.000000,0.000000,4,-126.27,-126.27,0,0,
08/27/2026,08:04:14:907,0.000000,0.000000,2,-126.63,-126.63,0,0,
08/27/2026,08:04:15:109,0.000000,0.000000,3,-126.43,-126.43,0,0,
08/27/2026,08:04:15:123,0.000000,0.000000,1,-98.99,-98.99,0,0,
08/27/2026,08:04:15:130,0.000000,0.000000,4,-125.58,-125.58,0,0,
08/27/2026,08:04:15:177,0.000000,0.000000,2,-125.14,-125.14,0,0,
08/27/2026,08:04:15:313,0.000000,0.000000,3,-126.95,-126.95,0,0,
08/27/2026,08:04:15:331,0.000000,0.000000,1,-97.38,-97.38,0,0,
08/27/2026,08:04:15:364,0.000000,0.000000,4,-125.32,-125.32,0,0,
08/27/2026,08:04:15:466,0.000000,0.000000,2,-126.62,-126.62,0,0,
08/27/2026,08:04:15:593,0.000000,0.000000,3,-124.86,-124.86,0,0,
08/27/2026,08:04:15:625,0.000000,0.000000,1,-99.52,-99.52,0,0,
08/27/2026,08:04:15:634,0.000000,0.000000,4,-125.91,-125.91,0,0,
08/27/2026,08:04:15:746,0.000000,0.000000,2,-126.01,-126.01,0,0,
08/27/2026,08:04:15:860,0.000000,0.000000,3,-125.18,-125.18,0,0,
08/27/2026,08:04:15:880,0.000000,0.000000,1,-97.14,-97.14,0,0,
08/27/2026,08:04:15:911,0.000000,0.000000,4,-124.12,-124.12,0,0,
08/27/2026,08:04:15:999,0.000000,0.000000,2,-126.11,-126.11,0,0,
08/27/2026,08:04:16:136,0.000000,0.000000,3,-125.92,-125.92,0,0,
08/27/2026,08:04:16:166,0.000000,0.000000,1,-95.78,-95.78,0,0,
08/27/2026,08:04:16:187,0.000000,0.000000,4,-126.97,-126.97,0,0,
08/27/2026,08:04:16:393,0.000000,0.000000,2,-128.29,-128.29,0,0,
08/27/2026,08:04:16:483,0.000000,0.000000,3,-127.91,-127.91,0,0,
08/27/2026,08:04:16:486,0.000000,0.000000,1,-90.68,-90.68,0,0,
08/27/2026,08:04:16:493,0.000000,0.000000,4,-125.45,-125.45,0,0,
08/27/2026,08:04:16:555,0.000000,0.000000,2,-124.94,-124.94,0,0,
08/27/2026,08:04:16:697,0.000000,0.000000,3,-127.99,-127.99,0,0,
08/27/2026,08:04:16:707,0.000000,0.000000,1,-90.44,-90.44,0,0,
08/27/2026,08:04:16:744,0.000000,0.000000,4,-127.13,-127.13,0,0,
08/27/2026,08:04:16:829,0.000000,0.000000,2,-127.85,-127.85,0,0,
08/27/2026,08:04:16:970,0.000000,0.000000,3,-126.24,-126.24,0,0,
08/27/2026,08:04:16:989,0.000000,0.000000,1,-102.12,-102.12,0,0,
08/27/2026,08:04:17:017,0.000000,0.000000,4,-126.19,-126.19,0,0,
08/27/2026,08:04:17:106,0.000000,0.000000,2,-128.32,-128.32,0,0,
08/27/2026,08:04:17:247,0.000000,0.000000,3,-125.91,-125.91,0,0,
08/27/2026,08:04:17:286,0.000000,0.000000,1,-94.55,-94.55,0,0,
08/27/2026,08:04:17:293,0.000000,0.000000,4,-126.69,-126.69,0,0,
08/27/2026,08:04:17:413,0.000000,0.000000,2,-127.27,-127.27,0,0,
08/27/2026,08:04:17:520,0.000000,0.000000,3,-124.34,-124.34,0,0,
08/27/2026,08:04:17:539,0.000000,0.000000,1,-99.13,-99.13,0,0,
08/27/2026,08:04:17:583,0.000000,0.000000,4,-124.95,-124.95,0,0,
08/27/2026,08:04:17:673,0.000000,0.000000,2,-126.09,-126.09,0,0,
08/27/2026,08:04:17:799,0.000000,0.000000,3,-125.09,-125.09,0,0,
08/27/2026,08:04:17:818,0.000000,0.000000,1,-104.07,-104.07,0,0,
08/27/2026,08:04:17:851,0.000000,0.000000,4,-127.31,-127.31,0,0,
08/27/2026,08:04:17:933,0.000000,0.000000,2,-125.15,-125.15,0,0,
08/27/2026,08:04:18:071,0.000000,0.000000,3,-126.24,-126.24,0,0,
08/27/2026,08:04:18:094,0.000000,0.000000,1,-100,-100,0,0,
08/27/2026,08:04:18:129,0.000000,0.000000,4,-126.49,-126.49,0,0,
08/27/2026,08:04:18:213,0.000000,0.000000,2,-126.43,-126.43,0,0,
08/27/2026,08:04:18:353,0.000000,0.000000,3,-124.77,-124.77,0,0,
08/27/2026,08:04:18:363,0.000000,0.000000,1,-96.87,-96.87,0,0,
08/27/2026,08:04:18:403,0.000000,0.000000,4,-125.73,-125.73,0,0,
08/27/2026,08:04:18:485,0.000000,0.000000,2,-127.19,-127.19,0,0,
08/27/2026,08:04:18:625,0.000000,0.000000,3,-124.91,-124.91,0,0,
08/27/2026,08:04:18:645,0.000000,0.000000,1,-97.92,-97.92,0,0,
08/27/2026,08:04:18:676,0.000000,0.000000,4,-123.98,-123.98,0,0,
08/27/2026,08:04:18:764,0.000000,0.000000,2,-125.49,-125.49,0,0,
08/27/2026,08:04:18:922,0.000000,0.000000,3,-125.44,-125.44,0,0,
08/27/2026,08:04:18:925,0.000000,0.000000,1,-102.34,-102.34,0,0,
08/27/2026,08:04:18:954,0.000000,0.000000,4,-125.41,-125.41,0,0,
08/27/2026,08:04:19:058,0.000000,0.000000,2,-126.83,-126.83,0,0,
08/27/2026,08:04:19:224,0.000000,0.000000,3,-126.35,-126.35,0,0,
08/27/2026,08:04:19:239,0.000000,0.000000,1,-96.42,-96.42,0,0,
08/27/2026,08:04:19:280,0.000000,0.000000,4,-126.53,-126.53,0,0,
08/27/2026,08:04:19:373,0.000000,0.000000,2,-127.33,-127.33,0,0,
08/27/2026,08:04:19:457,0.000000,0.000000,3,-124.27,-124.27,0,0,
08/27/2026,08:04:19:494,0.000000,0.000000,1,-99.94,-99.94,0,0,
08/27/2026,08:04:19:516,0.000000,0.000000,4,-124.22,-124.22,0,0,
08/27/2026,08:04:19:596,0.000000,0.000000,2,-126.31,-126.31,0,0,
08/27/2026,08:04:19:734,0.000000,0.000000,3,-125.5,-125.5,0,0,
08/27/2026,08:04:19:749,0.000000,0.000000,1,-101.81,-101.81,0,0,
08/27/2026,08:04:19:783,0.000000,0.000000,4,-125.5,-125.5,0,0,
08/27/2026,08:04:19:875,0.000000,0.000000,2,-124.05,-124.05,0,0,
08/27/2026,08:04:20:007,0.000000,0.000000,3,-125.56,-125.56,0,0,
08/27/2026,08:04:20:023,0.000000,0.000000,1,-100.73,-100.73,0,0,
08/27/2026,08:04:20:092,0.000000,0.000000,4,-126.9,-126.9,0,0,
08/27/2026,08:04:20:147,0.000000,0.000000,2,-127.57,-127.57,0,0,
08/27/2026,08:04:20:301,0.000000,0.000000,3,-123.03,-123.03,0,0,
08/27/2026,08:04:20:304,0.000000,0.000000,1,-96.41,-96.41,0,0,
08/27/2026,08:04:20:346,0.000000,0.000000,4,-126.9,-126.9,0,0,
08/27/2026,08:04:20:423,0.000000,0.000000,2,-127.01,-127.01,0,0,
08/27/2026,08:04:20:577,0.000000,0.000000,3,-125.79,-125.79,0,0,
08/27/2026,08:04:20:589,0.000000,0.000000,1,-99.41,-99.41,0,0,
08/27/2026,08:04:20:609,0.000000,0.000000,4,-123.45,-123.45,0,0,
08/27/2026,08:04:20:712,0.000000,0.000000,2,-126.26,-126.26,0,0,
08/27/2026,08:04:20:835,0.000000,0.000000,3,-125.02,-125.02,0,0,
08/27/2026,08:04:20:853,0.000000,0.000000,1,-92.27,-92.27,0,0,
08/27/2026,08:04:20:887,0.000000,0.000000,4,-126.76,-126.76,0,0,
08/27/2026,08:04:20:975,0.000000,0.000000,2,-127.29,-127.29,0,0,
08/27/2026,08:04:21:118,0.000000,0.000000,3,-127.62,-127.62,0,0,
08/27/2026,08:04:21:151,0.000000,0.000000,1,-100.34,-100.34,0,0,
08/27/2026,08:04:21:161,0.000000,0.000000,4,-127.04,-127.04,0,0,
08/27/2026,08:04:21:283,0.000000,0.000000,2,-127.73,-127.73,0,0,
08/27/2026,08:04:21:501,0.000000,0.000000,3,-124.69,-124.69,0,0,
08/27/2026,08:04:21:511,0.000000,0.000000,1,-99.41,-99.41,0,0,
08/27/2026,08:04:21:524,0.000000,0.000000,4,-127.9,-127.9,0,0,
08/27/2026,08:04:21:586,0.000000,0.000000,2,-125.09,-125.09,0,0,
08/27/2026,08:04:21:681,0.000000,0.000000,3,-128.2,-128.2,0,0,
08/27/2026,08:04:21:682,0.000000,0.000000,1,-104.28,-104.28,0,0,
08/27/2026,08:04:21:714,0.000000,0.000000,4,-127.03,-127.03,0,0,
08/27/2026,08:04:21:819,0.000000,0.000000,2,-125.02,-125.02,0,0,
08/27/2026,08:04:21:957,0.000000,0.000000,3,-126.26,-126.26,0,0,
08/27/2026,08:04:21:965,0.000000,0.000000,1,-96.36,-96.36,0,0,
08/27/2026,08:04:22:000,0.000000,0.000000,4,-128.18,-128.18,0,0,
08/27/2026,08:04:22:106,0.000000,0.000000,2,-125.55,-125.55,0,0,
08/27/2026,08:04:22:220,0.000000,0.000000,3,-124.84,-124.84,0,0,
08/27/2026,08:04:22:241,0.000000,0.000000,1,-95.28,-95.28,0,0,
08/27/2026,08:04:22:281,0.000000,0.000000,4,-126.84,-126.84,0,0,
08/27/2026,08:04:22:358,0.000000,0.000000,2,-125.38,-125.38,0,0,
08/27/2026,08:04:22:492,0.000000,0.000000,3,-128.47,-128.47,0,0,
08/27/2026,08:04:22:512,0.000000,0.000000,1,-97.59,-97.59,0,0,
08/27/2026,08:04:22:548,0.000000,0.000000,4,-127.22,-127.22,0,0,
08/27/2026,08:04:22:642,0.000000,0.000000,2,-125.61,-125.61,0,0,
08/27/2026,08:04:22:815,0.000000,0.000000,3,-126.95,-126.95,0,0,
08/27/2026,08:04:22:818,0.000000,0.000000,1,-100.79,-100.79,0,0,
08/27/2026,08:04:22:858,0.000000,0.000000,4,-126.7,-126.7,0,0,
08/27/2026,08:04:22:954,0.000000,0.000000,2,-125.67,-125.67,0,0,
08/27/2026,08:04:23:069,0.000000,0.000000,3,-125.64,-125.64,0,0,
08/27/2026,08:04:23:073,0.000000,0.000000,1,-100.23,-100.23,0,0,
08/27/2026,08:04:23:105,0.000000,0.000000,4,-125.91,-125.91,0,0,
08/27/2026,08:04:23:193,0.000000,0.000000,2,-126.73,-126.73,0,0,
08/27/2026,08:04:23:386,0.000000,0.000000,3,-127.32,-127.32,0,0,
08/27/2026,08:04:23:390,0.000000,0.000000,1,-102.43,-102.43,0,0,
08/27/2026,08:04:23:397,0.000000,0.000000,4,-124.64,-124.64,0,0,
08/27/2026,08:04:23:488,0.000000,0.000000,2,-126.79,-126.79,0,0,
08/27/2026,08:04:23:606,0.000000,0.000000,3,-126.4,-126.4,0,0,
08/27/2026,08:04:23:617,0.000000,0.000000,1,-99.98,-99.98,0,0,
08/27/2026,08:04:23:657,0.000000,0.000000,4,-123.87,-123.87,0,0,
08/27/2026,08:04:23:754,0.000000,0.000000,2,-124.77,-124.77,0,0,
08/27/2026,08:04:23:873,0.000000,0.000000,3,-125.1,-125.1,0,0,
08/27/2026,08:04:23:919,0.000000,0.000000,1,-96,-96,0,0,
08/27/2026,08:04:23:933,0.000000,0.000000,4,-126.19,-126.19,0,0,
08/27/2026,08:04:24:040,0.000000,0.000000,2,-124.51,-124.51,0,0,
08/27/2026,08:04:24:152,0.000000,0.000000,3,-127.26,-127.26,0,0,
08/27/2026,08:04:24:169,0.000000,0.000000,1,-93.49,-93.49,0,0,
08/27/2026,08:04:24:202,0.000000,0.000000,4,-124.06,-124.06,0,0,
08/27/2026,08:04:24:296,0.000000,0.000000,2,-123.78,-123.78,0,0,
08/27/2026,08:04:24:431,0.000000,0.000000,3,-126.08,-126.08,0,0,
08/27/2026,08:04:24:458,0.000000,0.000000,1,-99.32,-99.32,0,0,
08/27/2026,08:04:24:478,0.000000,0.000000,4,-126.16,-126.16,0,0,
08/27/2026,08:04:24:574,0.000000,0.000000,2,-122.99,-122.99,0,0,
08/27/2026,08:04:24:727,0.000000,0.000000,3,-128.64,-128.64,0,0,
08/27/2026,08:04:24:731,0.000000,0.000000,1,-97.02,-97.02,0,0,
08/27/2026,08:04:24:756,0.000000,0.000000,4,-123.25,-123.25,0,0,
08/27/2026,08:04:24:894,0.000000,0.000000,2,-124.65,-124.65,0,0,
08/27/2026,08:04:24:994,0.000000,0.000000,3,-125.81,-125.81,0,0,
08/27/2026,08:04:24:997,0.000000,0.000000,1,-109.72,-109.72,0,0,
08/27/2026,08:04:25:061,0.000000,0.000000,4,-125.3,-125.3,0,0,
08/27/2026,08:04:25:140,0.000000,0.000000,2,-126.14,-126.14,0,0,
08/27/2026,08:04:25:259,0.000000,0.000000,3,-126.57,-126.57,0,0,
08/27/2026,08:04:25:272,0.000000,0.000000,1,-100.19,-100.19,0,0,
08/27/2026,08:04:25:332,0.000000,0.000000,4,-126.32,-126.32,0,0,
08/27/2026,08:04:25:400,0.000000,0.000000,2,-124.54,-124.54,0,0,
08/27/2026,08:04:25:533,0.000000,0.000000,3,-127.19,-127.19,0,0,
08/27/2026,08:04:25:549,0.000000,0.000000,1,-96.08,-96.08,0,0,
08/27/2026,08:04:25:584,0.000000,0.000000,4,-125.37,-125.37,0,0,
08/27/2026,08:04:25:691,0.000000,0.000000,2,-127.01,-127.01,0,0,
08/27/2026,08:04:25:826,0.000000,0.000000,3,-127.27,-127.27,0,0,
08/27/2026,08:04:25:849,0.000000,0.000000,1,-97.52,-97.52,0,0,
08/27/2026,08:04:25:874,0.000000,0.000000,4,-125.33,-125.33,0,0,
08/27/2026,08:04:25:953,0.000000,0.000000,2,-125.53,-125.53,0,0,
08/27/2026,08:04:26:105,0.000000,0.000000,3,-126.95,-126.95,0,0,
08/27/2026,08:04:26:109,0.000000,0.000000,1,-103.78,-103.78,0,0,
08/27/2026,08:04:26:153,0.000000,0.000000,4,-124.74,-124.74,0,0,
08/27/2026,08:04:26:238,0.000000,0.000000,2,-126.7,-126.7,0,0,
08/27/2026,08:04:26:392,0.000000,0.000000,3,-126.82,-126.82,0,0,
08/27/2026,08:04:26:397,0.000000,0.000000,1,-100.4,-100.4,0,0,
08/27/2026,08:04:26:415,0.000000,0.000000,4,-125.75,-125.75,0,0,
08/27/2026,08:04:26:521,0.000000,0.000000,2,-124.98,-124.98,0,0,
08/27/2026,08:04:26:755,0.000000,0.000000,3,-124.8,-124.8,0,0,
08/27/2026,08:04:26:760,0.000000,0.000000,1,-98.77,-98.77,0,0,
08/27/2026,08:04:26:771,0.000000,0.000000,4,-127.79,-127.79,0,0,
08/27/2026,08:04:26:814,0.000000,0.000000,2,-124.9,-124.9,0,0,
08/27/2026,08:04:26:946,0.000000,0.000000,3,-125.76,-125.76,0,0,
08/27/2026,08:04:26:950,0.000000,0.000000,1,-105.15,-105.15,0,0,
08/27/2026,08:04:26:981,0.000000,0.000000,4,-126.41,-126.41,0,0,
08/27/2026,08:04:27:065,0.000000,0.000000,2,-126.64,-126.64,0,0,
08/27/2026,08:04:27:190,0.000000,0.000000,3,-127.17,-127.17,0,0,
08/27/2026,08:04:27:244,0.000000,0.000000,1,-95.62,-95.62,0,0,
08/27/2026,08:04:27:253,0.000000,0.000000,4,-124.2,-124.2,0,0,
08/27/2026,08:04:27:336,0.000000,0.000000,2,-125.97,-125.97,0,0,
08/27/2026,08:04:27:468,0.000000,0.000000,3,-127.32,-127.32,0,0,
08/27/2026,08:04:27:491,0.000000,0.000000,1,-93.42,-93.42,0,0,
08/27/2026,08:04:27:529,0.000000,0.000000,4,-125.85,-125.85,0,0,
08/27/2026,08:04:27:647,0.000000,0.000000,2,-125.75,-125.75,0,0,
08/27/2026,08:04:27:756,0.000000,0.000000,3,-125.68,-125.68,0,0,
08/27/2026,08:04:27:759,0.000000,0.000000,1,-95.28,-95.28,0,0,
08/27/2026,08:04:27:794,0.000000,0.000000,4,-126.91,-126.91,0,0,
08/27/2026,08:04:27:890,0.000000,0.000000,2,-127.32,-127.32,0,0,
08/27/2026,08:04:28:045,0.000000,0.000000,3,-126.32,-126.32,0,0,
08/27/2026,08:04:28:046,0.000000,0.000000,1,-95.28,-95.28,0,0,
08/27/2026,08:04:28:074,0.000000,0.000000,4,-125.53,-125.53,0,0,
08/27/2026,08:04:28:162,0.000000,0.000000,2,-127.19,-127.19,0,0,
08/27/2026,08:04:28:316,0.000000,0.000000,3,-125.94,-125.94,0,0,
08/27/2026,08:04:28:321,0.000000,0.000000,1,-93.55,-93.55,0,0,
08/27/2026,08:04:28:359,0.000000,0.000000,4,-125.74,-125.74,0,0,
08/27/2026,08:04:28:441,0.000000,0.000000,2,-127.18,-127.18,0,0,
08/27/2026,08:04:28:574,0.000000,0.000000,3,-125.6,-125.6,0,0,
08/27/2026,08:04:28:612,0.000000,0.000000,1,-101.61,-101.61,0,0,
08/27/2026,08:04:28:650,0.000000,0.000000,4,-125.93,-125.93,0,0,
08/27/2026,08:04:28:731,0.000000,0.000000,2,-127,-127,0,0,
08/27/2026,08:04:28:858,0.000000,0.000000,3,-126.21,-126.21,0,0,
08/27/2026,08:04:28:896,0.000000,0.000000,1,-101.26,-101.26,0,0,
08/27/2026,08:04:28:904,0.000000,0.000000,4,-124.41,-124.41,0,0,
08/27/2026,08:04:28:985,0.000000,0.000000,2,-126.67,-126.67,0,0,
08/27/2026,08:04:29:125,0.000000,0.000000,3,-125.63,-125.63,0,0,
08/27/2026,08:04:29:164,0.000000,0.000000,1,-94.36,-94.36,0,0,
08/27/2026,08:04:29:175,0.000000,0.000000,4,-124.24,-124.24,0,0,
08/27/2026,08:04:29:287,0.000000,0.000000,2,-124.18,-124.18,0,0,
08/27/2026,08:04:29:401,0.000000,0.000000,3,-126.48,-126.48,0,0,
08/27/2026,08:04:29:423,0.000000,0.000000,1,-97.15,-97.15,0,0,
08/27/2026,08:04:29:459,0.000000,0.000000,4,-127.43,-127.43,0,0,
08/27/2026,08:04:29:540,0.000000,0.000000,2,-128.68,-128.68,0,0,
08/27/2026,08:04:29:678,0.000000,0.000000,3,-126.51,-126.51,0,0,
08/27/2026,08:04:29:704,0.000000,0.000000,1,-96.65,-96.65,0,0,
08/27/2026,08:04:29:728,0.000000,0.000000,4,-127.51,-127.51,0,0,
08/27/2026,08:04:29:824,0.000000,0.000000,2,-127.57,-127.57,0,0,
08/27/2026,08:04:29:955,0.000000,0.000000,3,-126.38,-126.38,0,0,
08/27/2026,08:04:29:982,0.000000,0.000000,1,-93.98,-93.98,0,0,
08/27/2026,08:04:30:015,0.000000,0.000000,4,-127.29,-127.29,0,0,
08/27/2026,08:04:30:103,0.000000,0.000000,2,-125.94,-125.94,0,0,
08/27/2026,08:04:30:231,0.000000,0.000000,3,-125.83,-125.83,0,0,
08/27/2026,08:04:30:255,0.000000,0.000000,1,-102.71,-102.71,0,0,
08/27/2026,08:04:30:338,0.000000,0.000000,4,-122.9,-122.9,0,0,
08/27/2026,08:04:30:433,0.000000,0.000000,2,-125.96,-125.96,0,0,
08/27/2026,08:04:30:560,0.000000,0.000000,3,-126.74,-126.74,0,0,
08/27/2026,08:04:30:567,0.000000,0.000000,1,-100.72,-100.72,0,0,
08/27/2026,08:04:30:576,0.000000,0.000000,4,-125.25,-125.25,0,0,
08/27/2026,08:04:30:653,0.000000,0.000000,2,-125.67,-125.67,0,0,
08/27/2026,08:04:30:818,0.000000,0.000000,3,-127.53,-127.53,0,0,
08/27/2026,08:04:30:824,0.000000,0.000000,1,-95.9,-95.9,0,0,
08/27/2026,08:04:30:833,0.000000,0.000000,4,-128.21,-128.21,0,0,
08/27/2026,08:04:30:931,0.000000,0.000000,2,-127.4,-127.4,0,0,
08/27/2026,08:04:31:064,0.000000,0.000000,3,-125.47,-125.47,0,0,
08/27/2026,08:04:31:082,0.000000,0.000000,1,-96.41,-96.41,0,0,
08/27/2026,08:04:31:115,0.000000,0.000000,4,-127.62,-127.62,0,0,
08/27/2026,08:04:31:199,0.000000,0.000000,2,-126.36,-126.36,0,0,
08/27/2026,08:04:31:341,0.000000,0.000000,3,-126.61,-126.61,0,0,
08/27/2026,08:04:31:355,0.000000,0.000000,1,-99.09,-99.09,0,0,
08/27/2026,08:04:31:389,0.000000,0.000000,4,-125.37,-125.37,0,0,
08/27/2026,08:04:31:477,0.000000,0.000000,2,-126.82,-126.82,0,0,
08/27/2026,08:04:31:613,0.000000,0.000000,3,-126.46,-126.46,0,0,
08/27/2026,08:04:31:636,0.000000,0.000000,1,-98.51,-98.51,0,0,
08/27/2026,08:04:31:665,0.000000,0.000000,4,-126.36,-126.36,0,0,
08/27/2026,08:04:31:799,0.000000,0.000000,2,-126.73,-126.73,0,0,
08/27/2026,08:04:31:889,0.000000,0.000000,3,-125.64,-125.64,0,0,
08/27/2026,08:04:31:915,0.000000,0.000000,1,-98.31,-98.31,0,0,
08/27/2026,08:04:31:945,0.000000,0.000000,4,-127.93,-127.93,0,0,
08/27/2026,08:04:32:032,0.000000,0.000000,2,-126.85,-126.85,0,0,
08/27/2026,08:04:32:183,0.000000,0.000000,3,-127.24,-127.24,0,0,
08/27/2026,08:04:32:209,0.000000,0.000000,1,-98.64,-98.64,0,0,
08/27/2026,08:04:32:224,0.000000,0.000000,4,-125.06,-125.06,0,0,
08/27/2026,08:04:32:434,0.000000,0.000000,2,-125.86,-125.86,0,0,
08/27/2026,08:04:32:497,0.000000,0.000000,3,-125.59,-125.59,0,0,
08/27/2026,08:04:32:529,0.000000,0.000000,1,-99.38,-99.38,0,0,
08/27/2026,08:04:32:551,0.000000,0.000000,4,-126.66,-126.66,0,0,
08/27/2026,08:04:32:613,0.000000,0.000000,2,-128.04,-128.04,0,0,
08/27/2026,08:04:32:718,0.000000,0.000000,3,-127.11,-127.11,0,0,
08/27/2026,08:04:32:743,0.000000,0.000000,1,-95.2,-95.2,0,0,
08/27/2026,08:04:32:771,0.000000,0.000000,4,-125.11,-125.11,0,0,
08/27/2026,08:04:32:884,0.000000,0.000000,2,-125.36,-125.36,0,0,
08/27/2026,08:04:33:022,0.000000,0.000000,3,-126.62,-126.62,0,0,
08/27/2026,08:04:33:038,0.000000,0.000000,1,-99.57,-99.57,0,0,
08/27/2026,08:04:33:057,0.000000,0.000000,4,-124.21,-124.21,0,0,
08/27/2026,08:04:33:134,0.000000,0.000000,2,-126.91,-126.91,0,0,
08/27/2026,08:04:33:284,0.000000,0.000000,3,-126.66,-126.66,0,0,
08/27/2026,08:04:33:287,0.000000,0.000000,1,-103.35,-103.35,0,0,
08/27/2026,08:04:33:324,0.000000,0.000000,4,-126,-126,0,0,
08/27/2026,08:04:33:424,0.000000,0.000000,2,-127.34,-127.34,0,0,
08/27/2026,08:04:33:552,0.000000,0.000000,3,-124.83,-124.83,0,0,
08/27/2026,08:04:33:564,0.000000,0.000000,1,-99.32,-99.32,0,0,
08/27/2026,08:04:33:612,0.000000,0.000000,4,-123.05,-123.05,0,0,
08/27/2026,08:04:33:687,0.000000,0.000000,2,-125.98,-125.98,0,0,
08/27/2026,08:04:33:824,0.000000,0.000000,3,-125.99,-125.99,0,0,
08/27/2026,08:04:33:847,0.000000,0.000000,1,-100.04,-100.04,0,0,
08/27/2026,08:04:33:876,0.000000,0.000000,4,-127.5,-127.5,0,0,
08/27/2026,08:04:33:963,0.000000,0.000000,2,-125.69,-125.69,0,0,
08/27/2026,08:04:34:101,0.000000,0.000000,3,-127.55,-127.55,0,0,
08/27/2026,08:04:34:122,0.000000,0.000000,1,-97.47,-97.47,0,0,
08/27/2026,08:04:34:159,0.000000,0.000000,4,-125.5,-125.5,0,0,
08/27/2026,08:04:34:251,0.000000,0.000000,2,-127.07,-127.07,0,0,
08/27/2026,08:04:34:379,0.000000,0.000000,3,-128.12,-128.12,0,0,
08/27/2026,08:04:34:435,0.000000,0.000000,1,-96.89,-96.89,0,0,
08/27/2026,08:04:34:502,0.000000,0.000000,4,-125.85,-125.85,0,0,
08/27/2026,08:04:34:564,0.000000,0.000000,2,-128.39,-128.39,0,0,
08/27/2026,08:04:34:660,0.000000,0.000000,3,-127.11,-127.11,0,0,
08/27/2026,08:04:34:670,0.000000,0.000000,1,-90.78,-90.78,0,0,
08/27/2026,08:04:34:721,0.000000,0.000000,4,-126.51,-126.51,0,0,
08/27/2026,08:04:34:797,0.000000,0.000000,2,-126.44,-126.44,0,0,
08/27/2026,08:04:34:934,0.000000,0.000000,3,-125.66,-125.66,0,0,
08/27/2026,08:04:34:955,0.000000,0.000000,1,-96.04,-96.04,0,0,
08/27/2026,08:04:35:014,0.000000,0.000000,4,-123.44,-123.44,0,0,
08/27/2026,08:04:35:071,0.000000,0.000000,2,-126.31,-126.31,0,0,
08/27/2026,08:04:35:207,0.000000,0.000000,3,-124.28,-124.28,0,0,
08/27/2026,08:04:35:224,0.000000,0.000000,1,-101.43,-101.43,0,0,
08/27/2026,08:04:35:268,0.000000,0.000000,4,-127.12,-127.12,0,0,
08/27/2026,08:04:35:346,0.000000,0.000000,2,-125.7,-125.7,0,0,
08/27/2026,08:04:35:495,0.000000,0.000000,3,-126.99,-126.99,0,0,
08/27/2026,08:04:35:504,0.000000,0.000000,1,-92.64,-92.64,0,0,
08/27/2026,08:04:35:566,0.000000,0.000000,4,-124.28,-124.28,0,0,
08/27/2026,08:04:35:628,0.000000,0.000000,2,-126.05,-126.05,0,0,
08/27/2026,08:04:35:758,0.000000,0.000000,3,-124.48,-124.48,0,0,
08/27/2026,08:04:35:783,0.000000,0.000000,1,-96.5,-96.5,0,0,
08/27/2026,08:04:35:818,0.000000,0.000000,4,-124.7,-124.7,0,0,
08/27/2026,08:04:35:921,0.000000,0.000000,2,-128.51,-128.51,0,0,
08/27/2026,08:04:36:045,0.000000,0.000000,3,-125.86,-125.86,0,0,
08/27/2026,08:04:36:052,0.000000,0.000000,1,-92.63,-92.63,0,0,
08/27/2026,08:04:36:089,0.000000,0.000000,4,-125.11,-125.11,0,0,
08/27/2026,08:04:36:205,0.000000,0.000000,2,-126.83,-126.83,0,0,
08/27/2026,08:04:36:326,0.000000,0.000000,3,-128.52,-128.52,0,0,
08/27/2026,08:04:36:329,0.000000,0.000000,1,-92.2,-92.2,0,0,
08/27/2026,08:04:36:399,0.000000,0.000000,4,-124.99,-124.99,0,0,
08/27/2026,08:04:36:487,0.000000,0.000000,2,-127.69,-127.69,0,0,
08/27/2026,08:04:36:601,0.000000,0.000000,3,-125.62,-125.62,0,0,
08/27/2026,08:04:36:605,0.000000,0.000000,1,-92.03,-92.03,0,0,
08/27/2026,08:04:36:647,0.000000,0.000000,4,-126.86,-126.86,0,0,
08/27/2026,08:04:36:733,0.000000,0.000000,2,-127.35,-127.35,0,0,
08/27/2026,08:04:36:953,0.000000,0.000000,3,-126.05,-126.05,0,0,
08/27/2026,08:04:36:959,0.000000,0.000000,1,-110.7,-110.7,0,0,
08/27/2026,08:04:36:974,0.000000,0.000000,4,-126.02,-126.02,0,0,
08/27/2026,08:04:37:007,0.000000,0.000000,2,-125.97,-125.97,0,0,
08/27/2026,08:04:37:145,0.000000,0.000000,3,-128.95,-128.95,0,0,
08/27/2026,08:04:37:159,0.000000,0.000000,1,-94.41,-94.41,0,0,
08/27/2026,08:04:37:207,0.000000,0.000000,4,-126.62,-126.62,0,0,
08/27/2026,08:04:37:283,0.000000,0.000000,2,-125.73,-125.73,0,0,
08/27/2026,08:04:37:421,0.000000,0.000000,3,-126.54,-126.54,0,0,
08/27/2026,08:04:37:438,0.000000,0.000000,1,-103.08,-103.08,0,0,
08/27/2026,08:04:37:470,0.000000,0.000000,4,-124.96,-124.96,0,0,
08/27/2026,08:04:37:559,0.000000,0.000000,2,-126.77,-126.77,0,0,
08/27/2026,08:04:37:708,0.000000,0.000000,3,-124.62,-124.62,0,0,
08/27/2026,08:04:37:714,0.000000,0.000000,1,-98.14,-98.14,0,0,
08/27/2026,08:04:37:767,0.000000,0.000000,4,-126.57,-126.57,0,0,
08/27/2026,08:04:37:942,0.000000,0.000000,2,-127.07,-127.07,0,0,
08/27/2026,08:04:38:080,0.000000,0.000000,3,-122.98,-122.98,0,0,
08/27/2026,08:04:38:117,0.000000,0.000000,1,-101.68,-101.68,0,0,
08/27/2026,08:04:38:127,0.000000,0.000000,4,-126.16,-126.16,0,0,
08/27/2026,08:04:38:178,0.000000,0.000000,2,-126.42,-126.42,0,0,
08/27/2026,08:04:38:258,0.000000,0.000000,3,-126.43,-126.43,0,0,
08/27/2026,08:04:38:267,0.000000,0.000000,1,-94.63,-94.63,0,0,
08/27/2026,08:04:38:304,0.000000,0.000000,4,-128.03,-128.03,0,0,
08/27/2026,08:04:38:383,0.000000,0.000000,2,-126.94,-126.94,0,0,
08/27/2026,08:04:38:537,0.000000,0.000000,3,-127.56,-127.56,0,0,
08/27/2026,08:04:38:547,0.000000,0.000000,1,-98.09,-98.09,0,0,
08/27/2026,08:04:38:581,0.000000,0.000000,4,-126.46,-126.46,0,0,
08/27/2026,08:04:38:663,0.000000,0.000000,2,-127.02,-127.02,0,0,
08/27/2026,08:04:38:799,0.000000,0.000000,3,-128.06,-128.06,0,0,
08/27/2026,08:04:38:836,0.000000,0.000000,1,-94.24,-94.24,0,0,
08/27/2026,08:04:38:866,0.000000,0.000000,4,-126.39,-126.39,0,0,
08/27/2026,08:04:38:940,0.000000,0.000000,2,-126.23,-126.23,0,0,
08/27/2026,08:04:39:076,0.000000,0.000000,3,-126.71,-126.71,0,0,
08/27/2026,08:04:39:096,0.000000,0.000000,1,-104.22,-104.22,0,0,
08/27/2026,08:04:39:131,0.000000,0.000000,4,-125.17,-125.17,0,0,
08/27/2026,08:04:39:216,0.000000,0.000000,2,-127.91,-127.91,0,0,
08/27/2026,08:04:39:360,0.000000,0.000000,3,-127.16,-127.16,0,0,
08/27/2026,08:04:39:369,0.000000,0.000000,1,-96.11,-96.11,0,0,
08/27/2026,08:04:39:429,0.000000,0.000000,4,-126.4,-126.4,0,0,
08/27/2026,08:04:39:495,0.000000,0.000000,2,-126.4,-126.4,0,0,
08/27/2026,08:04:39:630,0.000000,0.000000,3,-126.66,-126.66,0,0,
08/27/2026,08:04:39:649,0.000000,0.000000,1,-97.35,-97.35,0,0,
08/27/2026,08:04:39:681,0.000000,0.000000,4,-125.58,-125.58,0,0,
08/27/2026,08:04:39:824,0.000000,0.000000,2,-126.6,-126.6,0,0,
08/27/2026,08:04:39:961,0.000000,0.000000,3,-127.04,-127.04,0,0,
08/27/2026,08:04:39:991,0.000000,0.000000,1,-96.98,-96.98,0,0,
08/27/2026,08:04:39:999,0.000000,0.000000,4,-126.47,-126.47,0,0,
08/27/2026,08:04:40:080,0.000000,0.000000,2,-126.3,-126.3,0,0,
08/27/2026,08:04:40:182,0.000000,0.000000,3,-126.92,-126.92,0,0,
08/27/2026,08:04:40:205,0.000000,0.000000,1,-99.84,-99.84,0,0,
08/27/2026,08:04:40:232,0.000000,0.000000,4,-126.27,-126.27,0,0,
08/27/2026,08:04:40:325,0.000000,0.000000,2,-125.27,-125.27,0,0,
08/27/2026,08:04:40:467,0.000000,0.000000,3,-127.78,-127.78,0,0,
08/27/2026,08:04:40:488,0.000000,0.000000,1,-95.61,-95.61,0,0,
08/27/2026,08:04:40:511,0.000000,0.000000,4,-125.78,-125.78,0,0,
08/27/2026,08:04:40:609,0.000000,0.000000,2,-127.37,-127.37,0,0,
08/27/2026,08:04:40:752,0.000000,0.000000,3,-126.75,-126.75,0,0,
08/27/2026,08:04:40:754,0.000000,0.000000,1,-98.71,-98.71,0,0,
08/27/2026,08:04:40:804,0.000000,0.000000,4,-127.43,-127.43,0,0,
08/27/2026,08:04:40:885,0.000000,0.000000,2,-126.91,-126.91,0,0,
08/27/2026,08:04:41:015,0.000000,0.000000,3,-125.23,-125.23,0,0,
08/27/2026,08:04:41:032,0.000000,0.000000,1,-103.82,-103.82,0,0,
08/27/2026,08:04:41:062,0.000000,0.000000,4,-126.08,-126.08,0,0,
08/27/2026,08:04:41:169,0.000000,0.000000,2,-126.26,-126.26,0,0,
08/27/2026,08:04:41:309,0.000000,0.000000,3,-126.08,-126.08,0,0,
08/27/2026,08:04:41:310,0.000000,0.000000,1,-101.83,-101.83,0,0,
08/27/2026,08:04:41:342,0.000000,0.000000,4,-128.19,-128.19,0,0,
08/27/2026,08:04:41:433,0.000000,0.000000,2,-125.72,-125.72,0,0,
08/27/2026,08:04:41:573,0.000000,0.000000,3,-126.48,-126.48,0,0,
08/27/2026,08:04:41:609,0.000000,0.000000,1,-103.76,-103.76,0,0,
08/27/2026,08:04:41:616,0.000000,0.000000,4,-124.91,-124.91,0,0,
08/27/2026,08:04:41:733,0.000000,0.000000,2,-127.47,-127.47,0,0,
08/27/2026,08:04:41:873,0.000000,0.000000,3,-125.33,-125.33,0,0,
08/27/2026,08:04:41:884,0.000000,0.000000,1,-98.36,-98.36,0,0,
08/27/2026,08:04:41:894,0.000000,0.000000,4,-127.1,-127.1,0,0,
08/27/2026,08:04:42:090,0.000000,0.000000,2,-126.95,-126.95,0,0,
08/27/2026,08:04:42:200,0.000000,0.000000,3,-127.26,-127.26,0,0,
08/27/2026,08:04:42:203,0.000000,0.000000,1,-100.45,-100.45,0,0,
08/27/2026,08:04:42:213,0.000000,0.000000,4,-124.78,-124.78,0,0,
08/27/2026,08:04:42:264,0.000000,0.000000,2,-127.19,-127.19,0,0,
08/27/2026,08:04:42:401,0.000000,0.000000,3,-125.49,-125.49,0,0,
08/27/2026,08:04:42:409,0.000000,0.000000,1,-101.96,-101.96,0,0,
08/27/2026,08:04:42:442,0.000000,0.000000,4,-127.17,-127.17,0,0,
08/27/2026,08:04:42:539,0.000000,0.000000,2,-128.33,-128.33,0,0,
08/27/2026,08:04:42:667,0.000000,0.000000,3,-125.23,-125.23,0,0,
08/27/2026,08:04:42:689,0.000000,0.000000,1,-96.34,-96.34,0,0,
08/27/2026,08:04:42:723,0.000000,0.000000,4,-127.34,-127.34,0,0,
08/27/2026,08:04:42:814,0.000000,0.000000,2,-126.14,-126.14,0,0,
08/27/2026,08:04:42:943,0.000000,0.000000,3,-127.22,-127.22,0,0,
08/27/2026,08:04:42:961,0.000000,0.000000,1,-95.5,-95.5,0,0,
08/27/2026,08:04:42:996,0.000000,0.000000,4,-124.65,-124.65,0,0,
08/27/2026,08:04:43:129,0.000000,0.000000,2,-127.14,-127.14,0,0,
08/27/2026,08:04:43:255,0.000000,0.000000,3,-126.47,-126.47,0,0,
08/27/2026,08:04:43:258,0.000000,0.000000,1,-97.2,-97.2,0,0,
08/27/2026,08:04:43:325,0.000000,0.000000,4,-126.76,-126.76,0,0,
08/27/2026,08:04:43:392,0.000000,0.000000,2,-128.55,-128.55,0,0,
08/27/2026,08:04:43:527,0.000000,0.000000,3,-125.45,-125.45,0,0,
08/27/2026,08:04:43:559,0.000000,0.000000,1,-102.3,-102.3,0,0,
08/27/2026,08:04:43:567,0.000000,0.000000,4,-126.55,-126.55,0,0,
08/27/2026,08:04:43:651,0.000000,0.000000,2,-126.75,-126.75,0,0,
08/27/2026,08:04:43:791,0.000000,0.000000,3,-128.8,-128.8,0,0,
08/27/2026,08:04:43:794,0.000000,0.000000,1,-99.65,-99.65,0,0,
08/27/2026,08:04:43:826,0.000000,0.000000,4,-126.28,-126.28,0,0,
08/27/2026,08:04:43:911,0.000000,0.000000,2,-128.22,-128.22,0,0,
08/27/2026,08:04:44:050,0.000000,0.000000,3,-127.24,-127.24,0,0,
08/27/2026,08:04:44:081,0.000000,0.000000,1,-96.17,-96.17,0,0,
08/27/2026,08:04:44:104,0.000000,0.000000,4,-126.26,-126.26,0,0,
08/27/2026,08:04:44:199,0.000000,0.000000,2,-127.27,-127.27,0,0,
08/27/2026,08:04:44:326,0.000000,0.000000,3,-127.59,-127.59,0,0,
08/27/2026,08:04:44:344,0.000000,0.000000,1,-94.46,-94.46,0,0,
08/27/2026,08:04:44:406,0.000000,0.000000,4,-127.17,-127.17,0,0,
08/27/2026,08:04:44:473,0.000000,0.000000,2,-127.36,-127.36,0,0,
08/27/2026,08:04:44:611,0.000000,0.000000,3,-126.67,-126.67,0,0,
08/27/2026,08:04:44:622,0.000000,0.000000,1,-102.87,-102.87,0,0,
08/27/2026,08:04:44:674,0.000000,0.000000,4,-126.66,-126.66,0,0,
08/27/2026,08:04:44:743,0.000000,0.000000,2,-126.85,-126.85,0,0,
08/27/2026,08:04:44:880,0.000000,0.000000,3,-126.31,-126.31,0,0,
08/27/2026,08:04:44:911,0.000000,0.000000,1,-104.07,-104.07,0,0,
08/27/2026,08:04:44:939,0.000000,0.000000,4,-127.39,-127.39,0,0,
08/27/2026,08:04:45:022,0.000000,0.000000,2,-126.25,-126.25,0,0,
08/27/2026,08:04:45:154,0.000000,0.000000,3,-127.33,-127.33,0,0,
08/27/2026,08:04:45:175,0.000000,0.000000,1,-103.98,-103.98,0,0,
08/27/2026,08:04:45:206,0.000000,0.000000,4,-125.03,-125.03,0,0,
08/27/2026,08:04:45:295,0.000000,0.000000,2,-126.11,-126.11,0,0,
08/27/2026,08:04:45:454,0.000000,0.000000,3,-125.83,-125.83,0,0,
08/27/2026,08:04:45:460,0.000000,0.000000,1,-107.13,-107.13,0,0,
08/27/2026,08:04:45:495,0.000000,0.000000,4,-125.11,-125.11,0,0,
08/27/2026,08:04:45:589,0.000000,0.000000,2,-127.67,-127.67,0,0,
08/27/2026,08:04:45:735,0.000000,0.000000,3,-126.8,-126.8,0,0,
08/27/2026,08:04:45:739,0.000000,0.000000,1,-96.67,-96.67,0,0,
08/27/2026,08:04:45:760,0.000000,0.000000,4,-125.82,-125.82,0,0,
08/27/2026,08:04:45:846,0.000000,0.000000,2,-127.17,-127.17,0,0,
08/27/2026,08:04:45:987,0.000000,0.000000,3,-125.61,-125.61,0,0,
08/27/2026,08:04:46:008,0.000000,0.000000,1,-96.45,-96.45,0,0,
08/27/2026,08:04:46:038,0.000000,0.000000,4,-125.45,-125.45,0,0,
08/27/2026,08:04:46:130,0.000000,0.000000,2,-125.55,-125.55,0,0,
08/27/2026,08:04:46:268,0.000000,0.000000,3,-125.87,-125.87,0,0,
08/27/2026,08:04:46:278,0.000000,0.000000,1,-98.92,-98.92,0,0,
08/27/2026,08:04:46:335,0.000000,0.000000,4,-126.53,-126.53,0,0,
08/27/2026,08:04:46:402,0.000000,0.000000,2,-125.73,-125.73,0,0,
08/27/2026,08:04:46:544,0.000000,0.000000,3,-121.86,-121.86,0,0,
08/27/2026,08:04:46:573,0.000000,0.000000,1,-98.14,-98.14,0,0,
08/27/2026,08:04:46:607,0.000000,0.000000,4,-126.36,-126.36,0,0,
08/27/2026,08:04:46:685,0.000000,0.000000,2,-126.57,-126.57,0,0,
08/27/2026,08:04:46:822,0.000000,0.000000,3,-126.58,-126.58,0,0,
08/27/2026,08:04:46:832,0.000000,0.000000,1,-103.69,-103.69,0,0,
08/27/2026,08:04:46:865,0.000000,0.000000,4,-125.05,-125.05,0,0,
08/27/2026,08:04:46:996,0.000000,0.000000,2,-126.43,-126.43,0,0,
08/27/2026,08:04:47:207,0.000000,0.000000,3,-127.87,-127.87,0,0,
08/27/2026,08:04:48:148,0.000000,0.000000,1,-99.8,-99.8,0,0,
08/27/2026,08:04:48:150,0.000000,0.000000,4,-124.85,-124.85,0,0,
08/27/2026,08:04:48:643,0.000000,0.000000,2,-127.99,-127.99,0,0,
08/27/2026,08:04:48:674,0.000000,0.000000,3,-125.95,-125.95,0,0,
08/27/2026,08:04:48:682,0.000000,0.000000,1,-100.81,-100.81,0,0,
08/27/2026,08:04:48:691,0.000000,0.000000,4,-125.91,-125.91,0,0,
08/27/2026,08:04:48:709,0.000000,0.000000,2,-128.1,-128.1,0,0,
08/27/2026,08:04:48:740,0.000000,0.000000,3,-125.64,-125.64,0,0,
08/27/2026,08:04:48:744,0.000000,0.000000,1,-102.64,-102.64,0,0,
08/27/2026,08:04:48:755,0.000000,0.000000,4,-126.63,-126.63,0,0,
08/27/2026,08:04:48:798,0.000000,0.000000,2,-124.05,-124.05,0,0,
08/27/2026,08:04:48:829,0.000000,0.000000,3,-126.15,-126.15,0,0,
08/27/2026,08:04:48:833,0.000000,0.000000,1,-97.32,-97.32,0,0,
08/27/2026,08:04:48:852,0.000000,0.000000,4,-127.37,-127.37,0,0,
08/27/2026,08:04:48:903,0.000000,0.000000,2,-126.8,-126.8,0,0,
08/27/2026,08:04:48:971,0.000000,0.000000,3,-127.24,-127.24,0,0,
08/27/2026,08:04:48:975,0.000000,0.000000,1,-104.29,-104.29,0,0,
08/27/2026,08:04:48:982,0.000000,0.000000,4,-126.55,-126.55,0,0,
08/27/2026,08:04:49:066,0.000000,0.000000,2,-128.55,-128.55,0,0,
08/27/2026,08:04:49:162,0.000000,0.000000,3,-125.51,-125.51,0,0,
08/27/2026,08:04:49:165,0.000000,0.000000,1,-101.82,-101.82,0,0,
08/27/2026,08:04:49:176,0.000000,0.000000,4,-126.15,-126.15,0,0,
08/27/2026,08:04:49:296,0.000000,0.000000,2,-125.89,-125.89,0,0,
08/27/2026,08:04:49:390,0.000000,0.000000,3,-125.47,-125.47,0,0,
08/27/2026,08:04:49:393,0.000000,0.000000,1,-107.18,-107.18,0,0,
08/27/2026,08:04:49:434,0.000000,0.000000,4,-125.79,-125.79,0,0,
08/27/2026,08:04:49:487,0.000000,0.000000,2,-125.78,-125.78,0,0,
08/27/2026,08:04:49:566,0.000000,0.000000,3,-127.86,-127.86,0,0,
08/27/2026,08:04:49:570,0.000000,0.000000,1,-101.11,-101.11,0,0,
08/27/2026,08:04:49:577,0.000000,0.000000,4,-126.41,-126.41,0,0,
08/27/2026,08:04:49:602,0.000000,0.000000,2,-127.34,-127.34,0,0,
08/27/2026,08:04:49:671,0.000000,0.000000,3,-123.67,-123.67,0,0,
08/27/2026,08:04:49:680,0.000000,0.000000,1,-111.22,-111.22,0,0,
08/27/2026,08:04:49:687,0.000000,0.000000,4,-127.13,-127.13,0,0,
08/27/2026,08:04:49:715,0.000000,0.000000,2,-127.27,-127.27,0,0,
08/27/2026,08:04:49:772,0.000000,0.000000,3,-126.32,-126.32,0,0,
08/27/2026,08:04:49:796,0.000000,0.000000,1,-105.18,-105.18,0,0,
08/27/2026,08:04:49:814,0.000000,0.000000,4,-127.35,-127.35,0,0,
08/27/2026,08:04:49:852,0.000000,0.000000,2,-122.92,-122.92,0,0,
08/27/2026,08:04:49:981,0.000000,0.000000,3,-126.01,-126.01,0,0,
08/27/2026,08:04:49:995,0.000000,0.000000,1,-104.71,-104.71,0,0,
08/27/2026,08:04:50:031,0.000000,0.000000,4,-126.66,-126.66,0,0,
08/27/2026,08:04:50:135,0.000000,0.000000,2,-126.69,-126.69,0,0,
08/27/2026,08:04:50:291,0.000000,0.000000,3,-127.58,-127.58,0,0,
08/27/2026,08:04:50:298,0.000000,0.000000,1,-104.45,-104.45,0,0,
08/27/2026,08:04:50:323,0.000000,0.000000,4,-126.3,-126.3,0,0,
08/27/2026,08:04:50:422,0.000000,0.000000,2,-125.85,-125.85,0,0,
08/27/2026,08:04:50:578,0.000000,0.000000,3,-125.67,-125.67,0,0,
08/27/2026,08:04:50:586,0.000000,0.000000,1,-104.18,-104.18,0,0,
08/27/2026,08:04:50:604,0.000000,0.000000,4,-124.44,-124.44,0,0,
08/27/2026,08:04:50:688,0.000000,0.000000,2,-126.4,-126.4,0,0,
08/27/2026,08:04:50:832,0.000000,0.000000,3,-124.86,-124.86,0,0,
08/27/2026,08:04:50:850,0.000000,0.000000,1,-100.74,-100.74,0,0,
08/27/2026,08:04:50:902,0.000000,0.000000,4,-125.01,-125.01,0,0,
08/27/2026,08:04:50:992,0.000000,0.000000,2,-127.27,-127.27,0,0,
08/27/2026,08:04:51:118,0.000000,0.000000,3,-122.61,-122.61,0,0,
08/27/2026,08:04:51:120,0.000000,0.000000,1,-102.74,-102.74,0,0,
08/27/2026,08:04:51:163,0.000000,0.000000,4,-127.18,-127.18,0,0,
08/27/2026,08:04:51:250,0.000000,0.000000,2,-126.41,-126.41,0,0,
08/27/2026,08:04:51:385,0.000000,0.000000,3,-125.17,-125.17,0,0,
08/27/2026,08:04:51:400,0.000000,0.000000,1,-97.26,-97.26,0,0,
08/27/2026,08:04:51:434,0.000000,0.000000,4,-127.62,-127.62,0,0,
08/27/2026,08:04:51:519,0.000000,0.000000,2,-126.52,-126.52,0,0,
08/27/2026,08:04:51:658,0.000000,0.000000,3,-126.47,-126.47,0,0,
08/27/2026,08:04:51:682,0.000000,0.000000,1,-97.2,-97.2,0,0,
08/27/2026,08:04:51:710,0.000000,0.000000,4,-125.84,-125.84,0,0,
08/27/2026,08:04:51:798,0.000000,0.000000,2,-126.94,-126.94,0,0,
08/27/2026,08:04:51:947,0.000000,0.000000,3,-125.58,-125.58,0,0,
08/27/2026,08:04:51:962,0.000000,0.000000,1,-103.53,-103.53,0,0,
08/27/2026,08:04:51:988,0.000000,0.000000,4,-124.93,-124.93,0,0,
08/27/2026,08:04:52:097,0.000000,0.000000,2,-127.79,-127.79,0,0,
08/27/2026,08:04:52:211,0.000000,0.000000,3,-125.47,-125.47,0,0,
08/27/2026,08:04:52:234,0.000000,0.000000,1,-105.55,-105.55,0,0,
08/27/2026,08:04:52:263,0.000000,0.000000,4,-126.33,-126.33,0,0,
08/27/2026,08:04:52:352,0.000000,0.000000,2,-128.45,-128.45,0,0,
08/27/2026,08:04:52:486,0.000000,0.000000,3,-124.04,-124.04,0,0,
08/27/2026,08:04:52:501,0.000000,0.000000,1,-101.54,-101.54,0,0,
08/27/2026,08:04:52:535,0.000000,0.000000,4,-125.72,-125.72,0,0,
08/27/2026,08:04:52:632,0.000000,0.000000,2,-126.5,-126.5,0,0,
08/27/2026,08:04:52:763,0.000000,0.000000,3,-127.71,-127.71,0,0,
08/27/2026,08:04:52:796,0.000000,0.000000,1,-105.58,-105.58,0,0,
08/27/2026,08:04:52:841,0.000000,0.000000,4,-125.76,-125.76,0,0,
08/27/2026,08:04:52:898,0.000000,0.000000,2,-128.14,-128.14,0,0,
08/27/2026,08:04:53:047,0.000000,0.000000,3,-127.93,-127.93,0,0,
08/27/2026,08:04:53:055,0.000000,0.000000,1,-107.18,-107.18,0,0,
08/27/2026,08:04:53:093,0.000000,0.000000,4,-127.48,-127.48,0,0,
08/27/2026,08:04:53:176,0.000000,0.000000,2,-126.93,-126.93,0,0,
08/27/2026,08:04:53:317,0.000000,0.000000,3,-127.88,-127.88,0,0,
08/27/2026,08:04:53:378,0.000000,0.000000,1,-102.71,-102.71,0,0,
08/27/2026,08:04:53:384,0.000000,0.000000,4,-127.21,-127.21,0,0,
08/27/2026,08:04:53:454,0.000000,0.000000,2,-125.91,-125.91,0,0,
08/27/2026,08:04:53:590,0.000000,0.000000,3,-126.21,-126.21,0,0,
08/27/2026,08:04:53:613,0.000000,0.000000,1,-103.34,-103.34,0,0,
08/27/2026,08:04:53:758,0.000000,0.000000,4,-126.29,-126.29,0,0,
08/27/2026,08:04:53:794,0.000000,0.000000,2,-125.53,-125.53,0,0,
08/27/2026,08:04:53:884,0.000000,0.000000,3,-126.78,-126.78,0,0,
08/27/2026,08:04:53:886,0.000000,0.000000,1,-102.77,-102.77,0,0,
08/27/2026,08:04:53:923,0.000000,0.000000,4,-127.64,-127.64,0,0,
08/27/2026,08:04:54:010,0.000000,0.000000,2,-125.96,-125.96,0,0,
08/27/2026,08:04:54:151,0.000000,0.000000,3,-124.58,-124.58,0,0,
08/27/2026,08:04:54:160,0.000000,0.000000,1,-99.96,-99.96,0,0,
08/27/2026,08:04:54:194,0.000000,0.000000,4,-125.79,-125.79,0,0,
08/27/2026,08:04:54:296,0.000000,0.000000,2,-126.67,-126.67,0,0,
08/27/2026,08:04:54:428,0.000000,0.000000,3,-126.94,-126.94,0,0,
08/27/2026,08:04:54:436,0.000000,0.000000,1,-103.67,-103.67,0,0,
08/27/2026,08:04:54:470,0.000000,0.000000,4,-125.93,-125.93,0,0,
08/27/2026,08:04:54:569,0.000000,0.000000,2,-126.64,-126.64,0,0,
08/27/2026,08:04:54:705,0.000000,0.000000,3,-125.88,-125.88,0,0,
08/27/2026,08:04:54:736,0.000000,0.000000,1,-101.6,-101.6,0,0,
08/27/2026,08:04:54:751,0.000000,0.000000,4,-124.23,-124.23,0,0,
08/27/2026,08:04:54:858,0.000000,0.000000,2,-126.3,-126.3,0,0,
08/27/2026,08:04:54:985,0.000000,0.000000,3,-127.53,-127.53,0,0,
08/27/2026,08:04:54:997,0.000000,0.000000,1,-93.42,-93.42,0,0,
08/27/2026,08:04:55:031,0.000000,0.000000,4,-127.23,-127.23,0,0,
08/27/2026,08:04:55:117,0.000000,0.000000,2,-125.34,-125.34,0,0,
08/27/2026,08:04:55:253,0.000000,0.000000,3,-125.36,-125.36,0,0,
08/27/2026,08:04:55:268,0.000000,0.000000,1,-101.95,-101.95,0,0,
08/27/2026,08:04:55:337,0.000000,0.000000,4,-126.37,-126.37,0,0,
08/27/2026,08:04:55:405,0.000000,0.000000,2,-127.42,-127.42,0,0,
08/27/2026,08:04:55:533,0.000000,0.000000,3,-125.67,-125.67,0,0,
08/27/2026,08:04:55:549,0.000000,0.000000,1,-95.51,-95.51,0,0,
08/27/2026,08:04:55:576,0.000000,0.000000,4,-126.04,-126.04,0,0,
08/27/2026,08:04:55:667,0.000000,0.000000,2,-127.26,-127.26,0,0,
08/27/2026,08:04:55:808,0.000000,0.000000,3,-127.57,-127.57,0,0,
08/27/2026,08:04:55:820,0.000000,0.000000,1,-105,-105,0,0,
08/27/2026,08:04:55:860,0.000000,0.000000,4,-127.47,-127.47,0,0,
08/27/2026,08:04:55:938,0.000000,0.000000,2,-127.11,-127.11,0,0,
08/27/2026,08:04:56:079,0.000000,0.000000,3,-127.47,-127.47,0,0,
08/27/2026,08:04:56:102,0.000000,0.000000,1,-95.84,-95.84,0,0,
08/27/2026,08:04:56:127,0.000000,0.000000,4,-126.07,-126.07,0,0,
08/27/2026,08:04:56:215,0.000000,0.000000,2,-125.59,-125.59,0,0,
08/27/2026,08:04:56:386,0.000000,0.000000,3,-124.99,-124.99,0,0,
08/27/2026,08:04:56:390,0.000000,0.000000,1,-106.9,-106.9,0,0,
08/27/2026,08:04:56:429,0.000000,0.000000,4,-126.63,-126.63,0,0,
08/27/2026,08:04:56:518,0.000000,0.000000,2,-127.21,-127.21,0,0,
08/27/2026,08:04:56:641,0.000000,0.000000,3,-124.11,-124.11,0,0,
08/27/2026,08:04:56:655,0.000000,0.000000,1,-100.67,-100.67,0,0,
08/27/2026,08:04:56:696,0.000000,0.000000,4,-127.11,-127.11,0,0,
08/27/2026,08:04:56:776,0.000000,0.000000,2,-127.08,-127.08,0,0,
08/27/2026,08:04:56:910,0.000000,0.000000,3,-125.85,-125.85,0,0,
08/27/2026,08:04:56:927,0.000000,0.000000,1,-99.86,-99.86,0,0,
08/27/2026,08:04:56:963,0.000000,0.000000,4,-127.41,-127.41,0,0,
08/27/2026,08:04:57:050,0.000000,0.000000,2,-126.39,-126.39,0,0,
08/27/2026,08:04:57:193,0.000000,0.000000,3,-128.02,-128.02,0,0,
08/27/2026,08:04:57:198,0.000000,0.000000,1,-96.15,-96.15,0,0,
08/27/2026,08:04:57:236,0.000000,0.000000,4,-126.6,-126.6,0,0,
08/27/2026,08:04:57:343,0.000000,0.000000,2,-126.44,-126.44,0,0,
08/27/2026,08:04:57:474,0.000000,0.000000,3,-125.47,-125.47,0,0,
08/27/2026,08:04:57:482,0.000000,0.000000,1,-98.85,-98.85,0,0,
08/27/2026,08:04:57:519,0.000000,0.000000,4,-125.42,-125.42,0,0,
08/27/2026,08:04:57:598,0.000000,0.000000,2,-126.92,-126.92,0,0,
08/27/2026,08:04:57:743,0.000000,0.000000,3,-127.01,-127.01,0,0,
08/27/2026,08:04:57:757,0.000000,0.000000,1,-101.72,-101.72,0,0,
08/27/2026,08:04:57:787,0.000000,0.000000,4,-124.16,-124.16,0,0,
08/27/2026,08:04:57:876,0.000000,0.000000,2,-127.47,-127.47,0,0,
08/27/2026,08:04:58:017,0.000000,0.000000,3,-123.8,-123.8,0,0,
08/27/2026,08:04:58:050,0.000000,0.000000,1,-104.35,-104.35,0,0,
08/27/2026,08:04:58:063,0.000000,0.000000,4,-127.03,-127.03,0,0,
08/27/2026,08:04:58:150,0.000000,0.000000,2,-127.22,-127.22,0,0,
08/27/2026,08:04:58:313,0.000000,0.000000,3,-128.2,-128.2,0,0,
08/27/2026,08:04:58:315,0.000000,0.000000,1,-103.27,-103.27,0,0,
08/27/2026,08:04:58:355,0.000000,0.000000,4,-128.18,-128.18,0,0,
08/27/2026,08:04:58:439,0.000000,0.000000,2,-126.41,-126.41,0,0,
08/27/2026,08:04:58:608,0.000000,0.000000,3,-127.66,-127.66,0,0,
08/27/2026,08:04:58:610,0.000000,0.000000,1,-99.74,-99.74,0,0,
08/27/2026,08:04:58:617,0.000000,0.000000,4,-126.1,-126.1,0,0,
08/27/2026,08:04:58:707,0.000000,0.000000,2,-126.76,-126.76,0,0,
08/27/2026,08:04:58:914,0.000000,0.000000,3,-125.39,-125.39,0,0,
08/27/2026,08:04:58:919,0.000000,0.000000,1,-104.61,-104.61,0,0,
08/27/2026,08:04:58:925,0.000000,0.000000,4,-124.37,-124.37,0,0,
08/27/2026,08:04:58:979,0.000000,0.000000,2,-127.96,-127.96,0,0,
08/27/2026,08:04:59:123,0.000000,0.000000,3,-126.28,-126.28,0,0,
08/27/2026,08:04:59:134,0.000000,0.000000,1,-100.19,-100.19,0,0,
08/27/2026,08:04:59:176,0.000000,0.000000,4,-127.18,-127.18,0,0,
08/27/2026,08:04:59:267,0.000000,0.000000,2,-125.88,-125.88,0,0,
08/27/2026,08:04:59:403,0.000000,0.000000,3,-127.01,-127.01,0,0,
08/27/2026,08:04:59:413,0.000000,0.000000,1,-100.95,-100.95,0,0,
08/27/2026,08:04:59:451,0.000000,0.000000,4,-124.94,-124.94,0,0,
08/27/2026,08:04:59:536,0.000000,0.000000,2,-126.65,-126.65,0,0,
08/27/2026,08:04:59:683,0.000000,0.000000,3,-126.42,-126.42,0,0,
08/27/2026,08:04:59:686,0.000000,0.000000,1,-106.82,-106.82,0,0,
08/27/2026,08:04:59:747,0.000000,0.000000,4,-125.83,-125.83,0,0,
08/27/2026,08:04:59:810,0.000000,0.000000,2,-124.99,-124.99,0,0,
08/27/2026,08:04:59:952,0.000000,0.000000,3,-127.61,-127.61,0,0,
08/27/2026,08:04:59:963,0.000000,0.000000,1,-106.93,-106.93,0,0,
08/27/2026,08:04:59:997,0.000000,0.000000,4,-126.31,-126.31,0,0,
08/27/2026,08:05:00:094,0.000000,0.000000,2,-126.72,-126.72,0,0,
08/27/2026,08:05:00:243,0.000000,0.000000,3,-126.85,-126.85,0,0,
08/27/2026,08:05:00:254,0.000000,0.000000,1,-106.42,-106.42,0,0,
08/27/2026,08:05:00:322,0.000000,0.000000,4,-124.4,-124.4,0,0,
08/27/2026,08:05:00:381,0.000000,0.000000,2,-126.41,-126.41,0,0,
08/27/2026,08:05:00:513,0.000000,0.000000,3,-126.86,-126.86,0,0,
08/27/2026,08:05:00:519,0.000000,0.000000,1,-114.67,-114.67,0,0,
08/27/2026,08:05:00:551,0.000000,0.000000,4,-125.83,-125.83,0,0,
08/27/2026,08:05:00:639,0.000000,0.000000,2,-126.43,-126.43,0,0,
08/27/2026,08:05:00:785,0.000000,0.000000,3,-127.58,-127.58,0,0,
08/27/2026,08:05:00:792,0.000000,0.000000,1,-98.68,-98.68,0,0,
08/27/2026,08:05:00:831,0.000000,0.000000,4,-127.59,-127.59,0,0,
08/27/2026,08:05:00:923,0.000000,0.000000,2,-126.69,-126.69,0,0,
08/27/2026,08:05:01:061,0.000000,0.000000,3,-127.16,-127.16,0,0,
08/27/2026,08:05:01:086,0.000000,0.000000,1,-106.27,-106.27,0,0,
08/27/2026,08:05:01:115,0.000000,0.000000,4,-126.12,-126.12,0,0,
08/27/2026,08:05:01:197,0.000000,0.000000,2,-126.9,-126.9,0,0,
08/27/2026,08:05:01:329,0.000000,0.000000,3,-127.09,-127.09,0,0,
08/27/2026,08:05:01:349,0.000000,0.000000,1,-103.69,-103.69,0,0,
08/27/2026,08:05:01:383,0.000000,0.000000,4,-125.84,-125.84,0,0,
08/27/2026,08:05:01:466,0.000000,0.000000,2,-125.13,-125.13,0,0,
08/27/2026,08:05:01:610,0.000000,0.000000,3,-126.2,-126.2,0,0,
08/27/2026,08:05:01:624,0.000000,0.000000,1,-98.59,-98.59,0,0,
08/27/2026,08:05:01:670,0.000000,0.000000,4,-127.33,-127.33,0,0,
08/27/2026,08:05:01:744,0.000000,0.000000,2,-128.51,-128.51,0,0,
08/27/2026,08:05:01:885,0.000000,0.000000,3,-127.49,-127.49,0,0,
08/27/2026,08:05:01:900,0.000000,0.000000,1,-98.85,-98.85,0,0,
08/27/2026,08:05:01:956,0.000000,0.000000,4,-127.12,-127.12,0,0,
08/27/2026,08:05:02:039,0.000000,0.000000,2,-125.8,-125.8,0,0,
08/27/2026,08:05:02:182,0.000000,0.000000,3,-126.05,-126.05,0,0,
08/27/2026,08:05:02:186,0.000000,0.000000,1,-104.7,-104.7,0,0,
08/27/2026,08:05:02:220,0.000000,0.000000,4,-125.55,-125.55,0,0,
08/27/2026,08:05:02:337,0.000000,0.000000,2,-127.36,-127.36,0,0,
08/27/2026,08:05:02:445,0.000000,0.000000,3,-126.42,-126.42,0,0,
08/27/2026,08:05:02:451,0.000000,0.000000,1,-106.27,-106.27,0,0,
08/27/2026,08:05:02:486,0.000000,0.000000,4,-126.59,-126.59,0,0,
08/27/2026,08:05:02:583,0.000000,0.000000,2,-127.36,-127.36,0,0,
08/27/2026,08:05:02:722,0.000000,0.000000,3,-126.73,-126.73,0,0,
08/27/2026,08:05:02:727,0.000000,0.000000,1,-104.86,-104.86,0,0,
08/27/2026,08:05:02:761,0.000000,0.000000,4,-126.24,-126.24,0,0,
08/27/2026,08:05:02:872,0.000000,0.000000,2,-126.8,-126.8,0,0,
08/27/2026,08:05:02:993,0.000000,0.000000,3,-127.09,-127.09,0,0,
08/27/2026,08:05:03:026,0.000000,0.000000,1,-98.48,-98.48,0,0,
08/27/2026,08:05:03:038,0.000000,0.000000,4,-127.58,-127.58,0,0,
08/27/2026,08:05:03:134,0.000000,0.000000,2,-126.94,-126.94,0,0,
08/27/2026,08:05:03:262,0.000000,0.000000,3,-126.03,-126.03,0,0,
08/27/2026,08:05:03:281,0.000000,0.000000,1,-97.9,-97.9,0,0,
08/27/2026,08:05:03:322,0.000000,0.000000,4,-127.26,-127.26,0,0,
08/27/2026,08:05:03:401,0.000000,0.000000,2,-126.09,-126.09,0,0,
08/27/2026,08:05:03:556,0.000000,0.000000,3,-126.87,-126.87,0,0,
08/27/2026,08:05:03:564,0.000000,0.000000,1,-106.05,-106.05,0,0,
08/27/2026,08:05:03:609,0.000000,0.000000,4,-126.47,-126.47,0,0,
08/27/2026,08:05:03:679,0.000000,0.000000,2,-127.22,-127.22,0,0,
08/27/2026,08:05:03:831,0.000000,0.000000,3,-126.49,-126.49,0,0,
08/27/2026,08:05:03:866,0.000000,0.000000,1,-100.97,-100.97,0,0,
08/27/2026,08:05:03:873,0.000000,0.000000,4,-127.28,-127.28,0,0,
08/27/2026,08:05:04:039,0.000000,0.000000,2,-126.92,-126.92,0,0,
08/27/2026,08:05:04:121,0.000000,0.000000,3,-127.18,-127.18,0,0,
08/27/2026,08:05:04:133,0.000000,0.000000,1,-104.59,-104.59,0,0,
08/27/2026,08:05:04:163,0.000000,0.000000,4,-127.57,-127.57,0,0,
08/27/2026,08:05:04:234,0.000000,0.000000,2,-127.64,-127.64,0,0,
08/27/2026,08:05:04:372,0.000000,0.000000,3,-125.14,-125.14,0,0,
08/27/2026,08:05:04:399,0.000000,0.000000,1,-102.75,-102.75,0,0,
08/27/2026,08:05:04:418,0.000000,0.000000,4,-126.5,-126.5,0,0,
08/27/2026,08:05:04:522,0.000000,0.000000,2,-125.91,-125.91,0,0,
08/27/2026,08:05:04:644,0.000000,0.000000,3,-126.81,-126.81,0,0,
08/27/2026,08:05:04:663,0.000000,0.000000,1,-103.82,-103.82,0,0,
08/27/2026,08:05:04:705,0.000000,0.000000,4,-127.49,-127.49,0,0,
08/27/2026,08:05:04:791,0.000000,0.000000,2,-127.44,-127.44,0,0,
08/27/2026,08:05:04:932,0.000000,0.000000,3,-123.73,-123.73,0,0,
08/27/2026,08:05:04:941,0.000000,0.000000,1,-100.17,-100.17,0,0,
08/27/2026,08:05:05:002,0.000000,0.000000,4,-126.81,-126.81,0,0,
08/27/2026,08:05:05:069,0.000000,0.000000,2,-126.23,-126.23,0,0,
08/27/2026,08:05:05:200,0.000000,0.000000,3,-125.93,-125.93,0,0,
08/27/2026,08:05:05:223,0.000000,0.000000,1,-101.63,-101.63,0,0,
08/27/2026,08:05:05:249,0.000000,0.000000,4,-125.94,-125.94,0,0,
08/27/2026,08:05:05:342,0.000000,0.000000,2,-126.83,-126.83,0,0,
08/27/2026,08:05:05:477,0.000000,0.000000,3,-125.84,-125.84,0,0,
08/27/2026,08:05:05:491,0.000000,0.000000,1,-107.26,-107.26,0,0,
08/27/2026,08:05:05:523,0.000000,0.000000,4,-125.96,-125.96,0,0,
08/27/2026,08:05:05:634,0.000000,0.000000,2,-126.53,-126.53,0,0,
08/27/2026,08:05:05:797,0.000000,0.000000,3,-126.69,-126.69,0,0,
08/27/2026,08:05:05:805,0.000000,0.000000,1,-105.26,-105.26,0,0,
08/27/2026,08:05:05:812,0.000000,0.000000,4,-127.36,-127.36,0,0,
08/27/2026,08:05:05:894,0.000000,0.000000,2,-127.75,-127.75,0,0,
08/27/2026,08:05:06:035,0.000000,0.000000,3,-126.85,-126.85,0,0,
08/27/2026,08:05:06:044,0.000000,0.000000,1,-97.97,-97.97,0,0,
08/27/2026,08:05:06:083,0.000000,0.000000,4,-125.82,-125.82,0,0,
08/27/2026,08:05:06:168,0.000000,0.000000,2,-127.75,-127.75,0,0,
08/27/2026,08:05:06:307,0.000000,0.000000,3,-126.17,-126.17,0,0,
08/27/2026,08:05:06:322,0.000000,0.000000,1,-100.96,-100.96,0,0,
08/27/2026,08:05:06:366,0.000000,0.000000,4,-127.8,-127.8,0,0,
08/27/2026,08:05:06:441,0.000000,0.000000,2,-125.82,-125.82,0,0,
08/27/2026,08:05:06:582,0.000000,0.000000,3,-126.94,-126.94,0,0,
08/27/2026,08:05:06:602,0.000000,0.000000,1,-100.45,-100.45,0,0,
08/27/2026,08:05:06:643,0.000000,0.000000,4,-125.84,-125.84,0,0,
08/27/2026,08:05:06:719,0.000000,0.000000,2,-127.36,-127.36,0,0,
08/27/2026,08:05:06:864,0.000000,0.000000,3,-125.7,-125.7,0,0,
08/27/2026,08:05:06:871,0.000000,0.000000,1,-102.61,-102.61,0,0,
08/27/2026,08:05:06:914,0.000000,0.000000,4,-127.57,-127.57,0,0,
08/27/2026,08:05:07:009,0.000000,0.000000,2,-127.29,-127.29,0,0,
08/27/2026,08:05:07:139,0.000000,0.000000,3,-126.8,-126.8,0,0,
08/27/2026,08:05:07:155,0.000000,0.000000,1,-105.73,-105.73,0,0,
08/27/2026,08:05:07:193,0.000000,0.000000,4,-125.42,-125.42,0,0,
08/27/2026,08:05:07:281,0.000000,0.000000,2,-128.95,-128.95,0,0,
08/27/2026,08:05:07:407,0.000000,0.000000,3,-126.29,-126.29,0,0,
08/27/2026,08:05:07:434,0.000000,0.000000,1,-99.76,-99.76,0,0,
08/27/2026,08:05:07:460,0.000000,0.000000,4,-125.25,-125.25,0,0,
08/27/2026,08:05:07:566,0.000000,0.000000,2,-125.25,-125.25,0,0,
08/27/2026,08:05:07:713,0.000000,0.000000,3,-125.29,-125.29,0,0,
08/27/2026,08:05:07:718,0.000000,0.000000,1,-106.87,-106.87,0,0,
08/27/2026,08:05:07:748,0.000000,0.000000,4,-127.62,-127.62,0,0,
08/27/2026,08:05:07:833,0.000000,0.000000,2,-125.59,-125.59,0,0,
08/27/2026,08:05:07:988,0.000000,0.000000,3,-127.55,-127.55,0,0,
08/27/2026,08:05:07:989,0.000000,0.000000,1,-100.41,-100.41,0,0,
08/27/2026,08:05:08:030,0.000000,0.000000,4,-126.73,-126.73,0,0,
08/27/2026,08:05:08:116,0.000000,0.000000,2,-125.81,-125.81,0,0,
08/27/2026,08:05:08:245,0.000000,0.000000,3,-127.54,-127.54,0,0,
08/27/2026,08:05:08:256,0.000000,0.000000,1,-98.43,-98.43,0,0,
08/27/2026,08:05:08:293,0.000000,0.000000,4,-126.67,-126.67,0,0,
08/27/2026,08:05:08:375,0.000000,0.000000,2,-127.39,-127.39,0,0,
08/27/2026,08:05:08:517,0.000000,0.000000,3,-126.55,-126.55,0,0,
08/27/2026,08:05:08:530,0.000000,0.000000,1,-104.68,-104.68,0,0,
08/27/2026,08:05:08:567,0.000000,0.000000,4,-125.85,-125.85,0,0,
08/27/2026,08:05:08:654,0.000000,0.000000,2,-124.82,-124.82,0,0,
08/27/2026,08:05:08:792,0.000000,0.000000,3,-126.57,-126.57,0,0,
08/27/2026,08:05:08:806,0.000000,0.000000,1,-96.18,-96.18,0,0,
08/27/2026,08:05:08:851,0.000000,0.000000,4,-125.61,-125.61,0,0,
08/27/2026,08:05:08:938,0.000000,0.000000,2,-125.72,-125.72,0,0,
08/27/2026,08:05:09:065,0.000000,0.000000,3,-124.5,-124.5,0,0,
08/27/2026,08:05:09:186,0.000000,0.000000,1,-96.09,-96.09,0,0,
08/27/2026,08:05:09:191,0.000000,0.000000,4,-125.12,-125.12,0,0,
08/27/2026,08:05:09:209,0.000000,0.000000,2,-126.58,-126.58,0,0,
08/27/2026,08:05:09:376,0.000000,0.000000,3,-116.58,-116.58,0,0,
08/27/2026,08:05:09:408,0.000000,0.000000,1,-102.97,-102.97,0,0,
08/27/2026,08:05:09:415,0.000000,0.000000,4,-125.27,-125.27,0,0,
08/27/2026,08:05:09:503,0.000000,0.000000,2,-126.69,-126.69,0,0,
08/27/2026,08:05:09:625,0.000000,0.000000,3,-125.85,-125.85,0,0,
08/27/2026,08:05:09:678,0.000000,0.000000,1,-103,-103,0,0,
08/27/2026,08:05:09:685,0.000000,0.000000,4,-123.92,-123.92,0,0,
08/27/2026,08:05:09:758,0.000000,0.000000,2,-126.7,-126.7,0,0,
08/27/2026,08:05:09:898,0.000000,0.000000,3,-127.43,-127.43,0,0,
08/27/2026,08:05:09:916,0.000000,0.000000,1,-108.7,-108.7,0,0,
08/27/2026,08:05:09:950,0.000000,0.000000,4,-125.97,-125.97,0,0,
08/27/2026,08:05:10:033,0.000000,0.000000,2,-127.52,-127.52,0,0,
08/27/2026,08:05:10:177,0.000000,0.000000,3,-126.18,-126.18,0,0,
08/27/2026,08:05:10:189,0.000000,0.000000,1,-104,-104,0,0,
08/27/2026,08:05:10:223,0.000000,0.000000,4,-125.1,-125.1,0,0,
08/27/2026,08:05:10:315,0.000000,0.000000,2,-128.13,-128.13,0,0,
08/27/2026,08:05:10:455,0.000000,0.000000,3,-128.03,-128.03,0,0,
08/27/2026,08:05:10:482,0.000000,0.000000,1,-102.01,-102.01,0,0,
08/27/2026,08:05:10:512,0.000000,0.000000,4,-126.74,-126.74,0,0,
08/27/2026,08:05:10:609,0.000000,0.000000,2,-128.02,-128.02,0,0,
08/27/2026,08:05:10:735,0.000000,0.000000,3,-126.34,-126.34,0,0,
08/27/2026,08:05:10:757,0.000000,0.000000,1,-103.22,-103.22,0,0,
08/27/2026,08:05:10:786,0.000000,0.000000,4,-112.2,-112.2,0,0,
08/27/2026,08:05:10:875,0.000000,0.000000,2,-125.96,-125.96,0,0,
08/27/2026,08:05:11:017,0.000000,0.000000,3,-125.72,-125.72,0,0,
08/27/2026,08:05:11:029,0.000000,0.000000,1,-103.06,-103.06,0,0,
08/27/2026,08:05:11:061,0.000000,0.000000,4,-125.52,-125.52,0,0,
08/27/2026,08:05:11:152,0.000000,0.000000,2,-126.96,-126.96,0,0,
08/27/2026,08:05:11:287,0.000000,0.000000,3,-125.38,-125.38,0,0,
08/27/2026,08:05:11:314,0.000000,0.000000,1,-104.12,-104.12,0,0,
08/27/2026,08:05:11:367,0.000000,0.000000,4,-125.96,-125.96,0,0,
08/27/2026,08:05:11:480,0.000000,0.000000,2,-127.26,-127.26,0,0,
08/27/2026,08:05:11:611,0.000000,0.000000,3,-127.91,-127.91,0,0,
08/27/2026,08:05:11:643,0.000000,0.000000,1,-103.7,-103.7,0,0,
08/27/2026,08:05:11:647,0.000000,0.000000,4,-124.76,-124.76,0,0,
08/27/2026,08:05:11:729,0.000000,0.000000,2,-125.5,-125.5,0,0,
08/27/2026,08:05:11:853,0.000000,0.000000,3,-127.11,-127.11,0,0,
08/27/2026,08:05:11:872,0.000000,0.000000,1,-105.79,-105.79,0,0,
08/27/2026,08:05:11:910,0.000000,0.000000,4,-107.17,-107.17,0,0,
08/27/2026,08:05:11:989,0.000000,0.000000,2,-127.04,-127.04,0,0,
08/27/2026,08:05:12:128,0.000000,0.000000,3,-126.01,-126.01,0,0,
08/27/2026,08:05:12:156,0.000000,0.000000,1,-109.07,-109.07,0,0,
08/27/2026,08:05:12:184,0.000000,0.000000,4,-126.5,-126.5,0,0,
08/27/2026,08:05:12:268,0.000000,0.000000,2,-124.97,-124.97,0,0,
08/27/2026,08:05:12:421,0.000000,0.000000,3,-126.8,-126.8,0,0,
08/27/2026,08:05:12:424,0.000000,0.000000,1,-102.96,-102.96,0,0,
08/27/2026,08:05:12:463,0.000000,0.000000,4,-125.32,-125.32,0,0,
08/27/2026,08:05:12:552,0.000000,0.000000,2,-118.24,-118.24,0,0,
08/27/2026,08:05:12:724,0.000000,0.000000,3,-126.44,-126.44,0,0,
08/27/2026,08:05:12:738,0.000000,0.000000,1,-101.45,-101.45,0,0,
08/27/2026,08:05:12:749,0.000000,0.000000,4,-125.68,-125.68,0,0,
08/27/2026,08:05:12:818,0.000000,0.000000,2,-126.28,-126.28,0,0,
08/27/2026,08:05:12:957,0.000000,0.000000,3,-125.22,-125.22,0,0,
08/27/2026,08:05:12:992,0.000000,0.000000,1,-98.51,-98.51,0,0,
08/27/2026,08:05:13:008,0.000000,0.000000,4,-127.11,-127.11,0,0,
08/27/2026,08:05:13:097,0.000000,0.000000,2,-124.78,-124.78,0,0,
08/27/2026,08:05:13:234,0.000000,0.000000,3,-125.92,-125.92,0,0,
08/27/2026,08:05:13:259,0.000000,0.000000,1,-99.65,-99.65,0,0,
08/27/2026,08:05:13:301,0.000000,0.000000,4,-127.54,-127.54,0,0,
08/27/2026,08:05:13:386,0.000000,0.000000,2,-127,-127,0,0,
08/27/2026,08:05:13:530,0.000000,0.000000,3,-127.52,-127.52,0,0,
08/27/2026,08:05:13:558,0.000000,0.000000,1,-108.34,-108.34,0,0,
08/27/2026,08:05:13:570,0.000000,0.000000,4,-128.06,-128.06,0,0,
08/27/2026,08:05:13:657,0.000000,0.000000,2,-126.97,-126.97,0,0,
08/27/2026,08:05:13:793,0.000000,0.000000,3,-126.38,-126.38,0,0,
08/27/2026,08:05:13:807,0.000000,0.000000,1,-95.48,-95.48,0,0,
08/27/2026,08:05:13:857,0.000000,0.000000,4,-124.82,-124.82,0,0,
08/27/2026,08:05:13:924,0.000000,0.000000,2,-127.43,-127.43,0,0,
08/27/2026,08:05:14:067,0.000000,0.000000,3,-127.97,-127.97,0,0,
08/27/2026,08:05:14:079,0.000000,0.000000,1,-92.76,-92.76,0,0,
08/27/2026,08:05:14:139,0.000000,0.000000,4,-126.69,-126.69,0,0,
08/27/2026,08:05:14:208,0.000000,0.000000,2,-127.1,-127.1,0,0,
08/27/2026,08:05:14:360,0.000000,0.000000,3,-126.9,-126.9,0,0,
08/27/2026,08:05:14:367,0.000000,0.000000,1,-98.11,-98.11,0,0,
08/27/2026,08:05:14:392,0.000000,0.000000,4,-126.82,-126.82,0,0,
08/27/2026,08:05:14:489,0.000000,0.000000,2,-127.73,-127.73,0,0,
08/27/2026,08:05:14:615,0.000000,0.000000,3,-126.61,-126.61,0,0,
08/27/2026,08:05:14:636,0.000000,0.000000,1,-99.56,-99.56,0,0,
08/27/2026,08:05:14:673,0.000000,0.000000,4,-125.19,-125.19,0,0,
08/27/2026,08:05:14:756,0.000000,0.000000,2,-127.41,-127.41,0,0,
08/27/2026,08:05:14:913,0.000000,0.000000,3,-125.53,-125.53,0,0,
08/27/2026,08:05:14:917,0.000000,0.000000,1,-97.01,-97.01,0,0,
08/27/2026,08:05:14:962,0.000000,0.000000,4,-126.85,-126.85,0,0,
08/27/2026,08:05:15:044,0.000000,0.000000,2,-126.5,-126.5,0,0,
08/27/2026,08:05:15:171,0.000000,0.000000,3,-126.45,-126.45,0,0,
08/27/2026,08:05:15:210,0.000000,0.000000,1,-95.47,-95.47,0,0,
08/27/2026,08:05:15:222,0.000000,0.000000,4,-126.75,-126.75,0,0,
08/27/2026,08:05:15:309,0.000000,0.000000,2,-127.67,-127.67,0,0,
08/27/2026,08:05:15:451,0.000000,0.000000,3,-126.17,-126.17,0,0,
08/27/2026,08:05:15:513,0.000000,0.000000,1,-104.21,-104.21,0,0,
08/27/2026,08:05:15:530,0.000000,0.000000,4,-125.22,-125.22,0,0,
08/27/2026,08:05:15:582,0.000000,0.000000,2,-126.68,-126.68,0,0,
08/27/2026,08:05:15:722,0.000000,0.000000,3,-127.42,-127.42,0,0,
08/27/2026,08:05:15:746,0.000000,0.000000,1,-94.36,-94.36,0,0,
08/27/2026,08:05:15:775,0.000000,0.000000,4,-125.36,-125.36,0,0,
08/27/2026,08:05:15:860,0.000000,0.000000,2,-126.4,-126.4,0,0,
08/27/2026,08:05:15:998,0.000000,0.000000,3,-126.85,-126.85,0,0,
08/27/2026,08:05:16:020,0.000000,0.000000,1,-90.73,-90.73,0,0,
08/27/2026,08:05:16:050,0.000000,0.000000,4,-126.29,-126.29,0,0,
08/27/2026,08:05:16:135,0.000000,0.000000,2,-127.61,-127.61,0,0,
08/27/2026,08:05:16:273,0.000000,0.000000,3,-127.29,-127.29,0,0,
08/27/2026,08:05:16:293,0.000000,0.000000,1,-98.41,-98.41,0,0,
08/27/2026,08:05:16:334,0.000000,0.000000,4,-125.12,-125.12,0,0,
08/27/2026,08:05:16:420,0.000000,0.000000,2,-127.39,-127.39,0,0,
08/27/2026,08:05:16:557,0.000000,0.000000,3,-127.52,-127.52,0,0,
08/27/2026,08:05:16:573,0.000000,0.000000,1,-96.36,-96.36,0,0,
08/27/2026,08:05:16:608,0.000000,0.000000,4,-126.5,-126.5,0,0,
08/27/2026,08:05:16:688,0.000000,0.000000,2,-127.42,-127.42,0,0,
08/27/2026,08:05:16:832,0.000000,0.000000,3,-126.66,-126.66,0,0,
08/27/2026,08:05:16:871,0.000000,0.000000,1,-92.45,-92.45,0,0,
08/27/2026,08:05:16:961,0.000000,0.000000,4,-125.88,-125.88,0,0,
08/27/2026,08:05:17:014,0.000000,0.000000,2,-127.46,-127.46,0,0,
08/27/2026,08:05:17:145,0.000000,0.000000,3,-127.93,-127.93,0,0,
08/27/2026,08:05:17:149,0.000000,0.000000,1,-94.54,-94.54,0,0,
08/27/2026,08:05:17:156,0.000000,0.000000,4,-127.07,-127.07,0,0,
08/27/2026,08:05:17:244,0.000000,0.000000,2,-126.05,-126.05,0,0,
08/27/2026,08:05:17:379,0.000000,0.000000,3,-124.33,-124.33,0,0,
08/27/2026,08:05:17:412,0.000000,0.000000,1,-96.2,-96.2,0,0,
08/27/2026,08:05:17:435,0.000000,0.000000,4,-124.48,-124.48,0,0,
08/27/2026,08:05:17:525,0.000000,0.000000,2,-125.59,-125.59,0,0,
08/27/2026,08:05:17:685,0.000000,0.000000,3,-126.92,-126.92,0,0,
08/27/2026,08:05:17:693,0.000000,0.000000,1,-95.48,-95.48,0,0,
08/27/2026,08:05:17:717,0.000000,0.000000,4,-125.69,-125.69,0,0,
08/27/2026,08:05:17:803,0.000000,0.000000,2,-126.1,-126.1,0,0,
08/27/2026,08:05:17:963,0.000000,0.000000,3,-127.12,-127.12,0,0,
08/27/2026,08:05:17:966,0.000000,0.000000,1,-93.95,-93.95,0,0,
08/27/2026,08:05:17:991,0.000000,0.000000,4,-127.16,-127.16,0,0,
08/27/2026,08:05:18:087,0.000000,0.000000,2,-126.05,-126.05,0,0,
08/27/2026,08:05:18:210,0.000000,0.000000,3,-126.81,-126.81,0,0,
08/27/2026,08:05:18:228,0.000000,0.000000,1,-96.34,-96.34,0,0,
08/27/2026,08:05:18:262,0.000000,0.000000,4,-125.94,-125.94,0,0,
08/27/2026,08:05:18:359,0.000000,0.000000,2,-126.48,-126.48,0,0,
08/27/2026,08:05:18:490,0.000000,0.000000,3,-126.99,-126.99,0,0,
08/27/2026,08:05:18:509,0.000000,0.000000,1,-96.53,-96.53,0,0,
08/27/2026,08:05:18:541,0.000000,0.000000,4,-127.91,-127.91,0,0,
08/27/2026,08:05:18:644,0.000000,0.000000,2,-126.93,-126.93,0,0,
08/27/2026,08:05:18:828,0.000000,0.000000,3,-126.51,-126.51,0,0,
08/27/2026,08:05:18:836,0.000000,0.000000,1,-96.45,-96.45,0,0,
08/27/2026,08:05:18:886,0.000000,0.000000,4,-124.94,-124.94,0,0,
08/27/2026,08:05:18:969,0.000000,0.000000,2,-127.44,-127.44,0,0,
08/27/2026,08:05:19:062,0.000000,0.000000,3,-126.43,-126.43,0,0,
08/27/2026,08:05:19:067,0.000000,0.000000,1,-91.01,-91.01,0,0,
08/27/2026,08:05:19:108,0.000000,0.000000,4,-127.02,-127.02,0,0,
08/27/2026,08:05:19:189,0.000000,0.000000,2,-127.6,-127.6,0,0,
08/27/2026,08:05:19:314,0.000000,0.000000,3,-127.59,-127.59,0,0,
08/27/2026,08:05:19:343,0.000000,0.000000,1,-92.82,-92.82,0,0,
08/27/2026,08:05:19:467,0.000000,0.000000,4,-126.23,-126.23,0,0,
08/27/2026,08:05:19:484,0.000000,0.000000,2,-126.14,-126.14,0,0,
08/27/2026,08:05:19:594,0.000000,0.000000,3,-126.23,-126.23,0,0,
08/27/2026,08:05:19:609,0.000000,0.000000,1,-92.01,-92.01,0,0,
08/27/2026,08:05:19:643,0.000000,0.000000,4,-127.36,-127.36,0,0,
08/27/2026,08:05:19:732,0.000000,0.000000,2,-126.81,-126.81,0,0,
08/27/2026,08:05:19:899,0.000000,0.000000,3,-127.33,-127.33,0,0,
08/27/2026,08:05:19:907,0.000000,0.000000,1,-92.32,-92.32,0,0,
08/27/2026,08:05:19:920,0.000000,0.000000,4,-127.81,-127.81,0,0,
08/27/2026,08:05:20:019,0.000000,0.000000,2,-126.79,-126.79,0,0,
08/27/2026,08:05:20:150,0.000000,0.000000,3,-126.57,-126.57,0,0,
08/27/2026,08:05:20:170,0.000000,0.000000,1,-95.95,-95.95,0,0,
08/27/2026,08:05:20:194,0.000000,0.000000,4,-125.73,-125.73,0,0,
08/27/2026,08:05:20:281,0.000000,0.000000,2,-127.7,-127.7,0,0,
08/27/2026,08:05:20:419,0.000000,0.000000,3,-126.79,-126.79,0,0,
08/27/2026,08:05:20:469,0.000000,0.000000,1,-91.96,-91.96,0,0,
08/27/2026,08:05:20:500,0.000000,0.000000,4,-127.47,-127.47,0,0,
08/27/2026,08:05:20:588,0.000000,0.000000,2,-127.5,-127.5,0,0,
08/27/2026,08:05:20:709,0.000000,0.000000,3,-127.41,-127.41,0,0,
08/27/2026,08:05:20:722,0.000000,0.000000,1,-98.59,-98.59,0,0,
08/27/2026,08:05:20:786,0.000000,0.000000,4,-127.51,-127.51,0,0,
08/27/2026,08:05:20:842,0.000000,0.000000,2,-125.8,-125.8,0,0,
08/27/2026,08:05:20:971,0.000000,0.000000,3,-125.12,-125.12,0,0,
08/27/2026,08:05:20:993,0.000000,0.000000,1,-93.04,-93.04,0,0,
08/27/2026,08:05:21:024,0.000000,0.000000,4,-126.89,-126.89,0,0,
08/27/2026,08:05:21:130,0.000000,0.000000,2,-125.51,-125.51,0,0,
08/27/2026,08:05:21:247,0.000000,0.000000,3,-126.21,-126.21,0,0,
08/27/2026,08:05:21:278,0.000000,0.000000,1,-93.44,-93.44,0,0,
08/27/2026,08:05:21:299,0.000000,0.000000,4,-127.41,-127.41,0,0,
08/27/2026,08:05:21:389,0.000000,0.000000,2,-127.44,-127.44,0,0,
08/27/2026,08:05:21:532,0.000000,0.000000,3,-125.21,-125.21,0,0,
08/27/2026,08:05:21:545,0.000000,0.000000,1,-91.61,-91.61,0,0,
08/27/2026,08:05:21:578,0.000000,0.000000,4,-126.08,-126.08,0,0,
08/27/2026,08:05:21:662,0.000000,0.000000,2,-126.64,-126.64,0,0,
08/27/2026,08:05:21:805,0.000000,0.000000,3,-125.62,-125.62,0,0,
08/27/2026,08:05:21:825,0.000000,0.000000,1,-94.97,-94.97,0,0,
08/27/2026,08:05:21:862,0.000000,0.000000,4,-126.23,-126.23,0,0,
08/27/2026,08:05:21:942,0.000000,0.000000,2,-126.43,-126.43,0,0,
08/27/2026,08:05:22:080,0.000000,0.000000,3,-126.54,-126.54,0,0,
08/27/2026,08:05:22:095,0.000000,0.000000,1,-91.85,-91.85,0,0,
08/27/2026,08:05:22:138,0.000000,0.000000,4,-127.06,-127.06,0,0,
08/27/2026,08:05:22:215,0.000000,0.000000,2,-126.1,-126.1,0,0,
08/27/2026,08:05:22:352,0.000000,0.000000,3,-126.74,-126.74,0,0,
08/27/2026,08:05:22:373,0.000000,0.000000,1,-88.05,-88.05,0,0,
08/27/2026,08:05:22:416,0.000000,0.000000,4,-124.31,-124.31,0,0,
08/27/2026,08:05:22:535,0.000000,0.000000,2,-126.13,-126.13,0,0,
08/27/2026,08:05:22:668,0.000000,0.000000,3,-126.13,-126.13,0,0,
08/27/2026,08:05:22:675,0.000000,0.000000,1,-93.3,-93.3,0,0,
08/27/2026,08:05:22:722,0.000000,0.000000,4,-125.89,-125.89,0,0,
08/27/2026,08:05:22:791,0.000000,0.000000,2,-126.35,-126.35,0,0,
08/27/2026,08:05:22:926,0.000000,0.000000,3,-125.67,-125.67,0,0,
08/27/2026,08:05:22:934,0.000000,0.000000,1,-93.43,-93.43,0,0,
08/27/2026,08:05:22:967,0.000000,0.000000,4,-126.58,-126.58,0,0,
08/27/2026,08:05:23:051,0.000000,0.000000,2,-125.71,-125.71,0,0,
08/27/2026,08:05:23:185,0.000000,0.000000,3,-125.11,-125.11,0,0,
08/27/2026,08:05:23:205,0.000000,0.000000,1,-88.15,-88.15,0,0,
08/27/2026,08:05:23:247,0.000000,0.000000,4,-125.88,-125.88,0,0,
08/27/2026,08:05:23:327,0.000000,0.000000,2,-126.86,-126.86,0,0,
08/27/2026,08:05:23:477,0.000000,0.000000,3,-126.91,-126.91,0,0,
08/27/2026,08:05:23:490,0.000000,0.000000,1,-87.34,-87.34,0,0,
08/27/2026,08:05:23:519,0.000000,0.000000,4,-124.94,-124.94,0,0,
08/27/2026,08:05:23:601,0.000000,0.000000,2,-127.93,-127.93,0,0,
08/27/2026,08:05:23:737,0.000000,0.000000,3,-127.51,-127.51,0,0,
08/27/2026,08:05:23:764,0.000000,0.000000,1,-97.09,-97.09,0,0,
08/27/2026,08:05:23:795,0.000000,0.000000,4,-127.5,-127.5,0,0,
08/27/2026,08:05:23:882,0.000000,0.000000,2,-127.15,-127.15,0,0,
08/27/2026,08:05:24:011,0.000000,0.000000,3,-125.18,-125.18,0,0,
08/27/2026,08:05:24:043,0.000000,0.000000,1,-93.48,-93.48,0,0,
08/27/2026,08:05:24:086,0.000000,0.000000,4,-124.76,-124.76,0,0,
08/27/2026,08:05:24:165,0.000000,0.000000,2,-127.27,-127.27,0,0,
08/27/2026,08:05:24:291,0.000000,0.000000,3,-127.03,-127.03,0,0,
08/27/2026,08:05:24:307,0.000000,0.000000,1,-100.99,-100.99,0,0,
08/27/2026,08:05:24:360,0.000000,0.000000,4,-126.97,-126.97,0,0,
08/27/2026,08:05:24:443,0.000000,0.000000,2,-127.12,-127.12,0,0,
08/27/2026,08:05:24:637,0.000000,0.000000,3,-127.4,-127.4,0,0,
08/27/2026,08:05:24:657,0.000000,0.000000,1,-91.37,-91.37,0,0,
08/27/2026,08:05:24:665,0.000000,0.000000,4,-125.62,-125.62,0,0,
08/27/2026,08:05:24:711,0.000000,0.000000,2,-127.93,-127.93,0,0,
08/27/2026,08:05:24:840,0.000000,0.000000,3,-127.43,-127.43,0,0,
08/27/2026,08:05:24:857,0.000000,0.000000,1,-96.53,-96.53,0,0,
08/27/2026,08:05:24:892,0.000000,0.000000,4,-126.99,-126.99,0,0,
08/27/2026,08:05:24:989,0.000000,0.000000,2,-127.06,-127.06,0,0,
08/27/2026,08:05:25:116,0.000000,0.000000,3,-126.8,-126.8,0,0,
08/27/2026,08:05:25:158,0.000000,0.000000,1,-100.27,-100.27,0,0,
08/27/2026,08:05:25:168,0.000000,0.000000,4,-125.69,-125.69,0,0,
08/27/2026,08:05:25:256,0.000000,0.000000,2,-127.36,-127.36,0,0,
08/27/2026,08:05:25:421,0.000000,0.000000,3,-125.35,-125.35,0,0,
08/27/2026,08:05:25:429,0.000000,0.000000,1,-100.26,-100.26,0,0,
08/27/2026,08:05:25:482,0.000000,0.000000,4,-126.97,-126.97,0,0,
08/27/2026,08:05:25:549,0.000000,0.000000,2,-124.68,-124.68,0,0,
08/27/2026,08:05:25:696,0.000000,0.000000,3,-127.59,-127.59,0,0,
08/27/2026,08:05:25:697,0.000000,0.000000,1,-97.54,-97.54,0,0,
08/27/2026,08:05:25:738,0.000000,0.000000,4,-126.14,-126.14,0,0,
08/27/2026,08:05:25:815,0.000000,0.000000,2,-127.8,-127.8,0,0,
08/27/2026,08:05:25:965,0.000000,0.000000,3,-126.07,-126.07,0,0,
08/27/2026,08:05:25:966,0.000000,0.000000,1,-92.03,-92.03,0,0,
08/27/2026,08:05:26:009,0.000000,0.000000,4,-127.37,-127.37,0,0,
08/27/2026,08:05:26:084,0.000000,0.000000,2,-125.02,-125.02,0,0,
08/27/2026,08:05:26:282,0.000000,0.000000,3,-126.23,-126.23,0,0,
08/27/2026,08:05:26:286,0.000000,0.000000,1,-92.69,-92.69,0,0,
08/27/2026,08:05:26:327,0.000000,0.000000,4,-125.92,-125.92,0,0,
08/27/2026,08:05:26:369,0.000000,0.000000,2,-126.08,-126.08,0,0,
08/27/2026,08:05:26:520,0.000000,0.000000,3,-125.87,-125.87,0,0,
08/27/2026,08:05:26:524,0.000000,0.000000,1,-96.96,-96.96,0,0,
08/27/2026,08:05:26:549,0.000000,0.000000,4,-125.56,-125.56,0,0,
08/27/2026,08:05:26:654,0.000000,0.000000,2,-127.32,-127.32,0,0,
08/27/2026,08:05:26:793,0.000000,0.000000,3,-127.11,-127.11,0,0,
08/27/2026,08:05:26:809,0.000000,0.000000,1,-95.55,-95.55,0,0,
08/27/2026,08:05:26:832,0.000000,0.000000,4,-126.47,-126.47,0,0,
08/27/2026,08:05:26:925,0.000000,0.000000,2,-127.7,-127.7,0,0,
08/27/2026,08:05:27:053,0.000000,0.000000,3,-125.78,-125.78,0,0,
08/27/2026,08:05:27:073,0.000000,0.000000,1,-99.97,-99.97,0,0,
08/27/2026,08:05:27:110,0.000000,0.000000,4,-115.8,-115.8,0,0,
08/27/2026,08:05:27:199,0.000000,0.000000,2,-126.68,-126.68,0,0,
08/27/2026,08:05:27:334,0.000000,0.000000,3,-127.63,-127.63,0,0,
08/27/2026,08:05:27:354,0.000000,0.000000,1,-103.65,-103.65,0,0,
08/27/2026,08:05:27:379,0.000000,0.000000,4,-126.01,-126.01,0,0,
08/27/2026,08:05:27:475,0.000000,0.000000,2,-127.04,-127.04,0,0,
08/27/2026,08:05:27:607,0.000000,0.000000,3,-125.85,-125.85,0,0,
08/27/2026,08:05:27:634,0.000000,0.000000,1,-104.74,-104.74,0,0,
08/27/2026,08:05:27:664,0.000000,0.000000,4,-125.12,-125.12,0,0,
08/27/2026,08:05:27:746,0.000000,0.000000,2,-113.3,-113.3,0,0,
08/27/2026,08:05:27:884,0.000000,0.000000,3,-127.63,-127.63,0,0,
08/27/2026,08:05:27:909,0.000000,0.000000,1,-107.48,-107.48,0,0,
08/27/2026,08:05:27:931,0.000000,0.000000,4,-126.59,-126.59,0,0,
08/27/2026,08:05:28:023,0.000000,0.000000,2,-126.93,-126.93,0,0,
08/27/2026,08:05:28:337,0.000000,0.000000,3,-127.29,-127.29,0,0,
08/27/2026,08:05:28:376,0.000000,0.000000,1,-100.86,-100.86,0,0,
08/27/2026,08:05:28:385,0.000000,0.000000,4,-124.79,-124.79,0,0,
08/27/2026,08:05:28:431,0.000000,0.000000,2,-127.4,-127.4,0,0,
08/27/2026,08:05:28:478,0.000000,0.000000,3,-128.25,-128.25,0,0,
08/27/2026,08:05:28:481,0.000000,0.000000,1,-100,-100,0,0,
08/27/2026,08:05:28:501,0.000000,0.000000,4,-127,-127,0,0,
08/27/2026,08:05:28:580,0.000000,0.000000,2,-125.36,-125.36,0,0,
08/27/2026,08:05:28:730,0.000000,0.000000,3,-127.3,-127.3,0,0,
08/27/2026,08:05:28:763,0.000000,0.000000,1,-96.36,-96.36,0,0,
08/27/2026,08:05:28:790,0.000000,0.000000,4,-126.09,-126.09,0,0,
08/27/2026,08:05:28:868,0.000000,0.000000,2,-126.81,-126.81,0,0,
08/27/2026,08:05:29:016,0.000000,0.000000,3,-125.37,-125.37,0,0,
08/27/2026,08:05:29:037,0.000000,0.000000,1,-106.3,-106.3,0,0,
08/27/2026,08:05:29:069,0.000000,0.000000,4,-127.73,-127.73,0,0,
08/27/2026,08:05:29:165,0.000000,0.000000,2,-125.34,-125.34,0,0,
08/27/2026,08:05:29:327,0.000000,0.000000,3,-127.2,-127.2,0,0,
08/27/2026,08:05:29:330,0.000000,0.000000,1,-115.91,-115.91,0,0,
08/27/2026,08:05:29:344,0.000000,0.000000,4,-125.86,-125.86,0,0,
08/27/2026,08:05:29:431,0.000000,0.000000,2,-127.49,-127.49,0,0,
08/27/2026,08:05:29:588,0.000000,0.000000,3,-126.78,-126.78,0,0,
08/27/2026,08:05:29:590,0.000000,0.000000,1,-112.07,-112.07,0,0,
08/27/2026,08:05:29:629,0.000000,0.000000,4,-127.32,-127.32,0,0,
08/27/2026,08:05:29:774,0.000000,0.000000,2,-126.4,-126.4,0,0,
08/27/2026,08:05:29:850,0.000000,0.000000,3,-126.91,-126.91,0,0,
08/27/2026,08:05:29:862,0.000000,0.000000,1,-103.31,-103.31,0,0,
08/27/2026,08:05:29:908,0.000000,0.000000,4,-125.26,-125.26,0,0,
08/27/2026,08:05:29:983,0.000000,0.000000,2,-112.37,-112.37,0,0,
08/27/2026,08:05:30:183,0.000000,0.000000,3,-114.44,-114.44,0,0,
08/27/2026,08:05:30:184,0.000000,0.000000,1,-102.3,-102.3,0,0,
08/27/2026,08:05:30:218,0.000000,0.000000,4,-126.31,-126.31,0,0,
08/27/2026,08:05:30:300,0.000000,0.000000,2,-127,-127,0,0,
08/27/2026,08:05:30:435,0.000000,0.000000,3,-125.56,-125.56,0,0,
08/27/2026,08:05:30:445,0.000000,0.000000,1,-104.74,-104.74,0,0,
08/27/2026,08:05:30:522,0.000000,0.000000,4,-127.74,-127.74,0,0,
08/27/2026,08:05:30:567,0.000000,0.000000,2,-126.64,-126.64,0,0,
08/27/2026,08:05:30:716,0.000000,0.000000,3,-127,-127,0,0,
08/27/2026,08:05:30:723,0.000000,0.000000,1,-101.08,-101.08,0,0,
08/27/2026,08:05:30:757,0.000000,0.000000,4,-125.94,-125.94,0,0,
08/27/2026,08:05:30:851,0.000000,0.000000,2,-126.73,-126.73,0,0,
08/27/2026,08:05:30:980,0.000000,0.000000,3,-126.15,-126.15,0,0,
08/27/2026,08:05:31:010,0.000000,0.000000,1,-100.65,-100.65,0,0,
08/27/2026,08:05:31:046,0.000000,0.000000,4,-124.4,-124.4,0,0,
08/27/2026,08:05:31:127,0.000000,0.000000,2,-125.26,-125.26,0,0,
08/27/2026,08:05:31:266,0.000000,0.000000,3,-126.82,-126.82,0,0,
08/27/2026,08:05:31:275,0.000000,0.000000,1,-100.04,-100.04,0,0,
08/27/2026,08:05:31:340,0.000000,0.000000,4,-124.37,-124.37,0,0,
08/27/2026,08:05:31:405,0.000000,0.000000,2,-127.69,-127.69,0,0,
08/27/2026,08:05:31:534,0.000000,0.000000,3,-125.61,-125.61,0,0,
08/27/2026,08:05:31:558,0.000000,0.000000,1,-100.51,-100.51,0,0,
08/27/2026,08:05:31:584,0.000000,0.000000,4,-125.38,-125.38,0,0,
08/27/2026,08:05:31:672,0.000000,0.000000,2,-127.37,-127.37,0,0,
08/27/2026,08:05:31:820,0.000000,0.000000,3,-127.15,-127.15,0,0,
08/27/2026,08:05:31:840,0.000000,0.000000,1,-102.35,-102.35,0,0,
08/27/2026,08:05:31:897,0.000000,0.000000,4,-123.55,-123.55,0,0,
08/27/2026,08:05:31:972,0.000000,0.000000,2,-126.74,-126.74,0,0,
08/27/2026,08:05:32:135,0.000000,0.000000,3,-128.04,-128.04,0,0,
08/27/2026,08:05:32:142,0.000000,0.000000,1,-98.56,-98.56,0,0,
08/27/2026,08:05:32:180,0.000000,0.000000,4,-124.51,-124.51,0,0,
08/27/2026,08:05:32:226,0.000000,0.000000,2,-125.32,-125.32,0,0,
08/27/2026,08:05:32:364,0.000000,0.000000,3,-127.06,-127.06,0,0,
08/27/2026,08:05:32:383,0.000000,0.000000,1,-92.91,-92.91,0,0,
08/27/2026,08:05:32:424,0.000000,0.000000,4,-127.43,-127.43,0,0,
08/27/2026,08:05:32:508,0.000000,0.000000,2,-127.85,-127.85,0,0,
08/27/2026,08:05:32:642,0.000000,0.000000,3,-126.52,-126.52,0,0,
08/27/2026,08:05:32:665,0.000000,0.000000,1,-95.93,-95.93,0,0,
08/27/2026,08:05:32:693,0.000000,0.000000,4,-126.36,-126.36,0,0,
08/27/2026,08:05:32:782,0.000000,0.000000,2,-124.84,-124.84,0,0,
08/27/2026,08:05:32:922,0.000000,0.000000,3,-124.84,-124.84,0,0,
08/27/2026,08:05:32:936,0.000000,0.000000,1,-101.05,-101.05,0,0,
08/27/2026,08:05:32:984,0.000000,0.000000,4,-126.33,-126.33,0,0,
08/27/2026,08:05:33:060,0.000000,0.000000,2,-124.02,-124.02,0,0,
08/27/2026,08:05:33:194,0.000000,0.000000,3,-127.85,-127.85,0,0,
08/27/2026,08:05:33:210,0.000000,0.000000,1,-94.49,-94.49,0,0,
08/27/2026,08:05:33:246,0.000000,0.000000,4,-124.74,-124.74,0,0,
08/27/2026,08:05:33:339,0.000000,0.000000,2,-127.65,-127.65,0,0,
08/27/2026,08:05:33:477,0.000000,0.000000,3,-126.67,-126.67,0,0,
08/27/2026,08:05:33:486,0.000000,0.000000,1,-95.96,-95.96,0,0,
08/27/2026,08:05:33:522,0.000000,0.000000,4,-126.8,-126.8,0,0,
08/27/2026,08:05:33:616,0.000000,0.000000,2,-127.33,-127.33,0,0,
08/27/2026,08:05:33:839,0.000000,0.000000,3,-127.16,-127.16,0,0,
08/27/2026,08:05:33:915,0.000000,0.000000,1,-97.11,-97.11,0,0,
08/27/2026,08:05:33:924,0.000000,0.000000,4,-124.92,-124.92,0,0,
08/27/2026,08:05:33:983,0.000000,0.000000,2,-126,-126,0,0,
08/27/2026,08:05:34:040,0.000000,0.000000,3,-127.26,-127.26,0,0,
08/27/2026,08:05:34:042,0.000000,0.000000,1,-104.39,-104.39,0,0,
08/27/2026,08:05:34:076,0.000000,0.000000,4,-124.88,-124.88,0,0,
08/27/2026,08:05:34:180,0.000000,0.000000,2,-125.88,-125.88,0,0,
08/27/2026,08:05:34:338,0.000000,0.000000,3,-127.98,-127.98,0,0,
08/27/2026,08:05:34:357,0.000000,0.000000,1,-95.23,-95.23,0,0,
08/27/2026,08:05:34:400,0.000000,0.000000,4,-127.86,-127.86,0,0,
08/27/2026,08:05:34:480,0.000000,0.000000,2,-124.5,-124.5,0,0,
08/27/2026,08:05:34:625,0.000000,0.000000,3,-126.84,-126.84,0,0,
08/27/2026,08:05:34:653,0.000000,0.000000,1,-94.49,-94.49,0,0,
08/27/2026,08:05:34:682,0.000000,0.000000,4,-126.85,-126.85,0,0,
08/27/2026,08:05:34:778,0.000000,0.000000,2,-126.7,-126.7,0,0,
08/27/2026,08:05:34:948,0.000000,0.000000,3,-126.01,-126.01,0,0,
08/27/2026,08:05:34:954,0.000000,0.000000,1,-99.16,-99.16,0,0,
08/27/2026,08:05:34:974,0.000000,0.000000,4,-126.69,-126.69,0,0,
08/27/2026,08:05:35:062,0.000000,0.000000,2,-127.03,-127.03,0,0,
08/27/2026,08:05:35:201,0.000000,0.000000,3,-125.58,-125.58,0,0,
08/27/2026,08:05:35:225,0.000000,0.000000,1,-92.21,-92.21,0,0,
08/27/2026,08:05:35:250,0.000000,0.000000,4,-125.79,-125.79,0,0,
08/27/2026,08:05:35:338,0.000000,0.000000,2,-127.87,-127.87,0,0,
08/27/2026,08:05:35:497,0.000000,0.000000,3,-125.72,-125.72,0,0,
08/27/2026,08:05:35:501,0.000000,0.000000,1,-99.18,-99.18,0,0,
08/27/2026,08:05:35:534,0.000000,0.000000,4,-126.79,-126.79,0,0,
08/27/2026,08:05:35:696,0.000000,0.000000,2,-127.47,-127.47,0,0,
08/27/2026,08:05:35:755,0.000000,0.000000,3,-127.09,-127.09,0,0,
08/27/2026,08:05:35:789,0.000000,0.000000,1,-96.55,-96.55,0,0,
08/27/2026,08:05:35:804,0.000000,0.000000,4,-127.73,-127.73,0,0,
08/27/2026,08:05:35:902,0.000000,0.000000,2,-126.33,-126.33,0,0,
08/27/2026,08:05:36:054,0.000000,0.000000,3,-126.86,-126.86,0,0,
08/27/2026,08:05:36:082,0.000000,0.000000,1,-94.86,-94.86,0,0,
08/27/2026,08:05:36:101,0.000000,0.000000,4,-128,-128,0,0,
08/27/2026,08:05:36:192,0.000000,0.000000,2,-126.85,-126.85,0,0,
08/27/2026,08:05:36:334,0.000000,0.000000,3,-125.62,-125.62,0,0,
08/27/2026,08:05:36:343,0.000000,0.000000,1,-91.74,-91.74,0,0,
08/27/2026,08:05:36:379,0.000000,0.000000,4,-127.72,-127.72,0,0,
08/27/2026,08:05:36:471,0.000000,0.000000,2,-126.02,-126.02,0,0,
08/27/2026,08:05:36:606,0.000000,0.000000,3,-126.97,-126.97,0,0,
08/27/2026,08:05:36:623,0.000000,0.000000,1,-89.37,-89.37,0,0,
08/27/2026,08:05:36:678,0.000000,0.000000,4,-107.98,-107.98,0,0,
08/27/2026,08:05:36:743,0.000000,0.000000,2,-126.93,-126.93,0,0,
08/27/2026,08:05:36:885,0.000000,0.000000,3,-126.21,-126.21,0,0,
08/27/2026,08:05:36:933,0.000000,0.000000,1,-93.34,-93.34,0,0,
08/27/2026,08:05:36:939,0.000000,0.000000,4,-125.9,-125.9,0,0,
08/27/2026,08:05:37:017,0.000000,0.000000,2,-126.05,-126.05,0,0,
08/27/2026,08:05:37:171,0.000000,0.000000,3,-125.97,-125.97,0,0,
08/27/2026,08:05:37:190,0.000000,0.000000,1,-94.36,-94.36,0,0,
08/27/2026,08:05:37:215,0.000000,0.000000,4,-128.03,-128.03,0,0,
08/27/2026,08:05:37:312,0.000000,0.000000,2,-127.11,-127.11,0,0,
08/27/2026,08:05:37:445,0.000000,0.000000,3,-127.58,-127.58,0,0,
08/27/2026,08:05:37:462,0.000000,0.000000,1,-86.29,-86.29,0,0,
08/27/2026,08:05:37:508,0.000000,0.000000,4,-128.59,-128.59,0,0,
08/27/2026,08:05:37:594,0.000000,0.000000,2,-126.06,-126.06,0,0,
08/27/2026,08:05:37:728,0.000000,0.000000,3,-128.58,-128.58,0,0,
08/27/2026,08:05:37:765,0.000000,0.000000,1,-87.64,-87.64,0,0,
08/27/2026,08:05:37:774,0.000000,0.000000,4,-126.94,-126.94,0,0,
08/27/2026,08:05:37:857,0.000000,0.000000,2,-127.16,-127.16,0,0,
08/27/2026,08:05:38:000,0.000000,0.000000,3,-126.82,-126.82,0,0,
08/27/2026,08:05:38:013,0.000000,0.000000,1,-95.22,-95.22,0,0,
08/27/2026,08:05:38:069,0.000000,0.000000,4,-127.35,-127.35,0,0,
08/27/2026,08:05:38:176,0.000000,0.000000,2,-125.94,-125.94,0,0,
08/27/2026,08:05:38:311,0.000000,0.000000,3,-127,-127,0,0,
08/27/2026,08:05:38:334,0.000000,0.000000,1,-88.33,-88.33,0,0,
08/27/2026,08:05:38:361,0.000000,0.000000,4,-126.45,-126.45,0,0,
08/27/2026,08:05:38:450,0.000000,0.000000,2,-126.72,-126.72,0,0,
08/27/2026,08:05:38:602,0.000000,0.000000,3,-125.57,-125.57,0,0,
08/27/2026,08:05:38:604,0.000000,0.000000,1,-92.39,-92.39,0,0,
08/27/2026,08:05:38:638,0.000000,0.000000,4,-125.97,-125.97,0,0,
08/27/2026,08:05:38:734,0.000000,0.000000,2,-125.44,-125.44,0,0,
08/27/2026,08:05:38:876,0.000000,0.000000,3,-125.59,-125.59,0,0,
08/27/2026,08:05:38:886,0.000000,0.000000,1,-94.91,-94.91,0,0,
08/27/2026,08:05:38:927,0.000000,0.000000,4,-126.81,-126.81,0,0,
08/27/2026,08:05:39:005,0.000000,0.000000,2,-127.54,-127.54,0,0,
08/27/2026,08:05:39:160,0.000000,0.000000,3,-124.26,-124.26,0,0,
08/27/2026,08:05:39:212,0.000000,0.000000,1,-88.33,-88.33,0,0,
08/27/2026,08:05:39:217,0.000000,0.000000,4,-125.16,-125.16,0,0,
08/27/2026,08:05:39:294,0.000000,0.000000,2,-127.08,-127.08,0,0,
08/27/2026,08:05:39:450,0.000000,0.000000,3,-126.74,-126.74,0,0,
08/27/2026,08:05:39:472,0.000000,0.000000,1,-93.54,-93.54,0,0,
08/27/2026,08:05:39:489,0.000000,0.000000,4,-126.55,-126.55,0,0,
08/27/2026,08:05:39:594,0.000000,0.000000,2,-126.64,-126.64,0,0,
08/27/2026,08:05:39:717,0.000000,0.000000,3,-126.94,-126.94,0,0,
08/27/2026,08:05:39:734,0.000000,0.000000,1,-92.96,-92.96,0,0,
08/27/2026,08:05:39:775,0.000000,0.000000,4,-126.96,-126.96,0,0,
08/27/2026,08:05:39:854,0.000000,0.000000,2,-125.37,-125.37,0,0,
08/27/2026,08:05:40:066,0.000000,0.000000,3,-126.6,-126.6,0,0,
08/27/2026,08:05:40:080,0.000000,0.000000,1,-90.29,-90.29,0,0,
08/27/2026,08:05:40:094,0.000000,0.000000,4,-125.8,-125.8,0,0,
08/27/2026,08:05:40:137,0.000000,0.000000,2,-125.26,-125.26,0,0,
08/27/2026,08:05:40:287,0.000000,0.000000,3,-127,-127,0,0,
08/27/2026,08:05:40:299,0.000000,0.000000,1,-90.46,-90.46,0,0,
08/27/2026,08:05:40:337,0.000000,0.000000,4,-127.45,-127.45,0,0,
08/27/2026,08:05:40:421,0.000000,0.000000,2,-128.83,-128.83,0,0,
08/27/2026,08:05:40:552,0.000000,0.000000,3,-125.28,-125.28,0,0,
08/27/2026,08:05:40:573,0.000000,0.000000,1,-84.78,-84.78,0,0,
08/27/2026,08:05:40:604,0.000000,0.000000,4,-126.62,-126.62,0,0,
08/27/2026,08:05:40:740,0.000000,0.000000,2,-127.23,-127.23,0,0,
08/27/2026,08:05:40:870,0.000000,0.000000,3,-127.23,-127.23,0,0,
08/27/2026,08:05:40:880,0.000000,0.000000,1,-95.25,-95.25,0,0,
08/27/2026,08:05:40:890,0.000000,0.000000,4,-125.9,-125.9,0,0,
08/27/2026,08:05:40:977,0.000000,0.000000,2,-126.62,-126.62,0,0,
08/27/2026,08:05:41:155,0.000000,0.000000,3,-127.08,-127.08,0,0,
08/27/2026,08:05:41:156,0.000000,0.000000,1,-90,-90,0,0,
08/27/2026,08:05:41:194,0.000000,0.000000,4,-125.73,-125.73,0,0,
08/27/2026,08:05:41:285,0.000000,0.000000,2,-127.64,-127.64,0,0,
08/27/2026,08:05:41:415,0.000000,0.000000,3,-126.74,-126.74,0,0,
08/27/2026,08:05:41:451,0.000000,0.000000,1,-95.48,-95.48,0,0,
08/27/2026,08:05:41:490,0.000000,0.000000,4,-124.7,-124.7,0,0,
08/27/2026,08:05:41:535,0.000000,0.000000,2,-126.16,-126.16,0,0,
08/27/2026,08:05:41:681,0.000000,0.000000,3,-124.43,-124.43,0,0,
08/27/2026,08:05:41:692,0.000000,0.000000,1,-89.37,-89.37,0,0,
08/27/2026,08:05:41:721,0.000000,0.000000,4,-124.94,-124.94,0,0,
08/27/2026,08:05:41:830,0.000000,0.000000,2,-127.67,-127.67,0,0,
08/27/2026,08:05:41:962,0.000000,0.000000,3,-127.81,-127.81,0,0,
08/27/2026,08:05:42:011,0.000000,0.000000,1,-90.97,-90.97,0,0,
08/27/2026,08:05:42:019,0.000000,0.000000,4,-125.38,-125.38,0,0,
08/27/2026,08:05:42:128,0.000000,0.000000,2,-126.47,-126.47,0,0,
08/27/2026,08:05:42:235,0.000000,0.000000,3,-125.63,-125.63,0,0,
08/27/2026,08:05:42:263,0.000000,0.000000,1,-88.46,-88.46,0,0,
08/27/2026,08:05:42:294,0.000000,0.000000,4,-128.01,-128.01,0,0,
08/27/2026,08:05:42:375,0.000000,0.000000,2,-125.05,-125.05,0,0,
08/27/2026,08:05:42:511,0.000000,0.000000,3,-127.44,-127.44,0,0,
08/27/2026,08:05:42:525,0.000000,0.000000,1,-91.12,-91.12,0,0,
08/27/2026,08:05:42:565,0.000000,0.000000,4,-123.77,-123.77,0,0,
08/27/2026,08:05:42:649,0.000000,0.000000,2,-126.66,-126.66,0,0,
08/27/2026,08:05:42:795,0.000000,0.000000,3,-127.3,-127.3,0,0,
08/27/2026,08:05:42:801,0.000000,0.000000,1,-91.9,-91.9,0,0,
08/27/2026,08:05:42:838,0.000000,0.000000,4,-128.03,-128.03,0,0,
08/27/2026,08:05:42:944,0.000000,0.000000,2,-126.49,-126.49,0,0,
08/27/2026,08:05:43:101,0.000000,0.000000,3,-126.98,-126.98,0,0,
08/27/2026,08:05:43:107,0.000000,0.000000,1,-90.89,-90.89,0,0,
08/27/2026,08:05:43:151,0.000000,0.000000,4,-125.36,-125.36,0,0,
08/27/2026,08:05:43:233,0.000000,0.000000,2,-125.18,-125.18,0,0,
08/27/2026,08:05:43:410,0.000000,0.000000,3,-127.52,-127.52,0,0,
08/27/2026,08:05:43:413,0.000000,0.000000,1,-93.37,-93.37,0,0,
08/27/2026,08:05:43:441,0.000000,0.000000,4,-125.56,-125.56,0,0,
08/27/2026,08:05:43:540,0.000000,0.000000,2,-125.77,-125.77,0,0,
08/27/2026,08:05:43:670,0.000000,0.000000,3,-126.88,-126.88,0,0,
08/27/2026,08:05:43:685,0.000000,0.000000,1,-87.3,-87.3,0,0,
08/27/2026,08:05:43:719,0.000000,0.000000,4,-125.11,-125.11,0,0,
08/27/2026,08:05:43:801,0.000000,0.000000,2,-126.19,-126.19,0,0,
08/27/2026,08:05:43:970,0.000000,0.000000,3,-126.71,-126.71,0,0,
08/27/2026,08:05:43:990,0.000000,0.000000,1,-91.44,-91.44,0,0,
08/27/2026,08:05:44:014,0.000000,0.000000,4,-125.83,-125.83,0,0,
08/27/2026,08:05:44:103,0.000000,0.000000,2,-125.12,-125.12,0,0,
08/27/2026,08:05:44:256,0.000000,0.000000,3,-127.49,-127.49,0,0,
08/27/2026,08:05:44:282,0.000000,0.000000,1,-96.76,-96.76,0,0,
08/27/2026,08:05:44:312,0.000000,0.000000,4,-125.65,-125.65,0,0,
08/27/2026,08:05:44:408,0.000000,0.000000,2,-127.4,-127.4,0,0,
08/27/2026,08:05:44:555,0.000000,0.000000,3,-126.74,-126.74,0,0,
08/27/2026,08:05:44:571,0.000000,0.000000,1,-88.39,-88.39,0,0,
08/27/2026,08:05:44:606,0.000000,0.000000,4,-126.37,-126.37,0,0,
08/27/2026,08:05:44:803,0.000000,0.000000,2,-127.98,-127.98,0,0,
08/27/2026,08:05:44:895,0.000000,0.000000,3,-126.27,-126.27,0,0,
08/27/2026,08:05:44:942,0.000000,0.000000,1,-89.3,-89.3,0,0,
08/27/2026,08:05:44:978,0.000000,0.000000,4,-128.21,-128.21,0,0,
08/27/2026,08:05:45:070,0.000000,0.000000,2,-127.05,-127.05,0,0,
08/27/2026,08:05:45:243,0.000000,0.000000,3,-126.57,-126.57,0,0,
08/27/2026,08:05:45:261,0.000000,0.000000,1,-94.18,-94.18,0,0,
08/27/2026,08:05:45:276,0.000000,0.000000,4,-125.2,-125.2,0,0,
08/27/2026,08:05:45:315,0.000000,0.000000,2,-126.37,-126.37,0,0,
08/27/2026,08:05:45:390,0.000000,0.000000,3,-127.31,-127.31,0,0,
08/27/2026,08:05:45:399,0.000000,0.000000,1,-94.21,-94.21,0,0,
08/27/2026,08:05:45:435,0.000000,0.000000,4,-125.95,-125.95,0,0,
08/27/2026,08:05:45:531,0.000000,0.000000,2,-125.12,-125.12,0,0,
08/27/2026,08:05:45:694,0.000000,0.000000,3,-126.18,-126.18,0,0,
08/27/2026,08:05:45:698,0.000000,0.000000,1,-94.14,-94.14,0,0,
08/27/2026,08:05:45:725,0.000000,0.000000,4,-125.82,-125.82,0,0,
08/27/2026,08:05:45:840,0.000000,0.000000,2,-126.85,-126.85,0,0,
08/27/2026,08:05:45:965,0.000000,0.000000,3,-127.94,-127.94,0,0,
08/27/2026,08:05:45:981,0.000000,0.000000,1,-90.06,-90.06,0,0,
08/27/2026,08:05:46:001,0.000000,0.000000,4,-125.14,-125.14,0,0,
08/27/2026,08:05:46:089,0.000000,0.000000,2,-126.59,-126.59,0,0,
08/27/2026,08:05:46:222,0.000000,0.000000,3,-125.33,-125.33,0,0,
08/27/2026,08:05:46:243,0.000000,0.000000,1,-93.62,-93.62,0,0,
08/27/2026,08:05:46:302,0.000000,0.000000,4,-124.8,-124.8,0,0,
08/27/2026,08:05:46:362,0.000000,0.000000,2,-125.69,-125.69,0,0,
08/27/2026,08:05:46:543,0.000000,0.000000,3,-125.24,-125.24,0,0,
08/27/2026,08:05:46:554,0.000000,0.000000,1,-101.64,-101.64,0,0,
08/27/2026,08:05:46:584,0.000000,0.000000,4,-125.08,-125.08,0,0,
08/27/2026,08:05:46:675,0.000000,0.000000,2,-126.36,-126.36,0,0,
08/27/2026,08:05:46:900,0.000000,0.000000,3,-124.55,-124.55,0,0,
08/27/2026,08:05:46:903,0.000000,0.000000,1,-98.13,-98.13,0,0,
08/27/2026,08:05:46:918,0.000000,0.000000,4,-127.29,-127.29,0,0,
08/27/2026,08:05:46:948,0.000000,0.000000,2,-126.03,-126.03,0,0,
08/27/2026,08:05:47:058,0.000000,0.000000,3,-125.57,-125.57,0,0,
08/27/2026,08:05:47:071,0.000000,0.000000,1,-90.78,-90.78,0,0,
08/27/2026,08:05:47:132,0.000000,0.000000,4,-125.19,-125.19,0,0,
08/27/2026,08:05:47:193,0.000000,0.000000,2,-126.36,-126.36,0,0,
08/27/2026,08:05:47:377,0.000000,0.000000,3,-126.67,-126.67,0,0,
08/27/2026,08:05:47:383,0.000000,0.000000,1,-94.46,-94.46,0,0,
08/27/2026,08:05:47:389,0.000000,0.000000,4,-125.23,-125.23,0,0,
08/27/2026,08:05:47:471,0.000000,0.000000,2,-128.15,-128.15,0,0,
08/27/2026,08:05:47:613,0.000000,0.000000,3,-126.12,-126.12,0,0,
08/27/2026,08:05:47:627,0.000000,0.000000,1,-92.24,-92.24,0,0,
08/27/2026,08:05:47:672,0.000000,0.000000,4,-125.11,-125.11,0,0,
08/27/2026,08:05:47:749,0.000000,0.000000,2,-127.48,-127.48,0,0,
08/27/2026,08:05:47:915,0.000000,0.000000,3,-126.91,-126.91,0,0,
08/27/2026,08:05:47:922,0.000000,0.000000,1,-91.86,-91.86,0,0,
08/27/2026,08:05:47:936,0.000000,0.000000,4,-124.02,-124.02,0,0,
08/27/2026,08:05:48:024,0.000000,0.000000,2,-126.86,-126.86,0,0,
08/27/2026,08:05:48:162,0.000000,0.000000,3,-126.3,-126.3,0,0,
08/27/2026,08:05:48:177,0.000000,0.000000,1,-90.57,-90.57,0,0,
08/27/2026,08:05:48:212,0.000000,0.000000,4,-127.83,-127.83,0,0,
08/27/2026,08:05:48:304,0.000000,0.000000,2,-125.6,-125.6,0,0,
08/27/2026,08:05:48:438,0.000000,0.000000,3,-125.86,-125.86,0,0,
08/27/2026,08:05:48:476,0.000000,0.000000,1,-94.71,-94.71,0,0,
08/27/2026,08:05:48:524,0.000000,0.000000,4,-124.72,-124.72,0,0,
08/27/2026,08:05:48:584,0.000000,0.000000,2,-126.23,-126.23,0,0,
08/27/2026,08:05:48:747,0.000000,0.000000,3,-126.29,-126.29,0,0,
08/27/2026,08:05:48:754,0.000000,0.000000,1,-94.59,-94.59,0,0,
08/27/2026,08:05:48:840,0.000000,0.000000,4,-127.25,-127.25,0,0,
08/27/2026,08:05:48:880,0.000000,0.000000,2,-126.78,-126.78,0,0,
08/27/2026,08:05:49:014,0.000000,0.000000,3,-125.27,-125.27,0,0,
08/27/2026,08:05:49:016,0.000000,0.000000,1,-88.78,-88.78,0,0,
08/27/2026,08:05:49:044,0.000000,0.000000,4,-126.36,-126.36,0,0,
08/27/2026,08:05:49:176,0.000000,0.000000,2,-127.46,-127.46,0,0,
08/27/2026,08:05:49:262,0.000000,0.000000,3,-127.25,-127.25,0,0,
08/27/2026,08:05:49:309,0.000000,0.000000,1,-91.77,-91.77,0,0,
08/27/2026,08:05:49:329,0.000000,0.000000,4,-127.31,-127.31,0,0,
08/27/2026,08:05:49:423,0.000000,0.000000,2,-127.18,-127.18,0,0,
08/27/2026,08:05:49:574,0.000000,0.000000,3,-127.45,-127.45,0,0,
08/27/2026,08:05:49:577,0.000000,0.000000,1,-100.84,-100.84,0,0,
08/27/2026,08:05:49:621,0.000000,0.000000,4,-125.86,-125.86,0,0,
08/27/2026,08:05:49:704,0.000000,0.000000,2,-125.91,-125.91,0,0,
08/27/2026,08:05:49:817,0.000000,0.000000,3,-126.06,-126.06,0,0,
08/27/2026,08:05:49:838,0.000000,0.000000,1,-87.26,-87.26,0,0,
08/27/2026,08:05:49:878,0.000000,0.000000,4,-126.74,-126.74,0,0,
08/27/2026,08:05:49:956,0.000000,0.000000,2,-127.33,-127.33,0,0,
08/27/2026,08:05:50:095,0.000000,0.000000,3,-126.17,-126.17,0,0,
08/27/2026,08:05:50:123,0.000000,0.000000,1,-90.53,-90.53,0,0,
08/27/2026,08:05:50:157,0.000000,0.000000,4,-125.91,-125.91,0,0,
08/27/2026,08:05:50:323,0.000000,0.000000,2,-126.6,-126.6,0,0,
08/27/2026,08:05:50:402,0.000000,0.000000,3,-125.57,-125.57,0,0,
08/27/2026,08:05:50:430,0.000000,0.000000,1,-90.46,-90.46,0,0,
08/27/2026,08:05:50:437,0.000000,0.000000,4,-125.93,-125.93,0,0,
08/27/2026,08:05:50:530,0.000000,0.000000,2,-127.55,-127.55,0,0,
08/27/2026,08:05:50:663,0.000000,0.000000,3,-124.53,-124.53,0,0,
08/27/2026,08:05:50:665,0.000000,0.000000,1,-90.17,-90.17,0,0,
08/27/2026,08:05:50:705,0.000000,0.000000,4,-125.11,-125.11,0,0,
08/27/2026,08:05:50:782,0.000000,0.000000,2,-125.42,-125.42,0,0,
08/27/2026,08:05:50:920,0.000000,0.000000,3,-126.5,-126.5,0,0,
08/27/2026,08:05:50:960,0.000000,0.000000,1,-93.79,-93.79,0,0,
08/27/2026,08:05:50:976,0.000000,0.000000,4,-125.35,-125.35,0,0,
08/27/2026,08:05:51:056,0.000000,0.000000,2,-126.45,-126.45,0,0,
08/27/2026,08:05:51:198,0.000000,0.000000,3,-126.4,-126.4,0,0,
08/27/2026,08:05:51:221,0.000000,0.000000,1,-96.24,-96.24,0,0,
08/27/2026,08:05:51:251,0.000000,0.000000,4,-124.98,-124.98,0,0,
08/27/2026,08:05:51:335,0.000000,0.000000,2,-127.76,-127.76,0,0,
08/27/2026,08:05:51:476,0.000000,0.000000,3,-126.41,-126.41,0,0,
08/27/2026,08:05:51:498,0.000000,0.000000,1,-99.01,-99.01,0,0,
08/27/2026,08:05:51:530,0.000000,0.000000,4,-124.09,-124.09,0,0,
08/27/2026,08:05:51:624,0.000000,0.000000,2,-126.86,-126.86,0,0,
08/27/2026,08:05:51:764,0.000000,0.000000,3,-127.92,-127.92,0,0,
08/27/2026,08:05:51:774,0.000000,0.000000,1,-88.66,-88.66,0,0,
08/27/2026,08:05:51:803,0.000000,0.000000,4,-126.23,-126.23,0,0,
08/27/2026,08:05:51:894,0.000000,0.000000,2,-126.82,-126.82,0,0,
08/27/2026,08:05:52:034,0.000000,0.000000,3,-124.59,-124.59,0,0,
08/27/2026,08:05:52:042,0.000000,0.000000,1,-89.63,-89.63,0,0,
08/27/2026,08:05:52:076,0.000000,0.000000,4,-125.38,-125.38,0,0,
08/27/2026,08:05:52:257,0.000000,0.000000,2,-126.73,-126.73,0,0,
08/27/2026,08:05:52:382,0.000000,0.000000,3,-125.56,-125.56,0,0,
08/27/2026,08:05:52:386,0.000000,0.000000,1,-96.02,-96.02,0,0,
08/27/2026,08:05:52:397,0.000000,0.000000,4,-125.81,-125.81,0,0,
08/27/2026,08:05:52:447,0.000000,0.000000,2,-126.32,-126.32,0,0,
08/27/2026,08:05:52:585,0.000000,0.000000,3,-126.09,-126.09,0,0,
08/27/2026,08:05:52:600,0.000000,0.000000,1,-85.98,-85.98,0,0,
08/27/2026,08:05:52:633,0.000000,0.000000,4,-124.98,-124.98,0,0,
08/27/2026,08:05:52:721,0.000000,0.000000,2,-125.61,-125.61,0,0,
08/27/2026,08:05:52:876,0.000000,0.000000,3,-126.19,-126.19,0,0,
08/27/2026,08:05:52:897,0.000000,0.000000,1,-89.4,-89.4,0,0,
08/27/2026,08:05:52:929,0.000000,0.000000,4,-124.91,-124.91,0,0,
08/27/2026,08:05:53:041,0.000000,0.000000,2,-127.55,-127.55,0,0,
08/27/2026,08:05:53:152,0.000000,0.000000,3,-125.79,-125.79,0,0,
08/27/2026,08:05:53:176,0.000000,0.000000,1,-97.88,-97.88,0,0,
08/27/2026,08:05:53:205,0.000000,0.000000,4,-124.9,-124.9,0,0,
08/27/2026,08:05:53:307,0.000000,0.000000,2,-125.05,-125.05,0,0,
08/27/2026,08:05:53:467,0.000000,0.000000,3,-127.13,-127.13,0,0,
08/27/2026,08:05:53:559,0.000000,0.000000,1,-94.84,-94.84,0,0,
08/27/2026,08:05:53:567,0.000000,0.000000,4,-122.77,-122.77,0,0,
08/27/2026,08:05:53:645,0.000000,0.000000,2,-124.05,-124.05,0,0,
08/27/2026,08:05:53:783,0.000000,0.000000,3,-127.27,-127.27,0,0,
08/27/2026,08:05:53:792,0.000000,0.000000,1,-94.18,-94.18,0,0,
08/27/2026,08:05:53:825,0.000000,0.000000,4,-122.34,-122.34,0,0,
08/27/2026,08:05:53:924,0.000000,0.000000,2,-127.04,-127.04,0,0,
08/27/2026,08:05:54:073,0.000000,0.000000,3,-127.84,-127.84,0,0,
08/27/2026,08:05:54:082,0.000000,0.000000,1,-98.96,-98.96,0,0,
08/27/2026,08:05:54:118,0.000000,0.000000,4,-125.72,-125.72,0,0,
08/27/2026,08:05:54:194,0.000000,0.000000,2,-126.56,-126.56,0,0,
08/27/2026,08:05:54:354,0.000000,0.000000,3,-125.91,-125.91,0,0,
08/27/2026,08:05:54:364,0.000000,0.000000,1,-95.74,-95.74,0,0,
08/27/2026,08:05:54:402,0.000000,0.000000,4,-127.04,-127.04,0,0,
08/27/2026,08:05:54:476,0.000000,0.000000,2,-127.78,-127.78,0,0,
08/27/2026,08:05:54:646,0.000000,0.000000,3,-126.3,-126.3,0,0,
08/27/2026,08:05:54:663,0.000000,0.000000,1,-101.08,-101.08,0,0,
08/27/2026,08:05:54:699,0.000000,0.000000,4,-127.13,-127.13,0,0,
08/27/2026,08:05:54:809,0.000000,0.000000,2,-125.96,-125.96,0,0,
08/27/2026,08:05:54:949,0.000000,0.000000,3,-125.99,-125.99,0,0,
08/27/2026,08:05:54:961,0.000000,0.000000,1,-96.58,-96.58,0,0,
08/27/2026,08:05:55:002,0.000000,0.000000,4,-119.32,-119.32,0,0,
08/27/2026,08:05:55:086,0.000000,0.000000,2,-127.08,-127.08,0,0,
08/27/2026,08:05:55:237,0.000000,0.000000,3,-127.05,-127.05,0,0,
08/27/2026,08:05:55:260,0.000000,0.000000,1,-94.26,-94.26,0,0,
08/27/2026,08:05:55:288,0.000000,0.000000,4,-124.78,-124.78,0,0,
08/27/2026,08:05:55:488,0.000000,0.000000,2,-125.04,-125.04,0,0,
08/27/2026,08:05:55:562,0.000000,0.000000,3,-123.99,-123.99,0,0,
08/27/2026,08:05:55:577,0.000000,0.000000,1,-96.56,-96.56,0,0,
08/27/2026,08:05:55:627,0.000000,0.000000,4,-125.73,-125.73,0,0,
08/27/2026,08:05:55:708,0.000000,0.000000,2,-127.75,-127.75,0,0,
08/27/2026,08:05:55:853,0.000000,0.000000,3,-126.2,-126.2,0,0,
08/27/2026,08:05:55:858,0.000000,0.000000,1,-94.68,-94.68,0,0,
08/27/2026,08:05:55:926,0.000000,0.000000,4,-126.26,-126.26,0,0,
08/27/2026,08:05:56:010,0.000000,0.000000,2,-125.34,-125.34,0,0,
08/27/2026,08:05:56:157,0.000000,0.000000,3,-125.52,-125.52,0,0,
08/27/2026,08:05:56:172,0.000000,0.000000,1,-92.27,-92.27,0,0,
08/27/2026,08:05:56:218,0.000000,0.000000,4,-126.93,-126.93,0,0,
08/27/2026,08:05:56:257,0.000000,0.000000,2,-126.01,-126.01,0,0,
08/27/2026,08:05:56:398,0.000000,0.000000,3,-125.2,-125.2,0,0,
08/27/2026,08:05:56:416,0.000000,0.000000,1,-101.71,-101.71,0,0,
08/27/2026,08:05:56:445,0.000000,0.000000,4,-125.62,-125.62,0,0,
08/27/2026,08:05:56:535,0.000000,0.000000,2,-126.6,-126.6,0,0,
08/27/2026,08:05:56:692,0.000000,0.000000,3,-127.36,-127.36,0,0,
08/27/2026,08:05:56:702,0.000000,0.000000,1,-97.19,-97.19,0,0,
08/27/2026,08:05:56:727,0.000000,0.000000,4,-126.99,-126.99,0,0,
08/27/2026,08:05:56:812,0.000000,0.000000,2,-126.55,-126.55,0,0,
08/27/2026,08:05:56:949,0.000000,0.000000,3,-124.92,-124.92,0,0,
08/27/2026,08:05:56:972,0.000000,0.000000,1,-104.59,-104.59,0,0,
08/27/2026,08:05:57:007,0.000000,0.000000,4,-126.05,-126.05,0,0,
08/27/2026,08:05:57:086,0.000000,0.000000,2,-127.31,-127.31,0,0,
08/27/2026,08:05:57:226,0.000000,0.000000,3,-125.8,-125.8,0,0,
08/27/2026,08:05:57:246,0.000000,0.000000,1,-98.31,-98.31,0,0,
08/27/2026,08:05:57:294,0.000000,0.000000,4,-125.55,-125.55,0,0,
08/27/2026,08:05:57:370,0.000000,0.000000,2,-127.95,-127.95,0,0,
08/27/2026,08:05:57:542,0.000000,0.000000,3,-127.34,-127.34,0,0,
08/27/2026,08:05:57:564,0.000000,0.000000,1,-91.55,-91.55,0,0,
08/27/2026,08:05:57:574,0.000000,0.000000,4,-126.61,-126.61,0,0,
08/27/2026,08:05:57:662,0.000000,0.000000,2,-128.1,-128.1,0,0,
08/27/2026,08:05:57:819,0.000000,0.000000,3,-127.76,-127.76,0,0,
08/27/2026,08:05:57:844,0.000000,0.000000,1,-98.63,-98.63,0,0,
08/27/2026,08:05:57:852,0.000000,0.000000,4,-126.66,-126.66,0,0,
08/27/2026,08:05:57:975,0.000000,0.000000,2,-127.8,-127.8,0,0,
08/27/2026,08:05:58:076,0.000000,0.000000,3,-126.59,-126.59,0,0,
08/27/2026,08:05:58:103,0.000000,0.000000,1,-95.03,-95.03,0,0,
08/27/2026,08:05:58:112,0.000000,0.000000,4,-125.55,-125.55,0,0,
08/27/2026,08:05:58:191,0.000000,0.000000,2,-125.26,-125.26,0,0,
08/27/2026,08:05:58:338,0.000000,0.000000,3,-126.87,-126.87,0,0,
08/27/2026,08:05:58:348,0.000000,0.000000,1,-96.83,-96.83,0,0,
08/27/2026,08:05:58:382,0.000000,0.000000,4,-123.17,-123.17,0,0,
08/27/2026,08:05:58:481,0.000000,0.000000,2,-126.54,-126.54,0,0,
08/27/2026,08:05:58:608,0.000000,0.000000,3,-126.28,-126.28,0,0,
08/27/2026,08:05:58:636,0.000000,0.000000,1,-94.3,-94.3,0,0,
08/27/2026,08:05:58:659,0.000000,0.000000,4,-125.59,-125.59,0,0,
08/27/2026,08:05:58:766,0.000000,0.000000,2,-126.97,-126.97,0,0,
08/27/2026,08:05:58:885,0.000000,0.000000,3,-126.44,-126.44,0,0,
08/27/2026,08:05:58:911,0.000000,0.000000,1,-100.98,-100.98,0,0,
08/27/2026,08:05:58:932,0.000000,0.000000,4,-125.9,-125.9,0,0,
08/27/2026,08:05:59:043,0.000000,0.000000,2,-126.12,-126.12,0,0,
08/27/2026,08:05:59:157,0.000000,0.000000,3,-126.51,-126.51,0,0,
08/27/2026,08:05:59:181,0.000000,0.000000,1,-102.11,-102.11,0,0,
08/27/2026,08:05:59:211,0.000000,0.000000,4,-126.91,-126.91,0,0,
08/27/2026,08:05:59:302,0.000000,0.000000,2,-125.18,-125.18,0,0,
08/27/2026,08:06:00:918,0.000000,0.000000,3,-127.66,-127.66,0,0,
08/27/2026,08:06:00:919,0.000000,0.000000,1,-100.87,-100.87,0,0,
08/27/2026,08:06:00:921,0.000000,0.000000,4,-126.77,-126.77,0,0,
08/27/2026,08:06:00:925,0.000000,0.000000,2,-127.04,-127.04,0,0,
08/27/2026,08:06:00:931,0.000000,0.000000,3,-125.99,-125.99,0,0,
08/27/2026,08:06:00:932,0.000000,0.000000,1,-97.44,-97.44,0,0,
08/27/2026,08:06:00:936,0.000000,0.000000,4,-124.1,-124.1,0,0,
08/27/2026,08:06:00:938,0.000000,0.000000,2,-126.35,-126.35,0,0,
08/27/2026,08:06:00:941,0.000000,0.000000,3,-126.38,-126.38,0,0,
08/27/2026,08:06:00:942,0.000000,0.000000,1,-99.12,-99.12,0,0,
08/27/2026,08:06:00:943,0.000000,0.000000,4,-124.02,-124.02,0,0,
08/27/2026,08:06:00:945,0.000000,0.000000,2,-123.88,-123.88,0,0,
08/27/2026,08:06:00:948,0.000000,0.000000,3,-123.56,-123.56,0,0,
08/27/2026,08:06:00:949,0.000000,0.000000,1,-100.2,-100.2,0,0,
08/27/2026,08:06:00:949,0.000000,0.000000,4,-124.22,-124.22,0,0,
08/27/2026,08:06:00:951,0.000000,0.000000,2,-126.19,-126.19,0,0,
08/27/2026,08:06:00:963,0.000000,0.000000,3,-124.84,-124.84,0,0,
08/27/2026,08:06:00:963,0.000000,0.000000,1,-103.34,-103.34,0,0,
08/27/2026,08:06:00:964,0.000000,0.000000,4,-126,-126,0,0,
08/27/2026,08:06:00:966,0.000000,0.000000,2,-126.31,-126.31,0,0,
08/27/2026,08:06:00:969,0.000000,0.000000,3,-125.24,-125.24,0,0,
08/27/2026,08:06:00:969,0.000000,0.000000,1,-100.42,-100.42,0,0,
08/27/2026,08:06:00:971,0.000000,0.000000,4,-126.61,-126.61,0,0,
08/27/2026,08:06:00:986,0.000000,0.000000,2,-125.42,-125.42,0,0,
08/27/2026,08:06:01:124,0.000000,0.000000,3,-124.62,-124.62,0,0,
08/27/2026,08:06:01:140,0.000000,0.000000,1,-99.24,-99.24,0,0,
08/27/2026,08:06:01:213,0.000000,0.000000,4,-127.34,-127.34,0,0,
08/27/2026,08:06:01:259,0.000000,0.000000,2,-126.89,-126.89,0,0,
08/27/2026,08:06:01:407,0.000000,0.000000,3,-125.22,-125.22,0,0,
08/27/2026,08:06:01:412,0.000000,0.000000,1,-99.74,-99.74,0,0,
08/27/2026,08:06:01:447,0.000000,0.000000,4,-125.57,-125.57,0,0,
08/27/2026,08:06:01:547,0.000000,0.000000,2,-126.88,-126.88,0,0,
08/27/2026,08:06:01:726,0.000000,0.000000,3,-126.77,-126.77,0,0,
08/27/2026,08:06:01:760,0.000000,0.000000,1,-98.64,-98.64,0,0,
08/27/2026,08:06:01:804,0.000000,0.000000,4,-125.67,-125.67,0,0,
08/27/2026,08:06:01:859,0.000000,0.000000,2,-126.56,-126.56,0,0,
08/27/2026,08:06:01:955,0.000000,0.000000,3,-127.16,-127.16,0,0,
08/27/2026,08:06:01:966,0.000000,0.000000,1,-98.51,-98.51,0,0,
08/27/2026,08:06:01:994,0.000000,0.000000,4,-125.91,-125.91,0,0,
08/27/2026,08:06:02:080,0.000000,0.000000,2,-125.67,-125.67,0,0,
08/27/2026,08:06:02:220,0.000000,0.000000,3,-126.51,-126.51,0,0,
08/27/2026,08:06:02:240,0.000000,0.000000,1,-96.59,-96.59,0,0,
08/27/2026,08:06:02:276,0.000000,0.000000,4,-125.3,-125.3,0,0,
08/27/2026,08:06:02:396,0.000000,0.000000,2,-126.79,-126.79,0,0,
08/27/2026,08:06:02:510,0.000000,0.000000,3,-125.41,-125.41,0,0,
08/27/2026,08:06:02:520,0.000000,0.000000,1,-99.58,-99.58,0,0,
08/27/2026,08:06:02:550,0.000000,0.000000,4,-125.24,-125.24,0,0,
08/27/2026,08:06:02:643,0.000000,0.000000,2,-125.98,-125.98,0,0,
08/27/2026,08:06:02:780,0.000000,0.000000,3,-125.33,-125.33,0,0,
08/27/2026,08:06:02:789,0.000000,0.000000,1,-97.53,-97.53,0,0,
08/27/2026,08:06:02:825,0.000000,0.000000,4,-126.26,-126.26,0,0,
08/27/2026,08:06:02:915,0.000000,0.000000,2,-127.19,-127.19,0,0,
08/27/2026,08:06:03:052,0.000000,0.000000,3,-127.34,-127.34,0,0,
08/27/2026,08:06:03:073,0.000000,0.000000,1,-93.09,-93.09,0,0,
08/27/2026,08:06:03:111,0.000000,0.000000,4,-124.58,-124.58,0,0,
08/27/2026,08:06:03:265,0.000000,0.000000,2,-128.53,-128.53,0,0,
08/27/2026,08:06:03:354,0.000000,0.000000,3,-127.04,-127.04,0,0,
08/27/2026,08:06:03:364,0.000000,0.000000,1,-94.28,-94.28,0,0,
08/27/2026,08:06:03:377,0.000000,0.000000,4,-126.58,-126.58,0,0,
08/27/2026,08:06:03:493,0.000000,0.000000,2,-125.24,-125.24,0,0,
08/27/2026,08:06:03:609,0.000000,0.000000,3,-126.45,-126.45,0,0,
08/27/2026,08:06:03:622,0.000000,0.000000,1,-96.42,-96.42,0,0,
08/27/2026,08:06:03:767,0.000000,0.000000,4,-124.54,-124.54,0,0,
08/27/2026,08:06:03:831,0.000000,0.000000,2,-127.68,-127.68,0,0,
08/27/2026,08:06:03:904,0.000000,0.000000,3,-127.22,-127.22,0,0,
08/27/2026,08:06:03:908,0.000000,0.000000,1,-101.2,-101.2,0,0,
08/27/2026,08:06:03:931,0.000000,0.000000,4,-125.68,-125.68,0,0,
08/27/2026,08:06:04:023,0.000000,0.000000,2,-125.87,-125.87,0,0,
08/27/2026,08:06:04:153,0.000000,0.000000,3,-127.43,-127.43,0,0,
08/27/2026,08:06:04:170,0.000000,0.000000,1,-98.29,-98.29,0,0,
08/27/2026,08:06:04:222,0.000000,0.000000,4,-127.57,-127.57,0,0,
08/27/2026,08:06:04:299,0.000000,0.000000,2,-127.86,-127.86,0,0,
08/27/2026,08:06:04:430,0.000000,0.000000,3,-127.13,-127.13,0,0,
08/27/2026,08:06:04:452,0.000000,0.000000,1,-95.66,-95.66,0,0,
08/27/2026,08:06:04:488,0.000000,0.000000,4,-123.88,-123.88,0,0,
08/27/2026,08:06:04:570,0.000000,0.000000,2,-126.54,-126.54,0,0,
08/27/2026,08:06:04:718,0.000000,0.000000,3,-126.44,-126.44,0,0,
08/27/2026,08:06:04:723,0.000000,0.000000,1,-102.28,-102.28,0,0,
08/27/2026,08:06:04:756,0.000000,0.000000,4,-125.99,-125.99,0,0,
08/27/2026,08:06:04:859,0.000000,0.000000,2,-126.99,-126.99,0,0,
08/27/2026,08:06:05:031,0.000000,0.000000,3,-125.57,-125.57,0,0,
08/27/2026,08:06:05:031,0.000000,0.000000,1,-96.33,-96.33,0,0,
08/27/2026,08:06:05:052,0.000000,0.000000,4,-126.03,-126.03,0,0,
08/27/2026,08:06:05:128,0.000000,0.000000,2,-124.05,-124.05,0,0,
08/27/2026,08:06:05:287,0.000000,0.000000,3,-125.69,-125.69,0,0,
08/27/2026,08:06:05:292,0.000000,0.000000,1,-93.79,-93.79,0,0,
08/27/2026,08:06:05:336,0.000000,0.000000,4,-126.69,-126.69,0,0,
08/27/2026,08:06:05:422,0.000000,0.000000,2,-126.34,-126.34,0,0,
08/27/2026,08:06:05:546,0.000000,0.000000,3,-126.77,-126.77,0,0,
08/27/2026,08:06:05:584,0.000000,0.000000,1,-98.43,-98.43,0,0,
08/27/2026,08:06:05:615,0.000000,0.000000,4,-126.36,-126.36,0,0,
08/27/2026,08:06:05:766,0.000000,0.000000,2,-126.95,-126.95,0,0,
08/27/2026,08:06:05:811,0.000000,0.000000,3,-126.2,-126.2,0,0,
08/27/2026,08:06:05:836,0.000000,0.000000,1,-96.41,-96.41,0,0,
08/27/2026,08:06:05:874,0.000000,0.000000,4,-125.5,-125.5,0,0,
08/27/2026,08:06:05:960,0.000000,0.000000,2,-127.13,-127.13,0,0,
08/27/2026,08:06:06:147,0.000000,0.000000,3,-126.45,-126.45,0,0,
08/27/2026,08:06:06:151,0.000000,0.000000,1,-97.05,-97.05,0,0,
08/27/2026,08:06:06:168,0.000000,0.000000,4,-124.65,-124.65,0,0,
08/27/2026,08:06:06:225,0.000000,0.000000,2,-125.55,-125.55,0,0,
08/27/2026,08:06:06:383,0.000000,0.000000,3,-127.15,-127.15,0,0,
08/27/2026,08:06:06:386,0.000000,0.000000,1,-101.02,-101.02,0,0,
08/27/2026,08:06:06:420,0.000000,0.000000,4,-126.43,-126.43,0,0,
08/27/2026,08:06:06:507,0.000000,0.000000,2,-126.21,-126.21,0,0,
08/27/2026,08:06:06:640,0.000000,0.000000,3,-126.13,-126.13,0,0,
08/27/2026,08:06:06:663,0.000000,0.000000,1,-96.66,-96.66,0,0,
08/27/2026,08:06:06:699,0.000000,0.000000,4,-126.52,-126.52,0,0,
08/27/2026,08:06:06:782,0.000000,0.000000,2,-126.67,-126.67,0,0,
08/27/2026,08:06:06:916,0.000000,0.000000,3,-127.28,-127.28,0,0,
08/27/2026,08:06:06:934,0.000000,0.000000,1,-102.54,-102.54,0,0,
08/27/2026,08:06:07:026,0.000000,0.000000,4,-126.43,-126.43,0,0,
08/27/2026,08:06:07:109,0.000000,0.000000,2,-128.25,-128.25,0,0,
08/27/2026,08:06:07:209,0.000000,0.000000,3,-125.2,-125.2,0,0,
08/27/2026,08:06:07:217,0.000000,0.000000,1,-101.17,-101.17,0,0,
08/27/2026,08:06:07:249,0.000000,0.000000,4,-126.16,-126.16,0,0,
08/27/2026,08:06:07:348,0.000000,0.000000,2,-125.16,-125.16,0,0,
08/27/2026,08:06:07:491,0.000000,0.000000,3,-126.25,-126.25,0,0,
08/27/2026,08:06:07:494,0.000000,0.000000,1,-93.44,-93.44,0,0,
08/27/2026,08:06:07:527,0.000000,0.000000,4,-126.45,-126.45,0,0,
08/27/2026,08:06:07:613,0.000000,0.000000,2,-127.66,-127.66,0,0,
08/27/2026,08:06:07:748,0.000000,0.000000,3,-126.33,-126.33,0,0,
08/27/2026,08:06:07:763,0.000000,0.000000,1,-89.76,-89.76,0,0,
08/27/2026,08:06:07:795,0.000000,0.000000,4,-125.33,-125.33,0,0,
08/27/2026,08:06:07:886,0.000000,0.000000,2,-126.45,-126.45,0,0,
08/27/2026,08:06:08:059,0.000000,0.000000,3,-127.69,-127.69,0,0,
08/27/2026,08:06:08:100,0.000000,0.000000,1,-89.32,-89.32,0,0,
08/27/2026,08:06:08:108,0.000000,0.000000,4,-125.63,-125.63,0,0,
08/27/2026,08:06:08:168,0.000000,0.000000,2,-126.9,-126.9,0,0,
08/27/2026,08:06:08:327,0.000000,0.000000,3,-126.79,-126.79,0,0,
08/27/2026,08:06:08:354,0.000000,0.000000,1,-92.97,-92.97,0,0,
08/27/2026,08:06:08:381,0.000000,0.000000,4,-126.02,-126.02,0,0,
08/27/2026,08:06:08:477,0.000000,0.000000,2,-126.06,-126.06,0,0,
08/27/2026,08:06:08:574,0.000000,0.000000,3,-126.93,-126.93,0,0,
08/27/2026,08:06:08:604,0.000000,0.000000,1,-83.99,-83.99,0,0,
08/27/2026,08:06:08:656,0.000000,0.000000,4,-127.25,-127.25,0,0,
08/27/2026,08:06:08:711,0.000000,0.000000,2,-127.69,-127.69,0,0,
08/27/2026,08:06:08:886,0.000000,0.000000,3,-125.59,-125.59,0,0,
08/27/2026,08:06:08:888,0.000000,0.000000,1,-83.89,-83.89,0,0,
08/27/2026,08:06:08:909,0.000000,0.000000,4,-124.56,-124.56,0,0,
08/27/2026,08:06:09:018,0.000000,0.000000,2,-126.06,-126.06,0,0,
08/27/2026,08:06:09:192,0.000000,0.000000,3,-126.07,-126.07,0,0,
08/27/2026,08:06:09:203,0.000000,0.000000,1,-91.79,-91.79,0,0,
08/27/2026,08:06:09:238,0.000000,0.000000,4,-126.15,-126.15,0,0,
08/27/2026,08:06:09:288,0.000000,0.000000,2,-126.21,-126.21,0,0,
08/27/2026,08:06:09:449,0.000000,0.000000,3,-127.68,-127.68,0,0,
08/27/2026,08:06:09:460,0.000000,0.000000,1,-89.44,-89.44,0,0,
08/27/2026,08:06:09:474,0.000000,0.000000,4,-125.68,-125.68,0,0,
08/27/2026,08:06:09:556,0.000000,0.000000,2,-127.81,-127.81,0,0,
08/27/2026,08:06:09:702,0.000000,0.000000,3,-128.13,-128.13,0,0,
08/27/2026,08:06:09:706,0.000000,0.000000,1,-88.48,-88.48,0,0,
08/27/2026,08:06:09:742,0.000000,0.000000,4,-127.35,-127.35,0,0,
08/27/2026,08:06:09:831,0.000000,0.000000,2,-126.77,-126.77,0,0,
08/27/2026,08:06:09:959,0.000000,0.000000,3,-125.83,-125.83,0,0,
08/27/2026,08:06:09:976,0.000000,0.000000,1,-91.08,-91.08,0,0,
08/27/2026,08:06:10:007,0.000000,0.000000,4,-126.65,-126.65,0,0,
08/27/2026,08:06:10:123,0.000000,0.000000,2,-127.49,-127.49,0,0,
08/27/2026,08:06:10:248,0.000000,0.000000,3,-125.45,-125.45,0,0,
08/27/2026,08:06:10:252,0.000000,0.000000,1,-85.92,-85.92,0,0,
08/27/2026,08:06:10:290,0.000000,0.000000,4,-125.38,-125.38,0,0,
08/27/2026,08:06:10:384,0.000000,0.000000,2,-126.6,-126.6,0,0,
08/27/2026,08:06:10:515,0.000000,0.000000,3,-126.45,-126.45,0,0,
08/27/2026,08:06:10:531,0.000000,0.000000,1,-84.15,-84.15,0,0,
08/27/2026,08:06:10:564,0.000000,0.000000,4,-125.97,-125.97,0,0,
08/27/2026,08:06:10:662,0.000000,0.000000,2,-125.88,-125.88,0,0,
08/27/2026,08:06:10:808,0.000000,0.000000,3,-126.23,-126.23,0,0,
08/27/2026,08:06:10:897,0.000000,0.000000,1,-85.45,-85.45,0,0,
08/27/2026,08:06:10:928,0.000000,0.000000,4,-125.95,-125.95,0,0,
08/27/2026,08:06:11:018,0.000000,0.000000,2,-125.96,-125.96,0,0,
08/27/2026,08:06:11:124,0.000000,0.000000,3,-125.1,-125.1,0,0,
08/27/2026,08:06:11:131,0.000000,0.000000,1,-84.58,-84.58,0,0,
08/27/2026,08:06:11:173,0.000000,0.000000,4,-124.84,-124.84,0,0,
08/27/2026,08:06:11:248,0.000000,0.000000,2,-127.08,-127.08,0,0,
08/27/2026,08:06:11:337,0.000000,0.000000,3,-127.13,-127.13,0,0,
08/27/2026,08:06:11:361,0.000000,0.000000,1,-86.34,-86.34,0,0,
08/27/2026,08:06:11:395,0.000000,0.000000,4,-126.31,-126.31,0,0,
08/27/2026,08:06:11:481,0.000000,0.000000,2,-127.12,-127.12,0,0,
08/27/2026,08:06:11:616,0.000000,0.000000,3,-126.24,-126.24,0,0,
08/27/2026,08:06:11:638,0.000000,0.000000,1,-85.59,-85.59,0,0,
08/27/2026,08:06:11:670,0.000000,0.000000,4,-126.71,-126.71,0,0,
08/27/2026,08:06:11:753,0.000000,0.000000,2,-127.25,-127.25,0,0,
08/27/2026,08:06:11:894,0.000000,0.000000,3,-126.44,-126.44,0,0,
08/27/2026,08:06:11:932,0.000000,0.000000,1,-84.77,-84.77,0,0,
08/27/2026,08:06:11:955,0.000000,0.000000,4,-125.98,-125.98,0,0,
08/27/2026,08:06:12:040,0.000000,0.000000,2,-127.75,-127.75,0,0,
08/27/2026,08:06:12:170,0.000000,0.000000,3,-125.73,-125.73,0,0,
08/27/2026,08:06:12:198,0.000000,0.000000,1,-82.21,-82.21,0,0,
08/27/2026,08:06:12:271,0.000000,0.000000,4,-125.69,-125.69,0,0,
08/27/2026,08:06:12:307,0.000000,0.000000,2,-126.64,-126.64,0,0,
08/27/2026,08:06:12:516,0.000000,0.000000,3,-126.47,-126.47,0,0,
08/27/2026,08:06:12:528,0.000000,0.000000,1,-81.59,-81.59,0,0,
08/27/2026,08:06:12:542,0.000000,0.000000,4,-124.12,-124.12,0,0,
08/27/2026,08:06:12:608,0.000000,0.000000,2,-127.89,-127.89,0,0,
08/27/2026,08:06:12:801,0.000000,0.000000,3,-124.47,-124.47,0,0,
08/27/2026,08:06:12:802,0.000000,0.000000,1,-79.68,-79.68,0,0,
08/27/2026,08:06:12:814,0.000000,0.000000,4,-125.92,-125.92,0,0,
08/27/2026,08:06:12:891,0.000000,0.000000,2,-125.99,-125.99,0,0,
08/27/2026,08:06:13:017,0.000000,0.000000,3,-126.35,-126.35,0,0,
08/27/2026,08:06:13:022,0.000000,0.000000,1,-93.4,-93.4,0,0,
08/27/2026,08:06:13:061,0.000000,0.000000,4,-126.57,-126.57,0,0,
08/27/2026,08:06:13:148,0.000000,0.000000,2,-127.7,-127.7,0,0,
08/27/2026,08:06:13:280,0.000000,0.000000,3,-126.45,-126.45,0,0,
08/27/2026,08:06:13:288,0.000000,0.000000,1,-84.87,-84.87,0,0,
08/27/2026,08:06:13:342,0.000000,0.000000,4,-127.64,-127.64,0,0,
08/27/2026,08:06:13:416,0.000000,0.000000,2,-125.19,-125.19,0,0,
08/27/2026,08:06:13:551,0.000000,0.000000,3,-124.75,-124.75,0,0,
08/27/2026,08:06:13:578,0.000000,0.000000,1,-84.3,-84.3,0,0,
08/27/2026,08:06:13:605,0.000000,0.000000,4,-126.99,-126.99,0,0,
08/27/2026,08:06:13:692,0.000000,0.000000,2,-125.71,-125.71,0,0,
08/27/2026,08:06:13:833,0.000000,0.000000,3,-125.82,-125.82,0,0,
08/27/2026,08:06:13:853,0.000000,0.000000,1,-83.85,-83.85,0,0,
08/27/2026,08:06:13:917,0.000000,0.000000,4,-125.99,-125.99,0,0,
08/27/2026,08:06:14:010,0.000000,0.000000,2,-126.11,-126.11,0,0,
08/27/2026,08:06:14:141,0.000000,0.000000,3,-127.22,-127.22,0,0,
08/27/2026,08:06:14:144,0.000000,0.000000,1,-84.16,-84.16,0,0,
08/27/2026,08:06:14:159,0.000000,0.000000,4,-126.59,-126.59,0,0,
08/27/2026,08:06:14:248,0.000000,0.000000,2,-127.45,-127.45,0,0,
08/27/2026,08:06:14:379,0.000000,0.000000,3,-126.48,-126.48,0,0,
08/27/2026,08:06:14:411,0.000000,0.000000,1,-80.88,-80.88,0,0,
08/27/2026,08:06:14:443,0.000000,0.000000,4,-127.13,-127.13,0,0,
08/27/2026,08:06:14:527,0.000000,0.000000,2,-126.01,-126.01,0,0,
08/27/2026,08:06:14:668,0.000000,0.000000,3,-126.61,-126.61,0,0,
08/27/2026,08:06:14:675,0.000000,0.000000,1,-77.88,-77.88,0,0,
08/27/2026,08:06:14:714,0.000000,0.000000,4,-125.33,-125.33,0,0,
08/27/2026,08:06:14:809,0.000000,0.000000,2,-126.3,-126.3,0,0,
08/27/2026,08:06:15:014,0.000000,0.000000,3,-126.73,-126.73,0,0,
08/27/2026,08:06:15:016,0.000000,0.000000,1,-81.56,-81.56,0,0,
08/27/2026,08:06:15:062,0.000000,0.000000,4,-124.96,-124.96,0,0,
08/27/2026,08:06:15:101,0.000000,0.000000,2,-126.35,-126.35,0,0,
08/27/2026,08:06:15:207,0.000000,0.000000,3,-126.46,-126.46,0,0,
08/27/2026,08:06:15:229,0.000000,0.000000,1,-85.53,-85.53,0,0,
08/27/2026,08:06:15:270,0.000000,0.000000,4,-126.21,-126.21,0,0,
08/27/2026,08:06:15:352,0.000000,0.000000,2,-127.67,-127.67,0,0,
08/27/2026,08:06:15:488,0.000000,0.000000,3,-127.89,-127.89,0,0,
08/27/2026,08:06:15:506,0.000000,0.000000,1,-84.62,-84.62,0,0,
08/27/2026,08:06:15:549,0.000000,0.000000,4,-125.78,-125.78,0,0,
08/27/2026,08:06:15:625,0.000000,0.000000,2,-127.08,-127.08,0,0,
08/27/2026,08:06:15:770,0.000000,0.000000,3,-126.34,-126.34,0,0,
08/27/2026,08:06:15:780,0.000000,0.000000,1,-80.43,-80.43,0,0,
08/27/2026,08:06:15:821,0.000000,0.000000,4,-124.66,-124.66,0,0,
08/27/2026,08:06:15:900,0.000000,0.000000,2,-126.94,-126.94,0,0,
08/27/2026,08:06:16:121,0.000000,0.000000,3,-126.51,-126.51,0,0,
08/27/2026,08:06:16:133,0.000000,0.000000,1,-83.31,-83.31,0,0,
08/27/2026,08:06:16:143,0.000000,0.000000,4,-126.02,-126.02,0,0,
08/27/2026,08:06:16:201,0.000000,0.000000,2,-126.64,-126.64,0,0,
08/27/2026,08:06:16:330,0.000000,0.000000,3,-124.53,-124.53,0,0,
08/27/2026,08:06:16:333,0.000000,0.000000,1,-76.82,-76.82,0,0,
08/27/2026,08:06:16:371,0.000000,0.000000,4,-124.72,-124.72,0,0,
08/27/2026,08:06:16:459,0.000000,0.000000,2,-126.31,-126.31,0,0,
08/27/2026,08:06:16:886,0.000000,0.000000,3,-126.79,-126.79,0,0,
08/27/2026,08:06:16:896,0.000000,0.000000,1,-95.5,-95.5,0,0,
08/27/2026,08:06:16:903,0.000000,0.000000,4,-125.28,-125.28,0,0,
08/27/2026,08:06:16:955,0.000000,0.000000,2,-126.09,-126.09,0,0,
08/27/2026,08:06:17:010,0.000000,0.000000,3,-126.87,-126.87,0,0,
08/27/2026,08:06:17:017,0.000000,0.000000,1,-87.96,-87.96,0,0,
08/27/2026,08:06:17:031,0.000000,0.000000,4,-124.58,-124.58,0,0,
08/27/2026,08:06:17:083,0.000000,0.000000,2,-126.91,-126.91,0,0,
08/27/2026,08:06:17:153,0.000000,0.000000,3,-126.39,-126.39,0,0,
08/27/2026,08:06:17:159,0.000000,0.000000,1,-96.37,-96.37,0,0,
08/27/2026,08:06:17:202,0.000000,0.000000,4,-125.17,-125.17,0,0,
08/27/2026,08:06:17:281,0.000000,0.000000,2,-127.22,-127.22,0,0,
08/27/2026,08:06:17:431,0.000000,0.000000,3,-126.54,-126.54,0,0,
08/27/2026,08:06:17:435,0.000000,0.000000,1,-84.47,-84.47,0,0,
08/27/2026,08:06:17:472,0.000000,0.000000,4,-125.07,-125.07,0,0,
08/27/2026,08:06:17:560,0.000000,0.000000,2,-125.06,-125.06,0,0,
08/27/2026,08:06:17:712,0.000000,0.000000,3,-126.71,-126.71,0,0,
08/27/2026,08:06:17:717,0.000000,0.000000,1,-91.19,-91.19,0,0,
08/27/2026,08:06:17:745,0.000000,0.000000,4,-124.04,-124.04,0,0,
08/27/2026,08:06:17:858,0.000000,0.000000,2,-126.23,-126.23,0,0,
08/27/2026,08:06:17:987,0.000000,0.000000,3,-127.17,-127.17,0,0,
08/27/2026,08:06:17:995,0.000000,0.000000,1,-87.51,-87.51,0,0,
08/27/2026,08:06:18:033,0.000000,0.000000,4,-125.8,-125.8,0,0,
08/27/2026,08:06:18:134,0.000000,0.000000,2,-126.78,-126.78,0,0,
08/27/2026,08:06:18:266,0.000000,0.000000,3,-126.04,-126.04,0,0,
08/27/2026,08:06:18:282,0.000000,0.000000,1,-84.97,-84.97,0,0,
08/27/2026,08:06:18:325,0.000000,0.000000,4,-124.55,-124.55,0,0,
08/27/2026,08:06:18:411,0.000000,0.000000,2,-127.32,-127.32,0,0,
08/27/2026,08:06:18:535,0.000000,0.000000,3,-125.38,-125.38,0,0,
08/27/2026,08:06:18:549,0.000000,0.000000,1,-88.11,-88.11,0,0,
08/27/2026,08:06:18:579,0.000000,0.000000,4,-124.26,-124.26,0,0,
08/27/2026,08:06:18:664,0.000000,0.000000,2,-128.76,-128.76,0,0,
08/27/2026,08:06:18:800,0.000000,0.000000,3,-124.65,-124.65,0,0,
08/27/2026,08:06:18:827,0.000000,0.000000,1,-79.23,-79.23,0,0,
08/27/2026,08:06:18:851,0.000000,0.000000,4,-127.37,-127.37,0,0,
08/27/2026,08:06:18:940,0.000000,0.000000,2,-127.08,-127.08,0,0,
08/27/2026,08:06:19:080,0.000000,0.000000,3,-126.53,-126.53,0,0,
08/27/2026,08:06:19:144,0.000000,0.000000,1,-83.25,-83.25,0,0,
08/27/2026,08:06:19:151,0.000000,0.000000,4,-125.78,-125.78,0,0,
08/27/2026,08:06:19:246,0.000000,0.000000,2,-126.28,-126.28,0,0,
08/27/2026,08:06:19:359,0.000000,0.000000,3,-125.53,-125.53,0,0,
08/27/2026,08:06:19:371,0.000000,0.000000,1,-77.41,-77.41,0,0,
08/27/2026,08:06:19:406,0.000000,0.000000,4,-124.74,-124.74,0,0,
08/27/2026,08:06:19:507,0.000000,0.000000,2,-127.22,-127.22,0,0,
08/27/2026,08:06:19:634,0.000000,0.000000,3,-125.47,-125.47,0,0,
08/27/2026,08:06:19:654,0.000000,0.000000,1,-79.64,-79.64,0,0,
08/27/2026,08:06:19:686,0.000000,0.000000,4,-123.83,-123.83,0,0,
08/27/2026,08:06:19:777,0.000000,0.000000,2,-125.15,-125.15,0,0,
08/27/2026,08:06:19:912,0.000000,0.000000,3,-126.21,-126.21,0,0,
08/27/2026,08:06:19:945,0.000000,0.000000,1,-76.4,-76.4,0,0,
08/27/2026,08:06:19:956,0.000000,0.000000,4,-125.5,-125.5,0,0,
08/27/2026,08:06:20:047,0.000000,0.000000,2,-127.3,-127.3,0,0,
08/27/2026,08:06:20:195,0.000000,0.000000,3,-125.49,-125.49,0,0,
08/27/2026,08:06:20:204,0.000000,0.000000,1,-80.7,-80.7,0,0,
08/27/2026,08:06:20:236,0.000000,0.000000,4,-127.07,-127.07,0,0,
08/27/2026,08:06:20:362,0.000000,0.000000,2,-126.16,-126.16,0,0,
08/27/2026,08:06:20:509,0.000000,0.000000,3,-125.93,-125.93,0,0,
08/27/2026,08:06:20:513,0.000000,0.000000,1,-75.92,-75.92,0,0,
08/27/2026,08:06:20:544,0.000000,0.000000,4,-127.28,-127.28,0,0,
08/27/2026,08:06:20:637,0.000000,0.000000,2,-126.36,-126.36,0,0,
08/27/2026,08:06:20:752,0.000000,0.000000,3,-127.04,-127.04,0,0,
08/27/2026,08:06:20:760,0.000000,0.000000,1,-75.75,-75.75,0,0,
08/27/2026,08:06:20:806,0.000000,0.000000,4,-126.08,-126.08,0,0,
08/27/2026,08:06:20:877,0.000000,0.000000,2,-127.17,-127.17,0,0,
08/27/2026,08:06:21:035,0.000000,0.000000,3,-126.62,-126.62,0,0,
08/27/2026,08:06:21:038,0.000000,0.000000,1,-76.51,-76.51,0,0,
08/27/2026,08:06:21:175,0.000000,0.000000,4,-127.02,-127.02,0,0,
08/27/2026,08:06:21:203,0.000000,0.000000,2,-127.58,-127.58,0,0,
08/27/2026,08:06:21:288,0.000000,0.000000,3,-128.86,-128.86,0,0,
08/27/2026,08:06:21:309,0.000000,0.000000,1,-78.69,-78.69,0,0,
08/27/2026,08:06:21:345,0.000000,0.000000,4,-126.43,-126.43,0,0,
08/27/2026,08:06:21:427,0.000000,0.000000,2,-126.04,-126.04,0,0,
08/27/2026,08:06:21:564,0.000000,0.000000,3,-126.26,-126.26,0,0,
08/27/2026,08:06:21:589,0.000000,0.000000,1,-87.28,-87.28,0,0,
08/27/2026,08:06:21:629,0.000000,0.000000,4,-123.78,-123.78,0,0,
08/27/2026,08:06:21:706,0.000000,0.000000,2,-127.33,-127.33,0,0,
08/27/2026,08:06:21:844,0.000000,0.000000,3,-126.39,-126.39,0,0,
08/27/2026,08:06:21:900,0.000000,0.000000,1,-80.84,-80.84,0,0,
08/27/2026,08:06:21:904,0.000000,0.000000,4,-126.4,-126.4,0,0,
08/27/2026,08:06:22:034,0.000000,0.000000,2,-126.79,-126.79,0,0,
08/27/2026,08:06:22:150,0.000000,0.000000,3,-127.3,-127.3,0,0,
08/27/2026,08:06:22:156,0.000000,0.000000,1,-82.49,-82.49,0,0,
08/27/2026,08:06:22:242,0.000000,0.000000,4,-125.32,-125.32,0,0,
08/27/2026,08:06:22:304,0.000000,0.000000,2,-126.95,-126.95,0,0,
08/27/2026,08:06:22:419,0.000000,0.000000,3,-126.96,-126.96,0,0,
08/27/2026,08:06:22:423,0.000000,0.000000,1,-81.79,-81.79,0,0,
08/27/2026,08:06:22:451,0.000000,0.000000,4,-123.61,-123.61,0,0,
08/27/2026,08:06:22:531,0.000000,0.000000,2,-126.92,-126.92,0,0,
08/27/2026,08:06:22:676,0.000000,0.000000,3,-127.06,-127.06,0,0,
08/27/2026,08:06:22:694,0.000000,0.000000,1,-92.5,-92.5,0,0,
08/27/2026,08:06:22:730,0.000000,0.000000,4,-127.36,-127.36,0,0,
08/27/2026,08:06:22:815,0.000000,0.000000,2,-126.7,-126.7,0,0,
08/27/2026,08:06:22:968,0.000000,0.000000,3,-125.8,-125.8,0,0,
08/27/2026,08:06:22:974,0.000000,0.000000,1,-92.05,-92.05,0,0,
08/27/2026,08:06:23:008,0.000000,0.000000,4,-127.13,-127.13,0,0,
08/27/2026,08:06:23:091,0.000000,0.000000,2,-126.62,-126.62,0,0,
08/27/2026,08:06:23:225,0.000000,0.000000,3,-125.65,-125.65,0,0,
08/27/2026,08:06:23:240,0.000000,0.000000,1,-88.84,-88.84,0,0,
08/27/2026,08:06:23:272,0.000000,0.000000,4,-125.02,-125.02,0,0,
08/27/2026,08:06:23:360,0.000000,0.000000,2,-127.84,-127.84,0,0,
08/27/2026,08:06:23:515,0.000000,0.000000,3,-126.36,-126.36,0,0,
08/27/2026,08:06:23:519,0.000000,0.000000,1,-91.46,-91.46,0,0,
08/27/2026,08:06:23:550,0.000000,0.000000,4,-126.65,-126.65,0,0,
08/27/2026,08:06:23:644,0.000000,0.000000,2,-125.24,-125.24,0,0,
08/27/2026,08:06:23:838,0.000000,0.000000,3,-126.5,-126.5,0,0,
08/27/2026,08:06:23:840,0.000000,0.000000,1,-87.54,-87.54,0,0,
08/27/2026,08:06:23:848,0.000000,0.000000,4,-124.67,-124.67,0,0,
08/27/2026,08:06:23:934,0.000000,0.000000,2,-126.02,-126.02,0,0,
08/27/2026,08:06:24:060,0.000000,0.000000,3,-126.67,-126.67,0,0,
08/27/2026,08:06:24:107,0.000000,0.000000,1,-82.42,-82.42,0,0,
08/27/2026,08:06:24:111,0.000000,0.000000,4,-123.73,-123.73,0,0,
08/27/2026,08:06:24:192,0.000000,0.000000,2,-126.77,-126.77,0,0,
08/27/2026,08:06:24:331,0.000000,0.000000,3,-127.04,-127.04,0,0,
08/27/2026,08:06:24:372,0.000000,0.000000,1,-78.85,-78.85,0,0,
08/27/2026,08:06:24:382,0.000000,0.000000,4,-125.91,-125.91,0,0,
08/27/2026,08:06:24:473,0.000000,0.000000,2,-126.48,-126.48,0,0,
08/27/2026,08:06:24:617,0.000000,0.000000,3,-127.51,-127.51,0,0,
08/27/2026,08:06:24:626,0.000000,0.000000,1,-80.14,-80.14,0,0,
08/27/2026,08:06:24:670,0.000000,0.000000,4,-125.69,-125.69,0,0,
08/27/2026,08:06:24:743,0.000000,0.000000,2,-127.01,-127.01,0,0,
08/27/2026,08:06:24:884,0.000000,0.000000,3,-126.85,-126.85,0,0,
08/27/2026,08:06:24:904,0.000000,0.000000,1,-78.12,-78.12,0,0,
08/27/2026,08:06:24:934,0.000000,0.000000,4,-125.6,-125.6,0,0,
08/27/2026,08:06:25:037,0.000000,0.000000,2,-124.84,-124.84,0,0,
08/27/2026,08:06:25:172,0.000000,0.000000,3,-127.52,-127.52,0,0,
08/27/2026,08:06:25:186,0.000000,0.000000,1,-82.83,-82.83,0,0,
08/27/2026,08:06:25:209,0.000000,0.000000,4,-125.41,-125.41,0,0,
08/27/2026,08:06:25:296,0.000000,0.000000,2,-126.86,-126.86,0,0,
08/27/2026,08:06:25:439,0.000000,0.000000,3,-126.68,-126.68,0,0,
08/27/2026,08:06:25:461,0.000000,0.000000,1,-87.64,-87.64,0,0,
08/27/2026,08:06:25:507,0.000000,0.000000,4,-125.7,-125.7,0,0,
08/27/2026,08:06:25:579,0.000000,0.000000,2,-126.31,-126.31,0,0,
08/27/2026,08:06:25:712,0.000000,0.000000,3,-125.2,-125.2,0,0,
08/27/2026,08:06:25:730,0.000000,0.000000,1,-83.21,-83.21,0,0,
08/27/2026,08:06:25:766,0.000000,0.000000,4,-125.08,-125.08,0,0,
08/27/2026,08:06:25:855,0.000000,0.000000,2,-126.65,-126.65,0,0,
08/27/2026,08:06:26:066,0.000000,0.000000,3,-125.6,-125.6,0,0,
08/27/2026,08:06:26:069,0.000000,0.000000,1,-84.7,-84.7,0,0,
08/27/2026,08:06:26:105,0.000000,0.000000,4,-128.08,-128.08,0,0,
08/27/2026,08:06:26:153,0.000000,0.000000,2,-126.66,-126.66,0,0,
08/27/2026,08:06:26:338,0.000000,0.000000,3,-126.26,-126.26,0,0,
08/27/2026,08:06:26:340,0.000000,0.000000,1,-85.3,-85.3,0,0,
08/27/2026,08:06:26:360,0.000000,0.000000,4,-126.45,-126.45,0,0,
08/27/2026,08:06:26:402,0.000000,0.000000,2,-126.52,-126.52,0,0,
08/27/2026,08:06:26:541,0.000000,0.000000,3,-127.02,-127.02,0,0,
08/27/2026,08:06:26:574,0.000000,0.000000,1,-85.71,-85.71,0,0,
08/27/2026,08:06:26:597,0.000000,0.000000,4,-124.53,-124.53,0,0,
08/27/2026,08:06:26:678,0.000000,0.000000,2,-125.16,-125.16,0,0,
08/27/2026,08:06:26:814,0.000000,0.000000,3,-128.06,-128.06,0,0,
08/27/2026,08:06:26:850,0.000000,0.000000,1,-83.85,-83.85,0,0,
08/27/2026,08:06:26:873,0.000000,0.000000,4,-125.95,-125.95,0,0,
08/27/2026,08:06:26:966,0.000000,0.000000,2,-126.53,-126.53,0,0,
08/27/2026,08:06:27:092,0.000000,0.000000,3,-125.57,-125.57,0,0,
08/27/2026,08:06:27:116,0.000000,0.000000,1,-88.13,-88.13,0,0,
08/27/2026,08:06:27:142,0.000000,0.000000,4,-123.78,-123.78,0,0,
08/27/2026,08:06:27:231,0.000000,0.000000,2,-125.05,-125.05,0,0,
08/27/2026,08:06:27:384,0.000000,0.000000,3,-126.33,-126.33,0,0,
08/27/2026,08:06:27:396,0.000000,0.000000,1,-89.56,-89.56,0,0,
08/27/2026,08:06:27:428,0.000000,0.000000,4,-126.14,-126.14,0,0,
08/27/2026,08:06:27:533,0.000000,0.000000,2,-127,-127,0,0,
08/27/2026,08:06:27:654,0.000000,0.000000,3,-127.34,-127.34,0,0,
08/27/2026,08:06:27:684,0.000000,0.000000,1,-86.36,-86.36,0,0,
08/27/2026,08:06:27:697,0.000000,0.000000,4,-126.31,-126.31,0,0,
08/27/2026,08:06:27:857,0.000000,0.000000,2,-125.89,-125.89,0,0,
08/27/2026,08:06:27:975,0.000000,0.000000,3,-127.82,-127.82,0,0,
08/27/2026,08:06:27:977,0.000000,0.000000,1,-83.27,-83.27,0,0,
08/27/2026,08:06:27:986,0.000000,0.000000,4,-124.81,-124.81,0,0,
08/27/2026,08:06:28:085,0.000000,0.000000,2,-126.2,-126.2,0,0,
08/27/2026,08:06:28:208,0.000000,0.000000,3,-126.7,-126.7,0,0,
08/27/2026,08:06:28:214,0.000000,0.000000,1,-75.96,-75.96,0,0,
08/27/2026,08:06:28:249,0.000000,0.000000,4,-126.47,-126.47,0,0,
08/27/2026,08:06:28:336,0.000000,0.000000,2,-125.49,-125.49,0,0,
08/27/2026,08:06:28:481,0.000000,0.000000,3,-125.79,-125.79,0,0,
08/27/2026,08:06:28:491,0.000000,0.000000,1,-88.95,-88.95,0,0,
08/27/2026,08:06:28:528,0.000000,0.000000,4,-127.83,-127.83,0,0,
08/27/2026,08:06:28:623,0.000000,0.000000,2,-126.67,-126.67,0,0,
08/27/2026,08:06:28:769,0.000000,0.000000,3,-125.47,-125.47,0,0,
08/27/2026,08:06:28:778,0.000000,0.000000,1,-80.57,-80.57,0,0,
08/27/2026,08:06:28:817,0.000000,0.000000,4,-125.62,-125.62,0,0,
08/27/2026,08:06:28:912,0.000000,0.000000,2,-125.68,-125.68,0,0,
08/27/2026,08:06:29:035,0.000000,0.000000,3,-125.54,-125.54,0,0,
08/27/2026,08:06:29:044,0.000000,0.000000,1,-84.93,-84.93,0,0,
08/27/2026,08:06:29:083,0.000000,0.000000,4,-127.76,-127.76,0,0,
08/27/2026,08:06:29:175,0.000000,0.000000,2,-126.04,-126.04,0,0,
08/27/2026,08:06:29:306,0.000000,0.000000,3,-128.37,-128.37,0,0,
08/27/2026,08:06:29:365,0.000000,0.000000,1,-86.4,-86.4,0,0,
08/27/2026,08:06:29:381,0.000000,0.000000,4,-127.41,-127.41,0,0,
08/27/2026,08:06:29:457,0.000000,0.000000,2,-126.26,-126.26,0,0,
08/27/2026,08:06:29:600,0.000000,0.000000,3,-126.85,-126.85,0,0,
08/27/2026,08:06:29:606,0.000000,0.000000,1,-81.27,-81.27,0,0,
08/27/2026,08:06:29:640,0.000000,0.000000,4,-123.69,-123.69,0,0,
08/27/2026,08:06:29:725,0.000000,0.000000,2,-127.24,-127.24,0,0,
08/27/2026,08:06:29:885,0.000000,0.000000,3,-126.12,-126.12,0,0,
08/27/2026,08:06:29:887,0.000000,0.000000,1,-85.21,-85.21,0,0,
08/27/2026,08:06:29:932,0.000000,0.000000,4,-126.68,-126.68,0,0,
08/27/2026,08:06:29:995,0.000000,0.000000,2,-125.32,-125.32,0,0,
08/27/2026,08:06:30:143,0.000000,0.000000,3,-125.92,-125.92,0,0,
08/27/2026,08:06:30:155,0.000000,0.000000,1,-87.1,-87.1,0,0,
08/27/2026,08:06:30:188,0.000000,0.000000,4,-126.29,-126.29,0,0,
08/27/2026,08:06:30:271,0.000000,0.000000,2,-127.15,-127.15,0,0,
08/27/2026,08:06:30:414,0.000000,0.000000,3,-124.85,-124.85,0,0,
08/27/2026,08:06:30:428,0.000000,0.000000,1,-88.14,-88.14,0,0,
08/27/2026,08:06:30:465,0.000000,0.000000,4,-127.2,-127.2,0,0,
08/27/2026,08:06:30:552,0.000000,0.000000,2,-125.25,-125.25,0,0,
08/27/2026,08:06:30:695,0.000000,0.000000,3,-127.63,-127.63,0,0,
08/27/2026,08:06:30:710,0.000000,0.000000,1,-88.55,-88.55,0,0,
08/27/2026,08:06:30:775,0.000000,0.000000,4,-124.89,-124.89,0,0,
08/27/2026,08:06:32:297,0.000000,0.000000,2,-126.34,-126.34,0,0,
08/27/2026,08:06:32:308,0.000000,0.000000,3,-125.73,-125.73,0,0,
08/27/2026,08:06:32:309,0.000000,0.000000,1,-86.75,-86.75,0,0,
08/27/2026,08:06:32:312,0.000000,0.000000,4,-125.07,-125.07,0,0,
08/27/2026,08:06:32:318,0.000000,0.000000,2,-125.91,-125.91,0,0,
08/27/2026,08:06:32:329,0.000000,0.000000,3,-125.69,-125.69,0,0,
08/27/2026,08:06:32:330,0.000000,0.000000,1,-80.52,-80.52,0,0,
08/27/2026,08:06:32:333,0.000000,0.000000,4,-125.45,-125.45,0,0,
08/27/2026,08:06:32:340,0.000000,0.000000,2,-126.63,-126.63,0,0,
08/27/2026,08:06:32:357,0.000000,0.000000,3,-125.12,-125.12,0,0,
08/27/2026,08:06:32:358,0.000000,0.000000,1,-76.87,-76.87,0,0,
08/27/2026,08:06:32:363,0.000000,0.000000,4,-125.3,-125.3,0,0,
08/27/2026,08:06:32:366,0.000000,0.000000,2,-125.54,-125.54,0,0,
08/27/2026,08:06:32:379,0.000000,0.000000,3,-127.23,-127.23,0,0,
08/27/2026,08:06:32:382,0.000000,0.000000,1,-82.78,-82.78,0,0,
08/27/2026,08:06:32:385,0.000000,0.000000,4,-125.5,-125.5,0,0,
08/27/2026,08:06:32:392,0.000000,0.000000,2,-124.69,-124.69,0,0,
08/27/2026,08:06:32:411,0.000000,0.000000,3,-125.96,-125.96,0,0,
08/27/2026,08:06:32:411,0.000000,0.000000,1,-78.46,-78.46,0,0,
08/27/2026,08:06:32:413,0.000000,0.000000,4,-124.79,-124.79,0,0,
08/27/2026,08:06:32:417,0.000000,0.000000,2,-126.79,-126.79,0,0,
08/27/2026,08:06:32:429,0.000000,0.000000,3,-125.53,-125.53,0,0,
08/27/2026,08:06:32:431,0.000000,0.000000,1,-76.85,-76.85,0,0,
08/27/2026,08:06:32:433,0.000000,0.000000,4,-125.91,-125.91,0,0,
08/27/2026,08:06:32:487,0.000000,0.000000,2,-126.07,-126.07,0,0,
08/27/2026,08:06:32:623,0.000000,0.000000,3,-125.65,-125.65,0,0,
08/27/2026,08:06:32:653,0.000000,0.000000,1,-86.7,-86.7,0,0,
08/27/2026,08:06:32:672,0.000000,0.000000,4,-125.58,-125.58,0,0,
08/27/2026,08:06:32:764,0.000000,0.000000,2,-126.12,-126.12,0,0,
08/27/2026,08:06:32:907,0.000000,0.000000,3,-125.43,-125.43,0,0,
08/27/2026,08:06:32:919,0.000000,0.000000,1,-79.15,-79.15,0,0,
08/27/2026,08:06:32:953,0.000000,0.000000,4,-124.82,-124.82,0,0,
08/27/2026,08:06:33:070,0.000000,0.000000,2,-126.43,-126.43,0,0,
08/27/2026,08:06:33:204,0.000000,0.000000,3,-127.06,-127.06,0,0,
08/27/2026,08:06:33:269,0.000000,0.000000,1,-76,-76,0,0,
08/27/2026,08:06:33:300,0.000000,0.000000,4,-126.07,-126.07,0,0,
08/27/2026,08:06:33:416,0.000000,0.000000,2,-127.15,-127.15,0,0,
08/27/2026,08:06:33:590,0.000000,0.000000,3,-125.82,-125.82,0,0,
08/27/2026,08:06:33:644,0.000000,0.000000,1,-80.43,-80.43,0,0,
08/27/2026,08:06:33:683,0.000000,0.000000,4,-126.04,-126.04,0,0,
08/27/2026,08:06:33:709,0.000000,0.000000,2,-126.44,-126.44,0,0,
08/27/2026,08:06:33:774,0.000000,0.000000,3,-125.9,-125.9,0,0,
08/27/2026,08:06:33:782,0.000000,0.000000,1,-87.26,-87.26,0,0,
08/27/2026,08:06:33:793,0.000000,0.000000,4,-124.47,-124.47,0,0,
08/27/2026,08:06:33:863,0.000000,0.000000,2,-125.54,-125.54,0,0,
08/27/2026,08:06:34:005,0.000000,0.000000,3,-126.52,-126.52,0,0,
08/27/2026,08:06:34:026,0.000000,0.000000,1,-86.7,-86.7,0,0,
08/27/2026,08:06:34:054,0.000000,0.000000,4,-126.77,-126.77,0,0,
08/27/2026,08:06:34:142,0.000000,0.000000,2,-125.99,-125.99,0,0,
08/27/2026,08:06:34:283,0.000000,0.000000,3,-126.96,-126.96,0,0,
08/27/2026,08:06:34:295,0.000000,0.000000,1,-86.87,-86.87,0,0,
08/27/2026,08:06:34:338,0.000000,0.000000,4,-126.93,-126.93,0,0,
08/27/2026,08:06:34:417,0.000000,0.000000,2,-125.77,-125.77,0,0,
08/27/2026,08:06:34:553,0.000000,0.000000,3,-125.3,-125.3,0,0,
08/27/2026,08:06:34:576,0.000000,0.000000,1,-90.06,-90.06,0,0,
08/27/2026,08:06:34:608,0.000000,0.000000,4,-126.57,-126.57,0,0,
08/27/2026,08:06:34:691,0.000000,0.000000,2,-126.78,-126.78,0,0,
08/27/2026,08:06:34:860,0.000000,0.000000,3,-125.8,-125.8,0,0,
08/27/2026,08:06:34:866,0.000000,0.000000,1,-85.19,-85.19,0,0,
08/27/2026,08:06:34:901,0.000000,0.000000,4,-123.88,-123.88,0,0,
08/27/2026,08:06:35:083,0.000000,0.000000,2,-127.4,-127.4,0,0,
08/27/2026,08:06:35:173,0.000000,0.000000,3,-127.4,-127.4,0,0,
08/27/2026,08:06:35:204,0.000000,0.000000,1,-95.22,-95.22,0,0,
08/27/2026,08:06:35:250,0.000000,0.000000,4,-126.89,-126.89,0,0,
08/27/2026,08:06:35:301,0.000000,0.000000,2,-126.78,-126.78,0,0,
08/27/2026,08:06:35:395,0.000000,0.000000,3,-126.14,-126.14,0,0,
08/27/2026,08:06:35:399,0.000000,0.000000,1,-87.27,-87.27,0,0,
08/27/2026,08:06:35:432,0.000000,0.000000,4,-125.55,-125.55,0,0,
08/27/2026,08:06:35:521,0.000000,0.000000,2,-127.72,-127.72,0,0,
08/27/2026,08:06:35:668,0.000000,0.000000,3,-125.81,-125.81,0,0,
08/27/2026,08:06:35:687,0.000000,0.000000,1,-84.23,-84.23,0,0,
08/27/2026,08:06:35:718,0.000000,0.000000,4,-127.58,-127.58,0,0,
08/27/2026,08:06:35:806,0.000000,0.000000,2,-126.27,-126.27,0,0,
08/27/2026,08:06:35:942,0.000000,0.000000,3,-126.12,-126.12,0,0,
08/27/2026,08:06:35:951,0.000000,0.000000,1,-93.82,-93.82,0,0,
08/27/2026,08:06:35:987,0.000000,0.000000,4,-125.25,-125.25,0,0,
08/27/2026,08:06:36:098,0.000000,0.000000,2,-125.93,-125.93,0,0,
08/27/2026,08:06:36:239,0.000000,0.000000,3,-126.93,-126.93,0,0,
08/27/2026,08:06:36:263,0.000000,0.000000,1,-88.71,-88.71,0,0,
08/27/2026,08:06:36:277,0.000000,0.000000,4,-126.07,-126.07,0,0,
08/27/2026,08:06:36:350,0.000000,0.000000,2,-126.21,-126.21,0,0,
08/27/2026,08:06:36:496,0.000000,0.000000,3,-126.68,-126.68,0,0,
08/27/2026,08:06:36:510,0.000000,0.000000,1,-90.9,-90.9,0,0,
08/27/2026,08:06:36:609,0.000000,0.000000,4,-127.37,-127.37,0,0,
08/27/2026,08:06:36:632,0.000000,0.000000,2,-126.19,-126.19,0,0,
08/27/2026,08:06:36:773,0.000000,0.000000,3,-124.98,-124.98,0,0,
08/27/2026,08:06:36:799,0.000000,0.000000,1,-92.92,-92.92,0,0,
08/27/2026,08:06:36:819,0.000000,0.000000,4,-126.46,-126.46,0,0,
08/27/2026,08:06:36:996,0.000000,0.000000,2,-126.04,-126.04,0,0,
08/27/2026,08:06:37:238,0.000000,0.000000,3,-124.7,-124.7,0,0,
08/27/2026,08:06:37:241,0.000000,0.000000,1,-93.83,-93.83,0,0,
08/27/2026,08:06:37:251,0.000000,0.000000,4,-126.7,-126.7,0,0,
08/27/2026,08:06:37:325,0.000000,0.000000,2,-125.19,-125.19,0,0,
08/27/2026,08:06:37:397,0.000000,0.000000,3,-125.08,-125.08,0,0,
08/27/2026,08:06:37:406,0.000000,0.000000,1,-86.91,-86.91,0,0,
08/27/2026,08:06:37:454,0.000000,0.000000,4,-125.29,-125.29,0,0,
08/27/2026,08:06:37:515,0.000000,0.000000,2,-127.49,-127.49,0,0,
08/27/2026,08:06:37:603,0.000000,0.000000,3,-125.39,-125.39,0,0,
08/27/2026,08:06:37:609,0.000000,0.000000,1,-101.89,-101.89,0,0,
08/27/2026,08:06:37:667,0.000000,0.000000,4,-125.98,-125.98,0,0,
08/27/2026,08:06:37:821,0.000000,0.000000,2,-125.24,-125.24,0,0,
08/27/2026,08:06:37:891,0.000000,0.000000,3,-127.67,-127.67,0,0,
08/27/2026,08:06:37:903,0.000000,0.000000,1,-97.5,-97.5,0,0,
08/27/2026,08:06:37:920,0.000000,0.000000,4,-124.67,-124.67,0,0,
08/27/2026,08:06:38:018,0.000000,0.000000,2,-127.5,-127.5,0,0,
08/27/2026,08:06:38:150,0.000000,0.000000,3,-125.61,-125.61,0,0,
08/27/2026,08:06:38:164,0.000000,0.000000,1,-94.43,-94.43,0,0,
08/27/2026,08:06:38:200,0.000000,0.000000,4,-126.12,-126.12,0,0,
08/27/2026,08:06:38:326,0.000000,0.000000,2,-126.76,-126.76,0,0,
08/27/2026,08:06:38:451,0.000000,0.000000,3,-125.77,-125.77,0,0,
08/27/2026,08:06:38:454,0.000000,0.000000,1,-93.75,-93.75,0,0,
08/27/2026,08:06:38:479,0.000000,0.000000,4,-126.73,-126.73,0,0,
08/27/2026,08:06:38:561,0.000000,0.000000,2,-125.5,-125.5,0,0,
08/27/2026,08:06:38:819,0.000000,0.000000,3,-126.23,-126.23,0,0,
08/27/2026,08:06:38:821,0.000000,0.000000,1,-87.6,-87.6,0,0,
08/27/2026,08:06:38:853,0.000000,0.000000,4,-126.5,-126.5,0,0,
08/27/2026,08:06:38:906,0.000000,0.000000,2,-127.8,-127.8,0,0,
08/27/2026,08:06:38:995,0.000000,0.000000,3,-127.28,-127.28,0,0,
08/27/2026,08:06:39:031,0.000000,0.000000,1,-90.18,-90.18,0,0,
08/27/2026,08:06:39:050,0.000000,0.000000,4,-124.49,-124.49,0,0,
08/27/2026,08:06:39:133,0.000000,0.000000,2,-126.48,-126.48,0,0,
08/27/2026,08:06:39:257,0.000000,0.000000,3,-127.48,-127.48,0,0,
08/27/2026,08:06:39:282,0.000000,0.000000,1,-96.02,-96.02,0,0,
08/27/2026,08:06:39:311,0.000000,0.000000,4,-126.46,-126.46,0,0,
08/27/2026,08:06:39:397,0.000000,0.000000,2,-127.85,-127.85,0,0,
08/27/2026,08:06:39:536,0.000000,0.000000,3,-125.53,-125.53,0,0,
08/27/2026,08:06:39:545,0.000000,0.000000,1,-95.61,-95.61,0,0,
08/27/2026,08:06:39:588,0.000000,0.000000,4,-126.51,-126.51,0,0,
08/27/2026,08:06:39:672,0.000000,0.000000,2,-127.03,-127.03,0,0,
08/27/2026,08:06:39:804,0.000000,0.000000,3,-126.15,-126.15,0,0,
08/27/2026,08:06:39:832,0.000000,0.000000,1,-86.33,-86.33,0,0,
08/27/2026,08:06:39:859,0.000000,0.000000,4,-126.54,-126.54,0,0,
08/27/2026,08:06:39:942,0.000000,0.000000,2,-126.14,-126.14,0,0,
08/27/2026,08:06:40:115,0.000000,0.000000,3,-127.44,-127.44,0,0,
08/27/2026,08:06:40:134,0.000000,0.000000,1,-89.02,-89.02,0,0,
08/27/2026,08:06:40:158,0.000000,0.000000,4,-125.12,-125.12,0,0,
08/27/2026,08:06:40:227,0.000000,0.000000,2,-125.2,-125.2,0,0,
08/27/2026,08:06:40:357,0.000000,0.000000,3,-126.15,-126.15,0,0,
08/27/2026,08:06:40:393,0.000000,0.000000,1,-98.84,-98.84,0,0,
08/27/2026,08:06:40:408,0.000000,0.000000,4,-125.57,-125.57,0,0,
08/27/2026,08:06:40:565,0.000000,0.000000,2,-125.99,-125.99,0,0,
08/27/2026,08:06:40:698,0.000000,0.000000,3,-126.55,-126.55,0,0,
08/27/2026,08:06:40:702,0.000000,0.000000,1,-86.72,-86.72,0,0,
08/27/2026,08:06:40:743,0.000000,0.000000,4,-126.77,-126.77,0,0,
08/27/2026,08:06:40:834,0.000000,0.000000,2,-126.37,-126.37,0,0,
08/27/2026,08:06:40:917,0.000000,0.000000,3,-127.56,-127.56,0,0,
08/27/2026,08:06:40:927,0.000000,0.000000,1,-87.87,-87.87,0,0,
08/27/2026,08:06:40:962,0.000000,0.000000,4,-126.47,-126.47,0,0,
08/27/2026,08:06:41:061,0.000000,0.000000,2,-126.6,-126.6,0,0,
08/27/2026,08:06:41:194,0.000000,0.000000,3,-126.9,-126.9,0,0,
08/27/2026,08:06:41:203,0.000000,0.000000,1,-90.22,-90.22,0,0,
08/27/2026,08:06:41:248,0.000000,0.000000,4,-123.12,-123.12,0,0,
08/27/2026,08:06:41:331,0.000000,0.000000,2,-127.27,-127.27,0,0,
08/27/2026,08:06:41:465,0.000000,0.000000,3,-127.23,-127.23,0,0,
08/27/2026,08:06:41:482,0.000000,0.000000,1,-87.62,-87.62,0,0,
08/27/2026,08:06:41:515,0.000000,0.000000,4,-125.99,-125.99,0,0,
08/27/2026,08:06:41:603,0.000000,0.000000,2,-124.77,-124.77,0,0,
08/27/2026,08:06:41:791,0.000000,0.000000,3,-127.69,-127.69,0,0,
08/27/2026,08:06:41:803,0.000000,0.000000,1,-93.2,-93.2,0,0,
08/27/2026,08:06:41:830,0.000000,0.000000,4,-125.29,-125.29,0,0,
08/27/2026,08:06:41:892,0.000000,0.000000,2,-125.59,-125.59,0,0,
08/27/2026,08:06:42:030,0.000000,0.000000,3,-125.46,-125.46,0,0,
08/27/2026,08:06:42:048,0.000000,0.000000,1,-89.43,-89.43,0,0,
08/27/2026,08:06:42:080,0.000000,0.000000,4,-124.89,-124.89,0,0,
08/27/2026,08:06:42:182,0.000000,0.000000,2,-125.96,-125.96,0,0,
08/27/2026,08:06:42:296,0.000000,0.000000,3,-125.67,-125.67,0,0,
08/27/2026,08:06:42:342,0.000000,0.000000,1,-88.57,-88.57,0,0,
08/27/2026,08:06:42:379,0.000000,0.000000,4,-124.92,-124.92,0,0,
08/27/2026,08:06:42:433,0.000000,0.000000,2,-124.96,-124.96,0,0,
08/27/2026,08:06:42:585,0.000000,0.000000,3,-126.19,-126.19,0,0,
08/27/2026,08:06:42:592,0.000000,0.000000,1,-96.82,-96.82,0,0,
08/27/2026,08:06:42:641,0.000000,0.000000,4,-126.97,-126.97,0,0,
08/27/2026,08:06:42:707,0.000000,0.000000,2,-125.75,-125.75,0,0,
08/27/2026,08:06:42:846,0.000000,0.000000,3,-125.83,-125.83,0,0,
08/27/2026,08:06:42:878,0.000000,0.000000,1,-86.56,-86.56,0,0,
08/27/2026,08:06:42:902,0.000000,0.000000,4,-127.77,-127.77,0,0,
08/27/2026,08:06:42:983,0.000000,0.000000,2,-127.49,-127.49,0,0,
08/27/2026,08:06:43:121,0.000000,0.000000,3,-125.16,-125.16,0,0,
08/27/2026,08:06:43:159,0.000000,0.000000,1,-99.07,-99.07,0,0,
08/27/2026,08:06:43:177,0.000000,0.000000,4,-125.53,-125.53,0,0,
08/27/2026,08:06:43:332,0.000000,0.000000,2,-127.02,-127.02,0,0,
08/27/2026,08:06:43:397,0.000000,0.000000,3,-127.02,-127.02,0,0,
08/27/2026,08:06:43:430,0.000000,0.000000,1,-87.93,-87.93,0,0,
08/27/2026,08:06:43:453,0.000000,0.000000,4,-125.83,-125.83,0,0,
08/27/2026,08:06:43:573,0.000000,0.000000,2,-127.1,-127.1,0,0,
08/27/2026,08:06:43:681,0.000000,0.000000,3,-126.03,-126.03,0,0,
08/27/2026,08:06:43:697,0.000000,0.000000,1,-86.13,-86.13,0,0,
08/27/2026,08:06:43:734,0.000000,0.000000,4,-125.03,-125.03,0,0,
08/27/2026,08:06:43:812,0.000000,0.000000,2,-124.3,-124.3,0,0,
08/27/2026,08:06:43:951,0.000000,0.000000,3,-126.4,-126.4,0,0,
08/27/2026,08:06:43:982,0.000000,0.000000,1,-92.53,-92.53,0,0,
08/27/2026,08:06:44:010,0.000000,0.000000,4,-124.71,-124.71,0,0,
08/27/2026,08:06:44:089,0.000000,0.000000,2,-127.03,-127.03,0,0,
08/27/2026,08:06:44:256,0.000000,0.000000,3,-127.26,-127.26,0,0,
08/27/2026,08:06:44:263,0.000000,0.000000,1,-90.61,-90.61,0,0,
08/27/2026,08:06:44:296,0.000000,0.000000,4,-128.83,-128.83,0,0,
08/27/2026,08:06:44:379,0.000000,0.000000,2,-125.01,-125.01,0,0,
08/27/2026,08:06:44:519,0.000000,0.000000,3,-125.73,-125.73,0,0,
08/27/2026,08:06:44:523,0.000000,0.000000,1,-91.87,-91.87,0,0,
08/27/2026,08:06:44:570,0.000000,0.000000,4,-126.73,-126.73,0,0,
08/27/2026,08:06:44:649,0.000000,0.000000,2,-127.22,-127.22,0,0,
08/27/2026,08:06:44:789,0.000000,0.000000,3,-126.66,-126.66,0,0,
08/27/2026,08:06:44:800,0.000000,0.000000,1,-100.18,-100.18,0,0,
08/27/2026,08:06:44:842,0.000000,0.000000,4,-126.57,-126.57,0,0,
08/27/2026,08:06:44:924,0.000000,0.000000,2,-126.99,-126.99,0,0,
08/27/2026,08:06:45:059,0.000000,0.000000,3,-126.53,-126.53,0,0,
08/27/2026,08:06:45:077,0.000000,0.000000,1,-94.31,-94.31,0,0,
08/27/2026,08:06:45:106,0.000000,0.000000,4,-124.95,-124.95,0,0,
08/27/2026,08:06:45:206,0.000000,0.000000,2,-126.28,-126.28,0,0,
08/27/2026,08:06:45:332,0.000000,0.000000,3,-127.6,-127.6,0,0,
08/27/2026,08:06:45:358,0.000000,0.000000,1,-90.12,-90.12,0,0,
08/27/2026,08:06:45:400,0.000000,0.000000,4,-126.22,-126.22,0,0,
08/27/2026,08:06:45:474,0.000000,0.000000,2,-125.94,-125.94,0,0,
08/27/2026,08:06:47:054,0.000000,0.000000,3,-125.77,-125.77,0,0,
08/27/2026,08:06:47:055,0.000000,0.000000,1,-94.27,-94.27,0,0,
08/27/2026,08:06:47:059,0.000000,0.000000,4,-127.09,-127.09,0,0,
08/27/2026,08:06:47:067,0.000000,0.000000,2,-125.57,-125.57,0,0,
08/27/2026,08:06:47:078,0.000000,0.000000,3,-127,-127,0,0,
08/27/2026,08:06:47:079,0.000000,0.000000,1,-88.43,-88.43,0,0,
08/27/2026,08:06:47:090,0.000000,0.000000,4,-127.13,-127.13,0,0,
08/27/2026,08:06:47:091,0.000000,0.000000,2,-127.49,-127.49,0,0,
08/27/2026,08:06:47:103,0.000000,0.000000,3,-127.32,-127.32,0,0,
08/27/2026,08:06:47:107,0.000000,0.000000,1,-91.81,-91.81,0,0,
08/27/2026,08:06:47:108,0.000000,0.000000,4,-124.03,-124.03,0,0,
08/27/2026,08:06:47:114,0.000000,0.000000,2,-125.12,-125.12,0,0,
08/27/2026,08:06:47:126,0.000000,0.000000,3,-124.98,-124.98,0,0,
08/27/2026,08:06:47:128,0.000000,0.000000,1,-91.27,-91.27,0,0,
08/27/2026,08:06:47:131,0.000000,0.000000,4,-124.98,-124.98,0,0,
08/27/2026,08:06:47:139,0.000000,0.000000,2,-126.4,-126.4,0,0,
08/27/2026,08:06:47:165,0.000000,0.000000,3,-125.07,-125.07,0,0,
08/27/2026,08:06:47:165,0.000000,0.000000,1,-92.35,-92.35,0,0,
08/27/2026,08:06:47:167,0.000000,0.000000,4,-125.38,-125.38,0,0,
08/27/2026,08:06:47:169,0.000000,0.000000,2,-126.86,-126.86,0,0,
08/27/2026,08:06:47:188,0.000000,0.000000,3,-125.87,-125.87,0,0,
08/27/2026,08:06:47:188,0.000000,0.000000,1,-93.18,-93.18,0,0,
08/27/2026,08:06:47:189,0.000000,0.000000,4,-123.68,-123.68,0,0,
08/27/2026,08:06:47:190,0.000000,0.000000,2,-126.09,-126.09,0,0,
08/27/2026,08:06:47:286,0.000000,0.000000,3,-126.29,-126.29,0,0,
08/27/2026,08:06:47:296,0.000000,0.000000,1,-94.48,-94.48,0,0,
08/27/2026,08:06:47:362,0.000000,0.000000,4,-123.97,-123.97,0,0,
08/27/2026,08:06:47:454,0.000000,0.000000,2,-124.71,-124.71,0,0,
08/27/2026,08:06:47:555,0.000000,0.000000,3,-127.24,-127.24,0,0,
08/27/2026,08:06:47:579,0.000000,0.000000,1,-96.6,-96.6,0,0,
08/27/2026,08:06:47:610,0.000000,0.000000,4,-126.24,-126.24,0,0,
08/27/2026,08:06:47:697,0.000000,0.000000,2,-125.3,-125.3,0,0,
08/27/2026,08:06:47:837,0.000000,0.000000,3,-125.44,-125.44,0,0,
08/27/2026,08:06:47:856,0.000000,0.000000,1,-93.8,-93.8,0,0,
08/27/2026,08:06:47:885,0.000000,0.000000,4,-123.61,-123.61,0,0,
08/27/2026,08:06:47:972,0.000000,0.000000,2,-124.88,-124.88,0,0,
08/27/2026,08:06:48:120,0.000000,0.000000,3,-126.67,-126.67,0,0,
08/27/2026,08:06:48:126,0.000000,0.000000,1,-93.35,-93.35,0,0,
08/27/2026,08:06:48:166,0.000000,0.000000,4,-126.99,-126.99,0,0,
08/27/2026,08:06:48:266,0.000000,0.000000,2,-127.31,-127.31,0,0,
08/27/2026,08:06:48:387,0.000000,0.000000,3,-125.5,-125.5,0,0,
08/27/2026,08:06:48:415,0.000000,0.000000,1,-92.31,-92.31,0,0,
08/27/2026,08:06:48:462,0.000000,0.000000,4,-125.09,-125.09,0,0,
08/27/2026,08:06:48:523,0.000000,0.000000,2,-126.16,-126.16,0,0,
08/27/2026,08:06:48:685,0.000000,0.000000,3,-126.88,-126.88,0,0,
08/27/2026,08:06:48:688,0.000000,0.000000,1,-90.27,-90.27,0,0,
08/27/2026,08:06:48:723,0.000000,0.000000,4,-125.21,-125.21,0,0,
08/27/2026,08:06:48:806,0.000000,0.000000,2,-127.51,-127.51,0,0,
08/27/2026,08:06:48:951,0.000000,0.000000,3,-123.29,-123.29,0,0,
08/27/2026,08:06:48:954,0.000000,0.000000,1,-98.94,-98.94,0,0,
08/27/2026,08:06:49:012,0.000000,0.000000,4,-127.41,-127.41,0,0,
08/27/2026,08:06:49:078,0.000000,0.000000,2,-126.47,-126.47,0,0,
08/27/2026,08:06:49:213,0.000000,0.000000,3,-125.38,-125.38,0,0,
08/27/2026,08:06:49:229,0.000000,0.000000,1,-96.33,-96.33,0,0,
08/27/2026,08:06:49:263,0.000000,0.000000,4,-126.02,-126.02,0,0,
08/27/2026,08:06:49:357,0.000000,0.000000,2,-128.03,-128.03,0,0,
08/27/2026,08:06:49:503,0.000000,0.000000,3,-125.58,-125.58,0,0,
08/27/2026,08:06:49:507,0.000000,0.000000,1,-95.19,-95.19,0,0,
08/27/2026,08:06:49:554,0.000000,0.000000,4,-126.24,-126.24,0,0,
08/27/2026,08:06:49:628,0.000000,0.000000,2,-126.22,-126.22,0,0,
08/27/2026,08:06:49:776,0.000000,0.000000,3,-126.83,-126.83,0,0,
08/27/2026,08:06:49:785,0.000000,0.000000,1,-99.25,-99.25,0,0,
08/27/2026,08:06:49:825,0.000000,0.000000,4,-124.75,-124.75,0,0,
08/27/2026,08:06:49:910,0.000000,0.000000,2,-125.35,-125.35,0,0,
08/27/2026,08:06:50:131,0.000000,0.000000,3,-128.16,-128.16,0,0,
08/27/2026,08:06:50:132,0.000000,0.000000,1,-88.52,-88.52,0,0,
08/27/2026,08:06:50:140,0.000000,0.000000,4,-126.6,-126.6,0,0,
08/27/2026,08:06:50:406,0.000000,0.000000,2,-125.39,-125.39,0,0,
08/27/2026,08:06:50:464,0.000000,0.000000,3,-125.8,-125.8,0,0,
08/27/2026,08:06:50:470,0.000000,0.000000,1,-86.51,-86.51,0,0,
08/27/2026,08:06:50:485,0.000000,0.000000,4,-125.86,-125.86,0,0,
08/27/2026,08:06:50:507,0.000000,0.000000,2,-125.31,-125.31,0,0,
08/27/2026,08:06:50:621,0.000000,0.000000,3,-125.6,-125.6,0,0,
08/27/2026,08:06:50:625,0.000000,0.000000,1,-87.63,-87.63,0,0,
08/27/2026,08:06:50:655,0.000000,0.000000,4,-125.65,-125.65,0,0,
08/27/2026,08:06:50:744,0.000000,0.000000,2,-125.81,-125.81,0,0,
08/27/2026,08:06:50:870,0.000000,0.000000,3,-124.94,-124.94,0,0,
08/27/2026,08:06:50:890,0.000000,0.000000,1,-80.92,-80.92,0,0,
08/27/2026,08:06:50:921,0.000000,0.000000,4,-125.42,-125.42,0,0,
08/27/2026,08:06:51:008,0.000000,0.000000,2,-126.82,-126.82,0,0,
08/27/2026,08:06:51:148,0.000000,0.000000,3,-125.45,-125.45,0,0,
08/27/2026,08:06:51:167,0.000000,0.000000,1,-84.96,-84.96,0,0,
08/27/2026,08:06:51:202,0.000000,0.000000,4,-124.81,-124.81,0,0,
08/27/2026,08:06:51:297,0.000000,0.000000,2,-127.08,-127.08,0,0,
08/27/2026,08:06:51:423,0.000000,0.000000,3,-127.17,-127.17,0,0,
08/27/2026,08:06:51:440,0.000000,0.000000,1,-86.65,-86.65,0,0,
08/27/2026,08:06:51:474,0.000000,0.000000,4,-125.18,-125.18,0,0,
08/27/2026,08:06:51:570,0.000000,0.000000,2,-125.46,-125.46,0,0,
08/27/2026,08:06:51:749,0.000000,0.000000,3,-125.03,-125.03,0,0,
08/27/2026,08:06:51:758,0.000000,0.000000,1,-80.33,-80.33,0,0,
08/27/2026,08:06:51:770,0.000000,0.000000,4,-124.54,-124.54,0,0,
08/27/2026,08:06:51:859,0.000000,0.000000,2,-125.52,-125.52,0,0,
08/27/2026,08:06:52:054,0.000000,0.000000,3,-124.53,-124.53,0,0,
08/27/2026,08:06:52:057,0.000000,0.000000,1,-82.96,-82.96,0,0,
08/27/2026,08:06:52:077,0.000000,0.000000,4,-124.93,-124.93,0,0,
08/27/2026,08:06:52:147,0.000000,0.000000,2,-126.5,-126.5,0,0,
08/27/2026,08:06:52:252,0.000000,0.000000,3,-126.73,-126.73,0,0,
08/27/2026,08:06:52:274,0.000000,0.000000,1,-80.95,-80.95,0,0,
08/27/2026,08:06:52:315,0.000000,0.000000,4,-124.62,-124.62,0,0,
08/27/2026,08:06:52:408,0.000000,0.000000,2,-127.13,-127.13,0,0,
08/27/2026,08:06:52:558,0.000000,0.000000,3,-127.1,-127.1,0,0,
08/27/2026,08:06:52:562,0.000000,0.000000,1,-79.17,-79.17,0,0,
08/27/2026,08:06:52:595,0.000000,0.000000,4,-123.44,-123.44,0,0,
08/27/2026,08:06:52:670,0.000000,0.000000,2,-124.99,-124.99,0,0,
08/27/2026,08:06:52:806,0.000000,0.000000,3,-124.16,-124.16,0,0,
08/27/2026,08:06:52:833,0.000000,0.000000,1,-103.54,-103.54,0,0,
08/27/2026,08:06:52:863,0.000000,0.000000,4,-126.69,-126.69,0,0,
08/27/2026,08:06:52:945,0.000000,0.000000,2,-125.42,-125.42,0,0,
08/27/2026,08:06:53:123,0.000000,0.000000,3,-126.94,-126.94,0,0,
08/27/2026,08:06:53:125,0.000000,0.000000,1,-91.74,-91.74,0,0,
08/27/2026,08:06:53:146,0.000000,0.000000,4,-124.56,-124.56,0,0,
08/27/2026,08:06:53:223,0.000000,0.000000,2,-124.91,-124.91,0,0,
08/27/2026,08:06:53:360,0.000000,0.000000,3,-126.03,-126.03,0,0,
08/27/2026,08:06:53:412,0.000000,0.000000,1,-86.55,-86.55,0,0,
08/27/2026,08:06:53:417,0.000000,0.000000,4,-123.58,-123.58,0,0,
08/27/2026,08:06:53:517,0.000000,0.000000,2,-124.6,-124.6,0,0,
08/27/2026,08:06:53:643,0.000000,0.000000,3,-125.27,-125.27,0,0,
08/27/2026,08:06:53:687,0.000000,0.000000,1,-87.94,-87.94,0,0,
08/27/2026,08:06:53:736,0.000000,0.000000,4,-124.49,-124.49,0,0,
08/27/2026,08:06:53:775,0.000000,0.000000,2,-126.61,-126.61,0,0,
08/27/2026,08:06:53:932,0.000000,0.000000,3,-127.06,-127.06,0,0,
08/27/2026,08:06:53:933,0.000000,0.000000,1,-83.17,-83.17,0,0,
08/27/2026,08:06:53:980,0.000000,0.000000,4,-124.9,-124.9,0,0,
08/27/2026,08:06:54:069,0.000000,0.000000,2,-127.51,-127.51,0,0,
08/27/2026,08:06:54:210,0.000000,0.000000,3,-125.27,-125.27,0,0,
08/27/2026,08:06:54:222,0.000000,0.000000,1,-86.6,-86.6,0,0,
08/27/2026,08:06:54:250,0.000000,0.000000,4,-124.71,-124.71,0,0,
08/27/2026,08:06:54:324,0.000000,0.000000,2,-126.87,-126.87,0,0,
08/27/2026,08:06:54:509,0.000000,0.000000,3,-122.52,-122.52,0,0,
08/27/2026,08:06:54:512,0.000000,0.000000,1,-84.23,-84.23,0,0,
08/27/2026,08:06:54:519,0.000000,0.000000,4,-124.02,-124.02,0,0,
08/27/2026,08:06:54:636,0.000000,0.000000,2,-125.24,-125.24,0,0,
08/27/2026,08:06:54:749,0.000000,0.000000,3,-125.54,-125.54,0,0,
08/27/2026,08:06:54:766,0.000000,0.000000,1,-81.48,-81.48,0,0,
08/27/2026,08:06:54:793,0.000000,0.000000,4,-122.94,-122.94,0,0,
08/27/2026,08:06:54:916,0.000000,0.000000,2,-124.78,-124.78,0,0,
08/27/2026,08:06:55:019,0.000000,0.000000,3,-126.51,-126.51,0,0,
08/27/2026,08:06:55:033,0.000000,0.000000,1,-83.53,-83.53,0,0,
08/27/2026,08:06:55:090,0.000000,0.000000,4,-125.48,-125.48,0,0,
08/27/2026,08:06:55:160,0.000000,0.000000,2,-126.35,-126.35,0,0,
08/27/2026,08:06:55:308,0.000000,0.000000,3,-125.74,-125.74,0,0,
08/27/2026,08:06:55:311,0.000000,0.000000,1,-85.58,-85.58,0,0,
08/27/2026,08:06:55:352,0.000000,0.000000,4,-123.39,-123.39,0,0,
08/27/2026,08:06:55:445,0.000000,0.000000,2,-127.41,-127.41,0,0,
08/27/2026,08:06:55:603,0.000000,0.000000,3,-123.62,-123.62,0,0,
08/27/2026,08:06:55:606,0.000000,0.000000,1,-83.59,-83.59,0,0,
08/27/2026,08:06:55:646,0.000000,0.000000,4,-125.61,-125.61,0,0,
08/27/2026,08:06:55:731,0.000000,0.000000,2,-127.3,-127.3,0,0,
08/27/2026,08:06:55:845,0.000000,0.000000,3,-123.37,-123.37,0,0,
08/27/2026,08:06:55:867,0.000000,0.000000,1,-86.3,-86.3,0,0,
08/27/2026,08:06:55:905,0.000000,0.000000,4,-125.99,-125.99,0,0,
08/27/2026,08:06:56:005,0.000000,0.000000,2,-127.17,-127.17,0,0,
08/27/2026,08:06:56:132,0.000000,0.000000,3,-122.38,-122.38,0,0,
08/27/2026,08:06:56:143,0.000000,0.000000,1,-93.13,-93.13,0,0,
08/27/2026,08:06:57:165,0.000000,0.000000,4,-126.72,-126.72,0,0,
08/27/2026,08:06:57:172,0.000000,0.000000,2,-127,-127,0,0,
08/27/2026,08:06:57:183,0.000000,0.000000,3,-125.67,-125.67,0,0,
08/27/2026,08:06:57:221,0.000000,0.000000,1,-87.59,-87.59,0,0,
08/27/2026,08:06:57:221,0.000000,0.000000,4,-124.73,-124.73,0,0,
08/27/2026,08:06:57:222,0.000000,0.000000,2,-126.03,-126.03,0,0,
08/27/2026,08:06:57:223,0.000000,0.000000,3,-125.9,-125.9,0,0,
08/27/2026,08:06:57:223,0.000000,0.000000,1,-84.94,-84.94,0,0,
08/27/2026,08:06:57:223,0.000000,0.000000,4,-122.7,-122.7,0,0,
08/27/2026,08:06:57:223,0.000000,0.000000,2,-126.42,-126.42,0,0,
08/27/2026,08:06:57:230,0.000000,0.000000,3,-125.34,-125.34,0,0,
08/27/2026,08:06:57:244,0.000000,0.000000,1,-83.74,-83.74,0,0,
08/27/2026,08:06:57:244,0.000000,0.000000,4,-124.67,-124.67,0,0,
08/27/2026,08:06:57:245,0.000000,0.000000,2,-125.28,-125.28,0,0,
08/27/2026,08:06:57:469,0.000000,0.000000,3,-124.34,-124.34,0,0,
08/27/2026,08:06:57:476,0.000000,0.000000,1,-92.21,-92.21,0,0,
08/27/2026,08:06:57:590,0.000000,0.000000,4,-124.38,-124.38,0,0,
08/27/2026,08:06:57:671,0.000000,0.000000,2,-126.27,-126.27,0,0,
08/27/2026,08:06:57:724,0.000000,0.000000,3,-124.52,-124.52,0,0,
08/27/2026,08:06:57:727,0.000000,0.000000,1,-86.9,-86.9,0,0,
08/27/2026,08:06:57:736,0.000000,0.000000,4,-125.81,-125.81,0,0,
08/27/2026,08:06:57:766,0.000000,0.000000,2,-126.93,-126.93,0,0,
08/27/2026,08:06:57:827,0.000000,0.000000,3,-125.56,-125.56,0,0,
08/27/2026,08:06:57:832,0.000000,0.000000,1,-86.97,-86.97,0,0,
08/27/2026,08:06:57:847,0.000000,0.000000,4,-124.56,-124.56,0,0,
08/27/2026,08:06:57:922,0.000000,0.000000,2,-126.27,-126.27,0,0,
08/27/2026,08:06:58:068,0.000000,0.000000,3,-125.54,-125.54,0,0,
08/27/2026,08:06:58:071,0.000000,0.000000,1,-80.24,-80.24,0,0,
08/27/2026,08:06:58:106,0.000000,0.000000,4,-126.46,-126.46,0,0,
08/27/2026,08:06:58:198,0.000000,0.000000,2,-125.82,-125.82,0,0,
08/27/2026,08:06:58:334,0.000000,0.000000,3,-127.42,-127.42,0,0,
08/27/2026,08:06:58:359,0.000000,0.000000,1,-80.26,-80.26,0,0,
08/27/2026,08:06:58:386,0.000000,0.000000,4,-124.43,-124.43,0,0,
08/27/2026,08:06:58:473,0.000000,0.000000,2,-127.25,-127.25,0,0,
08/27/2026,08:06:58:617,0.000000,0.000000,3,-124.97,-124.97,0,0,
08/27/2026,08:06:58:625,0.000000,0.000000,1,-76.27,-76.27,0,0,
08/27/2026,08:06:58:666,0.000000,0.000000,4,-124.94,-124.94,0,0,
08/27/2026,08:06:58:753,0.000000,0.000000,2,-126.77,-126.77,0,0,
08/27/2026,08:06:58:889,0.000000,0.000000,3,-124.56,-124.56,0,0,
08/27/2026,08:06:58:928,0.000000,0.000000,1,-77.48,-77.48,0,0,
08/27/2026,08:06:58:937,0.000000,0.000000,4,-124.84,-124.84,0,0,
08/27/2026,08:06:59:026,0.000000,0.000000,2,-125.98,-125.98,0,0,
08/27/2026,08:06:59:166,0.000000,0.000000,3,-126.55,-126.55,0,0,
08/27/2026,08:06:59:213,0.000000,0.000000,1,-79.92,-79.92,0,0,
08/27/2026,08:06:59:251,0.000000,0.000000,4,-125.69,-125.69,0,0,
08/27/2026,08:06:59:384,0.000000,0.000000,2,-126.18,-126.18,0,0,
08/27/2026,08:06:59:495,0.000000,0.000000,3,-125.55,-125.55,0,0,
08/27/2026,08:06:59:507,0.000000,0.000000,1,-83.01,-83.01,0,0,
08/27/2026,08:06:59:513,0.000000,0.000000,4,-126.83,-126.83,0,0,
08/27/2026,08:06:59:584,0.000000,0.000000,2,-126.66,-126.66,0,0,
08/27/2026,08:06:59:730,0.000000,0.000000,3,-124.72,-124.72,0,0,
08/27/2026,08:06:59:733,0.000000,0.000000,1,-83.5,-83.5,0,0,
08/27/2026,08:06:59:774,0.000000,0.000000,4,-125.87,-125.87,0,0,
08/27/2026,08:06:59:864,0.000000,0.000000,2,-126.39,-126.39,0,0,
08/27/2026,08:06:59:990,0.000000,0.000000,3,-124.73,-124.73,0,0,
08/27/2026,08:07:00:022,0.000000,0.000000,1,-87.54,-87.54,0,0,
08/27/2026,08:07:00:066,0.000000,0.000000,4,-122.43,-122.43,0,0,
08/27/2026,08:07:00:131,0.000000,0.000000,2,-126.41,-126.41,0,0,
08/27/2026,08:07:00:283,0.000000,0.000000,3,-126.33,-126.33,0,0,
08/27/2026,08:07:00:286,0.000000,0.000000,1,-81.48,-81.48,0,0,
08/27/2026,08:07:00:332,0.000000,0.000000,4,-123.83,-123.83,0,0,
08/27/2026,08:07:00:416,0.000000,0.000000,2,-125.62,-125.62,0,0,
08/27/2026,08:07:00:543,0.000000,0.000000,3,-125.98,-125.98,0,0,
08/27/2026,08:07:00:579,0.000000,0.000000,1,-90.31,-90.31,0,0,
08/27/2026,08:07:00:612,0.000000,0.000000,4,-123.97,-123.97,0,0,
08/27/2026,08:07:00:696,0.000000,0.000000,2,-125.8,-125.8,0,0,
08/27/2026,08:07:00:834,0.000000,0.000000,3,-126.37,-126.37,0,0,
08/27/2026,08:07:00:841,0.000000,0.000000,1,-81.62,-81.62,0,0,
08/27/2026,08:07:00:870,0.000000,0.000000,4,-125.68,-125.68,0,0,
08/27/2026,08:07:00:957,0.000000,0.000000,2,-127.2,-127.2,0,0,
08/27/2026,08:07:01:110,0.000000,0.000000,3,-125.54,-125.54,0,0,
08/27/2026,08:07:01:143,0.000000,0.000000,1,-80.76,-80.76,0,0,
08/27/2026,08:07:01:191,0.000000,0.000000,4,-124.49,-124.49,0,0,
08/27/2026,08:07:01:239,0.000000,0.000000,2,-127.59,-127.59,0,0,
08/27/2026,08:07:01:420,0.000000,0.000000,3,-126.06,-126.06,0,0,
08/27/2026,08:07:01:421,0.000000,0.000000,1,-101.72,-101.72,0,0,
08/27/2026,08:07:01:446,0.000000,0.000000,4,-124.29,-124.29,0,0,
08/27/2026,08:07:01:514,0.000000,0.000000,2,-126.48,-126.48,0,0,
08/27/2026,08:07:01:649,0.000000,0.000000,3,-123.33,-123.33,0,0,
08/27/2026,08:07:01:677,0.000000,0.000000,1,-98.56,-98.56,0,0,
08/27/2026,08:07:01:706,0.000000,0.000000,4,-126.93,-126.93,0,0,
08/27/2026,08:07:01:794,0.000000,0.000000,2,-127.63,-127.63,0,0,
08/27/2026,08:07:01:929,0.000000,0.000000,3,-127.06,-127.06,0,0,
08/27/2026,08:07:01:945,0.000000,0.000000,1,-96.98,-96.98,0,0,
08/27/2026,08:07:01:984,0.000000,0.000000,4,-125.07,-125.07,0,0,
08/27/2026,08:07:02:069,0.000000,0.000000,2,-125.99,-125.99,0,0,
08/27/2026,08:07:02:324,0.000000,0.000000,3,-126.91,-126.91,0,0,
08/27/2026,08:07:02:332,0.000000,0.000000,1,-88.26,-88.26,0,0,
08/27/2026,08:07:02:338,0.000000,0.000000,4,-124.57,-124.57,0,0,
08/27/2026,08:07:02:367,0.000000,0.000000,2,-124.87,-124.87,0,0,
08/27/2026,08:07:02:482,0.000000,0.000000,3,-125.77,-125.77,0,0,
08/27/2026,08:07:02:494,0.000000,0.000000,1,-93.65,-93.65,0,0,
08/27/2026,08:07:02:528,0.000000,0.000000,4,-126.09,-126.09,0,0,
08/27/2026,08:07:02:654,0.000000,0.000000,2,-126.51,-126.51,0,0,
