Date,Time,Latitude,Longitude,Channel,RSSI,Adjusted Value,Antenna Gain,Cable Loss
09/21/2026,09:15:25:631,0.000000,0.000000,1,-126.03,-126.03,0,0,
09/21/2026,09:15:25:633,0.000000,0.000000,1,-126.23,-126.23,0,0,
09/21/2026,09:15:25:649,0.000000,0.000000,1,-123.76,-123.76,0,0,
09/21/2026,09:15:25:686,0.000000,0.000000,1,-126.64,-126.64,0,0,
09/21/2026,09:15:25:689,0.000000,0.000000,1,-125.97,-125.97,0,0,
09/21/2026,09:15:25:704,0.000000,0.000000,1,-126.46,-126.46,0,0,
09/21/2026,09:15:25:719,0.000000,0.000000,2,-118.45,-118.45,0,0,
09/21/2026,09:15:25:737,0.000000,0.000000,1,-126.03,-126.03,0,0,
09/21/2026,09:15:25:749,0.000000,0.000000,2,-118.95,-118.95,0,0,
09/21/2026,09:15:25:765,0.000000,0.000000,3,-124.46,-124.46,0,0,
09/21/2026,09:15:25:793,0.000000,0.000000,1,-126.76,-126.76,0,0,
09/21/2026,09:15:25:801,0.000000,0.000000,2,-119.12,-119.12,0,0,
09/21/2026,09:15:25:822,0.000000,0.000000,3,-127.01,-127.01,0,0,
09/21/2026,09:15:25:832,0.000000,0.000000,1,-127.66,-127.66,0,0,
09/21/2026,09:15:25:871,0.000000,0.000000,2,-117.33,-117.33,0,0,
09/21/2026,09:15:25:885,0.000000,0.000000,3,-124.08,-124.08,0,0,
09/21/2026,09:15:25:925,0.000000,0.000000,1,-127.08,-127.08,0,0,
09/21/2026,09:15:25:975,0.000000,0.000000,2,-117.43,-117.43,0,0,
09/21/2026,09:15:25:998,0.000000,0.000000,3,-126.4,-126.4,0,0,
09/21/2026,09:15:26:039,0.000000,0.000000,1,-125.01,-125.01,0,0,
09/21/2026,09:15:26:071,0.000000,0.000000,2,-119.77,-119.77,0,0,
09/21/2026,09:15:26:111,0.000000,0.000000,3,-125.43,-125.43,0,0,
09/21/2026,09:15:26:196,0.000000,0.000000,1,-124.38,-124.38,0,0,
09/21/2026,09:15:26:265,0.000000,0.000000,2,-118.09,-118.09,0,0,
09/21/2026,09:15:26:297,0.000000,0.000000,3,-123.82,-123.82,0,0,
09/21/2026,09:15:26:408,0.000000,0.000000,1,-124.75,-124.75,0,0,
09/21/2026,09:15:26:458,0.000000,0.000000,2,-118.87,-118.87,0,0,
09/21/2026,09:15:26:508,0.000000,0.000000,3,-127.03,-127.03,0,0,
09/21/2026,09:15:26:609,0.000000,0.000000,1,-123.32,-123.32,0,0,
09/21/2026,09:15:26:679,0.000000,0.000000,2,-116.36,-116.36,0,0,
09/21/2026,09:15:26:719,0.000000,0.000000,3,-127.46,-127.46,0,0,
09/21/2026,09:15:26:835,0.000000,0.000000,1,-125.37,-125.37,0,0,
09/21/2026,09:15:26:889,0.000000,0.000000,2,-117.45,-117.45,0,0,
09/21/2026,09:15:26:924,0.000000,0.000000,3,-123.53,-123.53,0,0,
09/21/2026,09:15:27:109,0.000000,0.000000,1,-125.11,-125.11,0,0,
09/21/2026,09:15:27:148,0.000000,0.000000,2,-116.97,-116.97,0,0,
09/21/2026,09:15:27:199,0.000000,0.000000,3,-125.52,-125.52,0,0,
09/21/2026,09:15:27:253,0.000000,0.000000,1,-125.16,-125.16,0,0,
09/21/2026,09:15:27:296,0.000000,0.000000,2,-117.8,-117.8,0,0,
09/21/2026,09:15:27:349,0.000000,0.000000,3,-124.26,-124.26,0,0,
09/21/2026,09:15:27:448,0.000000,0.000000,1,-125.74,-125.74,0,0,
09/21/2026,09:15:27:508,0.000000,0.000000,2,-115.43,-115.43,0,0,
09/21/2026,09:15:27:554,0.000000,0.000000,3,-123.92,-123.92,0,0,
09/21/2026,09:15:27:668,0.000000,0.000000,1,-122.12,-122.12,0,0,
09/21/2026,09:15:27:713,0.000000,0.000000,2,-119.21,-119.21,0,0,
09/21/2026,09:15:27:775,0.000000,0.000000,3,-126.11,-126.11,0,0,
09/21/2026,09:15:27:871,0.000000,0.000000,1,-125.17,-125.17,0,0,
09/21/2026,09:15:27:920,0.000000,0.000000,2,-117.97,-117.97,0,0,
09/21/2026,09:15:27:972,0.000000,0.000000,3,-125.34,-125.34,0,0,
09/21/2026,09:15:28:079,0.000000,0.000000,1,-125.54,-125.54,0,0,
09/21/2026,09:15:28:141,0.000000,0.000000,2,-117.12,-117.12,0,0,
09/21/2026,09:15:28:185,0.000000,0.000000,3,-124.29,-124.29,0,0,
09/21/2026,09:15:28:292,0.000000,0.000000,1,-125.71,-125.71,0,0,
09/21/2026,09:15:28:340,0.000000,0.000000,2,-120.14,-120.14,0,0,
09/21/2026,09:15:28:398,0.000000,0.000000,3,-124.17,-124.17,0,0,
09/21/2026,09:15:28:496,0.000000,0.000000,1,-125.27,-125.27,0,0,
09/21/2026,09:15:28:551,0.000000,0.000000,2,-120.29,-120.29,0,0,
09/21/2026,09:15:28:606,0.000000,0.000000,3,-126.92,-126.92,0,0,
09/21/2026,09:15:28:742,0.000000,0.000000,1,-123.02,-123.02,0,0,
09/21/2026,09:15:28:783,0.000000,0.000000,2,-118.72,-118.72,0,0,
09/21/2026,09:15:28:831,0.000000,0.000000,3,-123.37,-123.37,0,0,
09/21/2026,09:15:28:928,0.000000,0.000000,1,-124.81,-124.81,0,0,
09/21/2026,09:15:28:976,0.000000,0.000000,2,-117.17,-117.17,0,0,
09/21/2026,09:15:29:033,0.000000,0.000000,3,-127.4,-127.4,0,0,
09/21/2026,09:15:29:132,0.000000,0.000000,1,-124.75,-124.75,0,0,
09/21/2026,09:15:29:186,0.000000,0.000000,2,-118.35,-118.35,0,0,
09/21/2026,09:15:29:235,0.000000,0.000000,3,-124.36,-124.36,0,0,
09/21/2026,09:15:29:337,0.000000,0.000000,1,-126.2,-126.2,0,0,
09/21/2026,09:15:29:392,0.000000,0.000000,2,-118.29,-118.29,0,0,
09/21/2026,09:15:29:440,0.000000,0.000000,3,-125.39,-125.39,0,0,
09/21/2026,09:15:29:552,0.000000,0.000000,1,-126.75,-126.75,0,0,
09/21/2026,09:15:29:600,0.000000,0.000000,2,-117.89,-117.89,0,0,
09/21/2026,09:15:29:663,0.000000,0.000000,3,-123.88,-123.88,0,0,
09/21/2026,09:15:29:760,0.000000,0.000000,1,-126.63,-126.63,0,0,
09/21/2026,09:15:29:811,0.000000,0.000000,2,-118.97,-118.97,0,0,
09/21/2026,09:15:29:869,0.000000,0.000000,3,-122.51,-122.51,0,0,
09/21/2026,09:15:29:971,0.000000,0.000000,1,-122.42,-122.42,0,0,
09/21/2026,09:15:30:016,0.000000,0.000000,2,-116.96,-116.96,0,0,
09/21/2026,09:15:30:070,0.000000,0.000000,3,-124.23,-124.23,0,0,
09/21/2026,09:15:30:181,0.000000,0.000000,1,-122.82,-122.82,0,0,
09/21/2026,09:15:30:231,0.000000,0.000000,2,-116.34,-116.34,0,0,
09/21/2026,09:15:30:281,0.000000,0.000000,3,-125.81,-125.81,0,0,
09/21/2026,09:15:30:383,0.000000,0.000000,1,-125.88,-125.88,0,0,
09/21/2026,09:15:30:437,0.000000,0.000000,2,-117.78,-117.78,0,0,
09/21/2026,09:15:30:497,0.000000,0.000000,3,-123.64,-123.64,0,0,
09/21/2026,09:15:30:601,0.000000,0.000000,1,-125.33,-125.33,0,0,
09/21/2026,09:15:30:645,0.000000,0.000000,2,-115.24,-115.24,0,0,
09/21/2026,09:15:30:724,0.000000,0.000000,3,-127.17,-127.17,0,0,
09/21/2026,09:15:30:817,0.000000,0.000000,1,-125.09,-125.09,0,0,
09/21/2026,09:15:30:858,0.000000,0.000000,2,-118.77,-118.77,0,0,
09/21/2026,09:15:30:906,0.000000,0.000000,3,-123.52,-123.52,0,0,
09/21/2026,09:15:31:018,0.000000,0.000000,1,-124.05,-124.05,0,0,
09/21/2026,09:15:31:071,0.000000,0.000000,2,-116.2,-116.2,0,0,
09/21/2026,09:15:31:130,0.000000,0.000000,3,-124.85,-124.85,0,0,
09/21/2026,09:15:31:521,0.000000,0.000000,1,-123.77,-123.77,0,0,
09/21/2026,09:15:31:540,0.000000,0.000000,2,-116.51,-116.51,0,0,
09/21/2026,09:15:31:575,0.000000,0.000000,3,-122.7,-122.7,0,0,
09/21/2026,09:15:31:664,0.000000,0.000000,1,-123.92,-123.92,0,0,
09/21/2026,09:15:31:682,0.000000,0.000000,2,-116.76,-116.76,0,0,
09/21/2026,09:15:31:702,0.000000,0.000000,3,-121.2,-121.2,0,0,
09/21/2026,09:15:31:741,0.000000,0.000000,1,-125.96,-125.96,0,0,
09/21/2026,09:15:31:772,0.000000,0.000000,2,-119.84,-119.84,0,0,
09/21/2026,09:15:31:788,0.000000,0.000000,3,-120.72,-120.72,0,0,
09/21/2026,09:15:31:855,0.000000,0.000000,1,-124.87,-124.87,0,0,
09/21/2026,09:15:31:908,0.000000,0.000000,2,-116.19,-116.19,0,0,
09/21/2026,09:15:31:956,0.000000,0.000000,3,-124.73,-124.73,0,0,
09/21/2026,09:15:32:074,0.000000,0.000000,1,-123.7,-123.7,0,0,
09/21/2026,09:15:32:116,0.000000,0.000000,2,-117.54,-117.54,0,0,
09/21/2026,09:15:32:171,0.000000,0.000000,3,-123.1,-123.1,0,0,
09/21/2026,09:15:32:275,0.000000,0.000000,1,-120.82,-120.82,0,0,
09/21/2026,09:15:32:324,0.000000,0.000000,2,-115.94,-115.94,0,0,
09/21/2026,09:15:32:374,0.000000,0.000000,3,-120.52,-120.52,0,0,
09/21/2026,09:15:32:507,0.000000,0.000000,1,-126.24,-126.24,0,0,
09/21/2026,09:15:32:555,0.000000,0.000000,2,-116.33,-116.33,0,0,
09/21/2026,09:15:32:591,0.000000,0.000000,3,-123.21,-123.21,0,0,
09/21/2026,09:15:32:723,0.000000,0.000000,1,-123.72,-123.72,0,0,
09/21/2026,09:15:32:764,0.000000,0.000000,2,-116.65,-116.65,0,0,
09/21/2026,09:15:32:798,0.000000,0.000000,3,-118.46,-118.46,0,0,
09/21/2026,09:15:32:899,0.000000,0.000000,1,-126.57,-126.57,0,0,
09/21/2026,09:15:32:956,0.000000,0.000000,2,-120.3,-120.3,0,0,
09/21/2026,09:15:33:004,0.000000,0.000000,3,-122.16,-122.16,0,0,
09/21/2026,09:15:33:109,0.000000,0.000000,1,-127.24,-127.24,0,0,
09/21/2026,09:15:33:192,0.000000,0.000000,2,-118.28,-118.28,0,0,
09/21/2026,09:15:33:216,0.000000,0.000000,3,-117.09,-117.09,0,0,
09/21/2026,09:15:33:318,0.000000,0.000000,1,-127.31,-127.31,0,0,
09/21/2026,09:15:33:374,0.000000,0.000000,2,-118.38,-118.38,0,0,
09/21/2026,09:15:33:428,0.000000,0.000000,3,-119.06,-119.06,0,0,
09/21/2026,09:15:33:530,0.000000,0.000000,1,-123.88,-123.88,0,0,
09/21/2026,09:15:33:583,0.000000,0.000000,2,-116.48,-116.48,0,0,
09/21/2026,09:15:33:634,0.000000,0.000000,3,-113.92,-113.92,0,0,
09/21/2026,09:15:33:743,0.000000,0.000000,1,-123.44,-123.44,0,0,
09/21/2026,09:15:33:799,0.000000,0.000000,2,-117.31,-117.31,0,0,
09/21/2026,09:15:33:845,0.000000,0.000000,3,-113.54,-113.54,0,0,
09/21/2026,09:15:33:946,0.000000,0.000000,1,-120.8,-120.8,0,0,
09/21/2026,09:15:34:014,0.000000,0.000000,2,-116.57,-116.57,0,0,
09/21/2026,09:15:34:055,0.000000,0.000000,3,-102.36,-102.36,0,0,
09/21/2026,09:15:34:158,0.000000,0.000000,1,-118.85,-118.85,0,0,
09/21/2026,09:15:34:224,0.000000,0.000000,2,-118.08,-118.08,0,0,
09/21/2026,09:15:34:284,0.000000,0.000000,3,-111.61,-111.61,0,0,
09/21/2026,09:15:34:382,0.000000,0.000000,1,-121.36,-121.36,0,0,
09/21/2026,09:15:34:429,0.000000,0.000000,2,-112.56,-112.56,0,0,
09/21/2026,09:15:34:498,0.000000,0.000000,3,-120.65,-120.65,0,0,
09/21/2026,09:15:34:585,0.000000,0.000000,1,-125.36,-125.36,0,0,
09/21/2026,09:15:34:659,0.000000,0.000000,2,-119.43,-119.43,0,0,
09/21/2026,09:15:34:693,0.000000,0.000000,3,-121.85,-121.85,0,0,
09/21/2026,09:15:34:799,0.000000,0.000000,1,-125.57,-125.57,0,0,
09/21/2026,09:15:34:848,0.000000,0.000000,2,-117.48,-117.48,0,0,
09/21/2026,09:15:34:918,0.000000,0.000000,3,-121.59,-121.59,0,0,
09/21/2026,09:15:35:007,0.000000,0.000000,1,-126.18,-126.18,0,0,
09/21/2026,09:15:35:063,0.000000,0.000000,2,-118.27,-118.27,0,0,
09/21/2026,09:15:35:112,0.000000,0.000000,3,-125.17,-125.17,0,0,
09/21/2026,09:15:35:223,0.000000,0.000000,1,-123.32,-123.32,0,0,
09/21/2026,09:15:35:285,0.000000,0.000000,2,-116.04,-116.04,0,0,
09/21/2026,09:15:35:327,0.000000,0.000000,3,-119.85,-119.85,0,0,
09/21/2026,09:15:35:426,0.000000,0.000000,1,-121.93,-121.93,0,0,
09/21/2026,09:15:35:485,0.000000,0.000000,2,-117.01,-117.01,0,0,
09/21/2026,09:15:35:534,0.000000,0.000000,3,-124.71,-124.71,0,0,
09/21/2026,09:15:35:636,0.000000,0.000000,1,-122.66,-122.66,0,0,
09/21/2026,09:15:35:686,0.000000,0.000000,2,-117.07,-117.07,0,0,
09/21/2026,09:15:35:751,0.000000,0.000000,3,-125.88,-125.88,0,0,
09/21/2026,09:15:35:846,0.000000,0.000000,1,-121.64,-121.64,0,0,
09/21/2026,09:15:35:899,0.000000,0.000000,2,-116.17,-116.17,0,0,
09/21/2026,09:15:35:956,0.000000,0.000000,3,-126.77,-126.77,0,0,
09/21/2026,09:15:36:063,0.000000,0.000000,1,-118.91,-118.91,0,0,
09/21/2026,09:15:36:112,0.000000,0.000000,2,-115.11,-115.11,0,0,
09/21/2026,09:15:36:161,0.000000,0.000000,3,-124.86,-124.86,0,0,
09/21/2026,09:15:36:282,0.000000,0.000000,1,-125.82,-125.82,0,0,
09/21/2026,09:15:36:329,0.000000,0.000000,2,-117.36,-117.36,0,0,
09/21/2026,09:15:36:371,0.000000,0.000000,3,-124.5,-124.5,0,0,
09/21/2026,09:15:36:499,0.000000,0.000000,1,-123.74,-123.74,0,0,
09/21/2026,09:15:37:105,0.000000,0.000000,2,-116.9,-116.9,0,0,
09/21/2026,09:15:37:119,0.000000,0.000000,3,-126.03,-126.03,0,0,
09/21/2026,09:15:37:142,0.000000,0.000000,1,-121.88,-121.88,0,0,
09/21/2026,09:15:37:154,0.000000,0.000000,2,-116.54,-116.54,0,0,
09/21/2026,09:15:37:168,0.000000,0.000000,3,-125.28,-125.28,0,0,
09/21/2026,09:15:37:216,0.000000,0.000000,1,-122.22,-122.22,0,0,
09/21/2026,09:15:37:238,0.000000,0.000000,2,-117.69,-117.69,0,0,
09/21/2026,09:15:37:254,0.000000,0.000000,3,-126.37,-126.37,0,0,
09/21/2026,09:15:37:280,0.000000,0.000000,1,-125.8,-125.8,0,0,
09/21/2026,09:15:37:295,0.000000,0.000000,2,-115.24,-115.24,0,0,
09/21/2026,09:15:37:318,0.000000,0.000000,3,-123.25,-123.25,0,0,
09/21/2026,09:15:37:362,0.000000,0.000000,1,-124.68,-124.68,0,0,
09/21/2026,09:15:37:373,0.000000,0.000000,2,-118.07,-118.07,0,0,
09/21/2026,09:15:37:420,0.000000,0.000000,3,-124.34,-124.34,0,0,
09/21/2026,09:15:37:522,0.000000,0.000000,1,-124.32,-124.32,0,0,
09/21/2026,09:15:37:582,0.000000,0.000000,2,-117.14,-117.14,0,0,
09/21/2026,09:15:37:627,0.000000,0.000000,3,-122.98,-122.98,0,0,
09/21/2026,09:15:37:729,0.000000,0.000000,1,-123.38,-123.38,0,0,
09/21/2026,09:15:37:790,0.000000,0.000000,2,-116.83,-116.83,0,0,
09/21/2026,09:15:37:846,0.000000,0.000000,3,-123.93,-123.93,0,0,
09/21/2026,09:15:37:941,0.000000,0.000000,1,-127.01,-127.01,0,0,
09/21/2026,09:15:37:997,0.000000,0.000000,2,-116.15,-116.15,0,0,
09/21/2026,09:15:38:076,0.000000,0.000000,3,-123.92,-123.92,0,0,
09/21/2026,09:15:38:163,0.000000,0.000000,1,-124.42,-124.42,0,0,
09/21/2026,09:15:38:218,0.000000,0.000000,2,-117.29,-117.29,0,0,
09/21/2026,09:15:38:258,0.000000,0.000000,3,-123.8,-123.8,0,0,
09/21/2026,09:15:38:364,0.000000,0.000000,1,-122.93,-122.93,0,0,
09/21/2026,09:15:38:412,0.000000,0.000000,2,-118.59,-118.59,0,0,
09/21/2026,09:15:38:492,0.000000,0.000000,3,-122.47,-122.47,0,0,
09/21/2026,09:15:38:570,0.000000,0.000000,1,-125.82,-125.82,0,0,
09/21/2026,09:15:38:627,0.000000,0.000000,2,-117.48,-117.48,0,0,
09/21/2026,09:15:38:679,0.000000,0.000000,3,-122.04,-122.04,0,0,
09/21/2026,09:15:38:790,0.000000,0.000000,1,-126.43,-126.43,0,0,
09/21/2026,09:15:38:835,0.000000,0.000000,2,-118.78,-118.78,0,0,
09/21/2026,09:15:38:889,0.000000,0.000000,3,-119.3,-119.3,0,0,
09/21/2026,09:15:38:992,0.000000,0.000000,1,-124.42,-124.42,0,0,
09/21/2026,09:15:39:049,0.000000,0.000000,2,-115.88,-115.88,0,0,
09/21/2026,09:15:39:097,0.000000,0.000000,3,-122.67,-122.67,0,0,
09/21/2026,09:15:39:200,0.000000,0.000000,1,-124.94,-124.94,0,0,
09/21/2026,09:15:39:266,0.000000,0.000000,2,-118.59,-118.59,0,0,
09/21/2026,09:15:39:327,0.000000,0.000000,3,-125.7,-125.7,0,0,
09/21/2026,09:15:39:411,0.000000,0.000000,1,-125.42,-125.42,0,0,
09/21/2026,09:15:39:465,0.000000,0.000000,2,-120.17,-120.17,0,0,
09/21/2026,09:15:39:517,0.000000,0.000000,3,-127.27,-127.27,0,0,
09/21/2026,09:15:39:616,0.000000,0.000000,1,-124.33,-124.33,0,0,
09/21/2026,09:15:39:673,0.000000,0.000000,2,-117.94,-117.94,0,0,
09/21/2026,09:15:39:727,0.000000,0.000000,3,-123.83,-123.83,0,0,
09/21/2026,09:15:39:841,0.000000,0.000000,1,-124.98,-124.98,0,0,
09/21/2026,09:15:39:879,0.000000,0.000000,2,-117.91,-117.91,0,0,
09/21/2026,09:15:39:989,0.000000,0.000000,3,-124.46,-124.46,0,0,
09/21/2026,09:15:40:051,0.000000,0.000000,1,-125.74,-125.74,0,0,
09/21/2026,09:15:40:095,0.000000,0.000000,2,-119.05,-119.05,0,0,
09/21/2026,09:15:40:167,0.000000,0.000000,3,-123.93,-123.93,0,0,
09/21/2026,09:15:40:263,0.000000,0.000000,1,-126.01,-126.01,0,0,
09/21/2026,09:15:40:304,0.000000,0.000000,2,-117.88,-117.88,0,0,
09/21/2026,09:15:40:364,0.000000,0.000000,3,-122.92,-122.92,0,0,
09/21/2026,09:15:40:460,0.000000,0.000000,1,-126.21,-126.21,0,0,
09/21/2026,09:15:40:513,0.000000,0.000000,2,-116.64,-116.64,0,0,
09/21/2026,09:15:40:566,0.000000,0.000000,3,-121.53,-121.53,0,0,
09/21/2026,09:15:40:665,0.000000,0.000000,1,-124.88,-124.88,0,0,
09/21/2026,09:15:40:721,0.000000,0.000000,2,-116.7,-116.7,0,0,
09/21/2026,09:15:40:777,0.000000,0.000000,3,-125.21,-125.21,0,0,
09/21/2026,09:15:40:874,0.000000,0.000000,1,-127.29,-127.29,0,0,
09/21/2026,09:15:40:932,0.000000,0.000000,2,-117.31,-117.31,0,0,
09/21/2026,09:15:40:984,0.000000,0.000000,3,-125.68,-125.68,0,0,
09/21/2026,09:15:41:091,0.000000,0.000000,1,-125.66,-125.66,0,0,
09/21/2026,09:15:41:141,0.000000,0.000000,2,-116.59,-116.59,0,0,
09/21/2026,09:15:41:194,0.000000,0.000000,3,-124.67,-124.67,0,0,
09/21/2026,09:15:41:299,0.000000,0.000000,1,-126.51,-126.51,0,0,
09/21/2026,09:15:41:355,0.000000,0.000000,2,-117.32,-117.32,0,0,
09/21/2026,09:15:41:407,0.000000,0.000000,3,-121.54,-121.54,0,0,
09/21/2026,09:15:41:515,0.000000,0.000000,1,-126,-126,0,0,
09/21/2026,09:15:41:559,0.000000,0.000000,2,-119.36,-119.36,0,0,
09/21/2026,09:15:41:611,0.000000,0.000000,3,-123.77,-123.77,0,0,
09/21/2026,09:15:41:741,0.000000,0.000000,1,-125.29,-125.29,0,0,
09/21/2026,09:15:41:785,0.000000,0.000000,2,-120.02,-120.02,0,0,
09/21/2026,09:15:41:834,0.000000,0.000000,3,-123.39,-123.39,0,0,
09/21/2026,09:15:41:939,0.000000,0.000000,1,-123.7,-123.7,0,0,
09/21/2026,09:15:41:978,0.000000,0.000000,2,-117.51,-117.51,0,0,
09/21/2026,09:15:42:048,0.000000,0.000000,3,-123.83,-123.83,0,0,
09/21/2026,09:15:42:237,0.000000,0.000000,1,-126.96,-126.96,0,0,
09/21/2026,09:15:43:650,0.000000,0.000000,2,-116.23,-116.23,0,0,
09/21/2026,09:15:43:661,0.000000,0.000000,3,-121.65,-121.65,0,0,
09/21/2026,09:15:43:688,0.000000,0.000000,1,-124.16,-124.16,0,0,
09/21/2026,09:15:43:704,0.000000,0.000000,2,-115.43,-115.43,0,0,
09/21/2026,09:15:43:718,0.000000,0.000000,3,-123.84,-123.84,0,0,
09/21/2026,09:15:43:738,0.000000,0.000000,1,-124.8,-124.8,0,0,
09/21/2026,09:15:43:748,0.000000,0.000000,2,-115.76,-115.76,0,0,
09/21/2026,09:15:43:789,0.000000,0.000000,3,-123.78,-123.78,0,0,
09/21/2026,09:15:43:876,0.000000,0.000000,1,-122.52,-122.52,0,0,
09/21/2026,09:15:43:910,0.000000,0.000000,2,-116.91,-116.91,0,0,
09/21/2026,09:15:43:921,0.000000,0.000000,3,-124.69,-124.69,0,0,
09/21/2026,09:15:44:003,0.000000,0.000000,1,-124.85,-124.85,0,0,
09/21/2026,09:15:44:019,0.000000,0.000000,2,-117.21,-117.21,0,0,
09/21/2026,09:15:44:070,0.000000,0.000000,3,-124.34,-124.34,0,0,
09/21/2026,09:15:44:161,0.000000,0.000000,1,-123.44,-123.44,0,0,
09/21/2026,09:15:44:186,0.000000,0.000000,2,-118.14,-118.14,0,0,
09/21/2026,09:15:44:198,0.000000,0.000000,3,-124.43,-124.43,0,0,
09/21/2026,09:15:44:244,0.000000,0.000000,1,-122.19,-122.19,0,0,
09/21/2026,09:15:44:283,0.000000,0.000000,2,-116.02,-116.02,0,0,
09/21/2026,09:15:44:299,0.000000,0.000000,3,-124.79,-124.79,0,0,
09/21/2026,09:15:44:324,0.000000,0.000000,1,-122.59,-122.59,0,0,
09/21/2026,09:15:44:337,0.000000,0.000000,2,-115.61,-115.61,0,0,
09/21/2026,09:15:44:351,0.000000,0.000000,3,-125.05,-125.05,0,0,
09/21/2026,09:15:44:391,0.000000,0.000000,1,-122.67,-122.67,0,0,
09/21/2026,09:15:44:403,0.000000,0.000000,2,-116.69,-116.69,0,0,
09/21/2026,09:15:44:419,0.000000,0.000000,3,-125.4,-125.4,0,0,
09/21/2026,09:15:44:441,0.000000,0.000000,1,-125.87,-125.87,0,0,
09/21/2026,09:15:44:456,0.000000,0.000000,2,-115.85,-115.85,0,0,
09/21/2026,09:15:44:467,0.000000,0.000000,3,-125.48,-125.48,0,0,
09/21/2026,09:15:44:492,0.000000,0.000000,1,-124.48,-124.48,0,0,
09/21/2026,09:15:44:518,0.000000,0.000000,2,-116.65,-116.65,0,0,
09/21/2026,09:15:44:529,0.000000,0.000000,3,-126.08,-126.08,0,0,
09/21/2026,09:15:44:559,0.000000,0.000000,1,-124.9,-124.9,0,0,
09/21/2026,09:15:44:573,0.000000,0.000000,2,-117.62,-117.62,0,0,
09/21/2026,09:15:44:587,0.000000,0.000000,3,-123.8,-123.8,0,0,
09/21/2026,09:15:44:654,0.000000,0.000000,1,-123.91,-123.91,0,0,
09/21/2026,09:15:44:706,0.000000,0.000000,2,-116.61,-116.61,0,0,
09/21/2026,09:15:44:753,0.000000,0.000000,3,-125.23,-125.23,0,0,
09/21/2026,09:15:44:858,0.000000,0.000000,1,-125.6,-125.6,0,0,
09/21/2026,09:15:44:917,0.000000,0.000000,2,-117.34,-117.34,0,0,
09/21/2026,09:15:44:965,0.000000,0.000000,3,-124.93,-124.93,0,0,
09/21/2026,09:15:45:080,0.000000,0.000000,1,-120.22,-120.22,0,0,
09/21/2026,09:15:45:126,0.000000,0.000000,2,-117.92,-117.92,0,0,
09/21/2026,09:15:45:173,0.000000,0.000000,3,-124.95,-124.95,0,0,
09/21/2026,09:15:45:276,0.000000,0.000000,1,-124.05,-124.05,0,0,
09/21/2026,09:15:45:345,0.000000,0.000000,2,-117.67,-117.67,0,0,
09/21/2026,09:15:45:382,0.000000,0.000000,3,-124.3,-124.3,0,0,
09/21/2026,09:15:45:490,0.000000,0.000000,1,-123.05,-123.05,0,0,
09/21/2026,09:15:45:539,0.000000,0.000000,2,-118.45,-118.45,0,0,
09/21/2026,09:15:45:594,0.000000,0.000000,3,-124.9,-124.9,0,0,
09/21/2026,09:15:45:721,0.000000,0.000000,1,-125.27,-125.27,0,0,
09/21/2026,09:15:45:762,0.000000,0.000000,2,-119.02,-119.02,0,0,
09/21/2026,09:15:45:810,0.000000,0.000000,3,-125.24,-125.24,0,0,
09/21/2026,09:15:45:932,0.000000,0.000000,1,-125.93,-125.93,0,0,
09/21/2026,09:15:45:972,0.000000,0.000000,2,-118.97,-118.97,0,0,
09/21/2026,09:15:46:019,0.000000,0.000000,3,-125.4,-125.4,0,0,
09/21/2026,09:15:46:120,0.000000,0.000000,1,-123.35,-123.35,0,0,
09/21/2026,09:15:46:169,0.000000,0.000000,2,-119.04,-119.04,0,0,
09/21/2026,09:15:46:226,0.000000,0.000000,3,-124.39,-124.39,0,0,
09/21/2026,09:15:46:325,0.000000,0.000000,1,-127.62,-127.62,0,0,
09/21/2026,09:15:46:381,0.000000,0.000000,2,-119.04,-119.04,0,0,
09/21/2026,09:15:46:431,0.000000,0.000000,3,-123.34,-123.34,0,0,
09/21/2026,09:15:46:536,0.000000,0.000000,1,-123.83,-123.83,0,0,
09/21/2026,09:15:46:591,0.000000,0.000000,2,-118.1,-118.1,0,0,
09/21/2026,09:15:46:640,0.000000,0.000000,3,-126.2,-126.2,0,0,
09/21/2026,09:15:46:744,0.000000,0.000000,1,-125.31,-125.31,0,0,
09/21/2026,09:15:46:807,0.000000,0.000000,2,-119.06,-119.06,0,0,
09/21/2026,09:15:46:856,0.000000,0.000000,3,-126.29,-126.29,0,0,
09/21/2026,09:15:46:955,0.000000,0.000000,1,-126.27,-126.27,0,0,
09/21/2026,09:15:47:009,0.000000,0.000000,2,-117.01,-117.01,0,0,
09/21/2026,09:15:47:069,0.000000,0.000000,3,-124.4,-124.4,0,0,
09/21/2026,09:15:47:168,0.000000,0.000000,1,-126.63,-126.63,0,0,
09/21/2026,09:15:47:224,0.000000,0.000000,2,-117.37,-117.37,0,0,
09/21/2026,09:15:47:270,0.000000,0.000000,3,-125.45,-125.45,0,0,
09/21/2026,09:15:47:385,0.000000,0.000000,1,-125.9,-125.9,0,0,
09/21/2026,09:15:47:460,0.000000,0.000000,2,-119.95,-119.95,0,0,
09/21/2026,09:15:47:480,0.000000,0.000000,3,-126.52,-126.52,0,0,
09/21/2026,09:15:47:612,0.000000,0.000000,1,-125.13,-125.13,0,0,
09/21/2026,09:15:47:652,0.000000,0.000000,2,-117.19,-117.19,0,0,
09/21/2026,09:15:47:700,0.000000,0.000000,3,-126.19,-126.19,0,0,
09/21/2026,09:15:47:838,0.000000,0.000000,1,-126.16,-126.16,0,0,
09/21/2026,09:15:47:849,0.000000,0.000000,2,-119.84,-119.84,0,0,
09/21/2026,09:15:47:903,0.000000,0.000000,3,-125.24,-125.24,0,0,
09/21/2026,09:15:48:003,0.000000,0.000000,1,-126.25,-126.25,0,0,
09/21/2026,09:15:48:056,0.000000,0.000000,2,-117.94,-117.94,0,0,
09/21/2026,09:15:48:115,0.000000,0.000000,3,-124.37,-124.37,0,0,
09/21/2026,09:15:48:220,0.000000,0.000000,1,-126.31,-126.31,0,0,
09/21/2026,09:15:48:273,0.000000,0.000000,2,-117.78,-117.78,0,0,
09/21/2026,09:15:48:318,0.000000,0.000000,3,-126.11,-126.11,0,0,
09/21/2026,09:15:48:421,0.000000,0.000000,1,-126.03,-126.03,0,0,
09/21/2026,09:15:48:479,0.000000,0.000000,2,-117.82,-117.82,0,0,
09/21/2026,09:15:48:527,0.000000,0.000000,3,-125.53,-125.53,0,0,
09/21/2026,09:15:48:642,0.000000,0.000000,1,-125.2,-125.2,0,0,
09/21/2026,09:15:48:785,0.000000,0.000000,2,-118.17,-118.17,0,0,
09/21/2026,09:15:48:806,0.000000,0.000000,3,-124.29,-124.29,0,0,
09/21/2026,09:15:48:843,0.000000,0.000000,1,-125.05,-125.05,0,0,
09/21/2026,09:15:48:898,0.000000,0.000000,2,-118.03,-118.03,0,0,
09/21/2026,09:15:48:946,0.000000,0.000000,3,-124.91,-124.91,0,0,
09/21/2026,09:15:49:057,0.000000,0.000000,1,-125.67,-125.67,0,0,
09/21/2026,09:15:49:111,0.000000,0.000000,2,-119.7,-119.7,0,0,
09/21/2026,09:15:49:159,0.000000,0.000000,3,-125.6,-125.6,0,0,
09/21/2026,09:15:49:264,0.000000,0.000000,1,-126.61,-126.61,0,0,
09/21/2026,09:15:49:336,0.000000,0.000000,2,-118.43,-118.43,0,0,
09/21/2026,09:15:49:374,0.000000,0.000000,3,-125.45,-125.45,0,0,
09/21/2026,09:15:49:474,0.000000,0.000000,1,-126.89,-126.89,0,0,
09/21/2026,09:15:49:565,0.000000,0.000000,2,-117.73,-117.73,0,0,
09/21/2026,09:15:49:574,0.000000,0.000000,3,-123.88,-123.88,0,0,
09/21/2026,09:15:49:682,0.000000,0.000000,1,-127.4,-127.4,0,0,
09/21/2026,09:15:49:754,0.000000,0.000000,2,-120.06,-120.06,0,0,
09/21/2026,09:15:49:786,0.000000,0.000000,3,-126.94,-126.94,0,0,
09/21/2026,09:15:49:889,0.000000,0.000000,1,-125.66,-125.66,0,0,
09/21/2026,09:15:49:946,0.000000,0.000000,2,-119.81,-119.81,0,0,
09/21/2026,09:15:50:019,0.000000,0.000000,3,-125.65,-125.65,0,0,
09/21/2026,09:15:50:098,0.000000,0.000000,1,-125.02,-125.02,0,0,
09/21/2026,09:15:50:153,0.000000,0.000000,2,-119.2,-119.2,0,0,
09/21/2026,09:15:50:210,0.000000,0.000000,3,-123.89,-123.89,0,0,
09/21/2026,09:15:50:313,0.000000,0.000000,1,-125.4,-125.4,0,0,
09/21/2026,09:15:50:363,0.000000,0.000000,2,-120.68,-120.68,0,0,
09/21/2026,09:15:50:427,0.000000,0.000000,3,-125.32,-125.32,0,0,
09/21/2026,09:15:50:520,0.000000,0.000000,1,-126.1,-126.1,0,0,
09/21/2026,09:15:50:571,0.000000,0.000000,2,-119.54,-119.54,0,0,
09/21/2026,09:15:50:657,0.000000,0.000000,3,-123.42,-123.42,0,0,
09/21/2026,09:15:50:746,0.000000,0.000000,1,-126.09,-126.09,0,0,
09/21/2026,09:15:50:782,0.000000,0.000000,2,-120.72,-120.72,0,0,
09/21/2026,09:15:50:843,0.000000,0.000000,3,-126.13,-126.13,0,0,
09/21/2026,09:15:50:936,0.000000,0.000000,1,-125.89,-125.89,0,0,
09/21/2026,09:15:50:994,0.000000,0.000000,2,-118.42,-118.42,0,0,
09/21/2026,09:15:51:043,0.000000,0.000000,3,-126.48,-126.48,0,0,
09/21/2026,09:15:51:147,0.000000,0.000000,1,-126.09,-126.09,0,0,
09/21/2026,09:15:51:200,0.000000,0.000000,2,-119.47,-119.47,0,0,
09/21/2026,09:15:51:299,0.000000,0.000000,3,-125.78,-125.78,0,0,
09/21/2026,09:15:51:357,0.000000,0.000000,1,-125.38,-125.38,0,0,
09/21/2026,09:15:51:437,0.000000,0.000000,2,-118.57,-118.57,0,0,
09/21/2026,09:15:51:482,0.000000,0.000000,3,-126.33,-126.33,0,0,
09/21/2026,09:15:51:573,0.000000,0.000000,1,-125.85,-125.85,0,0,
09/21/2026,09:15:51:618,0.000000,0.000000,2,-116.95,-116.95,0,0,
09/21/2026,09:15:51:671,0.000000,0.000000,3,-127.19,-127.19,0,0,
09/21/2026,09:15:51:777,0.000000,0.000000,1,-127.32,-127.32,0,0,
09/21/2026,09:15:51:828,0.000000,0.000000,2,-117.87,-117.87,0,0,
09/21/2026,09:15:51:880,0.000000,0.000000,3,-124.56,-124.56,0,0,
09/21/2026,09:15:51:987,0.000000,0.000000,1,-124.82,-124.82,0,0,
09/21/2026,09:15:52:044,0.000000,0.000000,2,-119.26,-119.26,0,0,
09/21/2026,09:15:52:096,0.000000,0.000000,3,-124.82,-124.82,0,0,
09/21/2026,09:15:52:195,0.000000,0.000000,1,-126.08,-126.08,0,0,
09/21/2026,09:15:52:271,0.000000,0.000000,2,-120.42,-120.42,0,0,
09/21/2026,09:15:52:305,0.000000,0.000000,3,-126.45,-126.45,0,0,
09/21/2026,09:15:52:407,0.000000,0.000000,1,-126.76,-126.76,0,0,
09/21/2026,09:15:52:466,0.000000,0.000000,2,-118.91,-118.91,0,0,
09/21/2026,09:15:52:522,0.000000,0.000000,3,-125.67,-125.67,0,0,
09/21/2026,09:15:52:625,0.000000,0.000000,1,-126.19,-126.19,0,0,
09/21/2026,09:15:52:676,0.000000,0.000000,2,-119.02,-119.02,0,0,
09/21/2026,09:15:52:723,0.000000,0.000000,3,-126.54,-126.54,0,0,
09/21/2026,09:15:52:831,0.000000,0.000000,1,-125.92,-125.92,0,0,
09/21/2026,09:15:52:885,0.000000,0.000000,2,-118.6,-118.6,0,0,
09/21/2026,09:15:52:934,0.000000,0.000000,3,-126.01,-126.01,0,0,
09/21/2026,09:15:53:036,0.000000,0.000000,1,-124.44,-124.44,0,0,
09/21/2026,09:15:53:097,0.000000,0.000000,2,-119.33,-119.33,0,0,
09/21/2026,09:15:53:171,0.000000,0.000000,3,-125.7,-125.7,0,0,
09/21/2026,09:15:53:262,0.000000,0.000000,1,-127.33,-127.33,0,0,
09/21/2026,09:15:53:313,0.000000,0.000000,2,-119.53,-119.53,0,0,
09/21/2026,09:15:53:366,0.000000,0.000000,3,-125.2,-125.2,0,0,
09/21/2026,09:15:53:455,0.000000,0.000000,1,-126.09,-126.09,0,0,
09/21/2026,09:15:53:505,0.000000,0.000000,2,-121.09,-121.09,0,0,
09/21/2026,09:15:53:558,0.000000,0.000000,3,-124.95,-124.95,0,0,
09/21/2026,09:15:53:667,0.000000,0.000000,1,-122.86,-122.86,0,0,
09/21/2026,09:15:53:718,0.000000,0.000000,2,-120.04,-120.04,0,0,
09/21/2026,09:15:53:773,0.000000,0.000000,3,-126.11,-126.11,0,0,
09/21/2026,09:15:53:935,0.000000,0.000000,1,-124.12,-124.12,0,0,
09/21/2026,09:15:53:946,0.000000,0.000000,2,-118.73,-118.73,0,0,
09/21/2026,09:15:53:980,0.000000,0.000000,3,-126.6,-126.6,0,0,
09/21/2026,09:15:54:091,0.000000,0.000000,1,-124.55,-124.55,0,0,
09/21/2026,09:15:54:135,0.000000,0.000000,2,-118.25,-118.25,0,0,
09/21/2026,09:15:54:186,0.000000,0.000000,3,-125.3,-125.3,0,0,
09/21/2026,09:15:54:304,0.000000,0.000000,1,-126.52,-126.52,0,0,
09/21/2026,09:15:54:345,0.000000,0.000000,2,-119.24,-119.24,0,0,
09/21/2026,09:15:54:397,0.000000,0.000000,3,-126.82,-126.82,0,0,
09/21/2026,09:15:54:503,0.000000,0.000000,1,-122.9,-122.9,0,0,
09/21/2026,09:15:54:566,0.000000,0.000000,2,-118.16,-118.16,0,0,
09/21/2026,09:15:54:608,0.000000,0.000000,3,-126.58,-126.58,0,0,
09/21/2026,09:15:54:719,0.000000,0.000000,1,-126.79,-126.79,0,0,
09/21/2026,09:15:54:772,0.000000,0.000000,2,-119.37,-119.37,0,0,
09/21/2026,09:15:54:817,0.000000,0.000000,3,-125.51,-125.51,0,0,
09/21/2026,09:15:54:931,0.000000,0.000000,1,-125.42,-125.42,0,0,
09/21/2026,09:15:54:974,0.000000,0.000000,2,-118.5,-118.5,0,0,
09/21/2026,09:15:55:031,0.000000,0.000000,3,-125.82,-125.82,0,0,
09/21/2026,09:15:55:163,0.000000,0.000000,1,-126.13,-126.13,0,0,
09/21/2026,09:15:55:189,0.000000,0.000000,2,-119.74,-119.74,0,0,
09/21/2026,09:15:55:244,0.000000,0.000000,3,-125.6,-125.6,0,0,
09/21/2026,09:15:55:349,0.000000,0.000000,1,-124.73,-124.73,0,0,
09/21/2026,09:15:55:392,0.000000,0.000000,2,-120.39,-120.39,0,0,
09/21/2026,09:15:55:460,0.000000,0.000000,3,-125.36,-125.36,0,0,
09/21/2026,09:15:55:551,0.000000,0.000000,1,-125.59,-125.59,0,0,
09/21/2026,09:15:55:600,0.000000,0.000000,2,-118.68,-118.68,0,0,
09/21/2026,09:15:55:665,0.000000,0.000000,3,-124.98,-124.98,0,0,
09/21/2026,09:15:55:768,0.000000,0.000000,1,-125.06,-125.06,0,0,
09/21/2026,09:15:55:815,0.000000,0.000000,2,-117.42,-117.42,0,0,
09/21/2026,09:15:55:864,0.000000,0.000000,3,-124.6,-124.6,0,0,
09/21/2026,09:15:55:975,0.000000,0.000000,1,-126.15,-126.15,0,0,
09/21/2026,09:15:56:024,0.000000,0.000000,2,-119.32,-119.32,0,0,
09/21/2026,09:15:56:074,0.000000,0.000000,3,-126.61,-126.61,0,0,
09/21/2026,09:15:56:181,0.000000,0.000000,1,-125.66,-125.66,0,0,
09/21/2026,09:15:56:235,0.000000,0.000000,2,-119.56,-119.56,0,0,
09/21/2026,09:15:56:288,0.000000,0.000000,3,-124.54,-124.54,0,0,
09/21/2026,09:15:56:402,0.000000,0.000000,1,-125.57,-125.57,0,0,
09/21/2026,09:15:56:440,0.000000,0.000000,2,-118.88,-118.88,0,0,
09/21/2026,09:15:56:506,0.000000,0.000000,3,-125.83,-125.83,0,0,
09/21/2026,09:15:56:598,0.000000,0.000000,1,-127.03,-127.03,0,0,
09/21/2026,09:15:56:650,0.000000,0.000000,2,-119.39,-119.39,0,0,
09/21/2026,09:15:56:731,0.000000,0.000000,3,-126.3,-126.3,0,0,
09/21/2026,09:15:56:809,0.000000,0.000000,1,-125.45,-125.45,0,0,
09/21/2026,09:15:56:869,0.000000,0.000000,2,-121.28,-121.28,0,0,
09/21/2026,09:15:56:916,0.000000,0.000000,3,-124.93,-124.93,0,0,
09/21/2026,09:15:57:017,0.000000,0.000000,1,-125.06,-125.06,0,0,
09/21/2026,09:15:57:068,0.000000,0.000000,2,-118.73,-118.73,0,0,
09/21/2026,09:15:57:125,0.000000,0.000000,3,-127.28,-127.28,0,0,
09/21/2026,09:15:57:227,0.000000,0.000000,1,-123.14,-123.14,0,0,
09/21/2026,09:15:57:288,0.000000,0.000000,2,-119.36,-119.36,0,0,
09/21/2026,09:15:57:339,0.000000,0.000000,3,-126.08,-126.08,0,0,
09/21/2026,09:15:57:443,0.000000,0.000000,1,-123.97,-123.97,0,0,
09/21/2026,09:15:57:492,0.000000,0.000000,2,-122.23,-122.23,0,0,
09/21/2026,09:15:57:545,0.000000,0.000000,3,-127,-127,0,0,
09/21/2026,09:15:57:655,0.000000,0.000000,1,-124.97,-124.97,0,0,
09/21/2026,09:15:57:706,0.000000,0.000000,2,-118.76,-118.76,0,0,
09/21/2026,09:15:57:752,0.000000,0.000000,3,-123.58,-123.58,0,0,
09/21/2026,09:15:57:860,0.000000,0.000000,1,-123.91,-123.91,0,0,
09/21/2026,09:15:57:907,0.000000,0.000000,2,-120.07,-120.07,0,0,
09/21/2026,09:15:57:983,0.000000,0.000000,3,-126.97,-126.97,0,0,
09/21/2026,09:15:58:065,0.000000,0.000000,1,-124.04,-124.04,0,0,
09/21/2026,09:15:58:119,0.000000,0.000000,2,-121.2,-121.2,0,0,
09/21/2026,09:15:58:172,0.000000,0.000000,3,-125.71,-125.71,0,0,
09/21/2026,09:15:58:284,0.000000,0.000000,1,-124.62,-124.62,0,0,
09/21/2026,09:15:58:330,0.000000,0.000000,2,-118.9,-118.9,0,0,
09/21/2026,09:15:58:381,0.000000,0.000000,3,-126.73,-126.73,0,0,
09/21/2026,09:15:58:485,0.000000,0.000000,1,-123.02,-123.02,0,0,
09/21/2026,09:15:58:541,0.000000,0.000000,2,-119.22,-119.22,0,0,
09/21/2026,09:15:58:594,0.000000,0.000000,3,-126.63,-126.63,0,0,
09/21/2026,09:15:58:698,0.000000,0.000000,1,-125.54,-125.54,0,0,
09/21/2026,09:15:58:777,0.000000,0.000000,2,-117.58,-117.58,0,0,
09/21/2026,09:15:58:822,0.000000,0.000000,3,-126.25,-126.25,0,0,
09/21/2026,09:15:58:917,0.000000,0.000000,1,-126.52,-126.52,0,0,
09/21/2026,09:15:58:984,0.000000,0.000000,2,-117.25,-117.25,0,0,
09/21/2026,09:15:59:077,0.000000,0.000000,3,-125.88,-125.88,0,0,
09/21/2026,09:15:59:113,0.000000,0.000000,1,-124.91,-124.91,0,0,
09/21/2026,09:15:59:174,0.000000,0.000000,2,-119.48,-119.48,0,0,
09/21/2026,09:15:59:224,0.000000,0.000000,3,-125.88,-125.88,0,0,
09/21/2026,09:15:59:329,0.000000,0.000000,1,-123.63,-123.63,0,0,
09/21/2026,09:15:59:379,0.000000,0.000000,2,-116.98,-116.98,0,0,
09/21/2026,09:15:59:435,0.000000,0.000000,3,-123.78,-123.78,0,0,
09/21/2026,09:15:59:544,0.000000,0.000000,1,-127,-127,0,0,
09/21/2026,09:15:59:607,0.000000,0.000000,2,-118.45,-118.45,0,0,
09/21/2026,09:15:59:638,0.000000,0.000000,3,-125.97,-125.97,0,0,
09/21/2026,09:15:59:748,0.000000,0.000000,1,-126.2,-126.2,0,0,
09/21/2026,09:15:59:795,0.000000,0.000000,2,-117.51,-117.51,0,0,
09/21/2026,09:15:59:869,0.000000,0.000000,3,-125.86,-125.86,0,0,
09/21/2026,09:15:59:964,0.000000,0.000000,1,-123.9,-123.9,0,0,
09/21/2026,09:16:00:014,0.000000,0.000000,2,-117.42,-117.42,0,0,
09/21/2026,09:16:00:055,0.000000,0.000000,3,-124.51,-124.51,0,0,
09/21/2026,09:16:00:166,0.000000,0.000000,1,-124.51,-124.51,0,0,
09/21/2026,09:16:00:214,0.000000,0.000000,2,-118.51,-118.51,0,0,
09/21/2026,09:16:00:268,0.000000,0.000000,3,-125.96,-125.96,0,0,
09/21/2026,09:16:00:379,0.000000,0.000000,1,-124.07,-124.07,0,0,
09/21/2026,09:16:00:440,0.000000,0.000000,2,-117.53,-117.53,0,0,
09/21/2026,09:16:00:486,0.000000,0.000000,3,-126.96,-126.96,0,0,
09/21/2026,09:16:00:580,0.000000,0.000000,1,-125.42,-125.42,0,0,
09/21/2026,09:16:00:640,0.000000,0.000000,2,-118.47,-118.47,0,0,
09/21/2026,09:16:00:692,0.000000,0.000000,3,-125.76,-125.76,0,0,
09/21/2026,09:16:00:793,0.000000,0.000000,1,-125.34,-125.34,0,0,
09/21/2026,09:16:00:846,0.000000,0.000000,2,-117.32,-117.32,0,0,
09/21/2026,09:16:00:897,0.000000,0.000000,3,-126.37,-126.37,0,0,
09/21/2026,09:16:01:004,0.000000,0.000000,1,-126.12,-126.12,0,0,
09/21/2026,09:16:01:052,0.000000,0.000000,2,-118.41,-118.41,0,0,
09/21/2026,09:16:01:107,0.000000,0.000000,3,-124.21,-124.21,0,0,
09/21/2026,09:16:01:213,0.000000,0.000000,1,-123.96,-123.96,0,0,
09/21/2026,09:16:01:265,0.000000,0.000000,2,-117.24,-117.24,0,0,
09/21/2026,09:16:01:315,0.000000,0.000000,3,-126.23,-126.23,0,0,
09/21/2026,09:16:01:417,0.000000,0.000000,1,-123.97,-123.97,0,0,
09/21/2026,09:16:01:480,0.000000,0.000000,2,-118.12,-118.12,0,0,
09/21/2026,09:16:01:544,0.000000,0.000000,3,-125.6,-125.6,0,0,
09/21/2026,09:16:01:635,0.000000,0.000000,1,-123.51,-123.51,0,0,
09/21/2026,09:16:01:684,0.000000,0.000000,2,-118,-118,0,0,
09/21/2026,09:16:01:744,0.000000,0.000000,3,-126.24,-126.24,0,0,
09/21/2026,09:16:01:838,0.000000,0.000000,1,-122.57,-122.57,0,0,
09/21/2026,09:16:01:896,0.000000,0.000000,2,-116.39,-116.39,0,0,
09/21/2026,09:16:01:946,0.000000,0.000000,3,-125.19,-125.19,0,0,
09/21/2026,09:16:02:047,0.000000,0.000000,1,-123.24,-123.24,0,0,
09/21/2026,09:16:02:102,0.000000,0.000000,2,-117.11,-117.11,0,0,
09/21/2026,09:16:02:164,0.000000,0.000000,3,-125.59,-125.59,0,0,
09/21/2026,09:16:02:256,0.000000,0.000000,1,-125.96,-125.96,0,0,
09/21/2026,09:16:02:317,0.000000,0.000000,2,-117.66,-117.66,0,0,
09/21/2026,09:16:02:362,0.000000,0.000000,3,-124.77,-124.77,0,0,
09/21/2026,09:16:02:483,0.000000,0.000000,1,-125.03,-125.03,0,0,
09/21/2026,09:16:02:531,0.000000,0.000000,2,-118.11,-118.11,0,0,
09/21/2026,09:16:02:576,0.000000,0.000000,3,-125.77,-125.77,0,0,
09/21/2026,09:16:02:682,0.000000,0.000000,1,-124.77,-124.77,0,0,
09/21/2026,09:16:02:730,0.000000,0.000000,2,-118.22,-118.22,0,0,
09/21/2026,09:16:02:818,0.000000,0.000000,3,-125.98,-125.98,0,0,
09/21/2026,09:16:02:890,0.000000,0.000000,1,-123.43,-123.43,0,0,
09/21/2026,09:16:02:956,0.000000,0.000000,2,-116.65,-116.65,0,0,
09/21/2026,09:16:02:991,0.000000,0.000000,3,-119.11,-119.11,0,0,
09/21/2026,09:16:03:099,0.000000,0.000000,1,-125.5,-125.5,0,0,
09/21/2026,09:16:03:148,0.000000,0.000000,2,-119.12,-119.12,0,0,
09/21/2026,09:16:03:207,0.000000,0.000000,3,-127.14,-127.14,0,0,
09/21/2026,09:16:03:304,0.000000,0.000000,1,-122.61,-122.61,0,0,
09/21/2026,09:16:03:362,0.000000,0.000000,2,-116.87,-116.87,0,0,
09/21/2026,09:16:03:418,0.000000,0.000000,3,-126.31,-126.31,0,0,
09/21/2026,09:16:03:515,0.000000,0.000000,1,-124.65,-124.65,0,0,
09/21/2026,09:16:03:571,0.000000,0.000000,2,-116.82,-116.82,0,0,
09/21/2026,09:16:03:625,0.000000,0.000000,3,-124.61,-124.61,0,0,
09/21/2026,09:16:03:725,0.000000,0.000000,1,-123.92,-123.92,0,0,
09/21/2026,09:16:03:790,0.000000,0.000000,2,-119.01,-119.01,0,0,
09/21/2026,09:16:03:831,0.000000,0.000000,3,-123.86,-123.86,0,0,
09/21/2026,09:16:03:943,0.000000,0.000000,1,-126.41,-126.41,0,0,
09/21/2026,09:16:04:008,0.000000,0.000000,2,-119.36,-119.36,0,0,
09/21/2026,09:16:04:040,0.000000,0.000000,3,-126.42,-126.42,0,0,
09/21/2026,09:16:04:218,0.000000,0.000000,1,-125.68,-125.68,0,0,
09/21/2026,09:16:04:254,0.000000,0.000000,2,-117.38,-117.38,0,0,
09/21/2026,09:16:04:294,0.000000,0.000000,3,-124.1,-124.1,0,0,
09/21/2026,09:16:04:379,0.000000,0.000000,1,-127.14,-127.14,0,0,
09/21/2026,09:16:04:418,0.000000,0.000000,2,-119.37,-119.37,0,0,
09/21/2026,09:16:04:470,0.000000,0.000000,3,-124.02,-124.02,0,0,
09/21/2026,09:16:04:563,0.000000,0.000000,1,-126.49,-126.49,0,0,
09/21/2026,09:16:04:621,0.000000,0.000000,2,-118.03,-118.03,0,0,
09/21/2026,09:16:04:671,0.000000,0.000000,3,-125.34,-125.34,0,0,
09/21/2026,09:16:04:777,0.000000,0.000000,1,-126.97,-126.97,0,0,
09/21/2026,09:16:04:838,0.000000,0.000000,2,-118.99,-118.99,0,0,
09/21/2026,09:16:04:885,0.000000,0.000000,3,-124.87,-124.87,0,0,
09/21/2026,09:16:04:982,0.000000,0.000000,1,-125.8,-125.8,0,0,
09/21/2026,09:16:05:043,0.000000,0.000000,2,-118.02,-118.02,0,0,
09/21/2026,09:16:05:098,0.000000,0.000000,3,-124.64,-124.64,0,0,
09/21/2026,09:16:05:192,0.000000,0.000000,1,-124.43,-124.43,0,0,
09/21/2026,09:16:05:254,0.000000,0.000000,2,-118.19,-118.19,0,0,
09/21/2026,09:16:05:302,0.000000,0.000000,3,-123.46,-123.46,0,0,
09/21/2026,09:16:05:406,0.000000,0.000000,1,-125.87,-125.87,0,0,
09/21/2026,09:16:05:460,0.000000,0.000000,2,-119.25,-119.25,0,0,
09/21/2026,09:16:05:513,0.000000,0.000000,3,-124.81,-124.81,0,0,
09/21/2026,09:16:05:616,0.000000,0.000000,1,-126.99,-126.99,0,0,
09/21/2026,09:16:05:673,0.000000,0.000000,2,-118.53,-118.53,0,0,
09/21/2026,09:16:05:723,0.000000,0.000000,3,-126.42,-126.42,0,0,
09/21/2026,09:16:05:824,0.000000,0.000000,1,-126.07,-126.07,0,0,
09/21/2026,09:16:05:877,0.000000,0.000000,2,-119.86,-119.86,0,0,
09/21/2026,09:16:05:928,0.000000,0.000000,3,-125.64,-125.64,0,0,
09/21/2026,09:16:06:044,0.000000,0.000000,1,-126.66,-126.66,0,0,
09/21/2026,09:16:06:095,0.000000,0.000000,2,-117.94,-117.94,0,0,
09/21/2026,09:16:06:136,0.000000,0.000000,3,-125.3,-125.3,0,0,
09/21/2026,09:16:06:261,0.000000,0.000000,1,-124.64,-124.64,0,0,
09/21/2026,09:16:06:309,0.000000,0.000000,2,-116.7,-116.7,0,0,
09/21/2026,09:16:06:348,0.000000,0.000000,3,-125.48,-125.48,0,0,
09/21/2026,09:16:06:457,0.000000,0.000000,1,-126.05,-126.05,0,0,
09/21/2026,09:16:06:522,0.000000,0.000000,2,-118.71,-118.71,0,0,
09/21/2026,09:16:06:554,0.000000,0.000000,3,-125.14,-125.14,0,0,
09/21/2026,09:16:06:672,0.000000,0.000000,1,-123.56,-123.56,0,0,
09/21/2026,09:16:06:712,0.000000,0.000000,2,-118.3,-118.3,0,0,
09/21/2026,09:16:06:767,0.000000,0.000000,3,-124.09,-124.09,0,0,
09/21/2026,09:16:06:870,0.000000,0.000000,1,-125.74,-125.74,0,0,
09/21/2026,09:16:06:928,0.000000,0.000000,2,-116.79,-116.79,0,0,
09/21/2026,09:16:06:974,0.000000,0.000000,3,-123.37,-123.37,0,0,
09/21/2026,09:16:07:086,0.000000,0.000000,1,-125.05,-125.05,0,0,
09/21/2026,09:16:07:136,0.000000,0.000000,2,-120.15,-120.15,0,0,
09/21/2026,09:16:07:185,0.000000,0.000000,3,-125.33,-125.33,0,0,
09/21/2026,09:16:07:292,0.000000,0.000000,1,-125.18,-125.18,0,0,
09/21/2026,09:16:07:357,0.000000,0.000000,2,-119.1,-119.1,0,0,
09/21/2026,09:16:07:399,0.000000,0.000000,3,-124.39,-124.39,0,0,
09/21/2026,09:16:07:499,0.000000,0.000000,1,-123.5,-123.5,0,0,
09/21/2026,09:16:07:562,0.000000,0.000000,2,-119.14,-119.14,0,0,
09/21/2026,09:16:07:609,0.000000,0.000000,3,-125.35,-125.35,0,0,
09/21/2026,09:16:07:707,0.000000,0.000000,1,-124.71,-124.71,0,0,
09/21/2026,09:16:07:764,0.000000,0.000000,2,-120.69,-120.69,0,0,
09/21/2026,09:16:07:825,0.000000,0.000000,3,-125.7,-125.7,0,0,
09/21/2026,09:16:07:938,0.000000,0.000000,1,-127.05,-127.05,0,0,
09/21/2026,09:16:07:978,0.000000,0.000000,2,-117.58,-117.58,0,0,
09/21/2026,09:16:08:058,0.000000,0.000000,3,-125.26,-125.26,0,0,
09/21/2026,09:16:08:132,0.000000,0.000000,1,-124.92,-124.92,0,0,
09/21/2026,09:16:08:213,0.000000,0.000000,2,-118.32,-118.32,0,0,
09/21/2026,09:16:08:260,0.000000,0.000000,3,-124.9,-124.9,0,0,
09/21/2026,09:16:08:339,0.000000,0.000000,1,-127.37,-127.37,0,0,
09/21/2026,09:16:08:390,0.000000,0.000000,2,-118.82,-118.82,0,0,
09/21/2026,09:16:08:445,0.000000,0.000000,3,-125.12,-125.12,0,0,
09/21/2026,09:16:08:564,0.000000,0.000000,1,-123.84,-123.84,0,0,
09/21/2026,09:16:08:637,0.000000,0.000000,2,-118.6,-118.6,0,0,
09/21/2026,09:16:08:651,0.000000,0.000000,3,-126.77,-126.77,0,0,
09/21/2026,09:16:08:768,0.000000,0.000000,1,-125.88,-125.88,0,0,
09/21/2026,09:16:08:810,0.000000,0.000000,2,-116.04,-116.04,0,0,
09/21/2026,09:16:08:861,0.000000,0.000000,3,-122.86,-122.86,0,0,
09/21/2026,09:16:08:971,0.000000,0.000000,1,-124.36,-124.36,0,0,
09/21/2026,09:16:09:018,0.000000,0.000000,2,-116.53,-116.53,0,0,
09/21/2026,09:16:09:071,0.000000,0.000000,3,-124.37,-124.37,0,0,
09/21/2026,09:16:09:178,0.000000,0.000000,1,-125.6,-125.6,0,0,
09/21/2026,09:16:09:234,0.000000,0.000000,2,-119.53,-119.53,0,0,
09/21/2026,09:16:09:371,0.000000,0.000000,3,-123.08,-123.08,0,0,
09/21/2026,09:16:09:435,0.000000,0.000000,1,-125.4,-125.4,0,0,
09/21/2026,09:16:09:455,0.000000,0.000000,2,-117.81,-117.81,0,0,
09/21/2026,09:16:09:490,0.000000,0.000000,3,-126.61,-126.61,0,0,
09/21/2026,09:16:09:596,0.000000,0.000000,1,-124.36,-124.36,0,0,
09/21/2026,09:16:09:654,0.000000,0.000000,2,-118.05,-118.05,0,0,
09/21/2026,09:16:09:700,0.000000,0.000000,3,-126.71,-126.71,0,0,
09/21/2026,09:16:09:833,0.000000,0.000000,1,-122.86,-122.86,0,0,
09/21/2026,09:16:09:867,0.000000,0.000000,2,-117.38,-117.38,0,0,
09/21/2026,09:16:09:912,0.000000,0.000000,3,-126.73,-126.73,0,0,
09/21/2026,09:16:10:045,0.000000,0.000000,1,-124.16,-124.16,0,0,
09/21/2026,09:16:10:076,0.000000,0.000000,2,-119.03,-119.03,0,0,
09/21/2026,09:16:10:119,0.000000,0.000000,3,-124.77,-124.77,0,0,
09/21/2026,09:16:10:230,0.000000,0.000000,1,-125.4,-125.4,0,0,
09/21/2026,09:16:10:276,0.000000,0.000000,2,-118.87,-118.87,0,0,
09/21/2026,09:16:10:333,0.000000,0.000000,3,-125.43,-125.43,0,0,
09/21/2026,09:16:10:439,0.000000,0.000000,1,-125.2,-125.2,0,0,
09/21/2026,09:16:10:511,0.000000,0.000000,2,-118.52,-118.52,0,0,
09/21/2026,09:16:10:549,0.000000,0.000000,3,-126.05,-126.05,0,0,
09/21/2026,09:16:10:649,0.000000,0.000000,1,-124.93,-124.93,0,0,
09/21/2026,09:16:10:701,0.000000,0.000000,2,-118.87,-118.87,0,0,
09/21/2026,09:16:10:757,0.000000,0.000000,3,-125.87,-125.87,0,0,
09/21/2026,09:16:10:862,0.000000,0.000000,1,-125.54,-125.54,0,0,
09/21/2026,09:16:10:909,0.000000,0.000000,2,-117.49,-117.49,0,0,
09/21/2026,09:16:10:961,0.000000,0.000000,3,-123.71,-123.71,0,0,
09/21/2026,09:16:11:067,0.000000,0.000000,1,-126.45,-126.45,0,0,
09/21/2026,09:16:11:126,0.000000,0.000000,2,-119.29,-119.29,0,0,
09/21/2026,09:16:11:168,0.000000,0.000000,3,-124.36,-124.36,0,0,
09/21/2026,09:16:11:272,0.000000,0.000000,1,-126.55,-126.55,0,0,
09/21/2026,09:16:11:324,0.000000,0.000000,2,-118.57,-118.57,0,0,
09/21/2026,09:16:11:398,0.000000,0.000000,3,-126.06,-126.06,0,0,
09/21/2026,09:16:11:490,0.000000,0.000000,1,-123.89,-123.89,0,0,
09/21/2026,09:16:11:536,0.000000,0.000000,2,-116.86,-116.86,0,0,
09/21/2026,09:16:11:611,0.000000,0.000000,3,-126.38,-126.38,0,0,
09/21/2026,09:16:11:692,0.000000,0.000000,1,-125.73,-125.73,0,0,
09/21/2026,09:16:11:776,0.000000,0.000000,2,-117.89,-117.89,0,0,
09/21/2026,09:16:11:803,0.000000,0.000000,3,-126.98,-126.98,0,0,
09/21/2026,09:16:11:908,0.000000,0.000000,1,-124.03,-124.03,0,0,
09/21/2026,09:16:11:955,0.000000,0.000000,2,-118.07,-118.07,0,0,
09/21/2026,09:16:12:011,0.000000,0.000000,3,-126.54,-126.54,0,0,
09/21/2026,09:16:12:116,0.000000,0.000000,1,-123.05,-123.05,0,0,
09/21/2026,09:16:12:165,0.000000,0.000000,2,-118.49,-118.49,0,0,
09/21/2026,09:16:12:216,0.000000,0.000000,3,-126.57,-126.57,0,0,
09/21/2026,09:16:12:322,0.000000,0.000000,1,-126.06,-126.06,0,0,
09/21/2026,09:16:12:406,0.000000,0.000000,2,-119.11,-119.11,0,0,
09/21/2026,09:16:12:435,0.000000,0.000000,3,-126.71,-126.71,0,0,
09/21/2026,09:16:12:542,0.000000,0.000000,1,-125.69,-125.69,0,0,
09/21/2026,09:16:12:582,0.000000,0.000000,2,-119.27,-119.27,0,0,
09/21/2026,09:16:12:642,0.000000,0.000000,3,-125.09,-125.09,0,0,
09/21/2026,09:16:12:740,0.000000,0.000000,1,-125.7,-125.7,0,0,
09/21/2026,09:16:12:791,0.000000,0.000000,2,-118.46,-118.46,0,0,
09/21/2026,09:16:12:852,0.000000,0.000000,3,-125.67,-125.67,0,0,
09/21/2026,09:16:12:950,0.000000,0.000000,1,-124.14,-124.14,0,0,
09/21/2026,09:16:13:006,0.000000,0.000000,2,-119.04,-119.04,0,0,
09/21/2026,09:16:13:058,0.000000,0.000000,3,-126.99,-126.99,0,0,
09/21/2026,09:16:13:161,0.000000,0.000000,1,-126.94,-126.94,0,0,
09/21/2026,09:16:13:213,0.000000,0.000000,2,-118.57,-118.57,0,0,
09/21/2026,09:16:13:263,0.000000,0.000000,3,-125.07,-125.07,0,0,
09/21/2026,09:16:13:368,0.000000,0.000000,1,-125.76,-125.76,0,0,
09/21/2026,09:16:13:420,0.000000,0.000000,2,-117.89,-117.89,0,0,
09/21/2026,09:16:13:474,0.000000,0.000000,3,-124.99,-124.99,0,0,
09/21/2026,09:16:13:608,0.000000,0.000000,1,-124.81,-124.81,0,0,
09/21/2026,09:16:13:654,0.000000,0.000000,2,-118.32,-118.32,0,0,
09/21/2026,09:16:13:704,0.000000,0.000000,3,-125,-125,0,0,
09/21/2026,09:16:13:802,0.000000,0.000000,1,-126.13,-126.13,0,0,
09/21/2026,09:16:13:844,0.000000,0.000000,2,-119.69,-119.69,0,0,
09/21/2026,09:16:13:894,0.000000,0.000000,3,-124.68,-124.68,0,0,
09/21/2026,09:16:13:997,0.000000,0.000000,1,-123.73,-123.73,0,0,
09/21/2026,09:16:14:052,0.000000,0.000000,2,-118.28,-118.28,0,0,
09/21/2026,09:16:14:111,0.000000,0.000000,3,-125.16,-125.16,0,0,
09/21/2026,09:16:14:211,0.000000,0.000000,1,-123.7,-123.7,0,0,
09/21/2026,09:16:14:259,0.000000,0.000000,2,-118.47,-118.47,0,0,
09/21/2026,09:16:14:338,0.000000,0.000000,3,-125.92,-125.92,0,0,
09/21/2026,09:16:14:505,0.000000,0.000000,1,-126.42,-126.42,0,0,
09/21/2026,09:16:14:518,0.000000,0.000000,2,-120.56,-120.56,0,0,
09/21/2026,09:16:14:531,0.000000,0.000000,3,-125.19,-125.19,0,0,
09/21/2026,09:16:14:626,0.000000,0.000000,1,-126.61,-126.61,0,0,
09/21/2026,09:16:14:713,0.000000,0.000000,2,-119.92,-119.92,0,0,
09/21/2026,09:16:14:736,0.000000,0.000000,3,-125.65,-125.65,0,0,
09/21/2026,09:16:14:835,0.000000,0.000000,1,-124.87,-124.87,0,0,
09/21/2026,09:16:14:896,0.000000,0.000000,2,-118.38,-118.38,0,0,
09/21/2026,09:16:14:967,0.000000,0.000000,3,-126.31,-126.31,0,0,
09/21/2026,09:16:15:049,0.000000,0.000000,1,-125.46,-125.46,0,0,
09/21/2026,09:16:15:101,0.000000,0.000000,2,-120.62,-120.62,0,0,
09/21/2026,09:16:15:158,0.000000,0.000000,3,-125.2,-125.2,0,0,
09/21/2026,09:16:15:261,0.000000,0.000000,1,-126.26,-126.26,0,0,
09/21/2026,09:16:15:307,0.000000,0.000000,2,-118.49,-118.49,0,0,
09/21/2026,09:16:15:376,0.000000,0.000000,3,-124.96,-124.96,0,0,
09/21/2026,09:16:15:470,0.000000,0.000000,1,-125.93,-125.93,0,0,
09/21/2026,09:16:15:522,0.000000,0.000000,2,-119.4,-119.4,0,0,
09/21/2026,09:16:15:574,0.000000,0.000000,3,-123.02,-123.02,0,0,
09/21/2026,09:16:15:683,0.000000,0.000000,1,-126.43,-126.43,0,0,
09/21/2026,09:16:15:728,0.000000,0.000000,2,-119.57,-119.57,0,0,
09/21/2026,09:16:15:786,0.000000,0.000000,3,-125.43,-125.43,0,0,
09/21/2026,09:16:15:891,0.000000,0.000000,1,-124.76,-124.76,0,0,
09/21/2026,09:16:15:936,0.000000,0.000000,2,-118.36,-118.36,0,0,
09/21/2026,09:16:15:996,0.000000,0.000000,3,-126.81,-126.81,0,0,
09/21/2026,09:16:16:094,0.000000,0.000000,1,-126.81,-126.81,0,0,
09/21/2026,09:16:16:147,0.000000,0.000000,2,-119.41,-119.41,0,0,
09/21/2026,09:16:16:206,0.000000,0.000000,3,-125.73,-125.73,0,0,
09/21/2026,09:16:16:304,0.000000,0.000000,1,-123.32,-123.32,0,0,
09/21/2026,09:16:16:360,0.000000,0.000000,2,-118.55,-118.55,0,0,
09/21/2026,09:16:16:409,0.000000,0.000000,3,-125.9,-125.9,0,0,
09/21/2026,09:16:16:512,0.000000,0.000000,1,-125.15,-125.15,0,0,
09/21/2026,09:16:16:565,0.000000,0.000000,2,-117.96,-117.96,0,0,
09/21/2026,09:16:16:618,0.000000,0.000000,3,-126.04,-126.04,0,0,
09/21/2026,09:16:16:731,0.000000,0.000000,1,-125.23,-125.23,0,0,
09/21/2026,09:16:16:776,0.000000,0.000000,2,-118.83,-118.83,0,0,
09/21/2026,09:16:16:835,0.000000,0.000000,3,-125.11,-125.11,0,0,
09/21/2026,09:16:16:933,0.000000,0.000000,1,-125.6,-125.6,0,0,
09/21/2026,09:16:16:989,0.000000,0.000000,2,-118.87,-118.87,0,0,
09/21/2026,09:16:17:040,0.000000,0.000000,3,-124.3,-124.3,0,0,
09/21/2026,09:16:17:147,0.000000,0.000000,1,-126.33,-126.33,0,0,
09/21/2026,09:16:17:230,0.000000,0.000000,2,-118.79,-118.79,0,0,
09/21/2026,09:16:17:279,0.000000,0.000000,3,-125.64,-125.64,0,0,
09/21/2026,09:16:17:394,0.000000,0.000000,1,-126.44,-126.44,0,0,
09/21/2026,09:16:17:429,0.000000,0.000000,2,-117.7,-117.7,0,0,
09/21/2026,09:16:17:474,0.000000,0.000000,3,-125.6,-125.6,0,0,
09/21/2026,09:16:17:560,0.000000,0.000000,1,-126.23,-126.23,0,0,
09/21/2026,09:16:17:616,0.000000,0.000000,2,-119.23,-119.23,0,0,
09/21/2026,09:16:17:669,0.000000,0.000000,3,-127.29,-127.29,0,0,
09/21/2026,09:16:17:773,0.000000,0.000000,1,-125.23,-125.23,0,0,
09/21/2026,09:16:17:822,0.000000,0.000000,2,-121.86,-121.86,0,0,
09/21/2026,09:16:17:878,0.000000,0.000000,3,-124.61,-124.61,0,0,
09/21/2026,09:16:17:991,0.000000,0.000000,1,-125.39,-125.39,0,0,
09/21/2026,09:16:18:041,0.000000,0.000000,2,-120.61,-120.61,0,0,
09/21/2026,09:16:18:090,0.000000,0.000000,3,-127.31,-127.31,0,0,
09/21/2026,09:16:18:200,0.000000,0.000000,1,-125.55,-125.55,0,0,
09/21/2026,09:16:18:245,0.000000,0.000000,2,-120.88,-120.88,0,0,
09/21/2026,09:16:18:301,0.000000,0.000000,3,-125.38,-125.38,0,0,
09/21/2026,09:16:18:406,0.000000,0.000000,1,-126.21,-126.21,0,0,
09/21/2026,09:16:18:450,0.000000,0.000000,2,-119.07,-119.07,0,0,
09/21/2026,09:16:18:514,0.000000,0.000000,3,-125.27,-125.27,0,0,
09/21/2026,09:16:18:612,0.000000,0.000000,1,-126.53,-126.53,0,0,
09/21/2026,09:16:18:663,0.000000,0.000000,2,-119,-119,0,0,
09/21/2026,09:16:18:715,0.000000,0.000000,3,-125.51,-125.51,0,0,
09/21/2026,09:16:18:825,0.000000,0.000000,1,-124.81,-124.81,0,0,
09/21/2026,09:16:18:881,0.000000,0.000000,2,-117.6,-117.6,0,0,
09/21/2026,09:16:18:924,0.000000,0.000000,3,-125.98,-125.98,0,0,
09/21/2026,09:16:19:051,0.000000,0.000000,1,-123.27,-123.27,0,0,
09/21/2026,09:16:19:099,0.000000,0.000000,2,-117.38,-117.38,0,0,
09/21/2026,09:16:19:139,0.000000,0.000000,3,-125.26,-125.26,0,0,
09/21/2026,09:16:19:270,0.000000,0.000000,1,-122.2,-122.2,0,0,
09/21/2026,09:16:19:308,0.000000,0.000000,2,-117.94,-117.94,0,0,
09/21/2026,09:16:19:355,0.000000,0.000000,3,-126.06,-126.06,0,0,
09/21/2026,09:16:19:460,0.000000,0.000000,1,-125.5,-125.5,0,0,
09/21/2026,09:16:19:514,0.000000,0.000000,2,-118.24,-118.24,0,0,
09/21/2026,09:16:19:643,0.000000,0.000000,3,-128.08,-128.08,0,0,
09/21/2026,09:16:19:687,0.000000,0.000000,1,-125.19,-125.19,0,0,
09/21/2026,09:16:19:708,0.000000,0.000000,2,-117.12,-117.12,0,0,
09/21/2026,09:16:19:772,0.000000,0.000000,3,-124.2,-124.2,0,0,
09/21/2026,09:16:19:867,0.000000,0.000000,1,-125.27,-125.27,0,0,
09/21/2026,09:16:19:922,0.000000,0.000000,2,-119.23,-119.23,0,0,
09/21/2026,09:16:19:973,0.000000,0.000000,3,-124.5,-124.5,0,0,
09/21/2026,09:16:20:095,0.000000,0.000000,1,-125.26,-125.26,0,0,
09/21/2026,09:16:20:129,0.000000,0.000000,2,-119.7,-119.7,0,0,
09/21/2026,09:16:20:191,0.000000,0.000000,3,-126.28,-126.28,0,0,
09/21/2026,09:16:20:293,0.000000,0.000000,1,-124.34,-124.34,0,0,
09/21/2026,09:16:20:343,0.000000,0.000000,2,-117.74,-117.74,0,0,
09/21/2026,09:16:20:401,0.000000,0.000000,3,-124.62,-124.62,0,0,
09/21/2026,09:16:20:496,0.000000,0.000000,1,-123.49,-123.49,0,0,
09/21/2026,09:16:20:548,0.000000,0.000000,2,-119.17,-119.17,0,0,
09/21/2026,09:16:20:601,0.000000,0.000000,3,-126.8,-126.8,0,0,
09/21/2026,09:16:20:737,0.000000,0.000000,1,-126.28,-126.28,0,0,
09/21/2026,09:16:20:758,0.000000,0.000000,2,-118.02,-118.02,0,0,
09/21/2026,09:16:20:822,0.000000,0.000000,3,-125.18,-125.18,0,0,
09/21/2026,09:16:20:922,0.000000,0.000000,1,-124.33,-124.33,0,0,
09/21/2026,09:16:21:008,0.000000,0.000000,2,-121.25,-121.25,0,0,
09/21/2026,09:16:21:055,0.000000,0.000000,3,-124.73,-124.73,0,0,
09/21/2026,09:16:21:137,0.000000,0.000000,1,-123.09,-123.09,0,0,
09/21/2026,09:16:21:177,0.000000,0.000000,2,-116.31,-116.31,0,0,
09/21/2026,09:16:21:283,0.000000,0.000000,3,-124.14,-124.14,0,0,
09/21/2026,09:16:21:467,0.000000,0.000000,1,-124.65,-124.65,0,0,
09/21/2026,09:16:21:488,0.000000,0.000000,2,-116.99,-116.99,0,0,
09/21/2026,09:16:21:501,0.000000,0.000000,3,-126.23,-126.23,0,0,
09/21/2026,09:16:21:545,0.000000,0.000000,1,-123.75,-123.75,0,0,
09/21/2026,09:16:21:596,0.000000,0.000000,2,-115.57,-115.57,0,0,
09/21/2026,09:16:21:650,0.000000,0.000000,3,-121.83,-121.83,0,0,
09/21/2026,09:16:21:766,0.000000,0.000000,1,-124.67,-124.67,0,0,
09/21/2026,09:16:21:828,0.000000,0.000000,2,-117.81,-117.81,0,0,
09/21/2026,09:16:21:878,0.000000,0.000000,3,-125.7,-125.7,0,0,
09/21/2026,09:16:22:023,0.000000,0.000000,1,-124.09,-124.09,0,0,
09/21/2026,09:16:22:110,0.000000,0.000000,2,-119.15,-119.15,0,0,
09/21/2026,09:16:22:156,0.000000,0.000000,3,-126.19,-126.19,0,0,
09/21/2026,09:16:22:282,0.000000,0.000000,1,-125.41,-125.41,0,0,
09/21/2026,09:16:22:331,0.000000,0.000000,2,-117.91,-117.91,0,0,
09/21/2026,09:16:22:402,0.000000,0.000000,3,-123.74,-123.74,0,0,
09/21/2026,09:16:22:514,0.000000,0.000000,1,-124.1,-124.1,0,0,
09/21/2026,09:16:22:530,0.000000,0.000000,2,-118.84,-118.84,0,0,
09/21/2026,09:16:22:577,0.000000,0.000000,3,-126.19,-126.19,0,0,
09/21/2026,09:16:22:695,0.000000,0.000000,1,-126.78,-126.78,0,0,
09/21/2026,09:16:22:711,0.000000,0.000000,2,-120.01,-120.01,0,0,
09/21/2026,09:16:22:726,0.000000,0.000000,3,-125.12,-125.12,0,0,
09/21/2026,09:16:22:806,0.000000,0.000000,1,-124.7,-124.7,0,0,
09/21/2026,09:16:22:853,0.000000,0.000000,2,-118.58,-118.58,0,0,
09/21/2026,09:16:22:907,0.000000,0.000000,3,-125.48,-125.48,0,0,
09/21/2026,09:16:23:010,0.000000,0.000000,1,-123.28,-123.28,0,0,
09/21/2026,09:16:23:064,0.000000,0.000000,2,-118.6,-118.6,0,0,
09/21/2026,09:16:23:117,0.000000,0.000000,3,-123.75,-123.75,0,0,
09/21/2026,09:16:23:233,0.000000,0.000000,1,-125.45,-125.45,0,0,
09/21/2026,09:16:23:297,0.000000,0.000000,2,-116.9,-116.9,0,0,
09/21/2026,09:16:23:329,0.000000,0.000000,3,-125.88,-125.88,0,0,
09/21/2026,09:16:23:435,0.000000,0.000000,1,-121.27,-121.27,0,0,
09/21/2026,09:16:23:486,0.000000,0.000000,2,-118.77,-118.77,0,0,
09/21/2026,09:16:23:551,0.000000,0.000000,3,-124.51,-124.51,0,0,
09/21/2026,09:16:23:648,0.000000,0.000000,1,-127.08,-127.08,0,0,
09/21/2026,09:16:23:691,0.000000,0.000000,2,-118.52,-118.52,0,0,
09/21/2026,09:16:23:749,0.000000,0.000000,3,-126.18,-126.18,0,0,
09/21/2026,09:16:23:860,0.000000,0.000000,1,-127.04,-127.04,0,0,
09/21/2026,09:16:23:902,0.000000,0.000000,2,-118.46,-118.46,0,0,
09/21/2026,09:16:23:958,0.000000,0.000000,3,-126.61,-126.61,0,0,
09/21/2026,09:16:24:141,0.000000,0.000000,1,-126.03,-126.03,0,0,
09/21/2026,09:16:24:173,0.000000,0.000000,2,-117.76,-117.76,0,0,
09/21/2026,09:16:24:190,0.000000,0.000000,3,-125.59,-125.59,0,0,
09/21/2026,09:16:24:272,0.000000,0.000000,1,-125.98,-125.98,0,0,
09/21/2026,09:16:24:326,0.000000,0.000000,2,-119.93,-119.93,0,0,
09/21/2026,09:16:24:375,0.000000,0.000000,3,-124.83,-124.83,0,0,
09/21/2026,09:16:24:483,0.000000,0.000000,1,-126.96,-126.96,0,0,
09/21/2026,09:16:24:535,0.000000,0.000000,2,-119.44,-119.44,0,0,
09/21/2026,09:16:24:590,0.000000,0.000000,3,-123.49,-123.49,0,0,
09/21/2026,09:16:24:789,0.000000,0.000000,1,-127.34,-127.34,0,0,
09/21/2026,09:16:24:807,0.000000,0.000000,2,-118.08,-118.08,0,0,
09/21/2026,09:16:24:827,0.000000,0.000000,3,-124.12,-124.12,0,0,
09/21/2026,09:16:24:909,0.000000,0.000000,1,-124.93,-124.93,0,0,
09/21/2026,09:16:24:958,0.000000,0.000000,2,-119.11,-119.11,0,0,
09/21/2026,09:16:25:006,0.000000,0.000000,3,-124.01,-124.01,0,0,
09/21/2026,09:16:25:113,0.000000,0.000000,1,-124.45,-124.45,0,0,
09/21/2026,09:16:25:160,0.000000,0.000000,2,-119.06,-119.06,0,0,
09/21/2026,09:16:25:226,0.000000,0.000000,3,-125.85,-125.85,0,0,
09/21/2026,09:16:25:317,0.000000,0.000000,1,-126.18,-126.18,0,0,
09/21/2026,09:16:25:372,0.000000,0.000000,2,-118.13,-118.13,0,0,
09/21/2026,09:16:25:426,0.000000,0.000000,3,-125.8,-125.8,0,0,
09/21/2026,09:16:25:530,0.000000,0.000000,1,-127.11,-127.11,0,0,
09/21/2026,09:16:25:586,0.000000,0.000000,2,-119.02,-119.02,0,0,
09/21/2026,09:16:25:634,0.000000,0.000000,3,-122.59,-122.59,0,0,
09/21/2026,09:16:25:762,0.000000,0.000000,1,-125.03,-125.03,0,0,
09/21/2026,09:16:25:806,0.000000,0.000000,2,-119.46,-119.46,0,0,
09/21/2026,09:16:25:857,0.000000,0.000000,3,-123.56,-123.56,0,0,
09/21/2026,09:16:25:945,0.000000,0.000000,1,-127.02,-127.02,0,0,
09/21/2026,09:16:26:007,0.000000,0.000000,2,-118.32,-118.32,0,0,
09/21/2026,09:16:26:052,0.000000,0.000000,3,-122.98,-122.98,0,0,
09/21/2026,09:16:26:155,0.000000,0.000000,1,-123.83,-123.83,0,0,
09/21/2026,09:16:26:212,0.000000,0.000000,2,-117.32,-117.32,0,0,
09/21/2026,09:16:26:274,0.000000,0.000000,3,-125.23,-125.23,0,0,
09/21/2026,09:16:26:375,0.000000,0.000000,1,-126.59,-126.59,0,0,
09/21/2026,09:16:26:423,0.000000,0.000000,2,-120.77,-120.77,0,0,
09/21/2026,09:16:26:484,0.000000,0.000000,3,-125.84,-125.84,0,0,
09/21/2026,09:16:26:601,0.000000,0.000000,1,-123.83,-123.83,0,0,
09/21/2026,09:16:26:637,0.000000,0.000000,2,-117.63,-117.63,0,0,
09/21/2026,09:16:26:686,0.000000,0.000000,3,-125.78,-125.78,0,0,
09/21/2026,09:16:26:785,0.000000,0.000000,1,-125.77,-125.77,0,0,
09/21/2026,09:16:26:847,0.000000,0.000000,2,-118.66,-118.66,0,0,
09/21/2026,09:16:26:888,0.000000,0.000000,3,-125.14,-125.14,0,0,
09/21/2026,09:16:27:003,0.000000,0.000000,1,-123.43,-123.43,0,0,
09/21/2026,09:16:27:047,0.000000,0.000000,2,-116.65,-116.65,0,0,
09/21/2026,09:16:27:120,0.000000,0.000000,3,-124.26,-124.26,0,0,
09/21/2026,09:16:27:205,0.000000,0.000000,1,-124.19,-124.19,0,0,
09/21/2026,09:16:27:259,0.000000,0.000000,2,-119.31,-119.31,0,0,
09/21/2026,09:16:27:309,0.000000,0.000000,3,-124.68,-124.68,0,0,
09/21/2026,09:16:27:413,0.000000,0.000000,1,-123.76,-123.76,0,0,
09/21/2026,09:16:27:466,0.000000,0.000000,2,-118.93,-118.93,0,0,
09/21/2026,09:16:27:530,0.000000,0.000000,3,-123.87,-123.87,0,0,
09/21/2026,09:16:27:624,0.000000,0.000000,1,-126.95,-126.95,0,0,
09/21/2026,09:16:27:701,0.000000,0.000000,2,-117.42,-117.42,0,0,
09/21/2026,09:16:27:750,0.000000,0.000000,3,-126.59,-126.59,0,0,
09/21/2026,09:16:27:850,0.000000,0.000000,1,-126.2,-126.2,0,0,
09/21/2026,09:16:27:940,0.000000,0.000000,2,-118.86,-118.86,0,0,
09/21/2026,09:16:27:983,0.000000,0.000000,3,-123.15,-123.15,0,0,
09/21/2026,09:16:28:054,0.000000,0.000000,1,-127.08,-127.08,0,0,
09/21/2026,09:16:28:094,0.000000,0.000000,2,-120.33,-120.33,0,0,
09/21/2026,09:16:28:150,0.000000,0.000000,3,-126.47,-126.47,0,0,
09/21/2026,09:16:28:259,0.000000,0.000000,1,-127.46,-127.46,0,0,
09/21/2026,09:16:28:304,0.000000,0.000000,2,-118.03,-118.03,0,0,
09/21/2026,09:16:28:356,0.000000,0.000000,3,-126.11,-126.11,0,0,
09/21/2026,09:16:28:464,0.000000,0.000000,1,-124.02,-124.02,0,0,
09/21/2026,09:16:28:516,0.000000,0.000000,2,-119.44,-119.44,0,0,
09/21/2026,09:16:28:573,0.000000,0.000000,3,-123.39,-123.39,0,0,
09/21/2026,09:16:28:671,0.000000,0.000000,1,-125.74,-125.74,0,0,
09/21/2026,09:16:28:726,0.000000,0.000000,2,-118.02,-118.02,0,0,
09/21/2026,09:16:28:778,0.000000,0.000000,3,-125.08,-125.08,0,0,
09/21/2026,09:16:28:886,0.000000,0.000000,1,-123.97,-123.97,0,0,
09/21/2026,09:16:28:933,0.000000,0.000000,2,-120.1,-120.1,0,0,
09/21/2026,09:16:28:985,0.000000,0.000000,3,-124.96,-124.96,0,0,
09/21/2026,09:16:29:094,0.000000,0.000000,1,-125.52,-125.52,0,0,
09/21/2026,09:16:29:151,0.000000,0.000000,2,-117.6,-117.6,0,0,
09/21/2026,09:16:29:204,0.000000,0.000000,3,-122.48,-122.48,0,0,
09/21/2026,09:16:29:302,0.000000,0.000000,1,-123.38,-123.38,0,0,
09/21/2026,09:16:29:356,0.000000,0.000000,2,-119.57,-119.57,0,0,
09/21/2026,09:16:29:406,0.000000,0.000000,3,-125.29,-125.29,0,0,
09/21/2026,09:16:29:529,0.000000,0.000000,1,-125.72,-125.72,0,0,
09/21/2026,09:16:29:566,0.000000,0.000000,2,-117.81,-117.81,0,0,
09/21/2026,09:16:29:650,0.000000,0.000000,3,-125.91,-125.91,0,0,
09/21/2026,09:16:29:798,0.000000,0.000000,1,-125.21,-125.21,0,0,
09/21/2026,09:16:31:810,0.000000,0.000000,2,-118.82,-118.82,0,0,
09/21/2026,09:16:31:820,0.000000,0.000000,3,-126.41,-126.41,0,0,
09/21/2026,09:16:31:839,0.000000,0.000000,1,-123.88,-123.88,0,0,
09/21/2026,09:16:31:850,0.000000,0.000000,2,-118.73,-118.73,0,0,
09/21/2026,09:16:31:876,0.000000,0.000000,3,-126.68,-126.68,0,0,
09/21/2026,09:16:31:905,0.000000,0.000000,1,-125.16,-125.16,0,0,
09/21/2026,09:16:31:924,0.000000,0.000000,2,-119.13,-119.13,0,0,
09/21/2026,09:16:31:966,0.000000,0.000000,3,-124.21,-124.21,0,0,
09/21/2026,09:16:31:999,0.000000,0.000000,1,-124.77,-124.77,0,0,
09/21/2026,09:16:32:018,0.000000,0.000000,2,-119.62,-119.62,0,0,
09/21/2026,09:16:32:049,0.000000,0.000000,3,-125.52,-125.52,0,0,
09/21/2026,09:16:32:115,0.000000,0.000000,1,-124.83,-124.83,0,0,
09/21/2026,09:16:32:139,0.000000,0.000000,2,-118.4,-118.4,0,0,
09/21/2026,09:16:32:186,0.000000,0.000000,3,-123.32,-123.32,0,0,
09/21/2026,09:16:32:303,0.000000,0.000000,1,-119.87,-119.87,0,0,
09/21/2026,09:16:32:356,0.000000,0.000000,2,-118.1,-118.1,0,0,
09/21/2026,09:16:32:376,0.000000,0.000000,3,-120.41,-120.41,0,0,
09/21/2026,09:16:32:483,0.000000,0.000000,1,-123.31,-123.31,0,0,
09/21/2026,09:16:32:495,0.000000,0.000000,2,-114.07,-114.07,0,0,
09/21/2026,09:16:32:543,0.000000,0.000000,3,-125.55,-125.55,0,0,
09/21/2026,09:16:32:611,0.000000,0.000000,1,-122.69,-122.69,0,0,
09/21/2026,09:16:32:679,0.000000,0.000000,2,-115.72,-115.72,0,0,
09/21/2026,09:16:32:725,0.000000,0.000000,3,-124.39,-124.39,0,0,
09/21/2026,09:16:32:766,0.000000,0.000000,1,-122.3,-122.3,0,0,
09/21/2026,09:16:32:775,0.000000,0.000000,2,-117.03,-117.03,0,0,
09/21/2026,09:16:32:797,0.000000,0.000000,3,-125.67,-125.67,0,0,
09/21/2026,09:16:32:829,0.000000,0.000000,1,-121.64,-121.64,0,0,
09/21/2026,09:16:32:877,0.000000,0.000000,2,-115.58,-115.58,0,0,
09/21/2026,09:16:32:900,0.000000,0.000000,3,-124.36,-124.36,0,0,
09/21/2026,09:16:32:926,0.000000,0.000000,1,-124.07,-124.07,0,0,
09/21/2026,09:16:32:949,0.000000,0.000000,2,-117.3,-117.3,0,0,
09/21/2026,09:16:32:968,0.000000,0.000000,3,-123.44,-123.44,0,0,
09/21/2026,09:16:33:089,0.000000,0.000000,1,-123.2,-123.2,0,0,
09/21/2026,09:16:33:108,0.000000,0.000000,2,-116.92,-116.92,0,0,
09/21/2026,09:16:33:146,0.000000,0.000000,3,-123.36,-123.36,0,0,
09/21/2026,09:16:33:199,0.000000,0.000000,1,-122.19,-122.19,0,0,
09/21/2026,09:16:33:244,0.000000,0.000000,2,-117.59,-117.59,0,0,
09/21/2026,09:16:33:290,0.000000,0.000000,3,-127.84,-127.84,0,0,
09/21/2026,09:16:33:347,0.000000,0.000000,1,-124.14,-124.14,0,0,
09/21/2026,09:16:33:380,0.000000,0.000000,2,-117.22,-117.22,0,0,
09/21/2026,09:16:33:395,0.000000,0.000000,3,-125.28,-125.28,0,0,
09/21/2026,09:16:33:424,0.000000,0.000000,1,-123.34,-123.34,0,0,
09/21/2026,09:16:33:443,0.000000,0.000000,2,-117.25,-117.25,0,0,
09/21/2026,09:16:33:455,0.000000,0.000000,3,-124.42,-124.42,0,0,
09/21/2026,09:16:33:479,0.000000,0.000000,1,-122.6,-122.6,0,0,
09/21/2026,09:16:33:490,0.000000,0.000000,2,-118.41,-118.41,0,0,
09/21/2026,09:16:33:525,0.000000,0.000000,3,-126.36,-126.36,0,0,
09/21/2026,09:16:33:551,0.000000,0.000000,1,-120.38,-120.38,0,0,
09/21/2026,09:16:33:566,0.000000,0.000000,2,-117.42,-117.42,0,0,
09/21/2026,09:16:33:593,0.000000,0.000000,3,-124.49,-124.49,0,0,
09/21/2026,09:16:33:631,0.000000,0.000000,1,-124.04,-124.04,0,0,
09/21/2026,09:16:33:643,0.000000,0.000000,2,-118.71,-118.71,0,0,
09/21/2026,09:16:33:664,0.000000,0.000000,3,-125.1,-125.1,0,0,
09/21/2026,09:16:33:687,0.000000,0.000000,1,-121.33,-121.33,0,0,
09/21/2026,09:16:33:700,0.000000,0.000000,2,-115.96,-115.96,0,0,
09/21/2026,09:16:33:711,0.000000,0.000000,3,-125.31,-125.31,0,0,
09/21/2026,09:16:33:736,0.000000,0.000000,1,-123.04,-123.04,0,0,
09/21/2026,09:16:33:759,0.000000,0.000000,2,-117.85,-117.85,0,0,
09/21/2026,09:16:33:832,0.000000,0.000000,3,-125.33,-125.33,0,0,
09/21/2026,09:16:33:912,0.000000,0.000000,1,-122.12,-122.12,0,0,
09/21/2026,09:16:33:969,0.000000,0.000000,2,-117.83,-117.83,0,0,
09/21/2026,09:16:34:025,0.000000,0.000000,3,-125.02,-125.02,0,0,
09/21/2026,09:16:34:124,0.000000,0.000000,1,-122.43,-122.43,0,0,
09/21/2026,09:16:34:178,0.000000,0.000000,2,-118.54,-118.54,0,0,
09/21/2026,09:16:34:230,0.000000,0.000000,3,-125.74,-125.74,0,0,
09/21/2026,09:16:34:340,0.000000,0.000000,1,-120.63,-120.63,0,0,
09/21/2026,09:16:34:396,0.000000,0.000000,2,-118.81,-118.81,0,0,
09/21/2026,09:16:34:450,0.000000,0.000000,3,-124.81,-124.81,0,0,
09/21/2026,09:16:34:551,0.000000,0.000000,1,-121.96,-121.96,0,0,
09/21/2026,09:16:34:598,0.000000,0.000000,2,-116.33,-116.33,0,0,
09/21/2026,09:16:34:646,0.000000,0.000000,3,-126.19,-126.19,0,0,
09/21/2026,09:16:34:750,0.000000,0.000000,1,-122.68,-122.68,0,0,
09/21/2026,09:16:34:804,0.000000,0.000000,2,-117.35,-117.35,0,0,
09/21/2026,09:16:34:858,0.000000,0.000000,3,-126.6,-126.6,0,0,
09/21/2026,09:16:34:964,0.000000,0.000000,1,-121.17,-121.17,0,0,
09/21/2026,09:16:35:030,0.000000,0.000000,2,-116.74,-116.74,0,0,
09/21/2026,09:16:35:081,0.000000,0.000000,3,-124.64,-124.64,0,0,
09/21/2026,09:16:35:181,0.000000,0.000000,1,-124.96,-124.96,0,0,
09/21/2026,09:16:35:233,0.000000,0.000000,2,-117.88,-117.88,0,0,
09/21/2026,09:16:35:315,0.000000,0.000000,3,-124.23,-124.23,0,0,
09/21/2026,09:16:35:399,0.000000,0.000000,1,-121.05,-121.05,0,0,
09/21/2026,09:16:35:453,0.000000,0.000000,2,-117.01,-117.01,0,0,
09/21/2026,09:16:35:483,0.000000,0.000000,3,-123.94,-123.94,0,0,
09/21/2026,09:16:35:589,0.000000,0.000000,1,-122.61,-122.61,0,0,
09/21/2026,09:16:35:658,0.000000,0.000000,2,-116.81,-116.81,0,0,
09/21/2026,09:16:35:700,0.000000,0.000000,3,-125.24,-125.24,0,0,
09/21/2026,09:16:35:799,0.000000,0.000000,1,-122.8,-122.8,0,0,
09/21/2026,09:16:35:857,0.000000,0.000000,2,-116.4,-116.4,0,0,
09/21/2026,09:16:35:923,0.000000,0.000000,3,-124.78,-124.78,0,0,
09/21/2026,09:16:36:010,0.000000,0.000000,1,-126.19,-126.19,0,0,
09/21/2026,09:16:36:102,0.000000,0.000000,2,-117.42,-117.42,0,0,
09/21/2026,09:16:36:128,0.000000,0.000000,3,-126.25,-126.25,0,0,
09/21/2026,09:16:36:227,0.000000,0.000000,1,-124.15,-124.15,0,0,
09/21/2026,09:16:36:273,0.000000,0.000000,2,-117.32,-117.32,0,0,
09/21/2026,09:16:36:323,0.000000,0.000000,3,-125.92,-125.92,0,0,
09/21/2026,09:16:36:428,0.000000,0.000000,1,-125.29,-125.29,0,0,
09/21/2026,09:16:36:487,0.000000,0.000000,2,-119.2,-119.2,0,0,
09/21/2026,09:16:36:534,0.000000,0.000000,3,-124.8,-124.8,0,0,
09/21/2026,09:16:36:643,0.000000,0.000000,1,-126.63,-126.63,0,0,
09/21/2026,09:16:36:692,0.000000,0.000000,2,-119.09,-119.09,0,0,
09/21/2026,09:16:36:744,0.000000,0.000000,3,-125.26,-125.26,0,0,
09/21/2026,09:16:37:006,0.000000,0.000000,1,-125.42,-125.42,0,0,
09/21/2026,09:16:37:141,0.000000,0.000000,2,-120.68,-120.68,0,0,
09/21/2026,09:16:37:152,0.000000,0.000000,3,-125.46,-125.46,0,0,
09/21/2026,09:16:37:210,0.000000,0.000000,1,-124.87,-124.87,0,0,
09/21/2026,09:16:37:237,0.000000,0.000000,2,-120.47,-120.47,0,0,
09/21/2026,09:16:37:248,0.000000,0.000000,3,-126.57,-126.57,0,0,
09/21/2026,09:16:37:282,0.000000,0.000000,1,-124.93,-124.93,0,0,
09/21/2026,09:16:37:321,0.000000,0.000000,2,-118.94,-118.94,0,0,
09/21/2026,09:16:37:370,0.000000,0.000000,3,-126.1,-126.1,0,0,
09/21/2026,09:16:37:482,0.000000,0.000000,1,-125.23,-125.23,0,0,
09/21/2026,09:16:37:538,0.000000,0.000000,2,-117.93,-117.93,0,0,
09/21/2026,09:16:37:581,0.000000,0.000000,3,-126.22,-126.22,0,0,
09/21/2026,09:16:37:685,0.000000,0.000000,1,-126.16,-126.16,0,0,
09/21/2026,09:16:37:740,0.000000,0.000000,2,-119.18,-119.18,0,0,
09/21/2026,09:16:37:797,0.000000,0.000000,3,-123.96,-123.96,0,0,
09/21/2026,09:16:37:895,0.000000,0.000000,1,-125.27,-125.27,0,0,
09/21/2026,09:16:37:951,0.000000,0.000000,2,-117.52,-117.52,0,0,
09/21/2026,09:16:38:010,0.000000,0.000000,3,-123.88,-123.88,0,0,
09/21/2026,09:16:38:107,0.000000,0.000000,1,-122.57,-122.57,0,0,
09/21/2026,09:16:38:167,0.000000,0.000000,2,-118.97,-118.97,0,0,
09/21/2026,09:16:38:210,0.000000,0.000000,3,-127.28,-127.28,0,0,
09/21/2026,09:16:38:320,0.000000,0.000000,1,-127.06,-127.06,0,0,
09/21/2026,09:16:38:375,0.000000,0.000000,2,-117.55,-117.55,0,0,
09/21/2026,09:16:38:426,0.000000,0.000000,3,-123.83,-123.83,0,0,
09/21/2026,09:16:38:529,0.000000,0.000000,1,-125.38,-125.38,0,0,
09/21/2026,09:16:38:576,0.000000,0.000000,2,-117.39,-117.39,0,0,
09/21/2026,09:16:38:652,0.000000,0.000000,3,-123.77,-123.77,0,0,
09/21/2026,09:16:38:747,0.000000,0.000000,1,-125.56,-125.56,0,0,
09/21/2026,09:16:38:798,0.000000,0.000000,2,-118.24,-118.24,0,0,
09/21/2026,09:16:38:842,0.000000,0.000000,3,-124.26,-124.26,0,0,
09/21/2026,09:16:38:958,0.000000,0.000000,1,-122.66,-122.66,0,0,
09/21/2026,09:16:39:005,0.000000,0.000000,2,-118.99,-118.99,0,0,
09/21/2026,09:16:39:049,0.000000,0.000000,3,-126.03,-126.03,0,0,
09/21/2026,09:16:39:153,0.000000,0.000000,1,-125.07,-125.07,0,0,
09/21/2026,09:16:39:208,0.000000,0.000000,2,-118.29,-118.29,0,0,
09/21/2026,09:16:39:287,0.000000,0.000000,3,-125.95,-125.95,0,0,
09/21/2026,09:16:39:365,0.000000,0.000000,1,-123.81,-123.81,0,0,
09/21/2026,09:16:39:422,0.000000,0.000000,2,-116.97,-116.97,0,0,
09/21/2026,09:16:39:469,0.000000,0.000000,3,-124.71,-124.71,0,0,
09/21/2026,09:16:39:572,0.000000,0.000000,1,-124.59,-124.59,0,0,
09/21/2026,09:16:39:659,0.000000,0.000000,2,-118.04,-118.04,0,0,
09/21/2026,09:16:39:682,0.000000,0.000000,3,-122.46,-122.46,0,0,
09/21/2026,09:16:39:794,0.000000,0.000000,1,-125.78,-125.78,0,0,
09/21/2026,09:16:39:838,0.000000,0.000000,2,-119.96,-119.96,0,0,
09/21/2026,09:16:39:893,0.000000,0.000000,3,-124.41,-124.41,0,0,
09/21/2026,09:16:39:995,0.000000,0.000000,1,-125.01,-125.01,0,0,
09/21/2026,09:16:40:045,0.000000,0.000000,2,-118.43,-118.43,0,0,
09/21/2026,09:16:40:101,0.000000,0.000000,3,-126.46,-126.46,0,0,
09/21/2026,09:16:40:202,0.000000,0.000000,1,-126.44,-126.44,0,0,
09/21/2026,09:16:40:256,0.000000,0.000000,2,-117.64,-117.64,0,0,
09/21/2026,09:16:40:307,0.000000,0.000000,3,-126.08,-126.08,0,0,
09/21/2026,09:16:40:415,0.000000,0.000000,1,-125.71,-125.71,0,0,
09/21/2026,09:16:40:464,0.000000,0.000000,2,-119.23,-119.23,0,0,
09/21/2026,09:16:40:517,0.000000,0.000000,3,-125.32,-125.32,0,0,
09/21/2026,09:16:40:715,0.000000,0.000000,1,-124.67,-124.67,0,0,
09/21/2026,09:16:40:754,0.000000,0.000000,2,-119.09,-119.09,0,0,
09/21/2026,09:16:40:765,0.000000,0.000000,3,-124.56,-124.56,0,0,
09/21/2026,09:16:40:852,0.000000,0.000000,1,-125.8,-125.8,0,0,
09/21/2026,09:16:40:890,0.000000,0.000000,2,-120.24,-120.24,0,0,
09/21/2026,09:16:40:937,0.000000,0.000000,3,-127.44,-127.44,0,0,
09/21/2026,09:16:41:043,0.000000,0.000000,1,-124.43,-124.43,0,0,
09/21/2026,09:16:41:094,0.000000,0.000000,2,-118.15,-118.15,0,0,
09/21/2026,09:16:41:156,0.000000,0.000000,3,-124.23,-124.23,0,0,
09/21/2026,09:16:41:256,0.000000,0.000000,1,-124.45,-124.45,0,0,
09/21/2026,09:16:41:310,0.000000,0.000000,2,-117.66,-117.66,0,0,
09/21/2026,09:16:41:360,0.000000,0.000000,3,-124.7,-124.7,0,0,
09/21/2026,09:16:41:460,0.000000,0.000000,1,-123.34,-123.34,0,0,
09/21/2026,09:16:41:513,0.000000,0.000000,2,-117.19,-117.19,0,0,
09/21/2026,09:16:41:565,0.000000,0.000000,3,-124.86,-124.86,0,0,
09/21/2026,09:16:41:673,0.000000,0.000000,1,-126.24,-126.24,0,0,
09/21/2026,09:16:41:725,0.000000,0.000000,2,-116.52,-116.52,0,0,
09/21/2026,09:16:41:777,0.000000,0.000000,3,-125.7,-125.7,0,0,
09/21/2026,09:16:41:901,0.000000,0.000000,1,-125.97,-125.97,0,0,
09/21/2026,09:16:41:938,0.000000,0.000000,2,-118.93,-118.93,0,0,
09/21/2026,09:16:41:995,0.000000,0.000000,3,-123.01,-123.01,0,0,
09/21/2026,09:16:42:107,0.000000,0.000000,1,-124.3,-124.3,0,0,
09/21/2026,09:16:42:145,0.000000,0.000000,2,-118.1,-118.1,0,0,
09/21/2026,09:16:42:201,0.000000,0.000000,3,-125.68,-125.68,0,0,
09/21/2026,09:16:42:300,0.000000,0.000000,1,-122.99,-122.99,0,0,
09/21/2026,09:16:42:355,0.000000,0.000000,2,-117.77,-117.77,0,0,
09/21/2026,09:16:42:403,0.000000,0.000000,3,-124.71,-124.71,0,0,
09/21/2026,09:16:42:528,0.000000,0.000000,1,-123.92,-123.92,0,0,
09/21/2026,09:16:42:568,0.000000,0.000000,2,-117.17,-117.17,0,0,
09/21/2026,09:16:42:611,0.000000,0.000000,3,-127,-127,0,0,
09/21/2026,09:16:42:735,0.000000,0.000000,1,-124.85,-124.85,0,0,
09/21/2026,09:16:42:787,0.000000,0.000000,2,-118.68,-118.68,0,0,
09/21/2026,09:16:42:822,0.000000,0.000000,3,-125.41,-125.41,0,0,
09/21/2026,09:16:42:926,0.000000,0.000000,1,-126.96,-126.96,0,0,
09/21/2026,09:16:42:982,0.000000,0.000000,2,-117.68,-117.68,0,0,
09/21/2026,09:16:43:038,0.000000,0.000000,3,-125.47,-125.47,0,0,
09/21/2026,09:16:43:138,0.000000,0.000000,1,-123.95,-123.95,0,0,
09/21/2026,09:16:43:202,0.000000,0.000000,2,-118.11,-118.11,0,0,
09/21/2026,09:16:43:247,0.000000,0.000000,3,-125.16,-125.16,0,0,
09/21/2026,09:16:43:346,0.000000,0.000000,1,-124.94,-124.94,0,0,
09/21/2026,09:16:43:408,0.000000,0.000000,2,-118.57,-118.57,0,0,
09/21/2026,09:16:43:452,0.000000,0.000000,3,-123.28,-123.28,0,0,
09/21/2026,09:16:43:558,0.000000,0.000000,1,-125.48,-125.48,0,0,
09/21/2026,09:16:43:613,0.000000,0.000000,2,-119.51,-119.51,0,0,
09/21/2026,09:16:43:662,0.000000,0.000000,3,-125.25,-125.25,0,0,
09/21/2026,09:16:43:780,0.000000,0.000000,1,-124.65,-124.65,0,0,
09/21/2026,09:16:43:826,0.000000,0.000000,2,-117.1,-117.1,0,0,
09/21/2026,09:16:43:869,0.000000,0.000000,3,-125.32,-125.32,0,0,
09/21/2026,09:16:43:991,0.000000,0.000000,1,-123.74,-123.74,0,0,
09/21/2026,09:16:44:029,0.000000,0.000000,2,-118.85,-118.85,0,0,
09/21/2026,09:16:44:087,0.000000,0.000000,3,-124.87,-124.87,0,0,
09/21/2026,09:16:44:185,0.000000,0.000000,1,-124.51,-124.51,0,0,
09/21/2026,09:16:44:245,0.000000,0.000000,2,-119.12,-119.12,0,0,
09/21/2026,09:16:44:294,0.000000,0.000000,3,-124.99,-124.99,0,0,
09/21/2026,09:16:44:410,0.000000,0.000000,1,-124.69,-124.69,0,0,
09/21/2026,09:16:44:458,0.000000,0.000000,2,-119.36,-119.36,0,0,
09/21/2026,09:16:44:508,0.000000,0.000000,3,-125.58,-125.58,0,0,
09/21/2026,09:16:44:635,0.000000,0.000000,1,-126,-126,0,0,
09/21/2026,09:16:44:679,0.000000,0.000000,2,-118,-118,0,0,
09/21/2026,09:16:44:714,0.000000,0.000000,3,-123.15,-123.15,0,0,
09/21/2026,09:16:44:819,0.000000,0.000000,1,-125.68,-125.68,0,0,
09/21/2026,09:16:44:880,0.000000,0.000000,2,-117.95,-117.95,0,0,
09/21/2026,09:16:44:919,0.000000,0.000000,3,-125.09,-125.09,0,0,
09/21/2026,09:16:45:039,0.000000,0.000000,1,-123.97,-123.97,0,0,
09/21/2026,09:16:45:078,0.000000,0.000000,2,-117.79,-117.79,0,0,
09/21/2026,09:16:45:133,0.000000,0.000000,3,-125.29,-125.29,0,0,
09/21/2026,09:16:45:232,0.000000,0.000000,1,-125.18,-125.18,0,0,
09/21/2026,09:16:45:286,0.000000,0.000000,2,-118.91,-118.91,0,0,
09/21/2026,09:16:45:345,0.000000,0.000000,3,-126.09,-126.09,0,0,
09/21/2026,09:16:45:442,0.000000,0.000000,1,-124.87,-124.87,0,0,
09/21/2026,09:16:45:496,0.000000,0.000000,2,-119.22,-119.22,0,0,
09/21/2026,09:16:45:549,0.000000,0.000000,3,-125.19,-125.19,0,0,
09/21/2026,09:16:45:651,0.000000,0.000000,1,-125.84,-125.84,0,0,
09/21/2026,09:16:45:711,0.000000,0.000000,2,-118.53,-118.53,0,0,
09/21/2026,09:16:45:762,0.000000,0.000000,3,-125.5,-125.5,0,0,
09/21/2026,09:16:45:862,0.000000,0.000000,1,-124.3,-124.3,0,0,
09/21/2026,09:16:45:916,0.000000,0.000000,2,-118.98,-118.98,0,0,
09/21/2026,09:16:45:983,0.000000,0.000000,3,-124.99,-124.99,0,0,
09/21/2026,09:16:46:104,0.000000,0.000000,1,-126.11,-126.11,0,0,
09/21/2026,09:16:46:153,0.000000,0.000000,2,-118.72,-118.72,0,0,
09/21/2026,09:16:46:209,0.000000,0.000000,3,-124.86,-124.86,0,0,
09/21/2026,09:16:46:299,0.000000,0.000000,1,-125.43,-125.43,0,0,
09/21/2026,09:16:46:344,0.000000,0.000000,2,-118.73,-118.73,0,0,
09/21/2026,09:16:46:386,0.000000,0.000000,3,-124.62,-124.62,0,0,
09/21/2026,09:16:46:495,0.000000,0.000000,1,-123.81,-123.81,0,0,
09/21/2026,09:16:46:543,0.000000,0.000000,2,-119.52,-119.52,0,0,
09/21/2026,09:16:46:601,0.000000,0.000000,3,-125.8,-125.8,0,0,
09/21/2026,09:16:46:705,0.000000,0.000000,1,-124.96,-124.96,0,0,
09/21/2026,09:16:46:753,0.000000,0.000000,2,-116.63,-116.63,0,0,
09/21/2026,09:16:46:814,0.000000,0.000000,3,-127.67,-127.67,0,0,
09/21/2026,09:16:46:908,0.000000,0.000000,1,-125,-125,0,0,
09/21/2026,09:16:46:996,0.000000,0.000000,2,-118.25,-118.25,0,0,
09/21/2026,09:16:47:015,0.000000,0.000000,3,-126.85,-126.85,0,0,
09/21/2026,09:16:47:225,0.000000,0.000000,1,-125.42,-125.42,0,0,
09/21/2026,09:16:47:238,0.000000,0.000000,2,-118.5,-118.5,0,0,
09/21/2026,09:16:47:260,0.000000,0.000000,3,-126.31,-126.31,0,0,
09/21/2026,09:16:47:334,0.000000,0.000000,1,-126.55,-126.55,0,0,
09/21/2026,09:16:47:386,0.000000,0.000000,2,-119.02,-119.02,0,0,
09/21/2026,09:16:47:433,0.000000,0.000000,3,-123.07,-123.07,0,0,
09/21/2026,09:16:47:537,0.000000,0.000000,1,-125.17,-125.17,0,0,
09/21/2026,09:16:47:602,0.000000,0.000000,2,-120.12,-120.12,0,0,
09/21/2026,09:16:47:644,0.000000,0.000000,3,-124.84,-124.84,0,0,
09/21/2026,09:16:47:749,0.000000,0.000000,1,-124.83,-124.83,0,0,
09/21/2026,09:16:47:813,0.000000,0.000000,2,-117.71,-117.71,0,0,
09/21/2026,09:16:47:853,0.000000,0.000000,3,-123.65,-123.65,0,0,
09/21/2026,09:16:47:955,0.000000,0.000000,1,-124.94,-124.94,0,0,
09/21/2026,09:16:48:040,0.000000,0.000000,2,-116.76,-116.76,0,0,
09/21/2026,09:16:48:086,0.000000,0.000000,3,-126.6,-126.6,0,0,
09/21/2026,09:16:48:167,0.000000,0.000000,1,-125.43,-125.43,0,0,
09/21/2026,09:16:48:244,0.000000,0.000000,2,-120.34,-120.34,0,0,
09/21/2026,09:16:48:292,0.000000,0.000000,3,-123.08,-123.08,0,0,
09/21/2026,09:16:48:380,0.000000,0.000000,1,-124.24,-124.24,0,0,
09/21/2026,09:16:48:439,0.000000,0.000000,2,-117.48,-117.48,0,0,
09/21/2026,09:16:48:481,0.000000,0.000000,3,-124.9,-124.9,0,0,
09/21/2026,09:16:48:588,0.000000,0.000000,1,-125.13,-125.13,0,0,
09/21/2026,09:16:48:639,0.000000,0.000000,2,-118.57,-118.57,0,0,
09/21/2026,09:16:48:696,0.000000,0.000000,3,-126.21,-126.21,0,0,
09/21/2026,09:16:48:804,0.000000,0.000000,1,-124.14,-124.14,0,0,
09/21/2026,09:16:48:854,0.000000,0.000000,2,-121.79,-121.79,0,0,
09/21/2026,09:16:48:915,0.000000,0.000000,3,-123.17,-123.17,0,0,
09/21/2026,09:16:49:008,0.000000,0.000000,1,-123.92,-123.92,0,0,
09/21/2026,09:16:49:064,0.000000,0.000000,2,-119.05,-119.05,0,0,
09/21/2026,09:16:49:127,0.000000,0.000000,3,-124.15,-124.15,0,0,
09/21/2026,09:16:49:223,0.000000,0.000000,1,-125.64,-125.64,0,0,
09/21/2026,09:16:49:269,0.000000,0.000000,2,-117.04,-117.04,0,0,
09/21/2026,09:16:49:323,0.000000,0.000000,3,-125.15,-125.15,0,0,
09/21/2026,09:16:49:429,0.000000,0.000000,1,-124.85,-124.85,0,0,
09/21/2026,09:16:49:476,0.000000,0.000000,2,-117.64,-117.64,0,0,
09/21/2026,09:16:49:533,0.000000,0.000000,3,-124.03,-124.03,0,0,
09/21/2026,09:16:49:637,0.000000,0.000000,1,-126.6,-126.6,0,0,
09/21/2026,09:16:49:687,0.000000,0.000000,2,-120.31,-120.31,0,0,
09/21/2026,09:16:49:745,0.000000,0.000000,3,-124.74,-124.74,0,0,
09/21/2026,09:16:49:876,0.000000,0.000000,1,-123.86,-123.86,0,0,
09/21/2026,09:16:49:914,0.000000,0.000000,2,-118.02,-118.02,0,0,
09/21/2026,09:16:49:961,0.000000,0.000000,3,-125.81,-125.81,0,0,
09/21/2026,09:16:50:053,0.000000,0.000000,1,-123.66,-123.66,0,0,
09/21/2026,09:16:50:125,0.000000,0.000000,2,-118.35,-118.35,0,0,
09/21/2026,09:16:50:177,0.000000,0.000000,3,-125.96,-125.96,0,0,
09/21/2026,09:16:50:264,0.000000,0.000000,1,-126.02,-126.02,0,0,
09/21/2026,09:16:50:319,0.000000,0.000000,2,-119.41,-119.41,0,0,
09/21/2026,09:16:50:368,0.000000,0.000000,3,-126.09,-126.09,0,0,
09/21/2026,09:16:50:475,0.000000,0.000000,1,-125.18,-125.18,0,0,
09/21/2026,09:16:50:535,0.000000,0.000000,2,-117.51,-117.51,0,0,
09/21/2026,09:16:50:579,0.000000,0.000000,3,-123.64,-123.64,0,0,
09/21/2026,09:16:50:683,0.000000,0.000000,1,-124.55,-124.55,0,0,
09/21/2026,09:16:50:735,0.000000,0.000000,2,-117.09,-117.09,0,0,
09/21/2026,09:16:50:804,0.000000,0.000000,3,-125.15,-125.15,0,0,
09/21/2026,09:16:50:896,0.000000,0.000000,1,-125.65,-125.65,0,0,
09/21/2026,09:16:50:945,0.000000,0.000000,2,-120.91,-120.91,0,0,
09/21/2026,09:16:50:998,0.000000,0.000000,3,-123.69,-123.69,0,0,
09/21/2026,09:16:51:102,0.000000,0.000000,1,-124.45,-124.45,0,0,
09/21/2026,09:16:51:159,0.000000,0.000000,2,-119.46,-119.46,0,0,
09/21/2026,09:16:51:208,0.000000,0.000000,3,-126.2,-126.2,0,0,
09/21/2026,09:16:51:313,0.000000,0.000000,1,-125.3,-125.3,0,0,
09/21/2026,09:16:51:372,0.000000,0.000000,2,-120.27,-120.27,0,0,
09/21/2026,09:16:51:441,0.000000,0.000000,3,-126.16,-126.16,0,0,
09/21/2026,09:16:51:523,0.000000,0.000000,1,-124.66,-124.66,0,0,
09/21/2026,09:16:51:581,0.000000,0.000000,2,-120.08,-120.08,0,0,
09/21/2026,09:16:51:635,0.000000,0.000000,3,-124.31,-124.31,0,0,
09/21/2026,09:16:51:732,0.000000,0.000000,1,-124.83,-124.83,0,0,
09/21/2026,09:16:51:786,0.000000,0.000000,2,-118.54,-118.54,0,0,
09/21/2026,09:16:51:866,0.000000,0.000000,3,-125.01,-125.01,0,0,
09/21/2026,09:16:51:957,0.000000,0.000000,1,-124.96,-124.96,0,0,
09/21/2026,09:16:52:074,0.000000,0.000000,2,-118.9,-118.9,0,0,
09/21/2026,09:16:52:084,0.000000,0.000000,3,-123.32,-123.32,0,0,
09/21/2026,09:16:52:211,0.000000,0.000000,1,-124.02,-124.02,0,0,
09/21/2026,09:16:52:369,0.000000,0.000000,2,-120.01,-120.01,0,0,
09/21/2026,09:16:52:408,0.000000,0.000000,3,-125.39,-125.39,0,0,
09/21/2026,09:16:52:445,0.000000,0.000000,1,-125.03,-125.03,0,0,
09/21/2026,09:16:52:504,0.000000,0.000000,2,-121.53,-121.53,0,0,
09/21/2026,09:16:52:544,0.000000,0.000000,3,-125.84,-125.84,0,0,
09/21/2026,09:16:52:618,0.000000,0.000000,1,-124.81,-124.81,0,0,
09/21/2026,09:16:52:626,0.000000,0.000000,2,-118.07,-118.07,0,0,
09/21/2026,09:16:52:674,0.000000,0.000000,3,-124.09,-124.09,0,0,
09/21/2026,09:16:52:785,0.000000,0.000000,1,-125.53,-125.53,0,0,
09/21/2026,09:16:52:846,0.000000,0.000000,2,-118.74,-118.74,0,0,
09/21/2026,09:16:52:899,0.000000,0.000000,3,-126.29,-126.29,0,0,
09/21/2026,09:16:53:003,0.000000,0.000000,1,-126.37,-126.37,0,0,
09/21/2026,09:16:53:044,0.000000,0.000000,2,-118.85,-118.85,0,0,
09/21/2026,09:16:53:097,0.000000,0.000000,3,-124.69,-124.69,0,0,
09/21/2026,09:16:53:201,0.000000,0.000000,1,-126.59,-126.59,0,0,
09/21/2026,09:16:53:252,0.000000,0.000000,2,-118.56,-118.56,0,0,
09/21/2026,09:16:53:302,0.000000,0.000000,3,-125.07,-125.07,0,0,
09/21/2026,09:16:53:432,0.000000,0.000000,1,-125.33,-125.33,0,0,
09/21/2026,09:16:53:463,0.000000,0.000000,2,-118.77,-118.77,0,0,
09/21/2026,09:16:53:538,0.000000,0.000000,3,-125.45,-125.45,0,0,
09/21/2026,09:16:53:635,0.000000,0.000000,1,-126.26,-126.26,0,0,
09/21/2026,09:16:53:740,0.000000,0.000000,2,-117.95,-117.95,0,0,
09/21/2026,09:16:53:749,0.000000,0.000000,3,-125.27,-125.27,0,0,
09/21/2026,09:16:53:843,0.000000,0.000000,1,-126.05,-126.05,0,0,
09/21/2026,09:16:53:891,0.000000,0.000000,2,-117.12,-117.12,0,0,
09/21/2026,09:16:53:934,0.000000,0.000000,3,-124.15,-124.15,0,0,
09/21/2026,09:16:54:037,0.000000,0.000000,1,-124.92,-124.92,0,0,
09/21/2026,09:16:54:090,0.000000,0.000000,2,-118.15,-118.15,0,0,
09/21/2026,09:16:54:145,0.000000,0.000000,3,-127.52,-127.52,0,0,
09/21/2026,09:16:54:256,0.000000,0.000000,1,-125.73,-125.73,0,0,
09/21/2026,09:16:54:299,0.000000,0.000000,2,-119.54,-119.54,0,0,
09/21/2026,09:16:54:372,0.000000,0.000000,3,-123.34,-123.34,0,0,
09/21/2026,09:16:54:459,0.000000,0.000000,1,-127.57,-127.57,0,0,
09/21/2026,09:16:54:516,0.000000,0.000000,2,-118.88,-118.88,0,0,
09/21/2026,09:16:54:561,0.000000,0.000000,3,-125.11,-125.11,0,0,
09/21/2026,09:16:54:671,0.000000,0.000000,1,-126.33,-126.33,0,0,
09/21/2026,09:16:54:726,0.000000,0.000000,2,-116.8,-116.8,0,0,
09/21/2026,09:16:54:810,0.000000,0.000000,3,-124.81,-124.81,0,0,
09/21/2026,09:16:54:879,0.000000,0.000000,1,-124.75,-124.75,0,0,
09/21/2026,09:16:54:936,0.000000,0.000000,2,-117.6,-117.6,0,0,
09/21/2026,09:16:54:980,0.000000,0.000000,3,-126.6,-126.6,0,0,
09/21/2026,09:16:55:084,0.000000,0.000000,1,-125.75,-125.75,0,0,
09/21/2026,09:16:55:141,0.000000,0.000000,2,-117.72,-117.72,0,0,
09/21/2026,09:16:55:195,0.000000,0.000000,3,-126.24,-126.24,0,0,
09/21/2026,09:16:55:301,0.000000,0.000000,1,-125.37,-125.37,0,0,
09/21/2026,09:16:55:366,0.000000,0.000000,2,-118.35,-118.35,0,0,
09/21/2026,09:16:55:411,0.000000,0.000000,3,-125.32,-125.32,0,0,
09/21/2026,09:16:55:515,0.000000,0.000000,1,-124.88,-124.88,0,0,
09/21/2026,09:16:55:557,0.000000,0.000000,2,-119.09,-119.09,0,0,
09/21/2026,09:16:55:645,0.000000,0.000000,3,-127.17,-127.17,0,0,
09/21/2026,09:16:55:736,0.000000,0.000000,1,-126.88,-126.88,0,0,
09/21/2026,09:16:55:781,0.000000,0.000000,2,-118.73,-118.73,0,0,
09/21/2026,09:16:55:826,0.000000,0.000000,3,-124.68,-124.68,0,0,
09/21/2026,09:16:55:936,0.000000,0.000000,1,-125.29,-125.29,0,0,
09/21/2026,09:16:55:977,0.000000,0.000000,2,-118.39,-118.39,0,0,
09/21/2026,09:16:56:030,0.000000,0.000000,3,-125.25,-125.25,0,0,
09/21/2026,09:16:56:140,0.000000,0.000000,1,-125.5,-125.5,0,0,
09/21/2026,09:16:56:192,0.000000,0.000000,2,-118.56,-118.56,0,0,
09/21/2026,09:16:56:246,0.000000,0.000000,3,-126.9,-126.9,0,0,
09/21/2026,09:16:56:344,0.000000,0.000000,1,-126.33,-126.33,0,0,
09/21/2026,09:16:56:401,0.000000,0.000000,2,-120.18,-120.18,0,0,
09/21/2026,09:16:56:453,0.000000,0.000000,3,-125.48,-125.48,0,0,
09/21/2026,09:16:56:565,0.000000,0.000000,1,-125.94,-125.94,0,0,
09/21/2026,09:16:56:607,0.000000,0.000000,2,-120.3,-120.3,0,0,
09/21/2026,09:16:56:660,0.000000,0.000000,3,-126.56,-126.56,0,0,
09/21/2026,09:16:56:763,0.000000,0.000000,1,-125.86,-125.86,0,0,
09/21/2026,09:16:56:820,0.000000,0.000000,2,-118.18,-118.18,0,0,
09/21/2026,09:16:56:872,0.000000,0.000000,3,-124.82,-124.82,0,0,
09/21/2026,09:16:56:972,0.000000,0.000000,1,-125.98,-125.98,0,0,
09/21/2026,09:16:57:025,0.000000,0.000000,2,-120.46,-120.46,0,0,
09/21/2026,09:16:57:081,0.000000,0.000000,3,-126.49,-126.49,0,0,
09/21/2026,09:16:57:202,0.000000,0.000000,1,-125.98,-125.98,0,0,
09/21/2026,09:16:57:252,0.000000,0.000000,2,-119.31,-119.31,0,0,
09/21/2026,09:16:57:293,0.000000,0.000000,3,-125.88,-125.88,0,0,
09/21/2026,09:16:57:415,0.000000,0.000000,1,-125.91,-125.91,0,0,
09/21/2026,09:16:57:511,0.000000,0.000000,2,-118.66,-118.66,0,0,
09/21/2026,09:16:57:525,0.000000,0.000000,3,-123.43,-123.43,0,0,
09/21/2026,09:16:57:602,0.000000,0.000000,1,-124.79,-124.79,0,0,
09/21/2026,09:16:57:659,0.000000,0.000000,2,-117.42,-117.42,0,0,
09/21/2026,09:16:57:708,0.000000,0.000000,3,-124.74,-124.74,0,0,
09/21/2026,09:16:57:813,0.000000,0.000000,1,-123.61,-123.61,0,0,
09/21/2026,09:16:57:872,0.000000,0.000000,2,-117.31,-117.31,0,0,
09/21/2026,09:16:57:916,0.000000,0.000000,3,-126.36,-126.36,0,0,
09/21/2026,09:16:58:025,0.000000,0.000000,1,-124.67,-124.67,0,0,
09/21/2026,09:16:58:080,0.000000,0.000000,2,-118.02,-118.02,0,0,
09/21/2026,09:16:58:125,0.000000,0.000000,3,-125.83,-125.83,0,0,
09/21/2026,09:16:58:229,0.000000,0.000000,1,-126.25,-126.25,0,0,
09/21/2026,09:16:58:296,0.000000,0.000000,2,-119.35,-119.35,0,0,
09/21/2026,09:16:58:343,0.000000,0.000000,3,-126.11,-126.11,0,0,
09/21/2026,09:16:58:445,0.000000,0.000000,1,-126.36,-126.36,0,0,
09/21/2026,09:16:58:493,0.000000,0.000000,2,-118.36,-118.36,0,0,
09/21/2026,09:16:58:544,0.000000,0.000000,3,-123.14,-123.14,0,0,
09/21/2026,09:16:58:658,0.000000,0.000000,1,-126.75,-126.75,0,0,
09/21/2026,09:16:58:702,0.000000,0.000000,2,-118.39,-118.39,0,0,
09/21/2026,09:16:58:754,0.000000,0.000000,3,-126.08,-126.08,0,0,
09/21/2026,09:16:58:864,0.000000,0.000000,1,-125.86,-125.86,0,0,
09/21/2026,09:16:58:911,0.000000,0.000000,2,-118.73,-118.73,0,0,
09/21/2026,09:16:58:968,0.000000,0.000000,3,-126.15,-126.15,0,0,
09/21/2026,09:16:59:075,0.000000,0.000000,1,-124.54,-124.54,0,0,
09/21/2026,09:16:59:124,0.000000,0.000000,2,-117.82,-117.82,0,0,
09/21/2026,09:16:59:205,0.000000,0.000000,3,-125.99,-125.99,0,0,
09/21/2026,09:16:59:300,0.000000,0.000000,1,-125.86,-125.86,0,0,
09/21/2026,09:16:59:344,0.000000,0.000000,2,-116.89,-116.89,0,0,
09/21/2026,09:16:59:382,0.000000,0.000000,3,-124.98,-124.98,0,0,
09/21/2026,09:16:59:486,0.000000,0.000000,1,-125.21,-125.21,0,0,
09/21/2026,09:16:59:540,0.000000,0.000000,2,-116.57,-116.57,0,0,
09/21/2026,09:16:59:594,0.000000,0.000000,3,-124.95,-124.95,0,0,
09/21/2026,09:16:59:712,0.000000,0.000000,1,-125.05,-125.05,0,0,
09/21/2026,09:16:59:764,0.000000,0.000000,2,-116.9,-116.9,0,0,
09/21/2026,09:16:59:802,0.000000,0.000000,3,-124.66,-124.66,0,0,
09/21/2026,09:16:59:908,0.000000,0.000000,1,-124.01,-124.01,0,0,
09/21/2026,09:16:59:977,0.000000,0.000000,2,-117.13,-117.13,0,0,
09/21/2026,09:17:00:011,0.000000,0.000000,3,-126.39,-126.39,0,0,
09/21/2026,09:17:00:117,0.000000,0.000000,1,-123.62,-123.62,0,0,
09/21/2026,09:17:00:169,0.000000,0.000000,2,-118.32,-118.32,0,0,
09/21/2026,09:17:00:227,0.000000,0.000000,3,-127.18,-127.18,0,0,
09/21/2026,09:17:00:326,0.000000,0.000000,1,-124.3,-124.3,0,0,
09/21/2026,09:17:00:398,0.000000,0.000000,2,-117.69,-117.69,0,0,
09/21/2026,09:17:00:432,0.000000,0.000000,3,-122.96,-122.96,0,0,
09/21/2026,09:17:00:552,0.000000,0.000000,1,-124.27,-124.27,0,0,
09/21/2026,09:17:00:594,0.000000,0.000000,2,-117.45,-117.45,0,0,
09/21/2026,09:17:00:643,0.000000,0.000000,3,-122.72,-122.72,0,0,
09/21/2026,09:17:00:746,0.000000,0.000000,1,-124.62,-124.62,0,0,
09/21/2026,09:17:00:816,0.000000,0.000000,2,-117.87,-117.87,0,0,
09/21/2026,09:17:00:864,0.000000,0.000000,3,-125.54,-125.54,0,0,
09/21/2026,09:17:00:954,0.000000,0.000000,1,-126.69,-126.69,0,0,
09/21/2026,09:17:01:013,0.000000,0.000000,2,-118.41,-118.41,0,0,
09/21/2026,09:17:01:088,0.000000,0.000000,3,-124.85,-124.85,0,0,
09/21/2026,09:17:01:174,0.000000,0.000000,1,-122.29,-122.29,0,0,
09/21/2026,09:17:01:226,0.000000,0.000000,2,-117.63,-117.63,0,0,
09/21/2026,09:17:01:302,0.000000,0.000000,3,-124.56,-124.56,0,0,
09/21/2026,09:17:01:397,0.000000,0.000000,1,-122.66,-122.66,0,0,
09/21/2026,09:17:01:433,0.000000,0.000000,2,-117.32,-117.32,0,0,
09/21/2026,09:17:01:480,0.000000,0.000000,3,-126.37,-126.37,0,0,
09/21/2026,09:17:01:597,0.000000,0.000000,1,-124.11,-124.11,0,0,
09/21/2026,09:17:01:638,0.000000,0.000000,2,-119.41,-119.41,0,0,
09/21/2026,09:17:01:696,0.000000,0.000000,3,-123.68,-123.68,0,0,
09/21/2026,09:17:01:798,0.000000,0.000000,1,-124.38,-124.38,0,0,
09/21/2026,09:17:01:847,0.000000,0.000000,2,-117.01,-117.01,0,0,
09/21/2026,09:17:01:906,0.000000,0.000000,3,-127.21,-127.21,0,0,
09/21/2026,09:17:02:004,0.000000,0.000000,1,-123.8,-123.8,0,0,
09/21/2026,09:17:02:064,0.000000,0.000000,2,-119.06,-119.06,0,0,
09/21/2026,09:17:02:109,0.000000,0.000000,3,-125.03,-125.03,0,0,
09/21/2026,09:17:02:218,0.000000,0.000000,1,-124.08,-124.08,0,0,
09/21/2026,09:17:02:278,0.000000,0.000000,2,-119.21,-119.21,0,0,
09/21/2026,09:17:02:328,0.000000,0.000000,3,-125.29,-125.29,0,0,
09/21/2026,09:17:02:424,0.000000,0.000000,1,-126.06,-126.06,0,0,
09/21/2026,09:17:02:474,0.000000,0.000000,2,-115.7,-115.7,0,0,
09/21/2026,09:17:02:530,0.000000,0.000000,3,-126.87,-126.87,0,0,
09/21/2026,09:17:02:671,0.000000,0.000000,1,-125.96,-125.96,0,0,
09/21/2026,09:17:02:685,0.000000,0.000000,2,-118.93,-118.93,0,0,
09/21/2026,09:17:02:745,0.000000,0.000000,3,-126.09,-126.09,0,0,
09/21/2026,09:17:02:841,0.000000,0.000000,1,-123.8,-123.8,0,0,
09/21/2026,09:17:02:896,0.000000,0.000000,2,-118.67,-118.67,0,0,
09/21/2026,09:17:02:994,0.000000,0.000000,3,-124.25,-124.25,0,0,
09/21/2026,09:17:03:080,0.000000,0.000000,1,-124.88,-124.88,0,0,
09/21/2026,09:17:03:119,0.000000,0.000000,2,-117.45,-117.45,0,0,
09/21/2026,09:17:03:168,0.000000,0.000000,3,-123.32,-123.32,0,0,
09/21/2026,09:17:03:260,0.000000,0.000000,1,-123.64,-123.64,0,0,
09/21/2026,09:17:03:338,0.000000,0.000000,2,-115.81,-115.81,0,0,
09/21/2026,09:17:03:367,0.000000,0.000000,3,-126.4,-126.4,0,0,
09/21/2026,09:17:03:478,0.000000,0.000000,1,-125.55,-125.55,0,0,
09/21/2026,09:17:03:524,0.000000,0.000000,2,-117.46,-117.46,0,0,
09/21/2026,09:17:03:612,0.000000,0.000000,3,-124.85,-124.85,0,0,
09/21/2026,09:17:03:684,0.000000,0.000000,1,-126.28,-126.28,0,0,
09/21/2026,09:17:03:733,0.000000,0.000000,2,-116.81,-116.81,0,0,
09/21/2026,09:17:03:783,0.000000,0.000000,3,-125.52,-125.52,0,0,
09/21/2026,09:17:03:890,0.000000,0.000000,1,-122.51,-122.51,0,0,
09/21/2026,09:17:03:951,0.000000,0.000000,2,-117.61,-117.61,0,0,
09/21/2026,09:17:03:993,0.000000,0.000000,3,-124.11,-124.11,0,0,
09/21/2026,09:17:04:103,0.000000,0.000000,1,-124.36,-124.36,0,0,
09/21/2026,09:17:04:153,0.000000,0.000000,2,-118.62,-118.62,0,0,
09/21/2026,09:17:04:214,0.000000,0.000000,3,-124.29,-124.29,0,0,
09/21/2026,09:17:04:312,0.000000,0.000000,1,-125.38,-125.38,0,0,
09/21/2026,09:17:04:360,0.000000,0.000000,2,-117.36,-117.36,0,0,
09/21/2026,09:17:04:415,0.000000,0.000000,3,-124.94,-124.94,0,0,
09/21/2026,09:17:04:519,0.000000,0.000000,1,-122.75,-122.75,0,0,
09/21/2026,09:17:04:573,0.000000,0.000000,2,-116.83,-116.83,0,0,
09/21/2026,09:17:04:624,0.000000,0.000000,3,-125.47,-125.47,0,0,
09/21/2026,09:17:04:729,0.000000,0.000000,1,-124.62,-124.62,0,0,
09/21/2026,09:17:04:825,0.000000,0.000000,2,-118.85,-118.85,0,0,
09/21/2026,09:17:04:861,0.000000,0.000000,3,-125.89,-125.89,0,0,
09/21/2026,09:17:04:958,0.000000,0.000000,1,-123.07,-123.07,0,0,
09/21/2026,09:17:05:003,0.000000,0.000000,2,-117.34,-117.34,0,0,
09/21/2026,09:17:05:051,0.000000,0.000000,3,-124.31,-124.31,0,0,
09/21/2026,09:17:05:149,0.000000,0.000000,1,-124.59,-124.59,0,0,
09/21/2026,09:17:05:210,0.000000,0.000000,2,-118.98,-118.98,0,0,
09/21/2026,09:17:05:258,0.000000,0.000000,3,-124.42,-124.42,0,0,
09/21/2026,09:17:05:357,0.000000,0.000000,1,-124.03,-124.03,0,0,
09/21/2026,09:17:05:411,0.000000,0.000000,2,-118.11,-118.11,0,0,
09/21/2026,09:17:05:472,0.000000,0.000000,3,-122.33,-122.33,0,0,
09/21/2026,09:17:05:570,0.000000,0.000000,1,-124.09,-124.09,0,0,
09/21/2026,09:17:05:624,0.000000,0.000000,2,-118.81,-118.81,0,0,
09/21/2026,09:17:05:676,0.000000,0.000000,3,-126.46,-126.46,0,0,
09/21/2026,09:17:05:775,0.000000,0.000000,1,-125.27,-125.27,0,0,
09/21/2026,09:17:05:831,0.000000,0.000000,2,-116.84,-116.84,0,0,
09/21/2026,09:17:05:883,0.000000,0.000000,3,-123.33,-123.33,0,0,
09/21/2026,09:17:05:984,0.000000,0.000000,1,-122.74,-122.74,0,0,
09/21/2026,09:17:06:044,0.000000,0.000000,2,-117.67,-117.67,0,0,
09/21/2026,09:17:06:090,0.000000,0.000000,3,-125.4,-125.4,0,0,
09/21/2026,09:17:06:215,0.000000,0.000000,1,-124.69,-124.69,0,0,
09/21/2026,09:17:06:258,0.000000,0.000000,2,-117.18,-117.18,0,0,
09/21/2026,09:17:06:304,0.000000,0.000000,3,-126.58,-126.58,0,0,
09/21/2026,09:17:06:404,0.000000,0.000000,1,-126.1,-126.1,0,0,
09/21/2026,09:17:06:458,0.000000,0.000000,2,-117.68,-117.68,0,0,
09/21/2026,09:17:06:510,0.000000,0.000000,3,-125.41,-125.41,0,0,
09/21/2026,09:17:06:628,0.000000,0.000000,1,-123.66,-123.66,0,0,
09/21/2026,09:17:06:678,0.000000,0.000000,2,-119.01,-119.01,0,0,
09/21/2026,09:17:06:722,0.000000,0.000000,3,-124.53,-124.53,0,0,
09/21/2026,09:17:06:855,0.000000,0.000000,1,-124.32,-124.32,0,0,
09/21/2026,09:17:06:902,0.000000,0.000000,2,-118.38,-118.38,0,0,
09/21/2026,09:17:06:946,0.000000,0.000000,3,-126.58,-126.58,0,0,
09/21/2026,09:17:07:041,0.000000,0.000000,1,-123.89,-123.89,0,0,
09/21/2026,09:17:07:099,0.000000,0.000000,2,-119.79,-119.79,0,0,
09/21/2026,09:17:07:140,0.000000,0.000000,3,-124.32,-124.32,0,0,
09/21/2026,09:17:07:242,0.000000,0.000000,1,-123.62,-123.62,0,0,
09/21/2026,09:17:07:299,0.000000,0.000000,2,-116.43,-116.43,0,0,
09/21/2026,09:17:07:369,0.000000,0.000000,3,-125.55,-125.55,0,0,
09/21/2026,09:17:07:456,0.000000,0.000000,1,-125.29,-125.29,0,0,
09/21/2026,09:17:07:505,0.000000,0.000000,2,-115.74,-115.74,0,0,
09/21/2026,09:17:07:557,0.000000,0.000000,3,-126.23,-126.23,0,0,
09/21/2026,09:17:07:674,0.000000,0.000000,1,-121.08,-121.08,0,0,
09/21/2026,09:17:07:809,0.000000,0.000000,2,-116.07,-116.07,0,0,
09/21/2026,09:17:07:821,0.000000,0.000000,3,-123.61,-123.61,0,0,
09/21/2026,09:17:07:877,0.000000,0.000000,1,-125.1,-125.1,0,0,
09/21/2026,09:17:07:935,0.000000,0.000000,2,-117.49,-117.49,0,0,
09/21/2026,09:17:07:996,0.000000,0.000000,3,-125.24,-125.24,0,0,
09/21/2026,09:17:08:098,0.000000,0.000000,1,-125.12,-125.12,0,0,
09/21/2026,09:17:08:134,0.000000,0.000000,2,-116.56,-116.56,0,0,
09/21/2026,09:17:08:195,0.000000,0.000000,3,-124.92,-124.92,0,0,
09/21/2026,09:17:08:294,0.000000,0.000000,1,-126.27,-126.27,0,0,
09/21/2026,09:17:08:350,0.000000,0.000000,2,-117.3,-117.3,0,0,
09/21/2026,09:17:08:424,0.000000,0.000000,3,-125.74,-125.74,0,0,
09/21/2026,09:17:08:536,0.000000,0.000000,1,-122.86,-122.86,0,0,
09/21/2026,09:17:08:585,0.000000,0.000000,2,-117.79,-117.79,0,0,
09/21/2026,09:17:08:686,0.000000,0.000000,3,-126.03,-126.03,0,0,
09/21/2026,09:17:08:772,0.000000,0.000000,1,-125.03,-125.03,0,0,
09/21/2026,09:17:08:789,0.000000,0.000000,2,-117.62,-117.62,0,0,
09/21/2026,09:17:08:826,0.000000,0.000000,3,-126.99,-126.99,0,0,
09/21/2026,09:17:08:926,0.000000,0.000000,1,-124.99,-124.99,0,0,
09/21/2026,09:17:08:977,0.000000,0.000000,2,-115.73,-115.73,0,0,
09/21/2026,09:17:09:046,0.000000,0.000000,3,-124.91,-124.91,0,0,
09/21/2026,09:17:09:135,0.000000,0.000000,1,-125.24,-125.24,0,0,
09/21/2026,09:17:09:192,0.000000,0.000000,2,-115.71,-115.71,0,0,
09/21/2026,09:17:09:237,0.000000,0.000000,3,-125.56,-125.56,0,0,
09/21/2026,09:17:09:360,0.000000,0.000000,1,-124.37,-124.37,0,0,
09/21/2026,09:17:09:401,0.000000,0.000000,2,-117.93,-117.93,0,0,
09/21/2026,09:17:09:444,0.000000,0.000000,3,-124.11,-124.11,0,0,
09/21/2026,09:17:09:570,0.000000,0.000000,1,-121.83,-121.83,0,0,
09/21/2026,09:17:09:603,0.000000,0.000000,2,-116.63,-116.63,0,0,
09/21/2026,09:17:09:655,0.000000,0.000000,3,-124.65,-124.65,0,0,
09/21/2026,09:17:09:775,0.000000,0.000000,1,-123.28,-123.28,0,0,
09/21/2026,09:17:09:819,0.000000,0.000000,2,-117.19,-117.19,0,0,
09/21/2026,09:17:09:875,0.000000,0.000000,3,-124.79,-124.79,0,0,
09/21/2026,09:17:09:973,0.000000,0.000000,1,-126.55,-126.55,0,0,
09/21/2026,09:17:10:038,0.000000,0.000000,2,-118.18,-118.18,0,0,
09/21/2026,09:17:10:076,0.000000,0.000000,3,-127.35,-127.35,0,0,
09/21/2026,09:17:10:177,0.000000,0.000000,1,-122.86,-122.86,0,0,
09/21/2026,09:17:10:241,0.000000,0.000000,2,-114.18,-114.18,0,0,
09/21/2026,09:17:10:282,0.000000,0.000000,3,-126.22,-126.22,0,0,
09/21/2026,09:17:10:391,0.000000,0.000000,1,-121.81,-121.81,0,0,
09/21/2026,09:17:10:449,0.000000,0.000000,2,-116.05,-116.05,0,0,
09/21/2026,09:17:10:497,0.000000,0.000000,3,-125.8,-125.8,0,0,
09/21/2026,09:17:10:600,0.000000,0.000000,1,-120.56,-120.56,0,0,
09/21/2026,09:17:10:675,0.000000,0.000000,2,-116.47,-116.47,0,0,
09/21/2026,09:17:10:721,0.000000,0.000000,3,-124.06,-124.06,0,0,
09/21/2026,09:17:10:824,0.000000,0.000000,1,-122.51,-122.51,0,0,
09/21/2026,09:17:10:859,0.000000,0.000000,2,-116.69,-116.69,0,0,
09/21/2026,09:17:10:911,0.000000,0.000000,3,-125.26,-125.26,0,0,
09/21/2026,09:17:11:018,0.000000,0.000000,1,-118.45,-118.45,0,0,
09/21/2026,09:17:11:079,0.000000,0.000000,2,-116.63,-116.63,0,0,
09/21/2026,09:17:11:142,0.000000,0.000000,3,-111.59,-111.59,0,0,
09/21/2026,09:17:11:228,0.000000,0.000000,1,-91.05,-91.05,0,0,
09/21/2026,09:17:11:295,0.000000,0.000000,2,-112.44,-112.44,0,0,
09/21/2026,09:17:11:357,0.000000,0.000000,3,-97.16,-97.16,0,0,
09/21/2026,09:17:11:443,0.000000,0.000000,1,-123.79,-123.79,0,0,
09/21/2026,09:17:11:489,0.000000,0.000000,2,-117.83,-117.83,0,0,
09/21/2026,09:17:11:542,0.000000,0.000000,3,-122.37,-122.37,0,0,
09/21/2026,09:17:11:652,0.000000,0.000000,1,-124.14,-124.14,0,0,
09/21/2026,09:17:11:706,0.000000,0.000000,2,-111.93,-111.93,0,0,
09/21/2026,09:17:11:752,0.000000,0.000000,3,-94.94,-94.94,0,0,
09/21/2026,09:17:11:854,0.000000,0.000000,1,-118.06,-118.06,0,0,
09/21/2026,09:17:11:941,0.000000,0.000000,2,-117.28,-117.28,0,0,
09/21/2026,09:17:11:961,0.000000,0.000000,3,-123.45,-123.45,0,0,
09/21/2026,09:17:12:101,0.000000,0.000000,1,-122.57,-122.57,0,0,
09/21/2026,09:17:12:121,0.000000,0.000000,2,-116.41,-116.41,0,0,
09/21/2026,09:17:12:182,0.000000,0.000000,3,-123.91,-123.91,0,0,
09/21/2026,09:17:12:281,0.000000,0.000000,1,-122.46,-122.46,0,0,
09/21/2026,09:17:12:340,0.000000,0.000000,2,-115.36,-115.36,0,0,
09/21/2026,09:17:12:418,0.000000,0.000000,3,-125,-125,0,0,
09/21/2026,09:17:12:502,0.000000,0.000000,1,-123.78,-123.78,0,0,
09/21/2026,09:17:12:558,0.000000,0.000000,2,-115.51,-115.51,0,0,
09/21/2026,09:17:12:610,0.000000,0.000000,3,-124.19,-124.19,0,0,
09/21/2026,09:17:12:703,0.000000,0.000000,1,-125.09,-125.09,0,0,
09/21/2026,09:17:12:769,0.000000,0.000000,2,-115.44,-115.44,0,0,
09/21/2026,09:17:12:808,0.000000,0.000000,3,-122.88,-122.88,0,0,
09/21/2026,09:17:12:956,0.000000,0.000000,1,-123.93,-123.93,0,0,
09/21/2026,09:17:12:980,0.000000,0.000000,2,-115.74,-115.74,0,0,
09/21/2026,09:17:13:017,0.000000,0.000000,3,-126.28,-126.28,0,0,
09/21/2026,09:17:13:123,0.000000,0.000000,1,-124.49,-124.49,0,0,
09/21/2026,09:17:13:178,0.000000,0.000000,2,-116.31,-116.31,0,0,
09/21/2026,09:17:13:217,0.000000,0.000000,3,-124.11,-124.11,0,0,
09/21/2026,09:17:13:337,0.000000,0.000000,1,-125.93,-125.93,0,0,
09/21/2026,09:17:13:387,0.000000,0.000000,2,-117.04,-117.04,0,0,
09/21/2026,09:17:13:426,0.000000,0.000000,3,-126.54,-126.54,0,0,
09/21/2026,09:17:13:575,0.000000,0.000000,1,-123.36,-123.36,0,0,
09/21/2026,09:17:13:596,0.000000,0.000000,2,-118.73,-118.73,0,0,
09/21/2026,09:17:13:653,0.000000,0.000000,3,-125.29,-125.29,0,0,
09/21/2026,09:17:13:744,0.000000,0.000000,1,-120.93,-120.93,0,0,
09/21/2026,09:17:13:794,0.000000,0.000000,2,-116.47,-116.47,0,0,
09/21/2026,09:17:13:855,0.000000,0.000000,3,-123.91,-123.91,0,0,
09/21/2026,09:17:13:958,0.000000,0.000000,1,-124.16,-124.16,0,0,
09/21/2026,09:17:14:002,0.000000,0.000000,2,-119.4,-119.4,0,0,
09/21/2026,09:17:14:057,0.000000,0.000000,3,-125.23,-125.23,0,0,
09/21/2026,09:17:14:160,0.000000,0.000000,1,-121.29,-121.29,0,0,
09/21/2026,09:17:14:232,0.000000,0.000000,2,-117.94,-117.94,0,0,
09/21/2026,09:17:14:290,0.000000,0.000000,3,-125.34,-125.34,0,0,
09/21/2026,09:17:14:391,0.000000,0.000000,1,-122.8,-122.8,0,0,
09/21/2026,09:17:14:434,0.000000,0.000000,2,-116.98,-116.98,0,0,
09/21/2026,09:17:14:523,0.000000,0.000000,3,-124.08,-124.08,0,0,
09/21/2026,09:17:14:593,0.000000,0.000000,1,-127.02,-127.02,0,0,
09/21/2026,09:17:14:638,0.000000,0.000000,2,-118.01,-118.01,0,0,
09/21/2026,09:17:14:687,0.000000,0.000000,3,-123.58,-123.58,0,0,
09/21/2026,09:17:14:799,0.000000,0.000000,1,-123.03,-123.03,0,0,
09/21/2026,09:17:14:851,0.000000,0.000000,2,-114.8,-114.8,0,0,
09/21/2026,09:17:14:896,0.000000,0.000000,3,-125.63,-125.63,0,0,
09/21/2026,09:17:15:002,0.000000,0.000000,1,-123.53,-123.53,0,0,
09/21/2026,09:17:15:060,0.000000,0.000000,2,-117.66,-117.66,0,0,
09/21/2026,09:17:15:127,0.000000,0.000000,3,-127.12,-127.12,0,0,
09/21/2026,09:17:15:217,0.000000,0.000000,1,-125.59,-125.59,0,0,
09/21/2026,09:17:15:272,0.000000,0.000000,2,-119.18,-119.18,0,0,
09/21/2026,09:17:15:318,0.000000,0.000000,3,-125.54,-125.54,0,0,
09/21/2026,09:17:15:422,0.000000,0.000000,1,-122.45,-122.45,0,0,
09/21/2026,09:17:15:469,0.000000,0.000000,2,-118.88,-118.88,0,0,
09/21/2026,09:17:15:526,0.000000,0.000000,3,-125.63,-125.63,0,0,
09/21/2026,09:17:15:627,0.000000,0.000000,1,-124.57,-124.57,0,0,
09/21/2026,09:17:15:682,0.000000,0.000000,2,-116.3,-116.3,0,0,
09/21/2026,09:17:15:765,0.000000,0.000000,3,-126.18,-126.18,0,0,
09/21/2026,09:17:15:847,0.000000,0.000000,1,-123.22,-123.22,0,0,
09/21/2026,09:17:15:896,0.000000,0.000000,2,-120.29,-120.29,0,0,
09/21/2026,09:17:15:947,0.000000,0.000000,3,-125.58,-125.58,0,0,
09/21/2026,09:17:16:076,0.000000,0.000000,1,-124.49,-124.49,0,0,
09/21/2026,09:17:16:122,0.000000,0.000000,2,-119.24,-119.24,0,0,
09/21/2026,09:17:16:226,0.000000,0.000000,3,-125.92,-125.92,0,0,
09/21/2026,09:17:16:363,0.000000,0.000000,1,-124.43,-124.43,0,0,
09/21/2026,09:17:16:377,0.000000,0.000000,2,-117.83,-117.83,0,0,
09/21/2026,09:17:16:419,0.000000,0.000000,3,-125.56,-125.56,0,0,
09/21/2026,09:17:16:487,0.000000,0.000000,1,-124.27,-124.27,0,0,
09/21/2026,09:17:16:524,0.000000,0.000000,2,-115.38,-115.38,0,0,
09/21/2026,09:17:16:584,0.000000,0.000000,3,-126.34,-126.34,0,0,
09/21/2026,09:17:16:675,0.000000,0.000000,1,-125.21,-125.21,0,0,
09/21/2026,09:17:16:731,0.000000,0.000000,2,-115.35,-115.35,0,0,
09/21/2026,09:17:16:784,0.000000,0.000000,3,-124.97,-124.97,0,0,
09/21/2026,09:17:16:892,0.000000,0.000000,1,-124.58,-124.58,0,0,
09/21/2026,09:17:16:938,0.000000,0.000000,2,-118.39,-118.39,0,0,
09/21/2026,09:17:16:994,0.000000,0.000000,3,-125.29,-125.29,0,0,
09/21/2026,09:17:17:094,0.000000,0.000000,1,-126.17,-126.17,0,0,
09/21/2026,09:17:17:146,0.000000,0.000000,2,-118.13,-118.13,0,0,
09/21/2026,09:17:17:209,0.000000,0.000000,3,-125.01,-125.01,0,0,
09/21/2026,09:17:17:308,0.000000,0.000000,1,-125.46,-125.46,0,0,
09/21/2026,09:17:17:356,0.000000,0.000000,2,-117.53,-117.53,0,0,
09/21/2026,09:17:17:413,0.000000,0.000000,3,-125.69,-125.69,0,0,
09/21/2026,09:17:17:528,0.000000,0.000000,1,-125.31,-125.31,0,0,
09/21/2026,09:17:17:569,0.000000,0.000000,2,-119.23,-119.23,0,0,
09/21/2026,09:17:17:624,0.000000,0.000000,3,-125.02,-125.02,0,0,
09/21/2026,09:17:17:722,0.000000,0.000000,1,-126.96,-126.96,0,0,
09/21/2026,09:17:17:777,0.000000,0.000000,2,-118.32,-118.32,0,0,
09/21/2026,09:17:17:837,0.000000,0.000000,3,-126.12,-126.12,0,0,
09/21/2026,09:17:17:947,0.000000,0.000000,1,-125.48,-125.48,0,0,
09/21/2026,09:17:17:999,0.000000,0.000000,2,-117.87,-117.87,0,0,
09/21/2026,09:17:18:173,0.000000,0.000000,3,-125.43,-125.43,0,0,
09/21/2026,09:17:18:200,0.000000,0.000000,1,-123.78,-123.78,0,0,
09/21/2026,09:17:18:239,0.000000,0.000000,2,-117.19,-117.19,0,0,
09/21/2026,09:17:18:269,0.000000,0.000000,3,-127.28,-127.28,0,0,
09/21/2026,09:17:18:356,0.000000,0.000000,1,-124.94,-124.94,0,0,
09/21/2026,09:17:18:416,0.000000,0.000000,2,-116.49,-116.49,0,0,
09/21/2026,09:17:18:458,0.000000,0.000000,3,-125.03,-125.03,0,0,
09/21/2026,09:17:18:562,0.000000,0.000000,1,-122.25,-122.25,0,0,
09/21/2026,09:17:18:613,0.000000,0.000000,2,-118.53,-118.53,0,0,
09/21/2026,09:17:18:671,0.000000,0.000000,3,-126.17,-126.17,0,0,
09/21/2026,09:17:18:776,0.000000,0.000000,1,-124.2,-124.2,0,0,
09/21/2026,09:17:18:824,0.000000,0.000000,2,-115.77,-115.77,0,0,
09/21/2026,09:17:18:881,0.000000,0.000000,3,-125.67,-125.67,0,0,
09/21/2026,09:17:18:981,0.000000,0.000000,1,-124.41,-124.41,0,0,
09/21/2026,09:17:19:063,0.000000,0.000000,2,-114.84,-114.84,0,0,
09/21/2026,09:17:19:101,0.000000,0.000000,3,-125.87,-125.87,0,0,
09/21/2026,09:17:19:232,0.000000,0.000000,1,-126.74,-126.74,0,0,
09/21/2026,09:17:19:291,0.000000,0.000000,2,-116.56,-116.56,0,0,
09/21/2026,09:17:19:352,0.000000,0.000000,3,-124.29,-124.29,0,0,
09/21/2026,09:17:19:464,0.000000,0.000000,1,-123.93,-123.93,0,0,
09/21/2026,09:17:19:514,0.000000,0.000000,2,-116.2,-116.2,0,0,
09/21/2026,09:17:19:577,0.000000,0.000000,3,-125.28,-125.28,0,0,
09/21/2026,09:17:19:697,0.000000,0.000000,1,-125.3,-125.3,0,0,
09/21/2026,09:17:19:740,0.000000,0.000000,2,-116.16,-116.16,0,0,
09/21/2026,09:17:19:792,0.000000,0.000000,3,-124.88,-124.88,0,0,
09/21/2026,09:17:19:879,0.000000,0.000000,1,-124.88,-124.88,0,0,
09/21/2026,09:17:19:949,0.000000,0.000000,2,-116.99,-116.99,0,0,
09/21/2026,09:17:20:002,0.000000,0.000000,3,-124.18,-124.18,0,0,
09/21/2026,09:17:20:120,0.000000,0.000000,1,-124.66,-124.66,0,0,
09/21/2026,09:17:20:166,0.000000,0.000000,2,-117.73,-117.73,0,0,
09/21/2026,09:17:20:253,0.000000,0.000000,3,-126.51,-126.51,0,0,
09/21/2026,09:17:20:322,0.000000,0.000000,1,-124.46,-124.46,0,0,
09/21/2026,09:17:20:372,0.000000,0.000000,2,-116.64,-116.64,0,0,
09/21/2026,09:17:20:431,0.000000,0.000000,3,-124.71,-124.71,0,0,
09/21/2026,09:17:20:534,0.000000,0.000000,1,-125.21,-125.21,0,0,
09/21/2026,09:17:20:590,0.000000,0.000000,2,-117.58,-117.58,0,0,
09/21/2026,09:17:20:651,0.000000,0.000000,3,-123.54,-123.54,0,0,
09/21/2026,09:17:20:759,0.000000,0.000000,1,-124.23,-124.23,0,0,
09/21/2026,09:17:20:816,0.000000,0.000000,2,-114.95,-114.95,0,0,
09/21/2026,09:17:20:879,0.000000,0.000000,3,-125.25,-125.25,0,0,
09/21/2026,09:17:21:009,0.000000,0.000000,1,-125.15,-125.15,0,0,
09/21/2026,09:17:21:073,0.000000,0.000000,2,-119.13,-119.13,0,0,
09/21/2026,09:17:21:133,0.000000,0.000000,3,-124.23,-124.23,0,0,
09/21/2026,09:17:21:236,0.000000,0.000000,1,-125.83,-125.83,0,0,
09/21/2026,09:17:21:284,0.000000,0.000000,2,-117.34,-117.34,0,0,
09/21/2026,09:17:21:359,0.000000,0.000000,3,-124.75,-124.75,0,0,
09/21/2026,09:17:21:457,0.000000,0.000000,1,-124.87,-124.87,0,0,
09/21/2026,09:17:21:527,0.000000,0.000000,2,-115.98,-115.98,0,0,
09/21/2026,09:17:21:569,0.000000,0.000000,3,-123.09,-123.09,0,0,
09/21/2026,09:17:21:718,0.000000,0.000000,1,-123.71,-123.71,0,0,
09/21/2026,09:17:21:770,0.000000,0.000000,2,-116.93,-116.93,0,0,
09/21/2026,09:17:21:816,0.000000,0.000000,3,-123.71,-123.71,0,0,
09/21/2026,09:17:21:909,0.000000,0.000000,1,-125.45,-125.45,0,0,
09/21/2026,09:17:21:973,0.000000,0.000000,2,-116.78,-116.78,0,0,
09/21/2026,09:17:22:025,0.000000,0.000000,3,-124.79,-124.79,0,0,
09/21/2026,09:17:22:165,0.000000,0.000000,1,-125.33,-125.33,0,0,
09/21/2026,09:17:22:207,0.000000,0.000000,2,-115.99,-115.99,0,0,
09/21/2026,09:17:22:278,0.000000,0.000000,3,-125.8,-125.8,0,0,
09/21/2026,09:17:22:380,0.000000,0.000000,1,-124.71,-124.71,0,0,
09/21/2026,09:17:22:435,0.000000,0.000000,2,-116.25,-116.25,0,0,
09/21/2026,09:17:22:500,0.000000,0.000000,3,-125.78,-125.78,0,0,
09/21/2026,09:17:22:630,0.000000,0.000000,1,-127.39,-127.39,0,0,
09/21/2026,09:17:22:691,0.000000,0.000000,2,-119.19,-119.19,0,0,
09/21/2026,09:17:22:746,0.000000,0.000000,3,-125.58,-125.58,0,0,
09/21/2026,09:17:22:861,0.000000,0.000000,1,-125.55,-125.55,0,0,
09/21/2026,09:17:22:932,0.000000,0.000000,2,-117.32,-117.32,0,0,
09/21/2026,09:17:22:983,0.000000,0.000000,3,-124.1,-124.1,0,0,
09/21/2026,09:17:23:118,0.000000,0.000000,1,-126.72,-126.72,0,0,
09/21/2026,09:17:23:225,0.000000,0.000000,2,-117.33,-117.33,0,0,
09/21/2026,09:17:23:282,0.000000,0.000000,3,-127.93,-127.93,0,0,
09/21/2026,09:17:23:375,0.000000,0.000000,1,-124.88,-124.88,0,0,
09/21/2026,09:17:23:416,0.000000,0.000000,2,-116.97,-116.97,0,0,
09/21/2026,09:17:23:474,0.000000,0.000000,3,-124.31,-124.31,0,0,
09/21/2026,09:17:23:588,0.000000,0.000000,1,-124.68,-124.68,0,0,
09/21/2026,09:17:23:624,0.000000,0.000000,2,-116.74,-116.74,0,0,
09/21/2026,09:17:23:691,0.000000,0.000000,3,-125.88,-125.88,0,0,
09/21/2026,09:17:23:831,0.000000,0.000000,1,-124.36,-124.36,0,0,
09/21/2026,09:17:23:875,0.000000,0.000000,2,-118.97,-118.97,0,0,
09/21/2026,09:17:23:950,0.000000,0.000000,3,-126.79,-126.79,0,0,
09/21/2026,09:17:24:094,0.000000,0.000000,1,-123.5,-123.5,0,0,
09/21/2026,09:17:24:133,0.000000,0.000000,2,-116.5,-116.5,0,0,
09/21/2026,09:17:24:184,0.000000,0.000000,3,-123.82,-123.82,0,0,
09/21/2026,09:17:24:281,0.000000,0.000000,1,-126.82,-126.82,0,0,
09/21/2026,09:17:24:334,0.000000,0.000000,2,-116.76,-116.76,0,0,
09/21/2026,09:17:24:394,0.000000,0.000000,3,-126.17,-126.17,0,0,
09/21/2026,09:17:24:502,0.000000,0.000000,1,-124.22,-124.22,0,0,
09/21/2026,09:17:24:556,0.000000,0.000000,2,-118.09,-118.09,0,0,
09/21/2026,09:17:24:606,0.000000,0.000000,3,-126.27,-126.27,0,0,
09/21/2026,09:17:24:742,0.000000,0.000000,1,-125.38,-125.38,0,0,
09/21/2026,09:17:24:785,0.000000,0.000000,2,-118.06,-118.06,0,0,
09/21/2026,09:17:24:838,0.000000,0.000000,3,-124.66,-124.66,0,0,
09/21/2026,09:17:24:943,0.000000,0.000000,1,-122.17,-122.17,0,0,
09/21/2026,09:17:25:001,0.000000,0.000000,2,-117.9,-117.9,0,0,
09/21/2026,09:17:25:038,0.000000,0.000000,3,-121.06,-121.06,0,0,
09/21/2026,09:17:25:162,0.000000,0.000000,1,-123.43,-123.43,0,0,
09/21/2026,09:17:25:218,0.000000,0.000000,2,-118.56,-118.56,0,0,
09/21/2026,09:17:25:281,0.000000,0.000000,3,-123.36,-123.36,0,0,
09/21/2026,09:17:25:425,0.000000,0.000000,1,-126.01,-126.01,0,0,
09/21/2026,09:17:25:470,0.000000,0.000000,2,-117.41,-117.41,0,0,
09/21/2026,09:17:25:518,0.000000,0.000000,3,-123.1,-123.1,0,0,
09/21/2026,09:17:25:611,0.000000,0.000000,1,-125.45,-125.45,0,0,
09/21/2026,09:17:25:625,0.000000,0.000000,2,-115.66,-115.66,0,0,
09/21/2026,09:17:25:669,0.000000,0.000000,3,-120.48,-120.48,0,0,
09/21/2026,09:17:25:773,0.000000,0.000000,1,-123.64,-123.64,0,0,
09/21/2026,09:17:25:830,0.000000,0.000000,2,-117.68,-117.68,0,0,
09/21/2026,09:17:25:881,0.000000,0.000000,3,-124.84,-124.84,0,0,
09/21/2026,09:17:26:020,0.000000,0.000000,1,-122.6,-122.6,0,0,
09/21/2026,09:17:26:036,0.000000,0.000000,2,-119.45,-119.45,0,0,
09/21/2026,09:17:26:093,0.000000,0.000000,3,-125.18,-125.18,0,0,
09/21/2026,09:17:26:194,0.000000,0.000000,1,-122.36,-122.36,0,0,
09/21/2026,09:17:26:246,0.000000,0.000000,2,-116.79,-116.79,0,0,
09/21/2026,09:17:26:314,0.000000,0.000000,3,-122.8,-122.8,0,0,
09/21/2026,09:17:26:399,0.000000,0.000000,1,-122.35,-122.35,0,0,
09/21/2026,09:17:26:450,0.000000,0.000000,2,-116.5,-116.5,0,0,
09/21/2026,09:17:26:504,0.000000,0.000000,3,-123.4,-123.4,0,0,
09/21/2026,09:17:26:643,0.000000,0.000000,1,-125.98,-125.98,0,0,
09/21/2026,09:17:26:662,0.000000,0.000000,2,-116.81,-116.81,0,0,
09/21/2026,09:17:26:714,0.000000,0.000000,3,-123.99,-123.99,0,0,
