Date,Time,Latitude,Longitude,Channel,RSSI,Adjusted Value,Antenna Gain,Cable Loss
08/27/2026,05:47:43:461,0.000000,0.000000,1,-117.07,-117.07,0,0,
08/27/2026,05:47:43:540,0.000000,0.000000,2,-119.5,-119.5,0,0,
08/27/2026,05:47:43:575,0.000000,0.000000,3,-80.88,-80.88,0,0,
08/27/2026,05:47:43:615,0.000000,0.000000,4,-121.2,-121.2,0,0,
08/27/2026,05:47:43:745,0.000000,0.000000,1,-116.17,-116.17,0,0,
08/27/2026,05:47:43:786,0.000000,0.000000,2,-114.57,-114.57,0,0,
08/27/2026,05:47:43:838,0.000000,0.000000,3,-76.12,-76.12,0,0,
08/27/2026,05:47:43:897,0.000000,0.000000,4,-121.73,-121.73,0,0,
08/27/2026,05:47:44:012,0.000000,0.000000,1,-116.37,-116.37,0,0,
08/27/2026,05:47:44:065,0.000000,0.000000,2,-119.07,-119.07,0,0,
08/27/2026,05:47:44:120,0.000000,0.000000,3,-67.69,-67.69,0,0,
08/27/2026,05:47:44:167,0.000000,0.000000,4,-119.28,-119.28,0,0,
08/27/2026,05:47:44:288,0.000000,0.000000,1,-120.84,-120.84,0,0,
08/27/2026,05:47:44:360,0.000000,0.000000,2,-121.03,-121.03,0,0,
08/27/2026,05:47:44:401,0.000000,0.000000,3,-83.27,-83.27,0,0,
08/27/2026,05:47:44:473,0.000000,0.000000,4,-116.91,-116.91,0,0,
08/27/2026,05:47:44:568,0.000000,0.000000,1,-116.41,-116.41,0,0,
08/27/2026,05:47:44:619,0.000000,0.000000,2,-114.99,-114.99,0,0,
08/27/2026,05:47:44:677,0.000000,0.000000,3,-68.44,-68.44,0,0,
08/27/2026,05:47:44:726,0.000000,0.000000,4,-117.44,-117.44,0,0,
08/27/2026,05:47:44:847,0.000000,0.000000,1,-118.75,-118.75,0,0,
08/27/2026,05:47:44:901,0.000000,0.000000,2,-119.07,-119.07,0,0,
08/27/2026,05:47:44:957,0.000000,0.000000,3,-73.14,-73.14,0,0,
08/27/2026,05:47:45:007,0.000000,0.000000,4,-117.95,-117.95,0,0,
08/27/2026,05:47:45:130,0.000000,0.000000,1,-120.95,-120.95,0,0,
08/27/2026,05:47:45:184,0.000000,0.000000,2,-122.82,-122.82,0,0,
08/27/2026,05:47:45:237,0.000000,0.000000,3,-75.21,-75.21,0,0,
08/27/2026,05:47:45:289,0.000000,0.000000,4,-118.32,-118.32,0,0,
08/27/2026,05:47:45:410,0.000000,0.000000,1,-123.99,-123.99,0,0,
08/27/2026,05:47:45:566,0.000000,0.000000,2,-121.21,-121.21,0,0,
08/27/2026,05:47:45:651,0.000000,0.000000,3,-73.52,-73.52,0,0,
08/27/2026,05:47:45:721,0.000000,0.000000,4,-118.9,-118.9,0,0,
08/27/2026,05:47:46:174,0.000000,0.000000,1,-119.72,-119.72,0,0,
08/27/2026,05:47:46:246,0.000000,0.000000,2,-123.36,-123.36,0,0,
08/27/2026,05:47:46:320,0.000000,0.000000,3,-66.42,-66.42,0,0,
08/27/2026,05:47:46:373,0.000000,0.000000,4,-118.74,-118.74,0,0,
08/27/2026,05:47:46:437,0.000000,0.000000,1,-118.78,-118.78,0,0,
08/27/2026,05:47:46:469,0.000000,0.000000,2,-122.28,-122.28,0,0,
08/27/2026,05:47:46:478,0.000000,0.000000,3,-80.5,-80.5,0,0,
08/27/2026,05:47:46:558,0.000000,0.000000,4,-119.28,-119.28,0,0,
08/27/2026,05:47:46:689,0.000000,0.000000,1,-122.04,-122.04,0,0,
08/27/2026,05:47:46:742,0.000000,0.000000,2,-123.21,-123.21,0,0,
08/27/2026,05:47:46:753,0.000000,0.000000,3,-81.99,-81.99,0,0,
08/27/2026,05:47:46:762,0.000000,0.000000,4,-118.65,-118.65,0,0,
08/27/2026,05:47:46:823,0.000000,0.000000,1,-120.15,-120.15,0,0,
08/27/2026,05:47:46:831,0.000000,0.000000,2,-123.65,-123.65,0,0,
08/27/2026,05:47:46:884,0.000000,0.000000,3,-73.73,-73.73,0,0,
08/27/2026,05:47:46:896,0.000000,0.000000,4,-119.79,-119.79,0,0,
08/27/2026,05:47:46:924,0.000000,0.000000,1,-119.77,-119.77,0,0,
08/27/2026,05:47:46:936,0.000000,0.000000,2,-123.11,-123.11,0,0,
08/27/2026,05:47:46:945,0.000000,0.000000,3,-69.04,-69.04,0,0,
08/27/2026,05:47:46:965,0.000000,0.000000,4,-119.27,-119.27,0,0,
08/27/2026,05:47:47:081,0.000000,0.000000,1,-124.53,-124.53,0,0,
08/27/2026,05:47:47:136,0.000000,0.000000,2,-122.72,-122.72,0,0,
08/27/2026,05:47:47:181,0.000000,0.000000,3,-68.07,-68.07,0,0,
08/27/2026,05:47:47:235,0.000000,0.000000,4,-121.21,-121.21,0,0,
08/27/2026,05:47:47:371,0.000000,0.000000,1,-121.53,-121.53,0,0,
08/27/2026,05:47:47:426,0.000000,0.000000,2,-125.51,-125.51,0,0,
08/27/2026,05:47:47:462,0.000000,0.000000,3,-85.3,-85.3,0,0,
08/27/2026,05:47:47:520,0.000000,0.000000,4,-120.35,-120.35,0,0,
08/27/2026,05:47:47:634,0.000000,0.000000,1,-122.87,-122.87,0,0,
08/27/2026,05:47:47:688,0.000000,0.000000,2,-125.39,-125.39,0,0,
08/27/2026,05:47:47:738,0.000000,0.000000,3,-71.07,-71.07,0,0,
08/27/2026,05:47:47:802,0.000000,0.000000,4,-119.44,-119.44,0,0,
08/27/2026,05:47:47:916,0.000000,0.000000,1,-123.3,-123.3,0,0,
08/27/2026,05:47:47:970,0.000000,0.000000,2,-126.16,-126.16,0,0,
08/27/2026,05:47:48:022,0.000000,0.000000,3,-73,-73,0,0,
08/27/2026,05:47:48:075,0.000000,0.000000,4,-119.76,-119.76,0,0,
08/27/2026,05:47:48:194,0.000000,0.000000,1,-124.31,-124.31,0,0,
08/27/2026,05:47:48:246,0.000000,0.000000,2,-124.02,-124.02,0,0,
08/27/2026,05:47:48:332,0.000000,0.000000,3,-67.88,-67.88,0,0,
08/27/2026,05:47:48:364,0.000000,0.000000,4,-118.06,-118.06,0,0,
08/27/2026,05:47:48:562,0.000000,0.000000,1,-124.19,-124.19,0,0,
08/27/2026,05:47:48:587,0.000000,0.000000,2,-123.71,-123.71,0,0,
08/27/2026,05:47:48:603,0.000000,0.000000,3,-71.62,-71.62,0,0,
08/27/2026,05:47:48:631,0.000000,0.000000,4,-119.93,-119.93,0,0,
08/27/2026,05:47:48:752,0.000000,0.000000,1,-124.63,-124.63,0,0,
08/27/2026,05:47:48:803,0.000000,0.000000,2,-124.87,-124.87,0,0,
08/27/2026,05:47:48:857,0.000000,0.000000,3,-73.09,-73.09,0,0,
08/27/2026,05:47:48:913,0.000000,0.000000,4,-120.5,-120.5,0,0,
08/27/2026,05:47:49:030,0.000000,0.000000,1,-124.64,-124.64,0,0,
08/27/2026,05:47:49:086,0.000000,0.000000,2,-123.74,-123.74,0,0,
08/27/2026,05:47:49:143,0.000000,0.000000,3,-74.4,-74.4,0,0,
08/27/2026,05:47:49:193,0.000000,0.000000,4,-116.51,-116.51,0,0,
08/27/2026,05:47:49:308,0.000000,0.000000,1,-122.93,-122.93,0,0,
08/27/2026,05:47:49:365,0.000000,0.000000,2,-123.27,-123.27,0,0,
08/27/2026,05:47:49:414,0.000000,0.000000,3,-66.33,-66.33,0,0,
08/27/2026,05:47:49:471,0.000000,0.000000,4,-116.01,-116.01,0,0,
08/27/2026,05:47:49:590,0.000000,0.000000,1,-124.43,-124.43,0,0,
08/27/2026,05:47:49:645,0.000000,0.000000,2,-124.44,-124.44,0,0,
08/27/2026,05:47:49:706,0.000000,0.000000,3,-75.32,-75.32,0,0,
08/27/2026,05:47:49:745,0.000000,0.000000,4,-119.22,-119.22,0,0,
08/27/2026,05:47:49:867,0.000000,0.000000,1,-123.29,-123.29,0,0,
08/27/2026,05:47:49:926,0.000000,0.000000,2,-124.37,-124.37,0,0,
08/27/2026,05:47:49:990,0.000000,0.000000,3,-63.75,-63.75,0,0,
08/27/2026,05:47:50:023,0.000000,0.000000,4,-121.95,-121.95,0,0,
08/27/2026,05:47:50:151,0.000000,0.000000,1,-122.55,-122.55,0,0,
08/27/2026,05:47:50:202,0.000000,0.000000,2,-124.2,-124.2,0,0,
08/27/2026,05:47:50:258,0.000000,0.000000,3,-72.4,-72.4,0,0,
08/27/2026,05:47:50:312,0.000000,0.000000,4,-119.41,-119.41,0,0,
08/27/2026,05:47:50:513,0.000000,0.000000,1,-124.28,-124.28,0,0,
08/27/2026,05:47:50:519,0.000000,0.000000,2,-124.25,-124.25,0,0,
08/27/2026,05:47:50:559,0.000000,0.000000,3,-66.49,-66.49,0,0,
08/27/2026,05:47:50:602,0.000000,0.000000,4,-116.51,-116.51,0,0,
08/27/2026,05:47:50:721,0.000000,0.000000,1,-124.56,-124.56,0,0,
08/27/2026,05:47:50:802,0.000000,0.000000,2,-124.53,-124.53,0,0,
08/27/2026,05:47:50:826,0.000000,0.000000,3,-70.51,-70.51,0,0,
08/27/2026,05:47:50:860,0.000000,0.000000,4,-116.4,-116.4,0,0,
08/27/2026,05:47:50:984,0.000000,0.000000,1,-110.27,-110.27,0,0,
08/27/2026,05:47:51:034,0.000000,0.000000,2,-121.25,-121.25,0,0,
08/27/2026,05:47:51:086,0.000000,0.000000,3,-66.57,-66.57,0,0,
08/27/2026,05:47:51:158,0.000000,0.000000,4,-120.65,-120.65,0,0,
08/27/2026,05:47:51:267,0.000000,0.000000,1,-113.15,-113.15,0,0,
08/27/2026,05:47:51:330,0.000000,0.000000,2,-119.54,-119.54,0,0,
08/27/2026,05:47:51:364,0.000000,0.000000,3,-76.89,-76.89,0,0,
08/27/2026,05:47:51:419,0.000000,0.000000,4,-121.42,-121.42,0,0,
08/27/2026,05:47:51:541,0.000000,0.000000,1,-117.01,-117.01,0,0,
08/27/2026,05:47:51:599,0.000000,0.000000,2,-116.88,-116.88,0,0,
08/27/2026,05:47:51:644,0.000000,0.000000,3,-76.28,-76.28,0,0,
08/27/2026,05:47:51:704,0.000000,0.000000,4,-118.4,-118.4,0,0,
08/27/2026,05:47:51:817,0.000000,0.000000,1,-118.93,-118.93,0,0,
08/27/2026,05:47:51:872,0.000000,0.000000,2,-115.32,-115.32,0,0,
08/27/2026,05:47:51:930,0.000000,0.000000,3,-71.09,-71.09,0,0,
08/27/2026,05:47:52:002,0.000000,0.000000,4,-123.65,-123.65,0,0,
08/27/2026,05:47:52:126,0.000000,0.000000,1,-122.82,-122.82,0,0,
08/27/2026,05:47:52:159,0.000000,0.000000,2,-125.99,-125.99,0,0,
08/27/2026,05:47:52:209,0.000000,0.000000,3,-76.54,-76.54,0,0,
08/27/2026,05:47:52:253,0.000000,0.000000,4,-120.11,-120.11,0,0,
08/27/2026,05:47:52:434,0.000000,0.000000,1,-115.47,-115.47,0,0,
08/27/2026,05:47:52:467,0.000000,0.000000,2,-121.56,-121.56,0,0,
08/27/2026,05:47:52:486,0.000000,0.000000,3,-84.65,-84.65,0,0,
08/27/2026,05:47:52:538,0.000000,0.000000,4,-120.88,-120.88,0,0,
08/27/2026,05:47:52:669,0.000000,0.000000,1,-121.13,-121.13,0,0,
08/27/2026,05:47:52:719,0.000000,0.000000,2,-116.93,-116.93,0,0,
08/27/2026,05:47:52:761,0.000000,0.000000,3,-72.22,-72.22,0,0,
08/27/2026,05:47:52:815,0.000000,0.000000,4,-122.8,-122.8,0,0,
08/27/2026,05:47:52:949,0.000000,0.000000,1,-122.17,-122.17,0,0,
08/27/2026,05:47:52:990,0.000000,0.000000,2,-120.14,-120.14,0,0,
08/27/2026,05:47:53:045,0.000000,0.000000,3,-79.05,-79.05,0,0,
08/27/2026,05:47:53:092,0.000000,0.000000,4,-123.48,-123.48,0,0,
08/27/2026,05:47:53:230,0.000000,0.000000,1,-114.39,-114.39,0,0,
08/27/2026,05:47:53:282,0.000000,0.000000,2,-117.31,-117.31,0,0,
08/27/2026,05:47:53:322,0.000000,0.000000,3,-73.13,-73.13,0,0,
08/27/2026,05:47:53:377,0.000000,0.000000,4,-120.21,-120.21,0,0,
08/27/2026,05:47:53:498,0.000000,0.000000,1,-121.61,-121.61,0,0,
08/27/2026,05:47:53:658,0.000000,0.000000,2,-109.93,-109.93,0,0,
08/27/2026,05:47:53:677,0.000000,0.000000,3,-70.76,-70.76,0,0,
08/27/2026,05:47:53:700,0.000000,0.000000,4,-120.75,-120.75,0,0,
08/27/2026,05:47:53:773,0.000000,0.000000,1,-114.81,-114.81,0,0,
08/27/2026,05:47:53:830,0.000000,0.000000,2,-114.88,-114.88,0,0,
08/27/2026,05:47:53:888,0.000000,0.000000,3,-73.4,-73.4,0,0,
08/27/2026,05:47:53:930,0.000000,0.000000,4,-117.84,-117.84,0,0,
08/27/2026,05:47:54:069,0.000000,0.000000,1,-112.68,-112.68,0,0,
08/27/2026,05:47:54:121,0.000000,0.000000,2,-115.39,-115.39,0,0,
08/27/2026,05:47:54:162,0.000000,0.000000,3,-67.35,-67.35,0,0,
08/27/2026,05:47:54:206,0.000000,0.000000,4,-122.33,-122.33,0,0,
08/27/2026,05:47:54:369,0.000000,0.000000,1,-120.15,-120.15,0,0,
08/27/2026,05:47:54:419,0.000000,0.000000,2,-119.49,-119.49,0,0,
08/27/2026,05:47:54:449,0.000000,0.000000,3,-71.95,-71.95,0,0,
08/27/2026,05:47:54:486,0.000000,0.000000,4,-119.8,-119.8,0,0,
08/27/2026,05:47:54:611,0.000000,0.000000,1,-119.68,-119.68,0,0,
08/27/2026,05:47:54:660,0.000000,0.000000,2,-119.61,-119.61,0,0,
08/27/2026,05:47:54:719,0.000000,0.000000,3,-76.65,-76.65,0,0,
08/27/2026,05:47:54:769,0.000000,0.000000,4,-118.16,-118.16,0,0,
08/27/2026,05:47:54:897,0.000000,0.000000,1,-119.83,-119.83,0,0,
08/27/2026,05:47:54:945,0.000000,0.000000,2,-119.85,-119.85,0,0,
08/27/2026,05:47:54:993,0.000000,0.000000,3,-77.77,-77.77,0,0,
08/27/2026,05:47:55:046,0.000000,0.000000,4,-122.7,-122.7,0,0,
08/27/2026,05:47:55:170,0.000000,0.000000,1,-118.25,-118.25,0,0,
08/27/2026,05:47:55:220,0.000000,0.000000,2,-121.7,-121.7,0,0,
08/27/2026,05:47:55:273,0.000000,0.000000,3,-69.66,-69.66,0,0,
08/27/2026,05:47:55:324,0.000000,0.000000,4,-120,-120,0,0,
08/27/2026,05:47:55:445,0.000000,0.000000,1,-110.06,-110.06,0,0,
08/27/2026,05:47:55:516,0.000000,0.000000,2,-116.04,-116.04,0,0,
08/27/2026,05:47:55:553,0.000000,0.000000,3,-67.62,-67.62,0,0,
08/27/2026,05:47:55:608,0.000000,0.000000,4,-123.59,-123.59,0,0,
08/27/2026,05:47:55:722,0.000000,0.000000,1,-118.47,-118.47,0,0,
08/27/2026,05:47:55:780,0.000000,0.000000,2,-115.95,-115.95,0,0,
08/27/2026,05:47:55:873,0.000000,0.000000,3,-78.36,-78.36,0,0,
08/27/2026,05:47:55:893,0.000000,0.000000,4,-122.92,-122.92,0,0,
08/27/2026,05:47:56:011,0.000000,0.000000,1,-113.87,-113.87,0,0,
08/27/2026,05:47:56:059,0.000000,0.000000,2,-113.16,-113.16,0,0,
08/27/2026,05:47:56:106,0.000000,0.000000,3,-74.43,-74.43,0,0,
08/27/2026,05:47:56:187,0.000000,0.000000,4,-109.63,-109.63,0,0,
08/27/2026,05:47:56:279,0.000000,0.000000,1,-109.35,-109.35,0,0,
08/27/2026,05:47:56:332,0.000000,0.000000,2,-115.57,-115.57,0,0,
08/27/2026,05:47:56:385,0.000000,0.000000,3,-69.22,-69.22,0,0,
08/27/2026,05:47:56:438,0.000000,0.000000,4,-121.53,-121.53,0,0,
08/27/2026,05:47:56:560,0.000000,0.000000,1,-109.46,-109.46,0,0,
08/27/2026,05:47:56:619,0.000000,0.000000,2,-115.05,-115.05,0,0,
08/27/2026,05:47:56:665,0.000000,0.000000,3,-69.65,-69.65,0,0,
08/27/2026,05:47:56:734,0.000000,0.000000,4,-117.44,-117.44,0,0,
08/27/2026,05:47:56:842,0.000000,0.000000,1,-118.07,-118.07,0,0,
08/27/2026,05:47:56:894,0.000000,0.000000,2,-108.98,-108.98,0,0,
08/27/2026,05:47:56:942,0.000000,0.000000,3,-68.53,-68.53,0,0,
08/27/2026,05:47:57:012,0.000000,0.000000,4,-109.02,-109.02,0,0,
08/27/2026,05:47:57:122,0.000000,0.000000,1,-109.89,-109.89,0,0,
08/27/2026,05:47:57:169,0.000000,0.000000,2,-107.99,-107.99,0,0,
08/27/2026,05:47:57:227,0.000000,0.000000,3,-69.78,-69.78,0,0,
08/27/2026,05:47:57:286,0.000000,0.000000,4,-109.71,-109.71,0,0,
08/27/2026,05:47:57:395,0.000000,0.000000,1,-117.07,-117.07,0,0,
08/27/2026,05:47:57:478,0.000000,0.000000,2,-111.42,-111.42,0,0,
08/27/2026,05:47:57:507,0.000000,0.000000,3,-67.62,-67.62,0,0,
08/27/2026,05:47:57:554,0.000000,0.000000,4,-113.7,-113.7,0,0,
08/27/2026,05:47:57:709,0.000000,0.000000,1,-120.13,-120.13,0,0,
08/27/2026,05:47:57:748,0.000000,0.000000,2,-117.17,-117.17,0,0,
08/27/2026,05:47:57:800,0.000000,0.000000,3,-68.1,-68.1,0,0,
08/27/2026,05:47:57:841,0.000000,0.000000,4,-110.02,-110.02,0,0,
08/27/2026,05:47:57:968,0.000000,0.000000,1,-109.07,-109.07,0,0,
08/27/2026,05:47:58:009,0.000000,0.000000,2,-114.27,-114.27,0,0,
08/27/2026,05:47:58:061,0.000000,0.000000,3,-71.76,-71.76,0,0,
08/27/2026,05:47:58:115,0.000000,0.000000,4,-113.24,-113.24,0,0,
08/27/2026,05:47:58:244,0.000000,0.000000,1,-107.04,-107.04,0,0,
08/27/2026,05:47:58:292,0.000000,0.000000,2,-107.57,-107.57,0,0,
08/27/2026,05:47:58:340,0.000000,0.000000,3,-71.22,-71.22,0,0,
08/27/2026,05:47:58:407,0.000000,0.000000,4,-111.86,-111.86,0,0,
08/27/2026,05:47:58:509,0.000000,0.000000,1,-105.44,-105.44,0,0,
08/27/2026,05:47:58:566,0.000000,0.000000,2,-112.1,-112.1,0,0,
08/27/2026,05:47:58:616,0.000000,0.000000,3,-70.34,-70.34,0,0,
08/27/2026,05:47:58:681,0.000000,0.000000,4,-115.54,-115.54,0,0,
08/27/2026,05:47:58:837,0.000000,0.000000,1,-108.48,-108.48,0,0,
08/27/2026,05:47:58:853,0.000000,0.000000,2,-112.25,-112.25,0,0,
08/27/2026,05:47:58:906,0.000000,0.000000,3,-68.85,-68.85,0,0,
08/27/2026,05:47:58:952,0.000000,0.000000,4,-114.55,-114.55,0,0,
08/27/2026,05:47:59:067,0.000000,0.000000,1,-124.97,-124.97,0,0,
08/27/2026,05:47:59:129,0.000000,0.000000,2,-125,-125,0,0,
08/27/2026,05:47:59:185,0.000000,0.000000,3,-62.34,-62.34,0,0,
08/27/2026,05:47:59:228,0.000000,0.000000,4,-111.31,-111.31,0,0,
08/27/2026,05:47:59:351,0.000000,0.000000,1,-123.2,-123.2,0,0,
08/27/2026,05:47:59:400,0.000000,0.000000,2,-125.14,-125.14,0,0,
08/27/2026,05:47:59:461,0.000000,0.000000,3,-62.45,-62.45,0,0,
08/27/2026,05:47:59:504,0.000000,0.000000,4,-106.21,-106.21,0,0,
08/27/2026,05:47:59:650,0.000000,0.000000,1,-121.91,-121.91,0,0,
08/27/2026,05:47:59:695,0.000000,0.000000,2,-124.45,-124.45,0,0,
08/27/2026,05:47:59:737,0.000000,0.000000,3,-61.41,-61.41,0,0,
08/27/2026,05:47:59:783,0.000000,0.000000,4,-113.25,-113.25,0,0,
08/27/2026,05:47:59:920,0.000000,0.000000,1,-123.45,-123.45,0,0,
08/27/2026,05:47:59:957,0.000000,0.000000,2,-126.92,-126.92,0,0,
08/27/2026,05:48:00:017,0.000000,0.000000,3,-61.35,-61.35,0,0,
08/27/2026,05:48:00:071,0.000000,0.000000,4,-114.63,-114.63,0,0,
08/27/2026,05:48:00:191,0.000000,0.000000,1,-125.24,-125.24,0,0,
08/27/2026,05:48:00:243,0.000000,0.000000,2,-125.97,-125.97,0,0,
08/27/2026,05:48:00:297,0.000000,0.000000,3,-60.14,-60.14,0,0,
08/27/2026,05:48:00:353,0.000000,0.000000,4,-107.34,-107.34,0,0,
08/27/2026,05:48:00:469,0.000000,0.000000,1,-124.2,-124.2,0,0,
08/27/2026,05:48:00:515,0.000000,0.000000,2,-124.21,-124.21,0,0,
08/27/2026,05:48:00:571,0.000000,0.000000,3,-73,-73,0,0,
08/27/2026,05:48:00:637,0.000000,0.000000,4,-109.52,-109.52,0,0,
08/27/2026,05:48:00:751,0.000000,0.000000,1,-122.51,-122.51,0,0,
08/27/2026,05:48:00:793,0.000000,0.000000,2,-124.53,-124.53,0,0,
08/27/2026,05:48:00:846,0.000000,0.000000,3,-75.73,-75.73,0,0,
08/27/2026,05:48:00:911,0.000000,0.000000,4,-111.97,-111.97,0,0,
08/27/2026,05:48:01:040,0.000000,0.000000,1,-124.48,-124.48,0,0,
08/27/2026,05:48:01:076,0.000000,0.000000,2,-124.98,-124.98,0,0,
08/27/2026,05:48:01:134,0.000000,0.000000,3,-67.26,-67.26,0,0,
08/27/2026,05:48:01:179,0.000000,0.000000,4,-106.17,-106.17,0,0,
08/27/2026,05:48:01:328,0.000000,0.000000,1,-122.65,-122.65,0,0,
08/27/2026,05:48:01:358,0.000000,0.000000,2,-114.95,-114.95,0,0,
08/27/2026,05:48:01:419,0.000000,0.000000,3,-68.2,-68.2,0,0,
08/27/2026,05:48:01:473,0.000000,0.000000,4,-113.41,-113.41,0,0,
08/27/2026,05:48:01:602,0.000000,0.000000,1,-108.9,-108.9,0,0,
08/27/2026,05:48:01:647,0.000000,0.000000,2,-109.57,-109.57,0,0,
08/27/2026,05:48:01:703,0.000000,0.000000,3,-67.88,-67.88,0,0,
08/27/2026,05:48:01:740,0.000000,0.000000,4,-116.47,-116.47,0,0,
08/27/2026,05:48:01:856,0.000000,0.000000,1,-118.56,-118.56,0,0,
08/27/2026,05:48:01:913,0.000000,0.000000,2,-109.52,-109.52,0,0,
08/27/2026,05:48:01:965,0.000000,0.000000,3,-62.04,-62.04,0,0,
08/27/2026,05:48:02:014,0.000000,0.000000,4,-107.34,-107.34,0,0,
08/27/2026,05:48:02:143,0.000000,0.000000,1,-118.39,-118.39,0,0,
08/27/2026,05:48:02:198,0.000000,0.000000,2,-111.28,-111.28,0,0,
08/27/2026,05:48:02:245,0.000000,0.000000,3,-61.3,-61.3,0,0,
08/27/2026,05:48:02:296,0.000000,0.000000,4,-111.06,-111.06,0,0,
08/27/2026,05:48:02:417,0.000000,0.000000,1,-116.95,-116.95,0,0,
08/27/2026,05:48:02:485,0.000000,0.000000,2,-107.87,-107.87,0,0,
08/27/2026,05:48:02:529,0.000000,0.000000,3,-65.49,-65.49,0,0,
08/27/2026,05:48:02:600,0.000000,0.000000,4,-105.27,-105.27,0,0,
08/27/2026,05:48:02:692,0.000000,0.000000,1,-118.61,-118.61,0,0,
08/27/2026,05:48:02:748,0.000000,0.000000,2,-115.36,-115.36,0,0,
08/27/2026,05:48:02:801,0.000000,0.000000,3,-60.39,-60.39,0,0,
08/27/2026,05:48:02:851,0.000000,0.000000,4,-111.07,-111.07,0,0,
08/27/2026,05:48:02:980,0.000000,0.000000,1,-115.71,-115.71,0,0,
08/27/2026,05:48:03:029,0.000000,0.000000,2,-118.11,-118.11,0,0,
08/27/2026,05:48:03:082,0.000000,0.000000,3,-76.71,-76.71,0,0,
08/27/2026,05:48:03:137,0.000000,0.000000,4,-108.69,-108.69,0,0,
08/27/2026,05:48:03:262,0.000000,0.000000,1,-119.81,-119.81,0,0,
08/27/2026,05:48:03:302,0.000000,0.000000,2,-116.6,-116.6,0,0,
08/27/2026,05:48:03:364,0.000000,0.000000,3,-67.3,-67.3,0,0,
08/27/2026,05:48:03:443,0.000000,0.000000,4,-113.07,-113.07,0,0,
08/27/2026,05:48:03:532,0.000000,0.000000,1,-119.48,-119.48,0,0,
08/27/2026,05:48:03:605,0.000000,0.000000,2,-118.82,-118.82,0,0,
08/27/2026,05:48:03:652,0.000000,0.000000,3,-68.55,-68.55,0,0,
08/27/2026,05:48:03:737,0.000000,0.000000,4,-111.41,-111.41,0,0,
08/27/2026,05:48:03:810,0.000000,0.000000,1,-113.7,-113.7,0,0,
08/27/2026,05:48:03:954,0.000000,0.000000,2,-118.1,-118.1,0,0,
08/27/2026,05:48:03:969,0.000000,0.000000,3,-67.43,-67.43,0,0,
08/27/2026,05:48:03:987,0.000000,0.000000,4,-116.25,-116.25,0,0,
08/27/2026,05:48:04:091,0.000000,0.000000,1,-116.14,-116.14,0,0,
08/27/2026,05:48:04:148,0.000000,0.000000,2,-125.86,-125.86,0,0,
08/27/2026,05:48:04:193,0.000000,0.000000,3,-78.16,-78.16,0,0,
08/27/2026,05:48:04:252,0.000000,0.000000,4,-117.74,-117.74,0,0,
08/27/2026,05:48:04:366,0.000000,0.000000,1,-119.77,-119.77,0,0,
08/27/2026,05:48:04:420,0.000000,0.000000,2,-117.06,-117.06,0,0,
08/27/2026,05:48:04:477,0.000000,0.000000,3,-73.65,-73.65,0,0,
08/27/2026,05:48:04:522,0.000000,0.000000,4,-117.81,-117.81,0,0,
08/27/2026,05:48:04:650,0.000000,0.000000,1,-123.72,-123.72,0,0,
08/27/2026,05:48:04:703,0.000000,0.000000,2,-118.76,-118.76,0,0,
08/27/2026,05:48:04:757,0.000000,0.000000,3,-70.22,-70.22,0,0,
08/27/2026,05:48:04:810,0.000000,0.000000,4,-119.43,-119.43,0,0,
08/27/2026,05:48:04:927,0.000000,0.000000,1,-122.07,-122.07,0,0,
08/27/2026,05:48:04:976,0.000000,0.000000,2,-115.65,-115.65,0,0,
08/27/2026,05:48:05:035,0.000000,0.000000,3,-73.11,-73.11,0,0,
08/27/2026,05:48:05:088,0.000000,0.000000,4,-117.13,-117.13,0,0,
08/27/2026,05:48:05:205,0.000000,0.000000,1,-120.2,-120.2,0,0,
08/27/2026,05:48:05:256,0.000000,0.000000,2,-121.07,-121.07,0,0,
08/27/2026,05:48:05:322,0.000000,0.000000,3,-65.73,-65.73,0,0,
08/27/2026,05:48:05:375,0.000000,0.000000,4,-120.95,-120.95,0,0,
08/27/2026,05:48:05:562,0.000000,0.000000,1,-116.88,-116.88,0,0,
08/27/2026,05:48:05:647,0.000000,0.000000,2,-120.73,-120.73,0,0,
08/27/2026,05:48:05:717,0.000000,0.000000,3,-69.96,-69.96,0,0,
08/27/2026,05:48:05:742,0.000000,0.000000,4,-112.01,-112.01,0,0,
08/27/2026,05:48:05:864,0.000000,0.000000,1,-113.12,-113.12,0,0,
08/27/2026,05:48:05:880,0.000000,0.000000,2,-121.57,-121.57,0,0,
08/27/2026,05:48:05:935,0.000000,0.000000,3,-67.48,-67.48,0,0,
08/27/2026,05:48:05:951,0.000000,0.000000,4,-114.81,-114.81,0,0,
08/27/2026,05:48:06:089,0.000000,0.000000,1,-117.1,-117.1,0,0,
08/27/2026,05:48:06:147,0.000000,0.000000,2,-126.02,-126.02,0,0,
08/27/2026,05:48:06:167,0.000000,0.000000,3,-77.28,-77.28,0,0,
08/27/2026,05:48:06:224,0.000000,0.000000,4,-117.16,-117.16,0,0,
08/27/2026,05:48:06:358,0.000000,0.000000,1,-119.78,-119.78,0,0,
08/27/2026,05:48:06:368,0.000000,0.000000,2,-122.3,-122.3,0,0,
08/27/2026,05:48:06:444,0.000000,0.000000,3,-66.15,-66.15,0,0,
08/27/2026,05:48:06:481,0.000000,0.000000,4,-115.33,-115.33,0,0,
08/27/2026,05:48:06:601,0.000000,0.000000,1,-97.4,-97.4,0,0,
08/27/2026,05:48:06:659,0.000000,0.000000,2,-104.65,-104.65,0,0,
08/27/2026,05:48:06:704,0.000000,0.000000,3,-77.49,-77.49,0,0,
08/27/2026,05:48:06:759,0.000000,0.000000,4,-102.68,-102.68,0,0,
08/27/2026,05:48:06:878,0.000000,0.000000,1,-116.48,-116.48,0,0,
08/27/2026,05:48:06:925,0.000000,0.000000,2,-97.89,-97.89,0,0,
08/27/2026,05:48:06:977,0.000000,0.000000,3,-66.91,-66.91,0,0,
08/27/2026,05:48:07:045,0.000000,0.000000,4,-118.31,-118.31,0,0,
08/27/2026,05:48:07:168,0.000000,0.000000,1,-101.18,-101.18,0,0,
08/27/2026,05:48:07:214,0.000000,0.000000,2,-104.01,-104.01,0,0,
08/27/2026,05:48:07:288,0.000000,0.000000,3,-69.5,-69.5,0,0,
08/27/2026,05:48:07:330,0.000000,0.000000,4,-119.2,-119.2,0,0,
08/27/2026,05:48:07:435,0.000000,0.000000,1,-111.96,-111.96,0,0,
08/27/2026,05:48:07:496,0.000000,0.000000,2,-99.53,-99.53,0,0,
08/27/2026,05:48:07:535,0.000000,0.000000,3,-75.85,-75.85,0,0,
08/27/2026,05:48:07:596,0.000000,0.000000,4,-109.24,-109.24,0,0,
08/27/2026,05:48:07:721,0.000000,0.000000,1,-118.71,-118.71,0,0,
08/27/2026,05:48:07:769,0.000000,0.000000,2,-103.92,-103.92,0,0,
08/27/2026,05:48:07:816,0.000000,0.000000,3,-69.36,-69.36,0,0,
08/27/2026,05:48:07:870,0.000000,0.000000,4,-117.08,-117.08,0,0,
08/27/2026,05:48:07:989,0.000000,0.000000,1,-109.22,-109.22,0,0,
08/27/2026,05:48:08:041,0.000000,0.000000,2,-109.47,-109.47,0,0,
08/27/2026,05:48:08:097,0.000000,0.000000,3,-77.88,-77.88,0,0,
08/27/2026,05:48:08:150,0.000000,0.000000,4,-113.2,-113.2,0,0,
08/27/2026,05:48:08:272,0.000000,0.000000,1,-106.53,-106.53,0,0,
08/27/2026,05:48:08:327,0.000000,0.000000,2,-96.9,-96.9,0,0,
08/27/2026,05:48:08:374,0.000000,0.000000,3,-70.84,-70.84,0,0,
08/27/2026,05:48:08:433,0.000000,0.000000,4,-106.22,-106.22,0,0,
08/27/2026,05:48:08:560,0.000000,0.000000,1,-117.22,-117.22,0,0,
08/27/2026,05:48:08:603,0.000000,0.000000,2,-102.46,-102.46,0,0,
08/27/2026,05:48:08:656,0.000000,0.000000,3,-73.99,-73.99,0,0,
08/27/2026,05:48:08:711,0.000000,0.000000,4,-104.12,-104.12,0,0,
08/27/2026,05:48:08:827,0.000000,0.000000,1,-100.81,-100.81,0,0,
08/27/2026,05:48:08:882,0.000000,0.000000,2,-111.37,-111.37,0,0,
08/27/2026,05:48:08:948,0.000000,0.000000,3,-79.89,-79.89,0,0,
08/27/2026,05:48:09:002,0.000000,0.000000,4,-107.5,-107.5,0,0,
08/27/2026,05:48:09:184,0.000000,0.000000,1,-111.28,-111.28,0,0,
08/27/2026,05:48:09:221,0.000000,0.000000,2,-104.93,-104.93,0,0,
08/27/2026,05:48:09:268,0.000000,0.000000,3,-75.91,-75.91,0,0,
08/27/2026,05:48:09:295,0.000000,0.000000,4,-103.39,-103.39,0,0,
08/27/2026,05:48:09:386,0.000000,0.000000,1,-110.88,-110.88,0,0,
08/27/2026,05:48:09:441,0.000000,0.000000,2,-118.43,-118.43,0,0,
08/27/2026,05:48:09:492,0.000000,0.000000,3,-79.32,-79.32,0,0,
08/27/2026,05:48:09:564,0.000000,0.000000,4,-110.19,-110.19,0,0,
08/27/2026,05:48:09:666,0.000000,0.000000,1,-113.8,-113.8,0,0,
08/27/2026,05:48:09:719,0.000000,0.000000,2,-110.54,-110.54,0,0,
08/27/2026,05:48:09:767,0.000000,0.000000,3,-67.65,-67.65,0,0,
08/27/2026,05:48:09:819,0.000000,0.000000,4,-110.35,-110.35,0,0,
08/27/2026,05:48:09:939,0.000000,0.000000,1,-98.64,-98.64,0,0,
08/27/2026,05:48:09:996,0.000000,0.000000,2,-112.47,-112.47,0,0,
08/27/2026,05:48:10:047,0.000000,0.000000,3,-65.86,-65.86,0,0,
08/27/2026,05:48:10:104,0.000000,0.000000,4,-117.56,-117.56,0,0,
08/27/2026,05:48:10:221,0.000000,0.000000,1,-102.88,-102.88,0,0,
08/27/2026,05:48:10:290,0.000000,0.000000,2,-97.11,-97.11,0,0,
08/27/2026,05:48:10:326,0.000000,0.000000,3,-81.96,-81.96,0,0,
08/27/2026,05:48:10:377,0.000000,0.000000,4,-103.61,-103.61,0,0,
08/27/2026,05:48:10:499,0.000000,0.000000,1,-98.17,-98.17,0,0,
08/27/2026,05:48:10:557,0.000000,0.000000,2,-112.27,-112.27,0,0,
08/27/2026,05:48:10:603,0.000000,0.000000,3,-71.66,-71.66,0,0,
08/27/2026,05:48:10:658,0.000000,0.000000,4,-102.02,-102.02,0,0,
08/27/2026,05:48:10:780,0.000000,0.000000,1,-102.94,-102.94,0,0,
08/27/2026,05:48:10:838,0.000000,0.000000,2,-112.38,-112.38,0,0,
08/27/2026,05:48:10:912,0.000000,0.000000,3,-67.72,-67.72,0,0,
08/27/2026,05:48:10:958,0.000000,0.000000,4,-98.92,-98.92,0,0,
08/27/2026,05:48:11:083,0.000000,0.000000,1,-108.38,-108.38,0,0,
08/27/2026,05:48:11:122,0.000000,0.000000,2,-114.23,-114.23,0,0,
08/27/2026,05:48:11:167,0.000000,0.000000,3,-80.09,-80.09,0,0,
08/27/2026,05:48:11:224,0.000000,0.000000,4,-106.69,-106.69,0,0,
08/27/2026,05:48:11:340,0.000000,0.000000,1,-102.48,-102.48,0,0,
08/27/2026,05:48:11:391,0.000000,0.000000,2,-108.87,-108.87,0,0,
08/27/2026,05:48:11:445,0.000000,0.000000,3,-77.82,-77.82,0,0,
08/27/2026,05:48:11:498,0.000000,0.000000,4,-102.5,-102.5,0,0,
08/27/2026,05:48:11:620,0.000000,0.000000,1,-111.19,-111.19,0,0,
08/27/2026,05:48:11:673,0.000000,0.000000,2,-108.02,-108.02,0,0,
08/27/2026,05:48:11:719,0.000000,0.000000,3,-73.67,-73.67,0,0,
08/27/2026,05:48:11:778,0.000000,0.000000,4,-113.65,-113.65,0,0,
08/27/2026,05:48:11:893,0.000000,0.000000,1,-106.58,-106.58,0,0,
08/27/2026,05:48:11:948,0.000000,0.000000,2,-110.1,-110.1,0,0,
08/27/2026,05:48:11:998,0.000000,0.000000,3,-62.2,-62.2,0,0,
08/27/2026,05:48:12:049,0.000000,0.000000,4,-98.58,-98.58,0,0,
08/27/2026,05:48:12:175,0.000000,0.000000,1,-92.98,-92.98,0,0,
08/27/2026,05:48:12:225,0.000000,0.000000,2,-108.83,-108.83,0,0,
08/27/2026,05:48:12:277,0.000000,0.000000,3,-63.02,-63.02,0,0,
08/27/2026,05:48:12:331,0.000000,0.000000,4,-96.08,-96.08,0,0,
08/27/2026,05:48:12:454,0.000000,0.000000,1,-107.14,-107.14,0,0,
08/27/2026,05:48:12:514,0.000000,0.000000,2,-102,-102,0,0,
08/27/2026,05:48:12:558,0.000000,0.000000,3,-72.01,-72.01,0,0,
08/27/2026,05:48:12:627,0.000000,0.000000,4,-104.73,-104.73,0,0,
08/27/2026,05:48:12:752,0.000000,0.000000,1,-104.49,-104.49,0,0,
08/27/2026,05:48:12:792,0.000000,0.000000,2,-108.68,-108.68,0,0,
08/27/2026,05:48:12:833,0.000000,0.000000,3,-68.32,-68.32,0,0,
08/27/2026,05:48:12:919,0.000000,0.000000,4,-108.28,-108.28,0,0,
08/27/2026,05:48:13:011,0.000000,0.000000,1,-96.49,-96.49,0,0,
08/27/2026,05:48:13:060,0.000000,0.000000,2,-110.97,-110.97,0,0,
08/27/2026,05:48:13:118,0.000000,0.000000,3,-64.9,-64.9,0,0,
08/27/2026,05:48:13:169,0.000000,0.000000,4,-97.24,-97.24,0,0,
08/27/2026,05:48:13:289,0.000000,0.000000,1,-93.4,-93.4,0,0,
08/27/2026,05:48:13:344,0.000000,0.000000,2,-105.26,-105.26,0,0,
08/27/2026,05:48:13:391,0.000000,0.000000,3,-63.63,-63.63,0,0,
08/27/2026,05:48:13:445,0.000000,0.000000,4,-98.33,-98.33,0,0,
08/27/2026,05:48:13:570,0.000000,0.000000,1,-95.94,-95.94,0,0,
08/27/2026,05:48:13:617,0.000000,0.000000,2,-101.18,-101.18,0,0,
08/27/2026,05:48:13:674,0.000000,0.000000,3,-65.77,-65.77,0,0,
08/27/2026,05:48:13:732,0.000000,0.000000,4,-104.46,-104.46,0,0,
08/27/2026,05:48:13:844,0.000000,0.000000,1,-99.73,-99.73,0,0,
08/27/2026,05:48:13:899,0.000000,0.000000,2,-91.34,-91.34,0,0,
08/27/2026,05:48:13:948,0.000000,0.000000,3,-67.55,-67.55,0,0,
08/27/2026,05:48:14:012,0.000000,0.000000,4,-95.42,-95.42,0,0,
08/27/2026,05:48:14:232,0.000000,0.000000,1,-95.87,-95.87,0,0,
08/27/2026,05:48:14:250,0.000000,0.000000,2,-96.41,-96.41,0,0,
08/27/2026,05:48:14:265,0.000000,0.000000,3,-65.7,-65.7,0,0,
08/27/2026,05:48:14:292,0.000000,0.000000,4,-94.3,-94.3,0,0,
08/27/2026,05:48:14:400,0.000000,0.000000,1,-103.42,-103.42,0,0,
08/27/2026,05:48:14:473,0.000000,0.000000,2,-96.11,-96.11,0,0,
08/27/2026,05:48:14:521,0.000000,0.000000,3,-69.33,-69.33,0,0,
08/27/2026,05:48:14:567,0.000000,0.000000,4,-95.85,-95.85,0,0,
08/27/2026,05:48:14:680,0.000000,0.000000,1,-93.95,-93.95,0,0,
08/27/2026,05:48:14:738,0.000000,0.000000,2,-91.91,-91.91,0,0,
08/27/2026,05:48:14:789,0.000000,0.000000,3,-64.51,-64.51,0,0,
08/27/2026,05:48:14:838,0.000000,0.000000,4,-112.36,-112.36,0,0,
08/27/2026,05:48:14:962,0.000000,0.000000,1,-92.53,-92.53,0,0,
08/27/2026,05:48:15:048,0.000000,0.000000,2,-96.34,-96.34,0,0,
08/27/2026,05:48:15:074,0.000000,0.000000,3,-66.06,-66.06,0,0,
08/27/2026,05:48:15:128,0.000000,0.000000,4,-98.26,-98.26,0,0,
08/27/2026,05:48:15:238,0.000000,0.000000,1,-104.69,-104.69,0,0,
08/27/2026,05:48:15:299,0.000000,0.000000,2,-97.03,-97.03,0,0,
08/27/2026,05:48:15:343,0.000000,0.000000,3,-70.92,-70.92,0,0,
08/27/2026,05:48:15:398,0.000000,0.000000,4,-94.96,-94.96,0,0,
08/27/2026,05:48:15:522,0.000000,0.000000,1,-94.17,-94.17,0,0,
08/27/2026,05:48:15:569,0.000000,0.000000,2,-92.6,-92.6,0,0,
08/27/2026,05:48:15:632,0.000000,0.000000,3,-62.03,-62.03,0,0,
08/27/2026,05:48:15:682,0.000000,0.000000,4,-107.35,-107.35,0,0,
08/27/2026,05:48:15:796,0.000000,0.000000,1,-93.88,-93.88,0,0,
08/27/2026,05:48:15:849,0.000000,0.000000,2,-92.84,-92.84,0,0,
08/27/2026,05:48:15:900,0.000000,0.000000,3,-61.38,-61.38,0,0,
08/27/2026,05:48:15:956,0.000000,0.000000,4,-97.13,-97.13,0,0,
08/27/2026,05:48:16:112,0.000000,0.000000,1,-99.42,-99.42,0,0,
08/27/2026,05:48:16:128,0.000000,0.000000,2,-100.48,-100.48,0,0,
08/27/2026,05:48:16:180,0.000000,0.000000,3,-60.62,-60.62,0,0,
08/27/2026,05:48:16:234,0.000000,0.000000,4,-109.04,-109.04,0,0,
08/27/2026,05:48:16:358,0.000000,0.000000,1,-97.75,-97.75,0,0,
08/27/2026,05:48:16:408,0.000000,0.000000,2,-95.27,-95.27,0,0,
08/27/2026,05:48:16:465,0.000000,0.000000,3,-61.65,-61.65,0,0,
08/27/2026,05:48:16:522,0.000000,0.000000,4,-105.2,-105.2,0,0,
08/27/2026,05:48:16:657,0.000000,0.000000,1,-96.6,-96.6,0,0,
08/27/2026,05:48:16:696,0.000000,0.000000,2,-98.5,-98.5,0,0,
08/27/2026,05:48:16:741,0.000000,0.000000,3,-68.49,-68.49,0,0,
08/27/2026,05:48:16:817,0.000000,0.000000,4,-95.64,-95.64,0,0,
08/27/2026,05:48:16:911,0.000000,0.000000,1,-108.09,-108.09,0,0,
08/27/2026,05:48:16:969,0.000000,0.000000,2,-91.96,-91.96,0,0,
08/27/2026,05:48:17:021,0.000000,0.000000,3,-62.5,-62.5,0,0,
08/27/2026,05:48:17:071,0.000000,0.000000,4,-100.19,-100.19,0,0,
08/27/2026,05:48:17:189,0.000000,0.000000,1,-99.1,-99.1,0,0,
08/27/2026,05:48:17:254,0.000000,0.000000,2,-96.25,-96.25,0,0,
08/27/2026,05:48:17:300,0.000000,0.000000,3,-80.45,-80.45,0,0,
08/27/2026,05:48:17:352,0.000000,0.000000,4,-87.53,-87.53,0,0,
08/27/2026,05:48:17:468,0.000000,0.000000,1,-88.55,-88.55,0,0,
08/27/2026,05:48:17:525,0.000000,0.000000,2,-98.55,-98.55,0,0,
08/27/2026,05:48:17:604,0.000000,0.000000,3,-68.33,-68.33,0,0,
08/27/2026,05:48:17:635,0.000000,0.000000,4,-85.26,-85.26,0,0,
08/27/2026,05:48:17:755,0.000000,0.000000,1,-85.81,-85.81,0,0,
08/27/2026,05:48:17:807,0.000000,0.000000,2,-86.76,-86.76,0,0,
08/27/2026,05:48:17:859,0.000000,0.000000,3,-71.11,-71.11,0,0,
08/27/2026,05:48:17:904,0.000000,0.000000,4,-112.91,-112.91,0,0,
08/27/2026,05:48:18:032,0.000000,0.000000,1,-106.84,-106.84,0,0,
08/27/2026,05:48:18:093,0.000000,0.000000,2,-100.82,-100.82,0,0,
08/27/2026,05:48:18:139,0.000000,0.000000,3,-64,-64,0,0,
08/27/2026,05:48:18:189,0.000000,0.000000,4,-111.9,-111.9,0,0,
08/27/2026,05:48:18:310,0.000000,0.000000,1,-102.73,-102.73,0,0,
08/27/2026,05:48:18:374,0.000000,0.000000,2,-93.81,-93.81,0,0,
08/27/2026,05:48:18:411,0.000000,0.000000,3,-71.64,-71.64,0,0,
08/27/2026,05:48:18:489,0.000000,0.000000,4,-108.38,-108.38,0,0,
08/27/2026,05:48:18:610,0.000000,0.000000,1,-107.54,-107.54,0,0,
08/27/2026,05:48:18:653,0.000000,0.000000,2,-91.5,-91.5,0,0,
08/27/2026,05:48:18:700,0.000000,0.000000,3,-67.5,-67.5,0,0,
08/27/2026,05:48:18:742,0.000000,0.000000,4,-108.4,-108.4,0,0,
08/27/2026,05:48:18:883,0.000000,0.000000,1,-111.84,-111.84,0,0,
08/27/2026,05:48:18:917,0.000000,0.000000,2,-103.67,-103.67,0,0,
08/27/2026,05:48:18:967,0.000000,0.000000,3,-66.7,-66.7,0,0,
08/27/2026,05:48:19:020,0.000000,0.000000,4,-96.66,-96.66,0,0,
08/27/2026,05:48:19:157,0.000000,0.000000,1,-99.8,-99.8,0,0,
08/27/2026,05:48:19:230,0.000000,0.000000,2,-102.44,-102.44,0,0,
08/27/2026,05:48:19:251,0.000000,0.000000,3,-66.17,-66.17,0,0,
08/27/2026,05:48:19:382,0.000000,0.000000,4,-108.8,-108.8,0,0,
08/27/2026,05:48:19:421,0.000000,0.000000,1,-107.16,-107.16,0,0,
08/27/2026,05:48:19:479,0.000000,0.000000,2,-117.42,-117.42,0,0,
08/27/2026,05:48:19:531,0.000000,0.000000,3,-63.29,-63.29,0,0,
08/27/2026,05:48:19:589,0.000000,0.000000,4,-87.34,-87.34,0,0,
08/27/2026,05:48:19:706,0.000000,0.000000,1,-96.63,-96.63,0,0,
08/27/2026,05:48:19:753,0.000000,0.000000,2,-101.18,-101.18,0,0,
08/27/2026,05:48:19:814,0.000000,0.000000,3,-67.3,-67.3,0,0,
08/27/2026,05:48:19:861,0.000000,0.000000,4,-107.5,-107.5,0,0,
08/27/2026,05:48:19:977,0.000000,0.000000,1,-106.53,-106.53,0,0,
08/27/2026,05:48:20:052,0.000000,0.000000,2,-111.01,-111.01,0,0,
08/27/2026,05:48:20:097,0.000000,0.000000,3,-70.67,-70.67,0,0,
08/27/2026,05:48:20:139,0.000000,0.000000,4,-109.6,-109.6,0,0,
08/27/2026,05:48:20:268,0.000000,0.000000,1,-110.49,-110.49,0,0,
08/27/2026,05:48:20:308,0.000000,0.000000,2,-107.42,-107.42,0,0,
08/27/2026,05:48:20:361,0.000000,0.000000,3,-63.03,-63.03,0,0,
08/27/2026,05:48:20:416,0.000000,0.000000,4,-99.31,-99.31,0,0,
08/27/2026,05:48:20:534,0.000000,0.000000,1,-111.07,-111.07,0,0,
08/27/2026,05:48:20:588,0.000000,0.000000,2,-108.58,-108.58,0,0,
08/27/2026,05:48:20:644,0.000000,0.000000,3,-60.35,-60.35,0,0,
08/27/2026,05:48:20:695,0.000000,0.000000,4,-103.4,-103.4,0,0,
08/27/2026,05:48:20:816,0.000000,0.000000,1,-112.69,-112.69,0,0,
08/27/2026,05:48:20:874,0.000000,0.000000,2,-109.94,-109.94,0,0,
08/27/2026,05:48:20:946,0.000000,0.000000,3,-63.44,-63.44,0,0,
08/27/2026,05:48:20:976,0.000000,0.000000,4,-110.76,-110.76,0,0,
08/27/2026,05:48:21:101,0.000000,0.000000,1,-103.35,-103.35,0,0,
08/27/2026,05:48:21:176,0.000000,0.000000,2,-112.26,-112.26,0,0,
08/27/2026,05:48:21:197,0.000000,0.000000,3,-65.19,-65.19,0,0,
08/27/2026,05:48:21:256,0.000000,0.000000,4,-104.28,-104.28,0,0,
08/27/2026,05:48:21:380,0.000000,0.000000,1,-108.08,-108.08,0,0,
08/27/2026,05:48:21:440,0.000000,0.000000,2,-105.47,-105.47,0,0,
08/27/2026,05:48:21:479,0.000000,0.000000,3,-69.34,-69.34,0,0,
08/27/2026,05:48:21:537,0.000000,0.000000,4,-109.58,-109.58,0,0,
08/27/2026,05:48:21:651,0.000000,0.000000,1,-105.33,-105.33,0,0,
08/27/2026,05:48:21:703,0.000000,0.000000,2,-106.35,-106.35,0,0,
08/27/2026,05:48:21:754,0.000000,0.000000,3,-68.72,-68.72,0,0,
08/27/2026,05:48:21:810,0.000000,0.000000,4,-111.65,-111.65,0,0,
08/27/2026,05:48:21:931,0.000000,0.000000,1,-107.43,-107.43,0,0,
08/27/2026,05:48:21:986,0.000000,0.000000,2,-111.33,-111.33,0,0,
08/27/2026,05:48:22:074,0.000000,0.000000,3,-59.66,-59.66,0,0,
08/27/2026,05:48:22:118,0.000000,0.000000,4,-105.59,-105.59,0,0,
08/27/2026,05:48:22:256,0.000000,0.000000,1,-107.96,-107.96,0,0,
08/27/2026,05:48:22:345,0.000000,0.000000,2,-107.37,-107.37,0,0,
08/27/2026,05:48:22:394,0.000000,0.000000,3,-58.66,-58.66,0,0,
08/27/2026,05:48:22:408,0.000000,0.000000,4,-108.75,-108.75,0,0,
08/27/2026,05:48:22:491,0.000000,0.000000,1,-103.24,-103.24,0,0,
08/27/2026,05:48:22:537,0.000000,0.000000,2,-106.13,-106.13,0,0,
08/27/2026,05:48:22:599,0.000000,0.000000,3,-69.61,-69.61,0,0,
08/27/2026,05:48:22:646,0.000000,0.000000,4,-115.19,-115.19,0,0,
08/27/2026,05:48:22:773,0.000000,0.000000,1,-104.04,-104.04,0,0,
08/27/2026,05:48:22:820,0.000000,0.000000,2,-107.68,-107.68,0,0,
08/27/2026,05:48:22:876,0.000000,0.000000,3,-57.07,-57.07,0,0,
08/27/2026,05:48:22:929,0.000000,0.000000,4,-101.15,-101.15,0,0,
08/27/2026,05:48:23:064,0.000000,0.000000,1,-107.84,-107.84,0,0,
08/27/2026,05:48:23:097,0.000000,0.000000,2,-112.25,-112.25,0,0,
08/27/2026,05:48:23:148,0.000000,0.000000,3,-69.14,-69.14,0,0,
08/27/2026,05:48:23:201,0.000000,0.000000,4,-112.48,-112.48,0,0,
08/27/2026,05:48:23:322,0.000000,0.000000,1,-111.18,-111.18,0,0,
08/27/2026,05:48:23:376,0.000000,0.000000,2,-110.8,-110.8,0,0,
08/27/2026,05:48:23:432,0.000000,0.000000,3,-60.73,-60.73,0,0,
08/27/2026,05:48:23:490,0.000000,0.000000,4,-101.38,-101.38,0,0,
08/27/2026,05:48:23:609,0.000000,0.000000,1,-116.31,-116.31,0,0,
08/27/2026,05:48:23:660,0.000000,0.000000,2,-108.24,-108.24,0,0,
08/27/2026,05:48:23:712,0.000000,0.000000,3,-73.01,-73.01,0,0,
08/27/2026,05:48:23:761,0.000000,0.000000,4,-95.39,-95.39,0,0,
08/27/2026,05:48:23:902,0.000000,0.000000,1,-105.51,-105.51,0,0,
08/27/2026,05:48:23:944,0.000000,0.000000,2,-110.74,-110.74,0,0,
08/27/2026,05:48:23:993,0.000000,0.000000,3,-61.23,-61.23,0,0,
08/27/2026,05:48:24:040,0.000000,0.000000,4,-110.59,-110.59,0,0,
08/27/2026,05:48:24:169,0.000000,0.000000,1,-109.39,-109.39,0,0,
08/27/2026,05:48:24:222,0.000000,0.000000,2,-102.11,-102.11,0,0,
08/27/2026,05:48:24:264,0.000000,0.000000,3,-61.35,-61.35,0,0,
08/27/2026,05:48:24:317,0.000000,0.000000,4,-115.18,-115.18,0,0,
08/27/2026,05:48:24:520,0.000000,0.000000,1,-103.42,-103.42,0,0,
08/27/2026,05:48:24:532,0.000000,0.000000,2,-106.48,-106.48,0,0,
08/27/2026,05:48:24:554,0.000000,0.000000,3,-58.47,-58.47,0,0,
08/27/2026,05:48:24:603,0.000000,0.000000,4,-111.62,-111.62,0,0,
08/27/2026,05:48:24:737,0.000000,0.000000,1,-107.26,-107.26,0,0,
08/27/2026,05:48:24:769,0.000000,0.000000,2,-106.08,-106.08,0,0,
08/27/2026,05:48:24:826,0.000000,0.000000,3,-66.06,-66.06,0,0,
08/27/2026,05:48:24:875,0.000000,0.000000,4,-113.73,-113.73,0,0,
08/27/2026,05:48:25:001,0.000000,0.000000,1,-104.48,-104.48,0,0,
08/27/2026,05:48:25:060,0.000000,0.000000,2,-106.78,-106.78,0,0,
08/27/2026,05:48:25:106,0.000000,0.000000,3,-58.14,-58.14,0,0,
08/27/2026,05:48:25:159,0.000000,0.000000,4,-110.05,-110.05,0,0,
08/27/2026,05:48:25:287,0.000000,0.000000,1,-110.25,-110.25,0,0,
08/27/2026,05:48:25:328,0.000000,0.000000,2,-105.09,-105.09,0,0,
08/27/2026,05:48:25:383,0.000000,0.000000,3,-65.04,-65.04,0,0,
08/27/2026,05:48:25:431,0.000000,0.000000,4,-116.65,-116.65,0,0,
08/27/2026,05:48:25:578,0.000000,0.000000,1,-105.28,-105.28,0,0,
08/27/2026,05:48:25:631,0.000000,0.000000,2,-106.35,-106.35,0,0,
08/27/2026,05:48:25:673,0.000000,0.000000,3,-58.43,-58.43,0,0,
08/27/2026,05:48:25:713,0.000000,0.000000,4,-108.39,-108.39,0,0,
08/27/2026,05:48:25:845,0.000000,0.000000,1,-103.06,-103.06,0,0,
08/27/2026,05:48:25:893,0.000000,0.000000,2,-103.02,-103.02,0,0,
08/27/2026,05:48:25:938,0.000000,0.000000,3,-68.55,-68.55,0,0,
08/27/2026,05:48:26:003,0.000000,0.000000,4,-116.55,-116.55,0,0,
08/27/2026,05:48:26:112,0.000000,0.000000,1,-106.38,-106.38,0,0,
08/27/2026,05:48:26:167,0.000000,0.000000,2,-108.47,-108.47,0,0,
08/27/2026,05:48:26:216,0.000000,0.000000,3,-62.09,-62.09,0,0,
08/27/2026,05:48:26:280,0.000000,0.000000,4,-111.47,-111.47,0,0,
08/27/2026,05:48:26:436,0.000000,0.000000,1,-104.83,-104.83,0,0,
08/27/2026,05:48:26:470,0.000000,0.000000,2,-102.32,-102.32,0,0,
08/27/2026,05:48:26:511,0.000000,0.000000,3,-72.89,-72.89,0,0,
08/27/2026,05:48:26:560,0.000000,0.000000,4,-117.96,-117.96,0,0,
08/27/2026,05:48:26:678,0.000000,0.000000,1,-110.11,-110.11,0,0,
08/27/2026,05:48:26:722,0.000000,0.000000,2,-103.45,-103.45,0,0,
08/27/2026,05:48:26:829,0.000000,0.000000,3,-59.76,-59.76,0,0,
08/27/2026,05:48:26:854,0.000000,0.000000,4,-111.55,-111.55,0,0,
08/27/2026,05:48:27:019,0.000000,0.000000,1,-104.94,-104.94,0,0,
08/27/2026,05:48:27:108,0.000000,0.000000,2,-106.47,-106.47,0,0,
08/27/2026,05:48:27:131,0.000000,0.000000,3,-64.63,-64.63,0,0,
08/27/2026,05:48:27:132,0.000000,0.000000,4,-112.71,-112.71,0,0,
08/27/2026,05:48:27:228,0.000000,0.000000,1,-111.5,-111.5,0,0,
08/27/2026,05:48:27:286,0.000000,0.000000,2,-102.45,-102.45,0,0,
08/27/2026,05:48:27:333,0.000000,0.000000,3,-64.85,-64.85,0,0,
08/27/2026,05:48:27:385,0.000000,0.000000,4,-116.73,-116.73,0,0,
08/27/2026,05:48:27:503,0.000000,0.000000,1,-109.21,-109.21,0,0,
08/27/2026,05:48:27:561,0.000000,0.000000,2,-114.35,-114.35,0,0,
08/27/2026,05:48:27:618,0.000000,0.000000,3,-65.6,-65.6,0,0,
08/27/2026,05:48:27:683,0.000000,0.000000,4,-114.41,-114.41,0,0,
08/27/2026,05:48:27:781,0.000000,0.000000,1,-109.11,-109.11,0,0,
08/27/2026,05:48:27:859,0.000000,0.000000,2,-106.27,-106.27,0,0,
08/27/2026,05:48:27:910,0.000000,0.000000,3,-67.46,-67.46,0,0,
08/27/2026,05:48:27:951,0.000000,0.000000,4,-113.51,-113.51,0,0,
08/27/2026,05:48:28:063,0.000000,0.000000,1,-114.47,-114.47,0,0,
08/27/2026,05:48:28:124,0.000000,0.000000,2,-108.7,-108.7,0,0,
08/27/2026,05:48:28:195,0.000000,0.000000,3,-65.93,-65.93,0,0,
08/27/2026,05:48:28:221,0.000000,0.000000,4,-115.37,-115.37,0,0,
08/27/2026,05:48:28:343,0.000000,0.000000,1,-107.38,-107.38,0,0,
08/27/2026,05:48:28:396,0.000000,0.000000,2,-106.84,-106.84,0,0,
08/27/2026,05:48:28:450,0.000000,0.000000,3,-63.66,-63.66,0,0,
08/27/2026,05:48:28:504,0.000000,0.000000,4,-114.74,-114.74,0,0,
08/27/2026,05:48:28:622,0.000000,0.000000,1,-106.03,-106.03,0,0,
08/27/2026,05:48:28:675,0.000000,0.000000,2,-105.19,-105.19,0,0,
08/27/2026,05:48:28:731,0.000000,0.000000,3,-64.13,-64.13,0,0,
08/27/2026,05:48:28:779,0.000000,0.000000,4,-115.74,-115.74,0,0,
08/27/2026,05:48:28:899,0.000000,0.000000,1,-110.72,-110.72,0,0,
08/27/2026,05:48:28:950,0.000000,0.000000,2,-115.04,-115.04,0,0,
08/27/2026,05:48:29:004,0.000000,0.000000,3,-71.67,-71.67,0,0,
08/27/2026,05:48:29:056,0.000000,0.000000,4,-118.74,-118.74,0,0,
08/27/2026,05:48:29:185,0.000000,0.000000,1,-103.23,-103.23,0,0,
08/27/2026,05:48:29:235,0.000000,0.000000,2,-105.82,-105.82,0,0,
08/27/2026,05:48:29:281,0.000000,0.000000,3,-67.95,-67.95,0,0,
08/27/2026,05:48:29:338,0.000000,0.000000,4,-114.99,-114.99,0,0,
08/27/2026,05:48:29:487,0.000000,0.000000,1,-108.01,-108.01,0,0,
08/27/2026,05:48:29:536,0.000000,0.000000,2,-110.97,-110.97,0,0,
08/27/2026,05:48:29:675,0.000000,0.000000,3,-77.21,-77.21,0,0,
08/27/2026,05:48:29:697,0.000000,0.000000,4,-119.83,-119.83,0,0,
08/27/2026,05:48:29:739,0.000000,0.000000,1,-108.94,-108.94,0,0,
08/27/2026,05:48:29:787,0.000000,0.000000,2,-113.17,-113.17,0,0,
08/27/2026,05:48:29:842,0.000000,0.000000,3,-70.69,-70.69,0,0,
08/27/2026,05:48:29:891,0.000000,0.000000,4,-119.3,-119.3,0,0,
08/27/2026,05:48:30:026,0.000000,0.000000,1,-110.94,-110.94,0,0,
08/27/2026,05:48:30:067,0.000000,0.000000,2,-109.37,-109.37,0,0,
08/27/2026,05:48:30:123,0.000000,0.000000,3,-67.47,-67.47,0,0,
08/27/2026,05:48:30:199,0.000000,0.000000,4,-117.95,-117.95,0,0,
08/27/2026,05:48:30:335,0.000000,0.000000,1,-111.82,-111.82,0,0,
08/27/2026,05:48:30:354,0.000000,0.000000,2,-112.83,-112.83,0,0,
08/27/2026,05:48:30:421,0.000000,0.000000,3,-73.52,-73.52,0,0,
08/27/2026,05:48:30:470,0.000000,0.000000,4,-120.12,-120.12,0,0,
08/27/2026,05:48:30:596,0.000000,0.000000,1,-109.88,-109.88,0,0,
08/27/2026,05:48:30:630,0.000000,0.000000,2,-107.91,-107.91,0,0,
08/27/2026,05:48:30:682,0.000000,0.000000,3,-75.32,-75.32,0,0,
08/27/2026,05:48:30:748,0.000000,0.000000,4,-111.3,-111.3,0,0,
08/27/2026,05:48:30:883,0.000000,0.000000,1,-108.78,-108.78,0,0,
08/27/2026,05:48:30:907,0.000000,0.000000,2,-112.44,-112.44,0,0,
08/27/2026,05:48:30:958,0.000000,0.000000,3,-75.47,-75.47,0,0,
08/27/2026,05:48:31:021,0.000000,0.000000,4,-113.42,-113.42,0,0,
08/27/2026,05:48:31:148,0.000000,0.000000,1,-109.03,-109.03,0,0,
08/27/2026,05:48:31:193,0.000000,0.000000,2,-115.36,-115.36,0,0,
08/27/2026,05:48:31:237,0.000000,0.000000,3,-73.96,-73.96,0,0,
08/27/2026,05:48:31:292,0.000000,0.000000,4,-109.29,-109.29,0,0,
08/27/2026,05:48:31:407,0.000000,0.000000,1,-110.78,-110.78,0,0,
08/27/2026,05:48:31:460,0.000000,0.000000,2,-117.26,-117.26,0,0,
08/27/2026,05:48:31:540,0.000000,0.000000,3,-68.62,-68.62,0,0,
08/27/2026,05:48:31:570,0.000000,0.000000,4,-116.82,-116.82,0,0,
08/27/2026,05:48:31:724,0.000000,0.000000,1,-111.98,-111.98,0,0,
08/27/2026,05:48:31:737,0.000000,0.000000,2,-114.49,-114.49,0,0,
08/27/2026,05:48:31:795,0.000000,0.000000,3,-69.14,-69.14,0,0,
08/27/2026,05:48:31:849,0.000000,0.000000,4,-107.67,-107.67,0,0,
08/27/2026,05:48:31:972,0.000000,0.000000,1,-115.4,-115.4,0,0,
08/27/2026,05:48:32:059,0.000000,0.000000,2,-119.88,-119.88,0,0,
08/27/2026,05:48:32:099,0.000000,0.000000,3,-75.94,-75.94,0,0,
08/27/2026,05:48:32:150,0.000000,0.000000,4,-114.75,-114.75,0,0,
08/27/2026,05:48:32:243,0.000000,0.000000,1,-124.67,-124.67,0,0,
08/27/2026,05:48:32:304,0.000000,0.000000,2,-125.3,-125.3,0,0,
08/27/2026,05:48:32:358,0.000000,0.000000,3,-73.61,-73.61,0,0,
08/27/2026,05:48:32:406,0.000000,0.000000,4,-115.78,-115.78,0,0,
08/27/2026,05:48:32:523,0.000000,0.000000,1,-121.58,-121.58,0,0,
08/27/2026,05:48:32:577,0.000000,0.000000,2,-125.59,-125.59,0,0,
08/27/2026,05:48:32:629,0.000000,0.000000,3,-78.58,-78.58,0,0,
08/27/2026,05:48:32:684,0.000000,0.000000,4,-113.91,-113.91,0,0,
08/27/2026,05:48:32:803,0.000000,0.000000,1,-125,-125,0,0,
08/27/2026,05:48:32:854,0.000000,0.000000,2,-125.68,-125.68,0,0,
08/27/2026,05:48:32:911,0.000000,0.000000,3,-75.89,-75.89,0,0,
08/27/2026,05:48:32:967,0.000000,0.000000,4,-114.4,-114.4,0,0,
08/27/2026,05:48:33:080,0.000000,0.000000,1,-123.57,-123.57,0,0,
08/27/2026,05:48:33:140,0.000000,0.000000,2,-124.04,-124.04,0,0,
08/27/2026,05:48:33:190,0.000000,0.000000,3,-67.87,-67.87,0,0,
08/27/2026,05:48:33:258,0.000000,0.000000,4,-110.59,-110.59,0,0,
08/27/2026,05:48:33:362,0.000000,0.000000,1,-123.71,-123.71,0,0,
08/27/2026,05:48:33:458,0.000000,0.000000,2,-123.92,-123.92,0,0,
08/27/2026,05:48:33:469,0.000000,0.000000,3,-64.59,-64.59,0,0,
08/27/2026,05:48:33:518,0.000000,0.000000,4,-111.37,-111.37,0,0,
08/27/2026,05:48:33:651,0.000000,0.000000,1,-124.08,-124.08,0,0,
08/27/2026,05:48:33:690,0.000000,0.000000,2,-124.35,-124.35,0,0,
08/27/2026,05:48:33:749,0.000000,0.000000,3,-68.61,-68.61,0,0,
08/27/2026,05:48:33:801,0.000000,0.000000,4,-111.12,-111.12,0,0,
08/27/2026,05:48:33:960,0.000000,0.000000,1,-124.96,-124.96,0,0,
08/27/2026,05:48:33:993,0.000000,0.000000,2,-124.14,-124.14,0,0,
08/27/2026,05:48:34:029,0.000000,0.000000,3,-67.39,-67.39,0,0,
08/27/2026,05:48:34:075,0.000000,0.000000,4,-107.56,-107.56,0,0,
08/27/2026,05:48:34:198,0.000000,0.000000,1,-121.84,-121.84,0,0,
08/27/2026,05:48:34:247,0.000000,0.000000,2,-123.52,-123.52,0,0,
08/27/2026,05:48:34:301,0.000000,0.000000,3,-65.49,-65.49,0,0,
08/27/2026,05:48:34:361,0.000000,0.000000,4,-112.98,-112.98,0,0,
08/27/2026,05:48:34:477,0.000000,0.000000,1,-122.28,-122.28,0,0,
08/27/2026,05:48:34:538,0.000000,0.000000,2,-125.11,-125.11,0,0,
08/27/2026,05:48:34:634,0.000000,0.000000,3,-68.5,-68.5,0,0,
08/27/2026,05:48:34:645,0.000000,0.000000,4,-110.6,-110.6,0,0,
08/27/2026,05:48:34:822,0.000000,0.000000,1,-118.31,-118.31,0,0,
08/27/2026,05:48:34:842,0.000000,0.000000,2,-112.12,-112.12,0,0,
08/27/2026,05:48:34:863,0.000000,0.000000,3,-66.03,-66.03,0,0,
08/27/2026,05:48:34:912,0.000000,0.000000,4,-112.01,-112.01,0,0,
08/27/2026,05:48:35:039,0.000000,0.000000,1,-118.13,-118.13,0,0,
08/27/2026,05:48:35:094,0.000000,0.000000,2,-112.1,-112.1,0,0,
08/27/2026,05:48:35:141,0.000000,0.000000,3,-71.91,-71.91,0,0,
08/27/2026,05:48:35:193,0.000000,0.000000,4,-111.08,-111.08,0,0,
08/27/2026,05:48:35:313,0.000000,0.000000,1,-119.22,-119.22,0,0,
08/27/2026,05:48:35:370,0.000000,0.000000,2,-113.29,-113.29,0,0,
08/27/2026,05:48:35:421,0.000000,0.000000,3,-70.34,-70.34,0,0,
08/27/2026,05:48:35:468,0.000000,0.000000,4,-113.79,-113.79,0,0,
08/27/2026,05:48:35:607,0.000000,0.000000,1,-119.39,-119.39,0,0,
08/27/2026,05:48:35:643,0.000000,0.000000,2,-106.8,-106.8,0,0,
08/27/2026,05:48:35:695,0.000000,0.000000,3,-70.28,-70.28,0,0,
08/27/2026,05:48:35:758,0.000000,0.000000,4,-113.85,-113.85,0,0,
08/27/2026,05:48:35:905,0.000000,0.000000,1,-116.1,-116.1,0,0,
08/27/2026,05:48:35:986,0.000000,0.000000,2,-112.27,-112.27,0,0,
08/27/2026,05:48:36:005,0.000000,0.000000,3,-72.04,-72.04,0,0,
08/27/2026,05:48:36:041,0.000000,0.000000,4,-116.76,-116.76,0,0,
08/27/2026,05:48:36:146,0.000000,0.000000,1,-119.47,-119.47,0,0,
08/27/2026,05:48:36:204,0.000000,0.000000,2,-110.08,-110.08,0,0,
08/27/2026,05:48:36:254,0.000000,0.000000,3,-70.97,-70.97,0,0,
08/27/2026,05:48:36:313,0.000000,0.000000,4,-109.37,-109.37,0,0,
08/27/2026,05:48:36:434,0.000000,0.000000,1,-117.67,-117.67,0,0,
08/27/2026,05:48:36:493,0.000000,0.000000,2,-110.71,-110.71,0,0,
08/27/2026,05:48:36:538,0.000000,0.000000,3,-66.54,-66.54,0,0,
08/27/2026,05:48:36:591,0.000000,0.000000,4,-111.01,-111.01,0,0,
08/27/2026,05:48:36:705,0.000000,0.000000,1,-114.88,-114.88,0,0,
08/27/2026,05:48:36:764,0.000000,0.000000,2,-112.15,-112.15,0,0,
08/27/2026,05:48:36:809,0.000000,0.000000,3,-70.01,-70.01,0,0,
08/27/2026,05:48:36:865,0.000000,0.000000,4,-113.07,-113.07,0,0,
08/27/2026,05:48:36:985,0.000000,0.000000,1,-118.77,-118.77,0,0,
08/27/2026,05:48:37:042,0.000000,0.000000,2,-111.39,-111.39,0,0,
08/27/2026,05:48:37:087,0.000000,0.000000,3,-67.96,-67.96,0,0,
08/27/2026,05:48:37:143,0.000000,0.000000,4,-111.81,-111.81,0,0,
08/27/2026,05:48:37:264,0.000000,0.000000,1,-120.09,-120.09,0,0,
08/27/2026,05:48:37:318,0.000000,0.000000,2,-115.84,-115.84,0,0,
08/27/2026,05:48:37:367,0.000000,0.000000,3,-65.48,-65.48,0,0,
08/27/2026,05:48:37:420,0.000000,0.000000,4,-113.85,-113.85,0,0,
08/27/2026,05:48:37:547,0.000000,0.000000,1,-117.04,-117.04,0,0,
08/27/2026,05:48:37:602,0.000000,0.000000,2,-109.78,-109.78,0,0,
08/27/2026,05:48:37:683,0.000000,0.000000,3,-66.93,-66.93,0,0,
08/27/2026,05:48:37:728,0.000000,0.000000,4,-113.59,-113.59,0,0,
08/27/2026,05:48:37:858,0.000000,0.000000,1,-118.52,-118.52,0,0,
08/27/2026,05:48:37:961,0.000000,0.000000,2,-108.49,-108.49,0,0,
08/27/2026,05:48:38:009,0.000000,0.000000,3,-68.01,-68.01,0,0,
08/27/2026,05:48:38:041,0.000000,0.000000,4,-116.78,-116.78,0,0,
08/27/2026,05:48:38:099,0.000000,0.000000,1,-121.27,-121.27,0,0,
08/27/2026,05:48:38:160,0.000000,0.000000,2,-113.73,-113.73,0,0,
08/27/2026,05:48:38:225,0.000000,0.000000,3,-75.87,-75.87,0,0,
08/27/2026,05:48:38:258,0.000000,0.000000,4,-113.91,-113.91,0,0,
08/27/2026,05:48:38:378,0.000000,0.000000,1,-114.71,-114.71,0,0,
08/27/2026,05:48:38:456,0.000000,0.000000,2,-108.05,-108.05,0,0,
08/27/2026,05:48:38:483,0.000000,0.000000,3,-70.08,-70.08,0,0,
08/27/2026,05:48:38:535,0.000000,0.000000,4,-110.03,-110.03,0,0,
08/27/2026,05:48:38:663,0.000000,0.000000,1,-111.77,-111.77,0,0,
08/27/2026,05:48:38:711,0.000000,0.000000,2,-108.04,-108.04,0,0,
08/27/2026,05:48:38:765,0.000000,0.000000,3,-67.04,-67.04,0,0,
08/27/2026,05:48:38:825,0.000000,0.000000,4,-108.29,-108.29,0,0,
08/27/2026,05:48:38:944,0.000000,0.000000,1,-114.28,-114.28,0,0,
08/27/2026,05:48:38:992,0.000000,0.000000,2,-126.62,-126.62,0,0,
08/27/2026,05:48:39:044,0.000000,0.000000,3,-61.01,-61.01,0,0,
08/27/2026,05:48:39:096,0.000000,0.000000,4,-107.55,-107.55,0,0,
08/27/2026,05:48:39:215,0.000000,0.000000,1,-111.19,-111.19,0,0,
08/27/2026,05:48:39:270,0.000000,0.000000,2,-116.55,-116.55,0,0,
08/27/2026,05:48:39:321,0.000000,0.000000,3,-59.54,-59.54,0,0,
08/27/2026,05:48:39:376,0.000000,0.000000,4,-104.24,-104.24,0,0,
08/27/2026,05:48:39:502,0.000000,0.000000,1,-107.51,-107.51,0,0,
08/27/2026,05:48:39:558,0.000000,0.000000,2,-115.01,-115.01,0,0,
08/27/2026,05:48:39:599,0.000000,0.000000,3,-59.62,-59.62,0,0,
08/27/2026,05:48:39:651,0.000000,0.000000,4,-103.38,-103.38,0,0,
08/27/2026,05:48:39:772,0.000000,0.000000,1,-110.95,-110.95,0,0,
08/27/2026,05:48:39:838,0.000000,0.000000,2,-119.6,-119.6,0,0,
08/27/2026,05:48:39:952,0.000000,0.000000,3,-61.15,-61.15,0,0,
08/27/2026,05:48:39:963,0.000000,0.000000,4,-107.31,-107.31,0,0,
08/27/2026,05:48:40:053,0.000000,0.000000,1,-110.24,-110.24,0,0,
08/27/2026,05:48:40:111,0.000000,0.000000,2,-116.37,-116.37,0,0,
08/27/2026,05:48:40:159,0.000000,0.000000,3,-64.65,-64.65,0,0,
08/27/2026,05:48:40:207,0.000000,0.000000,4,-104.9,-104.9,0,0,
08/27/2026,05:48:40:329,0.000000,0.000000,1,-104.16,-104.16,0,0,
08/27/2026,05:48:40:387,0.000000,0.000000,2,-114.37,-114.37,0,0,
08/27/2026,05:48:40:455,0.000000,0.000000,3,-66.77,-66.77,0,0,
08/27/2026,05:48:40:509,0.000000,0.000000,4,-106.71,-106.71,0,0,
08/27/2026,05:48:40:642,0.000000,0.000000,1,-109.41,-109.41,0,0,
08/27/2026,05:48:40:739,0.000000,0.000000,2,-120.5,-120.5,0,0,
08/27/2026,05:48:40:759,0.000000,0.000000,3,-59.68,-59.68,0,0,
08/27/2026,05:48:40:810,0.000000,0.000000,4,-101.92,-101.92,0,0,
08/27/2026,05:48:40:930,0.000000,0.000000,1,-109.58,-109.58,0,0,
08/27/2026,05:48:40:962,0.000000,0.000000,2,-116.2,-116.2,0,0,
08/27/2026,05:48:40:998,0.000000,0.000000,3,-57.21,-57.21,0,0,
08/27/2026,05:48:41:046,0.000000,0.000000,4,-109.31,-109.31,0,0,
08/27/2026,05:48:41:177,0.000000,0.000000,1,-103.42,-103.42,0,0,
08/27/2026,05:48:41:220,0.000000,0.000000,2,-117.59,-117.59,0,0,
08/27/2026,05:48:41:281,0.000000,0.000000,3,-62.36,-62.36,0,0,
08/27/2026,05:48:41:328,0.000000,0.000000,4,-106.28,-106.28,0,0,
08/27/2026,05:48:41:465,0.000000,0.000000,1,-105.02,-105.02,0,0,
08/27/2026,05:48:41:514,0.000000,0.000000,2,-115.07,-115.07,0,0,
08/27/2026,05:48:41:557,0.000000,0.000000,3,-67.34,-67.34,0,0,
08/27/2026,05:48:41:600,0.000000,0.000000,4,-110.27,-110.27,0,0,
08/27/2026,05:48:41:731,0.000000,0.000000,1,-105.09,-105.09,0,0,
08/27/2026,05:48:41:815,0.000000,0.000000,2,-114.78,-114.78,0,0,
08/27/2026,05:48:41:857,0.000000,0.000000,3,-62.02,-62.02,0,0,
08/27/2026,05:48:41:879,0.000000,0.000000,4,-109.46,-109.46,0,0,
08/27/2026,05:48:42:000,0.000000,0.000000,1,-109.93,-109.93,0,0,
08/27/2026,05:48:42:061,0.000000,0.000000,2,-119.93,-119.93,0,0,
08/27/2026,05:48:42:110,0.000000,0.000000,3,-62.42,-62.42,0,0,
08/27/2026,05:48:42:161,0.000000,0.000000,4,-107.67,-107.67,0,0,
08/27/2026,05:48:42:288,0.000000,0.000000,1,-109.55,-109.55,0,0,
08/27/2026,05:48:42:338,0.000000,0.000000,2,-119.74,-119.74,0,0,
08/27/2026,05:48:42:390,0.000000,0.000000,3,-62.56,-62.56,0,0,
08/27/2026,05:48:42:451,0.000000,0.000000,4,-105.5,-105.5,0,0,
08/27/2026,05:48:42:564,0.000000,0.000000,1,-104.68,-104.68,0,0,
08/27/2026,05:48:42:622,0.000000,0.000000,2,-107.28,-107.28,0,0,
08/27/2026,05:48:42:664,0.000000,0.000000,3,-67.43,-67.43,0,0,
08/27/2026,05:48:42:720,0.000000,0.000000,4,-105.4,-105.4,0,0,
08/27/2026,05:48:42:844,0.000000,0.000000,1,-106.84,-106.84,0,0,
08/27/2026,05:48:42:895,0.000000,0.000000,2,-103.14,-103.14,0,0,
08/27/2026,05:48:42:954,0.000000,0.000000,3,-62.18,-62.18,0,0,
08/27/2026,05:48:42:997,0.000000,0.000000,4,-105.8,-105.8,0,0,
08/27/2026,05:48:43:140,0.000000,0.000000,1,-101.38,-101.38,0,0,
08/27/2026,05:48:43:178,0.000000,0.000000,2,-106.43,-106.43,0,0,
08/27/2026,05:48:43:223,0.000000,0.000000,3,-62.29,-62.29,0,0,
08/27/2026,05:48:43:300,0.000000,0.000000,4,-109.07,-109.07,0,0,
08/27/2026,05:48:43:426,0.000000,0.000000,1,-111.84,-111.84,0,0,
08/27/2026,05:48:43:463,0.000000,0.000000,2,-115.63,-115.63,0,0,
08/27/2026,05:48:43:507,0.000000,0.000000,3,-63.64,-63.64,0,0,
08/27/2026,05:48:43:567,0.000000,0.000000,4,-109.03,-109.03,0,0,
08/27/2026,05:48:43:680,0.000000,0.000000,1,-106.08,-106.08,0,0,
08/27/2026,05:48:43:730,0.000000,0.000000,2,-112.97,-112.97,0,0,
08/27/2026,05:48:43:797,0.000000,0.000000,3,-65.3,-65.3,0,0,
08/27/2026,05:48:43:835,0.000000,0.000000,4,-113.22,-113.22,0,0,
08/27/2026,05:48:43:954,0.000000,0.000000,1,-106.39,-106.39,0,0,
08/27/2026,05:48:44:010,0.000000,0.000000,2,-107.58,-107.58,0,0,
08/27/2026,05:48:44:058,0.000000,0.000000,3,-66.38,-66.38,0,0,
08/27/2026,05:48:44:112,0.000000,0.000000,4,-107.74,-107.74,0,0,
08/27/2026,05:48:44:232,0.000000,0.000000,1,-106.34,-106.34,0,0,
08/27/2026,05:48:44:289,0.000000,0.000000,2,-108.77,-108.77,0,0,
08/27/2026,05:48:44:346,0.000000,0.000000,3,-71.73,-71.73,0,0,
08/27/2026,05:48:44:400,0.000000,0.000000,4,-120.26,-120.26,0,0,
08/27/2026,05:48:44:518,0.000000,0.000000,1,-106.51,-106.51,0,0,
08/27/2026,05:48:44:577,0.000000,0.000000,2,-115.59,-115.59,0,0,
08/27/2026,05:48:44:618,0.000000,0.000000,3,-70.71,-70.71,0,0,
08/27/2026,05:48:44:668,0.000000,0.000000,4,-119.65,-119.65,0,0,
08/27/2026,05:48:44:792,0.000000,0.000000,1,-110.5,-110.5,0,0,
08/27/2026,05:48:44:846,0.000000,0.000000,2,-110.9,-110.9,0,0,
08/27/2026,05:48:44:897,0.000000,0.000000,3,-72.49,-72.49,0,0,
08/27/2026,05:48:44:950,0.000000,0.000000,4,-123.65,-123.65,0,0,
08/27/2026,05:48:45:135,0.000000,0.000000,1,-109.19,-109.19,0,0,
08/27/2026,05:48:45:175,0.000000,0.000000,2,-108.25,-108.25,0,0,
08/27/2026,05:48:45:213,0.000000,0.000000,3,-72.62,-72.62,0,0,
08/27/2026,05:48:45:226,0.000000,0.000000,4,-121.56,-121.56,0,0,
08/27/2026,05:48:45:347,0.000000,0.000000,1,-115.74,-115.74,0,0,
08/27/2026,05:48:45:414,0.000000,0.000000,2,-116.81,-116.81,0,0,
08/27/2026,05:48:45:463,0.000000,0.000000,3,-65.89,-65.89,0,0,
08/27/2026,05:48:45:508,0.000000,0.000000,4,-119.71,-119.71,0,0,
08/27/2026,05:48:45:632,0.000000,0.000000,1,-116.26,-116.26,0,0,
08/27/2026,05:48:45:678,0.000000,0.000000,2,-116.71,-116.71,0,0,
08/27/2026,05:48:45:731,0.000000,0.000000,3,-74.05,-74.05,0,0,
08/27/2026,05:48:45:786,0.000000,0.000000,4,-119.76,-119.76,0,0,
08/27/2026,05:48:45:918,0.000000,0.000000,1,-116.45,-116.45,0,0,
08/27/2026,05:48:45:961,0.000000,0.000000,2,-116.19,-116.19,0,0,
08/27/2026,05:48:46:016,0.000000,0.000000,3,-74.4,-74.4,0,0,
08/27/2026,05:48:46:063,0.000000,0.000000,4,-119.41,-119.41,0,0,
08/27/2026,05:48:46:184,0.000000,0.000000,1,-118.17,-118.17,0,0,
08/27/2026,05:48:46:247,0.000000,0.000000,2,-115.27,-115.27,0,0,
08/27/2026,05:48:46:287,0.000000,0.000000,3,-81.3,-81.3,0,0,
08/27/2026,05:48:46:347,0.000000,0.000000,4,-121.23,-121.23,0,0,
08/27/2026,05:48:46:462,0.000000,0.000000,1,-115.07,-115.07,0,0,
08/27/2026,05:48:46:514,0.000000,0.000000,2,-116.39,-116.39,0,0,
08/27/2026,05:48:46:568,0.000000,0.000000,3,-70.58,-70.58,0,0,
08/27/2026,05:48:46:620,0.000000,0.000000,4,-121.48,-121.48,0,0,
08/27/2026,05:48:46:743,0.000000,0.000000,1,-118.59,-118.59,0,0,
08/27/2026,05:48:46:802,0.000000,0.000000,2,-118.32,-118.32,0,0,
08/27/2026,05:48:46:848,0.000000,0.000000,3,-76.95,-76.95,0,0,
08/27/2026,05:48:46:921,0.000000,0.000000,4,-121.88,-121.88,0,0,
08/27/2026,05:48:47:049,0.000000,0.000000,1,-109.96,-109.96,0,0,
08/27/2026,05:48:47:088,0.000000,0.000000,2,-115.26,-115.26,0,0,
08/27/2026,05:48:47:132,0.000000,0.000000,3,-75.08,-75.08,0,0,
08/27/2026,05:48:47:177,0.000000,0.000000,4,-121.25,-121.25,0,0,
08/27/2026,05:48:47:303,0.000000,0.000000,1,-120.89,-120.89,0,0,
08/27/2026,05:48:47:379,0.000000,0.000000,2,-116.93,-116.93,0,0,
08/27/2026,05:48:47:405,0.000000,0.000000,3,-73.43,-73.43,0,0,
08/27/2026,05:48:47:458,0.000000,0.000000,4,-122.13,-122.13,0,0,
08/27/2026,05:48:47:590,0.000000,0.000000,1,-115.51,-115.51,0,0,
08/27/2026,05:48:47:635,0.000000,0.000000,2,-124.28,-124.28,0,0,
08/27/2026,05:48:47:683,0.000000,0.000000,3,-73.64,-73.64,0,0,
08/27/2026,05:48:47:743,0.000000,0.000000,4,-121.83,-121.83,0,0,
08/27/2026,05:48:47:859,0.000000,0.000000,1,-117.73,-117.73,0,0,
08/27/2026,05:48:47:909,0.000000,0.000000,2,-116.36,-116.36,0,0,
08/27/2026,05:48:47:960,0.000000,0.000000,3,-72.09,-72.09,0,0,
08/27/2026,05:48:48:018,0.000000,0.000000,4,-121.6,-121.6,0,0,
08/27/2026,05:48:48:140,0.000000,0.000000,1,-117.75,-117.75,0,0,
08/27/2026,05:48:48:193,0.000000,0.000000,2,-121.14,-121.14,0,0,
08/27/2026,05:48:48:240,0.000000,0.000000,3,-78.27,-78.27,0,0,
08/27/2026,05:48:48:294,0.000000,0.000000,4,-122.37,-122.37,0,0,
08/27/2026,05:48:48:417,0.000000,0.000000,1,-118.45,-118.45,0,0,
08/27/2026,05:48:48:465,0.000000,0.000000,2,-115.27,-115.27,0,0,
08/27/2026,05:48:48:524,0.000000,0.000000,3,-71.57,-71.57,0,0,
08/27/2026,05:48:48:577,0.000000,0.000000,4,-122.77,-122.77,0,0,
08/27/2026,05:48:48:699,0.000000,0.000000,1,-115.88,-115.88,0,0,
08/27/2026,05:48:48:746,0.000000,0.000000,2,-121.7,-121.7,0,0,
08/27/2026,05:48:48:797,0.000000,0.000000,3,-80.47,-80.47,0,0,
08/27/2026,05:48:48:866,0.000000,0.000000,4,-123.45,-123.45,0,0,
08/27/2026,05:48:48:989,0.000000,0.000000,1,-118.75,-118.75,0,0,
08/27/2026,05:48:49:033,0.000000,0.000000,2,-118.46,-118.46,0,0,
08/27/2026,05:48:49:081,0.000000,0.000000,3,-79.61,-79.61,0,0,
08/27/2026,05:48:49:130,0.000000,0.000000,4,-121.79,-121.79,0,0,
08/27/2026,05:48:49:258,0.000000,0.000000,1,-120.32,-120.32,0,0,
08/27/2026,05:48:49:305,0.000000,0.000000,2,-124.41,-124.41,0,0,
08/27/2026,05:48:49:359,0.000000,0.000000,3,-70.2,-70.2,0,0,
08/27/2026,05:48:49:424,0.000000,0.000000,4,-120.96,-120.96,0,0,
08/27/2026,05:48:49:533,0.000000,0.000000,1,-118.51,-118.51,0,0,
08/27/2026,05:48:49:611,0.000000,0.000000,2,-116.51,-116.51,0,0,
08/27/2026,05:48:49:642,0.000000,0.000000,3,-76.37,-76.37,0,0,
08/27/2026,05:48:49:697,0.000000,0.000000,4,-124.13,-124.13,0,0,
08/27/2026,05:48:49:809,0.000000,0.000000,1,-115.55,-115.55,0,0,
08/27/2026,05:48:49:863,0.000000,0.000000,2,-118.41,-118.41,0,0,
08/27/2026,05:48:49:938,0.000000,0.000000,3,-70.8,-70.8,0,0,
08/27/2026,05:48:49:966,0.000000,0.000000,4,-123.2,-123.2,0,0,
08/27/2026,05:48:50:099,0.000000,0.000000,1,-115.34,-115.34,0,0,
08/27/2026,05:48:50:234,0.000000,0.000000,2,-116.53,-116.53,0,0,
08/27/2026,05:48:50:245,0.000000,0.000000,3,-79.87,-79.87,0,0,
08/27/2026,05:48:50:263,0.000000,0.000000,4,-121.6,-121.6,0,0,
08/27/2026,05:48:50:382,0.000000,0.000000,1,-120.03,-120.03,0,0,
08/27/2026,05:48:50:427,0.000000,0.000000,2,-117.3,-117.3,0,0,
08/27/2026,05:48:50:484,0.000000,0.000000,3,-80.7,-80.7,0,0,
08/27/2026,05:48:50:536,0.000000,0.000000,4,-122.56,-122.56,0,0,
08/27/2026,05:48:50:692,0.000000,0.000000,1,-118.1,-118.1,0,0,
08/27/2026,05:48:50:703,0.000000,0.000000,2,-116.86,-116.86,0,0,
08/27/2026,05:48:50:788,0.000000,0.000000,3,-72.53,-72.53,0,0,
08/27/2026,05:48:50:828,0.000000,0.000000,4,-122.22,-122.22,0,0,
08/27/2026,05:48:50:923,0.000000,0.000000,1,-124.79,-124.79,0,0,
08/27/2026,05:48:50:978,0.000000,0.000000,2,-121.7,-121.7,0,0,
08/27/2026,05:48:51:030,0.000000,0.000000,3,-69.92,-69.92,0,0,
08/27/2026,05:48:51:084,0.000000,0.000000,4,-120.81,-120.81,0,0,
08/27/2026,05:48:51:247,0.000000,0.000000,1,-121.42,-121.42,0,0,
08/27/2026,05:48:51:262,0.000000,0.000000,2,-119.01,-119.01,0,0,
08/27/2026,05:48:51:308,0.000000,0.000000,3,-76.65,-76.65,0,0,
08/27/2026,05:48:51:372,0.000000,0.000000,4,-120.16,-120.16,0,0,
08/27/2026,05:48:51:482,0.000000,0.000000,1,-119.41,-119.41,0,0,
08/27/2026,05:48:51:554,0.000000,0.000000,2,-120.72,-120.72,0,0,
08/27/2026,05:48:51:585,0.000000,0.000000,3,-83.39,-83.39,0,0,
08/27/2026,05:48:51:639,0.000000,0.000000,4,-122.07,-122.07,0,0,
08/27/2026,05:48:51:766,0.000000,0.000000,1,-121.98,-121.98,0,0,
08/27/2026,05:48:51:817,0.000000,0.000000,2,-119.76,-119.76,0,0,
08/27/2026,05:48:51:864,0.000000,0.000000,3,-77.52,-77.52,0,0,
08/27/2026,05:48:51:928,0.000000,0.000000,4,-124.13,-124.13,0,0,
08/27/2026,05:48:52:048,0.000000,0.000000,1,-119.77,-119.77,0,0,
08/27/2026,05:48:52:091,0.000000,0.000000,2,-118.52,-118.52,0,0,
08/27/2026,05:48:52:159,0.000000,0.000000,3,-74.42,-74.42,0,0,
08/27/2026,05:48:52:199,0.000000,0.000000,4,-114.83,-114.83,0,0,
08/27/2026,05:48:52:323,0.000000,0.000000,1,-119.31,-119.31,0,0,
08/27/2026,05:48:52:371,0.000000,0.000000,2,-122.76,-122.76,0,0,
08/27/2026,05:48:52:422,0.000000,0.000000,3,-76.21,-76.21,0,0,
08/27/2026,05:48:52:481,0.000000,0.000000,4,-123.34,-123.34,0,0,
08/27/2026,05:48:52:629,0.000000,0.000000,1,-121.34,-121.34,0,0,
08/27/2026,05:48:52:666,0.000000,0.000000,2,-119.77,-119.77,0,0,
08/27/2026,05:48:52:707,0.000000,0.000000,3,-83.9,-83.9,0,0,
08/27/2026,05:48:52:777,0.000000,0.000000,4,-122.05,-122.05,0,0,
08/27/2026,05:48:52:874,0.000000,0.000000,1,-123.2,-123.2,0,0,
08/27/2026,05:48:52:930,0.000000,0.000000,2,-117.65,-117.65,0,0,
08/27/2026,05:48:52:984,0.000000,0.000000,3,-85.35,-85.35,0,0,
08/27/2026,05:48:53:036,0.000000,0.000000,4,-121.31,-121.31,0,0,
08/27/2026,05:48:53:162,0.000000,0.000000,1,-119.73,-119.73,0,0,
08/27/2026,05:48:53:213,0.000000,0.000000,2,-123.95,-123.95,0,0,
08/27/2026,05:48:53:270,0.000000,0.000000,3,-85.79,-85.79,0,0,
08/27/2026,05:48:53:313,0.000000,0.000000,4,-123.44,-123.44,0,0,
08/27/2026,05:48:53:444,0.000000,0.000000,1,-121.92,-121.92,0,0,
08/27/2026,05:48:53:486,0.000000,0.000000,2,-120.28,-120.28,0,0,
08/27/2026,05:48:53:541,0.000000,0.000000,3,-81.97,-81.97,0,0,
08/27/2026,05:48:53:600,0.000000,0.000000,4,-123.6,-123.6,0,0,
08/27/2026,05:48:53:715,0.000000,0.000000,1,-118.04,-118.04,0,0,
08/27/2026,05:48:53:797,0.000000,0.000000,2,-122.46,-122.46,0,0,
08/27/2026,05:48:53:825,0.000000,0.000000,3,-76.24,-76.24,0,0,
08/27/2026,05:48:53:875,0.000000,0.000000,4,-123.65,-123.65,0,0,
08/27/2026,05:48:53:995,0.000000,0.000000,1,-119.27,-119.27,0,0,
08/27/2026,05:48:54:046,0.000000,0.000000,2,-118.58,-118.58,0,0,
08/27/2026,05:48:54:100,0.000000,0.000000,3,-77.68,-77.68,0,0,
08/27/2026,05:48:54:152,0.000000,0.000000,4,-122.61,-122.61,0,0,
08/27/2026,05:48:54:292,0.000000,0.000000,1,-120.04,-120.04,0,0,
08/27/2026,05:48:54:332,0.000000,0.000000,2,-121.57,-121.57,0,0,
08/27/2026,05:48:54:379,0.000000,0.000000,3,-92.88,-92.88,0,0,
08/27/2026,05:48:54:432,0.000000,0.000000,4,-123.44,-123.44,0,0,
08/27/2026,05:48:54:559,0.000000,0.000000,1,-123.92,-123.92,0,0,
08/27/2026,05:48:54:602,0.000000,0.000000,2,-121.2,-121.2,0,0,
08/27/2026,05:48:54:653,0.000000,0.000000,3,-80.01,-80.01,0,0,
08/27/2026,05:48:54:719,0.000000,0.000000,4,-124.63,-124.63,0,0,
08/27/2026,05:48:54:827,0.000000,0.000000,1,-122.82,-122.82,0,0,
08/27/2026,05:48:54:882,0.000000,0.000000,2,-123.34,-123.34,0,0,
08/27/2026,05:48:54:965,0.000000,0.000000,3,-81.39,-81.39,0,0,
08/27/2026,05:48:54:985,0.000000,0.000000,4,-123.87,-123.87,0,0,
08/27/2026,05:48:55:108,0.000000,0.000000,1,-120.82,-120.82,0,0,
08/27/2026,05:48:55:158,0.000000,0.000000,2,-121.82,-121.82,0,0,
08/27/2026,05:48:55:212,0.000000,0.000000,3,-83.99,-83.99,0,0,
08/27/2026,05:48:55:374,0.000000,0.000000,4,-124.28,-124.28,0,0,
08/27/2026,05:48:55:398,0.000000,0.000000,1,-120.63,-120.63,0,0,
08/27/2026,05:48:55:450,0.000000,0.000000,2,-119.47,-119.47,0,0,
08/27/2026,05:48:55:491,0.000000,0.000000,3,-84.57,-84.57,0,0,
08/27/2026,05:48:55:547,0.000000,0.000000,4,-123.58,-123.58,0,0,
08/27/2026,05:48:55:666,0.000000,0.000000,1,-120.89,-120.89,0,0,
08/27/2026,05:48:55:723,0.000000,0.000000,2,-118.17,-118.17,0,0,
08/27/2026,05:48:55:768,0.000000,0.000000,3,-83.67,-83.67,0,0,
08/27/2026,05:48:55:820,0.000000,0.000000,4,-119.99,-119.99,0,0,
08/27/2026,05:48:55:949,0.000000,0.000000,1,-120.83,-120.83,0,0,
08/27/2026,05:48:56:007,0.000000,0.000000,2,-124.29,-124.29,0,0,
08/27/2026,05:48:56:055,0.000000,0.000000,3,-84.02,-84.02,0,0,
08/27/2026,05:48:56:098,0.000000,0.000000,4,-122.53,-122.53,0,0,
08/27/2026,05:48:56:221,0.000000,0.000000,1,-121.39,-121.39,0,0,
08/27/2026,05:48:56:300,0.000000,0.000000,2,-120.37,-120.37,0,0,
08/27/2026,05:48:56:390,0.000000,0.000000,3,-79.65,-79.65,0,0,
08/27/2026,05:48:56:429,0.000000,0.000000,4,-123.61,-123.61,0,0,
08/27/2026,05:48:56:518,0.000000,0.000000,1,-118.48,-118.48,0,0,
08/27/2026,05:48:56:553,0.000000,0.000000,2,-119.08,-119.08,0,0,
08/27/2026,05:48:56:608,0.000000,0.000000,3,-83.72,-83.72,0,0,
08/27/2026,05:48:56:660,0.000000,0.000000,4,-125.23,-125.23,0,0,
08/27/2026,05:48:56:783,0.000000,0.000000,1,-118.91,-118.91,0,0,
08/27/2026,05:48:56:836,0.000000,0.000000,2,-125,-125,0,0,
08/27/2026,05:48:56:883,0.000000,0.000000,3,-88.02,-88.02,0,0,
08/27/2026,05:48:56:938,0.000000,0.000000,4,-121.76,-121.76,0,0,
08/27/2026,05:48:57:064,0.000000,0.000000,1,-118.12,-118.12,0,0,
08/27/2026,05:48:57:111,0.000000,0.000000,2,-122.51,-122.51,0,0,
08/27/2026,05:48:57:162,0.000000,0.000000,3,-89.76,-89.76,0,0,
08/27/2026,05:48:57:225,0.000000,0.000000,4,-123.5,-123.5,0,0,
08/27/2026,05:48:57:337,0.000000,0.000000,1,-118.11,-118.11,0,0,
08/27/2026,05:48:57:390,0.000000,0.000000,2,-120.55,-120.55,0,0,
08/27/2026,05:48:57:440,0.000000,0.000000,3,-81.01,-81.01,0,0,
08/27/2026,05:48:57:500,0.000000,0.000000,4,-122.04,-122.04,0,0,
08/27/2026,05:48:57:621,0.000000,0.000000,1,-119.61,-119.61,0,0,
08/27/2026,05:48:57:673,0.000000,0.000000,2,-124.24,-124.24,0,0,
08/27/2026,05:48:57:722,0.000000,0.000000,3,-88.17,-88.17,0,0,
08/27/2026,05:48:57:776,0.000000,0.000000,4,-123.58,-123.58,0,0,
08/27/2026,05:48:57:905,0.000000,0.000000,1,-118.2,-118.2,0,0,
08/27/2026,05:48:57:948,0.000000,0.000000,2,-124.67,-124.67,0,0,
08/27/2026,05:48:57:999,0.000000,0.000000,3,-89.38,-89.38,0,0,
08/27/2026,05:48:58:055,0.000000,0.000000,4,-123.21,-123.21,0,0,
08/27/2026,05:48:58:176,0.000000,0.000000,1,-117.64,-117.64,0,0,
08/27/2026,05:48:58:271,0.000000,0.000000,2,-123.2,-123.2,0,0,
08/27/2026,05:48:58:281,0.000000,0.000000,3,-83.37,-83.37,0,0,
08/27/2026,05:48:58:355,0.000000,0.000000,4,-123.54,-123.54,0,0,
08/27/2026,05:48:58:453,0.000000,0.000000,1,-120.64,-120.64,0,0,
08/27/2026,05:48:58:523,0.000000,0.000000,2,-117.35,-117.35,0,0,
08/27/2026,05:48:58:568,0.000000,0.000000,3,-91.96,-91.96,0,0,
08/27/2026,05:48:58:612,0.000000,0.000000,4,-120.5,-120.5,0,0,
08/27/2026,05:48:58:745,0.000000,0.000000,1,-117.4,-117.4,0,0,
08/27/2026,05:48:58:797,0.000000,0.000000,2,-123.12,-123.12,0,0,
08/27/2026,05:48:58:848,0.000000,0.000000,3,-81.41,-81.41,0,0,
08/27/2026,05:48:58:907,0.000000,0.000000,4,-122.39,-122.39,0,0,
08/27/2026,05:48:59:018,0.000000,0.000000,1,-119.29,-119.29,0,0,
08/27/2026,05:48:59:071,0.000000,0.000000,2,-119.58,-119.58,0,0,
08/27/2026,05:48:59:123,0.000000,0.000000,3,-84.95,-84.95,0,0,
08/27/2026,05:48:59:180,0.000000,0.000000,4,-122.2,-122.2,0,0,
08/27/2026,05:48:59:298,0.000000,0.000000,1,-115.21,-115.21,0,0,
08/27/2026,05:48:59:355,0.000000,0.000000,2,-119.62,-119.62,0,0,
08/27/2026,05:48:59:401,0.000000,0.000000,3,-75.02,-75.02,0,0,
08/27/2026,05:48:59:458,0.000000,0.000000,4,-122.08,-122.08,0,0,
08/27/2026,05:48:59:585,0.000000,0.000000,1,-119.19,-119.19,0,0,
08/27/2026,05:48:59:638,0.000000,0.000000,2,-121.47,-121.47,0,0,
08/27/2026,05:48:59:703,0.000000,0.000000,3,-86.66,-86.66,0,0,
08/27/2026,05:48:59:743,0.000000,0.000000,4,-120.85,-120.85,0,0,
08/27/2026,05:48:59:930,0.000000,0.000000,1,-120.42,-120.42,0,0,
08/27/2026,05:48:59:965,0.000000,0.000000,2,-123.91,-123.91,0,0,
08/27/2026,05:48:59:976,0.000000,0.000000,3,-81.82,-81.82,0,0,
08/27/2026,05:49:00:054,0.000000,0.000000,4,-121.63,-121.63,0,0,
08/27/2026,05:49:00:180,0.000000,0.000000,1,-122.04,-122.04,0,0,
08/27/2026,05:49:00:211,0.000000,0.000000,2,-120.26,-120.26,0,0,
08/27/2026,05:49:00:255,0.000000,0.000000,3,-79.97,-79.97,0,0,
08/27/2026,05:49:00:331,0.000000,0.000000,4,-121.16,-121.16,0,0,
08/27/2026,05:49:00:526,0.000000,0.000000,1,-120.7,-120.7,0,0,
08/27/2026,05:49:00:568,0.000000,0.000000,2,-123.83,-123.83,0,0,
08/27/2026,05:49:00:585,0.000000,0.000000,3,-85.66,-85.66,0,0,
08/27/2026,05:49:00:648,0.000000,0.000000,4,-122.85,-122.85,0,0,
08/27/2026,05:49:00:757,0.000000,0.000000,1,-123.63,-123.63,0,0,
08/27/2026,05:49:00:768,0.000000,0.000000,2,-123.07,-123.07,0,0,
08/27/2026,05:49:00:823,0.000000,0.000000,3,-85.42,-85.42,0,0,
08/27/2026,05:49:00:876,0.000000,0.000000,4,-121.44,-121.44,0,0,
08/27/2026,05:49:00:987,0.000000,0.000000,1,-124.25,-124.25,0,0,
08/27/2026,05:49:01:039,0.000000,0.000000,2,-120.69,-120.69,0,0,
08/27/2026,05:49:01:095,0.000000,0.000000,3,-77.43,-77.43,0,0,
08/27/2026,05:49:01:156,0.000000,0.000000,4,-121.69,-121.69,0,0,
08/27/2026,05:49:01:278,0.000000,0.000000,1,-121.38,-121.38,0,0,
08/27/2026,05:49:01:321,0.000000,0.000000,2,-123.32,-123.32,0,0,
08/27/2026,05:49:01:377,0.000000,0.000000,3,-82.02,-82.02,0,0,
08/27/2026,05:49:01:433,0.000000,0.000000,4,-123.72,-123.72,0,0,
08/27/2026,05:49:01:552,0.000000,0.000000,1,-117,-117,0,0,
08/27/2026,05:49:01:600,0.000000,0.000000,2,-121.88,-121.88,0,0,
08/27/2026,05:49:01:654,0.000000,0.000000,3,-80.84,-80.84,0,0,
08/27/2026,05:49:01:709,0.000000,0.000000,4,-117.11,-117.11,0,0,
08/27/2026,05:49:01:844,0.000000,0.000000,1,-118.74,-118.74,0,0,
08/27/2026,05:49:01:891,0.000000,0.000000,2,-121.05,-121.05,0,0,
08/27/2026,05:49:01:932,0.000000,0.000000,3,-82.82,-82.82,0,0,
08/27/2026,05:49:02:008,0.000000,0.000000,4,-120.88,-120.88,0,0,
08/27/2026,05:49:02:106,0.000000,0.000000,1,-118.27,-118.27,0,0,
08/27/2026,05:49:02:164,0.000000,0.000000,2,-118.69,-118.69,0,0,
08/27/2026,05:49:02:214,0.000000,0.000000,3,-86.69,-86.69,0,0,
08/27/2026,05:49:02:267,0.000000,0.000000,4,-122.77,-122.77,0,0,
08/27/2026,05:49:02:403,0.000000,0.000000,1,-120.88,-120.88,0,0,
08/27/2026,05:49:02:439,0.000000,0.000000,2,-119.02,-119.02,0,0,
08/27/2026,05:49:02:489,0.000000,0.000000,3,-91.62,-91.62,0,0,
08/27/2026,05:49:02:548,0.000000,0.000000,4,-123.77,-123.77,0,0,
08/27/2026,05:49:02:665,0.000000,0.000000,1,-119.55,-119.55,0,0,
08/27/2026,05:49:02:716,0.000000,0.000000,2,-121.87,-121.87,0,0,
08/27/2026,05:49:02:770,0.000000,0.000000,3,-77.23,-77.23,0,0,
08/27/2026,05:49:02:822,0.000000,0.000000,4,-123.26,-123.26,0,0,
08/27/2026,05:49:02:959,0.000000,0.000000,1,-118.82,-118.82,0,0,
08/27/2026,05:49:03:008,0.000000,0.000000,2,-111.39,-111.39,0,0,
08/27/2026,05:49:03:063,0.000000,0.000000,3,-82.1,-82.1,0,0,
08/27/2026,05:49:03:100,0.000000,0.000000,4,-124.72,-124.72,0,0,
08/27/2026,05:49:03:221,0.000000,0.000000,1,-118.96,-118.96,0,0,
08/27/2026,05:49:03:279,0.000000,0.000000,2,-116.12,-116.12,0,0,
08/27/2026,05:49:03:327,0.000000,0.000000,3,-81.83,-81.83,0,0,
08/27/2026,05:49:03:377,0.000000,0.000000,4,-120.09,-120.09,0,0,
08/27/2026,05:49:03:506,0.000000,0.000000,1,-119.09,-119.09,0,0,
08/27/2026,05:49:03:566,0.000000,0.000000,2,-117.83,-117.83,0,0,
08/27/2026,05:49:03:622,0.000000,0.000000,3,-81.84,-81.84,0,0,
08/27/2026,05:49:03:673,0.000000,0.000000,4,-122.46,-122.46,0,0,
08/27/2026,05:49:03:798,0.000000,0.000000,1,-119.3,-119.3,0,0,
08/27/2026,05:49:03:840,0.000000,0.000000,2,-122.19,-122.19,0,0,
08/27/2026,05:49:03:921,0.000000,0.000000,3,-92.84,-92.84,0,0,
08/27/2026,05:49:03:963,0.000000,0.000000,4,-120.75,-120.75,0,0,
08/27/2026,05:49:04:061,0.000000,0.000000,1,-124.05,-124.05,0,0,
08/27/2026,05:49:04:109,0.000000,0.000000,2,-124.81,-124.81,0,0,
08/27/2026,05:49:04:163,0.000000,0.000000,3,-87.19,-87.19,0,0,
08/27/2026,05:49:04:220,0.000000,0.000000,4,-123.08,-123.08,0,0,
08/27/2026,05:49:04:336,0.000000,0.000000,1,-120.97,-120.97,0,0,
08/27/2026,05:49:04:394,0.000000,0.000000,2,-121.33,-121.33,0,0,
08/27/2026,05:49:04:444,0.000000,0.000000,3,-85.95,-85.95,0,0,
08/27/2026,05:49:04:492,0.000000,0.000000,4,-121.01,-121.01,0,0,
08/27/2026,05:49:04:632,0.000000,0.000000,1,-123.05,-123.05,0,0,
08/27/2026,05:49:04:673,0.000000,0.000000,2,-125.71,-125.71,0,0,
08/27/2026,05:49:04:720,0.000000,0.000000,3,-87.46,-87.46,0,0,
08/27/2026,05:49:04:779,0.000000,0.000000,4,-123.14,-123.14,0,0,
08/27/2026,05:49:04:906,0.000000,0.000000,1,-122.9,-122.9,0,0,
08/27/2026,05:49:04:976,0.000000,0.000000,2,-125.57,-125.57,0,0,
08/27/2026,05:49:05:019,0.000000,0.000000,3,-81.02,-81.02,0,0,
08/27/2026,05:49:05:073,0.000000,0.000000,4,-122.9,-122.9,0,0,
08/27/2026,05:49:05:193,0.000000,0.000000,1,-119.24,-119.24,0,0,
08/27/2026,05:49:05:266,0.000000,0.000000,2,-119.08,-119.08,0,0,
08/27/2026,05:49:05:322,0.000000,0.000000,3,-86.84,-86.84,0,0,
08/27/2026,05:49:05:376,0.000000,0.000000,4,-122.18,-122.18,0,0,
08/27/2026,05:49:05:511,0.000000,0.000000,1,-119.52,-119.52,0,0,
08/27/2026,05:49:05:655,0.000000,0.000000,2,-119.84,-119.84,0,0,
08/27/2026,05:49:05:691,0.000000,0.000000,3,-79.72,-79.72,0,0,
08/27/2026,05:49:05:733,0.000000,0.000000,4,-121.75,-121.75,0,0,
08/27/2026,05:49:05:802,0.000000,0.000000,1,-120.44,-120.44,0,0,
08/27/2026,05:49:05:862,0.000000,0.000000,2,-121.66,-121.66,0,0,
08/27/2026,05:49:05:917,0.000000,0.000000,3,-82.57,-82.57,0,0,
08/27/2026,05:49:05:963,0.000000,0.000000,4,-119.77,-119.77,0,0,
08/27/2026,05:49:06:087,0.000000,0.000000,1,-116.58,-116.58,0,0,
08/27/2026,05:49:06:133,0.000000,0.000000,2,-120.99,-120.99,0,0,
08/27/2026,05:49:06:194,0.000000,0.000000,3,-84.61,-84.61,0,0,
08/27/2026,05:49:06:257,0.000000,0.000000,4,-121.2,-121.2,0,0,
08/27/2026,05:49:06:371,0.000000,0.000000,1,-120.41,-120.41,0,0,
08/27/2026,05:49:06:421,0.000000,0.000000,2,-118.41,-118.41,0,0,
08/27/2026,05:49:06:485,0.000000,0.000000,3,-85.04,-85.04,0,0,
08/27/2026,05:49:06:541,0.000000,0.000000,4,-119.67,-119.67,0,0,
08/27/2026,05:49:06:664,0.000000,0.000000,1,-121.07,-121.07,0,0,
08/27/2026,05:49:06:711,0.000000,0.000000,2,-123.67,-123.67,0,0,
08/27/2026,05:49:06:772,0.000000,0.000000,3,-84.5,-84.5,0,0,
08/27/2026,05:49:06:814,0.000000,0.000000,4,-121.27,-121.27,0,0,
08/27/2026,05:49:06:940,0.000000,0.000000,1,-120.72,-120.72,0,0,
08/27/2026,05:49:06:997,0.000000,0.000000,2,-123.28,-123.28,0,0,
08/27/2026,05:49:07:041,0.000000,0.000000,3,-91.72,-91.72,0,0,
08/27/2026,05:49:07:095,0.000000,0.000000,4,-122.63,-122.63,0,0,
08/27/2026,05:49:07:215,0.000000,0.000000,1,-122.24,-122.24,0,0,
08/27/2026,05:49:07:273,0.000000,0.000000,2,-123.85,-123.85,0,0,
08/27/2026,05:49:07:320,0.000000,0.000000,3,-87.1,-87.1,0,0,
08/27/2026,05:49:07:381,0.000000,0.000000,4,-120.36,-120.36,0,0,
08/27/2026,05:49:07:509,0.000000,0.000000,1,-122.58,-122.58,0,0,
08/27/2026,05:49:07:565,0.000000,0.000000,2,-123.51,-123.51,0,0,
08/27/2026,05:49:07:607,0.000000,0.000000,3,-80.93,-80.93,0,0,
08/27/2026,05:49:07:653,0.000000,0.000000,4,-123.74,-123.74,0,0,
08/27/2026,05:49:07:777,0.000000,0.000000,1,-119.14,-119.14,0,0,
08/27/2026,05:49:07:830,0.000000,0.000000,2,-123.1,-123.1,0,0,
08/27/2026,05:49:07:877,0.000000,0.000000,3,-83.68,-83.68,0,0,
08/27/2026,05:49:07:934,0.000000,0.000000,4,-124.13,-124.13,0,0,
08/27/2026,05:49:08:050,0.000000,0.000000,1,-122.73,-122.73,0,0,
08/27/2026,05:49:08:106,0.000000,0.000000,2,-122.93,-122.93,0,0,
08/27/2026,05:49:08:164,0.000000,0.000000,3,-88.71,-88.71,0,0,
08/27/2026,05:49:08:214,0.000000,0.000000,4,-124.51,-124.51,0,0,
08/27/2026,05:49:08:329,0.000000,0.000000,1,-119.55,-119.55,0,0,
08/27/2026,05:49:08:390,0.000000,0.000000,2,-120.56,-120.56,0,0,
08/27/2026,05:49:08:440,0.000000,0.000000,3,-83.09,-83.09,0,0,
08/27/2026,05:49:08:490,0.000000,0.000000,4,-121.7,-121.7,0,0,
08/27/2026,05:49:08:624,0.000000,0.000000,1,-119.85,-119.85,0,0,
08/27/2026,05:49:08:666,0.000000,0.000000,2,-123.66,-123.66,0,0,
08/27/2026,05:49:08:718,0.000000,0.000000,3,-82.92,-82.92,0,0,
08/27/2026,05:49:08:774,0.000000,0.000000,4,-119.8,-119.8,0,0,
08/27/2026,05:49:08:890,0.000000,0.000000,1,-120.75,-120.75,0,0,
08/27/2026,05:49:08:945,0.000000,0.000000,2,-121.63,-121.63,0,0,
08/27/2026,05:49:09:000,0.000000,0.000000,3,-88.94,-88.94,0,0,
08/27/2026,05:49:09:054,0.000000,0.000000,4,-119.94,-119.94,0,0,
08/27/2026,05:49:09:166,0.000000,0.000000,1,-120.58,-120.58,0,0,
08/27/2026,05:49:09:223,0.000000,0.000000,2,-121.72,-121.72,0,0,
08/27/2026,05:49:09:288,0.000000,0.000000,3,-89.45,-89.45,0,0,
08/27/2026,05:49:09:328,0.000000,0.000000,4,-120.04,-120.04,0,0,
08/27/2026,05:49:09:445,0.000000,0.000000,1,-120.31,-120.31,0,0,
08/27/2026,05:49:09:525,0.000000,0.000000,2,-123.52,-123.52,0,0,
08/27/2026,05:49:09:568,0.000000,0.000000,3,-84.17,-84.17,0,0,
08/27/2026,05:49:09:608,0.000000,0.000000,4,-119.82,-119.82,0,0,
08/27/2026,05:49:09:737,0.000000,0.000000,1,-121.11,-121.11,0,0,
08/27/2026,05:49:09:786,0.000000,0.000000,2,-124.55,-124.55,0,0,
08/27/2026,05:49:09:853,0.000000,0.000000,3,-86.65,-86.65,0,0,
08/27/2026,05:49:09:908,0.000000,0.000000,4,-119.34,-119.34,0,0,
08/27/2026,05:49:10:031,0.000000,0.000000,1,-121.49,-121.49,0,0,
08/27/2026,05:49:10:105,0.000000,0.000000,2,-122.63,-122.63,0,0,
08/27/2026,05:49:10:161,0.000000,0.000000,3,-84.31,-84.31,0,0,
08/27/2026,05:49:10:203,0.000000,0.000000,4,-120.45,-120.45,0,0,
08/27/2026,05:49:10:338,0.000000,0.000000,1,-122.13,-122.13,0,0,
08/27/2026,05:49:10:399,0.000000,0.000000,2,-124.34,-124.34,0,0,
08/27/2026,05:49:10:478,0.000000,0.000000,3,-85.53,-85.53,0,0,
08/27/2026,05:49:10:504,0.000000,0.000000,4,-123.5,-123.5,0,0,
08/27/2026,05:49:10:638,0.000000,0.000000,1,-122.62,-122.62,0,0,
08/27/2026,05:49:10:804,0.000000,0.000000,2,-120.49,-120.49,0,0,
08/27/2026,05:49:10:811,0.000000,0.000000,3,-83.72,-83.72,0,0,
08/27/2026,05:49:10:821,0.000000,0.000000,4,-120.55,-120.55,0,0,
08/27/2026,05:49:10:931,0.000000,0.000000,1,-121.24,-121.24,0,0,
08/27/2026,05:49:10:984,0.000000,0.000000,2,-125.09,-125.09,0,0,
08/27/2026,05:49:11:038,0.000000,0.000000,3,-86.72,-86.72,0,0,
08/27/2026,05:49:11:104,0.000000,0.000000,4,-121.32,-121.32,0,0,
08/27/2026,05:49:11:236,0.000000,0.000000,1,-120.81,-120.81,0,0,
08/27/2026,05:49:11:278,0.000000,0.000000,2,-121.39,-121.39,0,0,
08/27/2026,05:49:11:326,0.000000,0.000000,3,-92.26,-92.26,0,0,
08/27/2026,05:49:11:368,0.000000,0.000000,4,-119.67,-119.67,0,0,
08/27/2026,05:49:11:490,0.000000,0.000000,1,-121.63,-121.63,0,0,
08/27/2026,05:49:11:550,0.000000,0.000000,2,-123.7,-123.7,0,0,
08/27/2026,05:49:11:598,0.000000,0.000000,3,-87.63,-87.63,0,0,
08/27/2026,05:49:11:653,0.000000,0.000000,4,-121.44,-121.44,0,0,
08/27/2026,05:49:11:780,0.000000,0.000000,1,-120.62,-120.62,0,0,
08/27/2026,05:49:11:820,0.000000,0.000000,2,-124.16,-124.16,0,0,
08/27/2026,05:49:11:877,0.000000,0.000000,3,-86.59,-86.59,0,0,
08/27/2026,05:49:11:932,0.000000,0.000000,4,-121.37,-121.37,0,0,
08/27/2026,05:49:12:058,0.000000,0.000000,1,-121.32,-121.32,0,0,
08/27/2026,05:49:12:110,0.000000,0.000000,2,-122.78,-122.78,0,0,
08/27/2026,05:49:12:156,0.000000,0.000000,3,-94.23,-94.23,0,0,
08/27/2026,05:49:12:211,0.000000,0.000000,4,-123.21,-123.21,0,0,
08/27/2026,05:49:12:324,0.000000,0.000000,1,-123.76,-123.76,0,0,
08/27/2026,05:49:12:382,0.000000,0.000000,2,-119.35,-119.35,0,0,
08/27/2026,05:49:12:435,0.000000,0.000000,3,-91.19,-91.19,0,0,
08/27/2026,05:49:12:499,0.000000,0.000000,4,-122.94,-122.94,0,0,
08/27/2026,05:49:12:631,0.000000,0.000000,1,-122.61,-122.61,0,0,
08/27/2026,05:49:12:664,0.000000,0.000000,2,-123.02,-123.02,0,0,
08/27/2026,05:49:12:713,0.000000,0.000000,3,-87.16,-87.16,0,0,
08/27/2026,05:49:12:762,0.000000,0.000000,4,-121.72,-121.72,0,0,
08/27/2026,05:49:12:895,0.000000,0.000000,1,-120.93,-120.93,0,0,
08/27/2026,05:49:12:935,0.000000,0.000000,2,-123.59,-123.59,0,0,
08/27/2026,05:49:13:020,0.000000,0.000000,3,-82.6,-82.6,0,0,
08/27/2026,05:49:13:059,0.000000,0.000000,4,-123.01,-123.01,0,0,
08/27/2026,05:49:13:181,0.000000,0.000000,1,-120.46,-120.46,0,0,
08/27/2026,05:49:13:231,0.000000,0.000000,2,-120.68,-120.68,0,0,
08/27/2026,05:49:13:277,0.000000,0.000000,3,-94.77,-94.77,0,0,
08/27/2026,05:49:13:341,0.000000,0.000000,4,-122.32,-122.32,0,0,
08/27/2026,05:49:13:451,0.000000,0.000000,1,-121.38,-121.38,0,0,
08/27/2026,05:49:13:513,0.000000,0.000000,2,-118.55,-118.55,0,0,
08/27/2026,05:49:13:555,0.000000,0.000000,3,-89.33,-89.33,0,0,
08/27/2026,05:49:13:616,0.000000,0.000000,4,-120.03,-120.03,0,0,
08/27/2026,05:49:13:735,0.000000,0.000000,1,-119.88,-119.88,0,0,
08/27/2026,05:49:13:795,0.000000,0.000000,2,-119.52,-119.52,0,0,
08/27/2026,05:49:13:862,0.000000,0.000000,3,-86.14,-86.14,0,0,
08/27/2026,05:49:13:922,0.000000,0.000000,4,-121.07,-121.07,0,0,
08/27/2026,05:49:14:029,0.000000,0.000000,1,-118.93,-118.93,0,0,
08/27/2026,05:49:14:091,0.000000,0.000000,2,-118.8,-118.8,0,0,
08/27/2026,05:49:14:157,0.000000,0.000000,3,-92.05,-92.05,0,0,
08/27/2026,05:49:14:211,0.000000,0.000000,4,-124.01,-124.01,0,0,
08/27/2026,05:49:14:341,0.000000,0.000000,1,-117.79,-117.79,0,0,
08/27/2026,05:49:14:393,0.000000,0.000000,2,-123.24,-123.24,0,0,
08/27/2026,05:49:14:463,0.000000,0.000000,3,-85.25,-85.25,0,0,
08/27/2026,05:49:14:509,0.000000,0.000000,4,-122.61,-122.61,0,0,
08/27/2026,05:49:14:640,0.000000,0.000000,1,-120.18,-120.18,0,0,
08/27/2026,05:49:14:697,0.000000,0.000000,2,-121.65,-121.65,0,0,
08/27/2026,05:49:14:766,0.000000,0.000000,3,-83.79,-83.79,0,0,
08/27/2026,05:49:14:802,0.000000,0.000000,4,-122.28,-122.28,0,0,
08/27/2026,05:49:14:939,0.000000,0.000000,1,-116.44,-116.44,0,0,
08/27/2026,05:49:14:979,0.000000,0.000000,2,-116.86,-116.86,0,0,
08/27/2026,05:49:15:026,0.000000,0.000000,3,-85.18,-85.18,0,0,
08/27/2026,05:49:15:085,0.000000,0.000000,4,-119.9,-119.9,0,0,
08/27/2026,05:49:15:202,0.000000,0.000000,1,-116.67,-116.67,0,0,
08/27/2026,05:49:15:254,0.000000,0.000000,2,-118.42,-118.42,0,0,
08/27/2026,05:49:15:300,0.000000,0.000000,3,-83.29,-83.29,0,0,
08/27/2026,05:49:15:358,0.000000,0.000000,4,-120.8,-120.8,0,0,
08/27/2026,05:49:15:474,0.000000,0.000000,1,-119.88,-119.88,0,0,
08/27/2026,05:49:15:543,0.000000,0.000000,2,-120.46,-120.46,0,0,
08/27/2026,05:49:15:578,0.000000,0.000000,3,-88.53,-88.53,0,0,
08/27/2026,05:49:15:637,0.000000,0.000000,4,-123.01,-123.01,0,0,
08/27/2026,05:49:15:756,0.000000,0.000000,1,-117.96,-117.96,0,0,
08/27/2026,05:49:15:805,0.000000,0.000000,2,-117.6,-117.6,0,0,
08/27/2026,05:49:15:945,0.000000,0.000000,3,-88.9,-88.9,0,0,
08/27/2026,05:49:15:966,0.000000,0.000000,4,-121.25,-121.25,0,0,
08/27/2026,05:49:16:031,0.000000,0.000000,1,-120.69,-120.69,0,0,
08/27/2026,05:49:16:083,0.000000,0.000000,2,-119.6,-119.6,0,0,
08/27/2026,05:49:16:140,0.000000,0.000000,3,-87.95,-87.95,0,0,
08/27/2026,05:49:16:192,0.000000,0.000000,4,-122.49,-122.49,0,0,
08/27/2026,05:49:16:328,0.000000,0.000000,1,-120.65,-120.65,0,0,
08/27/2026,05:49:16:363,0.000000,0.000000,2,-120.9,-120.9,0,0,
08/27/2026,05:49:16:423,0.000000,0.000000,3,-100.15,-100.15,0,0,
08/27/2026,05:49:16:479,0.000000,0.000000,4,-122.46,-122.46,0,0,
08/27/2026,05:49:16:591,0.000000,0.000000,1,-118.52,-118.52,0,0,
08/27/2026,05:49:16:669,0.000000,0.000000,2,-119.52,-119.52,0,0,
08/27/2026,05:49:16:705,0.000000,0.000000,3,-87.81,-87.81,0,0,
08/27/2026,05:49:16:778,0.000000,0.000000,4,-120.35,-120.35,0,0,
08/27/2026,05:49:16:877,0.000000,0.000000,1,-118.61,-118.61,0,0,
08/27/2026,05:49:16:947,0.000000,0.000000,2,-122.32,-122.32,0,0,
08/27/2026,05:49:17:003,0.000000,0.000000,3,-89.88,-89.88,0,0,
08/27/2026,05:49:17:041,0.000000,0.000000,4,-118.72,-118.72,0,0,
08/27/2026,05:49:17:170,0.000000,0.000000,1,-117.74,-117.74,0,0,
08/27/2026,05:49:17:218,0.000000,0.000000,2,-121.23,-121.23,0,0,
08/27/2026,05:49:17:278,0.000000,0.000000,3,-85.29,-85.29,0,0,
08/27/2026,05:49:17:325,0.000000,0.000000,4,-122.74,-122.74,0,0,
08/27/2026,05:49:17:476,0.000000,0.000000,1,-117.95,-117.95,0,0,
08/27/2026,05:49:17:539,0.000000,0.000000,2,-120.99,-120.99,0,0,
08/27/2026,05:49:17:594,0.000000,0.000000,3,-91.68,-91.68,0,0,
08/27/2026,05:49:17:647,0.000000,0.000000,4,-121.32,-121.32,0,0,
08/27/2026,05:49:17:787,0.000000,0.000000,1,-116.09,-116.09,0,0,
08/27/2026,05:49:17:820,0.000000,0.000000,2,-122.03,-122.03,0,0,
08/27/2026,05:49:17:870,0.000000,0.000000,3,-90.02,-90.02,0,0,
08/27/2026,05:49:17:930,0.000000,0.000000,4,-124.34,-124.34,0,0,
08/27/2026,05:49:18:055,0.000000,0.000000,1,-118.18,-118.18,0,0,
08/27/2026,05:49:18:108,0.000000,0.000000,2,-117.08,-117.08,0,0,
08/27/2026,05:49:18:164,0.000000,0.000000,3,-87.73,-87.73,0,0,
08/27/2026,05:49:18:216,0.000000,0.000000,4,-121.45,-121.45,0,0,
08/27/2026,05:49:18:334,0.000000,0.000000,1,-118.02,-118.02,0,0,
08/27/2026,05:49:18:393,0.000000,0.000000,2,-123.52,-123.52,0,0,
08/27/2026,05:49:18:444,0.000000,0.000000,3,-88.5,-88.5,0,0,
08/27/2026,05:49:18:494,0.000000,0.000000,4,-123.16,-123.16,0,0,
08/27/2026,05:49:18:615,0.000000,0.000000,1,-115.75,-115.75,0,0,
08/27/2026,05:49:18:667,0.000000,0.000000,2,-120.86,-120.86,0,0,
08/27/2026,05:49:18:745,0.000000,0.000000,3,-96.11,-96.11,0,0,
08/27/2026,05:49:18:784,0.000000,0.000000,4,-122.25,-122.25,0,0,
08/27/2026,05:49:18:892,0.000000,0.000000,1,-122.79,-122.79,0,0,
08/27/2026,05:49:18:958,0.000000,0.000000,2,-121.68,-121.68,0,0,
08/27/2026,05:49:19:002,0.000000,0.000000,3,-88.23,-88.23,0,0,
08/27/2026,05:49:19:055,0.000000,0.000000,4,-122.75,-122.75,0,0,
08/27/2026,05:49:19:169,0.000000,0.000000,1,-119.34,-119.34,0,0,
08/27/2026,05:49:19:221,0.000000,0.000000,2,-120.97,-120.97,0,0,
08/27/2026,05:49:19:281,0.000000,0.000000,3,-92.09,-92.09,0,0,
08/27/2026,05:49:19:334,0.000000,0.000000,4,-121.83,-121.83,0,0,
08/27/2026,05:49:19:449,0.000000,0.000000,1,-118.71,-118.71,0,0,
08/27/2026,05:49:19:503,0.000000,0.000000,2,-123.25,-123.25,0,0,
08/27/2026,05:49:19:557,0.000000,0.000000,3,-97.14,-97.14,0,0,
08/27/2026,05:49:19:608,0.000000,0.000000,4,-122.06,-122.06,0,0,
08/27/2026,05:49:19:729,0.000000,0.000000,1,-118.53,-118.53,0,0,
08/27/2026,05:49:19:789,0.000000,0.000000,2,-121.84,-121.84,0,0,
08/27/2026,05:49:19:836,0.000000,0.000000,3,-95.3,-95.3,0,0,
08/27/2026,05:49:19:886,0.000000,0.000000,4,-120.86,-120.86,0,0,
08/27/2026,05:49:20:007,0.000000,0.000000,1,-119.11,-119.11,0,0,
08/27/2026,05:49:20:065,0.000000,0.000000,2,-121.7,-121.7,0,0,
08/27/2026,05:49:20:116,0.000000,0.000000,3,-100.83,-100.83,0,0,
08/27/2026,05:49:20:170,0.000000,0.000000,4,-121.08,-121.08,0,0,
08/27/2026,05:49:20:294,0.000000,0.000000,1,-119.78,-119.78,0,0,
08/27/2026,05:49:20:360,0.000000,0.000000,2,-122.75,-122.75,0,0,
08/27/2026,05:49:20:404,0.000000,0.000000,3,-91.58,-91.58,0,0,
08/27/2026,05:49:20:454,0.000000,0.000000,4,-123.03,-123.03,0,0,
08/27/2026,05:49:20:569,0.000000,0.000000,1,-118.41,-118.41,0,0,
08/27/2026,05:49:20:626,0.000000,0.000000,2,-122,-122,0,0,
08/27/2026,05:49:20:696,0.000000,0.000000,3,-100.83,-100.83,0,0,
08/27/2026,05:49:20:723,0.000000,0.000000,4,-124.32,-124.32,0,0,
08/27/2026,05:49:20:843,0.000000,0.000000,1,-124.07,-124.07,0,0,
08/27/2026,05:49:20:906,0.000000,0.000000,2,-121.46,-121.46,0,0,
08/27/2026,05:49:20:960,0.000000,0.000000,3,-92.53,-92.53,0,0,
08/27/2026,05:49:21:088,0.000000,0.000000,4,-122.7,-122.7,0,0,
08/27/2026,05:49:21:126,0.000000,0.000000,1,-122.43,-122.43,0,0,
08/27/2026,05:49:21:182,0.000000,0.000000,2,-123.16,-123.16,0,0,
08/27/2026,05:49:21:227,0.000000,0.000000,3,-97.08,-97.08,0,0,
08/27/2026,05:49:21:290,0.000000,0.000000,4,-121.35,-121.35,0,0,
08/27/2026,05:49:21:400,0.000000,0.000000,1,-119.62,-119.62,0,0,
08/27/2026,05:49:21:462,0.000000,0.000000,2,-120.99,-120.99,0,0,
08/27/2026,05:49:21:507,0.000000,0.000000,3,-98.08,-98.08,0,0,
08/27/2026,05:49:21:605,0.000000,0.000000,4,-122.18,-122.18,0,0,
08/27/2026,05:49:21:678,0.000000,0.000000,1,-120.9,-120.9,0,0,
08/27/2026,05:49:21:736,0.000000,0.000000,2,-123.65,-123.65,0,0,
08/27/2026,05:49:21:785,0.000000,0.000000,3,-90.35,-90.35,0,0,
08/27/2026,05:49:21:840,0.000000,0.000000,4,-125.57,-125.57,0,0,
08/27/2026,05:49:21:962,0.000000,0.000000,1,-117.48,-117.48,0,0,
08/27/2026,05:49:22:011,0.000000,0.000000,2,-121.01,-121.01,0,0,
08/27/2026,05:49:22:062,0.000000,0.000000,3,-92.3,-92.3,0,0,
08/27/2026,05:49:22:124,0.000000,0.000000,4,-124.18,-124.18,0,0,
08/27/2026,05:49:22:240,0.000000,0.000000,1,-120.14,-120.14,0,0,
08/27/2026,05:49:22:291,0.000000,0.000000,2,-124.72,-124.72,0,0,
08/27/2026,05:49:22:352,0.000000,0.000000,3,-90.56,-90.56,0,0,
08/27/2026,05:49:22:401,0.000000,0.000000,4,-122.03,-122.03,0,0,
08/27/2026,05:49:22:521,0.000000,0.000000,1,-119.8,-119.8,0,0,
08/27/2026,05:49:22:568,0.000000,0.000000,2,-120.89,-120.89,0,0,
08/27/2026,05:49:22:643,0.000000,0.000000,3,-92.19,-92.19,0,0,
08/27/2026,05:49:22:683,0.000000,0.000000,4,-123.17,-123.17,0,0,
08/27/2026,05:49:22:799,0.000000,0.000000,1,-119.85,-119.85,0,0,
08/27/2026,05:49:22:847,0.000000,0.000000,2,-120.91,-120.91,0,0,
08/27/2026,05:49:22:903,0.000000,0.000000,3,-100.19,-100.19,0,0,
08/27/2026,05:49:22:951,0.000000,0.000000,4,-123.3,-123.3,0,0,
08/27/2026,05:49:23:076,0.000000,0.000000,1,-122.83,-122.83,0,0,
08/27/2026,05:49:23:131,0.000000,0.000000,2,-122.26,-122.26,0,0,
08/27/2026,05:49:23:185,0.000000,0.000000,3,-95.98,-95.98,0,0,
08/27/2026,05:49:23:231,0.000000,0.000000,4,-122.53,-122.53,0,0,
08/27/2026,05:49:23:353,0.000000,0.000000,1,-121.12,-121.12,0,0,
08/27/2026,05:49:23:405,0.000000,0.000000,2,-119.03,-119.03,0,0,
08/27/2026,05:49:23:463,0.000000,0.000000,3,-91.28,-91.28,0,0,
08/27/2026,05:49:23:509,0.000000,0.000000,4,-120.8,-120.8,0,0,
08/27/2026,05:49:23:633,0.000000,0.000000,1,-124.11,-124.11,0,0,
08/27/2026,05:49:23:688,0.000000,0.000000,2,-118.37,-118.37,0,0,
08/27/2026,05:49:23:738,0.000000,0.000000,3,-98.23,-98.23,0,0,
08/27/2026,05:49:23:789,0.000000,0.000000,4,-124.23,-124.23,0,0,
08/27/2026,05:49:23:914,0.000000,0.000000,1,-123.51,-123.51,0,0,
08/27/2026,05:49:23:966,0.000000,0.000000,2,-117.63,-117.63,0,0,
08/27/2026,05:49:24:015,0.000000,0.000000,3,-95.41,-95.41,0,0,
08/27/2026,05:49:24:069,0.000000,0.000000,4,-122.06,-122.06,0,0,
08/27/2026,05:49:24:192,0.000000,0.000000,1,-120.62,-120.62,0,0,
08/27/2026,05:49:24:246,0.000000,0.000000,2,-119.19,-119.19,0,0,
08/27/2026,05:49:24:318,0.000000,0.000000,3,-89.22,-89.22,0,0,
08/27/2026,05:49:24:365,0.000000,0.000000,4,-125.44,-125.44,0,0,
08/27/2026,05:49:24:515,0.000000,0.000000,1,-122.1,-122.1,0,0,
08/27/2026,05:49:24:530,0.000000,0.000000,2,-117.36,-117.36,0,0,
08/27/2026,05:49:24:606,0.000000,0.000000,3,-92.35,-92.35,0,0,
08/27/2026,05:49:24:648,0.000000,0.000000,4,-121.07,-121.07,0,0,
08/27/2026,05:49:24:745,0.000000,0.000000,1,-120.55,-120.55,0,0,
08/27/2026,05:49:24:804,0.000000,0.000000,2,-117.51,-117.51,0,0,
08/27/2026,05:49:24:866,0.000000,0.000000,3,-93.35,-93.35,0,0,
08/27/2026,05:49:24:908,0.000000,0.000000,4,-120.91,-120.91,0,0,
08/27/2026,05:49:25:028,0.000000,0.000000,1,-122.53,-122.53,0,0,
08/27/2026,05:49:25:082,0.000000,0.000000,2,-117.16,-117.16,0,0,
08/27/2026,05:49:25:131,0.000000,0.000000,3,-90.06,-90.06,0,0,
08/27/2026,05:49:25:190,0.000000,0.000000,4,-121.38,-121.38,0,0,
08/27/2026,05:49:25:306,0.000000,0.000000,1,-122.66,-122.66,0,0,
08/27/2026,05:49:25:364,0.000000,0.000000,2,-117.63,-117.63,0,0,
08/27/2026,05:49:25:410,0.000000,0.000000,3,-87.99,-87.99,0,0,
08/27/2026,05:49:25:463,0.000000,0.000000,4,-121.52,-121.52,0,0,
08/27/2026,05:49:25:585,0.000000,0.000000,1,-124.15,-124.15,0,0,
08/27/2026,05:49:25:638,0.000000,0.000000,2,-117.31,-117.31,0,0,
08/27/2026,05:49:25:688,0.000000,0.000000,3,-85.66,-85.66,0,0,
08/27/2026,05:49:25:746,0.000000,0.000000,4,-122.66,-122.66,0,0,
08/27/2026,05:49:25:867,0.000000,0.000000,1,-126.17,-126.17,0,0,
08/27/2026,05:49:25:927,0.000000,0.000000,2,-117.97,-117.97,0,0,
08/27/2026,05:49:25:969,0.000000,0.000000,3,-90.51,-90.51,0,0,
08/27/2026,05:49:26:021,0.000000,0.000000,4,-122.2,-122.2,0,0,
08/27/2026,05:49:26:231,0.000000,0.000000,1,-125.86,-125.86,0,0,
08/27/2026,05:49:26:240,0.000000,0.000000,2,-115.49,-115.49,0,0,
08/27/2026,05:49:26:252,0.000000,0.000000,3,-89.41,-89.41,0,0,
08/27/2026,05:49:26:304,0.000000,0.000000,4,-122.87,-122.87,0,0,
08/27/2026,05:49:26:430,0.000000,0.000000,1,-124.64,-124.64,0,0,
08/27/2026,05:49:26:478,0.000000,0.000000,2,-116.31,-116.31,0,0,
08/27/2026,05:49:26:526,0.000000,0.000000,3,-92.02,-92.02,0,0,
08/27/2026,05:49:26:580,0.000000,0.000000,4,-123.94,-123.94,0,0,
08/27/2026,05:49:26:719,0.000000,0.000000,1,-122.55,-122.55,0,0,
08/27/2026,05:49:26:763,0.000000,0.000000,2,-121.05,-121.05,0,0,
08/27/2026,05:49:26:816,0.000000,0.000000,3,-90.99,-90.99,0,0,
08/27/2026,05:49:26:856,0.000000,0.000000,4,-122.3,-122.3,0,0,
08/27/2026,05:49:26:985,0.000000,0.000000,1,-121,-121,0,0,
08/27/2026,05:49:27:036,0.000000,0.000000,2,-120.52,-120.52,0,0,
08/27/2026,05:49:27:087,0.000000,0.000000,3,-93.79,-93.79,0,0,
08/27/2026,05:49:27:139,0.000000,0.000000,4,-122.75,-122.75,0,0,
08/27/2026,05:49:27:266,0.000000,0.000000,1,-123.2,-123.2,0,0,
08/27/2026,05:49:27:307,0.000000,0.000000,2,-119.87,-119.87,0,0,
08/27/2026,05:49:27:372,0.000000,0.000000,3,-91.61,-91.61,0,0,
08/27/2026,05:49:27:412,0.000000,0.000000,4,-121.74,-121.74,0,0,
08/27/2026,05:49:27:536,0.000000,0.000000,1,-124.36,-124.36,0,0,
08/27/2026,05:49:27:588,0.000000,0.000000,2,-123.55,-123.55,0,0,
08/27/2026,05:49:27:646,0.000000,0.000000,3,-91.74,-91.74,0,0,
08/27/2026,05:49:27:696,0.000000,0.000000,4,-121.27,-121.27,0,0,
08/27/2026,05:49:27:814,0.000000,0.000000,1,-125.57,-125.57,0,0,
08/27/2026,05:49:27:899,0.000000,0.000000,2,-124.06,-124.06,0,0,
08/27/2026,05:49:27:941,0.000000,0.000000,3,-95.84,-95.84,0,0,
08/27/2026,05:49:27:983,0.000000,0.000000,4,-120.55,-120.55,0,0,
08/27/2026,05:49:28:105,0.000000,0.000000,1,-122.75,-122.75,0,0,
08/27/2026,05:49:28:148,0.000000,0.000000,2,-120.03,-120.03,0,0,
08/27/2026,05:49:28:220,0.000000,0.000000,3,-99.74,-99.74,0,0,
08/27/2026,05:49:28:255,0.000000,0.000000,4,-119.99,-119.99,0,0,
08/27/2026,05:49:28:371,0.000000,0.000000,1,-124.32,-124.32,0,0,
08/27/2026,05:49:28:428,0.000000,0.000000,2,-120.32,-120.32,0,0,
08/27/2026,05:49:28:475,0.000000,0.000000,3,-103.02,-103.02,0,0,
08/27/2026,05:49:28:530,0.000000,0.000000,4,-122.96,-122.96,0,0,
08/27/2026,05:49:28:659,0.000000,0.000000,1,-123.39,-123.39,0,0,
08/27/2026,05:49:28:712,0.000000,0.000000,2,-124.47,-124.47,0,0,
08/27/2026,05:49:28:760,0.000000,0.000000,3,-93.97,-93.97,0,0,
08/27/2026,05:49:28:812,0.000000,0.000000,4,-123.24,-123.24,0,0,
08/27/2026,05:49:28:932,0.000000,0.000000,1,-124.21,-124.21,0,0,
08/27/2026,05:49:28:983,0.000000,0.000000,2,-121.67,-121.67,0,0,
08/27/2026,05:49:29:039,0.000000,0.000000,3,-95.09,-95.09,0,0,
08/27/2026,05:49:29:093,0.000000,0.000000,4,-123.75,-123.75,0,0,
08/27/2026,05:49:29:220,0.000000,0.000000,1,-123.73,-123.73,0,0,
08/27/2026,05:49:29:285,0.000000,0.000000,2,-123.01,-123.01,0,0,
08/27/2026,05:49:29:324,0.000000,0.000000,3,-93.44,-93.44,0,0,
08/27/2026,05:49:29:366,0.000000,0.000000,4,-122.05,-122.05,0,0,
08/27/2026,05:49:29:492,0.000000,0.000000,1,-123.12,-123.12,0,0,
08/27/2026,05:49:29:537,0.000000,0.000000,2,-122.38,-122.38,0,0,
08/27/2026,05:49:29:596,0.000000,0.000000,3,-94.8,-94.8,0,0,
08/27/2026,05:49:29:650,0.000000,0.000000,4,-120.97,-120.97,0,0,
08/27/2026,05:49:29:766,0.000000,0.000000,1,-122.73,-122.73,0,0,
08/27/2026,05:49:29:820,0.000000,0.000000,2,-123.01,-123.01,0,0,
08/27/2026,05:49:29:897,0.000000,0.000000,3,-97.59,-97.59,0,0,
08/27/2026,05:49:29:936,0.000000,0.000000,4,-123.59,-123.59,0,0,
08/27/2026,05:49:30:058,0.000000,0.000000,1,-124.65,-124.65,0,0,
08/27/2026,05:49:30:096,0.000000,0.000000,2,-121.9,-121.9,0,0,
08/27/2026,05:49:30:176,0.000000,0.000000,3,-94.69,-94.69,0,0,
08/27/2026,05:49:30:212,0.000000,0.000000,4,-120.3,-120.3,0,0,
08/27/2026,05:49:30:329,0.000000,0.000000,1,-121.48,-121.48,0,0,
08/27/2026,05:49:30:385,0.000000,0.000000,2,-122.03,-122.03,0,0,
08/27/2026,05:49:30:433,0.000000,0.000000,3,-97.27,-97.27,0,0,
08/27/2026,05:49:30:481,0.000000,0.000000,4,-123.15,-123.15,0,0,
08/27/2026,05:49:30:609,0.000000,0.000000,1,-124.63,-124.63,0,0,
08/27/2026,05:49:30:660,0.000000,0.000000,2,-123.14,-123.14,0,0,
08/27/2026,05:49:30:706,0.000000,0.000000,3,-96.25,-96.25,0,0,
08/27/2026,05:49:30:771,0.000000,0.000000,4,-124.4,-124.4,0,0,
08/27/2026,05:49:30:920,0.000000,0.000000,1,-123.95,-123.95,0,0,
08/27/2026,05:49:30:936,0.000000,0.000000,2,-125.41,-125.41,0,0,
08/27/2026,05:49:30:999,0.000000,0.000000,3,-100.38,-100.38,0,0,
08/27/2026,05:49:31:047,0.000000,0.000000,4,-123.21,-123.21,0,0,
08/27/2026,05:49:31:164,0.000000,0.000000,1,-124.43,-124.43,0,0,
08/27/2026,05:49:31:217,0.000000,0.000000,2,-119.49,-119.49,0,0,
08/27/2026,05:49:31:367,0.000000,0.000000,3,-93.68,-93.68,0,0,
08/27/2026,05:49:31:386,0.000000,0.000000,4,-120.1,-120.1,0,0,
08/27/2026,05:49:31:451,0.000000,0.000000,1,-123.09,-123.09,0,0,
08/27/2026,05:49:31:493,0.000000,0.000000,2,-124.18,-124.18,0,0,
08/27/2026,05:49:31:568,0.000000,0.000000,3,-97.97,-97.97,0,0,
08/27/2026,05:49:31:607,0.000000,0.000000,4,-122.44,-122.44,0,0,
08/27/2026,05:49:31:749,0.000000,0.000000,1,-121.74,-121.74,0,0,
08/27/2026,05:49:31:790,0.000000,0.000000,2,-121.63,-121.63,0,0,
08/27/2026,05:49:31:842,0.000000,0.000000,3,-99.67,-99.67,0,0,
08/27/2026,05:49:31:876,0.000000,0.000000,4,-122.63,-122.63,0,0,
08/27/2026,05:49:32:001,0.000000,0.000000,1,-122.92,-122.92,0,0,
08/27/2026,05:49:32:054,0.000000,0.000000,2,-124.17,-124.17,0,0,
08/27/2026,05:49:32:105,0.000000,0.000000,3,-98.19,-98.19,0,0,
08/27/2026,05:49:32:157,0.000000,0.000000,4,-120.32,-120.32,0,0,
08/27/2026,05:49:32:280,0.000000,0.000000,1,-122.07,-122.07,0,0,
08/27/2026,05:49:32:328,0.000000,0.000000,2,-124.37,-124.37,0,0,
08/27/2026,05:49:32:381,0.000000,0.000000,3,-92.15,-92.15,0,0,
08/27/2026,05:49:32:433,0.000000,0.000000,4,-121.92,-121.92,0,0,
08/27/2026,05:49:32:562,0.000000,0.000000,1,-123.34,-123.34,0,0,
08/27/2026,05:49:32:620,0.000000,0.000000,2,-122.88,-122.88,0,0,
08/27/2026,05:49:32:661,0.000000,0.000000,3,-102.63,-102.63,0,0,
08/27/2026,05:49:32:723,0.000000,0.000000,4,-121.01,-121.01,0,0,
08/27/2026,05:49:32:849,0.000000,0.000000,1,-121.24,-121.24,0,0,
08/27/2026,05:49:32:893,0.000000,0.000000,2,-123.85,-123.85,0,0,
08/27/2026,05:49:32:946,0.000000,0.000000,3,-97.25,-97.25,0,0,
08/27/2026,05:49:32:992,0.000000,0.000000,4,-121.83,-121.83,0,0,
08/27/2026,05:49:33:128,0.000000,0.000000,1,-123.19,-123.19,0,0,
08/27/2026,05:49:33:170,0.000000,0.000000,2,-121.73,-121.73,0,0,
08/27/2026,05:49:33:218,0.000000,0.000000,3,-98.41,-98.41,0,0,
08/27/2026,05:49:33:278,0.000000,0.000000,4,-120.29,-120.29,0,0,
08/27/2026,05:49:33:390,0.000000,0.000000,1,-124.83,-124.83,0,0,
08/27/2026,05:49:33:489,0.000000,0.000000,2,-124.83,-124.83,0,0,
08/27/2026,05:49:33:501,0.000000,0.000000,3,-97.67,-97.67,0,0,
08/27/2026,05:49:33:550,0.000000,0.000000,4,-122.75,-122.75,0,0,
08/27/2026,05:49:33:675,0.000000,0.000000,1,-125.26,-125.26,0,0,
08/27/2026,05:49:33:744,0.000000,0.000000,2,-124.87,-124.87,0,0,
08/27/2026,05:49:33:790,0.000000,0.000000,3,-95.12,-95.12,0,0,
08/27/2026,05:49:33:831,0.000000,0.000000,4,-122.61,-122.61,0,0,
08/27/2026,05:49:33:948,0.000000,0.000000,1,-123.91,-123.91,0,0,
08/27/2026,05:49:34:006,0.000000,0.000000,2,-125.24,-125.24,0,0,
08/27/2026,05:49:34:058,0.000000,0.000000,3,-90.46,-90.46,0,0,
08/27/2026,05:49:34:114,0.000000,0.000000,4,-119.01,-119.01,0,0,
08/27/2026,05:49:34:230,0.000000,0.000000,1,-121.89,-121.89,0,0,
08/27/2026,05:49:34:280,0.000000,0.000000,2,-125.91,-125.91,0,0,
08/27/2026,05:49:34:336,0.000000,0.000000,3,-91.52,-91.52,0,0,
08/27/2026,05:49:34:401,0.000000,0.000000,4,-121.62,-121.62,0,0,
08/27/2026,05:49:34:511,0.000000,0.000000,1,-122.34,-122.34,0,0,
08/27/2026,05:49:34:564,0.000000,0.000000,2,-121.39,-121.39,0,0,
08/27/2026,05:49:34:615,0.000000,0.000000,3,-93.56,-93.56,0,0,
08/27/2026,05:49:34:677,0.000000,0.000000,4,-120.54,-120.54,0,0,
08/27/2026,05:49:34:787,0.000000,0.000000,1,-123.78,-123.78,0,0,
08/27/2026,05:49:34:836,0.000000,0.000000,2,-124.29,-124.29,0,0,
08/27/2026,05:49:34:890,0.000000,0.000000,3,-92.54,-92.54,0,0,
08/27/2026,05:49:34:943,0.000000,0.000000,4,-120.48,-120.48,0,0,
08/27/2026,05:49:35:067,0.000000,0.000000,1,-124.15,-124.15,0,0,
08/27/2026,05:49:35:129,0.000000,0.000000,2,-122.95,-122.95,0,0,
08/27/2026,05:49:35:187,0.000000,0.000000,3,-92.81,-92.81,0,0,
08/27/2026,05:49:35:230,0.000000,0.000000,4,-119.6,-119.6,0,0,
08/27/2026,05:49:35:348,0.000000,0.000000,1,-121.5,-121.5,0,0,
08/27/2026,05:49:35:398,0.000000,0.000000,2,-123.35,-123.35,0,0,
08/27/2026,05:49:35:446,0.000000,0.000000,3,-91.68,-91.68,0,0,
08/27/2026,05:49:35:533,0.000000,0.000000,4,-122.43,-122.43,0,0,
08/27/2026,05:49:35:655,0.000000,0.000000,1,-122.77,-122.77,0,0,
08/27/2026,05:49:35:696,0.000000,0.000000,2,-127.19,-127.19,0,0,
08/27/2026,05:49:35:740,0.000000,0.000000,3,-97.68,-97.68,0,0,
08/27/2026,05:49:35:784,0.000000,0.000000,4,-121.74,-121.74,0,0,
08/27/2026,05:49:35:910,0.000000,0.000000,1,-123.17,-123.17,0,0,
08/27/2026,05:49:35:963,0.000000,0.000000,2,-123.39,-123.39,0,0,
08/27/2026,05:49:36:028,0.000000,0.000000,3,-90.12,-90.12,0,0,
08/27/2026,05:49:36:066,0.000000,0.000000,4,-123.36,-123.36,0,0,
08/27/2026,05:49:36:187,0.000000,0.000000,1,-123.26,-123.26,0,0,
08/27/2026,05:49:36:237,0.000000,0.000000,2,-122.47,-122.47,0,0,
08/27/2026,05:49:36:283,0.000000,0.000000,3,-93.53,-93.53,0,0,
08/27/2026,05:49:36:337,0.000000,0.000000,4,-120.05,-120.05,0,0,
08/27/2026,05:49:36:527,0.000000,0.000000,1,-122.7,-122.7,0,0,
08/27/2026,05:49:36:538,0.000000,0.000000,2,-124.62,-124.62,0,0,
08/27/2026,05:49:36:569,0.000000,0.000000,3,-96.77,-96.77,0,0,
08/27/2026,05:49:36:617,0.000000,0.000000,4,-121.93,-121.93,0,0,
08/27/2026,05:49:36:742,0.000000,0.000000,1,-123.99,-123.99,0,0,
08/27/2026,05:49:36:796,0.000000,0.000000,2,-121.38,-121.38,0,0,
08/27/2026,05:49:36:843,0.000000,0.000000,3,-95.57,-95.57,0,0,
08/27/2026,05:49:36:898,0.000000,0.000000,4,-123.49,-123.49,0,0,
08/27/2026,05:49:37:024,0.000000,0.000000,1,-124.06,-124.06,0,0,
08/27/2026,05:49:37:076,0.000000,0.000000,2,-122.54,-122.54,0,0,
08/27/2026,05:49:37:118,0.000000,0.000000,3,-104.17,-104.17,0,0,
08/27/2026,05:49:37:203,0.000000,0.000000,4,-122.07,-122.07,0,0,
08/27/2026,05:49:37:346,0.000000,0.000000,1,-125.31,-125.31,0,0,
08/27/2026,05:49:37:359,0.000000,0.000000,2,-123.35,-123.35,0,0,
08/27/2026,05:49:37:399,0.000000,0.000000,3,-91.32,-91.32,0,0,
08/27/2026,05:49:37:454,0.000000,0.000000,4,-121.47,-121.47,0,0,
08/27/2026,05:49:37:571,0.000000,0.000000,1,-123.65,-123.65,0,0,
08/27/2026,05:49:37:638,0.000000,0.000000,2,-123.34,-123.34,0,0,
08/27/2026,05:49:37:683,0.000000,0.000000,3,-90.1,-90.1,0,0,
08/27/2026,05:49:37:737,0.000000,0.000000,4,-122.91,-122.91,0,0,
08/27/2026,05:49:37:857,0.000000,0.000000,1,-123.94,-123.94,0,0,
08/27/2026,05:49:37:906,0.000000,0.000000,2,-122.04,-122.04,0,0,
08/27/2026,05:49:37:963,0.000000,0.000000,3,-90.85,-90.85,0,0,
08/27/2026,05:49:38:011,0.000000,0.000000,4,-120.27,-120.27,0,0,
08/27/2026,05:49:38:128,0.000000,0.000000,1,-123.65,-123.65,0,0,
08/27/2026,05:49:38:192,0.000000,0.000000,2,-121.46,-121.46,0,0,
08/27/2026,05:49:38:264,0.000000,0.000000,3,-100.19,-100.19,0,0,
08/27/2026,05:49:38:288,0.000000,0.000000,4,-120.07,-120.07,0,0,
08/27/2026,05:49:38:407,0.000000,0.000000,1,-121.7,-121.7,0,0,
08/27/2026,05:49:38:464,0.000000,0.000000,2,-122.99,-122.99,0,0,
08/27/2026,05:49:38:521,0.000000,0.000000,3,-97.74,-97.74,0,0,
08/27/2026,05:49:38:597,0.000000,0.000000,4,-122.16,-122.16,0,0,
08/27/2026,05:49:38:689,0.000000,0.000000,1,-126.35,-126.35,0,0,
08/27/2026,05:49:38:749,0.000000,0.000000,2,-121.9,-121.9,0,0,
08/27/2026,05:49:38:803,0.000000,0.000000,3,-89.62,-89.62,0,0,
08/27/2026,05:49:38:854,0.000000,0.000000,4,-120.63,-120.63,0,0,
08/27/2026,05:49:38:967,0.000000,0.000000,1,-121.54,-121.54,0,0,
08/27/2026,05:49:39:019,0.000000,0.000000,2,-120.6,-120.6,0,0,
08/27/2026,05:49:39:096,0.000000,0.000000,3,-92.85,-92.85,0,0,
08/27/2026,05:49:39:134,0.000000,0.000000,4,-120.16,-120.16,0,0,
08/27/2026,05:49:39:269,0.000000,0.000000,1,-120.83,-120.83,0,0,
08/27/2026,05:49:39:311,0.000000,0.000000,2,-124.21,-124.21,0,0,
08/27/2026,05:49:39:359,0.000000,0.000000,3,-92.04,-92.04,0,0,
08/27/2026,05:49:39:404,0.000000,0.000000,4,-123.57,-123.57,0,0,
08/27/2026,05:49:39:524,0.000000,0.000000,1,-121.31,-121.31,0,0,
08/27/2026,05:49:39:577,0.000000,0.000000,2,-123.82,-123.82,0,0,
08/27/2026,05:49:39:631,0.000000,0.000000,3,-90.56,-90.56,0,0,
08/27/2026,05:49:39:685,0.000000,0.000000,4,-121.28,-121.28,0,0,
08/27/2026,05:49:39:813,0.000000,0.000000,1,-122.29,-122.29,0,0,
08/27/2026,05:49:39:869,0.000000,0.000000,2,-125.39,-125.39,0,0,
08/27/2026,05:49:39:910,0.000000,0.000000,3,-94.19,-94.19,0,0,
08/27/2026,05:49:39:971,0.000000,0.000000,4,-120.21,-120.21,0,0,
08/27/2026,05:49:40:087,0.000000,0.000000,1,-120.51,-120.51,0,0,
08/27/2026,05:49:40:140,0.000000,0.000000,2,-123.25,-123.25,0,0,
08/27/2026,05:49:40:187,0.000000,0.000000,3,-96.46,-96.46,0,0,
08/27/2026,05:49:40:246,0.000000,0.000000,4,-121.16,-121.16,0,0,
08/27/2026,05:49:40:360,0.000000,0.000000,1,-122.34,-122.34,0,0,
08/27/2026,05:49:40:460,0.000000,0.000000,2,-122.72,-122.72,0,0,
08/27/2026,05:49:40:478,0.000000,0.000000,3,-86.11,-86.11,0,0,
08/27/2026,05:49:40:589,0.000000,0.000000,4,-122.08,-122.08,0,0,
08/27/2026,05:49:40:654,0.000000,0.000000,1,-124.55,-124.55,0,0,
08/27/2026,05:49:40:697,0.000000,0.000000,2,-124.81,-124.81,0,0,
08/27/2026,05:49:40:774,0.000000,0.000000,3,-92.16,-92.16,0,0,
08/27/2026,05:49:40:875,0.000000,0.000000,4,-120.76,-120.76,0,0,
08/27/2026,05:49:40:948,0.000000,0.000000,1,-122.86,-122.86,0,0,
08/27/2026,05:49:40:994,0.000000,0.000000,2,-124.66,-124.66,0,0,
08/27/2026,05:49:41:036,0.000000,0.000000,3,-85.66,-85.66,0,0,
08/27/2026,05:49:41:077,0.000000,0.000000,4,-122.77,-122.77,0,0,
08/27/2026,05:49:41:215,0.000000,0.000000,1,-121.09,-121.09,0,0,
08/27/2026,05:49:41:266,0.000000,0.000000,2,-124.02,-124.02,0,0,
08/27/2026,05:49:41:309,0.000000,0.000000,3,-88.05,-88.05,0,0,
08/27/2026,05:49:41:386,0.000000,0.000000,4,-121.49,-121.49,0,0,
08/27/2026,05:49:41:482,0.000000,0.000000,1,-123.26,-123.26,0,0,
08/27/2026,05:49:41:538,0.000000,0.000000,2,-123.05,-123.05,0,0,
08/27/2026,05:49:41:660,0.000000,0.000000,3,-91.72,-91.72,0,0,
08/27/2026,05:49:41:670,0.000000,0.000000,4,-121.24,-121.24,0,0,
08/27/2026,05:49:41:761,0.000000,0.000000,1,-125.17,-125.17,0,0,
08/27/2026,05:49:41:807,0.000000,0.000000,2,-120.67,-120.67,0,0,
08/27/2026,05:49:41:864,0.000000,0.000000,3,-86.12,-86.12,0,0,
08/27/2026,05:49:41:917,0.000000,0.000000,4,-121.49,-121.49,0,0,
08/27/2026,05:49:42:033,0.000000,0.000000,1,-121.24,-121.24,0,0,
08/27/2026,05:49:42:089,0.000000,0.000000,2,-122.88,-122.88,0,0,
08/27/2026,05:49:42:147,0.000000,0.000000,3,-88.98,-88.98,0,0,
08/27/2026,05:49:42:198,0.000000,0.000000,4,-122.62,-122.62,0,0,
08/27/2026,05:49:42:318,0.000000,0.000000,1,-123.32,-123.32,0,0,
08/27/2026,05:49:42:368,0.000000,0.000000,2,-123.95,-123.95,0,0,
08/27/2026,05:49:42:436,0.000000,0.000000,3,-92.54,-92.54,0,0,
08/27/2026,05:49:42:477,0.000000,0.000000,4,-119.6,-119.6,0,0,
08/27/2026,05:49:42:597,0.000000,0.000000,1,-124.78,-124.78,0,0,
08/27/2026,05:49:42:673,0.000000,0.000000,2,-122.57,-122.57,0,0,
08/27/2026,05:49:42:719,0.000000,0.000000,3,-91.39,-91.39,0,0,
08/27/2026,05:49:42:754,0.000000,0.000000,4,-120.16,-120.16,0,0,
08/27/2026,05:49:42:890,0.000000,0.000000,1,-123.55,-123.55,0,0,
08/27/2026,05:49:42:933,0.000000,0.000000,2,-121.79,-121.79,0,0,
08/27/2026,05:49:42:979,0.000000,0.000000,3,-90.6,-90.6,0,0,
08/27/2026,05:49:43:048,0.000000,0.000000,4,-120.21,-120.21,0,0,
08/27/2026,05:49:43:148,0.000000,0.000000,1,-120.78,-120.78,0,0,
08/27/2026,05:49:43:209,0.000000,0.000000,2,-123.37,-123.37,0,0,
08/27/2026,05:49:43:261,0.000000,0.000000,3,-93.39,-93.39,0,0,
08/27/2026,05:49:43:318,0.000000,0.000000,4,-118.72,-118.72,0,0,
08/27/2026,05:49:43:430,0.000000,0.000000,1,-124.96,-124.96,0,0,
08/27/2026,05:49:43:479,0.000000,0.000000,2,-121.41,-121.41,0,0,
08/27/2026,05:49:43:548,0.000000,0.000000,3,-88.38,-88.38,0,0,
08/27/2026,05:49:43:592,0.000000,0.000000,4,-120.69,-120.69,0,0,
08/27/2026,05:49:43:707,0.000000,0.000000,1,-122.02,-122.02,0,0,
08/27/2026,05:49:43:766,0.000000,0.000000,2,-123.4,-123.4,0,0,
08/27/2026,05:49:43:814,0.000000,0.000000,3,-92.21,-92.21,0,0,
08/27/2026,05:49:43:866,0.000000,0.000000,4,-121.29,-121.29,0,0,
08/27/2026,05:49:43:984,0.000000,0.000000,1,-125.51,-125.51,0,0,
08/27/2026,05:49:44:048,0.000000,0.000000,2,-123.28,-123.28,0,0,
08/27/2026,05:49:44:091,0.000000,0.000000,3,-96.95,-96.95,0,0,
08/27/2026,05:49:44:153,0.000000,0.000000,4,-121.07,-121.07,0,0,
08/27/2026,05:49:44:264,0.000000,0.000000,1,-120.26,-120.26,0,0,
08/27/2026,05:49:44:320,0.000000,0.000000,2,-123.52,-123.52,0,0,
08/27/2026,05:49:44:379,0.000000,0.000000,3,-97.45,-97.45,0,0,
08/27/2026,05:49:44:430,0.000000,0.000000,4,-122.47,-122.47,0,0,
08/27/2026,05:49:44:566,0.000000,0.000000,1,-123.27,-123.27,0,0,
08/27/2026,05:49:44:614,0.000000,0.000000,2,-125.39,-125.39,0,0,
08/27/2026,05:49:44:663,0.000000,0.000000,3,-89.78,-89.78,0,0,
08/27/2026,05:49:44:709,0.000000,0.000000,4,-121.69,-121.69,0,0,
08/27/2026,05:49:44:838,0.000000,0.000000,1,-124.94,-124.94,0,0,
08/27/2026,05:49:44:882,0.000000,0.000000,2,-121.71,-121.71,0,0,
08/27/2026,05:49:44:932,0.000000,0.000000,3,-89.71,-89.71,0,0,
08/27/2026,05:49:45:008,0.000000,0.000000,4,-121.05,-121.05,0,0,
08/27/2026,05:49:45:102,0.000000,0.000000,1,-123.61,-123.61,0,0,
08/27/2026,05:49:45:157,0.000000,0.000000,2,-123.41,-123.41,0,0,
08/27/2026,05:49:45:217,0.000000,0.000000,3,-100.3,-100.3,0,0,
08/27/2026,05:49:45:259,0.000000,0.000000,4,-121.9,-121.9,0,0,
08/27/2026,05:49:45:391,0.000000,0.000000,1,-125.88,-125.88,0,0,
08/27/2026,05:49:45:435,0.000000,0.000000,2,-122.84,-122.84,0,0,
08/27/2026,05:49:45:484,0.000000,0.000000,3,-90.98,-90.98,0,0,
08/27/2026,05:49:45:540,0.000000,0.000000,4,-121.9,-121.9,0,0,
08/27/2026,05:49:45:658,0.000000,0.000000,1,-122.82,-122.82,0,0,
08/27/2026,05:49:45:714,0.000000,0.000000,2,-123.95,-123.95,0,0,
08/27/2026,05:49:45:763,0.000000,0.000000,3,-93.63,-93.63,0,0,
08/27/2026,05:49:45:818,0.000000,0.000000,4,-122.07,-122.07,0,0,
08/27/2026,05:49:45:938,0.000000,0.000000,1,-124.35,-124.35,0,0,
08/27/2026,05:49:45:990,0.000000,0.000000,2,-124.27,-124.27,0,0,
08/27/2026,05:49:46:043,0.000000,0.000000,3,-86.4,-86.4,0,0,
08/27/2026,05:49:46:102,0.000000,0.000000,4,-119.85,-119.85,0,0,
08/27/2026,05:49:46:217,0.000000,0.000000,1,-119.7,-119.7,0,0,
08/27/2026,05:49:46:269,0.000000,0.000000,2,-123.88,-123.88,0,0,
08/27/2026,05:49:46:321,0.000000,0.000000,3,-89.59,-89.59,0,0,
08/27/2026,05:49:46:383,0.000000,0.000000,4,-120.85,-120.85,0,0,
08/27/2026,05:49:46:497,0.000000,0.000000,1,-122.25,-122.25,0,0,
08/27/2026,05:49:46:589,0.000000,0.000000,2,-123.2,-123.2,0,0,
08/27/2026,05:49:46:620,0.000000,0.000000,3,-91.66,-91.66,0,0,
08/27/2026,05:49:46:662,0.000000,0.000000,4,-122.02,-122.02,0,0,
08/27/2026,05:49:46:812,0.000000,0.000000,1,-121.57,-121.57,0,0,
08/27/2026,05:49:46:826,0.000000,0.000000,2,-123.15,-123.15,0,0,
08/27/2026,05:49:46:883,0.000000,0.000000,3,-81.12,-81.12,0,0,
08/27/2026,05:49:46:939,0.000000,0.000000,4,-120.06,-120.06,0,0,
08/27/2026,05:49:47:058,0.000000,0.000000,1,-124.25,-124.25,0,0,
08/27/2026,05:49:47:106,0.000000,0.000000,2,-124.24,-124.24,0,0,
08/27/2026,05:49:47:163,0.000000,0.000000,3,-87.11,-87.11,0,0,
08/27/2026,05:49:47:214,0.000000,0.000000,4,-121.34,-121.34,0,0,
08/27/2026,05:49:47:332,0.000000,0.000000,1,-123.17,-123.17,0,0,
08/27/2026,05:49:47:383,0.000000,0.000000,2,-122.23,-122.23,0,0,
08/27/2026,05:49:47:443,0.000000,0.000000,3,-94.53,-94.53,0,0,
08/27/2026,05:49:47:498,0.000000,0.000000,4,-120.94,-120.94,0,0,
08/27/2026,05:49:47:612,0.000000,0.000000,1,-124.28,-124.28,0,0,
08/27/2026,05:49:47:666,0.000000,0.000000,2,-124.99,-124.99,0,0,
08/27/2026,05:49:47:723,0.000000,0.000000,3,-87.85,-87.85,0,0,
08/27/2026,05:49:47:775,0.000000,0.000000,4,-120.4,-120.4,0,0,
08/27/2026,05:49:47:895,0.000000,0.000000,1,-125.13,-125.13,0,0,
08/27/2026,05:49:47:950,0.000000,0.000000,2,-122.83,-122.83,0,0,
08/27/2026,05:49:48:006,0.000000,0.000000,3,-90.52,-90.52,0,0,
08/27/2026,05:49:48:054,0.000000,0.000000,4,-123.63,-123.63,0,0,
08/27/2026,05:49:48:169,0.000000,0.000000,1,-124.97,-124.97,0,0,
08/27/2026,05:49:48:220,0.000000,0.000000,2,-123.94,-123.94,0,0,
08/27/2026,05:49:48:300,0.000000,0.000000,3,-89.92,-89.92,0,0,
08/27/2026,05:49:48:339,0.000000,0.000000,4,-122.69,-122.69,0,0,
08/27/2026,05:49:48:474,0.000000,0.000000,1,-125.27,-125.27,0,0,
08/27/2026,05:49:48:515,0.000000,0.000000,2,-124.27,-124.27,0,0,
08/27/2026,05:49:48:560,0.000000,0.000000,3,-88.83,-88.83,0,0,
08/27/2026,05:49:48:606,0.000000,0.000000,4,-124.43,-124.43,0,0,
08/27/2026,05:49:48:727,0.000000,0.000000,1,-124.46,-124.46,0,0,
08/27/2026,05:49:48:780,0.000000,0.000000,2,-123.41,-123.41,0,0,
08/27/2026,05:49:48:829,0.000000,0.000000,3,-91.69,-91.69,0,0,
08/27/2026,05:49:48:896,0.000000,0.000000,4,-123.12,-123.12,0,0,
08/27/2026,05:49:49:007,0.000000,0.000000,1,-124.73,-124.73,0,0,
08/27/2026,05:49:49:057,0.000000,0.000000,2,-122.64,-122.64,0,0,
08/27/2026,05:49:49:120,0.000000,0.000000,3,-99.39,-99.39,0,0,
08/27/2026,05:49:49:169,0.000000,0.000000,4,-121.97,-121.97,0,0,
08/27/2026,05:49:49:284,0.000000,0.000000,1,-125.66,-125.66,0,0,
08/27/2026,05:49:49:338,0.000000,0.000000,2,-124.3,-124.3,0,0,
08/27/2026,05:49:49:394,0.000000,0.000000,3,-90.36,-90.36,0,0,
08/27/2026,05:49:49:442,0.000000,0.000000,4,-121.43,-121.43,0,0,
08/27/2026,05:49:49:568,0.000000,0.000000,1,-123.16,-123.16,0,0,
08/27/2026,05:49:49:614,0.000000,0.000000,2,-126.43,-126.43,0,0,
08/27/2026,05:49:49:674,0.000000,0.000000,3,-97.08,-97.08,0,0,
08/27/2026,05:49:49:722,0.000000,0.000000,4,-121,-121,0,0,
08/27/2026,05:49:49:849,0.000000,0.000000,1,-121.65,-121.65,0,0,
08/27/2026,05:49:49:900,0.000000,0.000000,2,-126.36,-126.36,0,0,
08/27/2026,05:49:49:949,0.000000,0.000000,3,-91.86,-91.86,0,0,
08/27/2026,05:49:49:998,0.000000,0.000000,4,-120.54,-120.54,0,0,
08/27/2026,05:49:50:138,0.000000,0.000000,1,-122.74,-122.74,0,0,
08/27/2026,05:49:50:188,0.000000,0.000000,2,-125.23,-125.23,0,0,
08/27/2026,05:49:50:231,0.000000,0.000000,3,-90.43,-90.43,0,0,
08/27/2026,05:49:50:276,0.000000,0.000000,4,-122.41,-122.41,0,0,
08/27/2026,05:49:50:405,0.000000,0.000000,1,-124.71,-124.71,0,0,
08/27/2026,05:49:50:457,0.000000,0.000000,2,-123.04,-123.04,0,0,
08/27/2026,05:49:50:506,0.000000,0.000000,3,-93.77,-93.77,0,0,
08/27/2026,05:49:50:563,0.000000,0.000000,4,-118.87,-118.87,0,0,
08/27/2026,05:49:50:677,0.000000,0.000000,1,-121.19,-121.19,0,0,
08/27/2026,05:49:50:732,0.000000,0.000000,2,-124.14,-124.14,0,0,
08/27/2026,05:49:50:784,0.000000,0.000000,3,-93.56,-93.56,0,0,
08/27/2026,05:49:50:848,0.000000,0.000000,4,-119.94,-119.94,0,0,
08/27/2026,05:49:50:956,0.000000,0.000000,1,-123.28,-123.28,0,0,
08/27/2026,05:49:51:009,0.000000,0.000000,2,-120.4,-120.4,0,0,
08/27/2026,05:49:51:061,0.000000,0.000000,3,-95.49,-95.49,0,0,
08/27/2026,05:49:51:114,0.000000,0.000000,4,-120.8,-120.8,0,0,
08/27/2026,05:49:51:234,0.000000,0.000000,1,-122.95,-122.95,0,0,
08/27/2026,05:49:51:300,0.000000,0.000000,2,-123.59,-123.59,0,0,
08/27/2026,05:49:51:345,0.000000,0.000000,3,-90.58,-90.58,0,0,
08/27/2026,05:49:51:396,0.000000,0.000000,4,-119.7,-119.7,0,0,
08/27/2026,05:49:51:516,0.000000,0.000000,1,-121.65,-121.65,0,0,
08/27/2026,05:49:51:570,0.000000,0.000000,2,-123.3,-123.3,0,0,
08/27/2026,05:49:51:618,0.000000,0.000000,3,-88.24,-88.24,0,0,
08/27/2026,05:49:51:676,0.000000,0.000000,4,-119.97,-119.97,0,0,
08/27/2026,05:49:51:796,0.000000,0.000000,1,-123.19,-123.19,0,0,
08/27/2026,05:49:51:943,0.000000,0.000000,2,-124.46,-124.46,0,0,
08/27/2026,05:49:51:951,0.000000,0.000000,3,-90.49,-90.49,0,0,
08/27/2026,05:49:51:961,0.000000,0.000000,4,-119.74,-119.74,0,0,
08/27/2026,05:49:52:076,0.000000,0.000000,1,-119.8,-119.8,0,0,
08/27/2026,05:49:52:125,0.000000,0.000000,2,-119.35,-119.35,0,0,
08/27/2026,05:49:52:181,0.000000,0.000000,3,-92.02,-92.02,0,0,
08/27/2026,05:49:52:235,0.000000,0.000000,4,-119.21,-119.21,0,0,
08/27/2026,05:49:52:366,0.000000,0.000000,1,-122.95,-122.95,0,0,
08/27/2026,05:49:52:411,0.000000,0.000000,2,-124.68,-124.68,0,0,
08/27/2026,05:49:52:455,0.000000,0.000000,3,-87.52,-87.52,0,0,
08/27/2026,05:49:52:522,0.000000,0.000000,4,-119.01,-119.01,0,0,
08/27/2026,05:49:52:630,0.000000,0.000000,1,-122.9,-122.9,0,0,
08/27/2026,05:49:52:687,0.000000,0.000000,2,-122.53,-122.53,0,0,
08/27/2026,05:49:52:738,0.000000,0.000000,3,-90.56,-90.56,0,0,
08/27/2026,05:49:52:789,0.000000,0.000000,4,-122.96,-122.96,0,0,
08/27/2026,05:49:52:910,0.000000,0.000000,1,-122.26,-122.26,0,0,
08/27/2026,05:49:52:959,0.000000,0.000000,2,-123.66,-123.66,0,0,
08/27/2026,05:49:53:011,0.000000,0.000000,3,-89.5,-89.5,0,0,
08/27/2026,05:49:53:071,0.000000,0.000000,4,-124.21,-124.21,0,0,
08/27/2026,05:49:53:205,0.000000,0.000000,1,-123.27,-123.27,0,0,
08/27/2026,05:49:53:249,0.000000,0.000000,2,-122.63,-122.63,0,0,
08/27/2026,05:49:53:298,0.000000,0.000000,3,-97.63,-97.63,0,0,
08/27/2026,05:49:53:346,0.000000,0.000000,4,-120.76,-120.76,0,0,
08/27/2026,05:49:53:469,0.000000,0.000000,1,-122.77,-122.77,0,0,
08/27/2026,05:49:53:520,0.000000,0.000000,2,-123.94,-123.94,0,0,
08/27/2026,05:49:53:569,0.000000,0.000000,3,-91.87,-91.87,0,0,
08/27/2026,05:49:53:622,0.000000,0.000000,4,-121.37,-121.37,0,0,
08/27/2026,05:49:53:743,0.000000,0.000000,1,-122.98,-122.98,0,0,
08/27/2026,05:49:53:802,0.000000,0.000000,2,-124.11,-124.11,0,0,
08/27/2026,05:49:53:863,0.000000,0.000000,3,-90.73,-90.73,0,0,
08/27/2026,05:49:53:915,0.000000,0.000000,4,-121.05,-121.05,0,0,
08/27/2026,05:49:54:059,0.000000,0.000000,1,-122.36,-122.36,0,0,
08/27/2026,05:49:54:103,0.000000,0.000000,2,-123.54,-123.54,0,0,
08/27/2026,05:49:54:143,0.000000,0.000000,3,-89.27,-89.27,0,0,
08/27/2026,05:49:54:186,0.000000,0.000000,4,-121.77,-121.77,0,0,
08/27/2026,05:49:54:300,0.000000,0.000000,1,-122.6,-122.6,0,0,
08/27/2026,05:49:54:353,0.000000,0.000000,2,-121.24,-121.24,0,0,
08/27/2026,05:49:54:405,0.000000,0.000000,3,-97.93,-97.93,0,0,
08/27/2026,05:49:54:466,0.000000,0.000000,4,-121.73,-121.73,0,0,
08/27/2026,05:49:54:580,0.000000,0.000000,1,-122.71,-122.71,0,0,
08/27/2026,05:49:54:637,0.000000,0.000000,2,-121.56,-121.56,0,0,
08/27/2026,05:49:54:701,0.000000,0.000000,3,-88.45,-88.45,0,0,
08/27/2026,05:49:54:737,0.000000,0.000000,4,-123.6,-123.6,0,0,
08/27/2026,05:49:54:888,0.000000,0.000000,1,-121.3,-121.3,0,0,
08/27/2026,05:49:54:917,0.000000,0.000000,2,-123.48,-123.48,0,0,
08/27/2026,05:49:54:964,0.000000,0.000000,3,-94.23,-94.23,0,0,
08/27/2026,05:49:55:021,0.000000,0.000000,4,-120.57,-120.57,0,0,
08/27/2026,05:49:55:139,0.000000,0.000000,1,-121.63,-121.63,0,0,
08/27/2026,05:49:55:193,0.000000,0.000000,2,-123.03,-123.03,0,0,
08/27/2026,05:49:55:254,0.000000,0.000000,3,-91.49,-91.49,0,0,
08/27/2026,05:49:55:295,0.000000,0.000000,4,-121.49,-121.49,0,0,
08/27/2026,05:49:55:417,0.000000,0.000000,1,-123.75,-123.75,0,0,
08/27/2026,05:49:55:476,0.000000,0.000000,2,-123.97,-123.97,0,0,
08/27/2026,05:49:55:527,0.000000,0.000000,3,-102.61,-102.61,0,0,
08/27/2026,05:49:55:576,0.000000,0.000000,4,-122.09,-122.09,0,0,
08/27/2026,05:49:55:712,0.000000,0.000000,1,-126.27,-126.27,0,0,
08/27/2026,05:49:55:756,0.000000,0.000000,2,-122.52,-122.52,0,0,
08/27/2026,05:49:55:798,0.000000,0.000000,3,-94.6,-94.6,0,0,
08/27/2026,05:49:55:858,0.000000,0.000000,4,-124.2,-124.2,0,0,
08/27/2026,05:49:55:993,0.000000,0.000000,1,-124.47,-124.47,0,0,
08/27/2026,05:49:56:038,0.000000,0.000000,2,-124.52,-124.52,0,0,
08/27/2026,05:49:56:081,0.000000,0.000000,3,-92.13,-92.13,0,0,
08/27/2026,05:49:56:154,0.000000,0.000000,4,-121.7,-121.7,0,0,
08/27/2026,05:49:56:279,0.000000,0.000000,1,-122.78,-122.78,0,0,
08/27/2026,05:49:56:310,0.000000,0.000000,2,-123.05,-123.05,0,0,
08/27/2026,05:49:56:358,0.000000,0.000000,3,-91.93,-91.93,0,0,
08/27/2026,05:49:56:413,0.000000,0.000000,4,-120.8,-120.8,0,0,
08/27/2026,05:49:56:531,0.000000,0.000000,1,-122.49,-122.49,0,0,
08/27/2026,05:49:56:586,0.000000,0.000000,2,-123.18,-123.18,0,0,
08/27/2026,05:49:56:642,0.000000,0.000000,3,-96.34,-96.34,0,0,
08/27/2026,05:49:56:691,0.000000,0.000000,4,-124.09,-124.09,0,0,
08/27/2026,05:49:56:818,0.000000,0.000000,1,-123.4,-123.4,0,0,
08/27/2026,05:49:56:867,0.000000,0.000000,2,-123.06,-123.06,0,0,
08/27/2026,05:49:56:923,0.000000,0.000000,3,-94.51,-94.51,0,0,
08/27/2026,05:49:57:083,0.000000,0.000000,4,-122.83,-122.83,0,0,
08/27/2026,05:49:57:105,0.000000,0.000000,1,-124.02,-124.02,0,0,
08/27/2026,05:49:57:141,0.000000,0.000000,2,-121.75,-121.75,0,0,
08/27/2026,05:49:57:202,0.000000,0.000000,3,-99.21,-99.21,0,0,
08/27/2026,05:49:57:248,0.000000,0.000000,4,-123.3,-123.3,0,0,
08/27/2026,05:49:57:370,0.000000,0.000000,1,-122.29,-122.29,0,0,
08/27/2026,05:49:57:441,0.000000,0.000000,2,-125.52,-125.52,0,0,
08/27/2026,05:49:57:473,0.000000,0.000000,3,-90.62,-90.62,0,0,
08/27/2026,05:49:57:527,0.000000,0.000000,4,-121.96,-121.96,0,0,
08/27/2026,05:49:57:656,0.000000,0.000000,1,-124.99,-124.99,0,0,
08/27/2026,05:49:57:705,0.000000,0.000000,2,-123.49,-123.49,0,0,
08/27/2026,05:49:57:759,0.000000,0.000000,3,-91.71,-91.71,0,0,
08/27/2026,05:49:57:825,0.000000,0.000000,4,-121,-121,0,0,
08/27/2026,05:49:57:927,0.000000,0.000000,1,-121.76,-121.76,0,0,
08/27/2026,05:49:57:976,0.000000,0.000000,2,-124.57,-124.57,0,0,
08/27/2026,05:49:58:042,0.000000,0.000000,3,-94.7,-94.7,0,0,
08/27/2026,05:49:58:093,0.000000,0.000000,4,-123.28,-123.28,0,0,
08/27/2026,05:49:58:207,0.000000,0.000000,1,-121.75,-121.75,0,0,
08/27/2026,05:49:58:259,0.000000,0.000000,2,-122.16,-122.16,0,0,
08/27/2026,05:49:58:319,0.000000,0.000000,3,-102.39,-102.39,0,0,
08/27/2026,05:49:58:370,0.000000,0.000000,4,-121.59,-121.59,0,0,
08/27/2026,05:49:58:486,0.000000,0.000000,1,-125.16,-125.16,0,0,
08/27/2026,05:49:58:538,0.000000,0.000000,2,-121.64,-121.64,0,0,
08/27/2026,05:49:58:603,0.000000,0.000000,3,-88.38,-88.38,0,0,
08/27/2026,05:49:58:647,0.000000,0.000000,4,-122.77,-122.77,0,0,
08/27/2026,05:49:58:773,0.000000,0.000000,1,-123.9,-123.9,0,0,
08/27/2026,05:49:58:820,0.000000,0.000000,2,-124.42,-124.42,0,0,
08/27/2026,05:49:58:871,0.000000,0.000000,3,-102.35,-102.35,0,0,
08/27/2026,05:49:58:920,0.000000,0.000000,4,-122.49,-122.49,0,0,
08/27/2026,05:49:59:041,0.000000,0.000000,1,-123.46,-123.46,0,0,
08/27/2026,05:49:59:091,0.000000,0.000000,2,-124.6,-124.6,0,0,
08/27/2026,05:49:59:146,0.000000,0.000000,3,-93.42,-93.42,0,0,
08/27/2026,05:49:59:199,0.000000,0.000000,4,-123.78,-123.78,0,0,
08/27/2026,05:49:59:327,0.000000,0.000000,1,-123.08,-123.08,0,0,
08/27/2026,05:49:59:375,0.000000,0.000000,2,-124.83,-124.83,0,0,
08/27/2026,05:49:59:433,0.000000,0.000000,3,-94.77,-94.77,0,0,
08/27/2026,05:49:59:481,0.000000,0.000000,4,-123.22,-123.22,0,0,
08/27/2026,05:49:59:597,0.000000,0.000000,1,-122.58,-122.58,0,0,
08/27/2026,05:49:59:668,0.000000,0.000000,2,-124.78,-124.78,0,0,
08/27/2026,05:49:59:713,0.000000,0.000000,3,-101.99,-101.99,0,0,
08/27/2026,05:49:59:756,0.000000,0.000000,4,-122.7,-122.7,0,0,
08/27/2026,05:49:59:881,0.000000,0.000000,1,-124.01,-124.01,0,0,
08/27/2026,05:49:59:928,0.000000,0.000000,2,-124.96,-124.96,0,0,
08/27/2026,05:50:00:010,0.000000,0.000000,3,-95.34,-95.34,0,0,
08/27/2026,05:50:00:034,0.000000,0.000000,4,-121.85,-121.85,0,0,
08/27/2026,05:50:00:158,0.000000,0.000000,1,-122.16,-122.16,0,0,
08/27/2026,05:50:00:212,0.000000,0.000000,2,-124.75,-124.75,0,0,
08/27/2026,05:50:00:265,0.000000,0.000000,3,-96.08,-96.08,0,0,
08/27/2026,05:50:00:320,0.000000,0.000000,4,-122.9,-122.9,0,0,
08/27/2026,05:50:00:438,0.000000,0.000000,1,-121.85,-121.85,0,0,
08/27/2026,05:50:00:486,0.000000,0.000000,2,-123.04,-123.04,0,0,
08/27/2026,05:50:00:543,0.000000,0.000000,3,-95.12,-95.12,0,0,
08/27/2026,05:50:00:604,0.000000,0.000000,4,-122.81,-122.81,0,0,
08/27/2026,05:50:00:712,0.000000,0.000000,1,-122.95,-122.95,0,0,
08/27/2026,05:50:00:773,0.000000,0.000000,2,-124.52,-124.52,0,0,
08/27/2026,05:50:00:824,0.000000,0.000000,3,-105.17,-105.17,0,0,
08/27/2026,05:50:00:873,0.000000,0.000000,4,-122.4,-122.4,0,0,
08/27/2026,05:50:00:998,0.000000,0.000000,1,-123.9,-123.9,0,0,
08/27/2026,05:50:01:051,0.000000,0.000000,2,-124.47,-124.47,0,0,
08/27/2026,05:50:01:105,0.000000,0.000000,3,-99.64,-99.64,0,0,
08/27/2026,05:50:01:155,0.000000,0.000000,4,-121.06,-121.06,0,0,
08/27/2026,05:50:01:284,0.000000,0.000000,1,-123.59,-123.59,0,0,
08/27/2026,05:50:01:323,0.000000,0.000000,2,-123.83,-123.83,0,0,
08/27/2026,05:50:01:379,0.000000,0.000000,3,-101.15,-101.15,0,0,
08/27/2026,05:50:01:430,0.000000,0.000000,4,-123.03,-123.03,0,0,
08/27/2026,05:50:01:548,0.000000,0.000000,1,-123.76,-123.76,0,0,
08/27/2026,05:50:01:623,0.000000,0.000000,2,-106.27,-106.27,0,0,
08/27/2026,05:50:01:664,0.000000,0.000000,3,-99.61,-99.61,0,0,
08/27/2026,05:50:01:716,0.000000,0.000000,4,-120.88,-120.88,0,0,
08/27/2026,05:50:01:838,0.000000,0.000000,1,-123.41,-123.41,0,0,
08/27/2026,05:50:01:880,0.000000,0.000000,2,-122.31,-122.31,0,0,
08/27/2026,05:50:01:941,0.000000,0.000000,3,-94.07,-94.07,0,0,
08/27/2026,05:50:01:993,0.000000,0.000000,4,-122.1,-122.1,0,0,
08/27/2026,05:50:02:226,0.000000,0.000000,1,-122.08,-122.08,0,0,
08/27/2026,05:50:02:236,0.000000,0.000000,2,-123.49,-123.49,0,0,
08/27/2026,05:50:02:248,0.000000,0.000000,3,-94.61,-94.61,0,0,
08/27/2026,05:50:02:274,0.000000,0.000000,4,-121.44,-121.44,0,0,
08/27/2026,05:50:02:385,0.000000,0.000000,1,-121.23,-121.23,0,0,
08/27/2026,05:50:02:440,0.000000,0.000000,2,-123.73,-123.73,0,0,
08/27/2026,05:50:02:493,0.000000,0.000000,3,-92.76,-92.76,0,0,
08/27/2026,05:50:02:562,0.000000,0.000000,4,-121.96,-121.96,0,0,
08/27/2026,05:50:02:670,0.000000,0.000000,1,-125.22,-125.22,0,0,
08/27/2026,05:50:02:734,0.000000,0.000000,2,-122.08,-122.08,0,0,
08/27/2026,05:50:02:771,0.000000,0.000000,3,-90.24,-90.24,0,0,
08/27/2026,05:50:02:835,0.000000,0.000000,4,-124.14,-124.14,0,0,
08/27/2026,05:50:02:947,0.000000,0.000000,1,-122.8,-122.8,0,0,
08/27/2026,05:50:02:995,0.000000,0.000000,2,-122.91,-122.91,0,0,
08/27/2026,05:50:03:048,0.000000,0.000000,3,-97.85,-97.85,0,0,
08/27/2026,05:50:03:108,0.000000,0.000000,4,-122.05,-122.05,0,0,
08/27/2026,05:50:03:258,0.000000,0.000000,1,-123.08,-123.08,0,0,
08/27/2026,05:50:03:289,0.000000,0.000000,2,-125.2,-125.2,0,0,
08/27/2026,05:50:03:332,0.000000,0.000000,3,-99.18,-99.18,0,0,
08/27/2026,05:50:03:380,0.000000,0.000000,4,-121.91,-121.91,0,0,
08/27/2026,05:50:03:500,0.000000,0.000000,1,-123.13,-123.13,0,0,
08/27/2026,05:50:03:558,0.000000,0.000000,2,-123.75,-123.75,0,0,
08/27/2026,05:50:03:620,0.000000,0.000000,3,-100.02,-100.02,0,0,
08/27/2026,05:50:03:663,0.000000,0.000000,4,-123.08,-123.08,0,0,
08/27/2026,05:50:03:793,0.000000,0.000000,1,-125.17,-125.17,0,0,
08/27/2026,05:50:03:843,0.000000,0.000000,2,-123.43,-123.43,0,0,
08/27/2026,05:50:03:888,0.000000,0.000000,3,-92.15,-92.15,0,0,
08/27/2026,05:50:03:947,0.000000,0.000000,4,-121.61,-121.61,0,0,
08/27/2026,05:50:04:058,0.000000,0.000000,1,-125.15,-125.15,0,0,
08/27/2026,05:50:04:110,0.000000,0.000000,2,-124.76,-124.76,0,0,
08/27/2026,05:50:04:203,0.000000,0.000000,3,-95.19,-95.19,0,0,
08/27/2026,05:50:04:216,0.000000,0.000000,4,-123.01,-123.01,0,0,
08/27/2026,05:50:04:342,0.000000,0.000000,1,-123.61,-123.61,0,0,
08/27/2026,05:50:04:395,0.000000,0.000000,2,-124.39,-124.39,0,0,
08/27/2026,05:50:04:458,0.000000,0.000000,3,-94.44,-94.44,0,0,
08/27/2026,05:50:04:511,0.000000,0.000000,4,-119.92,-119.92,0,0,
08/27/2026,05:50:04:624,0.000000,0.000000,1,-122.73,-122.73,0,0,
08/27/2026,05:50:04:682,0.000000,0.000000,2,-125.32,-125.32,0,0,
08/27/2026,05:50:04:723,0.000000,0.000000,3,-99.63,-99.63,0,0,
08/27/2026,05:50:04:780,0.000000,0.000000,4,-121.68,-121.68,0,0,
08/27/2026,05:50:04:897,0.000000,0.000000,1,-123.2,-123.2,0,0,
08/27/2026,05:50:04:950,0.000000,0.000000,2,-124.88,-124.88,0,0,
08/27/2026,05:50:05:002,0.000000,0.000000,3,-97.95,-97.95,0,0,
08/27/2026,05:50:05:072,0.000000,0.000000,4,-121.12,-121.12,0,0,
08/27/2026,05:50:05:180,0.000000,0.000000,1,-123.29,-123.29,0,0,
08/27/2026,05:50:05:234,0.000000,0.000000,2,-124.74,-124.74,0,0,
08/27/2026,05:50:05:282,0.000000,0.000000,3,-93.54,-93.54,0,0,
08/27/2026,05:50:05:362,0.000000,0.000000,4,-123.32,-123.32,0,0,
08/27/2026,05:50:05:531,0.000000,0.000000,1,-123.43,-123.43,0,0,
08/27/2026,05:50:05:542,0.000000,0.000000,2,-126.39,-126.39,0,0,
08/27/2026,05:50:05:562,0.000000,0.000000,3,-100.66,-100.66,0,0,
08/27/2026,05:50:05:610,0.000000,0.000000,4,-121.28,-121.28,0,0,
08/27/2026,05:50:05:738,0.000000,0.000000,1,-121.9,-121.9,0,0,
08/27/2026,05:50:05:785,0.000000,0.000000,2,-124.64,-124.64,0,0,
08/27/2026,05:50:05:847,0.000000,0.000000,3,-93.72,-93.72,0,0,
08/27/2026,05:50:05:891,0.000000,0.000000,4,-122.25,-122.25,0,0,
08/27/2026,05:50:06:013,0.000000,0.000000,1,-124.84,-124.84,0,0,
08/27/2026,05:50:06:068,0.000000,0.000000,2,-122.22,-122.22,0,0,
08/27/2026,05:50:06:127,0.000000,0.000000,3,-90.13,-90.13,0,0,
08/27/2026,05:50:06:174,0.000000,0.000000,4,-119.46,-119.46,0,0,
08/27/2026,05:50:06:291,0.000000,0.000000,1,-123.41,-123.41,0,0,
08/27/2026,05:50:06:343,0.000000,0.000000,2,-123.91,-123.91,0,0,
08/27/2026,05:50:06:406,0.000000,0.000000,3,-97.6,-97.6,0,0,
08/27/2026,05:50:06:448,0.000000,0.000000,4,-123.03,-123.03,0,0,
08/27/2026,05:50:06:572,0.000000,0.000000,1,-121.56,-121.56,0,0,
08/27/2026,05:50:06:640,0.000000,0.000000,2,-124.95,-124.95,0,0,
08/27/2026,05:50:06:674,0.000000,0.000000,3,-97.1,-97.1,0,0,
08/27/2026,05:50:06:766,0.000000,0.000000,4,-122.93,-122.93,0,0,
08/27/2026,05:50:06:848,0.000000,0.000000,1,-122.15,-122.15,0,0,
08/27/2026,05:50:06:901,0.000000,0.000000,2,-125.08,-125.08,0,0,
08/27/2026,05:50:06:966,0.000000,0.000000,3,-100.75,-100.75,0,0,
08/27/2026,05:50:07:012,0.000000,0.000000,4,-122.15,-122.15,0,0,
08/27/2026,05:50:07:147,0.000000,0.000000,1,-123.34,-123.34,0,0,
08/27/2026,05:50:07:192,0.000000,0.000000,2,-125.73,-125.73,0,0,
08/27/2026,05:50:07:241,0.000000,0.000000,3,-103.18,-103.18,0,0,
08/27/2026,05:50:07:364,0.000000,0.000000,4,-120.26,-120.26,0,0,
08/27/2026,05:50:07:407,0.000000,0.000000,1,-121.62,-121.62,0,0,
08/27/2026,05:50:07:459,0.000000,0.000000,2,-124.81,-124.81,0,0,
08/27/2026,05:50:07:519,0.000000,0.000000,3,-94.73,-94.73,0,0,
08/27/2026,05:50:07:570,0.000000,0.000000,4,-123.05,-123.05,0,0,
08/27/2026,05:50:07:690,0.000000,0.000000,1,-123.94,-123.94,0,0,
08/27/2026,05:50:07:748,0.000000,0.000000,2,-122.84,-122.84,0,0,
08/27/2026,05:50:07:793,0.000000,0.000000,3,-103.73,-103.73,0,0,
08/27/2026,05:50:07:859,0.000000,0.000000,4,-123.39,-123.39,0,0,
08/27/2026,05:50:07:968,0.000000,0.000000,1,-125.17,-125.17,0,0,
08/27/2026,05:50:08:049,0.000000,0.000000,2,-125.76,-125.76,0,0,
08/27/2026,05:50:08:069,0.000000,0.000000,3,-105.33,-105.33,0,0,
08/27/2026,05:50:08:123,0.000000,0.000000,4,-120.58,-120.58,0,0,
08/27/2026,05:50:08:246,0.000000,0.000000,1,-124.98,-124.98,0,0,
08/27/2026,05:50:08:307,0.000000,0.000000,2,-124.66,-124.66,0,0,
08/27/2026,05:50:08:358,0.000000,0.000000,3,-98.58,-98.58,0,0,
08/27/2026,05:50:08:402,0.000000,0.000000,4,-122.67,-122.67,0,0,
08/27/2026,05:50:08:524,0.000000,0.000000,1,-124.56,-124.56,0,0,
08/27/2026,05:50:08:576,0.000000,0.000000,2,-122.52,-122.52,0,0,
08/27/2026,05:50:08:633,0.000000,0.000000,3,-95.44,-95.44,0,0,
08/27/2026,05:50:08:679,0.000000,0.000000,4,-123.3,-123.3,0,0,
08/27/2026,05:50:08:810,0.000000,0.000000,1,-124.79,-124.79,0,0,
08/27/2026,05:50:08:856,0.000000,0.000000,2,-123.55,-123.55,0,0,
08/27/2026,05:50:08:930,0.000000,0.000000,3,-100.78,-100.78,0,0,
08/27/2026,05:50:08:979,0.000000,0.000000,4,-124.26,-124.26,0,0,
08/27/2026,05:50:09:106,0.000000,0.000000,1,-121.71,-121.71,0,0,
08/27/2026,05:50:09:143,0.000000,0.000000,2,-124.34,-124.34,0,0,
08/27/2026,05:50:09:186,0.000000,0.000000,3,-95.4,-95.4,0,0,
08/27/2026,05:50:09:243,0.000000,0.000000,4,-122.82,-122.82,0,0,
08/27/2026,05:50:09:356,0.000000,0.000000,1,-124.27,-124.27,0,0,
08/27/2026,05:50:09:410,0.000000,0.000000,2,-123.38,-123.38,0,0,
08/27/2026,05:50:09:467,0.000000,0.000000,3,-103.83,-103.83,0,0,
08/27/2026,05:50:09:526,0.000000,0.000000,4,-122.17,-122.17,0,0,
08/27/2026,05:50:09:636,0.000000,0.000000,1,-121.62,-121.62,0,0,
08/27/2026,05:50:09:689,0.000000,0.000000,2,-123.81,-123.81,0,0,
08/27/2026,05:50:09:751,0.000000,0.000000,3,-95.3,-95.3,0,0,
08/27/2026,05:50:09:799,0.000000,0.000000,4,-121.71,-121.71,0,0,
08/27/2026,05:50:09:927,0.000000,0.000000,1,-123.7,-123.7,0,0,
08/27/2026,05:50:09:967,0.000000,0.000000,2,-122.79,-122.79,0,0,
08/27/2026,05:50:10:023,0.000000,0.000000,3,-110,-110,0,0,
08/27/2026,05:50:10:078,0.000000,0.000000,4,-120.62,-120.62,0,0,
08/27/2026,05:50:10:197,0.000000,0.000000,1,-125.54,-125.54,0,0,
08/27/2026,05:50:10:247,0.000000,0.000000,2,-124.51,-124.51,0,0,
08/27/2026,05:50:10:304,0.000000,0.000000,3,-104.87,-104.87,0,0,
08/27/2026,05:50:10:352,0.000000,0.000000,4,-121.2,-121.2,0,0,
08/27/2026,05:50:10:479,0.000000,0.000000,1,-122.94,-122.94,0,0,
08/27/2026,05:50:10:527,0.000000,0.000000,2,-123.84,-123.84,0,0,
08/27/2026,05:50:10:581,0.000000,0.000000,3,-99.35,-99.35,0,0,
08/27/2026,05:50:10:634,0.000000,0.000000,4,-122.56,-122.56,0,0,
08/27/2026,05:50:10:803,0.000000,0.000000,1,-124.19,-124.19,0,0,
08/27/2026,05:50:10:854,0.000000,0.000000,2,-124.25,-124.25,0,0,
08/27/2026,05:50:10:896,0.000000,0.000000,3,-108.14,-108.14,0,0,
08/27/2026,05:50:10:943,0.000000,0.000000,4,-121.75,-121.75,0,0,
08/27/2026,05:50:11:068,0.000000,0.000000,1,-122.12,-122.12,0,0,
08/27/2026,05:50:11:117,0.000000,0.000000,2,-117.57,-117.57,0,0,
08/27/2026,05:50:11:168,0.000000,0.000000,3,-102.27,-102.27,0,0,
08/27/2026,05:50:11:220,0.000000,0.000000,4,-123.68,-123.68,0,0,
08/27/2026,05:50:11:353,0.000000,0.000000,1,-124.35,-124.35,0,0,
08/27/2026,05:50:11:401,0.000000,0.000000,2,-123.62,-123.62,0,0,
08/27/2026,05:50:11:447,0.000000,0.000000,3,-100.88,-100.88,0,0,
08/27/2026,05:50:11:531,0.000000,0.000000,4,-124.26,-124.26,0,0,
08/27/2026,05:50:11:626,0.000000,0.000000,1,-123.74,-123.74,0,0,
08/27/2026,05:50:11:670,0.000000,0.000000,2,-124.45,-124.45,0,0,
08/27/2026,05:50:11:740,0.000000,0.000000,3,-102.85,-102.85,0,0,
08/27/2026,05:50:11:780,0.000000,0.000000,4,-121.45,-121.45,0,0,
08/27/2026,05:50:11:896,0.000000,0.000000,1,-123.42,-123.42,0,0,
08/27/2026,05:50:11:950,0.000000,0.000000,2,-126.14,-126.14,0,0,
08/27/2026,05:50:12:002,0.000000,0.000000,3,-101.2,-101.2,0,0,
08/27/2026,05:50:12:057,0.000000,0.000000,4,-122.24,-122.24,0,0,
08/27/2026,05:50:12:185,0.000000,0.000000,1,-122.12,-122.12,0,0,
08/27/2026,05:50:12:235,0.000000,0.000000,2,-125.36,-125.36,0,0,
08/27/2026,05:50:12:296,0.000000,0.000000,3,-105.24,-105.24,0,0,
08/27/2026,05:50:12:345,0.000000,0.000000,4,-121.98,-121.98,0,0,
08/27/2026,05:50:12:525,0.000000,0.000000,1,-119.69,-119.69,0,0,
08/27/2026,05:50:12:535,0.000000,0.000000,2,-123.2,-123.2,0,0,
08/27/2026,05:50:12:573,0.000000,0.000000,3,-108.89,-108.89,0,0,
08/27/2026,05:50:12:629,0.000000,0.000000,4,-120.6,-120.6,0,0,
08/27/2026,05:50:12:759,0.000000,0.000000,1,-124.08,-124.08,0,0,
08/27/2026,05:50:12:809,0.000000,0.000000,2,-125.69,-125.69,0,0,
08/27/2026,05:50:12:854,0.000000,0.000000,3,-101.43,-101.43,0,0,
08/27/2026,05:50:12:901,0.000000,0.000000,4,-124.55,-124.55,0,0,
08/27/2026,05:50:13:022,0.000000,0.000000,1,-123.61,-123.61,0,0,
08/27/2026,05:50:13:086,0.000000,0.000000,2,-123.31,-123.31,0,0,
08/27/2026,05:50:13:152,0.000000,0.000000,3,-99.86,-99.86,0,0,
08/27/2026,05:50:13:192,0.000000,0.000000,4,-124.72,-124.72,0,0,
08/27/2026,05:50:13:312,0.000000,0.000000,1,-115.1,-115.1,0,0,
08/27/2026,05:50:13:367,0.000000,0.000000,2,-123.25,-123.25,0,0,
08/27/2026,05:50:13:421,0.000000,0.000000,3,-100.27,-100.27,0,0,
08/27/2026,05:50:13:479,0.000000,0.000000,4,-114.51,-114.51,0,0,
08/27/2026,05:50:13:594,0.000000,0.000000,1,-123.38,-123.38,0,0,
08/27/2026,05:50:13:653,0.000000,0.000000,2,-124.49,-124.49,0,0,
08/27/2026,05:50:13:704,0.000000,0.000000,3,-101.06,-101.06,0,0,
08/27/2026,05:50:13:756,0.000000,0.000000,4,-122.98,-122.98,0,0,
08/27/2026,05:50:13:868,0.000000,0.000000,1,-125.15,-125.15,0,0,
08/27/2026,05:50:13:922,0.000000,0.000000,2,-124.28,-124.28,0,0,
08/27/2026,05:50:13:977,0.000000,0.000000,3,-98.26,-98.26,0,0,
08/27/2026,05:50:14:035,0.000000,0.000000,4,-122.48,-122.48,0,0,
08/27/2026,05:50:14:148,0.000000,0.000000,1,-123.25,-123.25,0,0,
08/27/2026,05:50:14:209,0.000000,0.000000,2,-124.14,-124.14,0,0,
08/27/2026,05:50:14:260,0.000000,0.000000,3,-106.61,-106.61,0,0,
08/27/2026,05:50:14:317,0.000000,0.000000,4,-122.95,-122.95,0,0,
08/27/2026,05:50:14:463,0.000000,0.000000,1,-125.21,-125.21,0,0,
08/27/2026,05:50:14:501,0.000000,0.000000,2,-122.97,-122.97,0,0,
08/27/2026,05:50:14:551,0.000000,0.000000,3,-104.97,-104.97,0,0,
08/27/2026,05:50:14:596,0.000000,0.000000,4,-120.32,-120.32,0,0,
08/27/2026,05:50:14:719,0.000000,0.000000,1,-123.41,-123.41,0,0,
08/27/2026,05:50:14:774,0.000000,0.000000,2,-124.17,-124.17,0,0,
08/27/2026,05:50:14:830,0.000000,0.000000,3,-100.6,-100.6,0,0,
08/27/2026,05:50:14:880,0.000000,0.000000,4,-122.46,-122.46,0,0,
08/27/2026,05:50:15:008,0.000000,0.000000,1,-122.23,-122.23,0,0,
08/27/2026,05:50:15:061,0.000000,0.000000,2,-119.67,-119.67,0,0,
08/27/2026,05:50:15:121,0.000000,0.000000,3,-99.74,-99.74,0,0,
08/27/2026,05:50:15:179,0.000000,0.000000,4,-123.91,-123.91,0,0,
08/27/2026,05:50:15:305,0.000000,0.000000,1,-124.1,-124.1,0,0,
08/27/2026,05:50:15:361,0.000000,0.000000,2,-121.46,-121.46,0,0,
08/27/2026,05:50:15:407,0.000000,0.000000,3,-105.52,-105.52,0,0,
08/27/2026,05:50:15:453,0.000000,0.000000,4,-122.08,-122.08,0,0,
08/27/2026,05:50:15:577,0.000000,0.000000,1,-122.14,-122.14,0,0,
08/27/2026,05:50:15:625,0.000000,0.000000,2,-124.82,-124.82,0,0,
08/27/2026,05:50:15:721,0.000000,0.000000,3,-103.42,-103.42,0,0,
08/27/2026,05:50:15:731,0.000000,0.000000,4,-123.56,-123.56,0,0,
08/27/2026,05:50:15:852,0.000000,0.000000,1,-124.5,-124.5,0,0,
08/27/2026,05:50:15:905,0.000000,0.000000,2,-122.84,-122.84,0,0,
08/27/2026,05:50:15:958,0.000000,0.000000,3,-96.02,-96.02,0,0,
08/27/2026,05:50:16:014,0.000000,0.000000,4,-120.32,-120.32,0,0,
08/27/2026,05:50:16:135,0.000000,0.000000,1,-123.41,-123.41,0,0,
08/27/2026,05:50:16:187,0.000000,0.000000,2,-125.27,-125.27,0,0,
08/27/2026,05:50:16:242,0.000000,0.000000,3,-98.88,-98.88,0,0,
08/27/2026,05:50:16:295,0.000000,0.000000,4,-123.39,-123.39,0,0,
08/27/2026,05:50:16:414,0.000000,0.000000,1,-122.9,-122.9,0,0,
08/27/2026,05:50:16:465,0.000000,0.000000,2,-122.8,-122.8,0,0,
08/27/2026,05:50:16:541,0.000000,0.000000,3,-98.3,-98.3,0,0,
08/27/2026,05:50:16:592,0.000000,0.000000,4,-120.69,-120.69,0,0,
08/27/2026,05:50:16:688,0.000000,0.000000,1,-122.06,-122.06,0,0,
08/27/2026,05:50:16:750,0.000000,0.000000,2,-122.71,-122.71,0,0,
08/27/2026,05:50:16:799,0.000000,0.000000,3,-103.36,-103.36,0,0,
08/27/2026,05:50:16:846,0.000000,0.000000,4,-123.26,-123.26,0,0,
08/27/2026,05:50:16:999,0.000000,0.000000,1,-124.04,-124.04,0,0,
08/27/2026,05:50:17:024,0.000000,0.000000,2,-124.32,-124.32,0,0,
08/27/2026,05:50:17:078,0.000000,0.000000,3,-99.67,-99.67,0,0,
08/27/2026,05:50:17:135,0.000000,0.000000,4,-123.51,-123.51,0,0,
08/27/2026,05:50:17:250,0.000000,0.000000,1,-123.52,-123.52,0,0,
08/27/2026,05:50:17:309,0.000000,0.000000,2,-123.58,-123.58,0,0,
08/27/2026,05:50:17:354,0.000000,0.000000,3,-108.35,-108.35,0,0,
08/27/2026,05:50:17:404,0.000000,0.000000,4,-122.04,-122.04,0,0,
08/27/2026,05:50:17:526,0.000000,0.000000,1,-121.78,-121.78,0,0,
08/27/2026,05:50:17:657,0.000000,0.000000,2,-122.11,-122.11,0,0,
08/27/2026,05:50:17:668,0.000000,0.000000,3,-98.8,-98.8,0,0,
08/27/2026,05:50:17:686,0.000000,0.000000,4,-120.64,-120.64,0,0,
08/27/2026,05:50:17:815,0.000000,0.000000,1,-123.22,-123.22,0,0,
08/27/2026,05:50:17:858,0.000000,0.000000,2,-121.96,-121.96,0,0,
08/27/2026,05:50:17:924,0.000000,0.000000,3,-100.96,-100.96,0,0,
08/27/2026,05:50:17:962,0.000000,0.000000,4,-122.17,-122.17,0,0,
08/27/2026,05:50:18:083,0.000000,0.000000,1,-123.07,-123.07,0,0,
08/27/2026,05:50:18:137,0.000000,0.000000,2,-123.87,-123.87,0,0,
08/27/2026,05:50:18:197,0.000000,0.000000,3,-96.96,-96.96,0,0,
08/27/2026,05:50:18:241,0.000000,0.000000,4,-124.25,-124.25,0,0,
08/27/2026,05:50:18:369,0.000000,0.000000,1,-123.35,-123.35,0,0,
08/27/2026,05:50:18:413,0.000000,0.000000,2,-123.25,-123.25,0,0,
08/27/2026,05:50:18:494,0.000000,0.000000,3,-105.01,-105.01,0,0,
08/27/2026,05:50:18:535,0.000000,0.000000,4,-124.76,-124.76,0,0,
08/27/2026,05:50:18:643,0.000000,0.000000,1,-123.62,-123.62,0,0,
08/27/2026,05:50:18:698,0.000000,0.000000,2,-124.27,-124.27,0,0,
08/27/2026,05:50:18:748,0.000000,0.000000,3,-104.57,-104.57,0,0,
08/27/2026,05:50:18:800,0.000000,0.000000,4,-120.78,-120.78,0,0,
08/27/2026,05:50:18:919,0.000000,0.000000,1,-122.56,-122.56,0,0,
08/27/2026,05:50:18:973,0.000000,0.000000,2,-124.72,-124.72,0,0,
08/27/2026,05:50:19:038,0.000000,0.000000,3,-94.31,-94.31,0,0,
08/27/2026,05:50:19:079,0.000000,0.000000,4,-122.07,-122.07,0,0,
08/27/2026,05:50:19:205,0.000000,0.000000,1,-126.22,-126.22,0,0,
08/27/2026,05:50:19:267,0.000000,0.000000,2,-127.32,-127.32,0,0,
08/27/2026,05:50:19:314,0.000000,0.000000,3,-97.97,-97.97,0,0,
08/27/2026,05:50:19:367,0.000000,0.000000,4,-124.7,-124.7,0,0,
08/27/2026,05:50:19:488,0.000000,0.000000,1,-124.73,-124.73,0,0,
08/27/2026,05:50:19:548,0.000000,0.000000,2,-117.36,-117.36,0,0,
08/27/2026,05:50:19:601,0.000000,0.000000,3,-95.59,-95.59,0,0,
08/27/2026,05:50:19:646,0.000000,0.000000,4,-122.28,-122.28,0,0,
08/27/2026,05:50:19:768,0.000000,0.000000,1,-122.08,-122.08,0,0,
08/27/2026,05:50:19:818,0.000000,0.000000,2,-124.9,-124.9,0,0,
08/27/2026,05:50:19:874,0.000000,0.000000,3,-100.84,-100.84,0,0,
08/27/2026,05:50:19:926,0.000000,0.000000,4,-121.8,-121.8,0,0,
08/27/2026,05:50:20:058,0.000000,0.000000,1,-124.71,-124.71,0,0,
08/27/2026,05:50:20:110,0.000000,0.000000,2,-123.57,-123.57,0,0,
08/27/2026,05:50:20:186,0.000000,0.000000,3,-105.75,-105.75,0,0,
08/27/2026,05:50:20:231,0.000000,0.000000,4,-121.5,-121.5,0,0,
08/27/2026,05:50:20:339,0.000000,0.000000,1,-124.46,-124.46,0,0,
08/27/2026,05:50:20:394,0.000000,0.000000,2,-124.27,-124.27,0,0,
08/27/2026,05:50:20:440,0.000000,0.000000,3,-97.92,-97.92,0,0,
08/27/2026,05:50:20:492,0.000000,0.000000,4,-124.77,-124.77,0,0,
08/27/2026,05:50:20:612,0.000000,0.000000,1,-122.61,-122.61,0,0,
08/27/2026,05:50:20:667,0.000000,0.000000,2,-124.65,-124.65,0,0,
08/27/2026,05:50:20:719,0.000000,0.000000,3,-94.77,-94.77,0,0,
08/27/2026,05:50:20:771,0.000000,0.000000,4,-123.69,-123.69,0,0,
08/27/2026,05:50:20:897,0.000000,0.000000,1,-124.29,-124.29,0,0,
08/27/2026,05:50:20:949,0.000000,0.000000,2,-124.38,-124.38,0,0,
08/27/2026,05:50:21:003,0.000000,0.000000,3,-92.9,-92.9,0,0,
08/27/2026,05:50:21:059,0.000000,0.000000,4,-123.25,-123.25,0,0,
08/27/2026,05:50:21:175,0.000000,0.000000,1,-123.54,-123.54,0,0,
08/27/2026,05:50:21:230,0.000000,0.000000,2,-124.26,-124.26,0,0,
08/27/2026,05:50:21:283,0.000000,0.000000,3,-92.41,-92.41,0,0,
08/27/2026,05:50:21:331,0.000000,0.000000,4,-121.88,-121.88,0,0,
08/27/2026,05:50:21:457,0.000000,0.000000,1,-125.57,-125.57,0,0,
08/27/2026,05:50:21:503,0.000000,0.000000,2,-123.38,-123.38,0,0,
08/27/2026,05:50:21:565,0.000000,0.000000,3,-95.16,-95.16,0,0,
08/27/2026,05:50:21:619,0.000000,0.000000,4,-123.69,-123.69,0,0,
08/27/2026,05:50:21:760,0.000000,0.000000,1,-125.45,-125.45,0,0,
08/27/2026,05:50:21:792,0.000000,0.000000,2,-121.44,-121.44,0,0,
08/27/2026,05:50:21:845,0.000000,0.000000,3,-97.14,-97.14,0,0,
08/27/2026,05:50:21:896,0.000000,0.000000,4,-122.63,-122.63,0,0,
08/27/2026,05:50:22:015,0.000000,0.000000,1,-124.61,-124.61,0,0,
08/27/2026,05:50:22:136,0.000000,0.000000,2,-126.7,-126.7,0,0,
08/27/2026,05:50:22:151,0.000000,0.000000,3,-100.86,-100.86,0,0,
08/27/2026,05:50:22:193,0.000000,0.000000,4,-123.24,-123.24,0,0,
08/27/2026,05:50:22:308,0.000000,0.000000,1,-122.39,-122.39,0,0,
08/27/2026,05:50:22:364,0.000000,0.000000,2,-123.73,-123.73,0,0,
08/27/2026,05:50:22:415,0.000000,0.000000,3,-98.7,-98.7,0,0,
08/27/2026,05:50:22:469,0.000000,0.000000,4,-122.03,-122.03,0,0,
08/27/2026,05:50:22:588,0.000000,0.000000,1,-122.95,-122.95,0,0,
08/27/2026,05:50:22:643,0.000000,0.000000,2,-126.06,-126.06,0,0,
08/27/2026,05:50:22:797,0.000000,0.000000,3,-97.66,-97.66,0,0,
08/27/2026,05:50:22:802,0.000000,0.000000,4,-123.49,-123.49,0,0,
08/27/2026,05:50:22:871,0.000000,0.000000,1,-125.03,-125.03,0,0,
08/27/2026,05:50:22:916,0.000000,0.000000,2,-124.44,-124.44,0,0,
08/27/2026,05:50:22:979,0.000000,0.000000,3,-91.55,-91.55,0,0,
08/27/2026,05:50:23:041,0.000000,0.000000,4,-121.72,-121.72,0,0,
08/27/2026,05:50:23:143,0.000000,0.000000,1,-123.59,-123.59,0,0,
08/27/2026,05:50:23:201,0.000000,0.000000,2,-126.1,-126.1,0,0,
08/27/2026,05:50:23:246,0.000000,0.000000,3,-95.74,-95.74,0,0,
08/27/2026,05:50:23:299,0.000000,0.000000,4,-120.44,-120.44,0,0,
08/27/2026,05:50:23:436,0.000000,0.000000,1,-126.92,-126.92,0,0,
08/27/2026,05:50:23:483,0.000000,0.000000,2,-124.18,-124.18,0,0,
08/27/2026,05:50:23:543,0.000000,0.000000,3,-94.43,-94.43,0,0,
08/27/2026,05:50:23:597,0.000000,0.000000,4,-127.39,-127.39,0,0,
08/27/2026,05:50:23:730,0.000000,0.000000,1,-123.12,-123.12,0,0,
08/27/2026,05:50:23:772,0.000000,0.000000,2,-124.46,-124.46,0,0,
08/27/2026,05:50:23:851,0.000000,0.000000,3,-97.44,-97.44,0,0,
08/27/2026,05:50:23:885,0.000000,0.000000,4,-123.48,-123.48,0,0,
08/27/2026,05:50:23:994,0.000000,0.000000,1,-123.68,-123.68,0,0,
08/27/2026,05:50:24:042,0.000000,0.000000,2,-123.11,-123.11,0,0,
08/27/2026,05:50:24:103,0.000000,0.000000,3,-95.82,-95.82,0,0,
08/27/2026,05:50:24:157,0.000000,0.000000,4,-122.18,-122.18,0,0,
08/27/2026,05:50:24:279,0.000000,0.000000,1,-124.58,-124.58,0,0,
08/27/2026,05:50:24:333,0.000000,0.000000,2,-123.73,-123.73,0,0,
08/27/2026,05:50:24:383,0.000000,0.000000,3,-95.56,-95.56,0,0,
08/27/2026,05:50:24:455,0.000000,0.000000,4,-122.39,-122.39,0,0,
08/27/2026,05:50:24:555,0.000000,0.000000,1,-122.7,-122.7,0,0,
08/27/2026,05:50:24:608,0.000000,0.000000,2,-124.4,-124.4,0,0,
08/27/2026,05:50:24:668,0.000000,0.000000,3,-95.01,-95.01,0,0,
08/27/2026,05:50:24:716,0.000000,0.000000,4,-121.43,-121.43,0,0,
08/27/2026,05:50:24:841,0.000000,0.000000,1,-122.25,-122.25,0,0,
08/27/2026,05:50:24:896,0.000000,0.000000,2,-125.87,-125.87,0,0,
08/27/2026,05:50:24:941,0.000000,0.000000,3,-96.32,-96.32,0,0,
08/27/2026,05:50:24:999,0.000000,0.000000,4,-126.18,-126.18,0,0,
08/27/2026,05:50:25:130,0.000000,0.000000,1,-123.69,-123.69,0,0,
08/27/2026,05:50:25:176,0.000000,0.000000,2,-125.06,-125.06,0,0,
08/27/2026,05:50:25:220,0.000000,0.000000,3,-92.98,-92.98,0,0,
08/27/2026,05:50:25:277,0.000000,0.000000,4,-121.93,-121.93,0,0,
08/27/2026,05:50:25:395,0.000000,0.000000,1,-124.86,-124.86,0,0,
08/27/2026,05:50:25:455,0.000000,0.000000,2,-122.98,-122.98,0,0,
08/27/2026,05:50:25:505,0.000000,0.000000,3,-99.04,-99.04,0,0,
08/27/2026,05:50:25:560,0.000000,0.000000,4,-124.36,-124.36,0,0,
08/27/2026,05:50:25:689,0.000000,0.000000,1,-122.96,-122.96,0,0,
08/27/2026,05:50:25:725,0.000000,0.000000,2,-124.38,-124.38,0,0,
08/27/2026,05:50:25:805,0.000000,0.000000,3,-94.81,-94.81,0,0,
08/27/2026,05:50:25:846,0.000000,0.000000,4,-121.43,-121.43,0,0,
08/27/2026,05:50:25:980,0.000000,0.000000,1,-123.75,-123.75,0,0,
08/27/2026,05:50:26:010,0.000000,0.000000,2,-126.44,-126.44,0,0,
08/27/2026,05:50:26:060,0.000000,0.000000,3,-95.37,-95.37,0,0,
08/27/2026,05:50:26:107,0.000000,0.000000,4,-124.88,-124.88,0,0,
08/27/2026,05:50:26:229,0.000000,0.000000,1,-121.43,-121.43,0,0,
08/27/2026,05:50:26:284,0.000000,0.000000,2,-124.53,-124.53,0,0,
08/27/2026,05:50:26:340,0.000000,0.000000,3,-94.25,-94.25,0,0,
08/27/2026,05:50:26:392,0.000000,0.000000,4,-123.24,-123.24,0,0,
08/27/2026,05:50:26:509,0.000000,0.000000,1,-125.59,-125.59,0,0,
08/27/2026,05:50:26:568,0.000000,0.000000,2,-124.09,-124.09,0,0,
08/27/2026,05:50:26:614,0.000000,0.000000,3,-87.57,-87.57,0,0,
08/27/2026,05:50:26:666,0.000000,0.000000,4,-120.91,-120.91,0,0,
08/27/2026,05:50:26:790,0.000000,0.000000,1,-122.87,-122.87,0,0,
08/27/2026,05:50:26:849,0.000000,0.000000,2,-122.71,-122.71,0,0,
08/27/2026,05:50:26:894,0.000000,0.000000,3,-91.67,-91.67,0,0,
08/27/2026,05:50:26:953,0.000000,0.000000,4,-125.46,-125.46,0,0,
08/27/2026,05:50:27:069,0.000000,0.000000,1,-123.15,-123.15,0,0,
08/27/2026,05:50:27:121,0.000000,0.000000,2,-125.52,-125.52,0,0,
08/27/2026,05:50:27:170,0.000000,0.000000,3,-89.6,-89.6,0,0,
08/27/2026,05:50:27:223,0.000000,0.000000,4,-120.96,-120.96,0,0,
08/27/2026,05:50:27:350,0.000000,0.000000,1,-123.57,-123.57,0,0,
08/27/2026,05:50:27:420,0.000000,0.000000,2,-123.72,-123.72,0,0,
08/27/2026,05:50:27:461,0.000000,0.000000,3,-100.39,-100.39,0,0,
08/27/2026,05:50:27:548,0.000000,0.000000,4,-122.66,-122.66,0,0,
08/27/2026,05:50:27:634,0.000000,0.000000,1,-122.96,-122.96,0,0,
08/27/2026,05:50:27:710,0.000000,0.000000,2,-126.78,-126.78,0,0,
08/27/2026,05:50:27:746,0.000000,0.000000,3,-90.37,-90.37,0,0,
08/27/2026,05:50:27:794,0.000000,0.000000,4,-121.57,-121.57,0,0,
08/27/2026,05:50:27:956,0.000000,0.000000,1,-123.88,-123.88,0,0,
08/27/2026,05:50:27:986,0.000000,0.000000,2,-125.84,-125.84,0,0,
08/27/2026,05:50:28:023,0.000000,0.000000,3,-91.71,-91.71,0,0,
08/27/2026,05:50:28:079,0.000000,0.000000,4,-119.72,-119.72,0,0,
08/27/2026,05:50:28:193,0.000000,0.000000,1,-126.97,-126.97,0,0,
08/27/2026,05:50:28:243,0.000000,0.000000,2,-124.23,-124.23,0,0,
08/27/2026,05:50:28:302,0.000000,0.000000,3,-90.54,-90.54,0,0,
08/27/2026,05:50:28:358,0.000000,0.000000,4,-123.09,-123.09,0,0,
08/27/2026,05:50:28:476,0.000000,0.000000,1,-121.89,-121.89,0,0,
08/27/2026,05:50:28:538,0.000000,0.000000,2,-124.34,-124.34,0,0,
08/27/2026,05:50:28:579,0.000000,0.000000,3,-89.58,-89.58,0,0,
08/27/2026,05:50:28:631,0.000000,0.000000,4,-122.6,-122.6,0,0,
08/27/2026,05:50:28:753,0.000000,0.000000,1,-123.4,-123.4,0,0,
08/27/2026,05:50:28:801,0.000000,0.000000,2,-123.23,-123.23,0,0,
08/27/2026,05:50:28:854,0.000000,0.000000,3,-93.52,-93.52,0,0,
08/27/2026,05:50:28:915,0.000000,0.000000,4,-122.17,-122.17,0,0,
08/27/2026,05:50:29:035,0.000000,0.000000,1,-123.71,-123.71,0,0,
08/27/2026,05:50:29:082,0.000000,0.000000,2,-124.87,-124.87,0,0,
08/27/2026,05:50:29:141,0.000000,0.000000,3,-93.94,-93.94,0,0,
08/27/2026,05:50:29:193,0.000000,0.000000,4,-118.46,-118.46,0,0,
08/27/2026,05:50:29:331,0.000000,0.000000,1,-123.95,-123.95,0,0,
08/27/2026,05:50:29:361,0.000000,0.000000,2,-124.65,-124.65,0,0,
08/27/2026,05:50:29:417,0.000000,0.000000,3,-86.45,-86.45,0,0,
08/27/2026,05:50:29:484,0.000000,0.000000,4,-122.55,-122.55,0,0,
08/27/2026,05:50:29:606,0.000000,0.000000,1,-125.28,-125.28,0,0,
08/27/2026,05:50:29:653,0.000000,0.000000,2,-122.18,-122.18,0,0,
08/27/2026,05:50:29:698,0.000000,0.000000,3,-93.31,-93.31,0,0,
08/27/2026,05:50:29:779,0.000000,0.000000,4,-122.86,-122.86,0,0,
08/27/2026,05:50:29:875,0.000000,0.000000,1,-124.23,-124.23,0,0,
08/27/2026,05:50:29:920,0.000000,0.000000,2,-123.07,-123.07,0,0,
08/27/2026,05:50:29:979,0.000000,0.000000,3,-94.92,-94.92,0,0,
08/27/2026,05:50:30:041,0.000000,0.000000,4,-123.12,-123.12,0,0,
08/27/2026,05:50:30:161,0.000000,0.000000,1,-125.63,-125.63,0,0,
08/27/2026,05:50:30:209,0.000000,0.000000,2,-124.97,-124.97,0,0,
08/27/2026,05:50:30:257,0.000000,0.000000,3,-90.67,-90.67,0,0,
08/27/2026,05:50:30:317,0.000000,0.000000,4,-122.5,-122.5,0,0,
08/27/2026,05:50:30:437,0.000000,0.000000,1,-125.04,-125.04,0,0,
08/27/2026,05:50:30:488,0.000000,0.000000,2,-123.5,-123.5,0,0,
08/27/2026,05:50:30:541,0.000000,0.000000,3,-85.09,-85.09,0,0,
08/27/2026,05:50:30:595,0.000000,0.000000,4,-120.93,-120.93,0,0,
08/27/2026,05:50:30:720,0.000000,0.000000,1,-122.34,-122.34,0,0,
08/27/2026,05:50:30:762,0.000000,0.000000,2,-123.14,-123.14,0,0,
08/27/2026,05:50:30:825,0.000000,0.000000,3,-89.69,-89.69,0,0,
08/27/2026,05:50:30:874,0.000000,0.000000,4,-123.22,-123.22,0,0,
08/27/2026,05:50:30:994,0.000000,0.000000,1,-123.45,-123.45,0,0,
08/27/2026,05:50:31:077,0.000000,0.000000,2,-123.09,-123.09,0,0,
08/27/2026,05:50:31:095,0.000000,0.000000,3,-92.09,-92.09,0,0,
08/27/2026,05:50:31:151,0.000000,0.000000,4,-122.63,-122.63,0,0,
08/27/2026,05:50:31:290,0.000000,0.000000,1,-121.12,-121.12,0,0,
08/27/2026,05:50:31:332,0.000000,0.000000,2,-122.89,-122.89,0,0,
08/27/2026,05:50:31:375,0.000000,0.000000,3,-87.65,-87.65,0,0,
08/27/2026,05:50:31:463,0.000000,0.000000,4,-121.27,-121.27,0,0,
08/27/2026,05:50:31:548,0.000000,0.000000,1,-122.77,-122.77,0,0,
08/27/2026,05:50:31:604,0.000000,0.000000,2,-123.85,-123.85,0,0,
08/27/2026,05:50:31:659,0.000000,0.000000,3,-89.42,-89.42,0,0,
08/27/2026,05:50:31:713,0.000000,0.000000,4,-122.74,-122.74,0,0,
08/27/2026,05:50:31:832,0.000000,0.000000,1,-126.2,-126.2,0,0,
08/27/2026,05:50:31:881,0.000000,0.000000,2,-123.71,-123.71,0,0,
08/27/2026,05:50:31:933,0.000000,0.000000,3,-90.76,-90.76,0,0,
08/27/2026,05:50:32:002,0.000000,0.000000,4,-125.11,-125.11,0,0,
08/27/2026,05:50:32:113,0.000000,0.000000,1,-122.6,-122.6,0,0,
08/27/2026,05:50:32:166,0.000000,0.000000,2,-125.22,-125.22,0,0,
08/27/2026,05:50:32:222,0.000000,0.000000,3,-87.63,-87.63,0,0,
08/27/2026,05:50:32:271,0.000000,0.000000,4,-123.02,-123.02,0,0,
08/27/2026,05:50:32:384,0.000000,0.000000,1,-124.15,-124.15,0,0,
08/27/2026,05:50:32:439,0.000000,0.000000,2,-125.16,-125.16,0,0,
08/27/2026,05:50:32:491,0.000000,0.000000,3,-88.35,-88.35,0,0,
08/27/2026,05:50:32:550,0.000000,0.000000,4,-120.2,-120.2,0,0,
08/27/2026,05:50:32:671,0.000000,0.000000,1,-120.22,-120.22,0,0,
08/27/2026,05:50:32:722,0.000000,0.000000,2,-125.28,-125.28,0,0,
08/27/2026,05:50:32:770,0.000000,0.000000,3,-85,-85,0,0,
08/27/2026,05:50:32:828,0.000000,0.000000,4,-122.92,-122.92,0,0,
08/27/2026,05:50:32:986,0.000000,0.000000,1,-121.83,-121.83,0,0,
08/27/2026,05:50:33:549,0.000000,0.000000,2,-120.49,-120.49,0,0,
08/27/2026,05:50:33:577,0.000000,0.000000,3,-85.38,-85.38,0,0,
08/27/2026,05:50:33:588,0.000000,0.000000,4,-121.46,-121.46,0,0,
08/27/2026,05:50:33:636,0.000000,0.000000,1,-121.38,-121.38,0,0,
08/27/2026,05:50:33:646,0.000000,0.000000,2,-122.12,-122.12,0,0,
08/27/2026,05:50:33:657,0.000000,0.000000,3,-95.83,-95.83,0,0,
08/27/2026,05:50:33:677,0.000000,0.000000,4,-120.18,-120.18,0,0,
08/27/2026,05:50:33:713,0.000000,0.000000,1,-122.47,-122.47,0,0,
08/27/2026,05:50:33:723,0.000000,0.000000,2,-125.86,-125.86,0,0,
08/27/2026,05:50:33:734,0.000000,0.000000,3,-82.63,-82.63,0,0,
08/27/2026,05:50:33:746,0.000000,0.000000,4,-123.68,-123.68,0,0,
08/27/2026,05:50:33:785,0.000000,0.000000,1,-120.05,-120.05,0,0,
08/27/2026,05:50:33:837,0.000000,0.000000,2,-122.59,-122.59,0,0,
08/27/2026,05:50:33:884,0.000000,0.000000,3,-84.7,-84.7,0,0,
08/27/2026,05:50:33:941,0.000000,0.000000,4,-123.62,-123.62,0,0,
08/27/2026,05:50:34:057,0.000000,0.000000,1,-123.87,-123.87,0,0,
08/27/2026,05:50:34:117,0.000000,0.000000,2,-123.32,-123.32,0,0,
08/27/2026,05:50:34:163,0.000000,0.000000,3,-82.23,-82.23,0,0,
08/27/2026,05:50:34:221,0.000000,0.000000,4,-122.29,-122.29,0,0,
08/27/2026,05:50:34:338,0.000000,0.000000,1,-123.45,-123.45,0,0,
08/27/2026,05:50:34:392,0.000000,0.000000,2,-123.88,-123.88,0,0,
08/27/2026,05:50:34:441,0.000000,0.000000,3,-85.36,-85.36,0,0,
08/27/2026,05:50:34:498,0.000000,0.000000,4,-123.69,-123.69,0,0,
08/27/2026,05:50:34:614,0.000000,0.000000,1,-122.16,-122.16,0,0,
08/27/2026,05:50:34:668,0.000000,0.000000,2,-125.18,-125.18,0,0,
08/27/2026,05:50:34:729,0.000000,0.000000,3,-85.07,-85.07,0,0,
08/27/2026,05:50:34:779,0.000000,0.000000,4,-121.68,-121.68,0,0,
08/27/2026,05:50:34:904,0.000000,0.000000,1,-122.89,-122.89,0,0,
08/27/2026,05:50:34:947,0.000000,0.000000,2,-123.5,-123.5,0,0,
08/27/2026,05:50:35:027,0.000000,0.000000,3,-82.7,-82.7,0,0,
08/27/2026,05:50:35:063,0.000000,0.000000,4,-124.31,-124.31,0,0,
08/27/2026,05:50:35:189,0.000000,0.000000,1,-125.35,-125.35,0,0,
08/27/2026,05:50:35:238,0.000000,0.000000,2,-123.75,-123.75,0,0,
08/27/2026,05:50:35:286,0.000000,0.000000,3,-94.47,-94.47,0,0,
08/27/2026,05:50:35:337,0.000000,0.000000,4,-122.22,-122.22,0,0,
08/27/2026,05:50:35:455,0.000000,0.000000,1,-123.64,-123.64,0,0,
08/27/2026,05:50:35:506,0.000000,0.000000,2,-125.03,-125.03,0,0,
08/27/2026,05:50:35:561,0.000000,0.000000,3,-95.07,-95.07,0,0,
08/27/2026,05:50:35:621,0.000000,0.000000,4,-120.62,-120.62,0,0,
08/27/2026,05:50:35:734,0.000000,0.000000,1,-124.66,-124.66,0,0,
08/27/2026,05:50:35:787,0.000000,0.000000,2,-124.73,-124.73,0,0,
08/27/2026,05:50:35:845,0.000000,0.000000,3,-84.55,-84.55,0,0,
08/27/2026,05:50:35:896,0.000000,0.000000,4,-122.79,-122.79,0,0,
08/27/2026,05:50:36:013,0.000000,0.000000,1,-122.74,-122.74,0,0,
08/27/2026,05:50:36:068,0.000000,0.000000,2,-125.32,-125.32,0,0,
08/27/2026,05:50:36:121,0.000000,0.000000,3,-86.51,-86.51,0,0,
08/27/2026,05:50:36:204,0.000000,0.000000,4,-121.45,-121.45,0,0,
08/27/2026,05:50:36:301,0.000000,0.000000,1,-123.62,-123.62,0,0,
08/27/2026,05:50:36:348,0.000000,0.000000,2,-123.09,-123.09,0,0,
08/27/2026,05:50:36:395,0.000000,0.000000,3,-90.23,-90.23,0,0,
08/27/2026,05:50:36:453,0.000000,0.000000,4,-123.68,-123.68,0,0,
08/27/2026,05:50:36:566,0.000000,0.000000,1,-124.62,-124.62,0,0,
08/27/2026,05:50:36:622,0.000000,0.000000,2,-124.94,-124.94,0,0,
08/27/2026,05:50:36:672,0.000000,0.000000,3,-82.43,-82.43,0,0,
08/27/2026,05:50:36:726,0.000000,0.000000,4,-121.87,-121.87,0,0,
08/27/2026,05:50:36:867,0.000000,0.000000,1,-122.08,-122.08,0,0,
08/27/2026,05:50:36:911,0.000000,0.000000,2,-122.05,-122.05,0,0,
08/27/2026,05:50:36:952,0.000000,0.000000,3,-88.79,-88.79,0,0,
08/27/2026,05:50:37:032,0.000000,0.000000,4,-123.37,-123.37,0,0,
08/27/2026,05:50:37:130,0.000000,0.000000,1,-121.65,-121.65,0,0,
08/27/2026,05:50:37:187,0.000000,0.000000,2,-120.41,-120.41,0,0,
08/27/2026,05:50:37:239,0.000000,0.000000,3,-76.76,-76.76,0,0,
08/27/2026,05:50:37:282,0.000000,0.000000,4,-119.65,-119.65,0,0,
08/27/2026,05:50:37:420,0.000000,0.000000,1,-125.5,-125.5,0,0,
08/27/2026,05:50:37:467,0.000000,0.000000,2,-121.6,-121.6,0,0,
08/27/2026,05:50:37:509,0.000000,0.000000,3,-78.58,-78.58,0,0,
08/27/2026,05:50:37:563,0.000000,0.000000,4,-118.83,-118.83,0,0,
08/27/2026,05:50:37:684,0.000000,0.000000,1,-122.04,-122.04,0,0,
08/27/2026,05:50:37:739,0.000000,0.000000,2,-122.38,-122.38,0,0,
08/27/2026,05:50:37:788,0.000000,0.000000,3,-79.32,-79.32,0,0,
08/27/2026,05:50:37:840,0.000000,0.000000,4,-117.43,-117.43,0,0,
08/27/2026,05:50:37:965,0.000000,0.000000,1,-121.99,-121.99,0,0,
08/27/2026,05:50:38:016,0.000000,0.000000,2,-124.64,-124.64,0,0,
08/27/2026,05:50:38:065,0.000000,0.000000,3,-75.78,-75.78,0,0,
08/27/2026,05:50:38:119,0.000000,0.000000,4,-118.79,-118.79,0,0,
08/27/2026,05:50:38:240,0.000000,0.000000,1,-124.29,-124.29,0,0,
08/27/2026,05:50:38:299,0.000000,0.000000,2,-124.32,-124.32,0,0,
08/27/2026,05:50:38:350,0.000000,0.000000,3,-80.01,-80.01,0,0,
08/27/2026,05:50:38:404,0.000000,0.000000,4,-120.06,-120.06,0,0,
08/27/2026,05:50:38:529,0.000000,0.000000,1,-122.38,-122.38,0,0,
08/27/2026,05:50:38:597,0.000000,0.000000,2,-123.83,-123.83,0,0,
08/27/2026,05:50:38:694,0.000000,0.000000,3,-76.86,-76.86,0,0,
08/27/2026,05:50:38:770,0.000000,0.000000,4,-120.47,-120.47,0,0,
08/27/2026,05:50:38:819,0.000000,0.000000,1,-121.89,-121.89,0,0,
08/27/2026,05:50:38:853,0.000000,0.000000,2,-122.31,-122.31,0,0,
08/27/2026,05:50:38:903,0.000000,0.000000,3,-77.24,-77.24,0,0,
08/27/2026,05:50:38:962,0.000000,0.000000,4,-120.58,-120.58,0,0,
08/27/2026,05:50:39:077,0.000000,0.000000,1,-125.19,-125.19,0,0,
08/27/2026,05:50:39:139,0.000000,0.000000,2,-121.11,-121.11,0,0,
08/27/2026,05:50:39:201,0.000000,0.000000,3,-85.39,-85.39,0,0,
08/27/2026,05:50:39:269,0.000000,0.000000,4,-123.69,-123.69,0,0,
08/27/2026,05:50:39:374,0.000000,0.000000,1,-125.09,-125.09,0,0,
08/27/2026,05:50:39:431,0.000000,0.000000,2,-125.62,-125.62,0,0,
08/27/2026,05:50:39:495,0.000000,0.000000,3,-81.09,-81.09,0,0,
08/27/2026,05:50:39:539,0.000000,0.000000,4,-122.52,-122.52,0,0,
08/27/2026,05:50:39:682,0.000000,0.000000,1,-124.91,-124.91,0,0,
08/27/2026,05:50:39:721,0.000000,0.000000,2,-123.74,-123.74,0,0,
08/27/2026,05:50:39:795,0.000000,0.000000,3,-79.3,-79.3,0,0,
08/27/2026,05:50:39:834,0.000000,0.000000,4,-123.73,-123.73,0,0,
08/27/2026,05:50:39:957,0.000000,0.000000,1,-122.43,-122.43,0,0,
08/27/2026,05:50:40:033,0.000000,0.000000,2,-124.94,-124.94,0,0,
08/27/2026,05:50:40:076,0.000000,0.000000,3,-83.74,-83.74,0,0,
08/27/2026,05:50:40:117,0.000000,0.000000,4,-121.87,-121.87,0,0,
08/27/2026,05:50:40:235,0.000000,0.000000,1,-123.06,-123.06,0,0,
08/27/2026,05:50:40:288,0.000000,0.000000,2,-121.57,-121.57,0,0,
08/27/2026,05:50:40:349,0.000000,0.000000,3,-81.94,-81.94,0,0,
08/27/2026,05:50:40:402,0.000000,0.000000,4,-119.33,-119.33,0,0,
08/27/2026,05:50:40:543,0.000000,0.000000,1,-123.14,-123.14,0,0,
08/27/2026,05:50:40:581,0.000000,0.000000,2,-122.17,-122.17,0,0,
08/27/2026,05:50:40:634,0.000000,0.000000,3,-77.66,-77.66,0,0,
08/27/2026,05:50:40:705,0.000000,0.000000,4,-123.16,-123.16,0,0,
08/27/2026,05:50:40:819,0.000000,0.000000,1,-124.32,-124.32,0,0,
08/27/2026,05:50:40:860,0.000000,0.000000,2,-122.63,-122.63,0,0,
08/27/2026,05:50:40:928,0.000000,0.000000,3,-79.87,-79.87,0,0,
08/27/2026,05:50:40:966,0.000000,0.000000,4,-120.32,-120.32,0,0,
08/27/2026,05:50:41:092,0.000000,0.000000,1,-123.28,-123.28,0,0,
08/27/2026,05:50:41:144,0.000000,0.000000,2,-121.36,-121.36,0,0,
08/27/2026,05:50:41:199,0.000000,0.000000,3,-82.47,-82.47,0,0,
08/27/2026,05:50:41:251,0.000000,0.000000,4,-117.5,-117.5,0,0,
08/27/2026,05:50:41:370,0.000000,0.000000,1,-122.71,-122.71,0,0,
08/27/2026,05:50:41:430,0.000000,0.000000,2,-122.89,-122.89,0,0,
08/27/2026,05:50:41:477,0.000000,0.000000,3,-79.17,-79.17,0,0,
08/27/2026,05:50:41:544,0.000000,0.000000,4,-122.54,-122.54,0,0,
08/27/2026,05:50:41:652,0.000000,0.000000,1,-123.26,-123.26,0,0,
08/27/2026,05:50:41:712,0.000000,0.000000,2,-120.42,-120.42,0,0,
08/27/2026,05:50:41:759,0.000000,0.000000,3,-77.03,-77.03,0,0,
08/27/2026,05:50:41:807,0.000000,0.000000,4,-118.23,-118.23,0,0,
08/27/2026,05:50:41:934,0.000000,0.000000,1,-126.62,-126.62,0,0,
08/27/2026,05:50:41:976,0.000000,0.000000,2,-120.16,-120.16,0,0,
08/27/2026,05:50:42:033,0.000000,0.000000,3,-69.52,-69.52,0,0,
08/27/2026,05:50:42:083,0.000000,0.000000,4,-115.43,-115.43,0,0,
08/27/2026,05:50:42:209,0.000000,0.000000,1,-121.16,-121.16,0,0,
08/27/2026,05:50:42:254,0.000000,0.000000,2,-124,-124,0,0,
08/27/2026,05:50:42:311,0.000000,0.000000,3,-71.47,-71.47,0,0,
08/27/2026,05:50:42:382,0.000000,0.000000,4,-114.11,-114.11,0,0,
08/27/2026,05:50:42:490,0.000000,0.000000,1,-121.96,-121.96,0,0,
08/27/2026,05:50:42:559,0.000000,0.000000,2,-119.79,-119.79,0,0,
08/27/2026,05:50:42:597,0.000000,0.000000,3,-70.46,-70.46,0,0,
08/27/2026,05:50:42:670,0.000000,0.000000,4,-112.95,-112.95,0,0,
08/27/2026,05:50:42:774,0.000000,0.000000,1,-123.29,-123.29,0,0,
08/27/2026,05:50:42:820,0.000000,0.000000,2,-121.85,-121.85,0,0,
08/27/2026,05:50:42:866,0.000000,0.000000,3,-76.6,-76.6,0,0,
08/27/2026,05:50:42:922,0.000000,0.000000,4,-118.95,-118.95,0,0,
08/27/2026,05:50:43:041,0.000000,0.000000,1,-125.2,-125.2,0,0,
08/27/2026,05:50:43:102,0.000000,0.000000,2,-121.71,-121.71,0,0,
08/27/2026,05:50:43:144,0.000000,0.000000,3,-80.38,-80.38,0,0,
08/27/2026,05:50:43:200,0.000000,0.000000,4,-120.97,-120.97,0,0,
08/27/2026,05:50:43:317,0.000000,0.000000,1,-122.32,-122.32,0,0,
08/27/2026,05:50:43:376,0.000000,0.000000,2,-124.44,-124.44,0,0,
08/27/2026,05:50:43:429,0.000000,0.000000,3,-84.03,-84.03,0,0,
08/27/2026,05:50:43:482,0.000000,0.000000,4,-121.34,-121.34,0,0,
08/27/2026,05:50:43:609,0.000000,0.000000,1,-124.1,-124.1,0,0,
08/27/2026,05:50:43:656,0.000000,0.000000,2,-122.41,-122.41,0,0,
08/27/2026,05:50:43:711,0.000000,0.000000,3,-79.97,-79.97,0,0,
08/27/2026,05:50:43:836,0.000000,0.000000,4,-122.59,-122.59,0,0,
08/27/2026,05:50:43:879,0.000000,0.000000,1,-125.28,-125.28,0,0,
08/27/2026,05:50:43:944,0.000000,0.000000,2,-123.99,-123.99,0,0,
08/27/2026,05:50:43:985,0.000000,0.000000,3,-86.87,-86.87,0,0,
08/27/2026,05:50:44:046,0.000000,0.000000,4,-122.71,-122.71,0,0,
08/27/2026,05:50:44:173,0.000000,0.000000,1,-123.72,-123.72,0,0,
08/27/2026,05:50:44:217,0.000000,0.000000,2,-121.46,-121.46,0,0,
08/27/2026,05:50:44:272,0.000000,0.000000,3,-90.43,-90.43,0,0,
08/27/2026,05:50:44:324,0.000000,0.000000,4,-124.68,-124.68,0,0,
08/27/2026,05:50:44:471,0.000000,0.000000,1,-125.29,-125.29,0,0,
08/27/2026,05:50:44:505,0.000000,0.000000,2,-124.93,-124.93,0,0,
08/27/2026,05:50:44:549,0.000000,0.000000,3,-91.4,-91.4,0,0,
08/27/2026,05:50:44:600,0.000000,0.000000,4,-124.21,-124.21,0,0,
08/27/2026,05:50:44:729,0.000000,0.000000,1,-124.42,-124.42,0,0,
08/27/2026,05:50:44:805,0.000000,0.000000,2,-122.05,-122.05,0,0,
08/27/2026,05:50:44:829,0.000000,0.000000,3,-80.62,-80.62,0,0,
08/27/2026,05:50:44:885,0.000000,0.000000,4,-122.8,-122.8,0,0,
08/27/2026,05:50:45:001,0.000000,0.000000,1,-123.98,-123.98,0,0,
08/27/2026,05:50:45:056,0.000000,0.000000,2,-123.26,-123.26,0,0,
08/27/2026,05:50:45:108,0.000000,0.000000,3,-81.96,-81.96,0,0,
08/27/2026,05:50:45:165,0.000000,0.000000,4,-121.71,-121.71,0,0,
08/27/2026,05:50:45:285,0.000000,0.000000,1,-125.17,-125.17,0,0,
08/27/2026,05:50:45:335,0.000000,0.000000,2,-124.43,-124.43,0,0,
08/27/2026,05:50:45:389,0.000000,0.000000,3,-91.27,-91.27,0,0,
08/27/2026,05:50:45:438,0.000000,0.000000,4,-121.6,-121.6,0,0,
08/27/2026,05:50:45:570,0.000000,0.000000,1,-125.37,-125.37,0,0,
08/27/2026,05:50:45:617,0.000000,0.000000,2,-122.54,-122.54,0,0,
08/27/2026,05:50:45:665,0.000000,0.000000,3,-95.98,-95.98,0,0,
08/27/2026,05:50:45:730,0.000000,0.000000,4,-124.14,-124.14,0,0,
08/27/2026,05:50:45:842,0.000000,0.000000,1,-123.49,-123.49,0,0,
08/27/2026,05:50:45:893,0.000000,0.000000,2,-123.82,-123.82,0,0,
08/27/2026,05:50:45:950,0.000000,0.000000,3,-88.24,-88.24,0,0,
08/27/2026,05:50:46:014,0.000000,0.000000,4,-124.26,-124.26,0,0,
08/27/2026,05:50:46:122,0.000000,0.000000,1,-125.39,-125.39,0,0,
08/27/2026,05:50:46:173,0.000000,0.000000,2,-123.84,-123.84,0,0,
08/27/2026,05:50:46:230,0.000000,0.000000,3,-85.77,-85.77,0,0,
08/27/2026,05:50:46:278,0.000000,0.000000,4,-123.24,-123.24,0,0,
08/27/2026,05:50:46:417,0.000000,0.000000,1,-122.52,-122.52,0,0,
08/27/2026,05:50:46:457,0.000000,0.000000,2,-124.88,-124.88,0,0,
08/27/2026,05:50:46:501,0.000000,0.000000,3,-81.38,-81.38,0,0,
08/27/2026,05:50:46:556,0.000000,0.000000,4,-123.49,-123.49,0,0,
08/27/2026,05:50:46:674,0.000000,0.000000,1,-126.14,-126.14,0,0,
08/27/2026,05:50:46:726,0.000000,0.000000,2,-125.17,-125.17,0,0,
08/27/2026,05:50:46:780,0.000000,0.000000,3,-86.07,-86.07,0,0,
08/27/2026,05:50:46:832,0.000000,0.000000,4,-119.36,-119.36,0,0,
08/27/2026,05:50:46:959,0.000000,0.000000,1,-123.89,-123.89,0,0,
08/27/2026,05:50:47:011,0.000000,0.000000,2,-124.85,-124.85,0,0,
08/27/2026,05:50:47:062,0.000000,0.000000,3,-83.75,-83.75,0,0,
08/27/2026,05:50:47:112,0.000000,0.000000,4,-121.7,-121.7,0,0,
08/27/2026,05:50:47:236,0.000000,0.000000,1,-126.05,-126.05,0,0,
08/27/2026,05:50:47:292,0.000000,0.000000,2,-124.31,-124.31,0,0,
08/27/2026,05:50:47:360,0.000000,0.000000,3,-79.3,-79.3,0,0,
08/27/2026,05:50:47:396,0.000000,0.000000,4,-121.33,-121.33,0,0,
08/27/2026,05:50:47:520,0.000000,0.000000,1,-125.05,-125.05,0,0,
08/27/2026,05:50:47:571,0.000000,0.000000,2,-123.06,-123.06,0,0,
08/27/2026,05:50:47:630,0.000000,0.000000,3,-90.89,-90.89,0,0,
08/27/2026,05:50:47:719,0.000000,0.000000,4,-120.68,-120.68,0,0,
08/27/2026,05:50:47:805,0.000000,0.000000,1,-124.66,-124.66,0,0,
08/27/2026,05:50:47:871,0.000000,0.000000,2,-123.7,-123.7,0,0,
08/27/2026,05:50:47:936,0.000000,0.000000,3,-82.38,-82.38,0,0,
08/27/2026,05:50:47:972,0.000000,0.000000,4,-120.25,-120.25,0,0,
08/27/2026,05:50:48:087,0.000000,0.000000,1,-121.49,-121.49,0,0,
08/27/2026,05:50:48:159,0.000000,0.000000,2,-120.43,-120.43,0,0,
08/27/2026,05:50:48:202,0.000000,0.000000,3,-88.94,-88.94,0,0,
08/27/2026,05:50:48:248,0.000000,0.000000,4,-122.19,-122.19,0,0,
08/27/2026,05:50:48:371,0.000000,0.000000,1,-122.54,-122.54,0,0,
08/27/2026,05:50:48:421,0.000000,0.000000,2,-121.09,-121.09,0,0,
08/27/2026,05:50:48:473,0.000000,0.000000,3,-86.22,-86.22,0,0,
08/27/2026,05:50:48:532,0.000000,0.000000,4,-122.26,-122.26,0,0,
08/27/2026,05:50:48:645,0.000000,0.000000,1,-120.69,-120.69,0,0,
08/27/2026,05:50:48:699,0.000000,0.000000,2,-118.58,-118.58,0,0,
08/27/2026,05:50:48:755,0.000000,0.000000,3,-85.01,-85.01,0,0,
08/27/2026,05:50:48:804,0.000000,0.000000,4,-119.79,-119.79,0,0,
08/27/2026,05:50:48:995,0.000000,0.000000,1,-121.79,-121.79,0,0,
08/27/2026,05:50:49:001,0.000000,0.000000,2,-121.51,-121.51,0,0,
08/27/2026,05:50:49:038,0.000000,0.000000,3,-81.52,-81.52,0,0,
08/27/2026,05:50:49:085,0.000000,0.000000,4,-123.14,-123.14,0,0,
08/27/2026,05:50:49:206,0.000000,0.000000,1,-119.37,-119.37,0,0,
08/27/2026,05:50:49:262,0.000000,0.000000,2,-119.44,-119.44,0,0,
08/27/2026,05:50:49:308,0.000000,0.000000,3,-86.28,-86.28,0,0,
08/27/2026,05:50:49:361,0.000000,0.000000,4,-125.62,-125.62,0,0,
08/27/2026,05:50:49:489,0.000000,0.000000,1,-121.48,-121.48,0,0,
08/27/2026,05:50:49:549,0.000000,0.000000,2,-120.41,-120.41,0,0,
08/27/2026,05:50:49:587,0.000000,0.000000,3,-91.1,-91.1,0,0,
08/27/2026,05:50:49:653,0.000000,0.000000,4,-123.49,-123.49,0,0,
08/27/2026,05:50:49:785,0.000000,0.000000,1,-118.53,-118.53,0,0,
08/27/2026,05:50:49:823,0.000000,0.000000,2,-122.7,-122.7,0,0,
08/27/2026,05:50:49:866,0.000000,0.000000,3,-92.47,-92.47,0,0,
08/27/2026,05:50:49:940,0.000000,0.000000,4,-123.18,-123.18,0,0,
08/27/2026,05:50:50:045,0.000000,0.000000,1,-124.24,-124.24,0,0,
08/27/2026,05:50:50:098,0.000000,0.000000,2,-121.1,-121.1,0,0,
08/27/2026,05:50:50:148,0.000000,0.000000,3,-93.32,-93.32,0,0,
08/27/2026,05:50:50:201,0.000000,0.000000,4,-124.84,-124.84,0,0,
08/27/2026,05:50:50:319,0.000000,0.000000,1,-120.74,-120.74,0,0,
08/27/2026,05:50:50:373,0.000000,0.000000,2,-122.52,-122.52,0,0,
08/27/2026,05:50:50:424,0.000000,0.000000,3,-86.09,-86.09,0,0,
08/27/2026,05:50:50:478,0.000000,0.000000,4,-123.12,-123.12,0,0,
08/27/2026,05:50:50:600,0.000000,0.000000,1,-121.38,-121.38,0,0,
08/27/2026,05:50:50:659,0.000000,0.000000,2,-123.57,-123.57,0,0,
08/27/2026,05:50:50:709,0.000000,0.000000,3,-86.34,-86.34,0,0,
08/27/2026,05:50:50:762,0.000000,0.000000,4,-123.02,-123.02,0,0,
08/27/2026,05:50:50:880,0.000000,0.000000,1,-120.7,-120.7,0,0,
08/27/2026,05:50:50:931,0.000000,0.000000,2,-124.13,-124.13,0,0,
08/27/2026,05:50:50:989,0.000000,0.000000,3,-83,-83,0,0,
08/27/2026,05:50:51:042,0.000000,0.000000,4,-122.55,-122.55,0,0,
08/27/2026,05:50:51:160,0.000000,0.000000,1,-121.64,-121.64,0,0,
08/27/2026,05:50:51:207,0.000000,0.000000,2,-120.85,-120.85,0,0,
08/27/2026,05:50:51:261,0.000000,0.000000,3,-87.38,-87.38,0,0,
08/27/2026,05:50:51:315,0.000000,0.000000,4,-123.86,-123.86,0,0,
08/27/2026,05:50:51:433,0.000000,0.000000,1,-122.24,-122.24,0,0,
08/27/2026,05:50:51:501,0.000000,0.000000,2,-121.01,-121.01,0,0,
08/27/2026,05:50:51:543,0.000000,0.000000,3,-84.9,-84.9,0,0,
08/27/2026,05:50:51:597,0.000000,0.000000,4,-120.96,-120.96,0,0,
08/27/2026,05:50:51:716,0.000000,0.000000,1,-121.58,-121.58,0,0,
08/27/2026,05:50:51:795,0.000000,0.000000,2,-119.87,-119.87,0,0,
08/27/2026,05:50:51:831,0.000000,0.000000,3,-83.08,-83.08,0,0,
08/27/2026,05:50:51:871,0.000000,0.000000,4,-122.83,-122.83,0,0,
08/27/2026,05:50:51:991,0.000000,0.000000,1,-119.05,-119.05,0,0,
08/27/2026,05:50:52:046,0.000000,0.000000,2,-118.06,-118.06,0,0,
08/27/2026,05:50:52:098,0.000000,0.000000,3,-79.92,-79.92,0,0,
08/27/2026,05:50:52:154,0.000000,0.000000,4,-122.77,-122.77,0,0,
08/27/2026,05:50:52:279,0.000000,0.000000,1,-116.2,-116.2,0,0,
08/27/2026,05:50:52:330,0.000000,0.000000,2,-118.77,-118.77,0,0,
08/27/2026,05:50:52:380,0.000000,0.000000,3,-84.48,-84.48,0,0,
08/27/2026,05:50:52:434,0.000000,0.000000,4,-120.73,-120.73,0,0,
08/27/2026,05:50:52:554,0.000000,0.000000,1,-114.65,-114.65,0,0,
08/27/2026,05:50:52:604,0.000000,0.000000,2,-116.68,-116.68,0,0,
08/27/2026,05:50:52:677,0.000000,0.000000,3,-80.13,-80.13,0,0,
08/27/2026,05:50:52:715,0.000000,0.000000,4,-122.5,-122.5,0,0,
08/27/2026,05:50:52:838,0.000000,0.000000,1,-118.14,-118.14,0,0,
08/27/2026,05:50:52:890,0.000000,0.000000,2,-119.65,-119.65,0,0,
08/27/2026,05:50:52:948,0.000000,0.000000,3,-84.92,-84.92,0,0,
08/27/2026,05:50:53:012,0.000000,0.000000,4,-123.23,-123.23,0,0,
08/27/2026,05:50:53:120,0.000000,0.000000,1,-117.2,-117.2,0,0,
08/27/2026,05:50:53:173,0.000000,0.000000,2,-118.5,-118.5,0,0,
08/27/2026,05:50:53:228,0.000000,0.000000,3,-82.61,-82.61,0,0,
08/27/2026,05:50:53:273,0.000000,0.000000,4,-127.22,-127.22,0,0,
08/27/2026,05:50:53:398,0.000000,0.000000,1,-115.56,-115.56,0,0,
08/27/2026,05:50:53:467,0.000000,0.000000,2,-120.2,-120.2,0,0,
08/27/2026,05:50:53:507,0.000000,0.000000,3,-90.75,-90.75,0,0,
08/27/2026,05:50:53:560,0.000000,0.000000,4,-121.35,-121.35,0,0,
08/27/2026,05:50:53:674,0.000000,0.000000,1,-119,-119,0,0,
08/27/2026,05:50:53:738,0.000000,0.000000,2,-120.38,-120.38,0,0,
08/27/2026,05:50:53:783,0.000000,0.000000,3,-80.53,-80.53,0,0,
08/27/2026,05:50:53:856,0.000000,0.000000,4,-122.79,-122.79,0,0,
08/27/2026,05:50:53:974,0.000000,0.000000,1,-117.29,-117.29,0,0,
08/27/2026,05:50:54:113,0.000000,0.000000,2,-118.36,-118.36,0,0,
08/27/2026,05:50:54:124,0.000000,0.000000,3,-87.44,-87.44,0,0,
08/27/2026,05:50:54:130,0.000000,0.000000,4,-122.99,-122.99,0,0,
08/27/2026,05:50:54:239,0.000000,0.000000,1,-116.66,-116.66,0,0,
08/27/2026,05:50:54:287,0.000000,0.000000,2,-116.54,-116.54,0,0,
08/27/2026,05:50:54:346,0.000000,0.000000,3,-80.49,-80.49,0,0,
08/27/2026,05:50:54:391,0.000000,0.000000,4,-121.65,-121.65,0,0,
08/27/2026,05:50:54:522,0.000000,0.000000,1,-117.15,-117.15,0,0,
08/27/2026,05:50:54:566,0.000000,0.000000,2,-120.54,-120.54,0,0,
08/27/2026,05:50:54:619,0.000000,0.000000,3,-82.41,-82.41,0,0,
08/27/2026,05:50:54:671,0.000000,0.000000,4,-122.33,-122.33,0,0,
08/27/2026,05:50:54:802,0.000000,0.000000,1,-118.05,-118.05,0,0,
08/27/2026,05:50:54:857,0.000000,0.000000,2,-121.32,-121.32,0,0,
08/27/2026,05:50:54:922,0.000000,0.000000,3,-81.52,-81.52,0,0,
08/27/2026,05:50:54:962,0.000000,0.000000,4,-122.97,-122.97,0,0,
08/27/2026,05:50:55:099,0.000000,0.000000,1,-120.37,-120.37,0,0,
08/27/2026,05:50:55:133,0.000000,0.000000,2,-119.09,-119.09,0,0,
08/27/2026,05:50:55:188,0.000000,0.000000,3,-82.12,-82.12,0,0,
08/27/2026,05:50:55:245,0.000000,0.000000,4,-124.24,-124.24,0,0,
08/27/2026,05:50:55:379,0.000000,0.000000,1,-118.4,-118.4,0,0,
08/27/2026,05:50:55:416,0.000000,0.000000,2,-117.43,-117.43,0,0,
08/27/2026,05:50:55:472,0.000000,0.000000,3,-84.16,-84.16,0,0,
08/27/2026,05:50:55:545,0.000000,0.000000,4,-122.18,-122.18,0,0,
08/27/2026,05:50:55:666,0.000000,0.000000,1,-120.73,-120.73,0,0,
08/27/2026,05:50:55:704,0.000000,0.000000,2,-123.61,-123.61,0,0,
08/27/2026,05:50:55:742,0.000000,0.000000,3,-84.19,-84.19,0,0,
08/27/2026,05:50:55:808,0.000000,0.000000,4,-123.94,-123.94,0,0,
08/27/2026,05:50:55:938,0.000000,0.000000,1,-119.24,-119.24,0,0,
08/27/2026,05:50:55:979,0.000000,0.000000,2,-122.87,-122.87,0,0,
08/27/2026,05:50:56:022,0.000000,0.000000,3,-81.38,-81.38,0,0,
08/27/2026,05:50:56:076,0.000000,0.000000,4,-121.24,-121.24,0,0,
08/27/2026,05:50:56:197,0.000000,0.000000,1,-121.45,-121.45,0,0,
08/27/2026,05:50:56:252,0.000000,0.000000,2,-124.59,-124.59,0,0,
08/27/2026,05:50:56:320,0.000000,0.000000,3,-80.13,-80.13,0,0,
08/27/2026,05:50:56:355,0.000000,0.000000,4,-122.53,-122.53,0,0,
08/27/2026,05:50:56:476,0.000000,0.000000,1,-118.54,-118.54,0,0,
08/27/2026,05:50:56:533,0.000000,0.000000,2,-125.99,-125.99,0,0,
08/27/2026,05:50:56:585,0.000000,0.000000,3,-82.74,-82.74,0,0,
08/27/2026,05:50:56:661,0.000000,0.000000,4,-123.35,-123.35,0,0,
08/27/2026,05:50:56:757,0.000000,0.000000,1,-122.09,-122.09,0,0,
08/27/2026,05:50:56:804,0.000000,0.000000,2,-124.13,-124.13,0,0,
08/27/2026,05:50:56:873,0.000000,0.000000,3,-78.08,-78.08,0,0,
08/27/2026,05:50:56:918,0.000000,0.000000,4,-121.97,-121.97,0,0,
08/27/2026,05:50:57:045,0.000000,0.000000,1,-118,-118,0,0,
08/27/2026,05:50:57:098,0.000000,0.000000,2,-124.64,-124.64,0,0,
08/27/2026,05:50:57:149,0.000000,0.000000,3,-78.91,-78.91,0,0,
08/27/2026,05:50:57:210,0.000000,0.000000,4,-121.95,-121.95,0,0,
08/27/2026,05:50:57:330,0.000000,0.000000,1,-120.26,-120.26,0,0,
08/27/2026,05:50:57:375,0.000000,0.000000,2,-115.88,-115.88,0,0,
08/27/2026,05:50:57:442,0.000000,0.000000,3,-76.34,-76.34,0,0,
08/27/2026,05:50:57:484,0.000000,0.000000,4,-121.57,-121.57,0,0,
08/27/2026,05:50:57:611,0.000000,0.000000,1,-118.92,-118.92,0,0,
08/27/2026,05:50:57:663,0.000000,0.000000,2,-124.41,-124.41,0,0,
08/27/2026,05:50:57:712,0.000000,0.000000,3,-82.96,-82.96,0,0,
08/27/2026,05:50:57:761,0.000000,0.000000,4,-123.15,-123.15,0,0,
08/27/2026,05:50:57:895,0.000000,0.000000,1,-118.69,-118.69,0,0,
08/27/2026,05:50:57:951,0.000000,0.000000,2,-123.93,-123.93,0,0,
08/27/2026,05:50:57:988,0.000000,0.000000,3,-79.87,-79.87,0,0,
08/27/2026,05:50:58:039,0.000000,0.000000,4,-120.26,-120.26,0,0,
08/27/2026,05:50:58:163,0.000000,0.000000,1,-118.05,-118.05,0,0,
08/27/2026,05:50:58:211,0.000000,0.000000,2,-121.98,-121.98,0,0,
08/27/2026,05:50:58:267,0.000000,0.000000,3,-82.56,-82.56,0,0,
08/27/2026,05:50:58:315,0.000000,0.000000,4,-123.77,-123.77,0,0,
08/27/2026,05:50:58:440,0.000000,0.000000,1,-119.86,-119.86,0,0,
08/27/2026,05:50:58:490,0.000000,0.000000,2,-124.1,-124.1,0,0,
08/27/2026,05:50:58:543,0.000000,0.000000,3,-79.58,-79.58,0,0,
08/27/2026,05:50:58:594,0.000000,0.000000,4,-121.23,-121.23,0,0,
08/27/2026,05:50:58:714,0.000000,0.000000,1,-117.45,-117.45,0,0,
08/27/2026,05:50:58:771,0.000000,0.000000,2,-125.12,-125.12,0,0,
08/27/2026,05:50:58:821,0.000000,0.000000,3,-79.3,-79.3,0,0,
08/27/2026,05:50:58:885,0.000000,0.000000,4,-122.77,-122.77,0,0,
08/27/2026,05:50:59:002,0.000000,0.000000,1,-120.19,-120.19,0,0,
08/27/2026,05:50:59:049,0.000000,0.000000,2,-123.9,-123.9,0,0,
08/27/2026,05:50:59:107,0.000000,0.000000,3,-82.5,-82.5,0,0,
08/27/2026,05:50:59:257,0.000000,0.000000,4,-123.1,-123.1,0,0,
08/27/2026,05:50:59:297,0.000000,0.000000,1,-120.48,-120.48,0,0,
08/27/2026,05:50:59:331,0.000000,0.000000,2,-124.24,-124.24,0,0,
08/27/2026,05:50:59:406,0.000000,0.000000,3,-79.49,-79.49,0,0,
08/27/2026,05:50:59:442,0.000000,0.000000,4,-122.93,-122.93,0,0,
08/27/2026,05:50:59:552,0.000000,0.000000,1,-119.08,-119.08,0,0,
08/27/2026,05:50:59:604,0.000000,0.000000,2,-122.81,-122.81,0,0,
08/27/2026,05:50:59:657,0.000000,0.000000,3,-80.43,-80.43,0,0,
08/27/2026,05:50:59:717,0.000000,0.000000,4,-122.83,-122.83,0,0,
08/27/2026,05:50:59:833,0.000000,0.000000,1,-118.45,-118.45,0,0,
08/27/2026,05:50:59:887,0.000000,0.000000,2,-122.86,-122.86,0,0,
08/27/2026,05:50:59:938,0.000000,0.000000,3,-82.91,-82.91,0,0,
08/27/2026,05:50:59:992,0.000000,0.000000,4,-123.9,-123.9,0,0,
08/27/2026,05:51:00:113,0.000000,0.000000,1,-120,-120,0,0,
08/27/2026,05:51:00:162,0.000000,0.000000,2,-123.77,-123.77,0,0,
08/27/2026,05:51:00:223,0.000000,0.000000,3,-79.93,-79.93,0,0,
08/27/2026,05:51:00:289,0.000000,0.000000,4,-120.71,-120.71,0,0,
08/27/2026,05:51:00:465,0.000000,0.000000,1,-117.87,-117.87,0,0,
08/27/2026,05:51:00:517,0.000000,0.000000,2,-119.49,-119.49,0,0,
08/27/2026,05:51:00:753,0.000000,0.000000,3,-78.9,-78.9,0,0,
08/27/2026,05:51:00:808,0.000000,0.000000,4,-122.87,-122.87,0,0,
08/27/2026,05:51:00:983,0.000000,0.000000,1,-120.37,-120.37,0,0,
08/27/2026,05:51:00:997,0.000000,0.000000,2,-119.96,-119.96,0,0,
08/27/2026,05:51:01:041,0.000000,0.000000,3,-79.63,-79.63,0,0,
08/27/2026,05:51:01:069,0.000000,0.000000,4,-126.47,-126.47,0,0,
08/27/2026,05:51:01:114,0.000000,0.000000,1,-120.53,-120.53,0,0,
08/27/2026,05:51:01:150,0.000000,0.000000,2,-120.86,-120.86,0,0,
08/27/2026,05:51:01:157,0.000000,0.000000,3,-80.65,-80.65,0,0,
08/27/2026,05:51:01:195,0.000000,0.000000,4,-122.62,-122.62,0,0,
08/27/2026,05:51:01:276,0.000000,0.000000,1,-124.6,-124.6,0,0,
08/27/2026,05:51:01:308,0.000000,0.000000,2,-121.38,-121.38,0,0,
08/27/2026,05:51:01:352,0.000000,0.000000,3,-82.23,-82.23,0,0,
08/27/2026,05:51:01:409,0.000000,0.000000,4,-122.39,-122.39,0,0,
08/27/2026,05:51:01:538,0.000000,0.000000,1,-122.94,-122.94,0,0,
08/27/2026,05:51:01:579,0.000000,0.000000,2,-120.03,-120.03,0,0,
08/27/2026,05:51:01:631,0.000000,0.000000,3,-82.86,-82.86,0,0,
08/27/2026,05:51:01:685,0.000000,0.000000,4,-122.97,-122.97,0,0,
08/27/2026,05:51:01:805,0.000000,0.000000,1,-122.29,-122.29,0,0,
08/27/2026,05:51:01:856,0.000000,0.000000,2,-118.94,-118.94,0,0,
08/27/2026,05:51:01:911,0.000000,0.000000,3,-88.39,-88.39,0,0,
08/27/2026,05:51:01:967,0.000000,0.000000,4,-121.17,-121.17,0,0,
08/27/2026,05:51:02:089,0.000000,0.000000,1,-123.84,-123.84,0,0,
08/27/2026,05:51:02:140,0.000000,0.000000,2,-120.64,-120.64,0,0,
08/27/2026,05:51:02:189,0.000000,0.000000,3,-81.46,-81.46,0,0,
08/27/2026,05:51:02:253,0.000000,0.000000,4,-123.66,-123.66,0,0,
08/27/2026,05:51:02:361,0.000000,0.000000,1,-123.2,-123.2,0,0,
08/27/2026,05:51:02:416,0.000000,0.000000,2,-118.81,-118.81,0,0,
08/27/2026,05:51:02:472,0.000000,0.000000,3,-84.79,-84.79,0,0,
08/27/2026,05:51:02:523,0.000000,0.000000,4,-122.45,-122.45,0,0,
08/27/2026,05:51:02:652,0.000000,0.000000,1,-121.7,-121.7,0,0,
08/27/2026,05:51:02:692,0.000000,0.000000,2,-120.46,-120.46,0,0,
08/27/2026,05:51:02:754,0.000000,0.000000,3,-86.4,-86.4,0,0,
08/27/2026,05:51:02:800,0.000000,0.000000,4,-126.59,-126.59,0,0,
08/27/2026,05:51:02:920,0.000000,0.000000,1,-125.34,-125.34,0,0,
08/27/2026,05:51:02:977,0.000000,0.000000,2,-120.84,-120.84,0,0,
08/27/2026,05:51:03:027,0.000000,0.000000,3,-85.83,-85.83,0,0,
08/27/2026,05:51:03:088,0.000000,0.000000,4,-122.66,-122.66,0,0,
08/27/2026,05:51:03:206,0.000000,0.000000,1,-124.13,-124.13,0,0,
08/27/2026,05:51:03:253,0.000000,0.000000,2,-120.34,-120.34,0,0,
08/27/2026,05:51:03:307,0.000000,0.000000,3,-80.8,-80.8,0,0,
08/27/2026,05:51:03:360,0.000000,0.000000,4,-124.48,-124.48,0,0,
08/27/2026,05:51:03:480,0.000000,0.000000,1,-125.31,-125.31,0,0,
08/27/2026,05:51:03:533,0.000000,0.000000,2,-122.88,-122.88,0,0,
08/27/2026,05:51:03:589,0.000000,0.000000,3,-84.17,-84.17,0,0,
08/27/2026,05:51:03:640,0.000000,0.000000,4,-122.92,-122.92,0,0,
08/27/2026,05:51:03:756,0.000000,0.000000,1,-123.89,-123.89,0,0,
08/27/2026,05:51:03:810,0.000000,0.000000,2,-118.08,-118.08,0,0,
08/27/2026,05:51:03:867,0.000000,0.000000,3,-81.94,-81.94,0,0,
08/27/2026,05:51:03:919,0.000000,0.000000,4,-124.41,-124.41,0,0,
08/27/2026,05:51:04:035,0.000000,0.000000,1,-124.79,-124.79,0,0,
08/27/2026,05:51:04:087,0.000000,0.000000,2,-122.02,-122.02,0,0,
08/27/2026,05:51:04:149,0.000000,0.000000,3,-92.54,-92.54,0,0,
08/27/2026,05:51:04:196,0.000000,0.000000,4,-122.89,-122.89,0,0,
08/27/2026,05:51:04:401,0.000000,0.000000,1,-123.38,-123.38,0,0,
08/27/2026,05:51:04:417,0.000000,0.000000,2,-122.96,-122.96,0,0,
08/27/2026,05:51:04:436,0.000000,0.000000,3,-83.67,-83.67,0,0,
08/27/2026,05:51:04:473,0.000000,0.000000,4,-121.04,-121.04,0,0,
08/27/2026,05:51:04:609,0.000000,0.000000,1,-122.62,-122.62,0,0,
08/27/2026,05:51:04:652,0.000000,0.000000,2,-122.9,-122.9,0,0,
08/27/2026,05:51:04:699,0.000000,0.000000,3,-85.86,-85.86,0,0,
08/27/2026,05:51:04:776,0.000000,0.000000,4,-123.48,-123.48,0,0,
08/27/2026,05:51:04:904,0.000000,0.000000,1,-121.5,-121.5,0,0,
08/27/2026,05:51:04:933,0.000000,0.000000,2,-125.82,-125.82,0,0,
08/27/2026,05:51:04:979,0.000000,0.000000,3,-83.29,-83.29,0,0,
08/27/2026,05:51:05:032,0.000000,0.000000,4,-124.98,-124.98,0,0,
08/27/2026,05:51:05:149,0.000000,0.000000,1,-124.64,-124.64,0,0,
08/27/2026,05:51:05:202,0.000000,0.000000,2,-123.64,-123.64,0,0,
08/27/2026,05:51:05:281,0.000000,0.000000,3,-93.79,-93.79,0,0,
08/27/2026,05:51:05:316,0.000000,0.000000,4,-121.68,-121.68,0,0,
08/27/2026,05:51:05:428,0.000000,0.000000,1,-124.63,-124.63,0,0,
08/27/2026,05:51:05:485,0.000000,0.000000,2,-121.61,-121.61,0,0,
08/27/2026,05:51:05:532,0.000000,0.000000,3,-88.39,-88.39,0,0,
08/27/2026,05:51:05:589,0.000000,0.000000,4,-122.54,-122.54,0,0,
08/27/2026,05:51:05:714,0.000000,0.000000,1,-123.96,-123.96,0,0,
08/27/2026,05:51:05:765,0.000000,0.000000,2,-123.32,-123.32,0,0,
08/27/2026,05:51:05:812,0.000000,0.000000,3,-84.2,-84.2,0,0,
08/27/2026,05:51:05:866,0.000000,0.000000,4,-124.25,-124.25,0,0,
08/27/2026,05:51:05:988,0.000000,0.000000,1,-125.37,-125.37,0,0,
08/27/2026,05:51:06:044,0.000000,0.000000,2,-123.21,-123.21,0,0,
08/27/2026,05:51:06:093,0.000000,0.000000,3,-86.14,-86.14,0,0,
08/27/2026,05:51:06:152,0.000000,0.000000,4,-122.62,-122.62,0,0,
08/27/2026,05:51:06:265,0.000000,0.000000,1,-122.56,-122.56,0,0,
08/27/2026,05:51:06:317,0.000000,0.000000,2,-124.52,-124.52,0,0,
08/27/2026,05:51:06:392,0.000000,0.000000,3,-79.25,-79.25,0,0,
08/27/2026,05:51:06:434,0.000000,0.000000,4,-121.61,-121.61,0,0,
08/27/2026,05:51:06:562,0.000000,0.000000,1,-124.46,-124.46,0,0,
08/27/2026,05:51:06:607,0.000000,0.000000,2,-121.63,-121.63,0,0,
08/27/2026,05:51:06:649,0.000000,0.000000,3,-80.62,-80.62,0,0,
08/27/2026,05:51:06:701,0.000000,0.000000,4,-122.33,-122.33,0,0,
08/27/2026,05:51:06:824,0.000000,0.000000,1,-124.39,-124.39,0,0,
08/27/2026,05:51:06:901,0.000000,0.000000,2,-123.96,-123.96,0,0,
08/27/2026,05:51:06:930,0.000000,0.000000,3,-80.66,-80.66,0,0,
08/27/2026,05:51:06:996,0.000000,0.000000,4,-119.8,-119.8,0,0,
08/27/2026,05:51:07:107,0.000000,0.000000,1,-123.88,-123.88,0,0,
08/27/2026,05:51:07:155,0.000000,0.000000,2,-123.26,-123.26,0,0,
08/27/2026,05:51:07:211,0.000000,0.000000,3,-81.97,-81.97,0,0,
08/27/2026,05:51:07:283,0.000000,0.000000,4,-122.54,-122.54,0,0,
08/27/2026,05:51:07:382,0.000000,0.000000,1,-124.38,-124.38,0,0,
08/27/2026,05:51:07:436,0.000000,0.000000,2,-125.41,-125.41,0,0,
08/27/2026,05:51:07:487,0.000000,0.000000,3,-77.6,-77.6,0,0,
08/27/2026,05:51:07:539,0.000000,0.000000,4,-120.77,-120.77,0,0,
08/27/2026,05:51:07:657,0.000000,0.000000,1,-125.01,-125.01,0,0,
08/27/2026,05:51:07:715,0.000000,0.000000,2,-124.61,-124.61,0,0,
08/27/2026,05:51:07:763,0.000000,0.000000,3,-83.45,-83.45,0,0,
08/27/2026,05:51:07:846,0.000000,0.000000,4,-119.12,-119.12,0,0,
08/27/2026,05:51:07:944,0.000000,0.000000,1,-124.89,-124.89,0,0,
08/27/2026,05:51:07:996,0.000000,0.000000,2,-123.83,-123.83,0,0,
08/27/2026,05:51:08:050,0.000000,0.000000,3,-80.65,-80.65,0,0,
08/27/2026,05:51:08:097,0.000000,0.000000,4,-124.4,-124.4,0,0,
08/27/2026,05:51:08:219,0.000000,0.000000,1,-125.25,-125.25,0,0,
08/27/2026,05:51:08:274,0.000000,0.000000,2,-122.92,-122.92,0,0,
08/27/2026,05:51:08:328,0.000000,0.000000,3,-77.67,-77.67,0,0,
08/27/2026,05:51:08:379,0.000000,0.000000,4,-121.86,-121.86,0,0,
08/27/2026,05:51:08:495,0.000000,0.000000,1,-123.91,-123.91,0,0,
08/27/2026,05:51:08:555,0.000000,0.000000,2,-120.72,-120.72,0,0,
08/27/2026,05:51:08:599,0.000000,0.000000,3,-75.67,-75.67,0,0,
08/27/2026,05:51:08:687,0.000000,0.000000,4,-122.75,-122.75,0,0,
08/27/2026,05:51:08:774,0.000000,0.000000,1,-123.14,-123.14,0,0,
08/27/2026,05:51:08:848,0.000000,0.000000,2,-125.16,-125.16,0,0,
08/27/2026,05:51:08:885,0.000000,0.000000,3,-85.02,-85.02,0,0,
08/27/2026,05:51:08:935,0.000000,0.000000,4,-123.55,-123.55,0,0,
08/27/2026,05:51:09:055,0.000000,0.000000,1,-124.45,-124.45,0,0,
08/27/2026,05:51:09:121,0.000000,0.000000,2,-122.76,-122.76,0,0,
08/27/2026,05:51:09:162,0.000000,0.000000,3,-82.05,-82.05,0,0,
08/27/2026,05:51:09:220,0.000000,0.000000,4,-122.35,-122.35,0,0,
08/27/2026,05:51:09:345,0.000000,0.000000,1,-123.93,-123.93,0,0,
08/27/2026,05:51:09:384,0.000000,0.000000,2,-124.85,-124.85,0,0,
08/27/2026,05:51:09:545,0.000000,0.000000,3,-83.13,-83.13,0,0,
08/27/2026,05:51:09:556,0.000000,0.000000,4,-123.03,-123.03,0,0,
08/27/2026,05:51:09:613,0.000000,0.000000,1,-121.14,-121.14,0,0,
08/27/2026,05:51:09:663,0.000000,0.000000,2,-119.88,-119.88,0,0,
08/27/2026,05:51:09:724,0.000000,0.000000,3,-80.78,-80.78,0,0,
08/27/2026,05:51:09:772,0.000000,0.000000,4,-123.01,-123.01,0,0,
08/27/2026,05:51:09:888,0.000000,0.000000,1,-123.74,-123.74,0,0,
08/27/2026,05:51:09:946,0.000000,0.000000,2,-122.8,-122.8,0,0,
08/27/2026,05:51:10:004,0.000000,0.000000,3,-81.26,-81.26,0,0,
08/27/2026,05:51:10:051,0.000000,0.000000,4,-122.46,-122.46,0,0,
08/27/2026,05:51:10:177,0.000000,0.000000,1,-124.43,-124.43,0,0,
08/27/2026,05:51:10:226,0.000000,0.000000,2,-123.66,-123.66,0,0,
08/27/2026,05:51:10:282,0.000000,0.000000,3,-81.7,-81.7,0,0,
08/27/2026,05:51:10:335,0.000000,0.000000,4,-121.07,-121.07,0,0,
08/27/2026,05:51:10:464,0.000000,0.000000,1,-124.03,-124.03,0,0,
08/27/2026,05:51:10:507,0.000000,0.000000,2,-121.8,-121.8,0,0,
08/27/2026,05:51:10:555,0.000000,0.000000,3,-81.35,-81.35,0,0,
08/27/2026,05:51:10:609,0.000000,0.000000,4,-124.56,-124.56,0,0,
08/27/2026,05:51:10:733,0.000000,0.000000,1,-122.56,-122.56,0,0,
08/27/2026,05:51:10:780,0.000000,0.000000,2,-122.84,-122.84,0,0,
08/27/2026,05:51:10:835,0.000000,0.000000,3,-84.11,-84.11,0,0,
08/27/2026,05:51:10:889,0.000000,0.000000,4,-123.84,-123.84,0,0,
08/27/2026,05:51:11:003,0.000000,0.000000,1,-121.99,-121.99,0,0,
08/27/2026,05:51:11:066,0.000000,0.000000,2,-121.25,-121.25,0,0,
08/27/2026,05:51:11:114,0.000000,0.000000,3,-77.97,-77.97,0,0,
08/27/2026,05:51:11:166,0.000000,0.000000,4,-122.53,-122.53,0,0,
08/27/2026,05:51:11:286,0.000000,0.000000,1,-123.04,-123.04,0,0,
08/27/2026,05:51:11:335,0.000000,0.000000,2,-115.08,-115.08,0,0,
08/27/2026,05:51:11:397,0.000000,0.000000,3,-77.9,-77.9,0,0,
08/27/2026,05:51:11:443,0.000000,0.000000,4,-121.92,-121.92,0,0,
08/27/2026,05:51:11:566,0.000000,0.000000,1,-123.34,-123.34,0,0,
08/27/2026,05:51:11:618,0.000000,0.000000,2,-118.84,-118.84,0,0,
08/27/2026,05:51:11:682,0.000000,0.000000,3,-81.18,-81.18,0,0,
08/27/2026,05:51:11:722,0.000000,0.000000,4,-122.67,-122.67,0,0,
08/27/2026,05:51:11:846,0.000000,0.000000,1,-124.56,-124.56,0,0,
08/27/2026,05:51:11:894,0.000000,0.000000,2,-119.55,-119.55,0,0,
08/27/2026,05:51:11:947,0.000000,0.000000,3,-81.28,-81.28,0,0,
08/27/2026,05:51:12:007,0.000000,0.000000,4,-120.8,-120.8,0,0,
08/27/2026,05:51:12:139,0.000000,0.000000,1,-121.6,-121.6,0,0,
08/27/2026,05:51:12:186,0.000000,0.000000,2,-121.54,-121.54,0,0,
08/27/2026,05:51:12:265,0.000000,0.000000,3,-78.99,-78.99,0,0,
08/27/2026,05:51:12:304,0.000000,0.000000,4,-121.9,-121.9,0,0,
08/27/2026,05:51:12:416,0.000000,0.000000,1,-122.99,-122.99,0,0,
08/27/2026,05:51:12:469,0.000000,0.000000,2,-118.07,-118.07,0,0,
08/27/2026,05:51:12:517,0.000000,0.000000,3,-83.71,-83.71,0,0,
08/27/2026,05:51:12:566,0.000000,0.000000,4,-121.01,-121.01,0,0,
08/27/2026,05:51:12:689,0.000000,0.000000,1,-123.72,-123.72,0,0,
08/27/2026,05:51:12:742,0.000000,0.000000,2,-117.13,-117.13,0,0,
08/27/2026,05:51:12:794,0.000000,0.000000,3,-72.94,-72.94,0,0,
08/27/2026,05:51:12:850,0.000000,0.000000,4,-123.31,-123.31,0,0,
08/27/2026,05:51:12:966,0.000000,0.000000,1,-121.81,-121.81,0,0,
08/27/2026,05:51:13:022,0.000000,0.000000,2,-117.55,-117.55,0,0,
08/27/2026,05:51:13:080,0.000000,0.000000,3,-77.02,-77.02,0,0,
08/27/2026,05:51:13:131,0.000000,0.000000,4,-123.83,-123.83,0,0,
08/27/2026,05:51:13:248,0.000000,0.000000,1,-122.08,-122.08,0,0,
08/27/2026,05:51:13:305,0.000000,0.000000,2,-119.43,-119.43,0,0,
08/27/2026,05:51:13:353,0.000000,0.000000,3,-80.39,-80.39,0,0,
08/27/2026,05:51:13:407,0.000000,0.000000,4,-123.71,-123.71,0,0,
08/27/2026,05:51:13:543,0.000000,0.000000,1,-123.47,-123.47,0,0,
08/27/2026,05:51:13:579,0.000000,0.000000,2,-119.79,-119.79,0,0,
08/27/2026,05:51:13:631,0.000000,0.000000,3,-76.92,-76.92,0,0,
08/27/2026,05:51:13:685,0.000000,0.000000,4,-121.97,-121.97,0,0,
08/27/2026,05:51:13:809,0.000000,0.000000,1,-123.64,-123.64,0,0,
08/27/2026,05:51:13:878,0.000000,0.000000,2,-122.77,-122.77,0,0,
08/27/2026,05:51:13:917,0.000000,0.000000,3,-76.39,-76.39,0,0,
08/27/2026,05:51:13:962,0.000000,0.000000,4,-124.44,-124.44,0,0,
08/27/2026,05:51:14:086,0.000000,0.000000,1,-123.33,-123.33,0,0,
08/27/2026,05:51:14:139,0.000000,0.000000,2,-117.55,-117.55,0,0,
08/27/2026,05:51:14:196,0.000000,0.000000,3,-83.65,-83.65,0,0,
08/27/2026,05:51:14:253,0.000000,0.000000,4,-122.38,-122.38,0,0,
08/27/2026,05:51:14:361,0.000000,0.000000,1,-121.91,-121.91,0,0,
08/27/2026,05:51:14:422,0.000000,0.000000,2,-125.13,-125.13,0,0,
08/27/2026,05:51:14:466,0.000000,0.000000,3,-85.27,-85.27,0,0,
08/27/2026,05:51:14:526,0.000000,0.000000,4,-121.62,-121.62,0,0,
08/27/2026,05:51:14:692,0.000000,0.000000,1,-124.62,-124.62,0,0,
08/27/2026,05:51:14:708,0.000000,0.000000,2,-122.6,-122.6,0,0,
08/27/2026,05:51:14:748,0.000000,0.000000,3,-78.76,-78.76,0,0,
08/27/2026,05:51:14:797,0.000000,0.000000,4,-122.06,-122.06,0,0,
08/27/2026,05:51:14:926,0.000000,0.000000,1,-126.4,-126.4,0,0,
08/27/2026,05:51:14:978,0.000000,0.000000,2,-123.2,-123.2,0,0,
08/27/2026,05:51:15:026,0.000000,0.000000,3,-76.73,-76.73,0,0,
08/27/2026,05:51:15:082,0.000000,0.000000,4,-123.22,-123.22,0,0,
08/27/2026,05:51:15:201,0.000000,0.000000,1,-122.78,-122.78,0,0,
08/27/2026,05:51:15:250,0.000000,0.000000,2,-120.45,-120.45,0,0,
08/27/2026,05:51:15:306,0.000000,0.000000,3,-77.24,-77.24,0,0,
08/27/2026,05:51:15:360,0.000000,0.000000,4,-122.32,-122.32,0,0,
08/27/2026,05:51:15:479,0.000000,0.000000,1,-123.29,-123.29,0,0,
08/27/2026,05:51:15:531,0.000000,0.000000,2,-122.66,-122.66,0,0,
08/27/2026,05:51:15:591,0.000000,0.000000,3,-86.12,-86.12,0,0,
08/27/2026,05:51:15:637,0.000000,0.000000,4,-121.86,-121.86,0,0,
08/27/2026,05:51:15:759,0.000000,0.000000,1,-123.1,-123.1,0,0,
08/27/2026,05:51:15:816,0.000000,0.000000,2,-118.93,-118.93,0,0,
08/27/2026,05:51:15:861,0.000000,0.000000,3,-78.9,-78.9,0,0,
08/27/2026,05:51:15:949,0.000000,0.000000,4,-122.75,-122.75,0,0,
08/27/2026,05:51:16:039,0.000000,0.000000,1,-122.45,-122.45,0,0,
08/27/2026,05:51:16:117,0.000000,0.000000,2,-121.72,-121.72,0,0,
08/27/2026,05:51:16:160,0.000000,0.000000,3,-88.12,-88.12,0,0,
08/27/2026,05:51:16:209,0.000000,0.000000,4,-120.2,-120.2,0,0,
08/27/2026,05:51:16:311,0.000000,0.000000,1,-124.34,-124.34,0,0,
08/27/2026,05:51:16:369,0.000000,0.000000,2,-121.83,-121.83,0,0,
08/27/2026,05:51:16:421,0.000000,0.000000,3,-79.76,-79.76,0,0,
08/27/2026,05:51:16:470,0.000000,0.000000,4,-120.51,-120.51,0,0,
08/27/2026,05:51:16:591,0.000000,0.000000,1,-124.24,-124.24,0,0,
08/27/2026,05:51:16:651,0.000000,0.000000,2,-123.77,-123.77,0,0,
08/27/2026,05:51:16:717,0.000000,0.000000,3,-76.1,-76.1,0,0,
08/27/2026,05:51:16:752,0.000000,0.000000,4,-122.02,-122.02,0,0,
08/27/2026,05:51:16:875,0.000000,0.000000,1,-122.21,-122.21,0,0,
08/27/2026,05:51:16:922,0.000000,0.000000,2,-120.75,-120.75,0,0,
08/27/2026,05:51:16:983,0.000000,0.000000,3,-83.11,-83.11,0,0,
08/27/2026,05:51:17:053,0.000000,0.000000,4,-122.03,-122.03,0,0,
08/27/2026,05:51:17:152,0.000000,0.000000,1,-125.01,-125.01,0,0,
08/27/2026,05:51:17:208,0.000000,0.000000,2,-123.48,-123.48,0,0,
08/27/2026,05:51:17:261,0.000000,0.000000,3,-80.19,-80.19,0,0,
08/27/2026,05:51:17:313,0.000000,0.000000,4,-122.67,-122.67,0,0,
08/27/2026,05:51:17:432,0.000000,0.000000,1,-122.62,-122.62,0,0,
08/27/2026,05:51:17:486,0.000000,0.000000,2,-123.26,-123.26,0,0,
08/27/2026,05:51:17:539,0.000000,0.000000,3,-86.51,-86.51,0,0,
08/27/2026,05:51:17:586,0.000000,0.000000,4,-121.51,-121.51,0,0,
08/27/2026,05:51:17:717,0.000000,0.000000,1,-122.64,-122.64,0,0,
08/27/2026,05:51:17:785,0.000000,0.000000,2,-122.73,-122.73,0,0,
08/27/2026,05:51:17:826,0.000000,0.000000,3,-94.57,-94.57,0,0,
08/27/2026,05:51:17:869,0.000000,0.000000,4,-122.08,-122.08,0,0,
08/27/2026,05:51:17:994,0.000000,0.000000,1,-123.82,-123.82,0,0,
08/27/2026,05:51:18:039,0.000000,0.000000,2,-122.49,-122.49,0,0,
08/27/2026,05:51:18:091,0.000000,0.000000,3,-86.98,-86.98,0,0,
08/27/2026,05:51:18:148,0.000000,0.000000,4,-125.67,-125.67,0,0,
08/27/2026,05:51:18:266,0.000000,0.000000,1,-118.9,-118.9,0,0,
08/27/2026,05:51:18:320,0.000000,0.000000,2,-119.9,-119.9,0,0,
08/27/2026,05:51:18:369,0.000000,0.000000,3,-76.86,-76.86,0,0,
08/27/2026,05:51:18:436,0.000000,0.000000,4,-123.3,-123.3,0,0,
08/27/2026,05:51:18:578,0.000000,0.000000,1,-122.39,-122.39,0,0,
08/27/2026,05:51:18:595,0.000000,0.000000,2,-120.78,-120.78,0,0,
08/27/2026,05:51:18:656,0.000000,0.000000,3,-86.81,-86.81,0,0,
08/27/2026,05:51:18:709,0.000000,0.000000,4,-122.95,-122.95,0,0,
08/27/2026,05:51:18:835,0.000000,0.000000,1,-122.31,-122.31,0,0,
08/27/2026,05:51:18:878,0.000000,0.000000,2,-123.39,-123.39,0,0,
08/27/2026,05:51:18:930,0.000000,0.000000,3,-92.3,-92.3,0,0,
08/27/2026,05:51:18:980,0.000000,0.000000,4,-121.75,-121.75,0,0,
08/27/2026,05:51:19:107,0.000000,0.000000,1,-121.54,-121.54,0,0,
08/27/2026,05:51:19:155,0.000000,0.000000,2,-121,-121,0,0,
08/27/2026,05:51:19:206,0.000000,0.000000,3,-84.95,-84.95,0,0,
08/27/2026,05:51:19:263,0.000000,0.000000,4,-123.73,-123.73,0,0,
08/27/2026,05:51:19:380,0.000000,0.000000,1,-124.96,-124.96,0,0,
08/27/2026,05:51:19:452,0.000000,0.000000,2,-119.79,-119.79,0,0,
08/27/2026,05:51:19:494,0.000000,0.000000,3,-91.17,-91.17,0,0,
08/27/2026,05:51:19:577,0.000000,0.000000,4,-122.83,-122.83,0,0,
08/27/2026,05:51:19:740,0.000000,0.000000,1,-124.04,-124.04,0,0,
08/27/2026,05:51:19:833,0.000000,0.000000,2,-119.26,-119.26,0,0,
08/27/2026,05:51:19:843,0.000000,0.000000,3,-87.11,-87.11,0,0,
08/27/2026,05:51:19:855,0.000000,0.000000,4,-122.19,-122.19,0,0,
08/27/2026,05:51:19:954,0.000000,0.000000,1,-120.67,-120.67,0,0,
08/27/2026,05:51:20:004,0.000000,0.000000,2,-123.51,-123.51,0,0,
08/27/2026,05:51:20:061,0.000000,0.000000,3,-89.41,-89.41,0,0,
08/27/2026,05:51:20:104,0.000000,0.000000,4,-122.38,-122.38,0,0,
08/27/2026,05:51:20:229,0.000000,0.000000,1,-127.37,-127.37,0,0,
08/27/2026,05:51:20:281,0.000000,0.000000,2,-125,-125,0,0,
08/27/2026,05:51:20:332,0.000000,0.000000,3,-84.85,-84.85,0,0,
08/27/2026,05:51:20:395,0.000000,0.000000,4,-122.99,-122.99,0,0,
08/27/2026,05:51:20:514,0.000000,0.000000,1,-122.72,-122.72,0,0,
08/27/2026,05:51:20:561,0.000000,0.000000,2,-123.34,-123.34,0,0,
08/27/2026,05:51:20:611,0.000000,0.000000,3,-83.29,-83.29,0,0,
08/27/2026,05:51:20:662,0.000000,0.000000,4,-120.37,-120.37,0,0,
08/27/2026,05:51:20:798,0.000000,0.000000,1,-121.96,-121.96,0,0,
08/27/2026,05:51:20:840,0.000000,0.000000,2,-124.69,-124.69,0,0,
08/27/2026,05:51:20:889,0.000000,0.000000,3,-92.29,-92.29,0,0,
08/27/2026,05:51:20:947,0.000000,0.000000,4,-122.81,-122.81,0,0,
08/27/2026,05:51:21:068,0.000000,0.000000,1,-124.53,-124.53,0,0,
08/27/2026,05:51:21:120,0.000000,0.000000,2,-125.53,-125.53,0,0,
08/27/2026,05:51:21:167,0.000000,0.000000,3,-83.39,-83.39,0,0,
08/27/2026,05:51:21:223,0.000000,0.000000,4,-122.52,-122.52,0,0,
08/27/2026,05:51:21:346,0.000000,0.000000,1,-123.72,-123.72,0,0,
08/27/2026,05:51:21:394,0.000000,0.000000,2,-123.91,-123.91,0,0,
08/27/2026,05:51:21:448,0.000000,0.000000,3,-79.98,-79.98,0,0,
08/27/2026,05:51:21:507,0.000000,0.000000,4,-122.8,-122.8,0,0,
08/27/2026,05:51:21:640,0.000000,0.000000,1,-123.25,-123.25,0,0,
08/27/2026,05:51:21:691,0.000000,0.000000,2,-124.73,-124.73,0,0,
08/27/2026,05:51:21:733,0.000000,0.000000,3,-81.33,-81.33,0,0,
08/27/2026,05:51:21:784,0.000000,0.000000,4,-124.86,-124.86,0,0,
08/27/2026,05:51:21:902,0.000000,0.000000,1,-123.1,-123.1,0,0,
08/27/2026,05:51:21:954,0.000000,0.000000,2,-122.2,-122.2,0,0,
08/27/2026,05:51:22:006,0.000000,0.000000,3,-85.73,-85.73,0,0,
08/27/2026,05:51:22:074,0.000000,0.000000,4,-124.26,-124.26,0,0,
08/27/2026,05:51:22:183,0.000000,0.000000,1,-122.67,-122.67,0,0,
08/27/2026,05:51:22:230,0.000000,0.000000,2,-124.6,-124.6,0,0,
08/27/2026,05:51:22:286,0.000000,0.000000,3,-95.77,-95.77,0,0,
08/27/2026,05:51:22:338,0.000000,0.000000,4,-123.88,-123.88,0,0,
08/27/2026,05:51:22:458,0.000000,0.000000,1,-120.65,-120.65,0,0,
08/27/2026,05:51:22:512,0.000000,0.000000,2,-124.79,-124.79,0,0,
08/27/2026,05:51:22:561,0.000000,0.000000,3,-94.36,-94.36,0,0,
08/27/2026,05:51:22:615,0.000000,0.000000,4,-122.67,-122.67,0,0,
08/27/2026,05:51:22:739,0.000000,0.000000,1,-123.39,-123.39,0,0,
08/27/2026,05:51:22:786,0.000000,0.000000,2,-123.98,-123.98,0,0,
08/27/2026,05:51:22:842,0.000000,0.000000,3,-87.02,-87.02,0,0,
08/27/2026,05:51:22:893,0.000000,0.000000,4,-119.6,-119.6,0,0,
08/27/2026,05:51:23:016,0.000000,0.000000,1,-125.22,-125.22,0,0,
08/27/2026,05:51:23:068,0.000000,0.000000,2,-124.09,-124.09,0,0,
08/27/2026,05:51:23:120,0.000000,0.000000,3,-96.13,-96.13,0,0,
08/27/2026,05:51:23:204,0.000000,0.000000,4,-122.39,-122.39,0,0,
08/27/2026,05:51:23:310,0.000000,0.000000,1,-122.54,-122.54,0,0,
08/27/2026,05:51:23:354,0.000000,0.000000,2,-123.36,-123.36,0,0,
08/27/2026,05:51:23:415,0.000000,0.000000,3,-87.2,-87.2,0,0,
08/27/2026,05:51:23:449,0.000000,0.000000,4,-122.5,-122.5,0,0,
08/27/2026,05:51:23:619,0.000000,0.000000,1,-123.53,-123.53,0,0,
08/27/2026,05:51:23:659,0.000000,0.000000,2,-123.44,-123.44,0,0,
08/27/2026,05:51:23:695,0.000000,0.000000,3,-90.83,-90.83,0,0,
08/27/2026,05:51:23:740,0.000000,0.000000,4,-121.21,-121.21,0,0,
08/27/2026,05:51:23:866,0.000000,0.000000,1,-124.31,-124.31,0,0,
08/27/2026,05:51:23:901,0.000000,0.000000,2,-123.01,-123.01,0,0,
08/27/2026,05:51:23:954,0.000000,0.000000,3,-90.6,-90.6,0,0,
08/27/2026,05:51:24:013,0.000000,0.000000,4,-123.67,-123.67,0,0,
08/27/2026,05:51:24:141,0.000000,0.000000,1,-125.38,-125.38,0,0,
08/27/2026,05:51:24:198,0.000000,0.000000,2,-124.5,-124.5,0,0,
08/27/2026,05:51:24:250,0.000000,0.000000,3,-94.3,-94.3,0,0,
08/27/2026,05:51:24:300,0.000000,0.000000,4,-121.96,-121.96,0,0,
08/27/2026,05:51:24:421,0.000000,0.000000,1,-125.89,-125.89,0,0,
08/27/2026,05:51:24:479,0.000000,0.000000,2,-126.82,-126.82,0,0,
08/27/2026,05:51:24:523,0.000000,0.000000,3,-97.19,-97.19,0,0,
08/27/2026,05:51:24:577,0.000000,0.000000,4,-122.18,-122.18,0,0,
08/27/2026,05:51:24:698,0.000000,0.000000,1,-124.57,-124.57,0,0,
08/27/2026,05:51:24:749,0.000000,0.000000,2,-124.09,-124.09,0,0,
08/27/2026,05:51:24:826,0.000000,0.000000,3,-88.5,-88.5,0,0,
08/27/2026,05:51:24:856,0.000000,0.000000,4,-124.86,-124.86,0,0,
08/27/2026,05:51:24:995,0.000000,0.000000,1,-125.99,-125.99,0,0,
08/27/2026,05:51:25:037,0.000000,0.000000,2,-124.29,-124.29,0,0,
08/27/2026,05:51:25:124,0.000000,0.000000,3,-88.8,-88.8,0,0,
08/27/2026,05:51:25:162,0.000000,0.000000,4,-123.18,-123.18,0,0,
08/27/2026,05:51:25:283,0.000000,0.000000,1,-125.3,-125.3,0,0,
08/27/2026,05:51:25:356,0.000000,0.000000,2,-122.56,-122.56,0,0,
08/27/2026,05:51:25:393,0.000000,0.000000,3,-97.55,-97.55,0,0,
08/27/2026,05:51:25:434,0.000000,0.000000,4,-123.1,-123.1,0,0,
08/27/2026,05:51:25:565,0.000000,0.000000,1,-124.72,-124.72,0,0,
08/27/2026,05:51:25:625,0.000000,0.000000,2,-124.28,-124.28,0,0,
08/27/2026,05:51:25:670,0.000000,0.000000,3,-93.15,-93.15,0,0,
08/27/2026,05:51:25:725,0.000000,0.000000,4,-124.46,-124.46,0,0,
08/27/2026,05:51:25:867,0.000000,0.000000,1,-124.62,-124.62,0,0,
08/27/2026,05:51:25:907,0.000000,0.000000,2,-127.19,-127.19,0,0,
08/27/2026,05:51:25:959,0.000000,0.000000,3,-96.47,-96.47,0,0,
08/27/2026,05:51:26:013,0.000000,0.000000,4,-124.39,-124.39,0,0,
08/27/2026,05:51:26:135,0.000000,0.000000,1,-125.48,-125.48,0,0,
08/27/2026,05:51:26:192,0.000000,0.000000,2,-122.74,-122.74,0,0,
08/27/2026,05:51:26:262,0.000000,0.000000,3,-93.72,-93.72,0,0,
08/27/2026,05:51:26:294,0.000000,0.000000,4,-124.11,-124.11,0,0,
08/27/2026,05:51:26:417,0.000000,0.000000,1,-122.12,-122.12,0,0,
08/27/2026,05:51:26:476,0.000000,0.000000,2,-123.93,-123.93,0,0,
08/27/2026,05:51:26:535,0.000000,0.000000,3,-92.72,-92.72,0,0,
08/27/2026,05:51:26:595,0.000000,0.000000,4,-122.45,-122.45,0,0,
08/27/2026,05:51:26:727,0.000000,0.000000,1,-123.1,-123.1,0,0,
08/27/2026,05:51:26:773,0.000000,0.000000,2,-123.94,-123.94,0,0,
08/27/2026,05:51:26:828,0.000000,0.000000,3,-89.1,-89.1,0,0,
08/27/2026,05:51:26:882,0.000000,0.000000,4,-125.57,-125.57,0,0,
08/27/2026,05:51:27:024,0.000000,0.000000,1,-124.64,-124.64,0,0,
08/27/2026,05:51:27:068,0.000000,0.000000,2,-123.26,-123.26,0,0,
08/27/2026,05:51:27:139,0.000000,0.000000,3,-88.33,-88.33,0,0,
08/27/2026,05:51:27:178,0.000000,0.000000,4,-123.54,-123.54,0,0,
08/27/2026,05:51:27:301,0.000000,0.000000,1,-122.49,-122.49,0,0,
08/27/2026,05:51:27:390,0.000000,0.000000,2,-125.72,-125.72,0,0,
08/27/2026,05:51:27:423,0.000000,0.000000,3,-95.36,-95.36,0,0,
08/27/2026,05:51:27:458,0.000000,0.000000,4,-122.59,-122.59,0,0,
08/27/2026,05:51:27:585,0.000000,0.000000,1,-125.56,-125.56,0,0,
08/27/2026,05:51:27:641,0.000000,0.000000,2,-126.01,-126.01,0,0,
08/27/2026,05:51:27:702,0.000000,0.000000,3,-92.96,-92.96,0,0,
08/27/2026,05:51:27:754,0.000000,0.000000,4,-120.91,-120.91,0,0,
08/27/2026,05:51:27:907,0.000000,0.000000,1,-123.84,-123.84,0,0,
08/27/2026,05:51:27:958,0.000000,0.000000,2,-125.42,-125.42,0,0,
08/27/2026,05:51:28:024,0.000000,0.000000,3,-92.2,-92.2,0,0,
08/27/2026,05:51:28:080,0.000000,0.000000,4,-123.56,-123.56,0,0,
08/27/2026,05:51:28:203,0.000000,0.000000,1,-123.8,-123.8,0,0,
08/27/2026,05:51:28:259,0.000000,0.000000,2,-123.8,-123.8,0,0,
08/27/2026,05:51:28:330,0.000000,0.000000,3,-95.13,-95.13,0,0,
08/27/2026,05:51:28:364,0.000000,0.000000,4,-124.17,-124.17,0,0,
08/27/2026,05:51:28:483,0.000000,0.000000,1,-123.12,-123.12,0,0,
08/27/2026,05:51:28:546,0.000000,0.000000,2,-124.45,-124.45,0,0,
08/27/2026,05:51:28:607,0.000000,0.000000,3,-93.38,-93.38,0,0,
08/27/2026,05:51:28:662,0.000000,0.000000,4,-121.21,-121.21,0,0,
08/27/2026,05:51:28:791,0.000000,0.000000,1,-124.45,-124.45,0,0,
08/27/2026,05:51:28:836,0.000000,0.000000,2,-125.4,-125.4,0,0,
08/27/2026,05:51:28:898,0.000000,0.000000,3,-88.59,-88.59,0,0,
08/27/2026,05:51:28:962,0.000000,0.000000,4,-121.74,-121.74,0,0,
08/27/2026,05:51:29:089,0.000000,0.000000,1,-123.52,-123.52,0,0,
08/27/2026,05:51:29:128,0.000000,0.000000,2,-123.03,-123.03,0,0,
08/27/2026,05:51:29:199,0.000000,0.000000,3,-85.51,-85.51,0,0,
08/27/2026,05:51:29:229,0.000000,0.000000,4,-124.39,-124.39,0,0,
08/27/2026,05:51:29:354,0.000000,0.000000,1,-124.37,-124.37,0,0,
08/27/2026,05:51:29:407,0.000000,0.000000,2,-122.91,-122.91,0,0,
08/27/2026,05:51:29:458,0.000000,0.000000,3,-93.39,-93.39,0,0,
08/27/2026,05:51:29:510,0.000000,0.000000,4,-121.59,-121.59,0,0,
08/27/2026,05:51:29:639,0.000000,0.000000,1,-123.54,-123.54,0,0,
08/27/2026,05:51:29:700,0.000000,0.000000,2,-125.91,-125.91,0,0,
08/27/2026,05:51:29:745,0.000000,0.000000,3,-90.6,-90.6,0,0,
08/27/2026,05:51:29:797,0.000000,0.000000,4,-121.01,-121.01,0,0,
08/27/2026,05:51:29:947,0.000000,0.000000,1,-123.41,-123.41,0,0,
08/27/2026,05:51:29:986,0.000000,0.000000,2,-123.26,-123.26,0,0,
08/27/2026,05:51:30:119,0.000000,0.000000,3,-89.22,-89.22,0,0,
08/27/2026,05:51:30:126,0.000000,0.000000,4,-124.58,-124.58,0,0,
08/27/2026,05:51:30:218,0.000000,0.000000,1,-122.69,-122.69,0,0,
08/27/2026,05:51:30:281,0.000000,0.000000,2,-124.77,-124.77,0,0,
08/27/2026,05:51:30:343,0.000000,0.000000,3,-94.7,-94.7,0,0,
08/27/2026,05:51:30:400,0.000000,0.000000,4,-120.61,-120.61,0,0,
08/27/2026,05:51:30:526,0.000000,0.000000,1,-120.54,-120.54,0,0,
08/27/2026,05:51:30:582,0.000000,0.000000,2,-122.07,-122.07,0,0,
08/27/2026,05:51:30:633,0.000000,0.000000,3,-93.45,-93.45,0,0,
08/27/2026,05:51:30:691,0.000000,0.000000,4,-123.38,-123.38,0,0,
08/27/2026,05:51:30:820,0.000000,0.000000,1,-124.97,-124.97,0,0,
08/27/2026,05:51:30:884,0.000000,0.000000,2,-124.42,-124.42,0,0,
08/27/2026,05:51:30:929,0.000000,0.000000,3,-89.94,-89.94,0,0,
08/27/2026,05:51:30:978,0.000000,0.000000,4,-123.92,-123.92,0,0,
08/27/2026,05:51:31:103,0.000000,0.000000,1,-124.15,-124.15,0,0,
08/27/2026,05:51:31:149,0.000000,0.000000,2,-123.36,-123.36,0,0,
08/27/2026,05:51:31:211,0.000000,0.000000,3,-97.61,-97.61,0,0,
08/27/2026,05:51:31:259,0.000000,0.000000,4,-123.22,-123.22,0,0,
08/27/2026,05:51:31:376,0.000000,0.000000,1,-122,-122,0,0,
08/27/2026,05:51:31:426,0.000000,0.000000,2,-124.54,-124.54,0,0,
08/27/2026,05:51:31:486,0.000000,0.000000,3,-91,-91,0,0,
08/27/2026,05:51:31:539,0.000000,0.000000,4,-121.33,-121.33,0,0,
08/27/2026,05:51:31:670,0.000000,0.000000,1,-123.69,-123.69,0,0,
08/27/2026,05:51:31:713,0.000000,0.000000,2,-122.93,-122.93,0,0,
08/27/2026,05:51:31:762,0.000000,0.000000,3,-98.44,-98.44,0,0,
08/27/2026,05:51:31:811,0.000000,0.000000,4,-122.23,-122.23,0,0,
08/27/2026,05:51:31:938,0.000000,0.000000,1,-123.91,-123.91,0,0,
08/27/2026,05:51:31:983,0.000000,0.000000,2,-124.3,-124.3,0,0,
08/27/2026,05:51:32:047,0.000000,0.000000,3,-93.65,-93.65,0,0,
08/27/2026,05:51:32:104,0.000000,0.000000,4,-122.61,-122.61,0,0,
08/27/2026,05:51:32:229,0.000000,0.000000,1,-124.7,-124.7,0,0,
08/27/2026,05:51:32:283,0.000000,0.000000,2,-124.97,-124.97,0,0,
08/27/2026,05:51:32:339,0.000000,0.000000,3,-95.67,-95.67,0,0,
08/27/2026,05:51:32:388,0.000000,0.000000,4,-125,-125,0,0,
08/27/2026,05:51:32:507,0.000000,0.000000,1,-124.24,-124.24,0,0,
08/27/2026,05:51:32:598,0.000000,0.000000,2,-125.62,-125.62,0,0,
08/27/2026,05:51:32:633,0.000000,0.000000,3,-95.23,-95.23,0,0,
08/27/2026,05:51:32:681,0.000000,0.000000,4,-122.11,-122.11,0,0,
08/27/2026,05:51:32:788,0.000000,0.000000,1,-125.33,-125.33,0,0,
08/27/2026,05:51:32:859,0.000000,0.000000,2,-126.77,-126.77,0,0,
08/27/2026,05:51:32:895,0.000000,0.000000,3,-96.1,-96.1,0,0,
08/27/2026,05:51:32:946,0.000000,0.000000,4,-121.58,-121.58,0,0,
08/27/2026,05:51:33:073,0.000000,0.000000,1,-122.12,-122.12,0,0,
08/27/2026,05:51:33:123,0.000000,0.000000,2,-125.67,-125.67,0,0,
08/27/2026,05:51:33:175,0.000000,0.000000,3,-86.64,-86.64,0,0,
08/27/2026,05:51:33:234,0.000000,0.000000,4,-123.83,-123.83,0,0,
08/27/2026,05:51:33:346,0.000000,0.000000,1,-123.81,-123.81,0,0,
08/27/2026,05:51:33:401,0.000000,0.000000,2,-124.32,-124.32,0,0,
08/27/2026,05:51:33:449,0.000000,0.000000,3,-92.74,-92.74,0,0,
08/27/2026,05:51:33:522,0.000000,0.000000,4,-124.99,-124.99,0,0,
08/27/2026,05:51:33:629,0.000000,0.000000,1,-125.36,-125.36,0,0,
08/27/2026,05:51:33:683,0.000000,0.000000,2,-124.1,-124.1,0,0,
08/27/2026,05:51:33:737,0.000000,0.000000,3,-96.63,-96.63,0,0,
08/27/2026,05:51:33:787,0.000000,0.000000,4,-124,-124,0,0,
08/27/2026,05:51:33:906,0.000000,0.000000,1,-121.28,-121.28,0,0,
08/27/2026,05:51:33:955,0.000000,0.000000,2,-124.72,-124.72,0,0,
08/27/2026,05:51:34:017,0.000000,0.000000,3,-91.61,-91.61,0,0,
08/27/2026,05:51:34:070,0.000000,0.000000,4,-122.38,-122.38,0,0,
08/27/2026,05:51:34:185,0.000000,0.000000,1,-122.68,-122.68,0,0,
08/27/2026,05:51:34:234,0.000000,0.000000,2,-123.62,-123.62,0,0,
08/27/2026,05:51:34:296,0.000000,0.000000,3,-97.94,-97.94,0,0,
08/27/2026,05:51:34:339,0.000000,0.000000,4,-122.41,-122.41,0,0,
08/27/2026,05:51:34:472,0.000000,0.000000,1,-122.67,-122.67,0,0,
08/27/2026,05:51:34:515,0.000000,0.000000,2,-121.88,-121.88,0,0,
08/27/2026,05:51:34:585,0.000000,0.000000,3,-98.42,-98.42,0,0,
08/27/2026,05:51:34:625,0.000000,0.000000,4,-122.56,-122.56,0,0,
08/27/2026,05:51:34:771,0.000000,0.000000,1,-125.41,-125.41,0,0,
08/27/2026,05:51:34:793,0.000000,0.000000,2,-124.04,-124.04,0,0,
08/27/2026,05:51:34:847,0.000000,0.000000,3,-95.51,-95.51,0,0,
08/27/2026,05:51:34:907,0.000000,0.000000,4,-122.68,-122.68,0,0,
08/27/2026,05:51:35:037,0.000000,0.000000,1,-122.68,-122.68,0,0,
08/27/2026,05:51:35:071,0.000000,0.000000,2,-124.22,-124.22,0,0,
08/27/2026,05:51:35:133,0.000000,0.000000,3,-91.72,-91.72,0,0,
08/27/2026,05:51:35:261,0.000000,0.000000,4,-123.94,-123.94,0,0,
08/27/2026,05:51:35:300,0.000000,0.000000,1,-123.32,-123.32,0,0,
08/27/2026,05:51:35:352,0.000000,0.000000,2,-126.33,-126.33,0,0,
08/27/2026,05:51:35:404,0.000000,0.000000,3,-91.76,-91.76,0,0,
08/27/2026,05:51:35:459,0.000000,0.000000,4,-123.05,-123.05,0,0,
08/27/2026,05:51:35:578,0.000000,0.000000,1,-123.36,-123.36,0,0,
08/27/2026,05:51:35:633,0.000000,0.000000,2,-124.48,-124.48,0,0,
08/27/2026,05:51:35:691,0.000000,0.000000,3,-92.88,-92.88,0,0,
08/27/2026,05:51:35:736,0.000000,0.000000,4,-122.74,-122.74,0,0,
08/27/2026,05:51:35:863,0.000000,0.000000,1,-125.41,-125.41,0,0,
08/27/2026,05:51:35:913,0.000000,0.000000,2,-124.25,-124.25,0,0,
08/27/2026,05:51:35:961,0.000000,0.000000,3,-94.54,-94.54,0,0,
08/27/2026,05:51:36:014,0.000000,0.000000,4,-124.47,-124.47,0,0,
08/27/2026,05:51:36:137,0.000000,0.000000,1,-123.91,-123.91,0,0,
08/27/2026,05:51:36:189,0.000000,0.000000,2,-123.87,-123.87,0,0,
08/27/2026,05:51:36:239,0.000000,0.000000,3,-98.4,-98.4,0,0,
08/27/2026,05:51:36:293,0.000000,0.000000,4,-122.58,-122.58,0,0,
08/27/2026,05:51:36:423,0.000000,0.000000,1,-124.81,-124.81,0,0,
08/27/2026,05:51:36:496,0.000000,0.000000,2,-122.22,-122.22,0,0,
08/27/2026,05:51:36:532,0.000000,0.000000,3,-97.81,-97.81,0,0,
08/27/2026,05:51:36:573,0.000000,0.000000,4,-121.17,-121.17,0,0,
08/27/2026,05:51:36:706,0.000000,0.000000,1,-122.53,-122.53,0,0,
08/27/2026,05:51:36:747,0.000000,0.000000,2,-123.15,-123.15,0,0,
08/27/2026,05:51:36:810,0.000000,0.000000,3,-92.08,-92.08,0,0,
08/27/2026,05:51:36:853,0.000000,0.000000,4,-122.95,-122.95,0,0,
08/27/2026,05:51:36:975,0.000000,0.000000,1,-122.96,-122.96,0,0,
08/27/2026,05:51:37:025,0.000000,0.000000,2,-124.34,-124.34,0,0,
08/27/2026,05:51:37:074,0.000000,0.000000,3,-94.67,-94.67,0,0,
08/27/2026,05:51:37:132,0.000000,0.000000,4,-123.2,-123.2,0,0,
08/27/2026,05:51:37:280,0.000000,0.000000,1,-122.34,-122.34,0,0,
08/27/2026,05:51:37:305,0.000000,0.000000,2,-124.45,-124.45,0,0,
08/27/2026,05:51:37:366,0.000000,0.000000,3,-95.1,-95.1,0,0,
08/27/2026,05:51:37:408,0.000000,0.000000,4,-122,-122,0,0,
08/27/2026,05:51:37:527,0.000000,0.000000,1,-125.25,-125.25,0,0,
08/27/2026,05:51:37:621,0.000000,0.000000,2,-124.74,-124.74,0,0,
08/27/2026,05:51:37:633,0.000000,0.000000,3,-91.58,-91.58,0,0,
08/27/2026,05:51:37:688,0.000000,0.000000,4,-122.94,-122.94,0,0,
08/27/2026,05:51:37:805,0.000000,0.000000,1,-124.27,-124.27,0,0,
08/27/2026,05:51:37:867,0.000000,0.000000,2,-124.14,-124.14,0,0,
08/27/2026,05:51:37:915,0.000000,0.000000,3,-94.37,-94.37,0,0,
08/27/2026,05:51:37:967,0.000000,0.000000,4,-122.07,-122.07,0,0,
08/27/2026,05:51:38:084,0.000000,0.000000,1,-122.02,-122.02,0,0,
08/27/2026,05:51:38:144,0.000000,0.000000,2,-123.7,-123.7,0,0,
08/27/2026,05:51:38:190,0.000000,0.000000,3,-94.09,-94.09,0,0,
08/27/2026,05:51:38:265,0.000000,0.000000,4,-123.73,-123.73,0,0,
08/27/2026,05:51:38:384,0.000000,0.000000,1,-122.25,-122.25,0,0,
08/27/2026,05:51:38:428,0.000000,0.000000,2,-124.81,-124.81,0,0,
08/27/2026,05:51:38:471,0.000000,0.000000,3,-96.17,-96.17,0,0,
08/27/2026,05:51:38:566,0.000000,0.000000,4,-123.22,-123.22,0,0,
08/27/2026,05:51:38:647,0.000000,0.000000,1,-122.82,-122.82,0,0,
08/27/2026,05:51:38:695,0.000000,0.000000,2,-125.16,-125.16,0,0,
08/27/2026,05:51:38:768,0.000000,0.000000,3,-91.97,-91.97,0,0,
08/27/2026,05:51:38:808,0.000000,0.000000,4,-122.94,-122.94,0,0,
08/27/2026,05:51:38:926,0.000000,0.000000,1,-123.72,-123.72,0,0,
08/27/2026,05:51:38:981,0.000000,0.000000,2,-124.15,-124.15,0,0,
08/27/2026,05:51:39:035,0.000000,0.000000,3,-92.35,-92.35,0,0,
08/27/2026,05:51:39:084,0.000000,0.000000,4,-121.52,-121.52,0,0,
08/27/2026,05:51:39:200,0.000000,0.000000,1,-124.67,-124.67,0,0,
08/27/2026,05:51:39:253,0.000000,0.000000,2,-122.65,-122.65,0,0,
08/27/2026,05:51:39:306,0.000000,0.000000,3,-92.69,-92.69,0,0,
08/27/2026,05:51:39:358,0.000000,0.000000,4,-123.56,-123.56,0,0,
08/27/2026,05:51:39:482,0.000000,0.000000,1,-124.79,-124.79,0,0,
08/27/2026,05:51:39:540,0.000000,0.000000,2,-124.67,-124.67,0,0,
08/27/2026,05:51:39:584,0.000000,0.000000,3,-99.46,-99.46,0,0,
08/27/2026,05:51:39:642,0.000000,0.000000,4,-122.07,-122.07,0,0,
08/27/2026,05:51:39:759,0.000000,0.000000,1,-125.18,-125.18,0,0,
08/27/2026,05:51:39:843,0.000000,0.000000,2,-126.16,-126.16,0,0,
08/27/2026,05:51:39:869,0.000000,0.000000,3,-95.14,-95.14,0,0,
08/27/2026,05:51:39:933,0.000000,0.000000,4,-125.92,-125.92,0,0,
08/27/2026,05:51:40:052,0.000000,0.000000,1,-124.29,-124.29,0,0,
08/27/2026,05:51:40:088,0.000000,0.000000,2,-123.57,-123.57,0,0,
08/27/2026,05:51:40:211,0.000000,0.000000,3,-97.27,-97.27,0,0,
08/27/2026,05:51:40:223,0.000000,0.000000,4,-121.23,-121.23,0,0,
08/27/2026,05:51:40:408,0.000000,0.000000,1,-126.07,-126.07,0,0,
08/27/2026,05:51:40:414,0.000000,0.000000,2,-125.49,-125.49,0,0,
08/27/2026,05:51:40:423,0.000000,0.000000,3,-97.37,-97.37,0,0,
08/27/2026,05:51:40:481,0.000000,0.000000,4,-120.95,-120.95,0,0,
08/27/2026,05:51:40:594,0.000000,0.000000,1,-123.32,-123.32,0,0,
08/27/2026,05:51:40:647,0.000000,0.000000,2,-122.7,-122.7,0,0,
08/27/2026,05:51:40:702,0.000000,0.000000,3,-93.92,-93.92,0,0,
08/27/2026,05:51:40:772,0.000000,0.000000,4,-123.42,-123.42,0,0,
08/27/2026,05:51:40:880,0.000000,0.000000,1,-123.01,-123.01,0,0,
08/27/2026,05:51:40:928,0.000000,0.000000,2,-124.52,-124.52,0,0,
08/27/2026,05:51:40:983,0.000000,0.000000,3,-94.56,-94.56,0,0,
08/27/2026,05:51:41:037,0.000000,0.000000,4,-123.11,-123.11,0,0,
08/27/2026,05:51:41:155,0.000000,0.000000,1,-123.28,-123.28,0,0,
08/27/2026,05:51:41:213,0.000000,0.000000,2,-123.48,-123.48,0,0,
08/27/2026,05:51:41:272,0.000000,0.000000,3,-102.11,-102.11,0,0,
08/27/2026,05:51:41:310,0.000000,0.000000,4,-124.18,-124.18,0,0,
08/27/2026,05:51:41:469,0.000000,0.000000,1,-124.09,-124.09,0,0,
08/27/2026,05:51:41:486,0.000000,0.000000,2,-124.55,-124.55,0,0,
08/27/2026,05:51:41:538,0.000000,0.000000,3,-89.89,-89.89,0,0,
08/27/2026,05:51:41:600,0.000000,0.000000,4,-124.52,-124.52,0,0,
08/27/2026,05:51:41:710,0.000000,0.000000,1,-125.87,-125.87,0,0,
08/27/2026,05:51:41:763,0.000000,0.000000,2,-123.48,-123.48,0,0,
08/27/2026,05:51:41:819,0.000000,0.000000,3,-104.08,-104.08,0,0,
08/27/2026,05:51:41:867,0.000000,0.000000,4,-126.68,-126.68,0,0,
08/27/2026,05:51:42:006,0.000000,0.000000,1,-125.22,-125.22,0,0,
08/27/2026,05:51:42:047,0.000000,0.000000,2,-125,-125,0,0,
08/27/2026,05:51:42:119,0.000000,0.000000,3,-100.85,-100.85,0,0,
08/27/2026,05:51:42:160,0.000000,0.000000,4,-124.12,-124.12,0,0,
08/27/2026,05:51:42:276,0.000000,0.000000,1,-126.95,-126.95,0,0,
08/27/2026,05:51:42:322,0.000000,0.000000,2,-124.58,-124.58,0,0,
08/27/2026,05:51:42:372,0.000000,0.000000,3,-97.55,-97.55,0,0,
08/27/2026,05:51:42:433,0.000000,0.000000,4,-122.21,-122.21,0,0,
08/27/2026,05:51:42:545,0.000000,0.000000,1,-123.25,-123.25,0,0,
08/27/2026,05:51:42:598,0.000000,0.000000,2,-125.35,-125.35,0,0,
08/27/2026,05:51:42:652,0.000000,0.000000,3,-99.69,-99.69,0,0,
08/27/2026,05:51:42:710,0.000000,0.000000,4,-122.93,-122.93,0,0,
08/27/2026,05:51:42:824,0.000000,0.000000,1,-125.27,-125.27,0,0,
08/27/2026,05:51:42:877,0.000000,0.000000,2,-124.29,-124.29,0,0,
08/27/2026,05:51:42:942,0.000000,0.000000,3,-90.42,-90.42,0,0,
08/27/2026,05:51:42:989,0.000000,0.000000,4,-124.5,-124.5,0,0,
08/27/2026,05:51:43:110,0.000000,0.000000,1,-124.36,-124.36,0,0,
08/27/2026,05:51:43:160,0.000000,0.000000,2,-122.49,-122.49,0,0,
08/27/2026,05:51:43:213,0.000000,0.000000,3,-94.06,-94.06,0,0,
08/27/2026,05:51:43:265,0.000000,0.000000,4,-124.83,-124.83,0,0,
08/27/2026,05:51:43:389,0.000000,0.000000,1,-123.72,-123.72,0,0,
08/27/2026,05:51:43:434,0.000000,0.000000,2,-126.33,-126.33,0,0,
08/27/2026,05:51:43:493,0.000000,0.000000,3,-99.2,-99.2,0,0,
08/27/2026,05:51:43:545,0.000000,0.000000,4,-122.76,-122.76,0,0,
08/27/2026,05:51:43:682,0.000000,0.000000,1,-125.03,-125.03,0,0,
08/27/2026,05:51:43:714,0.000000,0.000000,2,-124.53,-124.53,0,0,
08/27/2026,05:51:43:794,0.000000,0.000000,3,-98.58,-98.58,0,0,
08/27/2026,05:51:43:834,0.000000,0.000000,4,-123.42,-123.42,0,0,
08/27/2026,05:51:43:942,0.000000,0.000000,1,-124.76,-124.76,0,0,
08/27/2026,05:51:44:017,0.000000,0.000000,2,-122.39,-122.39,0,0,
08/27/2026,05:51:44:052,0.000000,0.000000,3,-100.35,-100.35,0,0,
08/27/2026,05:51:44:100,0.000000,0.000000,4,-122.82,-122.82,0,0,
08/27/2026,05:51:44:220,0.000000,0.000000,1,-124.7,-124.7,0,0,
08/27/2026,05:51:44:277,0.000000,0.000000,2,-125.85,-125.85,0,0,
08/27/2026,05:51:44:329,0.000000,0.000000,3,-98.69,-98.69,0,0,
08/27/2026,05:51:44:377,0.000000,0.000000,4,-119.72,-119.72,0,0,
08/27/2026,05:51:44:504,0.000000,0.000000,1,-122.57,-122.57,0,0,
08/27/2026,05:51:44:557,0.000000,0.000000,2,-127.7,-127.7,0,0,
08/27/2026,05:51:44:606,0.000000,0.000000,3,-99.88,-99.88,0,0,
08/27/2026,05:51:44:660,0.000000,0.000000,4,-124.1,-124.1,0,0,
08/27/2026,05:51:44:777,0.000000,0.000000,1,-121.39,-121.39,0,0,
08/27/2026,05:51:44:832,0.000000,0.000000,2,-126.47,-126.47,0,0,
08/27/2026,05:51:44:886,0.000000,0.000000,3,-92.18,-92.18,0,0,
08/27/2026,05:51:44:963,0.000000,0.000000,4,-123.5,-123.5,0,0,
08/27/2026,05:51:45:060,0.000000,0.000000,1,-124.76,-124.76,0,0,
08/27/2026,05:51:45:114,0.000000,0.000000,2,-124.13,-124.13,0,0,
08/27/2026,05:51:45:165,0.000000,0.000000,3,-96.89,-96.89,0,0,
08/27/2026,05:51:45:218,0.000000,0.000000,4,-122.08,-122.08,0,0,
08/27/2026,05:51:45:340,0.000000,0.000000,1,-122.6,-122.6,0,0,
08/27/2026,05:51:45:396,0.000000,0.000000,2,-125.35,-125.35,0,0,
08/27/2026,05:51:45:550,0.000000,0.000000,3,-93.45,-93.45,0,0,
08/27/2026,05:51:45:554,0.000000,0.000000,4,-124.27,-124.27,0,0,
08/27/2026,05:51:45:619,0.000000,0.000000,1,-124.83,-124.83,0,0,
08/27/2026,05:51:45:683,0.000000,0.000000,2,-125.63,-125.63,0,0,
08/27/2026,05:51:45:719,0.000000,0.000000,3,-106.27,-106.27,0,0,
08/27/2026,05:51:45:796,0.000000,0.000000,4,-121.94,-121.94,0,0,
08/27/2026,05:51:45:912,0.000000,0.000000,1,-121.25,-121.25,0,0,
08/27/2026,05:51:45:953,0.000000,0.000000,2,-125.75,-125.75,0,0,
08/27/2026,05:51:45:999,0.000000,0.000000,3,-107.47,-107.47,0,0,
08/27/2026,05:51:46:054,0.000000,0.000000,4,-120.46,-120.46,0,0,
08/27/2026,05:51:46:175,0.000000,0.000000,1,-122.75,-122.75,0,0,
08/27/2026,05:51:46:238,0.000000,0.000000,2,-124.03,-124.03,0,0,
08/27/2026,05:51:46:276,0.000000,0.000000,3,-105.08,-105.08,0,0,
08/27/2026,05:51:46:329,0.000000,0.000000,4,-123.7,-123.7,0,0,
08/27/2026,05:51:46:451,0.000000,0.000000,1,-122.98,-122.98,0,0,
08/27/2026,05:51:46:507,0.000000,0.000000,2,-125.19,-125.19,0,0,
08/27/2026,05:51:46:569,0.000000,0.000000,3,-99.68,-99.68,0,0,
08/27/2026,05:51:46:609,0.000000,0.000000,4,-121.81,-121.81,0,0,
08/27/2026,05:51:46:744,0.000000,0.000000,1,-125.94,-125.94,0,0,
08/27/2026,05:51:46:786,0.000000,0.000000,2,-123.34,-123.34,0,0,
08/27/2026,05:51:46:833,0.000000,0.000000,3,-96.05,-96.05,0,0,
08/27/2026,05:51:46:886,0.000000,0.000000,4,-121.36,-121.36,0,0,
08/27/2026,05:51:47:017,0.000000,0.000000,1,-127.02,-127.02,0,0,
08/27/2026,05:51:47:077,0.000000,0.000000,2,-124.08,-124.08,0,0,
08/27/2026,05:51:47:114,0.000000,0.000000,3,-100.71,-100.71,0,0,
08/27/2026,05:51:47:167,0.000000,0.000000,4,-124.8,-124.8,0,0,
08/27/2026,05:51:47:287,0.000000,0.000000,1,-123.99,-123.99,0,0,
08/27/2026,05:51:47:344,0.000000,0.000000,2,-123.99,-123.99,0,0,
08/27/2026,05:51:47:391,0.000000,0.000000,3,-102.24,-102.24,0,0,
08/27/2026,05:51:47:446,0.000000,0.000000,4,-122.9,-122.9,0,0,
08/27/2026,05:51:47:564,0.000000,0.000000,1,-124.02,-124.02,0,0,
08/27/2026,05:51:47:620,0.000000,0.000000,2,-127.31,-127.31,0,0,
08/27/2026,05:51:47:698,0.000000,0.000000,3,-93.61,-93.61,0,0,
08/27/2026,05:51:47:735,0.000000,0.000000,4,-121.74,-121.74,0,0,
08/27/2026,05:51:47:854,0.000000,0.000000,1,-124.63,-124.63,0,0,
08/27/2026,05:51:47:897,0.000000,0.000000,2,-124.19,-124.19,0,0,
08/27/2026,05:51:47:950,0.000000,0.000000,3,-102.75,-102.75,0,0,
08/27/2026,05:51:48:006,0.000000,0.000000,4,-122.33,-122.33,0,0,
08/27/2026,05:51:48:125,0.000000,0.000000,1,-125.56,-125.56,0,0,
08/27/2026,05:51:48:178,0.000000,0.000000,2,-124.97,-124.97,0,0,
08/27/2026,05:51:48:232,0.000000,0.000000,3,-97,-97,0,0,
08/27/2026,05:51:48:283,0.000000,0.000000,4,-123.66,-123.66,0,0,
08/27/2026,05:51:48:404,0.000000,0.000000,1,-123.21,-123.21,0,0,
08/27/2026,05:51:48:454,0.000000,0.000000,2,-123.96,-123.96,0,0,
08/27/2026,05:51:48:508,0.000000,0.000000,3,-99.83,-99.83,0,0,
08/27/2026,05:51:48:565,0.000000,0.000000,4,-123.29,-123.29,0,0,
08/27/2026,05:51:48:688,0.000000,0.000000,1,-122.98,-122.98,0,0,
08/27/2026,05:51:48:735,0.000000,0.000000,2,-124.05,-124.05,0,0,
08/27/2026,05:51:48:798,0.000000,0.000000,3,-97.4,-97.4,0,0,
08/27/2026,05:51:48:843,0.000000,0.000000,4,-121.11,-121.11,0,0,
08/27/2026,05:51:48:962,0.000000,0.000000,1,-123.14,-123.14,0,0,
08/27/2026,05:51:49:018,0.000000,0.000000,2,-126.7,-126.7,0,0,
08/27/2026,05:51:49:065,0.000000,0.000000,3,-102.77,-102.77,0,0,
08/27/2026,05:51:49:157,0.000000,0.000000,4,-123.12,-123.12,0,0,
08/27/2026,05:51:49:243,0.000000,0.000000,1,-121.98,-121.98,0,0,
08/27/2026,05:51:49:330,0.000000,0.000000,2,-124.17,-124.17,0,0,
08/27/2026,05:51:49:361,0.000000,0.000000,3,-90.12,-90.12,0,0,
08/27/2026,05:51:49:399,0.000000,0.000000,4,-123.43,-123.43,0,0,
08/27/2026,05:51:49:527,0.000000,0.000000,1,-125.84,-125.84,0,0,
08/27/2026,05:51:49:569,0.000000,0.000000,2,-125.01,-125.01,0,0,
08/27/2026,05:51:49:630,0.000000,0.000000,3,-103.61,-103.61,0,0,
08/27/2026,05:51:49:685,0.000000,0.000000,4,-122.4,-122.4,0,0,
08/27/2026,05:51:49:799,0.000000,0.000000,1,-124.8,-124.8,0,0,
08/27/2026,05:51:49:854,0.000000,0.000000,2,-125.22,-125.22,0,0,
08/27/2026,05:51:49:902,0.000000,0.000000,3,-89.53,-89.53,0,0,
08/27/2026,05:51:49:955,0.000000,0.000000,4,-122.42,-122.42,0,0,
08/27/2026,05:51:50:086,0.000000,0.000000,1,-123.04,-123.04,0,0,
08/27/2026,05:51:50:135,0.000000,0.000000,2,-123.51,-123.51,0,0,
08/27/2026,05:51:50:185,0.000000,0.000000,3,-105.38,-105.38,0,0,
08/27/2026,05:51:50:233,0.000000,0.000000,4,-123.39,-123.39,0,0,
08/27/2026,05:51:50:356,0.000000,0.000000,1,-125.26,-125.26,0,0,
08/27/2026,05:51:50:425,0.000000,0.000000,2,-122.52,-122.52,0,0,
08/27/2026,05:51:50:462,0.000000,0.000000,3,-98.51,-98.51,0,0,
08/27/2026,05:51:50:513,0.000000,0.000000,4,-122.31,-122.31,0,0,
08/27/2026,05:51:50:704,0.000000,0.000000,1,-124.46,-124.46,0,0,
08/27/2026,05:51:50:721,0.000000,0.000000,2,-125.08,-125.08,0,0,
08/27/2026,05:51:50:745,0.000000,0.000000,3,-99.89,-99.89,0,0,
08/27/2026,05:51:50:791,0.000000,0.000000,4,-122.28,-122.28,0,0,
08/27/2026,05:51:50:915,0.000000,0.000000,1,-124.24,-124.24,0,0,
08/27/2026,05:51:50:967,0.000000,0.000000,2,-122.33,-122.33,0,0,
08/27/2026,05:51:51:025,0.000000,0.000000,3,-98.52,-98.52,0,0,
08/27/2026,05:51:51:073,0.000000,0.000000,4,-121.45,-121.45,0,0,
08/27/2026,05:51:51:204,0.000000,0.000000,1,-126.47,-126.47,0,0,
08/27/2026,05:51:51:247,0.000000,0.000000,2,-124.27,-124.27,0,0,
08/27/2026,05:51:51:317,0.000000,0.000000,3,-98.1,-98.1,0,0,
08/27/2026,05:51:51:356,0.000000,0.000000,4,-122,-122,0,0,
08/27/2026,05:51:51:473,0.000000,0.000000,1,-123.69,-123.69,0,0,
08/27/2026,05:51:51:525,0.000000,0.000000,2,-125.45,-125.45,0,0,
08/27/2026,05:51:51:577,0.000000,0.000000,3,-92.85,-92.85,0,0,
08/27/2026,05:51:51:642,0.000000,0.000000,4,-124.05,-124.05,0,0,
08/27/2026,05:51:51:754,0.000000,0.000000,1,-123.72,-123.72,0,0,
08/27/2026,05:51:51:805,0.000000,0.000000,2,-123.5,-123.5,0,0,
08/27/2026,05:51:51:856,0.000000,0.000000,3,-97.15,-97.15,0,0,
08/27/2026,05:51:51:907,0.000000,0.000000,4,-122.7,-122.7,0,0,
08/27/2026,05:51:52:026,0.000000,0.000000,1,-124.61,-124.61,0,0,
08/27/2026,05:51:52:083,0.000000,0.000000,2,-124.45,-124.45,0,0,
08/27/2026,05:51:52:134,0.000000,0.000000,3,-93.69,-93.69,0,0,
08/27/2026,05:51:52:188,0.000000,0.000000,4,-123.52,-123.52,0,0,
08/27/2026,05:51:52:305,0.000000,0.000000,1,-125.9,-125.9,0,0,
08/27/2026,05:51:52:361,0.000000,0.000000,2,-126.57,-126.57,0,0,
08/27/2026,05:51:52:423,0.000000,0.000000,3,-90.46,-90.46,0,0,
08/27/2026,05:51:52:466,0.000000,0.000000,4,-124.08,-124.08,0,0,
08/27/2026,05:51:52:587,0.000000,0.000000,1,-123.86,-123.86,0,0,
08/27/2026,05:51:52:642,0.000000,0.000000,2,-124.68,-124.68,0,0,
08/27/2026,05:51:52:703,0.000000,0.000000,3,-100.94,-100.94,0,0,
08/27/2026,05:51:52:748,0.000000,0.000000,4,-124.13,-124.13,0,0,
08/27/2026,05:51:52:872,0.000000,0.000000,1,-124.65,-124.65,0,0,
08/27/2026,05:51:52:921,0.000000,0.000000,2,-124.36,-124.36,0,0,
08/27/2026,05:51:52:993,0.000000,0.000000,3,-100.49,-100.49,0,0,
08/27/2026,05:51:53:028,0.000000,0.000000,4,-120.43,-120.43,0,0,
08/27/2026,05:51:53:141,0.000000,0.000000,1,-123.94,-123.94,0,0,
08/27/2026,05:51:53:212,0.000000,0.000000,2,-124.35,-124.35,0,0,
08/27/2026,05:51:53:253,0.000000,0.000000,3,-96.32,-96.32,0,0,
08/27/2026,05:51:53:303,0.000000,0.000000,4,-123.97,-123.97,0,0,
08/27/2026,05:51:53:422,0.000000,0.000000,1,-122.78,-122.78,0,0,
08/27/2026,05:51:53:477,0.000000,0.000000,2,-124.84,-124.84,0,0,
08/27/2026,05:51:53:531,0.000000,0.000000,3,-94.07,-94.07,0,0,
08/27/2026,05:51:53:591,0.000000,0.000000,4,-124.31,-124.31,0,0,
08/27/2026,05:51:53:700,0.000000,0.000000,1,-125.96,-125.96,0,0,
08/27/2026,05:51:53:754,0.000000,0.000000,2,-126.75,-126.75,0,0,
08/27/2026,05:51:53:808,0.000000,0.000000,3,-97.79,-97.79,0,0,
08/27/2026,05:51:53:866,0.000000,0.000000,4,-122.88,-122.88,0,0,
08/27/2026,05:51:53:982,0.000000,0.000000,1,-121.52,-121.52,0,0,
08/27/2026,05:51:54:031,0.000000,0.000000,2,-123.39,-123.39,0,0,
08/27/2026,05:51:54:085,0.000000,0.000000,3,-101.95,-101.95,0,0,
08/27/2026,05:51:54:167,0.000000,0.000000,4,-123.31,-123.31,0,0,
08/27/2026,05:51:54:266,0.000000,0.000000,1,-125.1,-125.1,0,0,
08/27/2026,05:51:54:313,0.000000,0.000000,2,-124.14,-124.14,0,0,
08/27/2026,05:51:54:365,0.000000,0.000000,3,-92.52,-92.52,0,0,
08/27/2026,05:51:54:427,0.000000,0.000000,4,-123.54,-123.54,0,0,
08/27/2026,05:51:54:545,0.000000,0.000000,1,-124.14,-124.14,0,0,
08/27/2026,05:51:54:606,0.000000,0.000000,2,-124.79,-124.79,0,0,
08/27/2026,05:51:54:641,0.000000,0.000000,3,-94.43,-94.43,0,0,
08/27/2026,05:51:54:699,0.000000,0.000000,4,-121.69,-121.69,0,0,
08/27/2026,05:51:54:814,0.000000,0.000000,1,-124.01,-124.01,0,0,
08/27/2026,05:51:54:871,0.000000,0.000000,2,-124.28,-124.28,0,0,
08/27/2026,05:51:54:935,0.000000,0.000000,3,-96.28,-96.28,0,0,
08/27/2026,05:51:54:973,0.000000,0.000000,4,-124.22,-124.22,0,0,
08/27/2026,05:51:55:094,0.000000,0.000000,1,-125.74,-125.74,0,0,
08/27/2026,05:51:55:177,0.000000,0.000000,2,-124,-124,0,0,
08/27/2026,05:51:55:211,0.000000,0.000000,3,-100.33,-100.33,0,0,
08/27/2026,05:51:55:253,0.000000,0.000000,4,-122.16,-122.16,0,0,
08/27/2026,05:51:55:379,0.000000,0.000000,1,-123.37,-123.37,0,0,
08/27/2026,05:51:55:427,0.000000,0.000000,2,-123.48,-123.48,0,0,
08/27/2026,05:51:55:478,0.000000,0.000000,3,-100.17,-100.17,0,0,
08/27/2026,05:51:55:530,0.000000,0.000000,4,-121.58,-121.58,0,0,
08/27/2026,05:51:55:651,0.000000,0.000000,1,-123.18,-123.18,0,0,
08/27/2026,05:51:55:705,0.000000,0.000000,2,-124.69,-124.69,0,0,
08/27/2026,05:51:55:831,0.000000,0.000000,3,-96.81,-96.81,0,0,
08/27/2026,05:51:55:842,0.000000,0.000000,4,-126.34,-126.34,0,0,
08/27/2026,05:51:55:930,0.000000,0.000000,1,-123.91,-123.91,0,0,
08/27/2026,05:51:55:988,0.000000,0.000000,2,-123.73,-123.73,0,0,
08/27/2026,05:51:56:041,0.000000,0.000000,3,-98.25,-98.25,0,0,
08/27/2026,05:51:56:088,0.000000,0.000000,4,-121.28,-121.28,0,0,
08/27/2026,05:51:56:215,0.000000,0.000000,1,-123.84,-123.84,0,0,
08/27/2026,05:51:56:264,0.000000,0.000000,2,-122.69,-122.69,0,0,
08/27/2026,05:51:56:318,0.000000,0.000000,3,-100.68,-100.68,0,0,
08/27/2026,05:51:56:373,0.000000,0.000000,4,-121.05,-121.05,0,0,
08/27/2026,05:51:56:489,0.000000,0.000000,1,-122.39,-122.39,0,0,
08/27/2026,05:51:56:540,0.000000,0.000000,2,-123.93,-123.93,0,0,
08/27/2026,05:51:56:603,0.000000,0.000000,3,-98.13,-98.13,0,0,
08/27/2026,05:51:56:681,0.000000,0.000000,4,-122.36,-122.36,0,0,
08/27/2026,05:51:56:852,0.000000,0.000000,1,-121.82,-121.82,0,0,
08/27/2026,05:51:56:858,0.000000,0.000000,2,-123.59,-123.59,0,0,
08/27/2026,05:51:56:892,0.000000,0.000000,3,-103.59,-103.59,0,0,
08/27/2026,05:51:56:930,0.000000,0.000000,4,-124.19,-124.19,0,0,
08/27/2026,05:51:57:050,0.000000,0.000000,1,-124.98,-124.98,0,0,
08/27/2026,05:51:57:099,0.000000,0.000000,2,-125.36,-125.36,0,0,
08/27/2026,05:51:57:153,0.000000,0.000000,3,-97.17,-97.17,0,0,
08/27/2026,05:51:57:209,0.000000,0.000000,4,-121.05,-121.05,0,0,
08/27/2026,05:51:57:340,0.000000,0.000000,1,-122.58,-122.58,0,0,
08/27/2026,05:51:57:379,0.000000,0.000000,2,-122.42,-122.42,0,0,
08/27/2026,05:51:57:431,0.000000,0.000000,3,-99.06,-99.06,0,0,
08/27/2026,05:51:57:487,0.000000,0.000000,4,-121.52,-121.52,0,0,
08/27/2026,05:51:57:608,0.000000,0.000000,1,-124.57,-124.57,0,0,
08/27/2026,05:51:57:655,0.000000,0.000000,2,-123.2,-123.2,0,0,
08/27/2026,05:51:57:710,0.000000,0.000000,3,-97.96,-97.96,0,0,
08/27/2026,05:51:57:763,0.000000,0.000000,4,-120.78,-120.78,0,0,
08/27/2026,05:51:57:886,0.000000,0.000000,1,-123.15,-123.15,0,0,
08/27/2026,05:51:57:936,0.000000,0.000000,2,-124.07,-124.07,0,0,
08/27/2026,05:51:57:997,0.000000,0.000000,3,-96.82,-96.82,0,0,
08/27/2026,05:51:58:040,0.000000,0.000000,4,-123.82,-123.82,0,0,
08/27/2026,05:51:58:166,0.000000,0.000000,1,-127.25,-127.25,0,0,
08/27/2026,05:51:58:215,0.000000,0.000000,2,-123.96,-123.96,0,0,
08/27/2026,05:51:58:272,0.000000,0.000000,3,-101.61,-101.61,0,0,
08/27/2026,05:51:58:319,0.000000,0.000000,4,-123.27,-123.27,0,0,
08/27/2026,05:51:58:442,0.000000,0.000000,1,-121.87,-121.87,0,0,
08/27/2026,05:51:58:513,0.000000,0.000000,2,-124.28,-124.28,0,0,
08/27/2026,05:51:58:547,0.000000,0.000000,3,-100.55,-100.55,0,0,
08/27/2026,05:51:58:604,0.000000,0.000000,4,-121.36,-121.36,0,0,
08/27/2026,05:51:58:746,0.000000,0.000000,1,-124.18,-124.18,0,0,
08/27/2026,05:51:58:786,0.000000,0.000000,2,-124.85,-124.85,0,0,
08/27/2026,05:51:58:829,0.000000,0.000000,3,-93.83,-93.83,0,0,
08/27/2026,05:51:58:899,0.000000,0.000000,4,-123.97,-123.97,0,0,
08/27/2026,05:51:59:012,0.000000,0.000000,1,-122.58,-122.58,0,0,
08/27/2026,05:51:59:054,0.000000,0.000000,2,-125.27,-125.27,0,0,
08/27/2026,05:51:59:101,0.000000,0.000000,3,-103.81,-103.81,0,0,
08/27/2026,05:51:59:157,0.000000,0.000000,4,-124.05,-124.05,0,0,
08/27/2026,05:51:59:281,0.000000,0.000000,1,-124.47,-124.47,0,0,
08/27/2026,05:51:59:331,0.000000,0.000000,2,-125.9,-125.9,0,0,
08/27/2026,05:51:59:381,0.000000,0.000000,3,-93.39,-93.39,0,0,
08/27/2026,05:51:59:437,0.000000,0.000000,4,-121.32,-121.32,0,0,
08/27/2026,05:51:59:558,0.000000,0.000000,1,-125.25,-125.25,0,0,
08/27/2026,05:51:59:606,0.000000,0.000000,2,-125.14,-125.14,0,0,
08/27/2026,05:51:59:665,0.000000,0.000000,3,-104.6,-104.6,0,0,
08/27/2026,05:51:59:721,0.000000,0.000000,4,-124.74,-124.74,0,0,
08/27/2026,05:51:59:835,0.000000,0.000000,1,-124.85,-124.85,0,0,
08/27/2026,05:51:59:888,0.000000,0.000000,2,-124.83,-124.83,0,0,
08/27/2026,05:51:59:939,0.000000,0.000000,3,-103.48,-103.48,0,0,
08/27/2026,05:51:59:995,0.000000,0.000000,4,-124.51,-124.51,0,0,
08/27/2026,05:52:00:112,0.000000,0.000000,1,-122.76,-122.76,0,0,
08/27/2026,05:52:00:171,0.000000,0.000000,2,-122.19,-122.19,0,0,
08/27/2026,05:52:00:223,0.000000,0.000000,3,-110.31,-110.31,0,0,
08/27/2026,05:52:00:280,0.000000,0.000000,4,-124.72,-124.72,0,0,
08/27/2026,05:52:00:392,0.000000,0.000000,1,-123.54,-123.54,0,0,
08/27/2026,05:52:00:525,0.000000,0.000000,2,-126.2,-126.2,0,0,
08/27/2026,05:52:00:534,0.000000,0.000000,3,-93.1,-93.1,0,0,
08/27/2026,05:52:00:566,0.000000,0.000000,4,-122.44,-122.44,0,0,
08/27/2026,05:52:00:701,0.000000,0.000000,1,-125.5,-125.5,0,0,
08/27/2026,05:52:00:739,0.000000,0.000000,2,-125.27,-125.27,0,0,
08/27/2026,05:52:00:782,0.000000,0.000000,3,-99.44,-99.44,0,0,
08/27/2026,05:52:00:840,0.000000,0.000000,4,-124.42,-124.42,0,0,
08/27/2026,05:52:00:983,0.000000,0.000000,1,-123.73,-123.73,0,0,
08/27/2026,05:52:01:008,0.000000,0.000000,2,-125.29,-125.29,0,0,
08/27/2026,05:52:01:059,0.000000,0.000000,3,-109.19,-109.19,0,0,
08/27/2026,05:52:01:106,0.000000,0.000000,4,-123.06,-123.06,0,0,
08/27/2026,05:52:01:233,0.000000,0.000000,1,-124,-124,0,0,
08/27/2026,05:52:01:289,0.000000,0.000000,2,-124.43,-124.43,0,0,
08/27/2026,05:52:01:345,0.000000,0.000000,3,-91.66,-91.66,0,0,
08/27/2026,05:52:01:391,0.000000,0.000000,4,-123.27,-123.27,0,0,
08/27/2026,05:52:01:514,0.000000,0.000000,1,-125.37,-125.37,0,0,
08/27/2026,05:52:01:576,0.000000,0.000000,2,-124.86,-124.86,0,0,
08/27/2026,05:52:01:614,0.000000,0.000000,3,-92.71,-92.71,0,0,
08/27/2026,05:52:01:665,0.000000,0.000000,4,-125.28,-125.28,0,0,
08/27/2026,05:52:01:788,0.000000,0.000000,1,-123.07,-123.07,0,0,
08/27/2026,05:52:01:843,0.000000,0.000000,2,-123.56,-123.56,0,0,
08/27/2026,05:52:01:895,0.000000,0.000000,3,-109.7,-109.7,0,0,
08/27/2026,05:52:01:952,0.000000,0.000000,4,-122.36,-122.36,0,0,
08/27/2026,05:52:02:066,0.000000,0.000000,1,-125.14,-125.14,0,0,
08/27/2026,05:52:02:118,0.000000,0.000000,2,-123.9,-123.9,0,0,
08/27/2026,05:52:02:171,0.000000,0.000000,3,-98.3,-98.3,0,0,
08/27/2026,05:52:02:223,0.000000,0.000000,4,-122.15,-122.15,0,0,
08/27/2026,05:52:02:346,0.000000,0.000000,1,-123.89,-123.89,0,0,
08/27/2026,05:52:02:410,0.000000,0.000000,2,-123.26,-123.26,0,0,
08/27/2026,05:52:02:451,0.000000,0.000000,3,-95.11,-95.11,0,0,
08/27/2026,05:52:02:528,0.000000,0.000000,4,-122.74,-122.74,0,0,
08/27/2026,05:52:02:640,0.000000,0.000000,1,-124.37,-124.37,0,0,
08/27/2026,05:52:02:679,0.000000,0.000000,2,-125.89,-125.89,0,0,
08/27/2026,05:52:02:733,0.000000,0.000000,3,-95.21,-95.21,0,0,
08/27/2026,05:52:02:789,0.000000,0.000000,4,-123.72,-123.72,0,0,
08/27/2026,05:52:02:908,0.000000,0.000000,1,-125.44,-125.44,0,0,
08/27/2026,05:52:02:953,0.000000,0.000000,2,-125.07,-125.07,0,0,
08/27/2026,05:52:03:012,0.000000,0.000000,3,-93.08,-93.08,0,0,
08/27/2026,05:52:03:079,0.000000,0.000000,4,-122.75,-122.75,0,0,
08/27/2026,05:52:03:182,0.000000,0.000000,1,-123.16,-123.16,0,0,
08/27/2026,05:52:03:237,0.000000,0.000000,2,-125,-125,0,0,
08/27/2026,05:52:03:290,0.000000,0.000000,3,-104.13,-104.13,0,0,
08/27/2026,05:52:03:345,0.000000,0.000000,4,-123.1,-123.1,0,0,
08/27/2026,05:52:03:462,0.000000,0.000000,1,-126.05,-126.05,0,0,
08/27/2026,05:52:03:513,0.000000,0.000000,2,-123.45,-123.45,0,0,
08/27/2026,05:52:03:570,0.000000,0.000000,3,-100.35,-100.35,0,0,
08/27/2026,05:52:03:625,0.000000,0.000000,4,-124.37,-124.37,0,0,
08/27/2026,05:52:03:752,0.000000,0.000000,1,-123.63,-123.63,0,0,
08/27/2026,05:52:03:793,0.000000,0.000000,2,-126.14,-126.14,0,0,
08/27/2026,05:52:03:843,0.000000,0.000000,3,-100.28,-100.28,0,0,
08/27/2026,05:52:03:898,0.000000,0.000000,4,-122.32,-122.32,0,0,
08/27/2026,05:52:04:021,0.000000,0.000000,1,-125.15,-125.15,0,0,
08/27/2026,05:52:04:097,0.000000,0.000000,2,-123.26,-123.26,0,0,
08/27/2026,05:52:04:139,0.000000,0.000000,3,-101.22,-101.22,0,0,
08/27/2026,05:52:04:179,0.000000,0.000000,4,-121.05,-121.05,0,0,
08/27/2026,05:52:04:294,0.000000,0.000000,1,-121.79,-121.79,0,0,
08/27/2026,05:52:04:370,0.000000,0.000000,2,-124.02,-124.02,0,0,
08/27/2026,05:52:04:407,0.000000,0.000000,3,-96.57,-96.57,0,0,
08/27/2026,05:52:04:465,0.000000,0.000000,4,-125.36,-125.36,0,0,
08/27/2026,05:52:04:584,0.000000,0.000000,1,-123.4,-123.4,0,0,
08/27/2026,05:52:04:646,0.000000,0.000000,2,-124.69,-124.69,0,0,
08/27/2026,05:52:04:713,0.000000,0.000000,3,-93.66,-93.66,0,0,
08/27/2026,05:52:04:745,0.000000,0.000000,4,-125.82,-125.82,0,0,
08/27/2026,05:52:04:863,0.000000,0.000000,1,-122.86,-122.86,0,0,
08/27/2026,05:52:04:926,0.000000,0.000000,2,-124.48,-124.48,0,0,
08/27/2026,05:52:04:971,0.000000,0.000000,3,-96.14,-96.14,0,0,
08/27/2026,05:52:05:023,0.000000,0.000000,4,-120.66,-120.66,0,0,
08/27/2026,05:52:05:141,0.000000,0.000000,1,-122.87,-122.87,0,0,
08/27/2026,05:52:05:194,0.000000,0.000000,2,-124.53,-124.53,0,0,
08/27/2026,05:52:05:248,0.000000,0.000000,3,-93.25,-93.25,0,0,
08/27/2026,05:52:05:301,0.000000,0.000000,4,-123.57,-123.57,0,0,
08/27/2026,05:52:05:439,0.000000,0.000000,1,-123.53,-123.53,0,0,
08/27/2026,05:52:05:473,0.000000,0.000000,2,-123.38,-123.38,0,0,
08/27/2026,05:52:05:540,0.000000,0.000000,3,-104.73,-104.73,0,0,
08/27/2026,05:52:05:595,0.000000,0.000000,4,-125.21,-125.21,0,0,
08/27/2026,05:52:05:722,0.000000,0.000000,1,-125.11,-125.11,0,0,
08/27/2026,05:52:05:772,0.000000,0.000000,2,-123.22,-123.22,0,0,
08/27/2026,05:52:05:827,0.000000,0.000000,3,-98.27,-98.27,0,0,
08/27/2026,05:52:05:878,0.000000,0.000000,4,-120.43,-120.43,0,0,
08/27/2026,05:52:06:111,0.000000,0.000000,1,-123.82,-123.82,0,0,
08/27/2026,05:52:06:118,0.000000,0.000000,2,-124.61,-124.61,0,0,
08/27/2026,05:52:06:127,0.000000,0.000000,3,-96.95,-96.95,0,0,
08/27/2026,05:52:06:159,0.000000,0.000000,4,-119.6,-119.6,0,0,
08/27/2026,05:52:06:310,0.000000,0.000000,1,-126.38,-126.38,0,0,
08/27/2026,05:52:06:351,0.000000,0.000000,2,-123.58,-123.58,0,0,
08/27/2026,05:52:06:390,0.000000,0.000000,3,-97.31,-97.31,0,0,
08/27/2026,05:52:06:457,0.000000,0.000000,4,-123.87,-123.87,0,0,
08/27/2026,05:52:06:575,0.000000,0.000000,1,-125.39,-125.39,0,0,
08/27/2026,05:52:06:618,0.000000,0.000000,2,-124.65,-124.65,0,0,
08/27/2026,05:52:06:683,0.000000,0.000000,3,-98.65,-98.65,0,0,
08/27/2026,05:52:06:724,0.000000,0.000000,4,-122.31,-122.31,0,0,
08/27/2026,05:52:06:845,0.000000,0.000000,1,-123.85,-123.85,0,0,
08/27/2026,05:52:06:897,0.000000,0.000000,2,-125.45,-125.45,0,0,
08/27/2026,05:52:06:955,0.000000,0.000000,3,-97.4,-97.4,0,0,
08/27/2026,05:52:07:008,0.000000,0.000000,4,-122.82,-122.82,0,0,
08/27/2026,05:52:07:142,0.000000,0.000000,1,-121.95,-121.95,0,0,
08/27/2026,05:52:07:184,0.000000,0.000000,2,-123.17,-123.17,0,0,
08/27/2026,05:52:07:233,0.000000,0.000000,3,-105.45,-105.45,0,0,
08/27/2026,05:52:07:282,0.000000,0.000000,4,-123.34,-123.34,0,0,
08/27/2026,05:52:07:405,0.000000,0.000000,1,-122.19,-122.19,0,0,
08/27/2026,05:52:07:462,0.000000,0.000000,2,-125.46,-125.46,0,0,
08/27/2026,05:52:07:510,0.000000,0.000000,3,-103.75,-103.75,0,0,
08/27/2026,05:52:07:564,0.000000,0.000000,4,-123.38,-123.38,0,0,
08/27/2026,05:52:07:681,0.000000,0.000000,1,-124.87,-124.87,0,0,
08/27/2026,05:52:07:737,0.000000,0.000000,2,-124.32,-124.32,0,0,
08/27/2026,05:52:07:788,0.000000,0.000000,3,-97.71,-97.71,0,0,
08/27/2026,05:52:07:845,0.000000,0.000000,4,-122.31,-122.31,0,0,
08/27/2026,05:52:07:961,0.000000,0.000000,1,-125.49,-125.49,0,0,
08/27/2026,05:52:08:044,0.000000,0.000000,2,-124.86,-124.86,0,0,
08/27/2026,05:52:08:079,0.000000,0.000000,3,-102.22,-102.22,0,0,
08/27/2026,05:52:08:119,0.000000,0.000000,4,-123.11,-123.11,0,0,
08/27/2026,05:52:08:242,0.000000,0.000000,1,-123.76,-123.76,0,0,
08/27/2026,05:52:08:296,0.000000,0.000000,2,-123.39,-123.39,0,0,
08/27/2026,05:52:08:351,0.000000,0.000000,3,-105.72,-105.72,0,0,
08/27/2026,05:52:08:402,0.000000,0.000000,4,-122.75,-122.75,0,0,
08/27/2026,05:52:08:518,0.000000,0.000000,1,-123.57,-123.57,0,0,
08/27/2026,05:52:08:580,0.000000,0.000000,2,-124.58,-124.58,0,0,
08/27/2026,05:52:08:625,0.000000,0.000000,3,-100.19,-100.19,0,0,
08/27/2026,05:52:08:691,0.000000,0.000000,4,-119.43,-119.43,0,0,
08/27/2026,05:52:08:802,0.000000,0.000000,1,-124.13,-124.13,0,0,
08/27/2026,05:52:08:852,0.000000,0.000000,2,-125.33,-125.33,0,0,
08/27/2026,05:52:08:902,0.000000,0.000000,3,-100.3,-100.3,0,0,
08/27/2026,05:52:08:954,0.000000,0.000000,4,-126.43,-126.43,0,0,
08/27/2026,05:52:09:087,0.000000,0.000000,1,-125.93,-125.93,0,0,
08/27/2026,05:52:09:130,0.000000,0.000000,2,-122.67,-122.67,0,0,
08/27/2026,05:52:09:184,0.000000,0.000000,3,-104.31,-104.31,0,0,
08/27/2026,05:52:09:239,0.000000,0.000000,4,-120.01,-120.01,0,0,
08/27/2026,05:52:09:359,0.000000,0.000000,1,-120.85,-120.85,0,0,
08/27/2026,05:52:09:413,0.000000,0.000000,2,-125.55,-125.55,0,0,
08/27/2026,05:52:09:461,0.000000,0.000000,3,-102.77,-102.77,0,0,
08/27/2026,05:52:09:519,0.000000,0.000000,4,-124.72,-124.72,0,0,
08/27/2026,05:52:09:637,0.000000,0.000000,1,-124.08,-124.08,0,0,
08/27/2026,05:52:09:695,0.000000,0.000000,2,-124.25,-124.25,0,0,
08/27/2026,05:52:09:758,0.000000,0.000000,3,-95.47,-95.47,0,0,
08/27/2026,05:52:09:800,0.000000,0.000000,4,-123.43,-123.43,0,0,
08/27/2026,05:52:09:913,0.000000,0.000000,1,-122.38,-122.38,0,0,
08/27/2026,05:52:09:993,0.000000,0.000000,2,-122.56,-122.56,0,0,
08/27/2026,05:52:10:026,0.000000,0.000000,3,-102.64,-102.64,0,0,
08/27/2026,05:52:10:074,0.000000,0.000000,4,-124.15,-124.15,0,0,
08/27/2026,05:52:10:194,0.000000,0.000000,1,-124.84,-124.84,0,0,
08/27/2026,05:52:10:253,0.000000,0.000000,2,-121.88,-121.88,0,0,
08/27/2026,05:52:10:322,0.000000,0.000000,3,-94.49,-94.49,0,0,
08/27/2026,05:52:10:364,0.000000,0.000000,4,-122.18,-122.18,0,0,
08/27/2026,05:52:10:492,0.000000,0.000000,1,-123.55,-123.55,0,0,
08/27/2026,05:52:10:561,0.000000,0.000000,2,-125.46,-125.46,0,0,
08/27/2026,05:52:10:587,0.000000,0.000000,3,-102.46,-102.46,0,0,
08/27/2026,05:52:10:639,0.000000,0.000000,4,-123.73,-123.73,0,0,
08/27/2026,05:52:10:759,0.000000,0.000000,1,-124.84,-124.84,0,0,
08/27/2026,05:52:10:816,0.000000,0.000000,2,-123.95,-123.95,0,0,
08/27/2026,05:52:10:868,0.000000,0.000000,3,-104.17,-104.17,0,0,
08/27/2026,05:52:10:922,0.000000,0.000000,4,-122.65,-122.65,0,0,
08/27/2026,05:52:11:041,0.000000,0.000000,1,-123.58,-123.58,0,0,
08/27/2026,05:52:11:096,0.000000,0.000000,2,-124.64,-124.64,0,0,
08/27/2026,05:52:11:253,0.000000,0.000000,3,-100.86,-100.86,0,0,
08/27/2026,05:52:11:259,0.000000,0.000000,4,-121.43,-121.43,0,0,
08/27/2026,05:52:11:325,0.000000,0.000000,1,-122.67,-122.67,0,0,
08/27/2026,05:52:11:375,0.000000,0.000000,2,-121.78,-121.78,0,0,
08/27/2026,05:52:11:426,0.000000,0.000000,3,-105.35,-105.35,0,0,
08/27/2026,05:52:11:485,0.000000,0.000000,4,-123.37,-123.37,0,0,
08/27/2026,05:52:11:613,0.000000,0.000000,1,-124.44,-124.44,0,0,
08/27/2026,05:52:11:657,0.000000,0.000000,2,-127.59,-127.59,0,0,
08/27/2026,05:52:11:733,0.000000,0.000000,3,-94.03,-94.03,0,0,
08/27/2026,05:52:11:769,0.000000,0.000000,4,-122.2,-122.2,0,0,
08/27/2026,05:52:11:894,0.000000,0.000000,1,-122.98,-122.98,0,0,
08/27/2026,05:52:11:946,0.000000,0.000000,2,-122.85,-122.85,0,0,
08/27/2026,05:52:11:979,0.000000,0.000000,3,-96.42,-96.42,0,0,
08/27/2026,05:52:12:034,0.000000,0.000000,4,-120.74,-120.74,0,0,
08/27/2026,05:52:12:167,0.000000,0.000000,1,-121.84,-121.84,0,0,
08/27/2026,05:52:12:210,0.000000,0.000000,2,-126.46,-126.46,0,0,
08/27/2026,05:52:12:260,0.000000,0.000000,3,-103.82,-103.82,0,0,
08/27/2026,05:52:12:314,0.000000,0.000000,4,-123.43,-123.43,0,0,
08/27/2026,05:52:12:431,0.000000,0.000000,1,-124.43,-124.43,0,0,
08/27/2026,05:52:12:494,0.000000,0.000000,2,-122.71,-122.71,0,0,
08/27/2026,05:52:12:549,0.000000,0.000000,3,-98.12,-98.12,0,0,
08/27/2026,05:52:12:592,0.000000,0.000000,4,-123.76,-123.76,0,0,
08/27/2026,05:52:12:713,0.000000,0.000000,1,-125.75,-125.75,0,0,
08/27/2026,05:52:12:776,0.000000,0.000000,2,-122.48,-122.48,0,0,
08/27/2026,05:52:12:831,0.000000,0.000000,3,-100.65,-100.65,0,0,
08/27/2026,05:52:12:875,0.000000,0.000000,4,-123.3,-123.3,0,0,
08/27/2026,05:52:12:988,0.000000,0.000000,1,-122.56,-122.56,0,0,
08/27/2026,05:52:13:043,0.000000,0.000000,2,-124.38,-124.38,0,0,
08/27/2026,05:52:13:123,0.000000,0.000000,3,-99.33,-99.33,0,0,
08/27/2026,05:52:13:156,0.000000,0.000000,4,-122.99,-122.99,0,0,
08/27/2026,05:52:13:273,0.000000,0.000000,1,-123.59,-123.59,0,0,
08/27/2026,05:52:13:321,0.000000,0.000000,2,-125.64,-125.64,0,0,
08/27/2026,05:52:13:373,0.000000,0.000000,3,-95.11,-95.11,0,0,
08/27/2026,05:52:13:457,0.000000,0.000000,4,-123.21,-123.21,0,0,
08/27/2026,05:52:13:579,0.000000,0.000000,1,-123.9,-123.9,0,0,
08/27/2026,05:52:13:615,0.000000,0.000000,2,-124.93,-124.93,0,0,
08/27/2026,05:52:13:662,0.000000,0.000000,3,-98.49,-98.49,0,0,
08/27/2026,05:52:13:709,0.000000,0.000000,4,-122.35,-122.35,0,0,
08/27/2026,05:52:13:830,0.000000,0.000000,1,-123.39,-123.39,0,0,
08/27/2026,05:52:13:883,0.000000,0.000000,2,-124.44,-124.44,0,0,
08/27/2026,05:52:13:934,0.000000,0.000000,3,-99.99,-99.99,0,0,
08/27/2026,05:52:13:991,0.000000,0.000000,4,-123.76,-123.76,0,0,
08/27/2026,05:52:14:113,0.000000,0.000000,1,-125.33,-125.33,0,0,
08/27/2026,05:52:14:170,0.000000,0.000000,2,-125.17,-125.17,0,0,
08/27/2026,05:52:14:212,0.000000,0.000000,3,-95.66,-95.66,0,0,
08/27/2026,05:52:14:262,0.000000,0.000000,4,-122.94,-122.94,0,0,
08/27/2026,05:52:14:404,0.000000,0.000000,1,-123.34,-123.34,0,0,
08/27/2026,05:52:14:445,0.000000,0.000000,2,-124.69,-124.69,0,0,
08/27/2026,05:52:14:496,0.000000,0.000000,3,-99.5,-99.5,0,0,
08/27/2026,05:52:14:541,0.000000,0.000000,4,-122.96,-122.96,0,0,
08/27/2026,05:52:14:675,0.000000,0.000000,1,-125.06,-125.06,0,0,
08/27/2026,05:52:14:726,0.000000,0.000000,2,-123.63,-123.63,0,0,
08/27/2026,05:52:14:778,0.000000,0.000000,3,-98.19,-98.19,0,0,
08/27/2026,05:52:14:831,0.000000,0.000000,4,-122.64,-122.64,0,0,
08/27/2026,05:52:14:956,0.000000,0.000000,1,-124.32,-124.32,0,0,
08/27/2026,05:52:15:010,0.000000,0.000000,2,-125.94,-125.94,0,0,
08/27/2026,05:52:15:056,0.000000,0.000000,3,-99.05,-99.05,0,0,
08/27/2026,05:52:15:116,0.000000,0.000000,4,-124.13,-124.13,0,0,
08/27/2026,05:52:15:232,0.000000,0.000000,1,-122.89,-122.89,0,0,
08/27/2026,05:52:15:284,0.000000,0.000000,2,-124.51,-124.51,0,0,
08/27/2026,05:52:15:338,0.000000,0.000000,3,-96.55,-96.55,0,0,
08/27/2026,05:52:15:394,0.000000,0.000000,4,-119.95,-119.95,0,0,
08/27/2026,05:52:15:514,0.000000,0.000000,1,-123.95,-123.95,0,0,
08/27/2026,05:52:15:580,0.000000,0.000000,2,-124.54,-124.54,0,0,
08/27/2026,05:52:15:623,0.000000,0.000000,3,-96.78,-96.78,0,0,
08/27/2026,05:52:15:693,0.000000,0.000000,4,-121.62,-121.62,0,0,
08/27/2026,05:52:15:804,0.000000,0.000000,1,-124.81,-124.81,0,0,
08/27/2026,05:52:15:840,0.000000,0.000000,2,-124.36,-124.36,0,0,
08/27/2026,05:52:15:896,0.000000,0.000000,3,-96.81,-96.81,0,0,
08/27/2026,05:52:15:953,0.000000,0.000000,4,-123.13,-123.13,0,0,
08/27/2026,05:52:16:068,0.000000,0.000000,1,-125.66,-125.66,0,0,
08/27/2026,05:52:16:120,0.000000,0.000000,2,-125.39,-125.39,0,0,
08/27/2026,05:52:16:175,0.000000,0.000000,3,-105.73,-105.73,0,0,
08/27/2026,05:52:16:224,0.000000,0.000000,4,-120.09,-120.09,0,0,
08/27/2026,05:52:16:407,0.000000,0.000000,1,-125.46,-125.46,0,0,
08/27/2026,05:52:16:414,0.000000,0.000000,2,-125.68,-125.68,0,0,
08/27/2026,05:52:16:452,0.000000,0.000000,3,-96.52,-96.52,0,0,
08/27/2026,05:52:16:506,0.000000,0.000000,4,-124.57,-124.57,0,0,
08/27/2026,05:52:16:627,0.000000,0.000000,1,-125.58,-125.58,0,0,
08/27/2026,05:52:16:686,0.000000,0.000000,2,-124.65,-124.65,0,0,
08/27/2026,05:52:16:739,0.000000,0.000000,3,-97.73,-97.73,0,0,
08/27/2026,05:52:16:788,0.000000,0.000000,4,-121.16,-121.16,0,0,
08/27/2026,05:52:16:907,0.000000,0.000000,1,-124.7,-124.7,0,0,
08/27/2026,05:52:16:963,0.000000,0.000000,2,-124.37,-124.37,0,0,
08/27/2026,05:52:17:009,0.000000,0.000000,3,-98.42,-98.42,0,0,
08/27/2026,05:52:17:068,0.000000,0.000000,4,-123.88,-123.88,0,0,
08/27/2026,05:52:17:184,0.000000,0.000000,1,-123.09,-123.09,0,0,
08/27/2026,05:52:17:241,0.000000,0.000000,2,-125.27,-125.27,0,0,
08/27/2026,05:52:17:329,0.000000,0.000000,3,-96.65,-96.65,0,0,
08/27/2026,05:52:17:365,0.000000,0.000000,4,-125.3,-125.3,0,0,
08/27/2026,05:52:17:484,0.000000,0.000000,1,-125.12,-125.12,0,0,
08/27/2026,05:52:17:526,0.000000,0.000000,2,-124.88,-124.88,0,0,
08/27/2026,05:52:17:577,0.000000,0.000000,3,-94.82,-94.82,0,0,
08/27/2026,05:52:17:634,0.000000,0.000000,4,-122.96,-122.96,0,0,
08/27/2026,05:52:17:753,0.000000,0.000000,1,-112.75,-112.75,0,0,
08/27/2026,05:52:17:803,0.000000,0.000000,2,-123.37,-123.37,0,0,
08/27/2026,05:52:17:871,0.000000,0.000000,3,-99.7,-99.7,0,0,
08/27/2026,05:52:17:909,0.000000,0.000000,4,-123.28,-123.28,0,0,
08/27/2026,05:52:18:032,0.000000,0.000000,1,-123.76,-123.76,0,0,
08/27/2026,05:52:18:083,0.000000,0.000000,2,-125.97,-125.97,0,0,
08/27/2026,05:52:18:147,0.000000,0.000000,3,-97.17,-97.17,0,0,
08/27/2026,05:52:18:190,0.000000,0.000000,4,-122.93,-122.93,0,0,
08/27/2026,05:52:18:323,0.000000,0.000000,1,-124.56,-124.56,0,0,
08/27/2026,05:52:18:376,0.000000,0.000000,2,-123.29,-123.29,0,0,
08/27/2026,05:52:18:437,0.000000,0.000000,3,-99.4,-99.4,0,0,
08/27/2026,05:52:18:492,0.000000,0.000000,4,-122.77,-122.77,0,0,
08/27/2026,05:52:18:634,0.000000,0.000000,1,-120.41,-120.41,0,0,
08/27/2026,05:52:18:670,0.000000,0.000000,2,-126.46,-126.46,0,0,
08/27/2026,05:52:18:724,0.000000,0.000000,3,-101.06,-101.06,0,0,
08/27/2026,05:52:18:785,0.000000,0.000000,4,-124.99,-124.99,0,0,
08/27/2026,05:52:18:901,0.000000,0.000000,1,-123.16,-123.16,0,0,
08/27/2026,05:52:18:970,0.000000,0.000000,2,-123.31,-123.31,0,0,
08/27/2026,05:52:19:006,0.000000,0.000000,3,-96.52,-96.52,0,0,
08/27/2026,05:52:19:081,0.000000,0.000000,4,-122.82,-122.82,0,0,
08/27/2026,05:52:19:200,0.000000,0.000000,1,-124.43,-124.43,0,0,
08/27/2026,05:52:19:234,0.000000,0.000000,2,-123.31,-123.31,0,0,
08/27/2026,05:52:19:293,0.000000,0.000000,3,-98.91,-98.91,0,0,
08/27/2026,05:52:19:350,0.000000,0.000000,4,-121.14,-121.14,0,0,
08/27/2026,05:52:19:455,0.000000,0.000000,1,-123.52,-123.52,0,0,
08/27/2026,05:52:19:518,0.000000,0.000000,2,-124.27,-124.27,0,0,
08/27/2026,05:52:19:567,0.000000,0.000000,3,-100.83,-100.83,0,0,
08/27/2026,05:52:19:618,0.000000,0.000000,4,-123.21,-123.21,0,0,
08/27/2026,05:52:19:731,0.000000,0.000000,1,-124.68,-124.68,0,0,
08/27/2026,05:52:19:789,0.000000,0.000000,2,-125.76,-125.76,0,0,
08/27/2026,05:52:19:848,0.000000,0.000000,3,-102.04,-102.04,0,0,
08/27/2026,05:52:19:900,0.000000,0.000000,4,-121.56,-121.56,0,0,
08/27/2026,05:52:20:009,0.000000,0.000000,1,-122.67,-122.67,0,0,
08/27/2026,05:52:20:067,0.000000,0.000000,2,-124.99,-124.99,0,0,
08/27/2026,05:52:20:136,0.000000,0.000000,3,-100.84,-100.84,0,0,
08/27/2026,05:52:20:169,0.000000,0.000000,4,-124.39,-124.39,0,0,
08/27/2026,05:52:20:303,0.000000,0.000000,1,-123.91,-123.91,0,0,
08/27/2026,05:52:20:354,0.000000,0.000000,2,-125.85,-125.85,0,0,
08/27/2026,05:52:20:425,0.000000,0.000000,3,-97.18,-97.18,0,0,
08/27/2026,05:52:20:460,0.000000,0.000000,4,-123.69,-123.69,0,0,
08/27/2026,05:52:20:580,0.000000,0.000000,1,-125.6,-125.6,0,0,
08/27/2026,05:52:20:634,0.000000,0.000000,2,-122.47,-122.47,0,0,
08/27/2026,05:52:20:697,0.000000,0.000000,3,-95.42,-95.42,0,0,
08/27/2026,05:52:20:742,0.000000,0.000000,4,-120.74,-120.74,0,0,
08/27/2026,05:52:20:859,0.000000,0.000000,1,-124.02,-124.02,0,0,
08/27/2026,05:52:20:920,0.000000,0.000000,2,-123.97,-123.97,0,0,
08/27/2026,05:52:20:987,0.000000,0.000000,3,-97.88,-97.88,0,0,
08/27/2026,05:52:21:019,0.000000,0.000000,4,-124.12,-124.12,0,0,
08/27/2026,05:52:21:142,0.000000,0.000000,1,-125.01,-125.01,0,0,
08/27/2026,05:52:21:211,0.000000,0.000000,2,-126.01,-126.01,0,0,
08/27/2026,05:52:21:257,0.000000,0.000000,3,-91.47,-91.47,0,0,
08/27/2026,05:52:21:298,0.000000,0.000000,4,-122.31,-122.31,0,0,
08/27/2026,05:52:21:540,0.000000,0.000000,1,-122.92,-122.92,0,0,
08/27/2026,05:52:21:550,0.000000,0.000000,2,-124.91,-124.91,0,0,
08/27/2026,05:52:21:562,0.000000,0.000000,3,-96.26,-96.26,0,0,
08/27/2026,05:52:21:590,0.000000,0.000000,4,-123.66,-123.66,0,0,
08/27/2026,05:52:21:714,0.000000,0.000000,1,-123.05,-123.05,0,0,
08/27/2026,05:52:21:778,0.000000,0.000000,2,-124.47,-124.47,0,0,
08/27/2026,05:52:21:827,0.000000,0.000000,3,-90.61,-90.61,0,0,
08/27/2026,05:52:21:879,0.000000,0.000000,4,-121.4,-121.4,0,0,
08/27/2026,05:52:22:008,0.000000,0.000000,1,-127.12,-127.12,0,0,
08/27/2026,05:52:22:050,0.000000,0.000000,2,-124.6,-124.6,0,0,
08/27/2026,05:52:22:098,0.000000,0.000000,3,-94.51,-94.51,0,0,
08/27/2026,05:52:22:154,0.000000,0.000000,4,-122.17,-122.17,0,0,
08/27/2026,05:52:22:274,0.000000,0.000000,1,-124.31,-124.31,0,0,
08/27/2026,05:52:22:328,0.000000,0.000000,2,-123.06,-123.06,0,0,
08/27/2026,05:52:22:376,0.000000,0.000000,3,-93.41,-93.41,0,0,
08/27/2026,05:52:22:430,0.000000,0.000000,4,-121.57,-121.57,0,0,
08/27/2026,05:52:22:566,0.000000,0.000000,1,-123.76,-123.76,0,0,
08/27/2026,05:52:22:617,0.000000,0.000000,2,-124.08,-124.08,0,0,
08/27/2026,05:52:22:668,0.000000,0.000000,3,-91.92,-91.92,0,0,
08/27/2026,05:52:22:725,0.000000,0.000000,4,-121.93,-121.93,0,0,
08/27/2026,05:52:22:839,0.000000,0.000000,1,-123.13,-123.13,0,0,
08/27/2026,05:52:22:905,0.000000,0.000000,2,-123.15,-123.15,0,0,
08/27/2026,05:52:22:948,0.000000,0.000000,3,-96.69,-96.69,0,0,
08/27/2026,05:52:23:016,0.000000,0.000000,4,-125.99,-125.99,0,0,
08/27/2026,05:52:23:117,0.000000,0.000000,1,-124.66,-124.66,0,0,
08/27/2026,05:52:23:188,0.000000,0.000000,2,-123.65,-123.65,0,0,
08/27/2026,05:52:23:226,0.000000,0.000000,3,-95.85,-95.85,0,0,
08/27/2026,05:52:23:276,0.000000,0.000000,4,-123.72,-123.72,0,0,
08/27/2026,05:52:23:407,0.000000,0.000000,1,-124.97,-124.97,0,0,
08/27/2026,05:52:23:453,0.000000,0.000000,2,-125.79,-125.79,0,0,
08/27/2026,05:52:23:509,0.000000,0.000000,3,-91.71,-91.71,0,0,
08/27/2026,05:52:23:570,0.000000,0.000000,4,-120.45,-120.45,0,0,
08/27/2026,05:52:23:711,0.000000,0.000000,1,-123.8,-123.8,0,0,
08/27/2026,05:52:23:726,0.000000,0.000000,2,-124.09,-124.09,0,0,
08/27/2026,05:52:23:788,0.000000,0.000000,3,-95.36,-95.36,0,0,
08/27/2026,05:52:23:838,0.000000,0.000000,4,-121.69,-121.69,0,0,
08/27/2026,05:52:23:963,0.000000,0.000000,1,-125.62,-125.62,0,0,
08/27/2026,05:52:24:007,0.000000,0.000000,2,-124.58,-124.58,0,0,
08/27/2026,05:52:24:080,0.000000,0.000000,3,-93.85,-93.85,0,0,
08/27/2026,05:52:24:121,0.000000,0.000000,4,-122.54,-122.54,0,0,
08/27/2026,05:52:24:250,0.000000,0.000000,1,-125.61,-125.61,0,0,
08/27/2026,05:52:24:320,0.000000,0.000000,2,-123.88,-123.88,0,0,
08/27/2026,05:52:24:371,0.000000,0.000000,3,-98.92,-98.92,0,0,
08/27/2026,05:52:24:420,0.000000,0.000000,4,-125.09,-125.09,0,0,
08/27/2026,05:52:24:576,0.000000,0.000000,1,-124.14,-124.14,0,0,
08/27/2026,05:52:24:614,0.000000,0.000000,2,-124.95,-124.95,0,0,
08/27/2026,05:52:24:658,0.000000,0.000000,3,-90.36,-90.36,0,0,
08/27/2026,05:52:24:725,0.000000,0.000000,4,-122.63,-122.63,0,0,
08/27/2026,05:52:24:840,0.000000,0.000000,1,-124.36,-124.36,0,0,
08/27/2026,05:52:24:895,0.000000,0.000000,2,-122.24,-122.24,0,0,
08/27/2026,05:52:24:986,0.000000,0.000000,3,-87.23,-87.23,0,0,
08/27/2026,05:52:25:000,0.000000,0.000000,4,-122.69,-122.69,0,0,
08/27/2026,05:52:25:122,0.000000,0.000000,1,-125.61,-125.61,0,0,
08/27/2026,05:52:25:178,0.000000,0.000000,2,-123.98,-123.98,0,0,
08/27/2026,05:52:25:228,0.000000,0.000000,3,-94.62,-94.62,0,0,
08/27/2026,05:52:25:283,0.000000,0.000000,4,-122.96,-122.96,0,0,
08/27/2026,05:52:25:405,0.000000,0.000000,1,-123.05,-123.05,0,0,
08/27/2026,05:52:25:458,0.000000,0.000000,2,-123.73,-123.73,0,0,
08/27/2026,05:52:25:503,0.000000,0.000000,3,-90.9,-90.9,0,0,
08/27/2026,05:52:25:558,0.000000,0.000000,4,-125,-125,0,0,
08/27/2026,05:52:25:677,0.000000,0.000000,1,-125.25,-125.25,0,0,
08/27/2026,05:52:25:729,0.000000,0.000000,2,-123,-123,0,0,
08/27/2026,05:52:25:788,0.000000,0.000000,3,-95.23,-95.23,0,0,
08/27/2026,05:52:25:840,0.000000,0.000000,4,-120.58,-120.58,0,0,
08/27/2026,05:52:25:958,0.000000,0.000000,1,-123.75,-123.75,0,0,
08/27/2026,05:52:26:014,0.000000,0.000000,2,-125.65,-125.65,0,0,
08/27/2026,05:52:26:083,0.000000,0.000000,3,-91.09,-91.09,0,0,
08/27/2026,05:52:26:115,0.000000,0.000000,4,-121.76,-121.76,0,0,
08/27/2026,05:52:26:263,0.000000,0.000000,1,-125.83,-125.83,0,0,
08/27/2026,05:52:26:292,0.000000,0.000000,2,-122.89,-122.89,0,0,
08/27/2026,05:52:26:343,0.000000,0.000000,3,-92.63,-92.63,0,0,
08/27/2026,05:52:26:399,0.000000,0.000000,4,-121.19,-121.19,0,0,
08/27/2026,05:52:26:520,0.000000,0.000000,1,-123.95,-123.95,0,0,
08/27/2026,05:52:26:681,0.000000,0.000000,2,-126.77,-126.77,0,0,
08/27/2026,05:52:26:710,0.000000,0.000000,3,-96.93,-96.93,0,0,
08/27/2026,05:52:26:746,0.000000,0.000000,4,-123.79,-123.79,0,0,
08/27/2026,05:52:26:796,0.000000,0.000000,1,-125.44,-125.44,0,0,
08/27/2026,05:52:26:867,0.000000,0.000000,2,-121.67,-121.67,0,0,
08/27/2026,05:52:26:904,0.000000,0.000000,3,-92.56,-92.56,0,0,
08/27/2026,05:52:26:965,0.000000,0.000000,4,-121.11,-121.11,0,0,
08/27/2026,05:52:27:074,0.000000,0.000000,1,-124.31,-124.31,0,0,
08/27/2026,05:52:27:128,0.000000,0.000000,2,-124.72,-124.72,0,0,
08/27/2026,05:52:27:204,0.000000,0.000000,3,-96.14,-96.14,0,0,
08/27/2026,05:52:27:249,0.000000,0.000000,4,-121.26,-121.26,0,0,
08/27/2026,05:52:27:358,0.000000,0.000000,1,-125.32,-125.32,0,0,
08/27/2026,05:52:27:412,0.000000,0.000000,2,-122.77,-122.77,0,0,
08/27/2026,05:52:27:463,0.000000,0.000000,3,-88.14,-88.14,0,0,
08/27/2026,05:52:27:509,0.000000,0.000000,4,-121.89,-121.89,0,0,
08/27/2026,05:52:27:630,0.000000,0.000000,1,-123.4,-123.4,0,0,
08/27/2026,05:52:27:684,0.000000,0.000000,2,-124.86,-124.86,0,0,
08/27/2026,05:52:27:739,0.000000,0.000000,3,-90.88,-90.88,0,0,
08/27/2026,05:52:27:792,0.000000,0.000000,4,-124.18,-124.18,0,0,
08/27/2026,05:52:27:908,0.000000,0.000000,1,-122.62,-122.62,0,0,
08/27/2026,05:52:27:962,0.000000,0.000000,2,-124.52,-124.52,0,0,
08/27/2026,05:52:28:018,0.000000,0.000000,3,-89.43,-89.43,0,0,
08/27/2026,05:52:28:071,0.000000,0.000000,4,-122.03,-122.03,0,0,
08/27/2026,05:52:28:206,0.000000,0.000000,1,-123.61,-123.61,0,0,
08/27/2026,05:52:28:257,0.000000,0.000000,2,-124.03,-124.03,0,0,
08/27/2026,05:52:28:306,0.000000,0.000000,3,-88.39,-88.39,0,0,
08/27/2026,05:52:28:368,0.000000,0.000000,4,-121.12,-121.12,0,0,
08/27/2026,05:52:28:486,0.000000,0.000000,1,-124.2,-124.2,0,0,
08/27/2026,05:52:28:554,0.000000,0.000000,2,-124.79,-124.79,0,0,
08/27/2026,05:52:28:590,0.000000,0.000000,3,-89.05,-89.05,0,0,
08/27/2026,05:52:28:651,0.000000,0.000000,4,-121.65,-121.65,0,0,
08/27/2026,05:52:28:765,0.000000,0.000000,1,-126.5,-126.5,0,0,
08/27/2026,05:52:28:835,0.000000,0.000000,2,-123.37,-123.37,0,0,
08/27/2026,05:52:28:870,0.000000,0.000000,3,-89.2,-89.2,0,0,
08/27/2026,05:52:28:937,0.000000,0.000000,4,-123.47,-123.47,0,0,
08/27/2026,05:52:29:042,0.000000,0.000000,1,-125.05,-125.05,0,0,
08/27/2026,05:52:29:102,0.000000,0.000000,2,-126.08,-126.08,0,0,
08/27/2026,05:52:29:156,0.000000,0.000000,3,-91.71,-91.71,0,0,
08/27/2026,05:52:29:215,0.000000,0.000000,4,-120.05,-120.05,0,0,
08/27/2026,05:52:29:326,0.000000,0.000000,1,-123.34,-123.34,0,0,
08/27/2026,05:52:29:378,0.000000,0.000000,2,-124.71,-124.71,0,0,
08/27/2026,05:52:29:429,0.000000,0.000000,3,-87.01,-87.01,0,0,
08/27/2026,05:52:29:483,0.000000,0.000000,4,-123.36,-123.36,0,0,
08/27/2026,05:52:29:606,0.000000,0.000000,1,-121.97,-121.97,0,0,
08/27/2026,05:52:29:655,0.000000,0.000000,2,-121.71,-121.71,0,0,
08/27/2026,05:52:29:711,0.000000,0.000000,3,-96.88,-96.88,0,0,
08/27/2026,05:52:29:764,0.000000,0.000000,4,-125.64,-125.64,0,0,
08/27/2026,05:52:29:889,0.000000,0.000000,1,-126.35,-126.35,0,0,
08/27/2026,05:52:29:945,0.000000,0.000000,2,-124.47,-124.47,0,0,
08/27/2026,05:52:29:996,0.000000,0.000000,3,-88.44,-88.44,0,0,
08/27/2026,05:52:30:037,0.000000,0.000000,4,-121.44,-121.44,0,0,
08/27/2026,05:52:30:159,0.000000,0.000000,1,-124.9,-124.9,0,0,
08/27/2026,05:52:30:217,0.000000,0.000000,2,-122.08,-122.08,0,0,
08/27/2026,05:52:30:273,0.000000,0.000000,3,-97.41,-97.41,0,0,
08/27/2026,05:52:30:344,0.000000,0.000000,4,-123.94,-123.94,0,0,
08/27/2026,05:52:30:458,0.000000,0.000000,1,-122.15,-122.15,0,0,
08/27/2026,05:52:30:492,0.000000,0.000000,2,-124.72,-124.72,0,0,
08/27/2026,05:52:30:542,0.000000,0.000000,3,-93.28,-93.28,0,0,
08/27/2026,05:52:30:599,0.000000,0.000000,4,-120.6,-120.6,0,0,
08/27/2026,05:52:30:724,0.000000,0.000000,1,-121.3,-121.3,0,0,
08/27/2026,05:52:30:770,0.000000,0.000000,2,-124.8,-124.8,0,0,
08/27/2026,05:52:30:822,0.000000,0.000000,3,-87.03,-87.03,0,0,
08/27/2026,05:52:30:881,0.000000,0.000000,4,-123.61,-123.61,0,0,
08/27/2026,05:52:30:997,0.000000,0.000000,1,-123.64,-123.64,0,0,
08/27/2026,05:52:31:051,0.000000,0.000000,2,-123.34,-123.34,0,0,
08/27/2026,05:52:31:106,0.000000,0.000000,3,-88.99,-88.99,0,0,
08/27/2026,05:52:31:155,0.000000,0.000000,4,-122.73,-122.73,0,0,
08/27/2026,05:52:31:273,0.000000,0.000000,1,-123.06,-123.06,0,0,
08/27/2026,05:52:31:330,0.000000,0.000000,2,-125.96,-125.96,0,0,
08/27/2026,05:52:31:383,0.000000,0.000000,3,-92.77,-92.77,0,0,
08/27/2026,05:52:31:434,0.000000,0.000000,4,-122.08,-122.08,0,0,
08/27/2026,05:52:31:565,0.000000,0.000000,1,-122.88,-122.88,0,0,
08/27/2026,05:52:31:608,0.000000,0.000000,2,-125.1,-125.1,0,0,
08/27/2026,05:52:31:658,0.000000,0.000000,3,-90.03,-90.03,0,0,
08/27/2026,05:52:31:826,0.000000,0.000000,4,-123.2,-123.2,0,0,
08/27/2026,05:52:31:846,0.000000,0.000000,1,-122.37,-122.37,0,0,
08/27/2026,05:52:31:884,0.000000,0.000000,2,-123.41,-123.41,0,0,
08/27/2026,05:52:31:956,0.000000,0.000000,3,-87.23,-87.23,0,0,
08/27/2026,05:52:31:998,0.000000,0.000000,4,-122.35,-122.35,0,0,
08/27/2026,05:52:32:123,0.000000,0.000000,1,-123.88,-123.88,0,0,
08/27/2026,05:52:32:187,0.000000,0.000000,2,-123.49,-123.49,0,0,
08/27/2026,05:52:32:257,0.000000,0.000000,3,-95.74,-95.74,0,0,
08/27/2026,05:52:32:294,0.000000,0.000000,4,-123.56,-123.56,0,0,
08/27/2026,05:52:32:413,0.000000,0.000000,1,-123.4,-123.4,0,0,
08/27/2026,05:52:32:483,0.000000,0.000000,2,-122.13,-122.13,0,0,
08/27/2026,05:52:32:521,0.000000,0.000000,3,-94.91,-94.91,0,0,
08/27/2026,05:52:32:568,0.000000,0.000000,4,-124.02,-124.02,0,0,
08/27/2026,05:52:32:691,0.000000,0.000000,1,-124.2,-124.2,0,0,
08/27/2026,05:52:32:741,0.000000,0.000000,2,-123.92,-123.92,0,0,
08/27/2026,05:52:32:793,0.000000,0.000000,3,-91.2,-91.2,0,0,
08/27/2026,05:52:32:852,0.000000,0.000000,4,-123.29,-123.29,0,0,
08/27/2026,05:52:32:965,0.000000,0.000000,1,-126.66,-126.66,0,0,
08/27/2026,05:52:33:021,0.000000,0.000000,2,-123.96,-123.96,0,0,
08/27/2026,05:52:33:078,0.000000,0.000000,3,-88.99,-88.99,0,0,
08/27/2026,05:52:33:128,0.000000,0.000000,4,-122.2,-122.2,0,0,
08/27/2026,05:52:33:246,0.000000,0.000000,1,-124.4,-124.4,0,0,
08/27/2026,05:52:33:301,0.000000,0.000000,2,-125.33,-125.33,0,0,
08/27/2026,05:52:33:356,0.000000,0.000000,3,-89.94,-89.94,0,0,
08/27/2026,05:52:33:411,0.000000,0.000000,4,-120.42,-120.42,0,0,
08/27/2026,05:52:33:528,0.000000,0.000000,1,-120.98,-120.98,0,0,
08/27/2026,05:52:33:609,0.000000,0.000000,2,-125.43,-125.43,0,0,
08/27/2026,05:52:33:629,0.000000,0.000000,3,-97.06,-97.06,0,0,
08/27/2026,05:52:33:690,0.000000,0.000000,4,-125.33,-125.33,0,0,
08/27/2026,05:52:33:804,0.000000,0.000000,1,-123.16,-123.16,0,0,
08/27/2026,05:52:33:861,0.000000,0.000000,2,-124,-124,0,0,
08/27/2026,05:52:33:930,0.000000,0.000000,3,-92.27,-92.27,0,0,
08/27/2026,05:52:33:967,0.000000,0.000000,4,-125.08,-125.08,0,0,
08/27/2026,05:52:34:092,0.000000,0.000000,1,-123.37,-123.37,0,0,
08/27/2026,05:52:34:161,0.000000,0.000000,2,-123.61,-123.61,0,0,
08/27/2026,05:52:34:198,0.000000,0.000000,3,-90.01,-90.01,0,0,
08/27/2026,05:52:34:241,0.000000,0.000000,4,-121.75,-121.75,0,0,
08/27/2026,05:52:34:359,0.000000,0.000000,1,-122.85,-122.85,0,0,
08/27/2026,05:52:34:417,0.000000,0.000000,2,-122.8,-122.8,0,0,
08/27/2026,05:52:34:471,0.000000,0.000000,3,-97.46,-97.46,0,0,
08/27/2026,05:52:34:523,0.000000,0.000000,4,-119.89,-119.89,0,0,
08/27/2026,05:52:34:647,0.000000,0.000000,1,-123.98,-123.98,0,0,
08/27/2026,05:52:34:695,0.000000,0.000000,2,-123.61,-123.61,0,0,
08/27/2026,05:52:34:747,0.000000,0.000000,3,-91.51,-91.51,0,0,
08/27/2026,05:52:34:801,0.000000,0.000000,4,-123.73,-123.73,0,0,
08/27/2026,05:52:34:920,0.000000,0.000000,1,-123.25,-123.25,0,0,
08/27/2026,05:52:34:979,0.000000,0.000000,2,-124.11,-124.11,0,0,
08/27/2026,05:52:35:026,0.000000,0.000000,3,-95.84,-95.84,0,0,
08/27/2026,05:52:35:080,0.000000,0.000000,4,-119.44,-119.44,0,0,
08/27/2026,05:52:35:210,0.000000,0.000000,1,-122.88,-122.88,0,0,
08/27/2026,05:52:35:259,0.000000,0.000000,2,-123.68,-123.68,0,0,
08/27/2026,05:52:35:313,0.000000,0.000000,3,-91.44,-91.44,0,0,
08/27/2026,05:52:35:362,0.000000,0.000000,4,-123.99,-123.99,0,0,
08/27/2026,05:52:35:480,0.000000,0.000000,1,-122.59,-122.59,0,0,
08/27/2026,05:52:35:536,0.000000,0.000000,2,-124.01,-124.01,0,0,
08/27/2026,05:52:35:597,0.000000,0.000000,3,-94.9,-94.9,0,0,
08/27/2026,05:52:35:642,0.000000,0.000000,4,-122.57,-122.57,0,0,
08/27/2026,05:52:35:771,0.000000,0.000000,1,-123.54,-123.54,0,0,
08/27/2026,05:52:35:806,0.000000,0.000000,2,-123.53,-123.53,0,0,
08/27/2026,05:52:35:882,0.000000,0.000000,3,-90.24,-90.24,0,0,
08/27/2026,05:52:35:921,0.000000,0.000000,4,-123.86,-123.86,0,0,
08/27/2026,05:52:36:034,0.000000,0.000000,1,-123.63,-123.63,0,0,
08/27/2026,05:52:36:102,0.000000,0.000000,2,-123.57,-123.57,0,0,
08/27/2026,05:52:36:166,0.000000,0.000000,3,-92.5,-92.5,0,0,
08/27/2026,05:52:36:218,0.000000,0.000000,4,-122.6,-122.6,0,0,
08/27/2026,05:52:36:336,0.000000,0.000000,1,-122.4,-122.4,0,0,
08/27/2026,05:52:36:392,0.000000,0.000000,2,-123.03,-123.03,0,0,
08/27/2026,05:52:36:451,0.000000,0.000000,3,-86.32,-86.32,0,0,
08/27/2026,05:52:36:502,0.000000,0.000000,4,-123.75,-123.75,0,0,
08/27/2026,05:52:36:655,0.000000,0.000000,1,-123.8,-123.8,0,0,
08/27/2026,05:52:36:703,0.000000,0.000000,2,-124.91,-124.91,0,0,
08/27/2026,05:52:36:766,0.000000,0.000000,3,-89.51,-89.51,0,0,
08/27/2026,05:52:36:824,0.000000,0.000000,4,-122.28,-122.28,0,0,
08/27/2026,05:52:36:980,0.000000,0.000000,1,-124.56,-124.56,0,0,
08/27/2026,05:52:37:017,0.000000,0.000000,2,-124.41,-124.41,0,0,
08/27/2026,05:52:37:080,0.000000,0.000000,3,-90.96,-90.96,0,0,
08/27/2026,05:52:37:134,0.000000,0.000000,4,-125.04,-125.04,0,0,
08/27/2026,05:52:37:254,0.000000,0.000000,1,-127.23,-127.23,0,0,
08/27/2026,05:52:37:301,0.000000,0.000000,2,-123.78,-123.78,0,0,
08/27/2026,05:52:37:357,0.000000,0.000000,3,-90.87,-90.87,0,0,
08/27/2026,05:52:37:441,0.000000,0.000000,4,-121.2,-121.2,0,0,
08/27/2026,05:52:37:529,0.000000,0.000000,1,-124.58,-124.58,0,0,
08/27/2026,05:52:37:596,0.000000,0.000000,2,-123.42,-123.42,0,0,
08/27/2026,05:52:37:634,0.000000,0.000000,3,-97.25,-97.25,0,0,
08/27/2026,05:52:37:688,0.000000,0.000000,4,-124.45,-124.45,0,0,
08/27/2026,05:52:37:812,0.000000,0.000000,1,-125.46,-125.46,0,0,
08/27/2026,05:52:37:881,0.000000,0.000000,2,-123.38,-123.38,0,0,
08/27/2026,05:52:37:934,0.000000,0.000000,3,-90.57,-90.57,0,0,
08/27/2026,05:52:37:971,0.000000,0.000000,4,-123.14,-123.14,0,0,
08/27/2026,05:52:38:086,0.000000,0.000000,1,-125.16,-125.16,0,0,
08/27/2026,05:52:38:152,0.000000,0.000000,2,-124.01,-124.01,0,0,
08/27/2026,05:52:38:197,0.000000,0.000000,3,-94.35,-94.35,0,0,
08/27/2026,05:52:38:247,0.000000,0.000000,4,-123.09,-123.09,0,0,
08/27/2026,05:52:38:384,0.000000,0.000000,1,-122.38,-122.38,0,0,
08/27/2026,05:52:38:423,0.000000,0.000000,2,-122.66,-122.66,0,0,
08/27/2026,05:52:38:471,0.000000,0.000000,3,-95.33,-95.33,0,0,
08/27/2026,05:52:38:524,0.000000,0.000000,4,-121.56,-121.56,0,0,
08/27/2026,05:52:38:643,0.000000,0.000000,1,-123.26,-123.26,0,0,
08/27/2026,05:52:38:736,0.000000,0.000000,2,-124.9,-124.9,0,0,
08/27/2026,05:52:38:755,0.000000,0.000000,3,-88.61,-88.61,0,0,
08/27/2026,05:52:38:804,0.000000,0.000000,4,-124.07,-124.07,0,0,
08/27/2026,05:52:38:928,0.000000,0.000000,1,-123.97,-123.97,0,0,
08/27/2026,05:52:38:975,0.000000,0.000000,2,-123.51,-123.51,0,0,
08/27/2026,05:52:39:027,0.000000,0.000000,3,-87.48,-87.48,0,0,
08/27/2026,05:52:39:083,0.000000,0.000000,4,-121.7,-121.7,0,0,
08/27/2026,05:52:39:202,0.000000,0.000000,1,-122.36,-122.36,0,0,
08/27/2026,05:52:39:269,0.000000,0.000000,2,-125.59,-125.59,0,0,
08/27/2026,05:52:39:328,0.000000,0.000000,3,-92.19,-92.19,0,0,
08/27/2026,05:52:39:383,0.000000,0.000000,4,-121.95,-121.95,0,0,
08/27/2026,05:52:39:520,0.000000,0.000000,1,-123.72,-123.72,0,0,
08/27/2026,05:52:39:571,0.000000,0.000000,2,-125.08,-125.08,0,0,
08/27/2026,05:52:39:606,0.000000,0.000000,3,-102.13,-102.13,0,0,
08/27/2026,05:52:39:673,0.000000,0.000000,4,-124.59,-124.59,0,0,
08/27/2026,05:52:39:794,0.000000,0.000000,1,-124.07,-124.07,0,0,
08/27/2026,05:52:39:837,0.000000,0.000000,2,-126.19,-126.19,0,0,
08/27/2026,05:52:39:899,0.000000,0.000000,3,-90.68,-90.68,0,0,
08/27/2026,05:52:39:952,0.000000,0.000000,4,-121.13,-121.13,0,0,
08/27/2026,05:52:40:070,0.000000,0.000000,1,-124.75,-124.75,0,0,
08/27/2026,05:52:40:132,0.000000,0.000000,2,-123.79,-123.79,0,0,
08/27/2026,05:52:40:202,0.000000,0.000000,3,-90.34,-90.34,0,0,
08/27/2026,05:52:40:236,0.000000,0.000000,4,-124.9,-124.9,0,0,
08/27/2026,05:52:40:401,0.000000,0.000000,1,-123.49,-123.49,0,0,
08/27/2026,05:52:40:433,0.000000,0.000000,2,-124.15,-124.15,0,0,
08/27/2026,05:52:40:501,0.000000,0.000000,3,-93.66,-93.66,0,0,
08/27/2026,05:52:40:542,0.000000,0.000000,4,-121.96,-121.96,0,0,
08/27/2026,05:52:40:681,0.000000,0.000000,1,-124.24,-124.24,0,0,
08/27/2026,05:52:40:750,0.000000,0.000000,2,-125.15,-125.15,0,0,
08/27/2026,05:52:40:793,0.000000,0.000000,3,-92.56,-92.56,0,0,
08/27/2026,05:52:40:861,0.000000,0.000000,4,-121.49,-121.49,0,0,
08/27/2026,05:52:40:977,0.000000,0.000000,1,-123.99,-123.99,0,0,
08/27/2026,05:52:41:048,0.000000,0.000000,2,-122.74,-122.74,0,0,
08/27/2026,05:52:41:110,0.000000,0.000000,3,-92.25,-92.25,0,0,
08/27/2026,05:52:41:171,0.000000,0.000000,4,-123.59,-123.59,0,0,
08/27/2026,05:52:41:284,0.000000,0.000000,1,-124.92,-124.92,0,0,
08/27/2026,05:52:41:354,0.000000,0.000000,2,-122.84,-122.84,0,0,
08/27/2026,05:52:41:412,0.000000,0.000000,3,-93.01,-93.01,0,0,
08/27/2026,05:52:41:466,0.000000,0.000000,4,-125.66,-125.66,0,0,
08/27/2026,05:52:41:612,0.000000,0.000000,1,-125.09,-125.09,0,0,
08/27/2026,05:52:41:686,0.000000,0.000000,2,-122.26,-122.26,0,0,
08/27/2026,05:52:41:724,0.000000,0.000000,3,-94.6,-94.6,0,0,
08/27/2026,05:52:41:797,0.000000,0.000000,4,-121.17,-121.17,0,0,
08/27/2026,05:52:41:902,0.000000,0.000000,1,-122.93,-122.93,0,0,
08/27/2026,05:52:41:951,0.000000,0.000000,2,-124.41,-124.41,0,0,
08/27/2026,05:52:42:109,0.000000,0.000000,3,-99.52,-99.52,0,0,
08/27/2026,05:52:42:116,0.000000,0.000000,4,-121.02,-121.02,0,0,
08/27/2026,05:52:42:186,0.000000,0.000000,1,-122.04,-122.04,0,0,
08/27/2026,05:52:42:254,0.000000,0.000000,2,-124.52,-124.52,0,0,
08/27/2026,05:52:42:318,0.000000,0.000000,3,-88.07,-88.07,0,0,
08/27/2026,05:52:42:360,0.000000,0.000000,4,-125.16,-125.16,0,0,
08/27/2026,05:52:42:498,0.000000,0.000000,1,-123.2,-123.2,0,0,
08/27/2026,05:52:42:561,0.000000,0.000000,2,-122.85,-122.85,0,0,
08/27/2026,05:52:42:617,0.000000,0.000000,3,-91.37,-91.37,0,0,
08/27/2026,05:52:42:672,0.000000,0.000000,4,-123.56,-123.56,0,0,
08/27/2026,05:52:42:814,0.000000,0.000000,1,-124.31,-124.31,0,0,
08/27/2026,05:52:42:884,0.000000,0.000000,2,-123.12,-123.12,0,0,
08/27/2026,05:52:42:928,0.000000,0.000000,3,-96.09,-96.09,0,0,
08/27/2026,05:52:42:984,0.000000,0.000000,4,-124.78,-124.78,0,0,
08/27/2026,05:52:43:107,0.000000,0.000000,1,-124.25,-124.25,0,0,
08/27/2026,05:52:43:156,0.000000,0.000000,2,-124.61,-124.61,0,0,
08/27/2026,05:52:43:205,0.000000,0.000000,3,-91.35,-91.35,0,0,
08/27/2026,05:52:43:258,0.000000,0.000000,4,-121.51,-121.51,0,0,
08/27/2026,05:52:43:406,0.000000,0.000000,1,-122.62,-122.62,0,0,
08/27/2026,05:52:43:441,0.000000,0.000000,2,-123.05,-123.05,0,0,
08/27/2026,05:52:43:487,0.000000,0.000000,3,-93.3,-93.3,0,0,
08/27/2026,05:52:43:552,0.000000,0.000000,4,-120.98,-120.98,0,0,
08/27/2026,05:52:43:678,0.000000,0.000000,1,-125.04,-125.04,0,0,
08/27/2026,05:52:43:715,0.000000,0.000000,2,-126.61,-126.61,0,0,
08/27/2026,05:52:43:779,0.000000,0.000000,3,-87.87,-87.87,0,0,
08/27/2026,05:52:43:839,0.000000,0.000000,4,-122.28,-122.28,0,0,
08/27/2026,05:52:43:962,0.000000,0.000000,1,-122.36,-122.36,0,0,
08/27/2026,05:52:44:001,0.000000,0.000000,2,-125.93,-125.93,0,0,
08/27/2026,05:52:44:057,0.000000,0.000000,3,-92.57,-92.57,0,0,
08/27/2026,05:52:44:105,0.000000,0.000000,4,-121.86,-121.86,0,0,
08/27/2026,05:52:44:226,0.000000,0.000000,1,-124.66,-124.66,0,0,
08/27/2026,05:52:44:278,0.000000,0.000000,2,-123.68,-123.68,0,0,
08/27/2026,05:52:44:337,0.000000,0.000000,3,-99.03,-99.03,0,0,
08/27/2026,05:52:44:400,0.000000,0.000000,4,-120.33,-120.33,0,0,
08/27/2026,05:52:44:518,0.000000,0.000000,1,-123.22,-123.22,0,0,
08/27/2026,05:52:44:557,0.000000,0.000000,2,-123.13,-123.13,0,0,
08/27/2026,05:52:44:611,0.000000,0.000000,3,-92.95,-92.95,0,0,
08/27/2026,05:52:44:668,0.000000,0.000000,4,-122.91,-122.91,0,0,
08/27/2026,05:52:44:793,0.000000,0.000000,1,-125.22,-125.22,0,0,
08/27/2026,05:52:44:846,0.000000,0.000000,2,-123.31,-123.31,0,0,
08/27/2026,05:52:44:905,0.000000,0.000000,3,-90.53,-90.53,0,0,
08/27/2026,05:52:44:952,0.000000,0.000000,4,-120.71,-120.71,0,0,
08/27/2026,05:52:45:103,0.000000,0.000000,1,-124.46,-124.46,0,0,
08/27/2026,05:52:45:137,0.000000,0.000000,2,-123.72,-123.72,0,0,
08/27/2026,05:52:45:203,0.000000,0.000000,3,-98.12,-98.12,0,0,
08/27/2026,05:52:45:239,0.000000,0.000000,4,-123.92,-123.92,0,0,
08/27/2026,05:52:45:352,0.000000,0.000000,1,-121.8,-121.8,0,0,
08/27/2026,05:52:45:419,0.000000,0.000000,2,-125.18,-125.18,0,0,
08/27/2026,05:52:45:460,0.000000,0.000000,3,-97.65,-97.65,0,0,
08/27/2026,05:52:45:517,0.000000,0.000000,4,-124.15,-124.15,0,0,
08/27/2026,05:52:45:639,0.000000,0.000000,1,-125.04,-125.04,0,0,
08/27/2026,05:52:45:686,0.000000,0.000000,2,-125.55,-125.55,0,0,
08/27/2026,05:52:45:755,0.000000,0.000000,3,-100.21,-100.21,0,0,
08/27/2026,05:52:45:802,0.000000,0.000000,4,-127.14,-127.14,0,0,
08/27/2026,05:52:45:926,0.000000,0.000000,1,-124.33,-124.33,0,0,
08/27/2026,05:52:45:975,0.000000,0.000000,2,-124.62,-124.62,0,0,
08/27/2026,05:52:46:033,0.000000,0.000000,3,-100.42,-100.42,0,0,
08/27/2026,05:52:46:084,0.000000,0.000000,4,-124.71,-124.71,0,0,
08/27/2026,05:52:46:218,0.000000,0.000000,1,-123.97,-123.97,0,0,
08/27/2026,05:52:46:273,0.000000,0.000000,2,-123.6,-123.6,0,0,
08/27/2026,05:52:46:340,0.000000,0.000000,3,-100.25,-100.25,0,0,
08/27/2026,05:52:46:402,0.000000,0.000000,4,-121.55,-121.55,0,0,
08/27/2026,05:52:46:523,0.000000,0.000000,1,-126.48,-126.48,0,0,
08/27/2026,05:52:46:580,0.000000,0.000000,2,-124.64,-124.64,0,0,
08/27/2026,05:52:46:659,0.000000,0.000000,3,-98.19,-98.19,0,0,
08/27/2026,05:52:46:697,0.000000,0.000000,4,-120.95,-120.95,0,0,
08/27/2026,05:52:46:839,0.000000,0.000000,1,-124,-124,0,0,
08/27/2026,05:52:46:907,0.000000,0.000000,2,-124.28,-124.28,0,0,
08/27/2026,05:52:46:975,0.000000,0.000000,3,-92.11,-92.11,0,0,
08/27/2026,05:52:47:014,0.000000,0.000000,4,-122.62,-122.62,0,0,
08/27/2026,05:52:47:162,0.000000,0.000000,1,-126.37,-126.37,0,0,
08/27/2026,05:52:47:252,0.000000,0.000000,2,-124.81,-124.81,0,0,
08/27/2026,05:52:47:262,0.000000,0.000000,3,-91.85,-91.85,0,0,
08/27/2026,05:52:47:324,0.000000,0.000000,4,-121.98,-121.98,0,0,
08/27/2026,05:52:47:451,0.000000,0.000000,1,-123.78,-123.78,0,0,
08/27/2026,05:52:47:509,0.000000,0.000000,2,-124.12,-124.12,0,0,
08/27/2026,05:52:47:576,0.000000,0.000000,3,-94.79,-94.79,0,0,
08/27/2026,05:52:47:625,0.000000,0.000000,4,-122.92,-122.92,0,0,
08/27/2026,05:52:47:745,0.000000,0.000000,1,-124.49,-124.49,0,0,
08/27/2026,05:52:47:808,0.000000,0.000000,2,-124.35,-124.35,0,0,
08/27/2026,05:52:47:856,0.000000,0.000000,3,-97.77,-97.77,0,0,
08/27/2026,05:52:47:910,0.000000,0.000000,4,-122.77,-122.77,0,0,
08/27/2026,05:52:48:030,0.000000,0.000000,1,-124.23,-124.23,0,0,
08/27/2026,05:52:48:090,0.000000,0.000000,2,-124.78,-124.78,0,0,
08/27/2026,05:52:48:150,0.000000,0.000000,3,-93.48,-93.48,0,0,
08/27/2026,05:52:48:208,0.000000,0.000000,4,-123.18,-123.18,0,0,
08/27/2026,05:52:48:340,0.000000,0.000000,1,-124.81,-124.81,0,0,
08/27/2026,05:52:48:390,0.000000,0.000000,2,-124.67,-124.67,0,0,
08/27/2026,05:52:48:450,0.000000,0.000000,3,-92.98,-92.98,0,0,
08/27/2026,05:52:48:505,0.000000,0.000000,4,-124.15,-124.15,0,0,
08/27/2026,05:52:48:633,0.000000,0.000000,1,-125.05,-125.05,0,0,
08/27/2026,05:52:48:702,0.000000,0.000000,2,-125.12,-125.12,0,0,
08/27/2026,05:52:48:750,0.000000,0.000000,3,-89.17,-89.17,0,0,
08/27/2026,05:52:48:817,0.000000,0.000000,4,-125.19,-125.19,0,0,
08/27/2026,05:52:48:932,0.000000,0.000000,1,-124.46,-124.46,0,0,
08/27/2026,05:52:49:007,0.000000,0.000000,2,-124.95,-124.95,0,0,
08/27/2026,05:52:49:043,0.000000,0.000000,3,-87.73,-87.73,0,0,
08/27/2026,05:52:49:117,0.000000,0.000000,4,-122.6,-122.6,0,0,
08/27/2026,05:52:49:211,0.000000,0.000000,1,-124.87,-124.87,0,0,
08/27/2026,05:52:49:285,0.000000,0.000000,2,-124.39,-124.39,0,0,
08/27/2026,05:52:49:335,0.000000,0.000000,3,-99.14,-99.14,0,0,
08/27/2026,05:52:49:388,0.000000,0.000000,4,-119.99,-119.99,0,0,
08/27/2026,05:52:49:521,0.000000,0.000000,1,-121.15,-121.15,0,0,
08/27/2026,05:52:49:573,0.000000,0.000000,2,-123.06,-123.06,0,0,
08/27/2026,05:52:49:628,0.000000,0.000000,3,-86.08,-86.08,0,0,
08/27/2026,05:52:49:679,0.000000,0.000000,4,-122.69,-122.69,0,0,
08/27/2026,05:52:49:813,0.000000,0.000000,1,-124.25,-124.25,0,0,
08/27/2026,05:52:49:864,0.000000,0.000000,2,-123.14,-123.14,0,0,
08/27/2026,05:52:49:922,0.000000,0.000000,3,-95.58,-95.58,0,0,
08/27/2026,05:52:49:967,0.000000,0.000000,4,-120.12,-120.12,0,0,
08/27/2026,05:52:50:102,0.000000,0.000000,1,-125.44,-125.44,0,0,
08/27/2026,05:52:50:172,0.000000,0.000000,2,-125.55,-125.55,0,0,
08/27/2026,05:52:50:247,0.000000,0.000000,3,-88.74,-88.74,0,0,
08/27/2026,05:52:50:283,0.000000,0.000000,4,-123.12,-123.12,0,0,
08/27/2026,05:52:50:420,0.000000,0.000000,1,-123.48,-123.48,0,0,
08/27/2026,05:52:50:486,0.000000,0.000000,2,-123.28,-123.28,0,0,
08/27/2026,05:52:50:545,0.000000,0.000000,3,-93.52,-93.52,0,0,
08/27/2026,05:52:50:602,0.000000,0.000000,4,-124.64,-124.64,0,0,
08/27/2026,05:52:50:743,0.000000,0.000000,1,-124.59,-124.59,0,0,
08/27/2026,05:52:50:821,0.000000,0.000000,2,-125.41,-125.41,0,0,
08/27/2026,05:52:50:862,0.000000,0.000000,3,-92,-92,0,0,
08/27/2026,05:52:50:922,0.000000,0.000000,4,-122.81,-122.81,0,0,
08/27/2026,05:52:51:057,0.000000,0.000000,1,-122.98,-122.98,0,0,
08/27/2026,05:52:51:129,0.000000,0.000000,2,-122.76,-122.76,0,0,
08/27/2026,05:52:51:196,0.000000,0.000000,3,-99.86,-99.86,0,0,
08/27/2026,05:52:51:237,0.000000,0.000000,4,-125.02,-125.02,0,0,
08/27/2026,05:52:51:377,0.000000,0.000000,1,-124.33,-124.33,0,0,
08/27/2026,05:52:51:431,0.000000,0.000000,2,-122.71,-122.71,0,0,
08/27/2026,05:52:51:484,0.000000,0.000000,3,-93.16,-93.16,0,0,
08/27/2026,05:52:51:539,0.000000,0.000000,4,-122.55,-122.55,0,0,
08/27/2026,05:52:51:665,0.000000,0.000000,1,-123.35,-123.35,0,0,
08/27/2026,05:52:51:725,0.000000,0.000000,2,-123.7,-123.7,0,0,
08/27/2026,05:52:51:769,0.000000,0.000000,3,-97.87,-97.87,0,0,
08/27/2026,05:52:51:826,0.000000,0.000000,4,-122.78,-122.78,0,0,
08/27/2026,05:52:51:948,0.000000,0.000000,1,-122.75,-122.75,0,0,
08/27/2026,05:52:51:995,0.000000,0.000000,2,-124.8,-124.8,0,0,
08/27/2026,05:52:52:055,0.000000,0.000000,3,-99.62,-99.62,0,0,
08/27/2026,05:52:52:106,0.000000,0.000000,4,-122.27,-122.27,0,0,
08/27/2026,05:52:52:229,0.000000,0.000000,1,-125.5,-125.5,0,0,
08/27/2026,05:52:52:394,0.000000,0.000000,2,-127.07,-127.07,0,0,
08/27/2026,05:52:52:402,0.000000,0.000000,3,-91.44,-91.44,0,0,
08/27/2026,05:52:52:414,0.000000,0.000000,4,-119.19,-119.19,0,0,
08/27/2026,05:52:52:507,0.000000,0.000000,1,-125.51,-125.51,0,0,
08/27/2026,05:52:52:556,0.000000,0.000000,2,-123.54,-123.54,0,0,
08/27/2026,05:52:52:611,0.000000,0.000000,3,-94.96,-94.96,0,0,
08/27/2026,05:52:52:674,0.000000,0.000000,4,-121.87,-121.87,0,0,
08/27/2026,05:52:52:790,0.000000,0.000000,1,-123.39,-123.39,0,0,
08/27/2026,05:52:52:862,0.000000,0.000000,2,-124.01,-124.01,0,0,
08/27/2026,05:52:52:897,0.000000,0.000000,3,-87.57,-87.57,0,0,
08/27/2026,05:52:52:940,0.000000,0.000000,4,-124.16,-124.16,0,0,
08/27/2026,05:52:53:058,0.000000,0.000000,1,-121.66,-121.66,0,0,
08/27/2026,05:52:53:145,0.000000,0.000000,2,-124.75,-124.75,0,0,
08/27/2026,05:52:53:173,0.000000,0.000000,3,-90.63,-90.63,0,0,
08/27/2026,05:52:53:219,0.000000,0.000000,4,-123.45,-123.45,0,0,
08/27/2026,05:52:53:356,0.000000,0.000000,1,-125.83,-125.83,0,0,
08/27/2026,05:52:53:435,0.000000,0.000000,2,-124.99,-124.99,0,0,
08/27/2026,05:52:53:496,0.000000,0.000000,3,-94.57,-94.57,0,0,
08/27/2026,05:52:53:537,0.000000,0.000000,4,-122.94,-122.94,0,0,
08/27/2026,05:52:53:679,0.000000,0.000000,1,-124.46,-124.46,0,0,
08/27/2026,05:52:53:754,0.000000,0.000000,2,-122.64,-122.64,0,0,
08/27/2026,05:52:53:811,0.000000,0.000000,3,-92.33,-92.33,0,0,
08/27/2026,05:52:53:859,0.000000,0.000000,4,-119.85,-119.85,0,0,
08/27/2026,05:52:54:022,0.000000,0.000000,1,-124.09,-124.09,0,0,
08/27/2026,05:52:54:081,0.000000,0.000000,2,-125.24,-125.24,0,0,
08/27/2026,05:52:54:162,0.000000,0.000000,3,-93.74,-93.74,0,0,
08/27/2026,05:52:54:197,0.000000,0.000000,4,-121.66,-121.66,0,0,
08/27/2026,05:52:54:353,0.000000,0.000000,1,-124.94,-124.94,0,0,
08/27/2026,05:52:54:426,0.000000,0.000000,2,-123.88,-123.88,0,0,
08/27/2026,05:52:54:461,0.000000,0.000000,3,-102.66,-102.66,0,0,
08/27/2026,05:52:54:529,0.000000,0.000000,4,-121.97,-121.97,0,0,
08/27/2026,05:52:54:672,0.000000,0.000000,1,-126.41,-126.41,0,0,
08/27/2026,05:52:54:713,0.000000,0.000000,2,-122.29,-122.29,0,0,
08/27/2026,05:52:54:787,0.000000,0.000000,3,-93.23,-93.23,0,0,
08/27/2026,05:52:54:828,0.000000,0.000000,4,-120.99,-120.99,0,0,
08/27/2026,05:52:54:964,0.000000,0.000000,1,-122.62,-122.62,0,0,
08/27/2026,05:52:55:022,0.000000,0.000000,2,-116.95,-116.95,0,0,
08/27/2026,05:52:55:073,0.000000,0.000000,3,-94.34,-94.34,0,0,
08/27/2026,05:52:55:123,0.000000,0.000000,4,-120.54,-120.54,0,0,
08/27/2026,05:52:55:264,0.000000,0.000000,1,-123.83,-123.83,0,0,
08/27/2026,05:52:55:317,0.000000,0.000000,2,-127.33,-127.33,0,0,
08/27/2026,05:52:55:370,0.000000,0.000000,3,-94.73,-94.73,0,0,
08/27/2026,05:52:55:427,0.000000,0.000000,4,-121.92,-121.92,0,0,
08/27/2026,05:52:55:561,0.000000,0.000000,1,-123.51,-123.51,0,0,
08/27/2026,05:52:55:628,0.000000,0.000000,2,-123.09,-123.09,0,0,
08/27/2026,05:52:55:709,0.000000,0.000000,3,-90.39,-90.39,0,0,
08/27/2026,05:52:55:736,0.000000,0.000000,4,-126.09,-126.09,0,0,
08/27/2026,05:52:55:887,0.000000,0.000000,1,-123.17,-123.17,0,0,
08/27/2026,05:52:55:943,0.000000,0.000000,2,-125.69,-125.69,0,0,
08/27/2026,05:52:56:008,0.000000,0.000000,3,-93.46,-93.46,0,0,
08/27/2026,05:52:56:058,0.000000,0.000000,4,-122.94,-122.94,0,0,
08/27/2026,05:52:56:212,0.000000,0.000000,1,-126.9,-126.9,0,0,
08/27/2026,05:52:56:264,0.000000,0.000000,2,-122.49,-122.49,0,0,
08/27/2026,05:52:56:317,0.000000,0.000000,3,-94.86,-94.86,0,0,
08/27/2026,05:52:56:375,0.000000,0.000000,4,-123.3,-123.3,0,0,
08/27/2026,05:52:56:521,0.000000,0.000000,1,-123.05,-123.05,0,0,
08/27/2026,05:52:56:570,0.000000,0.000000,2,-123.95,-123.95,0,0,
08/27/2026,05:52:56:642,0.000000,0.000000,3,-93.92,-93.92,0,0,
08/27/2026,05:52:56:680,0.000000,0.000000,4,-123,-123,0,0,
08/27/2026,05:52:56:788,0.000000,0.000000,1,-123.52,-123.52,0,0,
08/27/2026,05:52:56:850,0.000000,0.000000,2,-122.6,-122.6,0,0,
08/27/2026,05:52:56:892,0.000000,0.000000,3,-89.44,-89.44,0,0,
08/27/2026,05:52:56:966,0.000000,0.000000,4,-123.49,-123.49,0,0,
08/27/2026,05:52:57:089,0.000000,0.000000,1,-122,-122,0,0,
08/27/2026,05:52:57:149,0.000000,0.000000,2,-124.72,-124.72,0,0,
08/27/2026,05:52:57:189,0.000000,0.000000,3,-96.49,-96.49,0,0,
08/27/2026,05:52:57:238,0.000000,0.000000,4,-122.84,-122.84,0,0,
08/27/2026,05:52:57:368,0.000000,0.000000,1,-124.19,-124.19,0,0,
08/27/2026,05:52:57:416,0.000000,0.000000,2,-125.08,-125.08,0,0,
08/27/2026,05:52:57:541,0.000000,0.000000,3,-93.96,-93.96,0,0,
08/27/2026,05:52:57:549,0.000000,0.000000,4,-122.56,-122.56,0,0,
08/27/2026,05:52:57:647,0.000000,0.000000,1,-124.39,-124.39,0,0,
08/27/2026,05:52:57:702,0.000000,0.000000,2,-123.94,-123.94,0,0,
08/27/2026,05:52:57:764,0.000000,0.000000,3,-92.18,-92.18,0,0,
08/27/2026,05:52:57:807,0.000000,0.000000,4,-121.24,-121.24,0,0,
08/27/2026,05:52:57:927,0.000000,0.000000,1,-124.99,-124.99,0,0,
08/27/2026,05:52:57:980,0.000000,0.000000,2,-123.02,-123.02,0,0,
08/27/2026,05:52:58:033,0.000000,0.000000,3,-95.5,-95.5,0,0,
08/27/2026,05:52:58:091,0.000000,0.000000,4,-122.16,-122.16,0,0,
08/27/2026,05:52:58:231,0.000000,0.000000,1,-123.35,-123.35,0,0,
08/27/2026,05:52:58:274,0.000000,0.000000,2,-124.15,-124.15,0,0,
08/27/2026,05:52:58:344,0.000000,0.000000,3,-87.31,-87.31,0,0,
08/27/2026,05:52:58:391,0.000000,0.000000,4,-122.04,-122.04,0,0,
08/27/2026,05:52:58:508,0.000000,0.000000,1,-123.71,-123.71,0,0,
08/27/2026,05:52:58:565,0.000000,0.000000,2,-123.65,-123.65,0,0,
08/27/2026,05:52:58:614,0.000000,0.000000,3,-86.51,-86.51,0,0,
08/27/2026,05:52:58:669,0.000000,0.000000,4,-120.13,-120.13,0,0,
08/27/2026,05:52:58:793,0.000000,0.000000,1,-122.98,-122.98,0,0,
08/27/2026,05:52:58:840,0.000000,0.000000,2,-123,-123,0,0,
08/27/2026,05:52:58:907,0.000000,0.000000,3,-94.01,-94.01,0,0,
08/27/2026,05:52:58:952,0.000000,0.000000,4,-121.77,-121.77,0,0,
08/27/2026,05:52:59:075,0.000000,0.000000,1,-121.1,-121.1,0,0,
08/27/2026,05:52:59:128,0.000000,0.000000,2,-124.72,-124.72,0,0,
08/27/2026,05:52:59:208,0.000000,0.000000,3,-91.79,-91.79,0,0,
08/27/2026,05:52:59:237,0.000000,0.000000,4,-122.4,-122.4,0,0,
08/27/2026,05:52:59:358,0.000000,0.000000,1,-124.36,-124.36,0,0,
08/27/2026,05:52:59:413,0.000000,0.000000,2,-125.44,-125.44,0,0,
08/27/2026,05:52:59:457,0.000000,0.000000,3,-87.48,-87.48,0,0,
08/27/2026,05:52:59:545,0.000000,0.000000,4,-123.32,-123.32,0,0,
08/27/2026,05:52:59:644,0.000000,0.000000,1,-124.53,-124.53,0,0,
08/27/2026,05:52:59:689,0.000000,0.000000,2,-124.52,-124.52,0,0,
08/27/2026,05:52:59:738,0.000000,0.000000,3,-90.6,-90.6,0,0,
08/27/2026,05:52:59:794,0.000000,0.000000,4,-122.05,-122.05,0,0,
08/27/2026,05:52:59:915,0.000000,0.000000,1,-123.91,-123.91,0,0,
08/27/2026,05:52:59:970,0.000000,0.000000,2,-122.91,-122.91,0,0,
08/27/2026,05:53:00:037,0.000000,0.000000,3,-91.44,-91.44,0,0,
08/27/2026,05:53:00:073,0.000000,0.000000,4,-124.62,-124.62,0,0,
08/27/2026,05:53:00:225,0.000000,0.000000,1,-122.83,-122.83,0,0,
08/27/2026,05:53:00:252,0.000000,0.000000,2,-125.02,-125.02,0,0,
08/27/2026,05:53:00:304,0.000000,0.000000,3,-93.12,-93.12,0,0,
08/27/2026,05:53:00:367,0.000000,0.000000,4,-123.25,-123.25,0,0,
08/27/2026,05:53:00:490,0.000000,0.000000,1,-122.14,-122.14,0,0,
08/27/2026,05:53:00:540,0.000000,0.000000,2,-123.65,-123.65,0,0,
08/27/2026,05:53:00:596,0.000000,0.000000,3,-99.11,-99.11,0,0,
08/27/2026,05:53:00:652,0.000000,0.000000,4,-121.13,-121.13,0,0,
08/27/2026,05:53:00:771,0.000000,0.000000,1,-123.85,-123.85,0,0,
08/27/2026,05:53:00:825,0.000000,0.000000,2,-124.07,-124.07,0,0,
08/27/2026,05:53:00:874,0.000000,0.000000,3,-92.97,-92.97,0,0,
08/27/2026,05:53:00:926,0.000000,0.000000,4,-123.34,-123.34,0,0,
08/27/2026,05:53:01:050,0.000000,0.000000,1,-122.96,-122.96,0,0,
08/27/2026,05:53:01:104,0.000000,0.000000,2,-124.69,-124.69,0,0,
08/27/2026,05:53:01:165,0.000000,0.000000,3,-88.59,-88.59,0,0,
08/27/2026,05:53:01:207,0.000000,0.000000,4,-125.73,-125.73,0,0,
08/27/2026,05:53:01:326,0.000000,0.000000,1,-124.14,-124.14,0,0,
08/27/2026,05:53:01:377,0.000000,0.000000,2,-122.93,-122.93,0,0,
08/27/2026,05:53:01:439,0.000000,0.000000,3,-86.8,-86.8,0,0,
08/27/2026,05:53:01:492,0.000000,0.000000,4,-120.13,-120.13,0,0,
08/27/2026,05:53:01:608,0.000000,0.000000,1,-126.51,-126.51,0,0,
08/27/2026,05:53:01:655,0.000000,0.000000,2,-122.64,-122.64,0,0,
08/27/2026,05:53:01:708,0.000000,0.000000,3,-93.46,-93.46,0,0,
08/27/2026,05:53:01:769,0.000000,0.000000,4,-121.84,-121.84,0,0,
08/27/2026,05:53:01:918,0.000000,0.000000,1,-125.71,-125.71,0,0,
08/27/2026,05:53:01:954,0.000000,0.000000,2,-124.58,-124.58,0,0,
08/27/2026,05:53:01:999,0.000000,0.000000,3,-90.7,-90.7,0,0,
08/27/2026,05:53:02:122,0.000000,0.000000,4,-121.89,-121.89,0,0,
08/27/2026,05:53:02:171,0.000000,0.000000,1,-125.14,-125.14,0,0,
08/27/2026,05:53:02:230,0.000000,0.000000,2,-122.64,-122.64,0,0,
08/27/2026,05:53:02:281,0.000000,0.000000,3,-89.7,-89.7,0,0,
08/27/2026,05:53:02:329,0.000000,0.000000,4,-121.92,-121.92,0,0,
08/27/2026,05:53:02:462,0.000000,0.000000,1,-124.91,-124.91,0,0,
08/27/2026,05:53:02:514,0.000000,0.000000,2,-125,-125,0,0,
08/27/2026,05:53:02:677,0.000000,0.000000,3,-86.5,-86.5,0,0,
08/27/2026,05:53:02:686,0.000000,0.000000,4,-120.84,-120.84,0,0,
08/27/2026,05:53:02:744,0.000000,0.000000,1,-124.26,-124.26,0,0,
08/27/2026,05:53:02:793,0.000000,0.000000,2,-124.79,-124.79,0,0,
08/27/2026,05:53:02:848,0.000000,0.000000,3,-84.15,-84.15,0,0,
08/27/2026,05:53:02:903,0.000000,0.000000,4,-122.5,-122.5,0,0,
08/27/2026,05:53:03:038,0.000000,0.000000,1,-123.57,-123.57,0,0,
08/27/2026,05:53:03:096,0.000000,0.000000,2,-124.08,-124.08,0,0,
08/27/2026,05:53:03:130,0.000000,0.000000,3,-93.11,-93.11,0,0,
08/27/2026,05:53:03:188,0.000000,0.000000,4,-124.31,-124.31,0,0,
08/27/2026,05:53:03:298,0.000000,0.000000,1,-125.97,-125.97,0,0,
08/27/2026,05:53:03:349,0.000000,0.000000,2,-124.14,-124.14,0,0,
08/27/2026,05:53:03:401,0.000000,0.000000,3,-87.3,-87.3,0,0,
08/27/2026,05:53:03:458,0.000000,0.000000,4,-123.77,-123.77,0,0,
08/27/2026,05:53:03:576,0.000000,0.000000,1,-122.53,-122.53,0,0,
08/27/2026,05:53:03:651,0.000000,0.000000,2,-122.3,-122.3,0,0,
08/27/2026,05:53:03:702,0.000000,0.000000,3,-86.18,-86.18,0,0,
08/27/2026,05:53:03:736,0.000000,0.000000,4,-121.13,-121.13,0,0,
08/27/2026,05:53:03:873,0.000000,0.000000,1,-122.13,-122.13,0,0,
08/27/2026,05:53:03:917,0.000000,0.000000,2,-123.13,-123.13,0,0,
08/27/2026,05:53:03:983,0.000000,0.000000,3,-91.77,-91.77,0,0,
08/27/2026,05:53:04:026,0.000000,0.000000,4,-120.94,-120.94,0,0,
08/27/2026,05:53:04:153,0.000000,0.000000,1,-123.16,-123.16,0,0,
08/27/2026,05:53:04:196,0.000000,0.000000,2,-122.78,-122.78,0,0,
08/27/2026,05:53:04:251,0.000000,0.000000,3,-82.31,-82.31,0,0,
08/27/2026,05:53:04:320,0.000000,0.000000,4,-121.16,-121.16,0,0,
08/27/2026,05:53:04:431,0.000000,0.000000,1,-123.46,-123.46,0,0,
08/27/2026,05:53:04:479,0.000000,0.000000,2,-123.22,-123.22,0,0,
08/27/2026,05:53:04:529,0.000000,0.000000,3,-84.44,-84.44,0,0,
08/27/2026,05:53:04:589,0.000000,0.000000,4,-120.3,-120.3,0,0,
08/27/2026,05:53:04:703,0.000000,0.000000,1,-124.42,-124.42,0,0,
08/27/2026,05:53:04:762,0.000000,0.000000,2,-123.25,-123.25,0,0,
08/27/2026,05:53:04:810,0.000000,0.000000,3,-82.87,-82.87,0,0,
08/27/2026,05:53:04:860,0.000000,0.000000,4,-120.86,-120.86,0,0,
08/27/2026,05:53:04:980,0.000000,0.000000,1,-122.15,-122.15,0,0,
08/27/2026,05:53:05:034,0.000000,0.000000,2,-122.63,-122.63,0,0,
08/27/2026,05:53:05:084,0.000000,0.000000,3,-84.26,-84.26,0,0,
08/27/2026,05:53:05:136,0.000000,0.000000,4,-121.26,-121.26,0,0,
08/27/2026,05:53:05:267,0.000000,0.000000,1,-123.02,-123.02,0,0,
08/27/2026,05:53:05:314,0.000000,0.000000,2,-124.1,-124.1,0,0,
08/27/2026,05:53:05:373,0.000000,0.000000,3,-85.79,-85.79,0,0,
08/27/2026,05:53:05:436,0.000000,0.000000,4,-122.16,-122.16,0,0,
08/27/2026,05:53:05:537,0.000000,0.000000,1,-122.32,-122.32,0,0,
08/27/2026,05:53:05:598,0.000000,0.000000,2,-126.17,-126.17,0,0,
08/27/2026,05:53:05:671,0.000000,0.000000,3,-85.07,-85.07,0,0,
08/27/2026,05:53:05:708,0.000000,0.000000,4,-122.53,-122.53,0,0,
08/27/2026,05:53:05:818,0.000000,0.000000,1,-124.67,-124.67,0,0,
08/27/2026,05:53:05:889,0.000000,0.000000,2,-122.71,-122.71,0,0,
08/27/2026,05:53:05:931,0.000000,0.000000,3,-84.88,-84.88,0,0,
08/27/2026,05:53:05:974,0.000000,0.000000,4,-123.87,-123.87,0,0,
08/27/2026,05:53:06:103,0.000000,0.000000,1,-123.89,-123.89,0,0,
08/27/2026,05:53:06:158,0.000000,0.000000,2,-125.12,-125.12,0,0,
08/27/2026,05:53:06:201,0.000000,0.000000,3,-84.16,-84.16,0,0,
08/27/2026,05:53:06:259,0.000000,0.000000,4,-122.34,-122.34,0,0,
08/27/2026,05:53:06:380,0.000000,0.000000,1,-125.44,-125.44,0,0,
08/27/2026,05:53:06:433,0.000000,0.000000,2,-125.53,-125.53,0,0,
08/27/2026,05:53:06:478,0.000000,0.000000,3,-91.6,-91.6,0,0,
08/27/2026,05:53:06:535,0.000000,0.000000,4,-122.66,-122.66,0,0,
08/27/2026,05:53:06:653,0.000000,0.000000,1,-124.48,-124.48,0,0,
08/27/2026,05:53:06:706,0.000000,0.000000,2,-124.12,-124.12,0,0,
08/27/2026,05:53:06:760,0.000000,0.000000,3,-85.93,-85.93,0,0,
08/27/2026,05:53:06:818,0.000000,0.000000,4,-120.18,-120.18,0,0,
08/27/2026,05:53:06:931,0.000000,0.000000,1,-125.42,-125.42,0,0,
08/27/2026,05:53:06:989,0.000000,0.000000,2,-123.92,-123.92,0,0,
08/27/2026,05:53:07:044,0.000000,0.000000,3,-85.85,-85.85,0,0,
08/27/2026,05:53:07:092,0.000000,0.000000,4,-121.88,-121.88,0,0,
08/27/2026,05:53:07:209,0.000000,0.000000,1,-124.62,-124.62,0,0,
08/27/2026,05:53:07:265,0.000000,0.000000,2,-124.43,-124.43,0,0,
08/27/2026,05:53:07:326,0.000000,0.000000,3,-87.87,-87.87,0,0,
08/27/2026,05:53:07:371,0.000000,0.000000,4,-121.99,-121.99,0,0,
08/27/2026,05:53:07:505,0.000000,0.000000,1,-125.89,-125.89,0,0,
08/27/2026,05:53:07:575,0.000000,0.000000,2,-123.79,-123.79,0,0,
08/27/2026,05:53:07:619,0.000000,0.000000,3,-84.26,-84.26,0,0,
08/27/2026,05:53:07:657,0.000000,0.000000,4,-122.2,-122.2,0,0,
08/27/2026,05:53:07:825,0.000000,0.000000,1,-124.33,-124.33,0,0,
08/27/2026,05:53:07:832,0.000000,0.000000,2,-124.8,-124.8,0,0,
08/27/2026,05:53:07:889,0.000000,0.000000,3,-82.66,-82.66,0,0,
08/27/2026,05:53:07:939,0.000000,0.000000,4,-122.63,-122.63,0,0,
08/27/2026,05:53:08:071,0.000000,0.000000,1,-123.81,-123.81,0,0,
08/27/2026,05:53:08:112,0.000000,0.000000,2,-123.31,-123.31,0,0,
08/27/2026,05:53:08:161,0.000000,0.000000,3,-80.97,-80.97,0,0,
08/27/2026,05:53:08:224,0.000000,0.000000,4,-122.91,-122.91,0,0,
08/27/2026,05:53:08:340,0.000000,0.000000,1,-123.7,-123.7,0,0,
08/27/2026,05:53:08:396,0.000000,0.000000,2,-124.42,-124.42,0,0,
08/27/2026,05:53:08:443,0.000000,0.000000,3,-84.84,-84.84,0,0,
08/27/2026,05:53:08:508,0.000000,0.000000,4,-123.2,-123.2,0,0,
08/27/2026,05:53:08:620,0.000000,0.000000,1,-123.12,-123.12,0,0,
08/27/2026,05:53:08:667,0.000000,0.000000,2,-123.28,-123.28,0,0,
08/27/2026,05:53:08:725,0.000000,0.000000,3,-86.82,-86.82,0,0,
08/27/2026,05:53:08:778,0.000000,0.000000,4,-122.47,-122.47,0,0,
08/27/2026,05:53:08:895,0.000000,0.000000,1,-124.19,-124.19,0,0,
08/27/2026,05:53:08:947,0.000000,0.000000,2,-125.89,-125.89,0,0,
08/27/2026,05:53:09:005,0.000000,0.000000,3,-86.21,-86.21,0,0,
08/27/2026,05:53:09:060,0.000000,0.000000,4,-122.51,-122.51,0,0,
08/27/2026,05:53:09:180,0.000000,0.000000,1,-123.02,-123.02,0,0,
08/27/2026,05:53:09:230,0.000000,0.000000,2,-124.98,-124.98,0,0,
08/27/2026,05:53:09:281,0.000000,0.000000,3,-86.27,-86.27,0,0,
08/27/2026,05:53:09:334,0.000000,0.000000,4,-122.77,-122.77,0,0,
08/27/2026,05:53:09:474,0.000000,0.000000,1,-123.84,-123.84,0,0,
08/27/2026,05:53:09:517,0.000000,0.000000,2,-125.68,-125.68,0,0,
08/27/2026,05:53:09:554,0.000000,0.000000,3,-83.44,-83.44,0,0,
08/27/2026,05:53:09:623,0.000000,0.000000,4,-121.47,-121.47,0,0,
08/27/2026,05:53:09:730,0.000000,0.000000,1,-123.3,-123.3,0,0,
08/27/2026,05:53:09:787,0.000000,0.000000,2,-124.95,-124.95,0,0,
08/27/2026,05:53:09:839,0.000000,0.000000,3,-90.53,-90.53,0,0,
08/27/2026,05:53:09:902,0.000000,0.000000,4,-119.83,-119.83,0,0,
08/27/2026,05:53:10:014,0.000000,0.000000,1,-122.43,-122.43,0,0,
08/27/2026,05:53:10:062,0.000000,0.000000,2,-124.5,-124.5,0,0,
08/27/2026,05:53:10:119,0.000000,0.000000,3,-85.77,-85.77,0,0,
08/27/2026,05:53:10:184,0.000000,0.000000,4,-122.06,-122.06,0,0,
08/27/2026,05:53:10:291,0.000000,0.000000,1,-122.66,-122.66,0,0,
08/27/2026,05:53:10:339,0.000000,0.000000,2,-122.43,-122.43,0,0,
08/27/2026,05:53:10:396,0.000000,0.000000,3,-84.98,-84.98,0,0,
08/27/2026,05:53:10:457,0.000000,0.000000,4,-121.26,-121.26,0,0,
08/27/2026,05:53:10:607,0.000000,0.000000,1,-123,-123,0,0,
08/27/2026,05:53:10:659,0.000000,0.000000,2,-122.14,-122.14,0,0,
08/27/2026,05:53:10:731,0.000000,0.000000,3,-94.25,-94.25,0,0,
08/27/2026,05:53:10:765,0.000000,0.000000,4,-122.7,-122.7,0,0,
08/27/2026,05:53:10:890,0.000000,0.000000,1,-123.56,-123.56,0,0,
08/27/2026,05:53:10:945,0.000000,0.000000,2,-121.06,-121.06,0,0,
08/27/2026,05:53:11:002,0.000000,0.000000,3,-84.04,-84.04,0,0,
08/27/2026,05:53:11:074,0.000000,0.000000,4,-121.7,-121.7,0,0,
08/27/2026,05:53:11:191,0.000000,0.000000,1,-122.25,-122.25,0,0,
08/27/2026,05:53:11:227,0.000000,0.000000,2,-120.85,-120.85,0,0,
08/27/2026,05:53:11:292,0.000000,0.000000,3,-89.36,-89.36,0,0,
08/27/2026,05:53:11:333,0.000000,0.000000,4,-121.76,-121.76,0,0,
08/27/2026,05:53:11:450,0.000000,0.000000,1,-124.32,-124.32,0,0,
08/27/2026,05:53:11:502,0.000000,0.000000,2,-124.19,-124.19,0,0,
08/27/2026,05:53:11:555,0.000000,0.000000,3,-89.06,-89.06,0,0,
08/27/2026,05:53:11:601,0.000000,0.000000,4,-123.19,-123.19,0,0,
08/27/2026,05:53:11:727,0.000000,0.000000,1,-124.72,-124.72,0,0,
08/27/2026,05:53:11:775,0.000000,0.000000,2,-123.25,-123.25,0,0,
08/27/2026,05:53:11:833,0.000000,0.000000,3,-88.26,-88.26,0,0,
08/27/2026,05:53:11:885,0.000000,0.000000,4,-123.61,-123.61,0,0,
08/27/2026,05:53:12:005,0.000000,0.000000,1,-123.1,-123.1,0,0,
08/27/2026,05:53:12:058,0.000000,0.000000,2,-123.65,-123.65,0,0,
08/27/2026,05:53:12:107,0.000000,0.000000,3,-86.19,-86.19,0,0,
08/27/2026,05:53:12:163,0.000000,0.000000,4,-123.6,-123.6,0,0,
08/27/2026,05:53:12:287,0.000000,0.000000,1,-121.34,-121.34,0,0,
08/27/2026,05:53:12:340,0.000000,0.000000,2,-122.65,-122.65,0,0,
08/27/2026,05:53:12:386,0.000000,0.000000,3,-84.28,-84.28,0,0,
08/27/2026,05:53:12:445,0.000000,0.000000,4,-122.9,-122.9,0,0,
08/27/2026,05:53:12:568,0.000000,0.000000,1,-123.08,-123.08,0,0,
08/27/2026,05:53:12:616,0.000000,0.000000,2,-120.58,-120.58,0,0,
08/27/2026,05:53:12:669,0.000000,0.000000,3,-86.43,-86.43,0,0,
08/27/2026,05:53:12:717,0.000000,0.000000,4,-122.37,-122.37,0,0,
08/27/2026,05:53:12:842,0.000000,0.000000,1,-124.4,-124.4,0,0,
08/27/2026,05:53:12:966,0.000000,0.000000,2,-122.36,-122.36,0,0,
08/27/2026,05:53:12:977,0.000000,0.000000,3,-83.69,-83.69,0,0,
08/27/2026,05:53:13:000,0.000000,0.000000,4,-121.83,-121.83,0,0,
08/27/2026,05:53:13:124,0.000000,0.000000,1,-122.49,-122.49,0,0,
08/27/2026,05:53:13:172,0.000000,0.000000,2,-121.34,-121.34,0,0,
08/27/2026,05:53:13:241,0.000000,0.000000,3,-83.33,-83.33,0,0,
08/27/2026,05:53:13:286,0.000000,0.000000,4,-122.7,-122.7,0,0,
08/27/2026,05:53:13:406,0.000000,0.000000,1,-124.21,-124.21,0,0,
08/27/2026,05:53:13:459,0.000000,0.000000,2,-121.84,-121.84,0,0,
08/27/2026,05:53:13:508,0.000000,0.000000,3,-91.79,-91.79,0,0,
08/27/2026,05:53:13:557,0.000000,0.000000,4,-121.98,-121.98,0,0,
08/27/2026,05:53:13:677,0.000000,0.000000,1,-123.59,-123.59,0,0,
08/27/2026,05:53:13:727,0.000000,0.000000,2,-120.75,-120.75,0,0,
08/27/2026,05:53:13:785,0.000000,0.000000,3,-79.14,-79.14,0,0,
08/27/2026,05:53:13:839,0.000000,0.000000,4,-120.26,-120.26,0,0,
08/27/2026,05:53:13:956,0.000000,0.000000,1,-124.98,-124.98,0,0,
08/27/2026,05:53:14:006,0.000000,0.000000,2,-117.2,-117.2,0,0,
08/27/2026,05:53:14:070,0.000000,0.000000,3,-83.79,-83.79,0,0,
08/27/2026,05:53:14:111,0.000000,0.000000,4,-120.83,-120.83,0,0,
08/27/2026,05:53:14:237,0.000000,0.000000,1,-121.83,-121.83,0,0,
08/27/2026,05:53:14:291,0.000000,0.000000,2,-122.18,-122.18,0,0,
08/27/2026,05:53:14:340,0.000000,0.000000,3,-84.49,-84.49,0,0,
08/27/2026,05:53:14:392,0.000000,0.000000,4,-120.03,-120.03,0,0,
08/27/2026,05:53:14:518,0.000000,0.000000,1,-122.57,-122.57,0,0,
08/27/2026,05:53:14:565,0.000000,0.000000,2,-119.65,-119.65,0,0,
08/27/2026,05:53:14:635,0.000000,0.000000,3,-83.52,-83.52,0,0,
08/27/2026,05:53:14:677,0.000000,0.000000,4,-122.83,-122.83,0,0,
08/27/2026,05:53:14:790,0.000000,0.000000,1,-124.41,-124.41,0,0,
08/27/2026,05:53:14:848,0.000000,0.000000,2,-123.86,-123.86,0,0,
08/27/2026,05:53:14:903,0.000000,0.000000,3,-83.23,-83.23,0,0,
08/27/2026,05:53:14:954,0.000000,0.000000,4,-123.26,-123.26,0,0,
08/27/2026,05:53:15:071,0.000000,0.000000,1,-123.88,-123.88,0,0,
08/27/2026,05:53:15:125,0.000000,0.000000,2,-123.56,-123.56,0,0,
08/27/2026,05:53:15:204,0.000000,0.000000,3,-86.63,-86.63,0,0,
08/27/2026,05:53:15:239,0.000000,0.000000,4,-123.71,-123.71,0,0,
08/27/2026,05:53:15:349,0.000000,0.000000,1,-122.48,-122.48,0,0,
08/27/2026,05:53:15:406,0.000000,0.000000,2,-119.93,-119.93,0,0,
08/27/2026,05:53:15:459,0.000000,0.000000,3,-89.72,-89.72,0,0,
08/27/2026,05:53:15:515,0.000000,0.000000,4,-123.76,-123.76,0,0,
08/27/2026,05:53:15:633,0.000000,0.000000,1,-123.31,-123.31,0,0,
08/27/2026,05:53:15:685,0.000000,0.000000,2,-123.33,-123.33,0,0,
08/27/2026,05:53:15:732,0.000000,0.000000,3,-83.46,-83.46,0,0,
08/27/2026,05:53:15:787,0.000000,0.000000,4,-122.13,-122.13,0,0,
08/27/2026,05:53:15:916,0.000000,0.000000,1,-123.98,-123.98,0,0,
08/27/2026,05:53:15:964,0.000000,0.000000,2,-122.81,-122.81,0,0,
08/27/2026,05:53:16:020,0.000000,0.000000,3,-81.91,-81.91,0,0,
08/27/2026,05:53:16:063,0.000000,0.000000,4,-120.93,-120.93,0,0,
08/27/2026,05:53:16:194,0.000000,0.000000,1,-124.33,-124.33,0,0,
08/27/2026,05:53:16:248,0.000000,0.000000,2,-125.58,-125.58,0,0,
08/27/2026,05:53:16:294,0.000000,0.000000,3,-80,-80,0,0,
08/27/2026,05:53:16:351,0.000000,0.000000,4,-121.1,-121.1,0,0,
08/27/2026,05:53:16:463,0.000000,0.000000,1,-122.93,-122.93,0,0,
08/27/2026,05:53:16:516,0.000000,0.000000,2,-125.51,-125.51,0,0,
08/27/2026,05:53:16:581,0.000000,0.000000,3,-79.13,-79.13,0,0,
08/27/2026,05:53:16:622,0.000000,0.000000,4,-122.41,-122.41,0,0,
08/27/2026,05:53:16:752,0.000000,0.000000,1,-124.83,-124.83,0,0,
08/27/2026,05:53:16:823,0.000000,0.000000,2,-125.1,-125.1,0,0,
08/27/2026,05:53:16:860,0.000000,0.000000,3,-79.59,-79.59,0,0,
08/27/2026,05:53:16:901,0.000000,0.000000,4,-121.38,-121.38,0,0,
08/27/2026,05:53:17:021,0.000000,0.000000,1,-125.37,-125.37,0,0,
08/27/2026,05:53:17:079,0.000000,0.000000,2,-123.5,-123.5,0,0,
08/27/2026,05:53:17:129,0.000000,0.000000,3,-82.26,-82.26,0,0,
08/27/2026,05:53:17:186,0.000000,0.000000,4,-123.38,-123.38,0,0,
08/27/2026,05:53:17:300,0.000000,0.000000,1,-121.65,-121.65,0,0,
08/27/2026,05:53:17:359,0.000000,0.000000,2,-122.78,-122.78,0,0,
08/27/2026,05:53:17:406,0.000000,0.000000,3,-77.6,-77.6,0,0,
08/27/2026,05:53:17:466,0.000000,0.000000,4,-122.34,-122.34,0,0,
08/27/2026,05:53:17:581,0.000000,0.000000,1,-122.41,-122.41,0,0,
08/27/2026,05:53:17:631,0.000000,0.000000,2,-124.08,-124.08,0,0,
08/27/2026,05:53:17:693,0.000000,0.000000,3,-76.65,-76.65,0,0,
08/27/2026,05:53:17:752,0.000000,0.000000,4,-122.84,-122.84,0,0,
08/27/2026,05:53:17:866,0.000000,0.000000,1,-123.57,-123.57,0,0,
08/27/2026,05:53:17:921,0.000000,0.000000,2,-124.58,-124.58,0,0,
08/27/2026,05:53:17:965,0.000000,0.000000,3,-81.23,-81.23,0,0,
08/27/2026,05:53:18:111,0.000000,0.000000,4,-122.42,-122.42,0,0,
08/27/2026,05:53:18:141,0.000000,0.000000,1,-121.41,-121.41,0,0,
08/27/2026,05:53:18:189,0.000000,0.000000,2,-122.24,-122.24,0,0,
08/27/2026,05:53:18:250,0.000000,0.000000,3,-77.4,-77.4,0,0,
08/27/2026,05:53:18:300,0.000000,0.000000,4,-121.56,-121.56,0,0,
08/27/2026,05:53:18:418,0.000000,0.000000,1,-124.28,-124.28,0,0,
08/27/2026,05:53:18:473,0.000000,0.000000,2,-126.51,-126.51,0,0,
08/27/2026,05:53:18:526,0.000000,0.000000,3,-76.57,-76.57,0,0,
08/27/2026,05:53:18:577,0.000000,0.000000,4,-118.7,-118.7,0,0,
08/27/2026,05:53:18:745,0.000000,0.000000,1,-121.53,-121.53,0,0,
08/27/2026,05:53:18:786,0.000000,0.000000,2,-122.86,-122.86,0,0,
08/27/2026,05:53:18:821,0.000000,0.000000,3,-81.84,-81.84,0,0,
08/27/2026,05:53:18:863,0.000000,0.000000,4,-120.36,-120.36,0,0,
08/27/2026,05:53:19:001,0.000000,0.000000,1,-125.8,-125.8,0,0,
08/27/2026,05:53:19:041,0.000000,0.000000,2,-123.07,-123.07,0,0,
08/27/2026,05:53:19:093,0.000000,0.000000,3,-78.75,-78.75,0,0,
08/27/2026,05:53:19:152,0.000000,0.000000,4,-119.79,-119.79,0,0,
08/27/2026,05:53:19:264,0.000000,0.000000,1,-123.82,-123.82,0,0,
08/27/2026,05:53:19:321,0.000000,0.000000,2,-125.62,-125.62,0,0,
08/27/2026,05:53:19:377,0.000000,0.000000,3,-78.72,-78.72,0,0,
08/27/2026,05:53:19:423,0.000000,0.000000,4,-119.18,-119.18,0,0,
08/27/2026,05:53:19:544,0.000000,0.000000,1,-124.34,-124.34,0,0,
08/27/2026,05:53:19:597,0.000000,0.000000,2,-123.26,-123.26,0,0,
08/27/2026,05:53:19:654,0.000000,0.000000,3,-79.86,-79.86,0,0,
08/27/2026,05:53:19:702,0.000000,0.000000,4,-123.83,-123.83,0,0,
08/27/2026,05:53:19:820,0.000000,0.000000,1,-122.54,-122.54,0,0,
08/27/2026,05:53:19:874,0.000000,0.000000,2,-125.55,-125.55,0,0,
08/27/2026,05:53:19:927,0.000000,0.000000,3,-86.62,-86.62,0,0,
08/27/2026,05:53:19:977,0.000000,0.000000,4,-121.74,-121.74,0,0,
08/27/2026,05:53:20:105,0.000000,0.000000,1,-123.25,-123.25,0,0,
08/27/2026,05:53:20:157,0.000000,0.000000,2,-126.6,-126.6,0,0,
08/27/2026,05:53:20:210,0.000000,0.000000,3,-75.44,-75.44,0,0,
08/27/2026,05:53:20:262,0.000000,0.000000,4,-116.7,-116.7,0,0,
08/27/2026,05:53:20:395,0.000000,0.000000,1,-124.68,-124.68,0,0,
08/27/2026,05:53:20:444,0.000000,0.000000,2,-122.77,-122.77,0,0,
08/27/2026,05:53:20:494,0.000000,0.000000,3,-78.79,-78.79,0,0,
08/27/2026,05:53:20:548,0.000000,0.000000,4,-120.56,-120.56,0,0,
08/27/2026,05:53:20:686,0.000000,0.000000,1,-123.06,-123.06,0,0,
08/27/2026,05:53:20:726,0.000000,0.000000,2,-123.01,-123.01,0,0,
08/27/2026,05:53:20:804,0.000000,0.000000,3,-80.44,-80.44,0,0,
08/27/2026,05:53:20:841,0.000000,0.000000,4,-117.84,-117.84,0,0,
08/27/2026,05:53:20:964,0.000000,0.000000,1,-124.35,-124.35,0,0,
08/27/2026,05:53:21:012,0.000000,0.000000,2,-121.13,-121.13,0,0,
08/27/2026,05:53:21:066,0.000000,0.000000,3,-81.32,-81.32,0,0,
08/27/2026,05:53:21:115,0.000000,0.000000,4,-120.36,-120.36,0,0,
08/27/2026,05:53:21:235,0.000000,0.000000,1,-124.9,-124.9,0,0,
08/27/2026,05:53:21:289,0.000000,0.000000,2,-124.24,-124.24,0,0,
08/27/2026,05:53:21:340,0.000000,0.000000,3,-80.34,-80.34,0,0,
08/27/2026,05:53:21:399,0.000000,0.000000,4,-120.52,-120.52,0,0,
08/27/2026,05:53:21:519,0.000000,0.000000,1,-123.21,-123.21,0,0,
08/27/2026,05:53:21:572,0.000000,0.000000,2,-119.66,-119.66,0,0,
08/27/2026,05:53:21:619,0.000000,0.000000,3,-80.1,-80.1,0,0,
08/27/2026,05:53:21:671,0.000000,0.000000,4,-120.18,-120.18,0,0,
08/27/2026,05:53:21:795,0.000000,0.000000,1,-123,-123,0,0,
08/27/2026,05:53:21:846,0.000000,0.000000,2,-121.08,-121.08,0,0,
08/27/2026,05:53:21:900,0.000000,0.000000,3,-76.54,-76.54,0,0,
08/27/2026,05:53:21:952,0.000000,0.000000,4,-119.38,-119.38,0,0,
08/27/2026,05:53:22:071,0.000000,0.000000,1,-120.45,-120.45,0,0,
08/27/2026,05:53:22:127,0.000000,0.000000,2,-119.61,-119.61,0,0,
08/27/2026,05:53:22:179,0.000000,0.000000,3,-81.23,-81.23,0,0,
08/27/2026,05:53:22:240,0.000000,0.000000,4,-120.58,-120.58,0,0,
08/27/2026,05:53:22:356,0.000000,0.000000,1,-120.71,-120.71,0,0,
08/27/2026,05:53:22:426,0.000000,0.000000,2,-121.03,-121.03,0,0,
08/27/2026,05:53:22:465,0.000000,0.000000,3,-84.9,-84.9,0,0,
08/27/2026,05:53:22:535,0.000000,0.000000,4,-122.48,-122.48,0,0,
08/27/2026,05:53:22:646,0.000000,0.000000,1,-119.97,-119.97,0,0,
08/27/2026,05:53:22:686,0.000000,0.000000,2,-119.9,-119.9,0,0,
08/27/2026,05:53:22:734,0.000000,0.000000,3,-79.19,-79.19,0,0,
08/27/2026,05:53:22:790,0.000000,0.000000,4,-118.22,-118.22,0,0,
08/27/2026,05:53:22:910,0.000000,0.000000,1,-119.42,-119.42,0,0,
08/27/2026,05:53:22:974,0.000000,0.000000,2,-123.5,-123.5,0,0,
08/27/2026,05:53:23:014,0.000000,0.000000,3,-81.22,-81.22,0,0,
08/27/2026,05:53:23:083,0.000000,0.000000,4,-119.89,-119.89,0,0,
08/27/2026,05:53:23:253,0.000000,0.000000,1,-122.07,-122.07,0,0,
08/27/2026,05:53:23:264,0.000000,0.000000,2,-118.04,-118.04,0,0,
08/27/2026,05:53:23:302,0.000000,0.000000,3,-84.35,-84.35,0,0,
08/27/2026,05:53:23:354,0.000000,0.000000,4,-117.47,-117.47,0,0,
08/27/2026,05:53:23:476,0.000000,0.000000,1,-119.29,-119.29,0,0,
08/27/2026,05:53:23:541,0.000000,0.000000,2,-119.53,-119.53,0,0,
08/27/2026,05:53:23:584,0.000000,0.000000,3,-78.75,-78.75,0,0,
08/27/2026,05:53:23:639,0.000000,0.000000,4,-120.07,-120.07,0,0,
08/27/2026,05:53:23:753,0.000000,0.000000,1,-119.57,-119.57,0,0,
08/27/2026,05:53:23:811,0.000000,0.000000,2,-121.87,-121.87,0,0,
08/27/2026,05:53:23:861,0.000000,0.000000,3,-79.74,-79.74,0,0,
08/27/2026,05:53:23:913,0.000000,0.000000,4,-119.39,-119.39,0,0,
08/27/2026,05:53:24:034,0.000000,0.000000,1,-118.98,-118.98,0,0,
08/27/2026,05:53:24:094,0.000000,0.000000,2,-120.85,-120.85,0,0,
08/27/2026,05:53:24:144,0.000000,0.000000,3,-85.55,-85.55,0,0,
08/27/2026,05:53:24:193,0.000000,0.000000,4,-120.61,-120.61,0,0,
08/27/2026,05:53:24:340,0.000000,0.000000,1,-122.61,-122.61,0,0,
08/27/2026,05:53:24:384,0.000000,0.000000,2,-122.22,-122.22,0,0,
08/27/2026,05:53:24:425,0.000000,0.000000,3,-75.84,-75.84,0,0,
08/27/2026,05:53:24:474,0.000000,0.000000,4,-120.22,-120.22,0,0,
08/27/2026,05:53:24:593,0.000000,0.000000,1,-123.04,-123.04,0,0,
08/27/2026,05:53:24:644,0.000000,0.000000,2,-125.16,-125.16,0,0,
08/27/2026,05:53:24:704,0.000000,0.000000,3,-80.73,-80.73,0,0,
08/27/2026,05:53:24:748,0.000000,0.000000,4,-121.23,-121.23,0,0,
08/27/2026,05:53:24:873,0.000000,0.000000,1,-124.54,-124.54,0,0,
08/27/2026,05:53:24:933,0.000000,0.000000,2,-124.85,-124.85,0,0,
08/27/2026,05:53:24:974,0.000000,0.000000,3,-78.46,-78.46,0,0,
08/27/2026,05:53:25:036,0.000000,0.000000,4,-120.46,-120.46,0,0,
08/27/2026,05:53:25:152,0.000000,0.000000,1,-122.98,-122.98,0,0,
08/27/2026,05:53:25:203,0.000000,0.000000,2,-122.95,-122.95,0,0,
08/27/2026,05:53:25:269,0.000000,0.000000,3,-77.92,-77.92,0,0,
08/27/2026,05:53:25:312,0.000000,0.000000,4,-119.83,-119.83,0,0,
08/27/2026,05:53:25:437,0.000000,0.000000,1,-123.05,-123.05,0,0,
08/27/2026,05:53:25:503,0.000000,0.000000,2,-123.29,-123.29,0,0,
08/27/2026,05:53:25:560,0.000000,0.000000,3,-75.42,-75.42,0,0,
08/27/2026,05:53:25:617,0.000000,0.000000,4,-120.26,-120.26,0,0,
08/27/2026,05:53:25:726,0.000000,0.000000,1,-119.94,-119.94,0,0,
08/27/2026,05:53:25:791,0.000000,0.000000,2,-121.63,-121.63,0,0,
08/27/2026,05:53:25:852,0.000000,0.000000,3,-75.69,-75.69,0,0,
08/27/2026,05:53:25:906,0.000000,0.000000,4,-114.41,-114.41,0,0,
08/27/2026,05:53:26:034,0.000000,0.000000,1,-113.79,-113.79,0,0,
08/27/2026,05:53:26:111,0.000000,0.000000,2,-117.74,-117.74,0,0,
08/27/2026,05:53:26:158,0.000000,0.000000,3,-78.19,-78.19,0,0,
08/27/2026,05:53:26:193,0.000000,0.000000,4,-123.56,-123.56,0,0,
08/27/2026,05:53:26:347,0.000000,0.000000,1,-123.85,-123.85,0,0,
08/27/2026,05:53:26:381,0.000000,0.000000,2,-122.14,-122.14,0,0,
08/27/2026,05:53:26:435,0.000000,0.000000,3,-77.11,-77.11,0,0,
08/27/2026,05:53:26:473,0.000000,0.000000,4,-121.9,-121.9,0,0,
08/27/2026,05:53:26:593,0.000000,0.000000,1,-122.92,-122.92,0,0,
08/27/2026,05:53:26:647,0.000000,0.000000,2,-123.36,-123.36,0,0,
08/27/2026,05:53:26:700,0.000000,0.000000,3,-75.75,-75.75,0,0,
08/27/2026,05:53:26:754,0.000000,0.000000,4,-121.55,-121.55,0,0,
08/27/2026,05:53:26:888,0.000000,0.000000,1,-124.06,-124.06,0,0,
08/27/2026,05:53:26:941,0.000000,0.000000,2,-125.02,-125.02,0,0,
08/27/2026,05:53:26:999,0.000000,0.000000,3,-81.81,-81.81,0,0,
08/27/2026,05:53:27:050,0.000000,0.000000,4,-120.49,-120.49,0,0,
08/27/2026,05:53:27:188,0.000000,0.000000,1,-120.63,-120.63,0,0,
08/27/2026,05:53:27:246,0.000000,0.000000,2,-122.83,-122.83,0,0,
08/27/2026,05:53:27:296,0.000000,0.000000,3,-73.09,-73.09,0,0,
08/27/2026,05:53:27:359,0.000000,0.000000,4,-119.44,-119.44,0,0,
08/27/2026,05:53:27:484,0.000000,0.000000,1,-120.57,-120.57,0,0,
08/27/2026,05:53:27:537,0.000000,0.000000,2,-121.48,-121.48,0,0,
08/27/2026,05:53:27:584,0.000000,0.000000,3,-81.72,-81.72,0,0,
08/27/2026,05:53:27:644,0.000000,0.000000,4,-120.87,-120.87,0,0,
08/27/2026,05:53:27:769,0.000000,0.000000,1,-121.57,-121.57,0,0,
08/27/2026,05:53:27:813,0.000000,0.000000,2,-121.77,-121.77,0,0,
08/27/2026,05:53:27:868,0.000000,0.000000,3,-82.65,-82.65,0,0,
08/27/2026,05:53:27:920,0.000000,0.000000,4,-122.76,-122.76,0,0,
08/27/2026,05:53:28:054,0.000000,0.000000,1,-122.93,-122.93,0,0,
08/27/2026,05:53:28:121,0.000000,0.000000,2,-122.54,-122.54,0,0,
08/27/2026,05:53:28:193,0.000000,0.000000,3,-76.4,-76.4,0,0,
08/27/2026,05:53:28:240,0.000000,0.000000,4,-122.08,-122.08,0,0,
08/27/2026,05:53:28:871,0.000000,0.000000,1,-122.31,-122.31,0,0,
08/27/2026,05:53:28:880,0.000000,0.000000,2,-123.32,-123.32,0,0,
08/27/2026,05:53:28:889,0.000000,0.000000,3,-78.86,-78.86,0,0,
08/27/2026,05:53:28:910,0.000000,0.000000,4,-121.48,-121.48,0,0,
08/27/2026,05:53:28:981,0.000000,0.000000,1,-118.4,-118.4,0,0,
08/27/2026,05:53:28:988,0.000000,0.000000,2,-122.11,-122.11,0,0,
08/27/2026,05:53:29:014,0.000000,0.000000,3,-81.67,-81.67,0,0,
08/27/2026,05:53:29:023,0.000000,0.000000,4,-120.4,-120.4,0,0,
08/27/2026,05:53:29:065,0.000000,0.000000,1,-122.07,-122.07,0,0,
08/27/2026,05:53:29:072,0.000000,0.000000,2,-124.76,-124.76,0,0,
08/27/2026,05:53:29:115,0.000000,0.000000,3,-78.23,-78.23,0,0,
08/27/2026,05:53:29:170,0.000000,0.000000,4,-124.25,-124.25,0,0,
08/27/2026,05:53:29:321,0.000000,0.000000,1,-119.22,-119.22,0,0,
08/27/2026,05:53:29:375,0.000000,0.000000,2,-127.14,-127.14,0,0,
08/27/2026,05:53:29:432,0.000000,0.000000,3,-86.79,-86.79,0,0,
08/27/2026,05:53:29:491,0.000000,0.000000,4,-124.1,-124.1,0,0,
08/27/2026,05:53:29:614,0.000000,0.000000,1,-124.16,-124.16,0,0,
08/27/2026,05:53:29:667,0.000000,0.000000,2,-124.94,-124.94,0,0,
08/27/2026,05:53:29:753,0.000000,0.000000,3,-84.71,-84.71,0,0,
08/27/2026,05:53:29:790,0.000000,0.000000,4,-123.35,-123.35,0,0,
08/27/2026,05:53:29:924,0.000000,0.000000,1,-119.11,-119.11,0,0,
08/27/2026,05:53:29:957,0.000000,0.000000,2,-122.39,-122.39,0,0,
08/27/2026,05:53:30:001,0.000000,0.000000,3,-79.94,-79.94,0,0,
08/27/2026,05:53:30:067,0.000000,0.000000,4,-122.96,-122.96,0,0,
08/27/2026,05:53:30:216,0.000000,0.000000,1,-122.32,-122.32,0,0,
08/27/2026,05:53:30:272,0.000000,0.000000,2,-122.28,-122.28,0,0,
08/27/2026,05:53:30:318,0.000000,0.000000,3,-81.11,-81.11,0,0,
08/27/2026,05:53:30:376,0.000000,0.000000,4,-124.52,-124.52,0,0,
08/27/2026,05:53:30:516,0.000000,0.000000,1,-124.85,-124.85,0,0,
08/27/2026,05:53:30:595,0.000000,0.000000,2,-124.8,-124.8,0,0,
08/27/2026,05:53:30:629,0.000000,0.000000,3,-84.19,-84.19,0,0,
08/27/2026,05:53:30:673,0.000000,0.000000,4,-119.85,-119.85,0,0,
08/27/2026,05:53:30:786,0.000000,0.000000,1,-124.06,-124.06,0,0,
08/27/2026,05:53:30:848,0.000000,0.000000,2,-125.4,-125.4,0,0,
08/27/2026,05:53:30:889,0.000000,0.000000,3,-81.59,-81.59,0,0,
08/27/2026,05:53:30:941,0.000000,0.000000,4,-123.47,-123.47,0,0,
08/27/2026,05:53:31:062,0.000000,0.000000,1,-122.48,-122.48,0,0,
08/27/2026,05:53:31:118,0.000000,0.000000,2,-122.66,-122.66,0,0,
08/27/2026,05:53:31:169,0.000000,0.000000,3,-85.57,-85.57,0,0,
08/27/2026,05:53:31:221,0.000000,0.000000,4,-123.79,-123.79,0,0,
08/27/2026,05:53:31:342,0.000000,0.000000,1,-121.91,-121.91,0,0,
08/27/2026,05:53:31:412,0.000000,0.000000,2,-124.28,-124.28,0,0,
08/27/2026,05:53:31:452,0.000000,0.000000,3,-82.73,-82.73,0,0,
08/27/2026,05:53:31:506,0.000000,0.000000,4,-122.58,-122.58,0,0,
08/27/2026,05:53:31:625,0.000000,0.000000,1,-120.65,-120.65,0,0,
08/27/2026,05:53:31:688,0.000000,0.000000,2,-122.57,-122.57,0,0,
08/27/2026,05:53:31:733,0.000000,0.000000,3,-79.4,-79.4,0,0,
08/27/2026,05:53:31:793,0.000000,0.000000,4,-120.75,-120.75,0,0,
08/27/2026,05:53:31:925,0.000000,0.000000,1,-120.83,-120.83,0,0,
08/27/2026,05:53:31:983,0.000000,0.000000,2,-125.1,-125.1,0,0,
08/27/2026,05:53:32:028,0.000000,0.000000,3,-77.95,-77.95,0,0,
08/27/2026,05:53:32:082,0.000000,0.000000,4,-124.15,-124.15,0,0,
08/27/2026,05:53:32:214,0.000000,0.000000,1,-118.5,-118.5,0,0,
08/27/2026,05:53:32:249,0.000000,0.000000,2,-124.7,-124.7,0,0,
08/27/2026,05:53:32:313,0.000000,0.000000,3,-82.3,-82.3,0,0,
08/27/2026,05:53:32:363,0.000000,0.000000,4,-122.22,-122.22,0,0,
08/27/2026,05:53:32:485,0.000000,0.000000,1,-122.01,-122.01,0,0,
08/27/2026,05:53:32:537,0.000000,0.000000,2,-121.44,-121.44,0,0,
08/27/2026,05:53:32:621,0.000000,0.000000,3,-74.85,-74.85,0,0,
08/27/2026,05:53:32:632,0.000000,0.000000,4,-121.99,-121.99,0,0,
08/27/2026,05:53:32:784,0.000000,0.000000,1,-121.67,-121.67,0,0,
08/27/2026,05:53:32:821,0.000000,0.000000,2,-118.05,-118.05,0,0,
08/27/2026,05:53:32:859,0.000000,0.000000,3,-84.65,-84.65,0,0,
08/27/2026,05:53:32:914,0.000000,0.000000,4,-122.12,-122.12,0,0,
08/27/2026,05:53:33:034,0.000000,0.000000,1,-121.7,-121.7,0,0,
08/27/2026,05:53:33:089,0.000000,0.000000,2,-119.63,-119.63,0,0,
08/27/2026,05:53:33:149,0.000000,0.000000,3,-76.41,-76.41,0,0,
08/27/2026,05:53:33:215,0.000000,0.000000,4,-121.82,-121.82,0,0,
08/27/2026,05:53:33:324,0.000000,0.000000,1,-122.17,-122.17,0,0,
08/27/2026,05:53:33:385,0.000000,0.000000,2,-119.96,-119.96,0,0,
08/27/2026,05:53:33:426,0.000000,0.000000,3,-80.8,-80.8,0,0,
08/27/2026,05:53:33:482,0.000000,0.000000,4,-123.45,-123.45,0,0,
08/27/2026,05:53:33:600,0.000000,0.000000,1,-123.98,-123.98,0,0,
08/27/2026,05:53:33:657,0.000000,0.000000,2,-117.31,-117.31,0,0,
08/27/2026,05:53:33:709,0.000000,0.000000,3,-86.61,-86.61,0,0,
08/27/2026,05:53:33:770,0.000000,0.000000,4,-120.68,-120.68,0,0,
08/27/2026,05:53:33:886,0.000000,0.000000,1,-124.55,-124.55,0,0,
08/27/2026,05:53:34:004,0.000000,0.000000,2,-117.58,-117.58,0,0,
08/27/2026,05:53:34:016,0.000000,0.000000,3,-82.3,-82.3,0,0,
08/27/2026,05:53:34:049,0.000000,0.000000,4,-123.15,-123.15,0,0,
08/27/2026,05:53:34:170,0.000000,0.000000,1,-124.93,-124.93,0,0,
08/27/2026,05:53:34:217,0.000000,0.000000,2,-120.67,-120.67,0,0,
08/27/2026,05:53:34:276,0.000000,0.000000,3,-81.38,-81.38,0,0,
08/27/2026,05:53:34:318,0.000000,0.000000,4,-120.45,-120.45,0,0,
08/27/2026,05:53:34:461,0.000000,0.000000,1,-121.43,-121.43,0,0,
08/27/2026,05:53:34:507,0.000000,0.000000,2,-120.23,-120.23,0,0,
08/27/2026,05:53:34:580,0.000000,0.000000,3,-90.08,-90.08,0,0,
08/27/2026,05:53:34:629,0.000000,0.000000,4,-124.05,-124.05,0,0,
08/27/2026,05:53:34:760,0.000000,0.000000,1,-122.14,-122.14,0,0,
08/27/2026,05:53:34:828,0.000000,0.000000,2,-119.03,-119.03,0,0,
08/27/2026,05:53:34:887,0.000000,0.000000,3,-85.79,-85.79,0,0,
08/27/2026,05:53:34:938,0.000000,0.000000,4,-122.27,-122.27,0,0,
08/27/2026,05:53:35:072,0.000000,0.000000,1,-121.95,-121.95,0,0,
08/27/2026,05:53:35:136,0.000000,0.000000,2,-122.41,-122.41,0,0,
08/27/2026,05:53:35:192,0.000000,0.000000,3,-82.65,-82.65,0,0,
08/27/2026,05:53:35:247,0.000000,0.000000,4,-120,-120,0,0,
08/27/2026,05:53:35:394,0.000000,0.000000,1,-122.1,-122.1,0,0,
08/27/2026,05:53:35:453,0.000000,0.000000,2,-120.67,-120.67,0,0,
08/27/2026,05:53:35:504,0.000000,0.000000,3,-85.54,-85.54,0,0,
08/27/2026,05:53:35:558,0.000000,0.000000,4,-124.41,-124.41,0,0,
08/27/2026,05:53:35:698,0.000000,0.000000,1,-124.55,-124.55,0,0,
08/27/2026,05:53:35:749,0.000000,0.000000,2,-119.31,-119.31,0,0,
08/27/2026,05:53:35:809,0.000000,0.000000,3,-79.74,-79.74,0,0,
08/27/2026,05:53:35:856,0.000000,0.000000,4,-125.51,-125.51,0,0,
08/27/2026,05:53:35:999,0.000000,0.000000,1,-123.31,-123.31,0,0,
08/27/2026,05:53:36:070,0.000000,0.000000,2,-123.98,-123.98,0,0,
08/27/2026,05:53:36:128,0.000000,0.000000,3,-80.88,-80.88,0,0,
08/27/2026,05:53:36:170,0.000000,0.000000,4,-119.07,-119.07,0,0,
08/27/2026,05:53:36:335,0.000000,0.000000,1,-123.45,-123.45,0,0,
08/27/2026,05:53:36:385,0.000000,0.000000,2,-119.04,-119.04,0,0,
08/27/2026,05:53:36:420,0.000000,0.000000,3,-85.95,-85.95,0,0,
08/27/2026,05:53:36:492,0.000000,0.000000,4,-120.4,-120.4,0,0,
08/27/2026,05:53:36:591,0.000000,0.000000,1,-120.92,-120.92,0,0,
08/27/2026,05:53:36:658,0.000000,0.000000,2,-120.64,-120.64,0,0,
08/27/2026,05:53:36:718,0.000000,0.000000,3,-81.84,-81.84,0,0,
08/27/2026,05:53:36:774,0.000000,0.000000,4,-121.51,-121.51,0,0,
08/27/2026,05:53:36:907,0.000000,0.000000,1,-121.55,-121.55,0,0,
08/27/2026,05:53:36:960,0.000000,0.000000,2,-121.81,-121.81,0,0,
08/27/2026,05:53:37:012,0.000000,0.000000,3,-81.31,-81.31,0,0,
08/27/2026,05:53:37:060,0.000000,0.000000,4,-121.74,-121.74,0,0,
08/27/2026,05:53:37:182,0.000000,0.000000,1,-122.72,-122.72,0,0,
08/27/2026,05:53:37:237,0.000000,0.000000,2,-121.6,-121.6,0,0,
08/27/2026,05:53:37:290,0.000000,0.000000,3,-87.49,-87.49,0,0,
08/27/2026,05:53:37:350,0.000000,0.000000,4,-122.45,-122.45,0,0,
08/27/2026,05:53:37:478,0.000000,0.000000,1,-122.28,-122.28,0,0,
08/27/2026,05:53:37:535,0.000000,0.000000,2,-122.86,-122.86,0,0,
08/27/2026,05:53:37:602,0.000000,0.000000,3,-81.88,-81.88,0,0,
08/27/2026,05:53:37:640,0.000000,0.000000,4,-119.86,-119.86,0,0,
08/27/2026,05:53:37:766,0.000000,0.000000,1,-122.39,-122.39,0,0,
08/27/2026,05:53:37:818,0.000000,0.000000,2,-122.74,-122.74,0,0,
08/27/2026,05:53:37:869,0.000000,0.000000,3,-80.99,-80.99,0,0,
08/27/2026,05:53:37:939,0.000000,0.000000,4,-121.4,-121.4,0,0,
08/27/2026,05:53:38:051,0.000000,0.000000,1,-123.77,-123.77,0,0,
08/27/2026,05:53:38:092,0.000000,0.000000,2,-122.54,-122.54,0,0,
08/27/2026,05:53:38:159,0.000000,0.000000,3,-83.02,-83.02,0,0,
08/27/2026,05:53:38:203,0.000000,0.000000,4,-122.43,-122.43,0,0,
08/27/2026,05:53:38:336,0.000000,0.000000,1,-120.91,-120.91,0,0,
08/27/2026,05:53:38:370,0.000000,0.000000,2,-121.5,-121.5,0,0,
08/27/2026,05:53:38:427,0.000000,0.000000,3,-87.22,-87.22,0,0,
08/27/2026,05:53:38:477,0.000000,0.000000,4,-121.39,-121.39,0,0,
08/27/2026,05:53:38:599,0.000000,0.000000,1,-120.19,-120.19,0,0,
08/27/2026,05:53:38:650,0.000000,0.000000,2,-122.49,-122.49,0,0,
08/27/2026,05:53:38:703,0.000000,0.000000,3,-87.37,-87.37,0,0,
08/27/2026,05:53:38:751,0.000000,0.000000,4,-119.26,-119.26,0,0,
08/27/2026,05:53:38:887,0.000000,0.000000,1,-117.16,-117.16,0,0,
08/27/2026,05:53:38:929,0.000000,0.000000,2,-116.56,-116.56,0,0,
08/27/2026,05:53:38:983,0.000000,0.000000,3,-85.59,-85.59,0,0,
08/27/2026,05:53:39:144,0.000000,0.000000,4,-118.13,-118.13,0,0,
08/27/2026,05:53:39:162,0.000000,0.000000,1,-118.52,-118.52,0,0,
08/27/2026,05:53:39:214,0.000000,0.000000,2,-122.6,-122.6,0,0,
08/27/2026,05:53:39:259,0.000000,0.000000,3,-83.27,-83.27,0,0,
08/27/2026,05:53:39:312,0.000000,0.000000,4,-121.73,-121.73,0,0,
08/27/2026,05:53:39:437,0.000000,0.000000,1,-120.67,-120.67,0,0,
08/27/2026,05:53:39:487,0.000000,0.000000,2,-120.92,-120.92,0,0,
08/27/2026,05:53:39:539,0.000000,0.000000,3,-82.33,-82.33,0,0,
08/27/2026,05:53:39:597,0.000000,0.000000,4,-121.15,-121.15,0,0,
08/27/2026,05:53:39:727,0.000000,0.000000,1,-120.45,-120.45,0,0,
08/27/2026,05:53:39:767,0.000000,0.000000,2,-120,-120,0,0,
08/27/2026,05:53:39:815,0.000000,0.000000,3,-86.99,-86.99,0,0,
08/27/2026,05:53:39:871,0.000000,0.000000,4,-120.53,-120.53,0,0,
08/27/2026,05:53:40:002,0.000000,0.000000,1,-121.79,-121.79,0,0,
08/27/2026,05:53:40:041,0.000000,0.000000,2,-122.53,-122.53,0,0,
08/27/2026,05:53:40:122,0.000000,0.000000,3,-86.81,-86.81,0,0,
08/27/2026,05:53:40:163,0.000000,0.000000,4,-119.2,-119.2,0,0,
08/27/2026,05:53:40:330,0.000000,0.000000,1,-122.1,-122.1,0,0,
08/27/2026,05:53:40:378,0.000000,0.000000,2,-121.87,-121.87,0,0,
08/27/2026,05:53:40:538,0.000000,0.000000,3,-84.62,-84.62,0,0,
08/27/2026,05:53:40:597,0.000000,0.000000,4,-122.17,-122.17,0,0,
08/27/2026,05:53:40:679,0.000000,0.000000,1,-118.7,-118.7,0,0,
08/27/2026,05:53:40:781,0.000000,0.000000,2,-122.61,-122.61,0,0,
08/27/2026,05:53:40:794,0.000000,0.000000,3,-82.21,-82.21,0,0,
08/27/2026,05:53:40:846,0.000000,0.000000,4,-119.8,-119.8,0,0,
08/27/2026,05:53:40:962,0.000000,0.000000,1,-124.22,-124.22,0,0,
08/27/2026,05:53:41:018,0.000000,0.000000,2,-122.27,-122.27,0,0,
08/27/2026,05:53:41:053,0.000000,0.000000,3,-77.89,-77.89,0,0,
08/27/2026,05:53:41:058,0.000000,0.000000,4,-118.94,-118.94,0,0,
08/27/2026,05:53:41:109,0.000000,0.000000,1,-123.22,-123.22,0,0,
08/27/2026,05:53:41:176,0.000000,0.000000,2,-119.88,-119.88,0,0,
08/27/2026,05:53:41:212,0.000000,0.000000,3,-82.31,-82.31,0,0,
08/27/2026,05:53:41:270,0.000000,0.000000,4,-122.14,-122.14,0,0,
08/27/2026,05:53:41:397,0.000000,0.000000,1,-118.99,-118.99,0,0,
08/27/2026,05:53:41:458,0.000000,0.000000,2,-118.94,-118.94,0,0,
08/27/2026,05:53:41:491,0.000000,0.000000,3,-80.88,-80.88,0,0,
08/27/2026,05:53:41:560,0.000000,0.000000,4,-120.46,-120.46,0,0,
08/27/2026,05:53:41:662,0.000000,0.000000,1,-120.42,-120.42,0,0,
08/27/2026,05:53:41:719,0.000000,0.000000,2,-118.3,-118.3,0,0,
08/27/2026,05:53:41:781,0.000000,0.000000,3,-83.78,-83.78,0,0,
08/27/2026,05:53:41:827,0.000000,0.000000,4,-117.87,-117.87,0,0,
08/27/2026,05:53:41:953,0.000000,0.000000,1,-120.64,-120.64,0,0,
08/27/2026,05:53:41:996,0.000000,0.000000,2,-117.87,-117.87,0,0,
08/27/2026,05:53:42:073,0.000000,0.000000,3,-75.58,-75.58,0,0,
08/27/2026,05:53:42:105,0.000000,0.000000,4,-119.4,-119.4,0,0,
08/27/2026,05:53:42:228,0.000000,0.000000,1,-120.37,-120.37,0,0,
08/27/2026,05:53:42:275,0.000000,0.000000,2,-117.92,-117.92,0,0,
08/27/2026,05:53:42:335,0.000000,0.000000,3,-75.88,-75.88,0,0,
08/27/2026,05:53:42:380,0.000000,0.000000,4,-120.98,-120.98,0,0,
08/27/2026,05:53:42:500,0.000000,0.000000,1,-122.57,-122.57,0,0,
08/27/2026,05:53:42:557,0.000000,0.000000,2,-119.81,-119.81,0,0,
08/27/2026,05:53:42:612,0.000000,0.000000,3,-85.44,-85.44,0,0,
08/27/2026,05:53:42:666,0.000000,0.000000,4,-118.18,-118.18,0,0,
08/27/2026,05:53:42:778,0.000000,0.000000,1,-119.59,-119.59,0,0,
08/27/2026,05:53:42:853,0.000000,0.000000,2,-118.85,-118.85,0,0,
08/27/2026,05:53:42:888,0.000000,0.000000,3,-79.01,-79.01,0,0,
08/27/2026,05:53:42:941,0.000000,0.000000,4,-120.56,-120.56,0,0,
08/27/2026,05:53:43:060,0.000000,0.000000,1,-120.02,-120.02,0,0,
08/27/2026,05:53:43:120,0.000000,0.000000,2,-122.06,-122.06,0,0,
08/27/2026,05:53:43:161,0.000000,0.000000,3,-83.32,-83.32,0,0,
08/27/2026,05:53:43:216,0.000000,0.000000,4,-121.36,-121.36,0,0,
08/27/2026,05:53:43:344,0.000000,0.000000,1,-120.67,-120.67,0,0,
08/27/2026,05:53:43:392,0.000000,0.000000,2,-120.23,-120.23,0,0,
08/27/2026,05:53:43:441,0.000000,0.000000,3,-78.27,-78.27,0,0,
08/27/2026,05:53:43:497,0.000000,0.000000,4,-120.03,-120.03,0,0,
08/27/2026,05:53:43:630,0.000000,0.000000,1,-109.39,-109.39,0,0,
08/27/2026,05:53:43:686,0.000000,0.000000,2,-118.11,-118.11,0,0,
08/27/2026,05:53:43:730,0.000000,0.000000,3,-82.23,-82.23,0,0,
08/27/2026,05:53:43:772,0.000000,0.000000,4,-121.65,-121.65,0,0,
08/27/2026,05:53:43:896,0.000000,0.000000,1,-113.11,-113.11,0,0,
08/27/2026,05:53:43:954,0.000000,0.000000,2,-119.1,-119.1,0,0,
08/27/2026,05:53:44:006,0.000000,0.000000,3,-78.86,-78.86,0,0,
08/27/2026,05:53:44:056,0.000000,0.000000,4,-120.19,-120.19,0,0,
08/27/2026,05:53:44:287,0.000000,0.000000,1,-110.35,-110.35,0,0,
08/27/2026,05:53:44:296,0.000000,0.000000,2,-125.04,-125.04,0,0,
08/27/2026,05:53:44:341,0.000000,0.000000,3,-86.89,-86.89,0,0,
08/27/2026,05:53:44:354,0.000000,0.000000,4,-120.45,-120.45,0,0,
08/27/2026,05:53:44:452,0.000000,0.000000,1,-122.93,-122.93,0,0,
08/27/2026,05:53:44:509,0.000000,0.000000,2,-124.2,-124.2,0,0,
08/27/2026,05:53:44:554,0.000000,0.000000,3,-85.45,-85.45,0,0,
08/27/2026,05:53:44:609,0.000000,0.000000,4,-121.52,-121.52,0,0,
08/27/2026,05:53:44:739,0.000000,0.000000,1,-116.65,-116.65,0,0,
08/27/2026,05:53:44:788,0.000000,0.000000,2,-120.81,-120.81,0,0,
08/27/2026,05:53:44:834,0.000000,0.000000,3,-79.72,-79.72,0,0,
08/27/2026,05:53:44:894,0.000000,0.000000,4,-120.07,-120.07,0,0,
08/27/2026,05:53:45:009,0.000000,0.000000,1,-121.09,-121.09,0,0,
08/27/2026,05:53:45:061,0.000000,0.000000,2,-121.66,-121.66,0,0,
08/27/2026,05:53:45:119,0.000000,0.000000,3,-78.66,-78.66,0,0,
08/27/2026,05:53:45:178,0.000000,0.000000,4,-120.67,-120.67,0,0,
08/27/2026,05:53:45:291,0.000000,0.000000,1,-119.03,-119.03,0,0,
08/27/2026,05:53:45:353,0.000000,0.000000,2,-121.65,-121.65,0,0,
08/27/2026,05:53:45:399,0.000000,0.000000,3,-79.54,-79.54,0,0,
08/27/2026,05:53:45:447,0.000000,0.000000,4,-122.51,-122.51,0,0,
08/27/2026,05:53:45:566,0.000000,0.000000,1,-123.75,-123.75,0,0,
08/27/2026,05:53:45:618,0.000000,0.000000,2,-123.92,-123.92,0,0,
08/27/2026,05:53:45:687,0.000000,0.000000,3,-84.5,-84.5,0,0,
08/27/2026,05:53:45:733,0.000000,0.000000,4,-121.72,-121.72,0,0,
08/27/2026,05:53:45:861,0.000000,0.000000,1,-124.12,-124.12,0,0,
08/27/2026,05:53:45:900,0.000000,0.000000,2,-122.86,-122.86,0,0,
08/27/2026,05:53:45:956,0.000000,0.000000,3,-81.21,-81.21,0,0,
08/27/2026,05:53:46:007,0.000000,0.000000,4,-121.31,-121.31,0,0,
08/27/2026,05:53:46:129,0.000000,0.000000,1,-120.54,-120.54,0,0,
08/27/2026,05:53:46:183,0.000000,0.000000,2,-124.17,-124.17,0,0,
08/27/2026,05:53:46:238,0.000000,0.000000,3,-83.96,-83.96,0,0,
08/27/2026,05:53:46:285,0.000000,0.000000,4,-123.05,-123.05,0,0,
08/27/2026,05:53:46:403,0.000000,0.000000,1,-125.06,-125.06,0,0,
08/27/2026,05:53:46:455,0.000000,0.000000,2,-123.4,-123.4,0,0,
08/27/2026,05:53:46:514,0.000000,0.000000,3,-89.64,-89.64,0,0,
08/27/2026,05:53:46:562,0.000000,0.000000,4,-121.77,-121.77,0,0,
08/27/2026,05:53:46:683,0.000000,0.000000,1,-123.74,-123.74,0,0,
08/27/2026,05:53:46:736,0.000000,0.000000,2,-123.49,-123.49,0,0,
08/27/2026,05:53:46:787,0.000000,0.000000,3,-83.16,-83.16,0,0,
08/27/2026,05:53:46:846,0.000000,0.000000,4,-121.58,-121.58,0,0,
08/27/2026,05:53:46:964,0.000000,0.000000,1,-125.88,-125.88,0,0,
08/27/2026,05:53:47:013,0.000000,0.000000,2,-120.2,-120.2,0,0,
08/27/2026,05:53:47:068,0.000000,0.000000,3,-81.11,-81.11,0,0,
08/27/2026,05:53:47:128,0.000000,0.000000,4,-118.15,-118.15,0,0,
08/27/2026,05:53:47:253,0.000000,0.000000,1,-118.87,-118.87,0,0,
08/27/2026,05:53:47:306,0.000000,0.000000,2,-119.29,-119.29,0,0,
08/27/2026,05:53:47:355,0.000000,0.000000,3,-81.73,-81.73,0,0,
08/27/2026,05:53:47:403,0.000000,0.000000,4,-117.72,-117.72,0,0,
08/27/2026,05:53:47:524,0.000000,0.000000,1,-120.12,-120.12,0,0,
08/27/2026,05:53:47:579,0.000000,0.000000,2,-121.18,-121.18,0,0,
08/27/2026,05:53:47:627,0.000000,0.000000,3,-93.99,-93.99,0,0,
08/27/2026,05:53:47:680,0.000000,0.000000,4,-126.24,-126.24,0,0,
08/27/2026,05:53:47:813,0.000000,0.000000,1,-123.7,-123.7,0,0,
08/27/2026,05:53:47:853,0.000000,0.000000,2,-123.52,-123.52,0,0,
08/27/2026,05:53:47:912,0.000000,0.000000,3,-87.66,-87.66,0,0,
08/27/2026,05:53:47:957,0.000000,0.000000,4,-120.84,-120.84,0,0,
08/27/2026,05:53:48:079,0.000000,0.000000,1,-121.2,-121.2,0,0,
08/27/2026,05:53:48:130,0.000000,0.000000,2,-124.24,-124.24,0,0,
08/27/2026,05:53:48:183,0.000000,0.000000,3,-89.21,-89.21,0,0,
08/27/2026,05:53:48:237,0.000000,0.000000,4,-120.12,-120.12,0,0,
08/27/2026,05:53:48:358,0.000000,0.000000,1,-121.11,-121.11,0,0,
08/27/2026,05:53:48:414,0.000000,0.000000,2,-125.15,-125.15,0,0,
08/27/2026,05:53:48:460,0.000000,0.000000,3,-79.69,-79.69,0,0,
08/27/2026,05:53:48:516,0.000000,0.000000,4,-121.92,-121.92,0,0,
08/27/2026,05:53:48:661,0.000000,0.000000,1,-122.05,-122.05,0,0,
08/27/2026,05:53:48:688,0.000000,0.000000,2,-120.36,-120.36,0,0,
08/27/2026,05:53:48:754,0.000000,0.000000,3,-77.02,-77.02,0,0,
08/27/2026,05:53:48:792,0.000000,0.000000,4,-121.48,-121.48,0,0,
08/27/2026,05:53:48:919,0.000000,0.000000,1,-123.3,-123.3,0,0,
08/27/2026,05:53:48:968,0.000000,0.000000,2,-122.01,-122.01,0,0,
08/27/2026,05:53:49:018,0.000000,0.000000,3,-80.31,-80.31,0,0,
08/27/2026,05:53:49:070,0.000000,0.000000,4,-122.19,-122.19,0,0,
08/27/2026,05:53:49:208,0.000000,0.000000,1,-122.4,-122.4,0,0,
08/27/2026,05:53:49:267,0.000000,0.000000,2,-121.64,-121.64,0,0,
08/27/2026,05:53:49:306,0.000000,0.000000,3,-80.43,-80.43,0,0,
08/27/2026,05:53:49:433,0.000000,0.000000,4,-123.66,-123.66,0,0,
08/27/2026,05:53:49:477,0.000000,0.000000,1,-121.31,-121.31,0,0,
08/27/2026,05:53:49:525,0.000000,0.000000,2,-124.12,-124.12,0,0,
08/27/2026,05:53:49:579,0.000000,0.000000,3,-81.77,-81.77,0,0,
08/27/2026,05:53:49:627,0.000000,0.000000,4,-122.03,-122.03,0,0,
08/27/2026,05:53:49:753,0.000000,0.000000,1,-122.2,-122.2,0,0,
08/27/2026,05:53:49:805,0.000000,0.000000,2,-121.41,-121.41,0,0,
08/27/2026,05:53:49:861,0.000000,0.000000,3,-91.31,-91.31,0,0,
08/27/2026,05:53:49:917,0.000000,0.000000,4,-120.16,-120.16,0,0,
08/27/2026,05:53:50:028,0.000000,0.000000,1,-121.43,-121.43,0,0,
08/27/2026,05:53:50:083,0.000000,0.000000,2,-123.68,-123.68,0,0,
08/27/2026,05:53:50:132,0.000000,0.000000,3,-81.71,-81.71,0,0,
08/27/2026,05:53:50:185,0.000000,0.000000,4,-120.75,-120.75,0,0,
08/27/2026,05:53:50:318,0.000000,0.000000,1,-124.16,-124.16,0,0,
08/27/2026,05:53:50:374,0.000000,0.000000,2,-122.82,-122.82,0,0,
08/27/2026,05:53:50:420,0.000000,0.000000,3,-78.35,-78.35,0,0,
08/27/2026,05:53:50:465,0.000000,0.000000,4,-120.16,-120.16,0,0,
08/27/2026,05:53:50:586,0.000000,0.000000,1,-119.63,-119.63,0,0,
08/27/2026,05:53:50:645,0.000000,0.000000,2,-120.22,-120.22,0,0,
08/27/2026,05:53:50:697,0.000000,0.000000,3,-82.79,-82.79,0,0,
08/27/2026,05:53:50:747,0.000000,0.000000,4,-120.6,-120.6,0,0,
08/27/2026,05:53:50:867,0.000000,0.000000,1,-122.17,-122.17,0,0,
08/27/2026,05:53:50:919,0.000000,0.000000,2,-122.64,-122.64,0,0,
08/27/2026,05:53:50:975,0.000000,0.000000,3,-84.67,-84.67,0,0,
08/27/2026,05:53:51:036,0.000000,0.000000,4,-121.75,-121.75,0,0,
08/27/2026,05:53:51:193,0.000000,0.000000,1,-123.7,-123.7,0,0,
08/27/2026,05:53:51:206,0.000000,0.000000,2,-121.79,-121.79,0,0,
08/27/2026,05:53:51:256,0.000000,0.000000,3,-96.05,-96.05,0,0,
08/27/2026,05:53:51:301,0.000000,0.000000,4,-121.99,-121.99,0,0,
08/27/2026,05:53:51:421,0.000000,0.000000,1,-123.38,-123.38,0,0,
08/27/2026,05:53:51:478,0.000000,0.000000,2,-124.15,-124.15,0,0,
08/27/2026,05:53:51:533,0.000000,0.000000,3,-83.09,-83.09,0,0,
