Date,Time,Latitude,Longitude,Channel,RSSI,Adjusted Value,Antenna Gain,Cable Loss
08/27/2026,05:47:43:040,0.000000,0.000000,1,-73.76,-73.76,0,0,
08/27/2026,05:47:43:079,0.000000,0.000000,2,-127.1,-127.1,0,0,
08/27/2026,05:47:43:131,0.000000,0.000000,1,-76.16,-76.16,0,0,
08/27/2026,05:47:43:164,0.000000,0.000000,3,-128.14,-128.14,0,0,
08/27/2026,05:47:43:198,0.000000,0.000000,2,-127.54,-127.54,0,0,
08/27/2026,05:47:43:213,0.000000,0.000000,4,-127.28,-127.28,0,0,
08/27/2026,05:47:43:281,0.000000,0.000000,1,-76.76,-76.76,0,0,
08/27/2026,05:47:43:331,0.000000,0.000000,3,-126.78,-126.78,0,0,
08/27/2026,05:47:43:428,0.000000,0.000000,2,-127.53,-127.53,0,0,
08/27/2026,05:47:43:431,0.000000,0.000000,4,-126.09,-126.09,0,0,
08/27/2026,05:47:43:541,0.000000,0.000000,1,-70.92,-70.92,0,0,
08/27/2026,05:47:43:612,0.000000,0.000000,3,-126.26,-126.26,0,0,
08/27/2026,05:47:43:661,0.000000,0.000000,2,-126.46,-126.46,0,0,
08/27/2026,05:47:43:696,0.000000,0.000000,4,-125.13,-125.13,0,0,
08/27/2026,05:47:43:805,0.000000,0.000000,1,-76.41,-76.41,0,0,
08/27/2026,05:47:43:874,0.000000,0.000000,3,-125.69,-125.69,0,0,
08/27/2026,05:47:43:943,0.000000,0.000000,2,-125.79,-125.79,0,0,
08/27/2026,05:47:43:982,0.000000,0.000000,4,-126.2,-126.2,0,0,
08/27/2026,05:47:44:086,0.000000,0.000000,1,-93.09,-93.09,0,0,
08/27/2026,05:47:44:151,0.000000,0.000000,3,-126.38,-126.38,0,0,
08/27/2026,05:47:44:218,0.000000,0.000000,2,-126.59,-126.59,0,0,
08/27/2026,05:47:44:286,0.000000,0.000000,4,-126.9,-126.9,0,0,
08/27/2026,05:47:44:362,0.000000,0.000000,1,-69.64,-69.64,0,0,
08/27/2026,05:47:44:438,0.000000,0.000000,3,-127.77,-127.77,0,0,
08/27/2026,05:47:44:508,0.000000,0.000000,2,-125.89,-125.89,0,0,
08/27/2026,05:47:44:549,0.000000,0.000000,4,-127.32,-127.32,0,0,
08/27/2026,05:47:44:675,0.000000,0.000000,1,-77.96,-77.96,0,0,
08/27/2026,05:47:44:712,0.000000,0.000000,3,-125.98,-125.98,0,0,
08/27/2026,05:47:44:776,0.000000,0.000000,2,-127.51,-127.51,0,0,
08/27/2026,05:47:44:813,0.000000,0.000000,4,-127.12,-127.12,0,0,
08/27/2026,05:47:44:917,0.000000,0.000000,1,-73.8,-73.8,0,0,
08/27/2026,05:47:45:006,0.000000,0.000000,3,-125.92,-125.92,0,0,
08/27/2026,05:47:45:056,0.000000,0.000000,2,-126.48,-126.48,0,0,
08/27/2026,05:47:45:089,0.000000,0.000000,4,-125.85,-125.85,0,0,
08/27/2026,05:47:45:198,0.000000,0.000000,1,-75.27,-75.27,0,0,
08/27/2026,05:47:45:267,0.000000,0.000000,3,-127.13,-127.13,0,0,
08/27/2026,05:47:45:339,0.000000,0.000000,2,-127.48,-127.48,0,0,
08/27/2026,05:47:45:373,0.000000,0.000000,4,-128.05,-128.05,0,0,
08/27/2026,05:47:45:577,0.000000,0.000000,1,-85.13,-85.13,0,0,
08/27/2026,05:47:45:667,0.000000,0.000000,3,-125.36,-125.36,0,0,
08/27/2026,05:47:45:959,0.000000,0.000000,2,-125.83,-125.83,0,0,
08/27/2026,05:47:46:093,0.000000,0.000000,4,-125.98,-125.98,0,0,
08/27/2026,05:47:46:258,0.000000,0.000000,1,-78.71,-78.71,0,0,
08/27/2026,05:47:46:372,0.000000,0.000000,3,-125.6,-125.6,0,0,
08/27/2026,05:47:46:401,0.000000,0.000000,2,-126.14,-126.14,0,0,
08/27/2026,05:47:46:431,0.000000,0.000000,4,-125.54,-125.54,0,0,
08/27/2026,05:47:46:472,0.000000,0.000000,1,-87.44,-87.44,0,0,
08/27/2026,05:47:46:545,0.000000,0.000000,3,-126.18,-126.18,0,0,
08/27/2026,05:47:46:636,0.000000,0.000000,2,-126.24,-126.24,0,0,
08/27/2026,05:47:46:685,0.000000,0.000000,4,-125.83,-125.83,0,0,
08/27/2026,05:47:46:744,0.000000,0.000000,1,-84.95,-84.95,0,0,
08/27/2026,05:47:46:761,0.000000,0.000000,3,-128.32,-128.32,0,0,
08/27/2026,05:47:46:778,0.000000,0.000000,2,-127.63,-127.63,0,0,
08/27/2026,05:47:46:793,0.000000,0.000000,4,-127.73,-127.73,0,0,
08/27/2026,05:47:46:854,0.000000,0.000000,1,-74.72,-74.72,0,0,
08/27/2026,05:47:46:889,0.000000,0.000000,3,-126.96,-126.96,0,0,
08/27/2026,05:47:46:909,0.000000,0.000000,2,-124.68,-124.68,0,0,
08/27/2026,05:47:46:914,0.000000,0.000000,4,-126.91,-126.91,0,0,
08/27/2026,05:47:46:939,0.000000,0.000000,1,-76.92,-76.92,0,0,
08/27/2026,05:47:46:962,0.000000,0.000000,3,-125.98,-125.98,0,0,
08/27/2026,05:47:47:023,0.000000,0.000000,2,-127.71,-127.71,0,0,
08/27/2026,05:47:47:045,0.000000,0.000000,4,-126.7,-126.7,0,0,
08/27/2026,05:47:47:146,0.000000,0.000000,1,-76.79,-76.79,0,0,
08/27/2026,05:47:47:220,0.000000,0.000000,3,-127.15,-127.15,0,0,
08/27/2026,05:47:47:288,0.000000,0.000000,2,-127.01,-127.01,0,0,
08/27/2026,05:47:47:321,0.000000,0.000000,4,-125.42,-125.42,0,0,
08/27/2026,05:47:47:429,0.000000,0.000000,1,-76.01,-76.01,0,0,
08/27/2026,05:47:47:498,0.000000,0.000000,3,-126.61,-126.61,0,0,
08/27/2026,05:47:47:564,0.000000,0.000000,2,-123.26,-123.26,0,0,
08/27/2026,05:47:47:627,0.000000,0.000000,4,-126.35,-126.35,0,0,
08/27/2026,05:47:47:704,0.000000,0.000000,1,-67.57,-67.57,0,0,
08/27/2026,05:47:47:774,0.000000,0.000000,3,-127.89,-127.89,0,0,
08/27/2026,05:47:47:845,0.000000,0.000000,2,-124.67,-124.67,0,0,
08/27/2026,05:47:47:881,0.000000,0.000000,4,-126.12,-126.12,0,0,
08/27/2026,05:47:47:983,0.000000,0.000000,1,-72.41,-72.41,0,0,
08/27/2026,05:47:48:053,0.000000,0.000000,3,-126.68,-126.68,0,0,
08/27/2026,05:47:48:161,0.000000,0.000000,2,-124,-124,0,0,
08/27/2026,05:47:48:172,0.000000,0.000000,4,-126.24,-126.24,0,0,
08/27/2026,05:47:48:262,0.000000,0.000000,1,-74.08,-74.08,0,0,
08/27/2026,05:47:48:340,0.000000,0.000000,3,-125.29,-125.29,0,0,
08/27/2026,05:47:48:522,0.000000,0.000000,2,-126.19,-126.19,0,0,
08/27/2026,05:47:48:554,0.000000,0.000000,4,-128.25,-128.25,0,0,
08/27/2026,05:47:48:588,0.000000,0.000000,1,-73.79,-73.79,0,0,
08/27/2026,05:47:48:613,0.000000,0.000000,3,-126.28,-126.28,0,0,
08/27/2026,05:47:48:685,0.000000,0.000000,2,-124.69,-124.69,0,0,
08/27/2026,05:47:48:725,0.000000,0.000000,4,-126.91,-126.91,0,0,
08/27/2026,05:47:48:830,0.000000,0.000000,1,-73.02,-73.02,0,0,
08/27/2026,05:47:48:893,0.000000,0.000000,3,-127.09,-127.09,0,0,
08/27/2026,05:47:48:966,0.000000,0.000000,2,-126.02,-126.02,0,0,
08/27/2026,05:47:48:996,0.000000,0.000000,4,-127.2,-127.2,0,0,
08/27/2026,05:47:49:101,0.000000,0.000000,1,-72.34,-72.34,0,0,
08/27/2026,05:47:49:167,0.000000,0.000000,3,-124.88,-124.88,0,0,
08/27/2026,05:47:49:241,0.000000,0.000000,2,-126.21,-126.21,0,0,
08/27/2026,05:47:49:276,0.000000,0.000000,4,-123.92,-123.92,0,0,
08/27/2026,05:47:49:387,0.000000,0.000000,1,-78.29,-78.29,0,0,
08/27/2026,05:47:49:449,0.000000,0.000000,3,-127.42,-127.42,0,0,
08/27/2026,05:47:49:521,0.000000,0.000000,2,-125.29,-125.29,0,0,
08/27/2026,05:47:49:568,0.000000,0.000000,4,-127.39,-127.39,0,0,
08/27/2026,05:47:49:670,0.000000,0.000000,1,-71.54,-71.54,0,0,
08/27/2026,05:47:49:730,0.000000,0.000000,3,-126.9,-126.9,0,0,
08/27/2026,05:47:49:796,0.000000,0.000000,2,-124.07,-124.07,0,0,
08/27/2026,05:47:49:830,0.000000,0.000000,4,-127.76,-127.76,0,0,
08/27/2026,05:47:49:936,0.000000,0.000000,1,-65.21,-65.21,0,0,
08/27/2026,05:47:50:022,0.000000,0.000000,3,-125.15,-125.15,0,0,
08/27/2026,05:47:50:079,0.000000,0.000000,2,-125.78,-125.78,0,0,
08/27/2026,05:47:50:119,0.000000,0.000000,4,-126.93,-126.93,0,0,
08/27/2026,05:47:50:216,0.000000,0.000000,1,-71.75,-71.75,0,0,
08/27/2026,05:47:50:285,0.000000,0.000000,3,-124.85,-124.85,0,0,
08/27/2026,05:47:50:361,0.000000,0.000000,2,-125.25,-125.25,0,0,
08/27/2026,05:47:50:424,0.000000,0.000000,4,-127.14,-127.14,0,0,
08/27/2026,05:47:50:527,0.000000,0.000000,1,-70.02,-70.02,0,0,
08/27/2026,05:47:50:566,0.000000,0.000000,3,-124.33,-124.33,0,0,
08/27/2026,05:47:50:641,0.000000,0.000000,2,-125.84,-125.84,0,0,
08/27/2026,05:47:50:685,0.000000,0.000000,4,-125.68,-125.68,0,0,
08/27/2026,05:47:50:803,0.000000,0.000000,1,-84.34,-84.34,0,0,
08/27/2026,05:47:50:851,0.000000,0.000000,3,-125.63,-125.63,0,0,
08/27/2026,05:47:50:923,0.000000,0.000000,2,-124.21,-124.21,0,0,
08/27/2026,05:47:50:952,0.000000,0.000000,4,-126.25,-126.25,0,0,
08/27/2026,05:47:51:080,0.000000,0.000000,1,-71.27,-71.27,0,0,
08/27/2026,05:47:51:122,0.000000,0.000000,3,-126.01,-126.01,0,0,
08/27/2026,05:47:51:207,0.000000,0.000000,2,-127.36,-127.36,0,0,
08/27/2026,05:47:51:240,0.000000,0.000000,4,-126.64,-126.64,0,0,
08/27/2026,05:47:51:351,0.000000,0.000000,1,-85.16,-85.16,0,0,
08/27/2026,05:47:51:401,0.000000,0.000000,3,-126.13,-126.13,0,0,
08/27/2026,05:47:51:478,0.000000,0.000000,2,-127.5,-127.5,0,0,
08/27/2026,05:47:51:509,0.000000,0.000000,4,-126.08,-126.08,0,0,
08/27/2026,05:47:51:614,0.000000,0.000000,1,-77.13,-77.13,0,0,
08/27/2026,05:47:51:678,0.000000,0.000000,3,-125.41,-125.41,0,0,
08/27/2026,05:47:51:749,0.000000,0.000000,2,-126.52,-126.52,0,0,
08/27/2026,05:47:51:784,0.000000,0.000000,4,-126.49,-126.49,0,0,
08/27/2026,05:47:51:897,0.000000,0.000000,1,-68.07,-68.07,0,0,
08/27/2026,05:47:51:964,0.000000,0.000000,3,-124.68,-124.68,0,0,
08/27/2026,05:47:52:032,0.000000,0.000000,2,-127.89,-127.89,0,0,
08/27/2026,05:47:52:076,0.000000,0.000000,4,-126.47,-126.47,0,0,
08/27/2026,05:47:52:174,0.000000,0.000000,1,-72.89,-72.89,0,0,
08/27/2026,05:47:52:250,0.000000,0.000000,3,-127.87,-127.87,0,0,
08/27/2026,05:47:52:389,0.000000,0.000000,2,-126.54,-126.54,0,0,
08/27/2026,05:47:52:423,0.000000,0.000000,4,-125.18,-125.18,0,0,
08/27/2026,05:47:52:470,0.000000,0.000000,1,-69.3,-69.3,0,0,
08/27/2026,05:47:52:537,0.000000,0.000000,3,-125,-125,0,0,
08/27/2026,05:47:52:585,0.000000,0.000000,2,-127.59,-127.59,0,0,
08/27/2026,05:47:52:630,0.000000,0.000000,4,-125.49,-125.49,0,0,
08/27/2026,05:47:52:732,0.000000,0.000000,1,-71.04,-71.04,0,0,
08/27/2026,05:47:52:797,0.000000,0.000000,3,-125.86,-125.86,0,0,
08/27/2026,05:47:52:875,0.000000,0.000000,2,-126.64,-126.64,0,0,
08/27/2026,05:47:52:911,0.000000,0.000000,4,-123.6,-123.6,0,0,
08/27/2026,05:47:53:002,0.000000,0.000000,1,-86.37,-86.37,0,0,
08/27/2026,05:47:53:075,0.000000,0.000000,3,-126.54,-126.54,0,0,
08/27/2026,05:47:53:149,0.000000,0.000000,2,-127.39,-127.39,0,0,
08/27/2026,05:47:53:186,0.000000,0.000000,4,-122.96,-122.96,0,0,
08/27/2026,05:47:53:285,0.000000,0.000000,1,-70.81,-70.81,0,0,
08/27/2026,05:47:53:361,0.000000,0.000000,3,-127.5,-127.5,0,0,
08/27/2026,05:47:53:426,0.000000,0.000000,2,-124.25,-124.25,0,0,
08/27/2026,05:47:53:458,0.000000,0.000000,4,-127.11,-127.11,0,0,
08/27/2026,05:47:53:667,0.000000,0.000000,1,-74.05,-74.05,0,0,
08/27/2026,05:47:53:687,0.000000,0.000000,3,-125.03,-125.03,0,0,
08/27/2026,05:47:53:718,0.000000,0.000000,2,-127.95,-127.95,0,0,
08/27/2026,05:47:53:748,0.000000,0.000000,4,-125.7,-125.7,0,0,
08/27/2026,05:47:53:841,0.000000,0.000000,1,-73.23,-73.23,0,0,
08/27/2026,05:47:53:912,0.000000,0.000000,3,-128.06,-128.06,0,0,
08/27/2026,05:47:53:986,0.000000,0.000000,2,-123.48,-123.48,0,0,
08/27/2026,05:47:54:016,0.000000,0.000000,4,-127.15,-127.15,0,0,
08/27/2026,05:47:54:156,0.000000,0.000000,1,-80.23,-80.23,0,0,
08/27/2026,05:47:54:194,0.000000,0.000000,3,-126.52,-126.52,0,0,
08/27/2026,05:47:54:275,0.000000,0.000000,2,-126.58,-126.58,0,0,
08/27/2026,05:47:54:319,0.000000,0.000000,4,-127.47,-127.47,0,0,
08/27/2026,05:47:54:438,0.000000,0.000000,1,-69.01,-69.01,0,0,
08/27/2026,05:47:54:468,0.000000,0.000000,3,-127.4,-127.4,0,0,
08/27/2026,05:47:54:562,0.000000,0.000000,2,-124.31,-124.31,0,0,
08/27/2026,05:47:54:571,0.000000,0.000000,4,-126.48,-126.48,0,0,
08/27/2026,05:47:54:677,0.000000,0.000000,1,-88.19,-88.19,0,0,
08/27/2026,05:47:54:747,0.000000,0.000000,3,-127.02,-127.02,0,0,
08/27/2026,05:47:54:834,0.000000,0.000000,2,-125.49,-125.49,0,0,
08/27/2026,05:47:54:858,0.000000,0.000000,4,-126.57,-126.57,0,0,
08/27/2026,05:47:54:961,0.000000,0.000000,1,-78.82,-78.82,0,0,
08/27/2026,05:47:55:027,0.000000,0.000000,3,-127.08,-127.08,0,0,
08/27/2026,05:47:55:098,0.000000,0.000000,2,-125.57,-125.57,0,0,
08/27/2026,05:47:55:129,0.000000,0.000000,4,-125.73,-125.73,0,0,
08/27/2026,05:47:55:245,0.000000,0.000000,1,-75.1,-75.1,0,0,
08/27/2026,05:47:55:306,0.000000,0.000000,3,-126.47,-126.47,0,0,
08/27/2026,05:47:55:374,0.000000,0.000000,2,-126.79,-126.79,0,0,
08/27/2026,05:47:55:417,0.000000,0.000000,4,-127.26,-127.26,0,0,
08/27/2026,05:47:55:517,0.000000,0.000000,1,-72.9,-72.9,0,0,
08/27/2026,05:47:55:597,0.000000,0.000000,3,-126.66,-126.66,0,0,
08/27/2026,05:47:55:656,0.000000,0.000000,2,-126.44,-126.44,0,0,
08/27/2026,05:47:55:693,0.000000,0.000000,4,-127.24,-127.24,0,0,
08/27/2026,05:47:55:804,0.000000,0.000000,1,-79.18,-79.18,0,0,
08/27/2026,05:47:55:884,0.000000,0.000000,3,-126.2,-126.2,0,0,
08/27/2026,05:47:55:972,0.000000,0.000000,2,-126.41,-126.41,0,0,
08/27/2026,05:47:56:005,0.000000,0.000000,4,-126.29,-126.29,0,0,
08/27/2026,05:47:56:096,0.000000,0.000000,1,-75.08,-75.08,0,0,
08/27/2026,05:47:56:179,0.000000,0.000000,3,-127.68,-127.68,0,0,
08/27/2026,05:47:56:228,0.000000,0.000000,2,-123.83,-123.83,0,0,
08/27/2026,05:47:56:248,0.000000,0.000000,4,-125.56,-125.56,0,0,
08/27/2026,05:47:56:367,0.000000,0.000000,1,-71.63,-71.63,0,0,
08/27/2026,05:47:56:431,0.000000,0.000000,3,-124.08,-124.08,0,0,
08/27/2026,05:47:56:489,0.000000,0.000000,2,-125.59,-125.59,0,0,
08/27/2026,05:47:56:522,0.000000,0.000000,4,-126.67,-126.67,0,0,
08/27/2026,05:47:56:629,0.000000,0.000000,1,-65.47,-65.47,0,0,
08/27/2026,05:47:56:699,0.000000,0.000000,3,-125.74,-125.74,0,0,
08/27/2026,05:47:56:769,0.000000,0.000000,2,-125.96,-125.96,0,0,
08/27/2026,05:47:56:810,0.000000,0.000000,4,-127.87,-127.87,0,0,
08/27/2026,05:47:56:909,0.000000,0.000000,1,-65.22,-65.22,0,0,
08/27/2026,05:47:56:982,0.000000,0.000000,3,-124.82,-124.82,0,0,
08/27/2026,05:47:57:047,0.000000,0.000000,2,-126.69,-126.69,0,0,
08/27/2026,05:47:57:090,0.000000,0.000000,4,-127.64,-127.64,0,0,
08/27/2026,05:47:57:188,0.000000,0.000000,1,-69.19,-69.19,0,0,
08/27/2026,05:47:57:255,0.000000,0.000000,3,-126,-126,0,0,
08/27/2026,05:47:57:332,0.000000,0.000000,2,-126.69,-126.69,0,0,
08/27/2026,05:47:57:365,0.000000,0.000000,4,-126.74,-126.74,0,0,
08/27/2026,05:47:57:490,0.000000,0.000000,1,-60.97,-60.97,0,0,
08/27/2026,05:47:57:540,0.000000,0.000000,3,-125.72,-125.72,0,0,
08/27/2026,05:47:57:608,0.000000,0.000000,2,-125.53,-125.53,0,0,
08/27/2026,05:47:57:671,0.000000,0.000000,4,-126.69,-126.69,0,0,
08/27/2026,05:47:57:758,0.000000,0.000000,1,-67.31,-67.31,0,0,
08/27/2026,05:47:57:838,0.000000,0.000000,3,-126.49,-126.49,0,0,
08/27/2026,05:47:57:914,0.000000,0.000000,2,-124.93,-124.93,0,0,
08/27/2026,05:47:57:925,0.000000,0.000000,4,-127.44,-127.44,0,0,
08/27/2026,05:47:58:025,0.000000,0.000000,1,-68.45,-68.45,0,0,
08/27/2026,05:47:58:108,0.000000,0.000000,3,-126.95,-126.95,0,0,
08/27/2026,05:47:58:203,0.000000,0.000000,2,-125.48,-125.48,0,0,
08/27/2026,05:47:58:213,0.000000,0.000000,4,-127.04,-127.04,0,0,
08/27/2026,05:47:58:309,0.000000,0.000000,1,-64.85,-64.85,0,0,
08/27/2026,05:47:58:373,0.000000,0.000000,3,-125.9,-125.9,0,0,
08/27/2026,05:47:58:459,0.000000,0.000000,2,-124.54,-124.54,0,0,
08/27/2026,05:47:58:474,0.000000,0.000000,4,-127.27,-127.27,0,0,
08/27/2026,05:47:58:598,0.000000,0.000000,1,-66.49,-66.49,0,0,
08/27/2026,05:47:58:656,0.000000,0.000000,3,-126.09,-126.09,0,0,
08/27/2026,05:47:58:813,0.000000,0.000000,2,-126.46,-126.46,0,0,
08/27/2026,05:47:58:827,0.000000,0.000000,4,-126.71,-126.71,0,0,
08/27/2026,05:47:58:860,0.000000,0.000000,1,-66.31,-66.31,0,0,
08/27/2026,05:47:58:936,0.000000,0.000000,3,-126.74,-126.74,0,0,
08/27/2026,05:47:59:016,0.000000,0.000000,2,-126.25,-126.25,0,0,
08/27/2026,05:47:59:038,0.000000,0.000000,4,-126.04,-126.04,0,0,
08/27/2026,05:47:59:143,0.000000,0.000000,1,-58.69,-58.69,0,0,
08/27/2026,05:47:59:212,0.000000,0.000000,3,-127.95,-127.95,0,0,
08/27/2026,05:47:59:286,0.000000,0.000000,2,-127.13,-127.13,0,0,
08/27/2026,05:47:59:313,0.000000,0.000000,4,-127.05,-127.05,0,0,
08/27/2026,05:47:59:423,0.000000,0.000000,1,-56.22,-56.22,0,0,
08/27/2026,05:47:59:496,0.000000,0.000000,3,-127.13,-127.13,0,0,
08/27/2026,05:47:59:575,0.000000,0.000000,2,-128.17,-128.17,0,0,
08/27/2026,05:47:59:611,0.000000,0.000000,4,-124.12,-124.12,0,0,
08/27/2026,05:47:59:703,0.000000,0.000000,1,-72.74,-72.74,0,0,
08/27/2026,05:47:59:781,0.000000,0.000000,3,-127.45,-127.45,0,0,
08/27/2026,05:47:59:870,0.000000,0.000000,2,-125.52,-125.52,0,0,
08/27/2026,05:47:59:904,0.000000,0.000000,4,-125.65,-125.65,0,0,
08/27/2026,05:47:59:993,0.000000,0.000000,1,-62.66,-62.66,0,0,
08/27/2026,05:48:00:050,0.000000,0.000000,3,-125.1,-125.1,0,0,
08/27/2026,05:48:00:126,0.000000,0.000000,2,-125.92,-125.92,0,0,
08/27/2026,05:48:00:161,0.000000,0.000000,4,-127.17,-127.17,0,0,
08/27/2026,05:48:00:255,0.000000,0.000000,1,-63.82,-63.82,0,0,
08/27/2026,05:48:00:328,0.000000,0.000000,3,-126.32,-126.32,0,0,
08/27/2026,05:48:00:397,0.000000,0.000000,2,-125.96,-125.96,0,0,
08/27/2026,05:48:00:431,0.000000,0.000000,4,-126.85,-126.85,0,0,
08/27/2026,05:48:00:541,0.000000,0.000000,1,-62.63,-62.63,0,0,
08/27/2026,05:48:00:608,0.000000,0.000000,3,-127.21,-127.21,0,0,
08/27/2026,05:48:00:680,0.000000,0.000000,2,-127.8,-127.8,0,0,
08/27/2026,05:48:00:708,0.000000,0.000000,4,-125.79,-125.79,0,0,
08/27/2026,05:48:00:815,0.000000,0.000000,1,-65.18,-65.18,0,0,
08/27/2026,05:48:00:885,0.000000,0.000000,3,-126.12,-126.12,0,0,
08/27/2026,05:48:00:968,0.000000,0.000000,2,-126.37,-126.37,0,0,
08/27/2026,05:48:00:986,0.000000,0.000000,4,-125.97,-125.97,0,0,
08/27/2026,05:48:01:094,0.000000,0.000000,1,-63.66,-63.66,0,0,
08/27/2026,05:48:01:163,0.000000,0.000000,3,-126.34,-126.34,0,0,
08/27/2026,05:48:01:234,0.000000,0.000000,2,-126.84,-126.84,0,0,
08/27/2026,05:48:01:268,0.000000,0.000000,4,-126.95,-126.95,0,0,
08/27/2026,05:48:01:373,0.000000,0.000000,1,-74.35,-74.35,0,0,
08/27/2026,05:48:01:468,0.000000,0.000000,3,-124.4,-124.4,0,0,
08/27/2026,05:48:01:520,0.000000,0.000000,2,-126.84,-126.84,0,0,
08/27/2026,05:48:01:558,0.000000,0.000000,4,-125.38,-125.38,0,0,
08/27/2026,05:48:01:662,0.000000,0.000000,1,-62.73,-62.73,0,0,
08/27/2026,05:48:01:735,0.000000,0.000000,3,-126.97,-126.97,0,0,
08/27/2026,05:48:01:815,0.000000,0.000000,2,-126.53,-126.53,0,0,
08/27/2026,05:48:01:825,0.000000,0.000000,4,-127.6,-127.6,0,0,
08/27/2026,05:48:01:934,0.000000,0.000000,1,-68.27,-68.27,0,0,
08/27/2026,05:48:02:001,0.000000,0.000000,3,-126.67,-126.67,0,0,
08/27/2026,05:48:02:067,0.000000,0.000000,2,-127.12,-127.12,0,0,
08/27/2026,05:48:02:105,0.000000,0.000000,4,-126.06,-126.06,0,0,
08/27/2026,05:48:02:211,0.000000,0.000000,1,-66.43,-66.43,0,0,
08/27/2026,05:48:02:281,0.000000,0.000000,3,-126.71,-126.71,0,0,
08/27/2026,05:48:02:354,0.000000,0.000000,2,-126.05,-126.05,0,0,
08/27/2026,05:48:02:379,0.000000,0.000000,4,-126.88,-126.88,0,0,
08/27/2026,05:48:02:487,0.000000,0.000000,1,-66.32,-66.32,0,0,
08/27/2026,05:48:02:558,0.000000,0.000000,3,-125.68,-125.68,0,0,
08/27/2026,05:48:02:626,0.000000,0.000000,2,-126.19,-126.19,0,0,
08/27/2026,05:48:02:663,0.000000,0.000000,4,-127.28,-127.28,0,0,
08/27/2026,05:48:02:767,0.000000,0.000000,1,-66.59,-66.59,0,0,
08/27/2026,05:48:02:841,0.000000,0.000000,3,-123.8,-123.8,0,0,
08/27/2026,05:48:02:907,0.000000,0.000000,2,-124.75,-124.75,0,0,
08/27/2026,05:48:02:941,0.000000,0.000000,4,-127.63,-127.63,0,0,
08/27/2026,05:48:03:052,0.000000,0.000000,1,-70.58,-70.58,0,0,
08/27/2026,05:48:03:115,0.000000,0.000000,3,-125.19,-125.19,0,0,
08/27/2026,05:48:03:183,0.000000,0.000000,2,-126.97,-126.97,0,0,
08/27/2026,05:48:03:216,0.000000,0.000000,4,-128.47,-128.47,0,0,
08/27/2026,05:48:03:356,0.000000,0.000000,1,-71.45,-71.45,0,0,
08/27/2026,05:48:03:398,0.000000,0.000000,3,-125.54,-125.54,0,0,
08/27/2026,05:48:03:488,0.000000,0.000000,2,-125.97,-125.97,0,0,
08/27/2026,05:48:03:496,0.000000,0.000000,4,-127.95,-127.95,0,0,
08/27/2026,05:48:03:606,0.000000,0.000000,1,-69.06,-69.06,0,0,
08/27/2026,05:48:03:693,0.000000,0.000000,3,-127.18,-127.18,0,0,
08/27/2026,05:48:03:753,0.000000,0.000000,2,-128.17,-128.17,0,0,
08/27/2026,05:48:03:772,0.000000,0.000000,4,-126.22,-126.22,0,0,
08/27/2026,05:48:03:958,0.000000,0.000000,1,-63.2,-63.2,0,0,
08/27/2026,05:48:03:984,0.000000,0.000000,3,-124.96,-124.96,0,0,
08/27/2026,05:48:04:032,0.000000,0.000000,2,-127.52,-127.52,0,0,
08/27/2026,05:48:04:052,0.000000,0.000000,4,-126.55,-126.55,0,0,
08/27/2026,05:48:04:160,0.000000,0.000000,1,-69.19,-69.19,0,0,
08/27/2026,05:48:04:230,0.000000,0.000000,3,-127.03,-127.03,0,0,
08/27/2026,05:48:04:304,0.000000,0.000000,2,-127.07,-127.07,0,0,
08/27/2026,05:48:04:329,0.000000,0.000000,4,-126.7,-126.7,0,0,
08/27/2026,05:48:04:438,0.000000,0.000000,1,-67.23,-67.23,0,0,
08/27/2026,05:48:04:515,0.000000,0.000000,3,-125.01,-125.01,0,0,
08/27/2026,05:48:04:581,0.000000,0.000000,2,-124.95,-124.95,0,0,
08/27/2026,05:48:04:613,0.000000,0.000000,4,-127.69,-127.69,0,0,
08/27/2026,05:48:04:721,0.000000,0.000000,1,-72.99,-72.99,0,0,
08/27/2026,05:48:04:802,0.000000,0.000000,3,-128.27,-128.27,0,0,
08/27/2026,05:48:04:857,0.000000,0.000000,2,-126.45,-126.45,0,0,
08/27/2026,05:48:04:887,0.000000,0.000000,4,-127.83,-127.83,0,0,
08/27/2026,05:48:04:995,0.000000,0.000000,1,-67.94,-67.94,0,0,
08/27/2026,05:48:05:067,0.000000,0.000000,3,-126.91,-126.91,0,0,
08/27/2026,05:48:05:160,0.000000,0.000000,2,-125.96,-125.96,0,0,
08/27/2026,05:48:05:165,0.000000,0.000000,4,-126.86,-126.86,0,0,
08/27/2026,05:48:05:275,0.000000,0.000000,1,-66.38,-66.38,0,0,
08/27/2026,05:48:05:369,0.000000,0.000000,3,-126.33,-126.33,0,0,
08/27/2026,05:48:05:442,0.000000,0.000000,2,-126.38,-126.38,0,0,
08/27/2026,05:48:05:516,0.000000,0.000000,4,-126.06,-126.06,0,0,
08/27/2026,05:48:05:649,0.000000,0.000000,1,-67.68,-67.68,0,0,
08/27/2026,05:48:05:727,0.000000,0.000000,3,-127.38,-127.38,0,0,
08/27/2026,05:48:05:815,0.000000,0.000000,2,-125.7,-125.7,0,0,
08/27/2026,05:48:05:859,0.000000,0.000000,4,-127.68,-127.68,0,0,
08/27/2026,05:48:05:888,0.000000,0.000000,1,-75.36,-75.36,0,0,
08/27/2026,05:48:05:947,0.000000,0.000000,3,-127.06,-127.06,0,0,
08/27/2026,05:48:05:997,0.000000,0.000000,2,-124.14,-124.14,0,0,
08/27/2026,05:48:06:006,0.000000,0.000000,4,-127.89,-127.89,0,0,
08/27/2026,05:48:06:157,0.000000,0.000000,1,-72.52,-72.52,0,0,
08/27/2026,05:48:06:208,0.000000,0.000000,3,-126.94,-126.94,0,0,
08/27/2026,05:48:06:276,0.000000,0.000000,2,-127.89,-127.89,0,0,
08/27/2026,05:48:06:287,0.000000,0.000000,4,-128.47,-128.47,0,0,
08/27/2026,05:48:06:398,0.000000,0.000000,1,-76.26,-76.26,0,0,
08/27/2026,05:48:06:474,0.000000,0.000000,3,-125.63,-125.63,0,0,
08/27/2026,05:48:06:536,0.000000,0.000000,2,-123.65,-123.65,0,0,
08/27/2026,05:48:06:568,0.000000,0.000000,4,-127.61,-127.61,0,0,
08/27/2026,05:48:06:669,0.000000,0.000000,1,-74.9,-74.9,0,0,
08/27/2026,05:48:06:754,0.000000,0.000000,3,-125.72,-125.72,0,0,
08/27/2026,05:48:06:805,0.000000,0.000000,2,-125.66,-125.66,0,0,
08/27/2026,05:48:06:845,0.000000,0.000000,4,-126.89,-126.89,0,0,
08/27/2026,05:48:06:953,0.000000,0.000000,1,-65.87,-65.87,0,0,
08/27/2026,05:48:07:018,0.000000,0.000000,3,-127.29,-127.29,0,0,
08/27/2026,05:48:07:083,0.000000,0.000000,2,-124.35,-124.35,0,0,
08/27/2026,05:48:07:125,0.000000,0.000000,4,-126.34,-126.34,0,0,
08/27/2026,05:48:07:221,0.000000,0.000000,1,-73.22,-73.22,0,0,
08/27/2026,05:48:07:298,0.000000,0.000000,3,-127.51,-127.51,0,0,
08/27/2026,05:48:07:389,0.000000,0.000000,2,-125,-125,0,0,
08/27/2026,05:48:07:398,0.000000,0.000000,4,-125.17,-125.17,0,0,
08/27/2026,05:48:07:509,0.000000,0.000000,1,-65.19,-65.19,0,0,
08/27/2026,05:48:07:574,0.000000,0.000000,3,-125.87,-125.87,0,0,
08/27/2026,05:48:07:640,0.000000,0.000000,2,-127.75,-127.75,0,0,
08/27/2026,05:48:07:679,0.000000,0.000000,4,-128.14,-128.14,0,0,
08/27/2026,05:48:07:780,0.000000,0.000000,1,-74.16,-74.16,0,0,
08/27/2026,05:48:07:856,0.000000,0.000000,3,-127.66,-127.66,0,0,
08/27/2026,05:48:07:935,0.000000,0.000000,2,-124.72,-124.72,0,0,
08/27/2026,05:48:07:955,0.000000,0.000000,4,-127.49,-127.49,0,0,
08/27/2026,05:48:08:062,0.000000,0.000000,1,-68.17,-68.17,0,0,
08/27/2026,05:48:08:145,0.000000,0.000000,3,-126.89,-126.89,0,0,
08/27/2026,05:48:08:202,0.000000,0.000000,2,-126.9,-126.9,0,0,
08/27/2026,05:48:08:231,0.000000,0.000000,4,-126.48,-126.48,0,0,
08/27/2026,05:48:08:339,0.000000,0.000000,1,-67.17,-67.17,0,0,
08/27/2026,05:48:08:409,0.000000,0.000000,3,-126.08,-126.08,0,0,
08/27/2026,05:48:08:481,0.000000,0.000000,2,-126.27,-126.27,0,0,
08/27/2026,05:48:08:514,0.000000,0.000000,4,-125.45,-125.45,0,0,
08/27/2026,05:48:08:640,0.000000,0.000000,1,-65.8,-65.8,0,0,
08/27/2026,05:48:08:692,0.000000,0.000000,3,-127.3,-127.3,0,0,
08/27/2026,05:48:08:762,0.000000,0.000000,2,-126.96,-126.96,0,0,
08/27/2026,05:48:08:790,0.000000,0.000000,4,-126.94,-126.94,0,0,
08/27/2026,05:48:08:899,0.000000,0.000000,1,-72.96,-72.96,0,0,
08/27/2026,05:48:08:999,0.000000,0.000000,3,-127.52,-127.52,0,0,
08/27/2026,05:48:09:127,0.000000,0.000000,2,-127.05,-127.05,0,0,
08/27/2026,05:48:09:166,0.000000,0.000000,4,-127.3,-127.3,0,0,
08/27/2026,05:48:09:257,0.000000,0.000000,1,-71.13,-71.13,0,0,
08/27/2026,05:48:09:274,0.000000,0.000000,3,-127.77,-127.77,0,0,
08/27/2026,05:48:09:314,0.000000,0.000000,2,-126.42,-126.42,0,0,
08/27/2026,05:48:09:348,0.000000,0.000000,4,-126.27,-126.27,0,0,
08/27/2026,05:48:09:454,0.000000,0.000000,1,-72.85,-72.85,0,0,
08/27/2026,05:48:09:536,0.000000,0.000000,3,-126.22,-126.22,0,0,
08/27/2026,05:48:09:595,0.000000,0.000000,2,-124.94,-124.94,0,0,
08/27/2026,05:48:09:626,0.000000,0.000000,4,-126.29,-126.29,0,0,
08/27/2026,05:48:09:733,0.000000,0.000000,1,-66.93,-66.93,0,0,
08/27/2026,05:48:09:804,0.000000,0.000000,3,-127.26,-127.26,0,0,
08/27/2026,05:48:09:877,0.000000,0.000000,2,-124.81,-124.81,0,0,
08/27/2026,05:48:09:919,0.000000,0.000000,4,-127.26,-127.26,0,0,
08/27/2026,05:48:10:020,0.000000,0.000000,1,-65.72,-65.72,0,0,
08/27/2026,05:48:10:079,0.000000,0.000000,3,-126.31,-126.31,0,0,
08/27/2026,05:48:10:158,0.000000,0.000000,2,-126.28,-126.28,0,0,
08/27/2026,05:48:10:192,0.000000,0.000000,4,-124.92,-124.92,0,0,
08/27/2026,05:48:10:293,0.000000,0.000000,1,-69.63,-69.63,0,0,
08/27/2026,05:48:10:361,0.000000,0.000000,3,-125.71,-125.71,0,0,
08/27/2026,05:48:10:433,0.000000,0.000000,2,-127.59,-127.59,0,0,
08/27/2026,05:48:10:469,0.000000,0.000000,4,-125.19,-125.19,0,0,
08/27/2026,05:48:10:568,0.000000,0.000000,1,-74.82,-74.82,0,0,
08/27/2026,05:48:10:645,0.000000,0.000000,3,-126.4,-126.4,0,0,
08/27/2026,05:48:10:708,0.000000,0.000000,2,-126.96,-126.96,0,0,
08/27/2026,05:48:10:740,0.000000,0.000000,4,-126.55,-126.55,0,0,
08/27/2026,05:48:10:851,0.000000,0.000000,1,-68.82,-68.82,0,0,
08/27/2026,05:48:10:922,0.000000,0.000000,3,-125.49,-125.49,0,0,
08/27/2026,05:48:10:997,0.000000,0.000000,2,-125.06,-125.06,0,0,
08/27/2026,05:48:11:038,0.000000,0.000000,4,-127.39,-127.39,0,0,
08/27/2026,05:48:11:129,0.000000,0.000000,1,-67.49,-67.49,0,0,
08/27/2026,05:48:11:210,0.000000,0.000000,3,-126.31,-126.31,0,0,
08/27/2026,05:48:11:264,0.000000,0.000000,2,-125.13,-125.13,0,0,
08/27/2026,05:48:11:303,0.000000,0.000000,4,-125.2,-125.2,0,0,
08/27/2026,05:48:11:415,0.000000,0.000000,1,-66.2,-66.2,0,0,
08/27/2026,05:48:11:481,0.000000,0.000000,3,-126.65,-126.65,0,0,
08/27/2026,05:48:11:556,0.000000,0.000000,2,-126.4,-126.4,0,0,
08/27/2026,05:48:11:584,0.000000,0.000000,4,-126.96,-126.96,0,0,
08/27/2026,05:48:11:686,0.000000,0.000000,1,-64.38,-64.38,0,0,
08/27/2026,05:48:11:762,0.000000,0.000000,3,-124.42,-124.42,0,0,
08/27/2026,05:48:11:823,0.000000,0.000000,2,-125.52,-125.52,0,0,
08/27/2026,05:48:11:857,0.000000,0.000000,4,-127.23,-127.23,0,0,
08/27/2026,05:48:11:965,0.000000,0.000000,1,-62.07,-62.07,0,0,
08/27/2026,05:48:12:040,0.000000,0.000000,3,-125.58,-125.58,0,0,
08/27/2026,05:48:12:111,0.000000,0.000000,2,-125.14,-125.14,0,0,
08/27/2026,05:48:12:141,0.000000,0.000000,4,-125.29,-125.29,0,0,
08/27/2026,05:48:12:249,0.000000,0.000000,1,-64.14,-64.14,0,0,
08/27/2026,05:48:12:312,0.000000,0.000000,3,-125.48,-125.48,0,0,
08/27/2026,05:48:12:381,0.000000,0.000000,2,-124.82,-124.82,0,0,
08/27/2026,05:48:12:417,0.000000,0.000000,4,-126.64,-126.64,0,0,
08/27/2026,05:48:12:523,0.000000,0.000000,1,-61.3,-61.3,0,0,
08/27/2026,05:48:12:591,0.000000,0.000000,3,-127.2,-127.2,0,0,
08/27/2026,05:48:12:672,0.000000,0.000000,2,-125.23,-125.23,0,0,
08/27/2026,05:48:12:716,0.000000,0.000000,4,-126.11,-126.11,0,0,
08/27/2026,05:48:12:800,0.000000,0.000000,1,-64.27,-64.27,0,0,
08/27/2026,05:48:12:876,0.000000,0.000000,3,-125.45,-125.45,0,0,
08/27/2026,05:48:12:954,0.000000,0.000000,2,-125.95,-125.95,0,0,
08/27/2026,05:48:12:973,0.000000,0.000000,4,-126.62,-126.62,0,0,
08/27/2026,05:48:13:077,0.000000,0.000000,1,-66.59,-66.59,0,0,
08/27/2026,05:48:13:153,0.000000,0.000000,3,-125.24,-125.24,0,0,
08/27/2026,05:48:13:236,0.000000,0.000000,2,-127.44,-127.44,0,0,
08/27/2026,05:48:13:251,0.000000,0.000000,4,-126.49,-126.49,0,0,
08/27/2026,05:48:13:355,0.000000,0.000000,1,-62.64,-62.64,0,0,
08/27/2026,05:48:13:437,0.000000,0.000000,3,-126.69,-126.69,0,0,
08/27/2026,05:48:13:496,0.000000,0.000000,2,-126.48,-126.48,0,0,
08/27/2026,05:48:13:535,0.000000,0.000000,4,-126.36,-126.36,0,0,
08/27/2026,05:48:13:640,0.000000,0.000000,1,-63.26,-63.26,0,0,
08/27/2026,05:48:13:709,0.000000,0.000000,3,-128.79,-128.79,0,0,
08/27/2026,05:48:13:778,0.000000,0.000000,2,-125.38,-125.38,0,0,
08/27/2026,05:48:13:809,0.000000,0.000000,4,-126.01,-126.01,0,0,
08/27/2026,05:48:13:927,0.000000,0.000000,1,-61.04,-61.04,0,0,
08/27/2026,05:48:13:983,0.000000,0.000000,3,-125.83,-125.83,0,0,
08/27/2026,05:48:14:053,0.000000,0.000000,2,-125.78,-125.78,0,0,
08/27/2026,05:48:14:109,0.000000,0.000000,4,-124.3,-124.3,0,0,
08/27/2026,05:48:14:252,0.000000,0.000000,1,-65.4,-65.4,0,0,
08/27/2026,05:48:14:285,0.000000,0.000000,3,-116.9,-116.9,0,0,
08/27/2026,05:48:14:351,0.000000,0.000000,2,-126,-126,0,0,
08/27/2026,05:48:14:389,0.000000,0.000000,4,-127.04,-127.04,0,0,
08/27/2026,05:48:14:478,0.000000,0.000000,1,-62.29,-62.29,0,0,
08/27/2026,05:48:14:562,0.000000,0.000000,3,-121.38,-121.38,0,0,
08/27/2026,05:48:14:618,0.000000,0.000000,2,-112.37,-112.37,0,0,
08/27/2026,05:48:14:663,0.000000,0.000000,4,-120.24,-120.24,0,0,
08/27/2026,05:48:14:754,0.000000,0.000000,1,-61.83,-61.83,0,0,
08/27/2026,05:48:14:829,0.000000,0.000000,3,-126.82,-126.82,0,0,
08/27/2026,05:48:14:897,0.000000,0.000000,2,-123.4,-123.4,0,0,
08/27/2026,05:48:14:932,0.000000,0.000000,4,-126.71,-126.71,0,0,
08/27/2026,05:48:15:050,0.000000,0.000000,1,-62.25,-62.25,0,0,
08/27/2026,05:48:15:105,0.000000,0.000000,3,-127,-127,0,0,
08/27/2026,05:48:15:179,0.000000,0.000000,2,-118.96,-118.96,0,0,
08/27/2026,05:48:15:208,0.000000,0.000000,4,-124.5,-124.5,0,0,
08/27/2026,05:48:15:310,0.000000,0.000000,1,-63.53,-63.53,0,0,
08/27/2026,05:48:15:380,0.000000,0.000000,3,-118.46,-118.46,0,0,
08/27/2026,05:48:15:458,0.000000,0.000000,2,-126.56,-126.56,0,0,
08/27/2026,05:48:15:486,0.000000,0.000000,4,-121.07,-121.07,0,0,
08/27/2026,05:48:15:590,0.000000,0.000000,1,-59.75,-59.75,0,0,
08/27/2026,05:48:15:658,0.000000,0.000000,3,-120.27,-120.27,0,0,
08/27/2026,05:48:15:734,0.000000,0.000000,2,-113.38,-113.38,0,0,
08/27/2026,05:48:15:775,0.000000,0.000000,4,-118.86,-118.86,0,0,
08/27/2026,05:48:15:890,0.000000,0.000000,1,-60.58,-60.58,0,0,
08/27/2026,05:48:15:940,0.000000,0.000000,3,-120.41,-120.41,0,0,
08/27/2026,05:48:16:017,0.000000,0.000000,2,-125.34,-125.34,0,0,
08/27/2026,05:48:16:040,0.000000,0.000000,4,-125.5,-125.5,0,0,
08/27/2026,05:48:16:149,0.000000,0.000000,1,-64.25,-64.25,0,0,
08/27/2026,05:48:16:221,0.000000,0.000000,3,-126.27,-126.27,0,0,
08/27/2026,05:48:16:289,0.000000,0.000000,2,-126.91,-126.91,0,0,
08/27/2026,05:48:16:331,0.000000,0.000000,4,-126.77,-126.77,0,0,
08/27/2026,05:48:16:437,0.000000,0.000000,1,-64.68,-64.68,0,0,
08/27/2026,05:48:16:518,0.000000,0.000000,3,-124.98,-124.98,0,0,
08/27/2026,05:48:16:607,0.000000,0.000000,2,-126.58,-126.58,0,0,
08/27/2026,05:48:16:615,0.000000,0.000000,4,-125.61,-125.61,0,0,
08/27/2026,05:48:16:736,0.000000,0.000000,1,-62.75,-62.75,0,0,
08/27/2026,05:48:16:776,0.000000,0.000000,3,-127.3,-127.3,0,0,
08/27/2026,05:48:16:864,0.000000,0.000000,2,-120.9,-120.9,0,0,
08/27/2026,05:48:16:880,0.000000,0.000000,4,-125.84,-125.84,0,0,
08/27/2026,05:48:16:981,0.000000,0.000000,1,-64.38,-64.38,0,0,
08/27/2026,05:48:17:052,0.000000,0.000000,3,-127.63,-127.63,0,0,
08/27/2026,05:48:17:128,0.000000,0.000000,2,-126.24,-126.24,0,0,
08/27/2026,05:48:17:158,0.000000,0.000000,4,-127.23,-127.23,0,0,
08/27/2026,05:48:17:261,0.000000,0.000000,1,-65.28,-65.28,0,0,
08/27/2026,05:48:17:332,0.000000,0.000000,3,-119.13,-119.13,0,0,
08/27/2026,05:48:17:397,0.000000,0.000000,2,-124.77,-124.77,0,0,
08/27/2026,05:48:17:432,0.000000,0.000000,4,-125.81,-125.81,0,0,
08/27/2026,05:48:17:538,0.000000,0.000000,1,-69.71,-69.71,0,0,
08/27/2026,05:48:17:610,0.000000,0.000000,3,-114.52,-114.52,0,0,
08/27/2026,05:48:17:680,0.000000,0.000000,2,-125.02,-125.02,0,0,
08/27/2026,05:48:17:711,0.000000,0.000000,4,-124.65,-124.65,0,0,
08/27/2026,05:48:17:819,0.000000,0.000000,1,-81.14,-81.14,0,0,
08/27/2026,05:48:17:897,0.000000,0.000000,3,-127.59,-127.59,0,0,
08/27/2026,05:48:17:963,0.000000,0.000000,2,-115.65,-115.65,0,0,
08/27/2026,05:48:17:993,0.000000,0.000000,4,-125.71,-125.71,0,0,
08/27/2026,05:48:18:095,0.000000,0.000000,1,-76.31,-76.31,0,0,
08/27/2026,05:48:18:166,0.000000,0.000000,3,-126.84,-126.84,0,0,
08/27/2026,05:48:18:241,0.000000,0.000000,2,-125.77,-125.77,0,0,
08/27/2026,05:48:18:270,0.000000,0.000000,4,-126.33,-126.33,0,0,
08/27/2026,05:48:18:379,0.000000,0.000000,1,-71.58,-71.58,0,0,
08/27/2026,05:48:18:458,0.000000,0.000000,3,-126.3,-126.3,0,0,
08/27/2026,05:48:18:533,0.000000,0.000000,2,-126.19,-126.19,0,0,
08/27/2026,05:48:18:568,0.000000,0.000000,4,-127.76,-127.76,0,0,
08/27/2026,05:48:18:665,0.000000,0.000000,1,-68.79,-68.79,0,0,
08/27/2026,05:48:18:738,0.000000,0.000000,3,-127.17,-127.17,0,0,
08/27/2026,05:48:18:795,0.000000,0.000000,2,-127.19,-127.19,0,0,
08/27/2026,05:48:18:833,0.000000,0.000000,4,-126.35,-126.35,0,0,
08/27/2026,05:48:18:944,0.000000,0.000000,1,-66.43,-66.43,0,0,
08/27/2026,05:48:19:003,0.000000,0.000000,3,-126.09,-126.09,0,0,
08/27/2026,05:48:19:088,0.000000,0.000000,2,-127.31,-127.31,0,0,
08/27/2026,05:48:19:105,0.000000,0.000000,4,-125.21,-125.21,0,0,
08/27/2026,05:48:19:243,0.000000,0.000000,1,-70.39,-70.39,0,0,
08/27/2026,05:48:19:378,0.000000,0.000000,3,-126.47,-126.47,0,0,
08/27/2026,05:48:19:393,0.000000,0.000000,2,-127.88,-127.88,0,0,
08/27/2026,05:48:19:401,0.000000,0.000000,4,-125.95,-125.95,0,0,
08/27/2026,05:48:19:493,0.000000,0.000000,1,-68.7,-68.7,0,0,
08/27/2026,05:48:19:559,0.000000,0.000000,3,-125.01,-125.01,0,0,
08/27/2026,05:48:19:629,0.000000,0.000000,2,-124.97,-124.97,0,0,
08/27/2026,05:48:19:664,0.000000,0.000000,4,-127.93,-127.93,0,0,
08/27/2026,05:48:19:769,0.000000,0.000000,1,-73.79,-73.79,0,0,
08/27/2026,05:48:19:846,0.000000,0.000000,3,-127.71,-127.71,0,0,
08/27/2026,05:48:19:934,0.000000,0.000000,2,-126.55,-126.55,0,0,
08/27/2026,05:48:19:942,0.000000,0.000000,4,-127.21,-127.21,0,0,
08/27/2026,05:48:20:054,0.000000,0.000000,1,-70.8,-70.8,0,0,
08/27/2026,05:48:20:130,0.000000,0.000000,3,-127.51,-127.51,0,0,
08/27/2026,05:48:20:217,0.000000,0.000000,2,-126.61,-126.61,0,0,
08/27/2026,05:48:20:234,0.000000,0.000000,4,-126.96,-126.96,0,0,
08/27/2026,05:48:20:331,0.000000,0.000000,1,-66.17,-66.17,0,0,
08/27/2026,05:48:20:402,0.000000,0.000000,3,-124.78,-124.78,0,0,
08/27/2026,05:48:20:465,0.000000,0.000000,2,-126.88,-126.88,0,0,
08/27/2026,05:48:20:524,0.000000,0.000000,4,-127.04,-127.04,0,0,
08/27/2026,05:48:20:614,0.000000,0.000000,1,-67.53,-67.53,0,0,
08/27/2026,05:48:20:678,0.000000,0.000000,3,-127.78,-127.78,0,0,
08/27/2026,05:48:20:768,0.000000,0.000000,2,-126.39,-126.39,0,0,
08/27/2026,05:48:20:778,0.000000,0.000000,4,-125.09,-125.09,0,0,
08/27/2026,05:48:20:882,0.000000,0.000000,1,-74.24,-74.24,0,0,
08/27/2026,05:48:20:954,0.000000,0.000000,3,-126.71,-126.71,0,0,
08/27/2026,05:48:21:024,0.000000,0.000000,2,-127.06,-127.06,0,0,
08/27/2026,05:48:21:059,0.000000,0.000000,4,-126.82,-126.82,0,0,
08/27/2026,05:48:21:179,0.000000,0.000000,1,-70.22,-70.22,0,0,
08/27/2026,05:48:21:239,0.000000,0.000000,3,-126.75,-126.75,0,0,
08/27/2026,05:48:21:302,0.000000,0.000000,2,-127.38,-127.38,0,0,
08/27/2026,05:48:21:344,0.000000,0.000000,4,-128.02,-128.02,0,0,
08/27/2026,05:48:21:443,0.000000,0.000000,1,-76.95,-76.95,0,0,
08/27/2026,05:48:21:535,0.000000,0.000000,3,-128.1,-128.1,0,0,
08/27/2026,05:48:21:586,0.000000,0.000000,2,-125.61,-125.61,0,0,
08/27/2026,05:48:21:634,0.000000,0.000000,4,-127.12,-127.12,0,0,
08/27/2026,05:48:21:724,0.000000,0.000000,1,-73.54,-73.54,0,0,
08/27/2026,05:48:21:796,0.000000,0.000000,3,-127.37,-127.37,0,0,
08/27/2026,05:48:21:878,0.000000,0.000000,2,-126.29,-126.29,0,0,
08/27/2026,05:48:21:902,0.000000,0.000000,4,-126.3,-126.3,0,0,
08/27/2026,05:48:22:005,0.000000,0.000000,1,-71.13,-71.13,0,0,
08/27/2026,05:48:22:115,0.000000,0.000000,3,-125.63,-125.63,0,0,
08/27/2026,05:48:22:173,0.000000,0.000000,2,-126.87,-126.87,0,0,
08/27/2026,05:48:22:205,0.000000,0.000000,4,-125.4,-125.4,0,0,
08/27/2026,05:48:22:349,0.000000,0.000000,1,-74.04,-74.04,0,0,
08/27/2026,05:48:22:401,0.000000,0.000000,3,-127.01,-127.01,0,0,
08/27/2026,05:48:22:438,0.000000,0.000000,2,-127.56,-127.56,0,0,
08/27/2026,05:48:22:451,0.000000,0.000000,4,-127.36,-127.36,0,0,
08/27/2026,05:48:22:563,0.000000,0.000000,1,-68.04,-68.04,0,0,
08/27/2026,05:48:22:631,0.000000,0.000000,3,-128.82,-128.82,0,0,
08/27/2026,05:48:22:739,0.000000,0.000000,2,-126.2,-126.2,0,0,
08/27/2026,05:48:22:743,0.000000,0.000000,4,-127.11,-127.11,0,0,
08/27/2026,05:48:22:835,0.000000,0.000000,1,-65.58,-65.58,0,0,
08/27/2026,05:48:22:908,0.000000,0.000000,3,-124.56,-124.56,0,0,
08/27/2026,05:48:22:978,0.000000,0.000000,2,-125.51,-125.51,0,0,
08/27/2026,05:48:23:015,0.000000,0.000000,4,-126.78,-126.78,0,0,
08/27/2026,05:48:23:113,0.000000,0.000000,1,-66.86,-66.86,0,0,
08/27/2026,05:48:23:193,0.000000,0.000000,3,-126.36,-126.36,0,0,
08/27/2026,05:48:23:254,0.000000,0.000000,2,-126.53,-126.53,0,0,
08/27/2026,05:48:23:293,0.000000,0.000000,4,-126.31,-126.31,0,0,
08/27/2026,05:48:23:409,0.000000,0.000000,1,-70.8,-70.8,0,0,
08/27/2026,05:48:23:466,0.000000,0.000000,3,-127.14,-127.14,0,0,
08/27/2026,05:48:23:537,0.000000,0.000000,2,-125.5,-125.5,0,0,
08/27/2026,05:48:23:564,0.000000,0.000000,4,-127.49,-127.49,0,0,
08/27/2026,05:48:23:672,0.000000,0.000000,1,-71.52,-71.52,0,0,
08/27/2026,05:48:23:745,0.000000,0.000000,3,-125.69,-125.69,0,0,
08/27/2026,05:48:23:814,0.000000,0.000000,2,-125.36,-125.36,0,0,
08/27/2026,05:48:23:855,0.000000,0.000000,4,-127.19,-127.19,0,0,
08/27/2026,05:48:23:949,0.000000,0.000000,1,-70.04,-70.04,0,0,
08/27/2026,05:48:24:035,0.000000,0.000000,3,-127.4,-127.4,0,0,
08/27/2026,05:48:24:117,0.000000,0.000000,2,-126.41,-126.41,0,0,
08/27/2026,05:48:24:160,0.000000,0.000000,4,-126.16,-126.16,0,0,
08/27/2026,05:48:24:254,0.000000,0.000000,1,-70.51,-70.51,0,0,
08/27/2026,05:48:24:308,0.000000,0.000000,3,-127.78,-127.78,0,0,
08/27/2026,05:48:24:369,0.000000,0.000000,2,-127.33,-127.33,0,0,
08/27/2026,05:48:24:515,0.000000,0.000000,4,-126.21,-126.21,0,0,
08/27/2026,05:48:24:539,0.000000,0.000000,1,-77.1,-77.1,0,0,
08/27/2026,05:48:24:584,0.000000,0.000000,3,-127.05,-127.05,0,0,
08/27/2026,05:48:24:651,0.000000,0.000000,2,-125.77,-125.77,0,0,
08/27/2026,05:48:24:686,0.000000,0.000000,4,-126.81,-126.81,0,0,
08/27/2026,05:48:24:788,0.000000,0.000000,1,-69.34,-69.34,0,0,
08/27/2026,05:48:24:862,0.000000,0.000000,3,-127.6,-127.6,0,0,
08/27/2026,05:48:24:942,0.000000,0.000000,2,-126.53,-126.53,0,0,
08/27/2026,05:48:24:962,0.000000,0.000000,4,-126.45,-126.45,0,0,
08/27/2026,05:48:25:067,0.000000,0.000000,1,-70.56,-70.56,0,0,
08/27/2026,05:48:25:140,0.000000,0.000000,3,-128.18,-128.18,0,0,
08/27/2026,05:48:25:209,0.000000,0.000000,2,-125.77,-125.77,0,0,
08/27/2026,05:48:25:243,0.000000,0.000000,4,-127.56,-127.56,0,0,
08/27/2026,05:48:25:349,0.000000,0.000000,1,-66.94,-66.94,0,0,
08/27/2026,05:48:25:423,0.000000,0.000000,3,-127.36,-127.36,0,0,
08/27/2026,05:48:25:486,0.000000,0.000000,2,-124.56,-124.56,0,0,
08/27/2026,05:48:25:522,0.000000,0.000000,4,-126.48,-126.48,0,0,
08/27/2026,05:48:25:635,0.000000,0.000000,1,-63.63,-63.63,0,0,
08/27/2026,05:48:25:710,0.000000,0.000000,3,-127.37,-127.37,0,0,
08/27/2026,05:48:25:765,0.000000,0.000000,2,-124.82,-124.82,0,0,
08/27/2026,05:48:25:809,0.000000,0.000000,4,-125.72,-125.72,0,0,
08/27/2026,05:48:25:914,0.000000,0.000000,1,-64.85,-64.85,0,0,
08/27/2026,05:48:25:972,0.000000,0.000000,3,-126.56,-126.56,0,0,
08/27/2026,05:48:26:043,0.000000,0.000000,2,-125.8,-125.8,0,0,
08/27/2026,05:48:26:095,0.000000,0.000000,4,-124.88,-124.88,0,0,
08/27/2026,05:48:26:190,0.000000,0.000000,1,-64.7,-64.7,0,0,
08/27/2026,05:48:26:254,0.000000,0.000000,3,-127.08,-127.08,0,0,
08/27/2026,05:48:26:319,0.000000,0.000000,2,-128.25,-128.25,0,0,
08/27/2026,05:48:26:386,0.000000,0.000000,4,-127.05,-127.05,0,0,
08/27/2026,05:48:26:474,0.000000,0.000000,1,-63.97,-63.97,0,0,
08/27/2026,05:48:26:558,0.000000,0.000000,3,-126.11,-126.11,0,0,
08/27/2026,05:48:26:606,0.000000,0.000000,2,-125.41,-125.41,0,0,
08/27/2026,05:48:26:647,0.000000,0.000000,4,-125.01,-125.01,0,0,
08/27/2026,05:48:26:750,0.000000,0.000000,1,-66.17,-66.17,0,0,
08/27/2026,05:48:26:849,0.000000,0.000000,3,-126.47,-126.47,0,0,
08/27/2026,05:48:26:937,0.000000,0.000000,2,-124.26,-124.26,0,0,
08/27/2026,05:48:27:010,0.000000,0.000000,4,-128.1,-128.1,0,0,
08/27/2026,05:48:27:114,0.000000,0.000000,1,-66.28,-66.28,0,0,
08/27/2026,05:48:27:132,0.000000,0.000000,3,-124.45,-124.45,0,0,
08/27/2026,05:48:27:157,0.000000,0.000000,2,-124.84,-124.84,0,0,
08/27/2026,05:48:27:198,0.000000,0.000000,4,-127.73,-127.73,0,0,
08/27/2026,05:48:27:306,0.000000,0.000000,1,-68.05,-68.05,0,0,
08/27/2026,05:48:27:365,0.000000,0.000000,3,-125.05,-125.05,0,0,
08/27/2026,05:48:27:445,0.000000,0.000000,2,-126.43,-126.43,0,0,
08/27/2026,05:48:27:469,0.000000,0.000000,4,-128.17,-128.17,0,0,
08/27/2026,05:48:27:578,0.000000,0.000000,1,-69.04,-69.04,0,0,
08/27/2026,05:48:27:643,0.000000,0.000000,3,-127.31,-127.31,0,0,
08/27/2026,05:48:27:720,0.000000,0.000000,2,-126.62,-126.62,0,0,
08/27/2026,05:48:27:752,0.000000,0.000000,4,-127.87,-127.87,0,0,
08/27/2026,05:48:27:862,0.000000,0.000000,1,-70.75,-70.75,0,0,
08/27/2026,05:48:27:924,0.000000,0.000000,3,-126.05,-126.05,0,0,
08/27/2026,05:48:27:993,0.000000,0.000000,2,-126.72,-126.72,0,0,
08/27/2026,05:48:28:026,0.000000,0.000000,4,-128.66,-128.66,0,0,
08/27/2026,05:48:28:135,0.000000,0.000000,1,-73.07,-73.07,0,0,
08/27/2026,05:48:28:200,0.000000,0.000000,3,-126.04,-126.04,0,0,
08/27/2026,05:48:28:278,0.000000,0.000000,2,-125.61,-125.61,0,0,
08/27/2026,05:48:28:308,0.000000,0.000000,4,-124.72,-124.72,0,0,
08/27/2026,05:48:28:419,0.000000,0.000000,1,-75.55,-75.55,0,0,
08/27/2026,05:48:28:480,0.000000,0.000000,3,-126.89,-126.89,0,0,
08/27/2026,05:48:28:553,0.000000,0.000000,2,-127.91,-127.91,0,0,
08/27/2026,05:48:28:596,0.000000,0.000000,4,-126.4,-126.4,0,0,
08/27/2026,05:48:28:691,0.000000,0.000000,1,-77.69,-77.69,0,0,
08/27/2026,05:48:28:762,0.000000,0.000000,3,-126.74,-126.74,0,0,
08/27/2026,05:48:28:836,0.000000,0.000000,2,-127.6,-127.6,0,0,
08/27/2026,05:48:28:863,0.000000,0.000000,4,-127.95,-127.95,0,0,
08/27/2026,05:48:28:983,0.000000,0.000000,1,-69.54,-69.54,0,0,
08/27/2026,05:48:29:046,0.000000,0.000000,3,-125.77,-125.77,0,0,
08/27/2026,05:48:29:126,0.000000,0.000000,2,-126.98,-126.98,0,0,
08/27/2026,05:48:29:141,0.000000,0.000000,4,-127.44,-127.44,0,0,
08/27/2026,05:48:29:250,0.000000,0.000000,1,-69.07,-69.07,0,0,
08/27/2026,05:48:29:324,0.000000,0.000000,3,-125.34,-125.34,0,0,
08/27/2026,05:48:29:390,0.000000,0.000000,2,-124.87,-124.87,0,0,
08/27/2026,05:48:29:421,0.000000,0.000000,4,-127.44,-127.44,0,0,
08/27/2026,05:48:29:537,0.000000,0.000000,1,-68,-68,0,0,
08/27/2026,05:48:29:694,0.000000,0.000000,3,-126.73,-126.73,0,0,
08/27/2026,05:48:29:712,0.000000,0.000000,2,-126.47,-126.47,0,0,
08/27/2026,05:48:29:725,0.000000,0.000000,4,-126.55,-126.55,0,0,
08/27/2026,05:48:29:808,0.000000,0.000000,1,-74.65,-74.65,0,0,
08/27/2026,05:48:29:884,0.000000,0.000000,3,-126.09,-126.09,0,0,
08/27/2026,05:48:29:956,0.000000,0.000000,2,-126.18,-126.18,0,0,
08/27/2026,05:48:29:981,0.000000,0.000000,4,-127.19,-127.19,0,0,
08/27/2026,05:48:30:105,0.000000,0.000000,1,-74.56,-74.56,0,0,
08/27/2026,05:48:30:154,0.000000,0.000000,3,-126.69,-126.69,0,0,
08/27/2026,05:48:30:240,0.000000,0.000000,2,-126.67,-126.67,0,0,
08/27/2026,05:48:30:280,0.000000,0.000000,4,-126.06,-126.06,0,0,
08/27/2026,05:48:30:405,0.000000,0.000000,1,-70.37,-70.37,0,0,
08/27/2026,05:48:30:466,0.000000,0.000000,3,-127.77,-127.77,0,0,
08/27/2026,05:48:30:528,0.000000,0.000000,2,-127.27,-127.27,0,0,
08/27/2026,05:48:30:536,0.000000,0.000000,4,-126.19,-126.19,0,0,
08/27/2026,05:48:30:669,0.000000,0.000000,1,-70.05,-70.05,0,0,
08/27/2026,05:48:30:741,0.000000,0.000000,3,-125.62,-125.62,0,0,
08/27/2026,05:48:30:811,0.000000,0.000000,2,-126.98,-126.98,0,0,
08/27/2026,05:48:30:818,0.000000,0.000000,4,-127.2,-127.2,0,0,
08/27/2026,05:48:30:946,0.000000,0.000000,1,-71.02,-71.02,0,0,
08/27/2026,05:48:31:018,0.000000,0.000000,3,-126.59,-126.59,0,0,
08/27/2026,05:48:31:061,0.000000,0.000000,2,-127.43,-127.43,0,0,
08/27/2026,05:48:31:108,0.000000,0.000000,4,-126.08,-126.08,0,0,
08/27/2026,05:48:31:199,0.000000,0.000000,1,-70.82,-70.82,0,0,
08/27/2026,05:48:31:284,0.000000,0.000000,3,-126.44,-126.44,0,0,
08/27/2026,05:48:31:344,0.000000,0.000000,2,-127.49,-127.49,0,0,
08/27/2026,05:48:31:375,0.000000,0.000000,4,-126.27,-126.27,0,0,
08/27/2026,05:48:31:482,0.000000,0.000000,1,-76.95,-76.95,0,0,
08/27/2026,05:48:31:554,0.000000,0.000000,3,-127.24,-127.24,0,0,
08/27/2026,05:48:31:618,0.000000,0.000000,2,-127.28,-127.28,0,0,
08/27/2026,05:48:31:659,0.000000,0.000000,4,-127.24,-127.24,0,0,
08/27/2026,05:48:31:761,0.000000,0.000000,1,-73.98,-73.98,0,0,
08/27/2026,05:48:31:830,0.000000,0.000000,3,-125.15,-125.15,0,0,
08/27/2026,05:48:31:902,0.000000,0.000000,2,-127,-127,0,0,
08/27/2026,05:48:31:962,0.000000,0.000000,4,-127.06,-127.06,0,0,
08/27/2026,05:48:32:063,0.000000,0.000000,1,-76.28,-76.28,0,0,
08/27/2026,05:48:32:150,0.000000,0.000000,3,-126.99,-126.99,0,0,
08/27/2026,05:48:32:191,0.000000,0.000000,2,-125.78,-125.78,0,0,
08/27/2026,05:48:32:234,0.000000,0.000000,4,-125.98,-125.98,0,0,
08/27/2026,05:48:32:313,0.000000,0.000000,1,-74.38,-74.38,0,0,
08/27/2026,05:48:32:384,0.000000,0.000000,3,-127.15,-127.15,0,0,
08/27/2026,05:48:32:455,0.000000,0.000000,2,-126.39,-126.39,0,0,
08/27/2026,05:48:32:488,0.000000,0.000000,4,-126.59,-126.59,0,0,
08/27/2026,05:48:32:599,0.000000,0.000000,1,-69.98,-69.98,0,0,
08/27/2026,05:48:32:669,0.000000,0.000000,3,-128.4,-128.4,0,0,
08/27/2026,05:48:32:734,0.000000,0.000000,2,-125.78,-125.78,0,0,
08/27/2026,05:48:32:770,0.000000,0.000000,4,-126.5,-126.5,0,0,
08/27/2026,05:48:32:881,0.000000,0.000000,1,-70.57,-70.57,0,0,
08/27/2026,05:48:32:961,0.000000,0.000000,3,-127.25,-127.25,0,0,
08/27/2026,05:48:33:013,0.000000,0.000000,2,-126.02,-126.02,0,0,
08/27/2026,05:48:33:051,0.000000,0.000000,4,-127.77,-127.77,0,0,
08/27/2026,05:48:33:153,0.000000,0.000000,1,-78.69,-78.69,0,0,
08/27/2026,05:48:33:223,0.000000,0.000000,3,-126.62,-126.62,0,0,
08/27/2026,05:48:33:296,0.000000,0.000000,2,-127.77,-127.77,0,0,
08/27/2026,05:48:33:329,0.000000,0.000000,4,-126.69,-126.69,0,0,
08/27/2026,05:48:33:463,0.000000,0.000000,1,-71.49,-71.49,0,0,
08/27/2026,05:48:33:508,0.000000,0.000000,3,-126.81,-126.81,0,0,
08/27/2026,05:48:33:586,0.000000,0.000000,2,-126.06,-126.06,0,0,
08/27/2026,05:48:33:609,0.000000,0.000000,4,-125.14,-125.14,0,0,
08/27/2026,05:48:33:742,0.000000,0.000000,1,-90.31,-90.31,0,0,
08/27/2026,05:48:33:797,0.000000,0.000000,3,-127.17,-127.17,0,0,
08/27/2026,05:48:33:871,0.000000,0.000000,2,-126.41,-126.41,0,0,
08/27/2026,05:48:33:916,0.000000,0.000000,4,-128.18,-128.18,0,0,
08/27/2026,05:48:33:997,0.000000,0.000000,1,-79.39,-79.39,0,0,
08/27/2026,05:48:34:070,0.000000,0.000000,3,-126.24,-126.24,0,0,
08/27/2026,05:48:34:138,0.000000,0.000000,2,-126.63,-126.63,0,0,
08/27/2026,05:48:34:169,0.000000,0.000000,4,-126.15,-126.15,0,0,
08/27/2026,05:48:34:268,0.000000,0.000000,1,-73.48,-73.48,0,0,
08/27/2026,05:48:34:337,0.000000,0.000000,3,-126.65,-126.65,0,0,
08/27/2026,05:48:34:403,0.000000,0.000000,2,-127.76,-127.76,0,0,
08/27/2026,05:48:34:439,0.000000,0.000000,4,-126.75,-126.75,0,0,
08/27/2026,05:48:34:625,0.000000,0.000000,1,-66.97,-66.97,0,0,
08/27/2026,05:48:34:642,0.000000,0.000000,3,-125.9,-125.9,0,0,
08/27/2026,05:48:34:805,0.000000,0.000000,2,-127.61,-127.61,0,0,
08/27/2026,05:48:34:809,0.000000,0.000000,4,-125.88,-125.88,0,0,
08/27/2026,05:48:34:846,0.000000,0.000000,1,-72.64,-72.64,0,0,
08/27/2026,05:48:34:896,0.000000,0.000000,3,-124.61,-124.61,0,0,
08/27/2026,05:48:34:967,0.000000,0.000000,2,-127.03,-127.03,0,0,
08/27/2026,05:48:35:000,0.000000,0.000000,4,-127.72,-127.72,0,0,
08/27/2026,05:48:35:113,0.000000,0.000000,1,-72.91,-72.91,0,0,
08/27/2026,05:48:35:179,0.000000,0.000000,3,-126.79,-126.79,0,0,
08/27/2026,05:48:35:242,0.000000,0.000000,2,-126.55,-126.55,0,0,
08/27/2026,05:48:35:278,0.000000,0.000000,4,-128.34,-128.34,0,0,
08/27/2026,05:48:35:381,0.000000,0.000000,1,-77.11,-77.11,0,0,
08/27/2026,05:48:35:460,0.000000,0.000000,3,-125.72,-125.72,0,0,
08/27/2026,05:48:35:519,0.000000,0.000000,2,-128.88,-128.88,0,0,
08/27/2026,05:48:35:560,0.000000,0.000000,4,-125.94,-125.94,0,0,
08/27/2026,05:48:35:663,0.000000,0.000000,1,-74.3,-74.3,0,0,
08/27/2026,05:48:35:755,0.000000,0.000000,3,-128.02,-128.02,0,0,
08/27/2026,05:48:35:809,0.000000,0.000000,2,-126.03,-126.03,0,0,
08/27/2026,05:48:35:893,0.000000,0.000000,4,-126.83,-126.83,0,0,
08/27/2026,05:48:35:995,0.000000,0.000000,1,-78.23,-78.23,0,0,
08/27/2026,05:48:36:036,0.000000,0.000000,3,-127.48,-127.48,0,0,
08/27/2026,05:48:36:080,0.000000,0.000000,2,-125.85,-125.85,0,0,
08/27/2026,05:48:36:120,0.000000,0.000000,4,-126.79,-126.79,0,0,
08/27/2026,05:48:36:225,0.000000,0.000000,1,-70.05,-70.05,0,0,
08/27/2026,05:48:36:290,0.000000,0.000000,3,-127.41,-127.41,0,0,
08/27/2026,05:48:36:372,0.000000,0.000000,2,-126.05,-126.05,0,0,
08/27/2026,05:48:36:390,0.000000,0.000000,4,-125.17,-125.17,0,0,
08/27/2026,05:48:36:498,0.000000,0.000000,1,-65.5,-65.5,0,0,
08/27/2026,05:48:36:566,0.000000,0.000000,3,-125.52,-125.52,0,0,
08/27/2026,05:48:36:635,0.000000,0.000000,2,-125.99,-125.99,0,0,
08/27/2026,05:48:36:670,0.000000,0.000000,4,-128.06,-128.06,0,0,
08/27/2026,05:48:36:774,0.000000,0.000000,1,-70.86,-70.86,0,0,
08/27/2026,05:48:36:846,0.000000,0.000000,3,-126.81,-126.81,0,0,
08/27/2026,05:48:36:921,0.000000,0.000000,2,-127.24,-127.24,0,0,
08/27/2026,05:48:36:954,0.000000,0.000000,4,-127.74,-127.74,0,0,
08/27/2026,05:48:37:055,0.000000,0.000000,1,-68.85,-68.85,0,0,
08/27/2026,05:48:37:142,0.000000,0.000000,3,-125.91,-125.91,0,0,
08/27/2026,05:48:37:199,0.000000,0.000000,2,-126.76,-126.76,0,0,
08/27/2026,05:48:37:232,0.000000,0.000000,4,-126.43,-126.43,0,0,
08/27/2026,05:48:37:338,0.000000,0.000000,1,-69.3,-69.3,0,0,
08/27/2026,05:48:37:401,0.000000,0.000000,3,-125.89,-125.89,0,0,
08/27/2026,05:48:37:471,0.000000,0.000000,2,-127.04,-127.04,0,0,
08/27/2026,05:48:37:504,0.000000,0.000000,4,-125.66,-125.66,0,0,
08/27/2026,05:48:37:636,0.000000,0.000000,1,-69.97,-69.97,0,0,
08/27/2026,05:48:37:690,0.000000,0.000000,3,-126.21,-126.21,0,0,
08/27/2026,05:48:37:769,0.000000,0.000000,2,-126.73,-126.73,0,0,
08/27/2026,05:48:37:811,0.000000,0.000000,4,-126.59,-126.59,0,0,
08/27/2026,05:48:37:994,0.000000,0.000000,1,-68.24,-68.24,0,0,
08/27/2026,05:48:38:037,0.000000,0.000000,3,-127.28,-127.28,0,0,
08/27/2026,05:48:38:086,0.000000,0.000000,2,-127.43,-127.43,0,0,
08/27/2026,05:48:38:092,0.000000,0.000000,4,-127.06,-127.06,0,0,
08/27/2026,05:48:38:176,0.000000,0.000000,1,-67.68,-67.68,0,0,
08/27/2026,05:48:38:238,0.000000,0.000000,3,-125.99,-125.99,0,0,
08/27/2026,05:48:38:308,0.000000,0.000000,2,-126.41,-126.41,0,0,
08/27/2026,05:48:38:349,0.000000,0.000000,4,-126.44,-126.44,0,0,
08/27/2026,05:48:38:459,0.000000,0.000000,1,-71.21,-71.21,0,0,
08/27/2026,05:48:38:522,0.000000,0.000000,3,-126.18,-126.18,0,0,
08/27/2026,05:48:38:596,0.000000,0.000000,2,-125.19,-125.19,0,0,
08/27/2026,05:48:38:622,0.000000,0.000000,4,-127.37,-127.37,0,0,
08/27/2026,05:48:38:733,0.000000,0.000000,1,-66.54,-66.54,0,0,
08/27/2026,05:48:38:802,0.000000,0.000000,3,-126.05,-126.05,0,0,
08/27/2026,05:48:38:865,0.000000,0.000000,2,-126.77,-126.77,0,0,
08/27/2026,05:48:38:900,0.000000,0.000000,4,-126.5,-126.5,0,0,
08/27/2026,05:48:39:010,0.000000,0.000000,1,-63.81,-63.81,0,0,
08/27/2026,05:48:39:074,0.000000,0.000000,3,-125.23,-125.23,0,0,
08/27/2026,05:48:39:151,0.000000,0.000000,2,-126.12,-126.12,0,0,
08/27/2026,05:48:39:178,0.000000,0.000000,4,-125.15,-125.15,0,0,
08/27/2026,05:48:39:284,0.000000,0.000000,1,-63.49,-63.49,0,0,
08/27/2026,05:48:39:369,0.000000,0.000000,3,-127.12,-127.12,0,0,
08/27/2026,05:48:39:426,0.000000,0.000000,2,-125.86,-125.86,0,0,
08/27/2026,05:48:39:462,0.000000,0.000000,4,-126.09,-126.09,0,0,
08/27/2026,05:48:39:561,0.000000,0.000000,1,-70.62,-70.62,0,0,
08/27/2026,05:48:39:644,0.000000,0.000000,3,-126.33,-126.33,0,0,
08/27/2026,05:48:39:729,0.000000,0.000000,2,-126.83,-126.83,0,0,
08/27/2026,05:48:39:735,0.000000,0.000000,4,-124.7,-124.7,0,0,
08/27/2026,05:48:39:845,0.000000,0.000000,1,-75.62,-75.62,0,0,
08/27/2026,05:48:39:959,0.000000,0.000000,3,-127.06,-127.06,0,0,
08/27/2026,05:48:39:987,0.000000,0.000000,2,-127.55,-127.55,0,0,
08/27/2026,05:48:40:022,0.000000,0.000000,4,-125.92,-125.92,0,0,
08/27/2026,05:48:40:120,0.000000,0.000000,1,-70.61,-70.61,0,0,
08/27/2026,05:48:40:200,0.000000,0.000000,3,-126.35,-126.35,0,0,
08/27/2026,05:48:40:263,0.000000,0.000000,2,-126.61,-126.61,0,0,
08/27/2026,05:48:40:323,0.000000,0.000000,4,-125.07,-125.07,0,0,
08/27/2026,05:48:40:398,0.000000,0.000000,1,-68.55,-68.55,0,0,
08/27/2026,05:48:40:495,0.000000,0.000000,3,-127.27,-127.27,0,0,
08/27/2026,05:48:40:560,0.000000,0.000000,2,-125.45,-125.45,0,0,
08/27/2026,05:48:40:573,0.000000,0.000000,4,-126.28,-126.28,0,0,
08/27/2026,05:48:40:743,0.000000,0.000000,1,-72.41,-72.41,0,0,
08/27/2026,05:48:40:807,0.000000,0.000000,3,-127.57,-127.57,0,0,
08/27/2026,05:48:40:874,0.000000,0.000000,2,-124.66,-124.66,0,0,
08/27/2026,05:48:40:881,0.000000,0.000000,4,-126.69,-126.69,0,0,
08/27/2026,05:48:40:987,0.000000,0.000000,1,-73.29,-73.29,0,0,
08/27/2026,05:48:41:044,0.000000,0.000000,3,-125.53,-125.53,0,0,
08/27/2026,05:48:41:095,0.000000,0.000000,2,-127.31,-127.31,0,0,
08/27/2026,05:48:41:133,0.000000,0.000000,4,-127.93,-127.93,0,0,
08/27/2026,05:48:41:243,0.000000,0.000000,1,-76.77,-76.77,0,0,
08/27/2026,05:48:41:303,0.000000,0.000000,3,-125.9,-125.9,0,0,
08/27/2026,05:48:41:386,0.000000,0.000000,2,-126.5,-126.5,0,0,
08/27/2026,05:48:41:412,0.000000,0.000000,4,-126.76,-126.76,0,0,
08/27/2026,05:48:41:538,0.000000,0.000000,1,-70.13,-70.13,0,0,
08/27/2026,05:48:41:596,0.000000,0.000000,3,-128.1,-128.1,0,0,
08/27/2026,05:48:41:687,0.000000,0.000000,2,-127.01,-127.01,0,0,
08/27/2026,05:48:41:694,0.000000,0.000000,4,-126.23,-126.23,0,0,
08/27/2026,05:48:41:816,0.000000,0.000000,1,-66.72,-66.72,0,0,
08/27/2026,05:48:41:863,0.000000,0.000000,3,-126.49,-126.49,0,0,
08/27/2026,05:48:41:941,0.000000,0.000000,2,-126.5,-126.5,0,0,
08/27/2026,05:48:41:967,0.000000,0.000000,4,-126.64,-126.64,0,0,
08/27/2026,05:48:42:085,0.000000,0.000000,1,-70.78,-70.78,0,0,
08/27/2026,05:48:42:140,0.000000,0.000000,3,-126.28,-126.28,0,0,
08/27/2026,05:48:42:218,0.000000,0.000000,2,-126.43,-126.43,0,0,
08/27/2026,05:48:42:269,0.000000,0.000000,4,-127.63,-127.63,0,0,
08/27/2026,05:48:42:366,0.000000,0.000000,1,-72.79,-72.79,0,0,
08/27/2026,05:48:42:445,0.000000,0.000000,3,-126.24,-126.24,0,0,
08/27/2026,05:48:42:491,0.000000,0.000000,2,-128.88,-128.88,0,0,
08/27/2026,05:48:42:536,0.000000,0.000000,4,-126.38,-126.38,0,0,
08/27/2026,05:48:42:629,0.000000,0.000000,1,-68.04,-68.04,0,0,
08/27/2026,05:48:42:715,0.000000,0.000000,3,-126.61,-126.61,0,0,
08/27/2026,05:48:42:775,0.000000,0.000000,2,-128.53,-128.53,0,0,
08/27/2026,05:48:42:808,0.000000,0.000000,4,-127.93,-127.93,0,0,
08/27/2026,05:48:42:914,0.000000,0.000000,1,-71.63,-71.63,0,0,
08/27/2026,05:48:42:981,0.000000,0.000000,3,-123.88,-123.88,0,0,
08/27/2026,05:48:43:059,0.000000,0.000000,2,-125.87,-125.87,0,0,
08/27/2026,05:48:43:098,0.000000,0.000000,4,-127.8,-127.8,0,0,
08/27/2026,05:48:43:218,0.000000,0.000000,1,-69.73,-69.73,0,0,
08/27/2026,05:48:43:263,0.000000,0.000000,3,-126.81,-126.81,0,0,
08/27/2026,05:48:43:341,0.000000,0.000000,2,-125.62,-125.62,0,0,
08/27/2026,05:48:43:385,0.000000,0.000000,4,-125.73,-125.73,0,0,
08/27/2026,05:48:43:467,0.000000,0.000000,1,-73.25,-73.25,0,0,
08/27/2026,05:48:43:560,0.000000,0.000000,3,-124.45,-124.45,0,0,
08/27/2026,05:48:43:612,0.000000,0.000000,2,-126.06,-126.06,0,0,
08/27/2026,05:48:43:640,0.000000,0.000000,4,-127.2,-127.2,0,0,
08/27/2026,05:48:43:751,0.000000,0.000000,1,-74.51,-74.51,0,0,
08/27/2026,05:48:43:818,0.000000,0.000000,3,-125.62,-125.62,0,0,
08/27/2026,05:48:43:907,0.000000,0.000000,2,-128.05,-128.05,0,0,
08/27/2026,05:48:43:918,0.000000,0.000000,4,-125.98,-125.98,0,0,
08/27/2026,05:48:44:033,0.000000,0.000000,1,-79.95,-79.95,0,0,
08/27/2026,05:48:44:101,0.000000,0.000000,3,-126.72,-126.72,0,0,
08/27/2026,05:48:44:166,0.000000,0.000000,2,-126.36,-126.36,0,0,
08/27/2026,05:48:44:196,0.000000,0.000000,4,-127.17,-127.17,0,0,
08/27/2026,05:48:44:303,0.000000,0.000000,1,-73.75,-73.75,0,0,
08/27/2026,05:48:44:375,0.000000,0.000000,3,-126.56,-126.56,0,0,
08/27/2026,05:48:44:450,0.000000,0.000000,2,-125.21,-125.21,0,0,
08/27/2026,05:48:44:487,0.000000,0.000000,4,-127.4,-127.4,0,0,
08/27/2026,05:48:44:580,0.000000,0.000000,1,-79.1,-79.1,0,0,
08/27/2026,05:48:44:660,0.000000,0.000000,3,-127.52,-127.52,0,0,
08/27/2026,05:48:44:729,0.000000,0.000000,2,-126.47,-126.47,0,0,
08/27/2026,05:48:44:760,0.000000,0.000000,4,-125.89,-125.89,0,0,
08/27/2026,05:48:44:866,0.000000,0.000000,1,-70.91,-70.91,0,0,
08/27/2026,05:48:44:938,0.000000,0.000000,3,-128.41,-128.41,0,0,
08/27/2026,05:48:45:091,0.000000,0.000000,2,-127.28,-127.28,0,0,
08/27/2026,05:48:45:128,0.000000,0.000000,4,-125.18,-125.18,0,0,
08/27/2026,05:48:45:179,0.000000,0.000000,1,-78.66,-78.66,0,0,
08/27/2026,05:48:45:221,0.000000,0.000000,3,-127.56,-127.56,0,0,
08/27/2026,05:48:45:303,0.000000,0.000000,2,-125.6,-125.6,0,0,
08/27/2026,05:48:45:311,0.000000,0.000000,4,-127.41,-127.41,0,0,
08/27/2026,05:48:45:424,0.000000,0.000000,1,-73.53,-73.53,0,0,
08/27/2026,05:48:45:493,0.000000,0.000000,3,-125.66,-125.66,0,0,
08/27/2026,05:48:45:560,0.000000,0.000000,2,-127.22,-127.22,0,0,
08/27/2026,05:48:45:592,0.000000,0.000000,4,-125.69,-125.69,0,0,
08/27/2026,05:48:45:707,0.000000,0.000000,1,-72.32,-72.32,0,0,
08/27/2026,05:48:45:771,0.000000,0.000000,3,-127.05,-127.05,0,0,
08/27/2026,05:48:45:835,0.000000,0.000000,2,-127.42,-127.42,0,0,
08/27/2026,05:48:45:873,0.000000,0.000000,4,-127.46,-127.46,0,0,
08/27/2026,05:48:45:977,0.000000,0.000000,1,-73.31,-73.31,0,0,
08/27/2026,05:48:46:058,0.000000,0.000000,3,-127.09,-127.09,0,0,
08/27/2026,05:48:46:125,0.000000,0.000000,2,-127.37,-127.37,0,0,
08/27/2026,05:48:46:148,0.000000,0.000000,4,-127.67,-127.67,0,0,
08/27/2026,05:48:46:256,0.000000,0.000000,1,-75.86,-75.86,0,0,
08/27/2026,05:48:46:322,0.000000,0.000000,3,-126.54,-126.54,0,0,
08/27/2026,05:48:46:408,0.000000,0.000000,2,-126.43,-126.43,0,0,
08/27/2026,05:48:46:431,0.000000,0.000000,4,-127.76,-127.76,0,0,
08/27/2026,05:48:46:542,0.000000,0.000000,1,-78.34,-78.34,0,0,
08/27/2026,05:48:46:614,0.000000,0.000000,3,-127.92,-127.92,0,0,
08/27/2026,05:48:46:676,0.000000,0.000000,2,-126.31,-126.31,0,0,
08/27/2026,05:48:46:706,0.000000,0.000000,4,-126.42,-126.42,0,0,
08/27/2026,05:48:46:813,0.000000,0.000000,1,-74.14,-74.14,0,0,
08/27/2026,05:48:46:880,0.000000,0.000000,3,-126.27,-126.27,0,0,
08/27/2026,05:48:46:962,0.000000,0.000000,2,-125.42,-125.42,0,0,
08/27/2026,05:48:47:005,0.000000,0.000000,4,-127.54,-127.54,0,0,
08/27/2026,05:48:47:096,0.000000,0.000000,1,-82.61,-82.61,0,0,
08/27/2026,05:48:47:171,0.000000,0.000000,3,-127.01,-127.01,0,0,
08/27/2026,05:48:47:241,0.000000,0.000000,2,-127.01,-127.01,0,0,
08/27/2026,05:48:47:264,0.000000,0.000000,4,-126.11,-126.11,0,0,
08/27/2026,05:48:47:385,0.000000,0.000000,1,-71.89,-71.89,0,0,
08/27/2026,05:48:47:441,0.000000,0.000000,3,-127.17,-127.17,0,0,
08/27/2026,05:48:47:523,0.000000,0.000000,2,-126.17,-126.17,0,0,
08/27/2026,05:48:47:544,0.000000,0.000000,4,-126.36,-126.36,0,0,
08/27/2026,05:48:47:654,0.000000,0.000000,1,-68.52,-68.52,0,0,
08/27/2026,05:48:47:721,0.000000,0.000000,3,-126.53,-126.53,0,0,
08/27/2026,05:48:47:790,0.000000,0.000000,2,-126.76,-126.76,0,0,
08/27/2026,05:48:47:822,0.000000,0.000000,4,-126.2,-126.2,0,0,
08/27/2026,05:48:47:926,0.000000,0.000000,1,-69.27,-69.27,0,0,
08/27/2026,05:48:47:997,0.000000,0.000000,3,-125.7,-125.7,0,0,
08/27/2026,05:48:48:073,0.000000,0.000000,2,-126.76,-126.76,0,0,
08/27/2026,05:48:48:107,0.000000,0.000000,4,-126.07,-126.07,0,0,
08/27/2026,05:48:48:209,0.000000,0.000000,1,-71.02,-71.02,0,0,
08/27/2026,05:48:48:293,0.000000,0.000000,3,-126.27,-126.27,0,0,
08/27/2026,05:48:48:355,0.000000,0.000000,2,-126.55,-126.55,0,0,
08/27/2026,05:48:48:379,0.000000,0.000000,4,-126.64,-126.64,0,0,
08/27/2026,05:48:48:495,0.000000,0.000000,1,-69.91,-69.91,0,0,
08/27/2026,05:48:48:567,0.000000,0.000000,3,-127.06,-127.06,0,0,
08/27/2026,05:48:48:626,0.000000,0.000000,2,-126.4,-126.4,0,0,
08/27/2026,05:48:48:667,0.000000,0.000000,4,-126.64,-126.64,0,0,
08/27/2026,05:48:48:768,0.000000,0.000000,1,-71.46,-71.46,0,0,
08/27/2026,05:48:48:831,0.000000,0.000000,3,-127.34,-127.34,0,0,
08/27/2026,05:48:48:907,0.000000,0.000000,2,-126.37,-126.37,0,0,
08/27/2026,05:48:48:953,0.000000,0.000000,4,-126.72,-126.72,0,0,
08/27/2026,05:48:49:075,0.000000,0.000000,1,-72.26,-72.26,0,0,
08/27/2026,05:48:49:119,0.000000,0.000000,3,-125.7,-125.7,0,0,
08/27/2026,05:48:49:184,0.000000,0.000000,2,-125.43,-125.43,0,0,
08/27/2026,05:48:49:221,0.000000,0.000000,4,-126.84,-126.84,0,0,
08/27/2026,05:48:49:322,0.000000,0.000000,1,-73.8,-73.8,0,0,
08/27/2026,05:48:49:413,0.000000,0.000000,3,-125.99,-125.99,0,0,
08/27/2026,05:48:49:466,0.000000,0.000000,2,-125.7,-125.7,0,0,
08/27/2026,05:48:49:495,0.000000,0.000000,4,-124.05,-124.05,0,0,
08/27/2026,05:48:49:613,0.000000,0.000000,1,-71.77,-71.77,0,0,
08/27/2026,05:48:49:675,0.000000,0.000000,3,-124.7,-124.7,0,0,
08/27/2026,05:48:49:742,0.000000,0.000000,2,-125.97,-125.97,0,0,
08/27/2026,05:48:49:791,0.000000,0.000000,4,-124.99,-124.99,0,0,
08/27/2026,05:48:49:882,0.000000,0.000000,1,-72.25,-72.25,0,0,
08/27/2026,05:48:49:952,0.000000,0.000000,3,-126.5,-126.5,0,0,
08/27/2026,05:48:50:018,0.000000,0.000000,2,-127.37,-127.37,0,0,
08/27/2026,05:48:50:054,0.000000,0.000000,4,-126.22,-126.22,0,0,
08/27/2026,05:48:50:236,0.000000,0.000000,1,-72.61,-72.61,0,0,
08/27/2026,05:48:50:256,0.000000,0.000000,3,-125.71,-125.71,0,0,
08/27/2026,05:48:50:299,0.000000,0.000000,2,-126.22,-126.22,0,0,
08/27/2026,05:48:50:334,0.000000,0.000000,4,-126.35,-126.35,0,0,
08/27/2026,05:48:50:440,0.000000,0.000000,1,-75.69,-75.69,0,0,
08/27/2026,05:48:50:533,0.000000,0.000000,3,-126.28,-126.28,0,0,
08/27/2026,05:48:50:607,0.000000,0.000000,2,-126.22,-126.22,0,0,
08/27/2026,05:48:50:614,0.000000,0.000000,4,-127.43,-127.43,0,0,
08/27/2026,05:48:50:740,0.000000,0.000000,1,-74.84,-74.84,0,0,
08/27/2026,05:48:50:793,0.000000,0.000000,3,-124.64,-124.64,0,0,
08/27/2026,05:48:50:870,0.000000,0.000000,2,-127.91,-127.91,0,0,
08/27/2026,05:48:50:907,0.000000,0.000000,4,-127.18,-127.18,0,0,
08/27/2026,05:48:50:995,0.000000,0.000000,1,-78.5,-78.5,0,0,
08/27/2026,05:48:51:063,0.000000,0.000000,3,-127.52,-127.52,0,0,
08/27/2026,05:48:51:141,0.000000,0.000000,2,-127.53,-127.53,0,0,
08/27/2026,05:48:51:172,0.000000,0.000000,4,-124.31,-124.31,0,0,
08/27/2026,05:48:51:275,0.000000,0.000000,1,-76.32,-76.32,0,0,
08/27/2026,05:48:51:343,0.000000,0.000000,3,-128.97,-128.97,0,0,
08/27/2026,05:48:51:420,0.000000,0.000000,2,-125.33,-125.33,0,0,
08/27/2026,05:48:51:459,0.000000,0.000000,4,-126.06,-126.06,0,0,
08/27/2026,05:48:51:558,0.000000,0.000000,1,-81.2,-81.2,0,0,
08/27/2026,05:48:51:632,0.000000,0.000000,3,-126.56,-126.56,0,0,
08/27/2026,05:48:51:691,0.000000,0.000000,2,-127.38,-127.38,0,0,
08/27/2026,05:48:51:729,0.000000,0.000000,4,-125.76,-125.76,0,0,
08/27/2026,05:48:51:845,0.000000,0.000000,1,-84.39,-84.39,0,0,
08/27/2026,05:48:51:899,0.000000,0.000000,3,-127.49,-127.49,0,0,
08/27/2026,05:48:51:971,0.000000,0.000000,2,-126.29,-126.29,0,0,
08/27/2026,05:48:52:021,0.000000,0.000000,4,-126.49,-126.49,0,0,
08/27/2026,05:48:52:109,0.000000,0.000000,1,-81.61,-81.61,0,0,
08/27/2026,05:48:52:185,0.000000,0.000000,3,-126.88,-126.88,0,0,
08/27/2026,05:48:52:263,0.000000,0.000000,2,-127.42,-127.42,0,0,
08/27/2026,05:48:52:288,0.000000,0.000000,4,-126.02,-126.02,0,0,
08/27/2026,05:48:52:396,0.000000,0.000000,1,-84.1,-84.1,0,0,
08/27/2026,05:48:52:458,0.000000,0.000000,3,-126.35,-126.35,0,0,
08/27/2026,05:48:52:542,0.000000,0.000000,2,-127.47,-127.47,0,0,
08/27/2026,05:48:52:576,0.000000,0.000000,4,-128.1,-128.1,0,0,
08/27/2026,05:48:52:670,0.000000,0.000000,1,-84.52,-84.52,0,0,
08/27/2026,05:48:52:752,0.000000,0.000000,3,-126.58,-126.58,0,0,
08/27/2026,05:48:52:820,0.000000,0.000000,2,-126.38,-126.38,0,0,
08/27/2026,05:48:52:867,0.000000,0.000000,4,-125.78,-125.78,0,0,
08/27/2026,05:48:52:956,0.000000,0.000000,1,-82.23,-82.23,0,0,
08/27/2026,05:48:53:015,0.000000,0.000000,3,-126.83,-126.83,0,0,
08/27/2026,05:48:53:090,0.000000,0.000000,2,-125.08,-125.08,0,0,
08/27/2026,05:48:53:124,0.000000,0.000000,4,-128.1,-128.1,0,0,
08/27/2026,05:48:53:226,0.000000,0.000000,1,-76.45,-76.45,0,0,
08/27/2026,05:48:53:301,0.000000,0.000000,3,-125.95,-125.95,0,0,
08/27/2026,05:48:53:365,0.000000,0.000000,2,-126.42,-126.42,0,0,
08/27/2026,05:48:53:398,0.000000,0.000000,4,-125.66,-125.66,0,0,
08/27/2026,05:48:53:511,0.000000,0.000000,1,-81.84,-81.84,0,0,
08/27/2026,05:48:53:579,0.000000,0.000000,3,-127.03,-127.03,0,0,
08/27/2026,05:48:53:643,0.000000,0.000000,2,-125.51,-125.51,0,0,
08/27/2026,05:48:53:679,0.000000,0.000000,4,-127.5,-127.5,0,0,
08/27/2026,05:48:53:798,0.000000,0.000000,1,-79.24,-79.24,0,0,
08/27/2026,05:48:53:859,0.000000,0.000000,3,-128.04,-128.04,0,0,
08/27/2026,05:48:53:930,0.000000,0.000000,2,-126.52,-126.52,0,0,
08/27/2026,05:48:53:963,0.000000,0.000000,4,-126.65,-126.65,0,0,
08/27/2026,05:48:54:070,0.000000,0.000000,1,-92.82,-92.82,0,0,
08/27/2026,05:48:54:134,0.000000,0.000000,3,-126.18,-126.18,0,0,
08/27/2026,05:48:54:202,0.000000,0.000000,2,-125.74,-125.74,0,0,
08/27/2026,05:48:54:253,0.000000,0.000000,4,-126.5,-126.5,0,0,
08/27/2026,05:48:54:344,0.000000,0.000000,1,-89.08,-89.08,0,0,
08/27/2026,05:48:54:422,0.000000,0.000000,3,-126.49,-126.49,0,0,
08/27/2026,05:48:54:524,0.000000,0.000000,2,-124.25,-124.25,0,0,
08/27/2026,05:48:54:552,0.000000,0.000000,4,-126.8,-126.8,0,0,
08/27/2026,05:48:54:624,0.000000,0.000000,1,-91.06,-91.06,0,0,
08/27/2026,05:48:54:691,0.000000,0.000000,3,-126.55,-126.55,0,0,
08/27/2026,05:48:54:757,0.000000,0.000000,2,-125.8,-125.8,0,0,
08/27/2026,05:48:54:792,0.000000,0.000000,4,-127.1,-127.1,0,0,
08/27/2026,05:48:54:897,0.000000,0.000000,1,-92.81,-92.81,0,0,
08/27/2026,05:48:54:974,0.000000,0.000000,3,-126.67,-126.67,0,0,
08/27/2026,05:48:55:036,0.000000,0.000000,2,-124.56,-124.56,0,0,
08/27/2026,05:48:55:077,0.000000,0.000000,4,-125.35,-125.35,0,0,
08/27/2026,05:48:55:178,0.000000,0.000000,1,-86.37,-86.37,0,0,
08/27/2026,05:48:55:248,0.000000,0.000000,3,-127.97,-127.97,0,0,
08/27/2026,05:48:55:380,0.000000,0.000000,2,-126.91,-126.91,0,0,
08/27/2026,05:48:55:387,0.000000,0.000000,4,-124.62,-124.62,0,0,
08/27/2026,05:48:55:458,0.000000,0.000000,1,-87.08,-87.08,0,0,
08/27/2026,05:48:55:525,0.000000,0.000000,3,-123.83,-123.83,0,0,
08/27/2026,05:48:55:594,0.000000,0.000000,2,-124.75,-124.75,0,0,
08/27/2026,05:48:55:641,0.000000,0.000000,4,-127.77,-127.77,0,0,
08/27/2026,05:48:55:735,0.000000,0.000000,1,-80.83,-80.83,0,0,
08/27/2026,05:48:55:814,0.000000,0.000000,3,-127.46,-127.46,0,0,
08/27/2026,05:48:55:882,0.000000,0.000000,2,-126.44,-126.44,0,0,
08/27/2026,05:48:55:910,0.000000,0.000000,4,-125.51,-125.51,0,0,
08/27/2026,05:48:56:011,0.000000,0.000000,1,-83.2,-83.2,0,0,
08/27/2026,05:48:56:095,0.000000,0.000000,3,-124.83,-124.83,0,0,
08/27/2026,05:48:56:178,0.000000,0.000000,2,-127.27,-127.27,0,0,
08/27/2026,05:48:56:208,0.000000,0.000000,4,-126,-126,0,0,
08/27/2026,05:48:56:301,0.000000,0.000000,1,-82.21,-82.21,0,0,
08/27/2026,05:48:56:426,0.000000,0.000000,3,-127,-127,0,0,
08/27/2026,05:48:56:481,0.000000,0.000000,2,-127.99,-127.99,0,0,
08/27/2026,05:48:56:513,0.000000,0.000000,4,-126.59,-126.59,0,0,
08/27/2026,05:48:56:576,0.000000,0.000000,1,-84.36,-84.36,0,0,
08/27/2026,05:48:56:652,0.000000,0.000000,3,-126.23,-126.23,0,0,
08/27/2026,05:48:56:710,0.000000,0.000000,2,-125.47,-125.47,0,0,
08/27/2026,05:48:56:744,0.000000,0.000000,4,-126.86,-126.86,0,0,
08/27/2026,05:48:56:851,0.000000,0.000000,1,-89,-89,0,0,
08/27/2026,05:48:56:922,0.000000,0.000000,3,-125.51,-125.51,0,0,
08/27/2026,05:48:57:000,0.000000,0.000000,2,-126.27,-126.27,0,0,
08/27/2026,05:48:57:036,0.000000,0.000000,4,-127.17,-127.17,0,0,
08/27/2026,05:48:57:133,0.000000,0.000000,1,-82.93,-82.93,0,0,
08/27/2026,05:48:57:197,0.000000,0.000000,3,-126.77,-126.77,0,0,
08/27/2026,05:48:57:281,0.000000,0.000000,2,-126.12,-126.12,0,0,
08/27/2026,05:48:57:301,0.000000,0.000000,4,-126.41,-126.41,0,0,
08/27/2026,05:48:57:411,0.000000,0.000000,1,-81.92,-81.92,0,0,
08/27/2026,05:48:57:489,0.000000,0.000000,3,-125.43,-125.43,0,0,
08/27/2026,05:48:57:545,0.000000,0.000000,2,-125.66,-125.66,0,0,
08/27/2026,05:48:57:582,0.000000,0.000000,4,-126.25,-126.25,0,0,
08/27/2026,05:48:57:687,0.000000,0.000000,1,-87.2,-87.2,0,0,
08/27/2026,05:48:57:756,0.000000,0.000000,3,-126.65,-126.65,0,0,
08/27/2026,05:48:57:832,0.000000,0.000000,2,-127.99,-127.99,0,0,
08/27/2026,05:48:57:859,0.000000,0.000000,4,-126.69,-126.69,0,0,
08/27/2026,05:48:57:970,0.000000,0.000000,1,-95.62,-95.62,0,0,
08/27/2026,05:48:58:045,0.000000,0.000000,3,-127.49,-127.49,0,0,
08/27/2026,05:48:58:109,0.000000,0.000000,2,-126.03,-126.03,0,0,
08/27/2026,05:48:58:148,0.000000,0.000000,4,-125.63,-125.63,0,0,
08/27/2026,05:48:58:273,0.000000,0.000000,1,-83.34,-83.34,0,0,
08/27/2026,05:48:58:315,0.000000,0.000000,3,-125.54,-125.54,0,0,
08/27/2026,05:48:58:402,0.000000,0.000000,2,-126.57,-126.57,0,0,
08/27/2026,05:48:58:444,0.000000,0.000000,4,-127.77,-127.77,0,0,
08/27/2026,05:48:58:527,0.000000,0.000000,1,-80.61,-80.61,0,0,
08/27/2026,05:48:58:607,0.000000,0.000000,3,-127.47,-127.47,0,0,
08/27/2026,05:48:58:662,0.000000,0.000000,2,-126.05,-126.05,0,0,
08/27/2026,05:48:58:708,0.000000,0.000000,4,-127.17,-127.17,0,0,
08/27/2026,05:48:58:811,0.000000,0.000000,1,-82.77,-82.77,0,0,
08/27/2026,05:48:58:879,0.000000,0.000000,3,-126.86,-126.86,0,0,
08/27/2026,05:48:58:950,0.000000,0.000000,2,-126.15,-126.15,0,0,
08/27/2026,05:48:58:983,0.000000,0.000000,4,-127.56,-127.56,0,0,
08/27/2026,05:48:59:095,0.000000,0.000000,1,-81.07,-81.07,0,0,
08/27/2026,05:48:59:158,0.000000,0.000000,3,-124.95,-124.95,0,0,
08/27/2026,05:48:59:238,0.000000,0.000000,2,-125.33,-125.33,0,0,
08/27/2026,05:48:59:278,0.000000,0.000000,4,-126.48,-126.48,0,0,
08/27/2026,05:48:59:373,0.000000,0.000000,1,-78.51,-78.51,0,0,
08/27/2026,05:48:59:447,0.000000,0.000000,3,-126.99,-126.99,0,0,
08/27/2026,05:48:59:511,0.000000,0.000000,2,-126.58,-126.58,0,0,
08/27/2026,05:48:59:541,0.000000,0.000000,4,-123.45,-123.45,0,0,
08/27/2026,05:48:59:647,0.000000,0.000000,1,-81.33,-81.33,0,0,
08/27/2026,05:48:59:716,0.000000,0.000000,3,-127.9,-127.9,0,0,
08/27/2026,05:48:59:786,0.000000,0.000000,2,-125.72,-125.72,0,0,
08/27/2026,05:48:59:919,0.000000,0.000000,4,-127.21,-127.21,0,0,
08/27/2026,05:48:59:967,0.000000,0.000000,1,-77.94,-77.94,0,0,
08/27/2026,05:49:00:012,0.000000,0.000000,3,-125.79,-125.79,0,0,
08/27/2026,05:49:00:092,0.000000,0.000000,2,-128.75,-128.75,0,0,
08/27/2026,05:49:00:133,0.000000,0.000000,4,-126.49,-126.49,0,0,
08/27/2026,05:49:00:215,0.000000,0.000000,1,-87.62,-87.62,0,0,
08/27/2026,05:49:00:330,0.000000,0.000000,3,-126.64,-126.64,0,0,
08/27/2026,05:49:00:391,0.000000,0.000000,2,-126.92,-126.92,0,0,
08/27/2026,05:49:00:401,0.000000,0.000000,4,-127.74,-127.74,0,0,
08/27/2026,05:49:00:572,0.000000,0.000000,1,-83.75,-83.75,0,0,
08/27/2026,05:49:00:642,0.000000,0.000000,3,-126.9,-126.9,0,0,
08/27/2026,05:49:00:696,0.000000,0.000000,2,-126.52,-126.52,0,0,
08/27/2026,05:49:00:707,0.000000,0.000000,4,-126.53,-126.53,0,0,
08/27/2026,05:49:00:777,0.000000,0.000000,1,-82.88,-82.88,0,0,
08/27/2026,05:49:00:874,0.000000,0.000000,3,-125.97,-125.97,0,0,
08/27/2026,05:49:00:939,0.000000,0.000000,2,-127.39,-127.39,0,0,
08/27/2026,05:49:00:945,0.000000,0.000000,4,-127.21,-127.21,0,0,
08/27/2026,05:49:01:059,0.000000,0.000000,1,-84.04,-84.04,0,0,
08/27/2026,05:49:01:135,0.000000,0.000000,3,-126.31,-126.31,0,0,
08/27/2026,05:49:01:208,0.000000,0.000000,2,-125.67,-125.67,0,0,
08/27/2026,05:49:01:240,0.000000,0.000000,4,-126.45,-126.45,0,0,
08/27/2026,05:49:01:345,0.000000,0.000000,1,-87.1,-87.1,0,0,
08/27/2026,05:49:01:412,0.000000,0.000000,3,-125.67,-125.67,0,0,
08/27/2026,05:49:01:494,0.000000,0.000000,2,-125.02,-125.02,0,0,
08/27/2026,05:49:01:518,0.000000,0.000000,4,-126,-126,0,0,
08/27/2026,05:49:01:620,0.000000,0.000000,1,-84.5,-84.5,0,0,
08/27/2026,05:49:01:690,0.000000,0.000000,3,-123.78,-123.78,0,0,
08/27/2026,05:49:01:770,0.000000,0.000000,2,-125.09,-125.09,0,0,
08/27/2026,05:49:01:806,0.000000,0.000000,4,-125.78,-125.78,0,0,
08/27/2026,05:49:01:923,0.000000,0.000000,1,-87.76,-87.76,0,0,
08/27/2026,05:49:01:970,0.000000,0.000000,3,-125.76,-125.76,0,0,
08/27/2026,05:49:02:053,0.000000,0.000000,2,-128.02,-128.02,0,0,
08/27/2026,05:49:02:087,0.000000,0.000000,4,-121.6,-121.6,0,0,
08/27/2026,05:49:02:181,0.000000,0.000000,1,-83.18,-83.18,0,0,
08/27/2026,05:49:02:249,0.000000,0.000000,3,-126.4,-126.4,0,0,
08/27/2026,05:49:02:315,0.000000,0.000000,2,-126.73,-126.73,0,0,
08/27/2026,05:49:02:350,0.000000,0.000000,4,-126.85,-126.85,0,0,
08/27/2026,05:49:02:460,0.000000,0.000000,1,-88.38,-88.38,0,0,
08/27/2026,05:49:02:524,0.000000,0.000000,3,-123.4,-123.4,0,0,
08/27/2026,05:49:02:593,0.000000,0.000000,2,-126.85,-126.85,0,0,
08/27/2026,05:49:02:631,0.000000,0.000000,4,-125.22,-125.22,0,0,
08/27/2026,05:49:02:747,0.000000,0.000000,1,-87.41,-87.41,0,0,
08/27/2026,05:49:02:803,0.000000,0.000000,3,-123.31,-123.31,0,0,
08/27/2026,05:49:02:871,0.000000,0.000000,2,-126.77,-126.77,0,0,
08/27/2026,05:49:02:908,0.000000,0.000000,4,-124.75,-124.75,0,0,
08/27/2026,05:49:03:013,0.000000,0.000000,1,-87.78,-87.78,0,0,
08/27/2026,05:49:03:090,0.000000,0.000000,3,-127.42,-127.42,0,0,
08/27/2026,05:49:03:152,0.000000,0.000000,2,-128.63,-128.63,0,0,
08/27/2026,05:49:03:197,0.000000,0.000000,4,-125.46,-125.46,0,0,
08/27/2026,05:49:03:296,0.000000,0.000000,1,-83.8,-83.8,0,0,
08/27/2026,05:49:03:366,0.000000,0.000000,3,-125.54,-125.54,0,0,
08/27/2026,05:49:03:433,0.000000,0.000000,2,-128.23,-128.23,0,0,
08/27/2026,05:49:03:465,0.000000,0.000000,4,-126.11,-126.11,0,0,
08/27/2026,05:49:03:573,0.000000,0.000000,1,-85.77,-85.77,0,0,
08/27/2026,05:49:03:671,0.000000,0.000000,3,-129.03,-129.03,0,0,
08/27/2026,05:49:03:721,0.000000,0.000000,2,-126.82,-126.82,0,0,
08/27/2026,05:49:03:757,0.000000,0.000000,4,-127.32,-127.32,0,0,
08/27/2026,05:49:03:889,0.000000,0.000000,1,-86.07,-86.07,0,0,
08/27/2026,05:49:03:928,0.000000,0.000000,3,-127.09,-127.09,0,0,
08/27/2026,05:49:04:000,0.000000,0.000000,2,-127.44,-127.44,0,0,
08/27/2026,05:49:04:050,0.000000,0.000000,4,-127.16,-127.16,0,0,
08/27/2026,05:49:04:136,0.000000,0.000000,1,-87.63,-87.63,0,0,
08/27/2026,05:49:04:196,0.000000,0.000000,3,-127.32,-127.32,0,0,
08/27/2026,05:49:04:271,0.000000,0.000000,2,-127.61,-127.61,0,0,
08/27/2026,05:49:04:311,0.000000,0.000000,4,-123.54,-123.54,0,0,
08/27/2026,05:49:04:416,0.000000,0.000000,1,-85.94,-85.94,0,0,
08/27/2026,05:49:04:484,0.000000,0.000000,3,-127.95,-127.95,0,0,
08/27/2026,05:49:04:550,0.000000,0.000000,2,-125.88,-125.88,0,0,
08/27/2026,05:49:04:619,0.000000,0.000000,4,-126.19,-126.19,0,0,
08/27/2026,05:49:04:702,0.000000,0.000000,1,-86.42,-86.42,0,0,
08/27/2026,05:49:04:756,0.000000,0.000000,3,-125.86,-125.86,0,0,
08/27/2026,05:49:04:831,0.000000,0.000000,2,-127.43,-127.43,0,0,
08/27/2026,05:49:04:869,0.000000,0.000000,4,-126.3,-126.3,0,0,
08/27/2026,05:49:04:986,0.000000,0.000000,1,-84.63,-84.63,0,0,
08/27/2026,05:49:05:054,0.000000,0.000000,3,-127.24,-127.24,0,0,
08/27/2026,05:49:05:123,0.000000,0.000000,2,-126,-126,0,0,
08/27/2026,05:49:05:174,0.000000,0.000000,4,-127.84,-127.84,0,0,
08/27/2026,05:49:05:273,0.000000,0.000000,1,-87.72,-87.72,0,0,
08/27/2026,05:49:05:358,0.000000,0.000000,3,-128.03,-128.03,0,0,
08/27/2026,05:49:05:468,0.000000,0.000000,2,-127.25,-127.25,0,0,
08/27/2026,05:49:05:471,0.000000,0.000000,4,-126.8,-126.8,0,0,
08/27/2026,05:49:05:657,0.000000,0.000000,1,-89.99,-89.99,0,0,
08/27/2026,05:49:05:703,0.000000,0.000000,3,-126.91,-126.91,0,0,
08/27/2026,05:49:05:748,0.000000,0.000000,2,-125.14,-125.14,0,0,
08/27/2026,05:49:05:768,0.000000,0.000000,4,-125.97,-125.97,0,0,
08/27/2026,05:49:05:872,0.000000,0.000000,1,-89.95,-89.95,0,0,
08/27/2026,05:49:05:941,0.000000,0.000000,3,-125.8,-125.8,0,0,
08/27/2026,05:49:06:023,0.000000,0.000000,2,-126.43,-126.43,0,0,
08/27/2026,05:49:06:045,0.000000,0.000000,4,-124.81,-124.81,0,0,
08/27/2026,05:49:06:160,0.000000,0.000000,1,-89.68,-89.68,0,0,
08/27/2026,05:49:06:254,0.000000,0.000000,3,-127.2,-127.2,0,0,
08/27/2026,05:49:06:300,0.000000,0.000000,2,-126.56,-126.56,0,0,
08/27/2026,05:49:06:336,0.000000,0.000000,4,-126.77,-126.77,0,0,
08/27/2026,05:49:06:440,0.000000,0.000000,1,-87.73,-87.73,0,0,
08/27/2026,05:49:06:523,0.000000,0.000000,3,-126.14,-126.14,0,0,
08/27/2026,05:49:06:596,0.000000,0.000000,2,-127.49,-127.49,0,0,
08/27/2026,05:49:06:626,0.000000,0.000000,4,-127.29,-127.29,0,0,
08/27/2026,05:49:06:736,0.000000,0.000000,1,-88.56,-88.56,0,0,
08/27/2026,05:49:06:806,0.000000,0.000000,3,-126.46,-126.46,0,0,
08/27/2026,05:49:06:875,0.000000,0.000000,2,-124.93,-124.93,0,0,
08/27/2026,05:49:06:913,0.000000,0.000000,4,-126.4,-126.4,0,0,
08/27/2026,05:49:07:014,0.000000,0.000000,1,-82.12,-82.12,0,0,
08/27/2026,05:49:07:083,0.000000,0.000000,3,-125.5,-125.5,0,0,
08/27/2026,05:49:07:148,0.000000,0.000000,2,-125.96,-125.96,0,0,
08/27/2026,05:49:07:182,0.000000,0.000000,4,-127.72,-127.72,0,0,
08/27/2026,05:49:07:307,0.000000,0.000000,1,-87.07,-87.07,0,0,
08/27/2026,05:49:07:378,0.000000,0.000000,3,-125.77,-125.77,0,0,
08/27/2026,05:49:07:433,0.000000,0.000000,2,-125.27,-125.27,0,0,
08/27/2026,05:49:07:466,0.000000,0.000000,4,-126.78,-126.78,0,0,
08/27/2026,05:49:07:572,0.000000,0.000000,1,-83.83,-83.83,0,0,
08/27/2026,05:49:07:649,0.000000,0.000000,3,-126.76,-126.76,0,0,
08/27/2026,05:49:07:734,0.000000,0.000000,2,-127.33,-127.33,0,0,
08/27/2026,05:49:07:746,0.000000,0.000000,4,-126.71,-126.71,0,0,
08/27/2026,05:49:07:859,0.000000,0.000000,1,-87.74,-87.74,0,0,
08/27/2026,05:49:07:915,0.000000,0.000000,3,-126.38,-126.38,0,0,
08/27/2026,05:49:07:986,0.000000,0.000000,2,-124.7,-124.7,0,0,
08/27/2026,05:49:08:037,0.000000,0.000000,4,-125.73,-125.73,0,0,
08/27/2026,05:49:08:130,0.000000,0.000000,1,-82.03,-82.03,0,0,
08/27/2026,05:49:08:194,0.000000,0.000000,3,-125.44,-125.44,0,0,
08/27/2026,05:49:08:261,0.000000,0.000000,2,-127.28,-127.28,0,0,
08/27/2026,05:49:08:295,0.000000,0.000000,4,-126.98,-126.98,0,0,
08/27/2026,05:49:08:400,0.000000,0.000000,1,-89.42,-89.42,0,0,
08/27/2026,05:49:08:476,0.000000,0.000000,3,-126.32,-126.32,0,0,
08/27/2026,05:49:08:545,0.000000,0.000000,2,-127.21,-127.21,0,0,
08/27/2026,05:49:08:581,0.000000,0.000000,4,-126.9,-126.9,0,0,
08/27/2026,05:49:08:682,0.000000,0.000000,1,-83.69,-83.69,0,0,
08/27/2026,05:49:08:755,0.000000,0.000000,3,-126.07,-126.07,0,0,
08/27/2026,05:49:08:820,0.000000,0.000000,2,-127.05,-127.05,0,0,
08/27/2026,05:49:08:859,0.000000,0.000000,4,-124.92,-124.92,0,0,
08/27/2026,05:49:08:958,0.000000,0.000000,1,-79.29,-79.29,0,0,
08/27/2026,05:49:09:034,0.000000,0.000000,3,-127.09,-127.09,0,0,
08/27/2026,05:49:09:106,0.000000,0.000000,2,-127.61,-127.61,0,0,
08/27/2026,05:49:09:160,0.000000,0.000000,4,-126.85,-126.85,0,0,
08/27/2026,05:49:09:242,0.000000,0.000000,1,-83.17,-83.17,0,0,
08/27/2026,05:49:09:323,0.000000,0.000000,3,-125.45,-125.45,0,0,
08/27/2026,05:49:09:375,0.000000,0.000000,2,-126.38,-126.38,0,0,
08/27/2026,05:49:09:441,0.000000,0.000000,4,-125.73,-125.73,0,0,
08/27/2026,05:49:09:527,0.000000,0.000000,1,-83.51,-83.51,0,0,
08/27/2026,05:49:09:605,0.000000,0.000000,3,-126.06,-126.06,0,0,
08/27/2026,05:49:09:662,0.000000,0.000000,2,-125.96,-125.96,0,0,
08/27/2026,05:49:09:693,0.000000,0.000000,4,-125.91,-125.91,0,0,
08/27/2026,05:49:09:814,0.000000,0.000000,1,-83.6,-83.6,0,0,
08/27/2026,05:49:09:884,0.000000,0.000000,3,-126.2,-126.2,0,0,
08/27/2026,05:49:09:955,0.000000,0.000000,2,-125.61,-125.61,0,0,
08/27/2026,05:49:09:990,0.000000,0.000000,4,-125.68,-125.68,0,0,
08/27/2026,05:49:10:106,0.000000,0.000000,1,-82.45,-82.45,0,0,
08/27/2026,05:49:10:200,0.000000,0.000000,3,-126.68,-126.68,0,0,
08/27/2026,05:49:10:258,0.000000,0.000000,2,-126.81,-126.81,0,0,
08/27/2026,05:49:10:304,0.000000,0.000000,4,-127.23,-127.23,0,0,
08/27/2026,05:49:10:417,0.000000,0.000000,1,-85.84,-85.84,0,0,
08/27/2026,05:49:10:485,0.000000,0.000000,3,-126.3,-126.3,0,0,
08/27/2026,05:49:10:565,0.000000,0.000000,2,-128.48,-128.48,0,0,
08/27/2026,05:49:10:605,0.000000,0.000000,4,-125.28,-125.28,0,0,
08/27/2026,05:49:10:805,0.000000,0.000000,1,-77.33,-77.33,0,0,
08/27/2026,05:49:10:818,0.000000,0.000000,3,-126.58,-126.58,0,0,
08/27/2026,05:49:10:864,0.000000,0.000000,2,-127.69,-127.69,0,0,
08/27/2026,05:49:10:904,0.000000,0.000000,4,-124.79,-124.79,0,0,
08/27/2026,05:49:11:004,0.000000,0.000000,1,-79.79,-79.79,0,0,
08/27/2026,05:49:11:070,0.000000,0.000000,3,-126.21,-126.21,0,0,
08/27/2026,05:49:11:147,0.000000,0.000000,2,-127.73,-127.73,0,0,
08/27/2026,05:49:11:193,0.000000,0.000000,4,-126.36,-126.36,0,0,
08/27/2026,05:49:11:280,0.000000,0.000000,1,-85.33,-85.33,0,0,
08/27/2026,05:49:11:362,0.000000,0.000000,3,-126.75,-126.75,0,0,
08/27/2026,05:49:11:437,0.000000,0.000000,2,-126.08,-126.08,0,0,
08/27/2026,05:49:11:484,0.000000,0.000000,4,-125.9,-125.9,0,0,
08/27/2026,05:49:11:560,0.000000,0.000000,1,-83.32,-83.32,0,0,
08/27/2026,05:49:11:630,0.000000,0.000000,3,-126.74,-126.74,0,0,
08/27/2026,05:49:11:700,0.000000,0.000000,2,-127.51,-127.51,0,0,
08/27/2026,05:49:11:737,0.000000,0.000000,4,-127.18,-127.18,0,0,
08/27/2026,05:49:11:855,0.000000,0.000000,1,-86.44,-86.44,0,0,
08/27/2026,05:49:11:907,0.000000,0.000000,3,-127.11,-127.11,0,0,
08/27/2026,05:49:11:983,0.000000,0.000000,2,-126.46,-126.46,0,0,
08/27/2026,05:49:12:012,0.000000,0.000000,4,-126.96,-126.96,0,0,
08/27/2026,05:49:12:116,0.000000,0.000000,1,-81.44,-81.44,0,0,
08/27/2026,05:49:12:188,0.000000,0.000000,3,-127.34,-127.34,0,0,
08/27/2026,05:49:12:257,0.000000,0.000000,2,-126.27,-126.27,0,0,
08/27/2026,05:49:12:291,0.000000,0.000000,4,-127.7,-127.7,0,0,
08/27/2026,05:49:12:408,0.000000,0.000000,1,-83.75,-83.75,0,0,
08/27/2026,05:49:12:469,0.000000,0.000000,3,-125.39,-125.39,0,0,
08/27/2026,05:49:12:536,0.000000,0.000000,2,-126.97,-126.97,0,0,
08/27/2026,05:49:12:573,0.000000,0.000000,4,-126.97,-126.97,0,0,
08/27/2026,05:49:12:674,0.000000,0.000000,1,-87.01,-87.01,0,0,
08/27/2026,05:49:12:747,0.000000,0.000000,3,-126.43,-126.43,0,0,
08/27/2026,05:49:12:814,0.000000,0.000000,2,-127.53,-127.53,0,0,
08/27/2026,05:49:12:856,0.000000,0.000000,4,-127.77,-127.77,0,0,
08/27/2026,05:49:13:012,0.000000,0.000000,1,-88.57,-88.57,0,0,
08/27/2026,05:49:13:030,0.000000,0.000000,3,-126.3,-126.3,0,0,
08/27/2026,05:49:13:102,0.000000,0.000000,2,-126.11,-126.11,0,0,
08/27/2026,05:49:13:145,0.000000,0.000000,4,-126.41,-126.41,0,0,
08/27/2026,05:49:13:242,0.000000,0.000000,1,-84.51,-84.51,0,0,
08/27/2026,05:49:13:315,0.000000,0.000000,3,-126.82,-126.82,0,0,
08/27/2026,05:49:13:382,0.000000,0.000000,2,-126.5,-126.5,0,0,
08/27/2026,05:49:13:417,0.000000,0.000000,4,-128.41,-128.41,0,0,
08/27/2026,05:49:13:520,0.000000,0.000000,1,-87.04,-87.04,0,0,
08/27/2026,05:49:13:603,0.000000,0.000000,3,-127.38,-127.38,0,0,
08/27/2026,05:49:13:659,0.000000,0.000000,2,-128.15,-128.15,0,0,
08/27/2026,05:49:13:696,0.000000,0.000000,4,-127.69,-127.69,0,0,
08/27/2026,05:49:13:812,0.000000,0.000000,1,-85,-85,0,0,
08/27/2026,05:49:13:921,0.000000,0.000000,3,-127.1,-127.1,0,0,
08/27/2026,05:49:13:962,0.000000,0.000000,2,-126.7,-126.7,0,0,
08/27/2026,05:49:14:007,0.000000,0.000000,4,-127.18,-127.18,0,0,
08/27/2026,05:49:14:110,0.000000,0.000000,1,-86.61,-86.61,0,0,
08/27/2026,05:49:14:193,0.000000,0.000000,3,-128.2,-128.2,0,0,
08/27/2026,05:49:14:287,0.000000,0.000000,2,-125.37,-125.37,0,0,
08/27/2026,05:49:14:302,0.000000,0.000000,4,-127.49,-127.49,0,0,
08/27/2026,05:49:14:411,0.000000,0.000000,1,-84.84,-84.84,0,0,
08/27/2026,05:49:14:494,0.000000,0.000000,3,-127.24,-127.24,0,0,
08/27/2026,05:49:14:573,0.000000,0.000000,2,-124.47,-124.47,0,0,
08/27/2026,05:49:14:608,0.000000,0.000000,4,-126.86,-126.86,0,0,
08/27/2026,05:49:14:720,0.000000,0.000000,1,-82.95,-82.95,0,0,
08/27/2026,05:49:14:800,0.000000,0.000000,3,-127.77,-127.77,0,0,
08/27/2026,05:49:14:849,0.000000,0.000000,2,-126.91,-126.91,0,0,
08/27/2026,05:49:14:886,0.000000,0.000000,4,-126.85,-126.85,0,0,
08/27/2026,05:49:15:020,0.000000,0.000000,1,-79.76,-79.76,0,0,
08/27/2026,05:49:15:063,0.000000,0.000000,3,-126.04,-126.04,0,0,
08/27/2026,05:49:15:125,0.000000,0.000000,2,-127.42,-127.42,0,0,
08/27/2026,05:49:15:160,0.000000,0.000000,4,-127.11,-127.11,0,0,
08/27/2026,05:49:15:265,0.000000,0.000000,1,-77.84,-77.84,0,0,
08/27/2026,05:49:15:339,0.000000,0.000000,3,-127.43,-127.43,0,0,
08/27/2026,05:49:15:415,0.000000,0.000000,2,-127.33,-127.33,0,0,
08/27/2026,05:49:15:447,0.000000,0.000000,4,-126.02,-126.02,0,0,
08/27/2026,05:49:15:544,0.000000,0.000000,1,-78.01,-78.01,0,0,
08/27/2026,05:49:15:627,0.000000,0.000000,3,-126.14,-126.14,0,0,
08/27/2026,05:49:15:685,0.000000,0.000000,2,-126.33,-126.33,0,0,
08/27/2026,05:49:15:726,0.000000,0.000000,4,-127.06,-127.06,0,0,
08/27/2026,05:49:15:824,0.000000,0.000000,1,-77.25,-77.25,0,0,
08/27/2026,05:49:15:958,0.000000,0.000000,3,-125.87,-125.87,0,0,
08/27/2026,05:49:15:979,0.000000,0.000000,2,-127.23,-127.23,0,0,
08/27/2026,05:49:15:996,0.000000,0.000000,4,-126.02,-126.02,0,0,
08/27/2026,05:49:16:105,0.000000,0.000000,1,-79.65,-79.65,0,0,
08/27/2026,05:49:16:171,0.000000,0.000000,3,-126.39,-126.39,0,0,
08/27/2026,05:49:16:245,0.000000,0.000000,2,-127.12,-127.12,0,0,
08/27/2026,05:49:16:282,0.000000,0.000000,4,-125.28,-125.28,0,0,
08/27/2026,05:49:16:388,0.000000,0.000000,1,-83.19,-83.19,0,0,
08/27/2026,05:49:16:452,0.000000,0.000000,3,-125.99,-125.99,0,0,
08/27/2026,05:49:16:528,0.000000,0.000000,2,-126.27,-126.27,0,0,
08/27/2026,05:49:16:554,0.000000,0.000000,4,-126.6,-126.6,0,0,
08/27/2026,05:49:16:699,0.000000,0.000000,1,-82.36,-82.36,0,0,
08/27/2026,05:49:16:745,0.000000,0.000000,3,-127.03,-127.03,0,0,
08/27/2026,05:49:16:834,0.000000,0.000000,2,-125.41,-125.41,0,0,
08/27/2026,05:49:16:868,0.000000,0.000000,4,-125.02,-125.02,0,0,
08/27/2026,05:49:16:960,0.000000,0.000000,1,-84.72,-84.72,0,0,
08/27/2026,05:49:17:039,0.000000,0.000000,3,-126.07,-126.07,0,0,
08/27/2026,05:49:17:088,0.000000,0.000000,2,-128.71,-128.71,0,0,
08/27/2026,05:49:17:124,0.000000,0.000000,4,-126.36,-126.36,0,0,
08/27/2026,05:49:17:226,0.000000,0.000000,1,-85.76,-85.76,0,0,
08/27/2026,05:49:17:314,0.000000,0.000000,3,-125.5,-125.5,0,0,
08/27/2026,05:49:17:393,0.000000,0.000000,2,-127.84,-127.84,0,0,
08/27/2026,05:49:17:431,0.000000,0.000000,4,-126.92,-126.92,0,0,
08/27/2026,05:49:17:552,0.000000,0.000000,1,-88.11,-88.11,0,0,
08/27/2026,05:49:17:627,0.000000,0.000000,3,-126.32,-126.32,0,0,
08/27/2026,05:49:17:704,0.000000,0.000000,2,-125.34,-125.34,0,0,
08/27/2026,05:49:17:732,0.000000,0.000000,4,-127.51,-127.51,0,0,
08/27/2026,05:49:17:853,0.000000,0.000000,1,-83.16,-83.16,0,0,
08/27/2026,05:49:17:922,0.000000,0.000000,3,-125.96,-125.96,0,0,
08/27/2026,05:49:17:984,0.000000,0.000000,2,-126.6,-126.6,0,0,
08/27/2026,05:49:18:019,0.000000,0.000000,4,-126.65,-126.65,0,0,
08/27/2026,05:49:18:124,0.000000,0.000000,1,-83.24,-83.24,0,0,
08/27/2026,05:49:18:195,0.000000,0.000000,3,-125.15,-125.15,0,0,
08/27/2026,05:49:18:271,0.000000,0.000000,2,-126.04,-126.04,0,0,
08/27/2026,05:49:18:318,0.000000,0.000000,4,-126.85,-126.85,0,0,
08/27/2026,05:49:18:405,0.000000,0.000000,1,-83.49,-83.49,0,0,
08/27/2026,05:49:18:486,0.000000,0.000000,3,-126.61,-126.61,0,0,
08/27/2026,05:49:18:568,0.000000,0.000000,2,-127.67,-127.67,0,0,
08/27/2026,05:49:18:579,0.000000,0.000000,4,-127.1,-127.1,0,0,
08/27/2026,05:49:18:702,0.000000,0.000000,1,-87.63,-87.63,0,0,
08/27/2026,05:49:18:753,0.000000,0.000000,3,-126.55,-126.55,0,0,
08/27/2026,05:49:18:827,0.000000,0.000000,2,-128.99,-128.99,0,0,
08/27/2026,05:49:18:866,0.000000,0.000000,4,-126.37,-126.37,0,0,
08/27/2026,05:49:18:966,0.000000,0.000000,1,-92.33,-92.33,0,0,
08/27/2026,05:49:19:047,0.000000,0.000000,3,-126.65,-126.65,0,0,
08/27/2026,05:49:19:106,0.000000,0.000000,2,-126.31,-126.31,0,0,
08/27/2026,05:49:19:142,0.000000,0.000000,4,-124.71,-124.71,0,0,
08/27/2026,05:49:19:244,0.000000,0.000000,1,-87.58,-87.58,0,0,
08/27/2026,05:49:19:314,0.000000,0.000000,3,-125.6,-125.6,0,0,
08/27/2026,05:49:19:409,0.000000,0.000000,2,-124.75,-124.75,0,0,
08/27/2026,05:49:19:422,0.000000,0.000000,4,-126.34,-126.34,0,0,
08/27/2026,05:49:19:521,0.000000,0.000000,1,-86.76,-86.76,0,0,
08/27/2026,05:49:19:588,0.000000,0.000000,3,-125.98,-125.98,0,0,
08/27/2026,05:49:19:665,0.000000,0.000000,2,-124.92,-124.92,0,0,
08/27/2026,05:49:19:697,0.000000,0.000000,4,-126.79,-126.79,0,0,
08/27/2026,05:49:19:801,0.000000,0.000000,1,-77.37,-77.37,0,0,
08/27/2026,05:49:19:866,0.000000,0.000000,3,-126.13,-126.13,0,0,
08/27/2026,05:49:19:938,0.000000,0.000000,2,-126.76,-126.76,0,0,
08/27/2026,05:49:19:977,0.000000,0.000000,4,-125.79,-125.79,0,0,
08/27/2026,05:49:20:079,0.000000,0.000000,1,-77.87,-77.87,0,0,
08/27/2026,05:49:20:149,0.000000,0.000000,3,-127.09,-127.09,0,0,
08/27/2026,05:49:20:218,0.000000,0.000000,2,-126.61,-126.61,0,0,
08/27/2026,05:49:20:261,0.000000,0.000000,4,-127.29,-127.29,0,0,
08/27/2026,05:49:20:361,0.000000,0.000000,1,-78.33,-78.33,0,0,
08/27/2026,05:49:20:447,0.000000,0.000000,3,-125.65,-125.65,0,0,
08/27/2026,05:49:20:493,0.000000,0.000000,2,-124.82,-124.82,0,0,
08/27/2026,05:49:20:529,0.000000,0.000000,4,-126.85,-126.85,0,0,
08/27/2026,05:49:20:664,0.000000,0.000000,1,-78.77,-78.77,0,0,
08/27/2026,05:49:20:704,0.000000,0.000000,3,-126.19,-126.19,0,0,
08/27/2026,05:49:20:787,0.000000,0.000000,2,-125.84,-125.84,0,0,
08/27/2026,05:49:20:813,0.000000,0.000000,4,-124.98,-124.98,0,0,
08/27/2026,05:49:20:913,0.000000,0.000000,1,-74.6,-74.6,0,0,
08/27/2026,05:49:21:085,0.000000,0.000000,3,-126.12,-126.12,0,0,
08/27/2026,05:49:21:099,0.000000,0.000000,2,-126.11,-126.11,0,0,
08/27/2026,05:49:21:112,0.000000,0.000000,4,-126.14,-126.14,0,0,
08/27/2026,05:49:21:190,0.000000,0.000000,1,-76.63,-76.63,0,0,
08/27/2026,05:49:21:261,0.000000,0.000000,3,-126.67,-126.67,0,0,
08/27/2026,05:49:21:337,0.000000,0.000000,2,-126.72,-126.72,0,0,
08/27/2026,05:49:21:366,0.000000,0.000000,4,-128.77,-128.77,0,0,
08/27/2026,05:49:21:469,0.000000,0.000000,1,-77.4,-77.4,0,0,
08/27/2026,05:49:21:545,0.000000,0.000000,3,-127.04,-127.04,0,0,
08/27/2026,05:49:21:613,0.000000,0.000000,2,-125.89,-125.89,0,0,
08/27/2026,05:49:21:644,0.000000,0.000000,4,-127.36,-127.36,0,0,
08/27/2026,05:49:21:749,0.000000,0.000000,1,-74.47,-74.47,0,0,
08/27/2026,05:49:21:830,0.000000,0.000000,3,-128.34,-128.34,0,0,
08/27/2026,05:49:21:898,0.000000,0.000000,2,-124.88,-124.88,0,0,
08/27/2026,05:49:21:955,0.000000,0.000000,4,-126.78,-126.78,0,0,
08/27/2026,05:49:22:033,0.000000,0.000000,1,-72.38,-72.38,0,0,
08/27/2026,05:49:22:097,0.000000,0.000000,3,-127.96,-127.96,0,0,
08/27/2026,05:49:22:181,0.000000,0.000000,2,-125.52,-125.52,0,0,
08/27/2026,05:49:22:206,0.000000,0.000000,4,-125.78,-125.78,0,0,
08/27/2026,05:49:22:313,0.000000,0.000000,1,-73.68,-73.68,0,0,
08/27/2026,05:49:22:376,0.000000,0.000000,3,-126.89,-126.89,0,0,
08/27/2026,05:49:22:468,0.000000,0.000000,2,-127.52,-127.52,0,0,
08/27/2026,05:49:22:482,0.000000,0.000000,4,-126.78,-126.78,0,0,
08/27/2026,05:49:22:606,0.000000,0.000000,1,-75.23,-75.23,0,0,
08/27/2026,05:49:22:655,0.000000,0.000000,3,-127.36,-127.36,0,0,
08/27/2026,05:49:22:729,0.000000,0.000000,2,-126.55,-126.55,0,0,
08/27/2026,05:49:22:763,0.000000,0.000000,4,-126.32,-126.32,0,0,
08/27/2026,05:49:22:888,0.000000,0.000000,1,-78.39,-78.39,0,0,
08/27/2026,05:49:22:936,0.000000,0.000000,3,-125.87,-125.87,0,0,
08/27/2026,05:49:23:017,0.000000,0.000000,2,-128.21,-128.21,0,0,
08/27/2026,05:49:23:043,0.000000,0.000000,4,-124.22,-124.22,0,0,
08/27/2026,05:49:23:144,0.000000,0.000000,1,-78.01,-78.01,0,0,
08/27/2026,05:49:23:224,0.000000,0.000000,3,-126.5,-126.5,0,0,
08/27/2026,05:49:23:287,0.000000,0.000000,2,-125.03,-125.03,0,0,
08/27/2026,05:49:23:319,0.000000,0.000000,4,-126.68,-126.68,0,0,
08/27/2026,05:49:23:423,0.000000,0.000000,1,-79.81,-79.81,0,0,
08/27/2026,05:49:23:497,0.000000,0.000000,3,-128.04,-128.04,0,0,
08/27/2026,05:49:23:562,0.000000,0.000000,2,-126.24,-126.24,0,0,
08/27/2026,05:49:23:595,0.000000,0.000000,4,-127.31,-127.31,0,0,
08/27/2026,05:49:23:701,0.000000,0.000000,1,-89.52,-89.52,0,0,
08/27/2026,05:49:23:782,0.000000,0.000000,3,-128.05,-128.05,0,0,
08/27/2026,05:49:23:843,0.000000,0.000000,2,-124.9,-124.9,0,0,
08/27/2026,05:49:23:882,0.000000,0.000000,4,-125.62,-125.62,0,0,
08/27/2026,05:49:23:982,0.000000,0.000000,1,-85.87,-85.87,0,0,
08/27/2026,05:49:24:052,0.000000,0.000000,3,-127.26,-127.26,0,0,
08/27/2026,05:49:24:124,0.000000,0.000000,2,-125.62,-125.62,0,0,
08/27/2026,05:49:24:164,0.000000,0.000000,4,-126.83,-126.83,0,0,
08/27/2026,05:49:24:259,0.000000,0.000000,1,-83.5,-83.5,0,0,
08/27/2026,05:49:24:328,0.000000,0.000000,3,-126.56,-126.56,0,0,
08/27/2026,05:49:24:403,0.000000,0.000000,2,-127.39,-127.39,0,0,
08/27/2026,05:49:24:441,0.000000,0.000000,4,-127.28,-127.28,0,0,
08/27/2026,05:49:24:575,0.000000,0.000000,1,-85.76,-85.76,0,0,
08/27/2026,05:49:24:619,0.000000,0.000000,3,-127.4,-127.4,0,0,
08/27/2026,05:49:24:678,0.000000,0.000000,2,-126.74,-126.74,0,0,
08/27/2026,05:49:24:716,0.000000,0.000000,4,-125.94,-125.94,0,0,
08/27/2026,05:49:24:818,0.000000,0.000000,1,-87.46,-87.46,0,0,
08/27/2026,05:49:24:888,0.000000,0.000000,3,-126.75,-126.75,0,0,
08/27/2026,05:49:24:957,0.000000,0.000000,2,-124.49,-124.49,0,0,
08/27/2026,05:49:24:990,0.000000,0.000000,4,-126.1,-126.1,0,0,
08/27/2026,05:49:25:105,0.000000,0.000000,1,-94.06,-94.06,0,0,
08/27/2026,05:49:25:177,0.000000,0.000000,3,-126.74,-126.74,0,0,
08/27/2026,05:49:25:245,0.000000,0.000000,2,-127.55,-127.55,0,0,
08/27/2026,05:49:25:270,0.000000,0.000000,4,-126.75,-126.75,0,0,
08/27/2026,05:49:25:374,0.000000,0.000000,1,-78.23,-78.23,0,0,
08/27/2026,05:49:25:444,0.000000,0.000000,3,-127.39,-127.39,0,0,
08/27/2026,05:49:25:512,0.000000,0.000000,2,-124.64,-124.64,0,0,
08/27/2026,05:49:25:551,0.000000,0.000000,4,-126.87,-126.87,0,0,
08/27/2026,05:49:25:658,0.000000,0.000000,1,-86.1,-86.1,0,0,
08/27/2026,05:49:25:726,0.000000,0.000000,3,-127.73,-127.73,0,0,
08/27/2026,05:49:25:793,0.000000,0.000000,2,-126.65,-126.65,0,0,
08/27/2026,05:49:25:825,0.000000,0.000000,4,-127.71,-127.71,0,0,
08/27/2026,05:49:25:932,0.000000,0.000000,1,-82.72,-82.72,0,0,
08/27/2026,05:49:26:020,0.000000,0.000000,3,-127.4,-127.4,0,0,
08/27/2026,05:49:26:097,0.000000,0.000000,2,-127.03,-127.03,0,0,
08/27/2026,05:49:26:133,0.000000,0.000000,4,-125.94,-125.94,0,0,
08/27/2026,05:49:26:243,0.000000,0.000000,1,-85.8,-85.8,0,0,
08/27/2026,05:49:26:280,0.000000,0.000000,3,-127.66,-127.66,0,0,
08/27/2026,05:49:26:349,0.000000,0.000000,2,-127.36,-127.36,0,0,
08/27/2026,05:49:26:388,0.000000,0.000000,4,-126.71,-126.71,0,0,
08/27/2026,05:49:26:492,0.000000,0.000000,1,-87.33,-87.33,0,0,
08/27/2026,05:49:26:559,0.000000,0.000000,3,-126.62,-126.62,0,0,
08/27/2026,05:49:26:636,0.000000,0.000000,2,-126.13,-126.13,0,0,
08/27/2026,05:49:26:666,0.000000,0.000000,4,-127.07,-127.07,0,0,
08/27/2026,05:49:26:770,0.000000,0.000000,1,-91.77,-91.77,0,0,
08/27/2026,05:49:26:846,0.000000,0.000000,3,-127.09,-127.09,0,0,
08/27/2026,05:49:26:913,0.000000,0.000000,2,-126.91,-126.91,0,0,
08/27/2026,05:49:26:946,0.000000,0.000000,4,-127.42,-127.42,0,0,
08/27/2026,05:49:27:081,0.000000,0.000000,1,-83.56,-83.56,0,0,
08/27/2026,05:49:27:118,0.000000,0.000000,3,-126.75,-126.75,0,0,
08/27/2026,05:49:27:196,0.000000,0.000000,2,-125.96,-125.96,0,0,
08/27/2026,05:49:27:226,0.000000,0.000000,4,-127.2,-127.2,0,0,
08/27/2026,05:49:27:338,0.000000,0.000000,1,-90.94,-90.94,0,0,
08/27/2026,05:49:27:410,0.000000,0.000000,3,-127.32,-127.32,0,0,
08/27/2026,05:49:27:472,0.000000,0.000000,2,-124.76,-124.76,0,0,
08/27/2026,05:49:27:506,0.000000,0.000000,4,-126.82,-126.82,0,0,
08/27/2026,05:49:27:613,0.000000,0.000000,1,-83.27,-83.27,0,0,
08/27/2026,05:49:27:675,0.000000,0.000000,3,-125.01,-125.01,0,0,
08/27/2026,05:49:27:765,0.000000,0.000000,2,-125.83,-125.83,0,0,
08/27/2026,05:49:27:804,0.000000,0.000000,4,-127.4,-127.4,0,0,
08/27/2026,05:49:27:904,0.000000,0.000000,1,-92.38,-92.38,0,0,
08/27/2026,05:49:27:978,0.000000,0.000000,3,-126.34,-126.34,0,0,
08/27/2026,05:49:28:024,0.000000,0.000000,2,-126,-126,0,0,
08/27/2026,05:49:28:058,0.000000,0.000000,4,-128.22,-128.22,0,0,
08/27/2026,05:49:28:167,0.000000,0.000000,1,-92.75,-92.75,0,0,
08/27/2026,05:49:28:232,0.000000,0.000000,3,-124.77,-124.77,0,0,
08/27/2026,05:49:28:301,0.000000,0.000000,2,-127.07,-127.07,0,0,
08/27/2026,05:49:28:360,0.000000,0.000000,4,-127.53,-127.53,0,0,
08/27/2026,05:49:28:447,0.000000,0.000000,1,-87.97,-87.97,0,0,
08/27/2026,05:49:28:518,0.000000,0.000000,3,-126.22,-126.22,0,0,
08/27/2026,05:49:28:593,0.000000,0.000000,2,-126.22,-126.22,0,0,
08/27/2026,05:49:28:623,0.000000,0.000000,4,-126.01,-126.01,0,0,
08/27/2026,05:49:28:720,0.000000,0.000000,1,-87.94,-87.94,0,0,
08/27/2026,05:49:28:790,0.000000,0.000000,3,-124.06,-124.06,0,0,
08/27/2026,05:49:28:861,0.000000,0.000000,2,-126.88,-126.88,0,0,
08/27/2026,05:49:28:899,0.000000,0.000000,4,-125.12,-125.12,0,0,
08/27/2026,05:49:29:003,0.000000,0.000000,1,-91.5,-91.5,0,0,
08/27/2026,05:49:29:068,0.000000,0.000000,3,-127.11,-127.11,0,0,
08/27/2026,05:49:29:152,0.000000,0.000000,2,-126.51,-126.51,0,0,
08/27/2026,05:49:29:181,0.000000,0.000000,4,-127.71,-127.71,0,0,
08/27/2026,05:49:29:288,0.000000,0.000000,1,-87.2,-87.2,0,0,
08/27/2026,05:49:29:350,0.000000,0.000000,3,-127.37,-127.37,0,0,
08/27/2026,05:49:29:423,0.000000,0.000000,2,-124.91,-124.91,0,0,
08/27/2026,05:49:29:460,0.000000,0.000000,4,-127.62,-127.62,0,0,
08/27/2026,05:49:29:565,0.000000,0.000000,1,-96.8,-96.8,0,0,
08/27/2026,05:49:29:642,0.000000,0.000000,3,-126.5,-126.5,0,0,
08/27/2026,05:49:29:707,0.000000,0.000000,2,-127.56,-127.56,0,0,
08/27/2026,05:49:29:735,0.000000,0.000000,4,-125.92,-125.92,0,0,
08/27/2026,05:49:29:842,0.000000,0.000000,1,-89.57,-89.57,0,0,
08/27/2026,05:49:29:905,0.000000,0.000000,3,-127.24,-127.24,0,0,
08/27/2026,05:49:29:976,0.000000,0.000000,2,-125.72,-125.72,0,0,
08/27/2026,05:49:30:013,0.000000,0.000000,4,-125.33,-125.33,0,0,
08/27/2026,05:49:30:133,0.000000,0.000000,1,-90.61,-90.61,0,0,
08/27/2026,05:49:30:184,0.000000,0.000000,3,-125.51,-125.51,0,0,
08/27/2026,05:49:30:262,0.000000,0.000000,2,-126.78,-126.78,0,0,
08/27/2026,05:49:30:292,0.000000,0.000000,4,-125.64,-125.64,0,0,
08/27/2026,05:49:30:398,0.000000,0.000000,1,-94.8,-94.8,0,0,
08/27/2026,05:49:30:469,0.000000,0.000000,3,-125.7,-125.7,0,0,
08/27/2026,05:49:30:563,0.000000,0.000000,2,-126.12,-126.12,0,0,
08/27/2026,05:49:30:569,0.000000,0.000000,4,-125.9,-125.9,0,0,
08/27/2026,05:49:30:672,0.000000,0.000000,1,-93.01,-93.01,0,0,
08/27/2026,05:49:30:745,0.000000,0.000000,3,-127.59,-127.59,0,0,
08/27/2026,05:49:30:816,0.000000,0.000000,2,-126.08,-126.08,0,0,
08/27/2026,05:49:30:847,0.000000,0.000000,4,-126.65,-126.65,0,0,
08/27/2026,05:49:30:961,0.000000,0.000000,1,-92.27,-92.27,0,0,
08/27/2026,05:49:31:026,0.000000,0.000000,3,-127.26,-127.26,0,0,
08/27/2026,05:49:31:091,0.000000,0.000000,2,-127.63,-127.63,0,0,
08/27/2026,05:49:31:128,0.000000,0.000000,4,-125.73,-125.73,0,0,
08/27/2026,05:49:31:237,0.000000,0.000000,1,-89.94,-89.94,0,0,
08/27/2026,05:49:31:383,0.000000,0.000000,3,-125.2,-125.2,0,0,
08/27/2026,05:49:31:398,0.000000,0.000000,2,-125.56,-125.56,0,0,
08/27/2026,05:49:31:407,0.000000,0.000000,4,-127.13,-127.13,0,0,
08/27/2026,05:49:31:518,0.000000,0.000000,1,-86.82,-86.82,0,0,
08/27/2026,05:49:31:603,0.000000,0.000000,3,-127.55,-127.55,0,0,
08/27/2026,05:49:31:667,0.000000,0.000000,2,-126.25,-126.25,0,0,
08/27/2026,05:49:31:705,0.000000,0.000000,4,-124.82,-124.82,0,0,
08/27/2026,05:49:31:793,0.000000,0.000000,1,-87.92,-87.92,0,0,
08/27/2026,05:49:31:872,0.000000,0.000000,3,-127.16,-127.16,0,0,
08/27/2026,05:49:31:930,0.000000,0.000000,2,-127.34,-127.34,0,0,
08/27/2026,05:49:31:961,0.000000,0.000000,4,-127.43,-127.43,0,0,
08/27/2026,05:49:32:069,0.000000,0.000000,1,-87.51,-87.51,0,0,
08/27/2026,05:49:32:139,0.000000,0.000000,3,-127.47,-127.47,0,0,
08/27/2026,05:49:32:206,0.000000,0.000000,2,-126.51,-126.51,0,0,
08/27/2026,05:49:32:260,0.000000,0.000000,4,-127.5,-127.5,0,0,
08/27/2026,05:49:32:357,0.000000,0.000000,1,-88.16,-88.16,0,0,
08/27/2026,05:49:32:426,0.000000,0.000000,3,-125.94,-125.94,0,0,
08/27/2026,05:49:32:492,0.000000,0.000000,2,-125.79,-125.79,0,0,
08/27/2026,05:49:32:526,0.000000,0.000000,4,-126.03,-126.03,0,0,
08/27/2026,05:49:32:627,0.000000,0.000000,1,-94.29,-94.29,0,0,
08/27/2026,05:49:32:700,0.000000,0.000000,3,-127.66,-127.66,0,0,
08/27/2026,05:49:32:772,0.000000,0.000000,2,-127.12,-127.12,0,0,
08/27/2026,05:49:32:797,0.000000,0.000000,4,-124.43,-124.43,0,0,
08/27/2026,05:49:32:905,0.000000,0.000000,1,-92.74,-92.74,0,0,
08/27/2026,05:49:32:978,0.000000,0.000000,3,-126.95,-126.95,0,0,
08/27/2026,05:49:33:060,0.000000,0.000000,2,-126.98,-126.98,0,0,
08/27/2026,05:49:33:083,0.000000,0.000000,4,-125.62,-125.62,0,0,
08/27/2026,05:49:33:198,0.000000,0.000000,1,-90.08,-90.08,0,0,
08/27/2026,05:49:33:255,0.000000,0.000000,3,-126.28,-126.28,0,0,
08/27/2026,05:49:33:322,0.000000,0.000000,2,-126.58,-126.58,0,0,
08/27/2026,05:49:33:363,0.000000,0.000000,4,-125.69,-125.69,0,0,
08/27/2026,05:49:33:491,0.000000,0.000000,1,-90.66,-90.66,0,0,
08/27/2026,05:49:33:533,0.000000,0.000000,3,-125.57,-125.57,0,0,
08/27/2026,05:49:33:616,0.000000,0.000000,2,-124.72,-124.72,0,0,
08/27/2026,05:49:33:656,0.000000,0.000000,4,-124.6,-124.6,0,0,
08/27/2026,05:49:33:747,0.000000,0.000000,1,-90.25,-90.25,0,0,
08/27/2026,05:49:33:825,0.000000,0.000000,3,-126.92,-126.92,0,0,
08/27/2026,05:49:33:881,0.000000,0.000000,2,-127.28,-127.28,0,0,
08/27/2026,05:49:33:915,0.000000,0.000000,4,-128.35,-128.35,0,0,
08/27/2026,05:49:34:018,0.000000,0.000000,1,-90.1,-90.1,0,0,
08/27/2026,05:49:34:090,0.000000,0.000000,3,-125.96,-125.96,0,0,
08/27/2026,05:49:34:166,0.000000,0.000000,2,-126.88,-126.88,0,0,
08/27/2026,05:49:34:209,0.000000,0.000000,4,-125.46,-125.46,0,0,
08/27/2026,05:49:34:307,0.000000,0.000000,1,-93.56,-93.56,0,0,
08/27/2026,05:49:34:367,0.000000,0.000000,3,-126.05,-126.05,0,0,
08/27/2026,05:49:34:438,0.000000,0.000000,2,-124.81,-124.81,0,0,
08/27/2026,05:49:34:475,0.000000,0.000000,4,-126.35,-126.35,0,0,
08/27/2026,05:49:34:583,0.000000,0.000000,1,-89.09,-89.09,0,0,
08/27/2026,05:49:34:652,0.000000,0.000000,3,-126.38,-126.38,0,0,
08/27/2026,05:49:34:719,0.000000,0.000000,2,-127.96,-127.96,0,0,
08/27/2026,05:49:34:748,0.000000,0.000000,4,-127.53,-127.53,0,0,
08/27/2026,05:49:34:855,0.000000,0.000000,1,-92.76,-92.76,0,0,
08/27/2026,05:49:34:925,0.000000,0.000000,3,-126.21,-126.21,0,0,
08/27/2026,05:49:35:002,0.000000,0.000000,2,-127.77,-127.77,0,0,
08/27/2026,05:49:35:032,0.000000,0.000000,4,-124.33,-124.33,0,0,
08/27/2026,05:49:35:132,0.000000,0.000000,1,-90.3,-90.3,0,0,
08/27/2026,05:49:35:211,0.000000,0.000000,3,-126.99,-126.99,0,0,
08/27/2026,05:49:35:277,0.000000,0.000000,2,-127.56,-127.56,0,0,
08/27/2026,05:49:35:315,0.000000,0.000000,4,-126.28,-126.28,0,0,
08/27/2026,05:49:35:432,0.000000,0.000000,1,-92.93,-92.93,0,0,
08/27/2026,05:49:35:483,0.000000,0.000000,3,-127.66,-127.66,0,0,
08/27/2026,05:49:35:568,0.000000,0.000000,2,-127.37,-127.37,0,0,
08/27/2026,05:49:35:611,0.000000,0.000000,4,-126.61,-126.61,0,0,
08/27/2026,05:49:35:700,0.000000,0.000000,1,-95.07,-95.07,0,0,
08/27/2026,05:49:35:782,0.000000,0.000000,3,-126.31,-126.31,0,0,
08/27/2026,05:49:35:834,0.000000,0.000000,2,-126.1,-126.1,0,0,
08/27/2026,05:49:35:868,0.000000,0.000000,4,-127.11,-127.11,0,0,
08/27/2026,05:49:35:970,0.000000,0.000000,1,-96.19,-96.19,0,0,
08/27/2026,05:49:36:040,0.000000,0.000000,3,-126.83,-126.83,0,0,
08/27/2026,05:49:36:116,0.000000,0.000000,2,-125.74,-125.74,0,0,
08/27/2026,05:49:36:152,0.000000,0.000000,4,-127.77,-127.77,0,0,
08/27/2026,05:49:36:249,0.000000,0.000000,1,-93.07,-93.07,0,0,
08/27/2026,05:49:36:319,0.000000,0.000000,3,-128.01,-128.01,0,0,
08/27/2026,05:49:36:393,0.000000,0.000000,2,-126.22,-126.22,0,0,
08/27/2026,05:49:36:512,0.000000,0.000000,4,-127.08,-127.08,0,0,
08/27/2026,05:49:36:546,0.000000,0.000000,1,-90.97,-90.97,0,0,
08/27/2026,05:49:36:597,0.000000,0.000000,3,-125.95,-125.95,0,0,
08/27/2026,05:49:36:673,0.000000,0.000000,2,-126.45,-126.45,0,0,
08/27/2026,05:49:36:704,0.000000,0.000000,4,-126.65,-126.65,0,0,
08/27/2026,05:49:36:809,0.000000,0.000000,1,-94.01,-94.01,0,0,
08/27/2026,05:49:36:875,0.000000,0.000000,3,-125.98,-125.98,0,0,
08/27/2026,05:49:36:960,0.000000,0.000000,2,-125.95,-125.95,0,0,
08/27/2026,05:49:36:985,0.000000,0.000000,4,-126.95,-126.95,0,0,
08/27/2026,05:49:37:113,0.000000,0.000000,1,-98.61,-98.61,0,0,
08/27/2026,05:49:37:159,0.000000,0.000000,3,-128.11,-128.11,0,0,
08/27/2026,05:49:37:244,0.000000,0.000000,2,-127.88,-127.88,0,0,
08/27/2026,05:49:37:344,0.000000,0.000000,4,-127.82,-127.82,0,0,
08/27/2026,05:49:37:390,0.000000,0.000000,1,-96.94,-96.94,0,0,
08/27/2026,05:49:37:438,0.000000,0.000000,3,-125.84,-125.84,0,0,
08/27/2026,05:49:37:517,0.000000,0.000000,2,-127.78,-127.78,0,0,
08/27/2026,05:49:37:542,0.000000,0.000000,4,-127.1,-127.1,0,0,
08/27/2026,05:49:37:651,0.000000,0.000000,1,-88.75,-88.75,0,0,
08/27/2026,05:49:37:714,0.000000,0.000000,3,-127.38,-127.38,0,0,
08/27/2026,05:49:37:783,0.000000,0.000000,2,-127.51,-127.51,0,0,
08/27/2026,05:49:37:822,0.000000,0.000000,4,-126.38,-126.38,0,0,
08/27/2026,05:49:37:927,0.000000,0.000000,1,-93.77,-93.77,0,0,
08/27/2026,05:49:37:990,0.000000,0.000000,3,-128.72,-128.72,0,0,
08/27/2026,05:49:38:061,0.000000,0.000000,2,-126.88,-126.88,0,0,
08/27/2026,05:49:38:095,0.000000,0.000000,4,-126.51,-126.51,0,0,
08/27/2026,05:49:38:202,0.000000,0.000000,1,-95.84,-95.84,0,0,
08/27/2026,05:49:38:279,0.000000,0.000000,3,-125.73,-125.73,0,0,
08/27/2026,05:49:38:341,0.000000,0.000000,2,-124.92,-124.92,0,0,
08/27/2026,05:49:38:401,0.000000,0.000000,4,-126.63,-126.63,0,0,
08/27/2026,05:49:38:482,0.000000,0.000000,1,-97.32,-97.32,0,0,
08/27/2026,05:49:38:550,0.000000,0.000000,3,-128.71,-128.71,0,0,
08/27/2026,05:49:38:630,0.000000,0.000000,2,-126.99,-126.99,0,0,
08/27/2026,05:49:38:662,0.000000,0.000000,4,-127.18,-127.18,0,0,
08/27/2026,05:49:38:758,0.000000,0.000000,1,-92.77,-92.77,0,0,
08/27/2026,05:49:38:828,0.000000,0.000000,3,-127.04,-127.04,0,0,
08/27/2026,05:49:38:906,0.000000,0.000000,2,-126.01,-126.01,0,0,
08/27/2026,05:49:38:932,0.000000,0.000000,4,-128.57,-128.57,0,0,
08/27/2026,05:49:39:043,0.000000,0.000000,1,-97.61,-97.61,0,0,
08/27/2026,05:49:39:133,0.000000,0.000000,3,-126.01,-126.01,0,0,
08/27/2026,05:49:39:177,0.000000,0.000000,2,-125.8,-125.8,0,0,
08/27/2026,05:49:39:225,0.000000,0.000000,4,-127.53,-127.53,0,0,
08/27/2026,05:49:39:315,0.000000,0.000000,1,-95.12,-95.12,0,0,
08/27/2026,05:49:39:401,0.000000,0.000000,3,-125.5,-125.5,0,0,
08/27/2026,05:49:39:462,0.000000,0.000000,2,-127.84,-127.84,0,0,
08/27/2026,05:49:39:492,0.000000,0.000000,4,-127.3,-127.3,0,0,
08/27/2026,05:49:39:596,0.000000,0.000000,1,-98.85,-98.85,0,0,
08/27/2026,05:49:39:665,0.000000,0.000000,3,-128.21,-128.21,0,0,
08/27/2026,05:49:39:734,0.000000,0.000000,2,-127.47,-127.47,0,0,
08/27/2026,05:49:39:776,0.000000,0.000000,4,-126.38,-126.38,0,0,
08/27/2026,05:49:39:877,0.000000,0.000000,1,-99.67,-99.67,0,0,
08/27/2026,05:49:39:947,0.000000,0.000000,3,-125.13,-125.13,0,0,
08/27/2026,05:49:40:017,0.000000,0.000000,2,-127.99,-127.99,0,0,
08/27/2026,05:49:40:055,0.000000,0.000000,4,-125.34,-125.34,0,0,
08/27/2026,05:49:40:158,0.000000,0.000000,1,-96.53,-96.53,0,0,
08/27/2026,05:49:40:226,0.000000,0.000000,3,-126.57,-126.57,0,0,
08/27/2026,05:49:40:294,0.000000,0.000000,2,-127.04,-127.04,0,0,
08/27/2026,05:49:40:340,0.000000,0.000000,4,-127.31,-127.31,0,0,
08/27/2026,05:49:40:467,0.000000,0.000000,1,-94.45,-94.45,0,0,
08/27/2026,05:49:40:540,0.000000,0.000000,3,-126.93,-126.93,0,0,
08/27/2026,05:49:40:599,0.000000,0.000000,2,-127.72,-127.72,0,0,
08/27/2026,05:49:40:641,0.000000,0.000000,4,-124.89,-124.89,0,0,
08/27/2026,05:49:40:710,0.000000,0.000000,1,-96.69,-96.69,0,0,
08/27/2026,05:49:40:826,0.000000,0.000000,3,-128.29,-128.29,0,0,
08/27/2026,05:49:40:895,0.000000,0.000000,2,-125.64,-125.64,0,0,
08/27/2026,05:49:40:939,0.000000,0.000000,4,-126.96,-126.96,0,0,
08/27/2026,05:49:40:997,0.000000,0.000000,1,-91.66,-91.66,0,0,
08/27/2026,05:49:41:075,0.000000,0.000000,3,-126.2,-126.2,0,0,
08/27/2026,05:49:41:156,0.000000,0.000000,2,-127.45,-127.45,0,0,
08/27/2026,05:49:41:178,0.000000,0.000000,4,-125.9,-125.9,0,0,
08/27/2026,05:49:41:267,0.000000,0.000000,1,-93.6,-93.6,0,0,
08/27/2026,05:49:41:336,0.000000,0.000000,3,-126.84,-126.84,0,0,
08/27/2026,05:49:41:407,0.000000,0.000000,2,-128.3,-128.3,0,0,
08/27/2026,05:49:41:452,0.000000,0.000000,4,-126.34,-126.34,0,0,
08/27/2026,05:49:41:656,0.000000,0.000000,1,-95.26,-95.26,0,0,
08/27/2026,05:49:41:666,0.000000,0.000000,3,-125.76,-125.76,0,0,
08/27/2026,05:49:41:690,0.000000,0.000000,2,-126.45,-126.45,0,0,
08/27/2026,05:49:41:724,0.000000,0.000000,4,-126.33,-126.33,0,0,
08/27/2026,05:49:41:828,0.000000,0.000000,1,-98.2,-98.2,0,0,
08/27/2026,05:49:41:895,0.000000,0.000000,3,-124.87,-124.87,0,0,
08/27/2026,05:49:41:969,0.000000,0.000000,2,-126.11,-126.11,0,0,
08/27/2026,05:49:41:998,0.000000,0.000000,4,-125.84,-125.84,0,0,
08/27/2026,05:49:42:114,0.000000,0.000000,1,-91.47,-91.47,0,0,
08/27/2026,05:49:42:173,0.000000,0.000000,3,-125.62,-125.62,0,0,
08/27/2026,05:49:42:243,0.000000,0.000000,2,-124.6,-124.6,0,0,
08/27/2026,05:49:42:284,0.000000,0.000000,4,-125.39,-125.39,0,0,
08/27/2026,05:49:42:394,0.000000,0.000000,1,-98.6,-98.6,0,0,
08/27/2026,05:49:42:457,0.000000,0.000000,3,-127.86,-127.86,0,0,
08/27/2026,05:49:42:533,0.000000,0.000000,2,-125.37,-125.37,0,0,
08/27/2026,05:49:42:559,0.000000,0.000000,4,-127.12,-127.12,0,0,
08/27/2026,05:49:42:677,0.000000,0.000000,1,-91.72,-91.72,0,0,
08/27/2026,05:49:42:731,0.000000,0.000000,3,-127.76,-127.76,0,0,
08/27/2026,05:49:42:805,0.000000,0.000000,2,-127.26,-127.26,0,0,
08/27/2026,05:49:42:850,0.000000,0.000000,4,-128.1,-128.1,0,0,
08/27/2026,05:49:42:941,0.000000,0.000000,1,-96.39,-96.39,0,0,
08/27/2026,05:49:43:013,0.000000,0.000000,3,-125.77,-125.77,0,0,
08/27/2026,05:49:43:100,0.000000,0.000000,2,-127.67,-127.67,0,0,
08/27/2026,05:49:43:138,0.000000,0.000000,4,-127.11,-127.11,0,0,
08/27/2026,05:49:43:219,0.000000,0.000000,1,-89.75,-89.75,0,0,
08/27/2026,05:49:43:315,0.000000,0.000000,3,-127.22,-127.22,0,0,
08/27/2026,05:49:43:365,0.000000,0.000000,2,-126.28,-126.28,0,0,
08/27/2026,05:49:43:393,0.000000,0.000000,4,-127.83,-127.83,0,0,
08/27/2026,05:49:43:504,0.000000,0.000000,1,-92.81,-92.81,0,0,
08/27/2026,05:49:43:573,0.000000,0.000000,3,-127.77,-127.77,0,0,
08/27/2026,05:49:43:644,0.000000,0.000000,2,-128.26,-128.26,0,0,
08/27/2026,05:49:43:679,0.000000,0.000000,4,-127.05,-127.05,0,0,
08/27/2026,05:49:43:780,0.000000,0.000000,1,-88.69,-88.69,0,0,
08/27/2026,05:49:43:856,0.000000,0.000000,3,-126,-126,0,0,
08/27/2026,05:49:43:918,0.000000,0.000000,2,-124.83,-124.83,0,0,
08/27/2026,05:49:43:951,0.000000,0.000000,4,-124.99,-124.99,0,0,
08/27/2026,05:49:44:055,0.000000,0.000000,1,-87.82,-87.82,0,0,
08/27/2026,05:49:44:124,0.000000,0.000000,3,-128.08,-128.08,0,0,
08/27/2026,05:49:44:196,0.000000,0.000000,2,-126.67,-126.67,0,0,
08/27/2026,05:49:44:228,0.000000,0.000000,4,-125.65,-125.65,0,0,
08/27/2026,05:49:44:334,0.000000,0.000000,1,-96.94,-96.94,0,0,
08/27/2026,05:49:44:410,0.000000,0.000000,3,-127.11,-127.11,0,0,
08/27/2026,05:49:44:475,0.000000,0.000000,2,-126.57,-126.57,0,0,
08/27/2026,05:49:44:523,0.000000,0.000000,4,-126.52,-126.52,0,0,
08/27/2026,05:49:44:615,0.000000,0.000000,1,-90.09,-90.09,0,0,
08/27/2026,05:49:44:708,0.000000,0.000000,3,-125.57,-125.57,0,0,
08/27/2026,05:49:44:756,0.000000,0.000000,2,-127.7,-127.7,0,0,
08/27/2026,05:49:44:829,0.000000,0.000000,4,-126.45,-126.45,0,0,
08/27/2026,05:49:44:904,0.000000,0.000000,1,-91.11,-91.11,0,0,
08/27/2026,05:49:45:005,0.000000,0.000000,3,-127.24,-127.24,0,0,
08/27/2026,05:49:45:031,0.000000,0.000000,2,-126.65,-126.65,0,0,
08/27/2026,05:49:45:063,0.000000,0.000000,4,-125.81,-125.81,0,0,
08/27/2026,05:49:45:173,0.000000,0.000000,1,-93.28,-93.28,0,0,
08/27/2026,05:49:45:245,0.000000,0.000000,3,-126.83,-126.83,0,0,
08/27/2026,05:49:45:314,0.000000,0.000000,2,-127.13,-127.13,0,0,
08/27/2026,05:49:45:345,0.000000,0.000000,4,-127.3,-127.3,0,0,
08/27/2026,05:49:45:456,0.000000,0.000000,1,-92.8,-92.8,0,0,
08/27/2026,05:49:45:519,0.000000,0.000000,3,-126.3,-126.3,0,0,
08/27/2026,05:49:45:588,0.000000,0.000000,2,-127.06,-127.06,0,0,
08/27/2026,05:49:45:628,0.000000,0.000000,4,-126.44,-126.44,0,0,
08/27/2026,05:49:45:728,0.000000,0.000000,1,-100.45,-100.45,0,0,
08/27/2026,05:49:45:803,0.000000,0.000000,3,-126.34,-126.34,0,0,
08/27/2026,05:49:45:874,0.000000,0.000000,2,-125.58,-125.58,0,0,
08/27/2026,05:49:45:920,0.000000,0.000000,4,-126.36,-126.36,0,0,
08/27/2026,05:49:46:024,0.000000,0.000000,1,-85.02,-85.02,0,0,
08/27/2026,05:49:46:078,0.000000,0.000000,3,-127.34,-127.34,0,0,
08/27/2026,05:49:46:151,0.000000,0.000000,2,-125.67,-125.67,0,0,
08/27/2026,05:49:46:188,0.000000,0.000000,4,-127.21,-127.21,0,0,
08/27/2026,05:49:46:291,0.000000,0.000000,1,-92.91,-92.91,0,0,
08/27/2026,05:49:46:372,0.000000,0.000000,3,-127.2,-127.2,0,0,
08/27/2026,05:49:46:452,0.000000,0.000000,2,-127.29,-127.29,0,0,
08/27/2026,05:49:46:467,0.000000,0.000000,4,-124,-124,0,0,
08/27/2026,05:49:46:591,0.000000,0.000000,1,-91.24,-91.24,0,0,
08/27/2026,05:49:46:634,0.000000,0.000000,3,-126.5,-126.5,0,0,
08/27/2026,05:49:46:797,0.000000,0.000000,2,-124.81,-124.81,0,0,
08/27/2026,05:49:46:803,0.000000,0.000000,4,-126.68,-126.68,0,0,
08/27/2026,05:49:46:847,0.000000,0.000000,1,-90.17,-90.17,0,0,
08/27/2026,05:49:46:915,0.000000,0.000000,3,-126.27,-126.27,0,0,
08/27/2026,05:49:46:983,0.000000,0.000000,2,-126.35,-126.35,0,0,
08/27/2026,05:49:47:022,0.000000,0.000000,4,-126.65,-126.65,0,0,
08/27/2026,05:49:47:129,0.000000,0.000000,1,-91.19,-91.19,0,0,
08/27/2026,05:49:47:205,0.000000,0.000000,3,-128.41,-128.41,0,0,
08/27/2026,05:49:47:270,0.000000,0.000000,2,-128.1,-128.1,0,0,
08/27/2026,05:49:47:298,0.000000,0.000000,4,-127.47,-127.47,0,0,
08/27/2026,05:49:47:407,0.000000,0.000000,1,-88.27,-88.27,0,0,
08/27/2026,05:49:47:473,0.000000,0.000000,3,-126.91,-126.91,0,0,
08/27/2026,05:49:47:544,0.000000,0.000000,2,-126.5,-126.5,0,0,
08/27/2026,05:49:47:580,0.000000,0.000000,4,-125.49,-125.49,0,0,
08/27/2026,05:49:47:684,0.000000,0.000000,1,-88.09,-88.09,0,0,
08/27/2026,05:49:47:756,0.000000,0.000000,3,-128.4,-128.4,0,0,
08/27/2026,05:49:47:822,0.000000,0.000000,2,-126.1,-126.1,0,0,
08/27/2026,05:49:47:859,0.000000,0.000000,4,-126.5,-126.5,0,0,
08/27/2026,05:49:47:965,0.000000,0.000000,1,-88.44,-88.44,0,0,
08/27/2026,05:49:48:029,0.000000,0.000000,3,-126.44,-126.44,0,0,
08/27/2026,05:49:48:098,0.000000,0.000000,2,-127.22,-127.22,0,0,
08/27/2026,05:49:48:139,0.000000,0.000000,4,-126.11,-126.11,0,0,
08/27/2026,05:49:48:241,0.000000,0.000000,1,-89.71,-89.71,0,0,
08/27/2026,05:49:48:308,0.000000,0.000000,3,-125.43,-125.43,0,0,
08/27/2026,05:49:48:384,0.000000,0.000000,2,-126.49,-126.49,0,0,
08/27/2026,05:49:48:431,0.000000,0.000000,4,-125.56,-125.56,0,0,
08/27/2026,05:49:48:519,0.000000,0.000000,1,-92.86,-92.86,0,0,
08/27/2026,05:49:48:602,0.000000,0.000000,3,-123.18,-123.18,0,0,
08/27/2026,05:49:48:658,0.000000,0.000000,2,-127.22,-127.22,0,0,
08/27/2026,05:49:48:692,0.000000,0.000000,4,-124.28,-124.28,0,0,
08/27/2026,05:49:48:803,0.000000,0.000000,1,-92.77,-92.77,0,0,
08/27/2026,05:49:48:864,0.000000,0.000000,3,-126.53,-126.53,0,0,
08/27/2026,05:49:48:962,0.000000,0.000000,2,-124.68,-124.68,0,0,
08/27/2026,05:49:48:968,0.000000,0.000000,4,-125.6,-125.6,0,0,
08/27/2026,05:49:49:078,0.000000,0.000000,1,-92.29,-92.29,0,0,
08/27/2026,05:49:49:147,0.000000,0.000000,3,-126.08,-126.08,0,0,
08/27/2026,05:49:49:212,0.000000,0.000000,2,-122.94,-122.94,0,0,
08/27/2026,05:49:49:248,0.000000,0.000000,4,-128.07,-128.07,0,0,
08/27/2026,05:49:49:362,0.000000,0.000000,1,-95.77,-95.77,0,0,
08/27/2026,05:49:49:423,0.000000,0.000000,3,-125.1,-125.1,0,0,
08/27/2026,05:49:49:497,0.000000,0.000000,2,-126.64,-126.64,0,0,
08/27/2026,05:49:49:529,0.000000,0.000000,4,-125.8,-125.8,0,0,
08/27/2026,05:49:49:637,0.000000,0.000000,1,-93.28,-93.28,0,0,
08/27/2026,05:49:49:706,0.000000,0.000000,3,-127.38,-127.38,0,0,
08/27/2026,05:49:49:771,0.000000,0.000000,2,-126.18,-126.18,0,0,
08/27/2026,05:49:49:811,0.000000,0.000000,4,-127.17,-127.17,0,0,
08/27/2026,05:49:49:911,0.000000,0.000000,1,-100.88,-100.88,0,0,
08/27/2026,05:49:49:993,0.000000,0.000000,3,-124.72,-124.72,0,0,
08/27/2026,05:49:50:050,0.000000,0.000000,2,-124.92,-124.92,0,0,
08/27/2026,05:49:50:105,0.000000,0.000000,4,-127.5,-127.5,0,0,
08/27/2026,05:49:50:192,0.000000,0.000000,1,-89.75,-89.75,0,0,
08/27/2026,05:49:50:268,0.000000,0.000000,3,-126.66,-126.66,0,0,
08/27/2026,05:49:50:352,0.000000,0.000000,2,-126.18,-126.18,0,0,
08/27/2026,05:49:50:364,0.000000,0.000000,4,-126.74,-126.74,0,0,
08/27/2026,05:49:50:468,0.000000,0.000000,1,-95.29,-95.29,0,0,
08/27/2026,05:49:50:541,0.000000,0.000000,3,-126.01,-126.01,0,0,
08/27/2026,05:49:50:613,0.000000,0.000000,2,-125.7,-125.7,0,0,
08/27/2026,05:49:50:648,0.000000,0.000000,4,-127.56,-127.56,0,0,
08/27/2026,05:49:50:752,0.000000,0.000000,1,-94.77,-94.77,0,0,
08/27/2026,05:49:50:818,0.000000,0.000000,3,-128.59,-128.59,0,0,
08/27/2026,05:49:50:889,0.000000,0.000000,2,-125.24,-125.24,0,0,
08/27/2026,05:49:50:922,0.000000,0.000000,4,-124.75,-124.75,0,0,
08/27/2026,05:49:51:041,0.000000,0.000000,1,-91.93,-91.93,0,0,
08/27/2026,05:49:51:098,0.000000,0.000000,3,-125.58,-125.58,0,0,
08/27/2026,05:49:51:165,0.000000,0.000000,2,-125.79,-125.79,0,0,
08/27/2026,05:49:51:202,0.000000,0.000000,4,-125.99,-125.99,0,0,
08/27/2026,05:49:51:305,0.000000,0.000000,1,-92.82,-92.82,0,0,
08/27/2026,05:49:51:377,0.000000,0.000000,3,-125.23,-125.23,0,0,
08/27/2026,05:49:51:448,0.000000,0.000000,2,-126.09,-126.09,0,0,
08/27/2026,05:49:51:477,0.000000,0.000000,4,-125.08,-125.08,0,0,
08/27/2026,05:49:51:591,0.000000,0.000000,1,-99.11,-99.11,0,0,
08/27/2026,05:49:51:654,0.000000,0.000000,3,-127.72,-127.72,0,0,
08/27/2026,05:49:51:726,0.000000,0.000000,2,-126.07,-126.07,0,0,
08/27/2026,05:49:51:766,0.000000,0.000000,4,-125.04,-125.04,0,0,
08/27/2026,05:49:51:944,0.000000,0.000000,1,-91.4,-91.4,0,0,
08/27/2026,05:49:51:959,0.000000,0.000000,3,-125.7,-125.7,0,0,
08/27/2026,05:49:52:005,0.000000,0.000000,2,-126.43,-126.43,0,0,
08/27/2026,05:49:52:034,0.000000,0.000000,4,-127.08,-127.08,0,0,
08/27/2026,05:49:52:143,0.000000,0.000000,1,-98.77,-98.77,0,0,
08/27/2026,05:49:52:232,0.000000,0.000000,3,-126.14,-126.14,0,0,
08/27/2026,05:49:52:278,0.000000,0.000000,2,-124.99,-124.99,0,0,
08/27/2026,05:49:52:317,0.000000,0.000000,4,-127.12,-127.12,0,0,
08/27/2026,05:49:52:445,0.000000,0.000000,1,-87.55,-87.55,0,0,
08/27/2026,05:49:52:489,0.000000,0.000000,3,-126.02,-126.02,0,0,
08/27/2026,05:49:52:568,0.000000,0.000000,2,-127.12,-127.12,0,0,
08/27/2026,05:49:52:593,0.000000,0.000000,4,-126.69,-126.69,0,0,
08/27/2026,05:49:52:708,0.000000,0.000000,1,-88.5,-88.5,0,0,
08/27/2026,05:49:52:772,0.000000,0.000000,3,-125.06,-125.06,0,0,
08/27/2026,05:49:52:841,0.000000,0.000000,2,-127.8,-127.8,0,0,
08/27/2026,05:49:52:872,0.000000,0.000000,4,-123.96,-123.96,0,0,
08/27/2026,05:49:52:982,0.000000,0.000000,1,-88.77,-88.77,0,0,
08/27/2026,05:49:53:046,0.000000,0.000000,3,-125.53,-125.53,0,0,
08/27/2026,05:49:53:125,0.000000,0.000000,2,-127.15,-127.15,0,0,
08/27/2026,05:49:53:154,0.000000,0.000000,4,-127.77,-127.77,0,0,
08/27/2026,05:49:53:256,0.000000,0.000000,1,-93.3,-93.3,0,0,
08/27/2026,05:49:53:335,0.000000,0.000000,3,-126.22,-126.22,0,0,
08/27/2026,05:49:53:394,0.000000,0.000000,2,-128.09,-128.09,0,0,
08/27/2026,05:49:53:431,0.000000,0.000000,4,-125.55,-125.55,0,0,
08/27/2026,05:49:53:539,0.000000,0.000000,1,-93.48,-93.48,0,0,
08/27/2026,05:49:53:615,0.000000,0.000000,3,-125.91,-125.91,0,0,
08/27/2026,05:49:53:673,0.000000,0.000000,2,-124.35,-124.35,0,0,
08/27/2026,05:49:53:708,0.000000,0.000000,4,-126.58,-126.58,0,0,
08/27/2026,05:49:53:815,0.000000,0.000000,1,-90.87,-90.87,0,0,
08/27/2026,05:49:53:887,0.000000,0.000000,3,-126.18,-126.18,0,0,
08/27/2026,05:49:54:014,0.000000,0.000000,2,-127.26,-127.26,0,0,
08/27/2026,05:49:54:020,0.000000,0.000000,4,-125.41,-125.41,0,0,
08/27/2026,05:49:54:108,0.000000,0.000000,1,-88.82,-88.82,0,0,
08/27/2026,05:49:54:184,0.000000,0.000000,3,-127.15,-127.15,0,0,
08/27/2026,05:49:54:232,0.000000,0.000000,2,-125.51,-125.51,0,0,
08/27/2026,05:49:54:281,0.000000,0.000000,4,-125.57,-125.57,0,0,
08/27/2026,05:49:54:381,0.000000,0.000000,1,-89.48,-89.48,0,0,
08/27/2026,05:49:54:444,0.000000,0.000000,3,-126.28,-126.28,0,0,
08/27/2026,05:49:54:514,0.000000,0.000000,2,-125.42,-125.42,0,0,
08/27/2026,05:49:54:552,0.000000,0.000000,4,-126.15,-126.15,0,0,
08/27/2026,05:49:54:651,0.000000,0.000000,1,-90.44,-90.44,0,0,
08/27/2026,05:49:54:722,0.000000,0.000000,3,-127.66,-127.66,0,0,
08/27/2026,05:49:54:792,0.000000,0.000000,2,-126.4,-126.4,0,0,
08/27/2026,05:49:54:830,0.000000,0.000000,4,-128.16,-128.16,0,0,
08/27/2026,05:49:54:928,0.000000,0.000000,1,-88.19,-88.19,0,0,
08/27/2026,05:49:55:007,0.000000,0.000000,3,-127.39,-127.39,0,0,
08/27/2026,05:49:55:077,0.000000,0.000000,2,-127.48,-127.48,0,0,
08/27/2026,05:49:55:109,0.000000,0.000000,4,-127.21,-127.21,0,0,
08/27/2026,05:49:55:236,0.000000,0.000000,1,-87.82,-87.82,0,0,
08/27/2026,05:49:55:278,0.000000,0.000000,3,-125.32,-125.32,0,0,
08/27/2026,05:49:55:347,0.000000,0.000000,2,-125.38,-125.38,0,0,
08/27/2026,05:49:55:384,0.000000,0.000000,4,-126.56,-126.56,0,0,
08/27/2026,05:49:55:492,0.000000,0.000000,1,-90.32,-90.32,0,0,
08/27/2026,05:49:55:557,0.000000,0.000000,3,-127.27,-127.27,0,0,
08/27/2026,05:49:55:637,0.000000,0.000000,2,-126.29,-126.29,0,0,
08/27/2026,05:49:55:664,0.000000,0.000000,4,-125.07,-125.07,0,0,
08/27/2026,05:49:55:764,0.000000,0.000000,1,-91.07,-91.07,0,0,
08/27/2026,05:49:55:836,0.000000,0.000000,3,-126.43,-126.43,0,0,
08/27/2026,05:49:55:913,0.000000,0.000000,2,-125.21,-125.21,0,0,
08/27/2026,05:49:55:952,0.000000,0.000000,4,-126.02,-126.02,0,0,
08/27/2026,05:49:56:044,0.000000,0.000000,1,-94,-94,0,0,
08/27/2026,05:49:56:119,0.000000,0.000000,3,-127.02,-127.02,0,0,
08/27/2026,05:49:56:205,0.000000,0.000000,2,-126.22,-126.22,0,0,
08/27/2026,05:49:56:237,0.000000,0.000000,4,-127.38,-127.38,0,0,
08/27/2026,05:49:56:327,0.000000,0.000000,1,-90.85,-90.85,0,0,
08/27/2026,05:49:56:402,0.000000,0.000000,3,-126.62,-126.62,0,0,
08/27/2026,05:49:56:473,0.000000,0.000000,2,-126,-126,0,0,
08/27/2026,05:49:56:503,0.000000,0.000000,4,-126.64,-126.64,0,0,
08/27/2026,05:49:56:600,0.000000,0.000000,1,-94.1,-94.1,0,0,
08/27/2026,05:49:56:683,0.000000,0.000000,3,-124.59,-124.59,0,0,
08/27/2026,05:49:56:744,0.000000,0.000000,2,-126.76,-126.76,0,0,
08/27/2026,05:49:56:784,0.000000,0.000000,4,-126.17,-126.17,0,0,
08/27/2026,05:49:56:882,0.000000,0.000000,1,-92.04,-92.04,0,0,
08/27/2026,05:49:56:958,0.000000,0.000000,3,-127.56,-127.56,0,0,
08/27/2026,05:49:57:091,0.000000,0.000000,2,-125.78,-125.78,0,0,
08/27/2026,05:49:57:096,0.000000,0.000000,4,-124.93,-124.93,0,0,
08/27/2026,05:49:57:176,0.000000,0.000000,1,-99.61,-99.61,0,0,
08/27/2026,05:49:57:232,0.000000,0.000000,3,-127.8,-127.8,0,0,
08/27/2026,05:49:57:298,0.000000,0.000000,2,-125.32,-125.32,0,0,
08/27/2026,05:49:57:335,0.000000,0.000000,4,-126.64,-126.64,0,0,
08/27/2026,05:49:57:444,0.000000,0.000000,1,-95.18,-95.18,0,0,
08/27/2026,05:49:57:507,0.000000,0.000000,3,-126.01,-126.01,0,0,
08/27/2026,05:49:57:582,0.000000,0.000000,2,-127.24,-127.24,0,0,
08/27/2026,05:49:57:614,0.000000,0.000000,4,-125.87,-125.87,0,0,
08/27/2026,05:49:57:715,0.000000,0.000000,1,-99.01,-99.01,0,0,
08/27/2026,05:49:57:822,0.000000,0.000000,3,-126.16,-126.16,0,0,
08/27/2026,05:49:57:873,0.000000,0.000000,2,-127.14,-127.14,0,0,
08/27/2026,05:49:57:916,0.000000,0.000000,4,-126.18,-126.18,0,0,
08/27/2026,05:49:58:003,0.000000,0.000000,1,-100.31,-100.31,0,0,
08/27/2026,05:49:58:087,0.000000,0.000000,3,-127.67,-127.67,0,0,
08/27/2026,05:49:58:136,0.000000,0.000000,2,-126.82,-126.82,0,0,
08/27/2026,05:49:58:171,0.000000,0.000000,4,-125.99,-125.99,0,0,
08/27/2026,05:49:58:280,0.000000,0.000000,1,-95.01,-95.01,0,0,
08/27/2026,05:49:58:342,0.000000,0.000000,3,-126.54,-126.54,0,0,
08/27/2026,05:49:58:416,0.000000,0.000000,2,-126.95,-126.95,0,0,
08/27/2026,05:49:58:447,0.000000,0.000000,4,-124.69,-124.69,0,0,
08/27/2026,05:49:58:561,0.000000,0.000000,1,-95.5,-95.5,0,0,
08/27/2026,05:49:58:628,0.000000,0.000000,3,-127.92,-127.92,0,0,
08/27/2026,05:49:58:696,0.000000,0.000000,2,-127.09,-127.09,0,0,
08/27/2026,05:49:58:730,0.000000,0.000000,4,-127.98,-127.98,0,0,
08/27/2026,05:49:58:837,0.000000,0.000000,1,-100.69,-100.69,0,0,
08/27/2026,05:49:58:909,0.000000,0.000000,3,-128.19,-128.19,0,0,
08/27/2026,05:49:58:978,0.000000,0.000000,2,-126.45,-126.45,0,0,
08/27/2026,05:49:59:006,0.000000,0.000000,4,-128.38,-128.38,0,0,
08/27/2026,05:49:59:128,0.000000,0.000000,1,-99.91,-99.91,0,0,
08/27/2026,05:49:59:185,0.000000,0.000000,3,-125.29,-125.29,0,0,
08/27/2026,05:49:59:262,0.000000,0.000000,2,-127.16,-127.16,0,0,
08/27/2026,05:49:59:288,0.000000,0.000000,4,-126.82,-126.82,0,0,
08/27/2026,05:49:59:397,0.000000,0.000000,1,-94.22,-94.22,0,0,
08/27/2026,05:49:59:459,0.000000,0.000000,3,-127.04,-127.04,0,0,
08/27/2026,05:49:59:530,0.000000,0.000000,2,-126.39,-126.39,0,0,
08/27/2026,05:49:59:563,0.000000,0.000000,4,-125.74,-125.74,0,0,
08/27/2026,05:49:59:669,0.000000,0.000000,1,-94.07,-94.07,0,0,
08/27/2026,05:49:59:751,0.000000,0.000000,3,-126.31,-126.31,0,0,
08/27/2026,05:49:59:838,0.000000,0.000000,2,-127.42,-127.42,0,0,
08/27/2026,05:49:59:843,0.000000,0.000000,4,-125.34,-125.34,0,0,
08/27/2026,05:49:59:964,0.000000,0.000000,1,-96.64,-96.64,0,0,
08/27/2026,05:50:00:016,0.000000,0.000000,3,-125.97,-125.97,0,0,
08/27/2026,05:50:00:091,0.000000,0.000000,2,-126.46,-126.46,0,0,
08/27/2026,05:50:00:123,0.000000,0.000000,4,-124.31,-124.31,0,0,
08/27/2026,05:50:00:233,0.000000,0.000000,1,-95.54,-95.54,0,0,
08/27/2026,05:50:00:295,0.000000,0.000000,3,-126.3,-126.3,0,0,
08/27/2026,05:50:00:371,0.000000,0.000000,2,-126.3,-126.3,0,0,
08/27/2026,05:50:00:403,0.000000,0.000000,4,-124.97,-124.97,0,0,
08/27/2026,05:50:00:506,0.000000,0.000000,1,-93.35,-93.35,0,0,
08/27/2026,05:50:00:578,0.000000,0.000000,3,-126.72,-126.72,0,0,
08/27/2026,05:50:00:651,0.000000,0.000000,2,-125.6,-125.6,0,0,
08/27/2026,05:50:00:676,0.000000,0.000000,4,-124.26,-124.26,0,0,
08/27/2026,05:50:00:788,0.000000,0.000000,1,-96.54,-96.54,0,0,
08/27/2026,05:50:00:858,0.000000,0.000000,3,-127.06,-127.06,0,0,
08/27/2026,05:50:00:922,0.000000,0.000000,2,-126.24,-126.24,0,0,
08/27/2026,05:50:00:961,0.000000,0.000000,4,-126.88,-126.88,0,0,
08/27/2026,05:50:01:061,0.000000,0.000000,1,-99.59,-99.59,0,0,
08/27/2026,05:50:01:134,0.000000,0.000000,3,-125.23,-125.23,0,0,
08/27/2026,05:50:01:201,0.000000,0.000000,2,-126.49,-126.49,0,0,
08/27/2026,05:50:01:238,0.000000,0.000000,4,-126.79,-126.79,0,0,
08/27/2026,05:50:01:344,0.000000,0.000000,1,-93.89,-93.89,0,0,
08/27/2026,05:50:01:421,0.000000,0.000000,3,-126.46,-126.46,0,0,
08/27/2026,05:50:01:501,0.000000,0.000000,2,-125.44,-125.44,0,0,
08/27/2026,05:50:01:514,0.000000,0.000000,4,-126.76,-126.76,0,0,
08/27/2026,05:50:01:624,0.000000,0.000000,1,-94.56,-94.56,0,0,
08/27/2026,05:50:01:709,0.000000,0.000000,3,-127.02,-127.02,0,0,
08/27/2026,05:50:01:792,0.000000,0.000000,2,-127.53,-127.53,0,0,
08/27/2026,05:50:01:798,0.000000,0.000000,4,-126.65,-126.65,0,0,
08/27/2026,05:50:01:898,0.000000,0.000000,1,-96.73,-96.73,0,0,
08/27/2026,05:50:01:974,0.000000,0.000000,3,-126.81,-126.81,0,0,
08/27/2026,05:50:02:038,0.000000,0.000000,2,-126.83,-126.83,0,0,
08/27/2026,05:50:02:078,0.000000,0.000000,4,-126.96,-126.96,0,0,
08/27/2026,05:50:02:240,0.000000,0.000000,1,-97.32,-97.32,0,0,
08/27/2026,05:50:02:261,0.000000,0.000000,3,-126.87,-126.87,0,0,
08/27/2026,05:50:02:325,0.000000,0.000000,2,-126.78,-126.78,0,0,
08/27/2026,05:50:02:352,0.000000,0.000000,4,-126.44,-126.44,0,0,
08/27/2026,05:50:02:461,0.000000,0.000000,1,-101.76,-101.76,0,0,
08/27/2026,05:50:02:527,0.000000,0.000000,3,-127.15,-127.15,0,0,
08/27/2026,05:50:02:611,0.000000,0.000000,2,-125.9,-125.9,0,0,
08/27/2026,05:50:02:629,0.000000,0.000000,4,-128.11,-128.11,0,0,
08/27/2026,05:50:02:737,0.000000,0.000000,1,-102.11,-102.11,0,0,
08/27/2026,05:50:02:810,0.000000,0.000000,3,-127.46,-127.46,0,0,
08/27/2026,05:50:02:880,0.000000,0.000000,2,-125.55,-125.55,0,0,
08/27/2026,05:50:02:910,0.000000,0.000000,4,-126.63,-126.63,0,0,
08/27/2026,05:50:03:013,0.000000,0.000000,1,-104.42,-104.42,0,0,
08/27/2026,05:50:03:087,0.000000,0.000000,3,-127.33,-127.33,0,0,
08/27/2026,05:50:03:166,0.000000,0.000000,2,-127.3,-127.3,0,0,
08/27/2026,05:50:03:205,0.000000,0.000000,4,-127.61,-127.61,0,0,
08/27/2026,05:50:03:294,0.000000,0.000000,1,-95.99,-95.99,0,0,
08/27/2026,05:50:03:374,0.000000,0.000000,3,-126.75,-126.75,0,0,
08/27/2026,05:50:03:451,0.000000,0.000000,2,-125.84,-125.84,0,0,
08/27/2026,05:50:03:484,0.000000,0.000000,4,-126,-126,0,0,
08/27/2026,05:50:03:576,0.000000,0.000000,1,-100.38,-100.38,0,0,
08/27/2026,05:50:03:641,0.000000,0.000000,3,-126.5,-126.5,0,0,
08/27/2026,05:50:03:710,0.000000,0.000000,2,-127.34,-127.34,0,0,
08/27/2026,05:50:03:750,0.000000,0.000000,4,-128.68,-128.68,0,0,
08/27/2026,05:50:03:854,0.000000,0.000000,1,-95.24,-95.24,0,0,
08/27/2026,05:50:03:924,0.000000,0.000000,3,-126.27,-126.27,0,0,
08/27/2026,05:50:03:994,0.000000,0.000000,2,-126.85,-126.85,0,0,
08/27/2026,05:50:04:045,0.000000,0.000000,4,-124.86,-124.86,0,0,
08/27/2026,05:50:04:137,0.000000,0.000000,1,-99.76,-99.76,0,0,
08/27/2026,05:50:04:212,0.000000,0.000000,3,-125.41,-125.41,0,0,
08/27/2026,05:50:04:269,0.000000,0.000000,2,-127.26,-127.26,0,0,
08/27/2026,05:50:04:302,0.000000,0.000000,4,-126.97,-126.97,0,0,
08/27/2026,05:50:04:414,0.000000,0.000000,1,-96.92,-96.92,0,0,
08/27/2026,05:50:04:482,0.000000,0.000000,3,-126.46,-126.46,0,0,
08/27/2026,05:50:04:546,0.000000,0.000000,2,-126.9,-126.9,0,0,
08/27/2026,05:50:04:580,0.000000,0.000000,4,-125.79,-125.79,0,0,
08/27/2026,05:50:04:687,0.000000,0.000000,1,-94.06,-94.06,0,0,
08/27/2026,05:50:04:755,0.000000,0.000000,3,-127.84,-127.84,0,0,
08/27/2026,05:50:04:827,0.000000,0.000000,2,-126.87,-126.87,0,0,
08/27/2026,05:50:04:864,0.000000,0.000000,4,-128.15,-128.15,0,0,
08/27/2026,05:50:04:971,0.000000,0.000000,1,-107.08,-107.08,0,0,
08/27/2026,05:50:05:036,0.000000,0.000000,3,-128.12,-128.12,0,0,
08/27/2026,05:50:05:122,0.000000,0.000000,2,-125.89,-125.89,0,0,
08/27/2026,05:50:05:140,0.000000,0.000000,4,-126.12,-126.12,0,0,
08/27/2026,05:50:05:273,0.000000,0.000000,1,-96.6,-96.6,0,0,
08/27/2026,05:50:05:322,0.000000,0.000000,3,-127.06,-127.06,0,0,
08/27/2026,05:50:05:409,0.000000,0.000000,2,-127.45,-127.45,0,0,
08/27/2026,05:50:05:492,0.000000,0.000000,4,-127.37,-127.37,0,0,
08/27/2026,05:50:05:546,0.000000,0.000000,1,-99.51,-99.51,0,0,
08/27/2026,05:50:05:602,0.000000,0.000000,3,-127.28,-127.28,0,0,
08/27/2026,05:50:05:663,0.000000,0.000000,2,-127.55,-127.55,0,0,
08/27/2026,05:50:05:712,0.000000,0.000000,4,-126.85,-126.85,0,0,
08/27/2026,05:50:05:808,0.000000,0.000000,1,-97.79,-97.79,0,0,
08/27/2026,05:50:05:880,0.000000,0.000000,3,-127.21,-127.21,0,0,
08/27/2026,05:50:05:946,0.000000,0.000000,2,-127.97,-127.97,0,0,
08/27/2026,05:50:05:982,0.000000,0.000000,4,-124.85,-124.85,0,0,
08/27/2026,05:50:06:084,0.000000,0.000000,1,-99.36,-99.36,0,0,
08/27/2026,05:50:06:152,0.000000,0.000000,3,-127.26,-127.26,0,0,
08/27/2026,05:50:06:221,0.000000,0.000000,2,-126.92,-126.92,0,0,
08/27/2026,05:50:06:260,0.000000,0.000000,4,-127.72,-127.72,0,0,
08/27/2026,05:50:06:363,0.000000,0.000000,1,-100.89,-100.89,0,0,
08/27/2026,05:50:06:433,0.000000,0.000000,3,-126.18,-126.18,0,0,
08/27/2026,05:50:06:510,0.000000,0.000000,2,-126.44,-126.44,0,0,
08/27/2026,05:50:06:538,0.000000,0.000000,4,-126.93,-126.93,0,0,
08/27/2026,05:50:06:643,0.000000,0.000000,1,-98.89,-98.89,0,0,
08/27/2026,05:50:06:714,0.000000,0.000000,3,-126.64,-126.64,0,0,
08/27/2026,05:50:06:779,0.000000,0.000000,2,-124.66,-124.66,0,0,
08/27/2026,05:50:06:812,0.000000,0.000000,4,-125.8,-125.8,0,0,
08/27/2026,05:50:06:937,0.000000,0.000000,1,-92.55,-92.55,0,0,
08/27/2026,05:50:06:986,0.000000,0.000000,3,-127.17,-127.17,0,0,
08/27/2026,05:50:07:060,0.000000,0.000000,2,-127.67,-127.67,0,0,
08/27/2026,05:50:07:107,0.000000,0.000000,4,-123.5,-123.5,0,0,
08/27/2026,05:50:07:200,0.000000,0.000000,1,-94.72,-94.72,0,0,
08/27/2026,05:50:07:279,0.000000,0.000000,3,-127.19,-127.19,0,0,
08/27/2026,05:50:07:391,0.000000,0.000000,2,-125.98,-125.98,0,0,
08/27/2026,05:50:07:400,0.000000,0.000000,4,-126.64,-126.64,0,0,
08/27/2026,05:50:07:486,0.000000,0.000000,1,-91.64,-91.64,0,0,
08/27/2026,05:50:07:552,0.000000,0.000000,3,-126.17,-126.17,0,0,
08/27/2026,05:50:07:621,0.000000,0.000000,2,-126.65,-126.65,0,0,
08/27/2026,05:50:07:681,0.000000,0.000000,4,-125.32,-125.32,0,0,
08/27/2026,05:50:07:755,0.000000,0.000000,1,-98.09,-98.09,0,0,
08/27/2026,05:50:07:828,0.000000,0.000000,3,-127.23,-127.23,0,0,
08/27/2026,05:50:07:896,0.000000,0.000000,2,-126.32,-126.32,0,0,
08/27/2026,05:50:07:935,0.000000,0.000000,4,-126.07,-126.07,0,0,
08/27/2026,05:50:08:054,0.000000,0.000000,1,-99.92,-99.92,0,0,
08/27/2026,05:50:08:113,0.000000,0.000000,3,-127.43,-127.43,0,0,
08/27/2026,05:50:08:172,0.000000,0.000000,2,-126.5,-126.5,0,0,
08/27/2026,05:50:08:214,0.000000,0.000000,4,-127.21,-127.21,0,0,
08/27/2026,05:50:08:318,0.000000,0.000000,1,-97.27,-97.27,0,0,
08/27/2026,05:50:08:391,0.000000,0.000000,3,-125.73,-125.73,0,0,
08/27/2026,05:50:08:453,0.000000,0.000000,2,-126.76,-126.76,0,0,
08/27/2026,05:50:08:490,0.000000,0.000000,4,-126.87,-126.87,0,0,
08/27/2026,05:50:08:592,0.000000,0.000000,1,-95.61,-95.61,0,0,
08/27/2026,05:50:08:669,0.000000,0.000000,3,-127.81,-127.81,0,0,
08/27/2026,05:50:08:740,0.000000,0.000000,2,-126.51,-126.51,0,0,
08/27/2026,05:50:08:774,0.000000,0.000000,4,-128.06,-128.06,0,0,
08/27/2026,05:50:08:892,0.000000,0.000000,1,-94.95,-94.95,0,0,
08/27/2026,05:50:08:940,0.000000,0.000000,3,-126.89,-126.89,0,0,
08/27/2026,05:50:09:019,0.000000,0.000000,2,-126.26,-126.26,0,0,
08/27/2026,05:50:09:057,0.000000,0.000000,4,-126.66,-126.66,0,0,
08/27/2026,05:50:09:147,0.000000,0.000000,1,-96.89,-96.89,0,0,
08/27/2026,05:50:09:217,0.000000,0.000000,3,-124.84,-124.84,0,0,
08/27/2026,05:50:09:313,0.000000,0.000000,2,-126.69,-126.69,0,0,
08/27/2026,05:50:09:323,0.000000,0.000000,4,-125.98,-125.98,0,0,
08/27/2026,05:50:09:436,0.000000,0.000000,1,-95.71,-95.71,0,0,
08/27/2026,05:50:09:498,0.000000,0.000000,3,-127.41,-127.41,0,0,
08/27/2026,05:50:09:581,0.000000,0.000000,2,-125.55,-125.55,0,0,
08/27/2026,05:50:09:600,0.000000,0.000000,4,-125.09,-125.09,0,0,
08/27/2026,05:50:09:706,0.000000,0.000000,1,-95.58,-95.58,0,0,
08/27/2026,05:50:09:787,0.000000,0.000000,3,-126.71,-126.71,0,0,
08/27/2026,05:50:09:848,0.000000,0.000000,2,-124.05,-124.05,0,0,
08/27/2026,05:50:09:884,0.000000,0.000000,4,-125.47,-125.47,0,0,
08/27/2026,05:50:09:994,0.000000,0.000000,1,-101.4,-101.4,0,0,
08/27/2026,05:50:10:057,0.000000,0.000000,3,-127.86,-127.86,0,0,
08/27/2026,05:50:10:124,0.000000,0.000000,2,-128.14,-128.14,0,0,
08/27/2026,05:50:10:167,0.000000,0.000000,4,-125.86,-125.86,0,0,
08/27/2026,05:50:10:267,0.000000,0.000000,1,-98.17,-98.17,0,0,
08/27/2026,05:50:10:333,0.000000,0.000000,3,-127.61,-127.61,0,0,
08/27/2026,05:50:10:410,0.000000,0.000000,2,-126.55,-126.55,0,0,
08/27/2026,05:50:10:445,0.000000,0.000000,4,-126.24,-126.24,0,0,
08/27/2026,05:50:10:551,0.000000,0.000000,1,-96.69,-96.69,0,0,
08/27/2026,05:50:10:615,0.000000,0.000000,3,-126.78,-126.78,0,0,
08/27/2026,05:50:10:700,0.000000,0.000000,2,-127.11,-127.11,0,0,
08/27/2026,05:50:10:737,0.000000,0.000000,4,-126.61,-126.61,0,0,
08/27/2026,05:50:10:863,0.000000,0.000000,1,-102.72,-102.72,0,0,
08/27/2026,05:50:10:940,0.000000,0.000000,3,-127.69,-127.69,0,0,
08/27/2026,05:50:10:985,0.000000,0.000000,2,-125.4,-125.4,0,0,
08/27/2026,05:50:11:028,0.000000,0.000000,4,-125.66,-125.66,0,0,
08/27/2026,05:50:11:143,0.000000,0.000000,1,-102.11,-102.11,0,0,
08/27/2026,05:50:11:217,0.000000,0.000000,3,-126.42,-126.42,0,0,
08/27/2026,05:50:11:274,0.000000,0.000000,2,-125.67,-125.67,0,0,
08/27/2026,05:50:11:311,0.000000,0.000000,4,-126.22,-126.22,0,0,
08/27/2026,05:50:11:408,0.000000,0.000000,1,-101.17,-101.17,0,0,
08/27/2026,05:50:11:480,0.000000,0.000000,3,-127.02,-127.02,0,0,
08/27/2026,05:50:11:549,0.000000,0.000000,2,-126.15,-126.15,0,0,
08/27/2026,05:50:11:586,0.000000,0.000000,4,-126.14,-126.14,0,0,
08/27/2026,05:50:11:694,0.000000,0.000000,1,-103.72,-103.72,0,0,
08/27/2026,05:50:11:761,0.000000,0.000000,3,-126.46,-126.46,0,0,
08/27/2026,05:50:11:829,0.000000,0.000000,2,-125.94,-125.94,0,0,
08/27/2026,05:50:11:890,0.000000,0.000000,4,-127.78,-127.78,0,0,
08/27/2026,05:50:11:983,0.000000,0.000000,1,-93.85,-93.85,0,0,
08/27/2026,05:50:12:037,0.000000,0.000000,3,-127.29,-127.29,0,0,
08/27/2026,05:50:12:108,0.000000,0.000000,2,-127.69,-127.69,0,0,
08/27/2026,05:50:12:148,0.000000,0.000000,4,-126.97,-126.97,0,0,
08/27/2026,05:50:12:246,0.000000,0.000000,1,-95.01,-95.01,0,0,
08/27/2026,05:50:12:334,0.000000,0.000000,3,-126.32,-126.32,0,0,
08/27/2026,05:50:12:508,0.000000,0.000000,2,-126.57,-126.57,0,0,
08/27/2026,05:50:12:516,0.000000,0.000000,4,-125.64,-125.64,0,0,
08/27/2026,05:50:12:543,0.000000,0.000000,1,-106.03,-106.03,0,0,
08/27/2026,05:50:12:605,0.000000,0.000000,3,-127.15,-127.15,0,0,
08/27/2026,05:50:12:678,0.000000,0.000000,2,-126.73,-126.73,0,0,
08/27/2026,05:50:12:716,0.000000,0.000000,4,-126.13,-126.13,0,0,
08/27/2026,05:50:12:812,0.000000,0.000000,1,-97.32,-97.32,0,0,
08/27/2026,05:50:12:894,0.000000,0.000000,3,-126.22,-126.22,0,0,
08/27/2026,05:50:12:977,0.000000,0.000000,2,-126.79,-126.79,0,0,
08/27/2026,05:50:12:986,0.000000,0.000000,4,-127.42,-127.42,0,0,
08/27/2026,05:50:13:110,0.000000,0.000000,1,-97.52,-97.52,0,0,
08/27/2026,05:50:13:184,0.000000,0.000000,3,-128.14,-128.14,0,0,
08/27/2026,05:50:13:242,0.000000,0.000000,2,-128.26,-128.26,0,0,
08/27/2026,05:50:13:279,0.000000,0.000000,4,-125.4,-125.4,0,0,
08/27/2026,05:50:13:384,0.000000,0.000000,1,-97.25,-97.25,0,0,
08/27/2026,05:50:13:451,0.000000,0.000000,3,-128.08,-128.08,0,0,
08/27/2026,05:50:13:524,0.000000,0.000000,2,-126.89,-126.89,0,0,
08/27/2026,05:50:13:558,0.000000,0.000000,4,-126.82,-126.82,0,0,
08/27/2026,05:50:13:663,0.000000,0.000000,1,-94.66,-94.66,0,0,
08/27/2026,05:50:13:733,0.000000,0.000000,3,-125.9,-125.9,0,0,
08/27/2026,05:50:13:806,0.000000,0.000000,2,-125.54,-125.54,0,0,
08/27/2026,05:50:13:835,0.000000,0.000000,4,-127.2,-127.2,0,0,
08/27/2026,05:50:13:946,0.000000,0.000000,1,-100.34,-100.34,0,0,
08/27/2026,05:50:14:017,0.000000,0.000000,3,-126.76,-126.76,0,0,
08/27/2026,05:50:14:086,0.000000,0.000000,2,-126.83,-126.83,0,0,
08/27/2026,05:50:14:121,0.000000,0.000000,4,-128.31,-128.31,0,0,
08/27/2026,05:50:14:218,0.000000,0.000000,1,-98.13,-98.13,0,0,
08/27/2026,05:50:14:292,0.000000,0.000000,3,-126.94,-126.94,0,0,
08/27/2026,05:50:14:385,0.000000,0.000000,2,-126.77,-126.77,0,0,
08/27/2026,05:50:14:425,0.000000,0.000000,4,-126.95,-126.95,0,0,
08/27/2026,05:50:14:509,0.000000,0.000000,1,-93.76,-93.76,0,0,
08/27/2026,05:50:14:590,0.000000,0.000000,3,-126.89,-126.89,0,0,
08/27/2026,05:50:14:663,0.000000,0.000000,2,-124.27,-124.27,0,0,
08/27/2026,05:50:14:693,0.000000,0.000000,4,-126.59,-126.59,0,0,
08/27/2026,05:50:14:788,0.000000,0.000000,1,-99.04,-99.04,0,0,
08/27/2026,05:50:14:858,0.000000,0.000000,3,-127.33,-127.33,0,0,
08/27/2026,05:50:14:941,0.000000,0.000000,2,-125.7,-125.7,0,0,
08/27/2026,05:50:14:979,0.000000,0.000000,4,-127.9,-127.9,0,0,
08/27/2026,05:50:15:077,0.000000,0.000000,1,-93.65,-93.65,0,0,
08/27/2026,05:50:15:157,0.000000,0.000000,3,-125.69,-125.69,0,0,
08/27/2026,05:50:15:231,0.000000,0.000000,2,-128.3,-128.3,0,0,
08/27/2026,05:50:15:264,0.000000,0.000000,4,-126,-126,0,0,
08/27/2026,05:50:15:363,0.000000,0.000000,1,-97.69,-97.69,0,0,
08/27/2026,05:50:15:446,0.000000,0.000000,3,-127.95,-127.95,0,0,
08/27/2026,05:50:15:505,0.000000,0.000000,2,-124.84,-124.84,0,0,
08/27/2026,05:50:15:540,0.000000,0.000000,4,-127.97,-127.97,0,0,
08/27/2026,05:50:15:648,0.000000,0.000000,1,-96.57,-96.57,0,0,
08/27/2026,05:50:15:724,0.000000,0.000000,3,-126.75,-126.75,0,0,
08/27/2026,05:50:15:788,0.000000,0.000000,2,-125.81,-125.81,0,0,
08/27/2026,05:50:15:818,0.000000,0.000000,4,-126.32,-126.32,0,0,
08/27/2026,05:50:15:938,0.000000,0.000000,1,-90.54,-90.54,0,0,
08/27/2026,05:50:15:992,0.000000,0.000000,3,-126.42,-126.42,0,0,
08/27/2026,05:50:16:071,0.000000,0.000000,2,-126.93,-126.93,0,0,
08/27/2026,05:50:16:097,0.000000,0.000000,4,-125.58,-125.58,0,0,
08/27/2026,05:50:16:207,0.000000,0.000000,1,-98.9,-98.9,0,0,
08/27/2026,05:50:16:271,0.000000,0.000000,3,-127.23,-127.23,0,0,
08/27/2026,05:50:16:355,0.000000,0.000000,2,-125.63,-125.63,0,0,
08/27/2026,05:50:16:403,0.000000,0.000000,4,-126.8,-126.8,0,0,
08/27/2026,05:50:16:496,0.000000,0.000000,1,-101.81,-101.81,0,0,
08/27/2026,05:50:16:549,0.000000,0.000000,3,-126.69,-126.69,0,0,
08/27/2026,05:50:16:639,0.000000,0.000000,2,-126.86,-126.86,0,0,
08/27/2026,05:50:16:679,0.000000,0.000000,4,-125.99,-125.99,0,0,
08/27/2026,05:50:16:760,0.000000,0.000000,1,-96,-96,0,0,
08/27/2026,05:50:16:840,0.000000,0.000000,3,-125.79,-125.79,0,0,
08/27/2026,05:50:16:902,0.000000,0.000000,2,-126.81,-126.81,0,0,
08/27/2026,05:50:16:938,0.000000,0.000000,4,-126.59,-126.59,0,0,
08/27/2026,05:50:17:038,0.000000,0.000000,1,-93.76,-93.76,0,0,
08/27/2026,05:50:17:107,0.000000,0.000000,3,-127.56,-127.56,0,0,
08/27/2026,05:50:17:177,0.000000,0.000000,2,-126.47,-126.47,0,0,
08/27/2026,05:50:17:218,0.000000,0.000000,4,-124.39,-124.39,0,0,
08/27/2026,05:50:17:325,0.000000,0.000000,1,-97.42,-97.42,0,0,
08/27/2026,05:50:17:390,0.000000,0.000000,3,-126.81,-126.81,0,0,
08/27/2026,05:50:17:456,0.000000,0.000000,2,-125.53,-125.53,0,0,
08/27/2026,05:50:17:491,0.000000,0.000000,4,-126.43,-126.43,0,0,
08/27/2026,05:50:17:660,0.000000,0.000000,1,-93.67,-93.67,0,0,
08/27/2026,05:50:17:675,0.000000,0.000000,3,-126,-126,0,0,
08/27/2026,05:50:17:734,0.000000,0.000000,2,-127.23,-127.23,0,0,
08/27/2026,05:50:17:771,0.000000,0.000000,4,-125.84,-125.84,0,0,
08/27/2026,05:50:17:881,0.000000,0.000000,1,-94.27,-94.27,0,0,
08/27/2026,05:50:17:949,0.000000,0.000000,3,-127.82,-127.82,0,0,
08/27/2026,05:50:18:017,0.000000,0.000000,2,-125.95,-125.95,0,0,
08/27/2026,05:50:18:055,0.000000,0.000000,4,-124.46,-124.46,0,0,
08/27/2026,05:50:18:157,0.000000,0.000000,1,-96.24,-96.24,0,0,
08/27/2026,05:50:18:231,0.000000,0.000000,3,-126.69,-126.69,0,0,
08/27/2026,05:50:18:355,0.000000,0.000000,2,-126.67,-126.67,0,0,
08/27/2026,05:50:18:360,0.000000,0.000000,4,-127.81,-127.81,0,0,
08/27/2026,05:50:18:451,0.000000,0.000000,1,-98.8,-98.8,0,0,
08/27/2026,05:50:18:502,0.000000,0.000000,3,-124.84,-124.84,0,0,
08/27/2026,05:50:18:590,0.000000,0.000000,2,-125.47,-125.47,0,0,
08/27/2026,05:50:18:627,0.000000,0.000000,4,-127.81,-127.81,0,0,
08/27/2026,05:50:18:711,0.000000,0.000000,1,-96.9,-96.9,0,0,
08/27/2026,05:50:18:787,0.000000,0.000000,3,-125.9,-125.9,0,0,
08/27/2026,05:50:18:849,0.000000,0.000000,2,-127.21,-127.21,0,0,
08/27/2026,05:50:18:889,0.000000,0.000000,4,-126.62,-126.62,0,0,
08/27/2026,05:50:18:996,0.000000,0.000000,1,-98.61,-98.61,0,0,
08/27/2026,05:50:19:060,0.000000,0.000000,3,-126.25,-126.25,0,0,
08/27/2026,05:50:19:131,0.000000,0.000000,2,-125.48,-125.48,0,0,
08/27/2026,05:50:19:163,0.000000,0.000000,4,-126.44,-126.44,0,0,
08/27/2026,05:50:19:280,0.000000,0.000000,1,-93.15,-93.15,0,0,
08/27/2026,05:50:19:348,0.000000,0.000000,3,-126.46,-126.46,0,0,
08/27/2026,05:50:19:423,0.000000,0.000000,2,-124.72,-124.72,0,0,
08/27/2026,05:50:19:472,0.000000,0.000000,4,-127.89,-127.89,0,0,
08/27/2026,05:50:19:557,0.000000,0.000000,1,-96.15,-96.15,0,0,
08/27/2026,05:50:19:631,0.000000,0.000000,3,-127.23,-127.23,0,0,
08/27/2026,05:50:19:696,0.000000,0.000000,2,-126.23,-126.23,0,0,
08/27/2026,05:50:19:731,0.000000,0.000000,4,-126.15,-126.15,0,0,
08/27/2026,05:50:19:840,0.000000,0.000000,1,-95.7,-95.7,0,0,
08/27/2026,05:50:19:922,0.000000,0.000000,3,-126.58,-126.58,0,0,
08/27/2026,05:50:19:980,0.000000,0.000000,2,-125.82,-125.82,0,0,
08/27/2026,05:50:20:024,0.000000,0.000000,4,-125.28,-125.28,0,0,
08/27/2026,05:50:20:142,0.000000,0.000000,1,-102.89,-102.89,0,0,
08/27/2026,05:50:20:197,0.000000,0.000000,3,-124.86,-124.86,0,0,
08/27/2026,05:50:20:264,0.000000,0.000000,2,-127.86,-127.86,0,0,
08/27/2026,05:50:20:298,0.000000,0.000000,4,-125.93,-125.93,0,0,
08/27/2026,05:50:20:413,0.000000,0.000000,1,-91.92,-91.92,0,0,
08/27/2026,05:50:20:483,0.000000,0.000000,3,-127.56,-127.56,0,0,
08/27/2026,05:50:20:547,0.000000,0.000000,2,-125.62,-125.62,0,0,
08/27/2026,05:50:20:580,0.000000,0.000000,4,-126.77,-126.77,0,0,
08/27/2026,05:50:20:685,0.000000,0.000000,1,-96.27,-96.27,0,0,
08/27/2026,05:50:20:764,0.000000,0.000000,3,-124.37,-124.37,0,0,
08/27/2026,05:50:20:846,0.000000,0.000000,2,-127.16,-127.16,0,0,
08/27/2026,05:50:20:856,0.000000,0.000000,4,-126.87,-126.87,0,0,
08/27/2026,05:50:20:964,0.000000,0.000000,1,-93.23,-93.23,0,0,
08/27/2026,05:50:21:032,0.000000,0.000000,3,-126.34,-126.34,0,0,
08/27/2026,05:50:21:108,0.000000,0.000000,2,-125.65,-125.65,0,0,
08/27/2026,05:50:21:138,0.000000,0.000000,4,-126.44,-126.44,0,0,
08/27/2026,05:50:21:240,0.000000,0.000000,1,-94.93,-94.93,0,0,
08/27/2026,05:50:21:314,0.000000,0.000000,3,-125.78,-125.78,0,0,
08/27/2026,05:50:21:383,0.000000,0.000000,2,-126.19,-126.19,0,0,
08/27/2026,05:50:21:421,0.000000,0.000000,4,-126.32,-126.32,0,0,
08/27/2026,05:50:21:526,0.000000,0.000000,1,-95.05,-95.05,0,0,
08/27/2026,05:50:21:597,0.000000,0.000000,3,-127.22,-127.22,0,0,
08/27/2026,05:50:21:671,0.000000,0.000000,2,-126.57,-126.57,0,0,
08/27/2026,05:50:21:709,0.000000,0.000000,4,-126.26,-126.26,0,0,
08/27/2026,05:50:21:808,0.000000,0.000000,1,-94.14,-94.14,0,0,
08/27/2026,05:50:21:885,0.000000,0.000000,3,-126.17,-126.17,0,0,
08/27/2026,05:50:21:972,0.000000,0.000000,2,-127.24,-127.24,0,0,
08/27/2026,05:50:21:980,0.000000,0.000000,4,-127.97,-127.97,0,0,
08/27/2026,05:50:22:141,0.000000,0.000000,1,-91.69,-91.69,0,0,
08/27/2026,05:50:22:183,0.000000,0.000000,3,-126.54,-126.54,0,0,
08/27/2026,05:50:22:235,0.000000,0.000000,2,-125.87,-125.87,0,0,
08/27/2026,05:50:22:270,0.000000,0.000000,4,-126.06,-126.06,0,0,
08/27/2026,05:50:22:377,0.000000,0.000000,1,-89.98,-89.98,0,0,
08/27/2026,05:50:22:446,0.000000,0.000000,3,-124.89,-124.89,0,0,
08/27/2026,05:50:22:521,0.000000,0.000000,2,-123.72,-123.72,0,0,
08/27/2026,05:50:22:554,0.000000,0.000000,4,-126.94,-126.94,0,0,
08/27/2026,05:50:22:659,0.000000,0.000000,1,-100.96,-100.96,0,0,
08/27/2026,05:50:22:799,0.000000,0.000000,3,-128.29,-128.29,0,0,
08/27/2026,05:50:22:813,0.000000,0.000000,2,-125.4,-125.4,0,0,
08/27/2026,05:50:22:830,0.000000,0.000000,4,-127.11,-127.11,0,0,
08/27/2026,05:50:22:941,0.000000,0.000000,1,-92.68,-92.68,0,0,
08/27/2026,05:50:23:012,0.000000,0.000000,3,-127.04,-127.04,0,0,
08/27/2026,05:50:23:074,0.000000,0.000000,2,-127.27,-127.27,0,0,
08/27/2026,05:50:23:115,0.000000,0.000000,4,-128.2,-128.2,0,0,
08/27/2026,05:50:23:213,0.000000,0.000000,1,-93.13,-93.13,0,0,
08/27/2026,05:50:23:297,0.000000,0.000000,3,-128.58,-128.58,0,0,
08/27/2026,05:50:23:406,0.000000,0.000000,2,-127.52,-127.52,0,0,
08/27/2026,05:50:23:411,0.000000,0.000000,4,-124.07,-124.07,0,0,
08/27/2026,05:50:23:509,0.000000,0.000000,1,-88.07,-88.07,0,0,
08/27/2026,05:50:23:593,0.000000,0.000000,3,-125.38,-125.38,0,0,
08/27/2026,05:50:23:643,0.000000,0.000000,2,-125.8,-125.8,0,0,
08/27/2026,05:50:23:681,0.000000,0.000000,4,-125.78,-125.78,0,0,
08/27/2026,05:50:23:778,0.000000,0.000000,1,-86.66,-86.66,0,0,
08/27/2026,05:50:23:855,0.000000,0.000000,3,-127.97,-127.97,0,0,
08/27/2026,05:50:23:921,0.000000,0.000000,2,-125.64,-125.64,0,0,
08/27/2026,05:50:23:956,0.000000,0.000000,4,-126.22,-126.22,0,0,
08/27/2026,05:50:24:063,0.000000,0.000000,1,-91.53,-91.53,0,0,
08/27/2026,05:50:24:146,0.000000,0.000000,3,-126.37,-126.37,0,0,
08/27/2026,05:50:24:210,0.000000,0.000000,2,-125.84,-125.84,0,0,
08/27/2026,05:50:24:244,0.000000,0.000000,4,-126.81,-126.81,0,0,
08/27/2026,05:50:24:349,0.000000,0.000000,1,-94.4,-94.4,0,0,
08/27/2026,05:50:24:420,0.000000,0.000000,3,-127.17,-127.17,0,0,
08/27/2026,05:50:24:488,0.000000,0.000000,2,-127.24,-127.24,0,0,
08/27/2026,05:50:24:524,0.000000,0.000000,4,-128.18,-128.18,0,0,
08/27/2026,05:50:24:633,0.000000,0.000000,1,-85.85,-85.85,0,0,
08/27/2026,05:50:24:700,0.000000,0.000000,3,-128.28,-128.28,0,0,
08/27/2026,05:50:24:774,0.000000,0.000000,2,-126.55,-126.55,0,0,
08/27/2026,05:50:24:813,0.000000,0.000000,4,-127.42,-127.42,0,0,
08/27/2026,05:50:24:905,0.000000,0.000000,1,-87.78,-87.78,0,0,
08/27/2026,05:50:24:978,0.000000,0.000000,3,-126.38,-126.38,0,0,
08/27/2026,05:50:25:049,0.000000,0.000000,2,-126.55,-126.55,0,0,
08/27/2026,05:50:25:081,0.000000,0.000000,4,-128.23,-128.23,0,0,
08/27/2026,05:50:25:184,0.000000,0.000000,1,-93.87,-93.87,0,0,
08/27/2026,05:50:25:262,0.000000,0.000000,3,-126.39,-126.39,0,0,
08/27/2026,05:50:25:330,0.000000,0.000000,2,-127.02,-127.02,0,0,
08/27/2026,05:50:25:363,0.000000,0.000000,4,-127.64,-127.64,0,0,
08/27/2026,05:50:25:475,0.000000,0.000000,1,-98.8,-98.8,0,0,
08/27/2026,05:50:25:532,0.000000,0.000000,3,-127.25,-127.25,0,0,
08/27/2026,05:50:25:604,0.000000,0.000000,2,-127.12,-127.12,0,0,
08/27/2026,05:50:25:675,0.000000,0.000000,4,-127.82,-127.82,0,0,
08/27/2026,05:50:25:763,0.000000,0.000000,1,-93.78,-93.78,0,0,
08/27/2026,05:50:25:811,0.000000,0.000000,3,-126.57,-126.57,0,0,
08/27/2026,05:50:25:892,0.000000,0.000000,2,-126.93,-126.93,0,0,
08/27/2026,05:50:25:974,0.000000,0.000000,4,-127.02,-127.02,0,0,
08/27/2026,05:50:26:021,0.000000,0.000000,1,-84.98,-84.98,0,0,
08/27/2026,05:50:26:102,0.000000,0.000000,3,-126.77,-126.77,0,0,
08/27/2026,05:50:26:168,0.000000,0.000000,2,-126.31,-126.31,0,0,
08/27/2026,05:50:26:194,0.000000,0.000000,4,-128.14,-128.14,0,0,
08/27/2026,05:50:26:302,0.000000,0.000000,1,-86.71,-86.71,0,0,
08/27/2026,05:50:26:371,0.000000,0.000000,3,-126.27,-126.27,0,0,
08/27/2026,05:50:26:441,0.000000,0.000000,2,-127.37,-127.37,0,0,
08/27/2026,05:50:26:473,0.000000,0.000000,4,-125.31,-125.31,0,0,
08/27/2026,05:50:26:580,0.000000,0.000000,1,-96.35,-96.35,0,0,
08/27/2026,05:50:26:647,0.000000,0.000000,3,-128.2,-128.2,0,0,
08/27/2026,05:50:26:722,0.000000,0.000000,2,-127.04,-127.04,0,0,
08/27/2026,05:50:26:751,0.000000,0.000000,4,-126.96,-126.96,0,0,
08/27/2026,05:50:26:882,0.000000,0.000000,1,-83.65,-83.65,0,0,
08/27/2026,05:50:26:928,0.000000,0.000000,3,-125.03,-125.03,0,0,
08/27/2026,05:50:26:996,0.000000,0.000000,2,-127.56,-127.56,0,0,
08/27/2026,05:50:27:036,0.000000,0.000000,4,-127.68,-127.68,0,0,
08/27/2026,05:50:27:141,0.000000,0.000000,1,-89.8,-89.8,0,0,
08/27/2026,05:50:27:220,0.000000,0.000000,3,-127.36,-127.36,0,0,
08/27/2026,05:50:27:277,0.000000,0.000000,2,-126.47,-126.47,0,0,
08/27/2026,05:50:27:323,0.000000,0.000000,4,-127.41,-127.41,0,0,
08/27/2026,05:50:27:421,0.000000,0.000000,1,-89.72,-89.72,0,0,
08/27/2026,05:50:27:504,0.000000,0.000000,3,-125.45,-125.45,0,0,
08/27/2026,05:50:27:593,0.000000,0.000000,2,-127.03,-127.03,0,0,
08/27/2026,05:50:27:599,0.000000,0.000000,4,-125.5,-125.5,0,0,
08/27/2026,05:50:27:715,0.000000,0.000000,1,-92.95,-92.95,0,0,
08/27/2026,05:50:27:773,0.000000,0.000000,3,-127.77,-127.77,0,0,
08/27/2026,05:50:27:938,0.000000,0.000000,2,-126.27,-126.27,0,0,
08/27/2026,05:50:27:945,0.000000,0.000000,4,-125.36,-125.36,0,0,
08/27/2026,05:50:27:990,0.000000,0.000000,1,-93.28,-93.28,0,0,
08/27/2026,05:50:28:055,0.000000,0.000000,3,-126.17,-126.17,0,0,
08/27/2026,05:50:28:163,0.000000,0.000000,2,-126.83,-126.83,0,0,
08/27/2026,05:50:28:169,0.000000,0.000000,4,-127.53,-127.53,0,0,
08/27/2026,05:50:28:263,0.000000,0.000000,1,-90.38,-90.38,0,0,
08/27/2026,05:50:28:333,0.000000,0.000000,3,-127.6,-127.6,0,0,
08/27/2026,05:50:28:411,0.000000,0.000000,2,-126.27,-126.27,0,0,
08/27/2026,05:50:28:442,0.000000,0.000000,4,-126.93,-126.93,0,0,
08/27/2026,05:50:28:543,0.000000,0.000000,1,-96.85,-96.85,0,0,
08/27/2026,05:50:28:609,0.000000,0.000000,3,-127.02,-127.02,0,0,
08/27/2026,05:50:28:688,0.000000,0.000000,2,-126.05,-126.05,0,0,
08/27/2026,05:50:28:715,0.000000,0.000000,4,-127.11,-127.11,0,0,
08/27/2026,05:50:28:825,0.000000,0.000000,1,-95.32,-95.32,0,0,
08/27/2026,05:50:28:892,0.000000,0.000000,3,-126.3,-126.3,0,0,
08/27/2026,05:50:28:958,0.000000,0.000000,2,-125.67,-125.67,0,0,
08/27/2026,05:50:29:000,0.000000,0.000000,4,-125.05,-125.05,0,0,
08/27/2026,05:50:29:099,0.000000,0.000000,1,-83.15,-83.15,0,0,
08/27/2026,05:50:29:172,0.000000,0.000000,3,-126.96,-126.96,0,0,
08/27/2026,05:50:29:237,0.000000,0.000000,2,-128.2,-128.2,0,0,
08/27/2026,05:50:29:272,0.000000,0.000000,4,-125.77,-125.77,0,0,
08/27/2026,05:50:29:396,0.000000,0.000000,1,-87.83,-87.83,0,0,
08/27/2026,05:50:29:447,0.000000,0.000000,3,-127.21,-127.21,0,0,
08/27/2026,05:50:29:526,0.000000,0.000000,2,-126.82,-126.82,0,0,
08/27/2026,05:50:29:563,0.000000,0.000000,4,-127.75,-127.75,0,0,
08/27/2026,05:50:29:658,0.000000,0.000000,1,-92.38,-92.38,0,0,
08/27/2026,05:50:29:735,0.000000,0.000000,3,-127.64,-127.64,0,0,
08/27/2026,05:50:29:806,0.000000,0.000000,2,-127.04,-127.04,0,0,
08/27/2026,05:50:29:832,0.000000,0.000000,4,-127.35,-127.35,0,0,
08/27/2026,05:50:29:938,0.000000,0.000000,1,-86.67,-86.67,0,0,
08/27/2026,05:50:30:017,0.000000,0.000000,3,-128.4,-128.4,0,0,
08/27/2026,05:50:30:090,0.000000,0.000000,2,-127.31,-127.31,0,0,
08/27/2026,05:50:30:120,0.000000,0.000000,4,-124.18,-124.18,0,0,
08/27/2026,05:50:30:225,0.000000,0.000000,1,-84.57,-84.57,0,0,
08/27/2026,05:50:30:293,0.000000,0.000000,3,-126.72,-126.72,0,0,
08/27/2026,05:50:30:364,0.000000,0.000000,2,-126.19,-126.19,0,0,
08/27/2026,05:50:30:399,0.000000,0.000000,4,-127.14,-127.14,0,0,
08/27/2026,05:50:30:508,0.000000,0.000000,1,-84.68,-84.68,0,0,
08/27/2026,05:50:30:578,0.000000,0.000000,3,-125.26,-125.26,0,0,
08/27/2026,05:50:30:648,0.000000,0.000000,2,-127.45,-127.45,0,0,
08/27/2026,05:50:30:676,0.000000,0.000000,4,-126.68,-126.68,0,0,
08/27/2026,05:50:30:784,0.000000,0.000000,1,-88.13,-88.13,0,0,
08/27/2026,05:50:30:862,0.000000,0.000000,3,-126.24,-126.24,0,0,
08/27/2026,05:50:30:927,0.000000,0.000000,2,-125.28,-125.28,0,0,
08/27/2026,05:50:30:960,0.000000,0.000000,4,-126.47,-126.47,0,0,
08/27/2026,05:50:31:082,0.000000,0.000000,1,-91.95,-91.95,0,0,
08/27/2026,05:50:31:134,0.000000,0.000000,3,-125.43,-125.43,0,0,
08/27/2026,05:50:31:238,0.000000,0.000000,2,-127.58,-127.58,0,0,
08/27/2026,05:50:31:247,0.000000,0.000000,4,-126.25,-126.25,0,0,
08/27/2026,05:50:31:338,0.000000,0.000000,1,-89.2,-89.2,0,0,
08/27/2026,05:50:31:414,0.000000,0.000000,3,-126.25,-126.25,0,0,
08/27/2026,05:50:31:503,0.000000,0.000000,2,-125.9,-125.9,0,0,
08/27/2026,05:50:31:511,0.000000,0.000000,4,-127.64,-127.64,0,0,
08/27/2026,05:50:31:626,0.000000,0.000000,1,-81.4,-81.4,0,0,
08/27/2026,05:50:31:688,0.000000,0.000000,3,-125.58,-125.58,0,0,
08/27/2026,05:50:31:761,0.000000,0.000000,2,-126.44,-126.44,0,0,
08/27/2026,05:50:31:797,0.000000,0.000000,4,-127.44,-127.44,0,0,
08/27/2026,05:50:31:905,0.000000,0.000000,1,-87.57,-87.57,0,0,
08/27/2026,05:50:31:966,0.000000,0.000000,3,-126.93,-126.93,0,0,
08/27/2026,05:50:32:036,0.000000,0.000000,2,-126.89,-126.89,0,0,
08/27/2026,05:50:32:077,0.000000,0.000000,4,-126.44,-126.44,0,0,
08/27/2026,05:50:32:178,0.000000,0.000000,1,-88.38,-88.38,0,0,
08/27/2026,05:50:32:264,0.000000,0.000000,3,-127.14,-127.14,0,0,
08/27/2026,05:50:32:322,0.000000,0.000000,2,-127.32,-127.32,0,0,
08/27/2026,05:50:32:369,0.000000,0.000000,4,-127.27,-127.27,0,0,
08/27/2026,05:50:32:454,0.000000,0.000000,1,-86.82,-86.82,0,0,
08/27/2026,05:50:32:523,0.000000,0.000000,3,-127.54,-127.54,0,0,
08/27/2026,05:50:32:593,0.000000,0.000000,2,-125.73,-125.73,0,0,
08/27/2026,05:50:32:627,0.000000,0.000000,4,-127.85,-127.85,0,0,
08/27/2026,05:50:32:735,0.000000,0.000000,1,-92.77,-92.77,0,0,
08/27/2026,05:50:32:802,0.000000,0.000000,3,-126.69,-126.69,0,0,
08/27/2026,05:50:32:881,0.000000,0.000000,2,-125.67,-125.67,0,0,
08/27/2026,05:50:32:910,0.000000,0.000000,4,-127.23,-127.23,0,0,
08/27/2026,05:50:33:550,0.000000,0.000000,1,-80.03,-80.03,0,0,
08/27/2026,05:50:33:584,0.000000,0.000000,3,-127.27,-127.27,0,0,
08/27/2026,05:50:33:599,0.000000,0.000000,2,-125.86,-125.86,0,0,
08/27/2026,05:50:33:631,0.000000,0.000000,4,-129.06,-129.06,0,0,
08/27/2026,05:50:33:651,0.000000,0.000000,1,-83.06,-83.06,0,0,
08/27/2026,05:50:33:670,0.000000,0.000000,3,-125.49,-125.49,0,0,
08/27/2026,05:50:33:692,0.000000,0.000000,2,-126.08,-126.08,0,0,
08/27/2026,05:50:33:703,0.000000,0.000000,4,-127.36,-127.36,0,0,
08/27/2026,05:50:33:727,0.000000,0.000000,1,-82.25,-82.25,0,0,
08/27/2026,05:50:33:742,0.000000,0.000000,3,-126.26,-126.26,0,0,
08/27/2026,05:50:33:761,0.000000,0.000000,2,-126.49,-126.49,0,0,
08/27/2026,05:50:33:773,0.000000,0.000000,4,-126.03,-126.03,0,0,
08/27/2026,05:50:33:849,0.000000,0.000000,1,-79.84,-79.84,0,0,
08/27/2026,05:50:33:921,0.000000,0.000000,3,-126.57,-126.57,0,0,
08/27/2026,05:50:33:990,0.000000,0.000000,2,-127.25,-127.25,0,0,
08/27/2026,05:50:34:028,0.000000,0.000000,4,-128.4,-128.4,0,0,
08/27/2026,05:50:34:127,0.000000,0.000000,1,-81.88,-81.88,0,0,
08/27/2026,05:50:34:198,0.000000,0.000000,3,-125.75,-125.75,0,0,
08/27/2026,05:50:34:271,0.000000,0.000000,2,-126.25,-126.25,0,0,
08/27/2026,05:50:34:307,0.000000,0.000000,4,-127.54,-127.54,0,0,
08/27/2026,05:50:34:415,0.000000,0.000000,1,-82.12,-82.12,0,0,
08/27/2026,05:50:34:475,0.000000,0.000000,3,-126.37,-126.37,0,0,
08/27/2026,05:50:34:558,0.000000,0.000000,2,-125.88,-125.88,0,0,
08/27/2026,05:50:34:579,0.000000,0.000000,4,-126.2,-126.2,0,0,
08/27/2026,05:50:34:689,0.000000,0.000000,1,-80.29,-80.29,0,0,
08/27/2026,05:50:34:755,0.000000,0.000000,3,-125.42,-125.42,0,0,
08/27/2026,05:50:34:826,0.000000,0.000000,2,-124.66,-124.66,0,0,
08/27/2026,05:50:34:863,0.000000,0.000000,4,-127.65,-127.65,0,0,
08/27/2026,05:50:34:985,0.000000,0.000000,1,-82.35,-82.35,0,0,
08/27/2026,05:50:35:036,0.000000,0.000000,3,-125.95,-125.95,0,0,
08/27/2026,05:50:35:110,0.000000,0.000000,2,-127.8,-127.8,0,0,
08/27/2026,05:50:35:153,0.000000,0.000000,4,-126.71,-126.71,0,0,
08/27/2026,05:50:35:243,0.000000,0.000000,1,-83.07,-83.07,0,0,
08/27/2026,05:50:35:316,0.000000,0.000000,3,-127.64,-127.64,0,0,
08/27/2026,05:50:35:382,0.000000,0.000000,2,-126.32,-126.32,0,0,
08/27/2026,05:50:35:419,0.000000,0.000000,4,-126.29,-126.29,0,0,
08/27/2026,05:50:35:529,0.000000,0.000000,1,-84.71,-84.71,0,0,
08/27/2026,05:50:35:593,0.000000,0.000000,3,-127.25,-127.25,0,0,
08/27/2026,05:50:35:664,0.000000,0.000000,2,-126.92,-126.92,0,0,
08/27/2026,05:50:35:706,0.000000,0.000000,4,-126.63,-126.63,0,0,
08/27/2026,05:50:35:807,0.000000,0.000000,1,-81.15,-81.15,0,0,
08/27/2026,05:50:35:872,0.000000,0.000000,3,-127.55,-127.55,0,0,
08/27/2026,05:50:35:947,0.000000,0.000000,2,-127.32,-127.32,0,0,
08/27/2026,05:50:35:977,0.000000,0.000000,4,-127.14,-127.14,0,0,
08/27/2026,05:50:36:089,0.000000,0.000000,1,-85.05,-85.05,0,0,
08/27/2026,05:50:36:156,0.000000,0.000000,3,-127.07,-127.07,0,0,
08/27/2026,05:50:36:223,0.000000,0.000000,2,-127.28,-127.28,0,0,
08/27/2026,05:50:36:260,0.000000,0.000000,4,-127.03,-127.03,0,0,
08/27/2026,05:50:36:360,0.000000,0.000000,1,-86.52,-86.52,0,0,
08/27/2026,05:50:36:431,0.000000,0.000000,3,-125.2,-125.2,0,0,
08/27/2026,05:50:36:500,0.000000,0.000000,2,-126.11,-126.11,0,0,
08/27/2026,05:50:36:534,0.000000,0.000000,4,-128.12,-128.12,0,0,
08/27/2026,05:50:36:641,0.000000,0.000000,1,-81.77,-81.77,0,0,
08/27/2026,05:50:36:714,0.000000,0.000000,3,-124.74,-124.74,0,0,
08/27/2026,05:50:36:790,0.000000,0.000000,2,-126.24,-126.24,0,0,
08/27/2026,05:50:36:827,0.000000,0.000000,4,-126.51,-126.51,0,0,
08/27/2026,05:50:36:915,0.000000,0.000000,1,-80.41,-80.41,0,0,
08/27/2026,05:50:36:996,0.000000,0.000000,3,-126.29,-126.29,0,0,
08/27/2026,05:50:37:061,0.000000,0.000000,2,-126,-126,0,0,
08/27/2026,05:50:37:124,0.000000,0.000000,4,-127.65,-127.65,0,0,
08/27/2026,05:50:37:195,0.000000,0.000000,1,-75.8,-75.8,0,0,
08/27/2026,05:50:37:273,0.000000,0.000000,3,-126.63,-126.63,0,0,
08/27/2026,05:50:37:334,0.000000,0.000000,2,-125.21,-125.21,0,0,
08/27/2026,05:50:37:368,0.000000,0.000000,4,-125.69,-125.69,0,0,
08/27/2026,05:50:37:473,0.000000,0.000000,1,-80.62,-80.62,0,0,
08/27/2026,05:50:37:543,0.000000,0.000000,3,-126.78,-126.78,0,0,
08/27/2026,05:50:37:630,0.000000,0.000000,2,-125.89,-125.89,0,0,
08/27/2026,05:50:37:654,0.000000,0.000000,4,-126.64,-126.64,0,0,
08/27/2026,05:50:37:753,0.000000,0.000000,1,-81.96,-81.96,0,0,
08/27/2026,05:50:37:838,0.000000,0.000000,3,-126.34,-126.34,0,0,
08/27/2026,05:50:37:897,0.000000,0.000000,2,-126.3,-126.3,0,0,
08/27/2026,05:50:37:930,0.000000,0.000000,4,-125.16,-125.16,0,0,
08/27/2026,05:50:38:045,0.000000,0.000000,1,-82.84,-82.84,0,0,
08/27/2026,05:50:38:116,0.000000,0.000000,3,-128.61,-128.61,0,0,
08/27/2026,05:50:38:176,0.000000,0.000000,2,-125.52,-125.52,0,0,
08/27/2026,05:50:38:223,0.000000,0.000000,4,-126.32,-126.32,0,0,
08/27/2026,05:50:38:310,0.000000,0.000000,1,-83.29,-83.29,0,0,
08/27/2026,05:50:38:402,0.000000,0.000000,3,-125.83,-125.83,0,0,
08/27/2026,05:50:38:456,0.000000,0.000000,2,-125.95,-125.95,0,0,
08/27/2026,05:50:38:484,0.000000,0.000000,4,-127.39,-127.39,0,0,
08/27/2026,05:50:38:691,0.000000,0.000000,1,-77.56,-77.56,0,0,
08/27/2026,05:50:38:761,0.000000,0.000000,3,-125.9,-125.9,0,0,
08/27/2026,05:50:38:804,0.000000,0.000000,2,-125.1,-125.1,0,0,
08/27/2026,05:50:38:813,0.000000,0.000000,4,-126.7,-126.7,0,0,
08/27/2026,05:50:38:876,0.000000,0.000000,1,-78.18,-78.18,0,0,
08/27/2026,05:50:38:941,0.000000,0.000000,3,-126.32,-126.32,0,0,
08/27/2026,05:50:39:012,0.000000,0.000000,2,-125.32,-125.32,0,0,
08/27/2026,05:50:39:040,0.000000,0.000000,4,-125.64,-125.64,0,0,
08/27/2026,05:50:39:157,0.000000,0.000000,1,-84.93,-84.93,0,0,
08/27/2026,05:50:39:238,0.000000,0.000000,3,-128.24,-128.24,0,0,
08/27/2026,05:50:39:306,0.000000,0.000000,2,-127.16,-127.16,0,0,
08/27/2026,05:50:39:347,0.000000,0.000000,4,-125,-125,0,0,
08/27/2026,05:50:39:449,0.000000,0.000000,1,-82.87,-82.87,0,0,
08/27/2026,05:50:39:515,0.000000,0.000000,3,-127.13,-127.13,0,0,
08/27/2026,05:50:39:586,0.000000,0.000000,2,-126.84,-126.84,0,0,
08/27/2026,05:50:39:622,0.000000,0.000000,4,-126.12,-126.12,0,0,
08/27/2026,05:50:39:737,0.000000,0.000000,1,-86,-86,0,0,
08/27/2026,05:50:39:822,0.000000,0.000000,3,-128.09,-128.09,0,0,
08/27/2026,05:50:39:884,0.000000,0.000000,2,-126.77,-126.77,0,0,
08/27/2026,05:50:39:943,0.000000,0.000000,4,-126.62,-126.62,0,0,
08/27/2026,05:50:40:034,0.000000,0.000000,1,-80.24,-80.24,0,0,
08/27/2026,05:50:40:092,0.000000,0.000000,3,-127.99,-127.99,0,0,
08/27/2026,05:50:40:167,0.000000,0.000000,2,-125.28,-125.28,0,0,
08/27/2026,05:50:40:204,0.000000,0.000000,4,-126.48,-126.48,0,0,
08/27/2026,05:50:40:302,0.000000,0.000000,1,-84.74,-84.74,0,0,
08/27/2026,05:50:40:400,0.000000,0.000000,3,-127.35,-127.35,0,0,
08/27/2026,05:50:40:465,0.000000,0.000000,2,-124.82,-124.82,0,0,
08/27/2026,05:50:40:494,0.000000,0.000000,4,-126.93,-126.93,0,0,
08/27/2026,05:50:40:627,0.000000,0.000000,1,-85.43,-85.43,0,0,
08/27/2026,05:50:40:670,0.000000,0.000000,3,-126.93,-126.93,0,0,
08/27/2026,05:50:40:747,0.000000,0.000000,2,-126.92,-126.92,0,0,
08/27/2026,05:50:40:780,0.000000,0.000000,4,-125.73,-125.73,0,0,
08/27/2026,05:50:40:890,0.000000,0.000000,1,-88.29,-88.29,0,0,
08/27/2026,05:50:40:963,0.000000,0.000000,3,-125.75,-125.75,0,0,
08/27/2026,05:50:41:024,0.000000,0.000000,2,-125.62,-125.62,0,0,
08/27/2026,05:50:41:056,0.000000,0.000000,4,-125.6,-125.6,0,0,
08/27/2026,05:50:41:165,0.000000,0.000000,1,-84.15,-84.15,0,0,
08/27/2026,05:50:41:229,0.000000,0.000000,3,-126.02,-126.02,0,0,
08/27/2026,05:50:41:323,0.000000,0.000000,2,-127.14,-127.14,0,0,
08/27/2026,05:50:41:331,0.000000,0.000000,4,-126.46,-126.46,0,0,
08/27/2026,05:50:41:436,0.000000,0.000000,1,-70.69,-70.69,0,0,
08/27/2026,05:50:41:505,0.000000,0.000000,3,-126.23,-126.23,0,0,
08/27/2026,05:50:41:580,0.000000,0.000000,2,-126.56,-126.56,0,0,
08/27/2026,05:50:41:614,0.000000,0.000000,4,-126.03,-126.03,0,0,
08/27/2026,05:50:41:714,0.000000,0.000000,1,-66.99,-66.99,0,0,
08/27/2026,05:50:41:788,0.000000,0.000000,3,-124.83,-124.83,0,0,
08/27/2026,05:50:41:858,0.000000,0.000000,2,-127.96,-127.96,0,0,
08/27/2026,05:50:41:889,0.000000,0.000000,4,-128.51,-128.51,0,0,
08/27/2026,05:50:41:996,0.000000,0.000000,1,-66.08,-66.08,0,0,
08/27/2026,05:50:42:068,0.000000,0.000000,3,-127.68,-127.68,0,0,
08/27/2026,05:50:42:146,0.000000,0.000000,2,-125.45,-125.45,0,0,
08/27/2026,05:50:42:174,0.000000,0.000000,4,-126.64,-126.64,0,0,
08/27/2026,05:50:42:282,0.000000,0.000000,1,-68.01,-68.01,0,0,
08/27/2026,05:50:42:343,0.000000,0.000000,3,-127.55,-127.55,0,0,
08/27/2026,05:50:42:414,0.000000,0.000000,2,-126.81,-126.81,0,0,
08/27/2026,05:50:42:451,0.000000,0.000000,4,-126.47,-126.47,0,0,
08/27/2026,05:50:42:561,0.000000,0.000000,1,-66.55,-66.55,0,0,
08/27/2026,05:50:42:632,0.000000,0.000000,3,-127.88,-127.88,0,0,
08/27/2026,05:50:42:715,0.000000,0.000000,2,-124.39,-124.39,0,0,
08/27/2026,05:50:42:747,0.000000,0.000000,4,-126.17,-126.17,0,0,
08/27/2026,05:50:42:829,0.000000,0.000000,1,-77.89,-77.89,0,0,
08/27/2026,05:50:42:899,0.000000,0.000000,3,-127.61,-127.61,0,0,
08/27/2026,05:50:42:974,0.000000,0.000000,2,-125.71,-125.71,0,0,
08/27/2026,05:50:43:017,0.000000,0.000000,4,-126.73,-126.73,0,0,
08/27/2026,05:50:43:109,0.000000,0.000000,1,-76.51,-76.51,0,0,
08/27/2026,05:50:43:181,0.000000,0.000000,3,-126.11,-126.11,0,0,
08/27/2026,05:50:43:259,0.000000,0.000000,2,-125.4,-125.4,0,0,
08/27/2026,05:50:43:289,0.000000,0.000000,4,-127.57,-127.57,0,0,
08/27/2026,05:50:43:387,0.000000,0.000000,1,-81.66,-81.66,0,0,
08/27/2026,05:50:43:462,0.000000,0.000000,3,-127.5,-127.5,0,0,
08/27/2026,05:50:43:526,0.000000,0.000000,2,-124.78,-124.78,0,0,
08/27/2026,05:50:43:569,0.000000,0.000000,4,-126.94,-126.94,0,0,
08/27/2026,05:50:43:671,0.000000,0.000000,1,-79.98,-79.98,0,0,
08/27/2026,05:50:43:835,0.000000,0.000000,3,-123.99,-123.99,0,0,
08/27/2026,05:50:43:868,0.000000,0.000000,2,-124.97,-124.97,0,0,
08/27/2026,05:50:43:872,0.000000,0.000000,4,-125.58,-125.58,0,0,
08/27/2026,05:50:43:950,0.000000,0.000000,1,-81.06,-81.06,0,0,
08/27/2026,05:50:44:016,0.000000,0.000000,3,-125.83,-125.83,0,0,
08/27/2026,05:50:44:096,0.000000,0.000000,2,-127.53,-127.53,0,0,
08/27/2026,05:50:44:133,0.000000,0.000000,4,-127.71,-127.71,0,0,
08/27/2026,05:50:44:237,0.000000,0.000000,1,-80.5,-80.5,0,0,
08/27/2026,05:50:44:323,0.000000,0.000000,3,-127.39,-127.39,0,0,
08/27/2026,05:50:44:396,0.000000,0.000000,2,-124.96,-124.96,0,0,
08/27/2026,05:50:44:436,0.000000,0.000000,4,-124.6,-124.6,0,0,
08/27/2026,05:50:44:538,0.000000,0.000000,1,-84.69,-84.69,0,0,
08/27/2026,05:50:44:585,0.000000,0.000000,3,-127.3,-127.3,0,0,
08/27/2026,05:50:44:656,0.000000,0.000000,2,-125.07,-125.07,0,0,
08/27/2026,05:50:44:694,0.000000,0.000000,4,-127.11,-127.11,0,0,
08/27/2026,05:50:44:806,0.000000,0.000000,1,-85.72,-85.72,0,0,
08/27/2026,05:50:44:863,0.000000,0.000000,3,-126.17,-126.17,0,0,
08/27/2026,05:50:44:937,0.000000,0.000000,2,-125.9,-125.9,0,0,
08/27/2026,05:50:44:969,0.000000,0.000000,4,-127.13,-127.13,0,0,
08/27/2026,05:50:45:075,0.000000,0.000000,1,-82.04,-82.04,0,0,
08/27/2026,05:50:45:163,0.000000,0.000000,3,-127.02,-127.02,0,0,
08/27/2026,05:50:45:216,0.000000,0.000000,2,-127.26,-127.26,0,0,
08/27/2026,05:50:45:244,0.000000,0.000000,4,-125.13,-125.13,0,0,
08/27/2026,05:50:45:366,0.000000,0.000000,1,-90.26,-90.26,0,0,
08/27/2026,05:50:45:424,0.000000,0.000000,3,-126.68,-126.68,0,0,
08/27/2026,05:50:45:492,0.000000,0.000000,2,-126.92,-126.92,0,0,
08/27/2026,05:50:45:542,0.000000,0.000000,4,-126.65,-126.65,0,0,
08/27/2026,05:50:45:634,0.000000,0.000000,1,-88.62,-88.62,0,0,
08/27/2026,05:50:45:701,0.000000,0.000000,3,-126.67,-126.67,0,0,
08/27/2026,05:50:45:777,0.000000,0.000000,2,-126.25,-126.25,0,0,
08/27/2026,05:50:45:809,0.000000,0.000000,4,-125.83,-125.83,0,0,
08/27/2026,05:50:45:915,0.000000,0.000000,1,-94.77,-94.77,0,0,
08/27/2026,05:50:45:978,0.000000,0.000000,3,-127.04,-127.04,0,0,
08/27/2026,05:50:46:087,0.000000,0.000000,2,-126.75,-126.75,0,0,
08/27/2026,05:50:46:090,0.000000,0.000000,4,-126.77,-126.77,0,0,
08/27/2026,05:50:46:198,0.000000,0.000000,1,-80.8,-80.8,0,0,
08/27/2026,05:50:46:276,0.000000,0.000000,3,-126.49,-126.49,0,0,
08/27/2026,05:50:46:343,0.000000,0.000000,2,-127.03,-127.03,0,0,
08/27/2026,05:50:46:382,0.000000,0.000000,4,-124.33,-124.33,0,0,
08/27/2026,05:50:46:498,0.000000,0.000000,1,-83.18,-83.18,0,0,
08/27/2026,05:50:46:543,0.000000,0.000000,3,-127.04,-127.04,0,0,
08/27/2026,05:50:46:605,0.000000,0.000000,2,-126.39,-126.39,0,0,
08/27/2026,05:50:46:643,0.000000,0.000000,4,-125.23,-125.23,0,0,
08/27/2026,05:50:46:750,0.000000,0.000000,1,-84.8,-84.8,0,0,
08/27/2026,05:50:46:813,0.000000,0.000000,3,-124.33,-124.33,0,0,
08/27/2026,05:50:46:887,0.000000,0.000000,2,-126.64,-126.64,0,0,
08/27/2026,05:50:46:932,0.000000,0.000000,4,-126.65,-126.65,0,0,
08/27/2026,05:50:47:023,0.000000,0.000000,1,-81.82,-81.82,0,0,
08/27/2026,05:50:47:095,0.000000,0.000000,3,-125.73,-125.73,0,0,
08/27/2026,05:50:47:163,0.000000,0.000000,2,-127.08,-127.08,0,0,
08/27/2026,05:50:47:201,0.000000,0.000000,4,-126.99,-126.99,0,0,
08/27/2026,05:50:47:301,0.000000,0.000000,1,-84.32,-84.32,0,0,
08/27/2026,05:50:47:371,0.000000,0.000000,3,-127.03,-127.03,0,0,
08/27/2026,05:50:47:455,0.000000,0.000000,2,-126.38,-126.38,0,0,
08/27/2026,05:50:47:492,0.000000,0.000000,4,-126.67,-126.67,0,0,
08/27/2026,05:50:47:611,0.000000,0.000000,1,-82.45,-82.45,0,0,
08/27/2026,05:50:47:659,0.000000,0.000000,3,-124.82,-124.82,0,0,
08/27/2026,05:50:47:732,0.000000,0.000000,2,-126.87,-126.87,0,0,
08/27/2026,05:50:47:772,0.000000,0.000000,4,-127.59,-127.59,0,0,
08/27/2026,05:50:47:882,0.000000,0.000000,1,-90.25,-90.25,0,0,
08/27/2026,05:50:47:971,0.000000,0.000000,3,-126.49,-126.49,0,0,
08/27/2026,05:50:48:044,0.000000,0.000000,2,-127.25,-127.25,0,0,
08/27/2026,05:50:48:054,0.000000,0.000000,4,-126.16,-126.16,0,0,
08/27/2026,05:50:48:162,0.000000,0.000000,1,-90.32,-90.32,0,0,
08/27/2026,05:50:48:232,0.000000,0.000000,3,-126.46,-126.46,0,0,
08/27/2026,05:50:48:297,0.000000,0.000000,2,-124.36,-124.36,0,0,
08/27/2026,05:50:48:332,0.000000,0.000000,4,-125.18,-125.18,0,0,
08/27/2026,05:50:48:444,0.000000,0.000000,1,-87.51,-87.51,0,0,
08/27/2026,05:50:48:507,0.000000,0.000000,3,-128.27,-128.27,0,0,
08/27/2026,05:50:48:589,0.000000,0.000000,2,-126.53,-126.53,0,0,
08/27/2026,05:50:48:611,0.000000,0.000000,4,-126.47,-126.47,0,0,
08/27/2026,05:50:48:720,0.000000,0.000000,1,-86.72,-86.72,0,0,
08/27/2026,05:50:48:790,0.000000,0.000000,3,-127.48,-127.48,0,0,
08/27/2026,05:50:48:979,0.000000,0.000000,2,-127.12,-127.12,0,0,
08/27/2026,05:50:48:987,0.000000,0.000000,4,-126.91,-126.91,0,0,
08/27/2026,05:50:49:008,0.000000,0.000000,1,-86.92,-86.92,0,0,
08/27/2026,05:50:49:073,0.000000,0.000000,3,-126.03,-126.03,0,0,
08/27/2026,05:50:49:141,0.000000,0.000000,2,-126.1,-126.1,0,0,
08/27/2026,05:50:49:173,0.000000,0.000000,4,-128.36,-128.36,0,0,
08/27/2026,05:50:49:275,0.000000,0.000000,1,-84.93,-84.93,0,0,
08/27/2026,05:50:49:355,0.000000,0.000000,3,-126.43,-126.43,0,0,
08/27/2026,05:50:49:417,0.000000,0.000000,2,-126.5,-126.5,0,0,
08/27/2026,05:50:49:447,0.000000,0.000000,4,-125.73,-125.73,0,0,
08/27/2026,05:50:49:554,0.000000,0.000000,1,-83.49,-83.49,0,0,
08/27/2026,05:50:49:625,0.000000,0.000000,3,-127.04,-127.04,0,0,
08/27/2026,05:50:49:692,0.000000,0.000000,2,-125.02,-125.02,0,0,
08/27/2026,05:50:49:730,0.000000,0.000000,4,-126.73,-126.73,0,0,
08/27/2026,05:50:49:861,0.000000,0.000000,1,-77.63,-77.63,0,0,
08/27/2026,05:50:49:900,0.000000,0.000000,3,-128.1,-128.1,0,0,
08/27/2026,05:50:49:976,0.000000,0.000000,2,-126.79,-126.79,0,0,
08/27/2026,05:50:50:014,0.000000,0.000000,4,-127.01,-127.01,0,0,
08/27/2026,05:50:50:126,0.000000,0.000000,1,-79.85,-79.85,0,0,
08/27/2026,05:50:50:179,0.000000,0.000000,3,-126.27,-126.27,0,0,
08/27/2026,05:50:50:275,0.000000,0.000000,2,-123.68,-123.68,0,0,
08/27/2026,05:50:50:283,0.000000,0.000000,4,-127.88,-127.88,0,0,
08/27/2026,05:50:50:393,0.000000,0.000000,1,-83.08,-83.08,0,0,
08/27/2026,05:50:50:459,0.000000,0.000000,3,-127.63,-127.63,0,0,
08/27/2026,05:50:50:528,0.000000,0.000000,2,-125.73,-125.73,0,0,
08/27/2026,05:50:50:579,0.000000,0.000000,4,-126.03,-126.03,0,0,
08/27/2026,05:50:50:669,0.000000,0.000000,1,-80.87,-80.87,0,0,
08/27/2026,05:50:50:741,0.000000,0.000000,3,-127.09,-127.09,0,0,
08/27/2026,05:50:50:807,0.000000,0.000000,2,-126.29,-126.29,0,0,
08/27/2026,05:50:50:849,0.000000,0.000000,4,-126.38,-126.38,0,0,
08/27/2026,05:50:50:949,0.000000,0.000000,1,-83.34,-83.34,0,0,
08/27/2026,05:50:51:018,0.000000,0.000000,3,-124.91,-124.91,0,0,
08/27/2026,05:50:51:090,0.000000,0.000000,2,-126.15,-126.15,0,0,
08/27/2026,05:50:51:128,0.000000,0.000000,4,-126.77,-126.77,0,0,
08/27/2026,05:50:51:226,0.000000,0.000000,1,-77.41,-77.41,0,0,
08/27/2026,05:50:51:302,0.000000,0.000000,3,-125.51,-125.51,0,0,
08/27/2026,05:50:51:370,0.000000,0.000000,2,-127.38,-127.38,0,0,
08/27/2026,05:50:51:403,0.000000,0.000000,4,-126.34,-126.34,0,0,
08/27/2026,05:50:51:503,0.000000,0.000000,1,-81.41,-81.41,0,0,
08/27/2026,05:50:51:575,0.000000,0.000000,3,-126.85,-126.85,0,0,
08/27/2026,05:50:51:651,0.000000,0.000000,2,-126.12,-126.12,0,0,
08/27/2026,05:50:51:681,0.000000,0.000000,4,-127.99,-127.99,0,0,
08/27/2026,05:50:51:796,0.000000,0.000000,1,-83.27,-83.27,0,0,
08/27/2026,05:50:51:868,0.000000,0.000000,3,-127.64,-127.64,0,0,
08/27/2026,05:50:51:949,0.000000,0.000000,2,-126.12,-126.12,0,0,
08/27/2026,05:50:51:956,0.000000,0.000000,4,-124.7,-124.7,0,0,
08/27/2026,05:50:52:063,0.000000,0.000000,1,-79.32,-79.32,0,0,
08/27/2026,05:50:52:131,0.000000,0.000000,3,-126.44,-126.44,0,0,
08/27/2026,05:50:52:203,0.000000,0.000000,2,-126.48,-126.48,0,0,
08/27/2026,05:50:52:237,0.000000,0.000000,4,-127.05,-127.05,0,0,
08/27/2026,05:50:52:341,0.000000,0.000000,1,-80.48,-80.48,0,0,
08/27/2026,05:50:52:410,0.000000,0.000000,3,-126.21,-126.21,0,0,
08/27/2026,05:50:52:484,0.000000,0.000000,2,-126.19,-126.19,0,0,
08/27/2026,05:50:52:513,0.000000,0.000000,4,-126.37,-126.37,0,0,
08/27/2026,05:50:52:634,0.000000,0.000000,1,-79.03,-79.03,0,0,
08/27/2026,05:50:52:689,0.000000,0.000000,3,-126.59,-126.59,0,0,
08/27/2026,05:50:52:766,0.000000,0.000000,2,-128.01,-128.01,0,0,
08/27/2026,05:50:52:824,0.000000,0.000000,4,-127.58,-127.58,0,0,
08/27/2026,05:50:52:917,0.000000,0.000000,1,-89.19,-89.19,0,0,
08/27/2026,05:50:52:981,0.000000,0.000000,3,-126.77,-126.77,0,0,
08/27/2026,05:50:53:055,0.000000,0.000000,2,-126.92,-126.92,0,0,
08/27/2026,05:50:53:089,0.000000,0.000000,4,-127.12,-127.12,0,0,
08/27/2026,05:50:53:188,0.000000,0.000000,1,-78.47,-78.47,0,0,
08/27/2026,05:50:53:266,0.000000,0.000000,3,-124.88,-124.88,0,0,
08/27/2026,05:50:53:332,0.000000,0.000000,2,-125.7,-125.7,0,0,
08/27/2026,05:50:53:368,0.000000,0.000000,4,-126.16,-126.16,0,0,
08/27/2026,05:50:53:470,0.000000,0.000000,1,-80.51,-80.51,0,0,
08/27/2026,05:50:53:537,0.000000,0.000000,3,-124.57,-124.57,0,0,
08/27/2026,05:50:53:610,0.000000,0.000000,2,-125.99,-125.99,0,0,
08/27/2026,05:50:53:666,0.000000,0.000000,4,-125.69,-125.69,0,0,
08/27/2026,05:50:53:779,0.000000,0.000000,1,-78.12,-78.12,0,0,
08/27/2026,05:50:53:822,0.000000,0.000000,3,-126.48,-126.48,0,0,
08/27/2026,05:50:53:900,0.000000,0.000000,2,-126.17,-126.17,0,0,
08/27/2026,05:50:53:934,0.000000,0.000000,4,-128.4,-128.4,0,0,
08/27/2026,05:50:54:115,0.000000,0.000000,1,-80.45,-80.45,0,0,
08/27/2026,05:50:54:128,0.000000,0.000000,3,-123.87,-123.87,0,0,
08/27/2026,05:50:54:164,0.000000,0.000000,2,-125.2,-125.2,0,0,
08/27/2026,05:50:54:202,0.000000,0.000000,4,-125.52,-125.52,0,0,
08/27/2026,05:50:54:309,0.000000,0.000000,1,-79.51,-79.51,0,0,
08/27/2026,05:50:54:383,0.000000,0.000000,3,-125.57,-125.57,0,0,
08/27/2026,05:50:54:443,0.000000,0.000000,2,-125.08,-125.08,0,0,
08/27/2026,05:50:54:478,0.000000,0.000000,4,-126.73,-126.73,0,0,
08/27/2026,05:50:54:587,0.000000,0.000000,1,-78.45,-78.45,0,0,
08/27/2026,05:50:54:654,0.000000,0.000000,3,-124.84,-124.84,0,0,
08/27/2026,05:50:54:734,0.000000,0.000000,2,-124.7,-124.7,0,0,
08/27/2026,05:50:54:766,0.000000,0.000000,4,-124.69,-124.69,0,0,
08/27/2026,05:50:54:873,0.000000,0.000000,1,-80.3,-80.3,0,0,
08/27/2026,05:50:54:945,0.000000,0.000000,3,-126.11,-126.11,0,0,
08/27/2026,05:50:55:013,0.000000,0.000000,2,-125.6,-125.6,0,0,
08/27/2026,05:50:55:046,0.000000,0.000000,4,-124.64,-124.64,0,0,
08/27/2026,05:50:55:152,0.000000,0.000000,1,-80.16,-80.16,0,0,
08/27/2026,05:50:55:224,0.000000,0.000000,3,-126.04,-126.04,0,0,
08/27/2026,05:50:55:289,0.000000,0.000000,2,-127.92,-127.92,0,0,
08/27/2026,05:50:55:341,0.000000,0.000000,4,-127.14,-127.14,0,0,
08/27/2026,05:50:55:427,0.000000,0.000000,1,-85.81,-85.81,0,0,
08/27/2026,05:50:55:509,0.000000,0.000000,3,-126.57,-126.57,0,0,
08/27/2026,05:50:55:582,0.000000,0.000000,2,-127.32,-127.32,0,0,
08/27/2026,05:50:55:630,0.000000,0.000000,4,-125.56,-125.56,0,0,
08/27/2026,05:50:55:707,0.000000,0.000000,1,-77.46,-77.46,0,0,
08/27/2026,05:50:55:777,0.000000,0.000000,3,-126.4,-126.4,0,0,
08/27/2026,05:50:55:861,0.000000,0.000000,2,-124.66,-124.66,0,0,
08/27/2026,05:50:55:887,0.000000,0.000000,4,-126.35,-126.35,0,0,
08/27/2026,05:50:55:985,0.000000,0.000000,1,-77.54,-77.54,0,0,
08/27/2026,05:50:56:055,0.000000,0.000000,3,-125.59,-125.59,0,0,
08/27/2026,05:50:56:127,0.000000,0.000000,2,-124.9,-124.9,0,0,
08/27/2026,05:50:56:163,0.000000,0.000000,4,-126.68,-126.68,0,0,
08/27/2026,05:50:56:289,0.000000,0.000000,1,-83.25,-83.25,0,0,
08/27/2026,05:50:56:350,0.000000,0.000000,3,-128.39,-128.39,0,0,
08/27/2026,05:50:56:406,0.000000,0.000000,2,-128.32,-128.32,0,0,
08/27/2026,05:50:56:441,0.000000,0.000000,4,-124.67,-124.67,0,0,
08/27/2026,05:50:56:545,0.000000,0.000000,1,-77.01,-77.01,0,0,
08/27/2026,05:50:56:614,0.000000,0.000000,3,-126.58,-126.58,0,0,
08/27/2026,05:50:56:700,0.000000,0.000000,2,-126.71,-126.71,0,0,
08/27/2026,05:50:56:717,0.000000,0.000000,4,-127.13,-127.13,0,0,
08/27/2026,05:50:56:829,0.000000,0.000000,1,-78.8,-78.8,0,0,
08/27/2026,05:50:56:899,0.000000,0.000000,3,-126.38,-126.38,0,0,
08/27/2026,05:50:56:979,0.000000,0.000000,2,-126.34,-126.34,0,0,
08/27/2026,05:50:57:007,0.000000,0.000000,4,-126.23,-126.23,0,0,
08/27/2026,05:50:57:113,0.000000,0.000000,1,-78.02,-78.02,0,0,
08/27/2026,05:50:57:188,0.000000,0.000000,3,-125.59,-125.59,0,0,
08/27/2026,05:50:57:265,0.000000,0.000000,2,-125.95,-125.95,0,0,
08/27/2026,05:50:57:297,0.000000,0.000000,4,-126.29,-126.29,0,0,
08/27/2026,05:50:57:411,0.000000,0.000000,1,-78.38,-78.38,0,0,
08/27/2026,05:50:57:483,0.000000,0.000000,3,-125.62,-125.62,0,0,
08/27/2026,05:50:57:554,0.000000,0.000000,2,-127.46,-127.46,0,0,
08/27/2026,05:50:57:569,0.000000,0.000000,4,-125.96,-125.96,0,0,
08/27/2026,05:50:57:670,0.000000,0.000000,1,-82.39,-82.39,0,0,
08/27/2026,05:50:57:744,0.000000,0.000000,3,-126.9,-126.9,0,0,
08/27/2026,05:50:57:818,0.000000,0.000000,2,-125.54,-125.54,0,0,
08/27/2026,05:50:57:844,0.000000,0.000000,4,-125.29,-125.29,0,0,
08/27/2026,05:50:57:953,0.000000,0.000000,1,-78.1,-78.1,0,0,
08/27/2026,05:50:58:022,0.000000,0.000000,3,-126.65,-126.65,0,0,
08/27/2026,05:50:58:092,0.000000,0.000000,2,-126.15,-126.15,0,0,
08/27/2026,05:50:58:122,0.000000,0.000000,4,-126.79,-126.79,0,0,
08/27/2026,05:50:58:239,0.000000,0.000000,1,-81.25,-81.25,0,0,
08/27/2026,05:50:58:303,0.000000,0.000000,3,-125.22,-125.22,0,0,
08/27/2026,05:50:58:374,0.000000,0.000000,2,-126.59,-126.59,0,0,
08/27/2026,05:50:58:411,0.000000,0.000000,4,-126.49,-126.49,0,0,
08/27/2026,05:50:58:508,0.000000,0.000000,1,-77.01,-77.01,0,0,
08/27/2026,05:50:58:582,0.000000,0.000000,3,-127.07,-127.07,0,0,
08/27/2026,05:50:58:651,0.000000,0.000000,2,-126.29,-126.29,0,0,
08/27/2026,05:50:58:682,0.000000,0.000000,4,-126.73,-126.73,0,0,
08/27/2026,05:50:58:784,0.000000,0.000000,1,-77.72,-77.72,0,0,
08/27/2026,05:50:58:881,0.000000,0.000000,3,-125.87,-125.87,0,0,
08/27/2026,05:50:58:924,0.000000,0.000000,2,-126.36,-126.36,0,0,
08/27/2026,05:50:58:962,0.000000,0.000000,4,-126.51,-126.51,0,0,
08/27/2026,05:50:59:070,0.000000,0.000000,1,-80.04,-80.04,0,0,
08/27/2026,05:50:59:135,0.000000,0.000000,3,-126.61,-126.61,0,0,
08/27/2026,05:50:59:287,0.000000,0.000000,2,-125.53,-125.53,0,0,
08/27/2026,05:50:59:292,0.000000,0.000000,4,-127.62,-127.62,0,0,
08/27/2026,05:50:59:362,0.000000,0.000000,1,-78.92,-78.92,0,0,
08/27/2026,05:50:59:411,0.000000,0.000000,3,-127.23,-127.23,0,0,
08/27/2026,05:50:59:490,0.000000,0.000000,2,-126.97,-126.97,0,0,
08/27/2026,05:50:59:521,0.000000,0.000000,4,-126.27,-126.27,0,0,
08/27/2026,05:50:59:635,0.000000,0.000000,1,-79.67,-79.67,0,0,
08/27/2026,05:50:59:695,0.000000,0.000000,3,-125.14,-125.14,0,0,
08/27/2026,05:50:59:765,0.000000,0.000000,2,-124.68,-124.68,0,0,
08/27/2026,05:50:59:797,0.000000,0.000000,4,-125.98,-125.98,0,0,
08/27/2026,05:50:59:904,0.000000,0.000000,1,-82.17,-82.17,0,0,
08/27/2026,05:50:59:971,0.000000,0.000000,3,-127.14,-127.14,0,0,
08/27/2026,05:51:00:047,0.000000,0.000000,2,-126.92,-126.92,0,0,
08/27/2026,05:51:00:080,0.000000,0.000000,4,-125.86,-125.86,0,0,
08/27/2026,05:51:00:182,0.000000,0.000000,1,-82.13,-82.13,0,0,
08/27/2026,05:51:00:288,0.000000,0.000000,3,-126.94,-126.94,0,0,
08/27/2026,05:51:00:325,0.000000,0.000000,2,-124.58,-124.58,0,0,
08/27/2026,05:51:00:403,0.000000,0.000000,4,-126.44,-126.44,0,0,
08/27/2026,05:51:00:583,0.000000,0.000000,1,-79.19,-79.19,0,0,
08/27/2026,05:51:00:807,0.000000,0.000000,3,-124.98,-124.98,0,0,
08/27/2026,05:51:00:867,0.000000,0.000000,2,-126.69,-126.69,0,0,
08/27/2026,05:51:00:929,0.000000,0.000000,4,-127.36,-127.36,0,0,
08/27/2026,05:51:01:000,0.000000,0.000000,1,-76.95,-76.95,0,0,
08/27/2026,05:51:01:043,0.000000,0.000000,3,-127.24,-127.24,0,0,
08/27/2026,05:51:01:079,0.000000,0.000000,2,-125.82,-125.82,0,0,
08/27/2026,05:51:01:110,0.000000,0.000000,4,-126.75,-126.75,0,0,
08/27/2026,05:51:01:152,0.000000,0.000000,1,-80.35,-80.35,0,0,
08/27/2026,05:51:01:192,0.000000,0.000000,3,-126.39,-126.39,0,0,
08/27/2026,05:51:01:203,0.000000,0.000000,2,-126.74,-126.74,0,0,
08/27/2026,05:51:01:235,0.000000,0.000000,4,-127.45,-127.45,0,0,
08/27/2026,05:51:01:343,0.000000,0.000000,1,-78.56,-78.56,0,0,
08/27/2026,05:51:01:386,0.000000,0.000000,3,-126.28,-126.28,0,0,
08/27/2026,05:51:01:457,0.000000,0.000000,2,-127.87,-127.87,0,0,
08/27/2026,05:51:01:508,0.000000,0.000000,4,-126.07,-126.07,0,0,
08/27/2026,05:51:01:594,0.000000,0.000000,1,-80.12,-80.12,0,0,
08/27/2026,05:51:01:664,0.000000,0.000000,3,-127.25,-127.25,0,0,
08/27/2026,05:51:01:738,0.000000,0.000000,2,-126.77,-126.77,0,0,
08/27/2026,05:51:01:789,0.000000,0.000000,4,-127.35,-127.35,0,0,
08/27/2026,05:51:01:878,0.000000,0.000000,1,-79.1,-79.1,0,0,
08/27/2026,05:51:01:945,0.000000,0.000000,3,-124.69,-124.69,0,0,
08/27/2026,05:51:02:018,0.000000,0.000000,2,-127.72,-127.72,0,0,
08/27/2026,05:51:02:049,0.000000,0.000000,4,-127.8,-127.8,0,0,
08/27/2026,05:51:02:153,0.000000,0.000000,1,-78.42,-78.42,0,0,
08/27/2026,05:51:02:227,0.000000,0.000000,3,-126.74,-126.74,0,0,
08/27/2026,05:51:02:292,0.000000,0.000000,2,-126.5,-126.5,0,0,
08/27/2026,05:51:02:330,0.000000,0.000000,4,-125.56,-125.56,0,0,
08/27/2026,05:51:02:441,0.000000,0.000000,1,-78.93,-78.93,0,0,
08/27/2026,05:51:02:501,0.000000,0.000000,3,-127.25,-127.25,0,0,
08/27/2026,05:51:02:573,0.000000,0.000000,2,-127.43,-127.43,0,0,
08/27/2026,05:51:02:609,0.000000,0.000000,4,-127.8,-127.8,0,0,
08/27/2026,05:51:02:720,0.000000,0.000000,1,-77.27,-77.27,0,0,
08/27/2026,05:51:02:779,0.000000,0.000000,3,-127.54,-127.54,0,0,
08/27/2026,05:51:02:873,0.000000,0.000000,2,-127.16,-127.16,0,0,
08/27/2026,05:51:02:882,0.000000,0.000000,4,-128.05,-128.05,0,0,
08/27/2026,05:51:03:011,0.000000,0.000000,1,-84.54,-84.54,0,0,
08/27/2026,05:51:03:082,0.000000,0.000000,3,-126.86,-126.86,0,0,
08/27/2026,05:51:03:128,0.000000,0.000000,2,-125.8,-125.8,0,0,
08/27/2026,05:51:03:163,0.000000,0.000000,4,-126.37,-126.37,0,0,
08/27/2026,05:51:03:288,0.000000,0.000000,1,-82.44,-82.44,0,0,
08/27/2026,05:51:03:346,0.000000,0.000000,3,-126.38,-126.38,0,0,
08/27/2026,05:51:03:407,0.000000,0.000000,2,-125.68,-125.68,0,0,
08/27/2026,05:51:03:444,0.000000,0.000000,4,-126.66,-126.66,0,0,
08/27/2026,05:51:03:548,0.000000,0.000000,1,-84,-84,0,0,
08/27/2026,05:51:03:620,0.000000,0.000000,3,-127.64,-127.64,0,0,
08/27/2026,05:51:03:688,0.000000,0.000000,2,-127.36,-127.36,0,0,
08/27/2026,05:51:03:720,0.000000,0.000000,4,-127.41,-127.41,0,0,
08/27/2026,05:51:03:834,0.000000,0.000000,1,-81.56,-81.56,0,0,
08/27/2026,05:51:03:898,0.000000,0.000000,3,-124.87,-124.87,0,0,
08/27/2026,05:51:03:968,0.000000,0.000000,2,-125.29,-125.29,0,0,
08/27/2026,05:51:04:002,0.000000,0.000000,4,-124.51,-124.51,0,0,
08/27/2026,05:51:04:111,0.000000,0.000000,1,-82.22,-82.22,0,0,
08/27/2026,05:51:04:183,0.000000,0.000000,3,-125.63,-125.63,0,0,
08/27/2026,05:51:04:243,0.000000,0.000000,2,-125.9,-125.9,0,0,
08/27/2026,05:51:04:278,0.000000,0.000000,4,-126.3,-126.3,0,0,
08/27/2026,05:51:04:422,0.000000,0.000000,1,-78.21,-78.21,0,0,
08/27/2026,05:51:04:460,0.000000,0.000000,3,-127.55,-127.55,0,0,
08/27/2026,05:51:04:534,0.000000,0.000000,2,-126.79,-126.79,0,0,
08/27/2026,05:51:04:557,0.000000,0.000000,4,-127.47,-127.47,0,0,
08/27/2026,05:51:04:692,0.000000,0.000000,1,-83.1,-83.1,0,0,
08/27/2026,05:51:04:736,0.000000,0.000000,3,-126.68,-126.68,0,0,
08/27/2026,05:51:04:817,0.000000,0.000000,2,-127.2,-127.2,0,0,
08/27/2026,05:51:04:860,0.000000,0.000000,4,-125.91,-125.91,0,0,
08/27/2026,05:51:04:946,0.000000,0.000000,1,-76.72,-76.72,0,0,
08/27/2026,05:51:05:014,0.000000,0.000000,3,-124.84,-124.84,0,0,
08/27/2026,05:51:05:085,0.000000,0.000000,2,-126.23,-126.23,0,0,
08/27/2026,05:51:05:130,0.000000,0.000000,4,-128.29,-128.29,0,0,
08/27/2026,05:51:05:223,0.000000,0.000000,1,-77.24,-77.24,0,0,
08/27/2026,05:51:05:290,0.000000,0.000000,3,-125.77,-125.77,0,0,
08/27/2026,05:51:05:363,0.000000,0.000000,2,-126.8,-126.8,0,0,
08/27/2026,05:51:05:414,0.000000,0.000000,4,-125.06,-125.06,0,0,
08/27/2026,05:51:05:497,0.000000,0.000000,1,-76.84,-76.84,0,0,
08/27/2026,05:51:05:571,0.000000,0.000000,3,-126.67,-126.67,0,0,
08/27/2026,05:51:05:644,0.000000,0.000000,2,-126.53,-126.53,0,0,
08/27/2026,05:51:05:678,0.000000,0.000000,4,-126.43,-126.43,0,0,
08/27/2026,05:51:05:778,0.000000,0.000000,1,-79.17,-79.17,0,0,
08/27/2026,05:51:05:853,0.000000,0.000000,3,-126.72,-126.72,0,0,
08/27/2026,05:51:05:917,0.000000,0.000000,2,-127.96,-127.96,0,0,
08/27/2026,05:51:05:958,0.000000,0.000000,4,-127.46,-127.46,0,0,
08/27/2026,05:51:06:058,0.000000,0.000000,1,-81.72,-81.72,0,0,
08/27/2026,05:51:06:127,0.000000,0.000000,3,-126.46,-126.46,0,0,
08/27/2026,05:51:06:209,0.000000,0.000000,2,-126.87,-126.87,0,0,
08/27/2026,05:51:06:229,0.000000,0.000000,4,-126.15,-126.15,0,0,
08/27/2026,05:51:06:335,0.000000,0.000000,1,-85.97,-85.97,0,0,
08/27/2026,05:51:06:404,0.000000,0.000000,3,-124.79,-124.79,0,0,
08/27/2026,05:51:06:483,0.000000,0.000000,2,-126.7,-126.7,0,0,
08/27/2026,05:51:06:526,0.000000,0.000000,4,-126.72,-126.72,0,0,
08/27/2026,05:51:06:613,0.000000,0.000000,1,-83.79,-83.79,0,0,
08/27/2026,05:51:06:695,0.000000,0.000000,3,-127.42,-127.42,0,0,
08/27/2026,05:51:06:756,0.000000,0.000000,2,-127.05,-127.05,0,0,
08/27/2026,05:51:06:791,0.000000,0.000000,4,-126.43,-126.43,0,0,
08/27/2026,05:51:06:904,0.000000,0.000000,1,-77.95,-77.95,0,0,
08/27/2026,05:51:06:964,0.000000,0.000000,3,-127.83,-127.83,0,0,
08/27/2026,05:51:07:036,0.000000,0.000000,2,-127.08,-127.08,0,0,
08/27/2026,05:51:07:075,0.000000,0.000000,4,-126.9,-126.9,0,0,
08/27/2026,05:51:07:180,0.000000,0.000000,1,-76,-76,0,0,
08/27/2026,05:51:07:242,0.000000,0.000000,3,-127.03,-127.03,0,0,
08/27/2026,05:51:07:319,0.000000,0.000000,2,-125.19,-125.19,0,0,
08/27/2026,05:51:07:354,0.000000,0.000000,4,-128.15,-128.15,0,0,
08/27/2026,05:51:07:454,0.000000,0.000000,1,-79.58,-79.58,0,0,
08/27/2026,05:51:07:523,0.000000,0.000000,3,-128.31,-128.31,0,0,
08/27/2026,05:51:07:590,0.000000,0.000000,2,-126.73,-126.73,0,0,
08/27/2026,05:51:07:623,0.000000,0.000000,4,-126.9,-126.9,0,0,
08/27/2026,05:51:07:733,0.000000,0.000000,1,-77.2,-77.2,0,0,
08/27/2026,05:51:07:798,0.000000,0.000000,3,-126.1,-126.1,0,0,
08/27/2026,05:51:07:887,0.000000,0.000000,2,-126.62,-126.62,0,0,
08/27/2026,05:51:07:903,0.000000,0.000000,4,-126.86,-126.86,0,0,
08/27/2026,05:51:08:008,0.000000,0.000000,1,-77.2,-77.2,0,0,
08/27/2026,05:51:08:082,0.000000,0.000000,3,-125.41,-125.41,0,0,
08/27/2026,05:51:08:150,0.000000,0.000000,2,-128.06,-128.06,0,0,
08/27/2026,05:51:08:202,0.000000,0.000000,4,-125.35,-125.35,0,0,
08/27/2026,05:51:08:305,0.000000,0.000000,1,-79.83,-79.83,0,0,
08/27/2026,05:51:08:355,0.000000,0.000000,3,-125.81,-125.81,0,0,
08/27/2026,05:51:08:431,0.000000,0.000000,2,-127.08,-127.08,0,0,
08/27/2026,05:51:08:460,0.000000,0.000000,4,-125.94,-125.94,0,0,
08/27/2026,05:51:08:590,0.000000,0.000000,1,-77.86,-77.86,0,0,
08/27/2026,05:51:08:645,0.000000,0.000000,3,-125.31,-125.31,0,0,
08/27/2026,05:51:08:730,0.000000,0.000000,2,-125.44,-125.44,0,0,
08/27/2026,05:51:08:738,0.000000,0.000000,4,-125.91,-125.91,0,0,
08/27/2026,05:51:08:858,0.000000,0.000000,1,-78.24,-78.24,0,0,
08/27/2026,05:51:08:915,0.000000,0.000000,3,-126.57,-126.57,0,0,
08/27/2026,05:51:08:985,0.000000,0.000000,2,-125.77,-125.77,0,0,
08/27/2026,05:51:09:020,0.000000,0.000000,4,-126.23,-126.23,0,0,
08/27/2026,05:51:09:125,0.000000,0.000000,1,-76.76,-76.76,0,0,
08/27/2026,05:51:09:196,0.000000,0.000000,3,-126.97,-126.97,0,0,
08/27/2026,05:51:09:270,0.000000,0.000000,2,-125.76,-125.76,0,0,
08/27/2026,05:51:09:298,0.000000,0.000000,4,-125.72,-125.72,0,0,
08/27/2026,05:51:09:414,0.000000,0.000000,1,-75.97,-75.97,0,0,
08/27/2026,05:51:09:552,0.000000,0.000000,3,-127.98,-127.98,0,0,
08/27/2026,05:51:09:570,0.000000,0.000000,2,-126.73,-126.73,0,0,
08/27/2026,05:51:09:581,0.000000,0.000000,4,-126.31,-126.31,0,0,
08/27/2026,05:51:09:690,0.000000,0.000000,1,-79.9,-79.9,0,0,
08/27/2026,05:51:09:749,0.000000,0.000000,3,-124.74,-124.74,0,0,
08/27/2026,05:51:09:823,0.000000,0.000000,2,-126.33,-126.33,0,0,
08/27/2026,05:51:09:859,0.000000,0.000000,4,-126.61,-126.61,0,0,
08/27/2026,05:51:09:960,0.000000,0.000000,1,-77.57,-77.57,0,0,
08/27/2026,05:51:10:029,0.000000,0.000000,3,-127.29,-127.29,0,0,
08/27/2026,05:51:10:099,0.000000,0.000000,2,-127.84,-127.84,0,0,
08/27/2026,05:51:10:142,0.000000,0.000000,4,-126.49,-126.49,0,0,
08/27/2026,05:51:10:243,0.000000,0.000000,1,-74.01,-74.01,0,0,
08/27/2026,05:51:10:308,0.000000,0.000000,3,-125.96,-125.96,0,0,
08/27/2026,05:51:10:414,0.000000,0.000000,2,-126.77,-126.77,0,0,
08/27/2026,05:51:10:422,0.000000,0.000000,4,-126.44,-126.44,0,0,
08/27/2026,05:51:10:517,0.000000,0.000000,1,-75.4,-75.4,0,0,
08/27/2026,05:51:10:601,0.000000,0.000000,3,-126.56,-126.56,0,0,
08/27/2026,05:51:10:683,0.000000,0.000000,2,-127.23,-127.23,0,0,
08/27/2026,05:51:10:691,0.000000,0.000000,4,-127.18,-127.18,0,0,
08/27/2026,05:51:10:798,0.000000,0.000000,1,-73.52,-73.52,0,0,
08/27/2026,05:51:10:865,0.000000,0.000000,3,-126.17,-126.17,0,0,
08/27/2026,05:51:10:939,0.000000,0.000000,2,-127.25,-127.25,0,0,
08/27/2026,05:51:10:971,0.000000,0.000000,4,-127.34,-127.34,0,0,
08/27/2026,05:51:11:074,0.000000,0.000000,1,-74.95,-74.95,0,0,
08/27/2026,05:51:11:155,0.000000,0.000000,3,-126.1,-126.1,0,0,
08/27/2026,05:51:11:219,0.000000,0.000000,2,-125.8,-125.8,0,0,
08/27/2026,05:51:11:254,0.000000,0.000000,4,-125.78,-125.78,0,0,
08/27/2026,05:51:11:356,0.000000,0.000000,1,-74.41,-74.41,0,0,
08/27/2026,05:51:11:424,0.000000,0.000000,3,-126.26,-126.26,0,0,
08/27/2026,05:51:11:493,0.000000,0.000000,2,-126.69,-126.69,0,0,
08/27/2026,05:51:11:533,0.000000,0.000000,4,-124.93,-124.93,0,0,
08/27/2026,05:51:11:638,0.000000,0.000000,1,-74.2,-74.2,0,0,
08/27/2026,05:51:11:707,0.000000,0.000000,3,-126.68,-126.68,0,0,
08/27/2026,05:51:11:774,0.000000,0.000000,2,-124.56,-124.56,0,0,
08/27/2026,05:51:11:809,0.000000,0.000000,4,-126.88,-126.88,0,0,
08/27/2026,05:51:11:916,0.000000,0.000000,1,-71.32,-71.32,0,0,
08/27/2026,05:51:11:986,0.000000,0.000000,3,-126.33,-126.33,0,0,
08/27/2026,05:51:12:051,0.000000,0.000000,2,-127.52,-127.52,0,0,
08/27/2026,05:51:12:102,0.000000,0.000000,4,-126.5,-126.5,0,0,
08/27/2026,05:51:12:191,0.000000,0.000000,1,-74.94,-74.94,0,0,
08/27/2026,05:51:12:271,0.000000,0.000000,3,-126.53,-126.53,0,0,
08/27/2026,05:51:12:348,0.000000,0.000000,2,-126.9,-126.9,0,0,
08/27/2026,05:51:12:387,0.000000,0.000000,4,-127.39,-127.39,0,0,
08/27/2026,05:51:12:488,0.000000,0.000000,1,-72.47,-72.47,0,0,
08/27/2026,05:51:12:554,0.000000,0.000000,3,-126.92,-126.92,0,0,
08/27/2026,05:51:12:639,0.000000,0.000000,2,-125.81,-125.81,0,0,
08/27/2026,05:51:12:653,0.000000,0.000000,4,-126.97,-126.97,0,0,
08/27/2026,05:51:12:768,0.000000,0.000000,1,-81.58,-81.58,0,0,
08/27/2026,05:51:12:826,0.000000,0.000000,3,-128.15,-128.15,0,0,
08/27/2026,05:51:12:904,0.000000,0.000000,2,-124.41,-124.41,0,0,
08/27/2026,05:51:12:931,0.000000,0.000000,4,-126.6,-126.6,0,0,
08/27/2026,05:51:13:042,0.000000,0.000000,1,-77.68,-77.68,0,0,
08/27/2026,05:51:13:112,0.000000,0.000000,3,-128.3,-128.3,0,0,
08/27/2026,05:51:13:195,0.000000,0.000000,2,-125.08,-125.08,0,0,
08/27/2026,05:51:13:218,0.000000,0.000000,4,-126.42,-126.42,0,0,
08/27/2026,05:51:13:319,0.000000,0.000000,1,-79.93,-79.93,0,0,
08/27/2026,05:51:13:388,0.000000,0.000000,3,-126.08,-126.08,0,0,
08/27/2026,05:51:13:459,0.000000,0.000000,2,-126.79,-126.79,0,0,
08/27/2026,05:51:13:494,0.000000,0.000000,4,-125.49,-125.49,0,0,
08/27/2026,05:51:13:596,0.000000,0.000000,1,-75.67,-75.67,0,0,
08/27/2026,05:51:13:669,0.000000,0.000000,3,-125.46,-125.46,0,0,
08/27/2026,05:51:13:735,0.000000,0.000000,2,-124.84,-124.84,0,0,
08/27/2026,05:51:13:768,0.000000,0.000000,4,-124.51,-124.51,0,0,
08/27/2026,05:51:13:880,0.000000,0.000000,1,-80.53,-80.53,0,0,
08/27/2026,05:51:13:959,0.000000,0.000000,3,-126.51,-126.51,0,0,
08/27/2026,05:51:14:040,0.000000,0.000000,2,-126.58,-126.58,0,0,
08/27/2026,05:51:14:048,0.000000,0.000000,4,-127.03,-127.03,0,0,
08/27/2026,05:51:14:169,0.000000,0.000000,1,-73.8,-73.8,0,0,
08/27/2026,05:51:14:245,0.000000,0.000000,3,-125.66,-125.66,0,0,
08/27/2026,05:51:14:299,0.000000,0.000000,2,-127.04,-127.04,0,0,
08/27/2026,05:51:14:329,0.000000,0.000000,4,-128.45,-128.45,0,0,
08/27/2026,05:51:14:431,0.000000,0.000000,1,-82.5,-82.5,0,0,
08/27/2026,05:51:14:510,0.000000,0.000000,3,-127.51,-127.51,0,0,
08/27/2026,05:51:14:570,0.000000,0.000000,2,-127.62,-127.62,0,0,
08/27/2026,05:51:14:686,0.000000,0.000000,4,-126.41,-126.41,0,0,
08/27/2026,05:51:14:712,0.000000,0.000000,1,-76.23,-76.23,0,0,
08/27/2026,05:51:14:785,0.000000,0.000000,3,-126.88,-126.88,0,0,
08/27/2026,05:51:14:852,0.000000,0.000000,2,-126.53,-126.53,0,0,
08/27/2026,05:51:14:890,0.000000,0.000000,4,-126.24,-126.24,0,0,
08/27/2026,05:51:14:989,0.000000,0.000000,1,-80.39,-80.39,0,0,
08/27/2026,05:51:15:061,0.000000,0.000000,3,-125.2,-125.2,0,0,
08/27/2026,05:51:15:131,0.000000,0.000000,2,-127.34,-127.34,0,0,
08/27/2026,05:51:15:167,0.000000,0.000000,4,-125.44,-125.44,0,0,
08/27/2026,05:51:15:273,0.000000,0.000000,1,-82.88,-82.88,0,0,
08/27/2026,05:51:15:339,0.000000,0.000000,3,-126.3,-126.3,0,0,
08/27/2026,05:51:15:411,0.000000,0.000000,2,-127.23,-127.23,0,0,
08/27/2026,05:51:15:443,0.000000,0.000000,4,-125.62,-125.62,0,0,
08/27/2026,05:51:15:555,0.000000,0.000000,1,-83.93,-83.93,0,0,
08/27/2026,05:51:15:617,0.000000,0.000000,3,-125.85,-125.85,0,0,
08/27/2026,05:51:15:685,0.000000,0.000000,2,-126.47,-126.47,0,0,
08/27/2026,05:51:15:729,0.000000,0.000000,4,-125.91,-125.91,0,0,
08/27/2026,05:51:15:825,0.000000,0.000000,1,-82.67,-82.67,0,0,
08/27/2026,05:51:15:898,0.000000,0.000000,3,-124.69,-124.69,0,0,
08/27/2026,05:51:15:989,0.000000,0.000000,2,-126.66,-126.66,0,0,
08/27/2026,05:51:15:999,0.000000,0.000000,4,-127.67,-127.67,0,0,
08/27/2026,05:51:16:118,0.000000,0.000000,1,-82.32,-82.32,0,0,
08/27/2026,05:51:16:201,0.000000,0.000000,3,-126.74,-126.74,0,0,
08/27/2026,05:51:16:259,0.000000,0.000000,2,-127.03,-127.03,0,0,
08/27/2026,05:51:16:282,0.000000,0.000000,4,-124.78,-124.78,0,0,
08/27/2026,05:51:16:383,0.000000,0.000000,1,-77.33,-77.33,0,0,
08/27/2026,05:51:16:466,0.000000,0.000000,3,-127.92,-127.92,0,0,
08/27/2026,05:51:16:540,0.000000,0.000000,2,-125.42,-125.42,0,0,
08/27/2026,05:51:16:556,0.000000,0.000000,4,-125.78,-125.78,0,0,
08/27/2026,05:51:16:666,0.000000,0.000000,1,-82.86,-82.86,0,0,
08/27/2026,05:51:16:733,0.000000,0.000000,3,-127.2,-127.2,0,0,
08/27/2026,05:51:16:807,0.000000,0.000000,2,-128,-128,0,0,
08/27/2026,05:51:16:840,0.000000,0.000000,4,-126.21,-126.21,0,0,
08/27/2026,05:51:16:944,0.000000,0.000000,1,-86.22,-86.22,0,0,
08/27/2026,05:51:17:018,0.000000,0.000000,3,-126.78,-126.78,0,0,
08/27/2026,05:51:17:086,0.000000,0.000000,2,-126.9,-126.9,0,0,
08/27/2026,05:51:17:127,0.000000,0.000000,4,-128.41,-128.41,0,0,
08/27/2026,05:51:17:230,0.000000,0.000000,1,-84.18,-84.18,0,0,
08/27/2026,05:51:17:295,0.000000,0.000000,3,-125.98,-125.98,0,0,
08/27/2026,05:51:17:359,0.000000,0.000000,2,-125.43,-125.43,0,0,
08/27/2026,05:51:17:400,0.000000,0.000000,4,-127.17,-127.17,0,0,
08/27/2026,05:51:17:507,0.000000,0.000000,1,-84.61,-84.61,0,0,
08/27/2026,05:51:17:569,0.000000,0.000000,3,-127.05,-127.05,0,0,
08/27/2026,05:51:17:640,0.000000,0.000000,2,-126.47,-126.47,0,0,
08/27/2026,05:51:17:676,0.000000,0.000000,4,-127.61,-127.61,0,0,
08/27/2026,05:51:17:788,0.000000,0.000000,1,-91.08,-91.08,0,0,
08/27/2026,05:51:17:867,0.000000,0.000000,3,-126.47,-126.47,0,0,
08/27/2026,05:51:17:921,0.000000,0.000000,2,-126.78,-126.78,0,0,
08/27/2026,05:51:17:959,0.000000,0.000000,4,-126.86,-126.86,0,0,
08/27/2026,05:51:18:082,0.000000,0.000000,1,-80.19,-80.19,0,0,
08/27/2026,05:51:18:129,0.000000,0.000000,3,-125.69,-125.69,0,0,
08/27/2026,05:51:18:208,0.000000,0.000000,2,-127.92,-127.92,0,0,
08/27/2026,05:51:18:235,0.000000,0.000000,4,-128.18,-128.18,0,0,
08/27/2026,05:51:18:340,0.000000,0.000000,1,-87.21,-87.21,0,0,
08/27/2026,05:51:18:434,0.000000,0.000000,3,-126.55,-126.55,0,0,
08/27/2026,05:51:18:476,0.000000,0.000000,2,-127.67,-127.67,0,0,
08/27/2026,05:51:18:508,0.000000,0.000000,4,-127.98,-127.98,0,0,
08/27/2026,05:51:18:616,0.000000,0.000000,1,-85.47,-85.47,0,0,
08/27/2026,05:51:18:688,0.000000,0.000000,3,-127.58,-127.58,0,0,
08/27/2026,05:51:18:759,0.000000,0.000000,2,-126.38,-126.38,0,0,
08/27/2026,05:51:18:789,0.000000,0.000000,4,-125.49,-125.49,0,0,
08/27/2026,05:51:18:895,0.000000,0.000000,1,-87.67,-87.67,0,0,
08/27/2026,05:51:18:965,0.000000,0.000000,3,-127.74,-127.74,0,0,
08/27/2026,05:51:19:030,0.000000,0.000000,2,-126.17,-126.17,0,0,
08/27/2026,05:51:19:066,0.000000,0.000000,4,-126.56,-126.56,0,0,
08/27/2026,05:51:19:190,0.000000,0.000000,1,-88.42,-88.42,0,0,
08/27/2026,05:51:19:262,0.000000,0.000000,3,-127.09,-127.09,0,0,
08/27/2026,05:51:19:311,0.000000,0.000000,2,-124.93,-124.93,0,0,
08/27/2026,05:51:19:360,0.000000,0.000000,4,-128.85,-128.85,0,0,
08/27/2026,05:51:19:485,0.000000,0.000000,1,-88.93,-88.93,0,0,
08/27/2026,05:51:19:529,0.000000,0.000000,3,-127.75,-127.75,0,0,
08/27/2026,05:51:19:651,0.000000,0.000000,2,-127.55,-127.55,0,0,
08/27/2026,05:51:19:662,0.000000,0.000000,4,-127.74,-127.74,0,0,
08/27/2026,05:51:19:838,0.000000,0.000000,1,-82.92,-82.92,0,0,
08/27/2026,05:51:19:851,0.000000,0.000000,3,-125.81,-125.81,0,0,
08/27/2026,05:51:19:879,0.000000,0.000000,2,-126.84,-126.84,0,0,
08/27/2026,05:51:19:916,0.000000,0.000000,4,-125.61,-125.61,0,0,
08/27/2026,05:51:20:021,0.000000,0.000000,1,-82.02,-82.02,0,0,
08/27/2026,05:51:20:092,0.000000,0.000000,3,-127.4,-127.4,0,0,
08/27/2026,05:51:20:161,0.000000,0.000000,2,-126.99,-126.99,0,0,
08/27/2026,05:51:20:194,0.000000,0.000000,4,-126.33,-126.33,0,0,
08/27/2026,05:51:20:297,0.000000,0.000000,1,-85.72,-85.72,0,0,
08/27/2026,05:51:20:366,0.000000,0.000000,3,-126.62,-126.62,0,0,
08/27/2026,05:51:20:437,0.000000,0.000000,2,-127.34,-127.34,0,0,
08/27/2026,05:51:20:471,0.000000,0.000000,4,-125.36,-125.36,0,0,
08/27/2026,05:51:20:579,0.000000,0.000000,1,-87.59,-87.59,0,0,
08/27/2026,05:51:20:648,0.000000,0.000000,3,-124.5,-124.5,0,0,
08/27/2026,05:51:20:713,0.000000,0.000000,2,-126.28,-126.28,0,0,
08/27/2026,05:51:20:746,0.000000,0.000000,4,-125.81,-125.81,0,0,
08/27/2026,05:51:20:860,0.000000,0.000000,1,-82.27,-82.27,0,0,
08/27/2026,05:51:20:926,0.000000,0.000000,3,-126.62,-126.62,0,0,
08/27/2026,05:51:20:997,0.000000,0.000000,2,-127.27,-127.27,0,0,
08/27/2026,05:51:21:025,0.000000,0.000000,4,-126.6,-126.6,0,0,
08/27/2026,05:51:21:131,0.000000,0.000000,1,-87.18,-87.18,0,0,
08/27/2026,05:51:21:213,0.000000,0.000000,3,-126.83,-126.83,0,0,
08/27/2026,05:51:21:275,0.000000,0.000000,2,-128.16,-128.16,0,0,
08/27/2026,05:51:21:310,0.000000,0.000000,4,-127.97,-127.97,0,0,
08/27/2026,05:51:21:419,0.000000,0.000000,1,-81.36,-81.36,0,0,
08/27/2026,05:51:21:480,0.000000,0.000000,3,-127.38,-127.38,0,0,
08/27/2026,05:51:21:592,0.000000,0.000000,2,-126.47,-126.47,0,0,
08/27/2026,05:51:21:596,0.000000,0.000000,4,-126.15,-126.15,0,0,
08/27/2026,05:51:21:695,0.000000,0.000000,1,-83.62,-83.62,0,0,
08/27/2026,05:51:21:779,0.000000,0.000000,3,-126.41,-126.41,0,0,
08/27/2026,05:51:21:829,0.000000,0.000000,2,-125.43,-125.43,0,0,
08/27/2026,05:51:21:865,0.000000,0.000000,4,-127.13,-127.13,0,0,
08/27/2026,05:51:21:976,0.000000,0.000000,1,-86.76,-86.76,0,0,
08/27/2026,05:51:22:040,0.000000,0.000000,3,-126.68,-126.68,0,0,
08/27/2026,05:51:22:117,0.000000,0.000000,2,-124.81,-124.81,0,0,
08/27/2026,05:51:22:143,0.000000,0.000000,4,-125.12,-125.12,0,0,
08/27/2026,05:51:22:256,0.000000,0.000000,1,-84.65,-84.65,0,0,
08/27/2026,05:51:22:319,0.000000,0.000000,3,-126.09,-126.09,0,0,
08/27/2026,05:51:22:387,0.000000,0.000000,2,-126.36,-126.36,0,0,
08/27/2026,05:51:22:420,0.000000,0.000000,4,-126.42,-126.42,0,0,
08/27/2026,05:51:22:527,0.000000,0.000000,1,-99.97,-99.97,0,0,
08/27/2026,05:51:22:601,0.000000,0.000000,3,-125.79,-125.79,0,0,
08/27/2026,05:51:22:673,0.000000,0.000000,2,-126.59,-126.59,0,0,
08/27/2026,05:51:22:699,0.000000,0.000000,4,-126.99,-126.99,0,0,
08/27/2026,05:51:22:811,0.000000,0.000000,1,-85.22,-85.22,0,0,
08/27/2026,05:51:22:881,0.000000,0.000000,3,-126.3,-126.3,0,0,
08/27/2026,05:51:22:951,0.000000,0.000000,2,-126.42,-126.42,0,0,
08/27/2026,05:51:23:009,0.000000,0.000000,4,-126.6,-126.6,0,0,
08/27/2026,05:51:23:087,0.000000,0.000000,1,-90.84,-90.84,0,0,
08/27/2026,05:51:23:154,0.000000,0.000000,3,-124.95,-124.95,0,0,
08/27/2026,05:51:23:241,0.000000,0.000000,2,-125.99,-125.99,0,0,
08/27/2026,05:51:23:264,0.000000,0.000000,4,-126.81,-126.81,0,0,
08/27/2026,05:51:23:361,0.000000,0.000000,1,-89.22,-89.22,0,0,
08/27/2026,05:51:23:448,0.000000,0.000000,3,-126.5,-126.5,0,0,
08/27/2026,05:51:23:574,0.000000,0.000000,2,-125.95,-125.95,0,0,
08/27/2026,05:51:23:583,0.000000,0.000000,4,-125.22,-125.22,0,0,
08/27/2026,05:51:23:662,0.000000,0.000000,1,-93.27,-93.27,0,0,
08/27/2026,05:51:23:714,0.000000,0.000000,3,-126.77,-126.77,0,0,
08/27/2026,05:51:23:785,0.000000,0.000000,2,-127.2,-127.2,0,0,
08/27/2026,05:51:23:817,0.000000,0.000000,4,-126.78,-126.78,0,0,
08/27/2026,05:51:23:922,0.000000,0.000000,1,-83.3,-83.3,0,0,
08/27/2026,05:51:23:991,0.000000,0.000000,3,-127.06,-127.06,0,0,
08/27/2026,05:51:24:065,0.000000,0.000000,2,-127.15,-127.15,0,0,
08/27/2026,05:51:24:101,0.000000,0.000000,4,-126.33,-126.33,0,0,
08/27/2026,05:51:24:209,0.000000,0.000000,1,-89.32,-89.32,0,0,
08/27/2026,05:51:24:276,0.000000,0.000000,3,-125.79,-125.79,0,0,
08/27/2026,05:51:24:371,0.000000,0.000000,2,-127.64,-127.64,0,0,
08/27/2026,05:51:24:389,0.000000,0.000000,4,-125.14,-125.14,0,0,
08/27/2026,05:51:24:487,0.000000,0.000000,1,-90.62,-90.62,0,0,
08/27/2026,05:51:24:556,0.000000,0.000000,3,-126.22,-126.22,0,0,
08/27/2026,05:51:24:632,0.000000,0.000000,2,-127.29,-127.29,0,0,
08/27/2026,05:51:24:679,0.000000,0.000000,4,-126.31,-126.31,0,0,
08/27/2026,05:51:24:771,0.000000,0.000000,1,-87.29,-87.29,0,0,
08/27/2026,05:51:24:834,0.000000,0.000000,3,-128.27,-128.27,0,0,
08/27/2026,05:51:24:976,0.000000,0.000000,2,-128.15,-128.15,0,0,
08/27/2026,05:51:24:983,0.000000,0.000000,4,-127.56,-127.56,0,0,
08/27/2026,05:51:25:059,0.000000,0.000000,1,-89.62,-89.62,0,0,
08/27/2026,05:51:25:135,0.000000,0.000000,3,-125.57,-125.57,0,0,
08/27/2026,05:51:25:208,0.000000,0.000000,2,-125.87,-125.87,0,0,
08/27/2026,05:51:25:242,0.000000,0.000000,4,-125.67,-125.67,0,0,
08/27/2026,05:51:25:358,0.000000,0.000000,1,-90.6,-90.6,0,0,
08/27/2026,05:51:25:419,0.000000,0.000000,3,-128.08,-128.08,0,0,
08/27/2026,05:51:25:494,0.000000,0.000000,2,-127.68,-127.68,0,0,
08/27/2026,05:51:25:528,0.000000,0.000000,4,-125.55,-125.55,0,0,
08/27/2026,05:51:25:637,0.000000,0.000000,1,-92.42,-92.42,0,0,
08/27/2026,05:51:25:702,0.000000,0.000000,3,-127.87,-127.87,0,0,
08/27/2026,05:51:25:776,0.000000,0.000000,2,-125.16,-125.16,0,0,
08/27/2026,05:51:25:818,0.000000,0.000000,4,-126.53,-126.53,0,0,
08/27/2026,05:51:25:940,0.000000,0.000000,1,-88.04,-88.04,0,0,
08/27/2026,05:51:25:993,0.000000,0.000000,3,-124.88,-124.88,0,0,
08/27/2026,05:51:26:062,0.000000,0.000000,2,-127.2,-127.2,0,0,
08/27/2026,05:51:26:106,0.000000,0.000000,4,-125.6,-125.6,0,0,
08/27/2026,05:51:26:205,0.000000,0.000000,1,-87.24,-87.24,0,0,
08/27/2026,05:51:26:270,0.000000,0.000000,3,-124.51,-124.51,0,0,
08/27/2026,05:51:26:346,0.000000,0.000000,2,-127.12,-127.12,0,0,
08/27/2026,05:51:26:377,0.000000,0.000000,4,-125.29,-125.29,0,0,
08/27/2026,05:51:26:493,0.000000,0.000000,1,-90.78,-90.78,0,0,
08/27/2026,05:51:26:577,0.000000,0.000000,3,-126.25,-126.25,0,0,
08/27/2026,05:51:26:646,0.000000,0.000000,2,-126.63,-126.63,0,0,
08/27/2026,05:51:26:690,0.000000,0.000000,4,-127.77,-127.77,0,0,
08/27/2026,05:51:26:796,0.000000,0.000000,1,-86.99,-86.99,0,0,
08/27/2026,05:51:26:862,0.000000,0.000000,3,-127.11,-127.11,0,0,
08/27/2026,05:51:26:949,0.000000,0.000000,2,-127.06,-127.06,0,0,
08/27/2026,05:51:26:983,0.000000,0.000000,4,-127,-127,0,0,
08/27/2026,05:51:27:101,0.000000,0.000000,1,-111.47,-111.47,0,0,
08/27/2026,05:51:27:177,0.000000,0.000000,3,-125.98,-125.98,0,0,
08/27/2026,05:51:27:244,0.000000,0.000000,2,-127.25,-127.25,0,0,
08/27/2026,05:51:27:263,0.000000,0.000000,4,-126.59,-126.59,0,0,
08/27/2026,05:51:27:391,0.000000,0.000000,1,-95.56,-95.56,0,0,
08/27/2026,05:51:27:443,0.000000,0.000000,3,-127.57,-127.57,0,0,
08/27/2026,05:51:27:514,0.000000,0.000000,2,-125.55,-125.55,0,0,
08/27/2026,05:51:27:554,0.000000,0.000000,4,-125.46,-125.46,0,0,
08/27/2026,05:51:27:660,0.000000,0.000000,1,-91.28,-91.28,0,0,
08/27/2026,05:51:27:736,0.000000,0.000000,3,-126.1,-126.1,0,0,
08/27/2026,05:51:27:826,0.000000,0.000000,2,-126.56,-126.56,0,0,
08/27/2026,05:51:27:869,0.000000,0.000000,4,-126.52,-126.52,0,0,
08/27/2026,05:51:27:975,0.000000,0.000000,1,-96.24,-96.24,0,0,
08/27/2026,05:51:28:055,0.000000,0.000000,3,-124.99,-124.99,0,0,
08/27/2026,05:51:28:140,0.000000,0.000000,2,-126.55,-126.55,0,0,
08/27/2026,05:51:28:169,0.000000,0.000000,4,-126.77,-126.77,0,0,
08/27/2026,05:51:28:278,0.000000,0.000000,1,-89.05,-89.05,0,0,
08/27/2026,05:51:28:345,0.000000,0.000000,3,-126.77,-126.77,0,0,
08/27/2026,05:51:28:423,0.000000,0.000000,2,-124.64,-124.64,0,0,
08/27/2026,05:51:28:450,0.000000,0.000000,4,-124.95,-124.95,0,0,
08/27/2026,05:51:28:569,0.000000,0.000000,1,-98.58,-98.58,0,0,
08/27/2026,05:51:28:659,0.000000,0.000000,3,-126.53,-126.53,0,0,
08/27/2026,05:51:28:715,0.000000,0.000000,2,-126.99,-126.99,0,0,
08/27/2026,05:51:28:748,0.000000,0.000000,4,-124.98,-124.98,0,0,
08/27/2026,05:51:28:855,0.000000,0.000000,1,-104.43,-104.43,0,0,
08/27/2026,05:51:28:935,0.000000,0.000000,3,-125.99,-125.99,0,0,
08/27/2026,05:51:29:002,0.000000,0.000000,2,-125.12,-125.12,0,0,
08/27/2026,05:51:29:042,0.000000,0.000000,4,-127.09,-127.09,0,0,
08/27/2026,05:51:29:163,0.000000,0.000000,1,-88.1,-88.1,0,0,
08/27/2026,05:51:29:225,0.000000,0.000000,3,-125.64,-125.64,0,0,
08/27/2026,05:51:29:286,0.000000,0.000000,2,-126.36,-126.36,0,0,
08/27/2026,05:51:29:320,0.000000,0.000000,4,-126.51,-126.51,0,0,
08/27/2026,05:51:29:424,0.000000,0.000000,1,-88.9,-88.9,0,0,
08/27/2026,05:51:29:490,0.000000,0.000000,3,-125.91,-125.91,0,0,
08/27/2026,05:51:29:569,0.000000,0.000000,2,-126.49,-126.49,0,0,
08/27/2026,05:51:29:604,0.000000,0.000000,4,-125.86,-125.86,0,0,
08/27/2026,05:51:29:711,0.000000,0.000000,1,-94.93,-94.93,0,0,
08/27/2026,05:51:29:783,0.000000,0.000000,3,-126.68,-126.68,0,0,
08/27/2026,05:51:29:859,0.000000,0.000000,2,-126.68,-126.68,0,0,
08/27/2026,05:51:29:886,0.000000,0.000000,4,-127.26,-127.26,0,0,
08/27/2026,05:51:30:116,0.000000,0.000000,1,-88.39,-88.39,0,0,
08/27/2026,05:51:30:125,0.000000,0.000000,3,-126.1,-126.1,0,0,
08/27/2026,05:51:30:138,0.000000,0.000000,2,-124.9,-124.9,0,0,
08/27/2026,05:51:30:191,0.000000,0.000000,4,-126.33,-126.33,0,0,
08/27/2026,05:51:30:302,0.000000,0.000000,1,-94.79,-94.79,0,0,
08/27/2026,05:51:30:377,0.000000,0.000000,3,-126.72,-126.72,0,0,
08/27/2026,05:51:30:460,0.000000,0.000000,2,-126.85,-126.85,0,0,
08/27/2026,05:51:30:497,0.000000,0.000000,4,-127.2,-127.2,0,0,
08/27/2026,05:51:30:601,0.000000,0.000000,1,-91.71,-91.71,0,0,
08/27/2026,05:51:30:670,0.000000,0.000000,3,-125.71,-125.71,0,0,
08/27/2026,05:51:30:749,0.000000,0.000000,2,-127.38,-127.38,0,0,
08/27/2026,05:51:30:817,0.000000,0.000000,4,-127.34,-127.34,0,0,
08/27/2026,05:51:30:886,0.000000,0.000000,1,-84.79,-84.79,0,0,
08/27/2026,05:51:30:977,0.000000,0.000000,3,-127.57,-127.57,0,0,
08/27/2026,05:51:31:051,0.000000,0.000000,2,-127.46,-127.46,0,0,
08/27/2026,05:51:31:082,0.000000,0.000000,4,-126.14,-126.14,0,0,
08/27/2026,05:51:31:166,0.000000,0.000000,1,-96.78,-96.78,0,0,
08/27/2026,05:51:31:237,0.000000,0.000000,3,-124.97,-124.97,0,0,
08/27/2026,05:51:31:307,0.000000,0.000000,2,-126.96,-126.96,0,0,
08/27/2026,05:51:31:340,0.000000,0.000000,4,-126.65,-126.65,0,0,
08/27/2026,05:51:31:458,0.000000,0.000000,1,-90.77,-90.77,0,0,
08/27/2026,05:51:31:514,0.000000,0.000000,3,-127.35,-127.35,0,0,
08/27/2026,05:51:31:583,0.000000,0.000000,2,-126.44,-126.44,0,0,
08/27/2026,05:51:31:624,0.000000,0.000000,4,-125.9,-125.9,0,0,
08/27/2026,05:51:31:723,0.000000,0.000000,1,-90.72,-90.72,0,0,
08/27/2026,05:51:31:792,0.000000,0.000000,3,-126.57,-126.57,0,0,
08/27/2026,05:51:31:867,0.000000,0.000000,2,-127.05,-127.05,0,0,
08/27/2026,05:51:31:903,0.000000,0.000000,4,-125.14,-125.14,0,0,
08/27/2026,05:51:32:004,0.000000,0.000000,1,-91.48,-91.48,0,0,
08/27/2026,05:51:32:081,0.000000,0.000000,3,-126.91,-126.91,0,0,
08/27/2026,05:51:32:160,0.000000,0.000000,2,-125.55,-125.55,0,0,
08/27/2026,05:51:32:196,0.000000,0.000000,4,-127.02,-127.02,0,0,
08/27/2026,05:51:32:302,0.000000,0.000000,1,-88.61,-88.61,0,0,
08/27/2026,05:51:32:376,0.000000,0.000000,3,-127.09,-127.09,0,0,
08/27/2026,05:51:32:443,0.000000,0.000000,2,-127.62,-127.62,0,0,
08/27/2026,05:51:32:499,0.000000,0.000000,4,-126.52,-126.52,0,0,
08/27/2026,05:51:32:599,0.000000,0.000000,1,-101.45,-101.45,0,0,
08/27/2026,05:51:32:672,0.000000,0.000000,3,-126.32,-126.32,0,0,
08/27/2026,05:51:32:745,0.000000,0.000000,2,-125.62,-125.62,0,0,
08/27/2026,05:51:32:753,0.000000,0.000000,4,-128.51,-128.51,0,0,
08/27/2026,05:51:32:860,0.000000,0.000000,1,-90.56,-90.56,0,0,
08/27/2026,05:51:32:929,0.000000,0.000000,3,-127.99,-127.99,0,0,
08/27/2026,05:51:33:002,0.000000,0.000000,2,-125.87,-125.87,0,0,
08/27/2026,05:51:33:038,0.000000,0.000000,4,-126.06,-126.06,0,0,
08/27/2026,05:51:33:137,0.000000,0.000000,1,-93.02,-93.02,0,0,
08/27/2026,05:51:33:212,0.000000,0.000000,3,-125.49,-125.49,0,0,
08/27/2026,05:51:33:279,0.000000,0.000000,2,-127.8,-127.8,0,0,
08/27/2026,05:51:33:313,0.000000,0.000000,4,-126.16,-126.16,0,0,
08/27/2026,05:51:33:443,0.000000,0.000000,1,-88.28,-88.28,0,0,
08/27/2026,05:51:33:488,0.000000,0.000000,3,-126.18,-126.18,0,0,
08/27/2026,05:51:33:562,0.000000,0.000000,2,-124.31,-124.31,0,0,
08/27/2026,05:51:33:593,0.000000,0.000000,4,-127.37,-127.37,0,0,
08/27/2026,05:51:33:693,0.000000,0.000000,1,-90.79,-90.79,0,0,
08/27/2026,05:51:33:766,0.000000,0.000000,3,-127.07,-127.07,0,0,
08/27/2026,05:51:33:846,0.000000,0.000000,2,-126.77,-126.77,0,0,
08/27/2026,05:51:33:869,0.000000,0.000000,4,-127.25,-127.25,0,0,
08/27/2026,05:51:33:986,0.000000,0.000000,1,-87.85,-87.85,0,0,
08/27/2026,05:51:34:047,0.000000,0.000000,3,-126.61,-126.61,0,0,
08/27/2026,05:51:34:112,0.000000,0.000000,2,-127.12,-127.12,0,0,
08/27/2026,05:51:34:147,0.000000,0.000000,4,-125.56,-125.56,0,0,
08/27/2026,05:51:34:258,0.000000,0.000000,1,-92.41,-92.41,0,0,
08/27/2026,05:51:34:321,0.000000,0.000000,3,-127.47,-127.47,0,0,
08/27/2026,05:51:34:390,0.000000,0.000000,2,-125.8,-125.8,0,0,
08/27/2026,05:51:34:440,0.000000,0.000000,4,-126.94,-126.94,0,0,
08/27/2026,05:51:34:549,0.000000,0.000000,1,-91.24,-91.24,0,0,
08/27/2026,05:51:34:623,0.000000,0.000000,3,-126.05,-126.05,0,0,
08/27/2026,05:51:34:694,0.000000,0.000000,2,-125.62,-125.62,0,0,
08/27/2026,05:51:34:734,0.000000,0.000000,4,-125.97,-125.97,0,0,
08/27/2026,05:51:34:814,0.000000,0.000000,1,-89.13,-89.13,0,0,
08/27/2026,05:51:34:881,0.000000,0.000000,3,-127.38,-127.38,0,0,
08/27/2026,05:51:34:955,0.000000,0.000000,2,-126.09,-126.09,0,0,
08/27/2026,05:51:34:990,0.000000,0.000000,4,-125.3,-125.3,0,0,
08/27/2026,05:51:35:094,0.000000,0.000000,1,-91.33,-91.33,0,0,
08/27/2026,05:51:35:260,0.000000,0.000000,3,-126.13,-126.13,0,0,
08/27/2026,05:51:35:268,0.000000,0.000000,2,-126.96,-126.96,0,0,
08/27/2026,05:51:35:275,0.000000,0.000000,4,-124.92,-124.92,0,0,
08/27/2026,05:51:35:368,0.000000,0.000000,1,-92.16,-92.16,0,0,
08/27/2026,05:51:35:446,0.000000,0.000000,3,-126.95,-126.95,0,0,
08/27/2026,05:51:35:511,0.000000,0.000000,2,-126.82,-126.82,0,0,
08/27/2026,05:51:35:548,0.000000,0.000000,4,-126.6,-126.6,0,0,
08/27/2026,05:51:35:645,0.000000,0.000000,1,-97.2,-97.2,0,0,
08/27/2026,05:51:35:718,0.000000,0.000000,3,-126.3,-126.3,0,0,
08/27/2026,05:51:35:786,0.000000,0.000000,2,-126.19,-126.19,0,0,
08/27/2026,05:51:35:822,0.000000,0.000000,4,-126.82,-126.82,0,0,
08/27/2026,05:51:35:928,0.000000,0.000000,1,-94.82,-94.82,0,0,
08/27/2026,05:51:36:012,0.000000,0.000000,3,-126.7,-126.7,0,0,
08/27/2026,05:51:36:073,0.000000,0.000000,2,-127.11,-127.11,0,0,
08/27/2026,05:51:36:109,0.000000,0.000000,4,-126.91,-126.91,0,0,
08/27/2026,05:51:36:207,0.000000,0.000000,1,-87.27,-87.27,0,0,
08/27/2026,05:51:36:280,0.000000,0.000000,3,-127.52,-127.52,0,0,
08/27/2026,05:51:36:348,0.000000,0.000000,2,-125.63,-125.63,0,0,
08/27/2026,05:51:36:381,0.000000,0.000000,4,-126.01,-126.01,0,0,
08/27/2026,05:51:36:497,0.000000,0.000000,1,-87.23,-87.23,0,0,
08/27/2026,05:51:36:569,0.000000,0.000000,3,-127.26,-127.26,0,0,
08/27/2026,05:51:36:643,0.000000,0.000000,2,-124.25,-124.25,0,0,
08/27/2026,05:51:36:657,0.000000,0.000000,4,-126.36,-126.36,0,0,
08/27/2026,05:51:36:763,0.000000,0.000000,1,-87.48,-87.48,0,0,
08/27/2026,05:51:36:835,0.000000,0.000000,3,-126.96,-126.96,0,0,
08/27/2026,05:51:36:906,0.000000,0.000000,2,-126.61,-126.61,0,0,
08/27/2026,05:51:36:937,0.000000,0.000000,4,-126.95,-126.95,0,0,
08/27/2026,05:51:37:048,0.000000,0.000000,1,-87.58,-87.58,0,0,
08/27/2026,05:51:37:110,0.000000,0.000000,3,-127.33,-127.33,0,0,
08/27/2026,05:51:37:182,0.000000,0.000000,2,-128.07,-128.07,0,0,
08/27/2026,05:51:37:223,0.000000,0.000000,4,-126.19,-126.19,0,0,
08/27/2026,05:51:37:323,0.000000,0.000000,1,-89.31,-89.31,0,0,
08/27/2026,05:51:37:392,0.000000,0.000000,3,-127.22,-127.22,0,0,
08/27/2026,05:51:37:461,0.000000,0.000000,2,-126.4,-126.4,0,0,
08/27/2026,05:51:37:492,0.000000,0.000000,4,-127.89,-127.89,0,0,
08/27/2026,05:51:37:622,0.000000,0.000000,1,-101.16,-101.16,0,0,
08/27/2026,05:51:37:677,0.000000,0.000000,3,-126.38,-126.38,0,0,
08/27/2026,05:51:37:740,0.000000,0.000000,2,-127.13,-127.13,0,0,
08/27/2026,05:51:37:780,0.000000,0.000000,4,-126.44,-126.44,0,0,
08/27/2026,05:51:37:888,0.000000,0.000000,1,-88.54,-88.54,0,0,
08/27/2026,05:51:37:949,0.000000,0.000000,3,-126.82,-126.82,0,0,
08/27/2026,05:51:38:019,0.000000,0.000000,2,-125.78,-125.78,0,0,
08/27/2026,05:51:38:052,0.000000,0.000000,4,-126.86,-126.86,0,0,
08/27/2026,05:51:38:185,0.000000,0.000000,1,-89.9,-89.9,0,0,
08/27/2026,05:51:38:227,0.000000,0.000000,3,-126.17,-126.17,0,0,
08/27/2026,05:51:38:307,0.000000,0.000000,2,-125.86,-125.86,0,0,
08/27/2026,05:51:38:346,0.000000,0.000000,4,-127.02,-127.02,0,0,
08/27/2026,05:51:38:459,0.000000,0.000000,1,-89.59,-89.59,0,0,
08/27/2026,05:51:38:507,0.000000,0.000000,3,-126.51,-126.51,0,0,
08/27/2026,05:51:38:573,0.000000,0.000000,2,-127.14,-127.14,0,0,
08/27/2026,05:51:38:612,0.000000,0.000000,4,-126.87,-126.87,0,0,
08/27/2026,05:51:38:722,0.000000,0.000000,1,-91.2,-91.2,0,0,
08/27/2026,05:51:38:788,0.000000,0.000000,3,-125.32,-125.32,0,0,
08/27/2026,05:51:38:854,0.000000,0.000000,2,-126.59,-126.59,0,0,
08/27/2026,05:51:38:907,0.000000,0.000000,4,-124.84,-124.84,0,0,
08/27/2026,05:51:38:994,0.000000,0.000000,1,-96.19,-96.19,0,0,
08/27/2026,05:51:39:067,0.000000,0.000000,3,-127.52,-127.52,0,0,
08/27/2026,05:51:39:145,0.000000,0.000000,2,-124.21,-124.21,0,0,
08/27/2026,05:51:39:169,0.000000,0.000000,4,-126.14,-126.14,0,0,
08/27/2026,05:51:39:274,0.000000,0.000000,1,-96.89,-96.89,0,0,
08/27/2026,05:51:39:357,0.000000,0.000000,3,-125.69,-125.69,0,0,
08/27/2026,05:51:39:415,0.000000,0.000000,2,-125.18,-125.18,0,0,
08/27/2026,05:51:39:459,0.000000,0.000000,4,-125.78,-125.78,0,0,
08/27/2026,05:51:39:549,0.000000,0.000000,1,-90.77,-90.77,0,0,
08/27/2026,05:51:39:620,0.000000,0.000000,3,-125.09,-125.09,0,0,
08/27/2026,05:51:39:689,0.000000,0.000000,2,-126,-126,0,0,
08/27/2026,05:51:39:730,0.000000,0.000000,4,-126.36,-126.36,0,0,
08/27/2026,05:51:39:844,0.000000,0.000000,1,-89.88,-89.88,0,0,
08/27/2026,05:51:39:902,0.000000,0.000000,3,-126.45,-126.45,0,0,
08/27/2026,05:51:39:974,0.000000,0.000000,2,-125.71,-125.71,0,0,
08/27/2026,05:51:40:014,0.000000,0.000000,4,-127.16,-127.16,0,0,
08/27/2026,05:51:40:125,0.000000,0.000000,1,-91.29,-91.29,0,0,
08/27/2026,05:51:40:214,0.000000,0.000000,3,-127.46,-127.46,0,0,
08/27/2026,05:51:40:257,0.000000,0.000000,2,-126.18,-126.18,0,0,
08/27/2026,05:51:40:306,0.000000,0.000000,4,-126.89,-126.89,0,0,
08/27/2026,05:51:40:418,0.000000,0.000000,1,-97.55,-97.55,0,0,
08/27/2026,05:51:40:457,0.000000,0.000000,3,-126.37,-126.37,0,0,
08/27/2026,05:51:40:529,0.000000,0.000000,2,-126.14,-126.14,0,0,
08/27/2026,05:51:40:560,0.000000,0.000000,4,-126.55,-126.55,0,0,
08/27/2026,05:51:40:666,0.000000,0.000000,1,-90.85,-90.85,0,0,
08/27/2026,05:51:40:742,0.000000,0.000000,3,-125.94,-125.94,0,0,
08/27/2026,05:51:40:804,0.000000,0.000000,2,-126.94,-126.94,0,0,
08/27/2026,05:51:40:838,0.000000,0.000000,4,-125.92,-125.92,0,0,
08/27/2026,05:51:40:946,0.000000,0.000000,1,-93.2,-93.2,0,0,
08/27/2026,05:51:41:016,0.000000,0.000000,3,-125.34,-125.34,0,0,
08/27/2026,05:51:41:089,0.000000,0.000000,2,-125.16,-125.16,0,0,
08/27/2026,05:51:41:124,0.000000,0.000000,4,-126.36,-126.36,0,0,
08/27/2026,05:51:41:224,0.000000,0.000000,1,-95.81,-95.81,0,0,
08/27/2026,05:51:41:293,0.000000,0.000000,3,-125.32,-125.32,0,0,
08/27/2026,05:51:41:362,0.000000,0.000000,2,-126.85,-126.85,0,0,
08/27/2026,05:51:41:399,0.000000,0.000000,4,-125.63,-125.63,0,0,
08/27/2026,05:51:41:505,0.000000,0.000000,1,-89.17,-89.17,0,0,
08/27/2026,05:51:41:573,0.000000,0.000000,3,-126.56,-126.56,0,0,
08/27/2026,05:51:41:649,0.000000,0.000000,2,-126.42,-126.42,0,0,
08/27/2026,05:51:41:676,0.000000,0.000000,4,-127.01,-127.01,0,0,
08/27/2026,05:51:41:782,0.000000,0.000000,1,-97.08,-97.08,0,0,
08/27/2026,05:51:41:863,0.000000,0.000000,3,-126.35,-126.35,0,0,
08/27/2026,05:51:41:933,0.000000,0.000000,2,-126.38,-126.38,0,0,
08/27/2026,05:51:41:967,0.000000,0.000000,4,-124.72,-124.72,0,0,
08/27/2026,05:51:42:080,0.000000,0.000000,1,-100.65,-100.65,0,0,
08/27/2026,05:51:42:129,0.000000,0.000000,3,-126.27,-126.27,0,0,
08/27/2026,05:51:42:199,0.000000,0.000000,2,-126.87,-126.87,0,0,
08/27/2026,05:51:42:239,0.000000,0.000000,4,-126.38,-126.38,0,0,
08/27/2026,05:51:42:338,0.000000,0.000000,1,-95.27,-95.27,0,0,
08/27/2026,05:51:42:407,0.000000,0.000000,3,-124.21,-124.21,0,0,
08/27/2026,05:51:42:476,0.000000,0.000000,2,-125.74,-125.74,0,0,
08/27/2026,05:51:42:514,0.000000,0.000000,4,-126.93,-126.93,0,0,
08/27/2026,05:51:42:619,0.000000,0.000000,1,-97.97,-97.97,0,0,
08/27/2026,05:51:42:686,0.000000,0.000000,3,-127.55,-127.55,0,0,
08/27/2026,05:51:42:759,0.000000,0.000000,2,-125.84,-125.84,0,0,
08/27/2026,05:51:42:793,0.000000,0.000000,4,-125.65,-125.65,0,0,
08/27/2026,05:51:42:901,0.000000,0.000000,1,-89.96,-89.96,0,0,
08/27/2026,05:51:42:968,0.000000,0.000000,3,-124.77,-124.77,0,0,
08/27/2026,05:51:43:038,0.000000,0.000000,2,-126.89,-126.89,0,0,
08/27/2026,05:51:43:069,0.000000,0.000000,4,-125.76,-125.76,0,0,
08/27/2026,05:51:43:177,0.000000,0.000000,1,-95.62,-95.62,0,0,
08/27/2026,05:51:43:248,0.000000,0.000000,3,-126.27,-126.27,0,0,
08/27/2026,05:51:43:319,0.000000,0.000000,2,-126.99,-126.99,0,0,
08/27/2026,05:51:43:349,0.000000,0.000000,4,-126.66,-126.66,0,0,
08/27/2026,05:51:43:458,0.000000,0.000000,1,-98.46,-98.46,0,0,
08/27/2026,05:51:43:526,0.000000,0.000000,3,-124.86,-124.86,0,0,
08/27/2026,05:51:43:595,0.000000,0.000000,2,-126.35,-126.35,0,0,
08/27/2026,05:51:43:631,0.000000,0.000000,4,-124.77,-124.77,0,0,
08/27/2026,05:51:43:751,0.000000,0.000000,1,-92.44,-92.44,0,0,
08/27/2026,05:51:43:828,0.000000,0.000000,3,-126.25,-126.25,0,0,
08/27/2026,05:51:43:874,0.000000,0.000000,2,-125.58,-125.58,0,0,
08/27/2026,05:51:43:909,0.000000,0.000000,4,-126.16,-126.16,0,0,
08/27/2026,05:51:44:018,0.000000,0.000000,1,-106.47,-106.47,0,0,
08/27/2026,05:51:44:087,0.000000,0.000000,3,-124.42,-124.42,0,0,
08/27/2026,05:51:44:155,0.000000,0.000000,2,-124.27,-124.27,0,0,
08/27/2026,05:51:44:196,0.000000,0.000000,4,-127.09,-127.09,0,0,
08/27/2026,05:51:44:297,0.000000,0.000000,1,-93.44,-93.44,0,0,
08/27/2026,05:51:44:370,0.000000,0.000000,3,-128.03,-128.03,0,0,
08/27/2026,05:51:44:437,0.000000,0.000000,2,-127.92,-127.92,0,0,
08/27/2026,05:51:44:466,0.000000,0.000000,4,-126.86,-126.86,0,0,
08/27/2026,05:51:44:568,0.000000,0.000000,1,-94.25,-94.25,0,0,
08/27/2026,05:51:44:641,0.000000,0.000000,3,-126.97,-126.97,0,0,
08/27/2026,05:51:44:708,0.000000,0.000000,2,-124.87,-124.87,0,0,
08/27/2026,05:51:44:752,0.000000,0.000000,4,-127.16,-127.16,0,0,
08/27/2026,05:51:44:853,0.000000,0.000000,1,-93.63,-93.63,0,0,
08/27/2026,05:51:44:919,0.000000,0.000000,3,-126.25,-126.25,0,0,
08/27/2026,05:51:44:996,0.000000,0.000000,2,-126.24,-126.24,0,0,
08/27/2026,05:51:45:027,0.000000,0.000000,4,-125.25,-125.25,0,0,
08/27/2026,05:51:45:130,0.000000,0.000000,1,-98.13,-98.13,0,0,
08/27/2026,05:51:45:201,0.000000,0.000000,3,-125.96,-125.96,0,0,
08/27/2026,05:51:45:267,0.000000,0.000000,2,-126.13,-126.13,0,0,
08/27/2026,05:51:45:301,0.000000,0.000000,4,-127.09,-127.09,0,0,
08/27/2026,05:51:45:409,0.000000,0.000000,1,-105.86,-105.86,0,0,
08/27/2026,05:51:45:552,0.000000,0.000000,3,-127.8,-127.8,0,0,
08/27/2026,05:51:45:565,0.000000,0.000000,2,-124.75,-124.75,0,0,
08/27/2026,05:51:45:580,0.000000,0.000000,4,-127.17,-127.17,0,0,
08/27/2026,05:51:45:686,0.000000,0.000000,1,-98.08,-98.08,0,0,
08/27/2026,05:51:45:760,0.000000,0.000000,3,-126.27,-126.27,0,0,
08/27/2026,05:51:45:840,0.000000,0.000000,2,-126,-126,0,0,
08/27/2026,05:51:45:872,0.000000,0.000000,4,-125.34,-125.34,0,0,
08/27/2026,05:51:45:983,0.000000,0.000000,1,-95.11,-95.11,0,0,
08/27/2026,05:51:46:044,0.000000,0.000000,3,-125.05,-125.05,0,0,
08/27/2026,05:51:46:117,0.000000,0.000000,2,-126.25,-126.25,0,0,
08/27/2026,05:51:46:143,0.000000,0.000000,4,-126.01,-126.01,0,0,
08/27/2026,05:51:46:240,0.000000,0.000000,1,-108.24,-108.24,0,0,
08/27/2026,05:51:46:311,0.000000,0.000000,3,-125.48,-125.48,0,0,
08/27/2026,05:51:46:381,0.000000,0.000000,2,-126.97,-126.97,0,0,
08/27/2026,05:51:46:430,0.000000,0.000000,4,-125.38,-125.38,0,0,
08/27/2026,05:51:46:519,0.000000,0.000000,1,-99.56,-99.56,0,0,
08/27/2026,05:51:46:604,0.000000,0.000000,3,-125.13,-125.13,0,0,
08/27/2026,05:51:46:664,0.000000,0.000000,2,-128.06,-128.06,0,0,
08/27/2026,05:51:46:693,0.000000,0.000000,4,-126.76,-126.76,0,0,
08/27/2026,05:51:46:805,0.000000,0.000000,1,-97.35,-97.35,0,0,
08/27/2026,05:51:46:869,0.000000,0.000000,3,-127.01,-127.01,0,0,
08/27/2026,05:51:46:943,0.000000,0.000000,2,-126.08,-126.08,0,0,
08/27/2026,05:51:46:977,0.000000,0.000000,4,-127.66,-127.66,0,0,
08/27/2026,05:51:47:077,0.000000,0.000000,1,-99.67,-99.67,0,0,
08/27/2026,05:51:47:150,0.000000,0.000000,3,-128.69,-128.69,0,0,
08/27/2026,05:51:47:218,0.000000,0.000000,2,-126.14,-126.14,0,0,
08/27/2026,05:51:47:250,0.000000,0.000000,4,-125.31,-125.31,0,0,
08/27/2026,05:51:47:358,0.000000,0.000000,1,-92.24,-92.24,0,0,
08/27/2026,05:51:47:431,0.000000,0.000000,3,-123.53,-123.53,0,0,
08/27/2026,05:51:47:525,0.000000,0.000000,2,-125.78,-125.78,0,0,
08/27/2026,05:51:47:530,0.000000,0.000000,4,-124.44,-124.44,0,0,
08/27/2026,05:51:47:654,0.000000,0.000000,1,-94.13,-94.13,0,0,
08/27/2026,05:51:47:704,0.000000,0.000000,3,-125.18,-125.18,0,0,
08/27/2026,05:51:47:773,0.000000,0.000000,2,-126.31,-126.31,0,0,
08/27/2026,05:51:47:810,0.000000,0.000000,4,-125.47,-125.47,0,0,
08/27/2026,05:51:47:916,0.000000,0.000000,1,-98.29,-98.29,0,0,
08/27/2026,05:51:47:984,0.000000,0.000000,3,-127.51,-127.51,0,0,
08/27/2026,05:51:48:060,0.000000,0.000000,2,-124.87,-124.87,0,0,
08/27/2026,05:51:48:089,0.000000,0.000000,4,-126.82,-126.82,0,0,
08/27/2026,05:51:48:201,0.000000,0.000000,1,-95.52,-95.52,0,0,
08/27/2026,05:51:48:265,0.000000,0.000000,3,-126.01,-126.01,0,0,
08/27/2026,05:51:48:338,0.000000,0.000000,2,-126.87,-126.87,0,0,
08/27/2026,05:51:48:365,0.000000,0.000000,4,-127.01,-127.01,0,0,
08/27/2026,05:51:48:478,0.000000,0.000000,1,-87.89,-87.89,0,0,
08/27/2026,05:51:48:540,0.000000,0.000000,3,-126.57,-126.57,0,0,
08/27/2026,05:51:48:611,0.000000,0.000000,2,-124.83,-124.83,0,0,
08/27/2026,05:51:48:651,0.000000,0.000000,4,-126.11,-126.11,0,0,
08/27/2026,05:51:48:774,0.000000,0.000000,1,-89.8,-89.8,0,0,
08/27/2026,05:51:48:820,0.000000,0.000000,3,-125.07,-125.07,0,0,
08/27/2026,05:51:48:891,0.000000,0.000000,2,-125.1,-125.1,0,0,
08/27/2026,05:51:48:934,0.000000,0.000000,4,-124.97,-124.97,0,0,
08/27/2026,05:51:49:031,0.000000,0.000000,1,-94.95,-94.95,0,0,
08/27/2026,05:51:49:141,0.000000,0.000000,3,-128.12,-128.12,0,0,
08/27/2026,05:51:49:175,0.000000,0.000000,2,-126.86,-126.86,0,0,
08/27/2026,05:51:49:208,0.000000,0.000000,4,-126.91,-126.91,0,0,
08/27/2026,05:51:49:331,0.000000,0.000000,1,-88.86,-88.86,0,0,
08/27/2026,05:51:49:393,0.000000,0.000000,3,-127.3,-127.3,0,0,
08/27/2026,05:51:49:481,0.000000,0.000000,2,-126.57,-126.57,0,0,
08/27/2026,05:51:49:493,0.000000,0.000000,4,-126.56,-126.56,0,0,
08/27/2026,05:51:49:603,0.000000,0.000000,1,-94.5,-94.5,0,0,
08/27/2026,05:51:49:657,0.000000,0.000000,3,-126.95,-126.95,0,0,
08/27/2026,05:51:49:734,0.000000,0.000000,2,-127.34,-127.34,0,0,
08/27/2026,05:51:49:761,0.000000,0.000000,4,-126.46,-126.46,0,0,
08/27/2026,05:51:49:869,0.000000,0.000000,1,-91.86,-91.86,0,0,
08/27/2026,05:51:49:942,0.000000,0.000000,3,-125.38,-125.38,0,0,
08/27/2026,05:51:50:013,0.000000,0.000000,2,-126.49,-126.49,0,0,
08/27/2026,05:51:50:039,0.000000,0.000000,4,-127.13,-127.13,0,0,
08/27/2026,05:51:50:148,0.000000,0.000000,1,-92.72,-92.72,0,0,
08/27/2026,05:51:50:221,0.000000,0.000000,3,-126.03,-126.03,0,0,
08/27/2026,05:51:50:286,0.000000,0.000000,2,-126.61,-126.61,0,0,
08/27/2026,05:51:50:337,0.000000,0.000000,4,-124.97,-124.97,0,0,
08/27/2026,05:51:50:427,0.000000,0.000000,1,-97.43,-97.43,0,0,
08/27/2026,05:51:50:499,0.000000,0.000000,3,-127.78,-127.78,0,0,
08/27/2026,05:51:50:569,0.000000,0.000000,2,-126.39,-126.39,0,0,
08/27/2026,05:51:50:692,0.000000,0.000000,4,-124.34,-124.34,0,0,
08/27/2026,05:51:50:725,0.000000,0.000000,1,-89.86,-89.86,0,0,
08/27/2026,05:51:50:778,0.000000,0.000000,3,-124.62,-124.62,0,0,
08/27/2026,05:51:50:847,0.000000,0.000000,2,-126.06,-126.06,0,0,
08/27/2026,05:51:50:882,0.000000,0.000000,4,-124.01,-124.01,0,0,
08/27/2026,05:51:50:988,0.000000,0.000000,1,-97.41,-97.41,0,0,
08/27/2026,05:51:51:052,0.000000,0.000000,3,-126.98,-126.98,0,0,
08/27/2026,05:51:51:124,0.000000,0.000000,2,-126.59,-126.59,0,0,
08/27/2026,05:51:51:164,0.000000,0.000000,4,-127.3,-127.3,0,0,
08/27/2026,05:51:51:284,0.000000,0.000000,1,-92.02,-92.02,0,0,
08/27/2026,05:51:51:355,0.000000,0.000000,3,-125.19,-125.19,0,0,
08/27/2026,05:51:51:400,0.000000,0.000000,2,-126.85,-126.85,0,0,
08/27/2026,05:51:51:443,0.000000,0.000000,4,-126.79,-126.79,0,0,
08/27/2026,05:51:51:539,0.000000,0.000000,1,-96.58,-96.58,0,0,
08/27/2026,05:51:51:611,0.000000,0.000000,3,-126.56,-126.56,0,0,
08/27/2026,05:51:51:696,0.000000,0.000000,2,-125.35,-125.35,0,0,
08/27/2026,05:51:51:723,0.000000,0.000000,4,-125.6,-125.6,0,0,
08/27/2026,05:51:51:825,0.000000,0.000000,1,-90.59,-90.59,0,0,
08/27/2026,05:51:51:900,0.000000,0.000000,3,-126.63,-126.63,0,0,
08/27/2026,05:51:51:966,0.000000,0.000000,2,-123.47,-123.47,0,0,
08/27/2026,05:51:51:995,0.000000,0.000000,4,-125.98,-125.98,0,0,
08/27/2026,05:51:52:113,0.000000,0.000000,1,-92.12,-92.12,0,0,
08/27/2026,05:51:52:188,0.000000,0.000000,3,-126.49,-126.49,0,0,
08/27/2026,05:51:52:248,0.000000,0.000000,2,-126.42,-126.42,0,0,
08/27/2026,05:51:52:275,0.000000,0.000000,4,-126.83,-126.83,0,0,
08/27/2026,05:51:52:376,0.000000,0.000000,1,-94.28,-94.28,0,0,
08/27/2026,05:51:52:464,0.000000,0.000000,3,-128.43,-128.43,0,0,
08/27/2026,05:51:52:514,0.000000,0.000000,2,-126.75,-126.75,0,0,
08/27/2026,05:51:52:557,0.000000,0.000000,4,-125.57,-125.57,0,0,
08/27/2026,05:51:52:659,0.000000,0.000000,1,-96.25,-96.25,0,0,
08/27/2026,05:51:52:729,0.000000,0.000000,3,-127.02,-127.02,0,0,
08/27/2026,05:51:52:794,0.000000,0.000000,2,-126.59,-126.59,0,0,
08/27/2026,05:51:52:830,0.000000,0.000000,4,-125.86,-125.86,0,0,
08/27/2026,05:51:52:934,0.000000,0.000000,1,-93.25,-93.25,0,0,
08/27/2026,05:51:53:003,0.000000,0.000000,3,-124.28,-124.28,0,0,
08/27/2026,05:51:53:102,0.000000,0.000000,2,-124.02,-124.02,0,0,
08/27/2026,05:51:53:133,0.000000,0.000000,4,-125.55,-125.55,0,0,
08/27/2026,05:51:53:216,0.000000,0.000000,1,-90.49,-90.49,0,0,
08/27/2026,05:51:53:299,0.000000,0.000000,3,-127.12,-127.12,0,0,
08/27/2026,05:51:53:355,0.000000,0.000000,2,-125.37,-125.37,0,0,
08/27/2026,05:51:53:390,0.000000,0.000000,4,-125.92,-125.92,0,0,
08/27/2026,05:51:53:494,0.000000,0.000000,1,-94.06,-94.06,0,0,
08/27/2026,05:51:53:561,0.000000,0.000000,3,-125.61,-125.61,0,0,
08/27/2026,05:51:53:638,0.000000,0.000000,2,-125.53,-125.53,0,0,
08/27/2026,05:51:53:673,0.000000,0.000000,4,-125.8,-125.8,0,0,
08/27/2026,05:51:53:778,0.000000,0.000000,1,-89.45,-89.45,0,0,
08/27/2026,05:51:53:843,0.000000,0.000000,3,-125.76,-125.76,0,0,
08/27/2026,05:51:53:921,0.000000,0.000000,2,-126.6,-126.6,0,0,
08/27/2026,05:51:53:943,0.000000,0.000000,4,-124.93,-124.93,0,0,
08/27/2026,05:51:54:051,0.000000,0.000000,1,-100.42,-100.42,0,0,
08/27/2026,05:51:54:125,0.000000,0.000000,3,-126.13,-126.13,0,0,
08/27/2026,05:51:54:191,0.000000,0.000000,2,-126.31,-126.31,0,0,
08/27/2026,05:51:54:224,0.000000,0.000000,4,-126.04,-126.04,0,0,
08/27/2026,05:51:54:333,0.000000,0.000000,1,-98.62,-98.62,0,0,
08/27/2026,05:51:54:397,0.000000,0.000000,3,-123.47,-123.47,0,0,
08/27/2026,05:51:54:468,0.000000,0.000000,2,-125.81,-125.81,0,0,
08/27/2026,05:51:54:512,0.000000,0.000000,4,-126.65,-126.65,0,0,
08/27/2026,05:51:54:607,0.000000,0.000000,1,-98.98,-98.98,0,0,
08/27/2026,05:51:54:676,0.000000,0.000000,3,-124.56,-124.56,0,0,
08/27/2026,05:51:54:746,0.000000,0.000000,2,-127.29,-127.29,0,0,
08/27/2026,05:51:54:791,0.000000,0.000000,4,-125.55,-125.55,0,0,
08/27/2026,05:51:54:901,0.000000,0.000000,1,-96.17,-96.17,0,0,
08/27/2026,05:51:54:969,0.000000,0.000000,3,-127.17,-127.17,0,0,
08/27/2026,05:51:55:050,0.000000,0.000000,2,-126.1,-126.1,0,0,
08/27/2026,05:51:55:058,0.000000,0.000000,4,-126.14,-126.14,0,0,
08/27/2026,05:51:55:178,0.000000,0.000000,1,-95.31,-95.31,0,0,
08/27/2026,05:51:55:235,0.000000,0.000000,3,-124.84,-124.84,0,0,
08/27/2026,05:51:55:311,0.000000,0.000000,2,-126.19,-126.19,0,0,
08/27/2026,05:51:55:337,0.000000,0.000000,4,-127.54,-127.54,0,0,
08/27/2026,05:51:55:444,0.000000,0.000000,1,-98.56,-98.56,0,0,
08/27/2026,05:51:55:529,0.000000,0.000000,3,-126.54,-126.54,0,0,
08/27/2026,05:51:55:582,0.000000,0.000000,2,-124.67,-124.67,0,0,
08/27/2026,05:51:55:617,0.000000,0.000000,4,-126.92,-126.92,0,0,
08/27/2026,05:51:55:826,0.000000,0.000000,1,-92.45,-92.45,0,0,
08/27/2026,05:51:55:841,0.000000,0.000000,3,-127.31,-127.31,0,0,
08/27/2026,05:51:55:869,0.000000,0.000000,2,-126.33,-126.33,0,0,
08/27/2026,05:51:55:895,0.000000,0.000000,4,-126.24,-126.24,0,0,
08/27/2026,05:51:56:004,0.000000,0.000000,1,-98.06,-98.06,0,0,
08/27/2026,05:51:56:079,0.000000,0.000000,3,-125.42,-125.42,0,0,
08/27/2026,05:51:56:144,0.000000,0.000000,2,-126.34,-126.34,0,0,
08/27/2026,05:51:56:172,0.000000,0.000000,4,-126.32,-126.32,0,0,
08/27/2026,05:51:56:285,0.000000,0.000000,1,-95.11,-95.11,0,0,
08/27/2026,05:51:56:354,0.000000,0.000000,3,-126.97,-126.97,0,0,
08/27/2026,05:51:56:424,0.000000,0.000000,2,-126.12,-126.12,0,0,
08/27/2026,05:51:56:470,0.000000,0.000000,4,-126.07,-126.07,0,0,
08/27/2026,05:51:56:562,0.000000,0.000000,1,-99.03,-99.03,0,0,
08/27/2026,05:51:56:630,0.000000,0.000000,3,-126.51,-126.51,0,0,
08/27/2026,05:51:56:718,0.000000,0.000000,2,-125.83,-125.83,0,0,
08/27/2026,05:51:56:752,0.000000,0.000000,4,-126.71,-126.71,0,0,
08/27/2026,05:51:56:863,0.000000,0.000000,1,-95.6,-95.6,0,0,
08/27/2026,05:51:56:929,0.000000,0.000000,3,-126.72,-126.72,0,0,
08/27/2026,05:51:56:981,0.000000,0.000000,2,-126.1,-126.1,0,0,
08/27/2026,05:51:57:009,0.000000,0.000000,4,-126.31,-126.31,0,0,
08/27/2026,05:51:57:131,0.000000,0.000000,1,-95.08,-95.08,0,0,
08/27/2026,05:51:57:190,0.000000,0.000000,3,-128.02,-128.02,0,0,
08/27/2026,05:51:57:258,0.000000,0.000000,2,-126.27,-126.27,0,0,
08/27/2026,05:51:57:290,0.000000,0.000000,4,-126.21,-126.21,0,0,
08/27/2026,05:51:57:396,0.000000,0.000000,1,-98.28,-98.28,0,0,
08/27/2026,05:51:57:464,0.000000,0.000000,3,-125.94,-125.94,0,0,
08/27/2026,05:51:57:539,0.000000,0.000000,2,-126.09,-126.09,0,0,
08/27/2026,05:51:57:572,0.000000,0.000000,4,-126.99,-126.99,0,0,
08/27/2026,05:51:57:674,0.000000,0.000000,1,-95.51,-95.51,0,0,
08/27/2026,05:51:57:760,0.000000,0.000000,3,-125.05,-125.05,0,0,
08/27/2026,05:51:57:821,0.000000,0.000000,2,-126.03,-126.03,0,0,
08/27/2026,05:51:57:849,0.000000,0.000000,4,-127.88,-127.88,0,0,
08/27/2026,05:51:57:963,0.000000,0.000000,1,-92.72,-92.72,0,0,
08/27/2026,05:51:58:028,0.000000,0.000000,3,-126.28,-126.28,0,0,
08/27/2026,05:51:58:111,0.000000,0.000000,2,-127.65,-127.65,0,0,
08/27/2026,05:51:58:129,0.000000,0.000000,4,-126.33,-126.33,0,0,
08/27/2026,05:51:58:238,0.000000,0.000000,1,-88.96,-88.96,0,0,
08/27/2026,05:51:58:307,0.000000,0.000000,3,-123.75,-123.75,0,0,
08/27/2026,05:51:58:378,0.000000,0.000000,2,-127.52,-127.52,0,0,
08/27/2026,05:51:58:411,0.000000,0.000000,4,-124.54,-124.54,0,0,
08/27/2026,05:51:58:516,0.000000,0.000000,1,-94.21,-94.21,0,0,
08/27/2026,05:51:58:580,0.000000,0.000000,3,-127.22,-127.22,0,0,
08/27/2026,05:51:58:657,0.000000,0.000000,2,-124.02,-124.02,0,0,
08/27/2026,05:51:58:690,0.000000,0.000000,4,-125.77,-125.77,0,0,
08/27/2026,05:51:58:788,0.000000,0.000000,1,-90.85,-90.85,0,0,
08/27/2026,05:51:58:867,0.000000,0.000000,3,-125.83,-125.83,0,0,
08/27/2026,05:51:58:944,0.000000,0.000000,2,-126.72,-126.72,0,0,
08/27/2026,05:51:58:975,0.000000,0.000000,4,-126.54,-126.54,0,0,
08/27/2026,05:51:59:074,0.000000,0.000000,1,-92.69,-92.69,0,0,
08/27/2026,05:51:59:139,0.000000,0.000000,3,-125.12,-125.12,0,0,
08/27/2026,05:51:59:214,0.000000,0.000000,2,-123.4,-123.4,0,0,
08/27/2026,05:51:59:245,0.000000,0.000000,4,-126.31,-126.31,0,0,
08/27/2026,05:51:59:348,0.000000,0.000000,1,-94.44,-94.44,0,0,
08/27/2026,05:51:59:424,0.000000,0.000000,3,-126.42,-126.42,0,0,
08/27/2026,05:51:59:486,0.000000,0.000000,2,-127.16,-127.16,0,0,
08/27/2026,05:51:59:524,0.000000,0.000000,4,-126.99,-126.99,0,0,
08/27/2026,05:51:59:627,0.000000,0.000000,1,-92.87,-92.87,0,0,
08/27/2026,05:51:59:694,0.000000,0.000000,3,-126.21,-126.21,0,0,
08/27/2026,05:51:59:765,0.000000,0.000000,2,-125.79,-125.79,0,0,
08/27/2026,05:51:59:799,0.000000,0.000000,4,-128.03,-128.03,0,0,
08/27/2026,05:51:59:909,0.000000,0.000000,1,-93.82,-93.82,0,0,
08/27/2026,05:51:59:973,0.000000,0.000000,3,-125.98,-125.98,0,0,
08/27/2026,05:52:00:052,0.000000,0.000000,2,-126.85,-126.85,0,0,
08/27/2026,05:52:00:080,0.000000,0.000000,4,-125.26,-125.26,0,0,
08/27/2026,05:52:00:197,0.000000,0.000000,1,-94.54,-94.54,0,0,
08/27/2026,05:52:00:260,0.000000,0.000000,3,-127.6,-127.6,0,0,
08/27/2026,05:52:00:323,0.000000,0.000000,2,-126.71,-126.71,0,0,
08/27/2026,05:52:00:366,0.000000,0.000000,4,-125.93,-125.93,0,0,
08/27/2026,05:52:00:527,0.000000,0.000000,1,-90.43,-90.43,0,0,
08/27/2026,05:52:00:564,0.000000,0.000000,3,-124.01,-124.01,0,0,
08/27/2026,05:52:00:600,0.000000,0.000000,2,-125.72,-125.72,0,0,
08/27/2026,05:52:00:695,0.000000,0.000000,4,-126.73,-126.73,0,0,
08/27/2026,05:52:00:741,0.000000,0.000000,1,-96.91,-96.91,0,0,
08/27/2026,05:52:00:818,0.000000,0.000000,3,-126.35,-126.35,0,0,
08/27/2026,05:52:00:975,0.000000,0.000000,2,-126.48,-126.48,0,0,
08/27/2026,05:52:00:979,0.000000,0.000000,4,-126.56,-126.56,0,0,
08/27/2026,05:52:01:023,0.000000,0.000000,1,-93.04,-93.04,0,0,
08/27/2026,05:52:01:097,0.000000,0.000000,3,-126.61,-126.61,0,0,
08/27/2026,05:52:01:161,0.000000,0.000000,2,-126.09,-126.09,0,0,
08/27/2026,05:52:01:201,0.000000,0.000000,4,-124.26,-124.26,0,0,
08/27/2026,05:52:01:299,0.000000,0.000000,1,-91.23,-91.23,0,0,
08/27/2026,05:52:01:371,0.000000,0.000000,3,-124.11,-124.11,0,0,
08/27/2026,05:52:01:441,0.000000,0.000000,2,-124.4,-124.4,0,0,
08/27/2026,05:52:01:477,0.000000,0.000000,4,-126.06,-126.06,0,0,
08/27/2026,05:52:01:601,0.000000,0.000000,1,-94.58,-94.58,0,0,
08/27/2026,05:52:01:650,0.000000,0.000000,3,-127.04,-127.04,0,0,
08/27/2026,05:52:01:717,0.000000,0.000000,2,-127.68,-127.68,0,0,
08/27/2026,05:52:01:754,0.000000,0.000000,4,-125.31,-125.31,0,0,
08/27/2026,05:52:01:857,0.000000,0.000000,1,-92.86,-92.86,0,0,
08/27/2026,05:52:01:949,0.000000,0.000000,3,-126.83,-126.83,0,0,
08/27/2026,05:52:01:997,0.000000,0.000000,2,-125.99,-125.99,0,0,
08/27/2026,05:52:02:034,0.000000,0.000000,4,-126.37,-126.37,0,0,
08/27/2026,05:52:02:135,0.000000,0.000000,1,-92.71,-92.71,0,0,
08/27/2026,05:52:02:210,0.000000,0.000000,3,-126.34,-126.34,0,0,
08/27/2026,05:52:02:294,0.000000,0.000000,2,-126.52,-126.52,0,0,
08/27/2026,05:52:02:338,0.000000,0.000000,4,-124.77,-124.77,0,0,
08/27/2026,05:52:02:412,0.000000,0.000000,1,-94.82,-94.82,0,0,
08/27/2026,05:52:02:485,0.000000,0.000000,3,-126.32,-126.32,0,0,
08/27/2026,05:52:02:566,0.000000,0.000000,2,-125.83,-125.83,0,0,
08/27/2026,05:52:02:590,0.000000,0.000000,4,-126.23,-126.23,0,0,
08/27/2026,05:52:02:696,0.000000,0.000000,1,-92.91,-92.91,0,0,
08/27/2026,05:52:02:762,0.000000,0.000000,3,-124.92,-124.92,0,0,
08/27/2026,05:52:02:835,0.000000,0.000000,2,-128.08,-128.08,0,0,
08/27/2026,05:52:02:880,0.000000,0.000000,4,-126.93,-126.93,0,0,
08/27/2026,05:52:02:977,0.000000,0.000000,1,-93.27,-93.27,0,0,
08/27/2026,05:52:03:042,0.000000,0.000000,3,-127.2,-127.2,0,0,
08/27/2026,05:52:03:112,0.000000,0.000000,2,-126.23,-126.23,0,0,
08/27/2026,05:52:03:147,0.000000,0.000000,4,-125.18,-125.18,0,0,
08/27/2026,05:52:03:256,0.000000,0.000000,1,-92.89,-92.89,0,0,
08/27/2026,05:52:03:327,0.000000,0.000000,3,-124.35,-124.35,0,0,
08/27/2026,05:52:03:397,0.000000,0.000000,2,-127.02,-127.02,0,0,
08/27/2026,05:52:03:428,0.000000,0.000000,4,-124.98,-124.98,0,0,
08/27/2026,05:52:03:534,0.000000,0.000000,1,-98.27,-98.27,0,0,
08/27/2026,05:52:03:602,0.000000,0.000000,3,-125.3,-125.3,0,0,
08/27/2026,05:52:03:675,0.000000,0.000000,2,-126.86,-126.86,0,0,
08/27/2026,05:52:03:708,0.000000,0.000000,4,-126.33,-126.33,0,0,
08/27/2026,05:52:03:808,0.000000,0.000000,1,-95.57,-95.57,0,0,
08/27/2026,05:52:03:877,0.000000,0.000000,3,-126.9,-126.9,0,0,
08/27/2026,05:52:03:951,0.000000,0.000000,2,-125.05,-125.05,0,0,
08/27/2026,05:52:03:981,0.000000,0.000000,4,-126.33,-126.33,0,0,
08/27/2026,05:52:04:098,0.000000,0.000000,1,-99.07,-99.07,0,0,
08/27/2026,05:52:04:176,0.000000,0.000000,3,-126.7,-126.7,0,0,
08/27/2026,05:52:04:226,0.000000,0.000000,2,-125.59,-125.59,0,0,
08/27/2026,05:52:04:259,0.000000,0.000000,4,-127.59,-127.59,0,0,
08/27/2026,05:52:04:371,0.000000,0.000000,1,-93.71,-93.71,0,0,
08/27/2026,05:52:04:434,0.000000,0.000000,3,-126.09,-126.09,0,0,
08/27/2026,05:52:04:519,0.000000,0.000000,2,-126.72,-126.72,0,0,
08/27/2026,05:52:04:552,0.000000,0.000000,4,-126.81,-126.81,0,0,
08/27/2026,05:52:04:657,0.000000,0.000000,1,-100.88,-100.88,0,0,
08/27/2026,05:52:04:743,0.000000,0.000000,3,-126.31,-126.31,0,0,
08/27/2026,05:52:04:792,0.000000,0.000000,2,-124.73,-124.73,0,0,
08/27/2026,05:52:04:832,0.000000,0.000000,4,-127,-127,0,0,
08/27/2026,05:52:04:933,0.000000,0.000000,1,-100.49,-100.49,0,0,
08/27/2026,05:52:05:006,0.000000,0.000000,3,-126.98,-126.98,0,0,
08/27/2026,05:52:05:074,0.000000,0.000000,2,-123.93,-123.93,0,0,
08/27/2026,05:52:05:109,0.000000,0.000000,4,-125.92,-125.92,0,0,
08/27/2026,05:52:05:220,0.000000,0.000000,1,-94.53,-94.53,0,0,
08/27/2026,05:52:05:286,0.000000,0.000000,3,-126.65,-126.65,0,0,
08/27/2026,05:52:05:360,0.000000,0.000000,2,-127.32,-127.32,0,0,
08/27/2026,05:52:05:388,0.000000,0.000000,4,-126.12,-126.12,0,0,
08/27/2026,05:52:05:499,0.000000,0.000000,1,-99.17,-99.17,0,0,
08/27/2026,05:52:05:580,0.000000,0.000000,3,-126.59,-126.59,0,0,
08/27/2026,05:52:05:655,0.000000,0.000000,2,-125.89,-125.89,0,0,
08/27/2026,05:52:05:687,0.000000,0.000000,4,-126.01,-126.01,0,0,
08/27/2026,05:52:05:790,0.000000,0.000000,1,-102.47,-102.47,0,0,
08/27/2026,05:52:05:869,0.000000,0.000000,3,-125.51,-125.51,0,0,
08/27/2026,05:52:05:936,0.000000,0.000000,2,-124.6,-124.6,0,0,
08/27/2026,05:52:05:968,0.000000,0.000000,4,-128.15,-128.15,0,0,
08/27/2026,05:52:06:123,0.000000,0.000000,1,-99.39,-99.39,0,0,
08/27/2026,05:52:06:138,0.000000,0.000000,3,-126.39,-126.39,0,0,
08/27/2026,05:52:06:223,0.000000,0.000000,2,-125.47,-125.47,0,0,
08/27/2026,05:52:06:266,0.000000,0.000000,4,-125.47,-125.47,0,0,
08/27/2026,05:52:06:353,0.000000,0.000000,1,-103.01,-103.01,0,0,
08/27/2026,05:52:06:425,0.000000,0.000000,3,-124.76,-124.76,0,0,
08/27/2026,05:52:06:502,0.000000,0.000000,2,-127,-127,0,0,
08/27/2026,05:52:06:532,0.000000,0.000000,4,-126.84,-126.84,0,0,
08/27/2026,05:52:06:640,0.000000,0.000000,1,-98.35,-98.35,0,0,
08/27/2026,05:52:06:719,0.000000,0.000000,3,-128.08,-128.08,0,0,
08/27/2026,05:52:06:786,0.000000,0.000000,2,-126.49,-126.49,0,0,
08/27/2026,05:52:06:817,0.000000,0.000000,4,-126.59,-126.59,0,0,
08/27/2026,05:52:06:916,0.000000,0.000000,1,-97.13,-97.13,0,0,
08/27/2026,05:52:06:986,0.000000,0.000000,3,-126.14,-126.14,0,0,
08/27/2026,05:52:07:067,0.000000,0.000000,2,-125.79,-125.79,0,0,
08/27/2026,05:52:07:096,0.000000,0.000000,4,-126.3,-126.3,0,0,
08/27/2026,05:52:07:196,0.000000,0.000000,1,-103.63,-103.63,0,0,
08/27/2026,05:52:07:270,0.000000,0.000000,3,-125.55,-125.55,0,0,
08/27/2026,05:52:07:337,0.000000,0.000000,2,-126.16,-126.16,0,0,
08/27/2026,05:52:07:379,0.000000,0.000000,4,-125.02,-125.02,0,0,
08/27/2026,05:52:07:476,0.000000,0.000000,1,-100.78,-100.78,0,0,
08/27/2026,05:52:07:543,0.000000,0.000000,3,-127.14,-127.14,0,0,
08/27/2026,05:52:07:614,0.000000,0.000000,2,-126.92,-126.92,0,0,
08/27/2026,05:52:07:647,0.000000,0.000000,4,-126.28,-126.28,0,0,
08/27/2026,05:52:07:764,0.000000,0.000000,1,-96.99,-96.99,0,0,
08/27/2026,05:52:07:820,0.000000,0.000000,3,-126.28,-126.28,0,0,
08/27/2026,05:52:07:922,0.000000,0.000000,2,-126.95,-126.95,0,0,
08/27/2026,05:52:07:924,0.000000,0.000000,4,-125.28,-125.28,0,0,
08/27/2026,05:52:08:045,0.000000,0.000000,1,-99.52,-99.52,0,0,
08/27/2026,05:52:08:115,0.000000,0.000000,3,-125.73,-125.73,0,0,
08/27/2026,05:52:08:185,0.000000,0.000000,2,-127.3,-127.3,0,0,
08/27/2026,05:52:08:218,0.000000,0.000000,4,-125.73,-125.73,0,0,
08/27/2026,05:52:08:343,0.000000,0.000000,1,-102.09,-102.09,0,0,
08/27/2026,05:52:08:378,0.000000,0.000000,3,-125,-125,0,0,
08/27/2026,05:52:08:453,0.000000,0.000000,2,-125.97,-125.97,0,0,
08/27/2026,05:52:08:483,0.000000,0.000000,4,-126.61,-126.61,0,0,
08/27/2026,05:52:08:588,0.000000,0.000000,1,-100.89,-100.89,0,0,
08/27/2026,05:52:08:660,0.000000,0.000000,3,-126.58,-126.58,0,0,
08/27/2026,05:52:08:735,0.000000,0.000000,2,-125.39,-125.39,0,0,
08/27/2026,05:52:08:766,0.000000,0.000000,4,-125.67,-125.67,0,0,
08/27/2026,05:52:08:873,0.000000,0.000000,1,-97.46,-97.46,0,0,
08/27/2026,05:52:08:944,0.000000,0.000000,3,-125.87,-125.87,0,0,
08/27/2026,05:52:09:016,0.000000,0.000000,2,-126.46,-126.46,0,0,
08/27/2026,05:52:09:042,0.000000,0.000000,4,-125.95,-125.95,0,0,
08/27/2026,05:52:09:153,0.000000,0.000000,1,-97.81,-97.81,0,0,
08/27/2026,05:52:09:217,0.000000,0.000000,3,-125.49,-125.49,0,0,
08/27/2026,05:52:09:289,0.000000,0.000000,2,-126.26,-126.26,0,0,
08/27/2026,05:52:09:321,0.000000,0.000000,4,-126.01,-126.01,0,0,
08/27/2026,05:52:09:428,0.000000,0.000000,1,-102.82,-102.82,0,0,
08/27/2026,05:52:09:498,0.000000,0.000000,3,-124.89,-124.89,0,0,
08/27/2026,05:52:09:568,0.000000,0.000000,2,-126.03,-126.03,0,0,
08/27/2026,05:52:09:625,0.000000,0.000000,4,-125.2,-125.2,0,0,
08/27/2026,05:52:09:705,0.000000,0.000000,1,-99.13,-99.13,0,0,
08/27/2026,05:52:09:796,0.000000,0.000000,3,-127.36,-127.36,0,0,
08/27/2026,05:52:09:843,0.000000,0.000000,2,-125.92,-125.92,0,0,
08/27/2026,05:52:09:879,0.000000,0.000000,4,-127.11,-127.11,0,0,
08/27/2026,05:52:09:994,0.000000,0.000000,1,-95.97,-95.97,0,0,
08/27/2026,05:52:10:054,0.000000,0.000000,3,-128.41,-128.41,0,0,
08/27/2026,05:52:10:125,0.000000,0.000000,2,-126.26,-126.26,0,0,
08/27/2026,05:52:10:173,0.000000,0.000000,4,-123.7,-123.7,0,0,
08/27/2026,05:52:10:279,0.000000,0.000000,1,-99.83,-99.83,0,0,
08/27/2026,05:52:10:340,0.000000,0.000000,3,-125.63,-125.63,0,0,
08/27/2026,05:52:10:411,0.000000,0.000000,2,-125.21,-125.21,0,0,
08/27/2026,05:52:10:450,0.000000,0.000000,4,-126.95,-126.95,0,0,
08/27/2026,05:52:10:564,0.000000,0.000000,1,-98.9,-98.9,0,0,
08/27/2026,05:52:10:626,0.000000,0.000000,3,-124.19,-124.19,0,0,
08/27/2026,05:52:10:699,0.000000,0.000000,2,-125.24,-125.24,0,0,
08/27/2026,05:52:10:724,0.000000,0.000000,4,-124.84,-124.84,0,0,
08/27/2026,05:52:10:827,0.000000,0.000000,1,-97.42,-97.42,0,0,
08/27/2026,05:52:10:899,0.000000,0.000000,3,-127.1,-127.1,0,0,
08/27/2026,05:52:10:969,0.000000,0.000000,2,-126.41,-126.41,0,0,
08/27/2026,05:52:11:003,0.000000,0.000000,4,-125.84,-125.84,0,0,
08/27/2026,05:52:11:114,0.000000,0.000000,1,-108.25,-108.25,0,0,
08/27/2026,05:52:11:258,0.000000,0.000000,3,-125.24,-125.24,0,0,
08/27/2026,05:52:11:270,0.000000,0.000000,2,-125.21,-125.21,0,0,
08/27/2026,05:52:11:288,0.000000,0.000000,4,-125.44,-125.44,0,0,
08/27/2026,05:52:11:390,0.000000,0.000000,1,-103.79,-103.79,0,0,
08/27/2026,05:52:11:460,0.000000,0.000000,3,-126.41,-126.41,0,0,
08/27/2026,05:52:11:528,0.000000,0.000000,2,-126.32,-126.32,0,0,
08/27/2026,05:52:11:577,0.000000,0.000000,4,-125.55,-125.55,0,0,
08/27/2026,05:52:11:692,0.000000,0.000000,1,-101.44,-101.44,0,0,
08/27/2026,05:52:11:735,0.000000,0.000000,3,-125.96,-125.96,0,0,
08/27/2026,05:52:11:810,0.000000,0.000000,2,-126.58,-126.58,0,0,
08/27/2026,05:52:11:847,0.000000,0.000000,4,-126.29,-126.29,0,0,
08/27/2026,05:52:11:949,0.000000,0.000000,1,-96.35,-96.35,0,0,
08/27/2026,05:52:12:022,0.000000,0.000000,3,-127.37,-127.37,0,0,
08/27/2026,05:52:12:083,0.000000,0.000000,2,-127.18,-127.18,0,0,
08/27/2026,05:52:12:127,0.000000,0.000000,4,-126.99,-126.99,0,0,
08/27/2026,05:52:12:228,0.000000,0.000000,1,-100.94,-100.94,0,0,
08/27/2026,05:52:12:296,0.000000,0.000000,3,-124.48,-124.48,0,0,
08/27/2026,05:52:12:368,0.000000,0.000000,2,-127.66,-127.66,0,0,
08/27/2026,05:52:12:395,0.000000,0.000000,4,-126.19,-126.19,0,0,
08/27/2026,05:52:12:508,0.000000,0.000000,1,-96.17,-96.17,0,0,
08/27/2026,05:52:12:578,0.000000,0.000000,3,-126.1,-126.1,0,0,
08/27/2026,05:52:12:641,0.000000,0.000000,2,-126.28,-126.28,0,0,
08/27/2026,05:52:12:678,0.000000,0.000000,4,-126.62,-126.62,0,0,
08/27/2026,05:52:12:782,0.000000,0.000000,1,-106.6,-106.6,0,0,
08/27/2026,05:52:12:857,0.000000,0.000000,3,-125.81,-125.81,0,0,
08/27/2026,05:52:12:939,0.000000,0.000000,2,-126.43,-126.43,0,0,
08/27/2026,05:52:12:955,0.000000,0.000000,4,-126.14,-126.14,0,0,
08/27/2026,05:52:13:059,0.000000,0.000000,1,-102.14,-102.14,0,0,
08/27/2026,05:52:13:130,0.000000,0.000000,3,-126.42,-126.42,0,0,
08/27/2026,05:52:13:200,0.000000,0.000000,2,-125.68,-125.68,0,0,
08/27/2026,05:52:13:251,0.000000,0.000000,4,-126.97,-126.97,0,0,
08/27/2026,05:52:13:346,0.000000,0.000000,1,-96.74,-96.74,0,0,
08/27/2026,05:52:13:417,0.000000,0.000000,3,-126.37,-126.37,0,0,
08/27/2026,05:52:13:494,0.000000,0.000000,2,-126.73,-126.73,0,0,
08/27/2026,05:52:13:532,0.000000,0.000000,4,-124.96,-124.96,0,0,
08/27/2026,05:52:13:617,0.000000,0.000000,1,-109.78,-109.78,0,0,
08/27/2026,05:52:13:705,0.000000,0.000000,3,-125.39,-125.39,0,0,
08/27/2026,05:52:13:763,0.000000,0.000000,2,-126.96,-126.96,0,0,
08/27/2026,05:52:13:796,0.000000,0.000000,4,-126.08,-126.08,0,0,
08/27/2026,05:52:13:902,0.000000,0.000000,1,-94.8,-94.8,0,0,
08/27/2026,05:52:13:969,0.000000,0.000000,3,-125.46,-125.46,0,0,
08/27/2026,05:52:14:037,0.000000,0.000000,2,-126.65,-126.65,0,0,
08/27/2026,05:52:14:073,0.000000,0.000000,4,-124.11,-124.11,0,0,
08/27/2026,05:52:14:182,0.000000,0.000000,1,-100.7,-100.7,0,0,
08/27/2026,05:52:14:251,0.000000,0.000000,3,-127.81,-127.81,0,0,
08/27/2026,05:52:14:322,0.000000,0.000000,2,-123.13,-123.13,0,0,
08/27/2026,05:52:14:353,0.000000,0.000000,4,-126.14,-126.14,0,0,
08/27/2026,05:52:14:456,0.000000,0.000000,1,-94.91,-94.91,0,0,
08/27/2026,05:52:14:524,0.000000,0.000000,3,-124.7,-124.7,0,0,
08/27/2026,05:52:14:603,0.000000,0.000000,2,-126.41,-126.41,0,0,
08/27/2026,05:52:14:637,0.000000,0.000000,4,-127.16,-127.16,0,0,
08/27/2026,05:52:14:743,0.000000,0.000000,1,-96.24,-96.24,0,0,
08/27/2026,05:52:14:827,0.000000,0.000000,3,-127.09,-127.09,0,0,
08/27/2026,05:52:14:885,0.000000,0.000000,2,-126.43,-126.43,0,0,
08/27/2026,05:52:14:929,0.000000,0.000000,4,-126.22,-126.22,0,0,
08/27/2026,05:52:15:025,0.000000,0.000000,1,-98.09,-98.09,0,0,
08/27/2026,05:52:15:092,0.000000,0.000000,3,-126.25,-126.25,0,0,
08/27/2026,05:52:15:160,0.000000,0.000000,2,-127.45,-127.45,0,0,
08/27/2026,05:52:15:198,0.000000,0.000000,4,-126.57,-126.57,0,0,
08/27/2026,05:52:15:304,0.000000,0.000000,1,-99.26,-99.26,0,0,
08/27/2026,05:52:15:370,0.000000,0.000000,3,-128.21,-128.21,0,0,
08/27/2026,05:52:15:444,0.000000,0.000000,2,-125.58,-125.58,0,0,
08/27/2026,05:52:15:487,0.000000,0.000000,4,-126.28,-126.28,0,0,
08/27/2026,05:52:15:581,0.000000,0.000000,1,-102.14,-102.14,0,0,
08/27/2026,05:52:15:661,0.000000,0.000000,3,-126.42,-126.42,0,0,
08/27/2026,05:52:15:729,0.000000,0.000000,2,-126.45,-126.45,0,0,
08/27/2026,05:52:15:769,0.000000,0.000000,4,-126.77,-126.77,0,0,
08/27/2026,05:52:15:880,0.000000,0.000000,1,-110.88,-110.88,0,0,
08/27/2026,05:52:15:931,0.000000,0.000000,3,-125.82,-125.82,0,0,
08/27/2026,05:52:16:027,0.000000,0.000000,2,-126.18,-126.18,0,0,
08/27/2026,05:52:16:032,0.000000,0.000000,4,-125.07,-125.07,0,0,
08/27/2026,05:52:16:139,0.000000,0.000000,1,-101.47,-101.47,0,0,
08/27/2026,05:52:16:218,0.000000,0.000000,3,-125.8,-125.8,0,0,
08/27/2026,05:52:16:398,0.000000,0.000000,2,-127.03,-127.03,0,0,
08/27/2026,05:52:16:401,0.000000,0.000000,4,-127.45,-127.45,0,0,
08/27/2026,05:52:16:417,0.000000,0.000000,1,-100.86,-100.86,0,0,
08/27/2026,05:52:16:491,0.000000,0.000000,3,-125.73,-125.73,0,0,
08/27/2026,05:52:16:562,0.000000,0.000000,2,-127.34,-127.34,0,0,
08/27/2026,05:52:16:590,0.000000,0.000000,4,-127.6,-127.6,0,0,
08/27/2026,05:52:16:698,0.000000,0.000000,1,-107.24,-107.24,0,0,
08/27/2026,05:52:16:770,0.000000,0.000000,3,-126.01,-126.01,0,0,
08/27/2026,05:52:16:848,0.000000,0.000000,2,-126.25,-126.25,0,0,
08/27/2026,05:52:16:874,0.000000,0.000000,4,-125.11,-125.11,0,0,
08/27/2026,05:52:16:973,0.000000,0.000000,1,-98.8,-98.8,0,0,
08/27/2026,05:52:17:048,0.000000,0.000000,3,-126.71,-126.71,0,0,
08/27/2026,05:52:17:117,0.000000,0.000000,2,-125.67,-125.67,0,0,
08/27/2026,05:52:17:154,0.000000,0.000000,4,-125.08,-125.08,0,0,
08/27/2026,05:52:17:325,0.000000,0.000000,1,-96.13,-96.13,0,0,
08/27/2026,05:52:17:334,0.000000,0.000000,3,-126.87,-126.87,0,0,
08/27/2026,05:52:17:411,0.000000,0.000000,2,-126.35,-126.35,0,0,
08/27/2026,05:52:17:445,0.000000,0.000000,4,-125.89,-125.89,0,0,
08/27/2026,05:52:17:534,0.000000,0.000000,1,-97.89,-97.89,0,0,
08/27/2026,05:52:17:617,0.000000,0.000000,3,-125.87,-125.87,0,0,
08/27/2026,05:52:17:689,0.000000,0.000000,2,-124.91,-124.91,0,0,
08/27/2026,05:52:17:717,0.000000,0.000000,4,-126.64,-126.64,0,0,
08/27/2026,05:52:17:819,0.000000,0.000000,1,-95.11,-95.11,0,0,
08/27/2026,05:52:17:898,0.000000,0.000000,3,-127.7,-127.7,0,0,
08/27/2026,05:52:17:965,0.000000,0.000000,2,-125.8,-125.8,0,0,
08/27/2026,05:52:18:015,0.000000,0.000000,4,-125.17,-125.17,0,0,
08/27/2026,05:52:18:101,0.000000,0.000000,1,-101.18,-101.18,0,0,
08/27/2026,05:52:18:173,0.000000,0.000000,3,-127.13,-127.13,0,0,
08/27/2026,05:52:18:244,0.000000,0.000000,2,-126.81,-126.81,0,0,
08/27/2026,05:52:18:288,0.000000,0.000000,4,-125.44,-125.44,0,0,
08/27/2026,05:52:18:393,0.000000,0.000000,1,-96.49,-96.49,0,0,
08/27/2026,05:52:18:472,0.000000,0.000000,3,-127.8,-127.8,0,0,
08/27/2026,05:52:18:547,0.000000,0.000000,2,-126.03,-126.03,0,0,
08/27/2026,05:52:18:588,0.000000,0.000000,4,-125.54,-125.54,0,0,
08/27/2026,05:52:18:693,0.000000,0.000000,1,-100.35,-100.35,0,0,
08/27/2026,05:52:18:756,0.000000,0.000000,3,-127.68,-127.68,0,0,
08/27/2026,05:52:18:835,0.000000,0.000000,2,-126.33,-126.33,0,0,
08/27/2026,05:52:18:867,0.000000,0.000000,4,-126.16,-126.16,0,0,
08/27/2026,05:52:18:971,0.000000,0.000000,1,-97.58,-97.58,0,0,
08/27/2026,05:52:19:042,0.000000,0.000000,3,-126.37,-126.37,0,0,
08/27/2026,05:52:19:114,0.000000,0.000000,2,-124.52,-124.52,0,0,
08/27/2026,05:52:19:153,0.000000,0.000000,4,-126.54,-126.54,0,0,
08/27/2026,05:52:19:264,0.000000,0.000000,1,-91.16,-91.16,0,0,
08/27/2026,05:52:19:317,0.000000,0.000000,3,-126.06,-126.06,0,0,
08/27/2026,05:52:19:388,0.000000,0.000000,2,-127.06,-127.06,0,0,
08/27/2026,05:52:19:419,0.000000,0.000000,4,-127.34,-127.34,0,0,
08/27/2026,05:52:19:523,0.000000,0.000000,1,-97.21,-97.21,0,0,
08/27/2026,05:52:19:594,0.000000,0.000000,3,-126.01,-126.01,0,0,
08/27/2026,05:52:19:663,0.000000,0.000000,2,-125.39,-125.39,0,0,
08/27/2026,05:52:19:705,0.000000,0.000000,4,-127.22,-127.22,0,0,
08/27/2026,05:52:19:819,0.000000,0.000000,1,-96.83,-96.83,0,0,
08/27/2026,05:52:19:872,0.000000,0.000000,3,-127.36,-127.36,0,0,
08/27/2026,05:52:19:940,0.000000,0.000000,2,-128.14,-128.14,0,0,
08/27/2026,05:52:19:976,0.000000,0.000000,4,-126.56,-126.56,0,0,
08/27/2026,05:52:20:086,0.000000,0.000000,1,-91.53,-91.53,0,0,
08/27/2026,05:52:20:153,0.000000,0.000000,3,-126.12,-126.12,0,0,
08/27/2026,05:52:20:234,0.000000,0.000000,2,-126.64,-126.64,0,0,
08/27/2026,05:52:20:264,0.000000,0.000000,4,-127.42,-127.42,0,0,
08/27/2026,05:52:20:373,0.000000,0.000000,1,-98.68,-98.68,0,0,
08/27/2026,05:52:20:445,0.000000,0.000000,3,-123.68,-123.68,0,0,
08/27/2026,05:52:20:514,0.000000,0.000000,2,-127.27,-127.27,0,0,
08/27/2026,05:52:20:546,0.000000,0.000000,4,-126.05,-126.05,0,0,
08/27/2026,05:52:20:649,0.000000,0.000000,1,-94.97,-94.97,0,0,
08/27/2026,05:52:20:722,0.000000,0.000000,3,-126.69,-126.69,0,0,
08/27/2026,05:52:20:799,0.000000,0.000000,2,-125.99,-125.99,0,0,
08/27/2026,05:52:20:831,0.000000,0.000000,4,-127.23,-127.23,0,0,
08/27/2026,05:52:20:926,0.000000,0.000000,1,-103.43,-103.43,0,0,
08/27/2026,05:52:21:015,0.000000,0.000000,3,-124.5,-124.5,0,0,
08/27/2026,05:52:21:070,0.000000,0.000000,2,-126.67,-126.67,0,0,
08/27/2026,05:52:21:100,0.000000,0.000000,4,-125.34,-125.34,0,0,
08/27/2026,05:52:21:214,0.000000,0.000000,1,-104.1,-104.1,0,0,
08/27/2026,05:52:21:280,0.000000,0.000000,3,-125.98,-125.98,0,0,
08/27/2026,05:52:21:361,0.000000,0.000000,2,-127.07,-127.07,0,0,
08/27/2026,05:52:21:393,0.000000,0.000000,4,-125.12,-125.12,0,0,
08/27/2026,05:52:21:555,0.000000,0.000000,1,-105.58,-105.58,0,0,
08/27/2026,05:52:21:572,0.000000,0.000000,3,-126.4,-126.4,0,0,
08/27/2026,05:52:21:650,0.000000,0.000000,2,-124.69,-124.69,0,0,
08/27/2026,05:52:21:684,0.000000,0.000000,4,-126.54,-126.54,0,0,
08/27/2026,05:52:21:785,0.000000,0.000000,1,-95.2,-95.2,0,0,
08/27/2026,05:52:21:854,0.000000,0.000000,3,-127.26,-127.26,0,0,
08/27/2026,05:52:21:929,0.000000,0.000000,2,-124.31,-124.31,0,0,
08/27/2026,05:52:21:956,0.000000,0.000000,4,-124.87,-124.87,0,0,
08/27/2026,05:52:22:082,0.000000,0.000000,1,-100.6,-100.6,0,0,
08/27/2026,05:52:22:133,0.000000,0.000000,3,-127.03,-127.03,0,0,
08/27/2026,05:52:22:220,0.000000,0.000000,2,-125.55,-125.55,0,0,
08/27/2026,05:52:22:243,0.000000,0.000000,4,-126.08,-126.08,0,0,
08/27/2026,05:52:22:342,0.000000,0.000000,1,-101.36,-101.36,0,0,
08/27/2026,05:52:22:427,0.000000,0.000000,3,-124.37,-124.37,0,0,
08/27/2026,05:52:22:493,0.000000,0.000000,2,-127.2,-127.2,0,0,
08/27/2026,05:52:22:527,0.000000,0.000000,4,-127.1,-127.1,0,0,
08/27/2026,05:52:22:634,0.000000,0.000000,1,-96.78,-96.78,0,0,
08/27/2026,05:52:22:724,0.000000,0.000000,3,-126.72,-126.72,0,0,
08/27/2026,05:52:22:792,0.000000,0.000000,2,-127.18,-127.18,0,0,
08/27/2026,05:52:22:806,0.000000,0.000000,4,-126.62,-126.62,0,0,
08/27/2026,05:52:22:910,0.000000,0.000000,1,-99.52,-99.52,0,0,
08/27/2026,05:52:22:983,0.000000,0.000000,3,-126.35,-126.35,0,0,
08/27/2026,05:52:23:052,0.000000,0.000000,2,-126.19,-126.19,0,0,
08/27/2026,05:52:23:088,0.000000,0.000000,4,-126.51,-126.51,0,0,
08/27/2026,05:52:23:191,0.000000,0.000000,1,-103.89,-103.89,0,0,
08/27/2026,05:52:23:265,0.000000,0.000000,3,-125.92,-125.92,0,0,
08/27/2026,05:52:23:328,0.000000,0.000000,2,-127.42,-127.42,0,0,
08/27/2026,05:52:23:363,0.000000,0.000000,4,-126.73,-126.73,0,0,
08/27/2026,05:52:23:472,0.000000,0.000000,1,-100.92,-100.92,0,0,
08/27/2026,05:52:23:542,0.000000,0.000000,3,-125.21,-125.21,0,0,
08/27/2026,05:52:23:607,0.000000,0.000000,2,-125.08,-125.08,0,0,
08/27/2026,05:52:23:648,0.000000,0.000000,4,-125.31,-125.31,0,0,
08/27/2026,05:52:23:753,0.000000,0.000000,1,-92.56,-92.56,0,0,
08/27/2026,05:52:23:818,0.000000,0.000000,3,-126.61,-126.61,0,0,
08/27/2026,05:52:23:886,0.000000,0.000000,2,-125.19,-125.19,0,0,
08/27/2026,05:52:23:917,0.000000,0.000000,4,-126.56,-126.56,0,0,
08/27/2026,05:52:24:030,0.000000,0.000000,1,-93.82,-93.82,0,0,
08/27/2026,05:52:24:109,0.000000,0.000000,3,-126.77,-126.77,0,0,
08/27/2026,05:52:24:173,0.000000,0.000000,2,-125.28,-125.28,0,0,
08/27/2026,05:52:24:208,0.000000,0.000000,4,-126.36,-126.36,0,0,
08/27/2026,05:52:24:322,0.000000,0.000000,1,-100.42,-100.42,0,0,
08/27/2026,05:52:24:408,0.000000,0.000000,3,-126.84,-126.84,0,0,
08/27/2026,05:52:24:486,0.000000,0.000000,2,-125.97,-125.97,0,0,
08/27/2026,05:52:24:519,0.000000,0.000000,4,-127.32,-127.32,0,0,
08/27/2026,05:52:24:650,0.000000,0.000000,1,-96.24,-96.24,0,0,
08/27/2026,05:52:24:724,0.000000,0.000000,3,-126.04,-126.04,0,0,
08/27/2026,05:52:24:797,0.000000,0.000000,2,-126.75,-126.75,0,0,
08/27/2026,05:52:24:806,0.000000,0.000000,4,-126.19,-126.19,0,0,
08/27/2026,05:52:24:930,0.000000,0.000000,1,-94.78,-94.78,0,0,
08/27/2026,05:52:24:990,0.000000,0.000000,3,-125.69,-125.69,0,0,
08/27/2026,05:52:25:051,0.000000,0.000000,2,-125.81,-125.81,0,0,
08/27/2026,05:52:25:086,0.000000,0.000000,4,-127.02,-127.02,0,0,
08/27/2026,05:52:25:190,0.000000,0.000000,1,-90.73,-90.73,0,0,
08/27/2026,05:52:25:260,0.000000,0.000000,3,-126.69,-126.69,0,0,
08/27/2026,05:52:25:332,0.000000,0.000000,2,-126.86,-126.86,0,0,
08/27/2026,05:52:25:365,0.000000,0.000000,4,-125.32,-125.32,0,0,
08/27/2026,05:52:25:476,0.000000,0.000000,1,-97.16,-97.16,0,0,
08/27/2026,05:52:25:538,0.000000,0.000000,3,-125.67,-125.67,0,0,
08/27/2026,05:52:25:620,0.000000,0.000000,2,-126,-126,0,0,
08/27/2026,05:52:25:648,0.000000,0.000000,4,-126.54,-126.54,0,0,
08/27/2026,05:52:25:749,0.000000,0.000000,1,-94.91,-94.91,0,0,
08/27/2026,05:52:25:830,0.000000,0.000000,3,-127.69,-127.69,0,0,
08/27/2026,05:52:25:892,0.000000,0.000000,2,-125.48,-125.48,0,0,
08/27/2026,05:52:25:921,0.000000,0.000000,4,-124.82,-124.82,0,0,
08/27/2026,05:52:26:029,0.000000,0.000000,1,-96.41,-96.41,0,0,
08/27/2026,05:52:26:111,0.000000,0.000000,3,-126.27,-126.27,0,0,
08/27/2026,05:52:26:174,0.000000,0.000000,2,-126.73,-126.73,0,0,
08/27/2026,05:52:26:205,0.000000,0.000000,4,-125.52,-125.52,0,0,
08/27/2026,05:52:26:308,0.000000,0.000000,1,-94.97,-94.97,0,0,
08/27/2026,05:52:26:375,0.000000,0.000000,3,-126.85,-126.85,0,0,
08/27/2026,05:52:26:450,0.000000,0.000000,2,-126.03,-126.03,0,0,
08/27/2026,05:52:26:487,0.000000,0.000000,4,-126.84,-126.84,0,0,
08/27/2026,05:52:26:683,0.000000,0.000000,1,-88.5,-88.5,0,0,
08/27/2026,05:52:26:743,0.000000,0.000000,3,-126.42,-126.42,0,0,
08/27/2026,05:52:26:754,0.000000,0.000000,2,-126.68,-126.68,0,0,
08/27/2026,05:52:26:791,0.000000,0.000000,4,-126.92,-126.92,0,0,
08/27/2026,05:52:26:874,0.000000,0.000000,1,-96.26,-96.26,0,0,
08/27/2026,05:52:26:945,0.000000,0.000000,3,-126.55,-126.55,0,0,
08/27/2026,05:52:27:003,0.000000,0.000000,2,-125.57,-125.57,0,0,
08/27/2026,05:52:27:043,0.000000,0.000000,4,-125.54,-125.54,0,0,
08/27/2026,05:52:27:149,0.000000,0.000000,1,-97.75,-97.75,0,0,
08/27/2026,05:52:27:211,0.000000,0.000000,3,-125.92,-125.92,0,0,
08/27/2026,05:52:27:286,0.000000,0.000000,2,-124.88,-124.88,0,0,
08/27/2026,05:52:27:314,0.000000,0.000000,4,-125.21,-125.21,0,0,
08/27/2026,05:52:27:422,0.000000,0.000000,1,-94.02,-94.02,0,0,
08/27/2026,05:52:27:498,0.000000,0.000000,3,-126.03,-126.03,0,0,
08/27/2026,05:52:27:565,0.000000,0.000000,2,-127.3,-127.3,0,0,
08/27/2026,05:52:27:595,0.000000,0.000000,4,-126.15,-126.15,0,0,
08/27/2026,05:52:27:703,0.000000,0.000000,1,-94.99,-94.99,0,0,
08/27/2026,05:52:27:772,0.000000,0.000000,3,-124.71,-124.71,0,0,
08/27/2026,05:52:27:842,0.000000,0.000000,2,-125.91,-125.91,0,0,
08/27/2026,05:52:27:872,0.000000,0.000000,4,-126.29,-126.29,0,0,
08/27/2026,05:52:27:988,0.000000,0.000000,1,-99.05,-99.05,0,0,
08/27/2026,05:52:28:051,0.000000,0.000000,3,-124.96,-124.96,0,0,
08/27/2026,05:52:28:130,0.000000,0.000000,2,-123.97,-123.97,0,0,
08/27/2026,05:52:28:164,0.000000,0.000000,4,-125.97,-125.97,0,0,
08/27/2026,05:52:28:268,0.000000,0.000000,1,-95.54,-95.54,0,0,
08/27/2026,05:52:28:337,0.000000,0.000000,3,-126.68,-126.68,0,0,
08/27/2026,05:52:28:414,0.000000,0.000000,2,-125.78,-125.78,0,0,
08/27/2026,05:52:28:450,0.000000,0.000000,4,-126.51,-126.51,0,0,
08/27/2026,05:52:28:555,0.000000,0.000000,1,-88.42,-88.42,0,0,
08/27/2026,05:52:28:627,0.000000,0.000000,3,-126.37,-126.37,0,0,
08/27/2026,05:52:28:719,0.000000,0.000000,2,-126.34,-126.34,0,0,
08/27/2026,05:52:28:734,0.000000,0.000000,4,-126.33,-126.33,0,0,
08/27/2026,05:52:28:840,0.000000,0.000000,1,-93.68,-93.68,0,0,
08/27/2026,05:52:28:907,0.000000,0.000000,3,-126.4,-126.4,0,0,
08/27/2026,05:52:28:976,0.000000,0.000000,2,-125.16,-125.16,0,0,
08/27/2026,05:52:29:010,0.000000,0.000000,4,-125.44,-125.44,0,0,
08/27/2026,05:52:29:117,0.000000,0.000000,1,-100.85,-100.85,0,0,
08/27/2026,05:52:29:189,0.000000,0.000000,3,-126.81,-126.81,0,0,
08/27/2026,05:52:29:258,0.000000,0.000000,2,-125.16,-125.16,0,0,
08/27/2026,05:52:29:289,0.000000,0.000000,4,-124.56,-124.56,0,0,
08/27/2026,05:52:29:399,0.000000,0.000000,1,-89.77,-89.77,0,0,
08/27/2026,05:52:29:466,0.000000,0.000000,3,-125.76,-125.76,0,0,
08/27/2026,05:52:29:540,0.000000,0.000000,2,-126.31,-126.31,0,0,
08/27/2026,05:52:29:569,0.000000,0.000000,4,-124.43,-124.43,0,0,
08/27/2026,05:52:29:671,0.000000,0.000000,1,-93.88,-93.88,0,0,
08/27/2026,05:52:29:762,0.000000,0.000000,3,-126.38,-126.38,0,0,
08/27/2026,05:52:29:819,0.000000,0.000000,2,-125.77,-125.77,0,0,
08/27/2026,05:52:29:846,0.000000,0.000000,4,-124.65,-124.65,0,0,
08/27/2026,05:52:29:949,0.000000,0.000000,1,-89.04,-89.04,0,0,
08/27/2026,05:52:30:031,0.000000,0.000000,3,-126.32,-126.32,0,0,
08/27/2026,05:52:30:088,0.000000,0.000000,2,-127,-127,0,0,
08/27/2026,05:52:30:125,0.000000,0.000000,4,-125.37,-125.37,0,0,
08/27/2026,05:52:30:239,0.000000,0.000000,1,-97.2,-97.2,0,0,
08/27/2026,05:52:30:343,0.000000,0.000000,3,-126.61,-126.61,0,0,
08/27/2026,05:52:30:382,0.000000,0.000000,2,-126.44,-126.44,0,0,
08/27/2026,05:52:30:418,0.000000,0.000000,4,-124.61,-124.61,0,0,
08/27/2026,05:52:30:534,0.000000,0.000000,1,-92.53,-92.53,0,0,
08/27/2026,05:52:30:579,0.000000,0.000000,3,-125.68,-125.68,0,0,
08/27/2026,05:52:30:654,0.000000,0.000000,2,-125.08,-125.08,0,0,
08/27/2026,05:52:30:690,0.000000,0.000000,4,-126.13,-126.13,0,0,
08/27/2026,05:52:30:790,0.000000,0.000000,1,-96.25,-96.25,0,0,
08/27/2026,05:52:30:859,0.000000,0.000000,3,-126.09,-126.09,0,0,
08/27/2026,05:52:30:926,0.000000,0.000000,2,-125.6,-125.6,0,0,
08/27/2026,05:52:30:964,0.000000,0.000000,4,-125.09,-125.09,0,0,
08/27/2026,05:52:31:071,0.000000,0.000000,1,-94.15,-94.15,0,0,
08/27/2026,05:52:31:140,0.000000,0.000000,3,-126.78,-126.78,0,0,
08/27/2026,05:52:31:211,0.000000,0.000000,2,-124.83,-124.83,0,0,
08/27/2026,05:52:31:240,0.000000,0.000000,4,-126.73,-126.73,0,0,
08/27/2026,05:52:31:367,0.000000,0.000000,1,-95.72,-95.72,0,0,
08/27/2026,05:52:31:413,0.000000,0.000000,3,-126.3,-126.3,0,0,
08/27/2026,05:52:31:487,0.000000,0.000000,2,-125.43,-125.43,0,0,
08/27/2026,05:52:31:516,0.000000,0.000000,4,-125.88,-125.88,0,0,
08/27/2026,05:52:31:641,0.000000,0.000000,1,-85.93,-85.93,0,0,
08/27/2026,05:52:31:697,0.000000,0.000000,3,-124.73,-124.73,0,0,
08/27/2026,05:52:31:838,0.000000,0.000000,2,-126.32,-126.32,0,0,
08/27/2026,05:52:31:841,0.000000,0.000000,4,-125.59,-125.59,0,0,
08/27/2026,05:52:31:907,0.000000,0.000000,1,-90.54,-90.54,0,0,
08/27/2026,05:52:31:984,0.000000,0.000000,3,-127.79,-127.79,0,0,
08/27/2026,05:52:32:056,0.000000,0.000000,2,-127.19,-127.19,0,0,
08/27/2026,05:52:32:090,0.000000,0.000000,4,-127.7,-127.7,0,0,
08/27/2026,05:52:32:191,0.000000,0.000000,1,-98.28,-98.28,0,0,
08/27/2026,05:52:32:262,0.000000,0.000000,3,-125.16,-125.16,0,0,
08/27/2026,05:52:32:342,0.000000,0.000000,2,-127.35,-127.35,0,0,
08/27/2026,05:52:32:379,0.000000,0.000000,4,-127.91,-127.91,0,0,
08/27/2026,05:52:32:493,0.000000,0.000000,1,-90.89,-90.89,0,0,
08/27/2026,05:52:32:563,0.000000,0.000000,3,-126.82,-126.82,0,0,
08/27/2026,05:52:32:624,0.000000,0.000000,2,-124.84,-124.84,0,0,
08/27/2026,05:52:32:658,0.000000,0.000000,4,-126.51,-126.51,0,0,
08/27/2026,05:52:32:763,0.000000,0.000000,1,-96.9,-96.9,0,0,
08/27/2026,05:52:32:829,0.000000,0.000000,3,-125.91,-125.91,0,0,
08/27/2026,05:52:32:897,0.000000,0.000000,2,-126.67,-126.67,0,0,
08/27/2026,05:52:32:938,0.000000,0.000000,4,-125.76,-125.76,0,0,
08/27/2026,05:52:33:042,0.000000,0.000000,1,-94.52,-94.52,0,0,
08/27/2026,05:52:33:105,0.000000,0.000000,3,-125.72,-125.72,0,0,
08/27/2026,05:52:33:195,0.000000,0.000000,2,-126.18,-126.18,0,0,
08/27/2026,05:52:33:224,0.000000,0.000000,4,-125.78,-125.78,0,0,
08/27/2026,05:52:33:316,0.000000,0.000000,1,-88.86,-88.86,0,0,
08/27/2026,05:52:33:388,0.000000,0.000000,3,-125.71,-125.71,0,0,
08/27/2026,05:52:33:480,0.000000,0.000000,2,-126.22,-126.22,0,0,
08/27/2026,05:52:33:488,0.000000,0.000000,4,-125.85,-125.85,0,0,
08/27/2026,05:52:33:610,0.000000,0.000000,1,-89.2,-89.2,0,0,
08/27/2026,05:52:33:669,0.000000,0.000000,3,-126.55,-126.55,0,0,
08/27/2026,05:52:33:738,0.000000,0.000000,2,-126.86,-126.86,0,0,
08/27/2026,05:52:33:772,0.000000,0.000000,4,-127.12,-127.12,0,0,
08/27/2026,05:52:33:873,0.000000,0.000000,1,-88.44,-88.44,0,0,
08/27/2026,05:52:33:946,0.000000,0.000000,3,-127.4,-127.4,0,0,
08/27/2026,05:52:34:018,0.000000,0.000000,2,-126.24,-126.24,0,0,
08/27/2026,05:52:34:047,0.000000,0.000000,4,-126.2,-126.2,0,0,
08/27/2026,05:52:34:165,0.000000,0.000000,1,-90.59,-90.59,0,0,
08/27/2026,05:52:34:240,0.000000,0.000000,3,-125.93,-125.93,0,0,
08/27/2026,05:52:34:317,0.000000,0.000000,2,-126.22,-126.22,0,0,
08/27/2026,05:52:34:324,0.000000,0.000000,4,-126.89,-126.89,0,0,
08/27/2026,05:52:34:434,0.000000,0.000000,1,-91.31,-91.31,0,0,
08/27/2026,05:52:34:505,0.000000,0.000000,3,-125.46,-125.46,0,0,
08/27/2026,05:52:34:572,0.000000,0.000000,2,-126.95,-126.95,0,0,
08/27/2026,05:52:34:608,0.000000,0.000000,4,-125.46,-125.46,0,0,
08/27/2026,05:52:34:716,0.000000,0.000000,1,-89.8,-89.8,0,0,
08/27/2026,05:52:34:783,0.000000,0.000000,3,-126.18,-126.18,0,0,
08/27/2026,05:52:34:849,0.000000,0.000000,2,-125.26,-125.26,0,0,
08/27/2026,05:52:34:885,0.000000,0.000000,4,-126.16,-126.16,0,0,
08/27/2026,05:52:34:989,0.000000,0.000000,1,-91.87,-91.87,0,0,
08/27/2026,05:52:35:059,0.000000,0.000000,3,-127.16,-127.16,0,0,
08/27/2026,05:52:35:130,0.000000,0.000000,2,-125.65,-125.65,0,0,
08/27/2026,05:52:35:162,0.000000,0.000000,4,-125.45,-125.45,0,0,
08/27/2026,05:52:35:270,0.000000,0.000000,1,-105.79,-105.79,0,0,
08/27/2026,05:52:35:339,0.000000,0.000000,3,-125.82,-125.82,0,0,
08/27/2026,05:52:35:414,0.000000,0.000000,2,-127.15,-127.15,0,0,
08/27/2026,05:52:35:443,0.000000,0.000000,4,-125.99,-125.99,0,0,
08/27/2026,05:52:35:554,0.000000,0.000000,1,-96.34,-96.34,0,0,
08/27/2026,05:52:35:618,0.000000,0.000000,3,-126.04,-126.04,0,0,
08/27/2026,05:52:35:689,0.000000,0.000000,2,-123.33,-123.33,0,0,
08/27/2026,05:52:35:720,0.000000,0.000000,4,-126.7,-126.7,0,0,
08/27/2026,05:52:35:846,0.000000,0.000000,1,-91.56,-91.56,0,0,
08/27/2026,05:52:35:919,0.000000,0.000000,3,-127.11,-127.11,0,0,
08/27/2026,05:52:35:963,0.000000,0.000000,2,-125.59,-125.59,0,0,
08/27/2026,05:52:36:029,0.000000,0.000000,4,-126.05,-126.05,0,0,
08/27/2026,05:52:36:115,0.000000,0.000000,1,-88.46,-88.46,0,0,
08/27/2026,05:52:36:192,0.000000,0.000000,3,-127.12,-127.12,0,0,
08/27/2026,05:52:36:269,0.000000,0.000000,2,-127.35,-127.35,0,0,
08/27/2026,05:52:36:304,0.000000,0.000000,4,-125.15,-125.15,0,0,
08/27/2026,05:52:36:411,0.000000,0.000000,1,-85.95,-85.95,0,0,
08/27/2026,05:52:36:493,0.000000,0.000000,3,-125.47,-125.47,0,0,
08/27/2026,05:52:36:564,0.000000,0.000000,2,-125.68,-125.68,0,0,
08/27/2026,05:52:36:620,0.000000,0.000000,4,-125.64,-125.64,0,0,
08/27/2026,05:52:36:721,0.000000,0.000000,1,-96.28,-96.28,0,0,
08/27/2026,05:52:36:805,0.000000,0.000000,3,-126.95,-126.95,0,0,
08/27/2026,05:52:36:966,0.000000,0.000000,2,-125.83,-125.83,0,0,
08/27/2026,05:52:36:973,0.000000,0.000000,4,-126.55,-126.55,0,0,
08/27/2026,05:52:37:033,0.000000,0.000000,1,-88.81,-88.81,0,0,
08/27/2026,05:52:37:113,0.000000,0.000000,3,-126.37,-126.37,0,0,
08/27/2026,05:52:37:186,0.000000,0.000000,2,-125.98,-125.98,0,0,
08/27/2026,05:52:37:213,0.000000,0.000000,4,-125.75,-125.75,0,0,
08/27/2026,05:52:37:327,0.000000,0.000000,1,-94.25,-94.25,0,0,
08/27/2026,05:52:37:395,0.000000,0.000000,3,-125.06,-125.06,0,0,
08/27/2026,05:52:37:464,0.000000,0.000000,2,-125.68,-125.68,0,0,
08/27/2026,05:52:37:493,0.000000,0.000000,4,-124.92,-124.92,0,0,
08/27/2026,05:52:37:602,0.000000,0.000000,1,-88.8,-88.8,0,0,
08/27/2026,05:52:37:673,0.000000,0.000000,3,-127.23,-127.23,0,0,
08/27/2026,05:52:37:737,0.000000,0.000000,2,-125.76,-125.76,0,0,
08/27/2026,05:52:37:770,0.000000,0.000000,4,-127.64,-127.64,0,0,
08/27/2026,05:52:37:883,0.000000,0.000000,1,-90.08,-90.08,0,0,
08/27/2026,05:52:37:969,0.000000,0.000000,3,-126.05,-126.05,0,0,
08/27/2026,05:52:38:045,0.000000,0.000000,2,-126.64,-126.64,0,0,
08/27/2026,05:52:38:051,0.000000,0.000000,4,-126.58,-126.58,0,0,
08/27/2026,05:52:38:156,0.000000,0.000000,1,-85.18,-85.18,0,0,
08/27/2026,05:52:38:235,0.000000,0.000000,3,-126.13,-126.13,0,0,
08/27/2026,05:52:38:302,0.000000,0.000000,2,-124.82,-124.82,0,0,
08/27/2026,05:52:38:336,0.000000,0.000000,4,-125.37,-125.37,0,0,
08/27/2026,05:52:38:441,0.000000,0.000000,1,-96.43,-96.43,0,0,
08/27/2026,05:52:38:505,0.000000,0.000000,3,-126.54,-126.54,0,0,
08/27/2026,05:52:38:573,0.000000,0.000000,2,-126.85,-126.85,0,0,
08/27/2026,05:52:38:607,0.000000,0.000000,4,-126.08,-126.08,0,0,
08/27/2026,05:52:38:737,0.000000,0.000000,1,-97.69,-97.69,0,0,
08/27/2026,05:52:38:784,0.000000,0.000000,3,-126.39,-126.39,0,0,
08/27/2026,05:52:38:856,0.000000,0.000000,2,-126.16,-126.16,0,0,
08/27/2026,05:52:38:892,0.000000,0.000000,4,-126.83,-126.83,0,0,
08/27/2026,05:52:39:000,0.000000,0.000000,1,-96.78,-96.78,0,0,
08/27/2026,05:52:39:070,0.000000,0.000000,3,-127.21,-127.21,0,0,
08/27/2026,05:52:39:134,0.000000,0.000000,2,-123.49,-123.49,0,0,
08/27/2026,05:52:39:169,0.000000,0.000000,4,-126.46,-126.46,0,0,
08/27/2026,05:52:39:284,0.000000,0.000000,1,-88.26,-88.26,0,0,
08/27/2026,05:52:39:364,0.000000,0.000000,3,-126.28,-126.28,0,0,
08/27/2026,05:52:39:440,0.000000,0.000000,2,-123.68,-123.68,0,0,
08/27/2026,05:52:39:466,0.000000,0.000000,4,-126.68,-126.68,0,0,
08/27/2026,05:52:39:603,0.000000,0.000000,1,-103.51,-103.51,0,0,
08/27/2026,05:52:39:643,0.000000,0.000000,3,-126.77,-126.77,0,0,
08/27/2026,05:52:39:718,0.000000,0.000000,2,-126.02,-126.02,0,0,
08/27/2026,05:52:39:757,0.000000,0.000000,4,-126.9,-126.9,0,0,
08/27/2026,05:52:39:851,0.000000,0.000000,1,-85.8,-85.8,0,0,
08/27/2026,05:52:39:931,0.000000,0.000000,3,-126.01,-126.01,0,0,
08/27/2026,05:52:40:019,0.000000,0.000000,2,-125.77,-125.77,0,0,
08/27/2026,05:52:40:037,0.000000,0.000000,4,-127.84,-127.84,0,0,
08/27/2026,05:52:40:152,0.000000,0.000000,1,-92.86,-92.86,0,0,
08/27/2026,05:52:40:230,0.000000,0.000000,3,-124.75,-124.75,0,0,
08/27/2026,05:52:40:303,0.000000,0.000000,2,-125.12,-125.12,0,0,
08/27/2026,05:52:40:349,0.000000,0.000000,4,-126.31,-126.31,0,0,
08/27/2026,05:52:40:448,0.000000,0.000000,1,-90.78,-90.78,0,0,
08/27/2026,05:52:40:519,0.000000,0.000000,3,-125.07,-125.07,0,0,
08/27/2026,05:52:40:597,0.000000,0.000000,2,-125.4,-125.4,0,0,
08/27/2026,05:52:40:645,0.000000,0.000000,4,-123.64,-123.64,0,0,
08/27/2026,05:52:40:756,0.000000,0.000000,1,-85.82,-85.82,0,0,
08/27/2026,05:52:40:830,0.000000,0.000000,3,-126.72,-126.72,0,0,
08/27/2026,05:52:40:901,0.000000,0.000000,2,-125.83,-125.83,0,0,
08/27/2026,05:52:40:953,0.000000,0.000000,4,-124.52,-124.52,0,0,
08/27/2026,05:52:41:059,0.000000,0.000000,1,-95.63,-95.63,0,0,
08/27/2026,05:52:41:140,0.000000,0.000000,3,-127.27,-127.27,0,0,
08/27/2026,05:52:41:220,0.000000,0.000000,2,-125.63,-125.63,0,0,
08/27/2026,05:52:41:250,0.000000,0.000000,4,-126.05,-126.05,0,0,
08/27/2026,05:52:41:366,0.000000,0.000000,1,-88.87,-88.87,0,0,
08/27/2026,05:52:41:450,0.000000,0.000000,3,-127.06,-127.06,0,0,
08/27/2026,05:52:41:531,0.000000,0.000000,2,-126.55,-126.55,0,0,
08/27/2026,05:52:41:575,0.000000,0.000000,4,-126.7,-126.7,0,0,
08/27/2026,05:52:41:688,0.000000,0.000000,1,-85.22,-85.22,0,0,
08/27/2026,05:52:41:760,0.000000,0.000000,3,-125.36,-125.36,0,0,
08/27/2026,05:52:41:837,0.000000,0.000000,2,-125.6,-125.6,0,0,
08/27/2026,05:52:41:858,0.000000,0.000000,4,-124.91,-124.91,0,0,
08/27/2026,05:52:41:963,0.000000,0.000000,1,-87.42,-87.42,0,0,
08/27/2026,05:52:42:115,0.000000,0.000000,3,-125.97,-125.97,0,0,
08/27/2026,05:52:42:122,0.000000,0.000000,2,-126.25,-126.25,0,0,
08/27/2026,05:52:42:148,0.000000,0.000000,4,-124.9,-124.9,0,0,
08/27/2026,05:52:42:266,0.000000,0.000000,1,-89.84,-89.84,0,0,
08/27/2026,05:52:42:356,0.000000,0.000000,3,-126.25,-126.25,0,0,
08/27/2026,05:52:42:413,0.000000,0.000000,2,-126.61,-126.61,0,0,
08/27/2026,05:52:42:469,0.000000,0.000000,4,-126.19,-126.19,0,0,
08/27/2026,05:52:42:576,0.000000,0.000000,1,-89.01,-89.01,0,0,
08/27/2026,05:52:42:653,0.000000,0.000000,3,-127.26,-127.26,0,0,
08/27/2026,05:52:42:737,0.000000,0.000000,2,-124.46,-124.46,0,0,
08/27/2026,05:52:42:775,0.000000,0.000000,4,-125.41,-125.41,0,0,
08/27/2026,05:52:42:891,0.000000,0.000000,1,-89.54,-89.54,0,0,
08/27/2026,05:52:42:961,0.000000,0.000000,3,-126.22,-126.22,0,0,
08/27/2026,05:52:43:035,0.000000,0.000000,2,-126.99,-126.99,0,0,
08/27/2026,05:52:43:086,0.000000,0.000000,4,-125.88,-125.88,0,0,
08/27/2026,05:52:43:170,0.000000,0.000000,1,-89.72,-89.72,0,0,
08/27/2026,05:52:43:248,0.000000,0.000000,3,-124.68,-124.68,0,0,
08/27/2026,05:52:43:311,0.000000,0.000000,2,-126.79,-126.79,0,0,
08/27/2026,05:52:43:353,0.000000,0.000000,4,-126.02,-126.02,0,0,
08/27/2026,05:52:43:482,0.000000,0.000000,1,-86.79,-86.79,0,0,
08/27/2026,05:52:43:519,0.000000,0.000000,3,-124.97,-124.97,0,0,
08/27/2026,05:52:43:591,0.000000,0.000000,2,-126.74,-126.74,0,0,
08/27/2026,05:52:43:623,0.000000,0.000000,4,-124.95,-124.95,0,0,
08/27/2026,05:52:43:733,0.000000,0.000000,1,-93.85,-93.85,0,0,
08/27/2026,05:52:43:813,0.000000,0.000000,3,-126.16,-126.16,0,0,
08/27/2026,05:52:43:887,0.000000,0.000000,2,-126.24,-126.24,0,0,
08/27/2026,05:52:43:935,0.000000,0.000000,4,-123,-123,0,0,
08/27/2026,05:52:44:034,0.000000,0.000000,1,-96.57,-96.57,0,0,
08/27/2026,05:52:44:092,0.000000,0.000000,3,-127.16,-127.16,0,0,
08/27/2026,05:52:44:188,0.000000,0.000000,2,-124.47,-124.47,0,0,
08/27/2026,05:52:44:191,0.000000,0.000000,4,-124.99,-124.99,0,0,
08/27/2026,05:52:44:297,0.000000,0.000000,1,-85.59,-85.59,0,0,
08/27/2026,05:52:44:369,0.000000,0.000000,3,-126.07,-126.07,0,0,
08/27/2026,05:52:44:454,0.000000,0.000000,2,-126.66,-126.66,0,0,
08/27/2026,05:52:44:469,0.000000,0.000000,4,-126.75,-126.75,0,0,
08/27/2026,05:52:44:575,0.000000,0.000000,1,-88.44,-88.44,0,0,
08/27/2026,05:52:44:652,0.000000,0.000000,3,-126.01,-126.01,0,0,
08/27/2026,05:52:44:727,0.000000,0.000000,2,-126.05,-126.05,0,0,
08/27/2026,05:52:44:761,0.000000,0.000000,4,-126.94,-126.94,0,0,
08/27/2026,05:52:44:871,0.000000,0.000000,1,-84.06,-84.06,0,0,
08/27/2026,05:52:44:945,0.000000,0.000000,3,-126.68,-126.68,0,0,
08/27/2026,05:52:45:004,0.000000,0.000000,2,-125.78,-125.78,0,0,
08/27/2026,05:52:45:040,0.000000,0.000000,4,-125.91,-125.91,0,0,
08/27/2026,05:52:45:168,0.000000,0.000000,1,-97.42,-97.42,0,0,
08/27/2026,05:52:45:237,0.000000,0.000000,3,-126.15,-126.15,0,0,
08/27/2026,05:52:45:315,0.000000,0.000000,2,-127.31,-127.31,0,0,
08/27/2026,05:52:45:317,0.000000,0.000000,4,-124.71,-124.71,0,0,
08/27/2026,05:52:45:425,0.000000,0.000000,1,-86.97,-86.97,0,0,
08/27/2026,05:52:45:496,0.000000,0.000000,3,-126.2,-126.2,0,0,
08/27/2026,05:52:45:566,0.000000,0.000000,2,-125.53,-125.53,0,0,
08/27/2026,05:52:45:607,0.000000,0.000000,4,-126.84,-126.84,0,0,
08/27/2026,05:52:45:700,0.000000,0.000000,1,-77.65,-77.65,0,0,
08/27/2026,05:52:45:789,0.000000,0.000000,3,-125.98,-125.98,0,0,
08/27/2026,05:52:45:844,0.000000,0.000000,2,-126.76,-126.76,0,0,
08/27/2026,05:52:45:892,0.000000,0.000000,4,-125.45,-125.45,0,0,
08/27/2026,05:52:45:994,0.000000,0.000000,1,-86.76,-86.76,0,0,
08/27/2026,05:52:46:060,0.000000,0.000000,3,-127.23,-127.23,0,0,
08/27/2026,05:52:46:141,0.000000,0.000000,2,-125.4,-125.4,0,0,
08/27/2026,05:52:46:186,0.000000,0.000000,4,-127.06,-127.06,0,0,
08/27/2026,05:52:46:300,0.000000,0.000000,1,-86.47,-86.47,0,0,
08/27/2026,05:52:46:368,0.000000,0.000000,3,-126.69,-126.69,0,0,
08/27/2026,05:52:46:440,0.000000,0.000000,2,-127.16,-127.16,0,0,
08/27/2026,05:52:46:485,0.000000,0.000000,4,-125.12,-125.12,0,0,
08/27/2026,05:52:46:619,0.000000,0.000000,1,-84.32,-84.32,0,0,
08/27/2026,05:52:46:690,0.000000,0.000000,3,-125.24,-125.24,0,0,
08/27/2026,05:52:46:760,0.000000,0.000000,2,-126.27,-126.27,0,0,
08/27/2026,05:52:46:803,0.000000,0.000000,4,-127.07,-127.07,0,0,
08/27/2026,05:52:46:934,0.000000,0.000000,1,-75.4,-75.4,0,0,
08/27/2026,05:52:47:013,0.000000,0.000000,3,-126.5,-126.5,0,0,
08/27/2026,05:52:47:081,0.000000,0.000000,2,-123.87,-123.87,0,0,
08/27/2026,05:52:47:120,0.000000,0.000000,4,-126.58,-126.58,0,0,
08/27/2026,05:52:47:255,0.000000,0.000000,1,-81.11,-81.11,0,0,
08/27/2026,05:52:47:292,0.000000,0.000000,3,-126.92,-126.92,0,0,
08/27/2026,05:52:47:370,0.000000,0.000000,2,-124.78,-124.78,0,0,
08/27/2026,05:52:47:417,0.000000,0.000000,4,-126.25,-126.25,0,0,
08/27/2026,05:52:47:531,0.000000,0.000000,1,-83.87,-83.87,0,0,
08/27/2026,05:52:47:615,0.000000,0.000000,3,-125.84,-125.84,0,0,
08/27/2026,05:52:47:683,0.000000,0.000000,2,-123.86,-123.86,0,0,
08/27/2026,05:52:47:711,0.000000,0.000000,4,-124.59,-124.59,0,0,
08/27/2026,05:52:47:818,0.000000,0.000000,1,-77.59,-77.59,0,0,
08/27/2026,05:52:47:890,0.000000,0.000000,3,-126.15,-126.15,0,0,
08/27/2026,05:52:47:956,0.000000,0.000000,2,-125.02,-125.02,0,0,
08/27/2026,05:52:48:028,0.000000,0.000000,4,-126.94,-126.94,0,0,
08/27/2026,05:52:48:113,0.000000,0.000000,1,-77.16,-77.16,0,0,
08/27/2026,05:52:48:190,0.000000,0.000000,3,-126.2,-126.2,0,0,
08/27/2026,05:52:48:257,0.000000,0.000000,2,-127.15,-127.15,0,0,
08/27/2026,05:52:48:306,0.000000,0.000000,4,-126.43,-126.43,0,0,
08/27/2026,05:52:48:407,0.000000,0.000000,1,-82.77,-82.77,0,0,
08/27/2026,05:52:48:486,0.000000,0.000000,3,-126.5,-126.5,0,0,
08/27/2026,05:52:48:560,0.000000,0.000000,2,-126.16,-126.16,0,0,
08/27/2026,05:52:48:597,0.000000,0.000000,4,-124.85,-124.85,0,0,
08/27/2026,05:52:48:713,0.000000,0.000000,1,-73.78,-73.78,0,0,
08/27/2026,05:52:48:816,0.000000,0.000000,3,-127.58,-127.58,0,0,
08/27/2026,05:52:48:855,0.000000,0.000000,2,-126.04,-126.04,0,0,
08/27/2026,05:52:48:894,0.000000,0.000000,4,-127.49,-127.49,0,0,
08/27/2026,05:52:49:008,0.000000,0.000000,1,-71.69,-71.69,0,0,
08/27/2026,05:52:49:084,0.000000,0.000000,3,-124.53,-124.53,0,0,
08/27/2026,05:52:49:149,0.000000,0.000000,2,-125.66,-125.66,0,0,
08/27/2026,05:52:49:180,0.000000,0.000000,4,-125.4,-125.4,0,0,
08/27/2026,05:52:49:291,0.000000,0.000000,1,-80.92,-80.92,0,0,
08/27/2026,05:52:49:363,0.000000,0.000000,3,-126.94,-126.94,0,0,
08/27/2026,05:52:49:447,0.000000,0.000000,2,-124.82,-124.82,0,0,
08/27/2026,05:52:49:488,0.000000,0.000000,4,-125.04,-125.04,0,0,
08/27/2026,05:52:49:595,0.000000,0.000000,1,-82.86,-82.86,0,0,
08/27/2026,05:52:49:665,0.000000,0.000000,3,-125.79,-125.79,0,0,
08/27/2026,05:52:49:732,0.000000,0.000000,2,-125.94,-125.94,0,0,
08/27/2026,05:52:49:774,0.000000,0.000000,4,-127.62,-127.62,0,0,
08/27/2026,05:52:49:887,0.000000,0.000000,1,-75.97,-75.97,0,0,
08/27/2026,05:52:49:950,0.000000,0.000000,3,-125.06,-125.06,0,0,
08/27/2026,05:52:50:028,0.000000,0.000000,2,-127.72,-127.72,0,0,
08/27/2026,05:52:50:062,0.000000,0.000000,4,-125.01,-125.01,0,0,
08/27/2026,05:52:50:178,0.000000,0.000000,1,-76.04,-76.04,0,0,
08/27/2026,05:52:50:260,0.000000,0.000000,3,-127.47,-127.47,0,0,
08/27/2026,05:52:50:340,0.000000,0.000000,2,-127.22,-127.22,0,0,
08/27/2026,05:52:50:395,0.000000,0.000000,4,-123.84,-123.84,0,0,
08/27/2026,05:52:50:503,0.000000,0.000000,1,-83.29,-83.29,0,0,
08/27/2026,05:52:50:577,0.000000,0.000000,3,-126.46,-126.46,0,0,
08/27/2026,05:52:50:672,0.000000,0.000000,2,-125.55,-125.55,0,0,
08/27/2026,05:52:50:709,0.000000,0.000000,4,-126.11,-126.11,0,0,
08/27/2026,05:52:50:822,0.000000,0.000000,1,-81.28,-81.28,0,0,
08/27/2026,05:52:50:898,0.000000,0.000000,3,-125.14,-125.14,0,0,
08/27/2026,05:52:50:976,0.000000,0.000000,2,-126.16,-126.16,0,0,
08/27/2026,05:52:51:024,0.000000,0.000000,4,-126.15,-126.15,0,0,
08/27/2026,05:52:51:141,0.000000,0.000000,1,-82.65,-82.65,0,0,
08/27/2026,05:52:51:225,0.000000,0.000000,3,-128.16,-128.16,0,0,
08/27/2026,05:52:51:301,0.000000,0.000000,2,-126.38,-126.38,0,0,
08/27/2026,05:52:51:358,0.000000,0.000000,4,-126.11,-126.11,0,0,
08/27/2026,05:52:51:446,0.000000,0.000000,1,-79.33,-79.33,0,0,
08/27/2026,05:52:51:521,0.000000,0.000000,3,-126.35,-126.35,0,0,
08/27/2026,05:52:51:601,0.000000,0.000000,2,-126.18,-126.18,0,0,
08/27/2026,05:52:51:629,0.000000,0.000000,4,-126.39,-126.39,0,0,
08/27/2026,05:52:51:736,0.000000,0.000000,1,-91.41,-91.41,0,0,
08/27/2026,05:52:51:813,0.000000,0.000000,3,-126.81,-126.81,0,0,
08/27/2026,05:52:51:878,0.000000,0.000000,2,-124.64,-124.64,0,0,
08/27/2026,05:52:51:912,0.000000,0.000000,4,-126.86,-126.86,0,0,
08/27/2026,05:52:52:019,0.000000,0.000000,1,-83.2,-83.2,0,0,
08/27/2026,05:52:52:087,0.000000,0.000000,3,-126.87,-126.87,0,0,
08/27/2026,05:52:52:153,0.000000,0.000000,2,-124.87,-124.87,0,0,
08/27/2026,05:52:52:187,0.000000,0.000000,4,-125.16,-125.16,0,0,
08/27/2026,05:52:52:396,0.000000,0.000000,1,-75.5,-75.5,0,0,
08/27/2026,05:52:52:412,0.000000,0.000000,3,-125.96,-125.96,0,0,
08/27/2026,05:52:52:437,0.000000,0.000000,2,-124.32,-124.32,0,0,
08/27/2026,05:52:52:473,0.000000,0.000000,4,-126.77,-126.77,0,0,
08/27/2026,05:52:52:578,0.000000,0.000000,1,-85.26,-85.26,0,0,
08/27/2026,05:52:52:643,0.000000,0.000000,3,-125.2,-125.2,0,0,
08/27/2026,05:52:52:752,0.000000,0.000000,2,-125.35,-125.35,0,0,
08/27/2026,05:52:52:757,0.000000,0.000000,4,-126.28,-126.28,0,0,
08/27/2026,05:52:52:863,0.000000,0.000000,1,-82.84,-82.84,0,0,
08/27/2026,05:52:52:938,0.000000,0.000000,3,-126.28,-126.28,0,0,
08/27/2026,05:52:53:011,0.000000,0.000000,2,-126.37,-126.37,0,0,
08/27/2026,05:52:53:049,0.000000,0.000000,4,-124.91,-124.91,0,0,
08/27/2026,05:52:53:149,0.000000,0.000000,1,-79.73,-79.73,0,0,
08/27/2026,05:52:53:202,0.000000,0.000000,3,-125.41,-125.41,0,0,
08/27/2026,05:52:53:294,0.000000,0.000000,2,-125.98,-125.98,0,0,
08/27/2026,05:52:53:325,0.000000,0.000000,4,-126.07,-126.07,0,0,
08/27/2026,05:52:53:443,0.000000,0.000000,1,-78.03,-78.03,0,0,
08/27/2026,05:52:53:521,0.000000,0.000000,3,-125.62,-125.62,0,0,
08/27/2026,05:52:53:604,0.000000,0.000000,2,-125.54,-125.54,0,0,
08/27/2026,05:52:53:638,0.000000,0.000000,4,-126.48,-126.48,0,0,
08/27/2026,05:52:53:783,0.000000,0.000000,1,-77.2,-77.2,0,0,
08/27/2026,05:52:53:841,0.000000,0.000000,3,-126.86,-126.86,0,0,
08/27/2026,05:52:53:918,0.000000,0.000000,2,-126.63,-126.63,0,0,
08/27/2026,05:52:53:989,0.000000,0.000000,4,-114.73,-114.73,0,0,
08/27/2026,05:52:54:099,0.000000,0.000000,1,-77.9,-77.9,0,0,
08/27/2026,05:52:54:185,0.000000,0.000000,3,-126.71,-126.71,0,0,
08/27/2026,05:52:54:261,0.000000,0.000000,2,-125.45,-125.45,0,0,
08/27/2026,05:52:54:292,0.000000,0.000000,4,-126.05,-126.05,0,0,
08/27/2026,05:52:54:428,0.000000,0.000000,1,-76,-76,0,0,
08/27/2026,05:52:54:528,0.000000,0.000000,3,-125.56,-125.56,0,0,
08/27/2026,05:52:54:595,0.000000,0.000000,2,-124.3,-124.3,0,0,
08/27/2026,05:52:54:631,0.000000,0.000000,4,-113.53,-113.53,0,0,
08/27/2026,05:52:54:749,0.000000,0.000000,1,-79.86,-79.86,0,0,
08/27/2026,05:52:54:827,0.000000,0.000000,3,-127.29,-127.29,0,0,
08/27/2026,05:52:54:877,0.000000,0.000000,2,-126.35,-126.35,0,0,
08/27/2026,05:52:54:924,0.000000,0.000000,4,-125.09,-125.09,0,0,
08/27/2026,05:52:55:040,0.000000,0.000000,1,-82.5,-82.5,0,0,
08/27/2026,05:52:55:115,0.000000,0.000000,3,-128.58,-128.58,0,0,
08/27/2026,05:52:55:191,0.000000,0.000000,2,-125.27,-125.27,0,0,
08/27/2026,05:52:55:230,0.000000,0.000000,4,-126.88,-126.88,0,0,
08/27/2026,05:52:55:362,0.000000,0.000000,1,-82.54,-82.54,0,0,
08/27/2026,05:52:55:406,0.000000,0.000000,3,-126.08,-126.08,0,0,
08/27/2026,05:52:55:477,0.000000,0.000000,2,-125.48,-125.48,0,0,
08/27/2026,05:52:55:522,0.000000,0.000000,4,-125.83,-125.83,0,0,
08/27/2026,05:52:55:634,0.000000,0.000000,1,-80.87,-80.87,0,0,
08/27/2026,05:52:55:714,0.000000,0.000000,3,-125.61,-125.61,0,0,
08/27/2026,05:52:55:796,0.000000,0.000000,2,-125.91,-125.91,0,0,
08/27/2026,05:52:55:838,0.000000,0.000000,4,-123.61,-123.61,0,0,
08/27/2026,05:52:55:954,0.000000,0.000000,1,-83.22,-83.22,0,0,
08/27/2026,05:52:56:041,0.000000,0.000000,3,-126.69,-126.69,0,0,
08/27/2026,05:52:56:117,0.000000,0.000000,2,-124.23,-124.23,0,0,
08/27/2026,05:52:56:177,0.000000,0.000000,4,-125.73,-125.73,0,0,
08/27/2026,05:52:56:274,0.000000,0.000000,1,-73.35,-73.35,0,0,
08/27/2026,05:52:56:372,0.000000,0.000000,3,-125.23,-125.23,0,0,
08/27/2026,05:52:56:453,0.000000,0.000000,2,-124.33,-124.33,0,0,
08/27/2026,05:52:56:486,0.000000,0.000000,4,-126.36,-126.36,0,0,
08/27/2026,05:52:56:599,0.000000,0.000000,1,-73.46,-73.46,0,0,
08/27/2026,05:52:56:649,0.000000,0.000000,3,-126.92,-126.92,0,0,
08/27/2026,05:52:56:714,0.000000,0.000000,2,-124.4,-124.4,0,0,
08/27/2026,05:52:56:750,0.000000,0.000000,4,-123.79,-123.79,0,0,
08/27/2026,05:52:56:852,0.000000,0.000000,1,-82.06,-82.06,0,0,
08/27/2026,05:52:56:943,0.000000,0.000000,3,-125.63,-125.63,0,0,
08/27/2026,05:52:57:003,0.000000,0.000000,2,-122.99,-122.99,0,0,
08/27/2026,05:52:57:040,0.000000,0.000000,4,-125.8,-125.8,0,0,
08/27/2026,05:52:57:155,0.000000,0.000000,1,-76.85,-76.85,0,0,
08/27/2026,05:52:57:226,0.000000,0.000000,3,-125.6,-125.6,0,0,
08/27/2026,05:52:57:295,0.000000,0.000000,2,-125.36,-125.36,0,0,
08/27/2026,05:52:57:327,0.000000,0.000000,4,-125.91,-125.91,0,0,
08/27/2026,05:52:57:538,0.000000,0.000000,1,-71.18,-71.18,0,0,
08/27/2026,05:52:57:547,0.000000,0.000000,3,-127,-127,0,0,
08/27/2026,05:52:57:584,0.000000,0.000000,2,-124.78,-124.78,0,0,
08/27/2026,05:52:57:615,0.000000,0.000000,4,-126.3,-126.3,0,0,
08/27/2026,05:52:57:723,0.000000,0.000000,1,-73.98,-73.98,0,0,
08/27/2026,05:52:57:796,0.000000,0.000000,3,-123.95,-123.95,0,0,
08/27/2026,05:52:57:861,0.000000,0.000000,2,-118.66,-118.66,0,0,
08/27/2026,05:52:57:921,0.000000,0.000000,4,-125.63,-125.63,0,0,
08/27/2026,05:52:58:000,0.000000,0.000000,1,-66.95,-66.95,0,0,
08/27/2026,05:52:58:069,0.000000,0.000000,3,-127.57,-127.57,0,0,
08/27/2026,05:52:58:138,0.000000,0.000000,2,-127.23,-127.23,0,0,
08/27/2026,05:52:58:192,0.000000,0.000000,4,-126.19,-126.19,0,0,
08/27/2026,05:52:58:313,0.000000,0.000000,1,-69.98,-69.98,0,0,
08/27/2026,05:52:58:386,0.000000,0.000000,3,-107.64,-107.64,0,0,
08/27/2026,05:52:58:458,0.000000,0.000000,2,-124.97,-124.97,0,0,
08/27/2026,05:52:58:471,0.000000,0.000000,4,-126.08,-126.08,0,0,
08/27/2026,05:52:58:577,0.000000,0.000000,1,-66.96,-66.96,0,0,
08/27/2026,05:52:58:645,0.000000,0.000000,3,-125.71,-125.71,0,0,
08/27/2026,05:52:58:723,0.000000,0.000000,2,-122.93,-122.93,0,0,
08/27/2026,05:52:58:756,0.000000,0.000000,4,-127.46,-127.46,0,0,
08/27/2026,05:52:58:858,0.000000,0.000000,1,-72.36,-72.36,0,0,
08/27/2026,05:52:58:935,0.000000,0.000000,3,-124.18,-124.18,0,0,
08/27/2026,05:52:59:004,0.000000,0.000000,2,-125.51,-125.51,0,0,
08/27/2026,05:52:59:045,0.000000,0.000000,4,-125.13,-125.13,0,0,
08/27/2026,05:52:59:148,0.000000,0.000000,1,-77.04,-77.04,0,0,
08/27/2026,05:52:59:213,0.000000,0.000000,3,-127.6,-127.6,0,0,
08/27/2026,05:52:59:291,0.000000,0.000000,2,-126.83,-126.83,0,0,
08/27/2026,05:52:59:320,0.000000,0.000000,4,-126.55,-126.55,0,0,
08/27/2026,05:52:59:422,0.000000,0.000000,1,-78.09,-78.09,0,0,
08/27/2026,05:52:59:495,0.000000,0.000000,3,-127.13,-127.13,0,0,
08/27/2026,05:52:59:573,0.000000,0.000000,2,-124.3,-124.3,0,0,
08/27/2026,05:52:59:604,0.000000,0.000000,4,-124.79,-124.79,0,0,
08/27/2026,05:52:59:701,0.000000,0.000000,1,-87.19,-87.19,0,0,
08/27/2026,05:52:59:771,0.000000,0.000000,3,-127.15,-127.15,0,0,
08/27/2026,05:52:59:848,0.000000,0.000000,2,-126.42,-126.42,0,0,
08/27/2026,05:52:59:880,0.000000,0.000000,4,-125.58,-125.58,0,0,
08/27/2026,05:53:00:000,0.000000,0.000000,1,-85.99,-85.99,0,0,
08/27/2026,05:53:00:072,0.000000,0.000000,3,-123.97,-123.97,0,0,
08/27/2026,05:53:00:149,0.000000,0.000000,2,-125.32,-125.32,0,0,
08/27/2026,05:53:00:154,0.000000,0.000000,4,-124.67,-124.67,0,0,
08/27/2026,05:53:00:272,0.000000,0.000000,1,-84.48,-84.48,0,0,
08/27/2026,05:53:00:344,0.000000,0.000000,3,-126.16,-126.16,0,0,
08/27/2026,05:53:00:410,0.000000,0.000000,2,-127.46,-127.46,0,0,
08/27/2026,05:53:00:443,0.000000,0.000000,4,-127.53,-127.53,0,0,
08/27/2026,05:53:00:570,0.000000,0.000000,1,-85.83,-85.83,0,0,
08/27/2026,05:53:00:632,0.000000,0.000000,3,-127.02,-127.02,0,0,
08/27/2026,05:53:00:708,0.000000,0.000000,2,-122.75,-122.75,0,0,
08/27/2026,05:53:00:735,0.000000,0.000000,4,-126.73,-126.73,0,0,
08/27/2026,05:53:00:843,0.000000,0.000000,1,-84.56,-84.56,0,0,
08/27/2026,05:53:00:914,0.000000,0.000000,3,-124.85,-124.85,0,0,
08/27/2026,05:53:00:983,0.000000,0.000000,2,-126.03,-126.03,0,0,
08/27/2026,05:53:01:014,0.000000,0.000000,4,-125.05,-125.05,0,0,
08/27/2026,05:53:01:121,0.000000,0.000000,1,-79.69,-79.69,0,0,
08/27/2026,05:53:01:187,0.000000,0.000000,3,-126.3,-126.3,0,0,
08/27/2026,05:53:01:256,0.000000,0.000000,2,-125.47,-125.47,0,0,
08/27/2026,05:53:01:296,0.000000,0.000000,4,-127.24,-127.24,0,0,
08/27/2026,05:53:01:395,0.000000,0.000000,1,-88.4,-88.4,0,0,
08/27/2026,05:53:01:469,0.000000,0.000000,3,-126.14,-126.14,0,0,
08/27/2026,05:53:01:543,0.000000,0.000000,2,-124.99,-124.99,0,0,
08/27/2026,05:53:01:576,0.000000,0.000000,4,-124.34,-124.34,0,0,
08/27/2026,05:53:01:673,0.000000,0.000000,1,-89.84,-89.84,0,0,
08/27/2026,05:53:01:767,0.000000,0.000000,3,-123.63,-123.63,0,0,
08/27/2026,05:53:01:840,0.000000,0.000000,2,-125.15,-125.15,0,0,
08/27/2026,05:53:01:875,0.000000,0.000000,4,-126.02,-126.02,0,0,
08/27/2026,05:53:01:997,0.000000,0.000000,1,-86.56,-86.56,0,0,
08/27/2026,05:53:02:037,0.000000,0.000000,3,-126.82,-126.82,0,0,
08/27/2026,05:53:02:127,0.000000,0.000000,2,-123.67,-123.67,0,0,
08/27/2026,05:53:02:135,0.000000,0.000000,4,-125.04,-125.04,0,0,
08/27/2026,05:53:02:248,0.000000,0.000000,1,-81.65,-81.65,0,0,
08/27/2026,05:53:02:311,0.000000,0.000000,3,-124.98,-124.98,0,0,
08/27/2026,05:53:02:409,0.000000,0.000000,2,-123.86,-123.86,0,0,
08/27/2026,05:53:02:433,0.000000,0.000000,4,-126.08,-126.08,0,0,
08/27/2026,05:53:02:531,0.000000,0.000000,1,-76.14,-76.14,0,0,
08/27/2026,05:53:02:681,0.000000,0.000000,3,-119.84,-119.84,0,0,
08/27/2026,05:53:02:705,0.000000,0.000000,2,-125.3,-125.3,0,0,
08/27/2026,05:53:02:715,0.000000,0.000000,4,-127.62,-127.62,0,0,
08/27/2026,05:53:02:814,0.000000,0.000000,1,-77.35,-77.35,0,0,
08/27/2026,05:53:02:885,0.000000,0.000000,3,-125.28,-125.28,0,0,
08/27/2026,05:53:02:958,0.000000,0.000000,2,-124.3,-124.3,0,0,
08/27/2026,05:53:02:990,0.000000,0.000000,4,-121.32,-121.32,0,0,
08/27/2026,05:53:03:098,0.000000,0.000000,1,-83.07,-83.07,0,0,
08/27/2026,05:53:03:162,0.000000,0.000000,3,-124.65,-124.65,0,0,
08/27/2026,05:53:03:233,0.000000,0.000000,2,-125.94,-125.94,0,0,
08/27/2026,05:53:03:269,0.000000,0.000000,4,-127.19,-127.19,0,0,
08/27/2026,05:53:03:369,0.000000,0.000000,1,-86.6,-86.6,0,0,
08/27/2026,05:53:03:440,0.000000,0.000000,3,-125.03,-125.03,0,0,
08/27/2026,05:53:03:509,0.000000,0.000000,2,-123.57,-123.57,0,0,
08/27/2026,05:53:03:545,0.000000,0.000000,4,-124.42,-124.42,0,0,
08/27/2026,05:53:03:653,0.000000,0.000000,1,-76.04,-76.04,0,0,
08/27/2026,05:53:03:714,0.000000,0.000000,3,-124.88,-124.88,0,0,
08/27/2026,05:53:03:808,0.000000,0.000000,2,-122.83,-122.83,0,0,
08/27/2026,05:53:03:840,0.000000,0.000000,4,-126.1,-126.1,0,0,
08/27/2026,05:53:03:949,0.000000,0.000000,1,-83.48,-83.48,0,0,
08/27/2026,05:53:04:025,0.000000,0.000000,3,-125.39,-125.39,0,0,
08/27/2026,05:53:04:078,0.000000,0.000000,2,-121.13,-121.13,0,0,
08/27/2026,05:53:04:111,0.000000,0.000000,4,-125.21,-125.21,0,0,
08/27/2026,05:53:04:218,0.000000,0.000000,1,-92.88,-92.88,0,0,
08/27/2026,05:53:04:284,0.000000,0.000000,3,-123.82,-123.82,0,0,
08/27/2026,05:53:04:357,0.000000,0.000000,2,-124.82,-124.82,0,0,
08/27/2026,05:53:04:394,0.000000,0.000000,4,-125.58,-125.58,0,0,
08/27/2026,05:53:04:497,0.000000,0.000000,1,-87.43,-87.43,0,0,
08/27/2026,05:53:04:562,0.000000,0.000000,3,-125.18,-125.18,0,0,
08/27/2026,05:53:04:643,0.000000,0.000000,2,-126.67,-126.67,0,0,
08/27/2026,05:53:04:674,0.000000,0.000000,4,-126.61,-126.61,0,0,
08/27/2026,05:53:04:771,0.000000,0.000000,1,-84,-84,0,0,
08/27/2026,05:53:04:841,0.000000,0.000000,3,-126.39,-126.39,0,0,
08/27/2026,05:53:04:916,0.000000,0.000000,2,-125.6,-125.6,0,0,
08/27/2026,05:53:04:949,0.000000,0.000000,4,-128.15,-128.15,0,0,
08/27/2026,05:53:05:054,0.000000,0.000000,1,-84.5,-84.5,0,0,
08/27/2026,05:53:05:120,0.000000,0.000000,3,-127.22,-127.22,0,0,
08/27/2026,05:53:05:191,0.000000,0.000000,2,-126.28,-126.28,0,0,
08/27/2026,05:53:05:223,0.000000,0.000000,4,-123.73,-123.73,0,0,
08/27/2026,05:53:05:333,0.000000,0.000000,1,-82.71,-82.71,0,0,
08/27/2026,05:53:05:403,0.000000,0.000000,3,-127.9,-127.9,0,0,
08/27/2026,05:53:05:476,0.000000,0.000000,2,-126.77,-126.77,0,0,
08/27/2026,05:53:05:505,0.000000,0.000000,4,-126.14,-126.14,0,0,
08/27/2026,05:53:05:631,0.000000,0.000000,1,-82.09,-82.09,0,0,
08/27/2026,05:53:05:676,0.000000,0.000000,3,-126.29,-126.29,0,0,
08/27/2026,05:53:05:748,0.000000,0.000000,2,-126.35,-126.35,0,0,
08/27/2026,05:53:05:783,0.000000,0.000000,4,-127.81,-127.81,0,0,
08/27/2026,05:53:05:891,0.000000,0.000000,1,-85.71,-85.71,0,0,
08/27/2026,05:53:05:968,0.000000,0.000000,3,-125.46,-125.46,0,0,
08/27/2026,05:53:06:032,0.000000,0.000000,2,-126.95,-126.95,0,0,
08/27/2026,05:53:06:060,0.000000,0.000000,4,-127.22,-127.22,0,0,
08/27/2026,05:53:06:165,0.000000,0.000000,1,-79.86,-79.86,0,0,
08/27/2026,05:53:06:239,0.000000,0.000000,3,-126.4,-126.4,0,0,
08/27/2026,05:53:06:307,0.000000,0.000000,2,-125.34,-125.34,0,0,
08/27/2026,05:53:06:341,0.000000,0.000000,4,-126.2,-126.2,0,0,
08/27/2026,05:53:06:447,0.000000,0.000000,1,-83.21,-83.21,0,0,
08/27/2026,05:53:06:513,0.000000,0.000000,3,-124.01,-124.01,0,0,
08/27/2026,05:53:06:590,0.000000,0.000000,2,-125.36,-125.36,0,0,
08/27/2026,05:53:06:626,0.000000,0.000000,4,-125.13,-125.13,0,0,
08/27/2026,05:53:06:732,0.000000,0.000000,1,-79.14,-79.14,0,0,
08/27/2026,05:53:06:792,0.000000,0.000000,3,-125.65,-125.65,0,0,
08/27/2026,05:53:06:881,0.000000,0.000000,2,-125.89,-125.89,0,0,
08/27/2026,05:53:06:897,0.000000,0.000000,4,-125.73,-125.73,0,0,
08/27/2026,05:53:07:004,0.000000,0.000000,1,-83.41,-83.41,0,0,
08/27/2026,05:53:07:072,0.000000,0.000000,3,-127.07,-127.07,0,0,
08/27/2026,05:53:07:145,0.000000,0.000000,2,-123.37,-123.37,0,0,
08/27/2026,05:53:07:177,0.000000,0.000000,4,-126.02,-126.02,0,0,
08/27/2026,05:53:07:281,0.000000,0.000000,1,-81.3,-81.3,0,0,
08/27/2026,05:53:07:349,0.000000,0.000000,3,-125.71,-125.71,0,0,
08/27/2026,05:53:07:421,0.000000,0.000000,2,-123,-123,0,0,
08/27/2026,05:53:07:464,0.000000,0.000000,4,-124.56,-124.56,0,0,
08/27/2026,05:53:07:578,0.000000,0.000000,1,-77.61,-77.61,0,0,
08/27/2026,05:53:07:654,0.000000,0.000000,3,-125.38,-125.38,0,0,
08/27/2026,05:53:07:723,0.000000,0.000000,2,-123.47,-123.47,0,0,
08/27/2026,05:53:07:821,0.000000,0.000000,4,-125.16,-125.16,0,0,
08/27/2026,05:53:07:854,0.000000,0.000000,1,-78.83,-78.83,0,0,
08/27/2026,05:53:07:927,0.000000,0.000000,3,-125.31,-125.31,0,0,
08/27/2026,05:53:07:989,0.000000,0.000000,2,-123.36,-123.36,0,0,
08/27/2026,05:53:08:027,0.000000,0.000000,4,-126.55,-126.55,0,0,
08/27/2026,05:53:08:131,0.000000,0.000000,1,-70.55,-70.55,0,0,
08/27/2026,05:53:08:200,0.000000,0.000000,3,-124.9,-124.9,0,0,
08/27/2026,05:53:08:273,0.000000,0.000000,2,-124.23,-124.23,0,0,
08/27/2026,05:53:08:309,0.000000,0.000000,4,-126.08,-126.08,0,0,
08/27/2026,05:53:08:408,0.000000,0.000000,1,-68.54,-68.54,0,0,
08/27/2026,05:53:08:505,0.000000,0.000000,3,-125.07,-125.07,0,0,
08/27/2026,05:53:08:553,0.000000,0.000000,2,-118.64,-118.64,0,0,
08/27/2026,05:53:08:584,0.000000,0.000000,4,-126.4,-126.4,0,0,
08/27/2026,05:53:08:701,0.000000,0.000000,1,-71.87,-71.87,0,0,
08/27/2026,05:53:08:758,0.000000,0.000000,3,-125.21,-125.21,0,0,
08/27/2026,05:53:08:828,0.000000,0.000000,2,-121.4,-121.4,0,0,
08/27/2026,05:53:08:858,0.000000,0.000000,4,-125.94,-125.94,0,0,
08/27/2026,05:53:08:969,0.000000,0.000000,1,-71.95,-71.95,0,0,
08/27/2026,05:53:09:037,0.000000,0.000000,3,-124.35,-124.35,0,0,
08/27/2026,05:53:09:115,0.000000,0.000000,2,-119.34,-119.34,0,0,
08/27/2026,05:53:09:137,0.000000,0.000000,4,-125.2,-125.2,0,0,
08/27/2026,05:53:09:247,0.000000,0.000000,1,-77.63,-77.63,0,0,
08/27/2026,05:53:09:318,0.000000,0.000000,3,-123.71,-123.71,0,0,
08/27/2026,05:53:09:401,0.000000,0.000000,2,-120.08,-120.08,0,0,
08/27/2026,05:53:09:442,0.000000,0.000000,4,-125.48,-125.48,0,0,
08/27/2026,05:53:09:520,0.000000,0.000000,1,-77.16,-77.16,0,0,
08/27/2026,05:53:09:590,0.000000,0.000000,3,-122.34,-122.34,0,0,
08/27/2026,05:53:09:672,0.000000,0.000000,2,-120.58,-120.58,0,0,
08/27/2026,05:53:09:705,0.000000,0.000000,4,-127.56,-127.56,0,0,
08/27/2026,05:53:09:812,0.000000,0.000000,1,-80.19,-80.19,0,0,
08/27/2026,05:53:09:872,0.000000,0.000000,3,-125.08,-125.08,0,0,
08/27/2026,05:53:09:939,0.000000,0.000000,2,-119.56,-119.56,0,0,
08/27/2026,05:53:09:977,0.000000,0.000000,4,-125.67,-125.67,0,0,
08/27/2026,05:53:10:090,0.000000,0.000000,1,-81.36,-81.36,0,0,
08/27/2026,05:53:10:156,0.000000,0.000000,3,-120.96,-120.96,0,0,
08/27/2026,05:53:10:221,0.000000,0.000000,2,-120.44,-120.44,0,0,
08/27/2026,05:53:10:259,0.000000,0.000000,4,-125.76,-125.76,0,0,
08/27/2026,05:53:10:366,0.000000,0.000000,1,-81.23,-81.23,0,0,
08/27/2026,05:53:10:441,0.000000,0.000000,3,-112.83,-112.83,0,0,
08/27/2026,05:53:10:523,0.000000,0.000000,2,-109.13,-109.13,0,0,
08/27/2026,05:53:10:562,0.000000,0.000000,4,-115.61,-115.61,0,0,
08/27/2026,05:53:10:683,0.000000,0.000000,1,-81.67,-81.67,0,0,
08/27/2026,05:53:10:755,0.000000,0.000000,3,-123.42,-123.42,0,0,
08/27/2026,05:53:10:822,0.000000,0.000000,2,-122.99,-122.99,0,0,
08/27/2026,05:53:10:851,0.000000,0.000000,4,-126.25,-126.25,0,0,
08/27/2026,05:53:10:957,0.000000,0.000000,1,-83.88,-83.88,0,0,
08/27/2026,05:53:11:025,0.000000,0.000000,3,-124.39,-124.39,0,0,
08/27/2026,05:53:11:107,0.000000,0.000000,2,-121.19,-121.19,0,0,
08/27/2026,05:53:11:137,0.000000,0.000000,4,-126.68,-126.68,0,0,
08/27/2026,05:53:11:258,0.000000,0.000000,1,-79.32,-79.32,0,0,
08/27/2026,05:53:11:332,0.000000,0.000000,3,-123.04,-123.04,0,0,
08/27/2026,05:53:11:377,0.000000,0.000000,2,-118.34,-118.34,0,0,
08/27/2026,05:53:11:414,0.000000,0.000000,4,-125.98,-125.98,0,0,
08/27/2026,05:53:11:517,0.000000,0.000000,1,-88.34,-88.34,0,0,
08/27/2026,05:53:11:592,0.000000,0.000000,3,-122.41,-122.41,0,0,
08/27/2026,05:53:11:666,0.000000,0.000000,2,-120.9,-120.9,0,0,
08/27/2026,05:53:11:691,0.000000,0.000000,4,-125.34,-125.34,0,0,
08/27/2026,05:53:11:794,0.000000,0.000000,1,-84.96,-84.96,0,0,
08/27/2026,05:53:11:868,0.000000,0.000000,3,-124.26,-124.26,0,0,
08/27/2026,05:53:11:939,0.000000,0.000000,2,-119.2,-119.2,0,0,
08/27/2026,05:53:11:970,0.000000,0.000000,4,-125.44,-125.44,0,0,
08/27/2026,05:53:12:077,0.000000,0.000000,1,-82.69,-82.69,0,0,
08/27/2026,05:53:12:144,0.000000,0.000000,3,-121.08,-121.08,0,0,
08/27/2026,05:53:12:234,0.000000,0.000000,2,-120.8,-120.8,0,0,
08/27/2026,05:53:12:250,0.000000,0.000000,4,-126.32,-126.32,0,0,
08/27/2026,05:53:12:353,0.000000,0.000000,1,-85.06,-85.06,0,0,
08/27/2026,05:53:12:428,0.000000,0.000000,3,-122.25,-122.25,0,0,
08/27/2026,05:53:12:493,0.000000,0.000000,2,-120.01,-120.01,0,0,
08/27/2026,05:53:12:533,0.000000,0.000000,4,-125.73,-125.73,0,0,
08/27/2026,05:53:12:634,0.000000,0.000000,1,-77.11,-77.11,0,0,
08/27/2026,05:53:12:709,0.000000,0.000000,3,-122.72,-122.72,0,0,
08/27/2026,05:53:12:772,0.000000,0.000000,2,-123.75,-123.75,0,0,
08/27/2026,05:53:12:811,0.000000,0.000000,4,-126.01,-126.01,0,0,
08/27/2026,05:53:12:969,0.000000,0.000000,1,-80.57,-80.57,0,0,
08/27/2026,05:53:12:982,0.000000,0.000000,3,-123.88,-123.88,0,0,
08/27/2026,05:53:13:057,0.000000,0.000000,2,-123.88,-123.88,0,0,
08/27/2026,05:53:13:091,0.000000,0.000000,4,-121.44,-121.44,0,0,
08/27/2026,05:53:13:201,0.000000,0.000000,1,-82.59,-82.59,0,0,
08/27/2026,05:53:13:285,0.000000,0.000000,3,-123.39,-123.39,0,0,
08/27/2026,05:53:13:327,0.000000,0.000000,2,-124.32,-124.32,0,0,
08/27/2026,05:53:13:362,0.000000,0.000000,4,-125.53,-125.53,0,0,
08/27/2026,05:53:13:477,0.000000,0.000000,1,-82.17,-82.17,0,0,
08/27/2026,05:53:13:540,0.000000,0.000000,3,-125.17,-125.17,0,0,
08/27/2026,05:53:13:630,0.000000,0.000000,2,-122.04,-122.04,0,0,
08/27/2026,05:53:13:648,0.000000,0.000000,4,-125.48,-125.48,0,0,
08/27/2026,05:53:13:746,0.000000,0.000000,1,-78.47,-78.47,0,0,
08/27/2026,05:53:13:814,0.000000,0.000000,3,-125.16,-125.16,0,0,
08/27/2026,05:53:13:886,0.000000,0.000000,2,-126.14,-126.14,0,0,
08/27/2026,05:53:13:918,0.000000,0.000000,4,-126.16,-126.16,0,0,
08/27/2026,05:53:14:025,0.000000,0.000000,1,-75.47,-75.47,0,0,
08/27/2026,05:53:14:106,0.000000,0.000000,3,-123.49,-123.49,0,0,
08/27/2026,05:53:14:177,0.000000,0.000000,2,-123.95,-123.95,0,0,
08/27/2026,05:53:14:199,0.000000,0.000000,4,-126.41,-126.41,0,0,
08/27/2026,05:53:14:302,0.000000,0.000000,1,-79.23,-79.23,0,0,
08/27/2026,05:53:14:382,0.000000,0.000000,3,-123.26,-123.26,0,0,
08/27/2026,05:53:14:444,0.000000,0.000000,2,-124.85,-124.85,0,0,
08/27/2026,05:53:14:491,0.000000,0.000000,4,-125.44,-125.44,0,0,
08/27/2026,05:53:14:588,0.000000,0.000000,1,-83.39,-83.39,0,0,
08/27/2026,05:53:14:655,0.000000,0.000000,3,-122.01,-122.01,0,0,
08/27/2026,05:53:14:729,0.000000,0.000000,2,-119.83,-119.83,0,0,
08/27/2026,05:53:14:758,0.000000,0.000000,4,-126.22,-126.22,0,0,
08/27/2026,05:53:14:863,0.000000,0.000000,1,-79.47,-79.47,0,0,
08/27/2026,05:53:14:933,0.000000,0.000000,3,-122.82,-122.82,0,0,
08/27/2026,05:53:15:029,0.000000,0.000000,2,-116.62,-116.62,0,0,
08/27/2026,05:53:15:043,0.000000,0.000000,4,-124.84,-124.84,0,0,
08/27/2026,05:53:15:161,0.000000,0.000000,1,-86.37,-86.37,0,0,
08/27/2026,05:53:15:210,0.000000,0.000000,3,-118.1,-118.1,0,0,
08/27/2026,05:53:15:288,0.000000,0.000000,2,-117.05,-117.05,0,0,
08/27/2026,05:53:15:323,0.000000,0.000000,4,-125.74,-125.74,0,0,
08/27/2026,05:53:15:425,0.000000,0.000000,1,-80.26,-80.26,0,0,
08/27/2026,05:53:15:494,0.000000,0.000000,3,-116.72,-116.72,0,0,
08/27/2026,05:53:15:564,0.000000,0.000000,2,-115.14,-115.14,0,0,
08/27/2026,05:53:15:601,0.000000,0.000000,4,-125.43,-125.43,0,0,
08/27/2026,05:53:15:718,0.000000,0.000000,1,-86.45,-86.45,0,0,
08/27/2026,05:53:15:766,0.000000,0.000000,3,-119.26,-119.26,0,0,
08/27/2026,05:53:15:844,0.000000,0.000000,2,-115.91,-115.91,0,0,
08/27/2026,05:53:15:874,0.000000,0.000000,4,-126.02,-126.02,0,0,
08/27/2026,05:53:15:979,0.000000,0.000000,1,-83.55,-83.55,0,0,
08/27/2026,05:53:16:059,0.000000,0.000000,3,-120.04,-120.04,0,0,
08/27/2026,05:53:16:116,0.000000,0.000000,2,-118.78,-118.78,0,0,
08/27/2026,05:53:16:180,0.000000,0.000000,4,-126.23,-126.23,0,0,
08/27/2026,05:53:16:254,0.000000,0.000000,1,-77.47,-77.47,0,0,
08/27/2026,05:53:16:324,0.000000,0.000000,3,-119.51,-119.51,0,0,
08/27/2026,05:53:16:397,0.000000,0.000000,2,-116.55,-116.55,0,0,
08/27/2026,05:53:16:431,0.000000,0.000000,4,-126.52,-126.52,0,0,
08/27/2026,05:53:16:543,0.000000,0.000000,1,-79.73,-79.73,0,0,
08/27/2026,05:53:16:606,0.000000,0.000000,3,-122.51,-122.51,0,0,
08/27/2026,05:53:16:673,0.000000,0.000000,2,-119.27,-119.27,0,0,
08/27/2026,05:53:16:713,0.000000,0.000000,4,-125.43,-125.43,0,0,
08/27/2026,05:53:16:826,0.000000,0.000000,1,-81.96,-81.96,0,0,
08/27/2026,05:53:16:900,0.000000,0.000000,3,-121.06,-121.06,0,0,
08/27/2026,05:53:16:974,0.000000,0.000000,2,-120.6,-120.6,0,0,
08/27/2026,05:53:17:018,0.000000,0.000000,4,-125.19,-125.19,0,0,
08/27/2026,05:53:17:126,0.000000,0.000000,1,-74.99,-74.99,0,0,
08/27/2026,05:53:17:164,0.000000,0.000000,3,-122.81,-122.81,0,0,
08/27/2026,05:53:17:234,0.000000,0.000000,2,-125.36,-125.36,0,0,
08/27/2026,05:53:17:267,0.000000,0.000000,4,-126.25,-126.25,0,0,
08/27/2026,05:53:17:376,0.000000,0.000000,1,-75.75,-75.75,0,0,
08/27/2026,05:53:17:465,0.000000,0.000000,3,-126.01,-126.01,0,0,
08/27/2026,05:53:17:515,0.000000,0.000000,2,-124.56,-124.56,0,0,
08/27/2026,05:53:17:545,0.000000,0.000000,4,-126.1,-126.1,0,0,
08/27/2026,05:53:17:657,0.000000,0.000000,1,-83.85,-83.85,0,0,
08/27/2026,05:53:17:722,0.000000,0.000000,3,-126.57,-126.57,0,0,
08/27/2026,05:53:17:792,0.000000,0.000000,2,-125.96,-125.96,0,0,
08/27/2026,05:53:17:828,0.000000,0.000000,4,-125.83,-125.83,0,0,
08/27/2026,05:53:17:928,0.000000,0.000000,1,-77.94,-77.94,0,0,
08/27/2026,05:53:18:109,0.000000,0.000000,3,-127.66,-127.66,0,0,
08/27/2026,05:53:18:125,0.000000,0.000000,2,-126.7,-126.7,0,0,
08/27/2026,05:53:18:134,0.000000,0.000000,4,-124.62,-124.62,0,0,
08/27/2026,05:53:18:212,0.000000,0.000000,1,-78.37,-78.37,0,0,
08/27/2026,05:53:18:286,0.000000,0.000000,3,-124.27,-124.27,0,0,
08/27/2026,05:53:18:347,0.000000,0.000000,2,-124.61,-124.61,0,0,
08/27/2026,05:53:18:402,0.000000,0.000000,4,-124.56,-124.56,0,0,
08/27/2026,05:53:18:489,0.000000,0.000000,1,-74.72,-74.72,0,0,
08/27/2026,05:53:18:560,0.000000,0.000000,3,-126.56,-126.56,0,0,
08/27/2026,05:53:18:639,0.000000,0.000000,2,-128.1,-128.1,0,0,
08/27/2026,05:53:18:672,0.000000,0.000000,4,-125.33,-125.33,0,0,
08/27/2026,05:53:18:787,0.000000,0.000000,1,-69.91,-69.91,0,0,
08/27/2026,05:53:18:856,0.000000,0.000000,3,-126.01,-126.01,0,0,
08/27/2026,05:53:18:931,0.000000,0.000000,2,-126.28,-126.28,0,0,
08/27/2026,05:53:18:970,0.000000,0.000000,4,-124.41,-124.41,0,0,
08/27/2026,05:53:19:057,0.000000,0.000000,1,-84.4,-84.4,0,0,
08/27/2026,05:53:19:127,0.000000,0.000000,3,-126.54,-126.54,0,0,
08/27/2026,05:53:19:197,0.000000,0.000000,2,-126.46,-126.46,0,0,
08/27/2026,05:53:19:229,0.000000,0.000000,4,-124.9,-124.9,0,0,
08/27/2026,05:53:19:334,0.000000,0.000000,1,-77.47,-77.47,0,0,
08/27/2026,05:53:19:417,0.000000,0.000000,3,-127.42,-127.42,0,0,
08/27/2026,05:53:19:476,0.000000,0.000000,2,-125.45,-125.45,0,0,
08/27/2026,05:53:19:506,0.000000,0.000000,4,-126.08,-126.08,0,0,
08/27/2026,05:53:19:615,0.000000,0.000000,1,-69.26,-69.26,0,0,
08/27/2026,05:53:19:691,0.000000,0.000000,3,-126.35,-126.35,0,0,
08/27/2026,05:53:19:755,0.000000,0.000000,2,-124.32,-124.32,0,0,
08/27/2026,05:53:19:785,0.000000,0.000000,4,-126.34,-126.34,0,0,
08/27/2026,05:53:19:890,0.000000,0.000000,1,-69.48,-69.48,0,0,
08/27/2026,05:53:19:975,0.000000,0.000000,3,-124.88,-124.88,0,0,
08/27/2026,05:53:20:029,0.000000,0.000000,2,-125.65,-125.65,0,0,
08/27/2026,05:53:20:062,0.000000,0.000000,4,-125.07,-125.07,0,0,
08/27/2026,05:53:20:171,0.000000,0.000000,1,-75.09,-75.09,0,0,
08/27/2026,05:53:20:261,0.000000,0.000000,3,-125.27,-125.27,0,0,
08/27/2026,05:53:20:320,0.000000,0.000000,2,-126.08,-126.08,0,0,
08/27/2026,05:53:20:359,0.000000,0.000000,4,-127.48,-127.48,0,0,
08/27/2026,05:53:20:461,0.000000,0.000000,1,-67.86,-67.86,0,0,
08/27/2026,05:53:20:530,0.000000,0.000000,3,-122.45,-122.45,0,0,
08/27/2026,05:53:20:612,0.000000,0.000000,2,-126.95,-126.95,0,0,
08/27/2026,05:53:20:648,0.000000,0.000000,4,-125.64,-125.64,0,0,
08/27/2026,05:53:20:758,0.000000,0.000000,1,-74.9,-74.9,0,0,
08/27/2026,05:53:20:806,0.000000,0.000000,3,-125.32,-125.32,0,0,
08/27/2026,05:53:20:876,0.000000,0.000000,2,-125.1,-125.1,0,0,
08/27/2026,05:53:20:914,0.000000,0.000000,4,-126.89,-126.89,0,0,
08/27/2026,05:53:21:031,0.000000,0.000000,1,-61.82,-61.82,0,0,
08/27/2026,05:53:21:098,0.000000,0.000000,3,-127.19,-127.19,0,0,
08/27/2026,05:53:21:165,0.000000,0.000000,2,-126.98,-126.98,0,0,
08/27/2026,05:53:21:203,0.000000,0.000000,4,-126.62,-126.62,0,0,
08/27/2026,05:53:21:308,0.000000,0.000000,1,-68.11,-68.11,0,0,
08/27/2026,05:53:21:378,0.000000,0.000000,3,-125.96,-125.96,0,0,
08/27/2026,05:53:21:443,0.000000,0.000000,2,-126.22,-126.22,0,0,
08/27/2026,05:53:21:476,0.000000,0.000000,4,-123.81,-123.81,0,0,
08/27/2026,05:53:21:582,0.000000,0.000000,1,-73.89,-73.89,0,0,
08/27/2026,05:53:21:656,0.000000,0.000000,3,-126.96,-126.96,0,0,
08/27/2026,05:53:21:721,0.000000,0.000000,2,-124.18,-124.18,0,0,
08/27/2026,05:53:21:758,0.000000,0.000000,4,-126.03,-126.03,0,0,
08/27/2026,05:53:21:869,0.000000,0.000000,1,-70.9,-70.9,0,0,
08/27/2026,05:53:21:935,0.000000,0.000000,3,-120.82,-120.82,0,0,
08/27/2026,05:53:22:004,0.000000,0.000000,2,-127.45,-127.45,0,0,
08/27/2026,05:53:22:039,0.000000,0.000000,4,-125.04,-125.04,0,0,
08/27/2026,05:53:22:146,0.000000,0.000000,1,-80.45,-80.45,0,0,
08/27/2026,05:53:22:212,0.000000,0.000000,3,-125.64,-125.64,0,0,
08/27/2026,05:53:22:280,0.000000,0.000000,2,-123.85,-123.85,0,0,
08/27/2026,05:53:22:313,0.000000,0.000000,4,-126.74,-126.74,0,0,
08/27/2026,05:53:22:428,0.000000,0.000000,1,-76.94,-76.94,0,0,
08/27/2026,05:53:22:499,0.000000,0.000000,3,-125.09,-125.09,0,0,
08/27/2026,05:53:22:572,0.000000,0.000000,2,-119.69,-119.69,0,0,
08/27/2026,05:53:22:607,0.000000,0.000000,4,-125.64,-125.64,0,0,
08/27/2026,05:53:22:705,0.000000,0.000000,1,-75.64,-75.64,0,0,
08/27/2026,05:53:22:769,0.000000,0.000000,3,-123.18,-123.18,0,0,
08/27/2026,05:53:22:838,0.000000,0.000000,2,-122.92,-122.92,0,0,
08/27/2026,05:53:22:877,0.000000,0.000000,4,-126,-126,0,0,
08/27/2026,05:53:22:977,0.000000,0.000000,1,-78.72,-78.72,0,0,
08/27/2026,05:53:23:048,0.000000,0.000000,3,-125.95,-125.95,0,0,
08/27/2026,05:53:23:123,0.000000,0.000000,2,-126.8,-126.8,0,0,
08/27/2026,05:53:23:249,0.000000,0.000000,4,-126.48,-126.48,0,0,
08/27/2026,05:53:23:267,0.000000,0.000000,1,-75.26,-75.26,0,0,
08/27/2026,05:53:23:343,0.000000,0.000000,3,-125.45,-125.45,0,0,
08/27/2026,05:53:23:412,0.000000,0.000000,2,-123.29,-123.29,0,0,
08/27/2026,05:53:23:442,0.000000,0.000000,4,-124.39,-124.39,0,0,
08/27/2026,05:53:23:544,0.000000,0.000000,1,-72.61,-72.61,0,0,
08/27/2026,05:53:23:617,0.000000,0.000000,3,-124.29,-124.29,0,0,
08/27/2026,05:53:23:685,0.000000,0.000000,2,-123.5,-123.5,0,0,
08/27/2026,05:53:23:724,0.000000,0.000000,4,-126.38,-126.38,0,0,
08/27/2026,05:53:23:827,0.000000,0.000000,1,-67.87,-67.87,0,0,
08/27/2026,05:53:23:902,0.000000,0.000000,3,-125.79,-125.79,0,0,
08/27/2026,05:53:23:967,0.000000,0.000000,2,-121.51,-121.51,0,0,
08/27/2026,05:53:23:998,0.000000,0.000000,4,-126.7,-126.7,0,0,
08/27/2026,05:53:24:109,0.000000,0.000000,1,-63.23,-63.23,0,0,
08/27/2026,05:53:24:180,0.000000,0.000000,3,-125.79,-125.79,0,0,
08/27/2026,05:53:24:264,0.000000,0.000000,2,-120.74,-120.74,0,0,
08/27/2026,05:53:24:305,0.000000,0.000000,4,-124.99,-124.99,0,0,
08/27/2026,05:53:24:387,0.000000,0.000000,1,-67.55,-67.55,0,0,
08/27/2026,05:53:24:472,0.000000,0.000000,3,-123.2,-123.2,0,0,
08/27/2026,05:53:24:548,0.000000,0.000000,2,-117.86,-117.86,0,0,
08/27/2026,05:53:24:561,0.000000,0.000000,4,-123.78,-123.78,0,0,
08/27/2026,05:53:24:675,0.000000,0.000000,1,-63.78,-63.78,0,0,
08/27/2026,05:53:24:746,0.000000,0.000000,3,-122.58,-122.58,0,0,
08/27/2026,05:53:24:805,0.000000,0.000000,2,-117.9,-117.9,0,0,
08/27/2026,05:53:24:844,0.000000,0.000000,4,-123.72,-123.72,0,0,
08/27/2026,05:53:24:941,0.000000,0.000000,1,-72.09,-72.09,0,0,
08/27/2026,05:53:25:010,0.000000,0.000000,3,-120.43,-120.43,0,0,
08/27/2026,05:53:25:082,0.000000,0.000000,2,-118.23,-118.23,0,0,
08/27/2026,05:53:25:149,0.000000,0.000000,4,-127.57,-127.57,0,0,
08/27/2026,05:53:25:226,0.000000,0.000000,1,-72.14,-72.14,0,0,
08/27/2026,05:53:25:293,0.000000,0.000000,3,-122.12,-122.12,0,0,
08/27/2026,05:53:25:368,0.000000,0.000000,2,-119.14,-119.14,0,0,
08/27/2026,05:53:25:403,0.000000,0.000000,4,-125.23,-125.23,0,0,
08/27/2026,05:53:25:519,0.000000,0.000000,1,-72.54,-72.54,0,0,
08/27/2026,05:53:25:590,0.000000,0.000000,3,-124.21,-124.21,0,0,
08/27/2026,05:53:25:662,0.000000,0.000000,2,-123.84,-123.84,0,0,
08/27/2026,05:53:25:692,0.000000,0.000000,4,-127.2,-127.2,0,0,
08/27/2026,05:53:25:817,0.000000,0.000000,1,-75.47,-75.47,0,0,
08/27/2026,05:53:25:887,0.000000,0.000000,3,-124.96,-124.96,0,0,
08/27/2026,05:53:25:968,0.000000,0.000000,2,-124.93,-124.93,0,0,
08/27/2026,05:53:26:028,0.000000,0.000000,4,-126.36,-126.36,0,0,
08/27/2026,05:53:26:114,0.000000,0.000000,1,-78.16,-78.16,0,0,
08/27/2026,05:53:26:190,0.000000,0.000000,3,-125.66,-125.66,0,0,
08/27/2026,05:53:26:265,0.000000,0.000000,2,-125.45,-125.45,0,0,
08/27/2026,05:53:26:321,0.000000,0.000000,4,-125.99,-125.99,0,0,
08/27/2026,05:53:26:384,0.000000,0.000000,1,-71.4,-71.4,0,0,
08/27/2026,05:53:26:453,0.000000,0.000000,3,-123.92,-123.92,0,0,
08/27/2026,05:53:26:524,0.000000,0.000000,2,-121.57,-121.57,0,0,
08/27/2026,05:53:26:560,0.000000,0.000000,4,-124.96,-124.96,0,0,
08/27/2026,05:53:26:672,0.000000,0.000000,1,-73.69,-73.69,0,0,
08/27/2026,05:53:26:733,0.000000,0.000000,3,-124.94,-124.94,0,0,
08/27/2026,05:53:26:802,0.000000,0.000000,2,-122.84,-122.84,0,0,
08/27/2026,05:53:26:840,0.000000,0.000000,4,-123.7,-123.7,0,0,
08/27/2026,05:53:26:954,0.000000,0.000000,1,-73.07,-73.07,0,0,
08/27/2026,05:53:27:033,0.000000,0.000000,3,-123.67,-123.67,0,0,
08/27/2026,05:53:27:113,0.000000,0.000000,2,-121.96,-121.96,0,0,
08/27/2026,05:53:27:148,0.000000,0.000000,4,-125.84,-125.84,0,0,
08/27/2026,05:53:27:263,0.000000,0.000000,1,-78.21,-78.21,0,0,
08/27/2026,05:53:27:330,0.000000,0.000000,3,-125.38,-125.38,0,0,
08/27/2026,05:53:27:406,0.000000,0.000000,2,-125.35,-125.35,0,0,
08/27/2026,05:53:27:448,0.000000,0.000000,4,-126.3,-126.3,0,0,
08/27/2026,05:53:27:557,0.000000,0.000000,1,-78.61,-78.61,0,0,
08/27/2026,05:53:27:628,0.000000,0.000000,3,-124.8,-124.8,0,0,
08/27/2026,05:53:27:690,0.000000,0.000000,2,-124.51,-124.51,0,0,
08/27/2026,05:53:27:723,0.000000,0.000000,4,-126.45,-126.45,0,0,
08/27/2026,05:53:27:830,0.000000,0.000000,1,-83.61,-83.61,0,0,
08/27/2026,05:53:27:908,0.000000,0.000000,3,-125.78,-125.78,0,0,
08/27/2026,05:53:28:009,0.000000,0.000000,2,-124.42,-124.42,0,0,
08/27/2026,05:53:28:018,0.000000,0.000000,4,-126.11,-126.11,0,0,
08/27/2026,05:53:28:132,0.000000,0.000000,1,-88.36,-88.36,0,0,
08/27/2026,05:53:28:239,0.000000,0.000000,3,-124.36,-124.36,0,0,
08/27/2026,05:53:28:856,0.000000,0.000000,2,-127.19,-127.19,0,0,
08/27/2026,05:53:28:860,0.000000,0.000000,4,-126.15,-126.15,0,0,
08/27/2026,05:53:28:882,0.000000,0.000000,1,-76.59,-76.59,0,0,
08/27/2026,05:53:28:905,0.000000,0.000000,3,-125.95,-125.95,0,0,
08/27/2026,05:53:28:929,0.000000,0.000000,2,-125.08,-125.08,0,0,
08/27/2026,05:53:28:949,0.000000,0.000000,4,-125.47,-125.47,0,0,
08/27/2026,05:53:28:991,0.000000,0.000000,1,-81.76,-81.76,0,0,
08/27/2026,05:53:29:019,0.000000,0.000000,3,-124.94,-124.94,0,0,
08/27/2026,05:53:29:037,0.000000,0.000000,2,-122.65,-122.65,0,0,
08/27/2026,05:53:29:049,0.000000,0.000000,4,-124.84,-124.84,0,0,
08/27/2026,05:53:29:074,0.000000,0.000000,1,-80.89,-80.89,0,0,
08/27/2026,05:53:29:151,0.000000,0.000000,3,-123.11,-123.11,0,0,
08/27/2026,05:53:29:228,0.000000,0.000000,2,-123.11,-123.11,0,0,
08/27/2026,05:53:29:269,0.000000,0.000000,4,-125.39,-125.39,0,0,
08/27/2026,05:53:29:385,0.000000,0.000000,1,-74.18,-74.18,0,0,
08/27/2026,05:53:29:469,0.000000,0.000000,3,-121.64,-121.64,0,0,
08/27/2026,05:53:29:540,0.000000,0.000000,2,-120.94,-120.94,0,0,
08/27/2026,05:53:29:569,0.000000,0.000000,4,-123.9,-123.9,0,0,
08/27/2026,05:53:29:677,0.000000,0.000000,1,-79.93,-79.93,0,0,
08/27/2026,05:53:29:758,0.000000,0.000000,3,-121.6,-121.6,0,0,
08/27/2026,05:53:29:826,0.000000,0.000000,2,-116.09,-116.09,0,0,
08/27/2026,05:53:29:858,0.000000,0.000000,4,-124.05,-124.05,0,0,
08/27/2026,05:53:29:965,0.000000,0.000000,1,-89.02,-89.02,0,0,
08/27/2026,05:53:30:046,0.000000,0.000000,3,-106.33,-106.33,0,0,
08/27/2026,05:53:30:126,0.000000,0.000000,2,-101.86,-101.86,0,0,
08/27/2026,05:53:30:179,0.000000,0.000000,4,-112.72,-112.72,0,0,
08/27/2026,05:53:30:299,0.000000,0.000000,1,-86.23,-86.23,0,0,
08/27/2026,05:53:30:353,0.000000,0.000000,3,-119.07,-119.07,0,0,
08/27/2026,05:53:30:429,0.000000,0.000000,2,-114.49,-114.49,0,0,
08/27/2026,05:53:30:458,0.000000,0.000000,4,-125.3,-125.3,0,0,
08/27/2026,05:53:30:599,0.000000,0.000000,1,-82.16,-82.16,0,0,
08/27/2026,05:53:30:637,0.000000,0.000000,3,-123.82,-123.82,0,0,
08/27/2026,05:53:30:713,0.000000,0.000000,2,-122.24,-122.24,0,0,
08/27/2026,05:53:30:748,0.000000,0.000000,4,-114.6,-114.6,0,0,
08/27/2026,05:53:30:850,0.000000,0.000000,1,-74.45,-74.45,0,0,
08/27/2026,05:53:30:922,0.000000,0.000000,3,-122.35,-122.35,0,0,
08/27/2026,05:53:30:998,0.000000,0.000000,2,-116.82,-116.82,0,0,
08/27/2026,05:53:31:024,0.000000,0.000000,4,-124.9,-124.9,0,0,
08/27/2026,05:53:31:132,0.000000,0.000000,1,-73.88,-73.88,0,0,
08/27/2026,05:53:31:204,0.000000,0.000000,3,-121.35,-121.35,0,0,
08/27/2026,05:53:31:272,0.000000,0.000000,2,-117.06,-117.06,0,0,
08/27/2026,05:53:31:306,0.000000,0.000000,4,-122.42,-122.42,0,0,
08/27/2026,05:53:31:413,0.000000,0.000000,1,-74.95,-74.95,0,0,
08/27/2026,05:53:31:481,0.000000,0.000000,3,-120.01,-120.01,0,0,
08/27/2026,05:53:31:550,0.000000,0.000000,2,-115.77,-115.77,0,0,
08/27/2026,05:53:31:583,0.000000,0.000000,4,-124.11,-124.11,0,0,
08/27/2026,05:53:31:697,0.000000,0.000000,1,-72.1,-72.1,0,0,
08/27/2026,05:53:31:770,0.000000,0.000000,3,-114.97,-114.97,0,0,
08/27/2026,05:53:31:837,0.000000,0.000000,2,-115.24,-115.24,0,0,
08/27/2026,05:53:31:872,0.000000,0.000000,4,-125.64,-125.64,0,0,
08/27/2026,05:53:31:987,0.000000,0.000000,1,-70.34,-70.34,0,0,
08/27/2026,05:53:32:057,0.000000,0.000000,3,-117.41,-117.41,0,0,
08/27/2026,05:53:32:127,0.000000,0.000000,2,-115.21,-115.21,0,0,
08/27/2026,05:53:32:160,0.000000,0.000000,4,-119.88,-119.88,0,0,
08/27/2026,05:53:32:283,0.000000,0.000000,1,-71.24,-71.24,0,0,
08/27/2026,05:53:32:352,0.000000,0.000000,3,-118.19,-118.19,0,0,
08/27/2026,05:53:32:432,0.000000,0.000000,2,-112.91,-112.91,0,0,
08/27/2026,05:53:32:443,0.000000,0.000000,4,-124,-124,0,0,
08/27/2026,05:53:32:548,0.000000,0.000000,1,-70.95,-70.95,0,0,
08/27/2026,05:53:32:626,0.000000,0.000000,3,-118.55,-118.55,0,0,
08/27/2026,05:53:32:709,0.000000,0.000000,2,-115.07,-115.07,0,0,
08/27/2026,05:53:32:739,0.000000,0.000000,4,-125.33,-125.33,0,0,
08/27/2026,05:53:32:824,0.000000,0.000000,1,-72.47,-72.47,0,0,
08/27/2026,05:53:32:901,0.000000,0.000000,3,-118.72,-118.72,0,0,
08/27/2026,05:53:32:964,0.000000,0.000000,2,-115.99,-115.99,0,0,
08/27/2026,05:53:33:005,0.000000,0.000000,4,-126.53,-126.53,0,0,
08/27/2026,05:53:33:104,0.000000,0.000000,1,-74.87,-74.87,0,0,
08/27/2026,05:53:33:186,0.000000,0.000000,3,-112.82,-112.82,0,0,
08/27/2026,05:53:33:259,0.000000,0.000000,2,-115.19,-115.19,0,0,
08/27/2026,05:53:33:291,0.000000,0.000000,4,-124.16,-124.16,0,0,
08/27/2026,05:53:33:391,0.000000,0.000000,1,-76.33,-76.33,0,0,
08/27/2026,05:53:33:466,0.000000,0.000000,3,-116.22,-116.22,0,0,
08/27/2026,05:53:33:530,0.000000,0.000000,2,-116.18,-116.18,0,0,
08/27/2026,05:53:33:567,0.000000,0.000000,4,-122.15,-122.15,0,0,
08/27/2026,05:53:33:675,0.000000,0.000000,1,-74.07,-74.07,0,0,
08/27/2026,05:53:33:761,0.000000,0.000000,3,-118.94,-118.94,0,0,
08/27/2026,05:53:33:811,0.000000,0.000000,2,-117.01,-117.01,0,0,
08/27/2026,05:53:33:846,0.000000,0.000000,4,-125.06,-125.06,0,0,
08/27/2026,05:53:34:007,0.000000,0.000000,1,-71.41,-71.41,0,0,
08/27/2026,05:53:34:021,0.000000,0.000000,3,-123.46,-123.46,0,0,
08/27/2026,05:53:34:112,0.000000,0.000000,2,-117.8,-117.8,0,0,
08/27/2026,05:53:34:122,0.000000,0.000000,4,-125.69,-125.69,0,0,
08/27/2026,05:53:34:228,0.000000,0.000000,1,-72.84,-72.84,0,0,
08/27/2026,05:53:34:301,0.000000,0.000000,3,-121.29,-121.29,0,0,
08/27/2026,05:53:34:378,0.000000,0.000000,2,-118.4,-118.4,0,0,
08/27/2026,05:53:34:403,0.000000,0.000000,4,-124.49,-124.49,0,0,
08/27/2026,05:53:34:539,0.000000,0.000000,1,-73.11,-73.11,0,0,
08/27/2026,05:53:34:628,0.000000,0.000000,3,-121.22,-121.22,0,0,
08/27/2026,05:53:34:703,0.000000,0.000000,2,-122.89,-122.89,0,0,
08/27/2026,05:53:34:744,0.000000,0.000000,4,-126.61,-126.61,0,0,
08/27/2026,05:53:34:845,0.000000,0.000000,1,-76.4,-76.4,0,0,
08/27/2026,05:53:34:918,0.000000,0.000000,3,-119.99,-119.99,0,0,
08/27/2026,05:53:34:998,0.000000,0.000000,2,-115.46,-115.46,0,0,
08/27/2026,05:53:35:045,0.000000,0.000000,4,-124.03,-124.03,0,0,
08/27/2026,05:53:35:148,0.000000,0.000000,1,-70.97,-70.97,0,0,
08/27/2026,05:53:35:230,0.000000,0.000000,3,-118.17,-118.17,0,0,
08/27/2026,05:53:35:326,0.000000,0.000000,2,-117.48,-117.48,0,0,
08/27/2026,05:53:35:388,0.000000,0.000000,4,-124.99,-124.99,0,0,
08/27/2026,05:53:35:469,0.000000,0.000000,1,-86.34,-86.34,0,0,
08/27/2026,05:53:35:535,0.000000,0.000000,3,-121.67,-121.67,0,0,
08/27/2026,05:53:35:625,0.000000,0.000000,2,-117.15,-117.15,0,0,
08/27/2026,05:53:35:660,0.000000,0.000000,4,-124.62,-124.62,0,0,
08/27/2026,05:53:35:781,0.000000,0.000000,1,-74.29,-74.29,0,0,
08/27/2026,05:53:35:840,0.000000,0.000000,3,-120.59,-120.59,0,0,
08/27/2026,05:53:35:916,0.000000,0.000000,2,-119.36,-119.36,0,0,
08/27/2026,05:53:35:959,0.000000,0.000000,4,-124.25,-124.25,0,0,
08/27/2026,05:53:36:077,0.000000,0.000000,1,-74.02,-74.02,0,0,
08/27/2026,05:53:36:161,0.000000,0.000000,3,-123.14,-123.14,0,0,
08/27/2026,05:53:36:298,0.000000,0.000000,2,-115.39,-115.39,0,0,
08/27/2026,05:53:36:302,0.000000,0.000000,4,-124.85,-124.85,0,0,
08/27/2026,05:53:36:387,0.000000,0.000000,1,-78.63,-78.63,0,0,
08/27/2026,05:53:36:457,0.000000,0.000000,3,-120.78,-120.78,0,0,
08/27/2026,05:53:36:531,0.000000,0.000000,2,-119.51,-119.51,0,0,
08/27/2026,05:53:36:560,0.000000,0.000000,4,-125.33,-125.33,0,0,
08/27/2026,05:53:36:690,0.000000,0.000000,1,-76.44,-76.44,0,0,
08/27/2026,05:53:36:756,0.000000,0.000000,3,-124.68,-124.68,0,0,
08/27/2026,05:53:36:832,0.000000,0.000000,2,-121.44,-121.44,0,0,
08/27/2026,05:53:36:870,0.000000,0.000000,4,-126.47,-126.47,0,0,
08/27/2026,05:53:36:972,0.000000,0.000000,1,-77.37,-77.37,0,0,
08/27/2026,05:53:37:056,0.000000,0.000000,3,-122.94,-122.94,0,0,
08/27/2026,05:53:37:132,0.000000,0.000000,2,-124.62,-124.62,0,0,
08/27/2026,05:53:37:150,0.000000,0.000000,4,-124.18,-124.18,0,0,
08/27/2026,05:53:37:252,0.000000,0.000000,1,-76.49,-76.49,0,0,
08/27/2026,05:53:37:332,0.000000,0.000000,3,-122.33,-122.33,0,0,
08/27/2026,05:53:37:426,0.000000,0.000000,2,-119.72,-119.72,0,0,
08/27/2026,05:53:37:450,0.000000,0.000000,4,-125.46,-125.46,0,0,
08/27/2026,05:53:37:559,0.000000,0.000000,1,-76.92,-76.92,0,0,
08/27/2026,05:53:37:618,0.000000,0.000000,3,-124.51,-124.51,0,0,
08/27/2026,05:53:37:690,0.000000,0.000000,2,-120.26,-120.26,0,0,
08/27/2026,05:53:37:724,0.000000,0.000000,4,-126.32,-126.32,0,0,
08/27/2026,05:53:37:828,0.000000,0.000000,1,-68.58,-68.58,0,0,
08/27/2026,05:53:37:902,0.000000,0.000000,3,-121.97,-121.97,0,0,
08/27/2026,05:53:37:976,0.000000,0.000000,2,-124.46,-124.46,0,0,
08/27/2026,05:53:38:014,0.000000,0.000000,4,-126.59,-126.59,0,0,
08/27/2026,05:53:38:126,0.000000,0.000000,1,-74.33,-74.33,0,0,
08/27/2026,05:53:38:199,0.000000,0.000000,3,-123.57,-123.57,0,0,
08/27/2026,05:53:38:245,0.000000,0.000000,2,-121.83,-121.83,0,0,
08/27/2026,05:53:38:288,0.000000,0.000000,4,-123.63,-123.63,0,0,
08/27/2026,05:53:38:399,0.000000,0.000000,1,-76.89,-76.89,0,0,
08/27/2026,05:53:38:459,0.000000,0.000000,3,-120.1,-120.1,0,0,
08/27/2026,05:53:38:531,0.000000,0.000000,2,-120.86,-120.86,0,0,
08/27/2026,05:53:38:559,0.000000,0.000000,4,-123.43,-123.43,0,0,
08/27/2026,05:53:38:670,0.000000,0.000000,1,-74.82,-74.82,0,0,
08/27/2026,05:53:38:748,0.000000,0.000000,3,-125.26,-125.26,0,0,
08/27/2026,05:53:38:803,0.000000,0.000000,2,-125.63,-125.63,0,0,
08/27/2026,05:53:38:838,0.000000,0.000000,4,-126.57,-126.57,0,0,
08/27/2026,05:53:38:949,0.000000,0.000000,1,-67.93,-67.93,0,0,
08/27/2026,05:53:39:018,0.000000,0.000000,3,-123.92,-123.92,0,0,
08/27/2026,05:53:39:150,0.000000,0.000000,2,-123.93,-123.93,0,0,
08/27/2026,05:53:39:156,0.000000,0.000000,4,-125.06,-125.06,0,0,
08/27/2026,05:53:39:227,0.000000,0.000000,1,-78.99,-78.99,0,0,
08/27/2026,05:53:39:298,0.000000,0.000000,3,-125.08,-125.08,0,0,
08/27/2026,05:53:39:366,0.000000,0.000000,2,-122.85,-122.85,0,0,
08/27/2026,05:53:39:405,0.000000,0.000000,4,-125.98,-125.98,0,0,
08/27/2026,05:53:39:503,0.000000,0.000000,1,-73.69,-73.69,0,0,
08/27/2026,05:53:39:574,0.000000,0.000000,3,-124.88,-124.88,0,0,
08/27/2026,05:53:39:656,0.000000,0.000000,2,-125.09,-125.09,0,0,
08/27/2026,05:53:39:675,0.000000,0.000000,4,-125.15,-125.15,0,0,
08/27/2026,05:53:39:780,0.000000,0.000000,1,-72.2,-72.2,0,0,
08/27/2026,05:53:39:865,0.000000,0.000000,3,-125.88,-125.88,0,0,
08/27/2026,05:53:39:966,0.000000,0.000000,2,-125.14,-125.14,0,0,
08/27/2026,05:53:39:969,0.000000,0.000000,4,-124.79,-124.79,0,0,
08/27/2026,05:53:40:078,0.000000,0.000000,1,-76.12,-76.12,0,0,
08/27/2026,05:53:40:128,0.000000,0.000000,3,-128.43,-128.43,0,0,
08/27/2026,05:53:40:200,0.000000,0.000000,2,-125.18,-125.18,0,0,
08/27/2026,05:53:40:240,0.000000,0.000000,4,-125.54,-125.54,0,0,
08/27/2026,05:53:40:429,0.000000,0.000000,1,-74.1,-74.1,0,0,
08/27/2026,05:53:40:592,0.000000,0.000000,3,-122.03,-122.03,0,0,
08/27/2026,05:53:40:613,0.000000,0.000000,2,-120.35,-120.35,0,0,
08/27/2026,05:53:40:663,0.000000,0.000000,4,-124.88,-124.88,0,0,
08/27/2026,05:53:40:782,0.000000,0.000000,1,-80.08,-80.08,0,0,
08/27/2026,05:53:40:838,0.000000,0.000000,3,-123.16,-123.16,0,0,
08/27/2026,05:53:40:902,0.000000,0.000000,2,-121.34,-121.34,0,0,
08/27/2026,05:53:40:954,0.000000,0.000000,4,-125.44,-125.44,0,0,
08/27/2026,05:53:41:019,0.000000,0.000000,1,-77.94,-77.94,0,0,
08/27/2026,05:53:41:056,0.000000,0.000000,3,-123.07,-123.07,0,0,
08/27/2026,05:53:41:064,0.000000,0.000000,2,-120.44,-120.44,0,0,
08/27/2026,05:53:41:070,0.000000,0.000000,4,-125.28,-125.28,0,0,
08/27/2026,05:53:41:179,0.000000,0.000000,1,-74.63,-74.63,0,0,
08/27/2026,05:53:41:248,0.000000,0.000000,3,-126.33,-126.33,0,0,
08/27/2026,05:53:41:312,0.000000,0.000000,2,-126.9,-126.9,0,0,
08/27/2026,05:53:41:355,0.000000,0.000000,4,-125.03,-125.03,0,0,
08/27/2026,05:53:41:459,0.000000,0.000000,1,-73.36,-73.36,0,0,
08/27/2026,05:53:41:523,0.000000,0.000000,3,-126.67,-126.67,0,0,
08/27/2026,05:53:41:596,0.000000,0.000000,2,-121.75,-121.75,0,0,
08/27/2026,05:53:41:638,0.000000,0.000000,4,-126.14,-126.14,0,0,
08/27/2026,05:53:41:735,0.000000,0.000000,1,-85.56,-85.56,0,0,
08/27/2026,05:53:41:826,0.000000,0.000000,3,-124.87,-124.87,0,0,
08/27/2026,05:53:41:878,0.000000,0.000000,2,-124.92,-124.92,0,0,
08/27/2026,05:53:41:914,0.000000,0.000000,4,-124.43,-124.43,0,0,
08/27/2026,05:53:42:035,0.000000,0.000000,1,-80.73,-80.73,0,0,
08/27/2026,05:53:42:081,0.000000,0.000000,3,-126.23,-126.23,0,0,
08/27/2026,05:53:42:154,0.000000,0.000000,2,-123.01,-123.01,0,0,
08/27/2026,05:53:42:196,0.000000,0.000000,4,-123.3,-123.3,0,0,
08/27/2026,05:53:42:292,0.000000,0.000000,1,-84.64,-84.64,0,0,
08/27/2026,05:53:42:365,0.000000,0.000000,3,-125.02,-125.02,0,0,
08/27/2026,05:53:42:438,0.000000,0.000000,2,-124.25,-124.25,0,0,
08/27/2026,05:53:42:465,0.000000,0.000000,4,-127.11,-127.11,0,0,
08/27/2026,05:53:42:570,0.000000,0.000000,1,-75.54,-75.54,0,0,
08/27/2026,05:53:42:643,0.000000,0.000000,3,-124.1,-124.1,0,0,
08/27/2026,05:53:42:732,0.000000,0.000000,2,-123.21,-123.21,0,0,
08/27/2026,05:53:42:743,0.000000,0.000000,4,-125.6,-125.6,0,0,
08/27/2026,05:53:42:855,0.000000,0.000000,1,-77.04,-77.04,0,0,
08/27/2026,05:53:42:921,0.000000,0.000000,3,-123.7,-123.7,0,0,
08/27/2026,05:53:42:991,0.000000,0.000000,2,-116.67,-116.67,0,0,
08/27/2026,05:53:43:046,0.000000,0.000000,4,-124.5,-124.5,0,0,
08/27/2026,05:53:43:132,0.000000,0.000000,1,-77.02,-77.02,0,0,
08/27/2026,05:53:43:210,0.000000,0.000000,3,-121.33,-121.33,0,0,
08/27/2026,05:53:43:268,0.000000,0.000000,2,-125.43,-125.43,0,0,
08/27/2026,05:53:43:301,0.000000,0.000000,4,-124.39,-124.39,0,0,
08/27/2026,05:53:43:406,0.000000,0.000000,1,-83.7,-83.7,0,0,
08/27/2026,05:53:43:477,0.000000,0.000000,3,-125.45,-125.45,0,0,
08/27/2026,05:53:43:557,0.000000,0.000000,2,-124.27,-124.27,0,0,
08/27/2026,05:53:43:590,0.000000,0.000000,4,-124.74,-124.74,0,0,
08/27/2026,05:53:43:694,0.000000,0.000000,1,-78.4,-78.4,0,0,
08/27/2026,05:53:43:770,0.000000,0.000000,3,-125.31,-125.31,0,0,
08/27/2026,05:53:43:860,0.000000,0.000000,2,-120.68,-120.68,0,0,
08/27/2026,05:53:43:865,0.000000,0.000000,4,-126.87,-126.87,0,0,
08/27/2026,05:53:43:965,0.000000,0.000000,1,-87.75,-87.75,0,0,
08/27/2026,05:53:44:042,0.000000,0.000000,3,-121.39,-121.39,0,0,
08/27/2026,05:53:44:109,0.000000,0.000000,2,-120.27,-120.27,0,0,
08/27/2026,05:53:44:145,0.000000,0.000000,4,-125.59,-125.59,0,0,
08/27/2026,05:53:44:300,0.000000,0.000000,1,-78.63,-78.63,0,0,
08/27/2026,05:53:44:350,0.000000,0.000000,3,-122.87,-122.87,0,0,
08/27/2026,05:53:44:385,0.000000,0.000000,2,-120.59,-120.59,0,0,
08/27/2026,05:53:44:415,0.000000,0.000000,4,-126.89,-126.89,0,0,
08/27/2026,05:53:44:520,0.000000,0.000000,1,-81.73,-81.73,0,0,
08/27/2026,05:53:44:595,0.000000,0.000000,3,-124.07,-124.07,0,0,
08/27/2026,05:53:44:663,0.000000,0.000000,2,-122.18,-122.18,0,0,
08/27/2026,05:53:44:694,0.000000,0.000000,4,-126.35,-126.35,0,0,
08/27/2026,05:53:44:806,0.000000,0.000000,1,-80.14,-80.14,0,0,
08/27/2026,05:53:44:875,0.000000,0.000000,3,-123.37,-123.37,0,0,
08/27/2026,05:53:44:958,0.000000,0.000000,2,-123.5,-123.5,0,0,
08/27/2026,05:53:44:975,0.000000,0.000000,4,-124.83,-124.83,0,0,
08/27/2026,05:53:45:088,0.000000,0.000000,1,-80.87,-80.87,0,0,
08/27/2026,05:53:45:175,0.000000,0.000000,3,-123.65,-123.65,0,0,
08/27/2026,05:53:45:218,0.000000,0.000000,2,-126.94,-126.94,0,0,
08/27/2026,05:53:45:280,0.000000,0.000000,4,-123.72,-123.72,0,0,
08/27/2026,05:53:45:357,0.000000,0.000000,1,-76.01,-76.01,0,0,
08/27/2026,05:53:45:443,0.000000,0.000000,3,-124.61,-124.61,0,0,
08/27/2026,05:53:45:523,0.000000,0.000000,2,-123.2,-123.2,0,0,
08/27/2026,05:53:45:531,0.000000,0.000000,4,-126.21,-126.21,0,0,
08/27/2026,05:53:45:650,0.000000,0.000000,1,-83.1,-83.1,0,0,
08/27/2026,05:53:45:714,0.000000,0.000000,3,-125.61,-125.61,0,0,
08/27/2026,05:53:45:776,0.000000,0.000000,2,-121.55,-121.55,0,0,
08/27/2026,05:53:45:811,0.000000,0.000000,4,-126.45,-126.45,0,0,
08/27/2026,05:53:45:922,0.000000,0.000000,1,-81.03,-81.03,0,0,
08/27/2026,05:53:45:987,0.000000,0.000000,3,-121.88,-121.88,0,0,
08/27/2026,05:53:46:057,0.000000,0.000000,2,-126.7,-126.7,0,0,
08/27/2026,05:53:46:095,0.000000,0.000000,4,-126.88,-126.88,0,0,
08/27/2026,05:53:46:193,0.000000,0.000000,1,-82,-82,0,0,
08/27/2026,05:53:46:266,0.000000,0.000000,3,-123.48,-123.48,0,0,
08/27/2026,05:53:46:335,0.000000,0.000000,2,-123.83,-123.83,0,0,
08/27/2026,05:53:46:367,0.000000,0.000000,4,-125.03,-125.03,0,0,
08/27/2026,05:53:46:480,0.000000,0.000000,1,-88.41,-88.41,0,0,
08/27/2026,05:53:46:560,0.000000,0.000000,3,-125.56,-125.56,0,0,
08/27/2026,05:53:46:620,0.000000,0.000000,2,-124.24,-124.24,0,0,
08/27/2026,05:53:46:650,0.000000,0.000000,4,-125.36,-125.36,0,0,
08/27/2026,05:53:46:755,0.000000,0.000000,1,-73.64,-73.64,0,0,
08/27/2026,05:53:46:820,0.000000,0.000000,3,-125.47,-125.47,0,0,
08/27/2026,05:53:46:913,0.000000,0.000000,2,-124.53,-124.53,0,0,
08/27/2026,05:53:46:924,0.000000,0.000000,4,-125.89,-125.89,0,0,
08/27/2026,05:53:47:036,0.000000,0.000000,1,-78.77,-78.77,0,0,
08/27/2026,05:53:47:101,0.000000,0.000000,3,-126.65,-126.65,0,0,
08/27/2026,05:53:47:177,0.000000,0.000000,2,-124.84,-124.84,0,0,
08/27/2026,05:53:47:211,0.000000,0.000000,4,-122.37,-122.37,0,0,
08/27/2026,05:53:47:313,0.000000,0.000000,1,-74.99,-74.99,0,0,
08/27/2026,05:53:47:402,0.000000,0.000000,3,-124.91,-124.91,0,0,
08/27/2026,05:53:47:447,0.000000,0.000000,2,-125.79,-125.79,0,0,
08/27/2026,05:53:47:482,0.000000,0.000000,4,-124.88,-124.88,0,0,
08/27/2026,05:53:47:612,0.000000,0.000000,1,-74.67,-74.67,0,0,
08/27/2026,05:53:47:661,0.000000,0.000000,3,-121.18,-121.18,0,0,
08/27/2026,05:53:47:735,0.000000,0.000000,2,-121.18,-121.18,0,0,
08/27/2026,05:53:47:763,0.000000,0.000000,4,-126.47,-126.47,0,0,
08/27/2026,05:53:47:872,0.000000,0.000000,1,-73.92,-73.92,0,0,
08/27/2026,05:53:47:939,0.000000,0.000000,3,-125.17,-125.17,0,0,
08/27/2026,05:53:48:005,0.000000,0.000000,2,-124.53,-124.53,0,0,
08/27/2026,05:53:48:042,0.000000,0.000000,4,-122.72,-122.72,0,0,
08/27/2026,05:53:48:152,0.000000,0.000000,1,-87.59,-87.59,0,0,
08/27/2026,05:53:48:220,0.000000,0.000000,3,-123.2,-123.2,0,0,
08/27/2026,05:53:48:286,0.000000,0.000000,2,-120.68,-120.68,0,0,
08/27/2026,05:53:48:341,0.000000,0.000000,4,-124.95,-124.95,0,0,
08/27/2026,05:53:48:424,0.000000,0.000000,1,-80.34,-80.34,0,0,
08/27/2026,05:53:48:496,0.000000,0.000000,3,-125.38,-125.38,0,0,
08/27/2026,05:53:48:575,0.000000,0.000000,2,-125.38,-125.38,0,0,
08/27/2026,05:53:48:602,0.000000,0.000000,4,-124.17,-124.17,0,0,
08/27/2026,05:53:48:712,0.000000,0.000000,1,-80.52,-80.52,0,0,
08/27/2026,05:53:48:774,0.000000,0.000000,3,-125.92,-125.92,0,0,
08/27/2026,05:53:48:848,0.000000,0.000000,2,-124.81,-124.81,0,0,
08/27/2026,05:53:48:884,0.000000,0.000000,4,-124.4,-124.4,0,0,
08/27/2026,05:53:48:986,0.000000,0.000000,1,-75.53,-75.53,0,0,
08/27/2026,05:53:49:062,0.000000,0.000000,3,-122.8,-122.8,0,0,
08/27/2026,05:53:49:131,0.000000,0.000000,2,-116.1,-116.1,0,0,
08/27/2026,05:53:49:169,0.000000,0.000000,4,-127.79,-127.79,0,0,
08/27/2026,05:53:49:269,0.000000,0.000000,1,-85.85,-85.85,0,0,
08/27/2026,05:53:49:429,0.000000,0.000000,3,-117.03,-117.03,0,0,
08/27/2026,05:53:49:466,0.000000,0.000000,2,-124.7,-124.7,0,0,
08/27/2026,05:53:49:470,0.000000,0.000000,4,-124.37,-124.37,0,0,
08/27/2026,05:53:49:550,0.000000,0.000000,1,-73.7,-73.7,0,0,
08/27/2026,05:53:49:616,0.000000,0.000000,3,-126.01,-126.01,0,0,
08/27/2026,05:53:49:696,0.000000,0.000000,2,-117.85,-117.85,0,0,
08/27/2026,05:53:49:718,0.000000,0.000000,4,-125.78,-125.78,0,0,
08/27/2026,05:53:49:827,0.000000,0.000000,1,-82.29,-82.29,0,0,
08/27/2026,05:53:49:889,0.000000,0.000000,3,-125.73,-125.73,0,0,
08/27/2026,05:53:49:960,0.000000,0.000000,2,-122.75,-122.75,0,0,
08/27/2026,05:53:49:996,0.000000,0.000000,4,-124.24,-124.24,0,0,
08/27/2026,05:53:50:119,0.000000,0.000000,1,-75.78,-75.78,0,0,
08/27/2026,05:53:50:174,0.000000,0.000000,3,-121.17,-121.17,0,0,
08/27/2026,05:53:50:242,0.000000,0.000000,2,-120.29,-120.29,0,0,
08/27/2026,05:53:50:270,0.000000,0.000000,4,-126.11,-126.11,0,0,
08/27/2026,05:53:50:399,0.000000,0.000000,1,-79.38,-79.38,0,0,
08/27/2026,05:53:50:460,0.000000,0.000000,3,-123.5,-123.5,0,0,
08/27/2026,05:53:50:516,0.000000,0.000000,2,-122.33,-122.33,0,0,
08/27/2026,05:53:50:549,0.000000,0.000000,4,-125.41,-125.41,0,0,
08/27/2026,05:53:50:656,0.000000,0.000000,1,-79.99,-79.99,0,0,
08/27/2026,05:53:50:746,0.000000,0.000000,3,-125.11,-125.11,0,0,
08/27/2026,05:53:50:796,0.000000,0.000000,2,-124.66,-124.66,0,0,
08/27/2026,05:53:50:843,0.000000,0.000000,4,-125.32,-125.32,0,0,
08/27/2026,05:53:50:956,0.000000,0.000000,1,-79.25,-79.25,0,0,
08/27/2026,05:53:51:022,0.000000,0.000000,3,-124.03,-124.03,0,0,
08/27/2026,05:53:51:084,0.000000,0.000000,2,-122.55,-122.55,0,0,
08/27/2026,05:53:51:149,0.000000,0.000000,4,-126.35,-126.35,0,0,
08/27/2026,05:53:51:251,0.000000,0.000000,1,-87.53,-87.53,0,0,
08/27/2026,05:53:51:294,0.000000,0.000000,3,-120.66,-120.66,0,0,
08/27/2026,05:53:51:378,0.000000,0.000000,2,-123.09,-123.09,0,0,
08/27/2026,05:53:51:386,0.000000,0.000000,4,-125.21,-125.21,0,0,
08/27/2026,05:53:51:496,0.000000,0.000000,1,-80.62,-80.62,0,0,
08/27/2026,05:53:51:561,0.000000,0.000000,3,-123.73,-123.73,0,0,
